run,direction,dimension,bucket,trades,closed_accounted_trades,unresolved,spanning_unknown_exposure,coverage_status,execution_accounting_status,metric_status,full_period_accounted,PF,full_PF,PF_null_reason,full_PF_null_reason,Net,net_model_c1,Net_null_reason,Drawdown,full_Drawdown,Drawdown_null_reason,net_PF_closed_diagnostic,net_PF_closed_diagnostic_null_reason,gross_PF_closed_diagnostic,closed_only_gross,closed_only_c1,closed_only_net_c1,net_expectancy_closed_diagnostic,net_win_rate_closed_diagnostic,closed_only_drawdown_price_units,closed_subset_outcome,exit_reasons,metric_basis,median_mfe_pre_exit_lower_bound_R,mean_mfe_pre_exit_lower_bound_R,median_mae_pre_exit_lower_bound_R,mean_mae_pre_exit_lower_bound_R,median_net_R,mean_net_R,median_projected_cost_R,mean_projected_cost_R,median_entry_drift_atr,mean_entry_drift_atr,excursion_denominator,profit_to_loss_confirmed,stop_within_10m,winners_median_hold,losers_median_hold,confirmed_0.5R_count,confirmed_0.5R_share,terminal_ambiguous_0.5R_count,confirmed_1R_count,confirmed_1R_share,terminal_ambiguous_1R_count,confirmed_2R_count,confirmed_2R_share,terminal_ambiguous_2R_count,confirmed_3R_count,confirmed_3R_share,terminal_ambiguous_3R_count
MOMENTUM_CNYRUBF,ALL,ALL,ALL,313,300,13,False,PARTIAL_COVERAGE,UNRESOLVED,UNRESOLVED,False,,,UNRESOLVED,UNRESOLVED,,,UNRESOLVED,,,UNRESOLVED,0.3714627341570346751693901953,,0.9587709062621548035783741735,-0.106,3.048,-3.154,-0.01051333333333333333333333333,0.22,3.388,NEGATIVE,"{'STOP': 203, 'SESSION_FLAT': 40, 'TAKE': 42, 'MAX_HOLD': 15, 'UNKNOWN_PATH_CONDITIONAL_REDUCE_ALL': 13}",Declared conditional M5 model; full fields require full approved-window period coverage; closed diagnostics omit all unknown trades,0.5,1.127397158347563818702213352,0,0.2653589965121696409752571425,-1.292857142857142857142857143,-0.9532421305299997433008127313,0.6666666666666666666666666667,0.9010483051517057707293687022,-0.1967213114754098360655737705,-0.3332444087319563372565118003,300,92,149,40.0,5.0,161,0.5366666666666666666666666667,33,130,0.4333333333333333333333333333,28,70,0.2333333333333333333333333333,23,36,0.12,15
MOMENTUM_CNYRUBF,ALL,exit_reason,MAX_HOLD,15,15,0,False,PARTIAL_COVERAGE,ACCOUNTED,PARTIAL_COVERAGE,False,,,PARTIAL_COVERAGE,PARTIAL_COVERAGE,,,PARTIAL_COVERAGE,,,PARTIAL_COVERAGE,14.21052631578947368421052632,,75.2,0.371,0.120,0.251,0.01673333333333333333333333333,0.7333333333333333333333333333,0.01,POSITIVE,{'MAX_HOLD': 15},Declared conditional M5 model; full fields require full approved-window period coverage; closed diagnostics omit all unknown trades,1.9,2.219694989106753812636165577,0.5,0.5193569872393401805166511048,0.6666666666666666666666666667,0.8585938375350140056022408967,0.2,0.4038643012760659819483348896,0E+27,-0.2355602139614538776016230041,15,3,0,90.0,90.0,15,1,0,14,0.9333333333333333333333333333,0,6,0.4,0,3,0.2,0
MOMENTUM_CNYRUBF,ALL,exit_reason,SESSION_FLAT,40,40,0,False,PARTIAL_COVERAGE,ACCOUNTED,PARTIAL_COVERAGE,False,,,PARTIAL_COVERAGE,PARTIAL_COVERAGE,,,PARTIAL_COVERAGE,,,PARTIAL_COVERAGE,0.5145631067961165048543689320,,4.317073170731707317073170732,0.272,0.422,-0.150,-0.00375,0.325,0.21,NEGATIVE,{'SESSION_FLAT': 40},Declared conditional M5 model; full fields require full approved-window period coverage; closed diagnostics omit all unknown trades,1.242647058823529411764705882,1.690484949418772948184712890,0.5,0.3976104432060314413255589725,-0.2079772079772079772079772080,-0.1418745105656870362752715696,0.45,0.7437322002616120263179086705,-0.1092353525322740814299900695,-0.2255052296208840759170436228,40,21,0,40.0,30.0,37,0.925,0,28,0.7,0,15,0.375,0,7,0.175,0
MOMENTUM_CNYRUBF,ALL,exit_reason,STOP,203,203,0,False,PARTIAL_COVERAGE,ACCOUNTED,PARTIAL_COVERAGE,False,,,PARTIAL_COVERAGE,PARTIAL_COVERAGE,,,PARTIAL_COVERAGE,,,PARTIAL_COVERAGE,0E+3,,0E+3,-2.484,2.206,-4.690,-0.02310344827586206896551724138,0,4.690,NEGATIVE,{'STOP': 203},Declared conditional M5 model; full fields require full approved-window period coverage; closed diagnostics omit all unknown trades,0,0.5644283743985621157634229438,0,0.2340566540993384362158094024,-2,-2.022624006788909292929714274,1,1.019257832733080064686692928,-0.3870967741935483870967741936,-0.4030175767150353063356228863,203,68,149,,5.0,68,0.3349753694581280788177339901,32,49,0.2413793103448275862068965517,25,22,0.1083743842364532019704433498,10,10,0.04926108374384236453201970443,3
MOMENTUM_CNYRUBF,ALL,exit_reason,TAKE,42,42,0,False,PARTIAL_COVERAGE,ACCOUNTED,PARTIAL_COVERAGE,False,,,PARTIAL_COVERAGE,PARTIAL_COVERAGE,,,PARTIAL_COVERAGE,,,PARTIAL_COVERAGE,,NO_LOSSES,,1.735,0.300,1.435,0.03416666666666666666666666667,1,0,POSITIVE,{'TAKE': 42},Declared conditional M5 model; full fields require full approved-window period coverage; closed diagnostics omit all unknown trades,2.2,2.922032492571638356994241633,0.0972222222222222222222222222,0.1999863246346149852379930618,2,2.795621597113117496225367321,0.2361111111111111111111111111,0.5709093715411868807528341760,0E+27,-0.2073271551982041457575971125,42,0,0,25.0,,41,0.9761904761904761904761904762,1,39,0.9285714285714285714285714286,3,27,0.6428571428571428571428571429,13,16,0.3809523809523809523809523810,12
MOMENTUM_CNYRUBF,ALL,exit_reason,UNKNOWN_PATH_CONDITIONAL_REDUCE_ALL,13,0,13,False,PARTIAL_COVERAGE,UNRESOLVED,UNRESOLVED,False,,,UNRESOLVED,UNRESOLVED,,,UNRESOLVED,,,UNRESOLVED,,NO_CLOSED_TRADES,,,,,,,,NO_CLOSED_TRADES,{'UNKNOWN_PATH_CONDITIONAL_REDUCE_ALL': 13},Declared conditional M5 model; full fields require full approved-window period coverage; closed diagnostics omit all unknown trades,,,,,,,1,1.17948717948717948717948718,-0E+27,-0.09473684210526315789473684208,0,0,0,,,0,,0,0,,0,0,,0,0,,0
MOMENTUM_CNYRUBF,ALL,time_bucket,11:00,22,20,2,False,PARTIAL_COVERAGE,UNRESOLVED,UNRESOLVED,False,,,UNRESOLVED,UNRESOLVED,,,UNRESOLVED,,,UNRESOLVED,0.7157894736842105263157894737,,1.682119205298013245033112583,0.103,0.184,-0.081,-0.00405,0.35,0.168,NEGATIVE,"{'STOP': 12, 'TAKE': 4, 'MAX_HOLD': 4, 'UNKNOWN_PATH_CONDITIONAL_REDUCE_ALL': 2}",Declared conditional M5 model; full fields require full approved-window period coverage; closed diagnostics omit all unknown trades,1.075,1.284665365281160324814968081,0.3205128205128205128205128205,0.3063380724795973054196883459,-1.267857142857142857142857143,-0.5137681167496406935510912935,0.6666666666666666666666666665,0.8134755850317187295756834523,-0.3759740259740259740259740260,-0.3672570809773364038507521814,20,5,7,70.0,10.0,11,0.55,3,10,0.5,3,6,0.3,2,3,0.15,1
MOMENTUM_CNYRUBF,ALL,time_bucket,11:30,32,30,2,False,PARTIAL_COVERAGE,UNRESOLVED,UNRESOLVED,False,,,UNRESOLVED,UNRESOLVED,,,UNRESOLVED,,,UNRESOLVED,0.4628571428571428571428571429,,1.045283018867924528301886792,0.012,0.294,-0.282,-0.0094,0.2333333333333333333333333333,0.42,NEGATIVE,"{'STOP': 22, 'MAX_HOLD': 3, 'UNKNOWN_PATH_CONDITIONAL_REDUCE_ALL': 2, 'TAKE': 5}",Declared conditional M5 model; full fields require full approved-window period coverage; closed diagnostics omit all unknown trades,0.892857142857142857142857143,1.497789802789802789802789803,0.2321428571428571428571428572,0.254541847041847041847041847,-1.476190476190476190476190476,-0.7407215007215007215007215013,0.6666666666666666666666666665,0.9040223665223665223665223669,-0.1109243697478991596638655462,-0.3590240069303936498550130238,30,10,11,70.0,12.5,18,0.6,0,15,0.5,0,10,0.3333333333333333333333333333,2,5,0.1666666666666666666666666667,1
MOMENTUM_CNYRUBF,ALL,time_bucket,12:00,28,27,1,False,PARTIAL_COVERAGE,UNRESOLVED,UNRESOLVED,False,,,UNRESOLVED,UNRESOLVED,,,UNRESOLVED,,,UNRESOLVED,0.2374517374517374517374517375,,0.7800829875518672199170124481,-0.053,0.342,-0.395,-0.01462962962962962962962962963,0.1851851851851851851851851852,0.395,NEGATIVE,"{'STOP': 20, 'TAKE': 4, 'UNKNOWN_PATH_CONDITIONAL_REDUCE_ALL': 1, 'MAX_HOLD': 1, 'SESSION_FLAT': 2}",Declared conditional M5 model; full fields require full approved-window period coverage; closed diagnostics omit all unknown trades,0.5,0.9096221679555012888346221678,0,0.2595475512142178808845475513,-2,-1.558635191968525301858635192,1,1.204755363683935112506541078,0E+2,-0.2463118844071591219767145088,27,9,13,45.0,7.5,14,0.5185185185185185185185185185,3,11,0.4074074074074074074074074074,3,6,0.2222222222222222222222222222,2,3,0.1111111111111111111111111111,2
MOMENTUM_CNYRUBF,ALL,time_bucket,12:30,21,18,3,False,PARTIAL_COVERAGE,UNRESOLVED,UNRESOLVED,False,,,UNRESOLVED,UNRESOLVED,,,UNRESOLVED,,,UNRESOLVED,0.8229166666666666666666666667,,2,0.110,0.144,-0.034,-0.001888888888888888888888888889,0.3333333333333333333333333333,0.093,NEGATIVE,"{'TAKE': 6, 'STOP': 8, 'UNKNOWN_PATH_CONDITIONAL_REDUCE_ALL': 3, 'SESSION_FLAT': 4}",Declared conditional M5 model; full fields require full approved-window period coverage; closed diagnostics omit all unknown trades,0.75,1.355436158841731597149553806,0,0.197698706522235934000639883,-0.8823529411764705882352941175,-0.1368381360641422560927204889,0.3333333333333333333333333333,0.8374046490145561352991693543,0E+27,-0.1670502012776939201067409587,18,2,7,27.5,0.0,10,0.5555555555555555555555555556,2,9,0.5,1,5,0.2777777777777777777777777778,2,2,0.1111111111111111111111111111,1
MOMENTUM_CNYRUBF,ALL,time_bucket,13:00,33,33,0,False,PARTIAL_COVERAGE,ACCOUNTED,PARTIAL_COVERAGE,False,,,PARTIAL_COVERAGE,PARTIAL_COVERAGE,,,PARTIAL_COVERAGE,,,PARTIAL_COVERAGE,0.09075630252100840336134453782,,0.6104417670682730923694779116,-0.097,0.444,-0.541,-0.01639393939393939393939393939,0.1212121212121212121212121212,0.555,NEGATIVE,"{'SESSION_FLAT': 15, 'STOP': 16, 'TAKE': 2}",Declared conditional M5 model; full fields require full approved-window period coverage; closed diagnostics omit all unknown trades,1,1.346807821807821807821807822,0,0.2491924741924741924741924742,-1.333333333333333333333333333,-1.078814703814703814703814704,1,1.115120065120065120065120065,0E+27,-0.2714430935151967608697863760,33,16,13,22.5,15.0,22,0.6666666666666666666666666667,4,17,0.5151515151515151515151515152,5,10,0.3030303030303030303030303030,4,5,0.1515151515151515151515151515,1
MOMENTUM_CNYRUBF,ALL,time_bucket,15:00,9,9,0,False,PARTIAL_COVERAGE,ACCOUNTED,PARTIAL_COVERAGE,False,,,PARTIAL_COVERAGE,PARTIAL_COVERAGE,,,PARTIAL_COVERAGE,,,PARTIAL_COVERAGE,0E+3,,0E+3,-0.075,0.072,-0.147,-0.01633333333333333333333333333,0,0.147,NEGATIVE,{'STOP': 9},Declared conditional M5 model; full fields require full approved-window period coverage; closed diagnostics omit all unknown trades,1,1.090598290598290598290598291,0.2,0.2221001221001221001221001221,-1.4,-1.874765974765974765974765974,0.4,0.8747659747659747659747659748,-0.4799999999999999999999999998,-0.5173237616082569744475613814,9,6,7,,5.0,6,0.6666666666666666666666666667,2,5,0.5555555555555555555555555556,1,1,0.1111111111111111111111111111,0,1,0.1111111111111111111111111111,0
MOMENTUM_CNYRUBF,ALL,time_bucket,15:30,21,21,0,False,PARTIAL_COVERAGE,ACCOUNTED,PARTIAL_COVERAGE,False,,,PARTIAL_COVERAGE,PARTIAL_COVERAGE,,,PARTIAL_COVERAGE,,,PARTIAL_COVERAGE,0.3479212253829321663019693654,,0.8353909465020576131687242798,-0.040,0.258,-0.298,-0.01419047619047619047619047619,0.1904761904761904761904761905,0.31,NEGATIVE,"{'STOP': 17, 'TAKE': 3, 'MAX_HOLD': 1}",Declared conditional M5 model; full fields require full approved-window period coverage; closed diagnostics omit all unknown trades,0,1.165064102564102564102564102,0,0.2320054945054945054945054946,-1.666666666666666666666666667,-0.9629873829873829873829873829,0.6666666666666666666666666667,0.9530667480667480667480667481,-0.5714285714285714285714285714,-0.431488846396548608640137134,21,5,13,25.0,0.0,9,0.4285714285714285714285714286,1,9,0.4285714285714285714285714286,1,5,0.2380952380952380952380952381,1,3,0.1428571428571428571428571429,1
MOMENTUM_CNYRUBF,ALL,time_bucket,16:00,41,40,1,False,PARTIAL_COVERAGE,UNRESOLVED,UNRESOLVED,False,,,UNRESOLVED,UNRESOLVED,,,UNRESOLVED,,,UNRESOLVED,0.7732342007434944237918215613,,2.145038167938931297709923664,0.300,0.422,-0.122,-0.00305,0.35,0.26,NEGATIVE,"{'TAKE': 12, 'MAX_HOLD': 4, 'STOP': 24, 'UNKNOWN_PATH_CONDITIONAL_REDUCE_ALL': 1}",Declared conditional M5 model; full fields require full approved-window period coverage; closed diagnostics omit all unknown trades,0.4166666666666666666666666666,1.118645167002655715604743936,0,0.238132222879376579566332887,-1.202020202020202020202020202,-0.6436264588047778520853178965,1,0.9879316370815134785304095059,0E+27,-0.2868527125392257275354644571,40,6,19,42.5,2.5,20,0.5,5,18,0.45,5,12,0.3,3,5,0.125,5
MOMENTUM_CNYRUBF,ALL,time_bucket,16:30,23,21,2,False,PARTIAL_COVERAGE,UNRESOLVED,UNRESOLVED,False,,,UNRESOLVED,UNRESOLVED,,,UNRESOLVED,,,UNRESOLVED,0.2773972602739726027397260274,,0.4728260869565217391304347826,-0.097,0.114,-0.211,-0.01004761904761904761904761905,0.1428571428571428571428571429,0.228,NEGATIVE,"{'STOP': 18, 'UNKNOWN_PATH_CONDITIONAL_REDUCE_ALL': 2, 'TAKE': 1, 'MAX_HOLD': 2}",Declared conditional M5 model; full fields require full approved-window period coverage; closed diagnostics omit all unknown trades,0,0.5427793339558045440398381576,0.08333333333333333333333333333,0.2411217820461517940509537148,-1.333333333333333333333333333,-1.221923880663376461695789427,0.3333333333333333333333333333,0.5639418666017131490277270326,-0.3555555555555555555555555556,-0.4044477458004219714455745495,21,5,14,90.0,0.0,8,0.3809523809523809523809523810,2,7,0.3333333333333333333333333333,1,0,0,2,0,0,0
MOMENTUM_CNYRUBF,ALL,time_bucket,17:00,28,26,2,False,PARTIAL_COVERAGE,UNRESOLVED,UNRESOLVED,False,,,UNRESOLVED,UNRESOLVED,,,UNRESOLVED,,,UNRESOLVED,0.3797468354430379746835443038,,0.6970684039087947882736156352,-0.093,0.250,-0.343,-0.01319230769230769230769230769,0.07692307692307692307692307692,0.445,NEGATIVE,"{'STOP': 23, 'UNKNOWN_PATH_CONDITIONAL_REDUCE_ALL': 2, 'TAKE': 2, 'SESSION_FLAT': 1}",Declared conditional M5 model; full fields require full approved-window period coverage; closed diagnostics omit all unknown trades,0.2222222222222222222222222222,0.7672003922003922003922003923,0.4272727272727272727272727272,0.3725605768874999644230413461,-1.4,-1.223649889996043842197688352,0.45,0.7366611893397607683321969032,-0.1976829839951784638049956472,-0.3177864407453752896814332691,26,10,18,25.0,5.0,12,0.4615384615384615384615384615,4,7,0.2692307692307692307692307692,3,3,0.1153846153846153846153846154,0,2,0.07692307692307692307692307692,0
MOMENTUM_CNYRUBF,ALL,time_bucket,17:30,35,35,0,False,PARTIAL_COVERAGE,ACCOUNTED,PARTIAL_COVERAGE,False,,,PARTIAL_COVERAGE,PARTIAL_COVERAGE,,,PARTIAL_COVERAGE,,,PARTIAL_COVERAGE,0.1935483870967741935483870968,,0.6285714285714285714285714286,-0.117,0.358,-0.475,-0.01357142857142857142857142857,0.2857142857142857142857142857,0.483,NEGATIVE,"{'STOP': 22, 'SESSION_FLAT': 11, 'TAKE': 2}",Declared conditional M5 model; full fields require full approved-window period coverage; closed diagnostics omit all unknown trades,0.5,1.063419913419913419913419913,0,0.2654514533085961657390228818,-1.285714285714285714285714286,-1.112011956297670583384869099,0.6666666666666666666666666667,0.941657390228818800247371676,-0.4337349397590361445783132530,-0.3902569707420511713715900803,35,9,17,42.5,10.0,19,0.5428571428571428571428571429,6,15,0.4285714285714285714285714286,4,7,0.2,4,5,0.1428571428571428571428571429,2
MOMENTUM_CNYRUBF,ALL,time_bucket,18:00,20,20,0,False,PARTIAL_COVERAGE,ACCOUNTED,PARTIAL_COVERAGE,False,,,PARTIAL_COVERAGE,PARTIAL_COVERAGE,,,PARTIAL_COVERAGE,,,PARTIAL_COVERAGE,0.3119266055045871559633027523,,0.6508875739644970414201183432,-0.059,0.166,-0.225,-0.01125,0.2,0.243,NEGATIVE,"{'SESSION_FLAT': 7, 'STOP': 12, 'TAKE': 1}",Declared conditional M5 model; full fields require full approved-window period coverage; closed diagnostics omit all unknown trades,0.5,1.329851398601398601398601398,0.2890442890442890442890442890,0.3308865578865578865578865579,-1.202020202020202020202020202,-0.7046052836052836052836052835,0.325,0.606882672882672882672882673,-0.3589495250512199664742037624,-0.4018606770216361101079869048,20,9,10,25.0,10.0,12,0.6,1,7,0.35,1,5,0.25,1,2,0.1,1
MOMENTUM_CNYRUBF,ALL,session_half,AM,136,128,8,False,PARTIAL_COVERAGE,UNRESOLVED,UNRESOLVED,False,,,UNRESOLVED,UNRESOLVED,,,UNRESOLVED,,,UNRESOLVED,0.3697399527186761229314420804,,1.073818897637795275590551181,0.075,1.408,-1.333,-0.0104140625,0.2265625,1.548,NEGATIVE,"{'STOP': 78, 'SESSION_FLAT': 21, 'TAKE': 21, 'UNKNOWN_PATH_CONDITIONAL_REDUCE_ALL': 8, 'MAX_HOLD': 8}",Declared conditional M5 model; full fields require full approved-window period coverage; closed diagnostics omit all unknown trades,0.875,1.281478975804102448404136569,0.04166666666666666666666666666,0.2543181961670557446199037170,-1.285714285714285714285714286,-0.8800322594908422278212615258,1,0.9922263864767025861765325051,-0E+27,-0.2862561255846141068115403052,128,42,51,35.0,10.0,75,0.5859375,12,62,0.484375,12,37,0.2890625,12,18,0.140625,6
MOMENTUM_CNYRUBF,ALL,session_half,PM,177,172,5,False,PARTIAL_COVERAGE,UNRESOLVED,UNRESOLVED,False,,,UNRESOLVED,UNRESOLVED,,,UNRESOLVED,,,UNRESOLVED,0.3727178780571822252841887702,,0.8836012861736334405144694534,-0.181,1.640,-1.821,-0.01058720930232558139534883721,0.2151162790697674418604651163,1.84,NEGATIVE,"{'STOP': 125, 'TAKE': 21, 'MAX_HOLD': 7, 'SESSION_FLAT': 19, 'UNKNOWN_PATH_CONDITIONAL_REDUCE_ALL': 5}",Declared conditional M5 model; full fields require full approved-window period coverage; closed diagnostics omit all unknown trades,0.4772727272727272727272727272,1.012731619775256001249619329,0,0.2735754060713241684955201567,-1.316666666666666666666666666,-1.007723895024256499006525256,0.5,0.8309905703483183871089490554,-0.3486682808716707021791767554,-0.3693484003027955651690322715,172,50,98,40.0,5.0,86,0.5,21,68,0.3953488372093023255813953488,16,33,0.1918604651162790697674418605,11,18,0.1046511627906976744186046512,9
MOMENTUM_CNYRUBF,ALL,net_outcome,LOSS,229,229,0,False,PARTIAL_COVERAGE,ACCOUNTED,PARTIAL_COVERAGE,False,,,PARTIAL_COVERAGE,PARTIAL_COVERAGE,,,PARTIAL_COVERAGE,,,PARTIAL_COVERAGE,0E+3,,0.03150525087514585764294049008,-2.490,2.528,-5.018,-0.02191266375545851528384279476,0,5.018,NEGATIVE,"{'STOP': 203, 'SESSION_FLAT': 23, 'MAX_HOLD': 3}",Declared conditional M5 model; full fields require full approved-window period coverage; closed diagnostics omit all unknown trades,0.1,0.6578505710876935670312785847,0,0.2565190403290335595919502590,-1.666666666666666666666666667,-1.882961116075187110731542805,1,1.004384082753740740222752569,-0.3185840707964601769911504425,-0.3802389524477624478139677858,229,92,149,,5.0,92,0.4017467248908296943231441048,32,67,0.2925764192139737991266375546,25,28,0.1222707423580786026200873362,10,14,0.06113537117903930131004366812,3
MOMENTUM_CNYRUBF,ALL,net_outcome,UNKNOWN,13,0,13,False,PARTIAL_COVERAGE,UNRESOLVED,UNRESOLVED,False,,,UNRESOLVED,UNRESOLVED,,,UNRESOLVED,,,UNRESOLVED,,NO_CLOSED_TRADES,,,,,,,,NO_CLOSED_TRADES,{'UNKNOWN_PATH_CONDITIONAL_REDUCE_ALL': 13},Declared conditional M5 model; full fields require full approved-window period coverage; closed diagnostics omit all unknown trades,,,,,,,1,1.17948717948717948717948718,-0E+27,-0.09473684210526315789473684208,0,0,0,,,0,,0,0,,0,0,,0,0,,0
MOMENTUM_CNYRUBF,ALL,net_outcome,WIN,66,66,0,False,PARTIAL_COVERAGE,ACCOUNTED,PARTIAL_COVERAGE,False,,,PARTIAL_COVERAGE,PARTIAL_COVERAGE,,,PARTIAL_COVERAGE,,,PARTIAL_COVERAGE,,NO_LOSSES,,2.320,0.456,1.864,0.02824242424242424242424242424,1,0,POSITIVE,"{'TAKE': 42, 'SESSION_FLAT': 13, 'MAX_HOLD': 11}",Declared conditional M5 model; full fields require full approved-window period coverage; closed diagnostics omit all unknown trades,2.137770897832817337461300310,2.719814096387135683699054138,0.2207792207792207792207792208,0.2858997601946615407799254377,1.693333333333333333333333334,2.200385703366938263140598223,0.2222222222222222222222222222,0.5130153491928145693298017220,-0.03571428571428571428571428572,-0.2345069961327504447054899923,66,0,0,40.0,,64,0.9696969696969696969696969697,1,59,0.8939393939393939393939393939,3,39,0.5909090909090909090909090909,13,22,0.3333333333333333333333333333,12
MOMENTUM_CNYRUBF,ALL,net_outcome,ZERO,5,5,0,False,PARTIAL_COVERAGE,ACCOUNTED,PARTIAL_COVERAGE,False,,,PARTIAL_COVERAGE,PARTIAL_COVERAGE,,,PARTIAL_COVERAGE,,,PARTIAL_COVERAGE,,NO_LOSSES,,0.064,0.064,0.000,0.000,0,0,ZERO_NET,"{'SESSION_FLAT': 4, 'MAX_HOLD': 1}",Declared conditional M5 model; full fields require full approved-window period coverage; closed diagnostics omit all unknown trades,2,1.612727272727272727272727273,0.5,0.3990909090909090909090909092,0,0,0.4,0.5663636363636363636363636364,0E+27,-0.1043478260869565217391304348,5,0,0,,,5,1,0,4,0.8,0,3,0.6,0,0,0,0
MOMENTUM_CNYRUBF,ALL,adx_regime,NOT_READY,169,161,8,False,PARTIAL_COVERAGE,UNRESOLVED,UNRESOLVED,False,,,UNRESOLVED,UNRESOLVED,,,UNRESOLVED,,,UNRESOLVED,0.4151278409090909090909090909,,1.124173401910360029390154298,0.169,1.816,-1.647,-0.01022981366459627329192546584,0.2360248447204968944099378882,1.878,NEGATIVE,"{'STOP': 115, 'TAKE': 28, 'MAX_HOLD': 14, 'UNKNOWN_PATH_CONDITIONAL_REDUCE_ALL': 8, 'SESSION_FLAT': 4}",Declared conditional M5 model; full fields require full approved-window period coverage; closed diagnostics omit all unknown trades,0.7142857142857142857142857143,1.139184980235386753343610477,0,0.2418936889447240038795181114,-1.5,-1.049197793214956201108415938,1,1.030609725487712905645137336,-0.1290322580645161290322580645,-0.3254453175761478702077367304,161,46,80,47.5,5.0,84,0.5217391304347826086956521739,15,74,0.4596273291925465838509316770,14,41,0.2546583850931677018633540373,10,21,0.1304347826086956521739130435,10
MOMENTUM_CNYRUBF,ALL,adx_regime,SUB_25,77,76,1,False,PARTIAL_COVERAGE,UNRESOLVED,UNRESOLVED,False,,,UNRESOLVED,UNRESOLVED,,,UNRESOLVED,,,UNRESOLVED,0.2867647058823529411764705882,,0.6825095057034220532319391635,-0.167,0.512,-0.679,-0.008934210526315789473684210526,0.1842105263157894736842105263,0.688,NEGATIVE,"{'SESSION_FLAT': 13, 'STOP': 54, 'UNKNOWN_PATH_CONDITIONAL_REDUCE_ALL': 1, 'TAKE': 8, 'MAX_HOLD': 1}",Declared conditional M5 model; full fields require full approved-window period coverage; closed diagnostics omit all unknown trades,0.3484848484848484848484848484,1.055606044712081863784650162,0.2222222222222222222222222222,0.3291185699835080640034200407,-1.285714285714285714285714286,-0.9472536124006712242006359653,0.4,0.7356687464135898054920209234,-0.3692307692307692307692307693,-0.4105407076458455931984381204,76,22,42,35.0,5.0,37,0.4868421052631578947368421053,14,28,0.3684210526315789473684210526,12,14,0.1842105263157894736842105263,11,9,0.1184210526315789473684210526,4
MOMENTUM_CNYRUBF,ALL,adx_regime,TREND_25_PLUS,67,63,4,False,PARTIAL_COVERAGE,UNRESOLVED,UNRESOLVED,False,,,UNRESOLVED,UNRESOLVED,,,UNRESOLVED,,,UNRESOLVED,0.3376,,0.8421052631578947368421052632,-0.108,0.720,-0.828,-0.01314285714285714285714285714,0.2222222222222222222222222222,0.97,NEGATIVE,"{'SESSION_FLAT': 23, 'STOP': 34, 'TAKE': 6, 'UNKNOWN_PATH_CONDITIONAL_REDUCE_ALL': 4}",Declared conditional M5 model; full fields require full approved-window period coverage; closed diagnostics omit all unknown trades,0.5555555555555555555555555556,1.183877877591327883725544544,0.08333333333333333333333333333,0.2484095827746621397415048210,-1.2,-0.7152463477609676440085796814,0.6666666666666666666666666667,0.7643072004658807486772922751,-0.1506276150627615062761506276,-0.2640836831940781017895664310,63,24,27,27.5,10.0,40,0.6349206349206349206349206349,4,28,0.4444444444444444444444444444,2,15,0.2380952380952380952380952381,2,6,0.09523809523809523809523809524,1
MOMENTUM_CNYRUBF,ALL,di_aligned,False,51,45,6,False,PARTIAL_COVERAGE,UNRESOLVED,UNRESOLVED,False,,,UNRESOLVED,UNRESOLVED,,,UNRESOLVED,,,UNRESOLVED,0.4166666666666666666666666667,,1.212307692307692307692307692,0.069,0.468,-0.399,-0.008866666666666666666666666667,0.2444444444444444444444444444,0.53,NEGATIVE,"{'STOP': 27, 'TAKE': 6, 'SESSION_FLAT': 11, 'UNKNOWN_PATH_CONDITIONAL_REDUCE_ALL': 6, 'MAX_HOLD': 1}",Declared conditional M5 model; full fields require full approved-window period coverage; closed diagnostics omit all unknown trades,0.4666666666666666666666666667,1.206790215956882623549290216,0,0.248627576127576127576127576,-1.3,-0.8208534675201341868008534673,1,0.9517992356227650345297404114,0E+2,-0.2876690604311356742980284718,45,10,21,30.0,7.5,22,0.4888888888888888888888888889,4,16,0.3555555555555555555555555556,3,12,0.2666666666666666666666666667,0,7,0.1555555555555555555555555556,2
MOMENTUM_CNYRUBF,ALL,di_aligned,None,24,23,1,False,PARTIAL_COVERAGE,UNRESOLVED,UNRESOLVED,False,,,UNRESOLVED,UNRESOLVED,,,UNRESOLVED,,,UNRESOLVED,0.2846347607052896725440806045,,0.7055837563451776649746192893,-0.058,0.226,-0.284,-0.01234782608695652173913043478,0.1739130434782608695652173913,0.301,NEGATIVE,"{'STOP': 19, 'MAX_HOLD': 2, 'UNKNOWN_PATH_CONDITIONAL_REDUCE_ALL': 1, 'TAKE': 2}",Declared conditional M5 model; full fields require full approved-window period coverage; closed diagnostics omit all unknown trades,1,1.105409173241433581851608133,0.2,0.2537113715281984088757172803,-1.4,-1.372676347669733329844450754,0.5833333333333333333333333335,0.885911970889151416534783675,-0.4309605488850771869639794168,-0.4231102477336299518524605679,23,11,12,80.0,5.0,14,0.6086956521739130434782608696,4,12,0.5217391304347826086956521739,3,4,0.1739130434782608695652173913,2,2,0.08695652173913043478260869565,1
MOMENTUM_CNYRUBF,ALL,di_aligned,True,238,232,6,False,PARTIAL_COVERAGE,UNRESOLVED,UNRESOLVED,False,,,UNRESOLVED,UNRESOLVED,,,UNRESOLVED,,,UNRESOLVED,0.3723647447294894589789179578,,0.9428989751098096632503660322,-0.117,2.354,-2.471,-0.01065086206896551724137931034,0.2198275862068965517241379310,2.61,NEGATIVE,"{'STOP': 157, 'SESSION_FLAT': 29, 'TAKE': 34, 'MAX_HOLD': 12, 'UNKNOWN_PATH_CONDITIONAL_REDUCE_ALL': 6}",Declared conditional M5 model; full fields require full approved-window period coverage; closed diagnostics omit all unknown trades,0.55,1.114177486214036444691202407,0.02,0.2697590365636267377047840706,-1.285714285714285714285714286,-0.9373391255353018017145820948,0.6666666666666666666666666665,0.8916994587999296448758018265,-0.2069575471698113207547169811,-0.3339484533844844341497045710,232,71,116,40.0,5.0,125,0.5387931034482758620689655172,25,102,0.4396551724137931034482758621,22,54,0.2327586206896551724137931034,21,27,0.1163793103448275862068965517,12
MOMENTUM_CNYRUBF,ALL,ema_aligned,None,313,300,13,False,PARTIAL_COVERAGE,UNRESOLVED,UNRESOLVED,False,,,UNRESOLVED,UNRESOLVED,,,UNRESOLVED,,,UNRESOLVED,0.3714627341570346751693901953,,0.9587709062621548035783741735,-0.106,3.048,-3.154,-0.01051333333333333333333333333,0.22,3.388,NEGATIVE,"{'STOP': 203, 'SESSION_FLAT': 40, 'TAKE': 42, 'MAX_HOLD': 15, 'UNKNOWN_PATH_CONDITIONAL_REDUCE_ALL': 13}",Declared conditional M5 model; full fields require full approved-window period coverage; closed diagnostics omit all unknown trades,0.5,1.127397158347563818702213352,0,0.2653589965121696409752571425,-1.292857142857142857142857143,-0.9532421305299997433008127313,0.6666666666666666666666666667,0.9010483051517057707293687022,-0.1967213114754098360655737705,-0.3332444087319563372565118003,300,92,149,40.0,5.0,161,0.5366666666666666666666666667,33,130,0.4333333333333333333333333333,28,70,0.2333333333333333333333333333,23,36,0.12,15
MOMENTUM_CNYRUBF,ALL,breakout_entry_class,EXTENDED_GT_1_ATR,48,47,1,False,PARTIAL_COVERAGE,UNRESOLVED,UNRESOLVED,False,,,UNRESOLVED,UNRESOLVED,,,UNRESOLVED,,,UNRESOLVED,0.2278481012658227848101265823,,0.6071428571428571428571428571,-0.220,0.634,-0.854,-0.01817021276595744680851063830,0.1702127659574468085106382979,0.92,NEGATIVE,"{'TAKE': 7, 'STOP': 37, 'SESSION_FLAT': 3, 'UNKNOWN_PATH_CONDITIONAL_REDUCE_ALL': 1}",Declared conditional M5 model; full fields require full approved-window period coverage; closed diagnostics omit all unknown trades,0,0.9049850532609153298808471219,0,0.1800779496854331777295827186,-1.5,-1.495473453749315818281335523,1,1.150015332687746480849929126,0E+27,-0.1039114339447680934489974345,47,13,30,25.0,0.0,20,0.4255319148936170212765957447,3,15,0.3191489361702127659574468085,3,12,0.2553191489361702127659574468,1,6,0.1276595744680851063829787234,2
MOMENTUM_CNYRUBF,ALL,breakout_entry_class,INSIDE_RANGE,106,104,2,False,PARTIAL_COVERAGE,UNRESOLVED,UNRESOLVED,False,,,UNRESOLVED,UNRESOLVED,,,UNRESOLVED,,,UNRESOLVED,0.5074626865671641791044776119,,1.258571428571428571428571429,0.181,0.874,-0.693,-0.006663461538461538461538461538,0.1826923076923076923076923077,0.830,NEGATIVE,"{'STOP': 76, 'TAKE': 11, 'SESSION_FLAT': 12, 'UNKNOWN_PATH_CONDITIONAL_REDUCE_ALL': 2, 'MAX_HOLD': 5}",Declared conditional M5 model; full fields require full approved-window period coverage; closed diagnostics omit all unknown trades,0.55,1.310874831090953977355501528,0,0.2101615692000307384922769538,-1.4,-1.001427992504439277480477766,0.6666666666666666666666666665,0.9945293181612475963781530698,-0.648234607528450539830755763,-0.7006755992377735232970204066,104,36,61,45.0,5.0,55,0.5288461538461538461538461538,23,46,0.4423076923076923076923076923,18,29,0.2788461538461538461538461538,10,17,0.1634615384615384615384615385,4
MOMENTUM_CNYRUBF,ALL,breakout_entry_class,PERSISTENT_LE_1_ATR,159,149,10,False,PARTIAL_COVERAGE,UNRESOLVED,UNRESOLVED,False,,,UNRESOLVED,UNRESOLVED,,,UNRESOLVED,,,UNRESOLVED,0.3584830339321357285429141717,,0.9488939740655987795575896262,-0.067,1.540,-1.607,-0.01078523489932885906040268456,0.2617449664429530201342281879,1.720,NEGATIVE,"{'STOP': 90, 'SESSION_FLAT': 25, 'TAKE': 24, 'MAX_HOLD': 10, 'UNKNOWN_PATH_CONDITIONAL_REDUCE_ALL': 10}",Declared conditional M5 model; full fields require full approved-window period coverage; closed diagnostics omit all unknown trades,0.75,1.069489044077496050075785449,0.3333333333333333333333333333,0.3307867927626331284301339044,-1.222222222222222222222222222,-0.7485696349820160716312171933,0.6666666666666666666666666667,0.7635677724426404398830916956,0E+27,-0.1575228778902482490959254945,149,43,58,40.0,10.0,86,0.5771812080536912751677852349,7,69,0.4630872483221476510067114094,7,29,0.1946308724832214765100671141,12,13,0.08724832214765100671140939597,9
MOMENTUM_CNYRUBF,ALL,cost_class,NET_RR_GE_1,243,239,4,False,PARTIAL_COVERAGE,UNRESOLVED,UNRESOLVED,False,,,UNRESOLVED,UNRESOLVED,,,UNRESOLVED,,,UNRESOLVED,0.4898196625945317044793484584,,1.037354871277132761231701161,0.074,1.828,-1.754,-0.007338912133891213389121338912,0.2426778242677824267782426778,1.988,NEGATIVE,"{'STOP': 159, 'TAKE': 35, 'MAX_HOLD': 14, 'SESSION_FLAT': 31, 'UNKNOWN_PATH_CONDITIONAL_REDUCE_ALL': 4}",Declared conditional M5 model; full fields require full approved-window period coverage; closed diagnostics omit all unknown trades,0.5555555555555555555555555556,1.178741202946732826822861948,0.1764705882352941176470588235,0.2912456023165309300944650324,-1.25,-0.7146693409721056749940466636,0.4,0.7230238114368336333537410292,-0.4337349397590361445783132530,-0.4292407404654417018983053230,239,69,118,40.0,5.0,128,0.5355648535564853556485355649,30,102,0.4267782426778242677824267782,26,55,0.2301255230125523012552301255,22,30,0.1255230125523012552301255230,12
MOMENTUM_CNYRUBF,ALL,cost_class,NET_RR_LT_1,68,59,9,False,PARTIAL_COVERAGE,UNRESOLVED,UNRESOLVED,False,,,UNRESOLVED,UNRESOLVED,,,UNRESOLVED,,,UNRESOLVED,0.1184210526315789473684210526,,0.7192982456140350877192982456,-0.16,1.18,-1.34,-0.02271186440677966101694915254,0.1355932203389830508474576271,1.34,NEGATIVE,"{'STOP': 42, 'SESSION_FLAT': 9, 'TAKE': 7, 'UNKNOWN_PATH_CONDITIONAL_REDUCE_ALL': 9, 'MAX_HOLD': 1}",Declared conditional M5 model; full fields require full approved-window period coverage; closed diagnostics omit all unknown trades,0.5,0.9067796610169491525423728814,0,0.1694915254237288135593220339,-2,-1.850282485875706214689265537,2,1.504901960784313725490196078,0E+27,0,59,22,29,35.0,10.0,32,0.5423728813559322033898305085,3,27,0.4576271186440677966101694915,2,14,0.2372881355932203389830508475,1,5,0.08474576271186440677966101695,3
MOMENTUM_CNYRUBF,ALL,cost_class,TARGET_CANNOT_PAY_C1,2,2,0,False,PARTIAL_COVERAGE,ACCOUNTED,PARTIAL_COVERAGE,False,,,PARTIAL_COVERAGE,PARTIAL_COVERAGE,,,PARTIAL_COVERAGE,,,PARTIAL_COVERAGE,0E+2,,0E+2,-0.02,0.04,-0.06,-0.03,0,0.06,NEGATIVE,{'STOP': 2},Declared conditional M5 model; full fields require full approved-window period coverage; closed diagnostics omit all unknown trades,1.5,1.5,0,0,-3,-3,2,2,0E+28,0,2,1,2,,2.5,1,0.5,0,1,0.5,0,1,0.5,0,1,0.5,0
MOMENTUM_CNYRUBF,LONG,ALL,ALL,158,151,7,False,PARTIAL_COVERAGE,UNRESOLVED,UNRESOLVED,False,,,UNRESOLVED,UNRESOLVED,,,UNRESOLVED,,,UNRESOLVED,0.2976287816843826655764513491,,0.8324022346368715083798882682,-0.210,1.508,-1.718,-0.01137748344370860927152317881,0.2251655629139072847682119205,1.726,NEGATIVE,"{'STOP': 100, 'SESSION_FLAT': 22, 'TAKE': 20, 'MAX_HOLD': 9, 'UNKNOWN_PATH_CONDITIONAL_REDUCE_ALL': 7}",Declared conditional M5 model; full fields require full approved-window period coverage; closed diagnostics omit all unknown trades,0.5,1.038066737604000599599494977,0,0.2629833044557639986404360641,-1.285714285714285714285714286,-0.9642961107455533613430013172,0.6666666666666666666666666665,0.8756438804776500378332660563,0E+27,-0.2580272084722487345733980498,151,44,77,42.5,5.0,81,0.5364238410596026490066225166,16,63,0.4172185430463576158940397351,13,30,0.1986754966887417218543046358,8,14,0.09271523178807947019867549669,5
MOMENTUM_CNYRUBF,LONG,exit_reason,MAX_HOLD,9,9,0,False,PARTIAL_COVERAGE,ACCOUNTED,PARTIAL_COVERAGE,False,,,PARTIAL_COVERAGE,PARTIAL_COVERAGE,,,PARTIAL_COVERAGE,,,PARTIAL_COVERAGE,10.7,,,0.187,0.090,0.097,0.01077777777777777777777777778,0.7777777777777777777777777778,0.01,POSITIVE,{'MAX_HOLD': 9},Declared conditional M5 model; full fields require full approved-window period coverage; closed diagnostics omit all unknown trades,1.666666666666666666666666667,1.607054673721340388007054674,0.4,0.4343033509700176366843033509,0.6666666666666666666666666667,0.5738095238095238095238095239,0.2,0.4850088183421516754850088184,0E+27,-0.06058990760483297796730632551,9,1,0,90.0,90.0,9,1,0,8,0.8888888888888888888888888889,0,2,0.2222222222222222222222222222,0,0,0,0
MOMENTUM_CNYRUBF,LONG,exit_reason,SESSION_FLAT,22,22,0,False,PARTIAL_COVERAGE,ACCOUNTED,PARTIAL_COVERAGE,False,,,PARTIAL_COVERAGE,PARTIAL_COVERAGE,,,PARTIAL_COVERAGE,,,PARTIAL_COVERAGE,0.2567567567567567567567567568,,2.659574468085106382978723404,0.078,0.188,-0.110,-0.005,0.3181818181818181818181818182,0.118,NEGATIVE,{'SESSION_FLAT': 22},Declared conditional M5 model; full fields require full approved-window period coverage; closed diagnostics omit all unknown trades,1,1.182319406183042546678910315,0.5,0.4339283527919891556255192619,-0.1166666666666666666666666667,-0.2829262320171411080501989593,0.1909090909090909090909090909,0.5921142157505793869430233059,0E+27,-0.07766513396761265556560107982,22,11,0,40.0,32.5,20,0.9090909090909090909090909091,0,13,0.5909090909090909090909090909,0,5,0.2272727272727272727272727273,0,1,0.04545454545454545454545454545,0
MOMENTUM_CNYRUBF,LONG,exit_reason,STOP,100,100,0,False,PARTIAL_COVERAGE,ACCOUNTED,PARTIAL_COVERAGE,False,,,PARTIAL_COVERAGE,PARTIAL_COVERAGE,,,PARTIAL_COVERAGE,,,PARTIAL_COVERAGE,0E+3,,0E+3,-1.206,1.082,-2.288,-0.02288,0,2.288,NEGATIVE,{'STOP': 100},Declared conditional M5 model; full fields require full approved-window period coverage; closed diagnostics omit all unknown trades,0,0.5214921752316562975749511513,0,0.2182418593035085073695749382,-1.666666666666666666666666667,-1.994649039253791336952792279,0.6666666666666666666666666665,0.9936490392537913369527922783,-0.2232992902890773758005885408,-0.33637747972467149880485762,100,32,77,,5.0,32,0.32,16,23,0.23,12,8,0.08,3,4,0.04,2
MOMENTUM_CNYRUBF,LONG,exit_reason,TAKE,20,20,0,False,PARTIAL_COVERAGE,ACCOUNTED,PARTIAL_COVERAGE,False,,,PARTIAL_COVERAGE,PARTIAL_COVERAGE,,,PARTIAL_COVERAGE,,,PARTIAL_COVERAGE,,NO_LOSSES,,0.731,0.148,0.583,0.02915,1,0,POSITIVE,{'TAKE': 20},Declared conditional M5 model; full fields require full approved-window period coverage; closed diagnostics omit all unknown trades,2.367647058823529411764705882,3.20621704277597306315145538,0.05555555555555555555555555555,0.2215569561157796451914098972,2.025,2.745814129644598311193806016,0.3095238095238095238095238095,0.6464285205915397011799275065,-0.03571428571428571428571428572,-0.2122514951524376952665285118,20,0,0,32.5,,20,1,0,19,0.95,1,15,0.75,5,9,0.45,3
MOMENTUM_CNYRUBF,LONG,exit_reason,UNKNOWN_PATH_CONDITIONAL_REDUCE_ALL,7,0,7,False,PARTIAL_COVERAGE,UNRESOLVED,UNRESOLVED,False,,,UNRESOLVED,UNRESOLVED,,,UNRESOLVED,,,UNRESOLVED,,NO_CLOSED_TRADES,,,,,,,,NO_CLOSED_TRADES,{'UNKNOWN_PATH_CONDITIONAL_REDUCE_ALL': 7},Declared conditional M5 model; full fields require full approved-window period coverage; closed diagnostics omit all unknown trades,,,,,,,1,1.238095238095238095238095238,0E+27,-0.09022556390977443609022556393,0,0,0,,,0,,0,0,,0,0,,0,0,,0
MOMENTUM_CNYRUBF,LONG,time_bucket,11:00,9,8,1,False,PARTIAL_COVERAGE,UNRESOLVED,UNRESOLVED,False,,,UNRESOLVED,UNRESOLVED,,,UNRESOLVED,,,UNRESOLVED,0.6574074074074074074074074074,,1.822580645161290322580645161,0.051,0.088,-0.037,-0.004625,0.375,0.07,NEGATIVE,"{'STOP': 5, 'TAKE': 1, 'MAX_HOLD': 2, 'UNKNOWN_PATH_CONDITIONAL_REDUCE_ALL': 1}",Declared conditional M5 model; full fields require full approved-window period coverage; closed diagnostics omit all unknown trades,1.783333333333333333333333334,1.670471014492753623188405796,0.3666666666666666666666666666,0.3144927536231884057971014492,-1.210144927536231884057971014,-0.4150362318840579710144927536,0.6666666666666666666666666667,0.8466988727858293075684380033,0E+1,-0.3089186320868913493553823622,8,2,2,90.0,15.0,5,0.625,0,5,0.625,0,3,0.375,0,2,0.25,0
MOMENTUM_CNYRUBF,LONG,time_bucket,11:30,9,9,0,False,PARTIAL_COVERAGE,ACCOUNTED,PARTIAL_COVERAGE,False,,,PARTIAL_COVERAGE,PARTIAL_COVERAGE,,,PARTIAL_COVERAGE,,,PARTIAL_COVERAGE,1.316455696202531645569620253,,3.771428571428571428571428571,0.097,0.072,0.025,0.002777777777777777777777777778,0.4444444444444444444444444444,0.06,POSITIVE,"{'STOP': 4, 'MAX_HOLD': 2, 'TAKE': 3}",Declared conditional M5 model; full fields require full approved-window period coverage; closed diagnostics omit all unknown trades,1,2.070987654320987654320987656,0.2142857142857142857142857143,0.2599206349206349206349206349,0,0.6441798941798941798941798941,0.2857142857142857142857142857,0.7244268077601410934744268078,-0.1714285714285714285714285714,-0.2824935386427939072888750131,9,2,3,77.5,10.0,7,0.7777777777777777777777777778,0,5,0.5555555555555555555555555556,0,4,0.4444444444444444444444444444,0,3,0.3333333333333333333333333333,0
MOMENTUM_CNYRUBF,LONG,time_bucket,12:00,14,13,1,False,PARTIAL_COVERAGE,UNRESOLVED,UNRESOLVED,False,,,UNRESOLVED,UNRESOLVED,,,UNRESOLVED,,,UNRESOLVED,0.1146788990825688073394495413,,0.5393258426966292134831460674,-0.041,0.152,-0.193,-0.01484615384615384615384615385,0.1538461538461538461538461538,0.193,NEGATIVE,"{'STOP': 9, 'TAKE': 1, 'UNKNOWN_PATH_CONDITIONAL_REDUCE_ALL': 1, 'MAX_HOLD': 1, 'SESSION_FLAT': 2}",Declared conditional M5 model; full fields require full approved-window period coverage; closed diagnostics omit all unknown trades,0.875,1.274816849816849816849816849,0,0.2358058608058608058608058608,-2,-1.610439560439560439560439561,1.5,1.20850340136054421768707483,0E+28,-0.1713461246345472628158574159,13,6,6,67.5,10.0,8,0.6153846153846153846153846154,1,6,0.4615384615384615384615384615,1,4,0.3076923076923076923076923077,0,3,0.2307692307692307692307692308,0
MOMENTUM_CNYRUBF,LONG,time_bucket,12:30,10,9,1,False,PARTIAL_COVERAGE,UNRESOLVED,UNRESOLVED,False,,,UNRESOLVED,UNRESOLVED,,,UNRESOLVED,,,UNRESOLVED,1.148148148148148148148148148,,2.631578947368421052631578947,0.062,0.054,0.008,0.0008888888888888888888888888889,0.3333333333333333333333333333,0.036,POSITIVE,"{'TAKE': 3, 'UNKNOWN_PATH_CONDITIONAL_REDUCE_ALL': 1, 'SESSION_FLAT': 3, 'STOP': 3}",Declared conditional M5 model; full fields require full approved-window period coverage; closed diagnostics omit all unknown trades,1,1.580170122275385433280170122,0,0.1661616161616161616161616162,0,0.03550757234967761283550757244,0.3333333333333333333333333333,0.7680671083302662250030671083,-0.0701754385964912280701754386,-0.1668779593506595747837068109,9,1,3,25.0,0.0,6,0.6666666666666666666666666667,0,5,0.5555555555555555555555555556,0,4,0.4444444444444444444444444444,0,1,0.1111111111111111111111111111,1
MOMENTUM_CNYRUBF,LONG,time_bucket,13:00,13,13,0,False,PARTIAL_COVERAGE,ACCOUNTED,PARTIAL_COVERAGE,False,,,PARTIAL_COVERAGE,PARTIAL_COVERAGE,,,PARTIAL_COVERAGE,,,PARTIAL_COVERAGE,0.003484320557491289198606271777,,0.3495934959349593495934959350,-0.080,0.206,-0.286,-0.022,0.07692307692307692307692307692,0.286,NEGATIVE,"{'SESSION_FLAT': 6, 'STOP': 7}",Declared conditional M5 model; full fields require full approved-window period coverage; closed diagnostics omit all unknown trades,1,1.081196581196581196581196582,0,0.2106227106227106227106227106,-1.333333333333333333333333333,-1.474969474969474969474969475,1,1.154456654456654456654456655,0E+28,-0.01442307692307692307692307692,13,8,5,25.0,15.0,10,0.7692307692307692307692307692,1,8,0.6153846153846153846153846154,1,3,0.2307692307692307692307692308,0,1,0.07692307692307692307692307692,0
MOMENTUM_CNYRUBF,LONG,time_bucket,15:00,4,4,0,False,PARTIAL_COVERAGE,ACCOUNTED,PARTIAL_COVERAGE,False,,,PARTIAL_COVERAGE,PARTIAL_COVERAGE,,,PARTIAL_COVERAGE,,,PARTIAL_COVERAGE,0E+3,,0E+3,-0.039,0.026,-0.065,-0.01625,0,0.065,NEGATIVE,{'STOP': 4},Declared conditional M5 model; full fields require full approved-window period coverage; closed diagnostics omit all unknown trades,1.057692307692307692307692308,1.003846153846153846153846154,0.2923076923076923076923076923,0.2711538461538461538461538462,-1.266666666666666666666666666,-1.671794871794871794871794872,0.2666666666666666666666666666,0.6717948717948717948717948718,-0.592941176470588235294117647,-0.5875260273665572153799603285,4,3,2,,10.0,3,0.75,1,2,0.5,1,0,0,0,0,0,0
MOMENTUM_CNYRUBF,LONG,time_bucket,15:30,10,10,0,False,PARTIAL_COVERAGE,ACCOUNTED,PARTIAL_COVERAGE,False,,,PARTIAL_COVERAGE,PARTIAL_COVERAGE,,,PARTIAL_COVERAGE,,,PARTIAL_COVERAGE,0.1415525114155251141552511416,,0.2558139534883720930232558140,-0.096,0.092,-0.188,-0.0188,0.1,0.188,NEGATIVE,"{'STOP': 9, 'TAKE': 1}",Declared conditional M5 model; full fields require full approved-window period coverage; closed diagnostics omit all unknown trades,0,0.9653846153846153846153846154,0,0.2051282051282051282051282052,-1.533333333333333333333333334,-0.9683846153846153846153846157,0.5833333333333333333333333335,0.8933846153846153846153846154,-0.1406250000000000000000000000,-0.384177574842954614705813671,10,1,7,5.0,0.0,2,0.2,1,2,0.2,1,1,0.1,1,1,0.1,0
MOMENTUM_CNYRUBF,LONG,time_bucket,16:00,27,26,1,False,PARTIAL_COVERAGE,UNRESOLVED,UNRESOLVED,False,,,UNRESOLVED,UNRESOLVED,,,UNRESOLVED,,,UNRESOLVED,0.7563739376770538243626062323,,1.983783783783783783783783784,0.182,0.268,-0.086,-0.003307692307692307692307692308,0.3461538461538461538461538462,0.21,NEGATIVE,"{'TAKE': 7, 'MAX_HOLD': 3, 'STOP': 16, 'UNKNOWN_PATH_CONDITIONAL_REDUCE_ALL': 1}",Declared conditional M5 model; full fields require full approved-window period coverage; closed diagnostics omit all unknown trades,0.2150537634408602150537634408,0.9603698539967597089889833458,0,0.2799453445563502489498694432,-1.169934640522875816993464052,-0.5869927538055523398715180427,0.6666666666666666666666666667,0.9231233822028241390350342196,0E+27,-0.2117515376980700472959281277,26,3,13,45.0,0.0,12,0.4615384615384615384615384615,3,10,0.3846153846153846153846153846,3,6,0.2307692307692307692307692308,2,2,0.07692307692307692307692307692,2
MOMENTUM_CNYRUBF,LONG,time_bucket,16:30,11,10,1,False,PARTIAL_COVERAGE,UNRESOLVED,UNRESOLVED,False,,,UNRESOLVED,UNRESOLVED,,,UNRESOLVED,,,UNRESOLVED,0.2488038277511961722488038278,,0.4628099173553719008264462810,-0.065,0.092,-0.157,-0.0157,0.2,0.16,NEGATIVE,"{'STOP': 8, 'UNKNOWN_PATH_CONDITIONAL_REDUCE_ALL': 1, 'TAKE': 1, 'MAX_HOLD': 1}",Declared conditional M5 model; full fields require full approved-window period coverage; closed diagnostics omit all unknown trades,0.2083333333333333333333333334,0.5748366013071895424836601307,0.2083333333333333333333333333,0.3004668534080298786181139122,-1.3,-1.126246498599439775910364146,0.4,0.6135811900517782870724047195,0E+27,-0.1845938939642626192133870025,10,2,6,75.0,2.5,4,0.4,1,4,0.4,0,0,0,1,0,0,0
MOMENTUM_CNYRUBF,LONG,time_bucket,17:00,18,16,2,False,PARTIAL_COVERAGE,UNRESOLVED,UNRESOLVED,False,,,UNRESOLVED,UNRESOLVED,,,UNRESOLVED,,,UNRESOLVED,0.1120218579234972677595628415,,0.2239583333333333333333333333,-0.149,0.176,-0.325,-0.0203125,0.0625,0.325,NEGATIVE,"{'STOP': 14, 'UNKNOWN_PATH_CONDITIONAL_REDUCE_ALL': 2, 'TAKE': 1, 'SESSION_FLAT': 1}",Declared conditional M5 model; full fields require full approved-window period coverage; closed diagnostics omit all unknown trades,0,0.4653514309764309764309764309,0,0.2282933501683501683501683502,-1.583333333333333333333333334,-1.573537457912457912457912458,0.6666666666666666666666666665,0.8453049008604564160119715672,-0.2693837785174961435414467809,-0.3197751072770359414924883227,16,5,13,25.0,0.0,6,0.375,4,4,0.25,3,1,0.0625,0,0,0,0
MOMENTUM_CNYRUBF,LONG,time_bucket,17:30,19,19,0,False,PARTIAL_COVERAGE,ACCOUNTED,PARTIAL_COVERAGE,False,,,PARTIAL_COVERAGE,PARTIAL_COVERAGE,,,PARTIAL_COVERAGE,,,PARTIAL_COVERAGE,0.2463768115942028985507246377,,0.7903225806451612903225806452,-0.026,0.182,-0.208,-0.01094736842105263157894736842,0.3157894736842105263157894737,0.22,NEGATIVE,"{'STOP': 12, 'SESSION_FLAT': 5, 'TAKE': 2}",Declared conditional M5 model; full fields require full approved-window period coverage; closed diagnostics omit all unknown trades,0.5,0.6519138755980861244019138758,0.2142857142857142857142857143,0.3040479987848408901040479987,-1.4,-1.194224196855775803144224197,0.5,0.9067289435710488342067289437,0E+27,-0.2722630632078791803372082684,19,4,9,42.5,10.0,10,0.5263157894736842105263157895,3,8,0.4210526315789473684210526316,2,1,0.05263157894736842105263157895,3,0,0,1
MOMENTUM_CNYRUBF,LONG,time_bucket,18:00,14,14,0,False,PARTIAL_COVERAGE,ACCOUNTED,PARTIAL_COVERAGE,False,,,PARTIAL_COVERAGE,PARTIAL_COVERAGE,,,PARTIAL_COVERAGE,,,PARTIAL_COVERAGE,0.02830188679245283018867924528,,0.08620689655172413793103448276,-0.106,0.100,-0.206,-0.01471428571428571428571428571,0.1428571428571428571428571429,0.206,NEGATIVE,"{'SESSION_FLAT': 5, 'STOP': 9}",Declared conditional M5 model; full fields require full approved-window period coverage; closed diagnostics omit all unknown trades,0.5,1.119751082251082251082251082,0.2954545454545454545454545454,0.3362481962481962481962481963,-1.236111111111111111111111111,-1.252366522366522366522366523,0.25,0.6332756132756132756132756134,-0.3915119363395225464190981432,-0.4515578373122120610966044404,14,7,8,27.5,10.0,8,0.5714285714285714285714285714,1,4,0.2857142857142857142857142857,1,3,0.2142857142857142857142857143,1,1,0.07142857142857142857142857143,1
MOMENTUM_CNYRUBF,LONG,session_half,AM,55,52,3,False,PARTIAL_COVERAGE,UNRESOLVED,UNRESOLVED,False,,,UNRESOLVED,UNRESOLVED,,,UNRESOLVED,,,UNRESOLVED,0.3525469168900804289544235925,,1.256484149855907780979827089,0.089,0.572,-0.483,-0.009288461538461538461538461538,0.25,0.518,NEGATIVE,"{'STOP': 28, 'SESSION_FLAT': 11, 'TAKE': 8, 'UNKNOWN_PATH_CONDITIONAL_REDUCE_ALL': 3, 'MAX_HOLD': 5}",Declared conditional M5 model; full fields require full approved-window period coverage; closed diagnostics omit all unknown trades,1,1.477930052086230575933093096,0,0.2337356484095614530397139092,-1.25,-0.7175657714735341913655590827,0.6666666666666666666666666667,0.9772324788218276880644261549,0E+28,-0.1741424522719531770374070601,52,19,19,45.0,10.0,36,0.6923076923076923076923076923,2,29,0.5576923076923076923076923077,2,18,0.3461538461538461538461538462,0,10,0.1923076923076923076923076923,1
MOMENTUM_CNYRUBF,LONG,session_half,PM,103,99,4,False,PARTIAL_COVERAGE,UNRESOLVED,UNRESOLVED,False,,,UNRESOLVED,UNRESOLVED,,,UNRESOLVED,,,UNRESOLVED,0.2735294117647058823529411765,,0.6699779249448123620309050773,-0.299,0.936,-1.235,-0.01247474747474747474747474747,0.2121212121212121212121212121,1.243,NEGATIVE,"{'STOP': 72, 'TAKE': 12, 'MAX_HOLD': 4, 'SESSION_FLAT': 11, 'UNKNOWN_PATH_CONDITIONAL_REDUCE_ALL': 4}",Declared conditional M5 model; full fields require full approved-window period coverage; closed diagnostics omit all unknown trades,0.3333333333333333333333333333,0.8070274209062636423333626337,0.09090909090909090909090909091,0.2783457096517491741074820443,-1.333333333333333333333333333,-1.093891844504593733452364915,0.5,0.8213975415560017780010931865,-0.2201834862385321100917431193,-0.3028200394529890808304806172,99,25,58,40.0,5.0,45,0.4545454545454545454545454545,14,34,0.3434343434343434343434343434,11,12,0.1212121212121212121212121212,8,4,0.04040404040404040404040404040,4
MOMENTUM_CNYRUBF,LONG,net_outcome,LOSS,113,113,0,False,PARTIAL_COVERAGE,ACCOUNTED,PARTIAL_COVERAGE,False,,,PARTIAL_COVERAGE,PARTIAL_COVERAGE,,,PARTIAL_COVERAGE,,,PARTIAL_COVERAGE,0E+3,,0.03272146847565841979249800479,-1.212,1.234,-2.446,-0.02164601769911504424778761062,0,2.446,NEGATIVE,"{'STOP': 100, 'SESSION_FLAT': 12, 'MAX_HOLD': 1}",Declared conditional M5 model; full fields require full approved-window period coverage; closed diagnostics omit all unknown trades,0,0.5827446322928456255170003634,0,0.2473608718844552507039830657,-1.5,-1.845900493603814031390540529,0.6666666666666666666666666667,0.9734717817060755849795277460,-0.1714285714285714285714285714,-0.3044273263969658359804143139,113,44,77,,5.0,44,0.3893805309734513274336283186,16,31,0.2743362831858407079646017699,12,9,0.07964601769911504424778761062,3,5,0.04424778761061946902654867257,2
MOMENTUM_CNYRUBF,LONG,net_outcome,UNKNOWN,7,0,7,False,PARTIAL_COVERAGE,UNRESOLVED,UNRESOLVED,False,,,UNRESOLVED,UNRESOLVED,,,UNRESOLVED,,,UNRESOLVED,,NO_CLOSED_TRADES,,,,,,,,NO_CLOSED_TRADES,{'UNKNOWN_PATH_CONDITIONAL_REDUCE_ALL': 7},Declared conditional M5 model; full fields require full approved-window period coverage; closed diagnostics omit all unknown trades,,,,,,,1,1.238095238095238095238095238,0E+27,-0.09022556390977443609022556393,0,0,0,,,0,,0,0,,0,0,,0,0,,0
MOMENTUM_CNYRUBF,LONG,net_outcome,WIN,34,34,0,False,PARTIAL_COVERAGE,ACCOUNTED,PARTIAL_COVERAGE,False,,,PARTIAL_COVERAGE,PARTIAL_COVERAGE,,,PARTIAL_COVERAGE,,,PARTIAL_COVERAGE,,NO_LOSSES,,0.958,0.230,0.728,0.02141176470588235294117647059,1,0,POSITIVE,"{'TAKE': 20, 'SESSION_FLAT': 7, 'MAX_HOLD': 7}",Declared conditional M5 model; full fields require full approved-window period coverage; closed diagnostics omit all unknown trades,2,2.471596987219887388815854833,0.2142857142857142857142857143,0.2930366442477169120767736684,1.525862068965517241379310345,1.852295383960365528951114141,0.2222222222222222222222222222,0.5073804980646269526506151956,0E+1,-0.1533733228810281451612600963,34,0,0,42.5,,33,0.9705882352941176470588235294,0,29,0.8529411764705882352941176471,1,18,0.5294117647058823529411764706,5,9,0.2647058823529411764705882353,3
MOMENTUM_CNYRUBF,LONG,net_outcome,ZERO,4,4,0,False,PARTIAL_COVERAGE,ACCOUNTED,PARTIAL_COVERAGE,False,,,PARTIAL_COVERAGE,PARTIAL_COVERAGE,,,PARTIAL_COVERAGE,,,PARTIAL_COVERAGE,,NO_LOSSES,,0.044,0.044,0.000,0.000,0,0,ZERO_NET,"{'SESSION_FLAT': 3, 'MAX_HOLD': 1}",Declared conditional M5 model; full fields require full approved-window period coverage; closed diagnostics omit all unknown trades,2,1.715909090909090909090909091,0.522727272727272727272727273,0.4488636363636363636363636365,0,0,0.625,0.6079545454545454545454545455,0E+27,-0.1304347826086956521739130435,4,0,0,,,4,1,0,3,0.75,0,3,0.75,0,0,0,0
MOMENTUM_CNYRUBF,LONG,adx_regime,NOT_READY,83,79,4,False,PARTIAL_COVERAGE,UNRESOLVED,UNRESOLVED,False,,,UNRESOLVED,UNRESOLVED,,,UNRESOLVED,,,UNRESOLVED,0.4149443561208267090620031797,,1.170144462279293739967897271,0.106,0.842,-0.736,-0.009316455696202531645569620253,0.2531645569620253164556962025,0.74,NEGATIVE,"{'STOP': 54, 'TAKE': 13, 'MAX_HOLD': 9, 'UNKNOWN_PATH_CONDITIONAL_REDUCE_ALL': 4, 'SESSION_FLAT': 3}",Declared conditional M5 model; full fields require full approved-window period coverage; closed diagnostics omit all unknown trades,0.7142857142857142857142857143,1.169728702152416855726215146,0,0.2545944064036421791923019522,-1.333333333333333333333333333,-0.8682433206726291610842345827,0.6666666666666666666666666667,0.9858645533335598513110120810,0E+27,-0.2418920898828417184524448425,79,21,39,62.5,5.0,42,0.5316455696202531645569620253,6,35,0.4430379746835443037974683544,6,18,0.2278481012658227848101265823,3,11,0.1392405063291139240506329114,2
MOMENTUM_CNYRUBF,LONG,adx_regime,SUB_25,37,37,0,False,PARTIAL_COVERAGE,ACCOUNTED,PARTIAL_COVERAGE,False,,,PARTIAL_COVERAGE,PARTIAL_COVERAGE,,,PARTIAL_COVERAGE,,,PARTIAL_COVERAGE,0.2611336032388663967611336032,,0.6219512195121951219512195122,-0.093,0.272,-0.365,-0.009864864864864864864864864865,0.1891891891891891891891891892,0.373,NEGATIVE,"{'SESSION_FLAT': 6, 'STOP': 26, 'TAKE': 5}",Declared conditional M5 model; full fields require full approved-window period coverage; closed diagnostics omit all unknown trades,0.15,0.7514573396926338102808691041,0,0.2812540577246459599400775870,-1.285714285714285714285714286,-1.160866902043372631607925726,0.4,0.7779173749761985056102703162,-0.2285714285714285714285714286,-0.3513617875443827816854824957,37,9,22,40.0,5.0,16,0.4324324324324324324324324324,7,14,0.3783783783783783783783783784,6,4,0.1081081081081081081081081081,5,1,0.02702702702702702702702702703,2
MOMENTUM_CNYRUBF,LONG,adx_regime,TREND_25_PLUS,38,35,3,False,PARTIAL_COVERAGE,UNRESOLVED,UNRESOLVED,False,,,UNRESOLVED,UNRESOLVED,,,UNRESOLVED,,,UNRESOLVED,0.1109510086455331412103746398,,0.4192708333333333333333333333,-0.223,0.394,-0.617,-0.01762857142857142857142857143,0.2,0.617,NEGATIVE,"{'SESSION_FLAT': 13, 'STOP': 20, 'TAKE': 2, 'UNKNOWN_PATH_CONDITIONAL_REDUCE_ALL': 3}",Declared conditional M5 model; full fields require full approved-window period coverage; closed diagnostics omit all unknown trades,0.5555555555555555555555555556,1.043873952558163084478873953,0.09090909090909090909090909091,0.2626034494605923177351748780,-1.2,-0.9732975718238876133612975723,0.6666666666666666666666666665,0.7300534819648393055595271661,-0.0701754385964912280701754386,-0.2023912983999282765442399369,35,14,16,25.0,10.0,23,0.6571428571428571428571428571,3,14,0.4,1,8,0.2285714285714285714285714286,0,2,0.05714285714285714285714285714,1
MOMENTUM_CNYRUBF,LONG,di_aligned,False,27,24,3,False,PARTIAL_COVERAGE,UNRESOLVED,UNRESOLVED,False,,,UNRESOLVED,UNRESOLVED,,,UNRESOLVED,,,UNRESOLVED,0.2430278884462151394422310757,,0.875,-0.016,0.174,-0.190,-0.007916666666666666666666666667,0.2083333333333333333333333333,0.190,NEGATIVE,"{'STOP': 13, 'TAKE': 3, 'SESSION_FLAT': 8, 'UNKNOWN_PATH_CONDITIONAL_REDUCE_ALL': 3}",Declared conditional M5 model; full fields require full approved-window period coverage; closed diagnostics omit all unknown trades,0.3939393939393939393939393939,1.10437351999851999851999852,0,0.2580665861915861915861915862,-1.167832167832167832167832168,-0.7112232674732674732674732671,0.3333333333333333333333333333,0.7817495261939706384150828585,0E+28,-0.2001906339360749503206497857,24,5,11,25.0,10.0,11,0.4583333333333333333333333333,2,7,0.2916666666666666666666666667,1,5,0.2083333333333333333333333333,0,4,0.1666666666666666666666666667,0
MOMENTUM_CNYRUBF,LONG,di_aligned,None,9,8,1,False,PARTIAL_COVERAGE,UNRESOLVED,UNRESOLVED,False,,,UNRESOLVED,UNRESOLVED,,,UNRESOLVED,,,UNRESOLVED,0.1503759398496240601503759398,,0.6153846153846153846153846154,-0.025,0.088,-0.113,-0.014125,0.125,0.113,NEGATIVE,"{'STOP': 7, 'MAX_HOLD': 1, 'UNKNOWN_PATH_CONDITIONAL_REDUCE_ALL': 1}",Declared conditional M5 model; full fields require full approved-window period coverage; closed diagnostics omit all unknown trades,1.25,1.293589743589743589743589744,0.2666666666666666666666666666,0.2397435897435897435897435898,-1.333333333333333333333333333,-1.669230769230769230769230769,0.6666666666666666666666666667,0.9282051282051282051282051282,-0.1034482758620689655172413793,-0.3328072666432010562979035152,8,5,3,90.0,15.0,6,0.75,1,5,0.625,1,1,0.125,0,1,0.125,0
MOMENTUM_CNYRUBF,LONG,di_aligned,True,122,119,3,False,PARTIAL_COVERAGE,UNRESOLVED,UNRESOLVED,False,,,UNRESOLVED,UNRESOLVED,,,UNRESOLVED,,,UNRESOLVED,0.3137730358874878758486905917,,0.8405660377358490566037735849,-0.169,1.246,-1.415,-0.01189075630252100840336134454,0.2352941176470588235294117647,1.423,NEGATIVE,"{'STOP': 80, 'SESSION_FLAT': 14, 'TAKE': 17, 'MAX_HOLD': 8, 'UNKNOWN_PATH_CONDITIONAL_REDUCE_ALL': 3}",Declared conditional M5 model; full fields require full approved-window period coverage; closed diagnostics omit all unknown trades,0.5,1.007515923945560183673067724,0,0.2655372452628031701505823436,-1.285714285714285714285714286,-0.9679454466333948265396638193,0.6666666666666666666666666665,0.8925463094621749581499586344,0E+27,-0.2653105444471513680103132462,119,34,63,45.0,5.0,64,0.5378151260504201680672268908,13,51,0.4285714285714285714285714286,11,24,0.2016806722689075630252100840,8,9,0.07563025210084033613445378151,5
MOMENTUM_CNYRUBF,LONG,ema_aligned,None,158,151,7,False,PARTIAL_COVERAGE,UNRESOLVED,UNRESOLVED,False,,,UNRESOLVED,UNRESOLVED,,,UNRESOLVED,,,UNRESOLVED,0.2976287816843826655764513491,,0.8324022346368715083798882682,-0.210,1.508,-1.718,-0.01137748344370860927152317881,0.2251655629139072847682119205,1.726,NEGATIVE,"{'STOP': 100, 'SESSION_FLAT': 22, 'TAKE': 20, 'MAX_HOLD': 9, 'UNKNOWN_PATH_CONDITIONAL_REDUCE_ALL': 7}",Declared conditional M5 model; full fields require full approved-window period coverage; closed diagnostics omit all unknown trades,0.5,1.038066737604000599599494977,0,0.2629833044557639986404360641,-1.285714285714285714285714286,-0.9642961107455533613430013172,0.6666666666666666666666666665,0.8756438804776500378332660563,0E+27,-0.2580272084722487345733980498,151,44,77,42.5,5.0,81,0.5364238410596026490066225166,16,63,0.4172185430463576158940397351,13,30,0.1986754966887417218543046358,8,14,0.09271523178807947019867549669,5
MOMENTUM_CNYRUBF,LONG,breakout_entry_class,EXTENDED_GT_1_ATR,28,28,0,False,PARTIAL_COVERAGE,ACCOUNTED,PARTIAL_COVERAGE,False,,,PARTIAL_COVERAGE,PARTIAL_COVERAGE,,,PARTIAL_COVERAGE,,,PARTIAL_COVERAGE,0.1575663026521060842433697348,,0.5344262295081967213114754098,-0.142,0.398,-0.540,-0.01928571428571428571428571429,0.1428571428571428571428571429,0.580,NEGATIVE,"{'TAKE': 4, 'STOP': 24}",Declared conditional M5 model; full fields require full approved-window period coverage; closed diagnostics omit all unknown trades,0,0.6562641723356009070294784579,0,0.1554138321995464852607709751,-2,-1.723744985173556602128030700,2,1.264816413744985173556602128,0E+27,-0.07232330777120562674873888596,28,6,19,35.0,0.0,10,0.3571428571428571428571428571,1,7,0.25,1,4,0.1428571428571428571428571429,0,2,0.07142857142857142857142857143,1
MOMENTUM_CNYRUBF,LONG,breakout_entry_class,INSIDE_RANGE,41,40,1,False,PARTIAL_COVERAGE,UNRESOLVED,UNRESOLVED,False,,,UNRESOLVED,UNRESOLVED,,,UNRESOLVED,,,UNRESOLVED,0.4570895522388059701492537313,,1.079037800687285223367697595,0.023,0.314,-0.291,-0.007275,0.175,0.291,NEGATIVE,"{'STOP': 29, 'TAKE': 6, 'UNKNOWN_PATH_CONDITIONAL_REDUCE_ALL': 1, 'MAX_HOLD': 1, 'SESSION_FLAT': 4}",Declared conditional M5 model; full fields require full approved-window period coverage; closed diagnostics omit all unknown trades,0.4318181818181818181818181818,1.204413054695562435500515996,0,0.2195129551820728291316526610,-1.4,-0.811951037352740139117848096,0.5,0.8307171639807749450579625010,-0.5714285714285714285714285714,-0.5995575382061048466368943639,40,13,24,35.0,0.0,20,0.5,12,14,0.35,8,9,0.225,2,6,0.15,2
MOMENTUM_CNYRUBF,LONG,breakout_entry_class,PERSISTENT_LE_1_ATR,89,83,6,False,PARTIAL_COVERAGE,UNRESOLVED,UNRESOLVED,False,,,UNRESOLVED,UNRESOLVED,,,UNRESOLVED,,,UNRESOLVED,0.3010244286840031520882584712,,0.8614916286149162861491628615,-0.091,0.796,-0.887,-0.01068674698795180722891566265,0.2771084337349397590361445783,0.898,NEGATIVE,"{'STOP': 47, 'SESSION_FLAT': 18, 'MAX_HOLD': 8, 'UNKNOWN_PATH_CONDITIONAL_REDUCE_ALL': 6, 'TAKE': 10}",Declared conditional M5 model; full fields require full approved-window period coverage; closed diagnostics omit all unknown trades,1,1.086700703192587562923827772,0.3,0.3202213670355439643631102641,-1.166666666666666666666666667,-0.7815158029350526161264387405,0.5,0.7739041551392960491089293775,0E+27,-0.1591167107255195932755003838,83,25,34,45.0,10.0,51,0.6144578313253012048192771084,3,42,0.5060240963855421686746987952,4,17,0.2048192771084337349397590361,6,6,0.07228915662650602409638554217,2
MOMENTUM_CNYRUBF,LONG,cost_class,NET_RR_GE_1,116,114,2,False,PARTIAL_COVERAGE,UNRESOLVED,UNRESOLVED,False,,,UNRESOLVED,UNRESOLVED,,,UNRESOLVED,,,UNRESOLVED,0.4256144890038809831824062096,,0.8727465535524920466595970308,-0.120,0.768,-0.888,-0.007789473684210526315789473684,0.2631578947368421052631578947,0.896,NEGATIVE,"{'STOP': 75, 'TAKE': 17, 'MAX_HOLD': 8, 'UNKNOWN_PATH_CONDITIONAL_REDUCE_ALL': 2, 'SESSION_FLAT': 14}",Declared conditional M5 model; full fields require full approved-window period coverage; closed diagnostics omit all unknown trades,0.527777777777777777777777778,1.072351555949158688943190716,0.2071428571428571428571428572,0.3044778857264944192518056639,-1.222222222222222222222222222,-0.6398425092623850078607590546,0.3095238095238095238095238095,0.6093540211103624078533566384,-0.3214541975603922506577373834,-0.3514508529190974143327318265,114,30,58,42.5,5.0,61,0.5350877192982456140350877193,15,46,0.4035087719298245614035087719,12,21,0.1842105263157894736842105263,8,10,0.08771929824561403508771929825,5
MOMENTUM_CNYRUBF,LONG,cost_class,NET_RR_LT_1,41,36,5,False,PARTIAL_COVERAGE,UNRESOLVED,UNRESOLVED,False,,,UNRESOLVED,UNRESOLVED,,,UNRESOLVED,,,UNRESOLVED,0.08045977011494252873563218391,,0.7333333333333333333333333333,-0.08,0.72,-0.80,-0.02222222222222222222222222222,0.1111111111111111111111111111,0.80,NEGATIVE,"{'STOP': 24, 'SESSION_FLAT': 8, 'TAKE': 3, 'UNKNOWN_PATH_CONDITIONAL_REDUCE_ALL': 5, 'MAX_HOLD': 1}",Declared conditional M5 model; full fields require full approved-window period coverage; closed diagnostics omit all unknown trades,0.5,0.9583333333333333333333333333,0,0.1388888888888888888888888889,-3,-1.935185185185185185185185185,2,1.601626016260162601626016260,0E+27,0,36,14,18,42.5,10.0,20,0.5555555555555555555555555556,1,17,0.4722222222222222222222222222,1,9,0.25,0,4,0.1111111111111111111111111111,0
MOMENTUM_CNYRUBF,LONG,cost_class,TARGET_CANNOT_PAY_C1,1,1,0,False,PARTIAL_COVERAGE,ACCOUNTED,PARTIAL_COVERAGE,False,,,PARTIAL_COVERAGE,PARTIAL_COVERAGE,,,PARTIAL_COVERAGE,,,PARTIAL_COVERAGE,0E+2,,0E+2,-0.01,0.02,-0.03,-0.03,0,0.03,NEGATIVE,{'STOP': 1},Declared conditional M5 model; full fields require full approved-window period coverage; closed diagnostics omit all unknown trades,0,0,0,0,-3,-3,2,2,0E+28,0,1,0,1,,0.0,0,0,0,0,0,0,0,0,0,0,0,0
MOMENTUM_CNYRUBF,SHORT,ALL,ALL,155,149,6,False,PARTIAL_COVERAGE,UNRESOLVED,UNRESOLVED,False,,,UNRESOLVED,UNRESOLVED,,,UNRESOLVED,,,UNRESOLVED,0.4416796267496111975116640747,,1.078907435508345978755690440,0.104,1.540,-1.436,-0.009637583892617449664429530201,0.2147651006711409395973154362,1.832,NEGATIVE,"{'STOP': 103, 'TAKE': 22, 'SESSION_FLAT': 18, 'UNKNOWN_PATH_CONDITIONAL_REDUCE_ALL': 6, 'MAX_HOLD': 6}",Declared conditional M5 model; full fields require full approved-window period coverage; closed diagnostics omit all unknown trades,0.5,1.217926645141376208531142710,0.04,0.2677665770525538825360489736,-1.333333333333333333333333333,-0.9420397747410829894459773181,0.6666666666666666666666666667,0.9269444283678400016815249458,-0.4109589041095890410958904108,-0.4099174257708840870883309787,149,48,72,30.0,5.0,80,0.5369127516778523489932885906,17,67,0.4496644295302013422818791946,15,40,0.2684563758389261744966442953,15,22,0.1476510067114093959731543624,10
MOMENTUM_CNYRUBF,SHORT,exit_reason,MAX_HOLD,6,6,0,False,PARTIAL_COVERAGE,ACCOUNTED,PARTIAL_COVERAGE,False,,,PARTIAL_COVERAGE,PARTIAL_COVERAGE,,,PARTIAL_COVERAGE,,,PARTIAL_COVERAGE,18.11111111111111111111111111,,37.8,0.184,0.030,0.154,0.02566666666666666666666666667,0.6666666666666666666666666667,0.009,POSITIVE,{'MAX_HOLD': 6},Declared conditional M5 model; full fields require full approved-window period coverage; closed diagnostics omit all unknown trades,2.558823529411764705882352941,3.138655462184873949579831932,0.6904761904761904761904761905,0.6469374416433239962651727357,1.08,1.285770308123249299719887955,0.2142857142857142857142857143,0.2821475256769374416433239962,-0.516072712334394577385231591,-0.4980156734963852270530980223,6,2,0,90.0,90.0,6,1,0,6,1,0,4,0.6666666666666666666666666667,0,3,0.5,0
MOMENTUM_CNYRUBF,SHORT,exit_reason,SESSION_FLAT,18,18,0,False,PARTIAL_COVERAGE,ACCOUNTED,PARTIAL_COVERAGE,False,,,PARTIAL_COVERAGE,PARTIAL_COVERAGE,,,PARTIAL_COVERAGE,,,PARTIAL_COVERAGE,0.7515527950310559006211180124,,6.542857142857142857142857143,0.194,0.234,-0.040,-0.002222222222222222222222222222,0.3333333333333333333333333333,0.12,NEGATIVE,{'SESSION_FLAT': 18},Declared conditional M5 model; full fields require full approved-window period coverage; closed diagnostics omit all unknown trades,2,2.311576168929110105580693815,0.4935897435897435897435897436,0.3532218870454164571811630636,-0.4583333333333333333333333334,0.03052203787497905144963968497,0.6666666666666666666666666665,0.9290430702195408077761018933,-0.4375000000000000000000000000,-0.4061986798637713674576956196,18,10,0,40.0,25.0,17,0.9444444444444444444444444444,0,15,0.8333333333333333333333333333,0,10,0.5555555555555555555555555556,0,6,0.3333333333333333333333333333,0
MOMENTUM_CNYRUBF,SHORT,exit_reason,STOP,103,103,0,False,PARTIAL_COVERAGE,ACCOUNTED,PARTIAL_COVERAGE,False,,,PARTIAL_COVERAGE,PARTIAL_COVERAGE,,,PARTIAL_COVERAGE,,,PARTIAL_COVERAGE,0E+3,,0E+3,-1.278,1.124,-2.402,-0.02332038834951456310679611650,0,2.402,NEGATIVE,{'STOP': 103},Declared conditional M5 model; full fields require full approved-window period coverage; closed diagnostics omit all unknown trades,0,0.6061140046576939780823275967,0,0.2494108238040276875228331538,-2,-2.049784169444363619120900677,1,1.044120739023651645010868312,-0.5161290322580645161290322581,-0.4677167000066506534528707177,103,36,72,,5.0,36,0.3495145631067961165048543689,16,26,0.2524271844660194174757281553,13,14,0.1359223300970873786407766990,7,6,0.05825242718446601941747572816,1
MOMENTUM_CNYRUBF,SHORT,exit_reason,TAKE,22,22,0,False,PARTIAL_COVERAGE,ACCOUNTED,PARTIAL_COVERAGE,False,,,PARTIAL_COVERAGE,PARTIAL_COVERAGE,,,PARTIAL_COVERAGE,,,PARTIAL_COVERAGE,,NO_LOSSES,,1.004,0.152,0.852,0.03872727272727272727272727273,1,0,POSITIVE,{'TAKE': 22},Declared conditional M5 model; full fields require full approved-window period coverage; closed diagnostics omit all unknown trades,2,2.663682901476788624124047321,0.1106321839080459770114942528,0.1803766596517380216439777568,1.976190476190476190476190476,2.840901112993589482617695784,0.1909090909090909090909090909,0.5022555996772297712736584214,-0E+3,-0.2028504825125372825676594768,22,0,0,25.0,,21,0.9545454545454545454545454545,1,20,0.9090909090909090909090909091,2,12,0.5454545454545454545454545455,8,7,0.3181818181818181818181818182,9
MOMENTUM_CNYRUBF,SHORT,exit_reason,UNKNOWN_PATH_CONDITIONAL_REDUCE_ALL,6,0,6,False,PARTIAL_COVERAGE,UNRESOLVED,UNRESOLVED,False,,,UNRESOLVED,UNRESOLVED,,,UNRESOLVED,,,UNRESOLVED,,NO_CLOSED_TRADES,,,,,,,,NO_CLOSED_TRADES,{'UNKNOWN_PATH_CONDITIONAL_REDUCE_ALL': 6},Declared conditional M5 model; full fields require full approved-window period coverage; closed diagnostics omit all unknown trades,,,,,,,1,1.111111111111111111111111111,-0,-0.09999999999999999999999999998,0,0,0,,,0,,0,0,,0,0,,0,0,,0
MOMENTUM_CNYRUBF,SHORT,time_bucket,11:00,13,12,1,False,PARTIAL_COVERAGE,UNRESOLVED,UNRESOLVED,False,,,UNRESOLVED,UNRESOLVED,,,UNRESOLVED,,,UNRESOLVED,0.7514124293785310734463276836,,1.584269662921348314606741573,0.052,0.096,-0.044,-0.003666666666666666666666666667,0.3333333333333333333333333333,0.15,NEGATIVE,"{'STOP': 7, 'UNKNOWN_PATH_CONDITIONAL_REDUCE_ALL': 1, 'TAKE': 3, 'MAX_HOLD': 2}",Declared conditional M5 model; full fields require full approved-window period coverage; closed diagnostics omit all unknown trades,0.5416666666666666666666666665,1.027461599140098125899342938,0.2228116710875331564986737400,0.3009016183838699051680796103,-1.267857142857142857142857143,-0.5795893733266958419088236533,0.4,0.7904748473557960217345456854,-0.4090909090909090909090909091,-0.4076452379014906723475466716,12,3,5,60.0,2.5,6,0.5,3,5,0.4166666666666666666666666667,3,3,0.25,2,1,0.08333333333333333333333333333,1
MOMENTUM_CNYRUBF,SHORT,time_bucket,11:30,23,21,2,False,PARTIAL_COVERAGE,UNRESOLVED,UNRESOLVED,False,,,UNRESOLVED,UNRESOLVED,,,UNRESOLVED,,,UNRESOLVED,0.3116591928251121076233183857,,0.6304347826086956521739130435,-0.085,0.222,-0.307,-0.01461904761904761904761904762,0.1428571428571428571428571429,0.381,NEGATIVE,"{'STOP': 18, 'UNKNOWN_PATH_CONDITIONAL_REDUCE_ALL': 2, 'MAX_HOLD': 1, 'TAKE': 2}",Declared conditional M5 model; full fields require full approved-window period coverage; closed diagnostics omit all unknown trades,0.75,1.252133580705009276437847866,0.25,0.2522366522366522366522366522,-2,-1.334250669964955679241393528,1,0.9742988895162808206286467161,-0.05042016806722689075630252102,-0.3889707119124978969461105057,21,8,8,20.0,15.0,11,0.5238095238095238095238095238,0,10,0.4761904761904761904761904762,0,6,0.2857142857142857142857142857,2,2,0.09523809523809523809523809524,1
MOMENTUM_CNYRUBF,SHORT,time_bucket,12:00,14,14,0,False,PARTIAL_COVERAGE,ACCOUNTED,PARTIAL_COVERAGE,False,,,PARTIAL_COVERAGE,PARTIAL_COVERAGE,,,PARTIAL_COVERAGE,,,PARTIAL_COVERAGE,0.3266666666666666666666666667,,0.9210526315789473684210526316,-0.012,0.190,-0.202,-0.01442857142857142857142857143,0.2142857142857142857142857143,0.266,NEGATIVE,"{'TAKE': 3, 'STOP': 11}",Declared conditional M5 model; full fields require full approved-window period coverage; closed diagnostics omit all unknown trades,0.2019230769230769230769230769,0.5705128205128205128205128205,0.1923076923076923076923076923,0.2815934065934065934065934066,-2,-1.510531135531135531135531136,1,1.201007326007326007326007326,-0.1343283582089552238805970149,-0.3212776441797709811375716018,14,3,7,15.0,0.0,6,0.4285714285714285714285714286,2,5,0.3571428571428571428571428571,2,2,0.1428571428571428571428571429,2,0,0,2
MOMENTUM_CNYRUBF,SHORT,time_bucket,12:30,11,9,2,False,PARTIAL_COVERAGE,UNRESOLVED,UNRESOLVED,False,,,UNRESOLVED,UNRESOLVED,,,UNRESOLVED,,,UNRESOLVED,0.6956521739130434782608695652,,1.666666666666666666666666667,0.048,0.090,-0.042,-0.004666666666666666666666666667,0.3333333333333333333333333333,0.083,NEGATIVE,"{'STOP': 5, 'TAKE': 3, 'UNKNOWN_PATH_CONDITIONAL_REDUCE_ALL': 2, 'SESSION_FLAT': 1}",Declared conditional M5 model; full fields require full approved-window period coverage; closed diagnostics omit all unknown trades,0.4666666666666666666666666667,1.13070219540807776101893749,0,0.2292357968828557063851181498,-1.133333333333333333333333333,-0.3091838444779621250209485503,1,0.9004387769093651446592623063,-0E+2,-0.1672067848477251431276810931,9,1,4,40.0,2.5,4,0.4444444444444444444444444444,2,4,0.4444444444444444444444444444,1,1,0.1111111111111111111111111111,2,1,0.1111111111111111111111111111,0
MOMENTUM_CNYRUBF,SHORT,time_bucket,13:00,20,20,0,False,PARTIAL_COVERAGE,ACCOUNTED,PARTIAL_COVERAGE,False,,,PARTIAL_COVERAGE,PARTIAL_COVERAGE,,,PARTIAL_COVERAGE,,,PARTIAL_COVERAGE,0.1720779220779220779220779221,,0.8650793650793650793650793651,-0.017,0.238,-0.255,-0.01275,0.15,0.285,NEGATIVE,"{'SESSION_FLAT': 9, 'STOP': 9, 'TAKE': 2}",Declared conditional M5 model; full fields require full approved-window period coverage; closed diagnostics omit all unknown trades,0.8990384615384615384615384615,1.519455128205128205128205128,0.225,0.2742628205128205128205128206,-1.243589743589743589743589744,-0.8213141025641025641025641025,0.8333333333333333333333333335,1.089551282051282051282051282,-0.4675324675324675324675324675,-0.4385061043000746554351475204,20,8,8,20.0,12.5,12,0.6,3,9,0.45,4,7,0.35,4,4,0.2,1
MOMENTUM_CNYRUBF,SHORT,time_bucket,15:00,5,5,0,False,PARTIAL_COVERAGE,ACCOUNTED,PARTIAL_COVERAGE,False,,,PARTIAL_COVERAGE,PARTIAL_COVERAGE,,,PARTIAL_COVERAGE,,,PARTIAL_COVERAGE,0E+3,,0E+3,-0.036,0.046,-0.082,-0.0164,0,0.082,NEGATIVE,{'STOP': 5},Declared conditional M5 model; full fields require full approved-window period coverage; closed diagnostics omit all unknown trades,1,1.16,0,0.1828571428571428571428571429,-1.5,-2.037142857142857142857142858,0.5,1.037142857142857142857142857,-0.4528301886792452830188679245,-0.4611619490016167817016422236,5,3,5,,5.0,3,0.6,1,3,0.6,0,1,0.2,0,1,0.2,0
MOMENTUM_CNYRUBF,SHORT,time_bucket,15:30,11,11,0,False,PARTIAL_COVERAGE,ACCOUNTED,PARTIAL_COVERAGE,False,,,PARTIAL_COVERAGE,PARTIAL_COVERAGE,,,PARTIAL_COVERAGE,,,PARTIAL_COVERAGE,0.5378151260504201680672268908,,1.491228070175438596491228070,0.056,0.166,-0.110,-0.010,0.2727272727272727272727272727,0.16,NEGATIVE,"{'STOP': 8, 'TAKE': 2, 'MAX_HOLD': 1}",Declared conditional M5 model; full fields require full approved-window period coverage; closed diagnostics omit all unknown trades,1,1.346590909090909090909090909,0,0.256439393939393939393939394,-1.666666666666666666666666667,-0.9580808080808080808080808082,1,1.007323232323232323232323232,-0.5714285714285714285714285714,-0.4744990932634522394895221004,11,4,6,30.0,2.5,7,0.6363636363636363636363636364,0,7,0.6363636363636363636363636364,0,4,0.3636363636363636363636363636,0,2,0.1818181818181818181818181818,1
MOMENTUM_CNYRUBF,SHORT,time_bucket,16:00,14,14,0,False,PARTIAL_COVERAGE,ACCOUNTED,PARTIAL_COVERAGE,False,,,PARTIAL_COVERAGE,PARTIAL_COVERAGE,,,PARTIAL_COVERAGE,,,PARTIAL_COVERAGE,0.8054054054054054054054054054,,2.532467532467532467532467532,0.118,0.154,-0.036,-0.002571428571428571428571428571,0.3571428571428571428571428571,0.105,NEGATIVE,"{'STOP': 8, 'TAKE': 5, 'MAX_HOLD': 1}",Declared conditional M5 model; full fields require full approved-window period coverage; closed diagnostics omit all unknown trades,1.466666666666666666666666666,1.412585034013605442176870748,0,0.160479282622139764996907854,-1.424242424242424242424242424,-0.7488033395176252319109461964,1,1.112918985776128633271490415,-0.2935237626200443240581137650,-0.4316906925900259679974273786,14,3,6,30.0,5.0,8,0.5714285714285714285714285714,2,8,0.5714285714285714285714285714,2,6,0.4285714285714285714285714286,1,3,0.2142857142857142857142857143,3
MOMENTUM_CNYRUBF,SHORT,time_bucket,16:30,12,11,1,False,PARTIAL_COVERAGE,UNRESOLVED,UNRESOLVED,False,,,UNRESOLVED,UNRESOLVED,,,UNRESOLVED,,,UNRESOLVED,0.3493975903614457831325301205,,0.4920634920634920634920634921,-0.032,0.022,-0.054,-0.004909090909090909090909090909,0.09090909090909090909090909091,0.071,NEGATIVE,"{'UNKNOWN_PATH_CONDITIONAL_REDUCE_ALL': 1, 'STOP': 10, 'MAX_HOLD': 1}",Declared conditional M5 model; full fields require full approved-window period coverage; closed diagnostics omit all unknown trades,0,0.5136363636363636363636363636,0,0.1871717171717171717171717172,-1.333333333333333333333333333,-1.308903318903318903318903319,0.3333333333333333333333333333,0.5184391534391534391534391534,-0.705397301349325337331334333,-0.6059804433169013776584131342,11,3,8,90.0,0.0,4,0.3636363636363636363636363636,1,3,0.2727272727272727272727272727,1,0,0,1,0,0,0
MOMENTUM_CNYRUBF,SHORT,time_bucket,17:00,10,10,0,False,PARTIAL_COVERAGE,ACCOUNTED,PARTIAL_COVERAGE,False,,,PARTIAL_COVERAGE,PARTIAL_COVERAGE,,,PARTIAL_COVERAGE,,,PARTIAL_COVERAGE,0.9037433155080213903743315508,,1.486956521739130434782608696,0.056,0.074,-0.018,-0.0018,0.1,0.145,NEGATIVE,"{'STOP': 9, 'TAKE': 1}",Declared conditional M5 model; full fields require full approved-window period coverage; closed diagnostics omit all unknown trades,0.6785714285714285714285714285,1.25015873015873015873015873,0.65,0.6033881396381396381396381396,-1.253968253968253968253968254,-0.6638297813297813297813297813,0.2539682539682539682539682540,0.5411025086025086025086025086,-0.1590198123044838373305526590,-0.3142068409883861164215341726,10,5,5,25.0,10.0,6,0.6,0,3,0.3,0,2,0.2,0,2,0.2,0
MOMENTUM_CNYRUBF,SHORT,time_bucket,17:30,16,16,0,False,PARTIAL_COVERAGE,ACCOUNTED,PARTIAL_COVERAGE,False,,,PARTIAL_COVERAGE,PARTIAL_COVERAGE,,,PARTIAL_COVERAGE,,,PARTIAL_COVERAGE,0.1469648562300319488817891374,,0.5235602094240837696335078534,-0.091,0.176,-0.267,-0.0166875,0.25,0.267,NEGATIVE,"{'STOP': 10, 'SESSION_FLAT': 6}",Declared conditional M5 model; full fields require full approved-window period coverage; closed diagnostics omit all unknown trades,0.5,1.552083333333333333333333333,0,0.2196180555555555555555555555,-1.25,-1.014384920634920634920634921,0.8333333333333333333333333335,0.9831349206349206349206349206,-0.522727272727272727272727273,-0.5303747359388804107249184815,16,5,8,42.5,7.5,9,0.5625,3,7,0.4375,2,6,0.375,1,5,0.3125,1
MOMENTUM_CNYRUBF,SHORT,time_bucket,18:00,6,6,0,False,PARTIAL_COVERAGE,ACCOUNTED,PARTIAL_COVERAGE,False,,,PARTIAL_COVERAGE,PARTIAL_COVERAGE,,,PARTIAL_COVERAGE,,,PARTIAL_COVERAGE,0.8347826086956521739130434783,,1.886792452830188679245283019,0.047,0.066,-0.019,-0.003166666666666666666666666667,0.3333333333333333333333333333,0.10,NEGATIVE,"{'SESSION_FLAT': 2, 'STOP': 3, 'TAKE': 1}",Declared conditional M5 model; full fields require full approved-window period coverage; closed diagnostics omit all unknown trades,0.9166666666666666666666666665,1.82008547008547008547008547,0.2435897435897435897435897436,0.3183760683760683760683760683,-0.9102564102564102564102564105,0.5735042735042735042735042735,0.5333333333333333333333333335,0.5452991452991452991452991453,-0.1743341404358353510895883777,-0.2859006363436255578012126548,6,2,2,17.5,15.0,4,0.6666666666666666666666666667,0,3,0.5,0,2,0.3333333333333333333333333333,0,1,0.1666666666666666666666666667,0
MOMENTUM_CNYRUBF,SHORT,session_half,AM,81,76,5,False,PARTIAL_COVERAGE,UNRESOLVED,UNRESOLVED,False,,,UNRESOLVED,UNRESOLVED,,,UNRESOLVED,,,UNRESOLVED,0.3791088385682980277574872169,,0.9790732436472346786248131540,-0.014,0.836,-0.850,-0.01118421052631578947368421053,0.2105263157894736842105263158,1.072,NEGATIVE,"{'TAKE': 13, 'STOP': 50, 'SESSION_FLAT': 10, 'UNKNOWN_PATH_CONDITIONAL_REDUCE_ALL': 5, 'MAX_HOLD': 3}",Declared conditional M5 model; full fields require full approved-window period coverage; closed diagnostics omit all unknown trades,0.5,1.147065081505804255884324209,0.1689655172413793103448275862,0.2684009920011307862274020063,-1.5,-0.9911935407658424632909526688,1,1.002407434884333689832901012,-0.2686567164179104477611940298,-0.3623826938833344912260752247,76,23,32,22.5,10.0,39,0.5131578947368421052631578947,10,33,0.4342105263157894736842105263,10,19,0.25,12,8,0.1052631578947368421052631579,5
MOMENTUM_CNYRUBF,SHORT,session_half,PM,74,73,1,False,PARTIAL_COVERAGE,UNRESOLVED,UNRESOLVED,False,,,UNRESOLVED,UNRESOLVED,,,UNRESOLVED,,,UNRESOLVED,0.5128844555278470490440565254,,1.181818181818181818181818182,0.118,0.704,-0.586,-0.008027397260273972602739726027,0.2191780821917808219178082192,0.790,NEGATIVE,"{'STOP': 53, 'TAKE': 9, 'SESSION_FLAT': 8, 'MAX_HOLD': 3, 'UNKNOWN_PATH_CONDITIONAL_REDUCE_ALL': 1}",Declared conditional M5 model; full fields require full approved-window period coverage; closed diagnostics omit all unknown trades,0.6666666666666666666666666667,1.291700327830464816766186629,0,0.2671060902567751882820375970,-1.285714285714285714285714286,-0.8908659909344840851690166759,0.5833333333333333333333333335,0.8443430293430293430293430295,-0.516129032258064516129032258,-0.4619486863504991852618811954,73,25,40,35.0,5.0,41,0.5616438356164383561643835616,7,34,0.4657534246575342465753424658,5,21,0.2876712328767123287671232877,3,14,0.1917808219178082191780821918,5
MOMENTUM_CNYRUBF,SHORT,net_outcome,LOSS,116,116,0,False,PARTIAL_COVERAGE,ACCOUNTED,PARTIAL_COVERAGE,False,,,PARTIAL_COVERAGE,PARTIAL_COVERAGE,,,PARTIAL_COVERAGE,,,PARTIAL_COVERAGE,0E+3,,0.03034901365705614567526555387,-1.278,1.294,-2.572,-0.02217241379310344827586206897,0,2.572,NEGATIVE,"{'STOP': 103, 'SESSION_FLAT': 11, 'MAX_HOLD': 2}",Declared conditional M5 model; full fields require full approved-window period coverage; closed diagnostics omit all unknown trades,0.1678321678321678321678321678,0.7310141149137092341960496116,0,0.2654403595897003604914355421,-1.666666666666666666666666667,-1.919063274172300541468898469,1,1.034496927739828348347618125,-0.502578622712104358377995753,-0.4540899329972453541690672888,116,48,72,,5.0,48,0.4137931034482758620689655172,16,36,0.3103448275862068965517241379,13,19,0.1637931034482758620689655172,7,9,0.07758620689655172413793103448,1
MOMENTUM_CNYRUBF,SHORT,net_outcome,UNKNOWN,6,0,6,False,PARTIAL_COVERAGE,UNRESOLVED,UNRESOLVED,False,,,UNRESOLVED,UNRESOLVED,,,UNRESOLVED,,,UNRESOLVED,,NO_CLOSED_TRADES,,,,,,,,NO_CLOSED_TRADES,{'UNKNOWN_PATH_CONDITIONAL_REDUCE_ALL': 6},Declared conditional M5 model; full fields require full approved-window period coverage; closed diagnostics omit all unknown trades,,,,,,,1,1.111111111111111111111111111,-0,-0.09999999999999999999999999998,0,0,0,,,0,,0,0,,0,0,,0,0,,0
MOMENTUM_CNYRUBF,SHORT,net_outcome,WIN,32,32,0,False,PARTIAL_COVERAGE,ACCOUNTED,PARTIAL_COVERAGE,False,,,PARTIAL_COVERAGE,PARTIAL_COVERAGE,,,PARTIAL_COVERAGE,,,PARTIAL_COVERAGE,,NO_LOSSES,,1.362,0.226,1.136,0.0355,1,0,POSITIVE,"{'TAKE': 22, 'SESSION_FLAT': 6, 'MAX_HOLD': 4}",Declared conditional M5 model; full fields require full approved-window period coverage; closed diagnostics omit all unknown trades,2.416666666666666666666666666,2.983544774877336997012453402,0.2290209790209790209790209790,0.2783168208882902087770241928,1.895833333333333333333333334,2.570231667736421793216925063,0.225,0.5190023785165139120514374062,-0.3077922077922077922077922078,-0.3207115239627053879712342569,32,0,0,30.0,,31,0.96875,1,30,0.9375,2,21,0.65625,8,13,0.40625,9
MOMENTUM_CNYRUBF,SHORT,net_outcome,ZERO,1,1,0,False,PARTIAL_COVERAGE,ACCOUNTED,PARTIAL_COVERAGE,False,,,PARTIAL_COVERAGE,PARTIAL_COVERAGE,,,PARTIAL_COVERAGE,,,PARTIAL_COVERAGE,,NO_LOSSES,,0.02,0.02,0.00,0.00,0,0,ZERO_NET,{'SESSION_FLAT': 1},Declared conditional M5 model; full fields require full approved-window period coverage; closed diagnostics omit all unknown trades,1.2,1.2,0.2,0.2,0,0,0.4,0.4,-0E+27,0,1,0,0,,,1,1,0,1,1,0,0,0,0,0,0,0
MOMENTUM_CNYRUBF,SHORT,adx_regime,NOT_READY,86,82,4,False,PARTIAL_COVERAGE,UNRESOLVED,UNRESOLVED,False,,,UNRESOLVED,UNRESOLVED,,,UNRESOLVED,,,UNRESOLVED,0.4152759948652118100128369705,,1.085365853658536585365853659,0.063,0.974,-0.911,-0.01110975609756097560975609756,0.2195121951219512195121951220,1.17,NEGATIVE,"{'STOP': 61, 'TAKE': 15, 'UNKNOWN_PATH_CONDITIONAL_REDUCE_ALL': 4, 'MAX_HOLD': 5, 'SESSION_FLAT': 1}",Declared conditional M5 model; full fields require full approved-window period coverage; closed diagnostics omit all unknown trades,0.625,1.109758711559223605926223053,0,0.2296576318806442983952507526,-1.666666666666666666666666667,-1.223531980176466398204883339,1,1.073794019543465272037374495,-0.4318945463944171620573791676,-0.4060838977917805515529602964,82,25,41,30.0,5.0,42,0.5121951219512195121951219512,9,39,0.4756097560975609756097560976,8,23,0.2804878048780487804878048780,7,10,0.1219512195121951219512195122,8
MOMENTUM_CNYRUBF,SHORT,adx_regime,SUB_25,40,39,1,False,PARTIAL_COVERAGE,UNRESOLVED,UNRESOLVED,False,,,UNRESOLVED,UNRESOLVED,,,UNRESOLVED,,,UNRESOLVED,0.3144104803493449781659388646,,0.7357142857142857142857142857,-0.074,0.240,-0.314,-0.008051282051282051282051282051,0.1794871794871794871794871795,0.347,NEGATIVE,"{'SESSION_FLAT': 7, 'STOP': 28, 'UNKNOWN_PATH_CONDITIONAL_REDUCE_ALL': 1, 'TAKE': 3, 'MAX_HOLD': 1}",Declared conditional M5 model; full fields require full approved-window period coverage; closed diagnostics omit all unknown trades,0.5,1.344157380243353094031827063,0.375,0.3745284918701208293968474964,-1.285714285714285714285714286,-0.7445948504319545043526943977,0.3666666666666666666666666666,0.696588764993176757882640235,-0.4932432432432432432432432432,-0.465281208739698693847922073,39,13,20,25.0,10.0,21,0.5384615384615384615384615385,7,14,0.3589743589743589743589743590,6,10,0.2564102564102564102564102564,6,8,0.2051282051282051282051282051,2
MOMENTUM_CNYRUBF,SHORT,adx_regime,TREND_25_PLUS,29,28,1,False,PARTIAL_COVERAGE,UNRESOLVED,UNRESOLVED,False,,,UNRESOLVED,UNRESOLVED,,,UNRESOLVED,,,UNRESOLVED,0.6205035971223021582733812950,,1.383333333333333333333333333,0.115,0.326,-0.211,-0.007535714285714285714285714286,0.25,0.42,NEGATIVE,"{'STOP': 14, 'TAKE': 4, 'SESSION_FLAT': 10, 'UNKNOWN_PATH_CONDITIONAL_REDUCE_ALL': 1}",Declared conditional M5 model; full fields require full approved-window period coverage; closed diagnostics omit all unknown trades,0.75,1.358882783882783882783882784,0.04166666666666666666666666666,0.2306672494172494172494172494,-1.176923076923076923076923077,-0.3926823176823176823176823175,0.6666666666666666666666666667,0.8091913833293143637971224176,-0.3486682808716707021791767554,-0.3449219805105502865937873541,28,10,11,40.0,10.0,17,0.6071428571428571428571428571,1,14,0.5,1,7,0.25,2,4,0.1428571428571428571428571429,0
MOMENTUM_CNYRUBF,SHORT,di_aligned,False,24,21,3,False,PARTIAL_COVERAGE,UNRESOLVED,UNRESOLVED,False,,,UNRESOLVED,UNRESOLVED,,,UNRESOLVED,,,UNRESOLVED,0.5173210161662817551963048499,,1.431472081218274111675126904,0.085,0.294,-0.209,-0.009952380952380952380952380952,0.2857142857142857142857142857,0.41,NEGATIVE,"{'STOP': 14, 'SESSION_FLAT': 3, 'UNKNOWN_PATH_CONDITIONAL_REDUCE_ALL': 3, 'TAKE': 3, 'MAX_HOLD': 1}",Declared conditional M5 model; full fields require full approved-window period coverage; closed diagnostics omit all unknown trades,0.5,1.32383786848072562358276644,0,0.2378401360544217687074829932,-2,-0.9461451247165532879818594105,1,1.143105158730158730158730158,-0.2580645161290322580645161290,-0.3860822902380789887725794939,21,5,10,47.5,5.0,11,0.5238095238095238095238095238,2,9,0.4285714285714285714285714286,2,7,0.3333333333333333333333333333,0,3,0.1428571428571428571428571429,2
MOMENTUM_CNYRUBF,SHORT,di_aligned,None,15,15,0,False,PARTIAL_COVERAGE,ACCOUNTED,PARTIAL_COVERAGE,False,,,PARTIAL_COVERAGE,PARTIAL_COVERAGE,,,PARTIAL_COVERAGE,,,PARTIAL_COVERAGE,0.3522727272727272727272727273,,0.75,-0.033,0.138,-0.171,-0.0114,0.2,0.22,NEGATIVE,"{'STOP': 12, 'TAKE': 2, 'MAX_HOLD': 1}",Declared conditional M5 model; full fields require full approved-window period coverage; closed diagnostics omit all unknown trades,0.75,1.005046202389001577642551273,0.1379310344827586206896551724,0.2611608551466563636949032487,-1.5,-1.214513989503847516017901414,0.5,0.8605360764995653433787308027,-0.4528301886792452830188679245,-0.4772920363878872891851947994,15,6,9,70.0,5.0,8,0.5333333333333333333333333333,3,7,0.4666666666666666666666666667,2,3,0.2,2,1,0.06666666666666666666666666667,1
MOMENTUM_CNYRUBF,SHORT,di_aligned,True,116,113,3,False,PARTIAL_COVERAGE,UNRESOLVED,UNRESOLVED,False,,,UNRESOLVED,UNRESOLVED,,,UNRESOLVED,,,UNRESOLVED,0.4368,,1.052578361981799797775530839,0.052,1.108,-1.056,-0.009345132743362831858407079646,0.2035398230088495575221238938,1.319,NEGATIVE,"{'TAKE': 17, 'STOP': 77, 'SESSION_FLAT': 15, 'UNKNOWN_PATH_CONDITIONAL_REDUCE_ALL': 3, 'MAX_HOLD': 4}",Declared conditional M5 model; full fields require full approved-window period coverage; closed diagnostics omit all unknown trades,0.6666666666666666666666666667,1.226502494266679586825344242,0.08333333333333333333333333333,0.2742049937742285477839876590,-1.285714285714285714285714286,-0.9051076900426197667217969142,0.6666666666666666666666666665,0.8908088055172233671219472440,-0.4223469219343125928371018319,-0.4061365989909899002618230333,113,37,53,25.0,10.0,61,0.5398230088495575221238938053,12,51,0.4513274336283185840707964602,11,30,0.2654867256637168141592920354,13,18,0.1592920353982300884955752212,7
MOMENTUM_CNYRUBF,SHORT,ema_aligned,None,155,149,6,False,PARTIAL_COVERAGE,UNRESOLVED,UNRESOLVED,False,,,UNRESOLVED,UNRESOLVED,,,UNRESOLVED,,,UNRESOLVED,0.4416796267496111975116640747,,1.078907435508345978755690440,0.104,1.540,-1.436,-0.009637583892617449664429530201,0.2147651006711409395973154362,1.832,NEGATIVE,"{'STOP': 103, 'TAKE': 22, 'SESSION_FLAT': 18, 'UNKNOWN_PATH_CONDITIONAL_REDUCE_ALL': 6, 'MAX_HOLD': 6}",Declared conditional M5 model; full fields require full approved-window period coverage; closed diagnostics omit all unknown trades,0.5,1.217926645141376208531142710,0.04,0.2677665770525538825360489736,-1.333333333333333333333333333,-0.9420397747410829894459773181,0.6666666666666666666666666667,0.9269444283678400016815249458,-0.4109589041095890410958904108,-0.4099174257708840870883309787,149,48,72,30.0,5.0,80,0.5369127516778523489932885906,17,67,0.4496644295302013422818791946,15,40,0.2684563758389261744966442953,15,22,0.1476510067114093959731543624,10
MOMENTUM_CNYRUBF,SHORT,breakout_entry_class,EXTENDED_GT_1_ATR,20,19,1,False,PARTIAL_COVERAGE,UNRESOLVED,UNRESOLVED,False,,,UNRESOLVED,UNRESOLVED,,,UNRESOLVED,,,UNRESOLVED,0.3247311827956989247311827957,,0.6941176470588235294117647059,-0.078,0.236,-0.314,-0.01652631578947368421052631579,0.2105263157894736842105263158,0.42,NEGATIVE,"{'STOP': 13, 'SESSION_FLAT': 3, 'TAKE': 3, 'UNKNOWN_PATH_CONDITIONAL_REDUCE_ALL': 1}",Declared conditional M5 model; full fields require full approved-window period coverage; closed diagnostics omit all unknown trades,0.5,1.271521088308747110924969364,0,0.2164250701909504087362526564,-1.4,-1.159073302176750452612521578,0.5,0.9892938192076123110605869225,-0E+28,-0.1481348105877555468293594025,19,7,11,17.5,5.0,10,0.5263157894736842105263157895,2,8,0.4210526315789473684210526316,2,8,0.4210526315789473684210526316,1,4,0.2105263157894736842105263158,1
MOMENTUM_CNYRUBF,SHORT,breakout_entry_class,INSIDE_RANGE,65,64,1,False,PARTIAL_COVERAGE,UNRESOLVED,UNRESOLVED,False,,,UNRESOLVED,UNRESOLVED,,,UNRESOLVED,,,UNRESOLVED,0.5384615384615384615384615385,,1.386308068459657701711491443,0.158,0.560,-0.402,-0.00628125,0.1875,0.615,NEGATIVE,"{'STOP': 47, 'TAKE': 5, 'SESSION_FLAT': 8, 'UNKNOWN_PATH_CONDITIONAL_REDUCE_ALL': 1, 'MAX_HOLD': 4}",Declared conditional M5 model; full fields require full approved-window period coverage; closed diagnostics omit all unknown trades,0.9285714285714285714285714285,1.377413441338073691014867485,0,0.2043169529612544318426671369,-1.666666666666666666666666667,-1.119851089474251238957121311,1,1.097856984644314961057042505,-0.6666666666666666666666666667,-0.7644577608115953039595614486,64,23,37,47.5,5.0,35,0.546875,11,32,0.5,10,20,0.3125,8,11,0.171875,2
MOMENTUM_CNYRUBF,SHORT,breakout_entry_class,PERSISTENT_LE_1_ATR,70,66,4,False,PARTIAL_COVERAGE,UNRESOLVED,UNRESOLVED,False,,,UNRESOLVED,UNRESOLVED,,,UNRESOLVED,,,UNRESOLVED,0.4174757281553398058252427184,,1.036697247706422018348623853,0.024,0.744,-0.720,-0.01090909090909090909090909091,0.2424242424242424242424242424,0.875,NEGATIVE,"{'TAKE': 14, 'STOP': 43, 'SESSION_FLAT': 7, 'UNKNOWN_PATH_CONDITIONAL_REDUCE_ALL': 4, 'MAX_HOLD': 2}",Declared conditional M5 model; full fields require full approved-window period coverage; closed diagnostics omit all unknown trades,0.5,1.047844078826699147554762528,0.3964285714285714285714285714,0.3440736160254876832416939367,-1.236111111111111111111111111,-0.7071373328592579929478325198,0.6666666666666666666666666665,0.7504258001568925938673837833,-0E+27,-0.1554964332854032543533231354,66,18,24,22.5,15.0,35,0.5303030303030303030303030303,4,27,0.4090909090909090909090909091,3,12,0.1818181818181818181818181818,6,7,0.1060606060606060606060606061,7
MOMENTUM_CNYRUBF,SHORT,cost_class,NET_RR_GE_1,127,125,2,False,PARTIAL_COVERAGE,UNRESOLVED,UNRESOLVED,False,,,UNRESOLVED,UNRESOLVED,,,UNRESOLVED,,,UNRESOLVED,0.5422832980972515856236786469,,1.186897880539499036608863198,0.194,1.060,-0.866,-0.006928,0.224,1.262,NEGATIVE,"{'STOP': 84, 'TAKE': 18, 'SESSION_FLAT': 17, 'UNKNOWN_PATH_CONDITIONAL_REDUCE_ALL': 2, 'MAX_HOLD': 6}",Declared conditional M5 model; full fields require full approved-window period coverage; closed diagnostics omit all unknown trades,0.6666666666666666666666666667,1.275768561008520440569122110,0.1,0.2791777598466442279829703765,-1.285714285714285714285714286,-0.7829114114913709234196049614,0.5,0.8268481868531380597950370039,-0.5454545454545454545454545456,-0.5002929212164333346353645803,125,39,60,35.0,5.0,67,0.536,15,56,0.448,14,34,0.272,14,20,0.16,7
MOMENTUM_CNYRUBF,SHORT,cost_class,NET_RR_LT_1,27,23,4,False,PARTIAL_COVERAGE,UNRESOLVED,UNRESOLVED,False,,,UNRESOLVED,UNRESOLVED,,,UNRESOLVED,,,UNRESOLVED,0.1692307692307692307692307692,,0.7037037037037037037037037037,-0.08,0.46,-0.54,-0.02347826086956521739130434783,0.1739130434782608695652173913,0.57,NEGATIVE,"{'TAKE': 4, 'STOP': 18, 'UNKNOWN_PATH_CONDITIONAL_REDUCE_ALL': 4, 'SESSION_FLAT': 1}",Declared conditional M5 model; full fields require full approved-window period coverage; closed diagnostics omit all unknown trades,0.5,0.8260869565217391304347826087,0,0.2173913043478260869565217391,-2,-1.717391304347826086956521739,1,1.358024691358024691358024691,-0E+27,0,23,8,11,25.0,10.0,12,0.5217391304347826086956521739,2,10,0.4347826086956521739130434783,1,5,0.2173913043478260869565217391,1,1,0.04347826086956521739130434783,3
MOMENTUM_CNYRUBF,SHORT,cost_class,TARGET_CANNOT_PAY_C1,1,1,0,False,PARTIAL_COVERAGE,ACCOUNTED,PARTIAL_COVERAGE,False,,,PARTIAL_COVERAGE,PARTIAL_COVERAGE,,,PARTIAL_COVERAGE,,,PARTIAL_COVERAGE,0E+2,,0E+2,-0.01,0.02,-0.03,-0.03,0,0.03,NEGATIVE,{'STOP': 1},Declared conditional M5 model; full fields require full approved-window period coverage; closed diagnostics omit all unknown trades,3,3,0,0,-3,-3,2,2,-0E+28,0,1,1,1,,5.0,1,1,0,1,1,0,1,1,0,1,1,0
MOMENTUM_GLDRUBF,ALL,ALL,ALL,147,126,21,False,PARTIAL_COVERAGE,UNRESOLVED,UNRESOLVED,False,,,UNRESOLVED,UNRESOLVED,,,UNRESOLVED,,,UNRESOLVED,1.137962539972590223846505254,,1.203422053231939163498098859,85.6,25.2,60.4,0.4793650793650793650793650794,0.3253968253968253968253968254,60.1,POSITIVE,"{'STOP': 83, 'UNKNOWN_PATH_CONDITIONAL_REDUCE_ALL': 21, 'TAKE': 20, 'MAX_HOLD': 8, 'SESSION_FLAT': 15}",Declared conditional M5 model; full fields require full approved-window period coverage; closed diagnostics omit all unknown trades,0.4036105738233397807865892972,0.9890558822816288991478073976,0.1081871345029239766081871345,0.2852261707044708061012193376,-1.030303030303030303030303030,-0.007515096240854371037326893492,0.04,0.08392482297316247305521741401,-0.3943661971830985915492957746,-0.4705513259922124399982275982,126,22,57,35.0,5.0,59,0.4682539682539682539682539683,12,43,0.3412698412698412698412698413,11,21,0.1666666666666666666666666667,15,10,0.07936507936507936507936507937,11
MOMENTUM_GLDRUBF,ALL,exit_reason,MAX_HOLD,8,8,0,False,PARTIAL_COVERAGE,ACCOUNTED,PARTIAL_COVERAGE,False,,,PARTIAL_COVERAGE,PARTIAL_COVERAGE,,,PARTIAL_COVERAGE,,,PARTIAL_COVERAGE,,NO_LOSSES,,73.8,1.6,72.2,9.025,1,0,POSITIVE,{'MAX_HOLD': 8},Declared conditional M5 model; full fields require full approved-window period coverage; closed diagnostics omit all unknown trades,1.356741859752985607839134429,1.715428647718716203510410255,0.2812646096306685366993922394,0.2971942067956898364231382541,0.983384514147839438473349419,1.099384351787091299213918492,0.02139098604438343628460306566,0.0229681502259892381046698294,-0.2177006923973400973469527662,-0.2039569211237309420416020711,8,0,0,90.0,,8,1,0,6,0.75,0,3,0.375,0,1,0.125,0
MOMENTUM_GLDRUBF,ALL,exit_reason,SESSION_FLAT,15,15,0,False,PARTIAL_COVERAGE,ACCOUNTED,PARTIAL_COVERAGE,False,,,PARTIAL_COVERAGE,PARTIAL_COVERAGE,,,PARTIAL_COVERAGE,,,PARTIAL_COVERAGE,241,,,99.0,3.0,96.0,6.4,0.8666666666666666666666666667,0.2,POSITIVE,{'SESSION_FLAT': 15},Declared conditional M5 model; full fields require full approved-window period coverage; closed diagnostics omit all unknown trades,1.524590163934426229508196721,1.940538620701870875773227789,0.15625,0.2686366359617633798794286245,0.7692307692307692307692307692,1.411551668988981590945064373,0.03508771929824561403508771930,0.04350139777728325484248884255,-0.3014354066985645933014354067,-0.369032890878917831002282262,15,0,0,40.0,30.0,11,0.7333333333333333333333333333,0,8,0.5333333333333333333333333333,0,5,0.3333333333333333333333333333,0,4,0.2666666666666666666666666667,0
MOMENTUM_GLDRUBF,ALL,exit_reason,STOP,83,83,0,False,PARTIAL_COVERAGE,ACCOUNTED,PARTIAL_COVERAGE,False,,,PARTIAL_COVERAGE,PARTIAL_COVERAGE,,,PARTIAL_COVERAGE,,,PARTIAL_COVERAGE,0E+1,,0E+1,-420.8,16.6,-437.4,-5.269879518072289156626506024,0,437.4,NEGATIVE,{'STOP': 83},Declared conditional M5 model; full fields require full approved-window period coverage; closed diagnostics omit all unknown trades,0,0.4486731527725032223006099027,0.03389830508474576271186440678,0.3149006116193690711357600316,-1.052631578947368421052631579,-1.241337129215261127075345957,0.05,0.1130766246000353904455551808,-0.5861182519280205655526992288,-0.6289823865057453069935255514,83,22,57,,5.0,22,0.2650602409638554216867469880,10,13,0.1566265060240963855421686747,7,7,0.08433734939759036144578313253,4,2,0.02409638554216867469879518072,3
MOMENTUM_GLDRUBF,ALL,exit_reason,TAKE,20,20,0,False,PARTIAL_COVERAGE,ACCOUNTED,PARTIAL_COVERAGE,False,,,PARTIAL_COVERAGE,PARTIAL_COVERAGE,,,PARTIAL_COVERAGE,,,PARTIAL_COVERAGE,,NO_LOSSES,,333.6,4.0,329.6,16.48,1,0,POSITIVE,{'TAKE': 20},Declared conditional M5 model; full fields require full approved-window period coverage; closed diagnostics omit all unknown trades,1.588942307692307692307692308,2.22748304975448405384957056,0.1330143540669856459330143540,0.1697321775281859637454509257,2.163934426229508196721311476,3.60578648746937842693316061,0.03708791208791208791208791208,0.04437009736332096933570310669,-0.0769230769230769230769230769,-0.1973099838323851782381979976,20,0,0,17.5,,18,0.9,2,16,0.8,4,6,0.3,11,3,0.15,8
MOMENTUM_GLDRUBF,ALL,exit_reason,UNKNOWN_PATH_CONDITIONAL_REDUCE_ALL,21,0,21,False,PARTIAL_COVERAGE,UNRESOLVED,UNRESOLVED,False,,,UNRESOLVED,UNRESOLVED,,,UNRESOLVED,,,UNRESOLVED,,NO_CLOSED_TRADES,,,,,,,,NO_CLOSED_TRADES,{'UNKNOWN_PATH_CONDITIONAL_REDUCE_ALL': 21},Declared conditional M5 model; full fields require full approved-window period coverage; closed diagnostics omit all unknown trades,,,,,,,0.04444444444444444444444444444,0.05847242950087447704510125852,-0.1589403973509933774834437086,-0.2786742110503356968164678926,0,0,0,,,0,,0,0,,0,0,,0,0,,0
MOMENTUM_GLDRUBF,ALL,time_bucket,11:00,8,7,1,False,PARTIAL_COVERAGE,UNRESOLVED,UNRESOLVED,False,,,UNRESOLVED,UNRESOLVED,,,UNRESOLVED,,,UNRESOLVED,0.9723926380368098159509202454,,1.015723270440251572327044025,0.5,1.4,-0.9,-0.1285714285714285714285714286,0.4285714285714285714285714286,18.8,NEGATIVE,"{'STOP': 4, 'UNKNOWN_PATH_CONDITIONAL_REDUCE_ALL': 1, 'TAKE': 3}",Declared conditional M5 model; full fields require full approved-window period coverage; closed diagnostics omit all unknown trades,0.3829787234042553191489361702,0.9087287209183675282580892149,0.2678571428571428571428571429,0.3665814981594602840604940123,-1.014598540145985401459854015,0.3804919878700231888786778717,0.03913373860182370820668693009,0.03737198214582080703964547518,-0.3377236391320898363151884278,-0.2952276880634386803459675901,7,0,2,70.0,12.5,3,0.4285714285714285714285714286,1,3,0.4285714285714285714285714286,1,1,0.1428571428571428571428571429,1,0,0,0
MOMENTUM_GLDRUBF,ALL,time_bucket,11:30,17,14,3,False,PARTIAL_COVERAGE,UNRESOLVED,UNRESOLVED,False,,,UNRESOLVED,UNRESOLVED,,,UNRESOLVED,,,UNRESOLVED,0.7516198704103671706263498920,,0.8036117381489841986455981941,-8.7,2.8,-11.5,-0.8214285714285714285714285714,0.2857142857142857142857142857,26.6,NEGATIVE,"{'UNKNOWN_PATH_CONDITIONAL_REDUCE_ALL': 3, 'TAKE': 1, 'STOP': 10, 'MAX_HOLD': 3}",Declared conditional M5 model; full fields require full approved-window period coverage; closed diagnostics omit all unknown trades,0.2241379310344827586206896552,0.7132315949774647990443573151,0.01851851851851851851851851852,0.1993747787834653539301968996,-1.031527093596059113300492611,-0.4480809899978207371424614606,0.04347826086956521739130434783,0.061121197245717576266932262,-0.5891980360065466448445171849,-0.5801676036315600933459652081,14,2,7,90.0,2.5,6,0.4285714285714285714285714286,1,5,0.3571428571428571428571428571,0,2,0.1428571428571428571428571429,0,0,0,1
MOMENTUM_GLDRUBF,ALL,time_bucket,12:00,20,17,3,False,PARTIAL_COVERAGE,UNRESOLVED,UNRESOLVED,False,,,UNRESOLVED,UNRESOLVED,,,UNRESOLVED,,,UNRESOLVED,1.004885993485342019543973941,,1.062711864406779661016949153,3.7,3.4,0.3,0.01764705882352941176470588235,0.2941176470588235294117647059,33.3,POSITIVE,"{'STOP': 12, 'TAKE': 2, 'MAX_HOLD': 2, 'UNKNOWN_PATH_CONDITIONAL_REDUCE_ALL': 3, 'SESSION_FLAT': 1}",Declared conditional M5 model; full fields require full approved-window period coverage; closed diagnostics omit all unknown trades,0.7363636363636363636363636364,1.049543075306064771749416504,0.2238805970149253731343283582,0.3687910363181665315653678375,-1.036363636363636363636363636,-0.4194045795334518938284087968,0.04088443888193575302461410096,0.0730700863317586892626507336,-0.5165726541554959785522788205,-0.4885578107885870699158301766,17,5,8,85.0,5.0,10,0.5882352941176470588235294118,2,7,0.4117647058823529411764705882,1,4,0.2352941176470588235294117647,2,1,0.05882352941176470588235294118,1
MOMENTUM_GLDRUBF,ALL,time_bucket,12:30,14,11,3,False,PARTIAL_COVERAGE,UNRESOLVED,UNRESOLVED,False,,,UNRESOLVED,UNRESOLVED,,,UNRESOLVED,,,UNRESOLVED,0.01968503937007874015748031496,,0.02459016393442622950819672131,-47.6,2.2,-49.8,-4.527272727272727272727272727,0.09090909090909090909090909091,49.8,NEGATIVE,"{'STOP': 10, 'UNKNOWN_PATH_CONDITIONAL_REDUCE_ALL': 3, 'SESSION_FLAT': 1}",Declared conditional M5 model; full fields require full approved-window period coverage; closed diagnostics omit all unknown trades,0.07462686567164179104477611940,0.2334039291692264841880503032,0.03389830508474576271186440678,0.3168556247511025165396462795,-1.04,-1.062003326147599195797159217,0.03210066769388803287108371854,0.1027936630592311411654493176,-0.01010101010101010101010101010,-0.3426545315902973301893371564,11,2,6,50.0,7.5,3,0.2727272727272727272727272727,0,0,0,0,0,0,0,0,0,0
MOMENTUM_GLDRUBF,ALL,time_bucket,13:00,8,7,1,False,PARTIAL_COVERAGE,UNRESOLVED,UNRESOLVED,False,,,UNRESOLVED,UNRESOLVED,,,UNRESOLVED,,,UNRESOLVED,1.653846153846153846153846154,,1.811475409836065573770491803,9.9,1.4,8.5,1.214285714285714285714285714,0.4285714285714285714285714286,8.2,POSITIVE,"{'STOP': 3, 'UNKNOWN_PATH_CONDITIONAL_REDUCE_ALL': 1, 'SESSION_FLAT': 2, 'TAKE': 2}",Declared conditional M5 model; full fields require full approved-window period coverage; closed diagnostics omit all unknown trades,0.2926829268292682926829268293,0.545697596794132969578757650,0.4772727272727272727272727273,0.4060593707037650468681417647,-0.01904761904761904761904761905,0.06214779618140962678777804829,0.04494949494949494949494949494,0.04329108640442930256416626575,-0.06478183211154200709267071885,-0.2248407981369903341543294681,7,2,1,20.0,17.5,3,0.4285714285714285714285714286,1,1,0.1428571428571428571428571429,1,0,0,2,0,0,1
MOMENTUM_GLDRUBF,ALL,time_bucket,15:00,2,2,0,False,PARTIAL_COVERAGE,ACCOUNTED,PARTIAL_COVERAGE,False,,,PARTIAL_COVERAGE,PARTIAL_COVERAGE,,,PARTIAL_COVERAGE,,,PARTIAL_COVERAGE,11.08333333333333333333333333,,13.5,12.5,0.4,12.1,6.05,0.5,1.2,POSITIVE,"{'STOP': 1, 'TAKE': 1}",Declared conditional M5 model; full fields require full approved-window period coverage; closed diagnostics omit all unknown trades,0.6329113924050632911392405065,0.6329113924050632911392405065,0.2848101265822784810126582278,0.2848101265822784810126582278,0.2417721518987341772151898735,0.2417721518987341772151898735,0.1126582278481012658227848101,0.1126582278481012658227848101,-0.508855000421265481506445362,-0.508855000421265481506445362,2,0,1,10.0,0.0,1,0.5,0,1,0.5,0,0,0,1,0,0,1
MOMENTUM_GLDRUBF,ALL,time_bucket,15:30,10,9,1,False,PARTIAL_COVERAGE,UNRESOLVED,UNRESOLVED,False,,,UNRESOLVED,UNRESOLVED,,,UNRESOLVED,,,UNRESOLVED,0.3622047244094488188976377953,,0.3869209809264305177111716621,-22.5,1.8,-24.3,-2.7,0.2222222222222222222222222222,25.6,NEGATIVE,"{'STOP': 7, 'MAX_HOLD': 1, 'UNKNOWN_PATH_CONDITIONAL_REDUCE_ALL': 1, 'TAKE': 1}",Declared conditional M5 model; full fields require full approved-window period coverage; closed diagnostics omit all unknown trades,0.4403669724770642201834862385,0.7377769317045804043789759321,0.05769230769230769230769230769,0.2720338895243120745591545022,-1.030303030303030303030303030,-0.6170274766537618019020770097,0.03438228438228438228438228438,0.0565832507129783436482280478,-0.4145904383265039184460710235,-0.3771431156278759973041723497,9,2,5,50.0,5.0,4,0.4444444444444444444444444444,0,3,0.3333333333333333333333333333,1,1,0.1111111111111111111111111111,1,0,0,1
MOMENTUM_GLDRUBF,ALL,time_bucket,16:00,14,10,4,False,PARTIAL_COVERAGE,UNRESOLVED,UNRESOLVED,False,,,UNRESOLVED,UNRESOLVED,,,UNRESOLVED,,,UNRESOLVED,1.370709382151029748283752860,,1.430260047281323877068557920,18.2,2.0,16.2,1.62,0.3,28.5,POSITIVE,"{'STOP': 7, 'TAKE': 3, 'UNKNOWN_PATH_CONDITIONAL_REDUCE_ALL': 4}",Declared conditional M5 model; full fields require full approved-window period coverage; closed diagnostics omit all unknown trades,0.8642951251646903820816864295,1.70458467536566644907211466,0.04210526315789473684210526316,0.288524807572290409819013938,-1.031818181818181818181818182,0.4729418863136214986605580783,0.03478523895946763460375075620,0.08960700445583832734020590779,-0.4633055623621661357510414114,-0.5125104133056568901929710886,10,2,4,20.0,10.0,5,0.5,1,5,0.5,1,2,0.2,1,1,0.1,1
MOMENTUM_GLDRUBF,ALL,time_bucket,16:30,13,13,0,False,PARTIAL_COVERAGE,ACCOUNTED,PARTIAL_COVERAGE,False,,,PARTIAL_COVERAGE,PARTIAL_COVERAGE,,,PARTIAL_COVERAGE,,,PARTIAL_COVERAGE,1.858227848101265822784810127,,1.963060686015831134564643799,36.5,2.6,33.9,2.607692307692307692307692308,0.3846153846153846153846153846,17.8,POSITIVE,"{'MAX_HOLD': 2, 'STOP': 8, 'TAKE': 3}",Declared conditional M5 model; full fields require full approved-window period coverage; closed diagnostics omit all unknown trades,0,0.7420556458968854696573069413,0,0.1689683355982283655378399652,-1.021505376344086021505376344,-0.4268738111390439586774751213,0.05882352941176470588235294118,0.1219565439388970188072933502,-0.4351145038167938931297709924,-0.6238808024152681065115640043,13,1,7,10.0,0.0,5,0.3846153846153846153846153846,4,4,0.3076923076923076923076923077,4,2,0.1538461538461538461538461538,4,1,0.07692307692307692307692307692,4
MOMENTUM_GLDRUBF,ALL,time_bucket,17:00,14,12,2,False,PARTIAL_COVERAGE,UNRESOLVED,UNRESOLVED,False,,,UNRESOLVED,UNRESOLVED,,,UNRESOLVED,,,UNRESOLVED,0.9078651685393258426966292135,,0.96,-1.7,2.4,-4.1,-0.3416666666666666666666666667,0.1666666666666666666666666667,21.7,NEGATIVE,"{'STOP': 10, 'TAKE': 1, 'SESSION_FLAT': 1, 'UNKNOWN_PATH_CONDITIONAL_REDUCE_ALL': 2}",Declared conditional M5 model; full fields require full approved-window period coverage; closed diagnostics omit all unknown trades,0,1.168011276242983560056730788,0,0.2133619385339984229141437546,-1.049390243902439024390243902,1.063150069766163889011477616,0.04939024390243902439024390244,0.2056835451470025489221369883,-0.588734338686284446153039649,-0.6434136600185189653081876679,12,2,8,37.5,0.0,4,0.3333333333333333333333333333,2,3,0.25,1,3,0.25,1,2,0.1666666666666666666666666667,0
MOMENTUM_GLDRUBF,ALL,time_bucket,17:30,18,15,3,False,PARTIAL_COVERAGE,UNRESOLVED,UNRESOLVED,False,,,UNRESOLVED,UNRESOLVED,,,UNRESOLVED,,,UNRESOLVED,2.15625,,2.271144278606965174129353234,51.1,3.0,48.1,3.206666666666666666666666667,0.5333333333333333333333333333,30.2,POSITIVE,"{'UNKNOWN_PATH_CONDITIONAL_REDUCE_ALL': 3, 'STOP': 7, 'TAKE': 2, 'SESSION_FLAT': 6}",Declared conditional M5 model; full fields require full approved-window period coverage; closed diagnostics omit all unknown trades,1.439560439560439560439560440,1.712191399299832883746072039,0.1612903225806451612903225806,0.336189602002578932094230999,0.2121212121212121212121212121,0.7885686977012601528115655867,0.03600128576020572163291546126,0.04868294659435976581556996012,-0.3576169957909797201750153888,-0.4483922500596869533647839223,15,3,5,37.5,10.0,11,0.7333333333333333333333333333,0,9,0.6,0,5,0.3333333333333333333333333333,1,4,0.2666666666666666666666666667,1
MOMENTUM_GLDRUBF,ALL,time_bucket,18:00,9,9,0,False,PARTIAL_COVERAGE,ACCOUNTED,PARTIAL_COVERAGE,False,,,PARTIAL_COVERAGE,PARTIAL_COVERAGE,,,PARTIAL_COVERAGE,,,PARTIAL_COVERAGE,2.270916334661354581673306773,,2.398340248962655601659751037,33.7,1.8,31.9,3.544444444444444444444444444,0.4444444444444444444444444444,15.2,POSITIVE,"{'STOP': 4, 'SESSION_FLAT': 4, 'TAKE': 1}",Declared conditional M5 model; full fields require full approved-window period coverage; closed diagnostics omit all unknown trades,0.4385964912280701754385964912,1.083083054207535153389879595,0.15625,0.2534395604723741154511234708,-0.04878048780487804878048780488,0.2603311166665509541173861464,0.03225806451612903225806451613,0.04056958876015320435595431808,-0.2967542503863987635239567233,-0.3806376661496408330667854187,9,1,3,20.0,5.0,4,0.4444444444444444444444444444,0,2,0.2222222222222222222222222222,1,1,0.1111111111111111111111111111,1,1,0.1111111111111111111111111111,0
MOMENTUM_GLDRUBF,ALL,session_half,AM,67,56,11,False,PARTIAL_COVERAGE,UNRESOLVED,UNRESOLVED,False,,,UNRESOLVED,UNRESOLVED,,,UNRESOLVED,,,UNRESOLVED,0.7383635472807447329740323371,,0.7848036715961244263131055584,-42.2,11.2,-53.4,-0.9535714285714285714285714286,0.2857142857142857142857142857,77.0,NEGATIVE,"{'STOP': 39, 'UNKNOWN_PATH_CONDITIONAL_REDUCE_ALL': 11, 'TAKE': 8, 'SESSION_FLAT': 4, 'MAX_HOLD': 5}",Declared conditional M5 model; full fields require full approved-window period coverage; closed diagnostics omit all unknown trades,0.2923268648744881609400035606,0.7245696795488679128087065066,0.2253423603631327896599476842,0.3206177227621794819655458812,-1.034190531852717708942139100,-0.3926173180589595349853744638,0.04,0.06843101359766581246175593282,-0.3010033444816053511705685619,-0.4267420419309829511022553539,56,11,24,67.5,5.0,25,0.4464285714285714285714285714,5,16,0.2857142857142857142857142857,3,7,0.125,5,1,0.01785714285714285714285714286,3
MOMENTUM_GLDRUBF,ALL,session_half,PM,80,70,10,False,PARTIAL_COVERAGE,UNRESOLVED,UNRESOLVED,False,,,UNRESOLVED,UNRESOLVED,,,UNRESOLVED,,,UNRESOLVED,1.486949080017115960633290543,,1.568758344459279038718291055,127.8,14.0,113.8,1.625714285714285714285714286,0.3571428571428571428571428571,32.9,POSITIVE,"{'STOP': 44, 'UNKNOWN_PATH_CONDITIONAL_REDUCE_ALL': 10, 'MAX_HOLD': 3, 'TAKE': 12, 'SESSION_FLAT': 11}",Declared conditional M5 model; full fields require full approved-window period coverage; closed diagnostics omit all unknown trades,0.4394817318525671978110413648,1.200644844467837688219088109,0.05825791855203619909502262445,0.2569129290583038654097581029,-1.029418126757516764006056674,0.3005666812136297601211111626,0.04233511586452762923351158645,0.09690088832514092630224140424,-0.4059387414358915308883643273,-0.5072416013934921369486043525,70,11,33,25.0,5.0,34,0.4857142857142857142857142857,7,27,0.3857142857142857142857142857,8,14,0.2,10,9,0.1285714285714285714285714286,8
MOMENTUM_GLDRUBF,ALL,net_outcome,LOSS,85,85,0,False,PARTIAL_COVERAGE,ACCOUNTED,PARTIAL_COVERAGE,False,,,PARTIAL_COVERAGE,PARTIAL_COVERAGE,,,PARTIAL_COVERAGE,,,PARTIAL_COVERAGE,0E+1,,0E+1,-420.8,17.0,-437.8,-5.150588235294117647058823529,0,437.8,NEGATIVE,"{'STOP': 83, 'SESSION_FLAT': 2}",Declared conditional M5 model; full fields require full approved-window period coverage; closed diagnostics omit all unknown trades,0,0.4393486304103490848571221626,0.03389830508474576271186440678,0.3110465588324789496560062736,-1.052631578947368421052631579,-1.212927174490813772278273527,0.04878048780487804878048780488,0.1112139758665345235691837109,-0.5861182519280205655526992288,-0.6226792946656399381052707234,85,22,57,,5.0,22,0.2588235294117647058823529412,10,13,0.1529411764705882352941176471,7,7,0.08235294117647058823529411765,4,2,0.02352941176470588235294117647,3
MOMENTUM_GLDRUBF,ALL,net_outcome,UNKNOWN,21,0,21,False,PARTIAL_COVERAGE,UNRESOLVED,UNRESOLVED,False,,,UNRESOLVED,UNRESOLVED,,,UNRESOLVED,,,UNRESOLVED,,NO_CLOSED_TRADES,,,,,,,,NO_CLOSED_TRADES,{'UNKNOWN_PATH_CONDITIONAL_REDUCE_ALL': 21},Declared conditional M5 model; full fields require full approved-window period coverage; closed diagnostics omit all unknown trades,,,,,,,0.04444444444444444444444444444,0.05847242950087447704510125852,-0.1589403973509933774834437086,-0.2786742110503356968164678926,0,0,0,,,0,,0,0,,0,0,,0,0,,0
MOMENTUM_GLDRUBF,ALL,net_outcome,WIN,41,41,0,False,PARTIAL_COVERAGE,ACCOUNTED,PARTIAL_COVERAGE,False,,,PARTIAL_COVERAGE,PARTIAL_COVERAGE,,,PARTIAL_COVERAGE,,,PARTIAL_COVERAGE,,NO_LOSSES,,506.4,8.2,498.2,12.15121951219512195121951220,1,0,POSITIVE,"{'TAKE': 20, 'MAX_HOLD': 8, 'SESSION_FLAT': 13}",Declared conditional M5 model; full fields require full approved-window period coverage; closed diagnostics omit all unknown trades,1.5625,2.128692867868428514140691419,0.1818181818181818181818181818,0.2316960977561612401949537384,1.853535353535353535353535354,2.491509944033451704706099054,0.03278688524590163934426229508,0.04038634168002646384851751176,-0.2147117296222664015904572564,-0.2534425961516776660401370668,41,0,0,35.0,,37,0.9024390243902439024390243902,2,30,0.7317073170731707317073170732,4,14,0.3414634146341463414634146341,11,8,0.1951219512195121951219512195,8
MOMENTUM_GLDRUBF,ALL,adx_regime,NOT_READY,103,85,18,False,PARTIAL_COVERAGE,UNRESOLVED,UNRESOLVED,False,,,UNRESOLVED,UNRESOLVED,,,UNRESOLVED,,,UNRESOLVED,0.9901800327332242225859247136,,1.047602856171370282216933016,14.0,17.0,-3.0,-0.03529411764705882352941176471,0.3294117647058823529411764706,84.9,NEGATIVE,"{'STOP': 56, 'UNKNOWN_PATH_CONDITIONAL_REDUCE_ALL': 18, 'TAKE': 14, 'MAX_HOLD': 7, 'SESSION_FLAT': 8}",Declared conditional M5 model; full fields require full approved-window period coverage; closed diagnostics omit all unknown trades,0.4242424242424242424242424242,0.9680669396071141829302985664,0.1111111111111111111111111111,0.2842236338792244888493492536,-1.029850746268656716417910448,-0.2158299708519039306483824708,0.03846153846153846153846153846,0.06731889141790367111573955782,-0.3465703971119133574007220217,-0.4511434042975493092264501417,85,14,40,42.5,5.0,39,0.4588235294117647058823529412,8,30,0.3529411764705882352941176471,7,15,0.1764705882352941176470588235,10,6,0.07058823529411764705882352941,9
MOMENTUM_GLDRUBF,ALL,adx_regime,SUB_25,16,15,1,False,PARTIAL_COVERAGE,UNRESOLVED,UNRESOLVED,False,,,UNRESOLVED,UNRESOLVED,,,UNRESOLVED,,,UNRESOLVED,1.403800475059382422802850356,,1.496277915632754342431761787,20.0,3.0,17.0,1.133333333333333333333333333,0.4,20.5,POSITIVE,"{'SESSION_FLAT': 4, 'STOP': 9, 'UNKNOWN_PATH_CONDITIONAL_REDUCE_ALL': 1, 'TAKE': 1, 'MAX_HOLD': 1}",Declared conditional M5 model; full fields require full approved-window period coverage; closed diagnostics omit all unknown trades,0.9117647058823529411764705882,1.42371265727213174540291342,0.15625,0.2930405177494719287110490023,-1.03125,0.3383785300916672108453769157,0.04772727272727272727272727272,0.05794376882210664033445892619,-0.3535625664657922722438851472,-0.4709756587244234074315352352,15,3,6,30.0,5.0,9,0.6,0,7,0.4666666666666666666666666667,0,4,0.2666666666666666666666666667,1,2,0.1333333333333333333333333333,1
MOMENTUM_GLDRUBF,ALL,adx_regime,TREND_25_PLUS,28,26,2,False,PARTIAL_COVERAGE,UNRESOLVED,UNRESOLVED,False,,,UNRESOLVED,UNRESOLVED,,,UNRESOLVED,,,UNRESOLVED,1.514412416851441241685144124,,1.597222222222222222222222222,51.6,5.2,46.4,1.784615384615384615384615385,0.2692307692307692307692307692,50.5,POSITIVE,"{'TAKE': 5, 'STOP': 18, 'UNKNOWN_PATH_CONDITIONAL_REDUCE_ALL': 2, 'SESSION_FLAT': 3}",Declared conditional M5 model; full fields require full approved-window period coverage; closed diagnostics omit all unknown trades,0.1281818181818181818181818182,0.8069100554537907524040250988,0.03417366946778711484593837535,0.2839954177995061956112774977,-1.032100667693888032871083718,0.4739602863341990458357179877,0.04222222222222222222222222222,0.1598572449948963988873015202,-0.4882056757736351792169117287,-0.5417022763791741182325188768,26,5,11,15.0,5.0,11,0.4230769230769230769230769231,4,6,0.2307692307692307692307692308,4,2,0.07692307692307692307692307692,4,2,0.07692307692307692307692307692,1
MOMENTUM_GLDRUBF,ALL,di_aligned,False,32,26,6,False,PARTIAL_COVERAGE,UNRESOLVED,UNRESOLVED,False,,,UNRESOLVED,UNRESOLVED,,,UNRESOLVED,,,UNRESOLVED,1.457687723480333730631704410,,1.542963885429638854296388543,43.6,5.2,38.4,1.476923076923076923076923077,0.3076923076923076923076923077,23.7,POSITIVE,"{'STOP': 18, 'TAKE': 3, 'UNKNOWN_PATH_CONDITIONAL_REDUCE_ALL': 6, 'SESSION_FLAT': 3, 'MAX_HOLD': 2}",Declared conditional M5 model; full fields require full approved-window period coverage; closed diagnostics omit all unknown trades,0.3512831761351173502961175696,1.351357985621113798412403375,0.0504201680672268907563025210,0.2973968152585854231659439947,-1.030303030303030303030303030,0.06413378946476671456149643031,0.04014452027298273785628261742,0.05944179198546716285328809672,-0.5773230853548732269387861625,-0.5505581949302667990837569931,26,5,12,40.0,5.0,12,0.4615384615384615384615384615,4,11,0.4230769230769230769230769231,1,7,0.2692307692307692307692307692,1,4,0.1538461538461538461538461538,0
MOMENTUM_GLDRUBF,ALL,di_aligned,None,14,13,1,False,PARTIAL_COVERAGE,UNRESOLVED,UNRESOLVED,False,,,UNRESOLVED,UNRESOLVED,,,UNRESOLVED,,,UNRESOLVED,1.408256880733944954128440367,,1.483412322274881516587677725,20.4,2.6,17.8,1.369230769230769230769230769,0.4615384615384615384615384615,32.5,POSITIVE,"{'STOP': 7, 'TAKE': 5, 'SESSION_FLAT': 1, 'UNKNOWN_PATH_CONDITIONAL_REDUCE_ALL': 1}",Declared conditional M5 model; full fields require full approved-window period coverage; closed diagnostics omit all unknown trades,0.1842105263157894736842105263,0.8900494106788093263253800085,0.1111111111111111111111111111,0.2170484587599332884654221585,-1.019801980198019801980198020,-0.1824214647139720407248365892,0.03813257305773342836778332146,0.06626151817822093620312276989,-0.1865121180189673340358271865,-0.3175452723752534616874656736,13,0,6,30.0,5.0,6,0.4615384615384615384615384615,0,5,0.3846153846153846153846153846,0,2,0.1538461538461538461538461538,2,1,0.07692307692307692307692307692,2
MOMENTUM_GLDRUBF,ALL,di_aligned,True,101,87,14,False,PARTIAL_COVERAGE,UNRESOLVED,UNRESOLVED,False,,,UNRESOLVED,UNRESOLVED,,,UNRESOLVED,,,UNRESOLVED,1.013535288430551079600386723,,1.072410325175997318136104593,21.6,17.4,4.2,0.04827586206896551724137931034,0.3103448275862068965517241379,55.9,POSITIVE,"{'STOP': 58, 'UNKNOWN_PATH_CONDITIONAL_REDUCE_ALL': 14, 'MAX_HOLD': 6, 'TAKE': 12, 'SESSION_FLAT': 11}",Declared conditional M5 model; full fields require full approved-window period coverage; closed diagnostics omit all unknown trades,0.4385964912280701754385964912,0.8955757609484110493295552199,0.1138211382113821138211382114,0.2917764407834594001883747656,-1.03125,-0.002791972541953434481370346034,0.04,0.09413020177252318040562397986,-0.3594009983361064891846921797,-0.4664113749488429964894526111,87,17,39,40.0,5.0,41,0.4712643678160919540229885057,8,27,0.3103448275862068965517241379,10,12,0.1379310344827586206896551724,12,5,0.05747126436781609195402298851,9
MOMENTUM_GLDRUBF,ALL,ema_aligned,None,147,126,21,False,PARTIAL_COVERAGE,UNRESOLVED,UNRESOLVED,False,,,UNRESOLVED,UNRESOLVED,,,UNRESOLVED,,,UNRESOLVED,1.137962539972590223846505254,,1.203422053231939163498098859,85.6,25.2,60.4,0.4793650793650793650793650794,0.3253968253968253968253968254,60.1,POSITIVE,"{'STOP': 83, 'UNKNOWN_PATH_CONDITIONAL_REDUCE_ALL': 21, 'TAKE': 20, 'MAX_HOLD': 8, 'SESSION_FLAT': 15}",Declared conditional M5 model; full fields require full approved-window period coverage; closed diagnostics omit all unknown trades,0.4036105738233397807865892972,0.9890558822816288991478073976,0.1081871345029239766081871345,0.2852261707044708061012193376,-1.030303030303030303030303030,-0.007515096240854371037326893492,0.04,0.08392482297316247305521741401,-0.3943661971830985915492957746,-0.4705513259922124399982275982,126,22,57,35.0,5.0,59,0.4682539682539682539682539683,12,43,0.3412698412698412698412698413,11,21,0.1666666666666666666666666667,15,10,0.07936507936507936507936507937,11
MOMENTUM_GLDRUBF,ALL,breakout_entry_class,EXTENDED_GT_1_ATR,21,17,4,False,PARTIAL_COVERAGE,UNRESOLVED,UNRESOLVED,False,,,UNRESOLVED,UNRESOLVED,,,UNRESOLVED,,,UNRESOLVED,0.3651162790697674418604651163,,0.3875598086124401913875598086,-51.2,3.4,-54.6,-3.211764705882352941176470588,0.2941176470588235294117647059,54.6,NEGATIVE,"{'STOP': 12, 'MAX_HOLD': 2, 'SESSION_FLAT': 1, 'UNKNOWN_PATH_CONDITIONAL_REDUCE_ALL': 4, 'TAKE': 2}",Declared conditional M5 model; full fields require full approved-window period coverage; closed diagnostics omit all unknown trades,0.5609756097560975609756097561,0.6427599817060632022033807641,0.3733333333333333333333333333,0.3884362730048536738828966114,-1.025316455696202531645569620,-0.3809227507068640061499344547,0.04545454545454545454545454545,0.05253506200249263760430190814,-0.03026481715006305170239596469,-0.2391977304970062541738435607,17,5,6,70.0,10.0,10,0.5882352941176470588235294118,0,5,0.2941176470588235294117647059,0,0,0,1,0,0,1
MOMENTUM_GLDRUBF,ALL,breakout_entry_class,INSIDE_RANGE,72,64,8,False,PARTIAL_COVERAGE,UNRESOLVED,UNRESOLVED,False,,,UNRESOLVED,UNRESOLVED,,,UNRESOLVED,,,UNRESOLVED,1.202607278652906029331884845,,1.286449399656946826758147513,50.1,12.8,37.3,0.5828125,0.28125,37.5,POSITIVE,"{'UNKNOWN_PATH_CONDITIONAL_REDUCE_ALL': 8, 'STOP': 44, 'MAX_HOLD': 5, 'TAKE': 6, 'SESSION_FLAT': 9}",Declared conditional M5 model; full fields require full approved-window period coverage; closed diagnostics omit all unknown trades,0.1444862155388471177944862156,1.148324287406408275966363663,0,0.2460407678573568367207050597,-1.035725677830940988835725678,0.08096899876130736780729093219,0.0513157894736842105263157895,0.1218006447393326999041714235,-0.706317474882723621007687338,-0.7475537654339992583388165219,64,8,35,35.0,2.5,25,0.390625,10,21,0.328125,8,15,0.234375,7,9,0.140625,5
MOMENTUM_GLDRUBF,ALL,breakout_entry_class,PERSISTENT_LE_1_ATR,54,45,9,False,PARTIAL_COVERAGE,UNRESOLVED,UNRESOLVED,False,,,UNRESOLVED,UNRESOLVED,,,UNRESOLVED,,,UNRESOLVED,1.463327370304114490161001789,,1.534195933456561922365988909,86.7,9.0,77.7,1.726666666666666666666666667,0.4,31.8,POSITIVE,"{'STOP': 27, 'UNKNOWN_PATH_CONDITIONAL_REDUCE_ALL': 9, 'TAKE': 12, 'SESSION_FLAT': 5, 'MAX_HOLD': 1}",Declared conditional M5 model; full fields require full approved-window period coverage; closed diagnostics omit all unknown trades,0.6521739130434782608695652174,0.8933637129882674931848663244,0.1612903225806451612903225806,0.3019660383291104791693171182,-1.022727272727272727272727273,0.007705971443230351426201721733,0.03053613053613053613053613054,0.04563085655130710659863476443,-0.03784702768493653522922663782,-0.1911855827624101989202583811,45,9,16,27.5,10.0,24,0.5333333333333333333333333333,2,17,0.3777777777777777777777777778,3,6,0.1333333333333333333333333333,7,1,0.02222222222222222222222222222,5
MOMENTUM_GLDRUBF,ALL,cost_class,NET_RR_GE_1,147,126,21,False,PARTIAL_COVERAGE,UNRESOLVED,UNRESOLVED,False,,,UNRESOLVED,UNRESOLVED,,,UNRESOLVED,,,UNRESOLVED,1.137962539972590223846505254,,1.203422053231939163498098859,85.6,25.2,60.4,0.4793650793650793650793650794,0.3253968253968253968253968254,60.1,POSITIVE,"{'STOP': 83, 'UNKNOWN_PATH_CONDITIONAL_REDUCE_ALL': 21, 'TAKE': 20, 'MAX_HOLD': 8, 'SESSION_FLAT': 15}",Declared conditional M5 model; full fields require full approved-window period coverage; closed diagnostics omit all unknown trades,0.4036105738233397807865892972,0.9890558822816288991478073976,0.1081871345029239766081871345,0.2852261707044708061012193376,-1.030303030303030303030303030,-0.007515096240854371037326893492,0.04,0.08392482297316247305521741401,-0.3943661971830985915492957746,-0.4705513259922124399982275982,126,22,57,35.0,5.0,59,0.4682539682539682539682539683,12,43,0.3412698412698412698412698413,11,21,0.1666666666666666666666666667,15,10,0.07936507936507936507936507937,11
MOMENTUM_GLDRUBF,LONG,ALL,ALL,77,62,15,False,PARTIAL_COVERAGE,UNRESOLVED,UNRESOLVED,False,,,UNRESOLVED,UNRESOLVED,,,UNRESOLVED,,,UNRESOLVED,1.368794326241134751773049645,,1.444226044226044226044226044,90.4,12.4,78.0,1.258064516129032258064516129,0.3548387096774193548387096774,41.5,POSITIVE,"{'STOP': 39, 'UNKNOWN_PATH_CONDITIONAL_REDUCE_ALL': 15, 'TAKE': 11, 'MAX_HOLD': 4, 'SESSION_FLAT': 8}",Declared conditional M5 model; full fields require full approved-window period coverage; closed diagnostics omit all unknown trades,0.3799773006715218008133926038,1.067053768454114980811994086,0.1715542521994134897360703812,0.2753723055773579647808303574,-1.027583600982429624031740034,0.3193273139171796195728167132,0.03921568627450980392156862745,0.06979577948224089067314636931,-0.3465703971119133574007220217,-0.4244197869834764346915851792,62,8,26,42.5,5.0,29,0.4677419354838709677419354839,4,23,0.3709677419354838709677419355,4,13,0.2096774193548387096774193548,6,7,0.1129032258064516129032258065,5
MOMENTUM_GLDRUBF,LONG,exit_reason,MAX_HOLD,4,4,0,False,PARTIAL_COVERAGE,ACCOUNTED,PARTIAL_COVERAGE,False,,,PARTIAL_COVERAGE,PARTIAL_COVERAGE,,,PARTIAL_COVERAGE,,,PARTIAL_COVERAGE,,NO_LOSSES,,45.7,0.8,44.9,11.225,1,0,POSITIVE,{'MAX_HOLD': 4},Declared conditional M5 model; full fields require full approved-window period coverage; closed diagnostics omit all unknown trades,1.337519192805439789427506032,1.624355881837715007128220269,0.2938686799359414321665522764,0.3695444618048966767205769815,0.983384514147839438473349419,1.174194700866686092648209411,0.02094757622285588944944066681,0.02039558674290399555560987397,-0.1813346910271802510586915914,-0.2070121757553043617373875350,4,0,0,90.0,,4,1,0,3,0.75,0,1,0.25,0,1,0.25,0
MOMENTUM_GLDRUBF,LONG,exit_reason,SESSION_FLAT,8,8,0,False,PARTIAL_COVERAGE,ACCOUNTED,PARTIAL_COVERAGE,False,,,PARTIAL_COVERAGE,PARTIAL_COVERAGE,,,PARTIAL_COVERAGE,,,PARTIAL_COVERAGE,342,,,69.8,1.6,68.2,8.525,0.875,0.2,POSITIVE,{'SESSION_FLAT': 8},Declared conditional M5 model; full fields require full approved-window period coverage; closed diagnostics omit all unknown trades,2.277517198248905565978736710,2.314531022936062248610474102,0.2269866247049567269866247050,0.3248894166035563745929315071,1.403371984539517526322804212,1.929303381956305606579842238,0.04711751662971175166297117516,0.05019100121892022209694002458,-0.4913085414210695531025613546,-0.5028370051683099953601343595,8,0,0,45.0,25.0,6,0.75,0,6,0.75,0,4,0.5,0,3,0.375,0
MOMENTUM_GLDRUBF,LONG,exit_reason,STOP,39,39,0,False,PARTIAL_COVERAGE,ACCOUNTED,PARTIAL_COVERAGE,False,,,PARTIAL_COVERAGE,PARTIAL_COVERAGE,,,PARTIAL_COVERAGE,,,PARTIAL_COVERAGE,0E+1,,0E+1,-203.5,7.8,-211.3,-5.417948717948717948717948718,0,211.3,NEGATIVE,{'STOP': 39},Declared conditional M5 model; full fields require full approved-window period coverage; closed diagnostics omit all unknown trades,0,0.4012235631388468113156190021,0.03703703703703703703703703704,0.2909568692241639690628809315,-1.05,-1.133151385542249234555953498,0.05,0.08583419655839358403363630872,-0.5861182519280205655526992288,-0.5615073929859417195584009785,39,8,26,,5.0,8,0.2051282051282051282051282051,4,4,0.1025641025641025641025641026,3,4,0.1025641025641025641025641026,2,1,0.02564102564102564102564102564,1
MOMENTUM_GLDRUBF,LONG,exit_reason,TAKE,11,11,0,False,PARTIAL_COVERAGE,ACCOUNTED,PARTIAL_COVERAGE,False,,,PARTIAL_COVERAGE,PARTIAL_COVERAGE,,,PARTIAL_COVERAGE,,,PARTIAL_COVERAGE,,NO_LOSSES,,178.4,2.2,176.2,16.01818181818181818181818182,1,0,POSITIVE,{'TAKE': 11},Declared conditional M5 model; full fields require full approved-window period coverage; closed diagnostics omit all unknown trades,1.5625,2.31781299735461319560343803,0.08421052631578947368421052632,0.149861078727796483575760530,1.9625,3.987271967263242485269567917,0.03278688524590163934426229508,0.04665545888758876862120926785,0.01880877742946708463949843260,-0.1443020202028942249465554632,11,0,0,30.0,,11,1,0,10,0.9090909090909090909090909091,1,4,0.3636363636363636363636363636,4,2,0.1818181818181818181818181818,4
MOMENTUM_GLDRUBF,LONG,exit_reason,UNKNOWN_PATH_CONDITIONAL_REDUCE_ALL,15,0,15,False,PARTIAL_COVERAGE,UNRESOLVED,UNRESOLVED,False,,,UNRESOLVED,UNRESOLVED,,,UNRESOLVED,,,UNRESOLVED,,NO_CLOSED_TRADES,,,,,,,,NO_CLOSED_TRADES,{'UNKNOWN_PATH_CONDITIONAL_REDUCE_ALL': 15},Declared conditional M5 model; full fields require full approved-window period coverage; closed diagnostics omit all unknown trades,,,,,,,0.04878048780487804878048780488,0.06869472999124963937927951727,-0.1589403973509933774834437086,-0.2895645536450949682821123707,0,0,0,,,0,,0,0,,0,0,,0,0,,0
MOMENTUM_GLDRUBF,LONG,time_bucket,11:00,2,2,0,False,PARTIAL_COVERAGE,ACCOUNTED,PARTIAL_COVERAGE,False,,,PARTIAL_COVERAGE,PARTIAL_COVERAGE,,,PARTIAL_COVERAGE,,,PARTIAL_COVERAGE,0.5204081632653061224489795918,,0.5520833333333333333333333333,-4.3,0.4,-4.7,-2.35,0.5,9.8,NEGATIVE,"{'STOP': 1, 'TAKE': 1}",Declared conditional M5 model; full fields require full approved-window period coverage; closed diagnostics omit all unknown trades,0.78125,0.78125,0.171875,0.171875,0.2864583333333333333333333335,0.2864583333333333333333333335,0.04166666666666666666666666666,0.04166666666666666666666666666,0.1057268722466960352422907489,0.1057268722466960352422907489,2,0,1,70.0,0.0,1,0.5,0,1,0.5,0,0,0,0,0,0,0
MOMENTUM_GLDRUBF,LONG,time_bucket,11:30,8,7,1,False,PARTIAL_COVERAGE,UNRESOLVED,UNRESOLVED,False,,,UNRESOLVED,UNRESOLVED,,,UNRESOLVED,,,UNRESOLVED,2.357142857142857142857142857,,2.545454545454545454545454545,20.4,1.4,19.0,2.714285714285714285714285714,0.4285714285714285714285714286,8.0,POSITIVE,"{'TAKE': 1, 'STOP': 4, 'UNKNOWN_PATH_CONDITIONAL_REDUCE_ALL': 1, 'MAX_HOLD': 2}",Declared conditional M5 model; full fields require full approved-window period coverage; closed diagnostics omit all unknown trades,1.159574468085106382978723404,1.097415089420479215306683719,0.03703703703703703703703703704,0.1281957344198761327441996978,-1.034482758620689655172413793,-0.02137617680776488187755433776,0.04224137931034482758620689655,0.07573870972997416206974430966,-0.4616885725764793663548183436,-0.5662421316388446952414152005,7,1,2,90.0,15.0,4,0.5714285714285714285714285714,0,4,0.5714285714285714285714285714,0,2,0.2857142857142857142857142857,0,0,0,1
MOMENTUM_GLDRUBF,LONG,time_bucket,12:00,10,7,3,False,PARTIAL_COVERAGE,UNRESOLVED,UNRESOLVED,False,,,UNRESOLVED,UNRESOLVED,,,UNRESOLVED,,,UNRESOLVED,3.058441558441558441558441558,,3.267123287671232876712328767,33.1,1.4,31.7,4.528571428571428571428571429,0.4285714285714285714285714286,14.4,POSITIVE,"{'STOP': 4, 'TAKE': 2, 'MAX_HOLD': 1, 'UNKNOWN_PATH_CONDITIONAL_REDUCE_ALL': 3}",Declared conditional M5 model; full fields require full approved-window period coverage; closed diagnostics omit all unknown trades,0.7363636363636363636363636364,1.087281934483427020740453576,0.2238805970149253731343283582,0.3270587000064612004910512374,-1.033898305084745762711864407,-0.003273350942842468266197079686,0.04449760765550239234449760766,0.09749401056512910268219360582,-0.3725293246395069715180714687,-0.5088424224188873007928793024,7,1,3,65.0,2.5,4,0.5714285714285714285714285714,1,3,0.4285714285714285714285714286,0,1,0.1428571428571428571428571429,2,1,0.1428571428571428571428571429,1
MOMENTUM_GLDRUBF,LONG,time_bucket,12:30,7,5,2,False,PARTIAL_COVERAGE,UNRESOLVED,UNRESOLVED,False,,,UNRESOLVED,UNRESOLVED,,,UNRESOLVED,,,UNRESOLVED,0E+1,,0E+1,-26.1,1.0,-27.1,-5.42,0,27.1,NEGATIVE,"{'STOP': 5, 'UNKNOWN_PATH_CONDITIONAL_REDUCE_ALL': 2}",Declared conditional M5 model; full fields require full approved-window period coverage; closed diagnostics omit all unknown trades,0.03797468354430379746835443038,0.04979303711591639042989883724,0.5822784810126582278481012658,0.417676863095340329423080226,-1.030303030303030303030303030,-1.139316268675800132440978842,0.03030303030303030303030303030,0.05740742837852227612288069497,0.09638554216867469879518072289,-0.1925352580250297205692343627,5,0,2,,20.0,0,0,0,0,0,0,0,0,0,0,0,0
MOMENTUM_GLDRUBF,LONG,time_bucket,13:00,4,3,1,False,PARTIAL_COVERAGE,UNRESOLVED,UNRESOLVED,False,,,UNRESOLVED,UNRESOLVED,,,UNRESOLVED,,,UNRESOLVED,0.3658536585365853658536585366,,0.4102564102564102564102564103,-4.6,0.6,-5.2,-1.733333333333333333333333333,0.3333333333333333333333333333,8.2,NEGATIVE,"{'UNKNOWN_PATH_CONDITIONAL_REDUCE_ALL': 1, 'SESSION_FLAT': 1, 'STOP': 2}",Declared conditional M5 model; full fields require full approved-window period coverage; closed diagnostics omit all unknown trades,0.2100840336134453781512605042,0.3144724556489262371615312792,0.5,0.4473389355742296918767507003,-1.066666666666666666666666667,-0.8270774976657329598506069097,0.05555555555555555555555555555,0.04864612511671335200746965452,-0.3420117938470708363664788966,-0.3296597430773815720293932945,3,1,0,20.0,17.5,1,0.3333333333333333333333333333,0,0,0,0,0,0,0,0,0,0
MOMENTUM_GLDRUBF,LONG,time_bucket,15:00,2,2,0,False,PARTIAL_COVERAGE,ACCOUNTED,PARTIAL_COVERAGE,False,,,PARTIAL_COVERAGE,PARTIAL_COVERAGE,,,PARTIAL_COVERAGE,,,PARTIAL_COVERAGE,11.08333333333333333333333333,,13.5,12.5,0.4,12.1,6.05,0.5,1.2,POSITIVE,"{'STOP': 1, 'TAKE': 1}",Declared conditional M5 model; full fields require full approved-window period coverage; closed diagnostics omit all unknown trades,0.6329113924050632911392405065,0.6329113924050632911392405065,0.2848101265822784810126582278,0.2848101265822784810126582278,0.2417721518987341772151898735,0.2417721518987341772151898735,0.1126582278481012658227848101,0.1126582278481012658227848101,-0.508855000421265481506445362,-0.508855000421265481506445362,2,0,1,10.0,0.0,1,0.5,0,1,0.5,0,0,0,1,0,0,1
MOMENTUM_GLDRUBF,LONG,time_bucket,15:30,7,6,1,False,PARTIAL_COVERAGE,UNRESOLVED,UNRESOLVED,False,,,UNRESOLVED,UNRESOLVED,,,UNRESOLVED,,,UNRESOLVED,0.2732919254658385093167701863,,0.2884615384615384615384615385,-22.2,1.2,-23.4,-3.9,0.1666666666666666666666666667,24.2,NEGATIVE,"{'UNKNOWN_PATH_CONDITIONAL_REDUCE_ALL': 1, 'STOP': 5, 'TAKE': 1}",Declared conditional M5 model; full fields require full approved-window period coverage; closed diagnostics omit all unknown trades,0.3799773006715218008133926038,0.6831859067506471270776576745,0.2169195483415666901905434016,0.3011672887890612282932343463,-1.025460793502030615432677288,-0.6072715308693744331690042463,0.03030303030303030303030303030,0.05696980855541662751929123013,-0.3312555654496883348174532502,-0.3317046663807589602944966753,6,1,3,10.0,10.0,2,0.3333333333333333333333333333,0,1,0.1666666666666666666666666667,1,1,0.1666666666666666666666666667,1,0,0,1
MOMENTUM_GLDRUBF,LONG,time_bucket,16:00,9,5,4,False,PARTIAL_COVERAGE,UNRESOLVED,UNRESOLVED,False,,,UNRESOLVED,UNRESOLVED,,,UNRESOLVED,,,UNRESOLVED,1.527777777777777777777777778,,1.590476190476190476190476190,12.4,1.0,11.4,2.28,0.4,15.7,POSITIVE,"{'TAKE': 2, 'STOP': 3, 'UNKNOWN_PATH_CONDITIONAL_REDUCE_ALL': 4}",Declared conditional M5 model; full fields require full approved-window period coverage; closed diagnostics omit all unknown trades,0.125,0.8701179673321234119782214156,0,0.1493421052631578947368421053,-1.035087719298245614035087719,-0.0067029643073200241984271022,0.03508771929824561403508771930,0.1093442681912464841141406299,-0.4090909090909090909090909091,-0.476281690625382827364377082,5,0,3,27.5,5.0,2,0.4,1,2,0.4,1,1,0.2,1,0,0,1
MOMENTUM_GLDRUBF,LONG,time_bucket,16:30,5,5,0,False,PARTIAL_COVERAGE,ACCOUNTED,PARTIAL_COVERAGE,False,,,PARTIAL_COVERAGE,PARTIAL_COVERAGE,,,PARTIAL_COVERAGE,,,PARTIAL_COVERAGE,2.141361256544502617801047120,,2.232432432432432432432432432,22.8,1.0,21.8,4.36,0.4,19.1,POSITIVE,"{'MAX_HOLD': 1, 'TAKE': 1, 'STOP': 3}",Declared conditional M5 model; full fields require full approved-window period coverage; closed diagnostics omit all unknown trades,0.9117647058823529411764705882,1.059719843877755665602196819,0,0.1906388361796331435800126502,-1.015037593984962406015037594,0.1408182989678265332110455402,0.02150537634408602150537634409,0.0445475546907100521548081184,-0.4351145038167938931297709924,-0.3816194323991497036466689184,5,1,2,50.0,0.0,3,0.6,1,2,0.4,1,1,0.2,0,1,0.2,0
MOMENTUM_GLDRUBF,LONG,time_bucket,17:00,9,8,1,False,PARTIAL_COVERAGE,UNRESOLVED,UNRESOLVED,False,,,UNRESOLVED,UNRESOLVED,,,UNRESOLVED,,,UNRESOLVED,1.154285714285714285714285714,,1.207100591715976331360946746,7.0,1.6,5.4,0.675,0.25,15.7,POSITIVE,"{'STOP': 6, 'TAKE': 1, 'SESSION_FLAT': 1, 'UNKNOWN_PATH_CONDITIONAL_REDUCE_ALL': 1}",Declared conditional M5 model; full fields require full approved-window period coverage; closed diagnostics omit all unknown trades,0,1.681894963144963144963144962,0,0.2011404687766073904687766075,-1.028312788906009244992295840,2.375822665624855589614777399,0.04878048780487804878048780488,0.06782010899865016818671671548,-0.5056179775280898876404494382,-0.5533577973719294530648471526,8,1,5,37.5,2.5,3,0.375,1,3,0.375,1,3,0.375,1,2,0.25,0
MOMENTUM_GLDRUBF,LONG,time_bucket,17:30,11,9,2,False,PARTIAL_COVERAGE,UNRESOLVED,UNRESOLVED,False,,,UNRESOLVED,UNRESOLVED,,,UNRESOLVED,,,UNRESOLVED,5.692982456140350877192982456,,6.120370370370370370370370370,55.3,1.8,53.5,5.944444444444444444444444444,0.6666666666666666666666666667,11.4,POSITIVE,"{'UNKNOWN_PATH_CONDITIONAL_REDUCE_ALL': 2, 'SESSION_FLAT': 5, 'STOP': 3, 'TAKE': 1}",Declared conditional M5 model; full fields require full approved-window period coverage; closed diagnostics omit all unknown trades,1.593495934959349593495934959,2.12611353109817530665807146,0.1818181818181818181818181818,0.3751022972905921731176712923,1.229508196721311475409836066,1.462194147703349682157202132,0.05882352941176470588235294118,0.05193181827827791920591797449,-0.3686635944700460829493087558,-0.4507971421505575841691592071,9,1,2,42.5,10.0,7,0.7777777777777777777777777778,0,6,0.6666666666666666666666666667,0,4,0.4444444444444444444444444444,0,3,0.3333333333333333333333333333,0
MOMENTUM_GLDRUBF,LONG,time_bucket,18:00,3,3,0,False,PARTIAL_COVERAGE,ACCOUNTED,PARTIAL_COVERAGE,False,,,PARTIAL_COVERAGE,PARTIAL_COVERAGE,,,PARTIAL_COVERAGE,,,PARTIAL_COVERAGE,0E+1,,0E+1,-15.9,0.6,-16.5,-5.5,0,16.5,NEGATIVE,"{'STOP': 2, 'SESSION_FLAT': 1}",Declared conditional M5 model; full fields require full approved-window period coverage; closed diagnostics omit all unknown trades,0,0.1684210526315789473684210526,0.2926829268292682926829268293,0.3501925545571245186136071887,-1.021052631578947368421052632,-0.700361039794608472400513479,0.03125,0.03369437312794180573384681217,-0.2967542503863987635239567233,-0.3779221677670588289142768503,3,1,2,,5.0,1,0.3333333333333333333333333333,0,0,0,0,0,0,0,0,0,0
MOMENTUM_GLDRUBF,LONG,session_half,AM,31,24,7,False,PARTIAL_COVERAGE,UNRESOLVED,UNRESOLVED,False,,,UNRESOLVED,UNRESOLVED,,,UNRESOLVED,,,UNRESOLVED,1.183892617449664429530201342,,1.259467040673211781206171108,18.5,4.8,13.7,0.5708333333333333333333333333,0.3333333333333333333333333333,34.4,POSITIVE,"{'STOP': 16, 'TAKE': 4, 'UNKNOWN_PATH_CONDITIONAL_REDUCE_ALL': 7, 'SESSION_FLAT': 1, 'MAX_HOLD': 3}",Declared conditional M5 model; full fields require full approved-window period coverage; closed diagnostics omit all unknown trades,0.2232238349885408708938120703,0.7519900716605710131651687117,0.2253423603631327896599476842,0.2900388401326563356413504074,-1.032100667693888032871083718,-0.3240601609984910135873461747,0.04444444444444444444444444444,0.07292321341744925798720217261,-0.1538461538461538461538461538,-0.3894610745577733171444434465,24,3,8,67.5,10.0,10,0.4166666666666666666666666667,1,8,0.3333333333333333333333333333,0,3,0.125,2,1,0.04166666666666666666666666667,2
MOMENTUM_GLDRUBF,LONG,session_half,PM,46,38,8,False,PARTIAL_COVERAGE,UNRESOLVED,UNRESOLVED,False,,,UNRESOLVED,UNRESOLVED,,,UNRESOLVED,,,UNRESOLVED,1.469343065693430656934306569,,1.543872919818456883509833585,71.9,7.6,64.3,1.692105263157894736842105263,0.3684210526315789473684210526,23.1,POSITIVE,"{'UNKNOWN_PATH_CONDITIONAL_REDUCE_ALL': 8, 'STOP': 23, 'MAX_HOLD': 1, 'TAKE': 7, 'SESSION_FLAT': 7}",Declared conditional M5 model; full fields require full approved-window period coverage; closed diagnostics omit all unknown trades,0.4728150651859005311443746982,1.266041366428984855115252216,0.1146028767979987492182614134,0.2661092311213800463426071676,-1.020835594139989148128052089,0.7256772980744452826213406426,0.03883861236802413273001508296,0.06768816096068742574410876274,-0.3888772517804775869291998324,-0.4479789192703633182559633037,38,5,18,37.5,5.0,19,0.5,3,15,0.3947368421052631578947368421,4,10,0.2631578947368421052631578947,4,6,0.1578947368421052631578947368,3
MOMENTUM_GLDRUBF,LONG,net_outcome,LOSS,40,40,0,False,PARTIAL_COVERAGE,ACCOUNTED,PARTIAL_COVERAGE,False,,,PARTIAL_COVERAGE,PARTIAL_COVERAGE,,,PARTIAL_COVERAGE,,,PARTIAL_COVERAGE,0E+1,,0E+1,-203.5,8.0,-211.5,-5.2875,0,211.5,NEGATIVE,"{'STOP': 39, 'SESSION_FLAT': 1}",Declared conditional M5 model; full fields require full approved-window period coverage; closed diagnostics omit all unknown trades,0,0.391192974060375641032728527,0.04793028322440087145969498911,0.291000020664291577153382079,-1.05,-1.106042113098814954911566855,0.04939024390243902439024390244,0.08490785383955569565230759612,-0.5908258753436628882354066865,-0.5651730574435898272871443032,40,8,26,,5.0,8,0.2,4,4,0.1,3,4,0.1,2,1,0.025,1
MOMENTUM_GLDRUBF,LONG,net_outcome,UNKNOWN,15,0,15,False,PARTIAL_COVERAGE,UNRESOLVED,UNRESOLVED,False,,,UNRESOLVED,UNRESOLVED,,,UNRESOLVED,,,UNRESOLVED,,NO_CLOSED_TRADES,,,,,,,,NO_CLOSED_TRADES,{'UNKNOWN_PATH_CONDITIONAL_REDUCE_ALL': 15},Declared conditional M5 model; full fields require full approved-window period coverage; closed diagnostics omit all unknown trades,,,,,,,0.04878048780487804878048780488,0.06869472999124963937927951727,-0.1589403973509933774834437086,-0.2895645536450949682821123707,0,0,0,,,0,,0,0,,0,0,,0,0,,0
MOMENTUM_GLDRUBF,LONG,net_outcome,WIN,22,22,0,False,PARTIAL_COVERAGE,ACCOUNTED,PARTIAL_COVERAGE,False,,,PARTIAL_COVERAGE,PARTIAL_COVERAGE,,,PARTIAL_COVERAGE,,,PARTIAL_COVERAGE,,NO_LOSSES,,293.9,4.4,289.5,13.15909090909090909090909091,1,0,POSITIVE,"{'TAKE': 11, 'MAX_HOLD': 4, 'SESSION_FLAT': 7}",Declared conditional M5 model; full fields require full approved-window period coverage; closed diagnostics omit all unknown trades,1.577997967479674796747967480,2.295891576442731962228840555,0.1846590909090909090909090909,0.2469582781465695786489181357,1.725101214574898785425101214,2.910908090309897027726241384,0.02905167047105208549491595766,0.04306999621279891659321699246,-0.1346709113792848152809654253,-0.2604514997867121752515727791,22,0,0,42.5,,21,0.9545454545454545454545454545,0,19,0.8636363636363636363636363636,1,9,0.4090909090909090909090909091,4,6,0.2727272727272727272727272727,4
MOMENTUM_GLDRUBF,LONG,adx_regime,NOT_READY,55,42,13,False,PARTIAL_COVERAGE,UNRESOLVED,UNRESOLVED,False,,,UNRESOLVED,UNRESOLVED,,,UNRESOLVED,,,UNRESOLVED,1.362535612535612535612535613,,1.438609467455621301775147929,59.3,8.4,50.9,1.211904761904761904761904762,0.3809523809523809523809523810,55.2,POSITIVE,"{'STOP': 25, 'UNKNOWN_PATH_CONDITIONAL_REDUCE_ALL': 13, 'TAKE': 9, 'MAX_HOLD': 4, 'SESSION_FLAT': 4}",Declared conditional M5 model; full fields require full approved-window period coverage; closed diagnostics omit all unknown trades,0.3799773006715218008133926038,0.9969787284363313140621313633,0.2056902985074626865671641791,0.2703802248779846260546139924,-1.020942982456140350877192982,0.03669171576253125455134379512,0.03636363636363636363636363636,0.07534619814559433388478259116,-0.3221476510067114093959731543,-0.3959026204129927849416221438,42,4,18,42.5,5.0,19,0.4523809523809523809523809524,2,16,0.3809523809523809523809523810,2,9,0.2142857142857142857142857143,5,4,0.09523809523809523809523809524,5
MOMENTUM_GLDRUBF,LONG,adx_regime,SUB_25,6,6,0,False,PARTIAL_COVERAGE,ACCOUNTED,PARTIAL_COVERAGE,False,,,PARTIAL_COVERAGE,PARTIAL_COVERAGE,,,PARTIAL_COVERAGE,,,PARTIAL_COVERAGE,1.038251366120218579234972678,,1.108571428571428571428571429,1.9,1.2,0.7,0.1166666666666666666666666667,0.3333333333333333333333333333,18.3,POSITIVE,"{'SESSION_FLAT': 2, 'STOP': 4}",Declared conditional M5 model; full fields require full approved-window period coverage; closed diagnostics omit all unknown trades,1.218177434908389585342333654,1.413615088009277202670054258,0.3238884045335658238884045336,0.3348994778210568175417150438,-1.040625,0.1241763387683885708584747377,0.0520270270270270270270270270,0.04857176629066307729946638712,-0.3535625664657922722438851472,-0.443470587649280634650509165,6,2,2,40.0,10.0,4,0.6666666666666666666666666667,0,3,0.5,0,2,0.3333333333333333333333333333,0,1,0.1666666666666666666666666667,0
MOMENTUM_GLDRUBF,LONG,adx_regime,TREND_25_PLUS,16,14,2,False,PARTIAL_COVERAGE,UNRESOLVED,UNRESOLVED,False,,,UNRESOLVED,UNRESOLVED,,,UNRESOLVED,,,UNRESOLVED,1.5,,1.574803149606299212598425197,29.2,2.8,26.4,1.885714285714285714285714286,0.2857142857142857142857142857,48.9,POSITIVE,"{'TAKE': 2, 'UNKNOWN_PATH_CONDITIONAL_REDUCE_ALL': 2, 'STOP': 10, 'SESSION_FLAT': 2}",Declared conditional M5 model; full fields require full approved-window period coverage; closed diagnostics omit all unknown trades,0.1054952510176390773405698779,1.128752608698110743122413608,0.02941176470588235294117647059,0.2648369024281784726333860149,-1.032100667693888032871083718,1.250870240587749449800524886,0.04183006535947712418300653594,0.05867522027380510964827685012,-0.6015716516985552518547442405,-0.5153034968198374057224866188,14,2,6,32.5,5.0,6,0.4285714285714285714285714286,2,4,0.2857142857142857142857142857,2,2,0.1428571428571428571428571429,1,2,0.1428571428571428571428571429,0
MOMENTUM_GLDRUBF,LONG,di_aligned,False,20,15,5,False,PARTIAL_COVERAGE,UNRESOLVED,UNRESOLVED,False,,,UNRESOLVED,UNRESOLVED,,,UNRESOLVED,,,UNRESOLVED,2.066831683168316831683168317,,2.194300518134715025906735751,46.1,3.0,43.1,2.873333333333333333333333333,0.4,14.1,POSITIVE,"{'TAKE': 2, 'STOP': 9, 'UNKNOWN_PATH_CONDITIONAL_REDUCE_ALL': 5, 'SESSION_FLAT': 3, 'MAX_HOLD': 1}",Declared conditional M5 model; full fields require full approved-window period coverage; closed diagnostics omit all unknown trades,0.3195876288659793814432989691,1.132011886757255531393078443,0.2268041237113402061855670103,0.3385085107556398311862901871,-1.030303030303030303030303030,0.004372391712095022116743159867,0.03334259516532370102806335093,0.05975237035960342391308256425,-0.4505434013305861814063949922,-0.4228920078415425287900389522,15,2,5,40.0,10.0,7,0.4666666666666666666666666667,1,7,0.4666666666666666666666666667,0,3,0.2,1,2,0.1333333333333333333333333333,0
MOMENTUM_GLDRUBF,LONG,di_aligned,None,9,8,1,False,PARTIAL_COVERAGE,UNRESOLVED,UNRESOLVED,False,,,UNRESOLVED,UNRESOLVED,,,UNRESOLVED,,,UNRESOLVED,1.659863945578231292517006803,,1.734265734265734265734265734,21.0,1.6,19.4,2.425,0.5,21.3,POSITIVE,"{'STOP': 4, 'TAKE': 4, 'UNKNOWN_PATH_CONDITIONAL_REDUCE_ALL': 1}",Declared conditional M5 model; full fields require full approved-window period coverage; closed diagnostics omit all unknown trades,0.6518987341772151898734177215,1.103195280911417558024737938,0.2627840909090909090909090909,0.2789902951924939329375975572,0.286974009900990099009900990,0.7810377870149797714778740792,0.02531645569620253164556962025,0.05239460163090660759997587242,0E+26,-0.1906933146818244134663127894,8,0,3,30.0,2.5,4,0.5,0,4,0.5,0,2,0.25,1,1,0.125,2
MOMENTUM_GLDRUBF,LONG,di_aligned,True,48,39,9,False,PARTIAL_COVERAGE,UNRESOLVED,UNRESOLVED,False,,,UNRESOLVED,UNRESOLVED,,,UNRESOLVED,,,UNRESOLVED,1.109386026817219477769936486,,1.170946441672780630961115187,23.3,7.8,15.5,0.3974358974358974358974358974,0.3076923076923076923076923077,53.9,POSITIVE,"{'STOP': 26, 'UNKNOWN_PATH_CONDITIONAL_REDUCE_ALL': 9, 'MAX_HOLD': 3, 'TAKE': 5, 'SESSION_FLAT': 5}",Declared conditional M5 model; full fields require full approved-window period coverage; closed diagnostics omit all unknown trades,0.4403669724770642201834862385,1.034656233218075778852552646,0.1138211382113821138211382114,0.2503469980236319201311884328,-1.033898305084745762711864407,0.3457539818221505874343716969,0.04939024390243902439024390244,0.07724325413046501323272575631,-0.3842459537135077900468915444,-0.4688800751825086494636346804,39,6,18,45.0,5.0,18,0.4615384615384615384615384615,3,12,0.3076923076923076923076923077,4,8,0.2051282051282051282051282051,4,4,0.1025641025641025641025641026,3
MOMENTUM_GLDRUBF,LONG,ema_aligned,None,77,62,15,False,PARTIAL_COVERAGE,UNRESOLVED,UNRESOLVED,False,,,UNRESOLVED,UNRESOLVED,,,UNRESOLVED,,,UNRESOLVED,1.368794326241134751773049645,,1.444226044226044226044226044,90.4,12.4,78.0,1.258064516129032258064516129,0.3548387096774193548387096774,41.5,POSITIVE,"{'STOP': 39, 'UNKNOWN_PATH_CONDITIONAL_REDUCE_ALL': 15, 'TAKE': 11, 'MAX_HOLD': 4, 'SESSION_FLAT': 8}",Declared conditional M5 model; full fields require full approved-window period coverage; closed diagnostics omit all unknown trades,0.3799773006715218008133926038,1.067053768454114980811994086,0.1715542521994134897360703812,0.2753723055773579647808303574,-1.027583600982429624031740034,0.3193273139171796195728167132,0.03921568627450980392156862745,0.06979577948224089067314636931,-0.3465703971119133574007220217,-0.4244197869834764346915851792,62,8,26,42.5,5.0,29,0.4677419354838709677419354839,4,23,0.3709677419354838709677419355,4,13,0.2096774193548387096774193548,6,7,0.1129032258064516129032258065,5
MOMENTUM_GLDRUBF,LONG,breakout_entry_class,EXTENDED_GT_1_ATR,10,6,4,False,PARTIAL_COVERAGE,UNRESOLVED,UNRESOLVED,False,,,UNRESOLVED,UNRESOLVED,,,UNRESOLVED,,,UNRESOLVED,0.5801526717557251908396946565,,0.6141732283464566929133858268,-9.8,1.2,-11.0,-1.833333333333333333333333333,0.3333333333333333333333333333,13.5,NEGATIVE,"{'STOP': 4, 'UNKNOWN_PATH_CONDITIONAL_REDUCE_ALL': 4, 'TAKE': 1, 'MAX_HOLD': 1}",Declared conditional M5 model; full fields require full approved-window period coverage; closed diagnostics omit all unknown trades,0.4748696947133283693224125093,0.6712838844920716557535189465,0.2852770618556701030927835052,0.3097858262775291507703172617,-1.020177024840582468830303607,-0.285698410948477964645476177,0.05572755417956656346749226005,0.06743142631522676472717371463,-0.01513240857503152585119798234,-0.2341414800860692108351038732,6,1,2,80.0,10.0,3,0.5,0,2,0.3333333333333333333333333333,0,0,0,0,0,0,0
MOMENTUM_GLDRUBF,LONG,breakout_entry_class,INSIDE_RANGE,35,30,5,False,PARTIAL_COVERAGE,UNRESOLVED,UNRESOLVED,False,,,UNRESOLVED,UNRESOLVED,,,UNRESOLVED,,,UNRESOLVED,1.249427917620137299771167048,,1.334134615384615384615384615,27.8,6.0,21.8,0.7266666666666666666666666667,0.3,30.7,POSITIVE,"{'MAX_HOLD': 3, 'TAKE': 2, 'STOP': 20, 'UNKNOWN_PATH_CONDITIONAL_REDUCE_ALL': 5, 'SESSION_FLAT': 5}",Declared conditional M5 model; full fields require full approved-window period coverage; closed diagnostics omit all unknown trades,0.1181818181818181818181818182,1.274494234471562173087206188,0.1486013986013986013986013986,0.2499392260857040167992210963,-1.033898305084745762711864407,0.592616320998910416536775383,0.05,0.0883869791156218791178216548,-0.6718506998444790046656298601,-0.7254824498901831011034480426,30,4,16,45.0,5.0,13,0.4333333333333333333333333333,4,11,0.3666666666666666666666666667,3,9,0.3,2,6,0.2,1
MOMENTUM_GLDRUBF,LONG,breakout_entry_class,PERSISTENT_LE_1_ATR,32,26,6,False,PARTIAL_COVERAGE,UNRESOLVED,UNRESOLVED,False,,,UNRESOLVED,UNRESOLVED,,,UNRESOLVED,,,UNRESOLVED,1.686414708886618998978549540,,1.762908324552160168598524763,72.4,5.2,67.2,2.584615384615384615384615385,0.4230769230769230769230769231,34.5,POSITIVE,"{'UNKNOWN_PATH_CONDITIONAL_REDUCE_ALL': 6, 'STOP': 15, 'TAKE': 8, 'SESSION_FLAT': 3}",Declared conditional M5 model; full fields require full approved-window period coverage; closed diagnostics omit all unknown trades,0.4767695099818511796733212341,0.9190308962713782185848589988,0.1375557303960136375557303960,0.2967765848292268618389594494,-1.020942982456140350877192982,0.1436151653303342963570858373,0.02774588595484117872177573670,0.05020051524792234891989923047,0E+26,-0.1545944703347057757587605808,26,3,8,30.0,10.0,13,0.5,0,10,0.3846153846153846153846153846,1,4,0.1538461538461538461538461538,4,1,0.03846153846153846153846153846,4
MOMENTUM_GLDRUBF,LONG,cost_class,NET_RR_GE_1,77,62,15,False,PARTIAL_COVERAGE,UNRESOLVED,UNRESOLVED,False,,,UNRESOLVED,UNRESOLVED,,,UNRESOLVED,,,UNRESOLVED,1.368794326241134751773049645,,1.444226044226044226044226044,90.4,12.4,78.0,1.258064516129032258064516129,0.3548387096774193548387096774,41.5,POSITIVE,"{'STOP': 39, 'UNKNOWN_PATH_CONDITIONAL_REDUCE_ALL': 15, 'TAKE': 11, 'MAX_HOLD': 4, 'SESSION_FLAT': 8}",Declared conditional M5 model; full fields require full approved-window period coverage; closed diagnostics omit all unknown trades,0.3799773006715218008133926038,1.067053768454114980811994086,0.1715542521994134897360703812,0.2753723055773579647808303574,-1.027583600982429624031740034,0.3193273139171796195728167132,0.03921568627450980392156862745,0.06979577948224089067314636931,-0.3465703971119133574007220217,-0.4244197869834764346915851792,62,8,26,42.5,5.0,29,0.4677419354838709677419354839,4,23,0.3709677419354838709677419355,4,13,0.2096774193548387096774193548,6,7,0.1129032258064516129032258065,5
MOMENTUM_GLDRUBF,SHORT,ALL,ALL,70,64,6,False,PARTIAL_COVERAGE,UNRESOLVED,UNRESOLVED,False,,,UNRESOLVED,UNRESOLVED,,,UNRESOLVED,,,UNRESOLVED,0.9222271321254971277065841803,,0.9779107225034514496088357110,-4.8,12.8,-17.6,-0.275,0.296875,82.4,NEGATIVE,"{'STOP': 44, 'UNKNOWN_PATH_CONDITIONAL_REDUCE_ALL': 6, 'MAX_HOLD': 4, 'SESSION_FLAT': 7, 'TAKE': 9}",Declared conditional M5 model; full fields require full approved-window period coverage; closed diagnostics omit all unknown trades,0.4036105738233397807865892972,0.9134954300520330075356265420,0.04552058111380145278450363196,0.2947721025463613711303461622,-1.031280547409579667644183773,-0.3241436810814497994409035125,0.04127659574468085106382978724,0.09946677081317621367549556289,-0.4168629001501054937211116904,-0.5212960189018220458355342589,64,14,31,25.0,5.0,30,0.46875,8,20,0.3125,7,8,0.125,9,3,0.046875,6
MOMENTUM_GLDRUBF,SHORT,exit_reason,MAX_HOLD,4,4,0,False,PARTIAL_COVERAGE,ACCOUNTED,PARTIAL_COVERAGE,False,,,PARTIAL_COVERAGE,PARTIAL_COVERAGE,,,PARTIAL_COVERAGE,,,PARTIAL_COVERAGE,,NO_LOSSES,,28.1,0.8,27.3,6.825,1,0,POSITIVE,{'MAX_HOLD': 4},Declared conditional M5 model; full fields require full approved-window period coverage; closed diagnostics omit all unknown trades,1.844292919858023538202876892,1.806501413599717399892600242,0.1576086956521739130434782608,0.2248439517864829961256995265,0.828680409024509008277876968,1.024574002707496505779627573,0.02726300784034212401995723450,0.02554071370907448065372978482,-0.2177006923973400973469527662,-0.2009016664921575223458166074,4,0,0,90.0,,4,1,0,3,0.75,0,2,0.5,0,0,0,0
MOMENTUM_GLDRUBF,SHORT,exit_reason,SESSION_FLAT,7,7,0,False,PARTIAL_COVERAGE,ACCOUNTED,PARTIAL_COVERAGE,False,,,PARTIAL_COVERAGE,PARTIAL_COVERAGE,,,PARTIAL_COVERAGE,,,PARTIAL_COVERAGE,140,,,29.2,1.4,27.8,3.971428571428571428571428571,0.8571428571428571428571428571,0.2,POSITIVE,{'SESSION_FLAT': 7},Declared conditional M5 model; full fields require full approved-window period coverage; closed diagnostics omit all unknown trades,0.8,1.513118732434223592530660574,0.1034482758620689655172413793,0.2043477437997142430639967586,0.4035087719298245614035087719,0.8198354255977541445053182436,0.02666666666666666666666666667,0.03585613670112672083740177739,-0.01406799531066822977725674092,-0.2161139031196125003075941506,7,0,0,30.0,35.0,5,0.7142857142857142857142857143,0,2,0.2857142857142857142857142857,0,1,0.1428571428571428571428571429,0,1,0.1428571428571428571428571429,0
MOMENTUM_GLDRUBF,SHORT,exit_reason,STOP,44,44,0,False,PARTIAL_COVERAGE,ACCOUNTED,PARTIAL_COVERAGE,False,,,PARTIAL_COVERAGE,PARTIAL_COVERAGE,,,PARTIAL_COVERAGE,,,PARTIAL_COVERAGE,0E+1,,0E+1,-217.3,8.8,-226.1,-5.138636363636363636363636364,0,226.1,NEGATIVE,{'STOP': 44},Declared conditional M5 model; full fields require full approved-window period coverage; closed diagnostics omit all unknown trades,0,0.4907307435841532229463972914,0.01694915254237288135593220339,0.3361234741969372297912665064,-1.054887218045112781954887218,-1.337229038379976213626625634,0.0507060333761232349165596919,0.1372233221823997188561196356,-0.6332053050397877984084880635,-0.6887897671255712140382950591,44,14,31,,5.0,14,0.3181818181818181818181818182,6,9,0.2045454545454545454545454545,4,3,0.06818181818181818181818181818,2,1,0.02272727272727272727272727273,2
MOMENTUM_GLDRUBF,SHORT,exit_reason,TAKE,9,9,0,False,PARTIAL_COVERAGE,ACCOUNTED,PARTIAL_COVERAGE,False,,,PARTIAL_COVERAGE,PARTIAL_COVERAGE,,,PARTIAL_COVERAGE,,,PARTIAL_COVERAGE,,NO_LOSSES,,155.2,1.8,153.4,17.04444444444444444444444444,1,0,POSITIVE,{'TAKE': 9},Declared conditional M5 model; full fields require full approved-window period coverage; closed diagnostics omit all unknown trades,1.615384615384615384615384615,2.117079780465437325039288097,0.1860465116279069767441860465,0.1940190760619953283972947427,2.521739130434782608695652174,3.139526456610211244521996122,0.04347826086956521739130434783,0.04157687772254921465341779859,-0.2191780821917808219178082192,-0.262097494935096343372427762,9,0,0,15.0,,7,0.7777777777777777777777777778,2,6,0.6666666666666666666666666667,3,2,0.2222222222222222222222222222,7,1,0.1111111111111111111111111111,4
MOMENTUM_GLDRUBF,SHORT,exit_reason,UNKNOWN_PATH_CONDITIONAL_REDUCE_ALL,6,0,6,False,PARTIAL_COVERAGE,UNRESOLVED,UNRESOLVED,False,,,UNRESOLVED,UNRESOLVED,,,UNRESOLVED,,,UNRESOLVED,,NO_CLOSED_TRADES,,,,,,,,NO_CLOSED_TRADES,{'UNKNOWN_PATH_CONDITIONAL_REDUCE_ALL': 6},Declared conditional M5 model; full fields require full approved-window period coverage; closed diagnostics omit all unknown trades,,,,,,,0.02908324552160168598524762908,0.03291667827493657120965561157,-0.2089384217043791511876618260,-0.2514483545634375181523566975,0,0,0,,,0,,0,0,,0,0,,0,0,,0
MOMENTUM_GLDRUBF,SHORT,time_bucket,11:00,6,5,1,False,PARTIAL_COVERAGE,UNRESOLVED,UNRESOLVED,False,,,UNRESOLVED,UNRESOLVED,,,UNRESOLVED,,,UNRESOLVED,1.166666666666666666666666667,,1.216216216216216216216216216,4.8,1.0,3.8,0.76,0.4,18.8,POSITIVE,"{'STOP': 3, 'UNKNOWN_PATH_CONDITIONAL_REDUCE_ALL': 1, 'TAKE': 2}",Declared conditional M5 model; full fields require full approved-window period coverage; closed diagnostics omit all unknown trades,0.3829787234042553191489361702,0.9597202092857145395613249008,0.2678571428571428571428571429,0.4444640974232443976846916172,-1.014598540145985401459854015,0.418105449684699131096815687,0.03913373860182370820668693009,0.0359404206388721871639717447,-0.4157494910709852534714751494,-0.4288792081668169188753870365,5,0,1,45.0,15.0,2,0.4,1,2,0.4,1,1,0.2,1,0,0,0
MOMENTUM_GLDRUBF,SHORT,time_bucket,11:30,9,7,2,False,PARTIAL_COVERAGE,UNRESOLVED,UNRESOLVED,False,,,UNRESOLVED,UNRESOLVED,,,UNRESOLVED,,,UNRESOLVED,0.05572755417956656346749226006,,0.06430868167202572347266881029,-29.1,1.4,-30.5,-4.357142857142857142857142857,0.1428571428571428571428571429,30.5,NEGATIVE,"{'UNKNOWN_PATH_CONDITIONAL_REDUCE_ALL': 2, 'STOP': 6, 'MAX_HOLD': 1}",Declared conditional M5 model; full fields require full approved-window period coverage; closed diagnostics omit all unknown trades,0,0.3290481005344503827820309114,0,0.2705538231470545751161941014,-1.028571428571428571428571429,-0.8747858031878765924073685836,0.04347826086956521739130434783,0.04812785281526727777554377517,-0.5891980360065466448445171849,-0.5925458009584182249944541037,7,1,5,90.0,0.0,2,0.2857142857142857142857142857,1,1,0.1428571428571428571428571429,0,0,0,0,0,0,0
MOMENTUM_GLDRUBF,SHORT,time_bucket,12:00,10,10,0,False,PARTIAL_COVERAGE,ACCOUNTED,PARTIAL_COVERAGE,False,,,PARTIAL_COVERAGE,PARTIAL_COVERAGE,,,PARTIAL_COVERAGE,,,PARTIAL_COVERAGE,0.3173913043478260869565217391,,0.3378378378378378378378378378,-29.4,2.0,-31.4,-3.14,0.2,40.1,NEGATIVE,"{'STOP': 8, 'MAX_HOLD': 1, 'SESSION_FLAT': 1}",Declared conditional M5 model; full fields require full approved-window period coverage; closed diagnostics omit all unknown trades,0.636721113127646702964307320,1.023125873881911197455690552,0.3938294010889292196007259528,0.3980036717363602633173894575,-1.045923632610939112487100103,-0.7106964395468784917219569988,0.04088443888193575302461410096,0.04864616209838827584310786146,-0.5165726541554959785522788205,-0.4682731991582868390387810509,10,4,5,87.5,5.0,6,0.6,1,4,0.4,1,3,0.3,0,0,0,0
MOMENTUM_GLDRUBF,SHORT,time_bucket,12:30,7,6,1,False,PARTIAL_COVERAGE,UNRESOLVED,UNRESOLVED,False,,,UNRESOLVED,UNRESOLVED,,,UNRESOLVED,,,UNRESOLVED,0.04219409282700421940928270042,,0.05286343612334801762114537445,-21.5,1.2,-22.7,-3.783333333333333333333333333,0.1666666666666666666666666667,22.7,NEGATIVE,"{'STOP': 5, 'SESSION_FLAT': 1, 'UNKNOWN_PATH_CONDITIONAL_REDUCE_ALL': 1}",Declared conditional M5 model; full fields require full approved-window period coverage; closed diagnostics omit all unknown trades,0.3355102040816326530612244898,0.3864130058803182289865098583,0.01694915254237288135593220339,0.2328379261309043391367846573,-1.104745762711864406779661017,-0.9975758740407650819273095303,0.03389830508474576271186440678,0.1481798977399400062080179403,-0.3010033444816053511705685619,-0.4927738051555649398094399503,6,2,4,50.0,5.0,3,0.5,0,0,0,0,0,0,0,0,0,0
MOMENTUM_GLDRUBF,SHORT,time_bucket,13:00,4,4,0,False,PARTIAL_COVERAGE,ACCOUNTED,PARTIAL_COVERAGE,False,,,PARTIAL_COVERAGE,PARTIAL_COVERAGE,,,PARTIAL_COVERAGE,,,PARTIAL_COVERAGE,3.854166666666666666666666667,,4.295454545454545454545454545,14.5,0.8,13.7,3.425,0.5,4.8,POSITIVE,"{'STOP': 1, 'SESSION_FLAT': 1, 'TAKE': 2}",Declared conditional M5 model; full fields require full approved-window period coverage; closed diagnostics omit all unknown trades,0.5781596452328159645232815965,0.7191164526530380188916774282,0.4405594405594405594405594406,0.375099697050916563111685063,0.980860805860805860805860806,0.7290667665667665667665667668,0.04195804195804195804195804196,0.03793604769214525312086287698,-0.00703399765533411488862837046,-0.1200218531965990962792656415,4,1,1,17.5,20.0,2,0.5,1,1,0.25,1,0,0,2,0,0,1
MOMENTUM_GLDRUBF,SHORT,time_bucket,15:30,3,3,0,False,PARTIAL_COVERAGE,ACCOUNTED,PARTIAL_COVERAGE,False,,,PARTIAL_COVERAGE,PARTIAL_COVERAGE,,,PARTIAL_COVERAGE,,,PARTIAL_COVERAGE,0.8474576271186440677966101695,,0.9454545454545454545454545455,-0.3,0.6,-0.9,-0.3,0.3333333333333333333333333333,3.7,NEGATIVE,"{'STOP': 2, 'MAX_HOLD': 1}",Declared conditional M5 model; full fields require full approved-window period coverage; closed diagnostics omit all unknown trades,1.198019801980198019801980198,0.846958981612446958981612447,0.05714285714285714285714285714,0.2137670909948137670909948138,-1.057142857142857142857142857,-0.6365393682225365393682225367,0.05714285714285714285714285714,0.05568128241395568128241395567,-0.4979253112033195020746887968,-0.4831661638711490836600822567,3,1,2,90.0,2.5,2,0.6666666666666666666666666667,0,2,0.6666666666666666666666666667,0,0,0,0,0,0,0
MOMENTUM_GLDRUBF,SHORT,time_bucket,16:00,5,5,0,False,PARTIAL_COVERAGE,ACCOUNTED,PARTIAL_COVERAGE,False,,,PARTIAL_COVERAGE,PARTIAL_COVERAGE,,,PARTIAL_COVERAGE,,,PARTIAL_COVERAGE,1.217194570135746606334841629,,1.272300469483568075117370892,5.8,1.0,4.8,0.96,0.2,20.1,POSITIVE,"{'STOP': 4, 'TAKE': 1}",Declared conditional M5 model; full fields require full approved-window period coverage; closed diagnostics omit all unknown trades,1.304347826086956521739130435,2.539051383399209486166007906,0.35,0.4277075098814229249011857708,-1.030303030303030303030303030,0.9525867369345630215195432588,0.03333333333333333333333333333,0.0540799297321036451471234080,-0.5175202156334231805929919138,-0.5777221141301502032844403004,5,2,1,20.0,20.0,3,0.6,0,3,0.6,0,1,0.2,0,1,0.2,0
MOMENTUM_GLDRUBF,SHORT,time_bucket,16:30,8,8,0,False,PARTIAL_COVERAGE,ACCOUNTED,PARTIAL_COVERAGE,False,,,PARTIAL_COVERAGE,PARTIAL_COVERAGE,,,PARTIAL_COVERAGE,,,PARTIAL_COVERAGE,1.593137254901960784313725490,,1.706185567010309278350515464,13.7,1.6,12.1,1.5125,0.375,20.4,POSITIVE,"{'STOP': 5, 'TAKE': 2, 'MAX_HOLD': 1}",Declared conditional M5 model; full fields require full approved-window period coverage; closed diagnostics omit all unknown trades,0,0.5435155221588415971917507679,0,0.1554242727348503792614820372,-1.121863799283154121863799283,-0.7816813799558380161078005354,0.1423611111111111111111111111,0.170337162219013872965096620,-0.7822448575593427753882700165,-0.7752941586753421083021234329,8,0,5,10.0,0.0,2,0.25,3,2,0.25,3,1,0.125,4,0,0,4
MOMENTUM_GLDRUBF,SHORT,time_bucket,17:00,5,4,1,False,PARTIAL_COVERAGE,UNRESOLVED,UNRESOLVED,False,,,UNRESOLVED,UNRESOLVED,,,UNRESOLVED,,,UNRESOLVED,0E+1,,0E+1,-8.7,0.8,-9.5,-2.375,0,9.5,NEGATIVE,"{'STOP': 4, 'UNKNOWN_PATH_CONDITIONAL_REDUCE_ALL': 1}",Declared conditional M5 model; full fields require full approved-window period coverage; closed diagnostics omit all unknown trades,0,0.1402439024390243902439024390,0,0.2378048780487804878048780488,-1.100000000000000000000000000,-1.562195121951219512195121951,0.06666666666666666666666666667,0.4538377302140368342458934794,-0.8903878583473861720067453625,-0.8055142127823800873462005954,4,1,3,,0.0,1,0.25,1,0,0,0,0,0,0,0,0,0
MOMENTUM_GLDRUBF,SHORT,time_bucket,17:30,7,6,1,False,PARTIAL_COVERAGE,UNRESOLVED,UNRESOLVED,False,,,UNRESOLVED,UNRESOLVED,,,UNRESOLVED,,,UNRESOLVED,0.8211920529801324503311258278,,0.8571428571428571428571428571,-4.2,1.2,-5.4,-0.9,0.3333333333333333333333333333,30.2,NEGATIVE,"{'STOP': 4, 'TAKE': 1, 'UNKNOWN_PATH_CONDITIONAL_REDUCE_ALL': 1, 'SESSION_FLAT': 1}",Declared conditional M5 model; full fields require full approved-window period coverage; closed diagnostics omit all unknown trades,0.965909090909090909090909091,1.091308201602319249378072908,0.005494505494505494505494505495,0.277820559070559070559070559,-1.021869817578772802653399668,-0.2218694773018741412068892315,0.03030303030303030303030303030,0.04357757680534552477359450897,-0.2900302114803625377643504532,-0.4446131339168902478150513317,6,2,3,25.0,5.0,4,0.6666666666666666666666666667,0,3,0.5,0,1,0.1666666666666666666666666667,1,1,0.1666666666666666666666666667,1
MOMENTUM_GLDRUBF,SHORT,time_bucket,18:00,6,6,0,False,PARTIAL_COVERAGE,ACCOUNTED,PARTIAL_COVERAGE,False,,,PARTIAL_COVERAGE,PARTIAL_COVERAGE,,,PARTIAL_COVERAGE,,,PARTIAL_COVERAGE,6.627906976744186046511627907,,7.048780487804878048780487805,49.6,1.2,48.4,8.066666666666666666666666667,0.6666666666666666666666666667,8.6,POSITIVE,"{'SESSION_FLAT': 3, 'TAKE': 1, 'STOP': 2}",Declared conditional M5 model; full fields require full approved-window period coverage; closed diagnostics omit all unknown trades,0.673843700159489633173843700,1.540414054995513256400608866,0.078125,0.2050630634299989138698816118,0.611392940181779750581272458,0.7406771948971306673763359592,0.03367289190718732314657611772,0.04400719657625890366700807103,-0.1625520228759095155856289460,-0.3819954153409318351430397027,6,0,1,20.0,7.5,3,0.5,0,2,0.3333333333333333333333333333,1,1,0.1666666666666666666666666667,1,1,0.1666666666666666666666666667,0
MOMENTUM_GLDRUBF,SHORT,session_half,AM,36,32,4,False,PARTIAL_COVERAGE,UNRESOLVED,UNRESOLVED,False,,,UNRESOLVED,UNRESOLVED,,,UNRESOLVED,,,UNRESOLVED,0.4822530864197530864197530864,,0.5136217948717948717948717949,-60.7,6.4,-67.1,-2.096875,0.25,95.5,NEGATIVE,"{'STOP': 23, 'UNKNOWN_PATH_CONDITIONAL_REDUCE_ALL': 4, 'SESSION_FLAT': 3, 'TAKE': 4, 'MAX_HOLD': 2}",Declared conditional M5 model; full fields require full approved-window period coverage; closed diagnostics omit all unknown trades,0.3378308251167618059159314998,0.7040043854650905875413598522,0.1865601503759398496240601504,0.3435518847343218417086924862,-1.037151702786377708978328173,-0.4440351858543109260338956803,0.03960784313725490196078431372,0.06456273041951895659262167081,-0.4157494910709852534714751494,-0.4588450971690245803437044967,32,8,16,60.0,5.0,15,0.46875,4,8,0.25,3,4,0.125,3,0,0,1
MOMENTUM_GLDRUBF,SHORT,session_half,PM,34,32,2,False,PARTIAL_COVERAGE,UNRESOLVED,UNRESOLVED,False,,,UNRESOLVED,UNRESOLVED,,,UNRESOLVED,,,UNRESOLVED,1.511892450879007238883143744,,1.604324324324324324324324324,55.9,6.4,49.5,1.546875,0.34375,32.3,POSITIVE,"{'STOP': 21, 'MAX_HOLD': 2, 'SESSION_FLAT': 4, 'TAKE': 5, 'UNKNOWN_PATH_CONDITIONAL_REDUCE_ALL': 2}",Declared conditional M5 model; full fields require full approved-window period coverage; closed diagnostics omit all unknown trades,0.4314194577352472089314194577,1.122986474638975427529893232,0,0.2459923203584009005519998379,-1.030303030303030303030303030,-0.2042521763085886728479113446,0.04764605785592739648326715826,0.1364239900535191917632443898,-0.4168629001501054937211116904,-0.58742052426596053870923636,32,6,15,20.0,0.0,15,0.46875,4,12,0.375,4,4,0.125,6,3,0.09375,5
MOMENTUM_GLDRUBF,SHORT,net_outcome,LOSS,45,45,0,False,PARTIAL_COVERAGE,ACCOUNTED,PARTIAL_COVERAGE,False,,,PARTIAL_COVERAGE,PARTIAL_COVERAGE,,,PARTIAL_COVERAGE,,,PARTIAL_COVERAGE,0E+1,,0E+1,-217.3,9.0,-226.3,-5.028888888888888888888888889,0,226.3,NEGATIVE,"{'STOP': 44, 'SESSION_FLAT': 1}",Declared conditional M5 model; full fields require full approved-window period coverage; closed diagnostics omit all unknown trades,0,0.4821536582769921460343609493,0.009523809523809523809523809524,0.3288657038708677252138944464,-1.052631578947368421052631579,-1.307936117950368276604235011,0.04878048780487804878048780488,0.1345971954460712594952958130,-0.5184000000000000000000000000,-0.6737959499741289254991608742,45,14,31,,5.0,14,0.3111111111111111111111111111,6,9,0.2,4,3,0.06666666666666666666666666667,2,1,0.02222222222222222222222222222,2
MOMENTUM_GLDRUBF,SHORT,net_outcome,UNKNOWN,6,0,6,False,PARTIAL_COVERAGE,UNRESOLVED,UNRESOLVED,False,,,UNRESOLVED,UNRESOLVED,,,UNRESOLVED,,,UNRESOLVED,,NO_CLOSED_TRADES,,,,,,,,NO_CLOSED_TRADES,{'UNKNOWN_PATH_CONDITIONAL_REDUCE_ALL': 6},Declared conditional M5 model; full fields require full approved-window period coverage; closed diagnostics omit all unknown trades,,,,,,,0.02908324552160168598524762908,0.03291667827493657120965561157,-0.2089384217043791511876618260,-0.2514483545634375181523566975,0,0,0,,,0,,0,0,,0,0,,0,0,,0
MOMENTUM_GLDRUBF,SHORT,net_outcome,WIN,19,19,0,False,PARTIAL_COVERAGE,ACCOUNTED,PARTIAL_COVERAGE,False,,,PARTIAL_COVERAGE,PARTIAL_COVERAGE,,,PARTIAL_COVERAGE,,,PARTIAL_COVERAGE,,NO_LOSSES,,212.5,3.8,208.7,10.98421052631578947368421053,1,0,POSITIVE,"{'MAX_HOLD': 4, 'SESSION_FLAT': 6, 'TAKE': 9}",Declared conditional M5 model; full fields require full approved-window period coverage; closed diagnostics omit all unknown trades,1.439560439560439560439560440,1.935094363203445574249150314,0.15625,0.214024099409372637774573910,1.980769230769230769230769231,2.005891037818620278051197406,0.03571428571428571428571428571,0.03727895222102678172307600785,-0.2191780821917808219178082192,-0.2453270235216377080058430843,19,0,0,25.0,,16,0.8421052631578947368421052632,2,11,0.5789473684210526315789473684,3,5,0.2631578947368421052631578947,7,2,0.1052631578947368421052631579,4
MOMENTUM_GLDRUBF,SHORT,adx_regime,NOT_READY,48,43,5,False,PARTIAL_COVERAGE,UNRESOLVED,UNRESOLVED,False,,,UNRESOLVED,UNRESOLVED,,,UNRESOLVED,,,UNRESOLVED,0.6735311932162325863113264688,,0.7149150409062303335431088735,-45.3,8.6,-53.9,-1.253488372093023255813953488,0.2790697674418604651162790698,74.6,NEGATIVE,"{'STOP': 31, 'UNKNOWN_PATH_CONDITIONAL_REDUCE_ALL': 5, 'MAX_HOLD': 3, 'TAKE': 5, 'SESSION_FLAT': 4}",Declared conditional M5 model; full fields require full approved-window period coverage; closed diagnostics omit all unknown trades,0.4242424242424242424242424242,0.9398275179599718688015316484,0.05714285714285714285714285714,0.2977451031362494711139743926,-1.033333333333333333333333333,-0.4624790601032127161923011486,0.04088443888193575302461410096,0.05812093579242478669287774879,-0.4653196392326827109435805088,-0.5144401358319369933028155556,43,10,22,42.5,5.0,20,0.4651162790697674418604651163,6,14,0.3255813953488372093023255814,5,6,0.1395348837209302325581395349,5,2,0.04651162790697674418604651163,4
MOMENTUM_GLDRUBF,SHORT,adx_regime,SUB_25,10,9,1,False,PARTIAL_COVERAGE,UNRESOLVED,UNRESOLVED,False,,,UNRESOLVED,UNRESOLVED,,,UNRESOLVED,,,UNRESOLVED,1.684873949579831932773109244,,1.793859649122807017543859649,18.1,1.8,16.3,1.811111111111111111111111111,0.4444444444444444444444444444,15.2,POSITIVE,"{'SESSION_FLAT': 2, 'STOP': 5, 'UNKNOWN_PATH_CONDITIONAL_REDUCE_ALL': 1, 'TAKE': 1, 'MAX_HOLD': 1}",Declared conditional M5 model; full fields require full approved-window period coverage; closed diagnostics omit all unknown trades,0.8636363636363636363636363636,1.430444370114034773891486194,0,0.2651345443684153361572716411,-1.021505376344086021505376344,0.4811799909738529708366450344,0.04159519725557461406518010292,0.06356697034097277815545444964,-0.3661873166089508049380105210,-0.4874787013695090711001508775,9,1,4,25.0,5.0,5,0.5555555555555555555555555556,0,4,0.4444444444444444444444444444,0,2,0.2222222222222222222222222222,1,1,0.1111111111111111111111111111,1
MOMENTUM_GLDRUBF,SHORT,adx_regime,TREND_25_PLUS,12,12,0,False,PARTIAL_COVERAGE,ACCOUNTED,PARTIAL_COVERAGE,False,,,PARTIAL_COVERAGE,PARTIAL_COVERAGE,,,PARTIAL_COVERAGE,,,PARTIAL_COVERAGE,1.534759358288770053475935829,,1.629213483146067415730337079,22.4,2.4,20.0,1.666666666666666666666666667,0.25,22.5,POSITIVE,"{'STOP': 8, 'TAKE': 3, 'SESSION_FLAT': 1}",Declared conditional M5 model; full fields require full approved-window period coverage; closed diagnostics omit all unknown trades,0.1762790697674418604651162790,0.431427076668750763232571838,0.0977851605758582502768549280,0.3063470190660552057521508943,-1.030204081632653061224489796,-0.4324346602949430921232233929,0.04325581395348837209302325582,0.2947666112896847845393344138,-0.4005083311382245960532878993,-0.5769006491249564015792285541,12,3,5,15.0,5.0,5,0.4166666666666666666666666667,2,2,0.1666666666666666666666666667,2,0,0,3,0,0,1
MOMENTUM_GLDRUBF,SHORT,di_aligned,False,12,11,1,False,PARTIAL_COVERAGE,UNRESOLVED,UNRESOLVED,False,,,UNRESOLVED,UNRESOLVED,,,UNRESOLVED,,,UNRESOLVED,0.8919540229885057471264367816,,0.9400479616306954436450839329,-2.5,2.2,-4.7,-0.4272727272727272727272727273,0.1818181818181818181818181818,22.5,NEGATIVE,"{'STOP': 9, 'TAKE': 1, 'MAX_HOLD': 1, 'UNKNOWN_PATH_CONDITIONAL_REDUCE_ALL': 1}",Declared conditional M5 model; full fields require full approved-window period coverage; closed diagnostics omit all unknown trades,0.3829787234042553191489361702,1.650466302253647798893301011,0,0.241335412308056684956381005,-1.042553191489361702127659574,0.1456266045820462951679781627,0.04759238521836506159014557671,0.05892416136190672775363065096,-0.8576863004883617816094980415,-0.7633351734114739162399537278,11,3,7,55.0,5.0,5,0.4545454545454545454545454545,3,4,0.3636363636363636363636363636,1,4,0.3636363636363636363636363636,0,2,0.1818181818181818181818181818,0
MOMENTUM_GLDRUBF,SHORT,di_aligned,None,5,5,0,False,PARTIAL_COVERAGE,ACCOUNTED,PARTIAL_COVERAGE,False,,,PARTIAL_COVERAGE,PARTIAL_COVERAGE,,,PARTIAL_COVERAGE,,,PARTIAL_COVERAGE,0.8873239436619718309859154930,,0.9558823529411764705882352941,-0.6,1.0,-1.6,-0.32,0.4,13.2,NEGATIVE,"{'STOP': 3, 'SESSION_FLAT': 1, 'TAKE': 1}",Declared conditional M5 model; full fields require full approved-window period coverage; closed diagnostics omit all unknown trades,0.1842105263157894736842105263,0.5490160183066361556064073226,0.1052631578947368421052631579,0.1179415204678362573099415205,-1.052631578947368421052631579,-1.723956267480294940249173659,0.05263157894736842105263157895,0.09122196796338672768878718536,-0.4935064935064935064935064935,-0.545878796223425748485540865,5,0,3,35.0,5.0,2,0.4,0,1,0.2,0,0,0,1,0,0,0
MOMENTUM_GLDRUBF,SHORT,di_aligned,True,53,48,5,False,PARTIAL_COVERAGE,UNRESOLVED,UNRESOLVED,False,,,UNRESOLVED,UNRESOLVED,,,UNRESOLVED,,,UNRESOLVED,0.9329774614472123368920521945,,0.9895061728395061728395061728,-1.7,9.6,-11.3,-0.2354166666666666666666666667,0.3125,49.7,NEGATIVE,"{'STOP': 32, 'UNKNOWN_PATH_CONDITIONAL_REDUCE_ALL': 5, 'MAX_HOLD': 3, 'SESSION_FLAT': 6, 'TAKE': 7}",Declared conditional M5 model; full fields require full approved-window period coverage; closed diagnostics omit all unknown trades,0.4314194577352472089314194577,0.7825728772293084565921198108,0.1298491379310344827586206896,0.3254378630258192277348386608,-1.030303030303030303030303030,-0.2859855604627879522879107562,0.03846153846153846153846153846,0.1094240411464626525622110502,-0.3120567375886524822695035461,-0.4641755709636363673807594164,48,11,21,25.0,5.0,23,0.4791666666666666666666666667,5,15,0.3125,6,4,0.08333333333333333333333333333,8,1,0.02083333333333333333333333333,6
MOMENTUM_GLDRUBF,SHORT,ema_aligned,None,70,64,6,False,PARTIAL_COVERAGE,UNRESOLVED,UNRESOLVED,False,,,UNRESOLVED,UNRESOLVED,,,UNRESOLVED,,,UNRESOLVED,0.9222271321254971277065841803,,0.9779107225034514496088357110,-4.8,12.8,-17.6,-0.275,0.296875,82.4,NEGATIVE,"{'STOP': 44, 'UNKNOWN_PATH_CONDITIONAL_REDUCE_ALL': 6, 'MAX_HOLD': 4, 'SESSION_FLAT': 7, 'TAKE': 9}",Declared conditional M5 model; full fields require full approved-window period coverage; closed diagnostics omit all unknown trades,0.4036105738233397807865892972,0.9134954300520330075356265420,0.04552058111380145278450363196,0.2947721025463613711303461622,-1.031280547409579667644183773,-0.3241436810814497994409035125,0.04127659574468085106382978724,0.09946677081317621367549556289,-0.4168629001501054937211116904,-0.5212960189018220458355342589,64,14,31,25.0,5.0,30,0.46875,8,20,0.3125,7,8,0.125,9,3,0.046875,6
MOMENTUM_GLDRUBF,SHORT,breakout_entry_class,EXTENDED_GT_1_ATR,11,11,0,False,PARTIAL_COVERAGE,ACCOUNTED,PARTIAL_COVERAGE,False,,,PARTIAL_COVERAGE,PARTIAL_COVERAGE,,,PARTIAL_COVERAGE,,,PARTIAL_COVERAGE,0.2709030100334448160535117057,,0.2886597938144329896907216495,-41.4,2.2,-43.6,-3.963636363636363636363636364,0.2727272727272727272727272727,46.6,NEGATIVE,"{'STOP': 8, 'MAX_HOLD': 1, 'SESSION_FLAT': 1, 'TAKE': 1}",Declared conditional M5 model; full fields require full approved-window period coverage; closed diagnostics omit all unknown trades,0.5609756097560975609756097561,0.6272014892773313184487599374,0.4772727272727272727272727273,0.4313365166743034137624853476,-1.029850746268656716417910448,-0.4328632996659836651523662425,0.03225806451612903225806451613,0.03899291262727979476532753864,-0.3982300884955752212389380531,-0.243794321779676293572697822,11,4,4,50.0,10.0,7,0.6363636363636363636363636364,0,3,0.2727272727272727272727272727,0,0,0,1,0,0,1
MOMENTUM_GLDRUBF,SHORT,breakout_entry_class,INSIDE_RANGE,37,34,3,False,PARTIAL_COVERAGE,UNRESOLVED,UNRESOLVED,False,,,UNRESOLVED,UNRESOLVED,,,UNRESOLVED,,,UNRESOLVED,1.160289555325749741468459152,,1.243184296619411123227917121,22.3,6.8,15.5,0.4558823529411764705882352941,0.2647058823529411764705882353,32.5,POSITIVE,"{'UNKNOWN_PATH_CONDITIONAL_REDUCE_ALL': 3, 'STOP': 24, 'SESSION_FLAT': 4, 'TAKE': 4, 'MAX_HOLD': 2}",Declared conditional M5 model; full fields require full approved-window period coverage; closed diagnostics omit all unknown trades,0.1444862155388471177944862156,1.036997863525390131447973199,0,0.242600951773521089592602674,-1.047592385218365061590145576,-0.3704845208601070869540188776,0.05555555555555555555555555556,0.1534081662752753682155833668,-0.8667163067758749069247952343,-0.7684320368943658935614623805,34,4,19,25.0,0.0,12,0.3529411764705882352941176471,6,10,0.2941176470588235294117647059,5,6,0.1764705882352941176470588235,5,3,0.08823529411764705882352941176,4
MOMENTUM_GLDRUBF,SHORT,breakout_entry_class,PERSISTENT_LE_1_ATR,22,19,3,False,PARTIAL_COVERAGE,UNRESOLVED,UNRESOLVED,False,,,UNRESOLVED,UNRESOLVED,,,UNRESOLVED,,,UNRESOLVED,1.150429799426934097421203438,,1.212166172106824925816023739,14.3,3.8,10.5,0.5526315789473684210526315789,0.3684210526315789473684210526,37.9,POSITIVE,"{'STOP': 12, 'UNKNOWN_PATH_CONDITIONAL_REDUCE_ALL': 3, 'TAKE': 4, 'MAX_HOLD': 1, 'SESSION_FLAT': 2}",Declared conditional M5 model; full fields require full approved-window period coverage; closed diagnostics omit all unknown trades,0.7471264367816091954022988506,0.8582401990219054479006658216,0.2676767676767676767676767677,0.3090673957500038502529644548,-1.026315789473684210526315789,-0.1782750307180697837423765417,0.03361581920903954802259887006,0.03898408026532129958588645028,-0.1374170951635740368134734332,-0.2444090190208893598824369999,19,6,8,25.0,5.0,11,0.5789473684210526315789473684,2,7,0.3684210526315789473684210526,2,2,0.1052631578947368421052631579,3,0,0,1
MOMENTUM_GLDRUBF,SHORT,cost_class,NET_RR_GE_1,70,64,6,False,PARTIAL_COVERAGE,UNRESOLVED,UNRESOLVED,False,,,UNRESOLVED,UNRESOLVED,,,UNRESOLVED,,,UNRESOLVED,0.9222271321254971277065841803,,0.9779107225034514496088357110,-4.8,12.8,-17.6,-0.275,0.296875,82.4,NEGATIVE,"{'STOP': 44, 'UNKNOWN_PATH_CONDITIONAL_REDUCE_ALL': 6, 'MAX_HOLD': 4, 'SESSION_FLAT': 7, 'TAKE': 9}",Declared conditional M5 model; full fields require full approved-window period coverage; closed diagnostics omit all unknown trades,0.4036105738233397807865892972,0.9134954300520330075356265420,0.04552058111380145278450363196,0.2947721025463613711303461622,-1.031280547409579667644183773,-0.3241436810814497994409035125,0.04127659574468085106382978724,0.09946677081317621367549556289,-0.4168629001501054937211116904,-0.5212960189018220458355342589,64,14,31,25.0,5.0,30,0.46875,8,20,0.3125,7,8,0.125,9,3,0.046875,6
MOMENTUM_IMOEXF,ALL,ALL,ALL,23,21,2,False,PARTIAL_COVERAGE,UNRESOLVED,UNRESOLVED,False,,,UNRESOLVED,UNRESOLVED,,,UNRESOLVED,,,UNRESOLVED,0.34,,0.5169491525423728813559322034,-28.5,21.0,-49.5,-2.357142857142857142857142857,0.2380952380952380952380952381,59.0,NEGATIVE,"{'STOP': 16, 'UNKNOWN_PATH_CONDITIONAL_REDUCE_ALL': 2, 'SESSION_FLAT': 2, 'TAKE': 3}",Declared conditional M5 model; full fields require full approved-window period coverage; closed diagnostics omit all unknown trades,0.6,0.8128302454389410911150041581,0.4,0.3775527612484134223264658048,-1.25,-0.7827510653597610119349249790,0.3333333333333333333333333333,0.4244458020450459013786045923,-0.5106382978723404255319148937,-0.4348756761148113781911309948,21,8,9,20.0,10.0,13,0.6190476190476190476190476190,1,9,0.4285714285714285714285714286,0,2,0.09523809523809523809523809524,1,1,0.04761904761904761904761904762,0
MOMENTUM_IMOEXF,ALL,exit_reason,SESSION_FLAT,2,2,0,False,PARTIAL_COVERAGE,ACCOUNTED,PARTIAL_COVERAGE,False,,,PARTIAL_COVERAGE,PARTIAL_COVERAGE,,,PARTIAL_COVERAGE,,,PARTIAL_COVERAGE,,NO_LOSSES,,5.5,2.0,3.5,1.75,1,0,POSITIVE,{'SESSION_FLAT': 2},Declared conditional M5 model; full fields require full approved-window period coverage; closed diagnostics omit all unknown trades,0.5833333333333333333333333335,0.5833333333333333333333333335,0.04166666666666666666666666666,0.04166666666666666666666666666,0.2916666666666666666666666666,0.2916666666666666666666666666,0.1666666666666666666666666667,0.1666666666666666666666666667,-0.03438228438228438228438228435,-0.03438228438228438228438228435,2,0,0,17.5,,2,1,0,0,0,0,0,0,0,0,0,0
MOMENTUM_IMOEXF,ALL,exit_reason,STOP,16,16,0,False,PARTIAL_COVERAGE,ACCOUNTED,PARTIAL_COVERAGE,False,,,PARTIAL_COVERAGE,PARTIAL_COVERAGE,,,PARTIAL_COVERAGE,,,PARTIAL_COVERAGE,0E+1,,0E+1,-59.0,16.0,-75.0,-4.6875,0,75.0,NEGATIVE,{'STOP': 16},Declared conditional M5 model; full fields require full approved-window period coverage; closed diagnostics omit all unknown trades,0.425,0.5772563638052768487551096247,0.4,0.3986629991385426168034863688,-1.4,-1.53604132884024188372014459,0.4,0.4902079955069085503868112564,-0.559787849566055930568948891,-0.5378978778193786629260819718,16,8,9,,10.0,8,0.5,1,6,0.375,0,0,0,0,0,0,0
MOMENTUM_IMOEXF,ALL,exit_reason,TAKE,3,3,0,False,PARTIAL_COVERAGE,ACCOUNTED,PARTIAL_COVERAGE,False,,,PARTIAL_COVERAGE,PARTIAL_COVERAGE,,,PARTIAL_COVERAGE,,,PARTIAL_COVERAGE,,NO_LOSSES,,25.0,3.0,22.0,7.333333333333333333333333333,1,0,POSITIVE,{'TAKE': 3},Declared conditional M5 model; full fields require full approved-window period coverage; closed diagnostics omit all unknown trades,2,2.222222222222222222222222222,0.6666666666666666666666666667,0.488888888888888888888888889,2.222222222222222222222222222,2.518518518518518518518518518,0.4,0.4296296296296296296296296297,-0.1481481481481481481481481481,-0.2716049382716049382716049383,3,0,0,30.0,,3,1,0,3,1,0,2,0.6666666666666666666666666667,1,1,0.3333333333333333333333333333,0
MOMENTUM_IMOEXF,ALL,exit_reason,UNKNOWN_PATH_CONDITIONAL_REDUCE_ALL,2,0,2,False,PARTIAL_COVERAGE,UNRESOLVED,UNRESOLVED,False,,,UNRESOLVED,UNRESOLVED,,,UNRESOLVED,,,UNRESOLVED,,NO_CLOSED_TRADES,,,,,,,,NO_CLOSED_TRADES,{'UNKNOWN_PATH_CONDITIONAL_REDUCE_ALL': 2},Declared conditional M5 model; full fields require full approved-window period coverage; closed diagnostics omit all unknown trades,,,,,,,0.1483516483516483516483516484,0.1483516483516483516483516484,-0.2560975609756097560975609756,-0.2560975609756097560975609756,0,0,0,,,0,,0,0,,0,0,,0,0,,0
MOMENTUM_IMOEXF,ALL,time_bucket,11:00,5,3,2,False,PARTIAL_COVERAGE,UNRESOLVED,UNRESOLVED,False,,,UNRESOLVED,UNRESOLVED,,,UNRESOLVED,,,UNRESOLVED,0E+1,,0E+1,-18.5,3.0,-21.5,-7.166666666666666666666666667,0,21.5,NEGATIVE,"{'UNKNOWN_PATH_CONDITIONAL_REDUCE_ALL': 2, 'STOP': 3}",Declared conditional M5 model; full fields require full approved-window period coverage; closed diagnostics omit all unknown trades,1.181818181818181818181818182,0.867369345630215195432586737,0.6666666666666666666666666667,0.692577953447518664909969258,-1.181818181818181818181818182,-1.311813790074659639877031182,0.1538461538461538461538461538,0.2464289333854551245855593682,-0.5106382978723404255319148937,-0.3160313922470457288754767286,3,2,0,,30.0,2,0.6666666666666666666666666667,0,2,0.6666666666666666666666666667,0,0,0,0,0,0,0
MOMENTUM_IMOEXF,ALL,time_bucket,11:30,2,2,0,False,PARTIAL_COVERAGE,ACCOUNTED,PARTIAL_COVERAGE,False,,,PARTIAL_COVERAGE,PARTIAL_COVERAGE,,,PARTIAL_COVERAGE,,,PARTIAL_COVERAGE,0E+1,,0E+1,-10.0,2.0,-12.0,-6.0,0,12.0,NEGATIVE,{'STOP': 2},Declared conditional M5 model; full fields require full approved-window period coverage; closed diagnostics omit all unknown trades,1.353535353535353535353535354,1.353535353535353535353535354,0.7424242424242424242424242425,0.7424242424242424242424242425,-1.202020202020202020202020202,-1.202020202020202020202020202,0.2020202020202020202020202020,0.2020202020202020202020202020,-0.5504011161492849668643181025,-0.5504011161492849668643181025,2,2,0,,37.5,2,1,0,1,0.5,0,0,0,0,0,0,0
MOMENTUM_IMOEXF,ALL,time_bucket,12:00,2,2,0,False,PARTIAL_COVERAGE,ACCOUNTED,PARTIAL_COVERAGE,False,,,PARTIAL_COVERAGE,PARTIAL_COVERAGE,,,PARTIAL_COVERAGE,,,PARTIAL_COVERAGE,0E+1,,0,-6,2.0,-8.0,-4.0,0,8.0,NEGATIVE,{'STOP': 2},Declared conditional M5 model; full fields require full approved-window period coverage; closed diagnostics omit all unknown trades,0.5,0.5,0.7916666666666666666666666665,0.7916666666666666666666666665,-1.583333333333333333333333334,-1.583333333333333333333333334,0.4166666666666666666666666666,0.4166666666666666666666666666,-0.0967741935483870967741935484,-0.0967741935483870967741935484,2,1,1,,12.5,1,0.5,0,1,0.5,0,0,0,0,0,0,0
MOMENTUM_IMOEXF,ALL,time_bucket,12:30,3,3,0,False,PARTIAL_COVERAGE,ACCOUNTED,PARTIAL_COVERAGE,False,,,PARTIAL_COVERAGE,PARTIAL_COVERAGE,,,PARTIAL_COVERAGE,,,PARTIAL_COVERAGE,0E+1,,0E+1,-7.0,3.0,-10.0,-3.333333333333333333333333333,0,10.0,NEGATIVE,{'STOP': 3},Declared conditional M5 model; full fields require full approved-window period coverage; closed diagnostics omit all unknown trades,0,0.3333333333333333333333333333,0,0.1333333333333333333333333333,-1.8,-1.733333333333333333333333333,0.4,0.6,-0.6315789473684210526315789475,-0.7084254754533392304290137107,3,1,3,,5.0,1,0.3333333333333333333333333333,0,1,0.3333333333333333333333333333,0,0,0,0,0,0,0
MOMENTUM_IMOEXF,ALL,time_bucket,13:00,3,3,0,False,PARTIAL_COVERAGE,ACCOUNTED,PARTIAL_COVERAGE,False,,,PARTIAL_COVERAGE,PARTIAL_COVERAGE,,,PARTIAL_COVERAGE,,,PARTIAL_COVERAGE,0.5,,1,0.0,3.0,-3.0,-1.0,0.3333333333333333333333333333,3.5,NEGATIVE,"{'STOP': 2, 'SESSION_FLAT': 1}",Declared conditional M5 model; full fields require full approved-window period coverage; closed diagnostics omit all unknown trades,0,0.1944444444444444444444444444,0,0.02777777777777777777777777778,-1.4,-0.8555555555555555555555555557,0.4,0.411111111111111111111111111,-0.7142857142857142857142857143,-0.6102687748257368510533067493,3,0,2,20.0,0.0,1,0.3333333333333333333333333333,1,0,0,0,0,0,0,0,0,0
MOMENTUM_IMOEXF,ALL,time_bucket,16:00,1,1,0,False,PARTIAL_COVERAGE,ACCOUNTED,PARTIAL_COVERAGE,False,,,PARTIAL_COVERAGE,PARTIAL_COVERAGE,,,PARTIAL_COVERAGE,,,PARTIAL_COVERAGE,,NO_LOSSES,,11.0,1.0,10.0,10.0,1,0,POSITIVE,{'TAKE': 1},Declared conditional M5 model; full fields require full approved-window period coverage; closed diagnostics omit all unknown trades,1.666666666666666666666666667,1.666666666666666666666666667,0,0,2.222222222222222222222222222,2.222222222222222222222222222,0.2222222222222222222222222222,0.2222222222222222222222222222,-0.1481481481481481481481481481,-0.1481481481481481481481481481,1,0,0,10.0,,1,1,0,1,1,0,0,0,1,0,0,0
MOMENTUM_IMOEXF,ALL,time_bucket,16:30,2,2,0,False,PARTIAL_COVERAGE,ACCOUNTED,PARTIAL_COVERAGE,False,,,PARTIAL_COVERAGE,PARTIAL_COVERAGE,,,PARTIAL_COVERAGE,,,PARTIAL_COVERAGE,2.857142857142857142857142857,,4.4,8.5,2.0,6.5,3.25,0.5,3.5,POSITIVE,"{'TAKE': 1, 'STOP': 1}",Declared conditional M5 model; full fields require full approved-window period coverage; closed diagnostics omit all unknown trades,1.8,1.8,0.6,0.6,1.3,1.3,0.4,0.4,-0.769696969696969696969696970,-0.769696969696969696969696970,2,1,0,30.0,15.0,2,1,0,1,0.5,0,1,0.5,0,1,0.5,0
MOMENTUM_IMOEXF,ALL,time_bucket,17:00,1,1,0,False,PARTIAL_COVERAGE,ACCOUNTED,PARTIAL_COVERAGE,False,,,PARTIAL_COVERAGE,PARTIAL_COVERAGE,,,PARTIAL_COVERAGE,,,PARTIAL_COVERAGE,0E+1,,0E+1,-0.5,1.0,-1.5,-1.5,0,1.5,NEGATIVE,{'STOP': 1},Declared conditional M5 model; full fields require full approved-window period coverage; closed diagnostics omit all unknown trades,0,0,0,0,-3,-3,2,2,-1.132075471698113207547169811,-1.132075471698113207547169811,1,0,1,,0.0,0,0,0,0,0,0,0,0,0,0,0,0
MOMENTUM_IMOEXF,ALL,time_bucket,17:30,2,2,0,False,PARTIAL_COVERAGE,ACCOUNTED,PARTIAL_COVERAGE,False,,,PARTIAL_COVERAGE,PARTIAL_COVERAGE,,,PARTIAL_COVERAGE,,,PARTIAL_COVERAGE,0.4,,0.75,-1.0,2.0,-3.0,-1.5,0.5,5.0,NEGATIVE,"{'STOP': 1, 'TAKE': 1}",Declared conditional M5 model; full fields require full approved-window period coverage; closed diagnostics omit all unknown trades,1.125,1.125,0.3958333333333333333333333334,0.3958333333333333333333333334,0.0416666666666666666666666665,0.0416666666666666666666666665,0.4583333333333333333333333334,0.4583333333333333333333333334,-0.1481481481481481481481481482,-0.1481481481481481481481481482,2,0,1,40.0,5.0,1,0.5,0,1,0.5,0,1,0.5,0,0,0,0
MOMENTUM_IMOEXF,ALL,time_bucket,18:00,2,2,0,False,PARTIAL_COVERAGE,ACCOUNTED,PARTIAL_COVERAGE,False,,,PARTIAL_COVERAGE,PARTIAL_COVERAGE,,,PARTIAL_COVERAGE,,,PARTIAL_COVERAGE,0.06666666666666666666666666667,,0.2307692307692307692307692308,-5.0,2.0,-7.0,-3.5,0.5,7.5,NEGATIVE,"{'STOP': 1, 'SESSION_FLAT': 1}",Declared conditional M5 model; full fields require full approved-window period coverage; closed diagnostics omit all unknown trades,0.830128205128205128205128205,0.830128205128205128205128205,0.1538461538461538461538461538,0.1538461538461538461538461538,-0.5352564102564102564102564105,-0.5352564102564102564102564105,0.1602564102564102564102564102,0.1602564102564102564102564102,-0.0278181818181818181818181818,-0.0278181818181818181818181818,2,1,1,15.0,5.0,2,1,0,1,0.5,0,0,0,0,0,0,0
MOMENTUM_IMOEXF,ALL,session_half,AM,15,13,2,False,PARTIAL_COVERAGE,UNRESOLVED,UNRESOLVED,False,,,UNRESOLVED,UNRESOLVED,,,UNRESOLVED,,,UNRESOLVED,0.05217391304347826086956521739,,0.08791208791208791208791208791,-41.5,13.0,-54.5,-4.192307692307692307692307692,0.07692307692307692307692307692,54.5,NEGATIVE,"{'STOP': 12, 'UNKNOWN_PATH_CONDITIONAL_REDUCE_ALL': 2, 'SESSION_FLAT': 1}",Declared conditional M5 model; full fields require full approved-window period coverage; closed diagnostics omit all unknown trades,0.5833333333333333333333333333,0.6071163136380527684875510962,0.4545454545454545454545454545,0.4330191547582851930678017635,-1.4,-1.328678085199824330259112868,0.3333333333333333333333333333,0.3668567825089564219999002608,-0.5121951219512195121951219512,-0.4553726887645200677400912217,13,6,6,20.0,12.5,7,0.5384615384615384615384615385,1,5,0.3846153846153846153846153846,0,0,0,0,0,0,0
MOMENTUM_IMOEXF,ALL,session_half,PM,8,8,0,False,PARTIAL_COVERAGE,ACCOUNTED,PARTIAL_COVERAGE,False,,,PARTIAL_COVERAGE,PARTIAL_COVERAGE,,,PARTIAL_COVERAGE,,,PARTIAL_COVERAGE,1.285714285714285714285714286,,1.962962962962962962962962963,13.0,8.0,5.0,0.625,0.5,17.5,POSITIVE,"{'TAKE': 3, 'STOP': 4, 'SESSION_FLAT': 1}",Declared conditional M5 model; full fields require full approved-window period coverage; closed diagnostics omit all unknown trades,0.8384615384615384615384615385,1.147115384615384615384615385,0.2163461538461538461538461538,0.2874198717948717948717948719,-0.5352564102564102564102564105,0.1043803418803418803418803418,0.325,0.5324252136752136752136752138,-0.2441481481481481481481481482,-0.3964437773966075852868305699,8,2,3,22.5,5.0,6,0.75,0,4,0.5,0,2,0.25,1,1,0.125,0
MOMENTUM_IMOEXF,ALL,net_outcome,LOSS,16,16,0,False,PARTIAL_COVERAGE,ACCOUNTED,PARTIAL_COVERAGE,False,,,PARTIAL_COVERAGE,PARTIAL_COVERAGE,,,PARTIAL_COVERAGE,,,PARTIAL_COVERAGE,0E+1,,0E+1,-59.0,16.0,-75.0,-4.6875,0,75.0,NEGATIVE,{'STOP': 16},Declared conditional M5 model; full fields require full approved-window period coverage; closed diagnostics omit all unknown trades,0.425,0.5772563638052768487551096247,0.4,0.3986629991385426168034863688,-1.4,-1.53604132884024188372014459,0.4,0.4902079955069085503868112564,-0.559787849566055930568948891,-0.5378978778193786629260819718,16,8,9,,10.0,8,0.5,1,6,0.375,0,0,0,0,0,0,0
MOMENTUM_IMOEXF,ALL,net_outcome,UNKNOWN,2,0,2,False,PARTIAL_COVERAGE,UNRESOLVED,UNRESOLVED,False,,,UNRESOLVED,UNRESOLVED,,,UNRESOLVED,,,UNRESOLVED,,NO_CLOSED_TRADES,,,,,,,,NO_CLOSED_TRADES,{'UNKNOWN_PATH_CONDITIONAL_REDUCE_ALL': 2},Declared conditional M5 model; full fields require full approved-window period coverage; closed diagnostics omit all unknown trades,,,,,,,0.1483516483516483516483516484,0.1483516483516483516483516484,-0.2560975609756097560975609756,-0.2560975609756097560975609756,0,0,0,,,0,,0,0,,0,0,,0,0,,0
MOMENTUM_IMOEXF,ALL,net_outcome,WIN,5,5,0,False,PARTIAL_COVERAGE,ACCOUNTED,PARTIAL_COVERAGE,False,,,PARTIAL_COVERAGE,PARTIAL_COVERAGE,,,PARTIAL_COVERAGE,,,PARTIAL_COVERAGE,,NO_LOSSES,,30.5,5.0,25.5,5.1,1,0,POSITIVE,"{'SESSION_FLAT': 2, 'TAKE': 3}",Declared conditional M5 model; full fields require full approved-window period coverage; closed diagnostics omit all unknown trades,1.666666666666666666666666667,1.566666666666666666666666667,0.08333333333333333333333333333,0.310000000000000000000000000,1.333333333333333333333333333,1.627777777777777777777777778,0.2222222222222222222222222222,0.3244444444444444444444444444,-0.1481481481481481481481481481,-0.1767158767158767158767158767,5,0,0,20.0,,5,1,0,3,0.6,0,2,0.4,1,1,0.2,0
MOMENTUM_IMOEXF,ALL,adx_regime,NOT_READY,14,12,2,False,PARTIAL_COVERAGE,UNRESOLVED,UNRESOLVED,False,,,UNRESOLVED,UNRESOLVED,,,UNRESOLVED,,,UNRESOLVED,0.24,,0.35,-26.0,12.0,-38.0,-3.166666666666666666666666667,0.1666666666666666666666666667,43.0,NEGATIVE,"{'STOP': 10, 'UNKNOWN_PATH_CONDITIONAL_REDUCE_ALL': 2, 'TAKE': 2}",Declared conditional M5 model; full fields require full approved-window period coverage; closed diagnostics omit all unknown trades,0.9444444444444444444444444445,0.8313204508856682769726247988,0.6666666666666666666666666665,0.4843818620992534036012296882,-1.361111111111111111111111111,-1.034771629336846728151075978,0.2777777777777777777777777778,0.4589338542754691823014804381,-0.5106382978723404255319148935,-0.4307435228447028251646083533,12,5,4,25.0,17.5,7,0.5833333333333333333333333333,1,6,0.5,0,1,0.08333333333333333333333333333,1,0,0,0
MOMENTUM_IMOEXF,ALL,adx_regime,SUB_25,7,7,0,False,PARTIAL_COVERAGE,ACCOUNTED,PARTIAL_COVERAGE,False,,,PARTIAL_COVERAGE,PARTIAL_COVERAGE,,,PARTIAL_COVERAGE,,,PARTIAL_COVERAGE,0.6046511627906976744186046512,,0.9090909090909090909090909091,-1.5,7.0,-8.5,-1.214285714285714285714285714,0.2857142857142857142857142857,21.5,NEGATIVE,"{'SESSION_FLAT': 1, 'TAKE': 1, 'STOP': 5}",Declared conditional M5 model; full fields require full approved-window period coverage; closed diagnostics omit all unknown trades,0.5833333333333333333333333333,0.8443223443223443223443223443,0.125,0.2451465201465201465201465201,-1.25,-0.3862637362637362637362637363,0.4,0.3957875457875457875457875459,-0.5294117647058823529411764707,-0.4621953706358836832078760429,7,2,5,25.0,5.0,4,0.5714285714285714285714285714,0,3,0.4285714285714285714285714286,0,1,0.1428571428571428571428571429,0,1,0.1428571428571428571428571429,0
MOMENTUM_IMOEXF,ALL,adx_regime,TREND_25_PLUS,2,2,0,False,PARTIAL_COVERAGE,ACCOUNTED,PARTIAL_COVERAGE,False,,,PARTIAL_COVERAGE,PARTIAL_COVERAGE,,,PARTIAL_COVERAGE,,,PARTIAL_COVERAGE,0.1428571428571428571428571429,,0.6,-1.0,2.0,-3.0,-1.5,0.5,3.5,NEGATIVE,"{'STOP': 1, 'SESSION_FLAT': 1}",Declared conditional M5 model; full fields require full approved-window period coverage; closed diagnostics omit all unknown trades,0.5916666666666666666666666665,0.5916666666666666666666666665,0.2,0.2,-0.6583333333333333333333333335,-0.6583333333333333333333333335,0.2833333333333333333333333334,0.2833333333333333333333333334,-0.3681818181818181818181818182,-0.3681818181818181818181818182,2,1,0,15.0,15.0,2,1,0,0,0,0,0,0,0,0,0,0
MOMENTUM_IMOEXF,ALL,di_aligned,False,2,2,0,False,PARTIAL_COVERAGE,ACCOUNTED,PARTIAL_COVERAGE,False,,,PARTIAL_COVERAGE,PARTIAL_COVERAGE,,,PARTIAL_COVERAGE,,,PARTIAL_COVERAGE,0E+1,,0E+1,-6.0,2.0,-8.0,-4.0,0,8.0,NEGATIVE,{'STOP': 2},Declared conditional M5 model; full fields require full approved-window period coverage; closed diagnostics omit all unknown trades,0.3,0.3,0.2,0.2,-1.6,-1.6,0.4,0.4,-0.9185064935064935064935064935,-0.9185064935064935064935064935,2,1,1,,10.0,1,0.5,0,0,0,0,0,0,0,0,0,0
MOMENTUM_IMOEXF,ALL,di_aligned,None,5,4,1,False,PARTIAL_COVERAGE,UNRESOLVED,UNRESOLVED,False,,,UNRESOLVED,UNRESOLVED,,,UNRESOLVED,,,UNRESOLVED,0.1739130434782608695652173913,,0.3529411764705882352941176471,-5.5,4.0,-9.5,-2.375,0.25,11.5,NEGATIVE,"{'STOP': 3, 'UNKNOWN_PATH_CONDITIONAL_REDUCE_ALL': 1, 'TAKE': 1}",Declared conditional M5 model; full fields require full approved-window period coverage; closed diagnostics omit all unknown trades,1.257575757575757575757575758,1.128787878787878787878787879,0.5606060606060606060606060605,0.446969696969696969696969697,-1.424242424242424242424242424,-0.7954545454545454545454545458,0.6666666666666666666666666667,0.464935064935064935064935065,-0.5106382978723404255319148937,-0.4239410243080565455126237794,4,2,1,40.0,20.0,3,0.75,1,3,0.75,0,1,0.25,0,0,0,0
MOMENTUM_IMOEXF,ALL,di_aligned,True,16,15,1,False,PARTIAL_COVERAGE,UNRESOLVED,UNRESOLVED,False,,,UNRESOLVED,UNRESOLVED,,,UNRESOLVED,,,UNRESOLVED,0.4234234234234234234234234234,,0.6179775280898876404494382022,-17.0,15.0,-32.0,-2.133333333333333333333333333,0.2666666666666666666666666667,48.5,NEGATIVE,"{'UNKNOWN_PATH_CONDITIONAL_REDUCE_ALL': 1, 'SESSION_FLAT': 2, 'TAKE': 2, 'STOP': 11}",Declared conditional M5 model; full fields require full approved-window period coverage; closed diagnostics omit all unknown trades,0.5833333333333333333333333333,0.7969522426044165174599957207,0.3076923076923076923076923077,0.3827152798891929326711935408,-1.222222222222222222222222222,-0.6703969460491199621634404247,0.2361111111111111111111111111,0.4148486326475456910239518935,-0.4034672970843183609141055950,-0.3778389026304619973653675625,15,5,7,17.5,10.0,9,0.6,0,6,0.4,0,1,0.06666666666666666666666666667,1,1,0.06666666666666666666666666667,0
MOMENTUM_IMOEXF,ALL,ema_aligned,None,23,21,2,False,PARTIAL_COVERAGE,UNRESOLVED,UNRESOLVED,False,,,UNRESOLVED,UNRESOLVED,,,UNRESOLVED,,,UNRESOLVED,0.34,,0.5169491525423728813559322034,-28.5,21.0,-49.5,-2.357142857142857142857142857,0.2380952380952380952380952381,59.0,NEGATIVE,"{'STOP': 16, 'UNKNOWN_PATH_CONDITIONAL_REDUCE_ALL': 2, 'SESSION_FLAT': 2, 'TAKE': 3}",Declared conditional M5 model; full fields require full approved-window period coverage; closed diagnostics omit all unknown trades,0.6,0.8128302454389410911150041581,0.4,0.3775527612484134223264658048,-1.25,-0.7827510653597610119349249790,0.3333333333333333333333333333,0.4244458020450459013786045923,-0.5106382978723404255319148937,-0.4348756761148113781911309948,21,8,9,20.0,10.0,13,0.6190476190476190476190476190,1,9,0.4285714285714285714285714286,0,2,0.09523809523809523809523809524,1,1,0.04761904761904761904761904762,0
MOMENTUM_IMOEXF,ALL,breakout_entry_class,EXTENDED_GT_1_ATR,4,4,0,False,PARTIAL_COVERAGE,ACCOUNTED,PARTIAL_COVERAGE,False,,,PARTIAL_COVERAGE,PARTIAL_COVERAGE,,,PARTIAL_COVERAGE,,,PARTIAL_COVERAGE,0.6451612903225806451612903226,,0.88,-1.5,4.0,-5.5,-1.375,0.25,15.5,NEGATIVE,"{'TAKE': 1, 'STOP': 3}",Declared conditional M5 model; full fields require full approved-window period coverage; closed diagnostics omit all unknown trades,0.6634615384615384615384615385,0.748397435897435897435897436,0.2163461538461538461538461538,0.295673076923076923076923077,-1.201923076923076923076923077,-0.420405982905982905982905983,0.2361111111111111111111111111,0.281517094017094017094017094,-0.1700740740740740740740740740,-0.1591111111111111111111111111,4,1,3,10.0,5.0,2,0.5,0,2,0.5,0,0,0,1,0,0,0
MOMENTUM_IMOEXF,ALL,breakout_entry_class,INSIDE_RANGE,13,12,1,False,PARTIAL_COVERAGE,UNRESOLVED,UNRESOLVED,False,,,UNRESOLVED,UNRESOLVED,,,UNRESOLVED,,,UNRESOLVED,0.3661971830985915492957746479,,0.5882352941176470588235294118,-10.5,12.0,-22.5,-1.875,0.1666666666666666666666666667,28.5,NEGATIVE,"{'STOP': 10, 'UNKNOWN_PATH_CONDITIONAL_REDUCE_ALL': 1, 'SESSION_FLAT': 1, 'TAKE': 1}",Declared conditional M5 model; full fields require full approved-window period coverage; closed diagnostics omit all unknown trades,0.5916666666666666666666666665,0.7156144781144781144781144781,0.2416666666666666666666666666,0.2892676767676767676767676768,-1.4,-1.019781144781144781144781145,0.4,0.5429143506066582989659912737,-0.6666666666666666666666666667,-0.6875556872910554965113831509,12,5,6,25.0,7.5,7,0.5833333333333333333333333333,1,4,0.3333333333333333333333333333,0,1,0.08333333333333333333333333333,0,1,0.08333333333333333333333333333,0
MOMENTUM_IMOEXF,ALL,breakout_entry_class,PERSISTENT_LE_1_ATR,6,5,1,False,PARTIAL_COVERAGE,UNRESOLVED,UNRESOLVED,False,,,UNRESOLVED,UNRESOLVED,,,UNRESOLVED,,,UNRESOLVED,0.1041666666666666666666666667,,0.2142857142857142857142857143,-16.5,5.0,-21.5,-4.3,0.4,24.0,NEGATIVE,"{'UNKNOWN_PATH_CONDITIONAL_REDUCE_ALL': 1, 'STOP': 3, 'SESSION_FLAT': 1, 'TAKE': 1}",Declared conditional M5 model; full fields require full approved-window period coverage; closed diagnostics omit all unknown trades,1,1.097694334650856389986824769,0.8181818181818181818181818182,0.654940711462450592885375494,-1.086956521739130434782608696,-0.5037549407114624505928853758,0.1742424242424242424242424242,0.2630497521801869627956584478,0E+1,-0.07124536190208263321726457947,5,2,0,27.5,30.0,4,0.8,0,3,0.6,0,1,0.2,0,0,0,0
MOMENTUM_IMOEXF,ALL,cost_class,NET_RR_GE_1,22,20,2,False,PARTIAL_COVERAGE,UNRESOLVED,UNRESOLVED,False,,,UNRESOLVED,UNRESOLVED,,,UNRESOLVED,,,UNRESOLVED,0.3133333333333333333333333333,,0.4661016949152542372881355932,-31.5,20.0,-51.5,-2.575,0.2,61.0,NEGATIVE,"{'STOP': 16, 'UNKNOWN_PATH_CONDITIONAL_REDUCE_ALL': 2, 'SESSION_FLAT': 2, 'TAKE': 2}",Declared conditional M5 model; full fields require full approved-window period coverage; closed diagnostics omit all unknown trades,0.5916666666666666666666666665,0.753471757710888145670754366,0.3538461538461538461538461538,0.3630970659775007601094557616,-1.325,-0.8885552852944157291983378945,0.2916666666666666666666666666,0.4134357627440631393200563161,-0.5114167099117799688635184225,-0.4546427523018482590180005855,20,8,9,17.5,10.0,12,0.6,1,8,0.4,0,1,0.05,1,1,0.05,0
MOMENTUM_IMOEXF,ALL,cost_class,NET_RR_LT_1,1,1,0,False,PARTIAL_COVERAGE,ACCOUNTED,PARTIAL_COVERAGE,False,,,PARTIAL_COVERAGE,PARTIAL_COVERAGE,,,PARTIAL_COVERAGE,,,PARTIAL_COVERAGE,,NO_LOSSES,,3.0,1.0,2.0,2.0,1,0,POSITIVE,{'TAKE': 1},Declared conditional M5 model; full fields require full approved-window period coverage; closed diagnostics omit all unknown trades,2,2,0.6666666666666666666666666667,0.6666666666666666666666666667,1.333333333333333333333333333,1.333333333333333333333333333,0.6666666666666666666666666667,0.6666666666666666666666666667,0E+1,0,1,0,0,40.0,,1,1,0,1,1,0,1,1,0,0,0,0
MOMENTUM_IMOEXF,LONG,ALL,ALL,14,14,0,False,PARTIAL_COVERAGE,ACCOUNTED,PARTIAL_COVERAGE,False,,,PARTIAL_COVERAGE,PARTIAL_COVERAGE,,,PARTIAL_COVERAGE,,,PARTIAL_COVERAGE,0.3333333333333333333333333333,,0.5342465753424657534246575342,-17.0,14.0,-31.0,-2.214285714285714285714285714,0.2857142857142857142857142857,37.0,NEGATIVE,"{'STOP': 10, 'SESSION_FLAT': 2, 'TAKE': 2}",Declared conditional M5 model; full fields require full approved-window period coverage; closed diagnostics omit all unknown trades,0.5833333333333333333333333335,0.6378961618092052874661570314,0.1955128205128205128205128205,0.3331581462016244624940277115,-1.4,-0.8001366990497425280033975693,0.4,0.416406540319583797844667410,-0.1993382961124896608767576510,-0.3619298984585187547307319863,14,4,6,17.5,7.5,8,0.5714285714285714285714285714,1,5,0.3571428571428571428571428571,0,1,0.07142857142857142857142857143,1,0,0,0
MOMENTUM_IMOEXF,LONG,exit_reason,SESSION_FLAT,2,2,0,False,PARTIAL_COVERAGE,ACCOUNTED,PARTIAL_COVERAGE,False,,,PARTIAL_COVERAGE,PARTIAL_COVERAGE,,,PARTIAL_COVERAGE,,,PARTIAL_COVERAGE,,NO_LOSSES,,5.5,2.0,3.5,1.75,1,0,POSITIVE,{'SESSION_FLAT': 2},Declared conditional M5 model; full fields require full approved-window period coverage; closed diagnostics omit all unknown trades,0.5833333333333333333333333335,0.5833333333333333333333333335,0.04166666666666666666666666666,0.04166666666666666666666666666,0.2916666666666666666666666666,0.2916666666666666666666666666,0.1666666666666666666666666667,0.1666666666666666666666666667,-0.03438228438228438228438228435,-0.03438228438228438228438228435,2,0,0,17.5,,2,1,0,0,0,0,0,0,0,0,0,0
MOMENTUM_IMOEXF,LONG,exit_reason,STOP,10,10,0,False,PARTIAL_COVERAGE,ACCOUNTED,PARTIAL_COVERAGE,False,,,PARTIAL_COVERAGE,PARTIAL_COVERAGE,,,PARTIAL_COVERAGE,,,PARTIAL_COVERAGE,0E+1,,0E+1,-36.5,10.0,-46.5,-4.65,0,46.5,NEGATIVE,{'STOP': 10},Declared conditional M5 model; full fields require full approved-window period coverage; closed diagnostics omit all unknown trades,0.04347826086956521739130434782,0.4097212931995540691192865106,0.3538461538461538461538461538,0.391421404682274247491638796,-1.583333333333333333333333334,-1.534080267558528428093645485,0.4,0.4607469342251950947603121517,-0.5711086226203807390817469205,-0.4850105861506545653513335092,10,4,6,,7.5,4,0.4,1,3,0.3,0,0,0,0,0,0,0
MOMENTUM_IMOEXF,LONG,exit_reason,TAKE,2,2,0,False,PARTIAL_COVERAGE,ACCOUNTED,PARTIAL_COVERAGE,False,,,PARTIAL_COVERAGE,PARTIAL_COVERAGE,,,PARTIAL_COVERAGE,,,PARTIAL_COVERAGE,,NO_LOSSES,,14.0,2.0,12.0,6.0,1,0,POSITIVE,{'TAKE': 2},Declared conditional M5 model; full fields require full approved-window period coverage; closed diagnostics omit all unknown trades,1.833333333333333333333333334,1.833333333333333333333333334,0.3333333333333333333333333334,0.3333333333333333333333333334,1.777777777777777777777777778,1.777777777777777777777777778,0.4444444444444444444444444444,0.4444444444444444444444444444,-0.07407407407407407407407407405,-0.07407407407407407407407407405,2,0,0,25.0,,2,1,0,2,1,0,1,0.5,1,0,0,0
MOMENTUM_IMOEXF,LONG,time_bucket,11:00,2,2,0,False,PARTIAL_COVERAGE,ACCOUNTED,PARTIAL_COVERAGE,False,,,PARTIAL_COVERAGE,PARTIAL_COVERAGE,,,PARTIAL_COVERAGE,,,PARTIAL_COVERAGE,0E+1,,0E+1,-13.0,2.0,-15.0,-7.5,0,15.0,NEGATIVE,{'STOP': 2},Declared conditional M5 model; full fields require full approved-window period coverage; closed diagnostics omit all unknown trades,0.7101449275362318840579710145,0.7101449275362318840579710145,0.8115942028985507246376811595,0.8115942028985507246376811595,-1.376811594202898550724637682,-1.376811594202898550724637682,0.3768115942028985507246376812,0.3768115942028985507246376812,-0.1851437103396789846957820082,-0.1851437103396789846957820082,2,1,0,,25.0,1,0.5,0,1,0.5,0,0,0,0,0,0,0
MOMENTUM_IMOEXF,LONG,time_bucket,12:00,2,2,0,False,PARTIAL_COVERAGE,ACCOUNTED,PARTIAL_COVERAGE,False,,,PARTIAL_COVERAGE,PARTIAL_COVERAGE,,,PARTIAL_COVERAGE,,,PARTIAL_COVERAGE,0E+1,,0,-6,2.0,-8.0,-4.0,0,8.0,NEGATIVE,{'STOP': 2},Declared conditional M5 model; full fields require full approved-window period coverage; closed diagnostics omit all unknown trades,0.5,0.5,0.7916666666666666666666666665,0.7916666666666666666666666665,-1.583333333333333333333333334,-1.583333333333333333333333334,0.4166666666666666666666666666,0.4166666666666666666666666666,-0.0967741935483870967741935484,-0.0967741935483870967741935484,2,1,1,,12.5,1,0.5,0,1,0.5,0,0,0,0,0,0,0
MOMENTUM_IMOEXF,LONG,time_bucket,12:30,2,2,0,False,PARTIAL_COVERAGE,ACCOUNTED,PARTIAL_COVERAGE,False,,,PARTIAL_COVERAGE,PARTIAL_COVERAGE,,,PARTIAL_COVERAGE,,,PARTIAL_COVERAGE,0E+1,,0E+1,-4.5,2.0,-6.5,-3.25,0,6.5,NEGATIVE,{'STOP': 2},Declared conditional M5 model; full fields require full approved-window period coverage; closed diagnostics omit all unknown trades,0,0,0,0,-1.9,-1.9,0.7,0.7,-0.797932330827067669172932331,-0.797932330827067669172932331,2,0,2,,2.5,0,0,0,0,0,0,0,0,0,0,0,0
MOMENTUM_IMOEXF,LONG,time_bucket,13:00,3,3,0,False,PARTIAL_COVERAGE,ACCOUNTED,PARTIAL_COVERAGE,False,,,PARTIAL_COVERAGE,PARTIAL_COVERAGE,,,PARTIAL_COVERAGE,,,PARTIAL_COVERAGE,0.5,,1,0.0,3.0,-3.0,-1.0,0.3333333333333333333333333333,3.5,NEGATIVE,"{'STOP': 2, 'SESSION_FLAT': 1}",Declared conditional M5 model; full fields require full approved-window period coverage; closed diagnostics omit all unknown trades,0,0.1944444444444444444444444444,0,0.02777777777777777777777777778,-1.4,-0.8555555555555555555555555557,0.4,0.411111111111111111111111111,-0.7142857142857142857142857143,-0.6102687748257368510533067493,3,0,2,20.0,0.0,1,0.3333333333333333333333333333,1,0,0,0,0,0,0,0,0,0
MOMENTUM_IMOEXF,LONG,time_bucket,16:00,1,1,0,False,PARTIAL_COVERAGE,ACCOUNTED,PARTIAL_COVERAGE,False,,,PARTIAL_COVERAGE,PARTIAL_COVERAGE,,,PARTIAL_COVERAGE,,,PARTIAL_COVERAGE,,NO_LOSSES,,11.0,1.0,10.0,10.0,1,0,POSITIVE,{'TAKE': 1},Declared conditional M5 model; full fields require full approved-window period coverage; closed diagnostics omit all unknown trades,1.666666666666666666666666667,1.666666666666666666666666667,0,0,2.222222222222222222222222222,2.222222222222222222222222222,0.2222222222222222222222222222,0.2222222222222222222222222222,-0.1481481481481481481481481481,-0.1481481481481481481481481481,1,0,0,10.0,,1,1,0,1,1,0,0,0,1,0,0,0
MOMENTUM_IMOEXF,LONG,time_bucket,16:30,1,1,0,False,PARTIAL_COVERAGE,ACCOUNTED,PARTIAL_COVERAGE,False,,,PARTIAL_COVERAGE,PARTIAL_COVERAGE,,,PARTIAL_COVERAGE,,,PARTIAL_COVERAGE,0E+1,,0E+1,-2.5,1.0,-3.5,-3.5,0,3.5,NEGATIVE,{'STOP': 1},Declared conditional M5 model; full fields require full approved-window period coverage; closed diagnostics omit all unknown trades,0.6,0.6,0.4,0.4,-1.4,-1.4,0.4,0.4,-0.8727272727272727272727272728,-0.8727272727272727272727272728,1,1,0,,15.0,1,1,0,0,0,0,0,0,0,0,0,0
MOMENTUM_IMOEXF,LONG,time_bucket,17:30,1,1,0,False,PARTIAL_COVERAGE,ACCOUNTED,PARTIAL_COVERAGE,False,,,PARTIAL_COVERAGE,PARTIAL_COVERAGE,,,PARTIAL_COVERAGE,,,PARTIAL_COVERAGE,,NO_LOSSES,,3.0,1.0,2.0,2.0,1,0,POSITIVE,{'TAKE': 1},Declared conditional M5 model; full fields require full approved-window period coverage; closed diagnostics omit all unknown trades,2,2,0.6666666666666666666666666667,0.6666666666666666666666666667,1.333333333333333333333333333,1.333333333333333333333333333,0.6666666666666666666666666667,0.6666666666666666666666666667,0E+1,0,1,0,0,40.0,,1,1,0,1,1,0,1,1,0,0,0,0
MOMENTUM_IMOEXF,LONG,time_bucket,18:00,2,2,0,False,PARTIAL_COVERAGE,ACCOUNTED,PARTIAL_COVERAGE,False,,,PARTIAL_COVERAGE,PARTIAL_COVERAGE,,,PARTIAL_COVERAGE,,,PARTIAL_COVERAGE,0.06666666666666666666666666667,,0.2307692307692307692307692308,-5.0,2.0,-7.0,-3.5,0.5,7.5,NEGATIVE,"{'STOP': 1, 'SESSION_FLAT': 1}",Declared conditional M5 model; full fields require full approved-window period coverage; closed diagnostics omit all unknown trades,0.830128205128205128205128205,0.830128205128205128205128205,0.1538461538461538461538461538,0.1538461538461538461538461538,-0.5352564102564102564102564105,-0.5352564102564102564102564105,0.1602564102564102564102564102,0.1602564102564102564102564102,-0.0278181818181818181818181818,-0.0278181818181818181818181818,2,1,1,15.0,5.0,2,1,0,1,0.5,0,0,0,0,0,0,0
MOMENTUM_IMOEXF,LONG,session_half,AM,9,9,0,False,PARTIAL_COVERAGE,ACCOUNTED,PARTIAL_COVERAGE,False,,,PARTIAL_COVERAGE,PARTIAL_COVERAGE,,,PARTIAL_COVERAGE,,,PARTIAL_COVERAGE,0.08450704225352112676056338028,,0.1454545454545454545454545455,-23.5,9.0,-32.5,-3.611111111111111111111111111,0.1111111111111111111111111111,32.5,NEGATIVE,"{'STOP': 8, 'SESSION_FLAT': 1}",Declared conditional M5 model; full fields require full approved-window period coverage; closed diagnostics omit all unknown trades,0,0.3337359098228663446054750402,0.08333333333333333333333333333,0.3655394524959742351046698873,-1.666666666666666666666666667,-1.365217391304347826086956522,0.4,0.4689210950080515297906602256,-0.5106382978723404255319148937,-0.4433896437674975616050817804,9,2,5,20.0,7.5,3,0.3333333333333333333333333333,1,2,0.2222222222222222222222222222,0,0,0,0,0,0,0
MOMENTUM_IMOEXF,LONG,session_half,PM,5,5,0,False,PARTIAL_COVERAGE,ACCOUNTED,PARTIAL_COVERAGE,False,,,PARTIAL_COVERAGE,PARTIAL_COVERAGE,,,PARTIAL_COVERAGE,,,PARTIAL_COVERAGE,1.136363636363636363636363636,,1.722222222222222222222222222,6.5,5.0,1.5,0.3,0.6,11.0,POSITIVE,"{'TAKE': 2, 'STOP': 2, 'SESSION_FLAT': 1}",Declared conditional M5 model; full fields require full approved-window period coverage; closed diagnostics omit all unknown trades,1.076923076923076923076923077,1.185384615384615384615384615,0.3076923076923076923076923077,0.2748717948717948717948717948,0.08333333333333333333333333333,0.2170085470085470085470085468,0.2222222222222222222222222222,0.3218803418803418803418803418,-0.1481481481481481481481481481,-0.215302356902356902356902357,5,2,1,15.0,10.0,5,1,0,3,0.6,0,1,0.2,1,0,0,0
MOMENTUM_IMOEXF,LONG,net_outcome,LOSS,10,10,0,False,PARTIAL_COVERAGE,ACCOUNTED,PARTIAL_COVERAGE,False,,,PARTIAL_COVERAGE,PARTIAL_COVERAGE,,,PARTIAL_COVERAGE,,,PARTIAL_COVERAGE,0E+1,,0E+1,-36.5,10.0,-46.5,-4.65,0,46.5,NEGATIVE,{'STOP': 10},Declared conditional M5 model; full fields require full approved-window period coverage; closed diagnostics omit all unknown trades,0.04347826086956521739130434782,0.4097212931995540691192865106,0.3538461538461538461538461538,0.391421404682274247491638796,-1.583333333333333333333333334,-1.534080267558528428093645485,0.4,0.4607469342251950947603121517,-0.5711086226203807390817469205,-0.4850105861506545653513335092,10,4,6,,7.5,4,0.4,1,3,0.3,0,0,0,0,0,0,0
MOMENTUM_IMOEXF,LONG,net_outcome,WIN,4,4,0,False,PARTIAL_COVERAGE,ACCOUNTED,PARTIAL_COVERAGE,False,,,PARTIAL_COVERAGE,PARTIAL_COVERAGE,,,PARTIAL_COVERAGE,,,PARTIAL_COVERAGE,,NO_LOSSES,,19.5,4.0,15.5,3.875,1,0,POSITIVE,"{'SESSION_FLAT': 2, 'TAKE': 2}",Declared conditional M5 model; full fields require full approved-window period coverage; closed diagnostics omit all unknown trades,1.125000000000000000000000000,1.208333333333333333333333333,0.04166666666666666666666666666,0.1875000000000000000000000000,0.9166666666666666666666666665,1.034722222222222222222222222,0.1944444444444444444444444444,0.3055555555555555555555555555,-0.07407407407407407407407407405,-0.0542281792281792281792281792,4,0,0,17.5,,4,1,0,2,0.5,0,1,0.25,1,0,0,0
MOMENTUM_IMOEXF,LONG,adx_regime,NOT_READY,8,8,0,False,PARTIAL_COVERAGE,ACCOUNTED,PARTIAL_COVERAGE,False,,,PARTIAL_COVERAGE,PARTIAL_COVERAGE,,,PARTIAL_COVERAGE,,,PARTIAL_COVERAGE,0.4,,0.5833333333333333333333333333,-10.0,8.0,-18.0,-2.25,0.25,23.0,NEGATIVE,"{'STOP': 6, 'TAKE': 2}",Declared conditional M5 model; full fields require full approved-window period coverage; closed diagnostics omit all unknown trades,0.543478260869565217391304348,0.760869565217391304347826087,0.6666666666666666666666666665,0.484148550724637681159420290,-1.583333333333333333333333334,-0.7289251207729468599033816428,0.45,0.4428140096618357487922705315,-0.1708482676224611708482676224,-0.3234577594091607170053614131,8,2,3,25.0,12.5,4,0.5,1,4,0.5,0,1,0.125,1,0,0,0
MOMENTUM_IMOEXF,LONG,adx_regime,SUB_25,4,4,0,False,PARTIAL_COVERAGE,ACCOUNTED,PARTIAL_COVERAGE,False,,,PARTIAL_COVERAGE,PARTIAL_COVERAGE,,,PARTIAL_COVERAGE,,,PARTIAL_COVERAGE,0.2307692307692307692307692308,,0.4,-6.0,4.0,-10.0,-2.5,0.25,13.0,NEGATIVE,"{'SESSION_FLAT': 1, 'STOP': 3}",Declared conditional M5 model; full fields require full approved-window period coverage; closed diagnostics omit all unknown trades,0.2916666666666666666666666666,0.4150641025641025641025641025,0.04166666666666666666666666666,0.09775641025641025641025641025,-1.276923076923076923076923077,-1.013461538461538461538461538,0.2833333333333333333333333334,0.430128205128205128205128205,-0.4183535762483130904183535763,-0.4357482166955851166377482165,4,1,3,20.0,0.0,2,0.5,0,1,0.25,0,0,0,0,0,0,0
MOMENTUM_IMOEXF,LONG,adx_regime,TREND_25_PLUS,2,2,0,False,PARTIAL_COVERAGE,ACCOUNTED,PARTIAL_COVERAGE,False,,,PARTIAL_COVERAGE,PARTIAL_COVERAGE,,,PARTIAL_COVERAGE,,,PARTIAL_COVERAGE,0.1428571428571428571428571429,,0.6,-1.0,2.0,-3.0,-1.5,0.5,3.5,NEGATIVE,"{'STOP': 1, 'SESSION_FLAT': 1}",Declared conditional M5 model; full fields require full approved-window period coverage; closed diagnostics omit all unknown trades,0.5916666666666666666666666665,0.5916666666666666666666666665,0.2,0.2,-0.6583333333333333333333333335,-0.6583333333333333333333333335,0.2833333333333333333333333334,0.2833333333333333333333333334,-0.3681818181818181818181818182,-0.3681818181818181818181818182,2,1,0,15.0,15.0,2,1,0,0,0,0,0,0,0,0,0,0
MOMENTUM_IMOEXF,LONG,di_aligned,False,2,2,0,False,PARTIAL_COVERAGE,ACCOUNTED,PARTIAL_COVERAGE,False,,,PARTIAL_COVERAGE,PARTIAL_COVERAGE,,,PARTIAL_COVERAGE,,,PARTIAL_COVERAGE,0E+1,,0E+1,-6.0,2.0,-8.0,-4.0,0,8.0,NEGATIVE,{'STOP': 2},Declared conditional M5 model; full fields require full approved-window period coverage; closed diagnostics omit all unknown trades,0.3,0.3,0.2,0.2,-1.6,-1.6,0.4,0.4,-0.9185064935064935064935064935,-0.9185064935064935064935064935,2,1,1,,10.0,1,0.5,0,0,0,0,0,0,0,0,0,0
MOMENTUM_IMOEXF,LONG,di_aligned,None,3,3,0,False,PARTIAL_COVERAGE,ACCOUNTED,PARTIAL_COVERAGE,False,,,PARTIAL_COVERAGE,PARTIAL_COVERAGE,,,PARTIAL_COVERAGE,,,PARTIAL_COVERAGE,0.4,,1,0.0,3.0,-3.0,-1.0,0.3333333333333333333333333333,5.0,NEGATIVE,"{'STOP': 2, 'TAKE': 1}",Declared conditional M5 model; full fields require full approved-window period coverage; closed diagnostics omit all unknown trades,1.333333333333333333333333333,1.111111111111111111111111111,0.6666666666666666666666666667,0.4444444444444444444444444443,-1.666666666666666666666666667,-0.666666666666666666666666667,0.6666666666666666666666666667,0.6666666666666666666666666667,-0.5106382978723404255319148937,-0.474010234311877188257473741,3,1,1,40.0,10.0,2,0.6666666666666666666666666667,1,2,0.6666666666666666666666666667,0,1,0.3333333333333333333333333333,0,0,0,0
MOMENTUM_IMOEXF,LONG,di_aligned,True,9,9,0,False,PARTIAL_COVERAGE,ACCOUNTED,PARTIAL_COVERAGE,False,,,PARTIAL_COVERAGE,PARTIAL_COVERAGE,,,PARTIAL_COVERAGE,,,PARTIAL_COVERAGE,0.4029850746268656716417910448,,0.6,-11.0,9.0,-20.0,-2.222222222222222222222222222,0.3333333333333333333333333333,33.0,NEGATIVE,"{'SESSION_FLAT': 2, 'TAKE': 1, 'STOP': 6}",Declared conditional M5 model; full fields require full approved-window period coverage; closed diagnostics omit all unknown trades,0.5833333333333333333333333333,0.5552458813328378545769850118,0.08333333333333333333333333333,0.3256534126099343490647838474,-1.153846153846153846153846154,-0.6668793096329328213386184402,0.2222222222222222222222222222,0.3366323960526859077583715264,-0.1920000000000000000000000000,-0.2008860987189604431634237331,9,2,4,15.0,7.5,5,0.5555555555555555555555555556,0,3,0.3333333333333333333333333333,0,0,0,1,0,0,0
MOMENTUM_IMOEXF,LONG,ema_aligned,None,14,14,0,False,PARTIAL_COVERAGE,ACCOUNTED,PARTIAL_COVERAGE,False,,,PARTIAL_COVERAGE,PARTIAL_COVERAGE,,,PARTIAL_COVERAGE,,,PARTIAL_COVERAGE,0.3333333333333333333333333333,,0.5342465753424657534246575342,-17.0,14.0,-31.0,-2.214285714285714285714285714,0.2857142857142857142857142857,37.0,NEGATIVE,"{'STOP': 10, 'SESSION_FLAT': 2, 'TAKE': 2}",Declared conditional M5 model; full fields require full approved-window period coverage; closed diagnostics omit all unknown trades,0.5833333333333333333333333335,0.6378961618092052874661570314,0.1955128205128205128205128205,0.3331581462016244624940277115,-1.4,-0.8001366990497425280033975693,0.4,0.416406540319583797844667410,-0.1993382961124896608767576510,-0.3619298984585187547307319863,14,4,6,17.5,7.5,8,0.5714285714285714285714285714,1,5,0.3571428571428571428571428571,0,1,0.07142857142857142857142857143,1,0,0,0
MOMENTUM_IMOEXF,LONG,breakout_entry_class,EXTENDED_GT_1_ATR,3,3,0,False,PARTIAL_COVERAGE,ACCOUNTED,PARTIAL_COVERAGE,False,,,PARTIAL_COVERAGE,PARTIAL_COVERAGE,,,PARTIAL_COVERAGE,,,PARTIAL_COVERAGE,0.9523809523809523809523809524,,1.294117647058823529411764706,2.5,3.0,-0.5,-0.1666666666666666666666666667,0.3333333333333333333333333333,10.5,NEGATIVE,"{'TAKE': 1, 'STOP': 2}",Declared conditional M5 model; full fields require full approved-window period coverage; closed diagnostics omit all unknown trades,1.076923076923076923076923077,0.9145299145299145299145299147,0.3076923076923076923076923077,0.3525641025641025641025641027,-1.153846153846153846153846154,-0.143874643874643874643874644,0.2222222222222222222222222222,0.2920227920227920227920227920,-0.1481481481481481481481481481,-0.1133827160493827160493827160,3,1,2,10.0,7.5,2,0.6666666666666666666666666667,0,2,0.6666666666666666666666666667,0,0,0,1,0,0,0
MOMENTUM_IMOEXF,LONG,breakout_entry_class,INSIDE_RANGE,7,7,0,False,PARTIAL_COVERAGE,ACCOUNTED,PARTIAL_COVERAGE,False,,,PARTIAL_COVERAGE,PARTIAL_COVERAGE,,,PARTIAL_COVERAGE,,,PARTIAL_COVERAGE,0.1621621621621621621621621622,,0.32,-8.5,7.0,-15.5,-2.214285714285714285714285714,0.1428571428571428571428571429,15.5,NEGATIVE,"{'STOP': 6, 'SESSION_FLAT': 1}",Declared conditional M5 model; full fields require full approved-window period coverage; closed diagnostics omit all unknown trades,0,0.3595238095238095238095238094,0,0.1642857142857142857142857143,-1.666666666666666666666666667,-1.347619047619047619047619048,0.4,0.5285714285714285714285714287,-0.7142857142857142857142857143,-0.687148079532994149187203868,7,2,4,20.0,2.5,3,0.4285714285714285714285714286,1,1,0.1428571428571428571428571429,0,0,0,0,0,0,0
MOMENTUM_IMOEXF,LONG,breakout_entry_class,PERSISTENT_LE_1_ATR,4,4,0,False,PARTIAL_COVERAGE,ACCOUNTED,PARTIAL_COVERAGE,False,,,PARTIAL_COVERAGE,PARTIAL_COVERAGE,,,PARTIAL_COVERAGE,,,PARTIAL_COVERAGE,0.1428571428571428571428571429,,0.2903225806451612903225806452,-11.0,4.0,-15.0,-3.75,0.5,17.5,NEGATIVE,"{'STOP': 2, 'SESSION_FLAT': 1, 'TAKE': 1}",Declared conditional M5 model; full fields require full approved-window period coverage; closed diagnostics omit all unknown trades,0.7916666666666666666666666665,0.9175724637681159420289855072,0.750000000000000000000000000,0.6141304347826086956521739132,-0.5018115942028985507246376815,-0.3342391304347826086956521742,0.2500000000000000000000000000,0.3134057971014492753623188405,0.0681818181818181818181818182,0.0207915316149611565570818542,4,1,0,27.5,22.5,3,0.75,0,2,0.5,0,1,0.25,0,0,0,0
MOMENTUM_IMOEXF,LONG,cost_class,NET_RR_GE_1,13,13,0,False,PARTIAL_COVERAGE,ACCOUNTED,PARTIAL_COVERAGE,False,,,PARTIAL_COVERAGE,PARTIAL_COVERAGE,,,PARTIAL_COVERAGE,,,PARTIAL_COVERAGE,0.2903225806451612903225806452,,0.4520547945205479452054794521,-20.0,13.0,-33.0,-2.538461538461538461538461538,0.2307692307692307692307692308,39.0,NEGATIVE,"{'STOP': 10, 'SESSION_FLAT': 2, 'TAKE': 1}",Declared conditional M5 model; full fields require full approved-window period coverage; closed diagnostics omit all unknown trades,0.5833333333333333333333333333,0.5331189434868364634250921876,0.08333333333333333333333333333,0.3075036446273904467884400995,-1.4,-0.9642497784638252865677614846,0.4,0.3971557613698081925506674672,-0.2051282051282051282051282051,-0.3897706598784048127869421391,13,4,6,15.0,7.5,7,0.5384615384615384615384615385,1,4,0.3076923076923076923076923077,0,0,0,1,0,0,0
MOMENTUM_IMOEXF,LONG,cost_class,NET_RR_LT_1,1,1,0,False,PARTIAL_COVERAGE,ACCOUNTED,PARTIAL_COVERAGE,False,,,PARTIAL_COVERAGE,PARTIAL_COVERAGE,,,PARTIAL_COVERAGE,,,PARTIAL_COVERAGE,,NO_LOSSES,,3.0,1.0,2.0,2.0,1,0,POSITIVE,{'TAKE': 1},Declared conditional M5 model; full fields require full approved-window period coverage; closed diagnostics omit all unknown trades,2,2,0.6666666666666666666666666667,0.6666666666666666666666666667,1.333333333333333333333333333,1.333333333333333333333333333,0.6666666666666666666666666667,0.6666666666666666666666666667,0E+1,0,1,0,0,40.0,,1,1,0,1,1,0,1,1,0,0,0,0
MOMENTUM_IMOEXF,SHORT,ALL,ALL,9,7,2,False,PARTIAL_COVERAGE,UNRESOLVED,UNRESOLVED,False,,,UNRESOLVED,UNRESOLVED,,,UNRESOLVED,,,UNRESOLVED,0.3508771929824561403508771930,,0.4888888888888888888888888889,-11.5,7.0,-18.5,-2.642857142857142857142857143,0.1428571428571428571428571429,22.0,NEGATIVE,"{'UNKNOWN_PATH_CONDITIONAL_REDUCE_ALL': 2, 'STOP': 6, 'TAKE': 1}",Declared conditional M5 model; full fields require full approved-window period coverage; closed diagnostics omit all unknown trades,1,1.162698412698412698412698413,0.4545454545454545454545454545,0.4663419913419913419913419913,-1.222222222222222222222222222,-0.747979797979797979797979798,0.2222222222222222222222222222,0.4369513202846536179869513202,-0.5294117647058823529411764707,-0.5483468858023776813517516751,7,4,3,30.0,22.5,5,0.7142857142857142857142857143,0,4,0.5714285714285714285714285714,0,1,0.1428571428571428571428571429,0,1,0.1428571428571428571428571429,0
MOMENTUM_IMOEXF,SHORT,exit_reason,STOP,6,6,0,False,PARTIAL_COVERAGE,ACCOUNTED,PARTIAL_COVERAGE,False,,,PARTIAL_COVERAGE,PARTIAL_COVERAGE,,,PARTIAL_COVERAGE,,,PARTIAL_COVERAGE,0E+1,,0E+1,-22.5,6.0,-28.5,-4.75,0,28.5,NEGATIVE,{'STOP': 6},Declared conditional M5 model; full fields require full approved-window period coverage; closed diagnostics omit all unknown trades,0.9444444444444444444444444445,0.8564814814814814814814814815,0.4272727272727272727272727272,0.4107323232323232323232323233,-1.236111111111111111111111111,-1.539309764309764309764309764,0.2361111111111111111111111111,0.5393097643097643097643097643,-0.559787849566055930568948891,-0.626043363933918825550662743,6,4,3,,22.5,4,0.6666666666666666666666666667,0,3,0.5,0,0,0,0,0,0,0
MOMENTUM_IMOEXF,SHORT,exit_reason,TAKE,1,1,0,False,PARTIAL_COVERAGE,ACCOUNTED,PARTIAL_COVERAGE,False,,,PARTIAL_COVERAGE,PARTIAL_COVERAGE,,,PARTIAL_COVERAGE,,,PARTIAL_COVERAGE,,NO_LOSSES,,11.0,1.0,10.0,10.0,1,0,POSITIVE,{'TAKE': 1},Declared conditional M5 model; full fields require full approved-window period coverage; closed diagnostics omit all unknown trades,3,3,0.8,0.8,4,4,0.4,0.4,-0.6666666666666666666666666667,-0.6666666666666666666666666667,1,0,0,30.0,,1,1,0,1,1,0,1,1,0,1,1,0
MOMENTUM_IMOEXF,SHORT,exit_reason,UNKNOWN_PATH_CONDITIONAL_REDUCE_ALL,2,0,2,False,PARTIAL_COVERAGE,UNRESOLVED,UNRESOLVED,False,,,UNRESOLVED,UNRESOLVED,,,UNRESOLVED,,,UNRESOLVED,,NO_CLOSED_TRADES,,,,,,,,NO_CLOSED_TRADES,{'UNKNOWN_PATH_CONDITIONAL_REDUCE_ALL': 2},Declared conditional M5 model; full fields require full approved-window period coverage; closed diagnostics omit all unknown trades,,,,,,,0.1483516483516483516483516484,0.1483516483516483516483516484,-0.2560975609756097560975609756,-0.2560975609756097560975609756,0,0,0,,,0,,0,0,,0,0,,0,0,,0
MOMENTUM_IMOEXF,SHORT,time_bucket,11:00,3,1,2,False,PARTIAL_COVERAGE,UNRESOLVED,UNRESOLVED,False,,,UNRESOLVED,UNRESOLVED,,,UNRESOLVED,,,UNRESOLVED,0E+1,,0E+1,-5.5,1.0,-6.5,-6.5,0,6.5,NEGATIVE,"{'UNKNOWN_PATH_CONDITIONAL_REDUCE_ALL': 2, 'STOP': 1}",Declared conditional M5 model; full fields require full approved-window period coverage; closed diagnostics omit all unknown trades,1.181818181818181818181818182,1.181818181818181818181818182,0.4545454545454545454545454545,0.4545454545454545454545454545,-1.181818181818181818181818182,-1.181818181818181818181818182,0.1538461538461538461538461538,0.1595071595071595071595071595,-0.5121951219512195121951219512,-0.4032898468519568916619398753,1,1,0,,45.0,1,1,0,1,1,0,0,0,0,0,0,0
MOMENTUM_IMOEXF,SHORT,time_bucket,11:30,2,2,0,False,PARTIAL_COVERAGE,ACCOUNTED,PARTIAL_COVERAGE,False,,,PARTIAL_COVERAGE,PARTIAL_COVERAGE,,,PARTIAL_COVERAGE,,,PARTIAL_COVERAGE,0E+1,,0E+1,-10.0,2.0,-12.0,-6.0,0,12.0,NEGATIVE,{'STOP': 2},Declared conditional M5 model; full fields require full approved-window period coverage; closed diagnostics omit all unknown trades,1.353535353535353535353535354,1.353535353535353535353535354,0.7424242424242424242424242425,0.7424242424242424242424242425,-1.202020202020202020202020202,-1.202020202020202020202020202,0.2020202020202020202020202020,0.2020202020202020202020202020,-0.5504011161492849668643181025,-0.5504011161492849668643181025,2,2,0,,37.5,2,1,0,1,0.5,0,0,0,0,0,0,0
MOMENTUM_IMOEXF,SHORT,time_bucket,12:30,1,1,0,False,PARTIAL_COVERAGE,ACCOUNTED,PARTIAL_COVERAGE,False,,,PARTIAL_COVERAGE,PARTIAL_COVERAGE,,,PARTIAL_COVERAGE,,,PARTIAL_COVERAGE,0E+1,,0E+1,-2.5,1.0,-3.5,-3.5,0,3.5,NEGATIVE,{'STOP': 1},Declared conditional M5 model; full fields require full approved-window period coverage; closed diagnostics omit all unknown trades,1,1,0.4,0.4,-1.4,-1.4,0.4,0.4,-0.5294117647058823529411764707,-0.5294117647058823529411764707,1,1,1,,10.0,1,1,0,1,1,0,0,0,0,0,0,0
MOMENTUM_IMOEXF,SHORT,time_bucket,16:30,1,1,0,False,PARTIAL_COVERAGE,ACCOUNTED,PARTIAL_COVERAGE,False,,,PARTIAL_COVERAGE,PARTIAL_COVERAGE,,,PARTIAL_COVERAGE,,,PARTIAL_COVERAGE,,NO_LOSSES,,11.0,1.0,10.0,10.0,1,0,POSITIVE,{'TAKE': 1},Declared conditional M5 model; full fields require full approved-window period coverage; closed diagnostics omit all unknown trades,3,3,0.8,0.8,4,4,0.4,0.4,-0.6666666666666666666666666667,-0.6666666666666666666666666667,1,0,0,30.0,,1,1,0,1,1,0,1,1,0,1,1,0
MOMENTUM_IMOEXF,SHORT,time_bucket,17:00,1,1,0,False,PARTIAL_COVERAGE,ACCOUNTED,PARTIAL_COVERAGE,False,,,PARTIAL_COVERAGE,PARTIAL_COVERAGE,,,PARTIAL_COVERAGE,,,PARTIAL_COVERAGE,0E+1,,0E+1,-0.5,1.0,-1.5,-1.5,0,1.5,NEGATIVE,{'STOP': 1},Declared conditional M5 model; full fields require full approved-window period coverage; closed diagnostics omit all unknown trades,0,0,0,0,-3,-3,2,2,-1.132075471698113207547169811,-1.132075471698113207547169811,1,0,1,,0.0,0,0,0,0,0,0,0,0,0,0,0,0
MOMENTUM_IMOEXF,SHORT,time_bucket,17:30,1,1,0,False,PARTIAL_COVERAGE,ACCOUNTED,PARTIAL_COVERAGE,False,,,PARTIAL_COVERAGE,PARTIAL_COVERAGE,,,PARTIAL_COVERAGE,,,PARTIAL_COVERAGE,0E+1,,0E+1,-4.0,1.0,-5.0,-5.0,0,5.0,NEGATIVE,{'STOP': 1},Declared conditional M5 model; full fields require full approved-window period coverage; closed diagnostics omit all unknown trades,0.25,0.25,0.125,0.125,-1.25,-1.25,0.25,0.25,-0.2962962962962962962962962963,-0.2962962962962962962962962963,1,0,1,,5.0,0,0,0,0,0,0,0,0,0,0,0,0
MOMENTUM_IMOEXF,SHORT,session_half,AM,6,4,2,False,PARTIAL_COVERAGE,UNRESOLVED,UNRESOLVED,False,,,UNRESOLVED,UNRESOLVED,,,UNRESOLVED,,,UNRESOLVED,0E+1,,0E+1,-18.0,4.0,-22.0,-5.5,0,22.0,NEGATIVE,"{'UNKNOWN_PATH_CONDITIONAL_REDUCE_ALL': 2, 'STOP': 4}",Declared conditional M5 model; full fields require full approved-window period coverage; closed diagnostics omit all unknown trades,1.090909090909090909090909091,1.222222222222222222222222222,0.5606060606060606060606060605,0.584848484848484848484848485,-1.202020202020202020202020202,-1.246464646464646464646464646,0.1818181818181818181818181818,0.2137603137603137603137603137,-0.520803443328550932568149211,-0.4733472562600538269426053837,4,4,1,,37.5,4,1,0,3,0.75,0,0,0,0,0,0,0
MOMENTUM_IMOEXF,SHORT,session_half,PM,3,3,0,False,PARTIAL_COVERAGE,ACCOUNTED,PARTIAL_COVERAGE,False,,,PARTIAL_COVERAGE,PARTIAL_COVERAGE,,,PARTIAL_COVERAGE,,,PARTIAL_COVERAGE,1.538461538461538461538461538,,2.444444444444444444444444444,6.5,3.0,3.5,1.166666666666666666666666667,0.3333333333333333333333333333,6.5,POSITIVE,"{'TAKE': 1, 'STOP': 2}",Declared conditional M5 model; full fields require full approved-window period coverage; closed diagnostics omit all unknown trades,0.25,1.083333333333333333333333333,0.125,0.3083333333333333333333333333,-1.25,-0.08333333333333333333333333333,0.4,0.8833333333333333333333333333,-0.6666666666666666666666666667,-0.698346144887025390170044258,3,0,2,30.0,2.5,1,0.3333333333333333333333333333,0,1,0.3333333333333333333333333333,0,1,0.3333333333333333333333333333,0,1,0.3333333333333333333333333333,0
MOMENTUM_IMOEXF,SHORT,net_outcome,LOSS,6,6,0,False,PARTIAL_COVERAGE,ACCOUNTED,PARTIAL_COVERAGE,False,,,PARTIAL_COVERAGE,PARTIAL_COVERAGE,,,PARTIAL_COVERAGE,,,PARTIAL_COVERAGE,0E+1,,0E+1,-22.5,6.0,-28.5,-4.75,0,28.5,NEGATIVE,{'STOP': 6},Declared conditional M5 model; full fields require full approved-window period coverage; closed diagnostics omit all unknown trades,0.9444444444444444444444444445,0.8564814814814814814814814815,0.4272727272727272727272727272,0.4107323232323232323232323233,-1.236111111111111111111111111,-1.539309764309764309764309764,0.2361111111111111111111111111,0.5393097643097643097643097643,-0.559787849566055930568948891,-0.626043363933918825550662743,6,4,3,,22.5,4,0.6666666666666666666666666667,0,3,0.5,0,0,0,0,0,0,0
MOMENTUM_IMOEXF,SHORT,net_outcome,UNKNOWN,2,0,2,False,PARTIAL_COVERAGE,UNRESOLVED,UNRESOLVED,False,,,UNRESOLVED,UNRESOLVED,,,UNRESOLVED,,,UNRESOLVED,,NO_CLOSED_TRADES,,,,,,,,NO_CLOSED_TRADES,{'UNKNOWN_PATH_CONDITIONAL_REDUCE_ALL': 2},Declared conditional M5 model; full fields require full approved-window period coverage; closed diagnostics omit all unknown trades,,,,,,,0.1483516483516483516483516484,0.1483516483516483516483516484,-0.2560975609756097560975609756,-0.2560975609756097560975609756,0,0,0,,,0,,0,0,,0,0,,0,0,,0
MOMENTUM_IMOEXF,SHORT,net_outcome,WIN,1,1,0,False,PARTIAL_COVERAGE,ACCOUNTED,PARTIAL_COVERAGE,False,,,PARTIAL_COVERAGE,PARTIAL_COVERAGE,,,PARTIAL_COVERAGE,,,PARTIAL_COVERAGE,,NO_LOSSES,,11.0,1.0,10.0,10.0,1,0,POSITIVE,{'TAKE': 1},Declared conditional M5 model; full fields require full approved-window period coverage; closed diagnostics omit all unknown trades,3,3,0.8,0.8,4,4,0.4,0.4,-0.6666666666666666666666666667,-0.6666666666666666666666666667,1,0,0,30.0,,1,1,0,1,1,0,1,1,0,1,1,0
MOMENTUM_IMOEXF,SHORT,adx_regime,NOT_READY,6,4,2,False,PARTIAL_COVERAGE,UNRESOLVED,UNRESOLVED,False,,,UNRESOLVED,UNRESOLVED,,,UNRESOLVED,,,UNRESOLVED,0E+1,,0E+1,-16.0,4.0,-20.0,-5.0,0,20.0,NEGATIVE,"{'UNKNOWN_PATH_CONDITIONAL_REDUCE_ALL': 2, 'STOP': 4}",Declared conditional M5 model; full fields require full approved-window period coverage; closed diagnostics omit all unknown trades,1.035353535353535353535353536,0.9722222222222222222222222222,0.5606060606060606060606060605,0.484848484848484848484848485,-1.202020202020202020202020202,-1.646464646464646464646464646,0.1818181818181818181818181818,0.4804269804269804269804269803,-0.5511795281887245101959216315,-0.5737912074254256360436042737,4,3,1,,37.5,3,0.75,0,2,0.5,0,0,0,0,0,0,0
MOMENTUM_IMOEXF,SHORT,adx_regime,SUB_25,3,3,0,False,PARTIAL_COVERAGE,ACCOUNTED,PARTIAL_COVERAGE,False,,,PARTIAL_COVERAGE,PARTIAL_COVERAGE,,,PARTIAL_COVERAGE,,,PARTIAL_COVERAGE,1.176470588235294117647058824,,1.692307692307692307692307692,4.5,3.0,1.5,0.5,0.3333333333333333333333333333,8.5,POSITIVE,"{'TAKE': 1, 'STOP': 2}",Declared conditional M5 model; full fields require full approved-window period coverage; closed diagnostics omit all unknown trades,1,1.416666666666666666666666667,0.4,0.4416666666666666666666666667,-1.25,0.45,0.4,0.35,-0.5294117647058823529411764707,-0.497458242556281771968046478,3,1,2,30.0,7.5,2,0.6666666666666666666666666667,0,2,0.6666666666666666666666666667,0,1,0.3333333333333333333333333333,0,1,0.3333333333333333333333333333,0
MOMENTUM_IMOEXF,SHORT,di_aligned,None,2,1,1,False,PARTIAL_COVERAGE,UNRESOLVED,UNRESOLVED,False,,,UNRESOLVED,UNRESOLVED,,,UNRESOLVED,,,UNRESOLVED,0E+1,,0E+1,-5.5,1.0,-6.5,-6.5,0,6.5,NEGATIVE,"{'UNKNOWN_PATH_CONDITIONAL_REDUCE_ALL': 1, 'STOP': 1}",Declared conditional M5 model; full fields require full approved-window period coverage; closed diagnostics omit all unknown trades,1.181818181818181818181818182,1.181818181818181818181818182,0.4545454545454545454545454545,0.4545454545454545454545454545,-1.181818181818181818181818182,-1.181818181818181818181818182,0.1623376623376623376623376624,0.1623376623376623376623376624,-0.3488372093023255813953488372,-0.3488372093023255813953488372,1,1,0,,45.0,1,1,0,1,1,0,0,0,0,0,0,0
MOMENTUM_IMOEXF,SHORT,di_aligned,True,7,6,1,False,PARTIAL_COVERAGE,UNRESOLVED,UNRESOLVED,False,,,UNRESOLVED,UNRESOLVED,,,UNRESOLVED,,,UNRESOLVED,0.4545454545454545454545454545,,0.6470588235294117647058823529,-6.0,6.0,-12.0,-2.0,0.1666666666666666666666666667,15.5,NEGATIVE,"{'UNKNOWN_PATH_CONDITIONAL_REDUCE_ALL': 1, 'STOP': 5, 'TAKE': 1}",Declared conditional M5 model; full fields require full approved-window period coverage; closed diagnostics omit all unknown trades,0.9444444444444444444444444445,1.159511784511784511784511784,0.5333333333333333333333333335,0.4683080808080808080808080808,-1.236111111111111111111111111,-0.6756734006734006734006734007,0.25,0.5154123654123654123654123654,-0.5294117647058823529411764707,-0.6053496505166782813392953431,6,3,3,30.0,10.0,4,0.6666666666666666666666666667,0,3,0.5,0,1,0.1666666666666666666666666667,0,1,0.1666666666666666666666666667,0
MOMENTUM_IMOEXF,SHORT,ema_aligned,None,9,7,2,False,PARTIAL_COVERAGE,UNRESOLVED,UNRESOLVED,False,,,UNRESOLVED,UNRESOLVED,,,UNRESOLVED,,,UNRESOLVED,0.3508771929824561403508771930,,0.4888888888888888888888888889,-11.5,7.0,-18.5,-2.642857142857142857142857143,0.1428571428571428571428571429,22.0,NEGATIVE,"{'UNKNOWN_PATH_CONDITIONAL_REDUCE_ALL': 2, 'STOP': 6, 'TAKE': 1}",Declared conditional M5 model; full fields require full approved-window period coverage; closed diagnostics omit all unknown trades,1,1.162698412698412698412698413,0.4545454545454545454545454545,0.4663419913419913419913419913,-1.222222222222222222222222222,-0.747979797979797979797979798,0.2222222222222222222222222222,0.4369513202846536179869513202,-0.5294117647058823529411764707,-0.5483468858023776813517516751,7,4,3,30.0,22.5,5,0.7142857142857142857142857143,0,4,0.5714285714285714285714285714,0,1,0.1428571428571428571428571429,0,1,0.1428571428571428571428571429,0
MOMENTUM_IMOEXF,SHORT,breakout_entry_class,EXTENDED_GT_1_ATR,1,1,0,False,PARTIAL_COVERAGE,ACCOUNTED,PARTIAL_COVERAGE,False,,,PARTIAL_COVERAGE,PARTIAL_COVERAGE,,,PARTIAL_COVERAGE,,,PARTIAL_COVERAGE,0E+1,,0E+1,-4.0,1.0,-5.0,-5.0,0,5.0,NEGATIVE,{'STOP': 1},Declared conditional M5 model; full fields require full approved-window period coverage; closed diagnostics omit all unknown trades,0.25,0.25,0.125,0.125,-1.25,-1.25,0.25,0.25,-0.2962962962962962962962962963,-0.2962962962962962962962962963,1,0,1,,5.0,0,0,0,0,0,0,0,0,0,0,0,0
MOMENTUM_IMOEXF,SHORT,breakout_entry_class,INSIDE_RANGE,6,5,1,False,PARTIAL_COVERAGE,UNRESOLVED,UNRESOLVED,False,,,UNRESOLVED,UNRESOLVED,,,UNRESOLVED,,,UNRESOLVED,0.5882352941176470588235294118,,0.8461538461538461538461538462,-2.0,5.0,-7.0,-1.4,0.2,17.0,NEGATIVE,"{'UNKNOWN_PATH_CONDITIONAL_REDUCE_ALL': 1, 'TAKE': 1, 'STOP': 4}",Declared conditional M5 model; full fields require full approved-window period coverage; closed diagnostics omit all unknown trades,1,1.214141414141414141414141414,0.4545454545454545454545454545,0.4642424242424242424242424242,-1.222222222222222222222222222,-0.5608080808080808080808080808,0.3111111111111111111111111111,0.5596477596477596477596477597,-0.628415300546448087431693989,-0.6880312296754604017229256477,5,3,2,30.0,25.0,4,0.8,0,3,0.6,0,1,0.2,0,1,0.2,0
MOMENTUM_IMOEXF,SHORT,breakout_entry_class,PERSISTENT_LE_1_ATR,2,1,1,False,PARTIAL_COVERAGE,UNRESOLVED,UNRESOLVED,False,,,UNRESOLVED,UNRESOLVED,,,UNRESOLVED,,,UNRESOLVED,0E+1,,0E+1,-5.5,1.0,-6.5,-6.5,0,6.5,NEGATIVE,"{'UNKNOWN_PATH_CONDITIONAL_REDUCE_ALL': 1, 'STOP': 1}",Declared conditional M5 model; full fields require full approved-window period coverage; closed diagnostics omit all unknown trades,1.818181818181818181818181818,1.818181818181818181818181818,0.8181818181818181818181818182,0.8181818181818181818181818182,-1.181818181818181818181818182,-1.181818181818181818181818182,0.1623376623376623376623376624,0.1623376623376623376623376624,-0.2553191489361702127659574468,-0.2553191489361702127659574468,1,1,0,,35.0,1,1,0,1,1,0,0,0,0,0,0,0
MOMENTUM_IMOEXF,SHORT,cost_class,NET_RR_GE_1,9,7,2,False,PARTIAL_COVERAGE,UNRESOLVED,UNRESOLVED,False,,,UNRESOLVED,UNRESOLVED,,,UNRESOLVED,,,UNRESOLVED,0.3508771929824561403508771930,,0.4888888888888888888888888889,-11.5,7.0,-18.5,-2.642857142857142857142857143,0.1428571428571428571428571429,22.0,NEGATIVE,"{'UNKNOWN_PATH_CONDITIONAL_REDUCE_ALL': 2, 'STOP': 6, 'TAKE': 1}",Declared conditional M5 model; full fields require full approved-window period coverage; closed diagnostics omit all unknown trades,1,1.162698412698412698412698413,0.4545454545454545454545454545,0.4663419913419913419913419913,-1.222222222222222222222222222,-0.747979797979797979797979798,0.2222222222222222222222222222,0.4369513202846536179869513202,-0.5294117647058823529411764707,-0.5483468858023776813517516751,7,4,3,30.0,22.5,5,0.7142857142857142857142857143,0,4,0.5714285714285714285714285714,0,1,0.1428571428571428571428571429,0,1,0.1428571428571428571428571429,0
MOMENTUM_USDRUBF,ALL,ALL,ALL,595,594,1,False,PARTIAL_COVERAGE,UNRESOLVED,UNRESOLVED,False,,,UNRESOLVED,UNRESOLVED,,,UNRESOLVED,,,UNRESOLVED,0.7592105263157894736842105263,,1.093301435406698564593301435,2.73,11.88,-9.15,-0.01540404040404040404040404040,0.2542087542087542087542087542,10.18,NEGATIVE,"{'TAKE': 83, 'STOP': 399, 'SESSION_FLAT': 83, 'MAX_HOLD': 29, 'UNKNOWN_PATH_CONDITIONAL_REDUCE_ALL': 1}",Declared conditional M5 model; full fields require full approved-window period coverage; closed diagnostics omit all unknown trades,0.6457680250783699059561128525,1.337586151384268399146785284,0.3333333333333333333333333333,0.3491698259358532910612504103,-1.2,-0.3605458945287196658891931980,0.2857142857142857142857142857,0.4686388994473414837721061852,-0.3846153846153846153846153846,-0.4505955451387749371535695598,594,182,269,40.0,5.0,335,0.5639730639730639730639730640,58,251,0.4225589225589225589225589226,45,127,0.2138047138047138047138047138,55,73,0.1228956228956228956228956229,38
MOMENTUM_USDRUBF,ALL,exit_reason,MAX_HOLD,29,29,0,False,PARTIAL_COVERAGE,ACCOUNTED,PARTIAL_COVERAGE,False,,,PARTIAL_COVERAGE,PARTIAL_COVERAGE,,,PARTIAL_COVERAGE,,,PARTIAL_COVERAGE,8.744186046511627906976744186,,16.03846153846153846153846154,3.91,0.58,3.33,0.1148275862068965517241379310,0.6896551724137931034482758621,0.14,POSITIVE,{'MAX_HOLD': 29},Declared conditional M5 model; full fields require full approved-window period coverage; closed diagnostics omit all unknown trades,1.7,2.156682566087015151257581075,0.6111111111111111111111111111,0.5668223491995475913970335193,0.6666666666666666666666666667,1.043951745801333672514591233,0.1666666666666666666666666667,0.1990159791208736137152550328,-0.1666666666666666666666666667,-0.2211493568165091516991045762,29,8,0,90.0,90.0,28,0.9655172413793103448275862069,0,23,0.7931034482758620689655172414,0,11,0.3793103448275862068965517241,0,4,0.1379310344827586206896551724,0
MOMENTUM_USDRUBF,ALL,exit_reason,SESSION_FLAT,83,83,0,False,PARTIAL_COVERAGE,ACCOUNTED,PARTIAL_COVERAGE,False,,,PARTIAL_COVERAGE,PARTIAL_COVERAGE,,,PARTIAL_COVERAGE,,,PARTIAL_COVERAGE,2.8,,5.495049504950495049504950495,4.54,1.66,2.88,0.03469879518072289156626506024,0.5783132530120481927710843373,0.19,POSITIVE,{'SESSION_FLAT': 83},Declared conditional M5 model; full fields require full approved-window period coverage; closed diagnostics omit all unknown trades,1.2,1.636048358484573934609370470,0.4166666666666666666666666667,0.4594081994861583805595145072,0.25,0.5291076458386876530037408848,0.25,0.2804456048715439218628446125,-0.1919999999999999999999999999,-0.2374625426118056266307366789,83,17,0,40.0,25.0,68,0.8192771084337349397590361446,0,50,0.6024096385542168674698795181,0,24,0.2891566265060240963855421687,0,13,0.1566265060240963855421686747,0
MOMENTUM_USDRUBF,ALL,exit_reason,STOP,399,399,0,False,PARTIAL_COVERAGE,ACCOUNTED,PARTIAL_COVERAGE,False,,,PARTIAL_COVERAGE,PARTIAL_COVERAGE,,,PARTIAL_COVERAGE,,,PARTIAL_COVERAGE,0E+2,,0E+2,-27.99,7.98,-35.97,-0.09015037593984962406015037594,0,35.97,NEGATIVE,{'STOP': 399},Declared conditional M5 model; full fields require full approved-window period coverage; closed diagnostics omit all unknown trades,0.1428571428571428571428571429,0.7412509237706934140264996892,0.2352941176470588235294117647,0.3302365081868509407050478942,-1.333333333333333333333333333,-1.540971666652299240402404770,0.3333333333333333333333333333,0.5399870622842362257228487371,-0.5217391304347826086956521740,-0.5344155972118874305667010664,399,157,269,,5.0,157,0.3934837092731829573934837093,57,97,0.2431077694235588972431077694,43,42,0.1052631578947368421052631579,27,24,0.06015037593984962406015037594,16
MOMENTUM_USDRUBF,ALL,exit_reason,TAKE,83,83,0,False,PARTIAL_COVERAGE,ACCOUNTED,PARTIAL_COVERAGE,False,,,PARTIAL_COVERAGE,PARTIAL_COVERAGE,,,PARTIAL_COVERAGE,,,PARTIAL_COVERAGE,,NO_LOSSES,,22.27,1.66,20.61,0.2483132530120481927710843373,1,0,POSITIVE,{'TAKE': 83},Declared conditional M5 model; full fields require full approved-window period coverage; closed diagnostics omit all unknown trades,2.333333333333333333333333333,3.619653580325369649850234730,0.1578947368421052631578947368,0.2539009777735578772543970796,2.529411764705882352941176471,3.933649378450098357592109692,0.25,0.4106850448302945598629883758,-0.2790697674418604651162790698,-0.3488759064734157630321622749,83,0,0,30.0,,82,0.9879518072289156626506024096,1,81,0.9759036144578313253012048193,2,50,0.6024096385542168674698795181,28,32,0.3855421686746987951807228916,22
MOMENTUM_USDRUBF,ALL,exit_reason,UNKNOWN_PATH_CONDITIONAL_REDUCE_ALL,1,0,1,False,PARTIAL_COVERAGE,UNRESOLVED,UNRESOLVED,False,,,UNRESOLVED,UNRESOLVED,,,UNRESOLVED,,,UNRESOLVED,,NO_CLOSED_TRADES,,,,,,,,NO_CLOSED_TRADES,{'UNKNOWN_PATH_CONDITIONAL_REDUCE_ALL': 1},Declared conditional M5 model; full fields require full approved-window period coverage; closed diagnostics omit all unknown trades,,,,,,,0.25,0.25,0.2068965517241379310344827586,0.2068965517241379310344827586,0,0,0,,,0,,0,0,,0,0,,0,0,,0
MOMENTUM_USDRUBF,ALL,time_bucket,11:00,22,22,0,False,PARTIAL_COVERAGE,ACCOUNTED,PARTIAL_COVERAGE,False,,,PARTIAL_COVERAGE,PARTIAL_COVERAGE,,,PARTIAL_COVERAGE,,,PARTIAL_COVERAGE,0.8947368421052631578947368421,,1.124293785310734463276836158,0.22,0.44,-0.22,-0.01,0.2727272727272727272727272727,1.05,NEGATIVE,"{'STOP': 16, 'TAKE': 4, 'MAX_HOLD': 2}",Declared conditional M5 model; full fields require full approved-window period coverage; closed diagnostics omit all unknown trades,0.5773809523809523809523809525,0.9041247080171204514886881414,0.6515151515151515151515151515,0.5578640114838883242466421327,-1.160256410256410256410256410,-0.5059047496485018928413048973,0.1666666666666666666666666667,0.2711228964983684162231674291,-0.1948051948051948051948051948,-0.2355302157423775811678705135,22,7,9,45.0,10.0,12,0.5454545454545454545454545455,1,7,0.3181818181818181818181818182,2,1,0.04545454545454545454545454545,3,1,0.04545454545454545454545454545,1
MOMENTUM_USDRUBF,ALL,time_bucket,11:30,57,57,0,False,PARTIAL_COVERAGE,ACCOUNTED,PARTIAL_COVERAGE,False,,,PARTIAL_COVERAGE,PARTIAL_COVERAGE,,,PARTIAL_COVERAGE,,,PARTIAL_COVERAGE,0.8708791208791208791208791209,,1.238434163701067615658362989,0.67,1.14,-0.47,-0.008245614035087719298245614035,0.2631578947368421052631578947,1.71,NEGATIVE,"{'TAKE': 10, 'MAX_HOLD': 8, 'STOP': 39}",Declared conditional M5 model; full fields require full approved-window period coverage; closed diagnostics omit all unknown trades,0.7857142857142857142857142857,1.490497158369668539109983155,0.2222222222222222222222222222,0.3350266908925954393781531332,-1.222222222222222222222222222,-0.2086590718243207335065543993,0.2857142857142857142857142857,0.5315557874326904068621596172,-0.3829787234042553191489361702,-0.4936457553664918986344922375,57,21,22,45.0,10.0,36,0.6315789473684210526315789474,6,28,0.4912280701754385964912280702,5,14,0.2456140350877192982456140351,5,7,0.1228070175438596491228070175,7
MOMENTUM_USDRUBF,ALL,time_bucket,12:00,58,58,0,False,PARTIAL_COVERAGE,ACCOUNTED,PARTIAL_COVERAGE,False,,,PARTIAL_COVERAGE,PARTIAL_COVERAGE,,,PARTIAL_COVERAGE,,,PARTIAL_COVERAGE,1.050666666666666666666666667,,1.460750853242320819112627986,1.35,1.16,0.19,0.003275862068965517241379310345,0.2931034482758620689655172414,0.83,POSITIVE,"{'STOP': 40, 'TAKE': 12, 'MAX_HOLD': 2, 'SESSION_FLAT': 4}",Declared conditional M5 model; full fields require full approved-window period coverage; closed diagnostics omit all unknown trades,0.65,1.269768593919869675180874071,0.3245614035087719298245614035,0.3461573534942810057574656698,-1.211111111111111111111111111,-0.4380121269546912762456693279,0.2678571428571428571428571428,0.4436713296193385869909837028,-0.4660633484162895927601809954,-0.4890028100018788807909759490,58,16,25,50.0,5.0,33,0.5689655172413793103448275862,8,26,0.4482758620689655172413793103,6,11,0.1896551724137931034482758621,5,7,0.1206896551724137931034482759,2
MOMENTUM_USDRUBF,ALL,time_bucket,12:30,54,54,0,False,PARTIAL_COVERAGE,ACCOUNTED,PARTIAL_COVERAGE,False,,,PARTIAL_COVERAGE,PARTIAL_COVERAGE,,,PARTIAL_COVERAGE,,,PARTIAL_COVERAGE,0.4723756906077348066298342541,,0.6992753623188405797101449275,-0.83,1.08,-1.91,-0.03537037037037037037037037037,0.2037037037037037037037037037,2.01,NEGATIVE,"{'STOP': 40, 'SESSION_FLAT': 9, 'TAKE': 5}",Declared conditional M5 model; full fields require full approved-window period coverage; closed diagnostics omit all unknown trades,0.5,1.418862338928128401812612339,0.3333333333333333333333333333,0.3404343314796531170800176648,-1.25,-0.5912547396831022562016714067,0.3666666666666666666666666666,0.5123856920640546371540523589,-0.4735009671179883945841392650,-0.5109497698145091456106578981,54,17,27,45.0,5.0,28,0.5185185185185185185185185185,4,22,0.4074074074074074074074074074,1,14,0.2592592592592592592592592593,2,8,0.1481481481481481481481481481,4
MOMENTUM_USDRUBF,ALL,time_bucket,13:00,48,48,0,False,PARTIAL_COVERAGE,ACCOUNTED,PARTIAL_COVERAGE,False,,,PARTIAL_COVERAGE,PARTIAL_COVERAGE,,,PARTIAL_COVERAGE,,,PARTIAL_COVERAGE,0.4251968503937007874015748031,,0.7252747252747252747252747253,-0.50,0.96,-1.46,-0.03041666666666666666666666667,0.2083333333333333333333333333,1.46,NEGATIVE,"{'SESSION_FLAT': 19, 'STOP': 25, 'TAKE': 4}",Declared conditional M5 model; full fields require full approved-window period coverage; closed diagnostics omit all unknown trades,0.5,1.155794778138528138528138528,0.3035714285714285714285714286,0.3309027777777777777777777777,-1.133928571428571428571428572,-0.5925089436026936026936026935,0.2857142857142857142857142857,0.4749237914862914862914862917,-0.2424979724249797242497972424,-0.3881976986035688106609103840,48,16,22,20.0,10.0,27,0.5625,4,16,0.3333333333333333333333333333,3,7,0.1458333333333333333333333333,4,2,0.04166666666666666666666666667,2
MOMENTUM_USDRUBF,ALL,time_bucket,15:00,19,19,0,False,PARTIAL_COVERAGE,ACCOUNTED,PARTIAL_COVERAGE,False,,,PARTIAL_COVERAGE,PARTIAL_COVERAGE,,,PARTIAL_COVERAGE,,,PARTIAL_COVERAGE,0.5338345864661654135338345865,,0.7669902912621359223300970874,-0.24,0.38,-0.62,-0.03263157894736842105263157895,0.2105263157894736842105263158,0.67,NEGATIVE,"{'STOP': 14, 'TAKE': 4, 'MAX_HOLD': 1}",Declared conditional M5 model; full fields require full approved-window period coverage; closed diagnostics omit all unknown trades,0.5,1.66358320042530568846358320,0.5555555555555555555555555556,0.4516480595427963849016480595,-1.2,0.05463279410647831700463279411,0.25,0.4994607731449836712994607731,-0.4752475247524752475247524752,-0.4765592705196079226756249342,19,7,7,40.0,15.0,11,0.5789473684210526315789473684,2,7,0.3684210526315789473684210526,1,4,0.2105263157894736842105263158,3,3,0.1578947368421052631578947368,1
MOMENTUM_USDRUBF,ALL,time_bucket,15:30,68,67,1,False,PARTIAL_COVERAGE,UNRESOLVED,UNRESOLVED,False,,,UNRESOLVED,UNRESOLVED,,,UNRESOLVED,,,UNRESOLVED,0.6911447084233261339092872570,,0.9749303621169916434540389972,-0.09,1.34,-1.43,-0.02134328358208955223880597015,0.2238805970149253731343283582,1.82,NEGATIVE,"{'TAKE': 13, 'STOP': 51, 'UNKNOWN_PATH_CONDITIONAL_REDUCE_ALL': 1, 'MAX_HOLD': 3}",Declared conditional M5 model; full fields require full approved-window period coverage; closed diagnostics omit all unknown trades,0.8888888888888888888888888889,1.218583036309490246700745929,0.3333333333333333333333333333,0.3427753294055404194364564922,-1.285714285714285714285714286,-0.5163188692704904748136863422,0.3333333333333333333333333333,0.5826216681110190237979284635,-0.4476268412438625204582651391,-0.4722690572668643034702059912,67,21,34,35.0,5.0,36,0.5373134328358208955223880597,7,31,0.4626865671641791044776119403,5,18,0.2686567164179104477611940299,8,8,0.1194029850746268656716417910,8
MOMENTUM_USDRUBF,ALL,time_bucket,16:00,61,61,0,False,PARTIAL_COVERAGE,ACCOUNTED,PARTIAL_COVERAGE,False,,,PARTIAL_COVERAGE,PARTIAL_COVERAGE,,,PARTIAL_COVERAGE,,,PARTIAL_COVERAGE,0.8849104859335038363171355499,,1.259259259259259259259259259,0.77,1.22,-0.45,-0.007377049180327868852459016393,0.2295081967213114754098360656,1.22,NEGATIVE,"{'STOP': 43, 'TAKE': 11, 'MAX_HOLD': 7}",Declared conditional M5 model; full fields require full approved-window period coverage; closed diagnostics omit all unknown trades,1,1.839190510634706949988886749,0.5,0.4089937629238750895351413038,-1.25,-0.1881838420479744136040131574,0.3333333333333333333333333333,0.4580868915099742892464812987,-0.4285714285714285714285714286,-0.4626958596563181649390247520,61,28,23,55.0,15.0,42,0.6885245901639344262295081967,7,31,0.5081967213114754098360655738,6,17,0.2786885245901639344262295082,6,11,0.1803278688524590163934426230,2
MOMENTUM_USDRUBF,ALL,time_bucket,16:30,51,51,0,False,PARTIAL_COVERAGE,ACCOUNTED,PARTIAL_COVERAGE,False,,,PARTIAL_COVERAGE,PARTIAL_COVERAGE,,,PARTIAL_COVERAGE,,,PARTIAL_COVERAGE,0.7830188679245283018867924528,,1.135245901639344262295081967,0.33,1.02,-0.69,-0.01352941176470588235294117647,0.2745098039215686274509803922,0.95,NEGATIVE,"{'STOP': 37, 'TAKE': 8, 'MAX_HOLD': 6}",Declared conditional M5 model; full fields require full approved-window period coverage; closed diagnostics omit all unknown trades,0.6,1.584591361797244150185326656,0.1666666666666666666666666667,0.2630893639845046494662862949,-1.222222222222222222222222222,-0.1903740086284843318091399933,0.3333333333333333333333333333,0.4829651096275137195853308386,-0.5106382978723404255319148936,-0.4705212832451503262851127245,51,12,26,50.0,5.0,26,0.5098039215686274509803921569,5,21,0.4117647058823529411764705882,4,15,0.2941176470588235294117647059,6,10,0.1960784313725490196078431373,3
MOMENTUM_USDRUBF,ALL,time_bucket,17:00,58,58,0,False,PARTIAL_COVERAGE,ACCOUNTED,PARTIAL_COVERAGE,False,,,PARTIAL_COVERAGE,PARTIAL_COVERAGE,,,PARTIAL_COVERAGE,,,PARTIAL_COVERAGE,0.9893333333333333333333333333,,1.384879725085910652920962199,1.12,1.16,-0.04,-0.0006896551724137931034482758621,0.2758620689655172413793103448,1.25,NEGATIVE,"{'TAKE': 7, 'STOP': 42, 'SESSION_FLAT': 9}",Declared conditional M5 model; full fields require full approved-window period coverage; closed diagnostics omit all unknown trades,0.857142857142857142857142857,1.479428720513692733465200173,0.3166666666666666666666666666,0.3418212199922447739715576386,-1.222222222222222222222222222,-0.2001061356576613653957335057,0.3333333333333333333333333333,0.4539276930162369795494409655,-0.5626373626373626373626373625,-0.5269533838843267637354828097,58,21,29,67.5,5.0,37,0.6379310344827586206896551724,4,27,0.4655172413793103448275862069,5,10,0.1724137931034482758620689655,7,8,0.1379310344827586206896551724,2
MOMENTUM_USDRUBF,ALL,time_bucket,17:30,56,56,0,False,PARTIAL_COVERAGE,ACCOUNTED,PARTIAL_COVERAGE,False,,,PARTIAL_COVERAGE,PARTIAL_COVERAGE,,,PARTIAL_COVERAGE,,,PARTIAL_COVERAGE,0.6092307692307692307692307692,,0.9382716049382716049382716049,-0.15,1.12,-1.27,-0.02267857142857142857142857143,0.25,1.91,NEGATIVE,"{'STOP': 34, 'SESSION_FLAT': 18, 'TAKE': 4}",Declared conditional M5 model; full fields require full approved-window period coverage; closed diagnostics omit all unknown trades,0.3958333333333333333333333334,0.9410161406146313267056301112,0.3508771929824561403508771930,0.3445854961417765486761506225,-1.211111111111111111111111111,-0.5154215306077037611756762577,0.25,0.4176643260358983490341296623,-0.3160083160083160083160083160,-0.3796651703272933721018228643,56,11,28,40.0,5.0,26,0.4642857142857142857142857143,7,20,0.3571428571428571428571428571,4,8,0.1428571428571428571428571429,4,4,0.07142857142857142857142857143,4
MOMENTUM_USDRUBF,ALL,time_bucket,18:00,43,43,0,False,PARTIAL_COVERAGE,ACCOUNTED,PARTIAL_COVERAGE,False,,,PARTIAL_COVERAGE,PARTIAL_COVERAGE,,,PARTIAL_COVERAGE,,,PARTIAL_COVERAGE,0.6623376623376623376623376623,,1.044444444444444444444444444,0.08,0.86,-0.78,-0.01813953488372093023255813953,0.3488372093023255813953488372,1.24,NEGATIVE,"{'SESSION_FLAT': 24, 'TAKE': 1, 'STOP': 18}",Declared conditional M5 model; full fields require full approved-window period coverage; closed diagnostics omit all unknown trades,0.4,0.9109791561227949736841665702,0.2,0.2943622648821007234139929077,-0.5,-0.2361513866130829195124680760,0.2857142857142857142857142857,0.3483511054988483169057724465,-0.3037974683544303797468354431,-0.3484519941885625984871308323,43,5,17,25.0,5.0,21,0.4883720930232558139534883721,3,15,0.3488372093023255813953488372,3,8,0.1860465116279069767441860465,2,4,0.09302325581395348837209302326,2
MOMENTUM_USDRUBF,ALL,session_half,AM,239,239,0,False,PARTIAL_COVERAGE,ACCOUNTED,PARTIAL_COVERAGE,False,,,PARTIAL_COVERAGE,PARTIAL_COVERAGE,,,PARTIAL_COVERAGE,,,PARTIAL_COVERAGE,0.7525575447570332480818414322,,1.075268817204301075268817204,0.91,4.78,-3.87,-0.01619246861924686192468619247,0.2468619246861924686192468619,4.59,NEGATIVE,"{'TAKE': 35, 'STOP': 160, 'SESSION_FLAT': 32, 'MAX_HOLD': 12}",Declared conditional M5 model; full fields require full approved-window period coverage; closed diagnostics omit all unknown trades,0.6,1.299549689136269799873399961,0.3333333333333333333333333333,0.3586336542653823563496575380,-1.2,-0.4552148961733984612502691,0.2857142857142857142857142857,0.4705501677294980675390795230,-0.3404255319148936170212765957,-0.4514912673024523718344562297,239,77,105,40.0,10.0,136,0.5690376569037656903765690377,23,99,0.4142259414225941422594142259,17,47,0.1966527196652719665271966527,19,25,0.1046025104602510460251046025,16
MOMENTUM_USDRUBF,ALL,session_half,PM,356,355,1,False,PARTIAL_COVERAGE,UNRESOLVED,UNRESOLVED,False,,,UNRESOLVED,UNRESOLVED,,,UNRESOLVED,,,UNRESOLVED,0.7638640429338103756708407871,,1.105998835177635410599883518,1.82,7.10,-5.28,-0.01487323943661971830985915493,0.2591549295774647887323943662,5.75,NEGATIVE,"{'TAKE': 48, 'STOP': 239, 'SESSION_FLAT': 51, 'MAX_HOLD': 17, 'UNKNOWN_PATH_CONDITIONAL_REDUCE_ALL': 1}",Declared conditional M5 model; full fields require full approved-window period coverage; closed diagnostics omit all unknown trades,0.7142857142857142857142857143,1.363193797799118160347740474,0.3333333333333333333333333333,0.3427984034830154133037030755,-1.2,-0.2968109891961049276038491411,0.2857142857142857142857142857,0.4673557727073543390521437492,-0.4102863822326125073056691993,-0.4499942035738341874661203632,355,105,164,40.0,5.0,199,0.5605633802816901408450704225,35,152,0.4281690140845070422535211268,28,80,0.2253521126760563380281690141,36,48,0.1352112676056338028169014085,22
MOMENTUM_USDRUBF,ALL,net_outcome,LOSS,439,439,0,False,PARTIAL_COVERAGE,ACCOUNTED,PARTIAL_COVERAGE,False,,,PARTIAL_COVERAGE,PARTIAL_COVERAGE,,,PARTIAL_COVERAGE,,,PARTIAL_COVERAGE,0E+2,,0.001367053998632946001367053999,-29.22,8.78,-38.00,-0.08656036446469248291571753986,0,38.00,NEGATIVE,"{'STOP': 399, 'SESSION_FLAT': 31, 'MAX_HOLD': 9}",Declared conditional M5 model; full fields require full approved-window period coverage; closed diagnostics omit all unknown trades,0.2142857142857142857142857143,0.7585178057671299244903015456,0.3333333333333333333333333333,0.3538589103621088816809468169,-1.285714285714285714285714286,-1.444933368016082214460221730,0.3333333333333333333333333333,0.5126227595506752940666716442,-0.4705882352941176470588235294,-0.4990366972124295842186775134,439,182,269,,5.0,182,0.4145785876993166287015945330,57,108,0.2460136674259681093394077449,43,47,0.1070615034168564920273348519,27,26,0.05922551252847380410022779043,16
MOMENTUM_USDRUBF,ALL,net_outcome,UNKNOWN,1,0,1,False,PARTIAL_COVERAGE,UNRESOLVED,UNRESOLVED,False,,,UNRESOLVED,UNRESOLVED,,,UNRESOLVED,,,UNRESOLVED,,NO_CLOSED_TRADES,,,,,,,,NO_CLOSED_TRADES,{'UNKNOWN_PATH_CONDITIONAL_REDUCE_ALL': 1},Declared conditional M5 model; full fields require full approved-window period coverage; closed diagnostics omit all unknown trades,,,,,,,0.25,0.25,0.2068965517241379310344827586,0.2068965517241379310344827586,0,0,0,,,0,,0,0,,0,0,,0,0,,0
MOMENTUM_USDRUBF,ALL,net_outcome,WIN,151,151,0,False,PARTIAL_COVERAGE,ACCOUNTED,PARTIAL_COVERAGE,False,,,PARTIAL_COVERAGE,PARTIAL_COVERAGE,,,PARTIAL_COVERAGE,,,PARTIAL_COVERAGE,,NO_LOSSES,,31.87,3.02,28.85,0.1910596026490066225165562914,1,0,POSITIVE,"{'TAKE': 83, 'SESSION_FLAT': 48, 'MAX_HOLD': 20}",Declared conditional M5 model; full fields require full approved-window period coverage; closed diagnostics omit all unknown trades,2,3.014592873226172575553740048,0.3333333333333333333333333333,0.3313210703549518046298924352,1.833333333333333333333333333,2.782526405357619937813619734,0.25,0.3400579717114021771465849552,-0.2181818181818181818181818182,-0.3099836499908057999413081604,151,0,0,40.0,,150,0.9933774834437086092715231788,1,140,0.9271523178807947019867549669,2,78,0.5165562913907284768211920530,28,46,0.3046357615894039735099337748,22
MOMENTUM_USDRUBF,ALL,net_outcome,ZERO,4,4,0,False,PARTIAL_COVERAGE,ACCOUNTED,PARTIAL_COVERAGE,False,,,PARTIAL_COVERAGE,PARTIAL_COVERAGE,,,PARTIAL_COVERAGE,,,PARTIAL_COVERAGE,,NO_LOSSES,,0.08,0.08,0.00,0.00,0,0,ZERO_NET,{'SESSION_FLAT': 4},Declared conditional M5 model; full fields require full approved-window period coverage; closed diagnostics omit all unknown trades,1.5,1.583333333333333333333333333,0.6666666666666666666666666665,0.5083333333333333333333333335,0,0,0.500000000000000000000000000,0.550000000000000000000000000,-0.608260325406758448060075094,-0.606651171106740568567852673,4,0,0,,,3,0.75,0,3,0.75,0,2,0.5,0,1,0.25,0
MOMENTUM_USDRUBF,ALL,adx_regime,NOT_READY,303,302,1,False,PARTIAL_COVERAGE,UNRESOLVED,UNRESOLVED,False,,,UNRESOLVED,UNRESOLVED,,,UNRESOLVED,,,UNRESOLVED,0.8644743398106626806178375685,,1.212548015364916773367477593,3.32,6.04,-2.72,-0.009006622516556291390728476821,0.2615894039735099337748344371,3.69,NEGATIVE,"{'TAKE': 59, 'STOP': 212, 'MAX_HOLD': 25, 'UNKNOWN_PATH_CONDITIONAL_REDUCE_ALL': 1, 'SESSION_FLAT': 6}",Declared conditional M5 model; full fields require full approved-window period coverage; closed diagnostics omit all unknown trades,0.8,1.494171238545107869768845409,0.3875,0.3708913991480104902503246646,-1.222222222222222222222222222,-0.2654555116638598851919196293,0.2857142857142857142857142857,0.4884413246799790808008718089,-0.3846153846153846153846153846,-0.4602814321734055121560562297,302,105,127,45.0,10.0,183,0.6059602649006622516556291391,32,142,0.4701986754966887417218543046,25,73,0.2417218543046357615894039735,31,43,0.1423841059602649006622516556,21
MOMENTUM_USDRUBF,ALL,adx_regime,SUB_25,152,152,0,False,PARTIAL_COVERAGE,ACCOUNTED,PARTIAL_COVERAGE,False,,,PARTIAL_COVERAGE,PARTIAL_COVERAGE,,,PARTIAL_COVERAGE,,,PARTIAL_COVERAGE,0.5936768149882903981264637002,,0.9317460317460317460317460317,-0.43,3.04,-3.47,-0.02282894736842105263157894737,0.25,3.76,NEGATIVE,"{'SESSION_FLAT': 40, 'TAKE': 13, 'STOP': 97, 'MAX_HOLD': 2}",Declared conditional M5 model; full fields require full approved-window period coverage; closed diagnostics omit all unknown trades,0.5,1.178562804527462942918731401,0.25,0.3079219487868182351395364412,-1.236111111111111111111111111,-0.4320564732958972992695743508,0.3333333333333333333333333333,0.4747715701381899283437352599,-0.4495798319327731092436974790,-0.4606952582407868192658976804,152,39,73,30.0,5.0,78,0.5131578947368421052631578947,13,55,0.3618421052631578947368421053,8,29,0.1907894736842105263157894737,10,15,0.09868421052631578947368421053,8
MOMENTUM_USDRUBF,ALL,adx_regime,TREND_25_PLUS,140,140,0,False,PARTIAL_COVERAGE,ACCOUNTED,PARTIAL_COVERAGE,False,,,PARTIAL_COVERAGE,PARTIAL_COVERAGE,,,PARTIAL_COVERAGE,,,PARTIAL_COVERAGE,0.6847710330138445154419595314,,0.9782016348773841961852861035,-0.16,2.80,-2.96,-0.02114285714285714285714285714,0.2428571428571428571428571429,2.96,NEGATIVE,"{'STOP': 90, 'SESSION_FLAT': 37, 'TAKE': 11, 'MAX_HOLD': 2}",Declared conditional M5 model; full fields require full approved-window period coverage; closed diagnostics omit all unknown trades,0.577777777777777777777777778,1.172463668524703464995371232,0.3333333333333333333333333333,0.3470966989114379649541082535,-1.181818181818181818181818182,-0.4880293777614100480088980754,0.25,0.4191224652294975160963661626,-0.3200568990042674253200568990,-0.4186671154030687206762314519,140,38,69,40.0,5.0,74,0.5285714285714285714285714286,13,54,0.3857142857142857142857142857,12,25,0.1785714285714285714285714286,14,15,0.1071428571428571428571428571,9
MOMENTUM_USDRUBF,ALL,di_aligned,False,81,81,0,False,PARTIAL_COVERAGE,ACCOUNTED,PARTIAL_COVERAGE,False,,,PARTIAL_COVERAGE,PARTIAL_COVERAGE,,,PARTIAL_COVERAGE,,,PARTIAL_COVERAGE,1.442622950819672131147540984,,2.107255520504731861198738170,3.51,1.62,1.89,0.02333333333333333333333333333,0.3086419753086419753086419753,0.74,POSITIVE,"{'STOP': 47, 'SESSION_FLAT': 13, 'MAX_HOLD': 8, 'TAKE': 13}",Declared conditional M5 model; full fields require full approved-window period coverage; closed diagnostics omit all unknown trades,0.8,1.283178802932683784634494657,0.3333333333333333333333333333,0.3740515274045323585061590240,-1.181818181818181818181818182,-0.2717784107103144548017134669,0.2857142857142857142857142857,0.5037844567797042917432834481,-0.4705882352941176470588235294,-0.4795391198963777387353932112,81,22,33,55.0,5.0,47,0.5802469135802469135802469136,11,38,0.4691358024691358024691358025,8,19,0.2345679012345679012345679012,9,10,0.1234567901234567901234567901,5
MOMENTUM_USDRUBF,ALL,di_aligned,None,35,35,0,False,PARTIAL_COVERAGE,ACCOUNTED,PARTIAL_COVERAGE,False,,,PARTIAL_COVERAGE,PARTIAL_COVERAGE,,,PARTIAL_COVERAGE,,,PARTIAL_COVERAGE,1.026717557251908396946564885,,1.359813084112149532710280374,0.77,0.70,0.07,0.002,0.3142857142857142857142857143,0.84,POSITIVE,"{'STOP': 23, 'TAKE': 9, 'MAX_HOLD': 3}",Declared conditional M5 model; full fields require full approved-window period coverage; closed diagnostics omit all unknown trades,0.5714285714285714285714285714,1.404898383773614446645909685,0.5714285714285714285714285714,0.4704976177729689297655867226,-1.166666666666666666666666667,0.01023195987874418230226615266,0.2,0.3960457505674757729844737423,-0.2181818181818181818181818182,-0.3158373259562538515616562243,35,10,12,40.0,12.5,20,0.5714285714285714285714285714,3,13,0.3714285714285714285714285714,3,6,0.1714285714285714285714285714,6,4,0.1142857142857142857142857143,2
MOMENTUM_USDRUBF,ALL,di_aligned,True,479,478,1,False,PARTIAL_COVERAGE,UNRESOLVED,UNRESOLVED,False,,,UNRESOLVED,UNRESOLVED,,,UNRESOLVED,,,UNRESOLVED,0.6428801028608164577306332369,,0.9352818371607515657620041754,-1.55,9.56,-11.11,-0.02324267782426778242677824268,0.2405857740585774058577405858,12.27,NEGATIVE,"{'TAKE': 61, 'STOP': 329, 'SESSION_FLAT': 70, 'MAX_HOLD': 18, 'UNKNOWN_PATH_CONDITIONAL_REDUCE_ALL': 1}",Declared conditional M5 model; full fields require full approved-window period coverage; closed diagnostics omit all unknown trades,0.6515151515151515151515151515,1.341877086720986478881149691,0.3333333333333333333333333333,0.3360696365357234755430718149,-1.222222222222222222222222222,-0.4027370892851047219243123100,0.2857142857142857142857142857,0.4680000060587692759055128186,-0.3870967741935483870967741935,-0.4555477541492601377122110025,478,150,224,40.0,5.0,268,0.5606694560669456066945606695,44,200,0.4184100418410041841004184100,34,102,0.2133891213389121338912133891,40,59,0.1234309623430962343096234310,31
MOMENTUM_USDRUBF,ALL,ema_aligned,None,595,594,1,False,PARTIAL_COVERAGE,UNRESOLVED,UNRESOLVED,False,,,UNRESOLVED,UNRESOLVED,,,UNRESOLVED,,,UNRESOLVED,0.7592105263157894736842105263,,1.093301435406698564593301435,2.73,11.88,-9.15,-0.01540404040404040404040404040,0.2542087542087542087542087542,10.18,NEGATIVE,"{'TAKE': 83, 'STOP': 399, 'SESSION_FLAT': 83, 'MAX_HOLD': 29, 'UNKNOWN_PATH_CONDITIONAL_REDUCE_ALL': 1}",Declared conditional M5 model; full fields require full approved-window period coverage; closed diagnostics omit all unknown trades,0.6457680250783699059561128525,1.337586151384268399146785284,0.3333333333333333333333333333,0.3491698259358532910612504103,-1.2,-0.3605458945287196658891931980,0.2857142857142857142857142857,0.4686388994473414837721061852,-0.3846153846153846153846153846,-0.4505955451387749371535695598,594,182,269,40.0,5.0,335,0.5639730639730639730639730640,58,251,0.4225589225589225589225589226,45,127,0.2138047138047138047138047138,55,73,0.1228956228956228956228956229,38
MOMENTUM_USDRUBF,ALL,breakout_entry_class,EXTENDED_GT_1_ATR,52,52,0,False,PARTIAL_COVERAGE,ACCOUNTED,PARTIAL_COVERAGE,False,,,PARTIAL_COVERAGE,PARTIAL_COVERAGE,,,PARTIAL_COVERAGE,,,PARTIAL_COVERAGE,0.5761124121779859484777517564,,0.7806267806267806267806267806,-0.77,1.04,-1.81,-0.03480769230769230769230769231,0.2692307692307692307692307692,2.62,NEGATIVE,"{'TAKE': 11, 'STOP': 35, 'SESSION_FLAT': 5, 'MAX_HOLD': 1}",Declared conditional M5 model; full fields require full approved-window period coverage; closed diagnostics omit all unknown trades,0.746031746031746031746031746,1.196568543171804041369258760,0.4250000000000000000000000000,0.3670495859993941835374060438,-1.166666666666666666666666667,-0.03824424722762318670247059010,0.2222222222222222222222222222,0.2944158533992293583086421960,-0.1551551551551551551551551552,-0.2184307693751836761668332394,52,16,21,17.5,10.0,30,0.5769230769230769230769230769,1,24,0.4615384615384615384615384615,0,9,0.1730769230769230769230769231,6,3,0.05769230769230769230769230769,5
MOMENTUM_USDRUBF,ALL,breakout_entry_class,INSIDE_RANGE,258,258,0,False,PARTIAL_COVERAGE,ACCOUNTED,PARTIAL_COVERAGE,False,,,PARTIAL_COVERAGE,PARTIAL_COVERAGE,,,PARTIAL_COVERAGE,,,PARTIAL_COVERAGE,0.8877862595419847328244274809,,1.406835722160970231532524807,3.69,5.16,-1.47,-0.005697674418604651162790697674,0.2015503875968992248062015504,2.30,NEGATIVE,"{'TAKE': 27, 'STOP': 193, 'SESSION_FLAT': 30, 'MAX_HOLD': 8}",Declared conditional M5 model; full fields require full approved-window period coverage; closed diagnostics omit all unknown trades,0.5,1.670604623058453427810472955,0,0.2587875881908029650847708304,-1.4,-0.5113387758565597142888524562,0.5,0.6706241496255176145737021260,-0.788179465056082830025884383,-0.7595417843625479715698756950,258,78,149,45.0,5.0,133,0.5155038759689922480620155039,44,110,0.4263565891472868217054263566,32,78,0.3023255813953488372093023256,21,55,0.2131782945736434108527131783,16
MOMENTUM_USDRUBF,ALL,breakout_entry_class,PERSISTENT_LE_1_ATR,285,284,1,False,PARTIAL_COVERAGE,UNRESOLVED,UNRESOLVED,False,,,UNRESOLVED,UNRESOLVED,,,UNRESOLVED,,,UNRESOLVED,0.7154629180804653417353368880,,0.9886091127098321342925659472,-0.19,5.68,-5.87,-0.02066901408450704225352112676,0.2992957746478873239436619718,6.29,NEGATIVE,"{'STOP': 171, 'TAKE': 45, 'SESSION_FLAT': 48, 'MAX_HOLD': 20, 'UNKNOWN_PATH_CONDITIONAL_REDUCE_ALL': 1}",Declared conditional M5 model; full fields require full approved-window period coverage; closed diagnostics omit all unknown trades,0.7,1.060875411719157163967911906,0.4444444444444444444444444444,0.4280038745799337758963618130,-1.142857142857142857142857143,-0.2825709729691220758560857592,0.2222222222222222222222222222,0.3175771585649989882538197815,-0.1395348837209302325581395349,-0.2132777859106110869497215086,284,88,99,40.0,15.0,172,0.6056338028169014084507042254,13,117,0.4119718309859154929577464789,13,40,0.1408450704225352112676056338,28,15,0.05281690140845070422535211268,17
MOMENTUM_USDRUBF,ALL,cost_class,NET_RR_GE_1,595,594,1,False,PARTIAL_COVERAGE,UNRESOLVED,UNRESOLVED,False,,,UNRESOLVED,UNRESOLVED,,,UNRESOLVED,,,UNRESOLVED,0.7592105263157894736842105263,,1.093301435406698564593301435,2.73,11.88,-9.15,-0.01540404040404040404040404040,0.2542087542087542087542087542,10.18,NEGATIVE,"{'TAKE': 83, 'STOP': 399, 'SESSION_FLAT': 83, 'MAX_HOLD': 29, 'UNKNOWN_PATH_CONDITIONAL_REDUCE_ALL': 1}",Declared conditional M5 model; full fields require full approved-window period coverage; closed diagnostics omit all unknown trades,0.6457680250783699059561128525,1.337586151384268399146785284,0.3333333333333333333333333333,0.3491698259358532910612504103,-1.2,-0.3605458945287196658891931980,0.2857142857142857142857142857,0.4686388994473414837721061852,-0.3846153846153846153846153846,-0.4505955451387749371535695598,594,182,269,40.0,5.0,335,0.5639730639730639730639730640,58,251,0.4225589225589225589225589226,45,127,0.2138047138047138047138047138,55,73,0.1228956228956228956228956229,38
MOMENTUM_USDRUBF,LONG,ALL,ALL,356,356,0,False,PARTIAL_COVERAGE,ACCOUNTED,PARTIAL_COVERAGE,False,,,PARTIAL_COVERAGE,PARTIAL_COVERAGE,,,PARTIAL_COVERAGE,,,PARTIAL_COVERAGE,0.8122931442080378250591016548,,1.196629213483146067415730337,3.15,7.12,-3.97,-0.01115168539325842696629213483,0.2696629213483146067415730337,4.80,NEGATIVE,"{'TAKE': 52, 'STOP': 230, 'SESSION_FLAT': 58, 'MAX_HOLD': 16}",Declared conditional M5 model; full fields require full approved-window period coverage; closed diagnostics omit all unknown trades,0.7142857142857142857142857145,1.412481286710441624149065834,0.2857142857142857142857142857,0.3292336380261500236212153225,-1.2,-0.2831407276578313329218149531,0.2857142857142857142857142857,0.4754120322398278812634337073,-0.4039278632801435180813898594,-0.4647724192726798071559960289,356,107,161,40.0,5.0,205,0.5758426966292134831460674157,31,157,0.4410112359550561797752808989,24,80,0.2247191011235955056179775281,34,51,0.1432584269662921348314606742,23
MOMENTUM_USDRUBF,LONG,exit_reason,MAX_HOLD,16,16,0,False,PARTIAL_COVERAGE,ACCOUNTED,PARTIAL_COVERAGE,False,,,PARTIAL_COVERAGE,PARTIAL_COVERAGE,,,PARTIAL_COVERAGE,,,PARTIAL_COVERAGE,6,,9.727272727272727272727272727,1.92,0.32,1.60,0.10,0.6875,0.15,POSITIVE,{'MAX_HOLD': 16},Declared conditional M5 model; full fields require full approved-window period coverage; closed diagnostics omit all unknown trades,1.500,2.32909196781479390175042349,0.6125,0.5550432018162996423865989084,0.601190476190476190476190476,1.182369306418219461697722568,0.1500000000000000000000000000,0.1984033855637116506681724073,-0.1433333333333333333333333334,-0.2469387230259239973078747252,16,4,0,90.0,90.0,15,0.9375,0,12,0.75,0,6,0.375,0,3,0.1875,0
MOMENTUM_USDRUBF,LONG,exit_reason,SESSION_FLAT,58,58,0,False,PARTIAL_COVERAGE,ACCOUNTED,PARTIAL_COVERAGE,False,,,PARTIAL_COVERAGE,PARTIAL_COVERAGE,,,PARTIAL_COVERAGE,,,PARTIAL_COVERAGE,2.954954954954954954954954955,,5.897058823529411764705882353,3.33,1.16,2.17,0.03741379310344827586206896552,0.5689655172413793103448275862,0.27,POSITIVE,{'SESSION_FLAT': 58},Declared conditional M5 model; full fields require full approved-window period coverage; closed diagnostics omit all unknown trades,1.225,1.752245889956336203800706843,0.4,0.4107693607947157642898008009,0.2111111111111111111111111111,0.5860232293624788553794638990,0.25,0.2928955808671833012603803676,-0.1959477472673953612370034658,-0.2575712558664355645081819483,58,12,0,40.0,20.0,47,0.8103448275862068965517241379,0,35,0.6034482758620689655172413793,0,18,0.3103448275862068965517241379,0,11,0.1896551724137931034482758621,0
MOMENTUM_USDRUBF,LONG,exit_reason,STOP,230,230,0,False,PARTIAL_COVERAGE,ACCOUNTED,PARTIAL_COVERAGE,False,,,PARTIAL_COVERAGE,PARTIAL_COVERAGE,,,PARTIAL_COVERAGE,,,PARTIAL_COVERAGE,0E+2,,0E+2,-15.12,4.60,-19.72,-0.08573913043478260869565217391,0,19.72,NEGATIVE,{'STOP': 230},Declared conditional M5 model; full fields require full approved-window period coverage; closed diagnostics omit all unknown trades,0.1666666666666666666666666667,0.7359058102312578015902824096,0.2182539682539682539682539682,0.3132520165966457526559828351,-1.333333333333333333333333333,-1.550851644519163700749378498,0.3333333333333333333333333333,0.5497646879974245703145958904,-0.5454545454545454545454545455,-0.5557503211579690619111229978,230,91,161,,5.0,91,0.3956521739130434782608695652,31,58,0.2521739130434782608695652174,24,25,0.1086956521739130434782608696,15,16,0.06956521739130434782608695652,9
MOMENTUM_USDRUBF,LONG,exit_reason,TAKE,52,52,0,False,PARTIAL_COVERAGE,ACCOUNTED,PARTIAL_COVERAGE,False,,,PARTIAL_COVERAGE,PARTIAL_COVERAGE,,,PARTIAL_COVERAGE,,,PARTIAL_COVERAGE,,NO_LOSSES,,13.02,1.04,11.98,0.2303846153846153846153846154,1,0,POSITIVE,{'TAKE': 52},Declared conditional M5 model; full fields require full approved-window period coverage; closed diagnostics omit all unknown trades,2.393939393939393939393939394,3.744024396408148491977975192,0.1503759398496240601503759398,0.2394980224024341671400494929,2.583333333333333333333333334,3.903663903605854070250355081,0.2678571428571428571428571428,0.4353539880510587821852408660,-0.2947072975140336808340016038,-0.3605049035783284694149182375,52,0,0,30.0,,52,1,0,52,1,0,31,0.5961538461538461538461538462,19,21,0.4038461538461538461538461538,14
MOMENTUM_USDRUBF,LONG,time_bucket,11:00,10,10,0,False,PARTIAL_COVERAGE,ACCOUNTED,PARTIAL_COVERAGE,False,,,PARTIAL_COVERAGE,PARTIAL_COVERAGE,,,PARTIAL_COVERAGE,,,PARTIAL_COVERAGE,0.9775280898876404494382022472,,1.246575342465753424657534247,0.18,0.20,-0.02,-0.002,0.2,0.73,NEGATIVE,"{'STOP': 8, 'TAKE': 2}",Declared conditional M5 model; full fields require full approved-window period coverage; closed diagnostics omit all unknown trades,0.875000000000000000000000000,1.410562463851937536148062464,0.6753246753246753246753246755,0.5772786424102213575897786423,-1.174242424242424242424242424,-0.7468809699072856967593809701,0.1742424242424242424242424242,0.3655213207844786792155213208,-0.2410462776659959758551307848,-0.3315474280264723435120478413,10,5,4,45.0,12.5,7,0.7,0,5,0.5,0,1,0.1,2,1,0.1,0
MOMENTUM_USDRUBF,LONG,time_bucket,11:30,22,22,0,False,PARTIAL_COVERAGE,ACCOUNTED,PARTIAL_COVERAGE,False,,,PARTIAL_COVERAGE,PARTIAL_COVERAGE,,,PARTIAL_COVERAGE,,,PARTIAL_COVERAGE,2.698630136986301369863013699,,4.574468085106382978723404255,1.68,0.44,1.24,0.05636363636363636363636363636,0.4090909090909090909090909091,0.22,POSITIVE,"{'TAKE': 6, 'MAX_HOLD': 5, 'STOP': 11}",Declared conditional M5 model; full fields require full approved-window period coverage; closed diagnostics omit all unknown trades,1.178571428571428571428571428,2.064110719746037114091055035,0,0.2111014276353732294211252593,-0.7521739130434782608695652175,0.3605045036340084003418111768,0.4,0.61713172512986509731452768,-0.5727272727272727272727272725,-0.5849591791447631770493406977,22,6,8,45.0,10.0,15,0.6818181818181818181818181818,2,15,0.6818181818181818181818181818,2,7,0.3181818181818181818181818182,3,5,0.2272727272727272727272727273,4
MOMENTUM_USDRUBF,LONG,time_bucket,12:00,37,37,0,False,PARTIAL_COVERAGE,ACCOUNTED,PARTIAL_COVERAGE,False,,,PARTIAL_COVERAGE,PARTIAL_COVERAGE,,,PARTIAL_COVERAGE,,,PARTIAL_COVERAGE,0.7533039647577092511013215859,,1.105263157894736842105263158,0.18,0.74,-0.56,-0.01513513513513513513513513514,0.2432432432432432432432432432,0.80,NEGATIVE,"{'STOP': 27, 'TAKE': 6, 'MAX_HOLD': 1, 'SESSION_FLAT': 3}",Declared conditional M5 model; full fields require full approved-window period coverage; closed diagnostics omit all unknown trades,0.5384615384615384615384615385,1.047063919122742652154416860,0.1111111111111111111111111111,0.2689218064218064218064218064,-1.25,-0.6700814421402656696774343835,0.2857142857142857142857142857,0.4825670046258281552399199454,-0.5161290322580645161290322581,-0.5499519709831818390665819962,37,11,19,75.0,2.5,20,0.5405405405405405405405405405,5,15,0.4054054054054054054054054054,4,5,0.1351351351351351351351351351,4,3,0.08108108108108108108108108108,2
MOMENTUM_USDRUBF,LONG,time_bucket,12:30,29,29,0,False,PARTIAL_COVERAGE,ACCOUNTED,PARTIAL_COVERAGE,False,,,PARTIAL_COVERAGE,PARTIAL_COVERAGE,,,PARTIAL_COVERAGE,,,PARTIAL_COVERAGE,0.6904761904761904761904761905,,1.048387096774193548387096774,0.06,0.58,-0.52,-0.01793103448275862068965517241,0.2413793103448275862068965517,0.81,NEGATIVE,"{'STOP': 21, 'SESSION_FLAT': 5, 'TAKE': 3}",Declared conditional M5 model; full fields require full approved-window period coverage; closed diagnostics omit all unknown trades,1,1.480135291206071605345652532,0.1578947368421052631578947368,0.2864642012554898217330159253,-1.285714285714285714285714286,-0.4198747259999528602069436917,0.5,0.5161390938160448142299321972,-0.6315789473684210526315789473,-0.60365756799950650834829063,29,8,15,45.0,5.0,15,0.5172413793103448275862068966,1,15,0.5172413793103448275862068966,0,8,0.2758620689655172413793103448,1,5,0.1724137931034482758620689655,2
MOMENTUM_USDRUBF,LONG,time_bucket,13:00,31,31,0,False,PARTIAL_COVERAGE,ACCOUNTED,PARTIAL_COVERAGE,False,,,PARTIAL_COVERAGE,PARTIAL_COVERAGE,,,PARTIAL_COVERAGE,,,PARTIAL_COVERAGE,0.2663043478260869565217391304,,0.4469696969696969696969696970,-0.73,0.62,-1.35,-0.04354838709677419354838709677,0.1290322580645161290322580645,1.35,NEGATIVE,"{'SESSION_FLAT': 13, 'STOP': 16, 'TAKE': 2}",Declared conditional M5 model; full fields require full approved-window period coverage; closed diagnostics omit all unknown trades,0.5,1.067613112693757855048177629,0.4,0.3628264208909370199692780339,-1.125,-0.8925484103709910161523064745,0.3333333333333333333333333333,0.4581769305962854349951124145,-0.2105263157894736842105263158,-0.3347562461749285730002350345,31,13,14,27.5,10.0,17,0.5483870967741935483870967742,2,9,0.2903225806451612903225806452,1,4,0.1290322580645161290322580645,2,1,0.03225806451612903225806451613,2
MOMENTUM_USDRUBF,LONG,time_bucket,15:00,10,10,0,False,PARTIAL_COVERAGE,ACCOUNTED,PARTIAL_COVERAGE,False,,,PARTIAL_COVERAGE,PARTIAL_COVERAGE,,,PARTIAL_COVERAGE,,,PARTIAL_COVERAGE,0.8484848484848484848484848485,,1.192307692307692307692307692,0.10,0.20,-0.10,-0.01,0.3,0.27,NEGATIVE,"{'STOP': 7, 'TAKE': 3}",Declared conditional M5 model; full fields require full approved-window period coverage; closed diagnostics omit all unknown trades,1.070707070707070707070707071,2.654141414141414141414141414,0.3125,0.3547979797979797979797979798,-1.190909090909090909090909091,0.8012626262626262626262626258,0.25,0.6737373737373737373737373737,-0.550287356321839080459770115,-0.6020504941995859523202116836,10,4,3,55.0,15.0,7,0.7,2,5,0.5,1,3,0.3,2,3,0.3,0
MOMENTUM_USDRUBF,LONG,time_bucket,15:30,40,40,0,False,PARTIAL_COVERAGE,ACCOUNTED,PARTIAL_COVERAGE,False,,,PARTIAL_COVERAGE,PARTIAL_COVERAGE,,,PARTIAL_COVERAGE,,,PARTIAL_COVERAGE,0.7211155378486055776892430279,,1.052910052910052910052910053,0.10,0.80,-0.70,-0.0175,0.225,1.46,NEGATIVE,"{'TAKE': 9, 'STOP': 30, 'MAX_HOLD': 1}",Declared conditional M5 model; full fields require full approved-window period coverage; closed diagnostics omit all unknown trades,0.9583333333333333333333333335,1.403327922077922077922077922,0.2666666666666666666666666666,0.3118304473304473304473304472,-1.285714285714285714285714286,-0.4796911976911976911976911978,0.4,0.630553391053391053391053391,-0.4531772575250836120401337793,-0.5119795322284386465853724628,40,15,21,35.0,5.0,24,0.6,4,20,0.5,3,13,0.325,5,7,0.175,5
MOMENTUM_USDRUBF,LONG,time_bucket,16:00,43,43,0,False,PARTIAL_COVERAGE,ACCOUNTED,PARTIAL_COVERAGE,False,,,PARTIAL_COVERAGE,PARTIAL_COVERAGE,,,PARTIAL_COVERAGE,,,PARTIAL_COVERAGE,0.8527131782945736434108527132,,1.25,0.48,0.86,-0.38,-0.008837209302325581395348837209,0.2325581395348837209302325581,0.94,NEGATIVE,"{'STOP': 31, 'TAKE': 8, 'MAX_HOLD': 4}",Declared conditional M5 model; full fields require full approved-window period coverage; closed diagnostics omit all unknown trades,0.8571428571428571428571428571,1.460004919960640314877480980,0.4285714285714285714285714286,0.3886533193448738124380719240,-1.285714285714285714285714286,-0.4062532356884002070840576133,0.4,0.4820665720388522606104865449,-0.4137931034482758620689655173,-0.4492016575060731059489096370,43,18,17,57.5,10.0,28,0.6511627906976744186046511628,6,21,0.4883720930232558139534883721,5,11,0.2558139534883720930232558140,5,7,0.1627906976744186046511627907,2
MOMENTUM_USDRUBF,LONG,time_bucket,16:30,29,29,0,False,PARTIAL_COVERAGE,ACCOUNTED,PARTIAL_COVERAGE,False,,,PARTIAL_COVERAGE,PARTIAL_COVERAGE,,,PARTIAL_COVERAGE,,,PARTIAL_COVERAGE,0.8167539267015706806282722513,,1.152317880794701986754966887,0.23,0.58,-0.35,-0.01206896551724137931034482759,0.3103448275862068965517241379,0.88,NEGATIVE,"{'STOP': 20, 'TAKE': 4, 'MAX_HOLD': 5}",Declared conditional M5 model; full fields require full approved-window period coverage; closed diagnostics omit all unknown trades,0.1666666666666666666666666667,1.766152908394287704632532219,0.2857142857142857142857142857,0.2997844151517314935605790179,-1.2,0.2109306818452245738602560192,0.2857142857142857142857142857,0.4595168865783558437231600648,-0.2727272727272727272727272727,-0.4389767781721956291259887745,29,4,16,90.0,5.0,13,0.4482758620689655172413793103,2,10,0.3448275862068965517241379310,2,8,0.2758620689655172413793103448,2,6,0.2068965517241379310344827586,1
MOMENTUM_USDRUBF,LONG,time_bucket,17:00,34,34,0,False,PARTIAL_COVERAGE,ACCOUNTED,PARTIAL_COVERAGE,False,,,PARTIAL_COVERAGE,PARTIAL_COVERAGE,,,PARTIAL_COVERAGE,,,PARTIAL_COVERAGE,1.125,,1.527472527472527472527472527,0.96,0.68,0.28,0.008235294117647058823529411765,0.3823529411764705882352941176,0.89,POSITIVE,"{'TAKE': 6, 'STOP': 21, 'SESSION_FLAT': 7}",Declared conditional M5 model; full fields require full approved-window period coverage; closed diagnostics omit all unknown trades,1.1,1.82211512055802713242159609,0.4,0.4115683528313286098753226779,-1.171428571428571428571428572,0.3564614571318723567858515956,0.2111111111111111111111111111,0.2975249903883121876201460976,-0.4495798319327731092436974790,-0.3935138388203191565561107385,34,13,11,65.0,10.0,26,0.7647058823529411764705882353,0,18,0.5294117647058823529411764706,1,7,0.2058823529411764705882352941,3,6,0.1764705882352941176470588235,1
MOMENTUM_USDRUBF,LONG,time_bucket,17:30,40,40,0,False,PARTIAL_COVERAGE,ACCOUNTED,PARTIAL_COVERAGE,False,,,PARTIAL_COVERAGE,PARTIAL_COVERAGE,,,PARTIAL_COVERAGE,,,PARTIAL_COVERAGE,0.5884955752212389380530973451,,0.9216867469879518072289156627,-0.13,0.80,-0.93,-0.02325,0.225,1.43,NEGATIVE,"{'STOP': 25, 'SESSION_FLAT': 13, 'TAKE': 2}",Declared conditional M5 model; full fields require full approved-window period coverage; closed diagnostics omit all unknown trades,0.2916666666666666666666666666,0.9247264132925897631779984725,0.3750000000000000000000000000,0.36004143323996265172735761,-1.222222222222222222222222222,-0.5526941685765215176979882862,0.2678571428571428571428571428,0.4365739326033443680502504032,-0.3693181818181818181818181818,-0.4246682936746657750790568702,40,6,20,40.0,5.0,16,0.4,6,12,0.3,3,6,0.15,4,3,0.075,3
MOMENTUM_USDRUBF,LONG,time_bucket,18:00,31,31,0,False,PARTIAL_COVERAGE,ACCOUNTED,PARTIAL_COVERAGE,False,,,PARTIAL_COVERAGE,PARTIAL_COVERAGE,,,PARTIAL_COVERAGE,,,PARTIAL_COVERAGE,0.6329113924050632911392405063,,1.032520325203252032520325203,0.04,0.62,-0.58,-0.01870967741935483870967741935,0.3870967741935483870967741935,1.07,NEGATIVE,"{'SESSION_FLAT': 17, 'TAKE': 1, 'STOP': 13}",Declared conditional M5 model; full fields require full approved-window period coverage; closed diagnostics omit all unknown trades,0.5333333333333333333333333333,1.062962422355211729025770771,0.1428571428571428571428571429,0.2407403159775076283615183046,-0.5,-0.1324841640543727830255344487,0.2857142857142857142857142857,0.3675776100349155377618375723,-0.3116883116883116883116883117,-0.3913155700668577726972103252,31,4,13,22.5,5.0,17,0.5483870967741935483870967742,1,12,0.3870967741935483870967741935,2,7,0.2258064516129032258064516129,1,4,0.1290322580645161290322580645,1
MOMENTUM_USDRUBF,LONG,session_half,AM,129,129,0,False,PARTIAL_COVERAGE,ACCOUNTED,PARTIAL_COVERAGE,False,,,PARTIAL_COVERAGE,PARTIAL_COVERAGE,,,PARTIAL_COVERAGE,,,PARTIAL_COVERAGE,0.8367071524966261808367071525,,1.250457038391224862888482633,1.37,2.58,-1.21,-0.009379844961240310077519379845,0.2403100775193798449612403101,1.84,NEGATIVE,"{'TAKE': 19, 'STOP': 83, 'SESSION_FLAT': 21, 'MAX_HOLD': 6}",Declared conditional M5 model; full fields require full approved-window period coverage; closed diagnostics omit all unknown trades,0.6363636363636363636363636364,1.350987251309738295059803791,0.2142857142857142857142857143,0.3094744616567094161186451925,-1.222222222222222222222222222,-0.4974890833628981115105573938,0.3333333333333333333333333333,0.4981287511706016184067316180,-0.4285714285714285714285714285,-0.4993512577615171773703660622,129,43,60,40.0,10.0,74,0.5736434108527131782945736434,10,59,0.4573643410852713178294573643,7,25,0.1937984496124031007751937984,12,15,0.1162790697674418604651162791,10
MOMENTUM_USDRUBF,LONG,session_half,PM,227,227,0,False,PARTIAL_COVERAGE,ACCOUNTED,PARTIAL_COVERAGE,False,,,PARTIAL_COVERAGE,PARTIAL_COVERAGE,,,PARTIAL_COVERAGE,,,PARTIAL_COVERAGE,0.7991266375545851528384279476,,1.168720379146919431279620853,1.78,4.54,-2.76,-0.01215859030837004405286343612,0.2863436123348017621145374449,3.61,NEGATIVE,"{'TAKE': 33, 'STOP': 147, 'SESSION_FLAT': 37, 'MAX_HOLD': 10}",Declared conditional M5 model; full fields require full approved-window period coverage; closed diagnostics omit all unknown trades,0.7142857142857142857142857143,1.447427236343440432309923999,0.3333333333333333333333333333,0.3404624210731008534354512108,-1.2,-0.1613304286007669521379040510,0.2857142857142857142857142857,0.4625025311734410438560089026,-0.4033613445378151260504201681,-0.4451218899111819183557593137,227,64,101,40.0,5.0,131,0.5770925110132158590308370044,21,98,0.4317180616740088105726872247,17,55,0.2422907488986784140969162996,22,36,0.1585903083700440528634361233,13
MOMENTUM_USDRUBF,LONG,net_outcome,LOSS,258,258,0,False,PARTIAL_COVERAGE,ACCOUNTED,PARTIAL_COVERAGE,False,,,PARTIAL_COVERAGE,PARTIAL_COVERAGE,,,PARTIAL_COVERAGE,,,PARTIAL_COVERAGE,0E+2,,0.001872659176029962546816479401,-15.99,5.16,-21.15,-0.08197674418604651162790697674,0,21.15,NEGATIVE,"{'STOP': 230, 'SESSION_FLAT': 23, 'MAX_HOLD': 5}",Declared conditional M5 model; full fields require full approved-window period coverage; closed diagnostics omit all unknown trades,0.25,0.7598238410231362113834010585,0.2928571428571428571428571428,0.3424878371951321454681949538,-1.333333333333333333333333333,-1.43745391736774892666167275,0.3333333333333333333333333333,0.5173911589543838398891036736,-0.505319148936170212765957447,-0.5153606286639449705927884364,258,107,161,,5.0,107,0.4147286821705426356589147287,31,65,0.2519379844961240310077519380,24,29,0.1124031007751937984496124031,15,18,0.06976744186046511627906976744,9
MOMENTUM_USDRUBF,LONG,net_outcome,WIN,96,96,0,False,PARTIAL_COVERAGE,ACCOUNTED,PARTIAL_COVERAGE,False,,,PARTIAL_COVERAGE,PARTIAL_COVERAGE,,,PARTIAL_COVERAGE,,,PARTIAL_COVERAGE,,NO_LOSSES,,19.10,1.92,17.18,0.1789583333333333333333333333,1,0,POSITIVE,"{'TAKE': 52, 'SESSION_FLAT': 33, 'MAX_HOLD': 11}",Declared conditional M5 model; full fields require full approved-window period coverage; closed diagnostics omit all unknown trades,2,3.143841532134875788126562124,0.2678571428571428571428571428,0.2935275674406109188717884369,1.891812865497076023391812866,2.813177204528034047484848402,0.25,0.3551364354216773788721560966,-0.2229102167182662538699690402,-0.3242516449037605350646470005,96,0,0,40.0,,96,1,0,90,0.9375,0,49,0.5104166666666666666666666667,19,32,0.3333333333333333333333333333,14
MOMENTUM_USDRUBF,LONG,net_outcome,ZERO,2,2,0,False,PARTIAL_COVERAGE,ACCOUNTED,PARTIAL_COVERAGE,False,,,PARTIAL_COVERAGE,PARTIAL_COVERAGE,,,PARTIAL_COVERAGE,,,PARTIAL_COVERAGE,,NO_LOSSES,,0.04,0.04,0.00,0.00,0,0,ZERO_NET,{'SESSION_FLAT': 2},Declared conditional M5 model; full fields require full approved-window period coverage; closed diagnostics omit all unknown trades,2.5,2.5,0.3333333333333333333333333334,0.3333333333333333333333333334,0,0,0.8333333333333333333333333335,0.8333333333333333333333333335,-0.6838905775075987841945288755,-0.6838905775075987841945288755,2,0,0,,,2,1,0,2,1,0,2,1,0,1,0.5,0
MOMENTUM_USDRUBF,LONG,adx_regime,NOT_READY,174,174,0,False,PARTIAL_COVERAGE,ACCOUNTED,PARTIAL_COVERAGE,False,,,PARTIAL_COVERAGE,PARTIAL_COVERAGE,,,PARTIAL_COVERAGE,,,PARTIAL_COVERAGE,0.9880478087649402390438247012,,1.445623342175066312997347480,3.36,3.48,-0.12,-0.0006896551724137931034482758621,0.2816091954022988505747126437,1.96,NEGATIVE,"{'TAKE': 38, 'STOP': 118, 'MAX_HOLD': 13, 'SESSION_FLAT': 5}",Declared conditional M5 model; full fields require full approved-window period coverage; closed diagnostics omit all unknown trades,1,1.612750099250927784029654148,0.25,0.3239487457435700806275580807,-1.25,-0.1927706613528601915213562952,0.3333333333333333333333333333,0.5378629926536545982241091345,-0.4529914529914529914529914530,-0.5032569921605451591011751983,174,60,76,50.0,10.0,109,0.6264367816091954022988505747,19,88,0.5057471264367816091954022989,15,46,0.2643678160919540229885057471,21,31,0.1781609195402298850574712644,13
MOMENTUM_USDRUBF,LONG,adx_regime,SUB_25,92,92,0,False,PARTIAL_COVERAGE,ACCOUNTED,PARTIAL_COVERAGE,False,,,PARTIAL_COVERAGE,PARTIAL_COVERAGE,,,PARTIAL_COVERAGE,,,PARTIAL_COVERAGE,0.8975501113585746102449888641,,1.424615384615384615384615385,1.38,1.84,-0.46,-0.005,0.3152173913043478260869565217,1.00,NEGATIVE,"{'SESSION_FLAT': 29, 'TAKE': 9, 'STOP': 52, 'MAX_HOLD': 2}",Declared conditional M5 model; full fields require full approved-window period coverage; closed diagnostics omit all unknown trades,0.5,1.388346020799917690481696404,0.2678571428571428571428571428,0.3132140643606067005553155602,-1.183333333333333333333333334,-0.1441354749355818901137774882,0.3333333333333333333333333333,0.4408234026271374033083432795,-0.4093023255813953488372093023,-0.4452607136360638662519159620,92,20,38,35.0,5.0,49,0.5326086956521739130434782609,6,35,0.3804347826086956521739130435,3,20,0.2173913043478260869565217391,4,12,0.1304347826086956521739130435,4
MOMENTUM_USDRUBF,LONG,adx_regime,TREND_25_PLUS,90,90,0,False,PARTIAL_COVERAGE,ACCOUNTED,PARTIAL_COVERAGE,False,,,PARTIAL_COVERAGE,PARTIAL_COVERAGE,,,PARTIAL_COVERAGE,,,PARTIAL_COVERAGE,0.4879154078549848942598187311,,0.6959847036328871892925430210,-1.59,1.80,-3.39,-0.03766666666666666666666666667,0.2,3.39,NEGATIVE,"{'STOP': 60, 'SESSION_FLAT': 24, 'TAKE': 5, 'MAX_HOLD': 1}",Declared conditional M5 model; full fields require full approved-window period coverage; closed diagnostics omit all unknown trades,0.577777777777777777777777778,1.049966520951815069462128286,0.3333333333333333333333333333,0.3558266606305821992096501898,-1.181818181818181818181818182,-0.5999504475190749700553622121,0.2361111111111111111111111111,0.3900307745994020503824425391,-0.3137388926862611073137388927,-0.4103142107846808663194870359,90,27,47,40.0,5.0,47,0.5222222222222222222222222222,6,34,0.3777777777777777777777777778,6,14,0.1555555555555555555555555556,9,8,0.08888888888888888888888888889,6
MOMENTUM_USDRUBF,LONG,di_aligned,False,48,48,0,False,PARTIAL_COVERAGE,ACCOUNTED,PARTIAL_COVERAGE,False,,,PARTIAL_COVERAGE,PARTIAL_COVERAGE,,,PARTIAL_COVERAGE,,,PARTIAL_COVERAGE,1.141732283464566929133858268,,1.717391304347826086956521739,1.32,0.96,0.36,0.0075,0.2708333333333333333333333333,0.51,POSITIVE,"{'STOP': 30, 'MAX_HOLD': 4, 'TAKE': 7, 'SESSION_FLAT': 7}",Declared conditional M5 model; full fields require full approved-window period coverage; closed diagnostics omit all unknown trades,0.4642857142857142857142857143,1.233488141098729670542835168,0.0777777777777777777777777778,0.2728091912151004895654242806,-1.2,-0.35945342922876070002197341,0.2857142857142857142857142857,0.5743477343183730315241958802,-0.6199346405228758169934640525,-0.5795396295275791648975079096,48,11,25,75.0,0.0,24,0.5,8,19,0.3958333333333333333333333333,6,10,0.2083333333333333333333333333,4,8,0.1666666666666666666666666667,4
MOMENTUM_USDRUBF,LONG,di_aligned,None,16,16,0,False,PARTIAL_COVERAGE,ACCOUNTED,PARTIAL_COVERAGE,False,,,PARTIAL_COVERAGE,PARTIAL_COVERAGE,,,PARTIAL_COVERAGE,,,PARTIAL_COVERAGE,1.349056603773584905660377358,,1.821428571428571428571428571,0.69,0.32,0.37,0.023125,0.3125,0.43,POSITIVE,"{'STOP': 11, 'TAKE': 5}",Declared conditional M5 model; full fields require full approved-window period coverage; closed diagnostics omit all unknown trades,0.9722222222222222222222222225,2.306436947555368608000186948,0.4375,0.3983961031658400079452711031,-1.181818181818181818181818182,0.3368159161744688060477534161,0.2361111111111111111111111111,0.5967093031237768079873343031,-0.4078365283336844322730145354,-0.502150232357461075245337351,16,6,5,50.0,15.0,11,0.6875,2,8,0.5,1,4,0.25,4,4,0.25,0
MOMENTUM_USDRUBF,LONG,di_aligned,True,292,292,0,False,PARTIAL_COVERAGE,ACCOUNTED,PARTIAL_COVERAGE,False,,,PARTIAL_COVERAGE,PARTIAL_COVERAGE,,,PARTIAL_COVERAGE,,,PARTIAL_COVERAGE,0.7321937321937321937321937322,,1.085457271364317841079460270,1.14,5.84,-4.70,-0.01609589041095890410958904110,0.2671232876712328767123287671,5.63,NEGATIVE,"{'TAKE': 40, 'STOP': 189, 'SESSION_FLAT': 51, 'MAX_HOLD': 12}",Declared conditional M5 model; full fields require full approved-window period coverage; closed diagnostics omit all unknown trades,0.7490196078431372549019607845,1.392920945668809233845919033,0.3333333333333333333333333333,0.3347191654394902218592053136,-1.211111111111111111111111111,-0.3045664010342429514242310081,0.3333333333333333333333333333,0.4525022033565629838658344137,-0.3789578658688606332585390177,-0.4438584771439412131114000308,292,90,131,40.0,7.5,170,0.5821917808219178082191780822,21,130,0.4452054794520547945205479452,17,66,0.2260273972602739726027397260,26,39,0.1335616438356164383561643836,19
MOMENTUM_USDRUBF,LONG,ema_aligned,None,356,356,0,False,PARTIAL_COVERAGE,ACCOUNTED,PARTIAL_COVERAGE,False,,,PARTIAL_COVERAGE,PARTIAL_COVERAGE,,,PARTIAL_COVERAGE,,,PARTIAL_COVERAGE,0.8122931442080378250591016548,,1.196629213483146067415730337,3.15,7.12,-3.97,-0.01115168539325842696629213483,0.2696629213483146067415730337,4.80,NEGATIVE,"{'TAKE': 52, 'STOP': 230, 'SESSION_FLAT': 58, 'MAX_HOLD': 16}",Declared conditional M5 model; full fields require full approved-window period coverage; closed diagnostics omit all unknown trades,0.7142857142857142857142857145,1.412481286710441624149065834,0.2857142857142857142857142857,0.3292336380261500236212153225,-1.2,-0.2831407276578313329218149531,0.2857142857142857142857142857,0.4754120322398278812634337073,-0.4039278632801435180813898594,-0.4647724192726798071559960289,356,107,161,40.0,5.0,205,0.5758426966292134831460674157,31,157,0.4410112359550561797752808989,24,80,0.2247191011235955056179775281,34,51,0.1432584269662921348314606742,23
MOMENTUM_USDRUBF,LONG,breakout_entry_class,EXTENDED_GT_1_ATR,33,33,0,False,PARTIAL_COVERAGE,ACCOUNTED,PARTIAL_COVERAGE,False,,,PARTIAL_COVERAGE,PARTIAL_COVERAGE,,,PARTIAL_COVERAGE,,,PARTIAL_COVERAGE,0.5230769230769230769230769231,,0.7238095238095238095238095238,-0.58,0.66,-1.24,-0.03757575757575757575757575758,0.2424242424242424242424242424,1.66,NEGATIVE,"{'TAKE': 7, 'STOP': 22, 'SESSION_FLAT': 3, 'MAX_HOLD': 1}",Declared conditional M5 model; full fields require full approved-window period coverage; closed diagnostics omit all unknown trades,0.6,0.8471243823516550789278062003,0.4666666666666666666666666667,0.3887237218119571060747531336,-1.166666666666666666666666667,-0.3158360405686608895165044897,0.25,0.2920112121983779737790432978,-0.1666666666666666666666666667,-0.1949947474197904104510092342,33,10,14,17.5,10.0,18,0.5454545454545454545454545455,0,13,0.3939393939393939393939393939,0,3,0.09090909090909090909090909091,5,2,0.06060606060606060606060606061,4
MOMENTUM_USDRUBF,LONG,breakout_entry_class,INSIDE_RANGE,161,161,0,False,PARTIAL_COVERAGE,ACCOUNTED,PARTIAL_COVERAGE,False,,,PARTIAL_COVERAGE,PARTIAL_COVERAGE,,,PARTIAL_COVERAGE,,,PARTIAL_COVERAGE,0.8982412060301507537688442211,,1.442201834862385321100917431,2.41,3.22,-0.81,-0.005031055900621118012422360248,0.2049689440993788819875776398,1.74,NEGATIVE,"{'TAKE': 17, 'STOP': 118, 'SESSION_FLAT': 22, 'MAX_HOLD': 4}",Declared conditional M5 model; full fields require full approved-window period coverage; closed diagnostics omit all unknown trades,0.5,1.663530786795309995894577554,0,0.2319719425218146445767929144,-1.4,-0.4795507657811274910288428740,0.5,0.6869899008554470739344688938,-0.8275862068965517241379310345,-0.7727464066534478024994476006,161,47,96,50.0,5.0,82,0.5093167701863354037267080745,28,66,0.4099378881987577639751552795,21,50,0.3105590062111801242236024845,14,37,0.2298136645962732919254658385,11
MOMENTUM_USDRUBF,LONG,breakout_entry_class,PERSISTENT_LE_1_ATR,162,162,0,False,PARTIAL_COVERAGE,ACCOUNTED,PARTIAL_COVERAGE,False,,,PARTIAL_COVERAGE,PARTIAL_COVERAGE,,,PARTIAL_COVERAGE,,,PARTIAL_COVERAGE,0.8186968838526912181303116147,,1.155844155844155844155844156,1.32,3.24,-1.92,-0.01185185185185185185185185185,0.3395061728395061728395061728,2.02,NEGATIVE,"{'STOP': 90, 'TAKE': 28, 'MAX_HOLD': 11, 'SESSION_FLAT': 33}",Declared conditional M5 model; full fields require full approved-window period coverage; closed diagnostics omit all unknown trades,0.888888888888888888888888889,1.278146770230047476872980531,0.4,0.4137766022932263341470502596,-1.142857142857142857142857143,-0.08128294084358406858319612636,0.2222222222222222222222222222,0.3024996261549708252569412289,-0.1446623093681917211328976034,-0.2136542168210853802483964069,162,50,51,40.0,15.0,105,0.6481481481481481481481481481,3,78,0.4814814814814814814814814815,3,27,0.1666666666666666666666666667,15,12,0.07407407407407407407407407407,8
MOMENTUM_USDRUBF,LONG,cost_class,NET_RR_GE_1,356,356,0,False,PARTIAL_COVERAGE,ACCOUNTED,PARTIAL_COVERAGE,False,,,PARTIAL_COVERAGE,PARTIAL_COVERAGE,,,PARTIAL_COVERAGE,,,PARTIAL_COVERAGE,0.8122931442080378250591016548,,1.196629213483146067415730337,3.15,7.12,-3.97,-0.01115168539325842696629213483,0.2696629213483146067415730337,4.80,NEGATIVE,"{'TAKE': 52, 'STOP': 230, 'SESSION_FLAT': 58, 'MAX_HOLD': 16}",Declared conditional M5 model; full fields require full approved-window period coverage; closed diagnostics omit all unknown trades,0.7142857142857142857142857145,1.412481286710441624149065834,0.2857142857142857142857142857,0.3292336380261500236212153225,-1.2,-0.2831407276578313329218149531,0.2857142857142857142857142857,0.4754120322398278812634337073,-0.4039278632801435180813898594,-0.4647724192726798071559960289,356,107,161,40.0,5.0,205,0.5758426966292134831460674157,31,157,0.4410112359550561797752808989,24,80,0.2247191011235955056179775281,34,51,0.1432584269662921348314606742,23
MOMENTUM_USDRUBF,SHORT,ALL,ALL,239,238,1,False,PARTIAL_COVERAGE,UNRESOLVED,UNRESOLVED,False,,,UNRESOLVED,UNRESOLVED,,,UNRESOLVED,,,UNRESOLVED,0.6925816023738872403560830861,,0.9682779456193353474320241692,-0.42,4.76,-5.18,-0.02176470588235294117647058824,0.2310924369747899159663865546,5.83,NEGATIVE,"{'TAKE': 31, 'STOP': 169, 'SESSION_FLAT': 25, 'MAX_HOLD': 13, 'UNKNOWN_PATH_CONDITIONAL_REDUCE_ALL': 1}",Declared conditional M5 model; full fields require full approved-window period coverage; closed diagnostics omit all unknown trades,0.594117647058823529411764706,1.225558133837555507966903454,0.4,0.3789903423049892709295381873,-1.2,-0.4763284130414770042773724223,0.2857142857142857142857142857,0.4585500489279893603122208393,-0.3529411764705882352941176470,-0.4294785276004061768152272042,238,75,108,40.0,10.0,130,0.5462184873949579831932773109,27,94,0.3949579831932773109243697479,21,47,0.1974789915966386554621848739,21,22,0.09243697478991596638655462185,15
MOMENTUM_USDRUBF,SHORT,exit_reason,MAX_HOLD,13,13,0,False,PARTIAL_COVERAGE,ACCOUNTED,PARTIAL_COVERAGE,False,,,PARTIAL_COVERAGE,PARTIAL_COVERAGE,,,PARTIAL_COVERAGE,,,PARTIAL_COVERAGE,16.72727272727272727272727273,,50.75,1.99,0.26,1.73,0.1330769230769230769230769231,0.6923076923076923076923076923,0.09,POSITIVE,{'MAX_HOLD': 13},Declared conditional M5 model; full fields require full approved-window period coverage; closed diagnostics omit all unknown trades,1.818181818181818181818181818,1.944486379345133612189467332,0.6111111111111111111111111111,0.5813197613635450671021838094,0.8888888888888888888888888889,0.8735916711959357781353526669,0.2,0.1997699404219960297732028796,-0.1935483870967741935483870968,-0.1894085984049216494113874698,13,4,0,90.0,90.0,13,1,0,11,0.8461538461538461538461538462,0,5,0.3846153846153846153846153846,0,1,0.07692307692307692307692307692,0
MOMENTUM_USDRUBF,SHORT,exit_reason,SESSION_FLAT,25,25,0,False,PARTIAL_COVERAGE,ACCOUNTED,PARTIAL_COVERAGE,False,,,PARTIAL_COVERAGE,PARTIAL_COVERAGE,,,PARTIAL_COVERAGE,,,PARTIAL_COVERAGE,2.448979591836734693877551020,,4.666666666666666666666666667,1.21,0.50,0.71,0.0284,0.6,0.11,POSITIVE,{'SESSION_FLAT': 25},Declared conditional M5 model; full fields require full approved-window period coverage; closed diagnostics omit all unknown trades,1.166666666666666666666666667,1.366470085470085470085470085,0.6666666666666666666666666667,0.5722503052503052503052503056,0.3333333333333333333333333333,0.3970634920634920634920634920,0.2222222222222222222222222222,0.2515616605616605616605616606,-0.1428571428571428571428571429,-0.1908103278610641707550636540,25,5,0,40.0,35.0,21,0.84,0,15,0.6,0,6,0.24,0,2,0.08,0
MOMENTUM_USDRUBF,SHORT,exit_reason,STOP,169,169,0,False,PARTIAL_COVERAGE,ACCOUNTED,PARTIAL_COVERAGE,False,,,PARTIAL_COVERAGE,PARTIAL_COVERAGE,,,PARTIAL_COVERAGE,,,PARTIAL_COVERAGE,0E+2,,0E+2,-12.87,3.38,-16.25,-0.09615384615384615384615384615,0,16.25,NEGATIVE,{'STOP': 169},Declared conditional M5 model; full fields require full approved-window period coverage; closed diagnostics omit all unknown trades,0.1176470588235294117647058824,0.7485253386468483895314107811,0.3333333333333333333333333333,0.3533514967415680605351364344,-1.333333333333333333333333333,-1.527525542928164176024866560,0.3333333333333333333333333333,0.5266802343905479461009443285,-0.5106382978723404255319148936,-0.5053801740900011867251800923,169,66,108,,5.0,66,0.3905325443786982248520710059,26,39,0.2307692307692307692307692308,19,17,0.1005917159763313609467455621,12,8,0.04733727810650887573964497041,7
MOMENTUM_USDRUBF,SHORT,exit_reason,TAKE,31,31,0,False,PARTIAL_COVERAGE,ACCOUNTED,PARTIAL_COVERAGE,False,,,PARTIAL_COVERAGE,PARTIAL_COVERAGE,,,PARTIAL_COVERAGE,,,PARTIAL_COVERAGE,,NO_LOSSES,,9.25,0.62,8.63,0.2783870967741935483870967742,1,0,POSITIVE,{'TAKE': 31},Declared conditional M5 model; full fields require full approved-window period coverage; closed diagnostics omit all unknown trades,2,3.411031566251030946926282990,0.1875,0.2780607738799589393816898062,2.529411764705882352941176471,3.983947594317862968616988390,0.25,0.3693048820083674772579196829,-0.2696629213483146067415730337,-0.3293692016522718684546361455,31,0,0,25.0,,30,0.9677419354838709677419354839,1,29,0.9354838709677419354838709677,2,19,0.6129032258064516129032258065,9,11,0.3548387096774193548387096774,8
MOMENTUM_USDRUBF,SHORT,exit_reason,UNKNOWN_PATH_CONDITIONAL_REDUCE_ALL,1,0,1,False,PARTIAL_COVERAGE,UNRESOLVED,UNRESOLVED,False,,,UNRESOLVED,UNRESOLVED,,,UNRESOLVED,,,UNRESOLVED,,NO_CLOSED_TRADES,,,,,,,,NO_CLOSED_TRADES,{'UNKNOWN_PATH_CONDITIONAL_REDUCE_ALL': 1},Declared conditional M5 model; full fields require full approved-window period coverage; closed diagnostics omit all unknown trades,,,,,,,0.25,0.25,0.2068965517241379310344827586,0.2068965517241379310344827586,0,0,0,,,0,,0,0,,0,0,,0,0,,0
MOMENTUM_USDRUBF,SHORT,time_bucket,11:00,12,12,0,False,PARTIAL_COVERAGE,ACCOUNTED,PARTIAL_COVERAGE,False,,,PARTIAL_COVERAGE,PARTIAL_COVERAGE,,,PARTIAL_COVERAGE,,,PARTIAL_COVERAGE,0.8333333333333333333333333333,,1.038461538461538461538461538,0.04,0.24,-0.20,-0.01666666666666666666666666667,0.3333333333333333333333333333,0.47,NEGATIVE,"{'STOP': 8, 'TAKE': 2, 'MAX_HOLD': 2}",Declared conditional M5 model; full fields require full approved-window period coverage; closed diagnostics omit all unknown trades,0.1583333333333333333333333334,0.4820932448214395476058762062,0.625000000000000000000000000,0.5416851523786107964606950408,-1.138095238095238095238095238,-0.3050912327661820562429081698,0.1547619047619047619047619048,0.192457542926609863729539186,-0.1316037735849056603773584906,-0.1555158721722986125477227403,12,2,5,50.0,7.5,5,0.4166666666666666666666666667,1,2,0.1666666666666666666666666667,2,0,0,1,0,0,1
MOMENTUM_USDRUBF,SHORT,time_bucket,11:30,35,35,0,False,PARTIAL_COVERAGE,ACCOUNTED,PARTIAL_COVERAGE,False,,,PARTIAL_COVERAGE,PARTIAL_COVERAGE,,,PARTIAL_COVERAGE,,,PARTIAL_COVERAGE,0.4123711340206185567010309278,,0.5683760683760683760683760684,-1.01,0.70,-1.71,-0.04885714285714285714285714286,0.1714285714285714285714285714,1.88,NEGATIVE,"{'MAX_HOLD': 3, 'STOP': 28, 'TAKE': 4}",Declared conditional M5 model; full fields require full approved-window period coverage; closed diagnostics omit all unknown trades,0.6,1.129940062647379720550452258,0.48,0.4129225706542779713511420829,-1.222222222222222222222222222,-0.5664190335409847604969556186,0.25,0.4777651980230377442920996923,-0.3564356435643564356435643564,-0.4362487461344356664880160623,35,15,14,45.0,15.0,21,0.6,4,13,0.3714285714285714285714285714,3,7,0.2,2,2,0.05714285714285714285714285714,3
MOMENTUM_USDRUBF,SHORT,time_bucket,12:00,21,21,0,False,PARTIAL_COVERAGE,ACCOUNTED,PARTIAL_COVERAGE,False,,,PARTIAL_COVERAGE,PARTIAL_COVERAGE,,,PARTIAL_COVERAGE,,,PARTIAL_COVERAGE,1.506756756756756756756756757,,1.959016393442622950819672131,1.17,0.42,0.75,0.03571428571428571428571428571,0.3809523809523809523809523810,0.48,POSITIVE,"{'TAKE': 6, 'STOP': 13, 'MAX_HOLD': 1, 'SESSION_FLAT': 1}",Declared conditional M5 model; full fields require full approved-window period coverage; closed diagnostics omit all unknown trades,1.142857142857142857142857143,1.662153020943379191941774870,0.5714285714285714285714285714,0.4822390316695933679569239057,-1.125,-0.02912809543725067829446422995,0.2222222222222222222222222222,0.3751408546079045857904769891,-0.3934426229508196721311475410,-0.3816161930348212876387176755,21,5,6,45.0,15.0,13,0.6190476190476190476190476190,3,11,0.5238095238095238095238095238,2,6,0.2857142857142857142857142857,1,4,0.1904761904761904761904761905,0
MOMENTUM_USDRUBF,SHORT,time_bucket,12:30,25,25,0,False,PARTIAL_COVERAGE,ACCOUNTED,PARTIAL_COVERAGE,False,,,PARTIAL_COVERAGE,PARTIAL_COVERAGE,,,PARTIAL_COVERAGE,,,PARTIAL_COVERAGE,0.2835051546391752577319587629,,0.4144736842105263157894736842,-0.89,0.50,-1.39,-0.0556,0.16,1.50,NEGATIVE,"{'STOP': 19, 'TAKE': 2, 'SESSION_FLAT': 4}",Declared conditional M5 model; full fields require full approved-window period coverage; closed diagnostics omit all unknown trades,0.5,1.347785714285714285714285714,0.5,0.4030396825396825396825396824,-1.222222222222222222222222222,-0.7900555555555555555555555556,0.2857142857142857142857142857,0.508031746031746031746031746,-0.2051282051282051282051282051,-0.403408723919912204835003928,25,9,12,52.5,10.0,13,0.52,3,7,0.28,1,6,0.24,1,3,0.12,2
MOMENTUM_USDRUBF,SHORT,time_bucket,13:00,17,17,0,False,PARTIAL_COVERAGE,ACCOUNTED,PARTIAL_COVERAGE,False,,,PARTIAL_COVERAGE,PARTIAL_COVERAGE,,,PARTIAL_COVERAGE,,,PARTIAL_COVERAGE,0.8428571428571428571428571429,,1.46,0.23,0.34,-0.11,-0.006470588235294117647058823529,0.3529411764705882352941176471,0.38,NEGATIVE,"{'SESSION_FLAT': 6, 'STOP': 9, 'TAKE': 2}",Declared conditional M5 model; full fields require full approved-window period coverage; closed diagnostics omit all unknown trades,0.625,1.316596638655462184873949579,0.07142857142857142857142857143,0.2726890756302521008403361344,-1.142857142857142857142857143,-0.04537815126050420168067226894,0.2857142857142857142857142857,0.5054621848739495798319327732,-0.4705882352941176470588235294,-0.4856497589146186558068477853,17,3,8,17.5,5.0,10,0.5882352941176470588235294118,2,7,0.4117647058823529411764705882,2,3,0.1764705882352941176470588235,2,1,0.05882352941176470588235294118,0
MOMENTUM_USDRUBF,SHORT,time_bucket,15:00,9,9,0,False,PARTIAL_COVERAGE,ACCOUNTED,PARTIAL_COVERAGE,False,,,PARTIAL_COVERAGE,PARTIAL_COVERAGE,,,PARTIAL_COVERAGE,,,PARTIAL_COVERAGE,0.2238805970149253731343283582,,0.3333333333333333333333333333,-0.34,0.18,-0.52,-0.05777777777777777777777777778,0.1111111111111111111111111111,0.52,NEGATIVE,"{'STOP': 7, 'MAX_HOLD': 1, 'TAKE': 1}",Declared conditional M5 model; full fields require full approved-window period coverage; closed diagnostics omit all unknown trades,0.3,0.5629629629629629629629629629,0.6666666666666666666666666667,0.5592592592592592592592592592,-1.222222222222222222222222222,-0.7749559082892416225749559083,0.2857142857142857142857142857,0.3058201058201058201058201058,-0.2,-0.3371245775418545564038618794,9,3,4,5.0,12.5,4,0.4444444444444444444444444444,0,2,0.2222222222222222222222222222,0,1,0.1111111111111111111111111111,1,0,0,1
MOMENTUM_USDRUBF,SHORT,time_bucket,15:30,28,27,1,False,PARTIAL_COVERAGE,UNRESOLVED,UNRESOLVED,False,,,UNRESOLVED,UNRESOLVED,,,UNRESOLVED,,,UNRESOLVED,0.6556603773584905660377358491,,0.8882352941176470588235294118,-0.19,0.54,-0.73,-0.02703703703703703703703703704,0.2222222222222222222222222222,1.28,NEGATIVE,"{'STOP': 21, 'UNKNOWN_PATH_CONDITIONAL_REDUCE_ALL': 1, 'TAKE': 4, 'MAX_HOLD': 2}",Declared conditional M5 model; full fields require full approved-window period coverage; closed diagnostics omit all unknown trades,0.3076923076923076923076923077,0.9448869092451467930395133459,0.3333333333333333333333333333,0.3886195991464190697907173004,-1.2,-0.5705820864249983023929384081,0.2857142857142857142857142857,0.514147778193344695807749995,-0.3664302600472813238770685579,-0.4155398073217580990199681746,27,6,13,35.0,5.0,12,0.4444444444444444444444444444,3,11,0.4074074074074074074074074074,2,5,0.1851851851851851851851851852,3,1,0.03703703703703703703703703704,3
MOMENTUM_USDRUBF,SHORT,time_bucket,16:00,18,18,0,False,PARTIAL_COVERAGE,ACCOUNTED,PARTIAL_COVERAGE,False,,,PARTIAL_COVERAGE,PARTIAL_COVERAGE,,,PARTIAL_COVERAGE,,,PARTIAL_COVERAGE,0.9473684210526315789473684211,,1.276190476190476190476190476,0.29,0.36,-0.07,-0.003888888888888888888888888889,0.2222222222222222222222222222,0.53,NEGATIVE,"{'STOP': 12, 'TAKE': 3, 'MAX_HOLD': 3}",Declared conditional M5 model; full fields require full approved-window period coverage; closed diagnostics omit all unknown trades,1.071428571428571428571428572,2.745022755022755022755022756,0.527777777777777777777777778,0.4575848225848225848225848227,-1.176923076923076923076923077,0.3327597094263760930427597092,0.2678571428571428571428571428,0.4008020991354324687658020991,-0.4480519480519480519480519482,-0.4949320092374591391931886382,18,10,6,50.0,15.0,14,0.7777777777777777777777777778,1,10,0.5555555555555555555555555556,1,6,0.3333333333333333333333333333,1,4,0.2222222222222222222222222222,0
MOMENTUM_USDRUBF,SHORT,time_bucket,16:30,22,22,0,False,PARTIAL_COVERAGE,ACCOUNTED,PARTIAL_COVERAGE,False,,,PARTIAL_COVERAGE,PARTIAL_COVERAGE,,,PARTIAL_COVERAGE,,,PARTIAL_COVERAGE,0.7322834645669291338582677165,,1.107526881720430107526881720,0.10,0.44,-0.34,-0.01545454545454545454545454545,0.2272727272727272727272727273,0.61,NEGATIVE,"{'STOP': 17, 'TAKE': 4, 'MAX_HOLD': 1}",Declared conditional M5 model; full fields require full approved-window period coverage; closed diagnostics omit all unknown trades,0.88125,1.345260232192050373868555686,0,0.2147186147186147186147186147,-1.4,-0.7193665551620097074642529186,0.4,0.5138741309195854650400104945,-0.5413839891451831750339213025,-0.5121026762958633361766852036,22,8,10,35.0,10.0,13,0.5909090909090909090909090909,3,11,0.5,2,7,0.3181818181818181818181818182,4,4,0.1818181818181818181818181818,2
MOMENTUM_USDRUBF,SHORT,time_bucket,17:00,24,24,0,False,PARTIAL_COVERAGE,ACCOUNTED,PARTIAL_COVERAGE,False,,,PARTIAL_COVERAGE,PARTIAL_COVERAGE,,,PARTIAL_COVERAGE,,,PARTIAL_COVERAGE,0.7880794701986754966887417219,,1.146788990825688073394495413,0.16,0.48,-0.32,-0.01333333333333333333333333333,0.125,1.13,NEGATIVE,"{'STOP': 21, 'SESSION_FLAT': 2, 'TAKE': 1}",Declared conditional M5 model; full fields require full approved-window period coverage; closed diagnostics omit all unknown trades,0.05555555555555555555555555555,0.993956320450885668276972625,0,0.2430127818035426731078904992,-1.4,-0.9885768921095008051529790654,0.4,0.6754981884057971014492753617,-0.757325746799431009957325747,-0.7159927393916708739062599112,24,8,18,85.0,0.0,11,0.4583333333333333333333333333,4,9,0.375,4,3,0.125,4,2,0.08333333333333333333333333333,1
MOMENTUM_USDRUBF,SHORT,time_bucket,17:30,16,16,0,False,PARTIAL_COVERAGE,ACCOUNTED,PARTIAL_COVERAGE,False,,,PARTIAL_COVERAGE,PARTIAL_COVERAGE,,,PARTIAL_COVERAGE,,,PARTIAL_COVERAGE,0.6565656565656565656565656566,,0.9740259740259740259740259740,-0.02,0.32,-0.34,-0.02125,0.3125,0.48,NEGATIVE,"{'SESSION_FLAT': 5, 'STOP': 9, 'TAKE': 2}",Declared conditional M5 model; full fields require full approved-window period coverage; closed diagnostics omit all unknown trades,0.947368421052631578947368421,0.9817404589197352355247092088,0.3508771929824561403508771930,0.3059456533963112910481331534,-1.143540669856459330143540670,-0.4222399356856593698698961858,0.25,0.3703903096172833014938278097,-0.2670537010159651669085631350,-0.2671573619588623646587378499,16,5,8,45.0,5.0,10,0.625,1,8,0.5,1,2,0.125,0,1,0.0625,1
MOMENTUM_USDRUBF,SHORT,time_bucket,18:00,12,12,0,False,PARTIAL_COVERAGE,ACCOUNTED,PARTIAL_COVERAGE,False,,,PARTIAL_COVERAGE,PARTIAL_COVERAGE,,,PARTIAL_COVERAGE,,,PARTIAL_COVERAGE,0.7260273972602739726027397260,,1.070175438596491228070175439,0.04,0.24,-0.20,-0.01666666666666666666666666667,0.25,0.48,NEGATIVE,"{'SESSION_FLAT': 7, 'STOP': 5}",Declared conditional M5 model; full fields require full approved-window period coverage; closed diagnostics omit all unknown trades,0.07142857142857142857142857145,0.5183557183557183557183557183,0.550000000000000000000000000,0.4328856328856328856328856328,-0.5714285714285714285714285715,-0.5039583782230841054370466135,0.1944444444444444444444444444,0.2986826354473413296942708708,-0.09599999999999999999999999995,-0.2377210898363000651110921422,12,1,4,25.0,7.5,4,0.3333333333333333333333333333,2,3,0.25,1,1,0.08333333333333333333333333333,1,0,0,1
MOMENTUM_USDRUBF,SHORT,session_half,AM,110,110,0,False,PARTIAL_COVERAGE,ACCOUNTED,PARTIAL_COVERAGE,False,,,PARTIAL_COVERAGE,PARTIAL_COVERAGE,,,PARTIAL_COVERAGE,,,PARTIAL_COVERAGE,0.6767922235722964763061968408,,0.9305135951661631419939577039,-0.46,2.20,-2.66,-0.02418181818181818181818181818,0.2545454545454545454545454545,3.12,NEGATIVE,"{'TAKE': 16, 'STOP': 77, 'SESSION_FLAT': 11, 'MAX_HOLD': 6}",Declared conditional M5 model; full fields require full approved-window period coverage; closed diagnostics omit all unknown trades,0.594117647058823529411764706,1.239227457132838564609344558,0.5,0.4162839801428260771660265615,-1.190909090909090909090909091,-0.4056388039238943259450219181,0.25,0.4382080107849311760670147913,-0.3117408906882591093117408906,-0.3953645512186400089787074255,110,34,45,37.5,10.0,62,0.5636363636363636363636363636,13,40,0.3636363636363636363636363636,10,22,0.2,7,10,0.09090909090909090909090909091,6
MOMENTUM_USDRUBF,SHORT,session_half,PM,129,128,1,False,PARTIAL_COVERAGE,UNRESOLVED,UNRESOLVED,False,,,UNRESOLVED,UNRESOLVED,,,UNRESOLVED,,,UNRESOLVED,0.7076566125290023201856148492,,1.006042296072507552870090634,0.04,2.56,-2.52,-0.0196875,0.2109375,3.04,NEGATIVE,"{'STOP': 92, 'SESSION_FLAT': 14, 'TAKE': 15, 'UNKNOWN_PATH_CONDITIONAL_REDUCE_ALL': 1, 'MAX_HOLD': 7}",Declared conditional M5 model; full fields require full approved-window period coverage; closed diagnostics omit all unknown trades,0.5857142857142857142857142855,1.213811059130671631164805630,0.3333333333333333333333333333,0.3469411222880982655700559905,-1.222222222222222222222222222,-0.5370772958768996184692361372,0.2857142857142857142857142857,0.4758959729259459515290632060,-0.4285714285714285714285714286,-0.4585679648251680253579960074,128,41,63,40.0,5.0,68,0.53125,14,54,0.421875,11,25,0.1953125,14,12,0.09375,9
MOMENTUM_USDRUBF,SHORT,net_outcome,LOSS,181,181,0,False,PARTIAL_COVERAGE,ACCOUNTED,PARTIAL_COVERAGE,False,,,PARTIAL_COVERAGE,PARTIAL_COVERAGE,,,PARTIAL_COVERAGE,,,PARTIAL_COVERAGE,0E+2,,0.0007552870090634441087613293051,-13.23,3.62,-16.85,-0.09309392265193370165745856354,0,16.85,NEGATIVE,"{'STOP': 169, 'SESSION_FLAT': 8, 'MAX_HOLD': 4}",Declared conditional M5 model; full fields require full approved-window period coverage; closed diagnostics omit all unknown trades,0.1428571428571428571428571429,0.7566561643524911288084248923,0.4,0.3700674013957000305366925643,-1.285714285714285714285714286,-1.455594684409839055631634087,0.2857142857142857142857142857,0.5058258145442841072037574825,-0.4285714285714285714285714286,-0.4757683308340264367903868035,181,75,108,,10.0,75,0.4143646408839779005524861878,26,43,0.2375690607734806629834254144,19,18,0.09944751381215469613259668508,12,8,0.04419889502762430939226519337,7
MOMENTUM_USDRUBF,SHORT,net_outcome,UNKNOWN,1,0,1,False,PARTIAL_COVERAGE,UNRESOLVED,UNRESOLVED,False,,,UNRESOLVED,UNRESOLVED,,,UNRESOLVED,,,UNRESOLVED,,NO_CLOSED_TRADES,,,,,,,,NO_CLOSED_TRADES,{'UNKNOWN_PATH_CONDITIONAL_REDUCE_ALL': 1},Declared conditional M5 model; full fields require full approved-window period coverage; closed diagnostics omit all unknown trades,,,,,,,0.25,0.25,0.2068965517241379310344827586,0.2068965517241379310344827586,0,0,0,,,0,,0,0,,0,0,,0,0,,0
MOMENTUM_USDRUBF,SHORT,net_outcome,WIN,55,55,0,False,PARTIAL_COVERAGE,ACCOUNTED,PARTIAL_COVERAGE,False,,,PARTIAL_COVERAGE,PARTIAL_COVERAGE,,,PARTIAL_COVERAGE,,,PARTIAL_COVERAGE,,NO_LOSSES,,12.77,1.10,11.67,0.2121818181818181818181818182,1,0,POSITIVE,"{'TAKE': 31, 'SESSION_FLAT': 15, 'MAX_HOLD': 9}",Declared conditional M5 model; full fields require full approved-window period coverage; closed diagnostics omit all unknown trades,2,2.788995214040072422699359698,0.4,0.3972879118054377143167648685,1.785714285714285714285714286,2.729026828623806219114747876,0.2222222222222222222222222222,0.3137391986898309159528607811,-0.2181818181818181818181818182,-0.2850795134154666259078440033,55,0,0,40.0,,54,0.9818181818181818181818181818,1,50,0.9090909090909090909090909091,2,29,0.5272727272727272727272727273,9,14,0.2545454545454545454545454545,8
MOMENTUM_USDRUBF,SHORT,net_outcome,ZERO,2,2,0,False,PARTIAL_COVERAGE,ACCOUNTED,PARTIAL_COVERAGE,False,,,PARTIAL_COVERAGE,PARTIAL_COVERAGE,,,PARTIAL_COVERAGE,,,PARTIAL_COVERAGE,,NO_LOSSES,,0.04,0.04,0.00,0.00,0,0,ZERO_NET,{'SESSION_FLAT': 2},Declared conditional M5 model; full fields require full approved-window period coverage; closed diagnostics omit all unknown trades,0.6666666666666666666666666665,0.6666666666666666666666666665,0.6833333333333333333333333335,0.6833333333333333333333333335,0,0,0.2666666666666666666666666666,0.2666666666666666666666666666,-0.5294117647058823529411764705,-0.5294117647058823529411764705,2,0,0,,,1,0.5,0,1,0.5,0,0,0,0,0,0,0
MOMENTUM_USDRUBF,SHORT,adx_regime,NOT_READY,129,128,1,False,PARTIAL_COVERAGE,UNRESOLVED,UNRESOLVED,False,,,UNRESOLVED,UNRESOLVED,,,UNRESOLVED,,,UNRESOLVED,0.7407776669990029910269192423,,0.9950495049504950495049504950,-0.04,2.56,-2.60,-0.0203125,0.234375,3.34,NEGATIVE,"{'TAKE': 21, 'STOP': 94, 'MAX_HOLD': 12, 'UNKNOWN_PATH_CONDITIONAL_REDUCE_ALL': 1, 'SESSION_FLAT': 1}",Declared conditional M5 model; full fields require full approved-window period coverage; closed diagnostics omit all unknown trades,0.618181818181818181818181818,1.332978099773133923820558530,0.5,0.4347040686196716720812729894,-1.2,-0.3642614800553750937753416616,0.25,0.4217795399713004759044121595,-0.3364485981308411214953271028,-0.4023143977721473837184538980,128,45,51,40.0,10.0,74,0.578125,13,54,0.421875,10,27,0.2109375,10,12,0.09375,8
MOMENTUM_USDRUBF,SHORT,adx_regime,SUB_25,60,60,0,False,PARTIAL_COVERAGE,ACCOUNTED,PARTIAL_COVERAGE,False,,,PARTIAL_COVERAGE,PARTIAL_COVERAGE,,,PARTIAL_COVERAGE,,,PARTIAL_COVERAGE,0.2567901234567901234567901235,,0.4065573770491803278688524590,-1.81,1.20,-3.01,-0.05016666666666666666666666667,0.15,3.01,NEGATIVE,"{'STOP': 45, 'SESSION_FLAT': 11, 'TAKE': 4}",Declared conditional M5 model; full fields require full approved-window period coverage; closed diagnostics omit all unknown trades,0.2321428571428571428571428572,0.8568952062430323299888517278,0,0.2998073715736759215020084587,-1.25,-0.8735353374483809266417962068,0.3333333333333333333333333333,0.5268254269884704667313362965,-0.5066666666666666666666666665,-0.4843615599680286805540029822,60,19,35,20.0,5.0,29,0.4833333333333333333333333333,7,20,0.3333333333333333333333333333,5,9,0.15,6,3,0.05,4
MOMENTUM_USDRUBF,SHORT,adx_regime,TREND_25_PLUS,50,50,0,False,PARTIAL_COVERAGE,ACCOUNTED,PARTIAL_COVERAGE,False,,,PARTIAL_COVERAGE,PARTIAL_COVERAGE,,,PARTIAL_COVERAGE,,,PARTIAL_COVERAGE,1.155234657039711191335740072,,1.677725118483412322274881517,1.43,1.00,0.43,0.0086,0.32,1.29,POSITIVE,"{'SESSION_FLAT': 13, 'STOP': 30, 'TAKE': 6, 'MAX_HOLD': 1}",Declared conditional M5 model; full fields require full approved-window period coverage; closed diagnostics omit all unknown trades,0.5625,1.392958534155902576955208534,0.3627819548872180451127819548,0.331382767816978343294132768,-1.183333333333333333333333334,-0.2865714521976131883252626288,0.2857142857142857142857142857,0.4714875083636693543814286848,-0.3335907335907335907335907336,-0.4337023437161668585183714004,50,11,22,37.5,5.0,27,0.54,7,20,0.4,6,11,0.22,5,7,0.14,3
MOMENTUM_USDRUBF,SHORT,di_aligned,False,33,33,0,False,PARTIAL_COVERAGE,ACCOUNTED,PARTIAL_COVERAGE,False,,,PARTIAL_COVERAGE,PARTIAL_COVERAGE,,,PARTIAL_COVERAGE,,,PARTIAL_COVERAGE,1.884393063583815028901734104,,2.646616541353383458646616541,2.19,0.66,1.53,0.04636363636363636363636363636,0.3636363636363636363636363636,0.52,POSITIVE,"{'STOP': 17, 'SESSION_FLAT': 6, 'TAKE': 6, 'MAX_HOLD': 4}",Declared conditional M5 model; full fields require full approved-window period coverage; closed diagnostics omit all unknown trades,1.5,1.355456129236617041495090275,0.6666666666666666666666666667,0.5213131073164332587835913779,-1.1,-0.1442511110471199162995171864,0.25,0.4011469621780043066074108203,-0.2962962962962962962962962963,-0.3340838331600847552268627409,33,11,8,52.5,27.5,23,0.6969696969696969696969696970,3,19,0.5757575757575757575757575758,2,9,0.2727272727272727272727272727,5,2,0.06060606060606060606060606061,1
MOMENTUM_USDRUBF,SHORT,di_aligned,None,19,19,0,False,PARTIAL_COVERAGE,ACCOUNTED,PARTIAL_COVERAGE,False,,,PARTIAL_COVERAGE,PARTIAL_COVERAGE,,,PARTIAL_COVERAGE,,,PARTIAL_COVERAGE,0.8076923076923076923076923077,,1.061538461538461538461538462,0.08,0.38,-0.30,-0.01578947368421052631578947368,0.3157894736842105263157894737,0.67,NEGATIVE,"{'STOP': 12, 'TAKE': 4, 'MAX_HOLD': 3}",Declared conditional M5 model; full fields require full approved-window period coverage; closed diagnostics omit all unknown trades,0.3,0.64570801427318988971599199,0.6111111111111111111111111111,0.5312146827052880218247998753,-1.142857142857142857142857143,-0.2647861085808133955886704899,0.2,0.2270659168358538487715385334,-0.1500000000000000000000000000,-0.1589422468815530316175036955,19,4,7,7.5,10.0,9,0.4736842105263157894736842105,1,5,0.2631578947368421052631578947,2,2,0.1052631578947368421052631579,2,0,0,2
MOMENTUM_USDRUBF,SHORT,di_aligned,True,187,186,1,False,PARTIAL_COVERAGE,UNRESOLVED,UNRESOLVED,False,,,UNRESOLVED,UNRESOLVED,,,UNRESOLVED,,,UNRESOLVED,0.5272861356932153392330383481,,0.7464655984919886899151743638,-2.69,3.72,-6.41,-0.03446236559139784946236559140,0.1989247311827956989247311828,6.80,NEGATIVE,"{'TAKE': 21, 'STOP': 140, 'SESSION_FLAT': 19, 'MAX_HOLD': 6, 'UNKNOWN_PATH_CONDITIONAL_REDUCE_ALL': 1}",Declared conditional M5 model; full fields require full approved-window period coverage; closed diagnostics omit all unknown trades,0.5634920634920634920634920635,1.261743716759888390441834383,0.3333333333333333333333333333,0.3381897309448638522940880402,-1.222222222222222222222222222,-0.5568545138509737379782033871,0.2857142857142857142857142857,0.4921997835402892613364544996,-0.4235294117647058823529411765,-0.4738005289383142873562580807,186,60,93,30.0,5.0,98,0.5268817204301075268817204301,23,70,0.3763440860215053763440860215,17,36,0.1935483870967741935483870968,14,20,0.1075268817204301075268817204,12
MOMENTUM_USDRUBF,SHORT,ema_aligned,None,239,238,1,False,PARTIAL_COVERAGE,UNRESOLVED,UNRESOLVED,False,,,UNRESOLVED,UNRESOLVED,,,UNRESOLVED,,,UNRESOLVED,0.6925816023738872403560830861,,0.9682779456193353474320241692,-0.42,4.76,-5.18,-0.02176470588235294117647058824,0.2310924369747899159663865546,5.83,NEGATIVE,"{'TAKE': 31, 'STOP': 169, 'SESSION_FLAT': 25, 'MAX_HOLD': 13, 'UNKNOWN_PATH_CONDITIONAL_REDUCE_ALL': 1}",Declared conditional M5 model; full fields require full approved-window period coverage; closed diagnostics omit all unknown trades,0.594117647058823529411764706,1.225558133837555507966903454,0.4,0.3789903423049892709295381873,-1.2,-0.4763284130414770042773724223,0.2857142857142857142857142857,0.4585500489279893603122208393,-0.3529411764705882352941176470,-0.4294785276004061768152272042,238,75,108,40.0,10.0,130,0.5462184873949579831932773109,27,94,0.3949579831932773109243697479,21,47,0.1974789915966386554621848739,21,22,0.09243697478991596638655462185,15
MOMENTUM_USDRUBF,SHORT,breakout_entry_class,EXTENDED_GT_1_ATR,19,19,0,False,PARTIAL_COVERAGE,ACCOUNTED,PARTIAL_COVERAGE,False,,,PARTIAL_COVERAGE,PARTIAL_COVERAGE,,,PARTIAL_COVERAGE,,,PARTIAL_COVERAGE,0.6586826347305389221556886228,,0.8652482269503546099290780142,-0.19,0.38,-0.57,-0.03,0.3157894736842105263157894737,0.96,NEGATIVE,"{'STOP': 13, 'TAKE': 4, 'SESSION_FLAT': 2}",Declared conditional M5 model; full fields require full approved-window period coverage; closed diagnostics omit all unknown trades,1.583333333333333333333333333,1.803497875122589081399150049,0.4166666666666666666666666667,0.329405034324942791762013730,-1.166666666666666666666666667,0.4438888675226001918692724988,0.2,0.2985923354849186051232087038,-0.1290322580645161290322580645,-0.2591354390871825060943170374,19,6,7,17.5,10.0,12,0.6315789473684210526315789474,1,11,0.5789473684210526315789473684,0,6,0.3157894736842105263157894737,1,1,0.05263157894736842105263157895,1
MOMENTUM_USDRUBF,SHORT,breakout_entry_class,INSIDE_RANGE,97,97,0,False,PARTIAL_COVERAGE,ACCOUNTED,PARTIAL_COVERAGE,False,,,PARTIAL_COVERAGE,PARTIAL_COVERAGE,,,PARTIAL_COVERAGE,,,PARTIAL_COVERAGE,0.8715953307392996108949416342,,1.353591160220994475138121547,1.28,1.94,-0.66,-0.006804123711340206185567010309,0.1958762886597938144329896907,1.28,NEGATIVE,"{'STOP': 75, 'SESSION_FLAT': 8, 'MAX_HOLD': 4, 'TAKE': 10}",Declared conditional M5 model; full fields require full approved-window period coverage; closed diagnostics omit all unknown trades,0.6,1.682345732732330670475000372,0.2,0.3032960310022165692268785054,-1.4,-0.5641003183528956724833013497,0.4,0.6434603769655316047068624389,-0.7346938775510204081632653062,-0.7376248339621884583774934639,97,31,53,45.0,5.0,51,0.5257731958762886597938144330,16,44,0.4536082474226804123711340206,11,28,0.2886597938144329896907216495,7,18,0.1855670103092783505154639175,5
MOMENTUM_USDRUBF,SHORT,breakout_entry_class,PERSISTENT_LE_1_ATR,123,122,1,False,PARTIAL_COVERAGE,UNRESOLVED,UNRESOLVED,False,,,UNRESOLVED,UNRESOLVED,,,UNRESOLVED,,,UNRESOLVED,0.6065737051792828685258964143,,0.8160779537149817295980511571,-1.51,2.44,-3.95,-0.03237704918032786885245901639,0.2459016393442622950819672131,4.34,NEGATIVE,"{'TAKE': 17, 'STOP': 81, 'SESSION_FLAT': 15, 'UNKNOWN_PATH_CONDITIONAL_REDUCE_ALL': 1, 'MAX_HOLD': 9}",Declared conditional M5 model; full fields require full approved-window period coverage; closed diagnostics omit all unknown trades,0.5634920634920634920634920635,0.7723675422210896992906896323,0.5,0.4468958263049059526454476448,-1.148351648351648351648351648,-0.5498550812013938560053326486,0.2222222222222222222222222222,0.3374353719830848614692208020,-0.1008403361344537815126050420,-0.2127819988577912860197594475,122,38,48,37.5,10.0,67,0.5491803278688524590163934426,10,39,0.3196721311475409836065573770,10,13,0.1065573770491803278688524590,13,3,0.02459016393442622950819672131,9
MOMENTUM_USDRUBF,SHORT,cost_class,NET_RR_GE_1,239,238,1,False,PARTIAL_COVERAGE,UNRESOLVED,UNRESOLVED,False,,,UNRESOLVED,UNRESOLVED,,,UNRESOLVED,,,UNRESOLVED,0.6925816023738872403560830861,,0.9682779456193353474320241692,-0.42,4.76,-5.18,-0.02176470588235294117647058824,0.2310924369747899159663865546,5.83,NEGATIVE,"{'TAKE': 31, 'STOP': 169, 'SESSION_FLAT': 25, 'MAX_HOLD': 13, 'UNKNOWN_PATH_CONDITIONAL_REDUCE_ALL': 1}",Declared conditional M5 model; full fields require full approved-window period coverage; closed diagnostics omit all unknown trades,0.594117647058823529411764706,1.225558133837555507966903454,0.4,0.3789903423049892709295381873,-1.2,-0.4763284130414770042773724223,0.2857142857142857142857142857,0.4585500489279893603122208393,-0.3529411764705882352941176470,-0.4294785276004061768152272042,238,75,108,40.0,10.0,130,0.5462184873949579831932773109,27,94,0.3949579831932773109243697479,21,47,0.1974789915966386554621848739,21,22,0.09243697478991596638655462185,15
VWAP_MR_CNYRUBF,ALL,ALL,ALL,367,345,22,False,PARTIAL_COVERAGE,UNRESOLVED,UNRESOLVED,False,,,UNRESOLVED,UNRESOLVED,,,UNRESOLVED,,,UNRESOLVED,0.08329389493610979649787032655,,0.5098383696416022487702037948,-1.395,4.416,-5.811,-0.01684347826086956521739130435,0.1710144927536231884057971014,5.811,NEGATIVE,"{'STOP': 216, 'UNKNOWN_PATH_CONDITIONAL_REDUCE_ALL': 22, 'SESSION_FLAT': 12, 'TAKE': 105, 'MAX_HOLD': 12}",Declared conditional M5 model; full fields require full approved-window period coverage; closed diagnostics omit all unknown trades,0.3333333333333333333333333333,0.4883542619102447603825939986,0,0.2308839819188647791227475827,-1.333333333333333333333333333,-1.30750288112319642598660284,1,1.031240325546952155615135077,-0.1379310344827586206896551724,-0.3084758891751149773695600632,345,90,165,10.0,5.0,148,0.4289855072463768115942028986,56,78,0.2260869565217391304347826087,69,23,0.06666666666666666666666666667,25,5,0.01449275362318840579710144928,17
VWAP_MR_CNYRUBF,ALL,exit_reason,MAX_HOLD,12,12,0,False,PARTIAL_COVERAGE,ACCOUNTED,PARTIAL_COVERAGE,False,,,PARTIAL_COVERAGE,PARTIAL_COVERAGE,,,PARTIAL_COVERAGE,,,PARTIAL_COVERAGE,0.008928571428571428571428571429,,0.3125,-0.033,0.078,-0.111,-0.00925,0.08333333333333333333333333333,0.111,NEGATIVE,{'MAX_HOLD': 12},Declared conditional M5 model; full fields require full approved-window period coverage; closed diagnostics omit all unknown trades,0.45,0.671787994855835130631180438,0.5357142857142857142857142855,0.543718859659177392109981204,-0.3785714285714285714285714286,-0.3693584041667983273822689882,0.1623376623376623376623376624,0.3006428812032075235166690728,-0.2702839756592292089249492901,-0.2673925552846657550657155378,12,5,0,60.0,60.0,6,0.5,0,2,0.1666666666666666666666666667,0,1,0.08333333333333333333333333333,0,1,0.08333333333333333333333333333,0
VWAP_MR_CNYRUBF,ALL,exit_reason,SESSION_FLAT,12,12,0,False,PARTIAL_COVERAGE,ACCOUNTED,PARTIAL_COVERAGE,False,,,PARTIAL_COVERAGE,PARTIAL_COVERAGE,,,PARTIAL_COVERAGE,,,PARTIAL_COVERAGE,0.1320754716981132075471698113,,3.2,0.022,0.114,-0.092,-0.007666666666666666666666666667,0.25,0.10,NEGATIVE,{'SESSION_FLAT': 12},Declared conditional M5 model; full fields require full approved-window period coverage; closed diagnostics omit all unknown trades,0.5,0.5270262145262145262145262146,0.5,0.4938371813371813371813371813,-0.1944444444444444444444444444,-0.2985209235209235209235209236,0.2857142857142857142857142857,0.5052308802308802308802308803,-0.05,-0.1601949941311643439303013772,12,4,0,25.0,30.0,7,0.5833333333333333333333333333,0,2,0.1666666666666666666666666667,0,0,0,0,0,0,0
VWAP_MR_CNYRUBF,ALL,exit_reason,STOP,216,216,0,False,PARTIAL_COVERAGE,ACCOUNTED,PARTIAL_COVERAGE,False,,,PARTIAL_COVERAGE,PARTIAL_COVERAGE,,,PARTIAL_COVERAGE,,,PARTIAL_COVERAGE,0E+3,,0E+3,-2.788,3.042,-5.830,-0.02699074074074074074074074074,0,5.830,NEGATIVE,{'STOP': 216},Declared conditional M5 model; full fields require full approved-window period coverage; closed diagnostics omit all unknown trades,0,0.2788310476389180092883796587,0,0.1887499075728278227991563618,-2,-2.213869184558110713368137977,1,1.212325974681567503491594766,-0.3909168081494057724957555178,-0.3781881477626400370078773469,216,59,165,,5.0,59,0.2731481481481481481481481481,32,30,0.1388888888888888888888888889,27,6,0.02777777777777777777777777778,5,1,0.004629629629629629629629629630,3
VWAP_MR_CNYRUBF,ALL,exit_reason,TAKE,105,105,0,False,PARTIAL_COVERAGE,ACCOUNTED,PARTIAL_COVERAGE,False,,,PARTIAL_COVERAGE,PARTIAL_COVERAGE,,,PARTIAL_COVERAGE,,,PARTIAL_COVERAGE,1.762886597938144329896907216,,,1.404,1.182,0.222,0.002114285714285714285714285714,0.5238095238095238095238095238,0.22,POSITIVE,{'TAKE': 105},Declared conditional M5 model; full fields require full approved-window period coverage; closed diagnostics omit all unknown trades,0.6666666666666666666666666667,0.8939899386327957756529185101,0.2,0.2517554403268688982974697261,0.1818181818181818181818181818,0.3344933505647791362077076366,0.6666666666666666666666666667,0.7295140045140045140045140046,0E+27,-0.207874984156196979402460884,105,22,0,10.0,10.0,76,0.7238095238095238095238095238,24,44,0.4190476190476190476190476190,42,16,0.1523809523809523809523809524,20,3,0.02857142857142857142857142857,14
VWAP_MR_CNYRUBF,ALL,exit_reason,UNKNOWN_PATH_CONDITIONAL_REDUCE_ALL,22,0,22,False,PARTIAL_COVERAGE,UNRESOLVED,UNRESOLVED,False,,,UNRESOLVED,UNRESOLVED,,,UNRESOLVED,,,UNRESOLVED,,NO_CLOSED_TRADES,,,,,,,,NO_CLOSED_TRADES,{'UNKNOWN_PATH_CONDITIONAL_REDUCE_ALL': 22},Declared conditional M5 model; full fields require full approved-window period coverage; closed diagnostics omit all unknown trades,,,,,,,1,1.378787878787878787878787879,-0E+27,-0.2074585218702865761689291101,0,0,0,,,0,,0,0,,0,0,,0,0,,0
VWAP_MR_CNYRUBF,ALL,time_bucket,11:00,16,15,1,False,PARTIAL_COVERAGE,UNRESOLVED,UNRESOLVED,False,,,UNRESOLVED,UNRESOLVED,,,UNRESOLVED,,,UNRESOLVED,0.1756272401433691756272401434,,0.6910569105691056910569105691,-0.038,0.192,-0.230,-0.01533333333333333333333333333,0.2,0.250,NEGATIVE,"{'MAX_HOLD': 1, 'STOP': 10, 'TAKE': 4, 'UNKNOWN_PATH_CONDITIONAL_REDUCE_ALL': 1}",Declared conditional M5 model; full fields require full approved-window period coverage; closed diagnostics omit all unknown trades,0.4545454545454545454545454545,0.5002525252525252525252525252,0,0.1742424242424242424242424243,-1.666666666666666666666666667,-1.420959595959595959595959596,1,1.089488636363636363636363636,-0.3085303409957511711515415623,-0.3116485602185932297289814112,15,5,7,5.0,5.0,7,0.4666666666666666666666666667,4,3,0.2,4,1,0.06666666666666666666666666667,1,0,0,1
VWAP_MR_CNYRUBF,ALL,time_bucket,11:30,44,40,4,False,PARTIAL_COVERAGE,UNRESOLVED,UNRESOLVED,False,,,UNRESOLVED,UNRESOLVED,,,UNRESOLVED,,,UNRESOLVED,0.07712418300653594771241830065,,0.7401812688821752265861027190,-0.086,0.620,-0.706,-0.01765,0.125,0.716,NEGATIVE,"{'STOP': 23, 'TAKE': 13, 'UNKNOWN_PATH_CONDITIONAL_REDUCE_ALL': 4, 'MAX_HOLD': 4}",Declared conditional M5 model; full fields require full approved-window period coverage; closed diagnostics omit all unknown trades,0.3184523809523809523809523810,0.7142857142857142857142857145,0,0.1828373015873015873015873016,-1.533333333333333333333333334,-1.319871031746031746031746032,1,1.211471861471861471861471862,0E+2,-0.2886479163876945152854968541,40,9,18,20.0,5.0,18,0.45,6,14,0.35,6,6,0.15,3,2,0.05,4
VWAP_MR_CNYRUBF,ALL,time_bucket,12:00,31,25,6,False,PARTIAL_COVERAGE,UNRESOLVED,UNRESOLVED,False,,,UNRESOLVED,UNRESOLVED,,,UNRESOLVED,,,UNRESOLVED,0.1604584527220630372492836676,,0.6666666666666666666666666667,-0.063,0.230,-0.293,-0.01172,0.24,0.293,NEGATIVE,"{'UNKNOWN_PATH_CONDITIONAL_REDUCE_ALL': 6, 'TAKE': 8, 'STOP': 13, 'MAX_HOLD': 4}",Declared conditional M5 model; full fields require full approved-window period coverage; closed diagnostics omit all unknown trades,0.1666666666666666666666666667,0.3801739423053291666430352562,0.3333333333333333333333333333,0.3724663121176646294722722374,-1.074074074074074074074074074,-0.9064517218068098274195311548,0.6666666666666666666666666667,0.7593486582752362056784555706,-0.2769230769230769230769230769,-0.3113183660790143564942253230,25,5,10,25.0,5.0,10,0.4,4,5,0.2,7,0,0,3,0,0,1
VWAP_MR_CNYRUBF,ALL,time_bucket,12:30,34,31,3,False,PARTIAL_COVERAGE,UNRESOLVED,UNRESOLVED,False,,,UNRESOLVED,UNRESOLVED,,,UNRESOLVED,,,UNRESOLVED,0.07020872865275142314990512334,,0.5742574257425742574257425743,-0.086,0.404,-0.490,-0.01580645161290322580645161290,0.1290322580645161290322580645,0.490,NEGATIVE,"{'SESSION_FLAT': 2, 'UNKNOWN_PATH_CONDITIONAL_REDUCE_ALL': 3, 'TAKE': 12, 'STOP': 17}",Declared conditional M5 model; full fields require full approved-window period coverage; closed diagnostics omit all unknown trades,0.5,0.52126726320274707371481565,0,0.2204395067298293104744717648,-1.111111111111111111111111111,-1.303605892315569734924573634,1,1.032164730694142458848341201,0E+27,-0.2589073475714836232940124220,31,15,11,20.0,10.0,17,0.5483870967741935483870967742,6,8,0.2580645161290322580645161290,8,1,0.03225806451612903225806451613,2,0,0,0
VWAP_MR_CNYRUBF,ALL,time_bucket,13:00,28,28,0,False,PARTIAL_COVERAGE,ACCOUNTED,PARTIAL_COVERAGE,False,,,PARTIAL_COVERAGE,PARTIAL_COVERAGE,,,PARTIAL_COVERAGE,,,PARTIAL_COVERAGE,0.08684863523573200992555831266,,0.7218543046357615894039735099,-0.042,0.326,-0.368,-0.01314285714285714285714285714,0.2142857142857142857142857143,0.374,NEGATIVE,"{'STOP': 12, 'SESSION_FLAT': 8, 'TAKE': 8}",Declared conditional M5 model; full fields require full approved-window period coverage; closed diagnostics omit all unknown trades,0.3928571428571428571428571428,0.5385667903525046382189239332,0.4166666666666666666666666667,0.2924835085549371263656977942,-1,-0.9430478251906823335394763964,1,0.9023861059575345289631003921,0E+1,-0.2272336400130858273882450365,28,8,8,12.5,15.0,13,0.4642857142857142857142857143,4,4,0.1428571428571428571428571429,6,2,0.07142857142857142857142857143,2,2,0.07142857142857142857142857143,0
VWAP_MR_CNYRUBF,ALL,time_bucket,15:00,7,7,0,False,PARTIAL_COVERAGE,ACCOUNTED,PARTIAL_COVERAGE,False,,,PARTIAL_COVERAGE,PARTIAL_COVERAGE,,,PARTIAL_COVERAGE,,,PARTIAL_COVERAGE,0.08270676691729323308270676692,,0.1940298507462686567164179104,-0.054,0.068,-0.122,-0.01742857142857142857142857143,0.1428571428571428571428571429,0.133,NEGATIVE,"{'STOP': 5, 'MAX_HOLD': 1, 'TAKE': 1}",Declared conditional M5 model; full fields require full approved-window period coverage; closed diagnostics omit all unknown trades,0,0.1530612244897959183673469389,0.5,0.3809523809523809523809523809,-1.333333333333333333333333333,-1.323129251700680272108843538,0.3333333333333333333333333333,0.7006802721088435374149659864,-0.3333333333333333333333333333,-0.3502304927420914343581840249,7,1,4,45.0,5.0,1,0.1428571428571428571428571429,2,0,0,1,0,0,0,0,0,0
VWAP_MR_CNYRUBF,ALL,time_bucket,15:30,39,37,2,False,PARTIAL_COVERAGE,UNRESOLVED,UNRESOLVED,False,,,UNRESOLVED,UNRESOLVED,,,UNRESOLVED,,,UNRESOLVED,0.1173708920187793427230046948,,0.6042402826855123674911660777,-0.112,0.452,-0.564,-0.01524324324324324324324324324,0.2432432432432432432432432432,0.564,NEGATIVE,"{'STOP': 24, 'TAKE': 13, 'UNKNOWN_PATH_CONDITIONAL_REDUCE_ALL': 2}",Declared conditional M5 model; full fields require full approved-window period coverage; closed diagnostics omit all unknown trades,0,0.39004059004059004059004059,0,0.2420088920088920088920088920,-1.4,-1.245562770562770562770562771,1,1.082580026810796041565272334,-0.3157894736842105263157894737,-0.3329250872193200131359678836,37,6,20,5.0,0.0,15,0.4054054054054054054054054054,6,7,0.1891891891891891891891891892,11,1,0.02702702702702702702702702703,5,0,0,3
VWAP_MR_CNYRUBF,ALL,time_bucket,16:00,38,37,1,False,PARTIAL_COVERAGE,UNRESOLVED,UNRESOLVED,False,,,UNRESOLVED,UNRESOLVED,,,UNRESOLVED,,,UNRESOLVED,0.1701754385964912280701754386,,0.9110169491525423728813559322,-0.021,0.452,-0.473,-0.01278378378378378378378378378,0.2432432432432432432432432432,0.517,NEGATIVE,"{'STOP': 20, 'TAKE': 16, 'UNKNOWN_PATH_CONDITIONAL_REDUCE_ALL': 1, 'MAX_HOLD': 1}",Declared conditional M5 model; full fields require full approved-window period coverage; closed diagnostics omit all unknown trades,0.3571428571428571428571428571,0.6358205894970600852953794132,0,0.2044411173668139612412058232,-1.142857142857142857142857143,-0.9240107588791799318115107584,0.6666666666666666666666666665,0.9855757492285926374243141392,-0.4264214046822742474916387960,-0.3810006615277750751750022934,37,9,17,5.0,5.0,18,0.4864864864864864864864864865,4,11,0.2972972972972972972972972973,6,5,0.1351351351351351351351351351,1,1,0.02702702702702702702702702703,3
VWAP_MR_CNYRUBF,ALL,time_bucket,16:30,45,43,2,False,PARTIAL_COVERAGE,UNRESOLVED,UNRESOLVED,False,,,UNRESOLVED,UNRESOLVED,,,UNRESOLVED,,,UNRESOLVED,0.01807802093244529019980970504,,0.2248628884826325411334552102,-0.424,0.608,-1.032,-0.024,0.06976744186046511627906976744,1.032,NEGATIVE,"{'UNKNOWN_PATH_CONDITIONAL_REDUCE_ALL': 2, 'STOP': 34, 'TAKE': 8, 'MAX_HOLD': 1}",Declared conditional M5 model; full fields require full approved-window period coverage; closed diagnostics omit all unknown trades,0.3333333333333333333333333333,0.4868506493506493506493506488,0.2,0.2889614584382026242491358770,-1.666666666666666666666666667,-1.645589617101245008221752408,1,1.059542247875581208914542248,-0.3947368421052631578947368420,-0.3630553237434381601641702962,43,11,24,5.0,5.0,17,0.3953488372093023255813953488,7,10,0.2325581395348837209302325581,7,3,0.06976744186046511627906976744,5,0,0,4
VWAP_MR_CNYRUBF,ALL,time_bucket,17:00,38,35,3,False,PARTIAL_COVERAGE,UNRESOLVED,UNRESOLVED,False,,,UNRESOLVED,UNRESOLVED,,,UNRESOLVED,,,UNRESOLVED,0.03283582089552238805970149254,,0.4305555555555555555555555556,-0.164,0.484,-0.648,-0.01851428571428571428571428571,0.1428571428571428571428571429,0.648,NEGATIVE,"{'STOP': 23, 'TAKE': 12, 'UNKNOWN_PATH_CONDITIONAL_REDUCE_ALL': 3}",Declared conditional M5 model; full fields require full approved-window period coverage; closed diagnostics omit all unknown trades,0.05555555555555555555555555556,0.3563718820861678004535147397,0,0.1482894882894882894882894883,-2,-1.553913863913863913863913864,1,1.133398180766601819233398181,0E+2,-0.1878140947757414742160870028,35,10,19,15.0,5.0,14,0.4,7,7,0.2,7,1,0.02857142857142857142857142857,1,0,0,0
VWAP_MR_CNYRUBF,ALL,time_bucket,17:30,35,35,0,False,PARTIAL_COVERAGE,ACCOUNTED,PARTIAL_COVERAGE,False,,,PARTIAL_COVERAGE,PARTIAL_COVERAGE,,,PARTIAL_COVERAGE,,,PARTIAL_COVERAGE,0.09224011713030746705710102489,,0.3396825396825396825396825397,-0.208,0.412,-0.620,-0.01771428571428571428571428571,0.2,0.638,NEGATIVE,"{'STOP': 26, 'TAKE': 9}",Declared conditional M5 model; full fields require full approved-window period coverage; closed diagnostics omit all unknown trades,0.1904761904761904761904761905,0.3894964559250273535987821703,0,0.1897100518529089957661386233,-1.5,-1.475598607741464884322027179,1,0.9856526806526806526806526806,-0.3870967741935483870967741936,-0.3621041918582147340661892863,35,9,20,15.0,5.0,15,0.4285714285714285714285714286,4,6,0.1714285714285714285714285714,5,1,0.02857142857142857142857142857,2,0,0,1
VWAP_MR_CNYRUBF,ALL,time_bucket,18:00,12,12,0,False,PARTIAL_COVERAGE,ACCOUNTED,PARTIAL_COVERAGE,False,,,PARTIAL_COVERAGE,PARTIAL_COVERAGE,,,PARTIAL_COVERAGE,,,PARTIAL_COVERAGE,0.01851851851851851851851851852,,0.1491228070175438596491228070,-0.097,0.168,-0.265,-0.02208333333333333333333333333,0.08333333333333333333333333333,0.265,NEGATIVE,"{'STOP': 9, 'TAKE': 1, 'SESSION_FLAT': 2}",Declared conditional M5 model; full fields require full approved-window period coverage; closed diagnostics omit all unknown trades,0,0.4662698412698412698412698413,0,0.1626984126984126984126984128,-1.75,-1.764285714285714285714285715,1,1.167063492063492063492063492,-0.5225225225225225225225225225,-0.3871430068909060505699161161,12,2,7,25.0,5.0,3,0.25,2,3,0.25,1,2,0.1666666666666666666666666667,0,0,0,0
VWAP_MR_CNYRUBF,ALL,session_half,AM,153,139,14,False,PARTIAL_COVERAGE,UNRESOLVED,UNRESOLVED,False,,,UNRESOLVED,UNRESOLVED,,,UNRESOLVED,,,UNRESOLVED,0.1015927679724494188549289712,,0.6837349397590361445783132530,-0.315,1.772,-2.087,-0.01501438848920863309352517986,0.1726618705035971223021582734,2.087,NEGATIVE,"{'STOP': 75, 'UNKNOWN_PATH_CONDITIONAL_REDUCE_ALL': 14, 'SESSION_FLAT': 10, 'TAKE': 45, 'MAX_HOLD': 9}",Declared conditional M5 model; full fields require full approved-window period coverage; closed diagnostics omit all unknown trades,0.375,0.5526526640072299894806852743,0,0.2464888430088704390516697649,-1.142857142857142857142857143,-1.176889568500195842032119682,1,1.010698041199504701751170685,-0E+27,-0.2777983422928257631268877944,139,42,54,12.5,10.0,65,0.4676258992805755395683453237,24,34,0.2446043165467625899280575540,31,10,0.07194244604316546762589928058,11,4,0.02877697841726618705035971223,6
VWAP_MR_CNYRUBF,ALL,session_half,PM,214,206,8,False,PARTIAL_COVERAGE,UNRESOLVED,UNRESOLVED,False,,,UNRESOLVED,UNRESOLVED,,,UNRESOLVED,,,UNRESOLVED,0.07270916334661354581673306773,,0.4162162162162162162162162162,-1.080,2.644,-3.724,-0.01807766990291262135922330097,0.1699029126213592233009708738,3.724,NEGATIVE,"{'STOP': 141, 'UNKNOWN_PATH_CONDITIONAL_REDUCE_ALL': 8, 'TAKE': 60, 'SESSION_FLAT': 2, 'MAX_HOLD': 3}",Declared conditional M5 model; full fields require full approved-window period coverage; closed diagnostics omit all unknown trades,0.1785714285714285714285714286,0.4449684469030556980299984298,0,0.2203544882707541639279894112,-1.5,-1.395635164883376431664627883,1,1.045927098935547765153389991,-0.3000833564879133092525701583,-0.3304089016657236211972650029,206,48,111,10.0,5.0,83,0.4029126213592233009708737864,32,44,0.2135922330097087378640776699,38,13,0.06310679611650485436893203883,14,1,0.004854368932038834951456310680,11
VWAP_MR_CNYRUBF,ALL,net_outcome,LOSS,264,264,0,False,PARTIAL_COVERAGE,ACCOUNTED,PARTIAL_COVERAGE,False,,,PARTIAL_COVERAGE,PARTIAL_COVERAGE,,,PARTIAL_COVERAGE,,,PARTIAL_COVERAGE,0E+3,,0.1092761770906535488404778637,-2.535,3.804,-6.339,-0.02401136363636363636363636364,0,6.339,NEGATIVE,"{'STOP': 216, 'SESSION_FLAT': 8, 'TAKE': 30, 'MAX_HOLD': 10}",Declared conditional M5 model; full fields require full approved-window period coverage; closed diagnostics omit all unknown trades,0,0.3392797705895610120339162586,0,0.2140985894817418826806048325,-2,-1.915716881953657633440250920,1,1.159335603253616491461484522,-0.1261083743842364532019704434,-0.3204810119444141086766474062,264,90,165,,5.0,90,0.3409090909090909090909090909,39,41,0.1553030303030303030303030303,44,10,0.03787878787878787878787878788,10,2,0.007575757575757575757575757576,3
VWAP_MR_CNYRUBF,ALL,net_outcome,UNKNOWN,22,0,22,False,PARTIAL_COVERAGE,UNRESOLVED,UNRESOLVED,False,,,UNRESOLVED,UNRESOLVED,,,UNRESOLVED,,,UNRESOLVED,,NO_CLOSED_TRADES,,,,,,,,NO_CLOSED_TRADES,{'UNKNOWN_PATH_CONDITIONAL_REDUCE_ALL': 22},Declared conditional M5 model; full fields require full approved-window period coverage; closed diagnostics omit all unknown trades,,,,,,,1,1.378787878787878787878787879,-0E+27,-0.2074585218702865761689291101,0,0,0,,,0,,0,0,,0,0,,0,0,,0
VWAP_MR_CNYRUBF,ALL,net_outcome,WIN,59,59,0,False,PARTIAL_COVERAGE,ACCOUNTED,PARTIAL_COVERAGE,False,,,PARTIAL_COVERAGE,PARTIAL_COVERAGE,,,PARTIAL_COVERAGE,,,PARTIAL_COVERAGE,,NO_LOSSES,,0.754,0.226,0.528,0.008949152542372881355932203390,1,0,POSITIVE,"{'TAKE': 55, 'SESSION_FLAT': 3, 'MAX_HOLD': 1}",Declared conditional M5 model; full fields require full approved-window period coverage; closed diagnostics omit all unknown trades,0.7272727272727272727272727273,0.9601139209190056647683766327,0.25,0.3088691910725809030893776654,0.5555555555555555555555555556,0.9264536075976753942855637775,0.2222222222222222222222222222,0.3517153750204597662224780868,-0.3913043478260869565217391304,-0.3660990230512198496812501863,59,0,0,10.0,,40,0.6779661016949152542372881356,15,24,0.4067796610169491525423728814,19,9,0.1525423728813559322033898305,11,3,0.05084745762711864406779661017,10
VWAP_MR_CNYRUBF,ALL,net_outcome,ZERO,22,22,0,False,PARTIAL_COVERAGE,ACCOUNTED,PARTIAL_COVERAGE,False,,,PARTIAL_COVERAGE,PARTIAL_COVERAGE,,,PARTIAL_COVERAGE,,,PARTIAL_COVERAGE,,NO_LOSSES,,0.386,0.386,0.000,0.000,0,0,ZERO_NET,"{'TAKE': 20, 'SESSION_FLAT': 1, 'MAX_HOLD': 1}",Declared conditional M5 model; full fields require full approved-window period coverage; closed diagnostics omit all unknown trades,1,1.012074526780409133350309821,0.1607142857142857142857142857,0.2231665393430099312452253628,0,0,1,0.9689118071471012647483235718,0E+1,-0.1108970151260725544128830232,22,0,0,,,18,0.8181818181818181818181818182,2,13,0.5909090909090909090909090909,6,4,0.1818181818181818181818181818,4,0,0,4
VWAP_MR_CNYRUBF,ALL,adx_regime,NOT_READY,224,204,20,False,PARTIAL_COVERAGE,UNRESOLVED,UNRESOLVED,False,,,UNRESOLVED,UNRESOLVED,,,UNRESOLVED,,,UNRESOLVED,0.09067222511724856696195935383,,0.5825242718446601941747572816,-0.688,2.802,-3.490,-0.01710784313725490196078431373,0.1666666666666666666666666667,3.500,NEGATIVE,"{'STOP': 128, 'UNKNOWN_PATH_CONDITIONAL_REDUCE_ALL': 20, 'TAKE': 64, 'MAX_HOLD': 11, 'SESSION_FLAT': 1}",Declared conditional M5 model; full fields require full approved-window period coverage; closed diagnostics omit all unknown trades,0.3184523809523809523809523810,0.5029252260346087958713086049,0,0.2178469113250220445759618244,-1.4,-1.357984685430806898760874322,1,1.128414111720057994072786313,-0.1363812475784579620302208446,-0.3066615269135964168611715209,204,51,102,10.0,5.0,89,0.4362745098039215686274509804,32,51,0.25,44,15,0.07352941176470588235294117647,14,3,0.01470588235294117647058823529,13
VWAP_MR_CNYRUBF,ALL,adx_regime,SUB_25,68,68,0,False,PARTIAL_COVERAGE,ACCOUNTED,PARTIAL_COVERAGE,False,,,PARTIAL_COVERAGE,PARTIAL_COVERAGE,,,PARTIAL_COVERAGE,,,PARTIAL_COVERAGE,0.08348968105065666041275797373,,0.3935361216730038022813688213,-0.319,0.658,-0.977,-0.01436764705882352941176470588,0.2058823529411764705882352941,0.977,NEGATIVE,"{'SESSION_FLAT': 5, 'STOP': 44, 'TAKE': 18, 'MAX_HOLD': 1}",Declared conditional M5 model; full fields require full approved-window period coverage; closed diagnostics omit all unknown trades,0.3229166666666666666666666666,0.5300807240145475439593086651,0.0669642857142857142857142857,0.2493621370459605753723400779,-1.285714285714285714285714286,-1.182186359392241745182921654,0.6666666666666666666666666665,0.8212744771568300980065685951,-0.2301136363636363636363636364,-0.3448661137933417803467893129,68,18,33,10.0,5.0,29,0.4264705882352941176470588235,8,14,0.2058823529411764705882352941,8,6,0.08823529411764705882352941176,5,2,0.02941176470588235294117647059,3
VWAP_MR_CNYRUBF,ALL,adx_regime,TREND_25_PLUS,75,73,2,False,PARTIAL_COVERAGE,UNRESOLVED,UNRESOLVED,False,,,UNRESOLVED,UNRESOLVED,,,UNRESOLVED,,,UNRESOLVED,0.06341463414634146341463414634,,0.4226190476190476190476190476,-0.388,0.956,-1.344,-0.01841095890410958904109589041,0.1506849315068493150684931507,1.344,NEGATIVE,"{'UNKNOWN_PATH_CONDITIONAL_REDUCE_ALL': 2, 'STOP': 44, 'SESSION_FLAT': 6, 'TAKE': 23}",Declared conditional M5 model; full fields require full approved-window period coverage; closed diagnostics omit all unknown trades,0.3333333333333333333333333333,0.4087669180134933559591093838,0,0.2501038155147744188840079251,-1.25,-1.283163640012955081448232133,1,0.9313836533836533836533836535,-0E+27,-0.2809009808089914433885926563,73,21,30,20.0,5.0,30,0.4109589041095890410958904110,16,13,0.1780821917808219178082191781,17,2,0.02739726027397260273972602740,6,0,0,1
VWAP_MR_CNYRUBF,ALL,di_aligned,False,247,231,16,False,PARTIAL_COVERAGE,UNRESOLVED,UNRESOLVED,False,,,UNRESOLVED,UNRESOLVED,,,UNRESOLVED,,,UNRESOLVED,0.06443701226309921962095875139,,0.4481037924151696606786427146,-1.106,3.090,-4.196,-0.01816450216450216450216450216,0.1515151515151515151515151515,4.196,NEGATIVE,"{'STOP': 148, 'UNKNOWN_PATH_CONDITIONAL_REDUCE_ALL': 16, 'SESSION_FLAT': 10, 'TAKE': 65, 'MAX_HOLD': 8}",Declared conditional M5 model; full fields require full approved-window period coverage; closed diagnostics omit all unknown trades,0.3035714285714285714285714286,0.4664242088961976917158989991,0,0.2355984444328633679014979861,-1.4,-1.395165920718438376219191895,1,1.063279683193885823584624053,-0.1379310344827586206896551724,-0.3057488951964677725073539054,231,59,111,10.0,5.0,95,0.4112554112554112554112554113,40,49,0.2121212121212121212121212121,46,10,0.04329004329004329004329004329,14,5,0.02164502164502164502164502165,7
VWAP_MR_CNYRUBF,ALL,di_aligned,None,24,23,1,False,PARTIAL_COVERAGE,UNRESOLVED,UNRESOLVED,False,,,UNRESOLVED,UNRESOLVED,,,UNRESOLVED,,,UNRESOLVED,0.1435185185185185185185185185,,0.4315789473684210526315789474,-0.108,0.262,-0.370,-0.01608695652173913043478260870,0.2173913043478260869565217391,0.380,NEGATIVE,"{'STOP': 16, 'UNKNOWN_PATH_CONDITIONAL_REDUCE_ALL': 1, 'MAX_HOLD': 2, 'TAKE': 5}",Declared conditional M5 model; full fields require full approved-window period coverage; closed diagnostics omit all unknown trades,0.1428571428571428571428571429,0.3800818746470920383963862225,0,0.2078392621870882740447957839,-1.666666666666666666666666667,-1.492447769621682665160926030,1,1.024440836940836940836940837,-0.2902476780185758513931888546,-0.2793371018909397259421251596,23,6,13,5.0,5.0,8,0.3478260869565217391304347826,5,4,0.1739130434782608695652173913,4,1,0.04347826086956521739130434783,0,0,0,0
VWAP_MR_CNYRUBF,ALL,di_aligned,True,96,91,5,False,PARTIAL_COVERAGE,UNRESOLVED,UNRESOLVED,False,,,UNRESOLVED,UNRESOLVED,,,UNRESOLVED,,,UNRESOLVED,0.1244725738396624472573839662,,0.7223926380368098159509202454,-0.181,1.064,-1.245,-0.01368131868131868131868131868,0.2087912087912087912087912088,1.252,NEGATIVE,"{'SESSION_FLAT': 2, 'STOP': 52, 'TAKE': 35, 'UNKNOWN_PATH_CONDITIONAL_REDUCE_ALL': 5, 'MAX_HOLD': 2}",Declared conditional M5 model; full fields require full approved-window period coverage; closed diagnostics omit all unknown trades,0.3333333333333333333333333333,0.5713884064519742710165426135,0,0.2247409897550975880117755846,-1.125,-1.038229314288404403956520367,1,0.9505056004193912094298526243,-0E+27,-0.3227769142537198277364700489,91,25,41,10.0,5.0,45,0.4945054945054945054945054945,11,25,0.2747252747252747252747252747,19,12,0.1318681318681318681318681319,11,0,0,10
VWAP_MR_CNYRUBF,ALL,ema_aligned,None,367,345,22,False,PARTIAL_COVERAGE,UNRESOLVED,UNRESOLVED,False,,,UNRESOLVED,UNRESOLVED,,,UNRESOLVED,,,UNRESOLVED,0.08329389493610979649787032655,,0.5098383696416022487702037948,-1.395,4.416,-5.811,-0.01684347826086956521739130435,0.1710144927536231884057971014,5.811,NEGATIVE,"{'STOP': 216, 'UNKNOWN_PATH_CONDITIONAL_REDUCE_ALL': 22, 'SESSION_FLAT': 12, 'TAKE': 105, 'MAX_HOLD': 12}",Declared conditional M5 model; full fields require full approved-window period coverage; closed diagnostics omit all unknown trades,0.3333333333333333333333333333,0.4883542619102447603825939986,0,0.2308839819188647791227475827,-1.333333333333333333333333333,-1.30750288112319642598660284,1,1.031240325546952155615135077,-0.1379310344827586206896551724,-0.3084758891751149773695600632,345,90,165,10.0,5.0,148,0.4289855072463768115942028986,56,78,0.2260869565217391304347826087,69,23,0.06666666666666666666666666667,25,5,0.01449275362318840579710144928,17
VWAP_MR_CNYRUBF,ALL,breakout_entry_class,INSIDE_RANGE,354,332,22,False,PARTIAL_COVERAGE,UNRESOLVED,UNRESOLVED,False,,,UNRESOLVED,UNRESOLVED,,,UNRESOLVED,,,UNRESOLVED,0.07206632653061224489795918367,,0.4743181013106624158696422246,-1.484,4.336,-5.820,-0.01753012048192771084337349398,0.1656626506024096385542168675,5.820,NEGATIVE,"{'STOP': 208, 'UNKNOWN_PATH_CONDITIONAL_REDUCE_ALL': 22, 'SESSION_FLAT': 12, 'TAKE': 100, 'MAX_HOLD': 12}",Declared conditional M5 model; full fields require full approved-window period coverage; closed diagnostics omit all unknown trades,0.3333333333333333333333333333,0.4804251799788368562391230991,0,0.2371658574430700538802921896,-1.309523809523809523809523810,-1.317129454325263901958513448,1,1.029566990472448001768096295,-0.07094324540367705835331734615,-0.2876185298395765996381524655,332,89,158,10.0,5.0,144,0.4337349397590361445783132530,51,74,0.2228915662650602409638554217,64,21,0.06325301204819277108433734940,21,4,0.01204819277108433734939759036,14
VWAP_MR_CNYRUBF,ALL,breakout_entry_class,PERSISTENT_LE_1_ATR,13,13,0,False,PARTIAL_COVERAGE,ACCOUNTED,PARTIAL_COVERAGE,False,,,PARTIAL_COVERAGE,PARTIAL_COVERAGE,,,PARTIAL_COVERAGE,,,PARTIAL_COVERAGE,1.134328358208955223880597015,,4.869565217391304347826086957,0.089,0.080,0.009,0.0006923076923076923076923076923,0.3076923076923076923076923077,0.04,POSITIVE,"{'TAKE': 5, 'STOP': 8}",Declared conditional M5 model; full fields require full approved-window period coverage; closed diagnostics omit all unknown trades,0,0.6908508158508158508158508158,0,0.07045454545454545454545454545,-1.666666666666666666666666667,-1.061655011655011655011655012,1,1.076806526806526806526806527,-0.9473684210526315789473684211,-0.8764378280043908017478900246,13,1,7,10.0,0.0,4,0.3076923076923076923076923077,5,4,0.3076923076923076923076923077,5,2,0.1538461538461538461538461538,4,1,0.07692307692307692307692307692,3
VWAP_MR_CNYRUBF,ALL,cost_class,NET_RR_GE_1,51,51,0,False,PARTIAL_COVERAGE,ACCOUNTED,PARTIAL_COVERAGE,False,,,PARTIAL_COVERAGE,PARTIAL_COVERAGE,,,PARTIAL_COVERAGE,,,PARTIAL_COVERAGE,0.6504559270516717325227963526,,1.203980099502487562189054726,0.041,0.156,-0.115,-0.002254901960784313725490196078,0.2745098039215686274509803922,0.150,NEGATIVE,"{'STOP': 34, 'MAX_HOLD': 3, 'SESSION_FLAT': 1, 'TAKE': 13}",Declared conditional M5 model; full fields require full approved-window period coverage; closed diagnostics omit all unknown trades,0.3333333333333333333333333333,0.6744044082279376397023455845,0.06666666666666666666666666667,0.2067969612087259146082675494,-1.25,-0.5652399343575814164049458169,0.4,0.5622697563874034462269756388,-0.8780487804878048780487804877,-0.8714117347964013829307003465,51,10,30,10.0,0.0,22,0.4313725490196078431372549020,12,14,0.2745098039215686274509803922,12,7,0.1372549019607843137254901961,9,4,0.07843137254901960784313725490,9
VWAP_MR_CNYRUBF,ALL,cost_class,NET_RR_LT_1,137,134,3,False,PARTIAL_COVERAGE,UNRESOLVED,UNRESOLVED,False,,,UNRESOLVED,UNRESOLVED,,,UNRESOLVED,,,UNRESOLVED,0.1513982642237222757955641273,,0.4440619621342512908777969019,-0.646,1.114,-1.760,-0.01313432835820895522388059701,0.3358208955223880597014925373,1.760,NEGATIVE,"{'UNKNOWN_PATH_CONDITIONAL_REDUCE_ALL': 3, 'STOP': 78, 'TAKE': 42, 'SESSION_FLAT': 7, 'MAX_HOLD': 7}",Declared conditional M5 model; full fields require full approved-window period coverage; closed diagnostics omit all unknown trades,0.3080357142857142857142857143,0.4492440794814980135693016119,0.225,0.3110187355115309353294362151,-1.121323529411764705882352941,-0.9544598579972369484504634806,0.25,0.6983451115606733517632310464,-0.3582089552238805970149253730,-0.3301219211777599300791461417,134,23,58,10.0,5.0,51,0.3805970149253731343283582090,19,24,0.1791044776119402985074626866,18,4,0.02985074626865671641791044776,7,1,0.007462686567164179104477611940,4
VWAP_MR_CNYRUBF,ALL,cost_class,TARGET_CANNOT_PAY_C1,179,160,19,False,PARTIAL_COVERAGE,UNRESOLVED,UNRESOLVED,False,,,UNRESOLVED,UNRESOLVED,,,UNRESOLVED,,,UNRESOLVED,0E+3,,0.4672960215778826702629804450,-0.790,3.146,-3.936,-0.0246,0,3.936,NEGATIVE,"{'STOP': 104, 'UNKNOWN_PATH_CONDITIONAL_REDUCE_ALL': 19, 'SESSION_FLAT': 4, 'TAKE': 50, 'MAX_HOLD': 2}",Declared conditional M5 model; full fields require full approved-window period coverage; closed diagnostics omit all unknown trades,0.3333333333333333333333333333,0.4618055555555555555555555556,0,0.1714488636363636363636363637,-2,-1.839772727272727272727272728,1,1.419643360984143107048134984,-0E+27,-0.1315192717949587471749709726,160,57,77,,5.0,75,0.46875,25,40,0.25,39,12,0.075,9,0,0,4
VWAP_MR_CNYRUBF,LONG,ALL,ALL,177,165,12,False,PARTIAL_COVERAGE,UNRESOLVED,UNRESOLVED,False,,,UNRESOLVED,UNRESOLVED,,,UNRESOLVED,,,UNRESOLVED,0.07692307692307692307692307692,,0.5545657015590200445434298441,-0.600,2.112,-2.712,-0.01643636363636363636363636364,0.1696969696969696969696969697,2.712,NEGATIVE,"{'STOP': 96, 'UNKNOWN_PATH_CONDITIONAL_REDUCE_ALL': 12, 'SESSION_FLAT': 6, 'TAKE': 54, 'MAX_HOLD': 9}",Declared conditional M5 model; full fields require full approved-window period coverage; closed diagnostics omit all unknown trades,0.1363636363636363636363636364,0.47142044901611369207033883,0,0.2587151401774663156189887653,-1.222222222222222222222222222,-1.222939981933177087814921716,1,0.9898106187186634409442869718,0E+27,-0.2721756128082260358657217147,165,34,77,12.5,5.0,63,0.3818181818181818181818181818,31,32,0.1939393939393939393939393939,39,12,0.07272727272727272727272727273,13,5,0.03030303030303030303030303030,7
VWAP_MR_CNYRUBF,LONG,exit_reason,MAX_HOLD,9,9,0,False,PARTIAL_COVERAGE,ACCOUNTED,PARTIAL_COVERAGE,False,,,PARTIAL_COVERAGE,PARTIAL_COVERAGE,,,PARTIAL_COVERAGE,,,PARTIAL_COVERAGE,0.01234567901234567901234567901,,0.3333333333333333333333333333,-0.026,0.054,-0.080,-0.008888888888888888888888888889,0.1111111111111111111111111111,0.080,NEGATIVE,{'MAX_HOLD': 9},Declared conditional M5 model; full fields require full approved-window period coverage; closed diagnostics omit all unknown trades,0.5,0.7898349735332703702533386232,0.5,0.5318212246436090718329161151,-0.3571428571428571428571428571,-0.386922316666842214287469762,0.1818181818181818181818181818,0.3322297239572178744928136657,-0.1379310344827586206896551724,-0.2206065861568179153015358296,9,5,0,60.0,60.0,6,0.6666666666666666666666666667,0,2,0.2222222222222222222222222222,0,1,0.1111111111111111111111111111,0,1,0.1111111111111111111111111111,0
VWAP_MR_CNYRUBF,LONG,exit_reason,SESSION_FLAT,6,6,0,False,PARTIAL_COVERAGE,ACCOUNTED,PARTIAL_COVERAGE,False,,,PARTIAL_COVERAGE,PARTIAL_COVERAGE,,,PARTIAL_COVERAGE,,,PARTIAL_COVERAGE,0.015625,,1.3,0.003,0.066,-0.063,-0.0105,0.1666666666666666666666666667,0.063,NEGATIVE,{'SESSION_FLAT': 6},Declared conditional M5 model; full fields require full approved-window period coverage; closed diagnostics omit all unknown trades,0.375,0.3035714285714285714285714285,0.5,0.5628306878306878306878306878,-0.3611111111111111111111111111,-0.541005291005291005291005291,0.642857142857142857142857143,0.6124338624338624338624338625,0E+1,-0.0577777777777777777777777778,6,2,0,20.0,25.0,3,0.5,0,0,0,0,0,0,0,0,0,0
VWAP_MR_CNYRUBF,LONG,exit_reason,STOP,96,96,0,False,PARTIAL_COVERAGE,ACCOUNTED,PARTIAL_COVERAGE,False,,,PARTIAL_COVERAGE,PARTIAL_COVERAGE,,,PARTIAL_COVERAGE,,,PARTIAL_COVERAGE,0E+3,,0E+3,-1.298,1.344,-2.642,-0.02752083333333333333333333333,0,2.642,NEGATIVE,{'STOP': 96},Declared conditional M5 model; full fields require full approved-window period coverage; closed diagnostics omit all unknown trades,0,0.2066629743713077046410379746,0,0.2124159156021901119940335627,-2,-2.171020895408150310111094427,1,1.169284784297039198999983315,-0.3431372549019607843137254902,-0.3747867218234015681946255293,96,17,77,,2.5,17,0.1770833333333333333333333333,18,8,0.08333333333333333333333333333,15,2,0.02083333333333333333333333333,2,1,0.01041666666666666666666666667,0
VWAP_MR_CNYRUBF,LONG,exit_reason,TAKE,54,54,0,False,PARTIAL_COVERAGE,ACCOUNTED,PARTIAL_COVERAGE,False,,,PARTIAL_COVERAGE,PARTIAL_COVERAGE,,,PARTIAL_COVERAGE,,,PARTIAL_COVERAGE,1.483443708609271523178807947,,,0.721,0.648,0.073,0.001351851851851851851851851852,0.4814814814814814814814814815,0.14,POSITIVE,{'TAKE': 54},Declared conditional M5 model; full fields require full approved-window period coverage; closed diagnostics omit all unknown trades,0.527777777777777777777777778,0.9076812076812076812076812078,0.1454545454545454545454545454,0.2617165756054644943533832422,0,0.2474303988192877081765970656,0.8333333333333333333333333335,0.7891444974778308111641444978,0E+27,-0.1741091438591290436797530572,54,10,0,10.0,10.0,37,0.6851851851851851851851851852,13,22,0.4074074074074074074074074074,24,9,0.1666666666666666666666666667,11,3,0.05555555555555555555555555556,7
VWAP_MR_CNYRUBF,LONG,exit_reason,UNKNOWN_PATH_CONDITIONAL_REDUCE_ALL,12,0,12,False,PARTIAL_COVERAGE,UNRESOLVED,UNRESOLVED,False,,,UNRESOLVED,UNRESOLVED,,,UNRESOLVED,,,UNRESOLVED,,NO_CLOSED_TRADES,,,,,,,,NO_CLOSED_TRADES,{'UNKNOWN_PATH_CONDITIONAL_REDUCE_ALL': 12},Declared conditional M5 model; full fields require full approved-window period coverage; closed diagnostics omit all unknown trades,,,,,,,1,1.138888888888888888888888889,0E+2,-0.03846153846153846153846153846,0,0,0,,,0,,0,0,,0,0,,0,0,,0
VWAP_MR_CNYRUBF,LONG,time_bucket,11:00,8,7,1,False,PARTIAL_COVERAGE,UNRESOLVED,UNRESOLVED,False,,,UNRESOLVED,UNRESOLVED,,,UNRESOLVED,,,UNRESOLVED,0.1652173913043478260869565217,,0.7674418604651162790697674419,-0.010,0.086,-0.096,-0.01371428571428571428571428571,0.2857142857142857142857142857,0.11,NEGATIVE,"{'MAX_HOLD': 1, 'STOP': 4, 'UNKNOWN_PATH_CONDITIONAL_REDUCE_ALL': 1, 'TAKE': 2}",Declared conditional M5 model; full fields require full approved-window period coverage; closed diagnostics omit all unknown trades,0.4545454545454545454545454545,0.3982683982683982683982683981,0,0.1818181818181818181818181819,-1.666666666666666666666666667,-1.317640692640692640692640693,1,1.000946969696969696969696970,-0.0895522388059701492537313433,-0.2814596517250296409420696452,7,2,3,12.5,5.0,3,0.4285714285714285714285714286,2,1,0.1428571428571428571428571429,2,0,0,1,0,0,0
VWAP_MR_CNYRUBF,LONG,time_bucket,11:30,28,24,4,False,PARTIAL_COVERAGE,UNRESOLVED,UNRESOLVED,False,,,UNRESOLVED,UNRESOLVED,,,UNRESOLVED,,,UNRESOLVED,0.04878048780487804878048780488,,0.4818181818181818181818181818,-0.114,0.354,-0.468,-0.0195,0.08333333333333333333333333333,0.468,NEGATIVE,"{'STOP': 15, 'TAKE': 5, 'UNKNOWN_PATH_CONDITIONAL_REDUCE_ALL': 4, 'MAX_HOLD': 4}",Declared conditional M5 model; full fields require full approved-window period coverage; closed diagnostics omit all unknown trades,0.1111111111111111111111111111,0.63723544973544973544973545,0,0.2121362433862433862433862434,-1.533333333333333333333333334,-1.433581349206349206349206349,1,1.185487528344671201814058957,0E+2,-0.2692882327399398324260090371,24,4,12,12.5,5.0,8,0.3333333333333333333333333333,3,6,0.25,2,4,0.1666666666666666666666666667,1,2,0.08333333333333333333333333333,2
VWAP_MR_CNYRUBF,LONG,time_bucket,12:00,17,13,4,False,PARTIAL_COVERAGE,UNRESOLVED,UNRESOLVED,False,,,UNRESOLVED,UNRESOLVED,,,UNRESOLVED,,,UNRESOLVED,0.1712707182320441988950276243,,0.5630252100840336134453781513,-0.052,0.098,-0.150,-0.01153846153846153846153846154,0.2307692307692307692307692308,0.150,NEGATIVE,"{'UNKNOWN_PATH_CONDITIONAL_REDUCE_ALL': 4, 'TAKE': 4, 'STOP': 7, 'MAX_HOLD': 2}",Declared conditional M5 model; full fields require full approved-window period coverage; closed diagnostics omit all unknown trades,0.08759124087591240875912408759,0.3131550172538381409801960055,0.5,0.4229247261004040077263976592,-1.074074074074074074074074074,-0.8054530003666311754959903723,0.4,0.6530843923034461766055734682,0E+2,-0.1909390413294277597911853755,13,1,7,45.0,5.0,4,0.3076923076923076923076923077,2,2,0.1538461538461538461538461538,3,0,0,1,0,0,0
VWAP_MR_CNYRUBF,LONG,time_bucket,12:30,17,15,2,False,PARTIAL_COVERAGE,UNRESOLVED,UNRESOLVED,False,,,UNRESOLVED,UNRESOLVED,,,UNRESOLVED,,,UNRESOLVED,0.1194029850746268656716417910,,0.9583333333333333333333333333,-0.003,0.174,-0.177,-0.0118,0.1333333333333333333333333333,0.185,NEGATIVE,"{'UNKNOWN_PATH_CONDITIONAL_REDUCE_ALL': 2, 'TAKE': 7, 'STOP': 8}",Declared conditional M5 model; full fields require full approved-window period coverage; closed diagnostics omit all unknown trades,0,0.4225589225589225589225589225,0,0.1478114478114478114478114478,-1.111111111111111111111111111,-1.260798460798460798460798461,1,1.052754435107376283846872082,0E+27,-0.2584965519207552974938421262,15,4,7,20.0,5.0,5,0.3333333333333333333333333333,4,4,0.2666666666666666666666666667,5,1,0.06666666666666666666666666667,2,0,0,0
VWAP_MR_CNYRUBF,LONG,time_bucket,13:00,16,16,0,False,PARTIAL_COVERAGE,ACCOUNTED,PARTIAL_COVERAGE,False,,,PARTIAL_COVERAGE,PARTIAL_COVERAGE,,,PARTIAL_COVERAGE,,,PARTIAL_COVERAGE,0.09356725146198830409356725146,,1.906976744186046511627906977,0.039,0.194,-0.155,-0.0096875,0.1875,0.164,NEGATIVE,"{'SESSION_FLAT': 6, 'STOP': 4, 'TAKE': 6}",Declared conditional M5 model; full fields require full approved-window period coverage; closed diagnostics omit all unknown trades,0.375,0.6763392857142857142857142856,0.4583333333333333333333333334,0.3100198412698412698412698412,-0.5,-0.6517406204906204906204906206,1,0.9181096681096681096681096688,0E+27,-0.2312064022933588150979455328,16,5,3,5.0,15.0,8,0.5,3,3,0.1875,4,2,0.125,2,2,0.125,0
VWAP_MR_CNYRUBF,LONG,time_bucket,15:00,4,4,0,False,PARTIAL_COVERAGE,ACCOUNTED,PARTIAL_COVERAGE,False,,,PARTIAL_COVERAGE,PARTIAL_COVERAGE,,,PARTIAL_COVERAGE,,,PARTIAL_COVERAGE,0.1447368421052631578947368421,,0.3823529411764705882352941176,-0.021,0.044,-0.065,-0.01625,0.25,0.076,NEGATIVE,"{'STOP': 2, 'MAX_HOLD': 1, 'TAKE': 1}",Declared conditional M5 model; full fields require full approved-window period coverage; closed diagnostics omit all unknown trades,0.2142857142857142857142857143,0.2321428571428571428571428572,0.5357142857142857142857142855,0.4107142857142857142857142855,-1.214285714285714285714285714,-1.160714285714285714285714286,0.5714285714285714285714285715,0.8214285714285714285714285715,-0.2990196078431372549019607844,-0.331327985739750445632798574,4,1,2,45.0,5.0,1,0.25,1,0,0,1,0,0,0,0,0,0
VWAP_MR_CNYRUBF,LONG,time_bucket,15:30,22,22,0,False,PARTIAL_COVERAGE,ACCOUNTED,PARTIAL_COVERAGE,False,,,PARTIAL_COVERAGE,PARTIAL_COVERAGE,,,PARTIAL_COVERAGE,,,PARTIAL_COVERAGE,0.07584269662921348314606741573,,0.7770270270270270270270270270,-0.033,0.296,-0.329,-0.01495454545454545454545454545,0.2272727272727272727272727273,0.329,NEGATIVE,"{'STOP': 13, 'TAKE': 9}",Declared conditional M5 model; full fields require full approved-window period coverage; closed diagnostics omit all unknown trades,0.35,0.4889610389610389610389610391,0.2142857142857142857142857143,0.3017119244391971664698937426,-1.325,-1.226318378591105863833136560,1,1.081513183785911058638331366,0E+27,-0.2215498734786500988879075145,22,5,10,5.0,5.0,11,0.5,5,5,0.2272727272727272727272727273,9,1,0.04545454545454545454545454545,2,0,0,2
VWAP_MR_CNYRUBF,LONG,time_bucket,16:00,12,12,0,False,PARTIAL_COVERAGE,ACCOUNTED,PARTIAL_COVERAGE,False,,,PARTIAL_COVERAGE,PARTIAL_COVERAGE,,,PARTIAL_COVERAGE,,,PARTIAL_COVERAGE,0.1382488479262672811059907834,,0.7956989247311827956989247312,-0.019,0.168,-0.187,-0.01558333333333333333333333333,0.25,0.193,NEGATIVE,"{'STOP': 7, 'TAKE': 5}",Declared conditional M5 model; full fields require full approved-window period coverage; closed diagnostics omit all unknown trades,0.3000000000000000000000000000,0.6306878306878306878306878307,0,0.1773809523809523809523809524,-1.182539682539682539682539682,-1.133201058201058201058201058,0.8333333333333333333333333335,1.041534391534391534391534391,-0.2240896358543417366946778712,-0.3025920357340730367990052351,12,2,6,5.0,5.0,4,0.3333333333333333333333333333,2,3,0.25,3,2,0.1666666666666666666666666667,0,1,0.08333333333333333333333333333,0
VWAP_MR_CNYRUBF,LONG,time_bucket,16:30,23,23,0,False,PARTIAL_COVERAGE,ACCOUNTED,PARTIAL_COVERAGE,False,,,PARTIAL_COVERAGE,PARTIAL_COVERAGE,,,PARTIAL_COVERAGE,,,PARTIAL_COVERAGE,0.02604166666666666666666666667,,0.3169934640522875816993464052,-0.209,0.352,-0.561,-0.02439130434782608695652173913,0.08695652173913043478260869565,0.561,NEGATIVE,"{'STOP': 16, 'TAKE': 6, 'MAX_HOLD': 1}",Declared conditional M5 model; full fields require full approved-window period coverage; closed diagnostics omit all unknown trades,0.3333333333333333333333333333,0.4904009034443817052512704687,0.4444444444444444444444444444,0.3667074471422297509254030993,-1.666666666666666666666666667,-1.432040905953949432210301776,1,0.9835937009850053328314197883,-0.3333333333333333333333333333,-0.3587440696627603995401254559,23,6,10,27.5,5.0,10,0.4347826086956521739130434783,4,6,0.2608695652173913043478260870,4,1,0.04347826086956521739130434783,4,0,0,2
VWAP_MR_CNYRUBF,LONG,time_bucket,17:00,17,16,1,False,PARTIAL_COVERAGE,UNRESOLVED,UNRESOLVED,False,,,UNRESOLVED,UNRESOLVED,,,UNRESOLVED,,,UNRESOLVED,0.04593639575971731448763250883,,0.5503875968992248062015503876,-0.058,0.212,-0.270,-0.016875,0.1875,0.275,NEGATIVE,"{'STOP': 9, 'TAKE': 7, 'UNKNOWN_PATH_CONDITIONAL_REDUCE_ALL': 1}",Declared conditional M5 model; full fields require full approved-window period coverage; closed diagnostics omit all unknown trades,0,0.2344246031746031746031746032,0,0.1072115384615384615384615384,-1.625,-1.257772435897435897435897436,1,0.9712382388852977088271205924,0E+27,-0.2007559333838532291441114604,16,2,8,15.0,0.0,5,0.3125,3,1,0.0625,4,0,0,0,0,0,0
VWAP_MR_CNYRUBF,LONG,time_bucket,17:30,11,11,0,False,PARTIAL_COVERAGE,ACCOUNTED,PARTIAL_COVERAGE,False,,,PARTIAL_COVERAGE,PARTIAL_COVERAGE,,,PARTIAL_COVERAGE,,,PARTIAL_COVERAGE,0.06694560669456066945606694561,,0.1769911504424778761061946903,-0.093,0.130,-0.223,-0.02027272727272727272727272727,0.1818181818181818181818181818,0.223,NEGATIVE,"{'STOP': 9, 'TAKE': 2}",Declared conditional M5 model; full fields require full approved-window period coverage; closed diagnostics omit all unknown trades,0,0.3655788655788655788655788656,0,0.2202797202797202797202797203,-1.666666666666666666666666667,-1.587579087579087579087579087,0.6666666666666666666666666667,1.014707514707514707514707514,-0.3636363636363636363636363636,-0.4032798091449117842079718914,11,2,7,7.5,0.0,4,0.3636363636363636363636363636,1,1,0.09090909090909090909090909091,2,1,0.09090909090909090909090909091,0,0,0,1
VWAP_MR_CNYRUBF,LONG,time_bucket,18:00,2,2,0,False,PARTIAL_COVERAGE,ACCOUNTED,PARTIAL_COVERAGE,False,,,PARTIAL_COVERAGE,PARTIAL_COVERAGE,,,PARTIAL_COVERAGE,,,PARTIAL_COVERAGE,0E+3,,0E+3,-0.027,0.004,-0.031,-0.0155,0,0.031,NEGATIVE,{'STOP': 2},Declared conditional M5 model; full fields require full approved-window period coverage; closed diagnostics omit all unknown trades,0.08333333333333333333333333335,0.08333333333333333333333333335,0.3333333333333333333333333334,0.3333333333333333333333333334,-1.3,-1.3,0.2166666666666666666666666666,0.2166666666666666666666666666,-0.556536127964699393270821842,-0.556536127964699393270821842,2,0,2,,2.5,0,0,1,0,0,0,0,0,0,0,0,0
VWAP_MR_CNYRUBF,LONG,session_half,AM,86,75,11,False,PARTIAL_COVERAGE,UNRESOLVED,UNRESOLVED,False,,,UNRESOLVED,UNRESOLVED,,,UNRESOLVED,,,UNRESOLVED,0.09827586206896551724137931034,,0.7183098591549295774647887324,-0.140,0.906,-1.046,-0.01394666666666666666666666667,0.16,1.046,NEGATIVE,"{'UNKNOWN_PATH_CONDITIONAL_REDUCE_ALL': 11, 'SESSION_FLAT': 6, 'STOP': 38, 'TAKE': 24, 'MAX_HOLD': 7}",Declared conditional M5 model; full fields require full approved-window period coverage; closed diagnostics omit all unknown trades,0.1111111111111111111111111111,0.5241647628752251623297852008,0,0.2538601030772205811564620783,-1.111111111111111111111111111,-1.112535374320403660606895185,1,0.9870958291507584047550297164,0E+27,-0.2457145959589000633822954217,75,16,32,15.0,5.0,28,0.3733333333333333333333333333,14,16,0.2133333333333333333333333333,16,7,0.09333333333333333333333333333,7,4,0.05333333333333333333333333333,2
VWAP_MR_CNYRUBF,LONG,session_half,PM,91,90,1,False,PARTIAL_COVERAGE,UNRESOLVED,UNRESOLVED,False,,,UNRESOLVED,UNRESOLVED,,,UNRESOLVED,,,UNRESOLVED,0.06299212598425196850393700787,,0.4588235294117647058823529412,-0.460,1.206,-1.666,-0.01851111111111111111111111111,0.1777777777777777777777777778,1.666,NEGATIVE,"{'STOP': 58, 'TAKE': 30, 'UNKNOWN_PATH_CONDITIONAL_REDUCE_ALL': 1, 'MAX_HOLD': 2}",Declared conditional M5 model; full fields require full approved-window period coverage; closed diagnostics omit all unknown trades,0.1515151515151515151515151516,0.4274668541335208001874668544,0,0.2627610044276710943377610043,-1.45,-1.314943821610488277154943822,1,0.9923762440245956729473212991,-0.25,-0.2971827276328637681028059037,90,18,45,12.5,5.0,35,0.3888888888888888888888888889,17,16,0.1777777777777777777777777778,23,5,0.05555555555555555555555555556,6,1,0.01111111111111111111111111111,5
VWAP_MR_CNYRUBF,LONG,net_outcome,LOSS,125,125,0,False,PARTIAL_COVERAGE,ACCOUNTED,PARTIAL_COVERAGE,False,,,PARTIAL_COVERAGE,PARTIAL_COVERAGE,,,PARTIAL_COVERAGE,,,PARTIAL_COVERAGE,0E+3,,0.1269487750556792873051224944,-1.176,1.762,-2.938,-0.023504,0,2.938,NEGATIVE,"{'STOP': 96, 'SESSION_FLAT': 5, 'TAKE': 16, 'MAX_HOLD': 8}",Declared conditional M5 model; full fields require full approved-window period coverage; closed diagnostics omit all unknown trades,0,0.2824337672600446323074060302,0,0.2461740261042966066581352113,-1.666666666666666666666666667,-1.801949929220946825068765818,1,1.105406001939793266542944517,-0.05161290322580645161290322581,-0.3014220475190019514771942256,125,34,77,,5.0,34,0.272,23,13,0.104,27,4,0.032,6,2,0.016,0
VWAP_MR_CNYRUBF,LONG,net_outcome,UNKNOWN,12,0,12,False,PARTIAL_COVERAGE,UNRESOLVED,UNRESOLVED,False,,,UNRESOLVED,UNRESOLVED,,,UNRESOLVED,,,UNRESOLVED,,NO_CLOSED_TRADES,,,,,,,,NO_CLOSED_TRADES,{'UNKNOWN_PATH_CONDITIONAL_REDUCE_ALL': 12},Declared conditional M5 model; full fields require full approved-window period coverage; closed diagnostics omit all unknown trades,,,,,,,1,1.138888888888888888888888889,0E+2,-0.03846153846153846153846153846,0,0,0,,,0,,0,0,,0,0,,0,0,,0
VWAP_MR_CNYRUBF,LONG,net_outcome,WIN,28,28,0,False,PARTIAL_COVERAGE,ACCOUNTED,PARTIAL_COVERAGE,False,,,PARTIAL_COVERAGE,PARTIAL_COVERAGE,,,PARTIAL_COVERAGE,,,PARTIAL_COVERAGE,,NO_LOSSES,,0.354,0.128,0.226,0.008071428571428571428571428571,1,0,POSITIVE,"{'TAKE': 26, 'SESSION_FLAT': 1, 'MAX_HOLD': 1}",Declared conditional M5 model; full fields require full approved-window period coverage; closed diagnostics omit all unknown trades,0.7525252525252525252525252525,1.080640391354677068962783248,0.2363636363636363636363636364,0.3273658880801737944595087452,0.5,0.8378087190587190587190587193,0.2222222222222222222222222222,0.3916133469704898276326847754,-0.2696969696969696969696969697,-0.3276758685939720143078863642,28,0,0,12.5,,18,0.6428571428571428571428571429,7,11,0.3928571428571428571428571429,9,6,0.2142857142857142857142857143,4,3,0.1071428571428571428571428571,5
VWAP_MR_CNYRUBF,LONG,net_outcome,ZERO,12,12,0,False,PARTIAL_COVERAGE,ACCOUNTED,PARTIAL_COVERAGE,False,,,PARTIAL_COVERAGE,PARTIAL_COVERAGE,,,PARTIAL_COVERAGE,,,PARTIAL_COVERAGE,,NO_LOSSES,,0.222,0.222,0.000,0.000,0,0,ZERO_NET,{'TAKE': 12},Declared conditional M5 model; full fields require full approved-window period coverage; closed diagnostics omit all unknown trades,1,1.018518518518518518518518519,0.125,0.2291666666666666666666666667,0,0,1,1.032407407407407407407407408,0E+2,-0.07173872875092387287509238727,12,0,0,,,11,0.9166666666666666666666666667,1,8,0.6666666666666666666666666667,3,2,0.1666666666666666666666666667,3,0,0,2
VWAP_MR_CNYRUBF,LONG,adx_regime,NOT_READY,108,97,11,False,PARTIAL_COVERAGE,UNRESOLVED,UNRESOLVED,False,,,UNRESOLVED,UNRESOLVED,,,UNRESOLVED,,,UNRESOLVED,0.08377270064440538957234915056,,0.6553595658073270013568521031,-0.254,1.310,-1.564,-0.01612371134020618556701030928,0.1752577319587628865979381443,1.564,NEGATIVE,"{'STOP': 55, 'TAKE': 33, 'UNKNOWN_PATH_CONDITIONAL_REDUCE_ALL': 11, 'MAX_HOLD': 8, 'SESSION_FLAT': 1}",Declared conditional M5 model; full fields require full approved-window period coverage; closed diagnostics omit all unknown trades,0.2,0.4748666867562194524343670256,0,0.2486712315710646926646005939,-1.181818181818181818181818182,-1.260006189736882525699459652,1,1.062993522870596165445329766,0E+2,-0.2316678585876578913428734412,97,19,47,15.0,5.0,38,0.3917525773195876288659793814,19,19,0.1958762886597938144329896907,26,7,0.07216494845360824742268041237,6,3,0.03092783505154639175257731959,4
VWAP_MR_CNYRUBF,LONG,adx_regime,SUB_25,30,30,0,False,PARTIAL_COVERAGE,ACCOUNTED,PARTIAL_COVERAGE,False,,,PARTIAL_COVERAGE,PARTIAL_COVERAGE,,,PARTIAL_COVERAGE,,,PARTIAL_COVERAGE,0.09544468546637744034707158351,,0.4810126582278481012658227848,-0.123,0.294,-0.417,-0.0139,0.2,0.417,NEGATIVE,"{'STOP': 19, 'TAKE': 8, 'SESSION_FLAT': 2, 'MAX_HOLD': 1}",Declared conditional M5 model; full fields require full approved-window period coverage; closed diagnostics omit all unknown trades,0.1805555555555555555555555556,0.693966218966218966218966219,0.04166666666666666666666666666,0.2658323158323158323158323158,-1.253968253968253968253968254,-1.084590964590964590964590965,0.6666666666666666666666666665,0.8499145299145299145299145307,-0.3439803439803439803439803440,-0.3768771858767636462865130937,30,8,15,12.5,5.0,14,0.4666666666666666666666666667,2,9,0.3,2,5,0.1666666666666666666666666667,3,2,0.06666666666666666666666666667,2
VWAP_MR_CNYRUBF,LONG,adx_regime,TREND_25_PLUS,39,38,1,False,PARTIAL_COVERAGE,UNRESOLVED,UNRESOLVED,False,,,UNRESOLVED,UNRESOLVED,,,UNRESOLVED,,,UNRESOLVED,0.05064935064935064935064935065,,0.4021447721179624664879356568,-0.223,0.508,-0.731,-0.01923684210526315789473684211,0.1315789473684210526315789474,0.736,NEGATIVE,"{'UNKNOWN_PATH_CONDITIONAL_REDUCE_ALL': 1, 'SESSION_FLAT': 3, 'TAKE': 13, 'STOP': 22}",Declared conditional M5 model; full fields require full approved-window period coverage; closed diagnostics omit all unknown trades,0,0.286929444824181666286929445,0.04545454545454545454545454546,0.2787347155768208399787347155,-1.325,-1.237546517809675704412546518,1,0.8947626447626447626447626449,-0.25,-0.3038112605970781203745389503,38,7,15,10.0,5.0,11,0.2894736842105263157894736842,10,4,0.1052631578947368421052631579,11,0,0,4,0,0,1
VWAP_MR_CNYRUBF,LONG,di_aligned,False,126,117,9,False,PARTIAL_COVERAGE,UNRESOLVED,UNRESOLVED,False,,,UNRESOLVED,UNRESOLVED,,,UNRESOLVED,,,UNRESOLVED,0.06398537477148080438756855576,,0.4645354645354645354645354645,-0.536,1.512,-2.048,-0.01750427350427350427350427350,0.1538461538461538461538461538,2.048,NEGATIVE,"{'STOP': 72, 'UNKNOWN_PATH_CONDITIONAL_REDUCE_ALL': 9, 'SESSION_FLAT': 5, 'TAKE': 35, 'MAX_HOLD': 5}",Declared conditional M5 model; full fields require full approved-window period coverage; closed diagnostics omit all unknown trades,0.1666666666666666666666666667,0.4858051887966417880947795479,0,0.2523873246095468317690539915,-1.4,-1.313095032539476983921428368,1,1.022418792260062101331942603,0E+1,-0.2749649361211626394647432502,117,22,57,12.5,5.0,43,0.3675213675213675213675213675,22,22,0.1880341880341880341880341880,27,8,0.06837606837606837606837606838,8,5,0.04273504273504273504273504274,4
VWAP_MR_CNYRUBF,LONG,di_aligned,None,9,9,0,False,PARTIAL_COVERAGE,ACCOUNTED,PARTIAL_COVERAGE,False,,,PARTIAL_COVERAGE,PARTIAL_COVERAGE,,,PARTIAL_COVERAGE,,,PARTIAL_COVERAGE,0.2479338842975206611570247934,,0.9787234042553191489361702128,-0.001,0.090,-0.091,-0.01011111111111111111111111111,0.3333333333333333333333333333,0.11,NEGATIVE,"{'STOP': 4, 'MAX_HOLD': 2, 'TAKE': 3}",Declared conditional M5 model; full fields require full approved-window period coverage; closed diagnostics omit all unknown trades,0.4285714285714285714285714286,0.3203463203463203463203463203,0.2727272727272727272727272727,0.2683982683982683982683982683,-0.5,-0.9851491101491101491101491102,0.6666666666666666666666666667,0.8103655603655603655603655604,-0.2647058823529411764705882354,-0.2724205379581748511095583782,9,2,4,20.0,5.0,3,0.3333333333333333333333333333,2,1,0.1111111111111111111111111111,2,0,0,0,0,0,0
VWAP_MR_CNYRUBF,LONG,di_aligned,True,42,39,3,False,PARTIAL_COVERAGE,UNRESOLVED,UNRESOLVED,False,,,UNRESOLVED,UNRESOLVED,,,UNRESOLVED,,,UNRESOLVED,0.08903020667726550079491255962,,0.7892976588628762541806020067,-0.063,0.510,-0.573,-0.01469230769230769230769230769,0.1794871794871794871794871795,0.573,NEGATIVE,"{'STOP': 20, 'TAKE': 16, 'UNKNOWN_PATH_CONDITIONAL_REDUCE_ALL': 3, 'MAX_HOLD': 2, 'SESSION_FLAT': 1}",Declared conditional M5 model; full fields require full approved-window period coverage; closed diagnostics omit all unknown trades,0.08759124087591240875912408759,0.4631294901367894068623995633,0.2,0.2754640188302704404035447403,-1.090909090909090909090909091,-1.00734964667983130842727236,1,0.9304386105987038330778746652,0E+2,-0.2637551589087129075164063948,39,10,16,10.0,5.0,17,0.4358974358974358974358974359,7,9,0.2307692307692307692307692308,10,4,0.1025641025641025641025641026,5,0,0,3
VWAP_MR_CNYRUBF,LONG,ema_aligned,None,177,165,12,False,PARTIAL_COVERAGE,UNRESOLVED,UNRESOLVED,False,,,UNRESOLVED,UNRESOLVED,,,UNRESOLVED,,,UNRESOLVED,0.07692307692307692307692307692,,0.5545657015590200445434298441,-0.600,2.112,-2.712,-0.01643636363636363636363636364,0.1696969696969696969696969697,2.712,NEGATIVE,"{'STOP': 96, 'UNKNOWN_PATH_CONDITIONAL_REDUCE_ALL': 12, 'SESSION_FLAT': 6, 'TAKE': 54, 'MAX_HOLD': 9}",Declared conditional M5 model; full fields require full approved-window period coverage; closed diagnostics omit all unknown trades,0.1363636363636363636363636364,0.47142044901611369207033883,0,0.2587151401774663156189887653,-1.222222222222222222222222222,-1.222939981933177087814921716,1,0.9898106187186634409442869718,0E+27,-0.2721756128082260358657217147,165,34,77,12.5,5.0,63,0.3818181818181818181818181818,31,32,0.1939393939393939393939393939,39,12,0.07272727272727272727272727273,13,5,0.03030303030303030303030303030,7
VWAP_MR_CNYRUBF,LONG,breakout_entry_class,INSIDE_RANGE,170,158,12,False,PARTIAL_COVERAGE,UNRESOLVED,UNRESOLVED,False,,,UNRESOLVED,UNRESOLVED,,,UNRESOLVED,,,UNRESOLVED,0.06687456687456687456687456687,,0.5123966942148760330578512397,-0.649,2.044,-2.693,-0.01704430379746835443037974684,0.1645569620253164556962025316,2.693,NEGATIVE,"{'STOP': 92, 'UNKNOWN_PATH_CONDITIONAL_REDUCE_ALL': 12, 'SESSION_FLAT': 6, 'TAKE': 51, 'MAX_HOLD': 9}",Declared conditional M5 model; full fields require full approved-window period coverage; closed diagnostics omit all unknown trades,0.1237373737373737373737373738,0.4441665410227731210822775085,0,0.2664372723947648808103939062,-1.222222222222222222222222222,-1.226583851481808447094792624,1,0.9843999686159916503664135829,0E+2,-0.2533489581518127689916531229,158,33,74,10.0,5.0,60,0.3797468354430379746835443038,29,29,0.1835443037974683544303797468,37,10,0.06329113924050632911392405063,12,4,0.02531645569620253164556962025,7
VWAP_MR_CNYRUBF,LONG,breakout_entry_class,PERSISTENT_LE_1_ATR,7,7,0,False,PARTIAL_COVERAGE,ACCOUNTED,PARTIAL_COVERAGE,False,,,PARTIAL_COVERAGE,PARTIAL_COVERAGE,,,PARTIAL_COVERAGE,,,PARTIAL_COVERAGE,0.6346153846153846153846153846,,4.0625,0.049,0.068,-0.019,-0.002714285714285714285714285714,0.2857142857142857142857142857,0.04,NEGATIVE,"{'TAKE': 3, 'STOP': 4}",Declared conditional M5 model; full fields require full approved-window period coverage; closed diagnostics omit all unknown trades,0.3333333333333333333333333333,1.086580086580086580086580087,0,0.08441558441558441558441558441,-1.666666666666666666666666667,-1.140692640692640692640692641,1,1.121212121212121212121212121,-0.7500000000000000000000000002,-0.7293943687496910885216732294,7,1,3,22.5,5.0,3,0.4285714285714285714285714286,2,3,0.4285714285714285714285714286,2,2,0.2857142857142857142857142857,1,1,0.1428571428571428571428571429,0
VWAP_MR_CNYRUBF,LONG,cost_class,NET_RR_GE_1,23,23,0,False,PARTIAL_COVERAGE,ACCOUNTED,PARTIAL_COVERAGE,False,,,PARTIAL_COVERAGE,PARTIAL_COVERAGE,,,PARTIAL_COVERAGE,,,PARTIAL_COVERAGE,0.3445945945945945945945945946,,0.6489361702127659574468085106,-0.033,0.064,-0.097,-0.004217391304347826086956521739,0.2173913043478260869565217391,0.097,NEGATIVE,"{'STOP': 16, 'TAKE': 5, 'MAX_HOLD': 2}",Declared conditional M5 model; full fields require full approved-window period coverage; closed diagnostics omit all unknown trades,0.09090909090909090909090909091,0.8318040654997176736307171091,0,0.1981303720434155216763912416,-1.333333333333333333333333333,-0.7262626262626262626262626261,0.4,0.5795470230252838948491122404,-0.9230769230769230769230769229,-0.9218034120720547064680875809,23,4,15,5.0,2.5,9,0.3913043478260869565217391304,5,7,0.3043478260869565217391304348,4,5,0.2173913043478260869565217391,2,4,0.1739130434782608695652173913,2
VWAP_MR_CNYRUBF,LONG,cost_class,NET_RR_LT_1,65,65,0,False,PARTIAL_COVERAGE,ACCOUNTED,PARTIAL_COVERAGE,False,,,PARTIAL_COVERAGE,PARTIAL_COVERAGE,,,PARTIAL_COVERAGE,,,PARTIAL_COVERAGE,0.1708984375,,0.5051724137931034482758620690,-0.287,0.562,-0.849,-0.01306153846153846153846153846,0.3538461538461538461538461538,0.869,NEGATIVE,"{'TAKE': 21, 'STOP': 35, 'SESSION_FLAT': 4, 'MAX_HOLD': 5}",Declared conditional M5 model; full fields require full approved-window period coverage; closed diagnostics omit all unknown trades,0.25,0.4527793593683543150134952497,0.4166666666666666666666666667,0.3697309957507467168265794285,-1.090909090909090909090909091,-0.8725756961738069509645293243,0.25,0.6474472261660556405742520614,-0.3130434782608695652173913044,-0.2942689178193818436755355111,65,9,25,15.0,5.0,22,0.3384615384615384615384615385,11,10,0.1538461538461538461538461538,11,3,0.04615384615384615384615384615,4,1,0.01538461538461538461538461538,3
VWAP_MR_CNYRUBF,LONG,cost_class,TARGET_CANNOT_PAY_C1,89,77,12,False,PARTIAL_COVERAGE,UNRESOLVED,UNRESOLVED,False,,,UNRESOLVED,UNRESOLVED,,,UNRESOLVED,,,UNRESOLVED,0E+3,,0.5839524517087667161961367013,-0.280,1.486,-1.766,-0.02293506493506493506493506494,0,1.766,NEGATIVE,"{'STOP': 45, 'UNKNOWN_PATH_CONDITIONAL_REDUCE_ALL': 12, 'SESSION_FLAT': 2, 'TAKE': 28, 'MAX_HOLD': 2}",Declared conditional M5 model; full fields require full approved-window period coverage; closed diagnostics omit all unknown trades,0,0.3795093795093795093795093795,0,0.1830972058244785517512790242,-2,-1.667060212514757969303423849,1,1.345874475087958234025649757,0E+27,-0.08815871158583067708490922397,77,21,37,,5.0,32,0.4155844155844155844155844156,15,15,0.1948051948051948051948051948,24,4,0.05194805194805194805194805195,7,0,0,2
VWAP_MR_CNYRUBF,SHORT,ALL,ALL,190,180,10,False,PARTIAL_COVERAGE,UNRESOLVED,UNRESOLVED,False,,,UNRESOLVED,UNRESOLVED,,,UNRESOLVED,,,UNRESOLVED,0.08879741252572772713907674213,,0.4696464309539693128752501668,-0.795,2.304,-3.099,-0.01721666666666666666666666667,0.1722222222222222222222222222,3.099,NEGATIVE,"{'STOP': 120, 'UNKNOWN_PATH_CONDITIONAL_REDUCE_ALL': 10, 'SESSION_FLAT': 6, 'TAKE': 51, 'MAX_HOLD': 3}",Declared conditional M5 model; full fields require full approved-window period coverage; closed diagnostics omit all unknown trades,0.3603896103896103896103896104,0.5038769237298649063354945707,0,0.2053720868484800373345264986,-1.45,-1.385018872047380819310643871,1,1.069835368223831642440083047,-0.3386327503974562798092209857,-0.3422924624221641491915568403,180,56,88,10.0,5.0,85,0.4722222222222222222222222222,25,46,0.2555555555555555555555555556,30,11,0.06111111111111111111111111111,12,0,0,10
VWAP_MR_CNYRUBF,SHORT,exit_reason,MAX_HOLD,3,3,0,False,PARTIAL_COVERAGE,ACCOUNTED,PARTIAL_COVERAGE,False,,,PARTIAL_COVERAGE,PARTIAL_COVERAGE,,,PARTIAL_COVERAGE,,,PARTIAL_COVERAGE,0E+3,,0.2222222222222222222222222222,-0.007,0.024,-0.031,-0.01033333333333333333333333333,0,0.031,NEGATIVE,{'MAX_HOLD': 3},Declared conditional M5 model; full fields require full approved-window period coverage; closed diagnostics omit all unknown trades,0.3529411764705882352941176471,0.3176470588235294117647058824,0.5882352941176470588235294118,0.5794117647058823529411764707,-0.4,-0.3166666666666666666666666667,0.1176470588235294117647058824,0.2058823529411764705882352941,-0.2898550724637681159420289855,-0.4077504626682092743582546627,3,0,0,,60.0,0,0,0,0,0,0,0,0,0,0,0,0
VWAP_MR_CNYRUBF,SHORT,exit_reason,SESSION_FLAT,6,6,0,False,PARTIAL_COVERAGE,ACCOUNTED,PARTIAL_COVERAGE,False,,,PARTIAL_COVERAGE,PARTIAL_COVERAGE,,,PARTIAL_COVERAGE,,,PARTIAL_COVERAGE,0.3095238095238095238095238095,,,0.019,0.048,-0.029,-0.004833333333333333333333333333,0.3333333333333333333333333333,0.04,NEGATIVE,{'SESSION_FLAT': 6},Declared conditional M5 model; full fields require full approved-window period coverage; closed diagnostics omit all unknown trades,0.722222222222222222222222222,0.7504810004810004810004810007,0.4444444444444444444444444444,0.4248436748436748436748436748,-0.05555555555555555555555555555,-0.05603655603655603655603655608,0.2337662337662337662337662338,0.3980278980278980278980278982,-0.1863636363636363636363636364,-0.2626122104845509100828249765,6,2,0,32.5,50.0,4,0.6666666666666666666666666667,0,2,0.3333333333333333333333333333,0,0,0,0,0,0,0
VWAP_MR_CNYRUBF,SHORT,exit_reason,STOP,120,120,0,False,PARTIAL_COVERAGE,ACCOUNTED,PARTIAL_COVERAGE,False,,,PARTIAL_COVERAGE,PARTIAL_COVERAGE,,,PARTIAL_COVERAGE,,,PARTIAL_COVERAGE,0E+3,,0E+3,-1.490,1.698,-3.188,-0.02656666666666666666666666667,0,3.188,NEGATIVE,{'STOP': 120},Declared conditional M5 model; full fields require full approved-window period coverage; closed diagnostics omit all unknown trades,0,0.3365655062530062530062530061,0,0.1698171011493379914432546011,-2,-2.248147815878079035973772816,1,1.246758926989190147084883926,-0.4580419580419580419580419580,-0.380909288514030812058478801,120,42,88,,5.0,42,0.35,14,22,0.1833333333333333333333333333,12,4,0.03333333333333333333333333333,3,0,0,3
VWAP_MR_CNYRUBF,SHORT,exit_reason,TAKE,51,51,0,False,PARTIAL_COVERAGE,ACCOUNTED,PARTIAL_COVERAGE,False,,,PARTIAL_COVERAGE,PARTIAL_COVERAGE,,,PARTIAL_COVERAGE,,,PARTIAL_COVERAGE,2.064285714285714285714285714,,,0.683,0.534,0.149,0.002921568627450980392156862745,0.5686274509803921568627450980,0.11,POSITIVE,{'TAKE': 51},Declared conditional M5 model; full fields require full approved-window period coverage; closed diagnostics omit all unknown trades,0.6666666666666666666666666667,0.8794933008168302285949344773,0.2,0.2412083559142382671794436502,0.25,0.4266776524129465305935894173,0.5,0.6663758354934825523060817176,-0E+27,-0.24362705035309244075591623,51,12,0,10.0,10.0,39,0.7647058823529411764705882353,11,22,0.4313725490196078431372549020,18,7,0.1372549019607843137254901961,9,0,0,7
VWAP_MR_CNYRUBF,SHORT,exit_reason,UNKNOWN_PATH_CONDITIONAL_REDUCE_ALL,10,0,10,False,PARTIAL_COVERAGE,UNRESOLVED,UNRESOLVED,False,,,UNRESOLVED,UNRESOLVED,,,UNRESOLVED,,,UNRESOLVED,,NO_CLOSED_TRADES,,,,,,,,NO_CLOSED_TRADES,{'UNKNOWN_PATH_CONDITIONAL_REDUCE_ALL': 10},Declared conditional M5 model; full fields require full approved-window period coverage; closed diagnostics omit all unknown trades,,,,,,,2,1.666666666666666666666666667,-0.5733333333333333333333333335,-0.4102549019607843137254901961,0,0,0,,,0,,0,0,,0,0,,0,0,,0
VWAP_MR_CNYRUBF,SHORT,time_bucket,11:00,8,8,0,False,PARTIAL_COVERAGE,ACCOUNTED,PARTIAL_COVERAGE,False,,,PARTIAL_COVERAGE,PARTIAL_COVERAGE,,,PARTIAL_COVERAGE,,,PARTIAL_COVERAGE,0.1829268292682926829268292683,,0.65,-0.028,0.106,-0.134,-0.01675,0.125,0.140,NEGATIVE,"{'STOP': 6, 'TAKE': 2}",Declared conditional M5 model; full fields require full approved-window period coverage; closed diagnostics omit all unknown trades,0.4375,0.5894886363636363636363636364,0.0625,0.1676136363636363636363636364,-1.625,-1.511363636363636363636363636,1.5,1.178030303030303030303030303,-0.4942074599879461595124891181,-0.3418374687121568185158931772,8,3,4,5.0,7.5,4,0.5,2,2,0.25,2,1,0.125,0,0,0,1
VWAP_MR_CNYRUBF,SHORT,time_bucket,11:30,16,16,0,False,PARTIAL_COVERAGE,ACCOUNTED,PARTIAL_COVERAGE,False,,,PARTIAL_COVERAGE,PARTIAL_COVERAGE,,,PARTIAL_COVERAGE,,,PARTIAL_COVERAGE,0.1282051282051282051282051282,,1.252252252252252252252252252,0.028,0.266,-0.238,-0.014875,0.1875,0.26,NEGATIVE,"{'STOP': 8, 'TAKE': 8}",Declared conditional M5 model; full fields require full approved-window period coverage; closed diagnostics omit all unknown trades,0.8333333333333333333333333335,0.8298611111111111111111111106,0,0.1388888888888888888888888889,-1.333333333333333333333333334,-1.149305555555555555555555556,1,1.256944444444444444444444444,-0.1621621621621621621621621622,-0.3225273627712652102896005335,16,5,6,30.0,5.0,10,0.625,3,8,0.5,4,2,0.125,2,0,0,2
VWAP_MR_CNYRUBF,SHORT,time_bucket,12:00,14,12,2,False,PARTIAL_COVERAGE,UNRESOLVED,UNRESOLVED,False,,,UNRESOLVED,UNRESOLVED,,,UNRESOLVED,,,UNRESOLVED,0.1488095238095238095238095238,,0.8428571428571428571428571429,-0.011,0.132,-0.143,-0.01191666666666666666666666667,0.25,0.143,NEGATIVE,"{'UNKNOWN_PATH_CONDITIONAL_REDUCE_ALL': 2, 'TAKE': 4, 'STOP': 6, 'MAX_HOLD': 2}",Declared conditional M5 model; full fields require full approved-window period coverage; closed diagnostics omit all unknown trades,0.45,0.4527777777777777777777777778,0.2666666666666666666666666666,0.3178030303030303030303030303,-0.875,-1.015867003367003367003367003,1,0.8883838383838383838383838379,-0.5337062937062937062937062935,-0.4574932604177980810622024022,12,4,3,10.0,15.0,6,0.5,2,3,0.25,4,0,0,2,0,0,1
VWAP_MR_CNYRUBF,SHORT,time_bucket,12:30,17,16,1,False,PARTIAL_COVERAGE,UNRESOLVED,UNRESOLVED,False,,,UNRESOLVED,UNRESOLVED,,,UNRESOLVED,,,UNRESOLVED,0.03987730061349693251533742331,,0.3615384615384615384615384615,-0.083,0.230,-0.313,-0.0195625,0.125,0.313,NEGATIVE,"{'SESSION_FLAT': 2, 'STOP': 9, 'UNKNOWN_PATH_CONDITIONAL_REDUCE_ALL': 1, 'TAKE': 5}",Declared conditional M5 model; full fields require full approved-window period coverage; closed diagnostics omit all unknown trades,0.5833333333333333333333333335,0.6138063325563325563325563326,0.3333333333333333333333333333,0.2885283119658119658119658119,-1.208333333333333333333333333,-1.343737859362859362859362859,1,1.01157502628090863384981032,-0E+27,-0.2593181432222119490941827179,16,11,4,17.5,15.0,12,0.75,2,4,0.25,3,0,0,0,0,0,0
VWAP_MR_CNYRUBF,SHORT,time_bucket,13:00,12,12,0,False,PARTIAL_COVERAGE,ACCOUNTED,PARTIAL_COVERAGE,False,,,PARTIAL_COVERAGE,PARTIAL_COVERAGE,,,PARTIAL_COVERAGE,,,PARTIAL_COVERAGE,0.08189655172413793103448275862,,0.25,-0.081,0.132,-0.213,-0.01775,0.25,0.221,NEGATIVE,"{'STOP': 8, 'SESSION_FLAT': 2, 'TAKE': 2}",Declared conditional M5 model; full fields require full approved-window period coverage; closed diagnostics omit all unknown trades,0.3928571428571428571428571428,0.3548701298701298701298701299,0.2440476190476190476190476190,0.2691017316017316017316017315,-1.833333333333333333333333334,-1.331457431457431457431457431,0.8333333333333333333333333335,0.8814213564213564213564213567,-0.05,-0.2219366236393885104419777081,12,3,5,15.0,7.5,5,0.4166666666666666666666666667,1,1,0.08333333333333333333333333333,2,0,0,0,0,0,0
VWAP_MR_CNYRUBF,SHORT,time_bucket,15:00,3,3,0,False,PARTIAL_COVERAGE,ACCOUNTED,PARTIAL_COVERAGE,False,,,PARTIAL_COVERAGE,PARTIAL_COVERAGE,,,PARTIAL_COVERAGE,,,PARTIAL_COVERAGE,0E+3,,0E+3,-0.033,0.024,-0.057,-0.019,0,0.057,NEGATIVE,{'STOP': 3},Declared conditional M5 model; full fields require full approved-window period coverage; closed diagnostics omit all unknown trades,0,0.04761904761904761904761904763,0.1666666666666666666666666667,0.3412698412698412698412698413,-1.333333333333333333333333333,-1.539682539682539682539682540,0.3333333333333333333333333333,0.5396825396825396825396825397,-0.4931506849315068493150684932,-0.3754338354118794193253646263,3,0,2,,5.0,0,0,1,0,0,0,0,0,0,0,0,0
VWAP_MR_CNYRUBF,SHORT,time_bucket,15:30,17,15,2,False,PARTIAL_COVERAGE,UNRESOLVED,UNRESOLVED,False,,,UNRESOLVED,UNRESOLVED,,,UNRESOLVED,,,UNRESOLVED,0.1696113074204946996466431095,,0.4148148148148148148148148148,-0.079,0.156,-0.235,-0.01566666666666666666666666667,0.2666666666666666666666666667,0.24,NEGATIVE,"{'STOP': 11, 'UNKNOWN_PATH_CONDITIONAL_REDUCE_ALL': 2, 'TAKE': 4}",Declared conditional M5 model; full fields require full approved-window period coverage; closed diagnostics omit all unknown trades,0,0.2449572649572649572649572649,0,0.1544444444444444444444444445,-1.666666666666666666666666667,-1.273787878787878787878787879,1,1.083960647195941313588372411,-0.5454545454545454545454545456,-0.4770577167660693139275754199,15,1,10,7.5,0.0,4,0.2666666666666666666666666667,1,2,0.1333333333333333333333333333,2,0,0,3,0,0,1
VWAP_MR_CNYRUBF,SHORT,time_bucket,16:00,26,25,1,False,PARTIAL_COVERAGE,UNRESOLVED,UNRESOLVED,False,,,UNRESOLVED,UNRESOLVED,,,UNRESOLVED,,,UNRESOLVED,0.1898016997167138810198300283,,0.9860139860139860139860139860,-0.002,0.284,-0.286,-0.01144,0.24,0.331,NEGATIVE,"{'TAKE': 11, 'STOP': 13, 'UNKNOWN_PATH_CONDITIONAL_REDUCE_ALL': 1, 'MAX_HOLD': 1}",Declared conditional M5 model; full fields require full approved-window period coverage; closed diagnostics omit all unknown trades,0.5,0.6382843137254901960784313724,0,0.2174299965600275197798417613,-1.105263157894736842105263158,-0.8235994152046783625730994148,0.6666666666666666666666666665,0.9597486835489931465163663308,-0.4850065189048239895697522816,-0.4171892580479452467331547819,25,7,11,5.0,5.0,14,0.56,2,8,0.32,3,3,0.12,1,0,0,3
VWAP_MR_CNYRUBF,SHORT,time_bucket,16:30,22,20,2,False,PARTIAL_COVERAGE,UNRESOLVED,UNRESOLVED,False,,,UNRESOLVED,UNRESOLVED,,,UNRESOLVED,,,UNRESOLVED,0.008421052631578947368421052632,,0.1078838174273858921161825726,-0.215,0.256,-0.471,-0.02355,0.05,0.471,NEGATIVE,"{'UNKNOWN_PATH_CONDITIONAL_REDUCE_ALL': 2, 'STOP': 18, 'TAKE': 2}",Declared conditional M5 model; full fields require full approved-window period coverage; closed diagnostics omit all unknown trades,0.3333333333333333333333333333,0.4827678571428571428571428570,0,0.1995535714285714285714285714,-1.833333333333333333333333334,-1.891170634920634920634920635,1,1.138943001443001443001443001,-0.4097578015836050302748020494,-0.3675625439186921826347626284,20,5,14,5.0,5.0,7,0.35,3,4,0.2,3,2,0.1,1,0,0,2
VWAP_MR_CNYRUBF,SHORT,time_bucket,17:00,21,19,2,False,PARTIAL_COVERAGE,UNRESOLVED,UNRESOLVED,False,,,UNRESOLVED,UNRESOLVED,,,UNRESOLVED,,,UNRESOLVED,0.02325581395348837209302325581,,0.3333333333333333333333333333,-0.106,0.272,-0.378,-0.01989473684210526315789473684,0.1052631578947368421052631579,0.378,NEGATIVE,"{'STOP': 14, 'TAKE': 5, 'UNKNOWN_PATH_CONDITIONAL_REDUCE_ALL': 2}",Declared conditional M5 model; full fields require full approved-window period coverage; closed diagnostics omit all unknown trades,0.1666666666666666666666666667,0.4590643274853801169590643275,0,0.1828814460393407761828814461,-2,-1.803296119085592769803296119,1,1.264670514670514670514670515,-0E+27,-0.1773373682834605297505433943,19,8,11,7.5,7.5,9,0.4736842105263157894736842105,4,6,0.3157894736842105263157894737,3,1,0.05263157894736842105263157895,1,0,0,0
VWAP_MR_CNYRUBF,SHORT,time_bucket,17:30,24,24,0,False,PARTIAL_COVERAGE,ACCOUNTED,PARTIAL_COVERAGE,False,,,PARTIAL_COVERAGE,PARTIAL_COVERAGE,,,PARTIAL_COVERAGE,,,PARTIAL_COVERAGE,0.1058558558558558558558558559,,0.4306930693069306930693069307,-0.115,0.282,-0.397,-0.01654166666666666666666666667,0.2083333333333333333333333333,0.416,NEGATIVE,"{'STOP': 17, 'TAKE': 7}",Declared conditional M5 model; full fields require full approved-window period coverage; closed diagnostics omit all unknown trades,0.3194444444444444444444444444,0.4004586848336848336848336848,0,0.1756989538239538239538239538,-1.342857142857142857142857143,-1.424274221149221149221149221,1,0.9723358817108817108817108817,-0.4040747028862478777589134126,-0.3432320339351452527512055922,24,7,13,20.0,5.0,11,0.4583333333333333333333333333,3,5,0.2083333333333333333333333333,3,0,0,2,0,0,0
VWAP_MR_CNYRUBF,SHORT,time_bucket,18:00,10,10,0,False,PARTIAL_COVERAGE,ACCOUNTED,PARTIAL_COVERAGE,False,,,PARTIAL_COVERAGE,PARTIAL_COVERAGE,,,PARTIAL_COVERAGE,,,PARTIAL_COVERAGE,0.02092050209205020920502092050,,0.1954022988505747126436781609,-0.070,0.164,-0.234,-0.0234,0.1,0.234,NEGATIVE,"{'STOP': 7, 'TAKE': 1, 'SESSION_FLAT': 2}",Declared conditional M5 model; full fields require full approved-window period coverage; closed diagnostics omit all unknown trades,0,0.5428571428571428571428571429,0,0.1285714285714285714285714286,-2,-1.857142857142857142857142858,1.5,1.357142857142857142857142858,-0.3333333333333333333333333334,-0.3532643826761473820297349709,10,2,5,25.0,5.0,3,0.3,1,3,0.3,1,2,0.2,0,0,0,0
VWAP_MR_CNYRUBF,SHORT,session_half,AM,67,64,3,False,PARTIAL_COVERAGE,UNRESOLVED,UNRESOLVED,False,,,UNRESOLVED,UNRESOLVED,,,UNRESOLVED,,,UNRESOLVED,0.1049011177987962166809974205,,0.6492985971943887775551102204,-0.175,0.866,-1.041,-0.016265625,0.1875,1.041,NEGATIVE,"{'STOP': 37, 'UNKNOWN_PATH_CONDITIONAL_REDUCE_ALL': 3, 'SESSION_FLAT': 4, 'TAKE': 21, 'MAX_HOLD': 2}",Declared conditional M5 model; full fields require full approved-window period coverage; closed diagnostics omit all unknown trades,0.5,0.5860369231462981462981462980,0.03571428571428571428571428572,0.2378506476162726162726162725,-1.236111111111111111111111111,-1.252304639804639804639804640,1,1.040993417859089500880545656,-0.2727272727272727272727272727,-0.3189804644527900941423347206,64,26,22,12.5,10.0,37,0.578125,10,18,0.28125,15,3,0.046875,4,0,0,4
VWAP_MR_CNYRUBF,SHORT,session_half,PM,123,116,7,False,PARTIAL_COVERAGE,UNRESOLVED,UNRESOLVED,False,,,UNRESOLVED,UNRESOLVED,,,UNRESOLVED,,,UNRESOLVED,0.08042895442359249329758713137,,0.38,-0.620,1.438,-2.058,-0.01774137931034482758620689655,0.1637931034482758620689655172,2.062,NEGATIVE,"{'STOP': 83, 'UNKNOWN_PATH_CONDITIONAL_REDUCE_ALL': 7, 'TAKE': 30, 'SESSION_FLAT': 2, 'MAX_HOLD': 1}",Declared conditional M5 model; full fields require full approved-window period coverage; closed diagnostics omit all unknown trades,0.2202380952380952380952380952,0.4585472688794189808388591349,0,0.1874528809076289592997183475,-1.666666666666666666666666667,-1.458240517422686206715244826,1,1.085546024113569231744871706,-0.3913043478260869565217391304,-0.3549908678201158702346290518,116,30,66,5.0,5.0,48,0.4137931034482758620689655172,15,28,0.2413793103448275862068965517,15,8,0.06896551724137931034482758621,8,0,0,6
VWAP_MR_CNYRUBF,SHORT,net_outcome,LOSS,139,139,0,False,PARTIAL_COVERAGE,ACCOUNTED,PARTIAL_COVERAGE,False,,,PARTIAL_COVERAGE,PARTIAL_COVERAGE,,,PARTIAL_COVERAGE,,,PARTIAL_COVERAGE,0E+3,,0.09339559706470980653769179453,-1.359,2.042,-3.401,-0.02446762589928057553956834532,0,3.401,NEGATIVE,"{'STOP': 120, 'SESSION_FLAT': 3, 'TAKE': 14, 'MAX_HOLD': 2}",Declared conditional M5 model; full fields require full approved-window period coverage; closed diagnostics omit all unknown trades,0,0.3904002771808527204210657447,0,0.18525377237512792226915665,-2,-2.018025292684512676939787882,1,1.207833446161730902359452151,-0.2727272727272727272727272727,-0.3376203684420869119135657341,139,56,88,,5.0,56,0.4028776978417266187050359712,16,28,0.2014388489208633093525179856,17,6,0.04316546762589928057553956835,4,0,0,3
VWAP_MR_CNYRUBF,SHORT,net_outcome,UNKNOWN,10,0,10,False,PARTIAL_COVERAGE,UNRESOLVED,UNRESOLVED,False,,,UNRESOLVED,UNRESOLVED,,,UNRESOLVED,,,UNRESOLVED,,NO_CLOSED_TRADES,,,,,,,,NO_CLOSED_TRADES,{'UNKNOWN_PATH_CONDITIONAL_REDUCE_ALL': 10},Declared conditional M5 model; full fields require full approved-window period coverage; closed diagnostics omit all unknown trades,,,,,,,2,1.666666666666666666666666667,-0.5733333333333333333333333335,-0.4102549019607843137254901961,0,0,0,,,0,,0,0,,0,0,,0,0,,0
VWAP_MR_CNYRUBF,SHORT,net_outcome,WIN,31,31,0,False,PARTIAL_COVERAGE,ACCOUNTED,PARTIAL_COVERAGE,False,,,PARTIAL_COVERAGE,PARTIAL_COVERAGE,,,PARTIAL_COVERAGE,,,PARTIAL_COVERAGE,,NO_LOSSES,,0.400,0.098,0.302,0.009741935483870967741935483871,1,0,POSITIVE,"{'TAKE': 29, 'SESSION_FLAT': 2}",Declared conditional M5 model; full fields require full approved-window period coverage; closed diagnostics omit all unknown trades,0.6875,0.8512513024609798803347190442,0.25,0.2921624970012066786260334648,0.7142857142857142857142857143,1.006519958536087568345632862,0.2,0.3156784971301100333358397875,-0.4590163934426229508196721311,-0.4008038077222824106636433161,31,0,0,10.0,,22,0.7096774193548387096774193548,8,13,0.4193548387096774193548387097,10,3,0.09677419354838709677419354839,7,0,0,5
VWAP_MR_CNYRUBF,SHORT,net_outcome,ZERO,10,10,0,False,PARTIAL_COVERAGE,ACCOUNTED,PARTIAL_COVERAGE,False,,,PARTIAL_COVERAGE,PARTIAL_COVERAGE,,,PARTIAL_COVERAGE,,,PARTIAL_COVERAGE,,NO_LOSSES,,0.164,0.164,0.000,0.000,0,0,ZERO_NET,"{'TAKE': 8, 'SESSION_FLAT': 1, 'MAX_HOLD': 1}",Declared conditional M5 model; full fields require full approved-window period coverage; closed diagnostics omit all unknown trades,0.8333333333333333333333333335,1.004341736694677871148459384,0.2023809523809523809523809524,0.2159663865546218487394957983,0,0,0.6666666666666666666666666665,0.8927170868347338935574229692,-0E+27,-0.1578869587762509722582317864,10,0,0,,,7,0.7,1,5,0.5,3,2,0.2,1,0,0,2
VWAP_MR_CNYRUBF,SHORT,adx_regime,NOT_READY,116,107,9,False,PARTIAL_COVERAGE,UNRESOLVED,UNRESOLVED,False,,,UNRESOLVED,UNRESOLVED,,,UNRESOLVED,,,UNRESOLVED,0.09619896762083528859690286251,,0.5236004390779363336992316136,-0.434,1.492,-1.926,-0.018,0.1588785046728971962616822430,1.938,NEGATIVE,"{'STOP': 73, 'UNKNOWN_PATH_CONDITIONAL_REDUCE_ALL': 9, 'TAKE': 31, 'MAX_HOLD': 3}",Declared conditional M5 model; full fields require full approved-window period coverage; closed diagnostics omit all unknown trades,0.3529411764705882352941176471,0.5283614719224944623515266725,0,0.1899033686720674944395322857,-2,-1.446806312368289741629633414,1,1.189322935821281075898349304,-0.4602774274905422446406052963,-0.3764832181136081475161386984,107,32,55,5.0,5.0,51,0.4766355140186915887850467290,13,32,0.2990654205607476635514018692,18,8,0.07476635514018691588785046729,8,0,0,9
VWAP_MR_CNYRUBF,SHORT,adx_regime,SUB_25,38,38,0,False,PARTIAL_COVERAGE,ACCOUNTED,PARTIAL_COVERAGE,False,,,PARTIAL_COVERAGE,PARTIAL_COVERAGE,,,PARTIAL_COVERAGE,,,PARTIAL_COVERAGE,0.07438016528925619834710743802,,0.3217993079584775086505190311,-0.196,0.364,-0.560,-0.01473684210526315789473684211,0.2105263157894736842105263158,0.562,NEGATIVE,"{'SESSION_FLAT': 3, 'STOP': 25, 'TAKE': 10}",Declared conditional M5 model; full fields require full approved-window period coverage; closed diagnostics omit all unknown trades,0.3333333333333333333333333333,0.4006974385263858948069474387,0.0669642857142857142857142857,0.2363593643198906356801093643,-1.285714285714285714285714286,-1.259235355287986866934235356,0.4,0.7986639091902249796986639092,-0.1706730769230769230769230769,-0.3195942147801139914470073808,38,10,18,7.5,5.0,15,0.3947368421052631578947368421,6,5,0.1315789473684210526315789474,6,1,0.02631578947368421052631578947,2,0,0,1
VWAP_MR_CNYRUBF,SHORT,adx_regime,TREND_25_PLUS,36,35,1,False,PARTIAL_COVERAGE,UNRESOLVED,UNRESOLVED,False,,,UNRESOLVED,UNRESOLVED,,,UNRESOLVED,,,UNRESOLVED,0.07819548872180451127819548872,,0.4481605351170568561872909699,-0.165,0.448,-0.613,-0.01751428571428571428571428571,0.1714285714285714285714285714,0.613,NEGATIVE,"{'UNKNOWN_PATH_CONDITIONAL_REDUCE_ALL': 1, 'STOP': 22, 'TAKE': 10, 'SESSION_FLAT': 3}",Declared conditional M5 model; full fields require full approved-window period coverage; closed diagnostics omit all unknown trades,0.5,0.5410476031904603333174761746,0,0.2190188383045525902668759811,-1.181818181818181818181818182,-1.332690801262229833658405086,1,0.9710564127230793897460564128,-0E+27,-0.2560815110385642099871508383,35,14,15,22.5,7.5,19,0.5428571428571428571428571429,6,9,0.2571428571428571428571428571,6,2,0.05714285714285714285714285714,2,0,0,0
VWAP_MR_CNYRUBF,SHORT,di_aligned,False,121,114,7,False,PARTIAL_COVERAGE,UNRESOLVED,UNRESOLVED,False,,,UNRESOLVED,UNRESOLVED,,,UNRESOLVED,,,UNRESOLVED,0.06486721811057901610796691337,,0.4317048853439680957128614158,-0.570,1.578,-2.148,-0.01884210526315789473684210526,0.1491228070175438596491228070,2.158,NEGATIVE,"{'STOP': 76, 'UNKNOWN_PATH_CONDITIONAL_REDUCE_ALL': 7, 'TAKE': 30, 'SESSION_FLAT': 5, 'MAX_HOLD': 3}",Declared conditional M5 model; full fields require full approved-window period coverage; closed diagnostics omit all unknown trades,0.3550420168067226890756302521,0.4465332032088998033270479091,0,0.2183677516199513918269010332,-1.666666666666666666666666667,-1.479396569112635594630054461,1,1.105829040695222922789895644,-0.3243243243243243243243243244,-0.3378049186963722912128823563,114,37,54,10.0,5.0,52,0.4561403508771929824561403509,18,27,0.2368421052631578947368421053,19,2,0.01754385964912280701754385965,6,0,0,3
VWAP_MR_CNYRUBF,SHORT,di_aligned,None,15,14,1,False,PARTIAL_COVERAGE,UNRESOLVED,UNRESOLVED,False,,,UNRESOLVED,UNRESOLVED,,,UNRESOLVED,,,UNRESOLVED,0.1028938906752411575562700965,,0.2517482517482517482517482517,-0.107,0.172,-0.279,-0.01992857142857142857142857143,0.1428571428571428571428571429,0.279,NEGATIVE,"{'UNKNOWN_PATH_CONDITIONAL_REDUCE_ALL': 1, 'STOP': 12, 'TAKE': 2}",Declared conditional M5 model; full fields require full approved-window period coverage; closed diagnostics omit all unknown trades,0.1168831168831168831168831169,0.4184833024118738404452690167,0,0.1689084724799010513296227582,-2,-1.818568336425479282622139765,1,1.152886002886002886002886003,-0.3913043478260869565217391304,-0.2834870402505986508416652285,14,4,9,5.0,5.0,5,0.3571428571428571428571428571,3,3,0.2142857142857142857142857143,2,1,0.07142857142857142857142857143,0,0,0,0
VWAP_MR_CNYRUBF,SHORT,di_aligned,True,54,52,2,False,PARTIAL_COVERAGE,UNRESOLVED,UNRESOLVED,False,,,UNRESOLVED,UNRESOLVED,,,UNRESOLVED,,,UNRESOLVED,0.1525851197982345523329129887,,0.6657223796033994334277620397,-0.118,0.554,-0.672,-0.01292307692307692307692307692,0.2307692307692307692307692308,0.687,NEGATIVE,"{'SESSION_FLAT': 1, 'TAKE': 19, 'STOP': 32, 'UNKNOWN_PATH_CONDITIONAL_REDUCE_ALL': 2}",Declared conditional M5 model; full fields require full approved-window period coverage; closed diagnostics omit all unknown trades,0.5,0.6525825936883629191321499012,0,0.1866987179487179487179487179,-1.25,-1.061389064994834225603456373,0.6666666666666666666666666665,0.9661132591688147243702799257,-0.2533936651583710407239819004,-0.3686827239665029879076306687,52,15,25,7.5,5.0,28,0.5384615384615384615384615385,4,16,0.3076923076923076923076923077,9,8,0.1538461538461538461538461538,6,0,0,7
VWAP_MR_CNYRUBF,SHORT,ema_aligned,None,190,180,10,False,PARTIAL_COVERAGE,UNRESOLVED,UNRESOLVED,False,,,UNRESOLVED,UNRESOLVED,,,UNRESOLVED,,,UNRESOLVED,0.08879741252572772713907674213,,0.4696464309539693128752501668,-0.795,2.304,-3.099,-0.01721666666666666666666666667,0.1722222222222222222222222222,3.099,NEGATIVE,"{'STOP': 120, 'UNKNOWN_PATH_CONDITIONAL_REDUCE_ALL': 10, 'SESSION_FLAT': 6, 'TAKE': 51, 'MAX_HOLD': 3}",Declared conditional M5 model; full fields require full approved-window period coverage; closed diagnostics omit all unknown trades,0.3603896103896103896103896104,0.5038769237298649063354945707,0,0.2053720868484800373345264986,-1.45,-1.385018872047380819310643871,1,1.069835368223831642440083047,-0.3386327503974562798092209857,-0.3422924624221641491915568403,180,56,88,10.0,5.0,85,0.4722222222222222222222222222,25,46,0.2555555555555555555555555556,30,11,0.06111111111111111111111111111,12,0,0,10
VWAP_MR_CNYRUBF,SHORT,breakout_entry_class,INSIDE_RANGE,184,174,10,False,PARTIAL_COVERAGE,UNRESOLVED,UNRESOLVED,False,,,UNRESOLVED,UNRESOLVED,,,UNRESOLVED,,,UNRESOLVED,0.07649143532191376255168340224,,0.4403485254691689008042895442,-0.835,2.292,-3.127,-0.01797126436781609195402298851,0.1666666666666666666666666667,3.127,NEGATIVE,"{'STOP': 116, 'UNKNOWN_PATH_CONDITIONAL_REDUCE_ALL': 10, 'SESSION_FLAT': 6, 'TAKE': 49, 'MAX_HOLD': 3}",Declared conditional M5 model; full fields require full approved-window period coverage; closed diagnostics omit all unknown trades,0.3762626262626262626262626262,0.5133496912148027766689024295,0,0.2105860668547494639092802859,-1.366666666666666666666666666,-1.399349024723344142581892126,1,1.071297391100695717737042277,-0.2924685198384414350201948206,-0.3192806341163149214311138149,174,56,84,10.0,5.0,84,0.4827586206896551724137931034,22,45,0.2586206896551724137931034483,27,11,0.06321839080459770114942528736,9,0,0,7
VWAP_MR_CNYRUBF,SHORT,breakout_entry_class,PERSISTENT_LE_1_ATR,6,6,0,False,PARTIAL_COVERAGE,ACCOUNTED,PARTIAL_COVERAGE,False,,,PARTIAL_COVERAGE,PARTIAL_COVERAGE,,,PARTIAL_COVERAGE,,,PARTIAL_COVERAGE,2.866666666666666666666666667,,6.714285714285714285714285714,0.040,0.012,0.028,0.004666666666666666666666666667,0.3333333333333333333333333333,0.011,POSITIVE,"{'STOP': 4, 'TAKE': 2}",Declared conditional M5 model; full fields require full approved-window period coverage; closed diagnostics omit all unknown trades,0,0.2291666666666666666666666667,0,0.05416666666666666666666666667,-1.833333333333333333333333334,-0.9694444444444444444444444445,0.8333333333333333333333333335,1.025000000000000000000000000,-1.091803278688524590163934426,-1.047988530468207133845142952,6,0,4,5.0,0.0,1,0.1666666666666666666666666667,3,1,0.1666666666666666666666666667,3,0,0,3,0,0,3
VWAP_MR_CNYRUBF,SHORT,cost_class,NET_RR_GE_1,28,28,0,False,PARTIAL_COVERAGE,ACCOUNTED,PARTIAL_COVERAGE,False,,,PARTIAL_COVERAGE,PARTIAL_COVERAGE,,,PARTIAL_COVERAGE,,,PARTIAL_COVERAGE,0.9005524861878453038674033149,,1.691588785046728971962616822,0.074,0.092,-0.018,-0.0006428571428571428571428571429,0.3214285714285714285714285714,0.088,NEGATIVE,"{'STOP': 18, 'MAX_HOLD': 1, 'SESSION_FLAT': 1, 'TAKE': 8}",Declared conditional M5 model; full fields require full approved-window period coverage; closed diagnostics omit all unknown trades,0.3875,0.5451118326118326118326118325,0.125,0.2139159451659451659451659451,-1.25,-0.4329712945784374355802927232,0.3333333333333333333333333333,0.5480777159348587920016491446,-0.8092186854071930549813972715,-0.8300185713199718671678465468,28,6,15,15.0,0.0,13,0.4642857142857142857142857143,7,7,0.25,8,2,0.07142857142857142857142857143,7,0,0,7
VWAP_MR_CNYRUBF,SHORT,cost_class,NET_RR_LT_1,72,69,3,False,PARTIAL_COVERAGE,UNRESOLVED,UNRESOLVED,False,,,UNRESOLVED,UNRESOLVED,,,UNRESOLVED,,,UNRESOLVED,0.1323809523809523809523809524,,0.3831615120274914089347079038,-0.359,0.552,-0.911,-0.01320289855072463768115942029,0.3188405797101449275362318841,0.911,NEGATIVE,"{'UNKNOWN_PATH_CONDITIONAL_REDUCE_ALL': 3, 'STOP': 43, 'TAKE': 21, 'SESSION_FLAT': 3, 'MAX_HOLD': 2}",Declared conditional M5 model; full fields require full approved-window period coverage; closed diagnostics omit all unknown trades,0.3333333333333333333333333333,0.4459137433561985991653510835,0.07142857142857142857142857143,0.2557100845615450542089389849,-1.133333333333333333333333333,-1.031597111888873902603879720,0.2857142857142857142857142857,0.7442945914308143410310592968,-0.4305711987127916331456154465,-0.3624892158762957025268501832,69,14,33,10.0,5.0,29,0.4202898550724637681159420290,8,14,0.2028985507246376811594202899,7,1,0.01449275362318840579710144928,3,0,0,1
VWAP_MR_CNYRUBF,SHORT,cost_class,TARGET_CANNOT_PAY_C1,90,83,7,False,PARTIAL_COVERAGE,UNRESOLVED,UNRESOLVED,False,,,UNRESOLVED,UNRESOLVED,,,UNRESOLVED,,,UNRESOLVED,0E+2,,0.3703703703703703703703703704,-0.51,1.66,-2.17,-0.02614457831325301204819277108,0,2.17,NEGATIVE,"{'STOP': 59, 'UNKNOWN_PATH_CONDITIONAL_REDUCE_ALL': 7, 'SESSION_FLAT': 2, 'TAKE': 22}",Declared conditional M5 model; full fields require full approved-window period coverage; closed diagnostics omit all unknown trades,0.5,0.5381526104417670682730923695,0,0.1606425702811244979919678713,-2,-2.0000000000000000000000000,2,1.492592592592592592592592594,-0E+2,-0.1743980480017631720418098128,83,36,40,,5.0,43,0.5180722891566265060240963855,10,25,0.3012048192771084337349397590,15,8,0.09638554216867469879518072289,2,0,0,2
VWAP_MR_GLDRUBF,ALL,ALL,ALL,126,114,12,False,PARTIAL_COVERAGE,UNRESOLVED,UNRESOLVED,False,,,UNRESOLVED,UNRESOLVED,,,UNRESOLVED,,,UNRESOLVED,0.7835777126099706744868035191,,0.8446069469835466179159049360,-51.0,22.8,-73.8,-0.6473684210526315789473684211,0.4385964912280701754385964912,88.5,NEGATIVE,"{'STOP': 61, 'UNKNOWN_PATH_CONDITIONAL_REDUCE_ALL': 12, 'TAKE': 47, 'SESSION_FLAT': 4, 'MAX_HOLD': 2}",Declared conditional M5 model; full fields require full approved-window period coverage; closed diagnostics omit all unknown trades,0.3559964047252182845403184386,0.874185575882811929789453455,0.1478729603729603729603729604,0.2880452116700029568607231933,-1.015392812740512699070510923,-0.07991219909868406374722868269,0.03923076923076923076923076923,0.09230774856827918682653184302,-0.4652677732539931099279674288,-0.5177506449706988151980120498,114,20,42,10.0,5.0,48,0.4210526315789473684210526316,26,28,0.2456140350877192982456140351,20,14,0.1228070175438596491228070175,13,6,0.05263157894736842105263157895,14
VWAP_MR_GLDRUBF,ALL,exit_reason,MAX_HOLD,2,2,0,False,PARTIAL_COVERAGE,ACCOUNTED,PARTIAL_COVERAGE,False,,,PARTIAL_COVERAGE,PARTIAL_COVERAGE,,,PARTIAL_COVERAGE,,,PARTIAL_COVERAGE,0.02469135802469135802469135802,,0.05063291139240506329113924051,-7.5,0.4,-7.9,-3.95,0.5,8.1,NEGATIVE,{'MAX_HOLD': 2},Declared conditional M5 model; full fields require full approved-window period coverage; closed diagnostics omit all unknown trades,0.7996710526315789473684210525,0.7996710526315789473684210525,0.4157894736842105263157894737,0.4157894736842105263157894737,-0.4054824561403508771929824561,-0.4054824561403508771929824561,0.03135964912280701754385964912,0.03135964912280701754385964912,-0.3585061374534448402290697472,-0.3585061374534448402290697472,2,1,0,60.0,60.0,2,1,0,1,0.5,0,0,0,0,0,0,0
VWAP_MR_GLDRUBF,ALL,exit_reason,SESSION_FLAT,4,4,0,False,PARTIAL_COVERAGE,ACCOUNTED,PARTIAL_COVERAGE,False,,,PARTIAL_COVERAGE,PARTIAL_COVERAGE,,,PARTIAL_COVERAGE,,,PARTIAL_COVERAGE,11.125,,23.25,8.9,0.8,8.1,2.025,0.5,0.5,POSITIVE,{'SESSION_FLAT': 4},Declared conditional M5 model; full fields require full approved-window period coverage; closed diagnostics omit all unknown trades,0.3839126559714795008912655972,0.4399199871336094246310964578,0.1925133689839572192513368984,0.2505486644418532963424604292,0.08062770562770562770562770565,0.1417070416683419779395011593,0.02067669172932330827067669173,0.02883210700548161848471445995,-0.2197762022275320876911225142,-0.2324316218250544230885709376,4,0,0,35.0,15.0,1,0.25,0,0,0,0,0,0,0,0,0,0
VWAP_MR_GLDRUBF,ALL,exit_reason,STOP,61,61,0,False,PARTIAL_COVERAGE,ACCOUNTED,PARTIAL_COVERAGE,False,,,PARTIAL_COVERAGE,PARTIAL_COVERAGE,,,PARTIAL_COVERAGE,,,PARTIAL_COVERAGE,0E+1,,0E+1,-319.9,12.2,-332.1,-5.444262295081967213114754098,0,332.1,NEGATIVE,{'STOP': 61},Declared conditional M5 model; full fields require full approved-window period coverage; closed diagnostics omit all unknown trades,0,0.6799356505231481459172513759,0.04444444444444444444444444444,0.3153016703756606730064342043,-1.043478260869565217391304348,-1.131096413222490224960626886,0.04347826086956521739130434783,0.1310964132224902249606268858,-0.6755555555555555555555555556,-0.6834798108074699041760673062,61,19,42,,5.0,19,0.3114754098360655737704918033,7,11,0.1803278688524590163934426230,7,5,0.08196721311475409836065573770,5,3,0.04918032786885245901639344262,5
VWAP_MR_GLDRUBF,ALL,exit_reason,TAKE,47,47,0,False,PARTIAL_COVERAGE,ACCOUNTED,PARTIAL_COVERAGE,False,,,PARTIAL_COVERAGE,PARTIAL_COVERAGE,,,PARTIAL_COVERAGE,,,PARTIAL_COVERAGE,,NO_LOSSES,,267.5,9.4,258.1,5.491489361702127659574468085,1,0,POSITIVE,{'TAKE': 47},Declared conditional M5 model; full fields require full approved-window period coverage; closed diagnostics omit all unknown trades,0.5568181818181818181818181818,1.166426785424062287272002808,0.15625,0.2504250772836000381006071685,0.6067415730337078651685393258,1.279383558615516048894513414,0.03174603174603174603174603175,0.04956813447300078575636010564,-0.1539777587681779298545765612,-0.3477170323486001267673930898,47,0,0,10.0,,26,0.5531914893617021276595744681,19,16,0.3404255319148936170212765957,13,9,0.1914893617021276595744680851,8,3,0.06382978723404255319148936170,9
VWAP_MR_GLDRUBF,ALL,exit_reason,UNKNOWN_PATH_CONDITIONAL_REDUCE_ALL,12,0,12,False,PARTIAL_COVERAGE,UNRESOLVED,UNRESOLVED,False,,,UNRESOLVED,UNRESOLVED,,,UNRESOLVED,,,UNRESOLVED,,NO_CLOSED_TRADES,,,,,,,,NO_CLOSED_TRADES,{'UNKNOWN_PATH_CONDITIONAL_REDUCE_ALL': 12},Declared conditional M5 model; full fields require full approved-window period coverage; closed diagnostics omit all unknown trades,,,,,,,0.04079967360261117911056711546,0.09384542221105803149743917383,-0.3646983944929217361459575586,-0.4629061270384227691107928451,0,0,0,,,0,,0,0,,0,0,,0,0,,0
VWAP_MR_GLDRUBF,ALL,time_bucket,11:00,3,3,0,False,PARTIAL_COVERAGE,ACCOUNTED,PARTIAL_COVERAGE,False,,,PARTIAL_COVERAGE,PARTIAL_COVERAGE,,,PARTIAL_COVERAGE,,,PARTIAL_COVERAGE,7.6875,,10.41666666666666666666666667,11.3,0.6,10.7,3.566666666666666666666666667,0.3333333333333333333333333333,1.0,POSITIVE,"{'STOP': 2, 'TAKE': 1}",Declared conditional M5 model; full fields require full approved-window period coverage; closed diagnostics omit all unknown trades,0,0.2691131498470948012232415902,0,0.2935779816513761467889908257,-1.25,-0.5405198776758409785932721713,0.25,0.2561162079510703363914373089,-1.283018867924528301886792453,-1.066714666064273464564204644,3,0,2,50.0,0.0,1,0.3333333333333333333333333333,1,0,0,2,0,0,1,0,0,1
VWAP_MR_GLDRUBF,ALL,time_bucket,11:30,17,15,2,False,PARTIAL_COVERAGE,UNRESOLVED,UNRESOLVED,False,,,UNRESOLVED,UNRESOLVED,,,UNRESOLVED,,,UNRESOLVED,0.4901098901098901098901098901,,0.5134529147982062780269058296,-43.4,3.0,-46.4,-3.093333333333333333333333333,0.4,61.6,NEGATIVE,"{'STOP': 8, 'UNKNOWN_PATH_CONDITIONAL_REDUCE_ALL': 2, 'TAKE': 6, 'MAX_HOLD': 1}",Declared conditional M5 model; full fields require full approved-window period coverage; closed diagnostics omit all unknown trades,0.1011235955056179775280898876,0.3722752202325103207623394635,0.3984375,0.4519185437365422731242866709,-1.012658227848101265822784810,-0.2437759675061788572980385926,0.02105263157894736842105263158,0.02421036775624895363727774805,-0.1392111368909512761020881671,-0.2303073448994887219726895317,15,1,5,17.5,10.0,4,0.2666666666666666666666666667,3,1,0.06666666666666666666666666667,2,1,0.06666666666666666666666666667,0,0,0,0
VWAP_MR_GLDRUBF,ALL,time_bucket,12:00,14,11,3,False,PARTIAL_COVERAGE,UNRESOLVED,UNRESOLVED,False,,,UNRESOLVED,UNRESOLVED,,,UNRESOLVED,,,UNRESOLVED,0.2472406181015452538631346578,,0.2700228832951945080091533181,-31.9,2.2,-34.1,-3.1,0.2727272727272727272727272727,36.1,NEGATIVE,"{'UNKNOWN_PATH_CONDITIONAL_REDUCE_ALL': 3, 'STOP': 8, 'TAKE': 3}",Declared conditional M5 model; full fields require full approved-window period coverage; closed diagnostics omit all unknown trades,0,1.344797502968417511146146828,0.3043478260869565217391304348,0.3064169134381781588345187162,-1.028571428571428571428571429,-0.7872589220738539825868509824,0.02877846790890269151138716356,0.169347747698943887333264120,-0.2072392292768175826779816650,-0.4880422812168238679097331921,11,4,3,5.0,17.5,4,0.3636363636363636363636363636,4,2,0.1818181818181818181818181818,2,1,0.09090909090909090909090909091,0,1,0.09090909090909090909090909091,0
VWAP_MR_GLDRUBF,ALL,time_bucket,12:30,18,15,3,False,PARTIAL_COVERAGE,UNRESOLVED,UNRESOLVED,False,,,UNRESOLVED,UNRESOLVED,,,UNRESOLVED,,,UNRESOLVED,1.518394648829431438127090301,,1.644599303135888501742160279,18.5,3.0,15.5,1.033333333333333333333333333,0.6,14.6,POSITIVE,"{'STOP': 6, 'TAKE': 8, 'UNKNOWN_PATH_CONDITIONAL_REDUCE_ALL': 3, 'SESSION_FLAT': 1}",Declared conditional M5 model; full fields require full approved-window period coverage; closed diagnostics omit all unknown trades,0.4477611940298507462686567164,0.76663403085267770981068105,0.1666666666666666666666666667,0.2803010376945271362868958039,0.3358778625954198473282442748,0.2038701231959044753555895829,0.03492537313432835820895522388,0.07606278252709490553248850333,-0.3999401217213133926190665538,-0.4775295201374972764054073256,15,2,4,10.0,10.0,6,0.4,4,3,0.2,2,2,0.1333333333333333333333333333,1,1,0.06666666666666666666666666667,1
VWAP_MR_GLDRUBF,ALL,time_bucket,13:00,7,7,0,False,PARTIAL_COVERAGE,ACCOUNTED,PARTIAL_COVERAGE,False,,,PARTIAL_COVERAGE,PARTIAL_COVERAGE,,,PARTIAL_COVERAGE,,,PARTIAL_COVERAGE,0.5591397849462365591397849462,,0.6179775280898876404494382022,-6.8,1.4,-8.2,-1.171428571428571428571428571,0.4285714285714285714285714286,18.6,NEGATIVE,"{'TAKE': 3, 'STOP': 4}",Declared conditional M5 model; full fields require full approved-window period coverage; closed diagnostics omit all unknown trades,0.8636363636363636363636363636,1.590741363561503853438202261,0.1379310344827586206896551724,0.2061450634865540316040872214,-1.027027027027027027027027027,0.1345147857485829382040591776,0.06451612903225806451612903226,0.06665139500943455450731108493,-0.4660194174757281553398058252,-0.506507223807176359966176036,7,3,3,5.0,5.0,5,0.7142857142857142857142857143,1,3,0.4285714285714285714285714286,0,1,0.1428571428571428571428571429,1,1,0.1428571428571428571428571429,1
VWAP_MR_GLDRUBF,ALL,time_bucket,15:30,12,12,0,False,PARTIAL_COVERAGE,ACCOUNTED,PARTIAL_COVERAGE,False,,,PARTIAL_COVERAGE,PARTIAL_COVERAGE,,,PARTIAL_COVERAGE,,,PARTIAL_COVERAGE,1.880952380952380952380952381,,2.045,20.9,2.4,18.5,1.541666666666666666666666667,0.5833333333333333333333333333,11.3,POSITIVE,"{'STOP': 5, 'TAKE': 7}",Declared conditional M5 model; full fields require full approved-window period coverage; closed diagnostics omit all unknown trades,1.100996376811594202898550725,1.725717289118448208714396375,0,0.1497267145852051512428870919,0.641295025728987993138936535,0.8404533042218386466010563492,0.04356060606060606060606060606,0.08150275171858124391925565849,-0.644286937168293100496490327,-0.6392568605218957933517128834,12,1,4,5.0,0.0,8,0.6666666666666666666666666667,1,6,0.5,2,3,0.25,2,1,0.08333333333333333333333333333,4
VWAP_MR_GLDRUBF,ALL,time_bucket,16:00,15,15,0,False,PARTIAL_COVERAGE,ACCOUNTED,PARTIAL_COVERAGE,False,,,PARTIAL_COVERAGE,PARTIAL_COVERAGE,,,PARTIAL_COVERAGE,,,PARTIAL_COVERAGE,1.184549356223175965665236052,,1.333333333333333333333333333,7.3,3.0,4.3,0.2866666666666666666666666667,0.5333333333333333333333333333,6.9,POSITIVE,"{'STOP': 7, 'TAKE': 7, 'MAX_HOLD': 1}",Declared conditional M5 model; full fields require full approved-window period coverage; closed diagnostics omit all unknown trades,0.5568181818181818181818181818,0.7331735430518945911200131653,0.02631578947368421052631578947,0.2626995495830318736641146439,0.04166666666666666666666666667,-0.1630194121741291552612307329,0.05,0.07599857219539443968440989293,-0.5316455696202531645569620254,-0.5562728820071801389733185541,15,4,5,10.0,10.0,8,0.5333333333333333333333333333,4,5,0.3333333333333333333333333333,2,2,0.1333333333333333333333333333,1,0,0,1
VWAP_MR_GLDRUBF,ALL,time_bucket,16:30,10,9,1,False,PARTIAL_COVERAGE,UNRESOLVED,UNRESOLVED,False,,,UNRESOLVED,UNRESOLVED,,,UNRESOLVED,,,UNRESOLVED,0.1771653543307086614173228346,,0.1935483870967741935483870968,-40.0,1.8,-41.8,-4.644444444444444444444444444,0.3333333333333333333333333333,41.8,NEGATIVE,"{'STOP': 6, 'TAKE': 3, 'UNKNOWN_PATH_CONDITIONAL_REDUCE_ALL': 1}",Declared conditional M5 model; full fields require full approved-window period coverage; closed diagnostics omit all unknown trades,0,0.1987276392038296800201562107,0.1827956989247311827956989247,0.3283791233144642925659608401,-1.016528925619834710743801653,-0.568098749874550189888859645,0.02551679586563307493540051680,0.03573665349841466744077554762,-0.1975144987572493786246893123,-0.3698236401201630634714631443,9,1,4,5.0,0.0,2,0.2222222222222222222222222222,2,0,0,2,0,0,1,0,0,1
VWAP_MR_GLDRUBF,ALL,time_bucket,17:00,9,9,0,False,PARTIAL_COVERAGE,ACCOUNTED,PARTIAL_COVERAGE,False,,,PARTIAL_COVERAGE,PARTIAL_COVERAGE,,,PARTIAL_COVERAGE,,,PARTIAL_COVERAGE,0.2547169811320754716981132075,,0.2748344370860927152317880795,-21.9,1.8,-23.7,-2.633333333333333333333333333,0.1111111111111111111111111111,27.3,NEGATIVE,"{'STOP': 8, 'TAKE': 1}",Declared conditional M5 model; full fields require full approved-window period coverage; closed diagnostics omit all unknown trades,0,0.8744498121309715512614063339,0.5813953488372093023255813953,0.5168691534147532094277881112,-1.046511627906976744186046512,-0.8256420670711356250495930518,0.04878048780487804878048780488,0.1616854275047399610929534856,-0.7169811320754716981132075472,-0.7415069653266457264910083423,9,2,5,5.0,7.5,2,0.2222222222222222222222222222,1,2,0.2222222222222222222222222222,1,2,0.2222222222222222222222222222,1,1,0.1111111111111111111111111111,0
VWAP_MR_GLDRUBF,ALL,time_bucket,17:30,15,12,3,False,PARTIAL_COVERAGE,UNRESOLVED,UNRESOLVED,False,,,UNRESOLVED,UNRESOLVED,,,UNRESOLVED,,,UNRESOLVED,2.228187919463087248322147651,,2.510948905109489051094890511,20.7,2.4,18.3,1.525,0.5,10.4,POSITIVE,"{'TAKE': 6, 'STOP': 6, 'UNKNOWN_PATH_CONDITIONAL_REDUCE_ALL': 3}",Declared conditional M5 model; full fields require full approved-window period coverage; closed diagnostics omit all unknown trades,0.6126126126126126126126126125,0.9099890068640068640068640067,0.00900900900900900900900900901,0.1577120733370733370733370733,-0.4640468227424749163879598663,-0.1193328311987732277587350052,0.04444444444444444444444444444,0.1368786056817041324787451725,-0.8209255533199195171026156942,-0.6869021729555687976045268327,12,2,6,15.0,0.0,7,0.5833333333333333333333333333,4,5,0.4166666666666666666666666667,4,1,0.08333333333333333333333333333,4,1,0.08333333333333333333333333333,3
VWAP_MR_GLDRUBF,ALL,time_bucket,18:00,6,6,0,False,PARTIAL_COVERAGE,ACCOUNTED,PARTIAL_COVERAGE,False,,,PARTIAL_COVERAGE,PARTIAL_COVERAGE,,,PARTIAL_COVERAGE,,,PARTIAL_COVERAGE,2.0234375,,2.172131147540983606557377049,14.3,1.2,13.1,2.183333333333333333333333333,0.5,12.0,POSITIVE,"{'TAKE': 2, 'SESSION_FLAT': 3, 'STOP': 1}",Declared conditional M5 model; full fields require full approved-window period coverage; closed diagnostics omit all unknown trades,0.1958874458874458874458874459,0.5922565996095407860113742467,0.1586334745762711864406779661,0.1537552970597586749132113040,0.08062770562770562770562770565,1.193985683641715546002684587,0.04131652661064425770308123250,0.04342784237475164693509658613,-0.2805190834508178621779083790,-0.4095052164696294433170685923,6,0,1,10.0,15.0,1,0.1666666666666666666666666667,1,1,0.1666666666666666666666666667,1,1,0.1666666666666666666666666667,1,0,0,2
VWAP_MR_GLDRUBF,ALL,session_half,AM,59,51,8,False,PARTIAL_COVERAGE,UNRESOLVED,UNRESOLVED,False,,,UNRESOLVED,UNRESOLVED,,,UNRESOLVED,,,UNRESOLVED,0.6646995708154506437768240343,,0.7104097452934662236987818383,-52.3,10.2,-62.5,-1.225490196078431372549019608,0.4313725490196078431372549020,83.0,NEGATIVE,"{'STOP': 28, 'UNKNOWN_PATH_CONDITIONAL_REDUCE_ALL': 8, 'TAKE': 21, 'SESSION_FLAT': 1, 'MAX_HOLD': 1}",Declared conditional M5 model; full fields require full approved-window period coverage; closed diagnostics omit all unknown trades,0.3586956521739130434782608696,0.8591949077137691070380404592,0.2388059701492537313432835821,0.3270123364440393637243730592,-1.015037593984962406015037594,-0.1948704302010578805086960439,0.02985074626865671641791044776,0.09129632532285436991202884714,-0.2480957562568008705114254625,-0.4421871648753364120851722846,51,10,17,12.5,10.0,20,0.3921568627450980392156862745,13,9,0.1764705882352941176470588235,8,5,0.09803921568627450980392156863,3,3,0.05882352941176470588235294118,3
VWAP_MR_GLDRUBF,ALL,session_half,PM,67,63,4,False,PARTIAL_COVERAGE,UNRESOLVED,UNRESOLVED,False,,,UNRESOLVED,UNRESOLVED,,,UNRESOLVED,,,UNRESOLVED,0.9269081500646830530401034929,,1.008807588075880758807588076,1.3,12.6,-11.3,-0.1793650793650793650793650794,0.4444444444444444444444444444,36.5,NEGATIVE,"{'STOP': 33, 'TAKE': 26, 'UNKNOWN_PATH_CONDITIONAL_REDUCE_ALL': 4, 'SESSION_FLAT': 3, 'MAX_HOLD': 1}",Declared conditional M5 model; full fields require full approved-window period coverage; closed diagnostics omit all unknown trades,0.2272727272727272727272727273,0.8863208786863227863025020705,0.04444444444444444444444444444,0.2565003963767353893996733017,-1.016528925619834710743801653,0.0131492260794280736311020380,0.04444444444444444444444444444,0.09319840485902641366169119769,-0.6560846560846560846560846561,-0.5842916199800477970436470672,63,10,25,10.0,5.0,28,0.4444444444444444444444444444,13,19,0.3015873015873015873015873016,12,9,0.1428571428571428571428571429,10,3,0.04761904761904761904761904762,11
VWAP_MR_GLDRUBF,ALL,net_outcome,LOSS,64,64,0,False,PARTIAL_COVERAGE,ACCOUNTED,PARTIAL_COVERAGE,False,,,PARTIAL_COVERAGE,PARTIAL_COVERAGE,,,PARTIAL_COVERAGE,,,PARTIAL_COVERAGE,0E+1,,0E+1,-328.2,12.8,-341.0,-5.328125,0,341.0,NEGATIVE,"{'STOP': 61, 'SESSION_FLAT': 2, 'MAX_HOLD': 1}",Declared conditional M5 model; full fields require full approved-window period coverage; closed diagnostics omit all unknown trades,0,0.6634436840433098976742400144,0.0911877394636015325670498084,0.3182969257694891803155896075,-1.043015726179463459759481961,-1.094254467105671400353788567,0.04347826086956521739130434783,0.1265713576776896813503977364,-0.632066173049779607156656337,-0.6629771609118377897222432791,64,20,42,,5.0,20,0.3125,7,11,0.171875,7,5,0.078125,5,3,0.046875,5
VWAP_MR_GLDRUBF,ALL,net_outcome,UNKNOWN,12,0,12,False,PARTIAL_COVERAGE,UNRESOLVED,UNRESOLVED,False,,,UNRESOLVED,UNRESOLVED,,,UNRESOLVED,,,UNRESOLVED,,NO_CLOSED_TRADES,,,,,,,,NO_CLOSED_TRADES,{'UNKNOWN_PATH_CONDITIONAL_REDUCE_ALL': 12},Declared conditional M5 model; full fields require full approved-window period coverage; closed diagnostics omit all unknown trades,,,,,,,0.04079967360261117911056711546,0.09384542221105803149743917383,-0.3646983944929217361459575586,-0.4629061270384227691107928451,0,0,0,,,0,,0,0,,0,0,,0,0,,0
VWAP_MR_GLDRUBF,ALL,net_outcome,WIN,50,50,0,False,PARTIAL_COVERAGE,ACCOUNTED,PARTIAL_COVERAGE,False,,,PARTIAL_COVERAGE,PARTIAL_COVERAGE,,,PARTIAL_COVERAGE,,,PARTIAL_COVERAGE,,NO_LOSSES,,277.2,10.0,267.2,5.344,1,0,POSITIVE,"{'TAKE': 47, 'SESSION_FLAT': 2, 'MAX_HOLD': 1}",Declared conditional M5 model; full fields require full approved-window period coverage; closed diagnostics omit all unknown trades,0.557688370188370188370188370,1.143935197437374530896926659,0.1538825757575757575757575758,0.2493230176226605908384941834,0.5763157894736842105263157895,1.218445903950259727109167969,0.03102453102453102453102453102,0.04808128723396683111496574014,-0.1684921473579451740776150780,-0.3450233888697871788679286856,50,0,0,10.0,,28,0.56,19,17,0.34,13,9,0.18,8,3,0.06,9
VWAP_MR_GLDRUBF,ALL,adx_regime,NOT_READY,97,87,10,False,PARTIAL_COVERAGE,UNRESOLVED,UNRESOLVED,False,,,UNRESOLVED,UNRESOLVED,,,UNRESOLVED,,,UNRESOLVED,1.000449034575662325999101931,,1.081737505838393274170948155,17.5,17.4,0.1,0.001149425287356321839080459770,0.5057471264367816091954022989,43.9,POSITIVE,"{'STOP': 40, 'UNKNOWN_PATH_CONDITIONAL_REDUCE_ALL': 10, 'TAKE': 42, 'SESSION_FLAT': 3, 'MAX_HOLD': 2}",Declared conditional M5 model; full fields require full approved-window period coverage; closed diagnostics omit all unknown trades,0.3560606060606060606060606061,0.9645044511737794256670599002,0.09090909090909090909090909091,0.2633748588653355425352757847,0.04166666666666666666666666667,0.01529949251137190823120425075,0.03703703703703703703703703704,0.1018131233865678663319992375,-0.4481327800829875518672199170,-0.4951704247966267133226791570,87,13,28,10.0,5.0,38,0.4367816091954022988505747126,22,22,0.2528735632183908045977011494,16,11,0.1264367816091954022988505747,9,6,0.06896551724137931034482758621,9
VWAP_MR_GLDRUBF,ALL,adx_regime,SUB_25,18,16,2,False,PARTIAL_COVERAGE,UNRESOLVED,UNRESOLVED,False,,,UNRESOLVED,UNRESOLVED,,,UNRESOLVED,,,UNRESOLVED,0.5453216374269005847953216374,,0.5772727272727272727272727273,-27.9,3.2,-31.1,-1.94375,0.25,39.6,NEGATIVE,"{'TAKE': 4, 'STOP': 12, 'UNKNOWN_PATH_CONDITIONAL_REDUCE_ALL': 2}",Declared conditional M5 model; full fields require full approved-window period coverage; closed diagnostics omit all unknown trades,0.576643807987091569181121420,0.8213159678303925210322757812,0.3406531531531531531531531532,0.4347426278543840710058798408,-1.030798389007344231224828240,-0.07643212396470917279374568594,0.04494949494949494949494949494,0.04772602602695448065239557474,-0.578695069556688355643969221,-0.5863913133530140351359627072,16,6,7,7.5,10.0,8,0.5,2,5,0.3125,2,3,0.1875,2,0,0,3
VWAP_MR_GLDRUBF,ALL,adx_regime,TREND_25_PLUS,11,11,0,False,PARTIAL_COVERAGE,ACCOUNTED,PARTIAL_COVERAGE,False,,,PARTIAL_COVERAGE,PARTIAL_COVERAGE,,,PARTIAL_COVERAGE,,,PARTIAL_COVERAGE,0.1422845691382765531062124248,,0.1559251559251559251559251559,-40.6,2.2,-42.8,-3.890909090909090909090909091,0.1818181818181818181818181818,42.8,NEGATIVE,"{'STOP': 9, 'TAKE': 1, 'SESSION_FLAT': 1}",Declared conditional M5 model; full fields require full approved-window period coverage; closed diagnostics omit all unknown trades,0,0.2367466284759517842224609142,0.1827956989247311827956989247,0.2697872148569090677690339394,-1.043478260869565217391304348,-0.8380120511185447744180826072,0.04347826086956521739130434783,0.08143953478371944129054234894,-0.5464480874316939890710382514,-0.6045460382437278991093010302,11,1,7,30.0,5.0,2,0.1818181818181818181818181818,2,1,0.09090909090909090909090909091,2,0,0,2,0,0,2
VWAP_MR_GLDRUBF,ALL,di_aligned,False,89,78,11,False,PARTIAL_COVERAGE,UNRESOLVED,UNRESOLVED,False,,,UNRESOLVED,UNRESOLVED,,,UNRESOLVED,,,UNRESOLVED,0.9017288444040036396724294813,,0.9716981132075471698113207547,-6.0,15.6,-21.6,-0.2769230769230769230769230769,0.5,48.6,NEGATIVE,"{'STOP': 37, 'UNKNOWN_PATH_CONDITIONAL_REDUCE_ALL': 11, 'TAKE': 37, 'SESSION_FLAT': 2, 'MAX_HOLD': 2}",Declared conditional M5 model; full fields require full approved-window period coverage; closed diagnostics omit all unknown trades,0.4496870486278285989407799711,0.8895688478252875725607063788,0.1526238591916558018252933507,0.3006160273623982685284878713,0.00297619047619047619047619048,0.03787382378220471598851226667,0.03773584905660377358490566038,0.09030378322131868844605972204,-0.4481327800829875518672199170,-0.4898480180158234145065081894,78,15,26,10.0,5.0,37,0.4743589743589743589743589744,19,21,0.2692307692307692307692307692,13,9,0.1153846153846153846153846154,7,4,0.05128205128205128205128205128,9
VWAP_MR_GLDRUBF,ALL,di_aligned,None,10,10,0,False,PARTIAL_COVERAGE,ACCOUNTED,PARTIAL_COVERAGE,False,,,PARTIAL_COVERAGE,PARTIAL_COVERAGE,,,PARTIAL_COVERAGE,,,PARTIAL_COVERAGE,0.2046332046332046332046332046,,0.2345679012345679012345679012,-18.6,2.0,-20.6,-2.06,0.2,23.2,NEGATIVE,"{'STOP': 7, 'TAKE': 1, 'SESSION_FLAT': 2}",Declared conditional M5 model; full fields require full approved-window period coverage; closed diagnostics omit all unknown trades,0.2524983881366860090264345584,0.6178224157411503663283905828,0.04545454545454545454545454546,0.2360437851676900487914255123,-1.035261367151252706464583978,-0.7863698646905719384232561381,0.04827968923418423973362930078,0.1296095203207156787046685096,-0.5785075467712025539306589045,-0.6289840117854722340607864204,10,2,5,15.0,5.0,2,0.2,2,2,0.2,1,1,0.1,1,1,0.1,1
VWAP_MR_GLDRUBF,ALL,di_aligned,True,27,26,1,False,PARTIAL_COVERAGE,UNRESOLVED,UNRESOLVED,False,,,UNRESOLVED,UNRESOLVED,,,UNRESOLVED,,,UNRESOLVED,0.6684155299055613850996852046,,0.7127312295973884657236126224,-26.4,5.2,-31.6,-1.215384615384615384615384615,0.3461538461538461538461538462,62.8,NEGATIVE,"{'TAKE': 9, 'UNKNOWN_PATH_CONDITIONAL_REDUCE_ALL': 1, 'STOP': 17}",Declared conditional M5 model; full fields require full approved-window period coverage; closed diagnostics omit all unknown trades,0.01111111111111111111111111111,0.9266369754944856028068727112,0.1538825757575757575757575758,0.2703333132475527557302359600,-1.026161328190508133489854100,-0.1615557809752396819252102022,0.04444444444444444444444444444,0.08509794109995027708877821722,-0.5464480874316939890710382514,-0.5685284275942609067874972304,26,3,11,5.0,5.0,9,0.3461538461538461538461538462,5,5,0.1923076923076923076923076923,6,4,0.1538461538461538461538461538,5,1,0.03846153846153846153846153846,4
VWAP_MR_GLDRUBF,ALL,ema_aligned,None,126,114,12,False,PARTIAL_COVERAGE,UNRESOLVED,UNRESOLVED,False,,,UNRESOLVED,UNRESOLVED,,,UNRESOLVED,,,UNRESOLVED,0.7835777126099706744868035191,,0.8446069469835466179159049360,-51.0,22.8,-73.8,-0.6473684210526315789473684211,0.4385964912280701754385964912,88.5,NEGATIVE,"{'STOP': 61, 'UNKNOWN_PATH_CONDITIONAL_REDUCE_ALL': 12, 'TAKE': 47, 'SESSION_FLAT': 4, 'MAX_HOLD': 2}",Declared conditional M5 model; full fields require full approved-window period coverage; closed diagnostics omit all unknown trades,0.3559964047252182845403184386,0.874185575882811929789453455,0.1478729603729603729603729604,0.2880452116700029568607231933,-1.015392812740512699070510923,-0.07991219909868406374722868269,0.03923076923076923076923076923,0.09230774856827918682653184302,-0.4652677732539931099279674288,-0.5177506449706988151980120498,114,20,42,10.0,5.0,48,0.4210526315789473684210526316,26,28,0.2456140350877192982456140351,20,14,0.1228070175438596491228070175,13,6,0.05263157894736842105263157895,14
VWAP_MR_GLDRUBF,ALL,breakout_entry_class,EXTENDED_GT_1_ATR,2,2,0,False,PARTIAL_COVERAGE,ACCOUNTED,PARTIAL_COVERAGE,False,,,PARTIAL_COVERAGE,PARTIAL_COVERAGE,,,PARTIAL_COVERAGE,,,PARTIAL_COVERAGE,0.3478260869565217391304347826,,0.4090909090909090909090909091,-2.6,0.4,-3.0,-1.5,0.5,4.6,NEGATIVE,"{'STOP': 1, 'TAKE': 1}",Declared conditional M5 model; full fields require full approved-window period coverage; closed diagnostics omit all unknown trades,0.831818181818181818181818182,0.831818181818181818181818182,0.2386363636363636363636363636,0.2386363636363636363636363636,-0.2027272727272727272727272725,-0.2027272727272727272727272725,0.0627272727272727272727272727,0.0627272727272727272727272727,-0.4988324935479906599483839253,-0.4988324935479906599483839253,2,1,1,5.0,5.0,2,1,0,0,0,1,0,0,0,0,0,0
VWAP_MR_GLDRUBF,ALL,breakout_entry_class,INSIDE_RANGE,112,101,11,False,PARTIAL_COVERAGE,UNRESOLVED,UNRESOLVED,False,,,UNRESOLVED,UNRESOLVED,,,UNRESOLVED,,,UNRESOLVED,0.8183587414855660071359065845,,0.8796638655462184873949579832,-35.8,20.2,-56.0,-0.5544554455445544554455445545,0.4653465346534653465346534653,78.7,NEGATIVE,"{'STOP': 51, 'UNKNOWN_PATH_CONDITIONAL_REDUCE_ALL': 11, 'TAKE': 44, 'SESSION_FLAT': 4, 'MAX_HOLD': 2}",Declared conditional M5 model; full fields require full approved-window period coverage; closed diagnostics omit all unknown trades,0.3560606060606060606060606061,0.9106978290915976425001373872,0.1610169491525423728813559322,0.3038015393780364740937549049,-1.012658227848101265822784810,-0.03221866082500903487435210293,0.03540100250626566416040100250,0.08616168268676073244074770431,-0.3954836754422640023537271402,-0.4669518289919036912742936244,101,17,33,10.0,7.5,42,0.4158415841584158415841584158,23,25,0.2475247524752475247524752475,16,13,0.1287128712871287128712871287,10,6,0.05940594059405940594059405941,11
VWAP_MR_GLDRUBF,ALL,breakout_entry_class,PERSISTENT_LE_1_ATR,12,11,1,False,PARTIAL_COVERAGE,UNRESOLVED,UNRESOLVED,False,,,UNRESOLVED,UNRESOLVED,,,UNRESOLVED,,,UNRESOLVED,0.4733096085409252669039145907,,0.5209125475285171102661596958,-12.6,2.2,-14.8,-1.345454545454545454545454545,0.1818181818181818181818181818,19.8,NEGATIVE,"{'STOP': 9, 'TAKE': 2, 'UNKNOWN_PATH_CONDITIONAL_REDUCE_ALL': 1}",Declared conditional M5 model; full fields require full approved-window period coverage; closed diagnostics omit all unknown trades,0,0.5466398680684394970109255824,0,0.1523569023569023569023569024,-1.071428571428571428571428571,-0.4954955825881386627571866265,0.0961098398169336384439359268,0.1546011094359525043528178997,-0.9907027070350852585809605865,-0.9950259526765713310276553733,11,2,8,15.0,0.0,4,0.3636363636363636363636363636,3,3,0.2727272727272727272727272727,3,1,0.09090909090909090909090909091,3,0,0,3
VWAP_MR_GLDRUBF,ALL,cost_class,NET_RR_GE_1,64,60,4,False,PARTIAL_COVERAGE,UNRESOLVED,UNRESOLVED,False,,,UNRESOLVED,UNRESOLVED,,,UNRESOLVED,,,UNRESOLVED,1.224824355971896955503512881,,1.339716902581182348043297252,40.8,12.0,28.8,0.48,0.3333333333333333333333333333,42.8,POSITIVE,"{'STOP': 39, 'TAKE': 18, 'UNKNOWN_PATH_CONDITIONAL_REDUCE_ALL': 4, 'SESSION_FLAT': 2, 'MAX_HOLD': 1}",Declared conditional M5 model; full fields require full approved-window period coverage; closed diagnostics omit all unknown trades,0.792558613659531090723751274,1.376272998382478738476633244,0,0.231478156046691218030895089,-1.041241496598639455782312926,0.01523552847616938525616925598,0.0689655172413793103448275862,0.1545023371438930350170450451,-0.894565375277541449648274574,-0.9267629845035110308948415173,60,14,29,12.5,5.0,32,0.5333333333333333333333333333,9,27,0.45,10,14,0.2333333333333333333333333333,11,6,0.1,13
VWAP_MR_GLDRUBF,ALL,cost_class,NET_RR_LT_1,61,53,8,False,PARTIAL_COVERAGE,UNRESOLVED,UNRESOLVED,False,,,UNRESOLVED,UNRESOLVED,,,UNRESOLVED,,,UNRESOLVED,0.5412168792934249263984298332,,0.5838353413654618473895582329,-82.9,10.6,-93.5,-1.764150943396226415094339623,0.5660377358490566037735849057,100.2,NEGATIVE,"{'STOP': 21, 'UNKNOWN_PATH_CONDITIONAL_REDUCE_ALL': 8, 'TAKE': 29, 'SESSION_FLAT': 2, 'MAX_HOLD': 1}",Declared conditional M5 model; full fields require full approved-window period coverage; closed diagnostics omit all unknown trades,0.3053435114503816793893129771,0.3222787876922987865547113058,0.3153153153153153153153153153,0.3575182031618653584956365791,0.1969696969696969696969696970,-0.1698424621831657892828759897,0.02352941176470588235294117647,0.02819925954560104505721855056,-0.04785643070787637088733798604,-0.09711065996857942192917477321,53,6,12,10.0,10.0,16,0.3018867924528301886792452830,17,1,0.01886792452830188679245283019,10,0,0,2,0,0,1
VWAP_MR_GLDRUBF,ALL,cost_class,TARGET_CANNOT_PAY_C1,1,1,0,False,PARTIAL_COVERAGE,ACCOUNTED,PARTIAL_COVERAGE,False,,,PARTIAL_COVERAGE,PARTIAL_COVERAGE,,,PARTIAL_COVERAGE,,,PARTIAL_COVERAGE,0E+1,,0E+1,-8.9,0.2,-9.1,-9.1,0,9.1,NEGATIVE,{'STOP': 1},Declared conditional M5 model; full fields require full approved-window period coverage; closed diagnostics omit all unknown trades,0,0,0,0,-1.022471910112359550561797753,-1.022471910112359550561797753,0.02247191011235955056179775281,0.02247191011235955056179775281,0E+27,0,1,0,1,,10.0,0,0,0,0,0,0,0,0,0,0,0,0
VWAP_MR_GLDRUBF,LONG,ALL,ALL,72,65,7,False,PARTIAL_COVERAGE,UNRESOLVED,UNRESOLVED,False,,,UNRESOLVED,UNRESOLVED,,,UNRESOLVED,,,UNRESOLVED,0.9483593329747175901022054868,,1.018983807928531546621998883,3.4,13.0,-9.6,-0.1476923076923076923076923077,0.4769230769230769230769230769,67.2,NEGATIVE,"{'STOP': 33, 'UNKNOWN_PATH_CONDITIONAL_REDUCE_ALL': 7, 'TAKE': 29, 'SESSION_FLAT': 3}",Declared conditional M5 model; full fields require full approved-window period coverage; closed diagnostics omit all unknown trades,0.2272727272727272727272727273,0.9091558946961110249714298695,0.09433962264150943396226415094,0.2914505484340671101799841289,-1.012658227848101265822784810,0.0409214018920839870226979004,0.03773584905660377358490566038,0.08522631398964602640717128258,-0.4537961197712235056633396882,-0.4913798436928756454380343674,65,7,24,10.0,7.5,24,0.3692307692307692307692307692,15,14,0.2153846153846153846153846154,13,7,0.1076923076923076923076923077,7,4,0.06153846153846153846153846154,6
VWAP_MR_GLDRUBF,LONG,exit_reason,SESSION_FLAT,3,3,0,False,PARTIAL_COVERAGE,ACCOUNTED,PARTIAL_COVERAGE,False,,,PARTIAL_COVERAGE,PARTIAL_COVERAGE,,,PARTIAL_COVERAGE,,,PARTIAL_COVERAGE,17.8,,31,9.0,0.6,8.4,2.8,0.6666666666666666666666666667,0.5,POSITIVE,{'SESSION_FLAT': 3},Declared conditional M5 model; full fields require full approved-window period coverage; closed diagnostics omit all unknown trades,0.4117647058823529411764705882,0.574655220940050661412890515,0.2941176470588235294117647059,0.3300966319542170935359789849,0.1969696969696969696969696970,0.2008474841292178753479063077,0.01754385964912280701754385965,0.03050630140413422147168277199,-0.4625850340136054421768707483,-0.341207733638413722177562502,3,0,0,35.0,15.0,1,0.3333333333333333333333333333,0,0,0,0,0,0,0,0,0,0
VWAP_MR_GLDRUBF,LONG,exit_reason,STOP,33,33,0,False,PARTIAL_COVERAGE,ACCOUNTED,PARTIAL_COVERAGE,False,,,PARTIAL_COVERAGE,PARTIAL_COVERAGE,,,PARTIAL_COVERAGE,,,PARTIAL_COVERAGE,0E+1,,0E+1,-178.8,6.6,-185.4,-5.618181818181818181818181818,0,185.4,NEGATIVE,{'STOP': 33},Declared conditional M5 model; full fields require full approved-window period coverage; closed diagnostics omit all unknown trades,0,0.6383133722301081656265800809,0,0.3192024353484581548921294461,-1.040816326530612244897959184,-1.128441452514705675280188581,0.04081632653061224489795918367,0.1284414525147056752801885812,-0.6560846560846560846560846561,-0.6647839019361700282224360815,33,7,24,,5.0,7,0.2121212121212121212121212121,3,5,0.1515151515151515151515151515,3,2,0.06060606060606060606060606061,2,1,0.03030303030303030303030303030,2
VWAP_MR_GLDRUBF,LONG,exit_reason,TAKE,29,29,0,False,PARTIAL_COVERAGE,ACCOUNTED,PARTIAL_COVERAGE,False,,,PARTIAL_COVERAGE,PARTIAL_COVERAGE,,,PARTIAL_COVERAGE,,,PARTIAL_COVERAGE,,NO_LOSSES,,173.2,5.8,167.4,5.772413793103448275862068966,1,0,POSITIVE,{'TAKE': 29},Declared conditional M5 model; full fields require full approved-window period coverage; closed diagnostics omit all unknown trades,0.5585585585585585585585585586,1.251959524442534316318176804,0.1442307692307692307692307692,0.2558729443397445437810606801,0.64,1.355031607020106648781995440,0.03174603174603174603174603175,0.05428330371737290113287453766,-0.1830065359477124183006535948,-0.3657444685558318904968986586,29,0,0,10.0,,16,0.5517241379310344827586206897,12,9,0.3103448275862068965517241379,10,5,0.1724137931034482758620689655,5,3,0.1034482758620689655172413793,4
VWAP_MR_GLDRUBF,LONG,exit_reason,UNKNOWN_PATH_CONDITIONAL_REDUCE_ALL,7,0,7,False,PARTIAL_COVERAGE,UNRESOLVED,UNRESOLVED,False,,,UNRESOLVED,UNRESOLVED,,,UNRESOLVED,,,UNRESOLVED,,NO_CLOSED_TRADES,,,,,,,,NO_CLOSED_TRADES,{'UNKNOWN_PATH_CONDITIONAL_REDUCE_ALL': 7},Declared conditional M5 model; full fields require full approved-window period coverage; closed diagnostics omit all unknown trades,,,,,,,0.03508771929824561403508771930,0.03314170889328711711452846569,-0.3517474633596392333709131905,-0.258752456137009935607905019,0,0,0,,,0,,0,0,,0,0,,0,0,,0
VWAP_MR_GLDRUBF,LONG,time_bucket,11:00,2,2,0,False,PARTIAL_COVERAGE,ACCOUNTED,PARTIAL_COVERAGE,False,,,PARTIAL_COVERAGE,PARTIAL_COVERAGE,,,PARTIAL_COVERAGE,,,PARTIAL_COVERAGE,12.3,,15.625,11.7,0.4,11.3,5.65,0.5,1.0,POSITIVE,"{'STOP': 1, 'TAKE': 1}",Declared conditional M5 model; full fields require full approved-window period coverage; closed diagnostics omit all unknown trades,0.4036697247706422018348623853,0.4036697247706422018348623853,0.4403669724770642201834862386,0.4403669724770642201834862386,-0.060779816513761467889908257,-0.060779816513761467889908257,0.1341743119266055045871559633,0.1341743119266055045871559633,-0.8984590958706037452334037395,-0.8984590958706037452334037395,2,0,1,50.0,0.0,1,0.5,0,0,0,1,0,0,0,0,0,0
VWAP_MR_GLDRUBF,LONG,time_bucket,11:30,12,11,1,False,PARTIAL_COVERAGE,UNRESOLVED,UNRESOLVED,False,,,UNRESOLVED,UNRESOLVED,,,UNRESOLVED,,,UNRESOLVED,0.6383647798742138364779874214,,0.6666666666666666666666666667,-20.8,2.2,-23.0,-2.090909090909090909090909091,0.4545454545454545454545454545,39.0,NEGATIVE,"{'STOP': 6, 'TAKE': 5, 'UNKNOWN_PATH_CONDITIONAL_REDUCE_ALL': 1}",Declared conditional M5 model; full fields require full approved-window period coverage; closed diagnostics omit all unknown trades,0.2215189873417721518987341772,0.4479649248869528216834302869,0.3984375,0.423165403076138066522265690,-1.012658227848101265822784810,-0.09878003182089242080999378182,0.02247191011235955056179775281,0.02646248167332143870024684368,-0.1169028657427729353483413808,-0.2374247645288217736555608071,11,0,4,20.0,10.0,3,0.2727272727272727272727272727,2,1,0.09090909090909090909090909091,2,1,0.09090909090909090909090909091,0,0,0,0
VWAP_MR_GLDRUBF,LONG,time_bucket,12:00,7,6,1,False,PARTIAL_COVERAGE,UNRESOLVED,UNRESOLVED,False,,,UNRESOLVED,UNRESOLVED,,,UNRESOLVED,,,UNRESOLVED,0.2944162436548223350253807107,,0.3208556149732620320855614973,-12.7,1.2,-13.9,-2.316666666666666666666666667,0.1666666666666666666666666667,17.0,NEGATIVE,"{'UNKNOWN_PATH_CONDITIONAL_REDUCE_ALL': 1, 'STOP': 5, 'TAKE': 1}",Declared conditional M5 model; full fields require full approved-window period coverage; closed diagnostics omit all unknown trades,0,2.199712643678160919540229885,0,0.1604010025062656641604010025,-1.087114337568058076225045372,-1.032956807565377499857182407,0.06896551724137931034482758621,0.2451186866112622936008108466,-0.5729442970822281167108753315,-0.6629592727968507940712296591,6,2,2,5.0,15.0,2,0.3333333333333333333333333333,2,2,0.3333333333333333333333333333,2,1,0.1666666666666666666666666667,0,1,0.1666666666666666666666666667,0
VWAP_MR_GLDRUBF,LONG,time_bucket,12:30,10,8,2,False,PARTIAL_COVERAGE,UNRESOLVED,UNRESOLVED,False,,,UNRESOLVED,UNRESOLVED,,,UNRESOLVED,,,UNRESOLVED,0.9693877551020408163265306122,,1.053191489361702127659574468,1.0,1.6,-0.6,-0.075,0.5,12.0,NEGATIVE,"{'STOP': 4, 'UNKNOWN_PATH_CONDITIONAL_REDUCE_ALL': 2, 'TAKE': 3, 'SESSION_FLAT': 1}",Declared conditional M5 model; full fields require full approved-window period coverage; closed diagnostics omit all unknown trades,0.4288059701492537313432835821,0.8879197454941607569572625141,0.07271186440677966101694915255,0.226998174271372841412917571,-0.2861118138122944599038704782,0.1646023470653030720832954448,0.04040816326530612244897959184,0.05943615046890787579413421453,-0.4553589070482964970220453326,-0.5253479517963083990219794475,8,1,3,10.0,10.0,3,0.375,2,2,0.25,1,1,0.125,1,1,0.125,1
VWAP_MR_GLDRUBF,LONG,time_bucket,13:00,2,2,0,False,PARTIAL_COVERAGE,ACCOUNTED,PARTIAL_COVERAGE,False,,,PARTIAL_COVERAGE,PARTIAL_COVERAGE,,,PARTIAL_COVERAGE,,,PARTIAL_COVERAGE,1.909090909090909090909090909,,2.096774193548387096774193548,3.4,0.4,3.0,1.5,0.5,3.3,POSITIVE,"{'TAKE': 1, 'STOP': 1}",Declared conditional M5 model; full fields require full approved-window period coverage; closed diagnostics omit all unknown trades,3.225806451612903225806451613,3.225806451612903225806451613,0.1774193548387096774193548387,0.1774193548387096774193548387,0.6792803970223325062034739455,0.6792803970223325062034739455,0.0707196029776674937965260546,0.0707196029776674937965260546,-0.6124948335611865322862684005,-0.6124948335611865322862684005,2,0,1,5.0,5.0,1,0.5,0,1,0.5,0,1,0.5,0,1,0.5,0
VWAP_MR_GLDRUBF,LONG,time_bucket,15:30,7,7,0,False,PARTIAL_COVERAGE,ACCOUNTED,PARTIAL_COVERAGE,False,,,PARTIAL_COVERAGE,PARTIAL_COVERAGE,,,PARTIAL_COVERAGE,,,PARTIAL_COVERAGE,1.489208633093525179856115108,,1.616541353383458646616541353,8.2,1.4,6.8,0.9714285714285714285714285714,0.5714285714285714285714285714,7.6,POSITIVE,"{'STOP': 3, 'TAKE': 4}",Declared conditional M5 model; full fields require full approved-window period coverage; closed diagnostics omit all unknown trades,0.7727272727272727272727272727,1.973260230335702033815241361,0,0.1257219869079707354639969195,0.3962264150943396226415094340,1.066281953303502391892424976,0.04545454545454545454545454545,0.09566627367167876118630222691,-0.6841294298921417565485362096,-0.5957822076043082092535483283,7,0,3,5.0,0.0,4,0.5714285714285714285714285714,0,3,0.4285714285714285714285714286,1,2,0.2857142857142857142857142857,0,1,0.1428571428571428571428571429,1
VWAP_MR_GLDRUBF,LONG,time_bucket,16:00,8,8,0,False,PARTIAL_COVERAGE,ACCOUNTED,PARTIAL_COVERAGE,False,,,PARTIAL_COVERAGE,PARTIAL_COVERAGE,,,PARTIAL_COVERAGE,,,PARTIAL_COVERAGE,0.6166666666666666666666666667,,0.6918604651162790697674418605,-5.3,1.6,-6.9,-0.8625,0.5,6.9,NEGATIVE,"{'STOP': 4, 'TAKE': 4}",Declared conditional M5 model; full fields require full approved-window period coverage; closed diagnostics omit all unknown trades,0.4747474747474747474747474748,0.689790319743149931829177112,0.3269230769230769230769230769,0.3514880908748833277135163928,-0.3537457912457912457912457912,-0.3042993278788959027290705541,0.03809869375907111756168359942,0.04483341878798681181997964522,-0.4955525145398563120082107424,-0.4378231647236737194955318495,8,3,3,7.5,10.0,4,0.5,3,2,0.25,1,1,0.125,0,0,0,0
VWAP_MR_GLDRUBF,LONG,time_bucket,16:30,8,7,1,False,PARTIAL_COVERAGE,UNRESOLVED,UNRESOLVED,False,,,UNRESOLVED,UNRESOLVED,,,UNRESOLVED,,,UNRESOLVED,0.3435114503816793893129770992,,0.3779527559055118110236220472,-15.8,1.4,-17.2,-2.457142857142857142857142857,0.4285714285714285714285714286,19.9,NEGATIVE,"{'STOP': 4, 'TAKE': 3, 'UNKNOWN_PATH_CONDITIONAL_REDUCE_ALL': 1}",Declared conditional M5 model; full fields require full approved-window period coverage; closed diagnostics omit all unknown trades,0,0.1865079365079365079365079366,0.1827956989247311827956989247,0.3153018271574696395187232181,-1.016528925619834710743801653,-0.4397472393021619417541949207,0.02976190476190476190476190476,0.04033855765354106971092288959,-0.1411764705882352941176470588,-0.3435237628311336992160285745,7,1,3,5.0,0.0,2,0.2857142857142857142857142857,2,0,0,2,0,0,1,0,0,1
VWAP_MR_GLDRUBF,LONG,time_bucket,17:00,5,5,0,False,PARTIAL_COVERAGE,ACCOUNTED,PARTIAL_COVERAGE,False,,,PARTIAL_COVERAGE,PARTIAL_COVERAGE,,,PARTIAL_COVERAGE,,,PARTIAL_COVERAGE,0.4111675126903553299492385787,,0.4391534391534391534391534392,-10.6,1.0,-11.6,-2.32,0.2,19.7,NEGATIVE,"{'TAKE': 1, 'STOP': 4}",Declared conditional M5 model; full fields require full approved-window period coverage; closed diagnostics omit all unknown trades,0,0,0.7948717948717948717948717949,0.6038438604853941097416172968,-1.042553191489361702127659574,-0.4505732019099338004066475628,0.04878048780487804878048780488,0.05545125069042160528469634364,-0.7169811320754716981132075472,-0.6772201866164298880017258168,5,0,3,5.0,7.5,0,0,1,0,0,1,0,0,1,0,0,0
VWAP_MR_GLDRUBF,LONG,time_bucket,17:30,8,6,2,False,PARTIAL_COVERAGE,UNRESOLVED,UNRESOLVED,False,,,UNRESOLVED,UNRESOLVED,,,UNRESOLVED,,,UNRESOLVED,80.75,,166.5,33.1,1.2,31.9,5.316666666666666666666666667,0.8333333333333333333333333333,0.4,POSITIVE,"{'TAKE': 5, 'UNKNOWN_PATH_CONDITIONAL_REDUCE_ALL': 2, 'STOP': 1}",Declared conditional M5 model; full fields require full approved-window period coverage; closed diagnostics omit all unknown trades,0.975707850707850707850707851,0.867067960817960817960817961,0.00900900900900900900900900901,0.1273085585585585585585585586,1.041071428571428571428571428,0.6833887458887458887458887458,0.03373015873015873015873015873,0.1641450409769375286616665928,-0.549313461183774217220175098,-0.5244981944785068134746453686,6,0,1,15.0,0.0,4,0.6666666666666666666666666667,2,3,0.5,1,0,0,3,0,0,2
VWAP_MR_GLDRUBF,LONG,time_bucket,18:00,3,3,0,False,PARTIAL_COVERAGE,ACCOUNTED,PARTIAL_COVERAGE,False,,,PARTIAL_COVERAGE,PARTIAL_COVERAGE,,,PARTIAL_COVERAGE,,,PARTIAL_COVERAGE,22.2,,38.33333333333333333333333333,11.2,0.6,10.6,3.533333333333333333333333333,0.6666666666666666666666666667,0.5,POSITIVE,"{'TAKE': 1, 'SESSION_FLAT': 2}",Declared conditional M5 model; full fields require full approved-window period coverage; closed diagnostics omit all unknown trades,0.3560606060606060606060606061,0.2559417706476530005941770648,0.2083333333333333333333333333,0.1977866904337492572786690434,0.1969696969696969696969696970,1.197192513368983957219251337,0.05882352941176470588235294118,0.05243612596553773024361259653,-0.5840707964601769911504424778,-0.5369373075192481072136282103,3,0,0,12.5,15.0,0,0,1,0,0,1,0,0,1,0,0,1
VWAP_MR_GLDRUBF,LONG,session_half,AM,33,29,4,False,PARTIAL_COVERAGE,UNRESOLVED,UNRESOLVED,False,,,UNRESOLVED,UNRESOLVED,,,UNRESOLVED,,,UNRESOLVED,0.7835820895522388059701492537,,0.8323699421965317919075144509,-17.4,5.8,-23.2,-0.8,0.4137931034482758620689655172,52.7,NEGATIVE,"{'STOP': 17, 'UNKNOWN_PATH_CONDITIONAL_REDUCE_ALL': 4, 'TAKE': 11, 'SESSION_FLAT': 1}",Declared conditional M5 model; full fields require full approved-window period coverage; closed diagnostics omit all unknown trades,0.3559322033898305084745762712,1.120282770777442188506891054,0.12,0.2989235688854359739040121147,-1.015037593984962406015037594,-0.1631207330304315508537769346,0.03030303030303030303030303030,0.09204636123807024467628315852,-0.4150943396226415094339622642,-0.4777333169924388299280144261,29,3,11,10.0,10.0,10,0.3448275862068965517241379310,6,6,0.2068965517241379310344827586,6,4,0.1379310344827586206896551724,1,3,0.1034482758620689655172413793,1
VWAP_MR_GLDRUBF,LONG,session_half,PM,39,36,3,False,PARTIAL_COVERAGE,UNRESOLVED,UNRESOLVED,False,,,UNRESOLVED,UNRESOLVED,,,UNRESOLVED,,,UNRESOLVED,1.172808132147395171537484117,,1.276228419654714475431606906,20.8,7.2,13.6,0.3777777777777777777777777778,0.5277777777777777777777777778,31.6,POSITIVE,"{'STOP': 16, 'TAKE': 18, 'UNKNOWN_PATH_CONDITIONAL_REDUCE_ALL': 3, 'SESSION_FLAT': 2}",Declared conditional M5 model; full fields require full approved-window period coverage; closed diagnostics omit all unknown trades,0.1899038461538461538461538462,0.7390814667417053654567528042,0.0926243567753001715265866209,0.2854306152926866366245171408,0.1414956011730205278592375366,0.2052886772463326147565248506,0.03773584905660377358490566038,0.07945550477944091864099969523,-0.5316455696202531645569620254,-0.5029269047470914124080512405,36,4,13,10.0,5.0,14,0.3888888888888888888888888889,9,8,0.2222222222222222222222222222,7,3,0.08333333333333333333333333333,6,1,0.02777777777777777777777777778,5
VWAP_MR_GLDRUBF,LONG,net_outcome,LOSS,34,34,0,False,PARTIAL_COVERAGE,ACCOUNTED,PARTIAL_COVERAGE,False,,,PARTIAL_COVERAGE,PARTIAL_COVERAGE,,,PARTIAL_COVERAGE,,,PARTIAL_COVERAGE,0E+1,,0E+1,-179.1,6.8,-185.9,-5.467647058823529411764705882,0,185.9,NEGATIVE,"{'STOP': 33, 'SESSION_FLAT': 1}",Declared conditional M5 model; full fields require full approved-window period coverage; closed diagnostics omit all unknown trades,0,0.6316501761610565413780474488,0,0.3184646474575865482603540124,-1.040816326530612244897959184,-1.099577257544549972028003104,0.04168475900998697351280937907,0.1263938665410897644155463564,-0.632066173049779607156656337,-0.6624099870692290565438480344,34,7,24,,7.5,7,0.2058823529411764705882352941,3,5,0.1470588235294117647058823529,3,2,0.05882352941176470588235294118,2,1,0.02941176470588235294117647059,2
VWAP_MR_GLDRUBF,LONG,net_outcome,UNKNOWN,7,0,7,False,PARTIAL_COVERAGE,UNRESOLVED,UNRESOLVED,False,,,UNRESOLVED,UNRESOLVED,,,UNRESOLVED,,,UNRESOLVED,,NO_CLOSED_TRADES,,,,,,,,NO_CLOSED_TRADES,{'UNKNOWN_PATH_CONDITIONAL_REDUCE_ALL': 7},Declared conditional M5 model; full fields require full approved-window period coverage; closed diagnostics omit all unknown trades,,,,,,,0.03508771929824561403508771930,0.03314170889328711711452846569,-0.3517474633596392333709131905,-0.258752456137009935607905019,0,0,0,,,0,,0,0,,0,0,,0,0,,0
VWAP_MR_GLDRUBF,LONG,net_outcome,WIN,31,31,0,False,PARTIAL_COVERAGE,ACCOUNTED,PARTIAL_COVERAGE,False,,,PARTIAL_COVERAGE,PARTIAL_COVERAGE,,,PARTIAL_COVERAGE,,,PARTIAL_COVERAGE,,NO_LOSSES,,182.5,6.2,176.3,5.687096774193548387096774194,1,0,POSITIVE,"{'TAKE': 29, 'SESSION_FLAT': 2}",Declared conditional M5 model; full fields require full approved-window period coverage; closed diagnostics omit all unknown trades,0.5585585585585585585585585586,1.213517005347461103751268654,0.1442307692307692307692307692,0.2618221817631103071240945798,0.6067415730337078651685393258,1.291790899338714780820240937,0.03030303030303030303030303030,0.05183584460014361585116312797,-0.1830065359477124183006535948,-0.3563271610507802903158808429,31,0,0,10.0,,17,0.5483870967741935483870967742,12,9,0.2903225806451612903225806452,10,5,0.1612903225806451612903225806,5,3,0.09677419354838709677419354839,4
VWAP_MR_GLDRUBF,LONG,adx_regime,NOT_READY,57,52,5,False,PARTIAL_COVERAGE,UNRESOLVED,UNRESOLVED,False,,,UNRESOLVED,UNRESOLVED,,,UNRESOLVED,,,UNRESOLVED,1.175187969924812030075187970,,1.26328125,33.7,10.4,23.3,0.4480769230769230769230769231,0.5192307692307692307692307692,35.6,POSITIVE,"{'STOP': 24, 'UNKNOWN_PATH_CONDITIONAL_REDUCE_ALL': 5, 'TAKE': 26, 'SESSION_FLAT': 2}",Declared conditional M5 model; full fields require full approved-window period coverage; closed diagnostics omit all unknown trades,0.3462353324641460234680573664,1.064629729681472991213069213,0.02172087341578867002595816155,0.2567602839514877395474194310,0.2556277056277056277056277056,0.1353938776395960406520225884,0.03773584905660377358490566038,0.09583650212188696586981768556,-0.4481327800829875518672199170,-0.4857525091366577113211253660,52,5,18,10.0,5.0,21,0.4038461538461538461538461538,12,13,0.25,10,7,0.1346153846153846153846153846,4,4,0.07692307692307692307692307692,3
VWAP_MR_GLDRUBF,LONG,adx_regime,SUB_25,11,9,2,False,PARTIAL_COVERAGE,UNRESOLVED,UNRESOLVED,False,,,UNRESOLVED,UNRESOLVED,,,UNRESOLVED,,,UNRESOLVED,0.2810457516339869281045751634,,0.2988764044943820224719101124,-31.2,1.8,-33.0,-3.666666666666666666666666667,0.2222222222222222222222222222,41.5,NEGATIVE,"{'TAKE': 2, 'UNKNOWN_PATH_CONDITIONAL_REDUCE_ALL': 2, 'STOP': 7}",Declared conditional M5 model; full fields require full approved-window period coverage; closed diagnostics omit all unknown trades,0,0.1817099686751428044960383269,0.7948717948717948717948717949,0.5338546695463924089257995447,-1.029850746268656716417910448,-0.3178644681381228675379203292,0.04,0.04328194226905512377737627265,-0.3517474633596392333709131905,-0.4752590218749362524739763425,9,1,4,10.0,10.0,1,0.1111111111111111111111111111,2,0,0,2,0,0,2,0,0,2
VWAP_MR_GLDRUBF,LONG,adx_regime,TREND_25_PLUS,4,4,0,False,PARTIAL_COVERAGE,ACCOUNTED,PARTIAL_COVERAGE,False,,,PARTIAL_COVERAGE,PARTIAL_COVERAGE,,,PARTIAL_COVERAGE,,,PARTIAL_COVERAGE,1.014285714285714285714285714,,1.136363636363636363636363636,0.9,0.8,0.1,0.025,0.5,7.0,POSITIVE,"{'TAKE': 1, 'SESSION_FLAT': 1, 'STOP': 2}",Declared conditional M5 model; full fields require full approved-window period coverage; closed diagnostics omit all unknown trades,0.4780701754385964912280701754,0.5247493734335839598997493735,0.09139784946236559139784946235,0.1970147142048670062252405206,-0.4773974105771340794382269038,-0.3799525752576072873971320278,0.03116085143734913320166776388,0.04937815533683762129639631745,-0.610080395794681508967223253,-0.615901621118314537255147207,4,1,2,30.0,5.0,2,0.5,1,1,0.25,1,0,0,1,0,0,1
VWAP_MR_GLDRUBF,LONG,di_aligned,False,53,46,7,False,PARTIAL_COVERAGE,UNRESOLVED,UNRESOLVED,False,,,UNRESOLVED,UNRESOLVED,,,UNRESOLVED,,,UNRESOLVED,1.520041109969167523124357657,,1.640943193997856377277599143,59.8,9.2,50.6,1.1,0.5652173913043478260869565217,22.7,POSITIVE,"{'STOP': 20, 'UNKNOWN_PATH_CONDITIONAL_REDUCE_ALL': 7, 'TAKE': 25, 'SESSION_FLAT': 1}",Declared conditional M5 model; full fields require full approved-window period coverage; closed diagnostics omit all unknown trades,0.3462353324641460234680573664,0.9130318791083300584310980489,0.1346153846153846153846153846,0.3044763774370682941313927922,0.3628859348198970840480274442,0.2271235833386630250078088070,0.03773584905660377358490566038,0.08812211550028399438088218987,-0.4481327800829875518672199170,-0.4847258123618542210457804755,46,5,17,10.0,5.0,20,0.4347826086956521739130434783,12,11,0.2391304347826086956521739130,10,6,0.1304347826086956521739130435,4,3,0.06521739130434782608695652174,4
VWAP_MR_GLDRUBF,LONG,di_aligned,None,7,7,0,False,PARTIAL_COVERAGE,ACCOUNTED,PARTIAL_COVERAGE,False,,,PARTIAL_COVERAGE,PARTIAL_COVERAGE,,,PARTIAL_COVERAGE,,,PARTIAL_COVERAGE,0.1065573770491803278688524590,,0.1206896551724137931034482759,-20.4,1.4,-21.8,-3.114285714285714285714285714,0.1428571428571428571428571429,24.4,NEGATIVE,"{'STOP': 5, 'SESSION_FLAT': 2}",Declared conditional M5 model; full fields require full approved-window period coverage; closed diagnostics omit all unknown trades,0.3560606060606060606060606061,0.3715309369467584477726465556,0,0.1887034534093357622769387476,-1.032786885245901639344262295,-0.7664597719635178799012213176,0.03773584905660377358490566038,0.06987204596402717452816300337,-0.5729442970822281167108753315,-0.5434031542128235586506884183,7,1,3,15.0,10.0,1,0.1428571428571428571428571429,0,1,0.1428571428571428571428571429,0,0,0,0,0,0,0
VWAP_MR_GLDRUBF,LONG,di_aligned,True,12,12,0,False,PARTIAL_COVERAGE,ACCOUNTED,PARTIAL_COVERAGE,False,,,PARTIAL_COVERAGE,PARTIAL_COVERAGE,,,PARTIAL_COVERAGE,,,PARTIAL_COVERAGE,0.4018691588785046728971962617,,0.4249201277955271565495207668,-36.0,2.4,-38.4,-3.2,0.3333333333333333333333333333,62.6,NEGATIVE,"{'TAKE': 4, 'STOP': 8}",Declared conditional M5 model; full fields require full approved-window period coverage; closed diagnostics omit all unknown trades,0,1.207912513136393733408658782,0,0.3014540093536558579763607258,-1.015783259802398558379419624,-0.2018812755707012362146077002,0.03079838900734423122482823976,0.08139318033260599811936960492,-0.3878885125096570987104058954,-0.490421550934917320463107526,12,1,4,7.5,12.5,3,0.25,3,2,0.1666666666666666666666666667,3,1,0.08333333333333333333333333333,3,1,0.08333333333333333333333333333,2
VWAP_MR_GLDRUBF,LONG,ema_aligned,None,72,65,7,False,PARTIAL_COVERAGE,UNRESOLVED,UNRESOLVED,False,,,UNRESOLVED,UNRESOLVED,,,UNRESOLVED,,,UNRESOLVED,0.9483593329747175901022054868,,1.018983807928531546621998883,3.4,13.0,-9.6,-0.1476923076923076923076923077,0.4769230769230769230769230769,67.2,NEGATIVE,"{'STOP': 33, 'UNKNOWN_PATH_CONDITIONAL_REDUCE_ALL': 7, 'TAKE': 29, 'SESSION_FLAT': 3}",Declared conditional M5 model; full fields require full approved-window period coverage; closed diagnostics omit all unknown trades,0.2272727272727272727272727273,0.9091558946961110249714298695,0.09433962264150943396226415094,0.2914505484340671101799841289,-1.012658227848101265822784810,0.0409214018920839870226979004,0.03773584905660377358490566038,0.08522631398964602640717128258,-0.4537961197712235056633396882,-0.4913798436928756454380343674,65,7,24,10.0,7.5,24,0.3692307692307692307692307692,15,14,0.2153846153846153846153846154,13,7,0.1076923076923076923076923077,7,4,0.06153846153846153846153846154,6
VWAP_MR_GLDRUBF,LONG,breakout_entry_class,EXTENDED_GT_1_ATR,1,1,0,False,PARTIAL_COVERAGE,ACCOUNTED,PARTIAL_COVERAGE,False,,,PARTIAL_COVERAGE,PARTIAL_COVERAGE,,,PARTIAL_COVERAGE,,,PARTIAL_COVERAGE,,NO_LOSSES,,1.8,0.2,1.6,1.6,1,0,POSITIVE,{'TAKE': 1},Declared conditional M5 model; full fields require full approved-window period coverage; closed diagnostics omit all unknown trades,0.8,0.8,0,0,0.64,0.64,0.08,0.08,-0.5316455696202531645569620254,-0.5316455696202531645569620254,1,0,0,5.0,,1,1,0,0,0,1,0,0,0,0,0,0
VWAP_MR_GLDRUBF,LONG,breakout_entry_class,INSIDE_RANGE,67,60,7,False,PARTIAL_COVERAGE,UNRESOLVED,UNRESOLVED,False,,,UNRESOLVED,UNRESOLVED,,,UNRESOLVED,,,UNRESOLVED,1.024032825322391559202813599,,1.097812879708383961117861482,16.1,12.0,4.1,0.06833333333333333333333333333,0.5,58.6,POSITIVE,"{'STOP': 29, 'UNKNOWN_PATH_CONDITIONAL_REDUCE_ALL': 7, 'TAKE': 28, 'SESSION_FLAT': 3}",Declared conditional M5 model; full fields require full approved-window period coverage; closed diagnostics omit all unknown trades,0.2819055944055944055944055944,0.9588682434415730359337126687,0.1225,0.3030837731492517150406618187,-0.03051865907653383934218848828,0.1048327361031162619216371933,0.03571428571428571428571428571,0.08636151588138802003721588464,-0.4150943396226415094339622642,-0.4657196720656050949942166136,60,6,20,10.0,7.5,22,0.3666666666666666666666666667,14,14,0.2333333333333333333333333333,11,7,0.1166666666666666666666666667,7,4,0.06666666666666666666666666667,6
VWAP_MR_GLDRUBF,LONG,breakout_entry_class,PERSISTENT_LE_1_ATR,4,4,0,False,PARTIAL_COVERAGE,ACCOUNTED,PARTIAL_COVERAGE,False,,,PARTIAL_COVERAGE,PARTIAL_COVERAGE,,,PARTIAL_COVERAGE,,,PARTIAL_COVERAGE,0E+1,,0E+1,-14.5,0.8,-15.3,-3.825,0,15.3,NEGATIVE,{'STOP': 4},Declared conditional M5 model; full fields require full approved-window period coverage; closed diagnostics omit all unknown trades,0.02040816326530612244897959184,0.1907596371882086167800453515,0,0.1898148148148148148148148148,-1.063886424134871339840283940,-1.067518260800379139705717019,0.06388642413487133984028393965,0.06751826080037913970571701858,-0.9404409511503966285781078715,-0.9111212869678129855922498292,4,1,4,,5.0,1,0.25,1,0,0,1,0,0,0,0,0,0
VWAP_MR_GLDRUBF,LONG,cost_class,NET_RR_GE_1,36,35,1,False,PARTIAL_COVERAGE,UNRESOLVED,UNRESOLVED,False,,,UNRESOLVED,UNRESOLVED,,,UNRESOLVED,,,UNRESOLVED,1.288288288288288288288288288,,1.402188782489740082079343365,29.4,7.0,22.4,0.64,0.3428571428571428571428571429,36.1,POSITIVE,"{'STOP': 22, 'TAKE': 11, 'UNKNOWN_PATH_CONDITIONAL_REDUCE_ALL': 1, 'SESSION_FLAT': 2}",Declared conditional M5 model; full fields require full approved-window period coverage; closed diagnostics omit all unknown trades,0.4117647058823529411764705882,1.436397736260203537302610075,0,0.2882857337826372637912664326,-1.037735849056603773584905660,0.1271245401326901615801798271,0.05572755417956656346749226005,0.1409878398894374856236684876,-0.8645322505075745744182414495,-0.8919872773707942073373927903,35,7,16,12.5,5.0,17,0.4857142857142857142857142857,5,13,0.3714285714285714285714285714,6,7,0.2,6,4,0.1142857142857142857142857143,5
VWAP_MR_GLDRUBF,LONG,cost_class,NET_RR_LT_1,35,29,6,False,PARTIAL_COVERAGE,UNRESOLVED,UNRESOLVED,False,,,UNRESOLVED,UNRESOLVED,,,UNRESOLVED,,,UNRESOLVED,0.7689202825428859737638748739,,0.8238928939237899073120494336,-17.1,5.8,-22.9,-0.7896551724137931034482758621,0.6551724137931034482758620690,52.4,NEGATIVE,"{'STOP': 10, 'UNKNOWN_PATH_CONDITIONAL_REDUCE_ALL': 6, 'TAKE': 18, 'SESSION_FLAT': 1}",Declared conditional M5 model; full fields require full approved-window period coverage; closed diagnostics omit all unknown trades,0.2215189873417721518987341772,0.3041797374531066488810892726,0.1442307692307692307692307692,0.3053201712352433768622290779,0.336,-0.02644813350159782580238388590,0.02352941176470588235294117647,0.02966458460349728195149911543,0E+1,-0.09336590744395585735406668517,29,0,7,5.0,7.5,7,0.2413793103448275862068965517,10,1,0.03448275862068965517241379310,7,0,0,1,0,0,1
VWAP_MR_GLDRUBF,LONG,cost_class,TARGET_CANNOT_PAY_C1,1,1,0,False,PARTIAL_COVERAGE,ACCOUNTED,PARTIAL_COVERAGE,False,,,PARTIAL_COVERAGE,PARTIAL_COVERAGE,,,PARTIAL_COVERAGE,,,PARTIAL_COVERAGE,0E+1,,0E+1,-8.9,0.2,-9.1,-9.1,0,9.1,NEGATIVE,{'STOP': 1},Declared conditional M5 model; full fields require full approved-window period coverage; closed diagnostics omit all unknown trades,0,0,0,0,-1.022471910112359550561797753,-1.022471910112359550561797753,0.02247191011235955056179775281,0.02247191011235955056179775281,0E+27,0,1,0,1,,10.0,0,0,0,0,0,0,0,0,0,0,0,0
VWAP_MR_GLDRUBF,SHORT,ALL,ALL,54,49,5,False,PARTIAL_COVERAGE,UNRESOLVED,UNRESOLVED,False,,,UNRESOLVED,UNRESOLVED,,,UNRESOLVED,,,UNRESOLVED,0.5860735009671179883945841393,,0.6351441985244802146210596915,-54.4,9.8,-64.2,-1.310204081632653061224489796,0.3877551020408163265306122449,72.1,NEGATIVE,"{'STOP': 28, 'UNKNOWN_PATH_CONDITIONAL_REDUCE_ALL': 5, 'TAKE': 18, 'SESSION_FLAT': 1, 'MAX_HOLD': 2}",Declared conditional M5 model; full fields require full approved-window period coverage; closed diagnostics omit all unknown trades,0.4829931972789115646258503401,0.8277963774570070076092806598,0.1666666666666666666666666667,0.2835279282074688759270097069,-1.018018018018018018018018018,-0.2402016698007233147685598647,0.04166666666666666666666666667,0.1017496613397900673856792570,-0.4975273992913175921571681458,-0.5529117133411297082113156267,49,13,18,10.0,5.0,24,0.4897959183673469387755102041,11,14,0.2857142857142857142857142857,7,7,0.1428571428571428571428571429,6,2,0.04081632653061224489795918367,8
VWAP_MR_GLDRUBF,SHORT,exit_reason,MAX_HOLD,2,2,0,False,PARTIAL_COVERAGE,ACCOUNTED,PARTIAL_COVERAGE,False,,,PARTIAL_COVERAGE,PARTIAL_COVERAGE,,,PARTIAL_COVERAGE,,,PARTIAL_COVERAGE,0.02469135802469135802469135802,,0.05063291139240506329113924051,-7.5,0.4,-7.9,-3.95,0.5,8.1,NEGATIVE,{'MAX_HOLD': 2},Declared conditional M5 model; full fields require full approved-window period coverage; closed diagnostics omit all unknown trades,0.7996710526315789473684210525,0.7996710526315789473684210525,0.4157894736842105263157894737,0.4157894736842105263157894737,-0.4054824561403508771929824561,-0.4054824561403508771929824561,0.03135964912280701754385964912,0.03135964912280701754385964912,-0.3585061374534448402290697472,-0.3585061374534448402290697472,2,1,0,60.0,60.0,2,1,0,1,0.5,0,0,0,0,0,0,0
VWAP_MR_GLDRUBF,SHORT,exit_reason,SESSION_FLAT,1,1,0,False,PARTIAL_COVERAGE,ACCOUNTED,PARTIAL_COVERAGE,False,,,PARTIAL_COVERAGE,PARTIAL_COVERAGE,,,PARTIAL_COVERAGE,,,PARTIAL_COVERAGE,0E+1,,0E+1,-0.1,0.2,-0.3,-0.3,0,0.3,NEGATIVE,{'SESSION_FLAT': 1},Declared conditional M5 model; full fields require full approved-window period coverage; closed diagnostics omit all unknown trades,0.03571428571428571428571428571,0.03571428571428571428571428571,0.01190476190476190476190476190,0.01190476190476190476190476190,-0.03571428571428571428571428571,-0.03571428571428571428571428571,0.02380952380952380952380952381,0.02380952380952380952380952381,0.09389671361502347417840375587,0.09389671361502347417840375587,1,0,0,,15.0,0,0,0,0,0,0,0,0,0,0,0,0
VWAP_MR_GLDRUBF,SHORT,exit_reason,STOP,28,28,0,False,PARTIAL_COVERAGE,ACCOUNTED,PARTIAL_COVERAGE,False,,,PARTIAL_COVERAGE,PARTIAL_COVERAGE,,,PARTIAL_COVERAGE,,,PARTIAL_COVERAGE,0E+1,,0E+1,-141.1,5.6,-146.7,-5.239285714285714285714285714,0,146.7,NEGATIVE,{'STOP': 28},Declared conditional M5 model; full fields require full approved-window period coverage; closed diagnostics omit all unknown trades,0.0544181977252843394575678040,0.7289904785113738369741139743,0.2435717625058438522674146798,0.3107043402291493550697219553,-1.044949494949494949494949494,-1.134225474056664872798286316,0.04494949494949494949494949494,0.1342254740566648727982863162,-0.7318455743879472693032015065,-0.7055142748343590436928469639,28,12,18,,5.0,12,0.4285714285714285714285714286,4,6,0.2142857142857142857142857143,4,3,0.1071428571428571428571428571,3,2,0.07142857142857142857142857143,3
VWAP_MR_GLDRUBF,SHORT,exit_reason,TAKE,18,18,0,False,PARTIAL_COVERAGE,ACCOUNTED,PARTIAL_COVERAGE,False,,,PARTIAL_COVERAGE,PARTIAL_COVERAGE,,,PARTIAL_COVERAGE,,,PARTIAL_COVERAGE,,NO_LOSSES,,94.3,3.6,90.7,5.038888888888888888888888889,1,0,POSITIVE,{'TAKE': 18},Declared conditional M5 model; full fields require full approved-window period coverage; closed diagnostics omit all unknown trades,0.5561868686868686868686868685,1.028624039227635129364278037,0.1614583333333333333333333334,0.2416479581375894456154320663,0.5397727272727272727272727275,1.157506147297008971298014594,0.03216675244467318579516212043,0.04197147291262348876086463186,-0.1335926529689946253046467712,-0.318672829570282285203189673,18,0,0,10.0,,10,0.5555555555555555555555555556,7,7,0.3888888888888888888888888889,3,4,0.2222222222222222222222222222,3,0,0,5
VWAP_MR_GLDRUBF,SHORT,exit_reason,UNKNOWN_PATH_CONDITIONAL_REDUCE_ALL,5,0,5,False,PARTIAL_COVERAGE,UNRESOLVED,UNRESOLVED,False,,,UNRESOLVED,UNRESOLVED,,,UNRESOLVED,,,UNRESOLVED,,NO_CLOSED_TRADES,,,,,,,,NO_CLOSED_TRADES,{'UNKNOWN_PATH_CONDITIONAL_REDUCE_ALL': 5},Declared conditional M5 model; full fields require full approved-window period coverage; closed diagnostics omit all unknown trades,,,,,,,0.06666666666666666666666666667,0.1788306208559373116335141652,-0.8495575221238938053097345133,-0.7487212663004007360148358014,0,0,0,,,0,,0,0,,0,0,,0,0,,0
VWAP_MR_GLDRUBF,SHORT,time_bucket,11:00,1,1,0,False,PARTIAL_COVERAGE,ACCOUNTED,PARTIAL_COVERAGE,False,,,PARTIAL_COVERAGE,PARTIAL_COVERAGE,,,PARTIAL_COVERAGE,,,PARTIAL_COVERAGE,0E+1,,0E+1,-0.4,0.2,-0.6,-0.6,0,0.6,NEGATIVE,{'STOP': 1},Declared conditional M5 model; full fields require full approved-window period coverage; closed diagnostics omit all unknown trades,0,0,0,0,-1.5,-1.5,0.5,0.5,-1.403225806451612903225806452,-1.403225806451612903225806452,1,0,1,,0.0,0,0,1,0,0,1,0,0,1,0,0,1
VWAP_MR_GLDRUBF,SHORT,time_bucket,11:30,5,4,1,False,PARTIAL_COVERAGE,UNRESOLVED,UNRESOLVED,False,,,UNRESOLVED,UNRESOLVED,,,UNRESOLVED,,,UNRESOLVED,0.1459854014598540145985401460,,0.1567164179104477611940298507,-22.6,0.8,-23.4,-5.85,0.25,23.4,NEGATIVE,"{'UNKNOWN_PATH_CONDITIONAL_REDUCE_ALL': 1, 'STOP': 2, 'TAKE': 1, 'MAX_HOLD': 1}",Declared conditional M5 model; full fields require full approved-window period coverage; closed diagnostics omit all unknown trades,0.0598360122340079390902583458,0.1641285324327934432293396992,0.5934754240974336668116572425,0.530989680552653841279844369,-0.9341898052217157065893079155,-0.6425147906407165576401618222,0.01652892561983471074380165289,0.01880529435527498948615191853,-0.2020937642239417387346381430,-0.2132255377890893979337984708,4,1,1,15.0,45.0,1,0.25,1,0,0,0,0,0,0,0,0,0
VWAP_MR_GLDRUBF,SHORT,time_bucket,12:00,7,5,2,False,PARTIAL_COVERAGE,UNRESOLVED,UNRESOLVED,False,,,UNRESOLVED,UNRESOLVED,,,UNRESOLVED,,,UNRESOLVED,0.2109375,,0.232,-19.2,1.0,-20.2,-4.04,0.4,22.2,NEGATIVE,"{'STOP': 3, 'UNKNOWN_PATH_CONDITIONAL_REDUCE_ALL': 2, 'TAKE': 2}",Declared conditional M5 model; full fields require full approved-window period coverage; closed diagnostics omit all unknown trades,0.3586956521739130434782608696,0.3188993341167254210732471602,0.3913043478260869565217391304,0.4816360065564731524434599726,-1.018018018018018018018018018,-0.492421459484025761862453273,0.02857142857142857142857142857,0.09357680878662548106571739354,-0.1005235602094240837696335079,-0.3131252896367969417482367253,5,2,1,22.5,30.0,2,0.4,2,0,0,0,0,0,0,0,0,0
VWAP_MR_GLDRUBF,SHORT,time_bucket,12:30,8,7,1,False,PARTIAL_COVERAGE,UNRESOLVED,UNRESOLVED,False,,,UNRESOLVED,UNRESOLVED,,,UNRESOLVED,,,UNRESOLVED,2.563106796116504854368932039,,2.767676767676767676767676768,17.5,1.4,16.1,2.3,0.7142857142857142857142857143,9.5,POSITIVE,"{'STOP': 2, 'TAKE': 5, 'UNKNOWN_PATH_CONDITIONAL_REDUCE_ALL': 1}",Declared conditional M5 model; full fields require full approved-window period coverage; closed diagnostics omit all unknown trades,0.4477611940298507462686567164,0.628021785548125655928873662,0.2388059701492537313432835821,0.3412185958924177590000137843,0.3358778625954198473282442748,0.2487475816308775076667828834,0.02567806130637136896164339592,0.09684607259982869270543136435,-0.0879578007734856742508714616,-0.4177564805639833731346921734,7,1,1,15.0,12.5,3,0.4285714285714285714285714286,2,1,0.1428571428571428571428571429,1,1,0.1428571428571428571428571429,0,0,0,0
VWAP_MR_GLDRUBF,SHORT,time_bucket,13:00,5,5,0,False,PARTIAL_COVERAGE,ACCOUNTED,PARTIAL_COVERAGE,False,,,PARTIAL_COVERAGE,PARTIAL_COVERAGE,,,PARTIAL_COVERAGE,,,PARTIAL_COVERAGE,0.2679738562091503267973856209,,0.3061224489795918367346938776,-10.2,1.0,-11.2,-2.24,0.4,15.3,NEGATIVE,"{'STOP': 3, 'TAKE': 2}",Declared conditional M5 model; full fields require full approved-window period coverage; closed diagnostics omit all unknown trades,0.8636363636363636363636363636,0.9367153283409441044909025202,0.1379310344827586206896551724,0.2176353469456917732779801746,-1.027027027027027027027027027,-0.08339145876091688899570672952,0.04545454545454545454545454545,0.06502411182214137879162509706,-0.4660194174757281553398058252,-0.4641121799055722910381390902,5,3,2,15.0,5.0,4,0.8,1,2,0.4,0,0,0,1,0,0,1
VWAP_MR_GLDRUBF,SHORT,time_bucket,15:30,5,5,0,False,PARTIAL_COVERAGE,ACCOUNTED,PARTIAL_COVERAGE,False,,,PARTIAL_COVERAGE,PARTIAL_COVERAGE,,,PARTIAL_COVERAGE,,,PARTIAL_COVERAGE,2.647887323943661971830985915,,2.895522388059701492537313433,12.7,1.0,11.7,2.34,0.6,7.1,POSITIVE,"{'STOP': 2, 'TAKE': 3}",Declared conditional M5 model; full fields require full approved-window period coverage; closed diagnostics omit all unknown trades,1.347826086956521739130434783,1.379157171414292853573213393,0,0.1833333333333333333333333333,1.034482758620689655172413793,0.5242931955075094031931402718,0.04166666666666666666666666667,0.06167382098424471974539046266,-0.6044444444444444444444444444,-0.7001213746065184110891432606,5,1,1,5.0,15.0,4,0.8,1,3,0.6,1,1,0.2,2,0,0,3
VWAP_MR_GLDRUBF,SHORT,time_bucket,16:00,7,7,0,False,PARTIAL_COVERAGE,ACCOUNTED,PARTIAL_COVERAGE,False,,,PARTIAL_COVERAGE,PARTIAL_COVERAGE,,,PARTIAL_COVERAGE,,,PARTIAL_COVERAGE,3.113207547169811320754716981,,3.680851063829787234042553191,12.6,1.4,11.2,1.6,0.5714285714285714285714285714,3.0,POSITIVE,"{'TAKE': 3, 'STOP': 3, 'MAX_HOLD': 1}",Declared conditional M5 model; full fields require full approved-window period coverage; closed diagnostics omit all unknown trades,0.5568181818181818181818181818,0.7827543696904599160238257983,0.02631578947368421052631578947,0.161226930963773069036226931,0.04166666666666666666666666667,-0.001556651368681443869413794186,0.05263157894736842105263157895,0.1116158903752888715294730332,-0.7881355932203389830508474577,-0.6916439874740446183765033594,7,1,2,20.0,0.0,4,0.5714285714285714285714285714,1,3,0.4285714285714285714285714286,1,1,0.1428571428571428571428571429,1,0,0,1
VWAP_MR_GLDRUBF,SHORT,time_bucket,16:30,2,2,0,False,PARTIAL_COVERAGE,ACCOUNTED,PARTIAL_COVERAGE,False,,,PARTIAL_COVERAGE,PARTIAL_COVERAGE,,,PARTIAL_COVERAGE,,,PARTIAL_COVERAGE,0E+1,,0E+1,-24.2,0.4,-24.6,-12.3,0,24.6,NEGATIVE,{'STOP': 2},Declared conditional M5 model; full fields require full approved-window period coverage; closed diagnostics omit all unknown trades,0.2414965986394557823129251700,0.2414965986394557823129251700,0.3741496598639455782312925170,0.3741496598639455782312925170,-1.017329036877909058360186180,-1.017329036877909058360186180,0.01732903687790905836018617974,0.01732903687790905836018617974,-0.4750231492762805204932014230,-0.4750231492762805204932014230,2,0,1,,17.5,0,0,0,0,0,0,0,0,0,0,0,0
VWAP_MR_GLDRUBF,SHORT,time_bucket,17:00,4,4,0,False,PARTIAL_COVERAGE,ACCOUNTED,PARTIAL_COVERAGE,False,,,PARTIAL_COVERAGE,PARTIAL_COVERAGE,,,PARTIAL_COVERAGE,,,PARTIAL_COVERAGE,0E+1,,0E+1,-11.3,0.8,-12.1,-3.025,0,12.1,NEGATIVE,{'STOP': 4},Declared conditional M5 model; full fields require full approved-window period coverage; closed diagnostics omit all unknown trades,1.185024154589371980676328502,1.967512077294685990338164251,0.4684754521963824289405684754,0.408150769576452084035501629,-1.066734074823053589484327604,-1.294478148522637905853274913,0.06673407482305358948432760365,0.294478148522637905853274913,-0.8178669008587041373926619825,-0.821865438714415524602611499,4,2,2,,12.5,2,0.5,0,2,0.5,0,2,0.5,0,1,0.25,0
VWAP_MR_GLDRUBF,SHORT,time_bucket,17:30,7,6,1,False,PARTIAL_COVERAGE,UNRESOLVED,UNRESOLVED,False,,,UNRESOLVED,UNRESOLVED,,,UNRESOLVED,,,UNRESOLVED,0.06206896551724137931034482759,,0.08148148148148148148148148148,-12.4,1.2,-13.6,-2.266666666666666666666666667,0.1666666666666666666666666667,13.6,NEGATIVE,"{'STOP': 5, 'TAKE': 1, 'UNKNOWN_PATH_CONDITIONAL_REDUCE_ALL': 1}",Declared conditional M5 model; full fields require full approved-window period coverage; closed diagnostics omit all unknown trades,0.3333333333333333333333333334,0.952910052910052910052910053,0.02222222222222222222222222222,0.1881155881155881155881155882,-1.059259259259259259259259259,-0.9220544082862923442633587562,0.06666666666666666666666666667,0.1057169653442945368411206920,-0.9924812030075187969924812030,-0.8725067197864967794672485063,6,2,5,5.0,0.0,3,0.5,2,2,0.3333333333333333333333333333,3,1,0.1666666666666666666666666667,1,1,0.1666666666666666666666666667,1
VWAP_MR_GLDRUBF,SHORT,time_bucket,18:00,3,3,0,False,PARTIAL_COVERAGE,ACCOUNTED,PARTIAL_COVERAGE,False,,,PARTIAL_COVERAGE,PARTIAL_COVERAGE,,,PARTIAL_COVERAGE,,,PARTIAL_COVERAGE,1.203252032520325203252032520,,1.260504201680672268907563025,3.1,0.6,2.5,0.8333333333333333333333333333,0.3333333333333333333333333333,12.0,POSITIVE,"{'SESSION_FLAT': 1, 'TAKE': 1, 'STOP': 1}",Declared conditional M5 model; full fields require full approved-window period coverage; closed diagnostics omit all unknown trades,0.03571428571428571428571428571,0.9285714285714285714285714287,0.15625,0.1097239036857680925477535647,-0.03571428571428571428571428571,1.190778853914447134786117837,0.02380952380952380952380952381,0.03441955878396556362658057573,0.09389671361502347417840375587,-0.2820731254200107794205089742,3,0,1,5.0,10.0,1,0.3333333333333333333333333333,0,1,0.3333333333333333333333333333,0,1,0.3333333333333333333333333333,0,0,0,1
VWAP_MR_GLDRUBF,SHORT,session_half,AM,26,22,4,False,PARTIAL_COVERAGE,UNRESOLVED,UNRESOLVED,False,,,UNRESOLVED,UNRESOLVED,,,UNRESOLVED,,,UNRESOLVED,0.5037878787878787878787878788,,0.5455729166666666666666666667,-34.9,4.4,-39.3,-1.786363636363636363636363636,0.4545454545454545454545454545,46.1,NEGATIVE,"{'STOP': 11, 'UNKNOWN_PATH_CONDITIONAL_REDUCE_ALL': 4, 'TAKE': 10, 'MAX_HOLD': 1}",Declared conditional M5 model; full fields require full approved-window period coverage; closed diagnostics omit all unknown trades,0.4032284231018818948734587930,0.5150336336752909541927374018,0.3243243243243243243243243243,0.3640384391349256503057579409,-0.9341898052217157065893079155,-0.2367223037441562241447257780,0.02877846790890269151138716356,0.09034435666123422117278299035,-0.1621623809613760311733450630,-0.3970708948805525740538726431,22,7,6,15.0,12.5,10,0.4545454545454545454545454545,7,3,0.1363636363636363636363636364,2,1,0.04545454545454545454545454545,2,0,0,2
VWAP_MR_GLDRUBF,SHORT,session_half,PM,28,27,1,False,PARTIAL_COVERAGE,UNRESOLVED,UNRESOLVED,False,,,UNRESOLVED,UNRESOLVED,,,UNRESOLVED,,,UNRESOLVED,0.6719367588932806324110671937,,0.7302904564315352697095435685,-19.5,5.4,-24.9,-0.9222222222222222222222222222,0.3333333333333333333333333333,34.7,NEGATIVE,"{'STOP': 17, 'TAKE': 8, 'UNKNOWN_PATH_CONDITIONAL_REDUCE_ALL': 1, 'SESSION_FLAT': 1, 'MAX_HOLD': 1}",Declared conditional M5 model; full fields require full approved-window period coverage; closed diagnostics omit all unknown trades,0.5568181818181818181818181818,1.082640094612479347430167759,0.02631578947368421052631578947,0.2179267711554670597665481835,-1.041666666666666666666666667,-0.2430367088097779812027950459,0.04825581395348837209302325582,0.1123403013984490674405115046,-0.767040769583142464498396702,-0.6976210447688084756432269689,27,6,12,10.0,5.0,14,0.5185185185185185185185185185,4,11,0.4074074074074074074074074074,5,6,0.2222222222222222222222222222,4,2,0.07407407407407407407407407407,6
VWAP_MR_GLDRUBF,SHORT,net_outcome,LOSS,30,30,0,False,PARTIAL_COVERAGE,ACCOUNTED,PARTIAL_COVERAGE,False,,,PARTIAL_COVERAGE,PARTIAL_COVERAGE,,,PARTIAL_COVERAGE,,,PARTIAL_COVERAGE,0E+1,,0E+1,-149.1,6.0,-155.1,-5.17,0,155.1,NEGATIVE,"{'STOP': 28, 'SESSION_FLAT': 1, 'MAX_HOLD': 1}",Declared conditional M5 model; full fields require full approved-window period coverage; closed diagnostics omit all unknown trades,0.06116422947131608548931383575,0.699476326309863701476591589,0.2435717625058438522674146798,0.3181068411896454966448566153,-1.044444444444444444444444444,-1.088221971274942352456345424,0.04444444444444444444444444444,0.1267725142991695872098959670,-0.6338066586442037705575611715,-0.6636199579334610206577578897,30,13,18,,5.0,13,0.4333333333333333333333333333,4,6,0.2,4,3,0.1,3,2,0.06666666666666666666666666667,3
VWAP_MR_GLDRUBF,SHORT,net_outcome,UNKNOWN,5,0,5,False,PARTIAL_COVERAGE,UNRESOLVED,UNRESOLVED,False,,,UNRESOLVED,UNRESOLVED,,,UNRESOLVED,,,UNRESOLVED,,NO_CLOSED_TRADES,,,,,,,,NO_CLOSED_TRADES,{'UNKNOWN_PATH_CONDITIONAL_REDUCE_ALL': 5},Declared conditional M5 model; full fields require full approved-window period coverage; closed diagnostics omit all unknown trades,,,,,,,0.06666666666666666666666666667,0.1788306208559373116335141652,-0.8495575221238938053097345133,-0.7487212663004007360148358014,0,0,0,,,0,,0,0,,0,0,,0,0,,0
VWAP_MR_GLDRUBF,SHORT,net_outcome,WIN,19,19,0,False,PARTIAL_COVERAGE,ACCOUNTED,PARTIAL_COVERAGE,False,,,PARTIAL_COVERAGE,PARTIAL_COVERAGE,,,PARTIAL_COVERAGE,,,PARTIAL_COVERAGE,,NO_LOSSES,,94.7,3.8,90.9,4.784210526315789473684210526,1,0,POSITIVE,"{'TAKE': 18, 'MAX_HOLD': 1}",Declared conditional M5 model; full fields require full approved-window period coverage; closed diagnostics omit all unknown trades,0.5568181818181818181818181818,1.030406984531443806766158141,0.15625,0.2289296445514005274251461681,0.5340909090909090909090909091,1.098777753579622534212154177,0.03448275862068965517241379310,0.04195543047862576128222263369,-0.1539777587681779298545765612,-0.3265803921534299970317962182,19,0,0,10.0,,11,0.5789473684210526315789473684,7,8,0.4210526315789473684210526316,3,4,0.2105263157894736842105263158,3,0,0,5
VWAP_MR_GLDRUBF,SHORT,adx_regime,NOT_READY,40,35,5,False,PARTIAL_COVERAGE,UNRESOLVED,UNRESOLVED,False,,,UNRESOLVED,UNRESOLVED,,,UNRESOLVED,,,UNRESOLVED,0.7413600891861761426978818283,,0.8118466898954703832752613240,-16.2,7.0,-23.2,-0.6628571428571428571428571429,0.4857142857142857142857142857,33.1,NEGATIVE,"{'STOP': 16, 'UNKNOWN_PATH_CONDITIONAL_REDUCE_ALL': 5, 'TAKE': 16, 'SESSION_FLAT': 1, 'MAX_HOLD': 2}",Declared conditional M5 model; full fields require full approved-window period coverage; closed diagnostics omit all unknown trades,0.4477611940298507462686567164,0.8157468945337775568558460634,0.1515151515151515151515151515,0.2732022273087665641172337958,-0.03571428571428571428571428571,-0.1631264511077039456511544222,0.03390804597701149425287356322,0.1103298086887381494906079491,-0.4192499344348282192499344348,-0.5085909546120825411748933095,35,8,10,15.0,5.0,17,0.4857142857142857142857142857,10,9,0.2571428571428571428571428571,6,4,0.1142857142857142857142857143,5,2,0.05714285714285714285714285714,6
VWAP_MR_GLDRUBF,SHORT,adx_regime,SUB_25,7,7,0,False,PARTIAL_COVERAGE,ACCOUNTED,PARTIAL_COVERAGE,False,,,PARTIAL_COVERAGE,PARTIAL_COVERAGE,,,PARTIAL_COVERAGE,,,PARTIAL_COVERAGE,1.084444444444444444444444444,,1.153488372093023255813953488,3.3,1.4,1.9,0.2714285714285714285714285714,0.2857142857142857142857142857,19.4,POSITIVE,"{'STOP': 5, 'TAKE': 2}",Declared conditional M5 model; full fields require full approved-window period coverage; closed diagnostics omit all unknown trades,1.622222222222222222222222222,1.64366653817285644229315251,0.1666666666666666666666666667,0.3073128599646590651088402213,-1.044444444444444444444444444,0.233980889972537006163050284,0.04761904761904761904761904762,0.05470958621793918431314019234,-0.8602150537634408602150537634,-0.7610277713899934078905127094,7,5,3,5.0,10.0,7,1,0,5,0.7142857142857142857142857143,0,3,0.4285714285714285714285714286,0,0,0,1
VWAP_MR_GLDRUBF,SHORT,adx_regime,TREND_25_PLUS,7,7,0,False,PARTIAL_COVERAGE,ACCOUNTED,PARTIAL_COVERAGE,False,,,PARTIAL_COVERAGE,PARTIAL_COVERAGE,,,PARTIAL_COVERAGE,,,PARTIAL_COVERAGE,0E+1,,0E+1,-41.5,1.4,-42.9,-6.128571428571428571428571429,0,42.9,NEGATIVE,{'STOP': 7},Declared conditional M5 model; full fields require full approved-window period coverage; closed diagnostics omit all unknown trades,0,0.07217363135730482669258179461,0.3333333333333333333333333333,0.311371500943790245794058750,-1.044444444444444444444444444,-1.099760323039080481287197224,0.04444444444444444444444444444,0.09976032303908048128719722406,-0.5464480874316939890710382514,-0.5980571337439641058831032149,7,0,5,,5.0,0,0,1,0,0,1,0,0,1,0,0,1
VWAP_MR_GLDRUBF,SHORT,di_aligned,False,36,32,4,False,PARTIAL_COVERAGE,UNRESOLVED,UNRESOLVED,False,,,UNRESOLVED,UNRESOLVED,,,UNRESOLVED,,,UNRESOLVED,0.4106122448979591836734693878,,0.4456613310867733782645324347,-65.8,6.4,-72.2,-2.25625,0.40625,80.1,NEGATIVE,"{'STOP': 17, 'TAKE': 12, 'UNKNOWN_PATH_CONDITIONAL_REDUCE_ALL': 4, 'SESSION_FLAT': 1, 'MAX_HOLD': 2}",Declared conditional M5 model; full fields require full approved-window period coverage; closed diagnostics omit all unknown trades,0.574727358937885253674727359,0.8558407403559139991220183528,0.1719063240386367778385274284,0.2950667741300601067243120472,-1.014676736836466870212651990,-0.2341727055802041032267265107,0.03724137931034482758620689655,0.09351568292173087693090442217,-0.4192499344348282192499344348,-0.4973890430063891715459128797,32,10,9,15.0,15.0,17,0.53125,7,10,0.3125,3,3,0.09375,3,1,0.03125,5
VWAP_MR_GLDRUBF,SHORT,di_aligned,None,3,3,0,False,PARTIAL_COVERAGE,ACCOUNTED,PARTIAL_COVERAGE,False,,,PARTIAL_COVERAGE,PARTIAL_COVERAGE,,,PARTIAL_COVERAGE,,,PARTIAL_COVERAGE,1.8,,2.636363636363636363636363636,1.8,0.6,1.2,0.4,0.3333333333333333333333333333,1.5,POSITIVE,"{'TAKE': 1, 'STOP': 2}",Declared conditional M5 model; full fields require full approved-window period coverage; closed diagnostics omit all unknown trades,0.1489361702127659574468085106,1.192502532928064842958459980,0.4680851063829787234042553191,0.3465045592705167173252279633,-1.285714285714285714285714286,-0.832826747720364741641337386,0.2857142857142857142857142857,0.2689969604863221884498480243,-1.280397022332506203473945410,-0.8286726794549858100176817583,3,1,2,15.0,2.5,1,0.3333333333333333333333333333,2,1,0.3333333333333333333333333333,1,1,0.3333333333333333333333333333,1,1,0.3333333333333333333333333333,1
VWAP_MR_GLDRUBF,SHORT,di_aligned,True,15,14,1,False,PARTIAL_COVERAGE,UNRESOLVED,UNRESOLVED,False,,,UNRESOLVED,UNRESOLVED,,,UNRESOLVED,,,UNRESOLVED,1.218649517684887459807073955,,1.327645051194539249146757679,9.6,2.8,6.8,0.4857142857142857142857142857,0.3571428571428571428571428571,17.5,POSITIVE,"{'UNKNOWN_PATH_CONDITIONAL_REDUCE_ALL': 1, 'TAKE': 5, 'STOP': 9}",Declared conditional M5 model; full fields require full approved-window period coverage; closed diagnostics omit all unknown trades,0.1904589371980676328502415459,0.6855436575157072051481989371,0.1614583333333333333333333334,0.2436584308708929538049861609,-1.043961352657004830917874396,-0.1269910713219869211057266326,0.04545454545454545454545454545,0.08806174971382570026430510713,-0.5920577617328519855595667870,-0.6310139289217357758470089937,14,2,7,5.0,5.0,6,0.4285714285714285714285714286,2,3,0.2142857142857142857142857143,3,3,0.2142857142857142857142857143,2,0,0,2
VWAP_MR_GLDRUBF,SHORT,ema_aligned,None,54,49,5,False,PARTIAL_COVERAGE,UNRESOLVED,UNRESOLVED,False,,,UNRESOLVED,UNRESOLVED,,,UNRESOLVED,,,UNRESOLVED,0.5860735009671179883945841393,,0.6351441985244802146210596915,-54.4,9.8,-64.2,-1.310204081632653061224489796,0.3877551020408163265306122449,72.1,NEGATIVE,"{'STOP': 28, 'UNKNOWN_PATH_CONDITIONAL_REDUCE_ALL': 5, 'TAKE': 18, 'SESSION_FLAT': 1, 'MAX_HOLD': 2}",Declared conditional M5 model; full fields require full approved-window period coverage; closed diagnostics omit all unknown trades,0.4829931972789115646258503401,0.8277963774570070076092806598,0.1666666666666666666666666667,0.2835279282074688759270097069,-1.018018018018018018018018018,-0.2402016698007233147685598647,0.04166666666666666666666666667,0.1017496613397900673856792570,-0.4975273992913175921571681458,-0.5529117133411297082113156267,49,13,18,10.0,5.0,24,0.4897959183673469387755102041,11,14,0.2857142857142857142857142857,7,7,0.1428571428571428571428571429,6,2,0.04081632653061224489795918367,8
VWAP_MR_GLDRUBF,SHORT,breakout_entry_class,EXTENDED_GT_1_ATR,1,1,0,False,PARTIAL_COVERAGE,ACCOUNTED,PARTIAL_COVERAGE,False,,,PARTIAL_COVERAGE,PARTIAL_COVERAGE,,,PARTIAL_COVERAGE,,,PARTIAL_COVERAGE,0E+1,,0E+1,-4.4,0.2,-4.6,-4.6,0,4.6,NEGATIVE,{'STOP': 1},Declared conditional M5 model; full fields require full approved-window period coverage; closed diagnostics omit all unknown trades,0.8636363636363636363636363636,0.8636363636363636363636363636,0.4772727272727272727272727273,0.4772727272727272727272727273,-1.045454545454545454545454545,-1.045454545454545454545454545,0.04545454545454545454545454545,0.04545454545454545454545454545,-0.4660194174757281553398058252,-0.4660194174757281553398058252,1,1,1,,5.0,1,1,0,0,0,0,0,0,0,0,0,0
VWAP_MR_GLDRUBF,SHORT,breakout_entry_class,INSIDE_RANGE,45,41,4,False,PARTIAL_COVERAGE,UNRESOLVED,UNRESOLVED,False,,,UNRESOLVED,UNRESOLVED,,,UNRESOLVED,,,UNRESOLVED,0.5635439360929557007988380537,,0.6094808126410835214446952596,-51.9,8.2,-60.1,-1.465853658536585365853658537,0.4146341463414634146341463415,68.0,NEGATIVE,"{'STOP': 22, 'UNKNOWN_PATH_CONDITIONAL_REDUCE_ALL': 4, 'TAKE': 16, 'SESSION_FLAT': 1, 'MAX_HOLD': 2}",Declared conditional M5 model; full fields require full approved-window period coverage; closed diagnostics omit all unknown trades,0.4829931972789115646258503401,0.8402045397989507252802711215,0.2388059701492537313432835821,0.3048519289811361214885252744,-1.015748031496062992125984252,-0.2327816807198265423806779024,0.03448275862068965517241379310,0.0858641532636489931304506358,-0.3529411764705882352941176471,-0.46878637374883715684685273,41,11,13,10.0,7.5,20,0.4878048780487804878048780488,9,11,0.2682926829268292682926829268,5,6,0.1463414634146341463414634146,3,2,0.04878048780487804878048780488,5
VWAP_MR_GLDRUBF,SHORT,breakout_entry_class,PERSISTENT_LE_1_ATR,8,7,1,False,PARTIAL_COVERAGE,UNRESOLVED,UNRESOLVED,False,,,UNRESOLVED,UNRESOLVED,,,UNRESOLVED,,,UNRESOLVED,1.0390625,,1.161016949152542372881355932,1.9,1.4,0.5,0.07142857142857142857142857143,0.2857142857142857142857142857,9.1,POSITIVE,"{'STOP': 5, 'TAKE': 2, 'UNKNOWN_PATH_CONDITIONAL_REDUCE_ALL': 1}",Declared conditional M5 model; full fields require full approved-window period coverage; closed diagnostics omit all unknown trades,0,0.750000000000000000000000000,0,0.1309523809523809523809523810,-1.071428571428571428571428571,-0.1686254807525726759294549737,0.1240601503759398496240601504,0.1981425337537391866763683402,-1.055944055944055944055944056,-1.036978285530950503745358146,7,1,4,15.0,0.0,3,0.4285714285714285714285714286,2,3,0.4285714285714285714285714286,2,1,0.1428571428571428571428571429,3,0,0,3
VWAP_MR_GLDRUBF,SHORT,cost_class,NET_RR_GE_1,28,25,3,False,PARTIAL_COVERAGE,UNRESOLVED,UNRESOLVED,False,,,UNRESOLVED,UNRESOLVED,,,UNRESOLVED,,,UNRESOLVED,1.126984126984126984126984127,,1.242553191489361702127659574,11.4,5.0,6.4,0.256,0.32,23.7,POSITIVE,"{'STOP': 17, 'UNKNOWN_PATH_CONDITIONAL_REDUCE_ALL': 3, 'TAKE': 7, 'MAX_HOLD': 1}",Declared conditional M5 model; full fields require full approved-window period coverage; closed diagnostics omit all unknown trades,1.103448275862068965517241379,1.292098365353664020120265682,0,0.1519475472163667539663752083,-1.044444444444444444444444444,-0.1414090878429597015974455438,0.07275132275132275132275132275,0.1718781193281930270942434762,-0.936800042063199957936800042,-0.9714746079598612326115613093,25,7,13,10.0,0.0,15,0.6,4,14,0.56,4,7,0.28,5,2,0.08,8
VWAP_MR_GLDRUBF,SHORT,cost_class,NET_RR_LT_1,26,24,2,False,PARTIAL_COVERAGE,UNRESOLVED,UNRESOLVED,False,,,UNRESOLVED,UNRESOLVED,,,UNRESOLVED,,,UNRESOLVED,0.3256924546322827125119388730,,0.3555337904015670910871694417,-65.8,4.8,-70.6,-2.941666666666666666666666667,0.4583333333333333333333333333,72.5,NEGATIVE,"{'STOP': 11, 'UNKNOWN_PATH_CONDITIONAL_REDUCE_ALL': 2, 'TAKE': 11, 'SESSION_FLAT': 1, 'MAX_HOLD': 1}",Declared conditional M5 model; full fields require full approved-window period coverage; closed diagnostics omit all unknown trades,0.3426131322094055013309671695,0.3441484733979892862436712623,0.3734299516908212560386473430,0.4205908250732002529693373104,-0.4441729323308270676691729323,-0.3431106093400604118218039484,0.02326839826839826839826839827,0.02622670658304841846876394405,-0.0891612295020963060358728820,-0.1021516729824957588572048917,24,6,5,10.0,20.0,9,0.375,7,0,0,3,0,0,1,0,0,0
VWAP_MR_IMOEXF,ALL,ALL,ALL,21,13,8,False,PARTIAL_COVERAGE,UNRESOLVED,UNRESOLVED,False,,,UNRESOLVED,UNRESOLVED,,,UNRESOLVED,,,UNRESOLVED,3.136363636363636363636363636,,7.083333333333333333333333333,36.5,13.0,23.5,1.807692307692307692307692308,0.6153846153846153846153846154,5.5,POSITIVE,"{'UNKNOWN_PATH_CONDITIONAL_REDUCE_ALL': 8, 'SESSION_FLAT': 1, 'TAKE': 8, 'STOP': 4}",Declared conditional M5 model; full fields require full approved-window period coverage; closed diagnostics omit all unknown trades,0.5882352941176470588235294118,0.8994290023701788407670760608,0.1428571428571428571428571429,0.2206421029950441715147597501,0.3333333333333333333333333333,-0.1490303813833225597931480284,0.3333333333333333333333333333,0.5442767005792215876249489695,-0.4329896907216494845360824742,-0.4918023530716634690086175324,13,3,4,17.5,5.0,9,0.6923076923076923076923076923,3,5,0.3846153846153846153846153846,5,1,0.07692307692307692307692307692,3,1,0.07692307692307692307692307692,2
VWAP_MR_IMOEXF,ALL,exit_reason,SESSION_FLAT,1,1,0,False,PARTIAL_COVERAGE,ACCOUNTED,PARTIAL_COVERAGE,False,,,PARTIAL_COVERAGE,PARTIAL_COVERAGE,,,PARTIAL_COVERAGE,,,PARTIAL_COVERAGE,0E+1,,0E+1,-0.5,1.0,-1.5,-1.5,0,1.5,NEGATIVE,{'SESSION_FLAT': 1},Declared conditional M5 model; full fields require full approved-window period coverage; closed diagnostics omit all unknown trades,1.285714285714285714285714286,1.285714285714285714285714286,0.1428571428571428571428571429,0.1428571428571428571428571429,-0.4285714285714285714285714286,-0.4285714285714285714285714286,0.2857142857142857142857142857,0.2857142857142857142857142857,-0.4186046511627906976744186047,-0.4186046511627906976744186047,1,1,0,,20.0,1,1,0,1,1,0,0,0,0,0,0,0
VWAP_MR_IMOEXF,ALL,exit_reason,STOP,4,4,0,False,PARTIAL_COVERAGE,ACCOUNTED,PARTIAL_COVERAGE,False,,,PARTIAL_COVERAGE,PARTIAL_COVERAGE,,,PARTIAL_COVERAGE,,,PARTIAL_COVERAGE,0E+1,,0E+1,-5.5,4.0,-9.5,-2.375,0,9.5,NEGATIVE,{'STOP': 4},Declared conditional M5 model; full fields require full approved-window period coverage; closed diagnostics omit all unknown trades,0.25,1.0,0,0.125,-2,-2.083333333333333333333333333,1,1.083333333333333333333333333,-1.152196118488253319713993872,-1.015947683304277035796846560,4,2,4,,5.0,2,0.5,1,1,0.25,1,1,0.25,1,1,0.25,0
VWAP_MR_IMOEXF,ALL,exit_reason,TAKE,8,8,0,False,PARTIAL_COVERAGE,ACCOUNTED,PARTIAL_COVERAGE,False,,,PARTIAL_COVERAGE,PARTIAL_COVERAGE,,,PARTIAL_COVERAGE,,,PARTIAL_COVERAGE,,NO_LOSSES,,42.5,8.0,34.5,4.3125,1,0,POSITIVE,{'TAKE': 8},Declared conditional M5 model; full fields require full approved-window period coverage; closed diagnostics omit all unknown trades,0.669117647058823529411764706,0.8008578431372549019607843138,0.3750000000000000000000000000,0.278186274509803921568627451,0.7990196078431372549019607845,0.853063725490196078431372549,0.1833333333333333333333333334,0.2419117647058823529411764706,-0.3523008411677387431964374072,-0.2892393388420496066985838071,8,0,0,17.5,,6,0.75,2,3,0.375,4,0,0,2,0,0,2
VWAP_MR_IMOEXF,ALL,exit_reason,UNKNOWN_PATH_CONDITIONAL_REDUCE_ALL,8,0,8,False,PARTIAL_COVERAGE,UNRESOLVED,UNRESOLVED,False,,,UNRESOLVED,UNRESOLVED,,,UNRESOLVED,,,UNRESOLVED,,NO_CLOSED_TRADES,,,,,,,,NO_CLOSED_TRADES,{'UNKNOWN_PATH_CONDITIONAL_REDUCE_ALL': 8},Declared conditional M5 model; full fields require full approved-window period coverage; closed diagnostics omit all unknown trades,,,,,,,0.3428571428571428571428571428,0.609433621933621933621933622,-0.4078947368421052631578947368,-0.441442414923579644341311610,0,0,0,,,0,,0,0,,0,0,,0,0,,0
VWAP_MR_IMOEXF,ALL,time_bucket,11:00,2,2,0,False,PARTIAL_COVERAGE,ACCOUNTED,PARTIAL_COVERAGE,False,,,PARTIAL_COVERAGE,PARTIAL_COVERAGE,,,PARTIAL_COVERAGE,,,PARTIAL_COVERAGE,,NO_LOSSES,,18.5,2.0,16.5,8.25,1,0,POSITIVE,{'TAKE': 2},Declared conditional M5 model; full fields require full approved-window period coverage; closed diagnostics omit all unknown trades,0.9117647058823529411764705885,0.9117647058823529411764705885,0.5294117647058823529411764705,0.5294117647058823529411764705,0.9705882352941176470588235295,0.9705882352941176470588235295,0.1176470588235294117647058824,0.1176470588235294117647058824,-0.3560297290817549748261807720,-0.3560297290817549748261807720,2,0,0,37.5,,2,1,0,1,0.5,1,0,0,0,0,0,0
VWAP_MR_IMOEXF,ALL,time_bucket,11:30,5,3,2,False,PARTIAL_COVERAGE,UNRESOLVED,UNRESOLVED,False,,,UNRESOLVED,UNRESOLVED,,,UNRESOLVED,,,UNRESOLVED,1.5,,2.666666666666666666666666667,5.0,3.0,2.0,0.6666666666666666666666666667,0.6666666666666666666666666667,4.0,POSITIVE,"{'UNKNOWN_PATH_CONDITIONAL_REDUCE_ALL': 2, 'STOP': 1, 'TAKE': 2}",Declared conditional M5 model; full fields require full approved-window period coverage; closed diagnostics omit all unknown trades,0.5,0.4166666666666666666666666667,0,0.1388888888888888888888888889,0.3333333333333333333333333333,-0.05555555555555555555555555547,0.3333333333333333333333333333,0.3466666666666666666666666666,-0.4736842105263157894736842105,-0.4749651763034987572720072106,3,0,1,20.0,5.0,2,0.6666666666666666666666666667,0,0,0,1,0,0,0,0,0,0
VWAP_MR_IMOEXF,ALL,time_bucket,12:00,1,0,1,False,PARTIAL_COVERAGE,UNRESOLVED,UNRESOLVED,False,,,UNRESOLVED,UNRESOLVED,,,UNRESOLVED,,,UNRESOLVED,,NO_CLOSED_TRADES,,,,,,,,NO_CLOSED_TRADES,{'UNKNOWN_PATH_CONDITIONAL_REDUCE_ALL': 1},Declared conditional M5 model; full fields require full approved-window period coverage; closed diagnostics omit all unknown trades,,,,,,,0.1818181818181818181818181818,0.1818181818181818181818181818,-0.3157894736842105263157894737,-0.3157894736842105263157894737,0,0,0,,,0,,0,0,,0,0,,0,0,,0
VWAP_MR_IMOEXF,ALL,time_bucket,12:30,2,2,0,False,PARTIAL_COVERAGE,ACCOUNTED,PARTIAL_COVERAGE,False,,,PARTIAL_COVERAGE,PARTIAL_COVERAGE,,,PARTIAL_COVERAGE,,,PARTIAL_COVERAGE,,NO_LOSSES,,6.0,2.0,4.0,2.0,1,0,POSITIVE,{'TAKE': 2},Declared conditional M5 model; full fields require full approved-window period coverage; closed diagnostics omit all unknown trades,0.75,0.75,0,0,0.775,0.775,0.35,0.35,-0.2281616688396349413298565842,-0.2281616688396349413298565842,2,0,0,10.0,,1,0.5,1,1,0.5,1,0,0,1,0,0,1
VWAP_MR_IMOEXF,ALL,time_bucket,13:00,1,0,1,False,PARTIAL_COVERAGE,UNRESOLVED,UNRESOLVED,False,,,UNRESOLVED,UNRESOLVED,,,UNRESOLVED,,,UNRESOLVED,,NO_CLOSED_TRADES,,,,,,,,NO_CLOSED_TRADES,{'UNKNOWN_PATH_CONDITIONAL_REDUCE_ALL': 1},Declared conditional M5 model; full fields require full approved-window period coverage; closed diagnostics omit all unknown trades,,,,,,,1,1,-0.9230769230769230769230769229,-0.9230769230769230769230769229,0,0,0,,,0,,0,0,,0,0,,0,0,,0
VWAP_MR_IMOEXF,ALL,time_bucket,15:00,1,1,0,False,PARTIAL_COVERAGE,ACCOUNTED,PARTIAL_COVERAGE,False,,,PARTIAL_COVERAGE,PARTIAL_COVERAGE,,,PARTIAL_COVERAGE,,,PARTIAL_COVERAGE,0E+1,,0E+1,-0.5,1.0,-1.5,-1.5,0,1.5,NEGATIVE,{'STOP': 1},Declared conditional M5 model; full fields require full approved-window period coverage; closed diagnostics omit all unknown trades,0,0,0,0,-3,-3,2,2,-1.285714285714285714285714286,-1.285714285714285714285714286,1,0,1,,0.0,0,0,1,0,0,1,0,0,1,0,0,0
VWAP_MR_IMOEXF,ALL,time_bucket,15:30,1,1,0,False,PARTIAL_COVERAGE,ACCOUNTED,PARTIAL_COVERAGE,False,,,PARTIAL_COVERAGE,PARTIAL_COVERAGE,,,PARTIAL_COVERAGE,,,PARTIAL_COVERAGE,0E+1,,0E+1,-1.0,1.0,-2.0,-2.0,0,2.0,NEGATIVE,{'STOP': 1},Declared conditional M5 model; full fields require full approved-window period coverage; closed diagnostics omit all unknown trades,0.5,0.5,0,0,-2,-2,1,1,-1.213483146067415730337078652,-1.213483146067415730337078652,1,1,1,,5.0,1,1,0,0,0,0,0,0,0,0,0,0
VWAP_MR_IMOEXF,ALL,time_bucket,16:00,2,1,1,False,PARTIAL_COVERAGE,UNRESOLVED,UNRESOLVED,False,,,UNRESOLVED,UNRESOLVED,,,UNRESOLVED,,,UNRESOLVED,,NO_LOSSES,,6.0,1.0,5.0,5.0,1,0,POSITIVE,"{'TAKE': 1, 'UNKNOWN_PATH_CONDITIONAL_REDUCE_ALL': 1}",Declared conditional M5 model; full fields require full approved-window period coverage; closed diagnostics omit all unknown trades,1.5,1.5,0.3333333333333333333333333333,0.3333333333333333333333333333,1.666666666666666666666666667,1.666666666666666666666666667,0.3095238095238095238095238095,0.3095238095238095238095238095,-0.2467924528301886792452830188,-0.2467924528301886792452830188,1,0,0,15.0,,1,1,0,1,1,0,0,0,1,0,0,1
VWAP_MR_IMOEXF,ALL,time_bucket,16:30,1,1,0,False,PARTIAL_COVERAGE,ACCOUNTED,PARTIAL_COVERAGE,False,,,PARTIAL_COVERAGE,PARTIAL_COVERAGE,,,PARTIAL_COVERAGE,,,PARTIAL_COVERAGE,0E+1,,0E+1,-1.0,1.0,-2.0,-2.0,0,2.0,NEGATIVE,{'STOP': 1},Declared conditional M5 model; full fields require full approved-window period coverage; closed diagnostics omit all unknown trades,3.5,3.5,0.5,0.5,-2,-2,1,1,-1.090909090909090909090909091,-1.090909090909090909090909091,1,1,1,,5.0,1,1,0,1,1,0,1,1,0,1,1,0
VWAP_MR_IMOEXF,ALL,time_bucket,17:00,2,1,1,False,PARTIAL_COVERAGE,UNRESOLVED,UNRESOLVED,False,,,UNRESOLVED,UNRESOLVED,,,UNRESOLVED,,,UNRESOLVED,,NO_LOSSES,,4.0,1.0,3.0,3.0,1,0,POSITIVE,"{'TAKE': 1, 'UNKNOWN_PATH_CONDITIONAL_REDUCE_ALL': 1}",Declared conditional M5 model; full fields require full approved-window period coverage; closed diagnostics omit all unknown trades,0.3333333333333333333333333333,0.3333333333333333333333333333,0.4166666666666666666666666667,0.4166666666666666666666666667,0.5,0.5,1.083333333333333333333333334,1.083333333333333333333333334,-0.521739130434782608695652174,-0.521739130434782608695652174,1,0,0,20.0,,0,0,1,0,0,1,0,0,0,0,0,0
VWAP_MR_IMOEXF,ALL,time_bucket,17:30,1,0,1,False,PARTIAL_COVERAGE,UNRESOLVED,UNRESOLVED,False,,,UNRESOLVED,UNRESOLVED,,,UNRESOLVED,,,UNRESOLVED,,NO_CLOSED_TRADES,,,,,,,,NO_CLOSED_TRADES,{'UNKNOWN_PATH_CONDITIONAL_REDUCE_ALL': 1},Declared conditional M5 model; full fields require full approved-window period coverage; closed diagnostics omit all unknown trades,,,,,,,0.2857142857142857142857142857,0.2857142857142857142857142857,0E+3,0,0,0,0,,,0,,0,0,,0,0,,0,0,,0
VWAP_MR_IMOEXF,ALL,time_bucket,18:00,2,1,1,False,PARTIAL_COVERAGE,UNRESOLVED,UNRESOLVED,False,,,UNRESOLVED,UNRESOLVED,,,UNRESOLVED,,,UNRESOLVED,0E+1,,0E+1,-0.5,1.0,-1.5,-1.5,0,1.5,NEGATIVE,"{'UNKNOWN_PATH_CONDITIONAL_REDUCE_ALL': 1, 'SESSION_FLAT': 1}",Declared conditional M5 model; full fields require full approved-window period coverage; closed diagnostics omit all unknown trades,1.285714285714285714285714286,1.285714285714285714285714286,0.1428571428571428571428571429,0.1428571428571428571428571429,-0.4285714285714285714285714286,-0.4285714285714285714285714286,0.2539682539682539682539682540,0.2539682539682539682539682540,-0.2093023255813953488372093024,-0.2093023255813953488372093024,1,1,0,,20.0,1,1,0,1,1,0,0,0,0,0,0,0
VWAP_MR_IMOEXF,ALL,session_half,AM,11,7,4,False,PARTIAL_COVERAGE,UNRESOLVED,UNRESOLVED,False,,,UNRESOLVED,UNRESOLVED,,,UNRESOLVED,,,UNRESOLVED,6.625,,10.83333333333333333333333333,29.5,7.0,22.5,3.214285714285714285714285714,0.8571428571428571428571428571,4.0,POSITIVE,"{'UNKNOWN_PATH_CONDITIONAL_REDUCE_ALL': 4, 'TAKE': 6, 'STOP': 1}",Declared conditional M5 model; full fields require full approved-window period coverage; closed diagnostics omit all unknown trades,0.5882352941176470588235294118,0.6533613445378151260504201681,0,0.2107843137254901960784313726,0.7647058823529411764705882353,0.4749299719887955182072829131,0.3333333333333333333333333333,0.3500405120725976340949602982,-0.4329896907216494845360824742,-0.4347340976474006565373615602,7,0,1,25.0,5.0,5,0.7142857142857142857142857143,1,2,0.2857142857142857142857142857,3,0,0,1,0,0,1
VWAP_MR_IMOEXF,ALL,session_half,PM,10,6,4,False,PARTIAL_COVERAGE,UNRESOLVED,UNRESOLVED,False,,,UNRESOLVED,UNRESOLVED,,,UNRESOLVED,,,UNRESOLVED,1.142857142857142857142857143,,3.333333333333333333333333333,7.0,6.0,1.0,0.1666666666666666666666666667,0.3333333333333333333333333333,7.0,POSITIVE,"{'UNKNOWN_PATH_CONDITIONAL_REDUCE_ALL': 4, 'SESSION_FLAT': 1, 'STOP': 3, 'TAKE': 2}",Declared conditional M5 model; full fields require full approved-window period coverage; closed diagnostics omit all unknown trades,0.892857142857142857142857143,1.186507936507936507936507936,0.2380952380952380952380952381,0.2321428571428571428571428572,-1.214285714285714285714285714,-0.876984126984126984126984127,0.3095238095238095238095238095,0.757936507936507936507936508,-0.5693023255813953488372093025,-0.554577434038352562726999102,6,3,3,17.5,5.0,4,0.6666666666666666666666666667,2,3,0.5,2,1,0.1666666666666666666666666667,2,1,0.1666666666666666666666666667,1
VWAP_MR_IMOEXF,ALL,net_outcome,LOSS,5,5,0,False,PARTIAL_COVERAGE,ACCOUNTED,PARTIAL_COVERAGE,False,,,PARTIAL_COVERAGE,PARTIAL_COVERAGE,,,PARTIAL_COVERAGE,,,PARTIAL_COVERAGE,0E+1,,0E+1,-6.0,5.0,-11.0,-2.2,0,11.0,NEGATIVE,"{'SESSION_FLAT': 1, 'STOP': 4}",Declared conditional M5 model; full fields require full approved-window period coverage; closed diagnostics omit all unknown trades,0.5,1.057142857142857142857142857,0,0.1285714285714285714285714286,-2,-1.752380952380952380952380952,1,0.9238095238095238095238095238,-1.090909090909090909090909091,-0.8964790768759797681723609688,5,3,4,,5.0,3,0.6,1,2,0.4,1,1,0.2,1,1,0.2,0
VWAP_MR_IMOEXF,ALL,net_outcome,UNKNOWN,8,0,8,False,PARTIAL_COVERAGE,UNRESOLVED,UNRESOLVED,False,,,UNRESOLVED,UNRESOLVED,,,UNRESOLVED,,,UNRESOLVED,,NO_CLOSED_TRADES,,,,,,,,NO_CLOSED_TRADES,{'UNKNOWN_PATH_CONDITIONAL_REDUCE_ALL': 8},Declared conditional M5 model; full fields require full approved-window period coverage; closed diagnostics omit all unknown trades,,,,,,,0.3428571428571428571428571428,0.609433621933621933621933622,-0.4078947368421052631578947368,-0.441442414923579644341311610,0,0,0,,,0,,0,0,,0,0,,0,0,,0
VWAP_MR_IMOEXF,ALL,net_outcome,WIN,8,8,0,False,PARTIAL_COVERAGE,ACCOUNTED,PARTIAL_COVERAGE,False,,,PARTIAL_COVERAGE,PARTIAL_COVERAGE,,,PARTIAL_COVERAGE,,,PARTIAL_COVERAGE,,NO_LOSSES,,42.5,8.0,34.5,4.3125,1,0,POSITIVE,{'TAKE': 8},Declared conditional M5 model; full fields require full approved-window period coverage; closed diagnostics omit all unknown trades,0.669117647058823529411764706,0.8008578431372549019607843138,0.3750000000000000000000000000,0.278186274509803921568627451,0.7990196078431372549019607845,0.853063725490196078431372549,0.1833333333333333333333333334,0.2419117647058823529411764706,-0.3523008411677387431964374072,-0.2892393388420496066985838071,8,0,0,17.5,,6,0.75,2,3,0.375,4,0,0,2,0,0,2
VWAP_MR_IMOEXF,ALL,adx_regime,NOT_READY,18,10,8,False,PARTIAL_COVERAGE,UNRESOLVED,UNRESOLVED,False,,,UNRESOLVED,UNRESOLVED,,,UNRESOLVED,,,UNRESOLVED,3.157894736842105263157894737,,6.545454545454545454545454545,30.5,10.0,20.5,2.05,0.6,5.5,POSITIVE,"{'UNKNOWN_PATH_CONDITIONAL_REDUCE_ALL': 8, 'TAKE': 6, 'STOP': 4}",Declared conditional M5 model; full fields require full approved-window period coverage; closed diagnostics omit all unknown trades,0.669117647058823529411764706,1.007352941176470588235294118,0.1666666666666666666666666666,0.2308823529411764705882352941,0.5490196078431372549019607845,-0.2308823529411764705882352941,0.3333333333333333333333333333,0.598746097765705608842863745,-0.4868421052631578947368421052,-0.5590606065104608887589108739,10,2,4,25.0,5.0,8,0.8,1,4,0.4,3,1,0.1,3,1,0.1,2
VWAP_MR_IMOEXF,ALL,adx_regime,SUB_25,2,2,0,False,PARTIAL_COVERAGE,ACCOUNTED,PARTIAL_COVERAGE,False,,,PARTIAL_COVERAGE,PARTIAL_COVERAGE,,,PARTIAL_COVERAGE,,,PARTIAL_COVERAGE,1,,5,2.0,2.0,0.0,0.0,0.5,1.5,ZERO_NET,"{'SESSION_FLAT': 1, 'TAKE': 1}",Declared conditional M5 model; full fields require full approved-window period coverage; closed diagnostics omit all unknown trades,0.642857142857142857142857143,0.642857142857142857142857143,0.07142857142857142857142857145,0.07142857142857142857142857145,-0.0642857142857142857142857143,-0.0642857142857142857142857143,0.2428571428571428571428571428,0.2428571428571428571428571428,-0.1323792486583184257602862254,-0.1323792486583184257602862254,2,1,0,5.0,20.0,1,0.5,1,1,0.5,1,0,0,0,0,0,0
VWAP_MR_IMOEXF,ALL,adx_regime,TREND_25_PLUS,1,1,0,False,PARTIAL_COVERAGE,ACCOUNTED,PARTIAL_COVERAGE,False,,,PARTIAL_COVERAGE,PARTIAL_COVERAGE,,,PARTIAL_COVERAGE,,,PARTIAL_COVERAGE,,NO_LOSSES,,4.0,1.0,3.0,3.0,1,0,POSITIVE,{'TAKE': 1},Declared conditional M5 model; full fields require full approved-window period coverage; closed diagnostics omit all unknown trades,0.3333333333333333333333333333,0.3333333333333333333333333333,0.4166666666666666666666666667,0.4166666666666666666666666667,0.5,0.5,0.1666666666666666666666666667,0.1666666666666666666666666667,0E+26,0,1,0,0,20.0,,0,0,1,0,0,1,0,0,0,0,0,0
VWAP_MR_IMOEXF,ALL,di_aligned,False,15,8,7,False,PARTIAL_COVERAGE,UNRESOLVED,UNRESOLVED,False,,,UNRESOLVED,UNRESOLVED,,,UNRESOLVED,,,UNRESOLVED,3.666666666666666666666666667,,7,24.0,8.0,16.0,2.0,0.75,4.5,POSITIVE,"{'UNKNOWN_PATH_CONDITIONAL_REDUCE_ALL': 7, 'TAKE': 6, 'STOP': 2}",Declared conditional M5 model; full fields require full approved-window period coverage; closed diagnostics omit all unknown trades,0.544117647058823529411764706,0.8964460784313725490196078431,0.3750000000000000000000000000,0.2671568627450980392156862745,0.4166666666666666666666666666,0.1330882352941176470588235294,0.2857142857142857142857142857,0.4750966245083892142715672128,-0.3157894736842105263157894737,-0.3594185595477204345282905831,8,1,2,17.5,5.0,5,0.625,2,2,0.25,4,1,0.125,1,1,0.125,1
VWAP_MR_IMOEXF,ALL,di_aligned,None,3,3,0,False,PARTIAL_COVERAGE,ACCOUNTED,PARTIAL_COVERAGE,False,,,PARTIAL_COVERAGE,PARTIAL_COVERAGE,,,PARTIAL_COVERAGE,,,PARTIAL_COVERAGE,8.333333333333333333333333333,,29,14.0,3.0,11.0,3.666666666666666666666666667,0.6666666666666666666666666667,1.5,POSITIVE,"{'STOP': 1, 'TAKE': 2}",Declared conditional M5 model; full fields require full approved-window period coverage; closed diagnostics omit all unknown trades,1.235294117647058823529411765,0.9117647058823529411764705883,0,0.1960784313725490196078431373,1.176470588235294117647058824,-0.1911764705882352941176470587,0.5,0.8725490196078431372549019607,-0.6101694915254237288135593221,-0.776291155987119642545118694,3,0,1,25.0,0.0,2,0.6666666666666666666666666667,1,2,0.6666666666666666666666666667,1,0,0,2,0,0,1
VWAP_MR_IMOEXF,ALL,di_aligned,True,3,2,1,False,PARTIAL_COVERAGE,UNRESOLVED,UNRESOLVED,False,,,UNRESOLVED,UNRESOLVED,,,UNRESOLVED,,,UNRESOLVED,0E+1,,0E+1,-1.5,2.0,-3.5,-1.75,0,3.5,NEGATIVE,"{'UNKNOWN_PATH_CONDITIONAL_REDUCE_ALL': 1, 'SESSION_FLAT': 1, 'STOP': 1}",Declared conditional M5 model; full fields require full approved-window period coverage; closed diagnostics omit all unknown trades,0.892857142857142857142857143,0.892857142857142857142857143,0.07142857142857142857142857145,0.07142857142857142857142857145,-1.214285714285714285714285714,-1.214285714285714285714285714,0.4,0.561904761904761904761904762,-0.9756097560975609756097560976,-0.869232517775922467873751118,2,2,1,,12.5,2,1,0,1,0.5,0,0,0,0,0,0,0
VWAP_MR_IMOEXF,ALL,ema_aligned,None,21,13,8,False,PARTIAL_COVERAGE,UNRESOLVED,UNRESOLVED,False,,,UNRESOLVED,UNRESOLVED,,,UNRESOLVED,,,UNRESOLVED,3.136363636363636363636363636,,7.083333333333333333333333333,36.5,13.0,23.5,1.807692307692307692307692308,0.6153846153846153846153846154,5.5,POSITIVE,"{'UNKNOWN_PATH_CONDITIONAL_REDUCE_ALL': 8, 'SESSION_FLAT': 1, 'TAKE': 8, 'STOP': 4}",Declared conditional M5 model; full fields require full approved-window period coverage; closed diagnostics omit all unknown trades,0.5882352941176470588235294118,0.8994290023701788407670760608,0.1428571428571428571428571429,0.2206421029950441715147597501,0.3333333333333333333333333333,-0.1490303813833225597931480284,0.3333333333333333333333333333,0.5442767005792215876249489695,-0.4329896907216494845360824742,-0.4918023530716634690086175324,13,3,4,17.5,5.0,9,0.6923076923076923076923076923,3,5,0.3846153846153846153846153846,5,1,0.07692307692307692307692307692,3,1,0.07692307692307692307692307692,2
VWAP_MR_IMOEXF,ALL,breakout_entry_class,INSIDE_RANGE,19,12,7,False,PARTIAL_COVERAGE,UNRESOLVED,UNRESOLVED,False,,,UNRESOLVED,UNRESOLVED,,,UNRESOLVED,,,UNRESOLVED,2.227272727272727272727272727,,5.25,25.5,12.0,13.5,1.125,0.5833333333333333333333333333,8.0,POSITIVE,"{'UNKNOWN_PATH_CONDITIONAL_REDUCE_ALL': 7, 'SESSION_FLAT': 1, 'TAKE': 7, 'STOP': 4}",Declared conditional M5 model; full fields require full approved-window period coverage; closed diagnostics omit all unknown trades,0.544117647058823529411764706,0.8714402427637721755368814192,0.07142857142857142857142857145,0.1900093370681605975723622782,0.3166666666666666666666666666,-0.2594887955182072829131652661,0.3333333333333333333333333333,0.5743244028073749435978538147,-0.4255319148936170212765957447,-0.4694342088255643362650068216,12,3,4,15.0,5.0,8,0.6666666666666666666666666667,3,4,0.3333333333333333333333333333,5,1,0.08333333333333333333333333333,3,1,0.08333333333333333333333333333,2
VWAP_MR_IMOEXF,ALL,breakout_entry_class,PERSISTENT_LE_1_ATR,2,1,1,False,PARTIAL_COVERAGE,UNRESOLVED,UNRESOLVED,False,,,UNRESOLVED,UNRESOLVED,,,UNRESOLVED,,,UNRESOLVED,,NO_LOSSES,,11.0,1.0,10.0,10.0,1,0,POSITIVE,"{'UNKNOWN_PATH_CONDITIONAL_REDUCE_ALL': 1, 'TAKE': 1}",Declared conditional M5 model; full fields require full approved-window period coverage; closed diagnostics omit all unknown trades,1.235294117647058823529411765,1.235294117647058823529411765,0.5882352941176470588235294118,0.5882352941176470588235294118,1.176470588235294117647058824,1.176470588235294117647058824,0.2588235294117647058823529412,0.2588235294117647058823529412,-0.704299723409605230072919286,-0.704299723409605230072919286,1,0,0,35.0,,1,1,0,1,1,0,0,0,0,0,0,0
VWAP_MR_IMOEXF,ALL,cost_class,NET_RR_GE_1,9,6,3,False,PARTIAL_COVERAGE,UNRESOLVED,UNRESOLVED,False,,,UNRESOLVED,UNRESOLVED,,,UNRESOLVED,,,UNRESOLVED,1.578947368421052631578947368,,3.090909090909090909090909091,11.5,6.0,5.5,0.9166666666666666666666666667,0.3333333333333333333333333333,5.5,POSITIVE,"{'UNKNOWN_PATH_CONDITIONAL_REDUCE_ALL': 3, 'STOP': 4, 'TAKE': 2}",Declared conditional M5 model; full fields require full approved-window period coverage; closed diagnostics omit all unknown trades,0.8676470588235294117647058825,1.122549019607843137254901961,0.1666666666666666666666666666,0.2369281045751633986928104575,-1.666666666666666666666666666,-0.9150326797385620915032679737,1,0.9093681917211328976034858387,-0.9756097560975609756097560976,-0.9065494848869785441830673426,6,2,4,25.0,5.0,4,0.6666666666666666666666666667,1,3,0.5,1,1,0.1666666666666666666666666667,2,1,0.1666666666666666666666666667,1
VWAP_MR_IMOEXF,ALL,cost_class,NET_RR_LT_1,12,7,5,False,PARTIAL_COVERAGE,UNRESOLVED,UNRESOLVED,False,,,UNRESOLVED,UNRESOLVED,,,UNRESOLVED,,,UNRESOLVED,13,,51,25.0,7.0,18.0,2.571428571428571428571428571,0.8571428571428571428571428571,1.5,POSITIVE,"{'UNKNOWN_PATH_CONDITIONAL_REDUCE_ALL': 5, 'SESSION_FLAT': 1, 'TAKE': 6}",Declared conditional M5 model; full fields require full approved-window period coverage; closed diagnostics omit all unknown trades,0.5882352941176470588235294118,0.7081832733093237294917967187,0.1428571428571428571428571429,0.2066826730692276910764305723,0.5,0.5075430172068827531012404961,0.2539682539682539682539682540,0.2704580822227881051410463176,-0.1395348837209302325581395349,-0.180742004210177162627780175,7,1,0,17.5,20.0,5,0.7142857142857142857142857143,2,2,0.2857142857142857142857142857,4,0,0,1,0,0,1
VWAP_MR_IMOEXF,LONG,ALL,ALL,14,10,4,False,PARTIAL_COVERAGE,UNRESOLVED,UNRESOLVED,False,,,UNRESOLVED,UNRESOLVED,,,UNRESOLVED,,,UNRESOLVED,3.142857142857142857142857143,,9.333333333333333333333333333,25.0,10.0,15.0,1.5,0.6,5.5,POSITIVE,"{'UNKNOWN_PATH_CONDITIONAL_REDUCE_ALL': 4, 'SESSION_FLAT': 1, 'TAKE': 6, 'STOP': 3}",Declared conditional M5 model; full fields require full approved-window period coverage; closed diagnostics omit all unknown trades,0.544117647058823529411764706,0.8957282913165266106442577031,0.2380952380952380952380952381,0.2280112044817927170868347339,0.3166666666666666666666666666,-0.303053221288515406162464986,0.3095238095238095238095238095,0.5410564225690276110444177671,-0.4220682830282038594755071747,-0.4965527347984120073321820252,10,3,3,17.5,5.0,7,0.7,3,3,0.3,5,1,0.1,2,1,0.1,1
VWAP_MR_IMOEXF,LONG,exit_reason,SESSION_FLAT,1,1,0,False,PARTIAL_COVERAGE,ACCOUNTED,PARTIAL_COVERAGE,False,,,PARTIAL_COVERAGE,PARTIAL_COVERAGE,,,PARTIAL_COVERAGE,,,PARTIAL_COVERAGE,0E+1,,0E+1,-0.5,1.0,-1.5,-1.5,0,1.5,NEGATIVE,{'SESSION_FLAT': 1},Declared conditional M5 model; full fields require full approved-window period coverage; closed diagnostics omit all unknown trades,1.285714285714285714285714286,1.285714285714285714285714286,0.1428571428571428571428571429,0.1428571428571428571428571429,-0.4285714285714285714285714286,-0.4285714285714285714285714286,0.2857142857142857142857142857,0.2857142857142857142857142857,-0.4186046511627906976744186047,-0.4186046511627906976744186047,1,1,0,,20.0,1,1,0,1,1,0,0,0,0,0,0,0
VWAP_MR_IMOEXF,LONG,exit_reason,STOP,3,3,0,False,PARTIAL_COVERAGE,ACCOUNTED,PARTIAL_COVERAGE,False,,,PARTIAL_COVERAGE,PARTIAL_COVERAGE,,,PARTIAL_COVERAGE,,,PARTIAL_COVERAGE,0E+1,,0E+1,-2.5,3.0,-5.5,-1.833333333333333333333333333,0,5.5,NEGATIVE,{'STOP': 3},Declared conditional M5 model; full fields require full approved-window period coverage; closed diagnostics omit all unknown trades,0.5,1.333333333333333333333333333,0,0.1666666666666666666666666667,-2,-2.333333333333333333333333333,1,1.333333333333333333333333333,-1.213483146067415730337078652,-1.196702174230264117904567343,3,2,3,,5.0,2,0.6666666666666666666666666667,1,1,0.3333333333333333333333333333,1,1,0.3333333333333333333333333333,1,1,0.3333333333333333333333333333,0
VWAP_MR_IMOEXF,LONG,exit_reason,TAKE,6,6,0,False,PARTIAL_COVERAGE,ACCOUNTED,PARTIAL_COVERAGE,False,,,PARTIAL_COVERAGE,PARTIAL_COVERAGE,,,PARTIAL_COVERAGE,,,PARTIAL_COVERAGE,,NO_LOSSES,,28.0,6.0,22.0,3.666666666666666666666666667,1,0,POSITIVE,{'TAKE': 6},Declared conditional M5 model; full fields require full approved-window period coverage; closed diagnostics omit all unknown trades,0.544117647058823529411764706,0.6119281045751633986928104575,0.3750000000000000000000000000,0.2728758169934640522875816993,0.6323529411764705882352941175,0.7330065359477124183006535947,0.1833333333333333333333333334,0.2196078431372549019607843137,-0.1395348837209302325581395349,-0.2117925880815539400398381102,6,0,0,17.5,,4,0.6666666666666666666666666667,2,1,0.1666666666666666666666666667,4,0,0,1,0,0,1
VWAP_MR_IMOEXF,LONG,exit_reason,UNKNOWN_PATH_CONDITIONAL_REDUCE_ALL,4,0,4,False,PARTIAL_COVERAGE,UNRESOLVED,UNRESOLVED,False,,,UNRESOLVED,UNRESOLVED,,,UNRESOLVED,,,UNRESOLVED,,NO_CLOSED_TRADES,,,,,,,,NO_CLOSED_TRADES,{'UNKNOWN_PATH_CONDITIONAL_REDUCE_ALL': 4},Declared conditional M5 model; full fields require full approved-window period coverage; closed diagnostics omit all unknown trades,,,,,,,0.3428571428571428571428571428,0.4928571428571428571428571428,-0.4615384615384615384615384614,-0.4180678962087153527558497645,0,0,0,,,0,,0,0,,0,0,,0,0,,0
VWAP_MR_IMOEXF,LONG,time_bucket,11:00,1,1,0,False,PARTIAL_COVERAGE,ACCOUNTED,PARTIAL_COVERAGE,False,,,PARTIAL_COVERAGE,PARTIAL_COVERAGE,,,PARTIAL_COVERAGE,,,PARTIAL_COVERAGE,,NO_LOSSES,,7.5,1.0,6.5,6.5,1,0,POSITIVE,{'TAKE': 1},Declared conditional M5 model; full fields require full approved-window period coverage; closed diagnostics omit all unknown trades,0.5882352941176470588235294118,0.5882352941176470588235294118,0.4705882352941176470588235294,0.4705882352941176470588235294,0.7647058823529411764705882353,0.7647058823529411764705882353,0.1176470588235294117647058824,0.1176470588235294117647058824,-0.2790697674418604651162790698,-0.2790697674418604651162790698,1,0,0,40.0,,1,1,0,0,0,1,0,0,0,0,0,0
VWAP_MR_IMOEXF,LONG,time_bucket,11:30,3,2,1,False,PARTIAL_COVERAGE,UNRESOLVED,UNRESOLVED,False,,,UNRESOLVED,UNRESOLVED,,,UNRESOLVED,,,UNRESOLVED,,NO_LOSSES,,8.0,2.0,6.0,3.0,1,0,POSITIVE,"{'UNKNOWN_PATH_CONDITIONAL_REDUCE_ALL': 1, 'TAKE': 2}",Declared conditional M5 model; full fields require full approved-window period coverage; closed diagnostics omit all unknown trades,0.625,0.625,0.2083333333333333333333333334,0.2083333333333333333333333334,0.5833333333333333333333333335,0.5833333333333333333333333335,0.3333333333333333333333333333,0.3000000000000000000000000000,-0.4255319148936170212765957447,-0.4670472236637259989621172807,2,0,0,20.0,,2,1,0,0,0,1,0,0,0,0,0,0
VWAP_MR_IMOEXF,LONG,time_bucket,12:30,1,1,0,False,PARTIAL_COVERAGE,ACCOUNTED,PARTIAL_COVERAGE,False,,,PARTIAL_COVERAGE,PARTIAL_COVERAGE,,,PARTIAL_COVERAGE,,,PARTIAL_COVERAGE,,NO_LOSSES,,2.5,1.0,1.5,1.5,1,0,POSITIVE,{'TAKE': 1},Declared conditional M5 model; full fields require full approved-window period coverage; closed diagnostics omit all unknown trades,0,0,0,0,0.3,0.3,0.2,0.2,0.1538461538461538461538461538,0.1538461538461538461538461538,1,0,0,5.0,,0,0,1,0,0,1,0,0,0,0,0,0
VWAP_MR_IMOEXF,LONG,time_bucket,13:00,1,0,1,False,PARTIAL_COVERAGE,UNRESOLVED,UNRESOLVED,False,,,UNRESOLVED,UNRESOLVED,,,UNRESOLVED,,,UNRESOLVED,,NO_CLOSED_TRADES,,,,,,,,NO_CLOSED_TRADES,{'UNKNOWN_PATH_CONDITIONAL_REDUCE_ALL': 1},Declared conditional M5 model; full fields require full approved-window period coverage; closed diagnostics omit all unknown trades,,,,,,,1,1,-0.9230769230769230769230769229,-0.9230769230769230769230769229,0,0,0,,,0,,0,0,,0,0,,0,0,,0
VWAP_MR_IMOEXF,LONG,time_bucket,15:00,1,1,0,False,PARTIAL_COVERAGE,ACCOUNTED,PARTIAL_COVERAGE,False,,,PARTIAL_COVERAGE,PARTIAL_COVERAGE,,,PARTIAL_COVERAGE,,,PARTIAL_COVERAGE,0E+1,,0E+1,-0.5,1.0,-1.5,-1.5,0,1.5,NEGATIVE,{'STOP': 1},Declared conditional M5 model; full fields require full approved-window period coverage; closed diagnostics omit all unknown trades,0,0,0,0,-3,-3,2,2,-1.285714285714285714285714286,-1.285714285714285714285714286,1,0,1,,0.0,0,0,1,0,0,1,0,0,1,0,0,0
VWAP_MR_IMOEXF,LONG,time_bucket,15:30,1,1,0,False,PARTIAL_COVERAGE,ACCOUNTED,PARTIAL_COVERAGE,False,,,PARTIAL_COVERAGE,PARTIAL_COVERAGE,,,PARTIAL_COVERAGE,,,PARTIAL_COVERAGE,0E+1,,0E+1,-1.0,1.0,-2.0,-2.0,0,2.0,NEGATIVE,{'STOP': 1},Declared conditional M5 model; full fields require full approved-window period coverage; closed diagnostics omit all unknown trades,0.5,0.5,0,0,-2,-2,1,1,-1.213483146067415730337078652,-1.213483146067415730337078652,1,1,1,,5.0,1,1,0,0,0,0,0,0,0,0,0,0
VWAP_MR_IMOEXF,LONG,time_bucket,16:00,2,1,1,False,PARTIAL_COVERAGE,UNRESOLVED,UNRESOLVED,False,,,UNRESOLVED,UNRESOLVED,,,UNRESOLVED,,,UNRESOLVED,,NO_LOSSES,,6.0,1.0,5.0,5.0,1,0,POSITIVE,"{'TAKE': 1, 'UNKNOWN_PATH_CONDITIONAL_REDUCE_ALL': 1}",Declared conditional M5 model; full fields require full approved-window period coverage; closed diagnostics omit all unknown trades,1.5,1.5,0.3333333333333333333333333333,0.3333333333333333333333333333,1.666666666666666666666666667,1.666666666666666666666666667,0.3095238095238095238095238095,0.3095238095238095238095238095,-0.2467924528301886792452830188,-0.2467924528301886792452830188,1,0,0,15.0,,1,1,0,1,1,0,0,0,1,0,0,1
VWAP_MR_IMOEXF,LONG,time_bucket,16:30,1,1,0,False,PARTIAL_COVERAGE,ACCOUNTED,PARTIAL_COVERAGE,False,,,PARTIAL_COVERAGE,PARTIAL_COVERAGE,,,PARTIAL_COVERAGE,,,PARTIAL_COVERAGE,0E+1,,0E+1,-1.0,1.0,-2.0,-2.0,0,2.0,NEGATIVE,{'STOP': 1},Declared conditional M5 model; full fields require full approved-window period coverage; closed diagnostics omit all unknown trades,3.5,3.5,0.5,0.5,-2,-2,1,1,-1.090909090909090909090909091,-1.090909090909090909090909091,1,1,1,,5.0,1,1,0,1,1,0,1,1,0,1,1,0
VWAP_MR_IMOEXF,LONG,time_bucket,17:00,1,1,0,False,PARTIAL_COVERAGE,ACCOUNTED,PARTIAL_COVERAGE,False,,,PARTIAL_COVERAGE,PARTIAL_COVERAGE,,,PARTIAL_COVERAGE,,,PARTIAL_COVERAGE,,NO_LOSSES,,4.0,1.0,3.0,3.0,1,0,POSITIVE,{'TAKE': 1},Declared conditional M5 model; full fields require full approved-window period coverage; closed diagnostics omit all unknown trades,0.3333333333333333333333333333,0.3333333333333333333333333333,0.4166666666666666666666666667,0.4166666666666666666666666667,0.5,0.5,0.1666666666666666666666666667,0.1666666666666666666666666667,0E+26,0,1,0,0,20.0,,0,0,1,0,0,1,0,0,0,0,0,0
VWAP_MR_IMOEXF,LONG,time_bucket,17:30,1,0,1,False,PARTIAL_COVERAGE,UNRESOLVED,UNRESOLVED,False,,,UNRESOLVED,UNRESOLVED,,,UNRESOLVED,,,UNRESOLVED,,NO_CLOSED_TRADES,,,,,,,,NO_CLOSED_TRADES,{'UNKNOWN_PATH_CONDITIONAL_REDUCE_ALL': 1},Declared conditional M5 model; full fields require full approved-window period coverage; closed diagnostics omit all unknown trades,,,,,,,0.2857142857142857142857142857,0.2857142857142857142857142857,0E+3,0,0,0,0,,,0,,0,0,,0,0,,0,0,,0
VWAP_MR_IMOEXF,LONG,time_bucket,18:00,1,1,0,False,PARTIAL_COVERAGE,ACCOUNTED,PARTIAL_COVERAGE,False,,,PARTIAL_COVERAGE,PARTIAL_COVERAGE,,,PARTIAL_COVERAGE,,,PARTIAL_COVERAGE,0E+1,,0E+1,-0.5,1.0,-1.5,-1.5,0,1.5,NEGATIVE,{'SESSION_FLAT': 1},Declared conditional M5 model; full fields require full approved-window period coverage; closed diagnostics omit all unknown trades,1.285714285714285714285714286,1.285714285714285714285714286,0.1428571428571428571428571429,0.1428571428571428571428571429,-0.4285714285714285714285714286,-0.4285714285714285714285714286,0.2857142857142857142857142857,0.2857142857142857142857142857,-0.4186046511627906976744186047,-0.4186046511627906976744186047,1,1,0,,20.0,1,1,0,1,1,0,0,0,0,0,0,0
VWAP_MR_IMOEXF,LONG,session_half,AM,6,4,2,False,PARTIAL_COVERAGE,UNRESOLVED,UNRESOLVED,False,,,UNRESOLVED,UNRESOLVED,,,UNRESOLVED,,,UNRESOLVED,,NO_LOSSES,,18.0,4.0,14.0,3.5,1,0,POSITIVE,"{'UNKNOWN_PATH_CONDITIONAL_REDUCE_ALL': 2, 'TAKE': 4}",Declared conditional M5 model; full fields require full approved-window period coverage; closed diagnostics omit all unknown trades,0.544117647058823529411764706,0.459558823529411764705882353,0.2083333333333333333333333334,0.2218137254901960784313725490,0.5490196078431372549019607845,0.5578431372549019607843137252,0.2666666666666666666666666666,0.3696078431372549019607843137,-0.3523008411677387431964374072,-0.4082403679439679487953102802,4,0,0,20.0,,3,0.75,1,0,0,3,0,0,0,0,0,0
VWAP_MR_IMOEXF,LONG,session_half,PM,8,6,2,False,PARTIAL_COVERAGE,UNRESOLVED,UNRESOLVED,False,,,UNRESOLVED,UNRESOLVED,,,UNRESOLVED,,,UNRESOLVED,1.142857142857142857142857143,,3.333333333333333333333333333,7.0,6.0,1.0,0.1666666666666666666666666667,0.3333333333333333333333333333,7.0,POSITIVE,"{'SESSION_FLAT': 1, 'STOP': 3, 'UNKNOWN_PATH_CONDITIONAL_REDUCE_ALL': 2, 'TAKE': 2}",Declared conditional M5 model; full fields require full approved-window period coverage; closed diagnostics omit all unknown trades,0.892857142857142857142857143,1.186507936507936507936507936,0.2380952380952380952380952381,0.2321428571428571428571428572,-1.214285714285714285714285714,-0.876984126984126984126984127,0.3095238095238095238095238095,0.6696428571428571428571428572,-0.5693023255813953488372093025,-0.562787009939245051234835834,6,3,3,17.5,5.0,4,0.6666666666666666666666666667,2,3,0.5,2,1,0.1666666666666666666666666667,2,1,0.1666666666666666666666666667,1
VWAP_MR_IMOEXF,LONG,net_outcome,LOSS,4,4,0,False,PARTIAL_COVERAGE,ACCOUNTED,PARTIAL_COVERAGE,False,,,PARTIAL_COVERAGE,PARTIAL_COVERAGE,,,PARTIAL_COVERAGE,,,PARTIAL_COVERAGE,0E+1,,0E+1,-3.0,4.0,-7.0,-1.75,0,7.0,NEGATIVE,"{'SESSION_FLAT': 1, 'STOP': 3}",Declared conditional M5 model; full fields require full approved-window period coverage; closed diagnostics omit all unknown trades,0.892857142857142857142857143,1.321428571428571428571428572,0.07142857142857142857142857145,0.1607142857142857142857142857,-2,-1.857142857142857142857142857,1,1.071428571428571428571428572,-1.152196118488253319713993872,-1.002177793463395762847030158,4,3,3,,5.0,3,0.75,1,2,0.5,1,1,0.25,1,1,0.25,0
VWAP_MR_IMOEXF,LONG,net_outcome,UNKNOWN,4,0,4,False,PARTIAL_COVERAGE,UNRESOLVED,UNRESOLVED,False,,,UNRESOLVED,UNRESOLVED,,,UNRESOLVED,,,UNRESOLVED,,NO_CLOSED_TRADES,,,,,,,,NO_CLOSED_TRADES,{'UNKNOWN_PATH_CONDITIONAL_REDUCE_ALL': 4},Declared conditional M5 model; full fields require full approved-window period coverage; closed diagnostics omit all unknown trades,,,,,,,0.3428571428571428571428571428,0.4928571428571428571428571428,-0.4615384615384615384615384614,-0.4180678962087153527558497645,0,0,0,,,0,,0,0,,0,0,,0,0,,0
VWAP_MR_IMOEXF,LONG,net_outcome,WIN,6,6,0,False,PARTIAL_COVERAGE,ACCOUNTED,PARTIAL_COVERAGE,False,,,PARTIAL_COVERAGE,PARTIAL_COVERAGE,,,PARTIAL_COVERAGE,,,PARTIAL_COVERAGE,,NO_LOSSES,,28.0,6.0,22.0,3.666666666666666666666666667,1,0,POSITIVE,{'TAKE': 6},Declared conditional M5 model; full fields require full approved-window period coverage; closed diagnostics omit all unknown trades,0.544117647058823529411764706,0.6119281045751633986928104575,0.3750000000000000000000000000,0.2728758169934640522875816993,0.6323529411764705882352941175,0.7330065359477124183006535947,0.1833333333333333333333333334,0.2196078431372549019607843137,-0.1395348837209302325581395349,-0.2117925880815539400398381102,6,0,0,17.5,,4,0.6666666666666666666666666667,2,1,0.1666666666666666666666666667,4,0,0,1,0,0,1
VWAP_MR_IMOEXF,LONG,adx_regime,NOT_READY,11,7,4,False,PARTIAL_COVERAGE,UNRESOLVED,UNRESOLVED,False,,,UNRESOLVED,UNRESOLVED,,,UNRESOLVED,,,UNRESOLVED,3.181818181818181818181818182,,8.6,19.0,7.0,12.0,1.714285714285714285714285714,0.5714285714285714285714285714,5.5,POSITIVE,"{'UNKNOWN_PATH_CONDITIONAL_REDUCE_ALL': 4, 'TAKE': 4, 'STOP': 3}",Declared conditional M5 model; full fields require full approved-window period coverage; closed diagnostics omit all unknown trades,0.5882352941176470588235294118,1.048319327731092436974789916,0.3333333333333333333333333333,0.2457983193277310924369747899,0.3333333333333333333333333333,-0.4859943977591036414565826331,0.3333333333333333333333333333,0.6293099057804940157881334352,-0.7199999999999999999999999999,-0.6079072536237392046481796275,7,2,3,25.0,5.0,6,0.8571428571428571428571428571,1,2,0.2857142857142857142857142857,3,1,0.1428571428571428571428571429,2,1,0.1428571428571428571428571429,1
VWAP_MR_IMOEXF,LONG,adx_regime,SUB_25,2,2,0,False,PARTIAL_COVERAGE,ACCOUNTED,PARTIAL_COVERAGE,False,,,PARTIAL_COVERAGE,PARTIAL_COVERAGE,,,PARTIAL_COVERAGE,,,PARTIAL_COVERAGE,1,,5,2.0,2.0,0.0,0.0,0.5,1.5,ZERO_NET,"{'SESSION_FLAT': 1, 'TAKE': 1}",Declared conditional M5 model; full fields require full approved-window period coverage; closed diagnostics omit all unknown trades,0.642857142857142857142857143,0.642857142857142857142857143,0.07142857142857142857142857145,0.07142857142857142857142857145,-0.0642857142857142857142857143,-0.0642857142857142857142857143,0.2428571428571428571428571428,0.2428571428571428571428571428,-0.1323792486583184257602862254,-0.1323792486583184257602862254,2,1,0,5.0,20.0,1,0.5,1,1,0.5,1,0,0,0,0,0,0
VWAP_MR_IMOEXF,LONG,adx_regime,TREND_25_PLUS,1,1,0,False,PARTIAL_COVERAGE,ACCOUNTED,PARTIAL_COVERAGE,False,,,PARTIAL_COVERAGE,PARTIAL_COVERAGE,,,PARTIAL_COVERAGE,,,PARTIAL_COVERAGE,,NO_LOSSES,,4.0,1.0,3.0,3.0,1,0,POSITIVE,{'TAKE': 1},Declared conditional M5 model; full fields require full approved-window period coverage; closed diagnostics omit all unknown trades,0.3333333333333333333333333333,0.3333333333333333333333333333,0.4166666666666666666666666667,0.4166666666666666666666666667,0.5,0.5,0.1666666666666666666666666667,0.1666666666666666666666666667,0E+26,0,1,0,0,20.0,,0,0,1,0,0,1,0,0,0,0,0,0
VWAP_MR_IMOEXF,LONG,di_aligned,False,10,7,3,False,PARTIAL_COVERAGE,UNRESOLVED,UNRESOLVED,False,,,UNRESOLVED,UNRESOLVED,,,UNRESOLVED,,,UNRESOLVED,11,,28,27.0,7.0,20.0,2.857142857142857142857142857,0.8571428571428571428571428571,2.0,POSITIVE,"{'TAKE': 6, 'STOP': 1, 'UNKNOWN_PATH_CONDITIONAL_REDUCE_ALL': 3}",Declared conditional M5 model; full fields require full approved-window period coverage; closed diagnostics omit all unknown trades,0.5882352941176470588235294118,1.024509803921568627450980392,0.4166666666666666666666666667,0.3053221288515406162464985994,0.5,0.3425770308123249299719887954,0.2857142857142857142857142857,0.3889075630252100840336134454,-0.1395348837209302325581395349,-0.3058326448135714984743580713,7,1,1,17.5,5.0,5,0.7142857142857142857142857143,2,2,0.2857142857142857142857142857,4,1,0.1428571428571428571428571429,1,1,0.1428571428571428571428571429,1
VWAP_MR_IMOEXF,LONG,di_aligned,None,1,1,0,False,PARTIAL_COVERAGE,ACCOUNTED,PARTIAL_COVERAGE,False,,,PARTIAL_COVERAGE,PARTIAL_COVERAGE,,,PARTIAL_COVERAGE,,,PARTIAL_COVERAGE,0E+1,,0E+1,-0.5,1.0,-1.5,-1.5,0,1.5,NEGATIVE,{'STOP': 1},Declared conditional M5 model; full fields require full approved-window period coverage; closed diagnostics omit all unknown trades,0,0,0,0,-3,-3,2,2,-1.285714285714285714285714286,-1.285714285714285714285714286,1,0,1,,0.0,0,0,1,0,0,1,0,0,1,0,0,0
VWAP_MR_IMOEXF,LONG,di_aligned,True,3,2,1,False,PARTIAL_COVERAGE,UNRESOLVED,UNRESOLVED,False,,,UNRESOLVED,UNRESOLVED,,,UNRESOLVED,,,UNRESOLVED,0E+1,,0E+1,-1.5,2.0,-3.5,-1.75,0,3.5,NEGATIVE,"{'UNKNOWN_PATH_CONDITIONAL_REDUCE_ALL': 1, 'SESSION_FLAT': 1, 'STOP': 1}",Declared conditional M5 model; full fields require full approved-window period coverage; closed diagnostics omit all unknown trades,0.892857142857142857142857143,0.892857142857142857142857143,0.07142857142857142857142857145,0.07142857142857142857142857145,-1.214285714285714285714285714,-1.214285714285714285714285714,0.4,0.561904761904761904761904762,-0.9756097560975609756097560976,-0.869232517775922467873751118,2,2,1,,12.5,2,1,0,1,0.5,0,0,0,0,0,0,0
VWAP_MR_IMOEXF,LONG,ema_aligned,None,14,10,4,False,PARTIAL_COVERAGE,UNRESOLVED,UNRESOLVED,False,,,UNRESOLVED,UNRESOLVED,,,UNRESOLVED,,,UNRESOLVED,3.142857142857142857142857143,,9.333333333333333333333333333,25.0,10.0,15.0,1.5,0.6,5.5,POSITIVE,"{'UNKNOWN_PATH_CONDITIONAL_REDUCE_ALL': 4, 'SESSION_FLAT': 1, 'TAKE': 6, 'STOP': 3}",Declared conditional M5 model; full fields require full approved-window period coverage; closed diagnostics omit all unknown trades,0.544117647058823529411764706,0.8957282913165266106442577031,0.2380952380952380952380952381,0.2280112044817927170868347339,0.3166666666666666666666666666,-0.303053221288515406162464986,0.3095238095238095238095238095,0.5410564225690276110444177671,-0.4220682830282038594755071747,-0.4965527347984120073321820252,10,3,3,17.5,5.0,7,0.7,3,3,0.3,5,1,0.1,2,1,0.1,1
VWAP_MR_IMOEXF,LONG,breakout_entry_class,INSIDE_RANGE,13,10,3,False,PARTIAL_COVERAGE,UNRESOLVED,UNRESOLVED,False,,,UNRESOLVED,UNRESOLVED,,,UNRESOLVED,,,UNRESOLVED,3.142857142857142857142857143,,9.333333333333333333333333333,25.0,10.0,15.0,1.5,0.6,5.5,POSITIVE,"{'SESSION_FLAT': 1, 'TAKE': 6, 'STOP': 3, 'UNKNOWN_PATH_CONDITIONAL_REDUCE_ALL': 3}",Declared conditional M5 model; full fields require full approved-window period coverage; closed diagnostics omit all unknown trades,0.544117647058823529411764706,0.8957282913165266106442577031,0.2380952380952380952380952381,0.2280112044817927170868347339,0.3166666666666666666666666666,-0.303053221288515406162464986,0.2857142857142857142857142857,0.5519069166127989657401422108,-0.4186046511627906976744186047,-0.4597021946984774713108301735,10,3,3,17.5,5.0,7,0.7,3,3,0.3,5,1,0.1,2,1,0.1,1
VWAP_MR_IMOEXF,LONG,breakout_entry_class,PERSISTENT_LE_1_ATR,1,0,1,False,PARTIAL_COVERAGE,UNRESOLVED,UNRESOLVED,False,,,UNRESOLVED,UNRESOLVED,,,UNRESOLVED,,,UNRESOLVED,,NO_CLOSED_TRADES,,,,,,,,NO_CLOSED_TRADES,{'UNKNOWN_PATH_CONDITIONAL_REDUCE_ALL': 1},Declared conditional M5 model; full fields require full approved-window period coverage; closed diagnostics omit all unknown trades,,,,,,,0.4,0.4,-0.9756097560975609756097560976,-0.9756097560975609756097560976,0,0,0,,,0,,0,0,,0,0,,0,0,,0
VWAP_MR_IMOEXF,LONG,cost_class,NET_RR_GE_1,6,4,2,False,PARTIAL_COVERAGE,UNRESOLVED,UNRESOLVED,False,,,UNRESOLVED,UNRESOLVED,,,UNRESOLVED,,,UNRESOLVED,0.9090909090909090909090909091,,2.4,3.5,4.0,-0.5,-0.125,0.25,5.5,NEGATIVE,"{'UNKNOWN_PATH_CONDITIONAL_REDUCE_ALL': 2, 'STOP': 3, 'TAKE': 1}",Declared conditional M5 model; full fields require full approved-window period coverage; closed diagnostics omit all unknown trades,1.0,1.375,0.1666666666666666666666666666,0.2083333333333333333333333333,-2,-1.333333333333333333333333333,1,0.9555555555555555555555555555,-1.033259423503325942350332594,-1.034798866977546067707755842,4,2,3,15.0,5.0,3,0.75,1,2,0.5,1,1,0.25,2,1,0.25,1
VWAP_MR_IMOEXF,LONG,cost_class,NET_RR_LT_1,8,6,2,False,PARTIAL_COVERAGE,UNRESOLVED,UNRESOLVED,False,,,UNRESOLVED,UNRESOLVED,,,UNRESOLVED,,,UNRESOLVED,11.33333333333333333333333333,,44,21.5,6.0,15.5,2.583333333333333333333333333,0.8333333333333333333333333333,1.5,POSITIVE,"{'SESSION_FLAT': 1, 'TAKE': 5, 'UNKNOWN_PATH_CONDITIONAL_REDUCE_ALL': 2}",Declared conditional M5 model; full fields require full approved-window period coverage; closed diagnostics omit all unknown trades,0.544117647058823529411764706,0.5762138188608776844070961718,0.2797619047619047619047619048,0.2411297852474323062558356677,0.4166666666666666666666666666,0.3838001867413632119514472455,0.2428571428571428571428571428,0.2301820728291316526610644258,0E+3,-0.09286813566406146205050166289,6,1,0,20.0,20.0,4,0.6666666666666666666666666667,2,1,0.1666666666666666666666666667,4,0,0,0,0,0,0
VWAP_MR_IMOEXF,SHORT,ALL,ALL,7,3,4,False,PARTIAL_COVERAGE,UNRESOLVED,UNRESOLVED,False,,,UNRESOLVED,UNRESOLVED,,,UNRESOLVED,,,UNRESOLVED,3.125,,4.833333333333333333333333333,11.5,3.0,8.5,2.833333333333333333333333333,0.6666666666666666666666666667,4.0,POSITIVE,"{'UNKNOWN_PATH_CONDITIONAL_REDUCE_ALL': 4, 'TAKE': 2, 'STOP': 1}",Declared conditional M5 model; full fields require full approved-window period coverage; closed diagnostics omit all unknown trades,1.235294117647058823529411765,0.9117647058823529411764705883,0,0.1960784313725490196078431373,1.176470588235294117647058824,0.364379084967320261437908497,0.3333333333333333333333333333,0.5507172565996095407860113743,-0.4736842105263157894736842105,-0.482301589618166392361488547,3,0,1,25.0,5.0,2,0.6666666666666666666666666667,0,2,0.6666666666666666666666666667,0,0,0,1,0,0,1
VWAP_MR_IMOEXF,SHORT,exit_reason,STOP,1,1,0,False,PARTIAL_COVERAGE,ACCOUNTED,PARTIAL_COVERAGE,False,,,PARTIAL_COVERAGE,PARTIAL_COVERAGE,,,PARTIAL_COVERAGE,,,PARTIAL_COVERAGE,0E+1,,0E+1,-3.0,1.0,-4.0,-4.0,0,4.0,NEGATIVE,{'STOP': 1},Declared conditional M5 model; full fields require full approved-window period coverage; closed diagnostics omit all unknown trades,0,0,0,0,-1.333333333333333333333333333,-1.333333333333333333333333333,0.3333333333333333333333333333,0.3333333333333333333333333333,-0.4736842105263157894736842105,-0.4736842105263157894736842105,1,0,1,,5.0,0,0,0,0,0,0,0,0,0,0,0,0
VWAP_MR_IMOEXF,SHORT,exit_reason,TAKE,2,2,0,False,PARTIAL_COVERAGE,ACCOUNTED,PARTIAL_COVERAGE,False,,,PARTIAL_COVERAGE,PARTIAL_COVERAGE,,,PARTIAL_COVERAGE,,,PARTIAL_COVERAGE,,NO_LOSSES,,14.5,2.0,12.5,6.25,1,0,POSITIVE,{'TAKE': 2},Declared conditional M5 model; full fields require full approved-window period coverage; closed diagnostics omit all unknown trades,1.367647058823529411764705882,1.367647058823529411764705882,0.2941176470588235294117647059,0.2941176470588235294117647059,1.213235294117647058823529412,1.213235294117647058823529412,0.3088235294117647058823529412,0.3088235294117647058823529412,-0.521579591123536606674820898,-0.521579591123536606674820898,2,0,0,25.0,,2,1,0,2,1,0,0,0,1,0,0,1
VWAP_MR_IMOEXF,SHORT,exit_reason,UNKNOWN_PATH_CONDITIONAL_REDUCE_ALL,4,0,4,False,PARTIAL_COVERAGE,UNRESOLVED,UNRESOLVED,False,,,UNRESOLVED,UNRESOLVED,,,UNRESOLVED,,,UNRESOLVED,,NO_CLOSED_TRADES,,,,,,,,NO_CLOSED_TRADES,{'UNKNOWN_PATH_CONDITIONAL_REDUCE_ALL': 4},Declared conditional M5 model; full fields require full approved-window period coverage; closed diagnostics omit all unknown trades,,,,,,,0.3611111111111111111111111111,0.726010101010101010101010101,-0.4078947368421052631578947368,-0.4648169336384439359267734555,0,0,0,,,0,,0,0,,0,0,,0,0,,0
VWAP_MR_IMOEXF,SHORT,time_bucket,11:00,1,1,0,False,PARTIAL_COVERAGE,ACCOUNTED,PARTIAL_COVERAGE,False,,,PARTIAL_COVERAGE,PARTIAL_COVERAGE,,,PARTIAL_COVERAGE,,,PARTIAL_COVERAGE,,NO_LOSSES,,11.0,1.0,10.0,10.0,1,0,POSITIVE,{'TAKE': 1},Declared conditional M5 model; full fields require full approved-window period coverage; closed diagnostics omit all unknown trades,1.235294117647058823529411765,1.235294117647058823529411765,0.5882352941176470588235294118,0.5882352941176470588235294118,1.176470588235294117647058824,1.176470588235294117647058824,0.1176470588235294117647058824,0.1176470588235294117647058824,-0.4329896907216494845360824742,-0.4329896907216494845360824742,1,0,0,35.0,,1,1,0,1,1,0,0,0,0,0,0,0
VWAP_MR_IMOEXF,SHORT,time_bucket,11:30,2,1,1,False,PARTIAL_COVERAGE,UNRESOLVED,UNRESOLVED,False,,,UNRESOLVED,UNRESOLVED,,,UNRESOLVED,,,UNRESOLVED,0E+1,,0E+1,-3.0,1.0,-4.0,-4.0,0,4.0,NEGATIVE,"{'STOP': 1, 'UNKNOWN_PATH_CONDITIONAL_REDUCE_ALL': 1}",Declared conditional M5 model; full fields require full approved-window period coverage; closed diagnostics omit all unknown trades,0,0,0,0,-1.333333333333333333333333333,-1.333333333333333333333333333,0.4166666666666666666666666666,0.4166666666666666666666666666,-0.4868421052631578947368421052,-0.4868421052631578947368421052,1,0,1,,5.0,0,0,0,0,0,0,0,0,0,0,0,0
VWAP_MR_IMOEXF,SHORT,time_bucket,12:00,1,0,1,False,PARTIAL_COVERAGE,UNRESOLVED,UNRESOLVED,False,,,UNRESOLVED,UNRESOLVED,,,UNRESOLVED,,,UNRESOLVED,,NO_CLOSED_TRADES,,,,,,,,NO_CLOSED_TRADES,{'UNKNOWN_PATH_CONDITIONAL_REDUCE_ALL': 1},Declared conditional M5 model; full fields require full approved-window period coverage; closed diagnostics omit all unknown trades,,,,,,,0.1818181818181818181818181818,0.1818181818181818181818181818,-0.3157894736842105263157894737,-0.3157894736842105263157894737,0,0,0,,,0,,0,0,,0,0,,0,0,,0
VWAP_MR_IMOEXF,SHORT,time_bucket,12:30,1,1,0,False,PARTIAL_COVERAGE,ACCOUNTED,PARTIAL_COVERAGE,False,,,PARTIAL_COVERAGE,PARTIAL_COVERAGE,,,PARTIAL_COVERAGE,,,PARTIAL_COVERAGE,,NO_LOSSES,,3.5,1.0,2.5,2.5,1,0,POSITIVE,{'TAKE': 1},Declared conditional M5 model; full fields require full approved-window period coverage; closed diagnostics omit all unknown trades,1.5,1.5,0,0,1.25,1.25,0.5,0.5,-0.6101694915254237288135593221,-0.6101694915254237288135593221,1,0,0,15.0,,1,1,0,1,1,0,0,0,1,0,0,1
VWAP_MR_IMOEXF,SHORT,time_bucket,17:00,1,0,1,False,PARTIAL_COVERAGE,UNRESOLVED,UNRESOLVED,False,,,UNRESOLVED,UNRESOLVED,,,UNRESOLVED,,,UNRESOLVED,,NO_CLOSED_TRADES,,,,,,,,NO_CLOSED_TRADES,{'UNKNOWN_PATH_CONDITIONAL_REDUCE_ALL': 1},Declared conditional M5 model; full fields require full approved-window period coverage; closed diagnostics omit all unknown trades,,,,,,,2,2,-1.043478260869565217391304348,-1.043478260869565217391304348,0,0,0,,,0,,0,0,,0,0,,0,0,,0
VWAP_MR_IMOEXF,SHORT,time_bucket,18:00,1,0,1,False,PARTIAL_COVERAGE,UNRESOLVED,UNRESOLVED,False,,,UNRESOLVED,UNRESOLVED,,,UNRESOLVED,,,UNRESOLVED,,NO_CLOSED_TRADES,,,,,,,,NO_CLOSED_TRADES,{'UNKNOWN_PATH_CONDITIONAL_REDUCE_ALL': 1},Declared conditional M5 model; full fields require full approved-window period coverage; closed diagnostics omit all unknown trades,,,,,,,0.2222222222222222222222222222,0.2222222222222222222222222222,-0E+27,0,0,0,0,,,0,,0,0,,0,0,,0,0,,0
VWAP_MR_IMOEXF,SHORT,session_half,AM,5,3,2,False,PARTIAL_COVERAGE,UNRESOLVED,UNRESOLVED,False,,,UNRESOLVED,UNRESOLVED,,,UNRESOLVED,,,UNRESOLVED,3.125,,4.833333333333333333333333333,11.5,3.0,8.5,2.833333333333333333333333333,0.6666666666666666666666666667,4.0,POSITIVE,"{'TAKE': 2, 'STOP': 1, 'UNKNOWN_PATH_CONDITIONAL_REDUCE_ALL': 2}",Declared conditional M5 model; full fields require full approved-window period coverage; closed diagnostics omit all unknown trades,1.235294117647058823529411765,0.9117647058823529411764705883,0,0.1960784313725490196078431373,1.176470588235294117647058824,0.364379084967320261437908497,0.3333333333333333333333333333,0.3265597147950089126559714796,-0.4736842105263157894736842105,-0.4665265732915199058278230962,3,0,1,25.0,5.0,2,0.6666666666666666666666666667,0,2,0.6666666666666666666666666667,0,0,0,1,0,0,1
VWAP_MR_IMOEXF,SHORT,session_half,PM,2,0,2,False,PARTIAL_COVERAGE,UNRESOLVED,UNRESOLVED,False,,,UNRESOLVED,UNRESOLVED,,,UNRESOLVED,,,UNRESOLVED,,NO_CLOSED_TRADES,,,,,,,,NO_CLOSED_TRADES,{'UNKNOWN_PATH_CONDITIONAL_REDUCE_ALL': 2},Declared conditional M5 model; full fields require full approved-window period coverage; closed diagnostics omit all unknown trades,,,,,,,1.111111111111111111111111111,1.111111111111111111111111111,-0.521739130434782608695652174,-0.521739130434782608695652174,0,0,0,,,0,,0,0,,0,0,,0,0,,0
VWAP_MR_IMOEXF,SHORT,net_outcome,LOSS,1,1,0,False,PARTIAL_COVERAGE,ACCOUNTED,PARTIAL_COVERAGE,False,,,PARTIAL_COVERAGE,PARTIAL_COVERAGE,,,PARTIAL_COVERAGE,,,PARTIAL_COVERAGE,0E+1,,0E+1,-3.0,1.0,-4.0,-4.0,0,4.0,NEGATIVE,{'STOP': 1},Declared conditional M5 model; full fields require full approved-window period coverage; closed diagnostics omit all unknown trades,0,0,0,0,-1.333333333333333333333333333,-1.333333333333333333333333333,0.3333333333333333333333333333,0.3333333333333333333333333333,-0.4736842105263157894736842105,-0.4736842105263157894736842105,1,0,1,,5.0,0,0,0,0,0,0,0,0,0,0,0,0
VWAP_MR_IMOEXF,SHORT,net_outcome,UNKNOWN,4,0,4,False,PARTIAL_COVERAGE,UNRESOLVED,UNRESOLVED,False,,,UNRESOLVED,UNRESOLVED,,,UNRESOLVED,,,UNRESOLVED,,NO_CLOSED_TRADES,,,,,,,,NO_CLOSED_TRADES,{'UNKNOWN_PATH_CONDITIONAL_REDUCE_ALL': 4},Declared conditional M5 model; full fields require full approved-window period coverage; closed diagnostics omit all unknown trades,,,,,,,0.3611111111111111111111111111,0.726010101010101010101010101,-0.4078947368421052631578947368,-0.4648169336384439359267734555,0,0,0,,,0,,0,0,,0,0,,0,0,,0
VWAP_MR_IMOEXF,SHORT,net_outcome,WIN,2,2,0,False,PARTIAL_COVERAGE,ACCOUNTED,PARTIAL_COVERAGE,False,,,PARTIAL_COVERAGE,PARTIAL_COVERAGE,,,PARTIAL_COVERAGE,,,PARTIAL_COVERAGE,,NO_LOSSES,,14.5,2.0,12.5,6.25,1,0,POSITIVE,{'TAKE': 2},Declared conditional M5 model; full fields require full approved-window period coverage; closed diagnostics omit all unknown trades,1.367647058823529411764705882,1.367647058823529411764705882,0.2941176470588235294117647059,0.2941176470588235294117647059,1.213235294117647058823529412,1.213235294117647058823529412,0.3088235294117647058823529412,0.3088235294117647058823529412,-0.521579591123536606674820898,-0.521579591123536606674820898,2,0,0,25.0,,2,1,0,2,1,0,0,0,1,0,0,1
VWAP_MR_IMOEXF,SHORT,adx_regime,NOT_READY,7,3,4,False,PARTIAL_COVERAGE,UNRESOLVED,UNRESOLVED,False,,,UNRESOLVED,UNRESOLVED,,,UNRESOLVED,,,UNRESOLVED,3.125,,4.833333333333333333333333333,11.5,3.0,8.5,2.833333333333333333333333333,0.6666666666666666666666666667,4.0,POSITIVE,"{'UNKNOWN_PATH_CONDITIONAL_REDUCE_ALL': 4, 'TAKE': 2, 'STOP': 1}",Declared conditional M5 model; full fields require full approved-window period coverage; closed diagnostics omit all unknown trades,1.235294117647058823529411765,0.9117647058823529411764705883,0,0.1960784313725490196078431373,1.176470588235294117647058824,0.364379084967320261437908497,0.3333333333333333333333333333,0.5507172565996095407860113743,-0.4736842105263157894736842105,-0.482301589618166392361488547,3,0,1,25.0,5.0,2,0.6666666666666666666666666667,0,2,0.6666666666666666666666666667,0,0,0,1,0,0,1
VWAP_MR_IMOEXF,SHORT,di_aligned,False,5,1,4,False,PARTIAL_COVERAGE,UNRESOLVED,UNRESOLVED,False,,,UNRESOLVED,UNRESOLVED,,,UNRESOLVED,,,UNRESOLVED,0E+1,,0E+1,-3.0,1.0,-4.0,-4.0,0,4.0,NEGATIVE,"{'UNKNOWN_PATH_CONDITIONAL_REDUCE_ALL': 4, 'STOP': 1}",Declared conditional M5 model; full fields require full approved-window period coverage; closed diagnostics omit all unknown trades,0,0,0,0,-1.333333333333333333333333333,-1.333333333333333333333333333,0.3333333333333333333333333333,0.6474747474747474747474747474,-0.4736842105263157894736842105,-0.4665903890160183066361556064,1,0,1,,5.0,0,0,0,0,0,0,0,0,0,0,0,0
VWAP_MR_IMOEXF,SHORT,di_aligned,None,2,2,0,False,PARTIAL_COVERAGE,ACCOUNTED,PARTIAL_COVERAGE,False,,,PARTIAL_COVERAGE,PARTIAL_COVERAGE,,,PARTIAL_COVERAGE,,,PARTIAL_COVERAGE,,NO_LOSSES,,14.5,2.0,12.5,6.25,1,0,POSITIVE,{'TAKE': 2},Declared conditional M5 model; full fields require full approved-window period coverage; closed diagnostics omit all unknown trades,1.367647058823529411764705882,1.367647058823529411764705882,0.2941176470588235294117647059,0.2941176470588235294117647059,1.213235294117647058823529412,1.213235294117647058823529412,0.3088235294117647058823529412,0.3088235294117647058823529412,-0.521579591123536606674820898,-0.521579591123536606674820898,2,0,0,25.0,,2,1,0,2,1,0,0,0,1,0,0,1
VWAP_MR_IMOEXF,SHORT,ema_aligned,None,7,3,4,False,PARTIAL_COVERAGE,UNRESOLVED,UNRESOLVED,False,,,UNRESOLVED,UNRESOLVED,,,UNRESOLVED,,,UNRESOLVED,3.125,,4.833333333333333333333333333,11.5,3.0,8.5,2.833333333333333333333333333,0.6666666666666666666666666667,4.0,POSITIVE,"{'UNKNOWN_PATH_CONDITIONAL_REDUCE_ALL': 4, 'TAKE': 2, 'STOP': 1}",Declared conditional M5 model; full fields require full approved-window period coverage; closed diagnostics omit all unknown trades,1.235294117647058823529411765,0.9117647058823529411764705883,0,0.1960784313725490196078431373,1.176470588235294117647058824,0.364379084967320261437908497,0.3333333333333333333333333333,0.5507172565996095407860113743,-0.4736842105263157894736842105,-0.482301589618166392361488547,3,0,1,25.0,5.0,2,0.6666666666666666666666666667,0,2,0.6666666666666666666666666667,0,0,0,1,0,0,1
VWAP_MR_IMOEXF,SHORT,breakout_entry_class,INSIDE_RANGE,6,2,4,False,PARTIAL_COVERAGE,UNRESOLVED,UNRESOLVED,False,,,UNRESOLVED,UNRESOLVED,,,UNRESOLVED,,,UNRESOLVED,0.625,,1.166666666666666666666666667,0.5,2.0,-1.5,-0.75,0.5,4.0,NEGATIVE,"{'UNKNOWN_PATH_CONDITIONAL_REDUCE_ALL': 4, 'STOP': 1, 'TAKE': 1}",Declared conditional M5 model; full fields require full approved-window period coverage; closed diagnostics omit all unknown trades,0.75,0.75,0,0,-0.0416666666666666666666666665,-0.0416666666666666666666666665,0.4166666666666666666666666666,0.622895622895622895622895623,-0.4868421052631578947368421052,-0.4905202394342525436657228925,2,0,1,15.0,5.0,1,0.5,0,1,0.5,0,0,0,1,0,0,1
VWAP_MR_IMOEXF,SHORT,breakout_entry_class,PERSISTENT_LE_1_ATR,1,1,0,False,PARTIAL_COVERAGE,ACCOUNTED,PARTIAL_COVERAGE,False,,,PARTIAL_COVERAGE,PARTIAL_COVERAGE,,,PARTIAL_COVERAGE,,,PARTIAL_COVERAGE,,NO_LOSSES,,11.0,1.0,10.0,10.0,1,0,POSITIVE,{'TAKE': 1},Declared conditional M5 model; full fields require full approved-window period coverage; closed diagnostics omit all unknown trades,1.235294117647058823529411765,1.235294117647058823529411765,0.5882352941176470588235294118,0.5882352941176470588235294118,1.176470588235294117647058824,1.176470588235294117647058824,0.1176470588235294117647058824,0.1176470588235294117647058824,-0.4329896907216494845360824742,-0.4329896907216494845360824742,1,0,0,35.0,,1,1,0,1,1,0,0,0,0,0,0,0
VWAP_MR_IMOEXF,SHORT,cost_class,NET_RR_GE_1,3,2,1,False,PARTIAL_COVERAGE,UNRESOLVED,UNRESOLVED,False,,,UNRESOLVED,UNRESOLVED,,,UNRESOLVED,,,UNRESOLVED,2.5,,3.666666666666666666666666667,8.0,2.0,6.0,3.0,0.5,4.0,POSITIVE,"{'TAKE': 1, 'STOP': 1, 'UNKNOWN_PATH_CONDITIONAL_REDUCE_ALL': 1}",Declared conditional M5 model; full fields require full approved-window period coverage; closed diagnostics omit all unknown trades,0.6176470588235294117647058825,0.6176470588235294117647058825,0.2941176470588235294117647059,0.2941176470588235294117647059,-0.0784313725490196078431372545,-0.0784313725490196078431372545,0.3333333333333333333333333333,0.8169934640522875816993464053,-0.4736842105263157894736842105,-0.6500507207058434971336903443,2,0,1,35.0,5.0,1,0.5,0,1,0.5,0,0,0,0,0,0,0
VWAP_MR_IMOEXF,SHORT,cost_class,NET_RR_LT_1,4,1,3,False,PARTIAL_COVERAGE,UNRESOLVED,UNRESOLVED,False,,,UNRESOLVED,UNRESOLVED,,,UNRESOLVED,,,UNRESOLVED,,NO_LOSSES,,3.5,1.0,2.5,2.5,1,0,POSITIVE,"{'UNKNOWN_PATH_CONDITIONAL_REDUCE_ALL': 3, 'TAKE': 1}",Declared conditional M5 model; full fields require full approved-window period coverage; closed diagnostics omit all unknown trades,1.5,1.5,0,0,1.25,1.25,0.3611111111111111111111111111,0.351010101010101010101010101,-0.4078947368421052631578947368,-0.356489741302408563782337199,1,0,0,15.0,,1,1,0,1,1,0,0,0,1,0,0,1
VWAP_MR_USDRUBF,ALL,ALL,ALL,548,545,3,False,PARTIAL_COVERAGE,UNRESOLVED,UNRESOLVED,False,,,UNRESOLVED,UNRESOLVED,,,UNRESOLVED,,,UNRESOLVED,0.4364406779661016949152542373,,0.7695810564663023679417122040,-5.06,10.90,-15.96,-0.02928440366972477064220183486,0.3871559633027522935779816514,16.41,NEGATIVE,"{'STOP': 290, 'TAKE': 212, 'MAX_HOLD': 17, 'SESSION_FLAT': 26, 'UNKNOWN_PATH_CONDITIONAL_REDUCE_ALL': 3}",Declared conditional M5 model; full fields require full approved-window period coverage; closed diagnostics omit all unknown trades,0.3448275862068965517241379310,0.5971187670714968020103051642,0.3125,0.3477417394293299972408610220,-1.117647058823529411764705882,-0.5571505664682568859786922725,0.2678571428571428571428571428,0.4184902372989645100691337985,-0.3186090225563909774436090226,-0.3957796502306143126085196285,545,74,214,10.0,5.0,208,0.3816513761467889908256880734,115,104,0.1908256880733944954128440367,102,31,0.05688073394495412844036697248,50,14,0.02568807339449541284403669725,32
VWAP_MR_USDRUBF,ALL,exit_reason,MAX_HOLD,17,17,0,False,PARTIAL_COVERAGE,ACCOUNTED,PARTIAL_COVERAGE,False,,,PARTIAL_COVERAGE,PARTIAL_COVERAGE,,,PARTIAL_COVERAGE,,,PARTIAL_COVERAGE,0.6511627906976744186046511628,,1.655172413793103448275862069,0.19,0.34,-0.15,-0.008823529411764705882352941176,0.4705882352941176470588235294,0.28,NEGATIVE,{'MAX_HOLD': 17},Declared conditional M5 model; full fields require full approved-window period coverage; closed diagnostics omit all unknown trades,0.7894736842105263157894736842,0.9161217437533227006911217435,0.5,0.5526018700941301560496606936,0,-0.01897223004034149544985458301,0.1818181818181818181818181818,0.2208829783907183287988241549,-0.2608695652173913043478260870,-0.3039744162832912624451285189,17,3,0,60.0,60.0,12,0.7058823529411764705882352941,0,5,0.2941176470588235294117647059,0,1,0.05882352941176470588235294118,0,0,0,0
VWAP_MR_USDRUBF,ALL,exit_reason,SESSION_FLAT,26,26,0,False,PARTIAL_COVERAGE,ACCOUNTED,PARTIAL_COVERAGE,False,,,PARTIAL_COVERAGE,PARTIAL_COVERAGE,,,PARTIAL_COVERAGE,,,PARTIAL_COVERAGE,0.5871559633027522935779816514,,1.089743589743589743589743590,0.07,0.52,-0.45,-0.01730769230769230769230769231,0.3076923076923076923076923077,0.68,NEGATIVE,{'SESSION_FLAT': 26},Declared conditional M5 model; full fields require full approved-window period coverage; closed diagnostics omit all unknown trades,0.527777777777777777777777778,0.8406445331546546121444906873,0.654761904761904761904761905,0.5913204148528035167711281073,-0.2820512820512820512820512820,-0.1321711576772305517244788500,0.2361111111111111111111111111,0.2438263266198488870553647882,-0.3208333333333333333333333334,-0.355572197050899145583934509,26,10,0,22.5,20.0,15,0.5769230769230769230769230769,0,7,0.2692307692307692307692307692,0,3,0.1153846153846153846153846154,0,1,0.03846153846153846153846153846,0
VWAP_MR_USDRUBF,ALL,exit_reason,STOP,290,290,0,False,PARTIAL_COVERAGE,ACCOUNTED,PARTIAL_COVERAGE,False,,,PARTIAL_COVERAGE,PARTIAL_COVERAGE,,,PARTIAL_COVERAGE,,,PARTIAL_COVERAGE,0E+2,,0E+2,-20.89,5.80,-26.69,-0.09203448275862068965517241379,0,26.69,NEGATIVE,{'STOP': 290},Declared conditional M5 model; full fields require full approved-window period coverage; closed diagnostics omit all unknown trades,0,0.3611926532978236228778140479,0.3571428571428571428571428571,0.3649320519325329226879999486,-1.333333333333333333333333333,-1.547962030727666098835003548,0.3333333333333333333333333333,0.5479620307276660988350035466,-0.5423901940755873340143003065,-0.5477106050964808321724742638,290,60,214,,5.0,60,0.2068965517241379310344827586,44,36,0.1241379310344827586206896552,31,10,0.03448275862068965517241379310,20,7,0.02413793103448275862068965517,17
VWAP_MR_USDRUBF,ALL,exit_reason,TAKE,212,212,0,False,PARTIAL_COVERAGE,ACCOUNTED,PARTIAL_COVERAGE,False,,,PARTIAL_COVERAGE,PARTIAL_COVERAGE,,,PARTIAL_COVERAGE,,,PARTIAL_COVERAGE,104,,,15.57,4.24,11.33,0.05344339622641509433962264151,0.9198113207547169811320754717,0.01,POSITIVE,{'TAKE': 212},Declared conditional M5 model; full fields require full approved-window period coverage; closed diagnostics omit all unknown trades,0.552777777777777777777777778,0.8644010900555160407242660995,0.2272727272727272727272727273,0.2779263695791377208861118345,0.4365079365079365079365079365,0.7029288122458347432606024443,0.2222222222222222222222222222,0.2807081055896390620523384444,-0.1472891566265060240963855422,-0.2039992491403273497944837303,212,1,0,10.0,5.0,121,0.5707547169811320754716981132,71,56,0.2641509433962264150943396226,71,17,0.08018867924528301886792452830,30,6,0.02830188679245283018867924528,15
VWAP_MR_USDRUBF,ALL,exit_reason,UNKNOWN_PATH_CONDITIONAL_REDUCE_ALL,3,0,3,False,PARTIAL_COVERAGE,UNRESOLVED,UNRESOLVED,False,,,UNRESOLVED,UNRESOLVED,,,UNRESOLVED,,,UNRESOLVED,,NO_CLOSED_TRADES,,,,,,,,NO_CLOSED_TRADES,{'UNKNOWN_PATH_CONDITIONAL_REDUCE_ALL': 3},Declared conditional M5 model; full fields require full approved-window period coverage; closed diagnostics omit all unknown trades,,,,,,,0.2857142857142857142857142857,0.2730158730158730158730158730,-0.1875000000000000000000000000,-0.1302966101694915254237288136,0,0,0,,,0,,0,0,,0,0,,0,0,,0
VWAP_MR_USDRUBF,ALL,time_bucket,11:00,37,37,0,False,PARTIAL_COVERAGE,ACCOUNTED,PARTIAL_COVERAGE,False,,,PARTIAL_COVERAGE,PARTIAL_COVERAGE,,,PARTIAL_COVERAGE,,,PARTIAL_COVERAGE,0.3523809523809523809523809524,,0.6242424242424242424242424242,-0.62,0.74,-1.36,-0.03675675675675675675675675676,0.3783783783783783783783783784,1.36,NEGATIVE,"{'STOP': 20, 'TAKE': 13, 'MAX_HOLD': 4}",Declared conditional M5 model; full fields require full approved-window period coverage; closed diagnostics omit all unknown trades,0.2777777777777777777777777778,0.3664149513220720651061208338,0.3428571428571428571428571429,0.4117008370491342627565537784,-1.142857142857142857142857143,-0.5704290240667949646277819657,0.2222222222222222222222222222,0.2571246265518711339144775677,-0.2400000000000000000000000000,-0.3345463402795679681390695127,37,5,16,25.0,10.0,9,0.2432432432432432432432432432,8,3,0.08108108108108108108108108108,5,0,0,1,0,0,1
VWAP_MR_USDRUBF,ALL,time_bucket,11:30,56,55,1,False,PARTIAL_COVERAGE,UNRESOLVED,UNRESOLVED,False,,,UNRESOLVED,UNRESOLVED,,,UNRESOLVED,,,UNRESOLVED,0.2493573264781491002570694087,,0.4258675078864353312302839117,-1.82,1.10,-2.92,-0.05309090909090909090909090909,0.3454545454545454545454545455,3.01,NEGATIVE,"{'STOP': 34, 'MAX_HOLD': 4, 'TAKE': 17, 'UNKNOWN_PATH_CONDITIONAL_REDUCE_ALL': 1}",Declared conditional M5 model; full fields require full approved-window period coverage; closed diagnostics omit all unknown trades,0.375,0.548189607024962074709928056,0.3333333333333333333333333333,0.3707919682803831638505210807,-1.142857142857142857142857143,-0.7110029676228395050802029127,0.2222222222222222222222222222,0.3615272656890240955351257341,-0.2390959555908009516256938938,-0.3500848148442180196664451682,55,10,20,15.0,10.0,25,0.4545454545454545454545454545,4,13,0.2363636363636363636363636364,6,1,0.01818181818181818181818181818,3,1,0.01818181818181818181818181818,2
VWAP_MR_USDRUBF,ALL,time_bucket,12:00,52,52,0,False,PARTIAL_COVERAGE,ACCOUNTED,PARTIAL_COVERAGE,False,,,PARTIAL_COVERAGE,PARTIAL_COVERAGE,,,PARTIAL_COVERAGE,,,PARTIAL_COVERAGE,0.5597014925373134328358208955,,0.9330143540669856459330143541,-0.14,1.04,-1.18,-0.02269230769230769230769230769,0.4230769230769230769230769231,1.50,NEGATIVE,"{'TAKE': 23, 'STOP': 28, 'MAX_HOLD': 1}",Declared conditional M5 model; full fields require full approved-window period coverage; closed diagnostics omit all unknown trades,0.3541666666666666666666666666,0.5473606043592621659863342667,0.5,0.4440008994994912967100962175,-1.125,-0.4191085888162767233353397760,0.25,0.3933496676268635430754775938,-0.3027871621621621621621621622,-0.3764609557581683935370735169,52,9,19,10.0,7.5,21,0.4038461538461538461538461538,11,12,0.2307692307692307692307692308,8,3,0.05769230769230769230769230769,5,0,0,7
VWAP_MR_USDRUBF,ALL,time_bucket,12:30,46,46,0,False,PARTIAL_COVERAGE,ACCOUNTED,PARTIAL_COVERAGE,False,,,PARTIAL_COVERAGE,PARTIAL_COVERAGE,,,PARTIAL_COVERAGE,,,PARTIAL_COVERAGE,0.4766355140186915887850467290,,0.8773006134969325153374233129,-0.20,0.92,-1.12,-0.02434782608695652173913043478,0.4130434782608695652173913043,1.32,NEGATIVE,"{'TAKE': 20, 'STOP': 23, 'MAX_HOLD': 1, 'SESSION_FLAT': 2}",Declared conditional M5 model; full fields require full approved-window period coverage; closed diagnostics omit all unknown trades,0.4444444444444444444444444444,0.5370202332478547312306903098,0.3541666666666666666666666666,0.3703680436736702721357452817,-0.933823529411764705882352941,-0.563043313842546579119469145,0.2857142857142857142857142857,0.3566215741727250678657328270,-0.2128060263653483992467043314,-0.3131155510985635104230683009,46,8,14,10.0,10.0,21,0.4565217391304347826086956522,8,9,0.1956521739130434782608695652,9,2,0.04347826086956521739130434783,0,1,0.02173913043478260869565217391,0
VWAP_MR_USDRUBF,ALL,time_bucket,13:00,50,50,0,False,PARTIAL_COVERAGE,ACCOUNTED,PARTIAL_COVERAGE,False,,,PARTIAL_COVERAGE,PARTIAL_COVERAGE,,,PARTIAL_COVERAGE,,,PARTIAL_COVERAGE,0.4325396825396825396825396825,,0.7650273224043715846994535519,-0.43,1.00,-1.43,-0.0286,0.26,1.43,NEGATIVE,"{'SESSION_FLAT': 11, 'STOP': 25, 'TAKE': 14}",Declared conditional M5 model; full fields require full approved-window period coverage; closed diagnostics omit all unknown trades,0.2777777777777777777777777778,0.5537652070152070152070152072,0.3030303030303030303030303030,0.3405098235098235098235098234,-1.066666666666666666666666666,-0.6891989399489399489399489396,0.3095238095238095238095238095,0.4694542679542679542679542678,-0.4534718941898913556920170052,-0.471924131825853151009709368,50,10,22,15.0,5.0,22,0.44,7,10,0.2,8,4,0.08,4,1,0.02,3
VWAP_MR_USDRUBF,ALL,time_bucket,15:00,14,14,0,False,PARTIAL_COVERAGE,ACCOUNTED,PARTIAL_COVERAGE,False,,,PARTIAL_COVERAGE,PARTIAL_COVERAGE,,,PARTIAL_COVERAGE,,,PARTIAL_COVERAGE,1.105263157894736842105263158,,2.230769230769230769230769231,0.32,0.28,0.04,0.002857142857142857142857142857,0.5714285714285714285714285714,0.16,POSITIVE,"{'TAKE': 7, 'STOP': 6, 'MAX_HOLD': 1}",Declared conditional M5 model; full fields require full approved-window period coverage; closed diagnostics omit all unknown trades,0.4186602870813397129186602870,0.9613392246850893467434820814,0.08333333333333333333333333335,0.2868026397161735507600169254,0.3508771929824561403508771930,-0.348746053445301565602317482,0.3666666666666666666666666666,0.6270250843559114235805965129,-0.4608695652173913043478260869,-0.4947439118784307706829637601,14,2,3,15.0,10.0,6,0.4285714285714285714285714286,6,5,0.3571428571428571428571428571,6,3,0.2142857142857142857142857143,4,1,0.07142857142857142857142857143,2
VWAP_MR_USDRUBF,ALL,time_bucket,15:30,57,57,0,False,PARTIAL_COVERAGE,ACCOUNTED,PARTIAL_COVERAGE,False,,,PARTIAL_COVERAGE,PARTIAL_COVERAGE,,,PARTIAL_COVERAGE,,,PARTIAL_COVERAGE,0.3201219512195121951219512195,,0.5691699604743083003952569170,-1.09,1.14,-2.23,-0.03912280701754385964912280702,0.2982456140350877192982456140,2.25,NEGATIVE,"{'STOP': 36, 'TAKE': 21}",Declared conditional M5 model; full fields require full approved-window period coverage; closed diagnostics omit all unknown trades,0.2142857142857142857142857143,0.8763098717738606935282835556,0.2857142857142857142857142857,0.3298600387762437623933468809,-1.166666666666666666666666667,-0.6864810282054049367068757653,0.3333333333333333333333333333,0.5343574951261931871350153898,-0.4,-0.4535598989812159310829790149,57,6,28,5.0,5.0,19,0.3333333333333333333333333333,14,11,0.1929824561403508771929824561,10,5,0.08771929824561403508771929825,9,4,0.07017543859649122807017543860,5
VWAP_MR_USDRUBF,ALL,time_bucket,16:00,58,57,1,False,PARTIAL_COVERAGE,UNRESOLVED,UNRESOLVED,False,,,UNRESOLVED,UNRESOLVED,,,UNRESOLVED,,,UNRESOLVED,0.9894179894179894179894179894,,1.811594202898550724637681159,1.12,1.14,-0.02,-0.0003508771929824561403508771930,0.5263157894736842105263157895,0.65,NEGATIVE,"{'TAKE': 31, 'STOP': 25, 'UNKNOWN_PATH_CONDITIONAL_REDUCE_ALL': 1, 'MAX_HOLD': 1}",Declared conditional M5 model; full fields require full approved-window period coverage; closed diagnostics omit all unknown trades,0.375,0.7732606912939322911622080593,0.2,0.2738604132094436803578077814,0.1111111111111111111111111111,-0.2420178905428212907437284172,0.2857142857142857142857142857,0.5083489514115648416918834343,-0.3038461538461538461538461538,-0.4164450379004674661251403131,57,4,20,12.5,0.0,20,0.3508771929824561403508771930,18,10,0.1754385964912280701754385965,16,5,0.08771929824561403508771929825,11,4,0.07017543859649122807017543860,4
VWAP_MR_USDRUBF,ALL,time_bucket,16:30,49,48,1,False,PARTIAL_COVERAGE,UNRESOLVED,UNRESOLVED,False,,,UNRESOLVED,UNRESOLVED,,,UNRESOLVED,,,UNRESOLVED,0.3297491039426523297491039427,,0.59375,-0.91,0.96,-1.87,-0.03895833333333333333333333333,0.375,1.87,NEGATIVE,"{'STOP': 26, 'TAKE': 18, 'MAX_HOLD': 4, 'UNKNOWN_PATH_CONDITIONAL_REDUCE_ALL': 1}",Declared conditional M5 model; full fields require full approved-window period coverage; closed diagnostics omit all unknown trades,0.4142857142857142857142857143,0.5514174332186934825244153548,0.3875,0.3944578691911778464477347233,-1.117647058823529411764705882,-0.6197616330701200804848671317,0.25,0.3829120311482592779550922073,-0.3380281690140845070422535211,-0.3711799181372543666489875155,48,8,19,10.0,5.0,20,0.4166666666666666666666666667,13,9,0.1875,8,1,0.02083333333333333333333333333,4,0,0,3
VWAP_MR_USDRUBF,ALL,time_bucket,17:00,45,45,0,False,PARTIAL_COVERAGE,ACCOUNTED,PARTIAL_COVERAGE,False,,,PARTIAL_COVERAGE,PARTIAL_COVERAGE,,,PARTIAL_COVERAGE,,,PARTIAL_COVERAGE,0.53,,0.9740259740259740259740259740,-0.04,0.90,-0.94,-0.02088888888888888888888888889,0.4444444444444444444444444444,1.22,NEGATIVE,"{'TAKE': 21, 'STOP': 23, 'MAX_HOLD': 1}",Declared conditional M5 model; full fields require full approved-window period coverage; closed diagnostics omit all unknown trades,0.3333333333333333333333333333,0.4480761035585596989105761036,0.4,0.3950105904491869404150105904,-1.1,-0.5173263546070563614423263547,0.2857142857142857142857142857,0.3663611469751820629013611469,-0.3157894736842105263157894737,-0.4246600344354274014483732211,45,4,13,10.0,10.0,16,0.3555555555555555555555555556,13,8,0.1777777777777777777777777778,12,0,0,5,0,0,2
VWAP_MR_USDRUBF,ALL,time_bucket,17:30,50,50,0,False,PARTIAL_COVERAGE,ACCOUNTED,PARTIAL_COVERAGE,False,,,PARTIAL_COVERAGE,PARTIAL_COVERAGE,,,PARTIAL_COVERAGE,,,PARTIAL_COVERAGE,0.4281045751633986928104575163,,0.6951219512195121951219512195,-0.75,1.00,-1.75,-0.035,0.4,1.86,NEGATIVE,"{'STOP': 27, 'TAKE': 19, 'SESSION_FLAT': 4}",Declared conditional M5 model; full fields require full approved-window period coverage; closed diagnostics omit all unknown trades,0.4285714285714285714285714286,0.6606036302878408141566036304,0.02631578947368421052631578948,0.267374420900736690210374421,-1.097222222222222222222222222,-0.4841748689906584643426748692,0.2222222222222222222222222222,0.3380994911521227310700994914,-0.3179271708683473389355742296,-0.3533635621106020561968494608,50,7,23,5.0,5.0,20,0.4,7,11,0.22,5,6,0.12,2,1,0.02,1
VWAP_MR_USDRUBF,ALL,time_bucket,18:00,34,34,0,False,PARTIAL_COVERAGE,ACCOUNTED,PARTIAL_COVERAGE,False,,,PARTIAL_COVERAGE,PARTIAL_COVERAGE,,,PARTIAL_COVERAGE,,,PARTIAL_COVERAGE,0.2578616352201257861635220126,,0.5762711864406779661016949153,-0.50,0.68,-1.18,-0.03470588235294117647058823529,0.3235294117647058823529411765,1.25,NEGATIVE,"{'SESSION_FLAT': 9, 'STOP': 17, 'TAKE': 8}",Declared conditional M5 model; full fields require full approved-window period coverage; closed diagnostics omit all unknown trades,0.2302631578947368421052631579,0.4035908750692032425778555806,0.1714285714285714285714285714,0.2422591984898486446474062573,-0.983333333333333333333333333,-0.7717224897565454840996636656,0.2857142857142857142857142857,0.5402100049932867270328570629,-0.2989130434782608695652173913,-0.4538222239176715339929038429,34,1,17,15.0,0.0,9,0.2647058823529411764705882353,6,3,0.08823529411764705882352941176,9,1,0.02941176470588235294117647059,2,1,0.02941176470588235294117647059,2
VWAP_MR_USDRUBF,ALL,session_half,AM,241,240,1,False,PARTIAL_COVERAGE,UNRESOLVED,UNRESOLVED,False,,,UNRESOLVED,UNRESOLVED,,,UNRESOLVED,,,UNRESOLVED,0.3990997749437359339834958740,,0.6904532304725168756027000964,-3.21,4.80,-8.01,-0.033375,0.3625,8.24,NEGATIVE,"{'STOP': 130, 'TAKE': 87, 'MAX_HOLD': 10, 'SESSION_FLAT': 13, 'UNKNOWN_PATH_CONDITIONAL_REDUCE_ALL': 1}",Declared conditional M5 model; full fields require full approved-window period coverage; closed diagnostics omit all unknown trades,0.3333333333333333333333333333,0.5190071837172203397759350433,0.3717105263157894736842105263,0.3865706549362191548838163611,-1.125,-0.5931859298432421507107074533,0.25,0.3738200273330300264728173005,-0.2812499999999999999999999999,-0.3716118500534089602337798112,240,42,91,10.0,10.0,98,0.4083333333333333333333333333,38,47,0.1958333333333333333333333333,36,10,0.04166666666666666666666666667,13,3,0.0125,13
VWAP_MR_USDRUBF,ALL,session_half,PM,307,305,2,False,PARTIAL_COVERAGE,UNRESOLVED,UNRESOLVED,False,,,UNRESOLVED,UNRESOLVED,,,UNRESOLVED,,,UNRESOLVED,0.4696464309539693128752501668,,0.8403796376186367558239861950,-1.85,6.10,-7.95,-0.02606557377049180327868852459,0.4065573770491803278688524590,8.32,NEGATIVE,"{'TAKE': 125, 'STOP': 160, 'SESSION_FLAT': 13, 'UNKNOWN_PATH_CONDITIONAL_REDUCE_ALL': 2, 'MAX_HOLD': 7}",Declared conditional M5 model; full fields require full approved-window period coverage; closed diagnostics omit all unknown trades,0.3636363636363636363636363636,0.6585836195469930345881701767,0.25,0.3171878387025975453250928846,-1.111111111111111111111111111,-0.5287948706977766776649754079,0.2857142857142857142857142857,0.4535570796500726877457210163,-0.3333333333333333333333333333,-0.4147517669821012504662144020,305,32,123,10.0,5.0,110,0.3606557377049180327868852459,77,57,0.1868852459016393442622950820,66,21,0.06885245901639344262295081967,37,11,0.03606557377049180327868852459,19
VWAP_MR_USDRUBF,ALL,net_outcome,LOSS,325,325,0,False,PARTIAL_COVERAGE,ACCOUNTED,PARTIAL_COVERAGE,False,,,PARTIAL_COVERAGE,PARTIAL_COVERAGE,,,PARTIAL_COVERAGE,,,PARTIAL_COVERAGE,0E+2,,0.006375227686703096539162112933,-21.82,6.50,-28.32,-0.08713846153846153846153846154,0,28.32,NEGATIVE,"{'STOP': 290, 'SESSION_FLAT': 17, 'TAKE': 11, 'MAX_HOLD': 7}",Declared conditional M5 model; full fields require full approved-window period coverage; closed diagnostics omit all unknown trades,0.08333333333333333333333333333,0.3755744066229067834004827277,0.3846153846153846153846153846,0.3807092050691484304042159434,-1.285714285714285714285714286,-1.427971314171905409984869898,0.2857142857142857142857142857,0.5141989879825751720716360323,-0.4757709251101321585903083700,-0.504353249977532244319839364,325,74,214,,5.0,74,0.2276923076923076923076923077,47,41,0.1261538461538461538461538462,32,11,0.03384615384615384615384615385,20,7,0.02153846153846153846153846154,17
VWAP_MR_USDRUBF,ALL,net_outcome,UNKNOWN,3,0,3,False,PARTIAL_COVERAGE,UNRESOLVED,UNRESOLVED,False,,,UNRESOLVED,UNRESOLVED,,,UNRESOLVED,,,UNRESOLVED,,NO_CLOSED_TRADES,,,,,,,,NO_CLOSED_TRADES,{'UNKNOWN_PATH_CONDITIONAL_REDUCE_ALL': 3},Declared conditional M5 model; full fields require full approved-window period coverage; closed diagnostics omit all unknown trades,,,,,,,0.2857142857142857142857142857,0.2730158730158730158730158730,-0.1875000000000000000000000000,-0.1302966101694915254237288136,0,0,0,,,0,,0,0,,0,0,,0,0,,0
VWAP_MR_USDRUBF,ALL,net_outcome,WIN,211,211,0,False,PARTIAL_COVERAGE,ACCOUNTED,PARTIAL_COVERAGE,False,,,PARTIAL_COVERAGE,PARTIAL_COVERAGE,,,PARTIAL_COVERAGE,,,PARTIAL_COVERAGE,,NO_LOSSES,,16.58,4.22,12.36,0.05857819905213270142180094787,1,0,POSITIVE,"{'TAKE': 195, 'MAX_HOLD': 8, 'SESSION_FLAT': 8}",Declared conditional M5 model; full fields require full approved-window period coverage; closed diagnostics omit all unknown trades,0.6153846153846153846153846154,0.9446556342692605771724583924,0.25,0.2936288794831698485882867874,0.4814814814814814814814814815,0.7603962956429822530175138791,0.2222222222222222222222222222,0.2796662249388158160621810677,-0.1904761904761904761904761905,-0.2477990523682820340151822929,211,0,0,10.0,,130,0.6161137440758293838862559242,66,62,0.2938388625592417061611374408,68,20,0.09478672985781990521327014218,30,7,0.03317535545023696682464454976,15
VWAP_MR_USDRUBF,ALL,net_outcome,ZERO,9,9,0,False,PARTIAL_COVERAGE,ACCOUNTED,PARTIAL_COVERAGE,False,,,PARTIAL_COVERAGE,PARTIAL_COVERAGE,,,PARTIAL_COVERAGE,,,PARTIAL_COVERAGE,,NO_LOSSES,,0.18,0.18,0.00,0.00,0,0,ZERO_NET,"{'MAX_HOLD': 2, 'TAKE': 6, 'SESSION_FLAT': 1}",Declared conditional M5 model; full fields require full approved-window period coverage; closed diagnostics omit all unknown trades,0.3333333333333333333333333333,0.4495230078563411896745230079,0.5625,0.4258958633958633958633958633,0,0,0.2222222222222222222222222222,0.2654842071508738175404842071,0E+27,-0.03288357816252001689403470441,9,0,0,,,4,0.4444444444444444444444444444,2,1,0.1111111111111111111111111111,2,0,0,0,0,0,0
VWAP_MR_USDRUBF,ALL,adx_regime,NOT_READY,294,291,3,False,PARTIAL_COVERAGE,UNRESOLVED,UNRESOLVED,False,,,UNRESOLVED,UNRESOLVED,,,UNRESOLVED,,,UNRESOLVED,0.4418453541260558804418453541,,0.7687813021702838063439065109,-2.77,5.82,-8.59,-0.02951890034364261168384879725,0.3951890034364261168384879725,8.80,NEGATIVE,"{'STOP': 161, 'TAKE': 117, 'MAX_HOLD': 12, 'SESSION_FLAT': 1, 'UNKNOWN_PATH_CONDITIONAL_REDUCE_ALL': 3}",Declared conditional M5 model; full fields require full approved-window period coverage; closed diagnostics omit all unknown trades,0.3333333333333333333333333333,0.6480774458528869919134060612,0.3181818181818181818181818182,0.3555713788934325381814509485,-1.142857142857142857142857143,-0.5389882087260333520689347058,0.25,0.4327572028706184333242226551,-0.2790697674418604651162790698,-0.3887254865379631122741051993,291,39,115,10.0,5.0,106,0.3642611683848797250859106529,64,57,0.1958762886597938144329896907,53,18,0.06185567010309278350515463918,35,10,0.03436426116838487972508591065,22
VWAP_MR_USDRUBF,ALL,adx_regime,SUB_25,137,137,0,False,PARTIAL_COVERAGE,ACCOUNTED,PARTIAL_COVERAGE,False,,,PARTIAL_COVERAGE,PARTIAL_COVERAGE,,,PARTIAL_COVERAGE,,,PARTIAL_COVERAGE,0.3908396946564885496183206107,,0.7422680412371134020618556701,-1.25,2.74,-3.99,-0.02912408759124087591240875912,0.3430656934306569343065693431,4.13,NEGATIVE,"{'TAKE': 46, 'STOP': 74, 'SESSION_FLAT': 13, 'MAX_HOLD': 4}",Declared conditional M5 model; full fields require full approved-window period coverage; closed diagnostics omit all unknown trades,0.3333333333333333333333333333,0.5616447160002672872438527453,0.2727272727272727272727272727,0.3326337606062923004913016438,-1.142857142857142857142857143,-0.6569400584191210391748232703,0.2857142857142857142857142857,0.4440585360485475737108468572,-0.4324324324324324324324324324,-0.45163082964967376993992221,137,19,58,15.0,5.0,53,0.3868613138686131386861313869,26,26,0.1897810218978102189781021898,25,9,0.06569343065693430656934306569,8,4,0.02919708029197080291970802920,5
VWAP_MR_USDRUBF,ALL,adx_regime,TREND_25_PLUS,117,117,0,False,PARTIAL_COVERAGE,ACCOUNTED,PARTIAL_COVERAGE,False,,,PARTIAL_COVERAGE,PARTIAL_COVERAGE,,,PARTIAL_COVERAGE,,,PARTIAL_COVERAGE,0.4702194357366771159874608150,,0.7972709551656920077972709552,-1.04,2.34,-3.38,-0.02888888888888888888888888889,0.4188034188034188034188034188,3.64,NEGATIVE,"{'TAKE': 49, 'STOP': 55, 'MAX_HOLD': 1, 'SESSION_FLAT': 12}",Declared conditional M5 model; full fields require full approved-window period coverage; closed diagnostics omit all unknown trades,0.4,0.5119133779379403768923702930,0.2857142857142857142857142857,0.3459585600678114078475103013,-0.75,-0.4854760853205531199946709502,0.2222222222222222222222222222,0.3527009654463223463434003551,-0.2926829268292682926829268293,-0.3481071078821383061462605510,117,16,41,10.0,7.5,49,0.4188034188034188034188034188,25,21,0.1794871794871794871794871795,24,4,0.03418803418803418803418803419,7,0,0,5
VWAP_MR_USDRUBF,ALL,di_aligned,False,410,408,2,False,PARTIAL_COVERAGE,UNRESOLVED,UNRESOLVED,False,,,UNRESOLVED,UNRESOLVED,,,UNRESOLVED,,,UNRESOLVED,0.4683908045977011494252873563,,0.8181818181818181818181818182,-2.94,8.16,-11.10,-0.02720588235294117647058823529,0.3946078431372549019607843137,11.42,NEGATIVE,"{'STOP': 216, 'TAKE': 160, 'MAX_HOLD': 11, 'SESSION_FLAT': 21, 'UNKNOWN_PATH_CONDITIONAL_REDUCE_ALL': 2}",Declared conditional M5 model; full fields require full approved-window period coverage; closed diagnostics omit all unknown trades,0.3660287081339712918660287081,0.6032690154426824961981714319,0.3141447368421052631578947368,0.3481584249551892682385349005,-1.117647058823529411764705882,-0.5458680427935409577715359797,0.25,0.4232343506179507740005147417,-0.3280199252801992528019925280,-0.3998667102042020184521340366,408,51,163,10.0,5.0,157,0.3848039215686274509803921569,82,80,0.1960784313725490196078431373,69,23,0.05637254901960784313725490196,37,11,0.02696078431372549019607843137,27
VWAP_MR_USDRUBF,ALL,di_aligned,None,35,35,0,False,PARTIAL_COVERAGE,ACCOUNTED,PARTIAL_COVERAGE,False,,,PARTIAL_COVERAGE,PARTIAL_COVERAGE,,,PARTIAL_COVERAGE,,,PARTIAL_COVERAGE,0.4171779141104294478527607362,,0.7983870967741935483870967742,-0.25,0.70,-0.95,-0.02714285714285714285714285714,0.4285714285714285714285714286,1.10,NEGATIVE,"{'TAKE': 14, 'STOP': 17, 'MAX_HOLD': 4}",Declared conditional M5 model; full fields require full approved-window period coverage; closed diagnostics omit all unknown trades,0.3636363636363636363636363636,0.5990021431220015917052626471,0.2777777777777777777777777778,0.3625325138029693536106627663,-0.7,-0.5064085187504028724727530571,0.2857142857142857142857142857,0.4022552785069370650971712454,-0.4,-0.4062578561724267258131964454,35,6,12,15.0,7.5,11,0.3142857142857142857142857143,11,6,0.1714285714285714285714285714,9,3,0.08571428571428571428571428571,5,1,0.02857142857142857142857142857,3
VWAP_MR_USDRUBF,ALL,di_aligned,True,103,102,1,False,PARTIAL_COVERAGE,UNRESOLVED,UNRESOLVED,False,,,UNRESOLVED,UNRESOLVED,,,UNRESOLVED,,,UNRESOLVED,0.3270223752151462994836488812,,0.5890109890109890109890109890,-1.87,2.04,-3.91,-0.03833333333333333333333333333,0.3431372549019607843137254902,4.04,NEGATIVE,"{'TAKE': 38, 'STOP': 57, 'SESSION_FLAT': 5, 'MAX_HOLD': 2, 'UNKNOWN_PATH_CONDITIONAL_REDUCE_ALL': 1}",Declared conditional M5 model; full fields require full approved-window period coverage; closed diagnostics omit all unknown trades,0.3333333333333333333333333333,0.5718715170988357150693938958,0.3333333333333333333333333333,0.34099973160944803606444922,-1.138095238095238095238095238,-0.6196921481291293289319044246,0.25,0.4051226362983489019346920748,-0.2388059701492537313432835821,-0.3759502153069794207828342258,102,17,39,10.0,5.0,40,0.3921568627450980392156862745,22,18,0.1764705882352941176470588235,24,5,0.04901960784313725490196078431,8,2,0.01960784313725490196078431373,2
VWAP_MR_USDRUBF,ALL,ema_aligned,None,548,545,3,False,PARTIAL_COVERAGE,UNRESOLVED,UNRESOLVED,False,,,UNRESOLVED,UNRESOLVED,,,UNRESOLVED,,,UNRESOLVED,0.4364406779661016949152542373,,0.7695810564663023679417122040,-5.06,10.90,-15.96,-0.02928440366972477064220183486,0.3871559633027522935779816514,16.41,NEGATIVE,"{'STOP': 290, 'TAKE': 212, 'MAX_HOLD': 17, 'SESSION_FLAT': 26, 'UNKNOWN_PATH_CONDITIONAL_REDUCE_ALL': 3}",Declared conditional M5 model; full fields require full approved-window period coverage; closed diagnostics omit all unknown trades,0.3448275862068965517241379310,0.5971187670714968020103051642,0.3125,0.3477417394293299972408610220,-1.117647058823529411764705882,-0.5571505664682568859786922725,0.2678571428571428571428571428,0.4184902372989645100691337985,-0.3186090225563909774436090226,-0.3957796502306143126085196285,545,74,214,10.0,5.0,208,0.3816513761467889908256880734,115,104,0.1908256880733944954128440367,102,31,0.05688073394495412844036697248,50,14,0.02568807339449541284403669725,32
VWAP_MR_USDRUBF,ALL,breakout_entry_class,INSIDE_RANGE,507,504,3,False,PARTIAL_COVERAGE,UNRESOLVED,UNRESOLVED,False,,,UNRESOLVED,UNRESOLVED,,,UNRESOLVED,,,UNRESOLVED,0.4277131055200901239203905370,,0.7522803648583773403744599136,-5.16,10.08,-15.24,-0.03023809523809523809523809524,0.3968253968253968253968253968,15.69,NEGATIVE,"{'STOP': 263, 'TAKE': 201, 'MAX_HOLD': 17, 'SESSION_FLAT': 23, 'UNKNOWN_PATH_CONDITIONAL_REDUCE_ALL': 3}",Declared conditional M5 model; full fields require full approved-window period coverage; closed diagnostics omit all unknown trades,0.3636363636363636363636363636,0.5644854913688995100301830833,0.3333333333333333333333333333,0.3608431648009760301653570714,-1.108187134502923976608187134,-0.5390188712423658408943814298,0.25,0.3850232430748851097674249619,-0.2666666666666666666666666667,-0.3634701527059890880446070243,504,66,192,10.0,5.0,190,0.3769841269841269841269841270,102,91,0.1805555555555555555555555556,89,23,0.04563492063492063492063492063,40,9,0.01785714285714285714285714286,22
VWAP_MR_USDRUBF,ALL,breakout_entry_class,PERSISTENT_LE_1_ATR,41,41,0,False,PARTIAL_COVERAGE,ACCOUNTED,PARTIAL_COVERAGE,False,,,PARTIAL_COVERAGE,PARTIAL_COVERAGE,,,PARTIAL_COVERAGE,,,PARTIAL_COVERAGE,0.5739644970414201183431952663,,1.088495575221238938053097345,0.10,0.82,-0.72,-0.01756097560975609756097560976,0.2682926829268292682926829268,0.76,NEGATIVE,"{'STOP': 27, 'TAKE': 11, 'SESSION_FLAT': 3}",Declared conditional M5 model; full fields require full approved-window period coverage; closed diagnostics omit all unknown trades,0.1818181818181818181818181818,0.9982692781473269278147326927,0,0.1866900714461690071446169007,-1.333333333333333333333333333,-0.7800377468060394889663182346,0.5,0.8323381902650195333122162390,-0.8863636363636363636363636362,-0.7953141684009798944110486549,41,8,22,10.0,0.0,18,0.4390243902439024390243902439,13,13,0.3170731707317073170731707317,13,8,0.1951219512195121951219512195,10,5,0.1219512195121951219512195122,10
VWAP_MR_USDRUBF,ALL,cost_class,NET_RR_GE_1,172,172,0,False,PARTIAL_COVERAGE,ACCOUNTED,PARTIAL_COVERAGE,False,,,PARTIAL_COVERAGE,PARTIAL_COVERAGE,,,PARTIAL_COVERAGE,,,PARTIAL_COVERAGE,0.5396226415094339622641509434,,0.9590316573556797020484171322,-0.22,3.44,-3.66,-0.02127906976744186046511627907,0.2441860465116279069767441860,3.95,NEGATIVE,"{'TAKE': 34, 'STOP': 123, 'MAX_HOLD': 6, 'SESSION_FLAT': 9}",Declared conditional M5 model; full fields require full approved-window period coverage; closed diagnostics omit all unknown trades,0.2538461538461538461538461538,0.9226629211941329444389419913,0,0.2345864997066037457714324301,-1.4,-0.8761571243593887412736861948,0.5,0.7542642477541498349331886674,-0.883181818181818181818181818,-0.9002646316473964762053922145,172,38,106,15.0,0.0,80,0.4651162790697674418604651163,39,65,0.3779069767441860465116279070,33,26,0.1511627906976744186046511628,34,12,0.06976744186046511627906976744,26
VWAP_MR_USDRUBF,ALL,cost_class,NET_RR_LT_1,349,347,2,False,PARTIAL_COVERAGE,UNRESOLVED,UNRESOLVED,False,,,UNRESOLVED,UNRESOLVED,,,UNRESOLVED,,,UNRESOLVED,0.4227344159245678365636458879,,0.7384615384615384615384615385,-4.08,6.94,-11.02,-0.03175792507204610951008645533,0.4870317002881844380403458213,11.25,NEGATIVE,"{'STOP': 158, 'TAKE': 161, 'SESSION_FLAT': 17, 'MAX_HOLD': 11, 'UNKNOWN_PATH_CONDITIONAL_REDUCE_ALL': 2}",Declared conditional M5 model; full fields require full approved-window period coverage; closed diagnostics omit all unknown trades,0.375,0.4643765131210931847163191251,0.3846153846153846153846153846,0.4011379654400662031053346758,-0.1666666666666666666666666667,-0.4043611271272706545737493963,0.2222222222222222222222222222,0.2659770347862592956879402767,-0.1621621621621621621621621622,-0.1834157804146435079898213655,347,35,102,10.0,10.0,125,0.3602305475504322766570605187,71,38,0.1095100864553314121037463977,66,5,0.01440922190201729106628242075,16,2,0.005763688760806916426512968300,6
VWAP_MR_USDRUBF,ALL,cost_class,TARGET_CANNOT_PAY_C1,27,26,1,False,PARTIAL_COVERAGE,UNRESOLVED,UNRESOLVED,False,,,UNRESOLVED,UNRESOLVED,,,UNRESOLVED,,,UNRESOLVED,0E+2,,0.2323232323232323232323232323,-0.76,0.52,-1.28,-0.04923076923076923076923076923,0,1.28,NEGATIVE,"{'TAKE': 17, 'UNKNOWN_PATH_CONDITIONAL_REDUCE_ALL': 1, 'STOP': 9}",Declared conditional M5 model; full fields require full approved-window period coverage; closed diagnostics omit all unknown trades,0.125,0.2151175213675213675213675213,0.3750000000000000000000000000,0.3836729242979242979242979243,-0.125,-0.4859508547008547008547008546,0.2222222222222222222222222222,0.2508597883597883597883597883,0E+28,0.07297687709948647727060598185,26,1,6,,5.0,3,0.1153846153846153846153846154,5,1,0.03846153846153846153846153846,3,0,0,0,0,0,0
VWAP_MR_USDRUBF,LONG,ALL,ALL,272,270,2,False,PARTIAL_COVERAGE,UNRESOLVED,UNRESOLVED,False,,,UNRESOLVED,UNRESOLVED,,,UNRESOLVED,,,UNRESOLVED,0.4453180843459614010007147963,,0.7840805123513266239707227813,-2.36,5.40,-7.76,-0.02874074074074074074074074074,0.3962962962962962962962962963,7.95,NEGATIVE,"{'MAX_HOLD': 9, 'STOP': 139, 'TAKE': 109, 'SESSION_FLAT': 13, 'UNKNOWN_PATH_CONDITIONAL_REDUCE_ALL': 2}",Declared conditional M5 model; full fields require full approved-window period coverage; closed diagnostics omit all unknown trades,0.3333333333333333333333333333,0.5449443021537329130694470726,0.3100961538461538461538461538,0.3309038338493458069892762762,-1.105263157894736842105263158,-0.5290793126983394852556247078,0.25,0.3866805233403107493516304772,-0.3280199252801992528019925280,-0.3828101546649949163031569184,270,33,109,10.0,5.0,97,0.3592592592592592592592592593,58,49,0.1814814814814814814814814815,48,11,0.04074074074074074074074074074,23,5,0.01851851851851851851851851852,16
VWAP_MR_USDRUBF,LONG,exit_reason,MAX_HOLD,9,9,0,False,PARTIAL_COVERAGE,ACCOUNTED,PARTIAL_COVERAGE,False,,,PARTIAL_COVERAGE,PARTIAL_COVERAGE,,,PARTIAL_COVERAGE,,,PARTIAL_COVERAGE,0.5882352941176470588235294118,,2.222222222222222222222222222,0.11,0.18,-0.07,-0.007777777777777777777777777778,0.4444444444444444444444444444,0.15,NEGATIVE,{'MAX_HOLD': 9},Declared conditional M5 model; full fields require full approved-window period coverage; closed diagnostics omit all unknown trades,0.5333333333333333333333333333,0.7780543530543530543530543531,0.375,0.4978354978354978354978354978,0,-0.01670274170274170274170274171,0.1428571428571428571428571429,0.1904401154401154401154401154,-0.2608695652173913043478260870,-0.2706041222295178366836207079,9,2,0,60.0,60.0,6,0.6666666666666666666666666667,0,3,0.3333333333333333333333333333,0,0,0,0,0,0,0
VWAP_MR_USDRUBF,LONG,exit_reason,SESSION_FLAT,13,13,0,False,PARTIAL_COVERAGE,ACCOUNTED,PARTIAL_COVERAGE,False,,,PARTIAL_COVERAGE,PARTIAL_COVERAGE,,,PARTIAL_COVERAGE,,,PARTIAL_COVERAGE,0.8979591836734693877551020408,,1.617647058823529411764705882,0.21,0.26,-0.05,-0.003846153846153846153846153846,0.3846153846153846153846153846,0.25,NEGATIVE,{'SESSION_FLAT': 13},Declared conditional M5 model; full fields require full approved-window period coverage; closed diagnostics omit all unknown trades,0.6666666666666666666666666667,1.000659866449340133550659867,0.5833333333333333333333333333,0.5810426415689573584310426415,-0.3333333333333333333333333333,-0.007152496626180836707152496577,0.25,0.2542010620957989379042010622,-0.4186046511627906976744186046,-0.4094655549707429217917646972,13,6,0,30.0,22.5,9,0.6923076923076923076923076923,0,3,0.2307692307692307692307692308,0,2,0.1538461538461538461538461538,0,1,0.07692307692307692307692307692,0
VWAP_MR_USDRUBF,LONG,exit_reason,STOP,139,139,0,False,PARTIAL_COVERAGE,ACCOUNTED,PARTIAL_COVERAGE,False,,,PARTIAL_COVERAGE,PARTIAL_COVERAGE,,,PARTIAL_COVERAGE,,,PARTIAL_COVERAGE,0E+2,,0E+2,-10.50,2.78,-13.28,-0.09553956834532374100719424460,0,13.28,NEGATIVE,{'STOP': 139},Declared conditional M5 model; full fields require full approved-window period coverage; closed diagnostics omit all unknown trades,0,0.3455247276772100256965615450,0.3333333333333333333333333333,0.3373008095226450573132979529,-1.285714285714285714285714286,-1.512852014884166252854583923,0.2857142857142857142857142857,0.5128520148841662528545839235,-0.5538461538461538461538461538,-0.5543844266927481449045205083,139,25,109,,5.0,25,0.1798561151079136690647482014,17,17,0.1223021582733812949640287770,13,3,0.02158273381294964028776978417,9,3,0.02158273381294964028776978417,8
VWAP_MR_USDRUBF,LONG,exit_reason,TAKE,109,109,0,False,PARTIAL_COVERAGE,ACCOUNTED,PARTIAL_COVERAGE,False,,,PARTIAL_COVERAGE,PARTIAL_COVERAGE,,,PARTIAL_COVERAGE,,,PARTIAL_COVERAGE,113.8,,,7.82,2.18,5.64,0.05174311926605504587155963303,0.8990825688073394495412844037,0.02,POSITIVE,{'TAKE': 109},Declared conditional M5 model; full fields require full approved-window period coverage; closed diagnostics omit all unknown trades,0.5,0.7256509815875696672623173158,0.25,0.2791298054565117315731385808,0.4090909090909090909090909091,0.6209020437780960947673101013,0.2,0.2592022918753336740866394675,0E+27,-0.1735371340678241468166386912,109,0,0,10.0,5.0,57,0.5229357798165137614678899083,41,26,0.2385321100917431192660550459,35,6,0.05504587155963302752293577982,14,1,0.009174311926605504587155963303,8
VWAP_MR_USDRUBF,LONG,exit_reason,UNKNOWN_PATH_CONDITIONAL_REDUCE_ALL,2,0,2,False,PARTIAL_COVERAGE,UNRESOLVED,UNRESOLVED,False,,,UNRESOLVED,UNRESOLVED,,,UNRESOLVED,,,UNRESOLVED,,NO_CLOSED_TRADES,,,,,,,,NO_CLOSED_TRADES,{'UNKNOWN_PATH_CONDITIONAL_REDUCE_ALL': 2},Declared conditional M5 model; full fields require full approved-window period coverage; closed diagnostics omit all unknown trades,,,,,,,0.3095238095238095238095238095,0.3095238095238095238095238095,-0.1954449152542372881355932204,-0.1954449152542372881355932204,0,0,0,,,0,,0,0,,0,0,,0,0,,0
VWAP_MR_USDRUBF,LONG,time_bucket,11:00,22,22,0,False,PARTIAL_COVERAGE,ACCOUNTED,PARTIAL_COVERAGE,False,,,PARTIAL_COVERAGE,PARTIAL_COVERAGE,,,PARTIAL_COVERAGE,,,PARTIAL_COVERAGE,0.4434782608695652173913043478,,0.7777777777777777777777777778,-0.20,0.44,-0.64,-0.02909090909090909090909090909,0.4090909090909090909090909091,0.84,NEGATIVE,"{'STOP': 11, 'TAKE': 8, 'MAX_HOLD': 3}",Declared conditional M5 model; full fields require full approved-window period coverage; closed diagnostics omit all unknown trades,0.275,0.3240880077954381359954115373,0.3380952380952380952380952381,0.4078936221157583386685553868,-0.658823529411764705882352941,-0.4990732392822176103909850041,0.2,0.2490281089739294073659398737,-0.3330177514792899408284023669,-0.3462363885218890025693167125,22,1,10,35.0,10.0,4,0.1818181818181818181818181818,4,1,0.04545454545454545454545454545,2,0,0,0,0,0,0
VWAP_MR_USDRUBF,LONG,time_bucket,11:30,33,32,1,False,PARTIAL_COVERAGE,UNRESOLVED,UNRESOLVED,False,,,UNRESOLVED,UNRESOLVED,,,UNRESOLVED,,,UNRESOLVED,0.2871287128712871287128712871,,0.5,-0.80,0.64,-1.44,-0.045,0.34375,1.60,NEGATIVE,"{'MAX_HOLD': 3, 'TAKE': 10, 'STOP': 19, 'UNKNOWN_PATH_CONDITIONAL_REDUCE_ALL': 1}",Declared conditional M5 model; full fields require full approved-window period coverage; closed diagnostics omit all unknown trades,0.4523809523809523809523809524,0.5230965215340215340215340216,0.1602564102564102564102564102,0.2732831838300588300588300588,-1.118055555555555555555555556,-0.6643801510989010989010989009,0.25,0.3639496866769594042321315048,-0.4705882352941176470588235294,-0.4385070686886833847545072855,32,7,13,5.0,5.0,16,0.5,4,8,0.25,5,0,0,2,0,0,2
VWAP_MR_USDRUBF,LONG,time_bucket,12:00,34,34,0,False,PARTIAL_COVERAGE,ACCOUNTED,PARTIAL_COVERAGE,False,,,PARTIAL_COVERAGE,PARTIAL_COVERAGE,,,PARTIAL_COVERAGE,,,PARTIAL_COVERAGE,0.6211180124223602484472049689,,1.055118110236220472440944882,0.07,0.68,-0.61,-0.01794117647058823529411764706,0.5,0.77,NEGATIVE,"{'STOP': 16, 'TAKE': 17, 'MAX_HOLD': 1}",Declared conditional M5 model; full fields require full approved-window period coverage; closed diagnostics omit all unknown trades,0.2613636363636363636363636364,0.5158539258224612915688430565,0.45,0.4151865728608897272243617647,-0.1875,-0.3122700416759172984775353871,0.25,0.3368446327979912580800991085,-0.2600938967136150234741784038,-0.3193836079227346533099782885,34,3,12,10.0,5.0,11,0.3235294117647058823529411765,8,8,0.2352941176470588235294117647,4,2,0.05882352941176470588235294118,2,0,0,4
VWAP_MR_USDRUBF,LONG,time_bucket,12:30,20,20,0,False,PARTIAL_COVERAGE,ACCOUNTED,PARTIAL_COVERAGE,False,,,PARTIAL_COVERAGE,PARTIAL_COVERAGE,,,PARTIAL_COVERAGE,,,PARTIAL_COVERAGE,0.2276422764227642276422764228,,0.4444444444444444444444444444,-0.55,0.40,-0.95,-0.0475,0.35,1.02,NEGATIVE,"{'TAKE': 8, 'STOP': 12}",Declared conditional M5 model; full fields require full approved-window period coverage; closed diagnostics omit all unknown trades,0.2833333333333333333333333334,0.3732034632034632034632034632,0.3000000000000000000000000000,0.355089126559714795008912656,-1.138095238095238095238095238,-0.660189712248535777947542653,0.2678571428571428571428571428,0.3068563789152024446142093200,-0.2128060263653483992467043314,-0.2225150117726948500575441378,20,3,7,10.0,7.5,7,0.35,4,3,0.15,5,0,0,0,0,0,0
VWAP_MR_USDRUBF,LONG,time_bucket,13:00,24,24,0,False,PARTIAL_COVERAGE,ACCOUNTED,PARTIAL_COVERAGE,False,,,PARTIAL_COVERAGE,PARTIAL_COVERAGE,,,PARTIAL_COVERAGE,,,PARTIAL_COVERAGE,0.4587155963302752293577981651,,0.8552631578947368421052631579,-0.11,0.48,-0.59,-0.02458333333333333333333333333,0.25,0.60,NEGATIVE,"{'SESSION_FLAT': 6, 'STOP': 11, 'TAKE': 7}",Declared conditional M5 model; full fields require full approved-window period coverage; closed diagnostics omit all unknown trades,0.5,0.7117882696007696007696007696,0.3030303030303030303030303030,0.3575652356902356902356902357,-0.9545454545454545454545454545,-0.6123459295334295334295334292,0.2857142857142857142857142857,0.4614673520923520923520923521,-0.3712801133679735474728389230,-0.4401286547016545875833581254,24,7,9,10.0,10.0,13,0.5416666666666666666666666667,2,5,0.2083333333333333333333333333,3,3,0.125,2,1,0.04166666666666666666666666667,2
VWAP_MR_USDRUBF,LONG,time_bucket,15:00,7,7,0,False,PARTIAL_COVERAGE,ACCOUNTED,PARTIAL_COVERAGE,False,,,PARTIAL_COVERAGE,PARTIAL_COVERAGE,,,PARTIAL_COVERAGE,,,PARTIAL_COVERAGE,3.444444444444444444444444444,,6.142857142857142857142857143,0.36,0.14,0.22,0.03142857142857142857142857143,0.8571428571428571428571428571,0.09,POSITIVE,"{'TAKE': 6, 'STOP': 1}",Declared conditional M5 model; full fields require full approved-window period coverage; closed diagnostics omit all unknown trades,0.5,0.974489795918367346938775510,0.1666666666666666666666666667,0.366496598639455782312925170,0.75,0.6615646258503401360544217687,0.3333333333333333333333333333,0.370181405895691609977324263,-0.4,-0.428423348405072437969178755,7,1,0,15.0,45.0,4,0.5714285714285714285714285714,3,3,0.4285714285714285714285714286,4,1,0.1428571428571428571428571429,3,0,0,1
VWAP_MR_USDRUBF,LONG,time_bucket,15:30,25,25,0,False,PARTIAL_COVERAGE,ACCOUNTED,PARTIAL_COVERAGE,False,,,PARTIAL_COVERAGE,PARTIAL_COVERAGE,,,PARTIAL_COVERAGE,,,PARTIAL_COVERAGE,0.3424657534246575342465753425,,0.6101694915254237288135593220,-0.46,0.50,-0.96,-0.0384,0.36,0.99,NEGATIVE,"{'STOP': 13, 'TAKE': 12}",Declared conditional M5 model; full fields require full approved-window period coverage; closed diagnostics omit all unknown trades,0.3846153846153846153846153846,1.065488894146788883630988894,0.3076923076923076923076923077,0.3202748056037529721740248056,-1.0625,-0.4526049827365616839301049828,0.2222222222222222222222222222,0.4862784788311104100577784788,0E+27,-0.2841352446594572805758566684,25,2,10,5.0,5.0,9,0.36,6,5,0.2,4,3,0.12,3,3,0.12,1
VWAP_MR_USDRUBF,LONG,time_bucket,16:00,20,20,0,False,PARTIAL_COVERAGE,ACCOUNTED,PARTIAL_COVERAGE,False,,,PARTIAL_COVERAGE,PARTIAL_COVERAGE,,,PARTIAL_COVERAGE,,,PARTIAL_COVERAGE,1.479166666666666666666666667,,2.852941176470588235294117647,0.63,0.40,0.23,0.0115,0.6,0.24,POSITIVE,"{'TAKE': 13, 'STOP': 7}",Declared conditional M5 model; full fields require full approved-window period coverage; closed diagnostics omit all unknown trades,0.1785714285714285714285714286,0.3055323565323565323565323566,0.09142857142857142857142857145,0.2106614774114774114774114774,0.1339285714285714285714285714,-0.4501825119325119325119325120,0.2857142857142857142857142857,0.560245698745698745698745699,-0.2933810375670840787119856888,-0.3901793407183398242244162380,20,0,7,10.0,0.0,5,0.25,8,2,0.1,6,0,0,3,0,0,1
VWAP_MR_USDRUBF,LONG,time_bucket,16:30,20,19,1,False,PARTIAL_COVERAGE,UNRESOLVED,UNRESOLVED,False,,,UNRESOLVED,UNRESOLVED,,,UNRESOLVED,,,UNRESOLVED,0.2605042016806722689075630252,,0.4845360824742268041237113402,-0.50,0.38,-0.88,-0.04631578947368421052631578947,0.3684210526315789473684210526,0.88,NEGATIVE,"{'STOP': 11, 'TAKE': 7, 'MAX_HOLD': 1, 'UNKNOWN_PATH_CONDITIONAL_REDUCE_ALL': 1}",Declared conditional M5 model; full fields require full approved-window period coverage; closed diagnostics omit all unknown trades,0.3333333333333333333333333333,0.4422360726377346875961834411,0.4,0.3759224557782485108540184311,-1.117647058823529411764705882,-0.6393944096567528211654006016,0.25,0.387980244729470735662686127,-0.4628854625550660792951541850,-0.4277434360081386185605104333,19,2,9,15.0,5.0,5,0.2631578947368421052631578947,8,3,0.1578947368421052631578947368,2,0,0,2,0,0,2
VWAP_MR_USDRUBF,LONG,time_bucket,17:00,28,28,0,False,PARTIAL_COVERAGE,ACCOUNTED,PARTIAL_COVERAGE,False,,,PARTIAL_COVERAGE,PARTIAL_COVERAGE,,,PARTIAL_COVERAGE,,,PARTIAL_COVERAGE,0.5,,0.8846153846153846153846153846,-0.12,0.56,-0.68,-0.02428571428571428571428571429,0.3571428571428571428571428571,1.00,NEGATIVE,"{'TAKE': 11, 'MAX_HOLD': 1, 'STOP': 16}",Declared conditional M5 model; full fields require full approved-window period coverage; closed diagnostics omit all unknown trades,0.3875,0.5318924340070956612309995771,0.3229166666666666666666666666,0.3581873718386876281613123718,-1.211111111111111111111111111,-0.6017688295413859323633759725,0.2857142857142857142857142857,0.3523009363234927144701580792,-0.4946357989836250705815923207,-0.4651747090714029761711807521,28,4,10,7.5,7.5,11,0.3928571428571428571428571429,6,7,0.25,5,0,0,4,0,0,1
VWAP_MR_USDRUBF,LONG,time_bucket,17:30,19,19,0,False,PARTIAL_COVERAGE,ACCOUNTED,PARTIAL_COVERAGE,False,,,PARTIAL_COVERAGE,PARTIAL_COVERAGE,,,PARTIAL_COVERAGE,,,PARTIAL_COVERAGE,0.4862385321100917431192660550,,0.7882352941176470588235294118,-0.18,0.38,-0.56,-0.02947368421052631578947368421,0.3684210526315789473684210526,0.70,NEGATIVE,"{'SESSION_FLAT': 3, 'TAKE': 6, 'STOP': 10}",Declared conditional M5 model; full fields require full approved-window period coverage; closed diagnostics omit all unknown trades,0.4285714285714285714285714286,0.5200482266271739955950482267,0.1428571428571428571428571429,0.299219640009113693324219640,-1.142857142857142857142857143,-0.5790479987848408901040479989,0.2,0.2667995746943115364167995747,-0.3025210084033613445378151260,-0.3194999371094510977997433343,19,3,10,5.0,2.5,6,0.3157894736842105263157894737,3,3,0.1578947368421052631578947368,2,1,0.05263157894736842105263157895,1,0,0,1
VWAP_MR_USDRUBF,LONG,time_bucket,18:00,20,20,0,False,PARTIAL_COVERAGE,ACCOUNTED,PARTIAL_COVERAGE,False,,,PARTIAL_COVERAGE,PARTIAL_COVERAGE,,,PARTIAL_COVERAGE,,,PARTIAL_COVERAGE,0.2622950819672131147540983607,,0.4791666666666666666666666667,-0.50,0.40,-0.90,-0.045,0.3,0.97,NEGATIVE,"{'SESSION_FLAT': 4, 'STOP': 12, 'TAKE': 4}",Declared conditional M5 model; full fields require full approved-window period coverage; closed diagnostics omit all unknown trades,0.03571428571428571428571428572,0.4217113807245386192754613807,0.125,0.2091549897470950102529049898,-1.148351648351648351648351648,-0.8203302472381419749840802465,0.2361111111111111111111111111,0.5188356964672754146438356965,-0.4604404318916610748490209236,-0.5303903444036780019238424175,20,0,12,17.5,0.0,6,0.3,2,1,0.05,6,1,0.05,1,1,0.05,1
VWAP_MR_USDRUBF,LONG,session_half,AM,133,132,1,False,PARTIAL_COVERAGE,UNRESOLVED,UNRESOLVED,False,,,UNRESOLVED,UNRESOLVED,,,UNRESOLVED,,,UNRESOLVED,0.4042253521126760563380281690,,0.7119565217391304347826086957,-1.59,2.64,-4.23,-0.03204545454545454545454545455,0.3787878787878787878787878788,4.31,NEGATIVE,"{'MAX_HOLD': 7, 'STOP': 69, 'SESSION_FLAT': 6, 'TAKE': 50, 'UNKNOWN_PATH_CONDITIONAL_REDUCE_ALL': 1}",Declared conditional M5 model; full fields require full approved-window period coverage; closed diagnostics omit all unknown trades,0.3333333333333333333333333333,0.4996594399472708066792673799,0.3333333333333333333333333333,0.35998797904650582730343863,-1.114379084967320261437908496,-0.5360382884100593568403991929,0.25,0.3470227037700624750764570632,-0.3243243243243243243243243243,-0.3606042438486819178128905840,132,21,51,10.0,5.0,51,0.3863636363636363636363636364,22,25,0.1893939393939393939393939394,19,5,0.03787878787878787878787878788,6,1,0.007575757575757575757575757576,8
VWAP_MR_USDRUBF,LONG,session_half,PM,139,138,1,False,PARTIAL_COVERAGE,UNRESOLVED,UNRESOLVED,False,,,UNRESOLVED,UNRESOLVED,,,UNRESOLVED,,,UNRESOLVED,0.4876632801161103047895500726,,0.8576709796672828096118299445,-0.77,2.76,-3.53,-0.02557971014492753623188405797,0.4130434782608695652173913043,3.73,NEGATIVE,"{'TAKE': 59, 'STOP': 70, 'SESSION_FLAT': 7, 'MAX_HOLD': 2, 'UNKNOWN_PATH_CONDITIONAL_REDUCE_ALL': 1}",Declared conditional M5 model; full fields require full approved-window period coverage; closed diagnostics omit all unknown trades,0.3333333333333333333333333333,0.5882602573077401452687493875,0.25,0.3030842167042362223409470683,-1.076704545454545454545454546,-0.5224229011479987385223621594,0.25,0.4246264945837857168235589956,-0.3582089552238805970149253732,-0.4040575369568627493909657136,138,12,58,10.0,5.0,46,0.3333333333333333333333333333,36,24,0.1739130434782608695652173913,29,6,0.04347826086956521739130434783,17,4,0.02898550724637681159420289855,8
VWAP_MR_USDRUBF,LONG,net_outcome,LOSS,156,156,0,False,PARTIAL_COVERAGE,ACCOUNTED,PARTIAL_COVERAGE,False,,,PARTIAL_COVERAGE,PARTIAL_COVERAGE,,,PARTIAL_COVERAGE,,,PARTIAL_COVERAGE,0E+2,,0.005489478499542543458371454712,-10.87,3.12,-13.99,-0.08967948717948717948717948718,0,13.99,NEGATIVE,"{'STOP': 139, 'SESSION_FLAT': 8, 'TAKE': 5, 'MAX_HOLD': 4}",Declared conditional M5 model; full fields require full approved-window period coverage; closed diagnostics omit all unknown trades,0.0625,0.3592516759148695323975152503,0.3571428571428571428571428571,0.3593907318309705782913689558,-1.285714285714285714285714286,-1.393249184887819086437805179,0.2857142857142857142857142857,0.4816301143871696384199361099,-0.5373134328358208955223880595,-0.5143018495942880448934916161,156,33,109,,5.0,33,0.2115384615384615384615384615,19,19,0.1217948717948717948717948718,13,3,0.01923076923076923076923076923,9,3,0.01923076923076923076923076923,8
VWAP_MR_USDRUBF,LONG,net_outcome,UNKNOWN,2,0,2,False,PARTIAL_COVERAGE,UNRESOLVED,UNRESOLVED,False,,,UNRESOLVED,UNRESOLVED,,,UNRESOLVED,,,UNRESOLVED,,NO_CLOSED_TRADES,,,,,,,,NO_CLOSED_TRADES,{'UNKNOWN_PATH_CONDITIONAL_REDUCE_ALL': 2},Declared conditional M5 model; full fields require full approved-window period coverage; closed diagnostics omit all unknown trades,,,,,,,0.3095238095238095238095238095,0.3095238095238095238095238095,-0.1954449152542372881355932204,-0.1954449152542372881355932204,0,0,0,,,0,,0,0,,0,0,,0,0,,0
VWAP_MR_USDRUBF,LONG,net_outcome,WIN,107,107,0,False,PARTIAL_COVERAGE,ACCOUNTED,PARTIAL_COVERAGE,False,,,PARTIAL_COVERAGE,PARTIAL_COVERAGE,,,PARTIAL_COVERAGE,,,PARTIAL_COVERAGE,,NO_LOSSES,,8.37,2.14,6.23,0.05822429906542056074766355140,1,0,POSITIVE,"{'MAX_HOLD': 4, 'TAKE': 98, 'SESSION_FLAT': 5}",Declared conditional M5 model; full fields require full approved-window period coverage; closed diagnostics omit all unknown trades,0.5789473684210526315789473684,0.8292318808401808465967237540,0.25,0.2898523366477664046046603415,0.4444444444444444444444444444,0.6962192375135337987409246418,0.2,0.2590300673138201742320735452,-0.1578947368421052631578947369,-0.2215554345626030607734251492,107,0,0,10.0,,61,0.5700934579439252336448598131,37,30,0.2803738317757009345794392523,33,8,0.07476635514018691588785046729,14,2,0.01869158878504672897196261682,8
VWAP_MR_USDRUBF,LONG,net_outcome,ZERO,7,7,0,False,PARTIAL_COVERAGE,ACCOUNTED,PARTIAL_COVERAGE,False,,,PARTIAL_COVERAGE,PARTIAL_COVERAGE,,,PARTIAL_COVERAGE,,,PARTIAL_COVERAGE,,NO_LOSSES,,0.14,0.14,0.00,0.00,0,0,ZERO_NET,"{'MAX_HOLD': 1, 'TAKE': 6}",Declared conditional M5 model; full fields require full approved-window period coverage; closed diagnostics omit all unknown trades,0.3333333333333333333333333333,0.3376984126984126984126984127,0.25,0.3235544217687074829931972789,0,0,0.2222222222222222222222222222,0.2439342403628117913832199546,0E+28,0.02914968521961712113624109433,7,0,0,,,3,0.4285714285714285714285714286,2,0,0,2,0,0,0,0,0,0
VWAP_MR_USDRUBF,LONG,adx_regime,NOT_READY,148,146,2,False,PARTIAL_COVERAGE,UNRESOLVED,UNRESOLVED,False,,,UNRESOLVED,UNRESOLVED,,,UNRESOLVED,,,UNRESOLVED,0.4852150537634408602150537634,,0.8449744463373083475298126065,-0.91,2.92,-3.83,-0.02623287671232876712328767123,0.4383561643835616438356164384,3.91,NEGATIVE,"{'MAX_HOLD': 7, 'STOP': 72, 'TAKE': 66, 'SESSION_FLAT': 1, 'UNKNOWN_PATH_CONDITIONAL_REDUCE_ALL': 2}",Declared conditional M5 model; full fields require full approved-window period coverage; closed diagnostics omit all unknown trades,0.3166666666666666666666666666,0.5621986154169867754358006366,0.3153409090909090909090909091,0.3374704921550758487457871765,-0.6666666666666666666666666665,-0.4522599963617993663151753349,0.25,0.3854504564383922305580671445,-0.2492095429721184248347226214,-0.3584993029114853600549988032,146,15,56,10.0,5.0,50,0.3424657534246575342465753425,33,27,0.1849315068493150684931506849,25,6,0.04109589041095890410958904110,13,3,0.02054794520547945205479452055,9
VWAP_MR_USDRUBF,LONG,adx_regime,SUB_25,60,60,0,False,PARTIAL_COVERAGE,ACCOUNTED,PARTIAL_COVERAGE,False,,,PARTIAL_COVERAGE,PARTIAL_COVERAGE,,,PARTIAL_COVERAGE,,,PARTIAL_COVERAGE,0.2996742671009771986970684039,,0.5814977973568281938325991189,-0.95,1.20,-2.15,-0.03583333333333333333333333333,0.2833333333333333333333333333,2.24,NEGATIVE,"{'SESSION_FLAT': 6, 'STOP': 36, 'TAKE': 17, 'MAX_HOLD': 1}",Declared conditional M5 model; full fields require full approved-window period coverage; closed diagnostics omit all unknown trades,0.225,0.5274973734842155894787473735,0.3000000000000000000000000000,0.309288847117794486215538847,-1.2,-0.7508098212703475861370598212,0.3333333333333333333333333333,0.4606721348826611984506721348,-0.5082922456297624383684446435,-0.4880231079984152411873253178,60,9,31,15.0,5.0,21,0.35,13,11,0.1833333333333333333333333333,11,4,0.06666666666666666666666666667,4,2,0.03333333333333333333333333333,3
VWAP_MR_USDRUBF,LONG,adx_regime,TREND_25_PLUS,64,64,0,False,PARTIAL_COVERAGE,ACCOUNTED,PARTIAL_COVERAGE,False,,,PARTIAL_COVERAGE,PARTIAL_COVERAGE,,,PARTIAL_COVERAGE,,,PARTIAL_COVERAGE,0.4885057471264367816091954023,,0.8207885304659498207885304659,-0.50,1.28,-1.78,-0.0278125,0.40625,2.11,NEGATIVE,"{'TAKE': 26, 'STOP': 31, 'MAX_HOLD': 1, 'SESSION_FLAT': 6}",Declared conditional M5 model; full fields require full approved-window period coverage; closed diagnostics omit all unknown trades,0.4128787878787878787878787879,0.5219393956496075304124839728,0.25,0.336187694650228512457614625,-0.9545454545454545454545454545,-0.4964510263048140370121794267,0.2222222222222222222222222222,0.3201579172300437780313941302,-0.3228764478764478764478764478,-0.3403918555949042105481146861,64,9,22,10.0,10.0,26,0.40625,12,11,0.171875,12,1,0.015625,6,0,0,4
VWAP_MR_USDRUBF,LONG,di_aligned,False,206,205,1,False,PARTIAL_COVERAGE,UNRESOLVED,UNRESOLVED,False,,,UNRESOLVED,UNRESOLVED,,,UNRESOLVED,,,UNRESOLVED,0.4472455648926237161531279178,,0.7828162291169451073985680191,-1.82,4.10,-5.92,-0.02887804878048780487804878049,0.4,6.11,NEGATIVE,"{'MAX_HOLD': 6, 'STOP': 107, 'SESSION_FLAT': 12, 'TAKE': 80, 'UNKNOWN_PATH_CONDITIONAL_REDUCE_ALL': 1}",Declared conditional M5 model; full fields require full approved-window period coverage; closed diagnostics omit all unknown trades,0.3333333333333333333333333333,0.5452348291262730063868647332,0.3333333333333333333333333333,0.3423431275364839938741163013,-1.105263157894736842105263158,-0.5742648898510912569200951239,0.25,0.3954209489596378683621409909,-0.3412398921832884097035040432,-0.3974477428677855273578736989,205,24,83,10.0,5.0,75,0.3658536585365853658536585366,41,37,0.1804878048780487804878048780,33,9,0.04390243902439024390243902439,17,4,0.01951219512195121951219512195,15
VWAP_MR_USDRUBF,LONG,di_aligned,None,20,20,0,False,PARTIAL_COVERAGE,ACCOUNTED,PARTIAL_COVERAGE,False,,,PARTIAL_COVERAGE,PARTIAL_COVERAGE,,,PARTIAL_COVERAGE,,,PARTIAL_COVERAGE,0.4712643678160919540229885057,,0.9117647058823529411764705882,-0.06,0.40,-0.46,-0.023,0.5,0.57,NEGATIVE,"{'TAKE': 10, 'STOP': 8, 'MAX_HOLD': 2}",Declared conditional M5 model; full fields require full approved-window period coverage; closed diagnostics omit all unknown trades,0.3666666666666666666666666666,0.5292845471521942110177404295,0.2111111111111111111111111111,0.3596621148459383753501400560,0.0125,-0.1888783846872082166199813259,0.2678571428571428571428571428,0.2941561624649859943977591036,-0.4130177514792899408284023669,-0.3748063247785471843326840424,20,2,6,15.0,7.5,6,0.3,5,3,0.15,5,1,0.05,3,0,0,1
VWAP_MR_USDRUBF,LONG,di_aligned,True,46,45,1,False,PARTIAL_COVERAGE,UNRESOLVED,UNRESOLVED,False,,,UNRESOLVED,UNRESOLVED,,,UNRESOLVED,,,UNRESOLVED,0.4273858921161825726141078838,,0.7433155080213903743315508021,-0.48,0.90,-1.38,-0.03066666666666666666666666667,0.3333333333333333333333333333,1.46,NEGATIVE,"{'TAKE': 19, 'STOP': 24, 'SESSION_FLAT': 1, 'MAX_HOLD': 1, 'UNKNOWN_PATH_CONDITIONAL_REDUCE_ALL': 1}",Declared conditional M5 model; full fields require full approved-window period coverage; closed diagnostics omit all unknown trades,0.25,0.5505806815017341333130806818,0.25,0.2660100377205640363535100376,-1.125,-0.474434318118528644844434318,0.2361111111111111111111111111,0.3877666002952044141975492089,-0.2128060263653483992467043314,-0.3207391422292142372191960654,45,7,20,10.0,5.0,16,0.3555555555555555555555555556,12,9,0.2,10,1,0.02222222222222222222222222222,3,1,0.02222222222222222222222222222,0
VWAP_MR_USDRUBF,LONG,ema_aligned,None,272,270,2,False,PARTIAL_COVERAGE,UNRESOLVED,UNRESOLVED,False,,,UNRESOLVED,UNRESOLVED,,,UNRESOLVED,,,UNRESOLVED,0.4453180843459614010007147963,,0.7840805123513266239707227813,-2.36,5.40,-7.76,-0.02874074074074074074074074074,0.3962962962962962962962962963,7.95,NEGATIVE,"{'MAX_HOLD': 9, 'STOP': 139, 'TAKE': 109, 'SESSION_FLAT': 13, 'UNKNOWN_PATH_CONDITIONAL_REDUCE_ALL': 2}",Declared conditional M5 model; full fields require full approved-window period coverage; closed diagnostics omit all unknown trades,0.3333333333333333333333333333,0.5449443021537329130694470726,0.3100961538461538461538461538,0.3309038338493458069892762762,-1.105263157894736842105263158,-0.5290793126983394852556247078,0.25,0.3866805233403107493516304772,-0.3280199252801992528019925280,-0.3828101546649949163031569184,270,33,109,10.0,5.0,97,0.3592592592592592592592592593,58,49,0.1814814814814814814814814815,48,11,0.04074074074074074074074074074,23,5,0.01851851851851851851851851852,16
VWAP_MR_USDRUBF,LONG,breakout_entry_class,INSIDE_RANGE,246,244,2,False,PARTIAL_COVERAGE,UNRESOLVED,UNRESOLVED,False,,,UNRESOLVED,UNRESOLVED,,,UNRESOLVED,,,UNRESOLVED,0.4300077339520494972931167827,,0.7556427870461236506378802748,-2.49,4.88,-7.37,-0.03020491803278688524590163934,0.4016393442622950819672131148,7.56,NEGATIVE,"{'MAX_HOLD': 9, 'STOP': 124, 'TAKE': 100, 'SESSION_FLAT': 11, 'UNKNOWN_PATH_CONDITIONAL_REDUCE_ALL': 2}",Declared conditional M5 model; full fields require full approved-window period coverage; closed diagnostics omit all unknown trades,0.3333333333333333333333333333,0.5029552159533565477043517238,0.3333333333333333333333333333,0.3432701804434928556393175552,-1.093073593073593073593073593,-0.5369211299114464379520021,0.25,0.3463629144379639308871815626,-0.3051066580478345184227537168,-0.3495440963872126559220691527,244,29,96,10.0,5.0,85,0.3483606557377049180327868852,50,41,0.1680327868852459016393442623,39,7,0.02868852459016393442622950820,16,3,0.01229508196721311475409836066,8
VWAP_MR_USDRUBF,LONG,breakout_entry_class,PERSISTENT_LE_1_ATR,26,26,0,False,PARTIAL_COVERAGE,ACCOUNTED,PARTIAL_COVERAGE,False,,,PARTIAL_COVERAGE,PARTIAL_COVERAGE,,,PARTIAL_COVERAGE,,,PARTIAL_COVERAGE,0.6320754716981132075471698113,,1.175675675675675675675675676,0.13,0.52,-0.39,-0.015,0.3461538461538461538461538462,0.59,NEGATIVE,"{'STOP': 15, 'TAKE': 9, 'SESSION_FLAT': 2}",Declared conditional M5 model; full fields require full approved-window period coverage; closed diagnostics omit all unknown trades,0.275,0.9389957264957264957264957265,0,0.2148504273504273504273504274,-1.208333333333333333333333334,-0.4554868742368742368742368742,0.45,0.7681471306471306471306471308,-0.7741265997924593566240055345,-0.6975582445240116876011411642,26,4,13,10.0,0.0,12,0.4615384615384615384615384615,8,8,0.3076923076923076923076923077,9,4,0.1538461538461538461538461538,7,2,0.07692307692307692307692307692,8
VWAP_MR_USDRUBF,LONG,cost_class,NET_RR_GE_1,88,88,0,False,PARTIAL_COVERAGE,ACCOUNTED,PARTIAL_COVERAGE,False,,,PARTIAL_COVERAGE,PARTIAL_COVERAGE,,,PARTIAL_COVERAGE,,,PARTIAL_COVERAGE,0.3752711496746203904555314534,,0.6564417177914110429447852761,-1.12,1.76,-2.88,-0.03272727272727272727272727273,0.2272727272727272727272727273,3.19,NEGATIVE,"{'MAX_HOLD': 4, 'SESSION_FLAT': 6, 'STOP': 63, 'TAKE': 15}",Declared conditional M5 model; full fields require full approved-window period coverage; closed diagnostics omit all unknown trades,0.4142857142857142857142857143,0.8965174229677818194564606047,0,0.2411187388833919934398403299,-1.333333333333333333333333333,-0.9075179123773621381276883672,0.5,0.6999412718461761523962480901,-0.826006843906291129244538036,-0.8552414686317826095368941968,88,21,55,15.0,0.0,41,0.4659090909090909090909090909,16,35,0.3977272727272727272727272727,13,10,0.1136363636363636363636363636,16,5,0.05681818181818181818181818182,15
VWAP_MR_USDRUBF,LONG,cost_class,NET_RR_LT_1,167,165,2,False,PARTIAL_COVERAGE,UNRESOLVED,UNRESOLVED,False,,,UNRESOLVED,UNRESOLVED,,,UNRESOLVED,,,UNRESOLVED,0.5344418052256532066508313539,,0.9098837209302325581395348837,-0.62,3.30,-3.92,-0.02375757575757575757575757576,0.5272727272727272727272727273,4.14,NEGATIVE,"{'STOP': 70, 'TAKE': 83, 'SESSION_FLAT': 7, 'MAX_HOLD': 5, 'UNKNOWN_PATH_CONDITIONAL_REDUCE_ALL': 2}",Declared conditional M5 model; full fields require full approved-window period coverage; closed diagnostics omit all unknown trades,0.3636363636363636363636363636,0.3943215475422428517791897176,0.3428571428571428571428571429,0.3694161303903652684230028542,0.1,-0.3343551998825068735371113031,0.2,0.2378405604832586647661572517,-0.1578947368421052631578947369,-0.1805466936622556031554159253,165,12,50,10.0,10.0,54,0.3272727272727272727272727273,38,14,0.08484848484848484848484848485,33,1,0.006060606060606060606060606061,7,0,0,1
VWAP_MR_USDRUBF,LONG,cost_class,TARGET_CANNOT_PAY_C1,17,17,0,False,PARTIAL_COVERAGE,ACCOUNTED,PARTIAL_COVERAGE,False,,,PARTIAL_COVERAGE,PARTIAL_COVERAGE,,,PARTIAL_COVERAGE,,,PARTIAL_COVERAGE,0E+2,,0.2151898734177215189873417722,-0.62,0.34,-0.96,-0.05647058823529411764705882353,0,0.96,NEGATIVE,"{'STOP': 6, 'TAKE': 11}",Declared conditional M5 model; full fields require full approved-window period coverage; closed diagnostics omit all unknown trades,0.125,0.1869631185807656395891690009,0.5,0.4218779178338001867413632119,-0.1,-0.4600723622782446311858076564,0.2222222222222222222222222222,0.2272292250233426704014939309,0.07228915662650602409638554219,0.07577558895970224304367452865,17,0,4,,5.0,2,0.1176470588235294117647058824,4,0,0,2,0,0,0,0,0,0
VWAP_MR_USDRUBF,SHORT,ALL,ALL,276,275,1,False,PARTIAL_COVERAGE,UNRESOLVED,UNRESOLVED,False,,,UNRESOLVED,UNRESOLVED,,,UNRESOLVED,,,UNRESOLVED,0.4277739009071877180739706909,,0.7552130553037171350861287398,-2.70,5.50,-8.20,-0.02981818181818181818181818182,0.3781818181818181818181818182,8.51,NEGATIVE,"{'STOP': 151, 'TAKE': 103, 'MAX_HOLD': 8, 'UNKNOWN_PATH_CONDITIONAL_REDUCE_ALL': 1, 'SESSION_FLAT': 13}",Declared conditional M5 model; full fields require full approved-window period coverage; closed diagnostics omit all unknown trades,0.375,0.6483446053543922566067840171,0.3333333333333333333333333333,0.3642735012714962931242351342,-1.142857142857142857142857143,-0.5847114338059939703249767887,0.2857142857142857142857142857,0.4498389409103914046892819989,-0.2801598837209302325581395348,-0.408561182092384152445688675,275,41,105,10.0,5.0,111,0.4036363636363636363636363636,57,55,0.2,54,20,0.07272727272727272727272727273,27,9,0.03272727272727272727272727273,16
VWAP_MR_USDRUBF,SHORT,exit_reason,MAX_HOLD,8,8,0,False,PARTIAL_COVERAGE,ACCOUNTED,PARTIAL_COVERAGE,False,,,PARTIAL_COVERAGE,PARTIAL_COVERAGE,,,PARTIAL_COVERAGE,,,PARTIAL_COVERAGE,0.6923076923076923076923076923,,1.4,0.08,0.16,-0.08,-0.01,0.5,0.19,NEGATIVE,{'MAX_HOLD': 8},Declared conditional M5 model; full fields require full approved-window period coverage; closed diagnostics omit all unknown trades,0.85,1.071447558289663552821447558,0.784090909090909090909090909,0.6142140388850915166704640389,0.1,-0.02152540442014126224652540449,0.1909090909090909090909090909,0.2551311992101465785676311992,-0.2807142857142857142857142857,-0.3415159970937863664268248065,8,1,0,60.0,60.0,6,0.75,0,2,0.25,0,1,0.125,0,0,0,0
VWAP_MR_USDRUBF,SHORT,exit_reason,SESSION_FLAT,13,13,0,False,PARTIAL_COVERAGE,ACCOUNTED,PARTIAL_COVERAGE,False,,,PARTIAL_COVERAGE,PARTIAL_COVERAGE,,,PARTIAL_COVERAGE,,,PARTIAL_COVERAGE,0.3333333333333333333333333333,,0.6818181818181818181818181818,-0.14,0.26,-0.40,-0.03076923076923076923076923077,0.2307692307692307692307692308,0.44,NEGATIVE,{'SESSION_FLAT': 13},Declared conditional M5 model; full fields require full approved-window period coverage; closed diagnostics omit all unknown trades,0.4,0.6806291998599690907383215077,0.6666666666666666666666666667,0.6015981881366496751112135728,-0.2307692307692307692307692308,-0.2571898187282802667418052034,0.2222222222222222222222222222,0.2334515911438988362065285142,-0.25,-0.3016788391310553693761043208,13,4,0,15.0,20.0,6,0.4615384615384615384615384615,0,4,0.3076923076923076923076923077,0,1,0.07692307692307692307692307692,0,0,0,0
VWAP_MR_USDRUBF,SHORT,exit_reason,STOP,151,151,0,False,PARTIAL_COVERAGE,ACCOUNTED,PARTIAL_COVERAGE,False,,,PARTIAL_COVERAGE,PARTIAL_COVERAGE,,,PARTIAL_COVERAGE,,,PARTIAL_COVERAGE,0E+2,,0E+2,-10.39,3.02,-13.41,-0.08880794701986754966887417219,0,13.41,NEGATIVE,{'STOP': 151},Declared conditional M5 model; full fields require full approved-window period coverage; closed diagnostics omit all unknown trades,0,0.3756154457565341527334041008,0.4545454545454545454545454545,0.3903674340184561894898779437,-1.333333333333333333333333333,-1.580281846636583175598436181,0.3333333333333333333333333333,0.5802818466365831755984361802,-0.5217391304347826086956521738,-0.5415671534283937032337032191,151,35,105,,5.0,35,0.2317880794701986754966887417,27,19,0.1258278145695364238410596026,18,7,0.04635761589403973509933774834,11,4,0.02649006622516556291390728477,9
VWAP_MR_USDRUBF,SHORT,exit_reason,TAKE,103,103,0,False,PARTIAL_COVERAGE,ACCOUNTED,PARTIAL_COVERAGE,False,,,PARTIAL_COVERAGE,PARTIAL_COVERAGE,,,PARTIAL_COVERAGE,,,PARTIAL_COVERAGE,95.83333333333333333333333333,,,7.75,2.06,5.69,0.05524271844660194174757281553,0.9417475728155339805825242718,0.01,POSITIVE,{'TAKE': 103},Declared conditional M5 model; full fields require full approved-window period coverage; closed diagnostics omit all unknown trades,0.5833333333333333333333333333,1.011233729113828222349046850,0.2,0.2766528306409458066639184818,0.4666666666666666666666666667,0.7897338390709173906952516221,0.25,0.3034666851513797153364276530,-0.1655172413793103448275862069,-0.2362358563529763704215236261,103,1,0,10.0,5.0,64,0.6213592233009708737864077670,30,30,0.2912621359223300970873786408,36,11,0.1067961165048543689320388350,16,5,0.04854368932038834951456310680,7
VWAP_MR_USDRUBF,SHORT,exit_reason,UNKNOWN_PATH_CONDITIONAL_REDUCE_ALL,1,0,1,False,PARTIAL_COVERAGE,UNRESOLVED,UNRESOLVED,False,,,UNRESOLVED,UNRESOLVED,,,UNRESOLVED,,,UNRESOLVED,,NO_CLOSED_TRADES,,,,,,,,NO_CLOSED_TRADES,{'UNKNOWN_PATH_CONDITIONAL_REDUCE_ALL': 1},Declared conditional M5 model; full fields require full approved-window period coverage; closed diagnostics omit all unknown trades,,,,,,,0.2,0.2,-0,0,0,0,0,,,0,,0,0,,0,0,,0,0,,0
VWAP_MR_USDRUBF,SHORT,time_bucket,11:00,15,15,0,False,PARTIAL_COVERAGE,ACCOUNTED,PARTIAL_COVERAGE,False,,,PARTIAL_COVERAGE,PARTIAL_COVERAGE,,,PARTIAL_COVERAGE,,,PARTIAL_COVERAGE,0.2421052631578947368421052632,,0.44,-0.42,0.30,-0.72,-0.048,0.3333333333333333333333333333,0.75,NEGATIVE,"{'TAKE': 5, 'STOP': 9, 'MAX_HOLD': 1}",Declared conditional M5 model; full fields require full approved-window period coverage; closed diagnostics omit all unknown trades,0.2777777777777777777777777778,0.4284944684944684944684944685,0.3636363636363636363636363636,0.4172847522847522847522847523,-1.181818181818181818181818182,-0.6750841750841750841750841753,0.25,0.268999518999518999518999519,-0.2142857142857142857142857143,-0.3174009361908304509747069533,15,4,6,20.0,7.5,5,0.3333333333333333333333333333,4,2,0.1333333333333333333333333333,3,0,0,1,0,0,1
VWAP_MR_USDRUBF,SHORT,time_bucket,11:30,23,23,0,False,PARTIAL_COVERAGE,ACCOUNTED,PARTIAL_COVERAGE,False,,,PARTIAL_COVERAGE,PARTIAL_COVERAGE,,,PARTIAL_COVERAGE,,,PARTIAL_COVERAGE,0.2085561497326203208556149733,,0.3503184713375796178343949045,-1.02,0.46,-1.48,-0.06434782608695652173913043478,0.3478260869565217391304347826,1.51,NEGATIVE,"{'STOP': 15, 'MAX_HOLD': 1, 'TAKE': 7}",Declared conditional M5 model; full fields require full approved-window period coverage; closed diagnostics omit all unknown trades,0.2727272727272727272727272727,0.58310172596887934871117193,0.5652173913043478260869565217,0.5064563640373561499954825030,-1.153846153846153846153846154,-0.7758694949604929397641737117,0.1818181818181818181818181818,0.3580516181845951743611609331,-0.2142857142857142857142857143,-0.2232181028065068436705299567,23,3,7,17.5,15.0,9,0.3913043478260869565217391304,0,5,0.2173913043478260869565217391,1,1,0.04347826086956521739130434783,1,1,0.04347826086956521739130434783,0
VWAP_MR_USDRUBF,SHORT,time_bucket,12:00,18,18,0,False,PARTIAL_COVERAGE,ACCOUNTED,PARTIAL_COVERAGE,False,,,PARTIAL_COVERAGE,PARTIAL_COVERAGE,,,PARTIAL_COVERAGE,,,PARTIAL_COVERAGE,0.4672897196261682242990654206,,0.7439024390243902439024390244,-0.21,0.36,-0.57,-0.03166666666666666666666666667,0.2777777777777777777777777778,0.86,NEGATIVE,"{'TAKE': 6, 'STOP': 12}",Declared conditional M5 model; full fields require full approved-window period coverage; closed diagnostics omit all unknown trades,0.5416666666666666666666666665,0.6068732193732193732193732189,0.5625,0.4984279609279609279609279609,-1.25,-0.6209147334147334147334147333,0.2678571428571428571428571428,0.5000814000814000814000814001,-0.3666666666666666666666666666,-0.4842737238917654584104756161,18,6,7,15.0,10.0,10,0.5555555555555555555555555556,3,4,0.2222222222222222222222222222,4,1,0.05555555555555555555555555556,3,0,0,3
VWAP_MR_USDRUBF,SHORT,time_bucket,12:30,26,26,0,False,PARTIAL_COVERAGE,ACCOUNTED,PARTIAL_COVERAGE,False,,,PARTIAL_COVERAGE,PARTIAL_COVERAGE,,,PARTIAL_COVERAGE,,,PARTIAL_COVERAGE,0.8131868131868131868131868132,,1.546875,0.35,0.52,-0.17,-0.006538461538461538461538461538,0.4615384615384615384615384615,0.39,NEGATIVE,"{'TAKE': 12, 'STOP': 11, 'MAX_HOLD': 1, 'SESSION_FLAT': 2}",Declared conditional M5 model; full fields require full approved-window period coverage; closed diagnostics omit all unknown trades,0.5,0.6630331332820020602826032688,0.3912037037037037037037037037,0.3821210568382514083871549935,-0.1666666666666666666666666667,-0.4883153150687087338671049077,0.2857142857142857142857142857,0.3949024936015886242130586023,-0.2099817407181984175289105295,-0.3828082736569240183965484262,26,5,7,7.5,15.0,14,0.5384615384615384615384615385,4,6,0.2307692307692307692307692308,4,2,0.07692307692307692307692307692,0,1,0.03846153846153846153846153846,0
VWAP_MR_USDRUBF,SHORT,time_bucket,13:00,26,26,0,False,PARTIAL_COVERAGE,ACCOUNTED,PARTIAL_COVERAGE,False,,,PARTIAL_COVERAGE,PARTIAL_COVERAGE,,,PARTIAL_COVERAGE,,,PARTIAL_COVERAGE,0.4125874125874125874125874126,,0.7009345794392523364485981308,-0.32,0.52,-0.84,-0.03230769230769230769230769231,0.2692307692307692307692307692,0.84,NEGATIVE,"{'TAKE': 7, 'STOP': 14, 'SESSION_FLAT': 5}",Declared conditional M5 model; full fields require full approved-window period coverage; closed diagnostics omit all unknown trades,0.1666666666666666666666666667,0.4078977646285338593030900723,0.2644230769230769230769230769,0.3247663661125199586738048277,-1.150000000000000000000000000,-0.7601401803324880247957171031,0.3333333333333333333333333333,0.4768268056729595191133652673,-0.5322896281800391389432485325,-0.5012738030174210557109566692,26,3,13,15.0,5.0,9,0.3461538461538461538461538462,5,5,0.1923076923076923076923076923,5,1,0.03846153846153846153846153846,2,0,0,1
VWAP_MR_USDRUBF,SHORT,time_bucket,15:00,7,7,0,False,PARTIAL_COVERAGE,ACCOUNTED,PARTIAL_COVERAGE,False,,,PARTIAL_COVERAGE,PARTIAL_COVERAGE,,,PARTIAL_COVERAGE,,,PARTIAL_COVERAGE,0.3793103448275862068965517241,,0.7894736842105263157894736842,-0.04,0.14,-0.18,-0.02571428571428571428571428571,0.2857142857142857142857142857,0.25,NEGATIVE,"{'TAKE': 1, 'STOP': 5, 'MAX_HOLD': 1}",Declared conditional M5 model; full fields require full approved-window period coverage; closed diagnostics omit all unknown trades,0.3636363636363636363636363636,0.9481886534518113465481886534,0,0.2071086807928913192071086809,-1.5,-1.359056732740943267259056733,0.5,0.8838687628161312371838687629,-0.5217391304347826086956521738,-0.5610644753517891033967487653,7,1,3,55.0,5.0,2,0.2857142857142857142857142857,3,2,0.2857142857142857142857142857,2,2,0.2857142857142857142857142857,1,1,0.1428571428571428571428571429,1
VWAP_MR_USDRUBF,SHORT,time_bucket,15:30,32,32,0,False,PARTIAL_COVERAGE,ACCOUNTED,PARTIAL_COVERAGE,False,,,PARTIAL_COVERAGE,PARTIAL_COVERAGE,,,PARTIAL_COVERAGE,,,PARTIAL_COVERAGE,0.3021978021978021978021978022,,0.5333333333333333333333333333,-0.63,0.64,-1.27,-0.0396875,0.25,1.27,NEGATIVE,"{'STOP': 23, 'TAKE': 9}",Declared conditional M5 model; full fields require full approved-window period coverage; closed diagnostics omit all unknown trades,0.1324786324786324786324786324,0.7285137605450105450105450103,0.1625,0.3373485021922521922521922522,-1.309523809523809523809523810,-0.8691966887279387279387279391,0.4,0.5719192266067266067266067266,-0.706153846153846153846153846,-0.5859229101700898767916683475,32,4,18,5.0,2.5,10,0.3125,8,6,0.1875,6,2,0.0625,6,1,0.03125,4
VWAP_MR_USDRUBF,SHORT,time_bucket,16:00,38,37,1,False,PARTIAL_COVERAGE,UNRESOLVED,UNRESOLVED,False,,,UNRESOLVED,UNRESOLVED,,,UNRESOLVED,,,UNRESOLVED,0.8226950354609929078014184397,,1.471153846153846153846153846,0.49,0.74,-0.25,-0.006756756756756756756756756757,0.4864864864864864864864864865,0.53,NEGATIVE,"{'TAKE': 18, 'STOP': 18, 'UNKNOWN_PATH_CONDITIONAL_REDUCE_ALL': 1, 'MAX_HOLD': 1}",Declared conditional M5 model; full fields require full approved-window period coverage; closed diagnostics omit all unknown trades,0.4090909090909090909090909091,1.026086818192081349976086818,0.25,0.30802200012726328515802200,-0.1428571428571428571428571429,-0.1294964735754209438419964736,0.2857142857142857142857142857,0.4810348738672838395830085582,-0.3107142857142857142857142857,-0.4302690890489556987044687732,37,4,13,15.0,5.0,15,0.4054054054054054054054054054,10,8,0.2162162162162162162162162162,10,5,0.1351351351351351351351351351,8,4,0.1081081081081081081081081081,3
VWAP_MR_USDRUBF,SHORT,time_bucket,16:30,29,29,0,False,PARTIAL_COVERAGE,ACCOUNTED,PARTIAL_COVERAGE,False,,,PARTIAL_COVERAGE,PARTIAL_COVERAGE,,,PARTIAL_COVERAGE,,,PARTIAL_COVERAGE,0.38125,,0.6771653543307086614173228346,-0.41,0.58,-0.99,-0.03413793103448275862068965517,0.3793103448275862068965517241,1.05,NEGATIVE,"{'TAKE': 11, 'STOP': 15, 'MAX_HOLD': 3}",Declared conditional M5 model; full fields require full approved-window period coverage; closed diagnostics omit all unknown trades,0.5,0.6229500487717354516153259190,0.3333333333333333333333333333,0.4066017607375798249401695355,-1.142857142857142857142857143,-0.6068987794443951814183107207,0.2857142857142857142857142857,0.3794167114370789622946826079,-0.2,-0.3321705954676790205031096413,29,6,10,10.0,10.0,15,0.5172413793103448275862068966,5,6,0.2068965517241379310344827586,6,1,0.03448275862068965517241379310,2,0,0,1
VWAP_MR_USDRUBF,SHORT,time_bucket,17:00,17,17,0,False,PARTIAL_COVERAGE,ACCOUNTED,PARTIAL_COVERAGE,False,,,PARTIAL_COVERAGE,PARTIAL_COVERAGE,,,PARTIAL_COVERAGE,,,PARTIAL_COVERAGE,0.59375,,1.16,0.08,0.34,-0.26,-0.01529411764705882352941176471,0.5882352941176470588235294118,0.42,NEGATIVE,"{'STOP': 7, 'TAKE': 10}",Declared conditional M5 model; full fields require full approved-window period coverage; closed diagnostics omit all unknown trades,0.25,0.3100256769374416433239962652,0.4666666666666666666666666667,0.4556605975723622782446311858,0.375,-0.378244631185807656395891690,0.25,0.3895191409897292250233426704,-0.16,-0.3579299820938205724931608177,17,0,3,12.5,15.0,5,0.2941176470588235294117647059,7,1,0.05882352941176470588235294118,7,0,0,1,0,0,1
VWAP_MR_USDRUBF,SHORT,time_bucket,17:30,31,31,0,False,PARTIAL_COVERAGE,ACCOUNTED,PARTIAL_COVERAGE,False,,,PARTIAL_COVERAGE,PARTIAL_COVERAGE,,,PARTIAL_COVERAGE,,,PARTIAL_COVERAGE,0.3959390862944162436548223350,,0.6459627329192546583850931677,-0.57,0.62,-1.19,-0.03838709677419354838709677419,0.4193548387096774193548387097,1.29,NEGATIVE,"{'STOP': 17, 'TAKE': 13, 'SESSION_FLAT': 1}",Declared conditional M5 model; full fields require full approved-window period coverage; closed diagnostics omit all unknown trades,0.4285714285714285714285714286,0.7467504905959914448878795226,0,0.2478563833826991721728563834,-1.083333333333333333333333333,-0.4260268216974498808115106929,0.2857142857142857142857142857,0.3817994399488457213414768594,-0.3934426229508196721311475410,-0.3741186871113074823112048287,31,4,13,5.0,5.0,14,0.4516129032258064516129032258,4,8,0.2580645161290322580645161290,3,5,0.1612903225806451612903225806,1,1,0.03225806451612903225806451613,0
VWAP_MR_USDRUBF,SHORT,time_bucket,18:00,14,14,0,False,PARTIAL_COVERAGE,ACCOUNTED,PARTIAL_COVERAGE,False,,,PARTIAL_COVERAGE,PARTIAL_COVERAGE,,,PARTIAL_COVERAGE,,,PARTIAL_COVERAGE,0.2432432432432432432432432432,,1,0.00,0.28,-0.28,-0.02,0.3571428571428571428571428571,0.30,NEGATIVE,"{'TAKE': 4, 'STOP': 5, 'SESSION_FLAT': 5}",Declared conditional M5 model; full fields require full approved-window period coverage; closed diagnostics omit all unknown trades,0.2857142857142857142857142857,0.3777044384187241330098472956,0.1714285714285714285714285714,0.2895509252652109794966937824,-0.1778846153846153846153846154,-0.7022828362114076399790685505,0.3333333333333333333333333333,0.5707447314590171733028875886,-0.2043290043290043290043290044,-0.3444391946519480083772773093,14,1,5,15.0,2.5,3,0.2142857142857142857142857143,4,2,0.1428571428571428571428571429,3,0,0,1,0,0,1
VWAP_MR_USDRUBF,SHORT,session_half,AM,108,108,0,False,PARTIAL_COVERAGE,ACCOUNTED,PARTIAL_COVERAGE,False,,,PARTIAL_COVERAGE,PARTIAL_COVERAGE,,,PARTIAL_COVERAGE,,,PARTIAL_COVERAGE,0.3932584269662921348314606742,,0.6659793814432989690721649485,-1.62,2.16,-3.78,-0.035,0.3425925925925925925925925926,3.95,NEGATIVE,"{'STOP': 61, 'TAKE': 37, 'MAX_HOLD': 3, 'SESSION_FLAT': 7}",Declared conditional M5 model; full fields require full approved-window period coverage; closed diagnostics omit all unknown trades,0.3599137931034482758620689655,0.5426544261027142135607510762,0.4772727272727272727272727272,0.4190605921347576663709446992,-1.148351648351648351648351648,-0.6630330471504655654410842172,0.25,0.4068204350540919184701868520,-0.2437113402061855670103092784,-0.3851675132499709661780230265,108,21,40,15.0,10.0,47,0.4351851851851851851851851852,16,22,0.2037037037037037037037037037,17,5,0.04629629629629629629629629630,7,2,0.01851851851851851851851851852,5
VWAP_MR_USDRUBF,SHORT,session_half,PM,168,167,1,False,PARTIAL_COVERAGE,UNRESOLVED,UNRESOLVED,False,,,UNRESOLVED,UNRESOLVED,,,UNRESOLVED,,,UNRESOLVED,0.4543209876543209876543209877,,0.8252427184466019417475728155,-1.08,3.34,-4.42,-0.02646706586826347305389221557,0.4011976047904191616766467066,4.77,NEGATIVE,"{'TAKE': 66, 'STOP': 90, 'UNKNOWN_PATH_CONDITIONAL_REDUCE_ALL': 1, 'MAX_HOLD': 5, 'SESSION_FLAT': 6}",Declared conditional M5 model; full fields require full approved-window period coverage; closed diagnostics omit all unknown trades,0.375,0.7166951404393097934269729850,0.25,0.3288423287371715727012133795,-1.142857142857142857142857143,-0.5340603305652578489325240810,0.2857142857142857142857142857,0.4774936946751553601158431649,-0.3107142857142857142857142857,-0.4235999692053640579034737342,167,20,65,10.0,5.0,64,0.3832335329341317365269461078,41,33,0.1976047904191616766467065868,37,15,0.08982035928143712574850299401,20,7,0.04191616766467065868263473054,11
VWAP_MR_USDRUBF,SHORT,net_outcome,LOSS,169,169,0,False,PARTIAL_COVERAGE,ACCOUNTED,PARTIAL_COVERAGE,False,,,PARTIAL_COVERAGE,PARTIAL_COVERAGE,,,PARTIAL_COVERAGE,,,PARTIAL_COVERAGE,0E+2,,0.007252946509519492293744333636,-10.95,3.38,-14.33,-0.08479289940828402366863905325,0,14.33,NEGATIVE,"{'STOP': 151, 'TAKE': 6, 'SESSION_FLAT': 9, 'MAX_HOLD': 3}",Declared conditional M5 model; full fields require full approved-window period coverage; closed diagnostics omit all unknown trades,0.125,0.3906415426610950150955296309,0.4545454545454545454545454545,0.4003877957505433708160747008,-1.333333333333333333333333333,-1.460022510434138939412929636,0.3333333333333333333333333333,0.5442625636091033569808975006,-0.4186046511627906976744186046,-0.4951699272543730437903142091,169,41,105,,5.0,41,0.2426035502958579881656804734,28,22,0.1301775147928994082840236686,19,8,0.04733727810650887573964497041,11,4,0.02366863905325443786982248521,9
VWAP_MR_USDRUBF,SHORT,net_outcome,UNKNOWN,1,0,1,False,PARTIAL_COVERAGE,UNRESOLVED,UNRESOLVED,False,,,UNRESOLVED,UNRESOLVED,,,UNRESOLVED,,,UNRESOLVED,,NO_CLOSED_TRADES,,,,,,,,NO_CLOSED_TRADES,{'UNKNOWN_PATH_CONDITIONAL_REDUCE_ALL': 1},Declared conditional M5 model; full fields require full approved-window period coverage; closed diagnostics omit all unknown trades,,,,,,,0.2,0.2,-0,0,0,0,0,,,0,,0,0,,0,0,,0,0,,0
VWAP_MR_USDRUBF,SHORT,net_outcome,WIN,104,104,0,False,PARTIAL_COVERAGE,ACCOUNTED,PARTIAL_COVERAGE,False,,,PARTIAL_COVERAGE,PARTIAL_COVERAGE,,,PARTIAL_COVERAGE,,,PARTIAL_COVERAGE,,NO_LOSSES,,8.21,2.08,6.13,0.05894230769230769230769230769,1,0,POSITIVE,"{'TAKE': 97, 'MAX_HOLD': 4, 'SESSION_FLAT': 3}",Declared conditional M5 model; full fields require full approved-window period coverage; closed diagnostics omit all unknown trades,0.6696832579185520361990950225,1.063408919047256069207108452,0.2176470588235294117647058824,0.2975143610542099303791332271,0.5,0.8264246150646263357828508809,0.2222222222222222222222222222,0.3008976563414555629450801533,-0.2071428571428571428571428572,-0.2747996976106632853312208929,104,0,0,10.0,,69,0.6634615384615384615384615385,29,32,0.3076923076923076923076923077,35,12,0.1153846153846153846153846154,16,5,0.04807692307692307692307692308,7
VWAP_MR_USDRUBF,SHORT,net_outcome,ZERO,2,2,0,False,PARTIAL_COVERAGE,ACCOUNTED,PARTIAL_COVERAGE,False,,,PARTIAL_COVERAGE,PARTIAL_COVERAGE,,,PARTIAL_COVERAGE,,,PARTIAL_COVERAGE,,NO_LOSSES,,0.04,0.04,0.00,0.00,0,0,ZERO_NET,"{'MAX_HOLD': 1, 'SESSION_FLAT': 1}",Declared conditional M5 model; full fields require full approved-window period coverage; closed diagnostics omit all unknown trades,0.840909090909090909090909091,0.840909090909090909090909091,0.784090909090909090909090909,0.784090909090909090909090909,0,0,0.3409090909090909090909090909,0.3409090909090909090909090909,-0.25,-0.25,2,0,0,,,1,0.5,0,1,0.5,0,0,0,0,0,0,0
VWAP_MR_USDRUBF,SHORT,adx_regime,NOT_READY,146,145,1,False,PARTIAL_COVERAGE,UNRESOLVED,UNRESOLVED,False,,,UNRESOLVED,UNRESOLVED,,,UNRESOLVED,,,UNRESOLVED,0.4012578616352201257861635220,,0.6955810147299509001636661211,-1.86,2.90,-4.76,-0.03282758620689655172413793103,0.3517241379310344827586206897,4.91,NEGATIVE,"{'STOP': 89, 'TAKE': 51, 'MAX_HOLD': 5, 'UNKNOWN_PATH_CONDITIONAL_REDUCE_ALL': 1}",Declared conditional M5 model; full fields require full approved-window period coverage; closed diagnostics omit all unknown trades,0.3333333333333333333333333333,0.7345485440848968650563742834,0.3333333333333333333333333333,0.3737970993334330668546020568,-1.181818181818181818181818182,-0.6263145466927792963451337957,0.2857142857142857142857142857,0.4807119869252038991419693366,-0.3262315270935960591133004926,-0.4193657274743926145236103146,145,24,59,10.0,5.0,56,0.3862068965517241379310344828,31,30,0.2068965517241379310344827586,28,12,0.08275862068965517241379310345,22,7,0.04827586206896551724137931034,13
VWAP_MR_USDRUBF,SHORT,adx_regime,SUB_25,77,77,0,False,PARTIAL_COVERAGE,ACCOUNTED,PARTIAL_COVERAGE,False,,,PARTIAL_COVERAGE,PARTIAL_COVERAGE,,,PARTIAL_COVERAGE,,,PARTIAL_COVERAGE,0.4712643678160919540229885057,,0.8837209302325581395348837209,-0.30,1.54,-1.84,-0.02389610389610389610389610390,0.3896103896103896103896103896,2.13,NEGATIVE,"{'TAKE': 29, 'STOP': 38, 'MAX_HOLD': 3, 'SESSION_FLAT': 7}",Declared conditional M5 model; full fields require full approved-window period coverage; closed diagnostics omit all unknown trades,0.4,0.5882530348439439348530257621,0.2727272727272727272727272727,0.3508246022856412466802077194,-1.1,-0.5837947886649185350484051787,0.2857142857142857142857142857,0.4311128746193681258616323552,-0.25,-0.4232732101571479481886990094,77,10,27,10.0,7.5,32,0.4155844155844155844155844156,13,15,0.1948051948051948051948051948,14,5,0.06493506493506493506493506494,4,2,0.02597402597402597402597402597,2
VWAP_MR_USDRUBF,SHORT,adx_regime,TREND_25_PLUS,53,53,0,False,PARTIAL_COVERAGE,ACCOUNTED,PARTIAL_COVERAGE,False,,,PARTIAL_COVERAGE,PARTIAL_COVERAGE,,,PARTIAL_COVERAGE,,,PARTIAL_COVERAGE,0.4482758620689655172413793103,,0.7692307692307692307692307692,-0.54,1.06,-1.60,-0.03018867924528301886792452830,0.4339622641509433962264150943,1.73,NEGATIVE,"{'TAKE': 23, 'STOP': 24, 'SESSION_FLAT': 6}",Declared conditional M5 model; full fields require full approved-window period coverage; closed diagnostics omit all unknown trades,0.375,0.4998064886257385311322330192,0.375,0.3577573409494209419032333823,-0.6944444444444444444444444444,-0.4722233263961625786905097709,0.25,0.3919982312169228816635588155,-0.2086956521739130434782608696,-0.3574236389459681574345876330,53,7,19,10.0,5.0,23,0.4339622641509433962264150943,13,10,0.1886792452830188679245283019,12,3,0.05660377358490566037735849057,1,0,0,1
VWAP_MR_USDRUBF,SHORT,di_aligned,False,204,203,1,False,PARTIAL_COVERAGE,UNRESOLVED,UNRESOLVED,False,,,UNRESOLVED,UNRESOLVED,,,UNRESOLVED,,,UNRESOLVED,0.4906588003933136676499508358,,0.8562259306803594351732991014,-1.12,4.06,-5.18,-0.02551724137931034482758620690,0.3891625615763546798029556650,5.46,NEGATIVE,"{'STOP': 109, 'TAKE': 80, 'MAX_HOLD': 5, 'UNKNOWN_PATH_CONDITIONAL_REDUCE_ALL': 1, 'SESSION_FLAT': 9}",Declared conditional M5 model; full fields require full approved-window period coverage; closed diagnostics omit all unknown trades,0.375,0.6618749671415196657120525813,0.2857142857142857142857142857,0.3540310159445221807740315145,-1.142857142857142857142857143,-0.5171914238437980448382619685,0.2857142857142857142857142857,0.4513204326846785120471078438,-0.2869664634146341463414634146,-0.4023093929066618084786910453,203,27,80,10.0,5.0,82,0.4039408866995073891625615764,41,43,0.2118226600985221674876847291,36,14,0.06896551724137931034482758621,20,7,0.03448275862068965517241379310,12
VWAP_MR_USDRUBF,SHORT,di_aligned,None,15,15,0,False,PARTIAL_COVERAGE,ACCOUNTED,PARTIAL_COVERAGE,False,,,PARTIAL_COVERAGE,PARTIAL_COVERAGE,,,PARTIAL_COVERAGE,,,PARTIAL_COVERAGE,0.3552631578947368421052631579,,0.6607142857142857142857142857,-0.19,0.30,-0.49,-0.03266666666666666666666666667,0.3333333333333333333333333333,0.59,NEGATIVE,"{'TAKE': 4, 'STOP': 9, 'MAX_HOLD': 2}",Declared conditional M5 model; full fields require full approved-window period coverage; closed diagnostics omit all unknown trades,0.3636363636363636363636363636,0.691958937748411432621958938,0.2857142857142857142857142857,0.3663597124123439912913597124,-1.181818181818181818181818182,-0.9297820308346624136097820307,0.2857142857142857142857142857,0.5463874332295384926963874333,-0.2790697674418604651162790698,-0.4481932313642661144538796487,15,4,6,30.0,7.5,5,0.3333333333333333333333333333,6,3,0.2,4,2,0.1333333333333333333333333333,2,1,0.06666666666666666666666666667,2
VWAP_MR_USDRUBF,SHORT,di_aligned,True,57,57,0,False,PARTIAL_COVERAGE,ACCOUNTED,PARTIAL_COVERAGE,False,,,PARTIAL_COVERAGE,PARTIAL_COVERAGE,,,PARTIAL_COVERAGE,,,PARTIAL_COVERAGE,0.2558823529411764705882352941,,0.4813432835820895522388059701,-1.39,1.14,-2.53,-0.04438596491228070175438596491,0.3508771929824561403508771930,2.66,NEGATIVE,"{'TAKE': 19, 'STOP': 33, 'SESSION_FLAT': 4, 'MAX_HOLD': 1}",Declared conditional M5 model; full fields require full approved-window period coverage; closed diagnostics omit all unknown trades,0.4090909090909090909090909091,0.5886800715176001217191148542,0.4,0.4002021215217248779415064693,-1.153846153846153846153846154,-0.7343693823480246058430650347,0.2857142857142857142857142857,0.4191292618447462078278249139,-0.2696629213483146067415730337,-0.4205065198960530776938404602,57,10,19,10.0,10.0,24,0.4210526315789473684210526316,10,9,0.1578947368421052631578947368,14,4,0.07017543859649122807017543860,5,1,0.01754385964912280701754385965,2
VWAP_MR_USDRUBF,SHORT,ema_aligned,None,276,275,1,False,PARTIAL_COVERAGE,UNRESOLVED,UNRESOLVED,False,,,UNRESOLVED,UNRESOLVED,,,UNRESOLVED,,,UNRESOLVED,0.4277739009071877180739706909,,0.7552130553037171350861287398,-2.70,5.50,-8.20,-0.02981818181818181818181818182,0.3781818181818181818181818182,8.51,NEGATIVE,"{'STOP': 151, 'TAKE': 103, 'MAX_HOLD': 8, 'UNKNOWN_PATH_CONDITIONAL_REDUCE_ALL': 1, 'SESSION_FLAT': 13}",Declared conditional M5 model; full fields require full approved-window period coverage; closed diagnostics omit all unknown trades,0.375,0.6483446053543922566067840171,0.3333333333333333333333333333,0.3642735012714962931242351342,-1.142857142857142857142857143,-0.5847114338059939703249767887,0.2857142857142857142857142857,0.4498389409103914046892819989,-0.2801598837209302325581395348,-0.408561182092384152445688675,275,41,105,10.0,5.0,111,0.4036363636363636363636363636,57,55,0.2,54,20,0.07272727272727272727272727273,27,9,0.03272727272727272727272727273,16
VWAP_MR_USDRUBF,SHORT,breakout_entry_class,INSIDE_RANGE,261,260,1,False,PARTIAL_COVERAGE,UNRESOLVED,UNRESOLVED,False,,,UNRESOLVED,UNRESOLVED,,,UNRESOLVED,,,UNRESOLVED,0.4255474452554744525547445255,,0.7490601503759398496240601504,-2.67,5.20,-7.87,-0.03026923076923076923076923077,0.3923076923076923076923076923,8.22,NEGATIVE,"{'STOP': 139, 'TAKE': 101, 'MAX_HOLD': 8, 'UNKNOWN_PATH_CONDITIONAL_REDUCE_ALL': 1, 'SESSION_FLAT': 12}",Declared conditional M5 model; full fields require full approved-window period coverage; closed diagnostics omit all unknown trades,0.375,0.6222292882973321362128863588,0.3333333333333333333333333333,0.3773347347364602401051787695,-1.138095238095238095238095238,-0.5409875207990748190403066469,0.2857142857142857142857142857,0.4214617137441671404361601199,-0.2400000000000000000000000000,-0.3765958609604680240681484660,260,37,96,10.0,5.0,105,0.4038461538461538461538461538,52,50,0.1923076923076923076923076923,50,16,0.06153846153846153846153846154,24,6,0.02307692307692307692307692308,14
VWAP_MR_USDRUBF,SHORT,breakout_entry_class,PERSISTENT_LE_1_ATR,15,15,0,False,PARTIAL_COVERAGE,ACCOUNTED,PARTIAL_COVERAGE,False,,,PARTIAL_COVERAGE,PARTIAL_COVERAGE,,,PARTIAL_COVERAGE,,,PARTIAL_COVERAGE,0.4761904761904761904761904762,,0.9230769230769230769230769231,-0.03,0.30,-0.33,-0.022,0.1333333333333333333333333333,0.50,NEGATIVE,"{'STOP': 12, 'SESSION_FLAT': 1, 'TAKE': 2}",Declared conditional M5 model; full fields require full approved-window period coverage; closed diagnostics omit all unknown trades,0,1.101010101010101010101010101,0,0.1378787878787878787878787879,-2,-1.342592592592592592592592592,1,0.9436026936026936026936026933,-1.026315789473684210526315789,-0.964757769787724786214888304,15,4,9,22.5,0.0,6,0.4,5,5,0.3333333333333333333333333333,4,4,0.2666666666666666666666666667,3,3,0.2,2
VWAP_MR_USDRUBF,SHORT,cost_class,NET_RR_GE_1,84,84,0,False,PARTIAL_COVERAGE,ACCOUNTED,PARTIAL_COVERAGE,False,,,PARTIAL_COVERAGE,PARTIAL_COVERAGE,,,PARTIAL_COVERAGE,,,PARTIAL_COVERAGE,0.7664670658682634730538922156,,1.426540284360189573459715640,0.90,1.68,-0.78,-0.009285714285714285714285714286,0.2619047619047619047619047619,1.75,NEGATIVE,"{'TAKE': 19, 'STOP': 60, 'SESSION_FLAT': 3, 'MAX_HOLD': 2}",Declared conditional M5 model; full fields require full approved-window period coverage; closed diagnostics omit all unknown trades,0,0.9500534431455484087063034430,0,0.2277432015213970101188146302,-1.5,-0.8433029654834166112361601087,0.5833333333333333333333333335,0.8111740320386936928290311752,-0.979283811778632731577389760,-0.9474317548066110031914377581,84,17,51,12.5,0.0,39,0.4642857142857142857142857143,23,30,0.3571428571428571428571428571,20,16,0.1904761904761904761904761905,18,7,0.08333333333333333333333333333,11
VWAP_MR_USDRUBF,SHORT,cost_class,NET_RR_LT_1,182,182,0,False,PARTIAL_COVERAGE,ACCOUNTED,PARTIAL_COVERAGE,False,,,PARTIAL_COVERAGE,PARTIAL_COVERAGE,,,PARTIAL_COVERAGE,,,PARTIAL_COVERAGE,0.3345829428303655107778819119,,0.6032110091743119266055045872,-3.46,3.64,-7.10,-0.03901098901098901098901098901,0.4505494505494505494505494505,7.11,NEGATIVE,"{'STOP': 88, 'TAKE': 78, 'MAX_HOLD': 6, 'SESSION_FLAT': 10}",Declared conditional M5 model; full fields require full approved-window period coverage; closed diagnostics omit all unknown trades,0.3887362637362637362637362638,0.5278878830140069480933869953,0.4545454545454545454545454545,0.4298967719411686988338223160,-0.7916666666666666666666666665,-0.4678280391898312252937784385,0.2222222222222222222222222222,0.2917945688994521823029829425,-0.1666666666666666666666666667,-0.1860484039731532887994131706,182,23,52,10.0,10.0,71,0.3901098901098901098901098901,33,24,0.1318681318681318681318681319,33,4,0.02197802197802197802197802198,9,2,0.01098901098901098901098901099,5
VWAP_MR_USDRUBF,SHORT,cost_class,TARGET_CANNOT_PAY_C1,10,9,1,False,PARTIAL_COVERAGE,UNRESOLVED,UNRESOLVED,False,,,UNRESOLVED,UNRESOLVED,,,UNRESOLVED,,,UNRESOLVED,0E+2,,0.3,-0.14,0.18,-0.32,-0.03555555555555555555555555556,0,0.32,NEGATIVE,"{'TAKE': 6, 'UNKNOWN_PATH_CONDITIONAL_REDUCE_ALL': 1, 'STOP': 3}",Declared conditional M5 model; full fields require full approved-window period coverage; closed diagnostics omit all unknown trades,0.125,0.268298059964726631393298060,0.1428571428571428571428571429,0.3115079365079365079365079366,-0.1428571428571428571428571429,-0.5348324514991181657848324514,0.2678571428571428571428571428,0.291031746031746031746031746,-0E+27,0.06821906693711967545638945233,9,1,2,,5.0,1,0.1111111111111111111111111111,1,1,0.1111111111111111111111111111,1,0,0,0,0,0,0
