generation,futures_type,lifecycle_stage,strategy,timeframe,instrument,source_schema_id,source_path,source_row_number,source_trade_id,canonical_trade_key,direction,entry_time,exit_time,entry_date,exit_date,entry_year,entry_month,exit_year,exit_month,entry_weekday,exit_weekday,entry_hour,exit_hour,canonical_C1_R,gross_R,cost_R,MAE_R,MFE_R,exit_reason_raw,entry_price,exit_price,stop_raw,holding_source_value,holding_minutes,holding_hours,MAE_status,MFE_status,exit_reason_status,stop_status,holding_status
v3,perpetual,true_oos,T2,H1,CNYRUBF,V3_TRUE_OOS,TradingSystemLab/results/perpetual_v3/true_oos/T2/H1/trades.csv,2,T2-H1-CNYRUBF-000001,v3|true_oos|T2|H1|CNYRUBF|TradingSystemLab/results/perpetual_v3/true_oos/T2/H1/trades.csv|2|T2-H1-CNYRUBF-000001,SHORT,2025-01-24 19:00:00+03:00,2025-01-27 19:00:00+03:00,2025-01-24,2025-01-27,2025,1,2025,1,4,0,19,19,0.591878283623,0.614525007015,0.0226467233919,0.905868935676,2.20805553071,ATR_TRAILING_STOP,13.5,13.4457294553,,3 days 00:00:00,4320,72,SOURCE,SOURCE,SOURCE,UNAVAILABLE,DERIVED
v3,perpetual,true_oos,T2,H1,CNYRUBF,V3_TRUE_OOS,TradingSystemLab/results/perpetual_v3/true_oos/T2/H1/trades.csv,4,T2-H1-CNYRUBF-000002,v3|true_oos|T2|H1|CNYRUBF|TradingSystemLab/results/perpetual_v3/true_oos/T2/H1/trades.csv|4|T2-H1-CNYRUBF-000002,SHORT,2025-01-28 13:00:00+03:00,2025-01-29 11:00:00+03:00,2025-01-28,2025-01-29,2025,1,2025,1,1,2,13,11,-0.181505167496,-0.16223489,0.0192702774961,0.231243329953,0.88643276482,ATR_TRAILING_STOP,13.42,13.4368378364,,0 days 22:00:00,1320,22,SOURCE,SOURCE,SOURCE,UNAVAILABLE,DERIVED
v3,perpetual,true_oos,T2,H1,CNYRUBF,V3_TRUE_OOS,TradingSystemLab/results/perpetual_v3/true_oos/T2/H1/trades.csv,8,T2-H1-CNYRUBF-000003,v3|true_oos|T2|H1|CNYRUBF|TradingSystemLab/results/perpetual_v3/true_oos/T2/H1/trades.csv|8|T2-H1-CNYRUBF-000003,SHORT,2025-02-24 13:00:00+03:00,2025-02-26 14:00:00+03:00,2025-02-24,2025-02-26,2025,2,2025,2,0,2,13,14,1.94611532797,1.96061741504,0.0145020870627,0.15952295769,3.06719141376,ATR_TRAILING_STOP,12.063,11.7926089306,,2 days 01:00:00,2940,49,SOURCE,SOURCE,SOURCE,UNAVAILABLE,DERIVED
v3,perpetual,true_oos,T2,H1,CNYRUBF,V3_TRUE_OOS,TradingSystemLab/results/perpetual_v3/true_oos/T2/H1/trades.csv,14,T2-H1-CNYRUBF-000004,v3|true_oos|T2|H1|CNYRUBF|TradingSystemLab/results/perpetual_v3/true_oos/T2/H1/trades.csv|14|T2-H1-CNYRUBF-000004,SHORT,2025-04-14 22:00:00+03:00,2025-04-15 18:00:00+03:00,2025-04-14,2025-04-15,2025,4,2025,4,0,1,22,18,-0.10192786651,-0.0820552349206,0.0198726315894,0.119235789537,1.39108421126,ATR_TRAILING_STOP,11.254,11.2622581146,,0 days 20:00:00,1200,20,SOURCE,SOURCE,SOURCE,UNAVAILABLE,DERIVED
v3,perpetual,true_oos,T2,H1,CNYRUBF,V3_TRUE_OOS,TradingSystemLab/results/perpetual_v3/true_oos/T2/H1/trades.csv,17,T2-H1-CNYRUBF-000005,v3|true_oos|T2|H1|CNYRUBF|TradingSystemLab/results/perpetual_v3/true_oos/T2/H1/trades.csv|17|T2-H1-CNYRUBF-000005,SHORT,2025-04-18 19:00:00+03:00,2025-04-21 14:00:00+03:00,2025-04-18,2025-04-21,2025,4,2025,4,4,0,19,14,-0.726374066722,-0.711771652357,0.0146024143649,0.540289331501,0.591397781778,ATR_TRAILING_STOP,11.044,11.1414868449,,2 days 19:00:00,4020,67,SOURCE,SOURCE,SOURCE,UNAVAILABLE,DERIVED
v3,perpetual,true_oos,T2,H1,CNYRUBF,V3_TRUE_OOS,TradingSystemLab/results/perpetual_v3/true_oos/T2/H1/trades.csv,21,T2-H1-CNYRUBF-000006,v3|true_oos|T2|H1|CNYRUBF|TradingSystemLab/results/perpetual_v3/true_oos/T2/H1/trades.csv|21|T2-H1-CNYRUBF-000006,SHORT,2025-05-15 12:00:00+03:00,2025-05-16 11:00:00+03:00,2025-05-15,2025-05-16,2025,5,2025,5,3,4,12,11,-0.836961047146,-0.806847333475,0.0301137136703,0.707672271253,0.316193993539,ATR_TRAILING_STOP,11.118,11.1715867042,,0 days 23:00:00,1380,23,SOURCE,SOURCE,SOURCE,UNAVAILABLE,DERIVED
v3,perpetual,true_oos,T2,H1,CNYRUBF,V3_TRUE_OOS,TradingSystemLab/results/perpetual_v3/true_oos/T2/H1/trades.csv,27,T2-H1-CNYRUBF-000007,v3|true_oos|T2|H1|CNYRUBF|TradingSystemLab/results/perpetual_v3/true_oos/T2/H1/trades.csv|27|T2-H1-CNYRUBF-000007,SHORT,2025-05-30 12:00:00+03:00,2025-06-02 10:00:00+03:00,2025-05-30,2025-06-02,2025,5,2025,6,4,0,12,10,-0.620995711317,-0.592530167729,0.0284655435889,0.782802448695,0.469681469217,ATR_TRAILING_STOP,10.884,10.9256313966,,2 days 22:00:00,4200,70,SOURCE,SOURCE,SOURCE,UNAVAILABLE,DERIVED
v3,perpetual,true_oos,T2,H1,CNYRUBF,V3_TRUE_OOS,TradingSystemLab/results/perpetual_v3/true_oos/T2/H1/trades.csv,32,T2-H1-CNYRUBF-000008,v3|true_oos|T2|H1|CNYRUBF|TradingSystemLab/results/perpetual_v3/true_oos/T2/H1/trades.csv|32|T2-H1-CNYRUBF-000008,LONG,2025-07-03 20:00:00+03:00,2025-07-04 16:00:00+03:00,2025-07-03,2025-07-04,2025,7,2025,7,3,4,20,16,-0.909053663425,-0.827707022883,0.0813466405425,0.691446444612,0.935486366239,ATR_TRAILING_STOP,11.006,10.9856498782,,0 days 20:00:00,1200,20,SOURCE,SOURCE,SOURCE,UNAVAILABLE,DERIVED
v3,perpetual,true_oos,T2,H1,CNYRUBF,V3_TRUE_OOS,TradingSystemLab/results/perpetual_v3/true_oos/T2/H1/trades.csv,39,T2-H1-CNYRUBF-000009,v3|true_oos|T2|H1|CNYRUBF|TradingSystemLab/results/perpetual_v3/true_oos/T2/H1/trades.csv|39|T2-H1-CNYRUBF-000009,LONG,2025-07-23 20:00:00+03:00,2025-07-24 14:00:00+03:00,2025-07-23,2025-07-24,2025,7,2025,7,2,3,20,14,3.23250295776,3.29483713542,0.0623341776676,0,5.85941270075,ATR_TRAILING_STOP,10.978,11.0837152676,,0 days 18:00:00,1080,18,SOURCE,SOURCE,SOURCE,UNAVAILABLE,DERIVED
v3,perpetual,true_oos,T2,H1,CNYRUBF,V3_TRUE_OOS,TradingSystemLab/results/perpetual_v3/true_oos/T2/H1/trades.csv,40,T2-H1-CNYRUBF-000010,v3|true_oos|T2|H1|CNYRUBF|TradingSystemLab/results/perpetual_v3/true_oos/T2/H1/trades.csv|40|T2-H1-CNYRUBF-000010,LONG,2025-07-25 17:00:00+03:00,2025-07-29 15:00:00+03:00,2025-07-25,2025-07-29,2025,7,2025,7,4,1,17,15,4.82847595475,4.86128739334,0.0328114385907,0.902314561244,7.13648789348,ATR_TRAILING_STOP,11.093,11.3893166263,,3 days 22:00:00,5640,94,SOURCE,SOURCE,SOURCE,UNAVAILABLE,DERIVED
v3,perpetual,true_oos,T2,H1,CNYRUBF,V3_TRUE_OOS,TradingSystemLab/results/perpetual_v3/true_oos/T2/H1/trades.csv,44,T2-H1-CNYRUBF-000011,v3|true_oos|T2|H1|CNYRUBF|TradingSystemLab/results/perpetual_v3/true_oos/T2/H1/trades.csv|44|T2-H1-CNYRUBF-000011,LONG,2025-08-19 00:00:00+03:00,2025-08-20 11:00:00+03:00,2025-08-19,2025-08-20,2025,8,2025,8,1,2,0,11,-0.367807929868,-0.320551898945,0.0472560309238,0.37804824739,0.637956417471,ATR_TRAILING_STOP,11.166,11.1524333973,,1 days 11:00:00,2100,35,SOURCE,SOURCE,SOURCE,UNAVAILABLE,DERIVED
v3,perpetual,true_oos,T2,H1,CNYRUBF,V3_TRUE_OOS,TradingSystemLab/results/perpetual_v3/true_oos/T2/H1/trades.csv,47,T2-H1-CNYRUBF-000012,v3|true_oos|T2|H1|CNYRUBF|TradingSystemLab/results/perpetual_v3/true_oos/T2/H1/trades.csv|47|T2-H1-CNYRUBF-000012,LONG,2025-08-27 18:00:00+03:00,2025-08-28 16:00:00+03:00,2025-08-27,2025-08-28,2025,8,2025,8,2,3,18,16,-0.736018722047,-0.701735018333,0.0342837037145,0.565681111289,0.205702222287,ATR_TRAILING_STOP,11.263,11.2220630567,,0 days 22:00:00,1320,22,SOURCE,SOURCE,SOURCE,UNAVAILABLE,DERIVED
v3,perpetual,true_oos,T2,H1,CNYRUBF,V3_TRUE_OOS,TradingSystemLab/results/perpetual_v3/true_oos/T2/H1/trades.csv,58,T2-H1-CNYRUBF-000013,v3|true_oos|T2|H1|CNYRUBF|TradingSystemLab/results/perpetual_v3/true_oos/T2/H1/trades.csv|58|T2-H1-CNYRUBF-000013,SHORT,2025-10-02 15:00:00+03:00,2025-10-02 17:00:00+03:00,2025-10-02,2025-10-02,2025,10,2025,10,3,3,15,17,-1.04887781657,-1,0.048877816571,0.513217073996,0.342144715997,INITIAL_STOP,11.357,11.3979183581,,0 days 02:00:00,120,2,SOURCE,SOURCE,SOURCE,UNAVAILABLE,DERIVED
v3,perpetual,true_oos,T2,H1,CNYRUBF,V3_TRUE_OOS,TradingSystemLab/results/perpetual_v3/true_oos/T2/H1/trades.csv,60,T2-H1-CNYRUBF-000014,v3|true_oos|T2|H1|CNYRUBF|TradingSystemLab/results/perpetual_v3/true_oos/T2/H1/trades.csv|60|T2-H1-CNYRUBF-000014,SHORT,2025-10-02 20:00:00+03:00,2025-10-03 11:00:00+03:00,2025-10-02,2025-10-03,2025,10,2025,10,3,4,20,11,-1.02818440505,-1,0.0281844050525,0.775071138945,0.126829822736,INITIAL_STOP,11.307,11.3779612282,,0 days 15:00:00,900,15,SOURCE,SOURCE,SOURCE,UNAVAILABLE,DERIVED
v3,perpetual,true_oos,T2,H1,CNYRUBF,V3_TRUE_OOS,TradingSystemLab/results/perpetual_v3/true_oos/T2/H1/trades.csv,68,T2-H1-CNYRUBF-000015,v3|true_oos|T2|H1|CNYRUBF|TradingSystemLab/results/perpetual_v3/true_oos/T2/H1/trades.csv|68|T2-H1-CNYRUBF-000015,SHORT,2025-10-28 14:00:00+03:00,2025-10-29 14:00:00+03:00,2025-10-28,2025-10-29,2025,10,2025,10,1,2,14,14,-0.611448263298,-0.592899168946,0.0185490943518,0.463727358794,0.398805528563,ATR_TRAILING_STOP,11.166,11.2299275598,,1 days 00:00:00,1440,24,SOURCE,SOURCE,SOURCE,UNAVAILABLE,DERIVED
v3,perpetual,true_oos,T2,H1,CNYRUBF,V3_TRUE_OOS,TradingSystemLab/results/perpetual_v3/true_oos/T2/H1/trades.csv,73,T2-H1-CNYRUBF-000016,v3|true_oos|T2|H1|CNYRUBF|TradingSystemLab/results/perpetual_v3/true_oos/T2/H1/trades.csv|73|T2-H1-CNYRUBF-000016,LONG,2025-11-14 15:00:00+03:00,2025-11-17 11:00:00+03:00,2025-11-14,2025-11-17,2025,11,2025,11,4,0,15,11,-1.06855884464,-1,0.0685588446424,0.788426713387,1.30261804821,INITIAL_STOP,11.401,11.3718279798,,2 days 20:00:00,4080,68,SOURCE,SOURCE,SOURCE,UNAVAILABLE,DERIVED
v3,perpetual,true_oos,T2,H1,CNYRUBF,V3_TRUE_OOS,TradingSystemLab/results/perpetual_v3/true_oos/T2/H1/trades.csv,78,T2-H1-CNYRUBF-000017,v3|true_oos|T2|H1|CNYRUBF|TradingSystemLab/results/perpetual_v3/true_oos/T2/H1/trades.csv|78|T2-H1-CNYRUBF-000017,SHORT,2025-11-25 19:00:00+03:00,2025-11-28 10:00:00+03:00,2025-11-25,2025-11-28,2025,11,2025,11,1,4,19,10,0.549116635077,0.592143672047,0.0430270369701,0.882054257887,1.82864907123,ATR_TRAILING_STOP,11.089,11.0614757402,,2 days 15:00:00,3780,63,SOURCE,SOURCE,SOURCE,UNAVAILABLE,DERIVED
v3,perpetual,true_oos,T2,H1,CNYRUBF,V3_TRUE_OOS,TradingSystemLab/results/perpetual_v3/true_oos/T2/H1/trades.csv,85,T2-H1-CNYRUBF-000018,v3|true_oos|T2|H1|CNYRUBF|TradingSystemLab/results/perpetual_v3/true_oos/T2/H1/trades.csv|85|T2-H1-CNYRUBF-000018,LONG,2025-12-18 18:00:00+03:00,2025-12-19 13:00:00+03:00,2025-12-18,2025-12-19,2025,12,2025,12,3,4,18,13,0.723766945947,0.753338029477,0.0295710835306,0,2.39525776598,ATR_TRAILING_STOP,11.374,11.4249509926,,0 days 19:00:00,1140,19,SOURCE,SOURCE,SOURCE,UNAVAILABLE,DERIVED
v3,perpetual,true_oos,T2,H1,CNYRUBF,V3_TRUE_OOS,TradingSystemLab/results/perpetual_v3/true_oos/T2/H1/trades.csv,88,T2-H1-CNYRUBF-000019,v3|true_oos|T2|H1|CNYRUBF|TradingSystemLab/results/perpetual_v3/true_oos/T2/H1/trades.csv|88|T2-H1-CNYRUBF-000019,SHORT,2025-12-26 13:00:00+03:00,2025-12-29 11:00:00+03:00,2025-12-26,2025-12-29,2025,12,2025,12,4,0,13,11,-0.598120184188,-0.580207787619,0.0179123965688,0.438853715935,0.304510741669,ATR_TRAILING_STOP,11.037,11.1017828207,,2 days 22:00:00,4200,70,SOURCE,SOURCE,SOURCE,UNAVAILABLE,DERIVED
v3,perpetual,true_oos,T2,H1,CNYRUBF,V3_TRUE_OOS,TradingSystemLab/results/perpetual_v3/true_oos/T2/H1/trades.csv,97,T2-H1-CNYRUBF-000020,v3|true_oos|T2|H1|CNYRUBF|TradingSystemLab/results/perpetual_v3/true_oos/T2/H1/trades.csv|97|T2-H1-CNYRUBF-000020,LONG,2026-02-06 14:00:00+03:00,2026-02-10 12:00:00+03:00,2026-02-06,2026-02-10,2026,2,2026,2,4,1,14,12,0.182147048885,0.205274646045,0.0231275971603,0.277531165924,1.14481605944,ATR_TRAILING_STOP,11.115,11.1327514892,,3 days 22:00:00,5640,94,SOURCE,SOURCE,SOURCE,UNAVAILABLE,DERIVED
v3,perpetual,true_oos,T2,H1,CNYRUBF,V3_TRUE_OOS,TradingSystemLab/results/perpetual_v3/true_oos/T2/H1/trades.csv,100,T2-H1-CNYRUBF-000021,v3|true_oos|T2|H1|CNYRUBF|TradingSystemLab/results/perpetual_v3/true_oos/T2/H1/trades.csv|100|T2-H1-CNYRUBF-000021,SHORT,2026-02-19 17:00:00+03:00,2026-02-20 12:00:00+03:00,2026-02-19,2026-02-20,2026,2,2026,2,3,4,17,12,-0.602673383407,-0.571516629799,0.0311567536081,0.49850805773,0.49850805773,ATR_TRAILING_STOP,11.055,11.0916865327,,0 days 19:00:00,1140,19,SOURCE,SOURCE,SOURCE,UNAVAILABLE,DERIVED
v3,perpetual,true_oos,T2,H1,CNYRUBF,V3_TRUE_OOS,TradingSystemLab/results/perpetual_v3/true_oos/T2/H1/trades.csv,110,T2-H1-CNYRUBF-000022,v3|true_oos|T2|H1|CNYRUBF|TradingSystemLab/results/perpetual_v3/true_oos/T2/H1/trades.csv|110|T2-H1-CNYRUBF-000022,SHORT,2026-04-06 19:00:00+03:00,2026-04-07 13:00:00+03:00,2026-04-06,2026-04-07,2026,4,2026,4,0,1,19,13,-0.733357599191,-0.683615345989,0.0497422532022,0.671520418229,1.51713872267,ATR_TRAILING_STOP,11.476,11.503486304,,0 days 18:00:00,1080,18,SOURCE,SOURCE,SOURCE,UNAVAILABLE,DERIVED
v3,perpetual,true_oos,T2,H1,CNYRUBF,V3_TRUE_OOS,TradingSystemLab/results/perpetual_v3/true_oos/T2/H1/trades.csv,116,T2-H1-CNYRUBF-000023,v3|true_oos|T2|H1|CNYRUBF|TradingSystemLab/results/perpetual_v3/true_oos/T2/H1/trades.csv|116|T2-H1-CNYRUBF-000023,SHORT,2026-04-22 13:00:00+03:00,2026-04-23 16:00:00+03:00,2026-04-22,2026-04-23,2026,4,2026,4,2,3,13,16,-0.575955409786,-0.544106392482,0.0318490173049,0.477735259573,0.78030092397,ATR_TRAILING_STOP,10.97,11.0041678606,,1 days 03:00:00,1620,27,SOURCE,SOURCE,SOURCE,UNAVAILABLE,DERIVED
v3,perpetual,true_oos,T2,H1,CNYRUBF,V3_TRUE_OOS,TradingSystemLab/results/perpetual_v3/true_oos/T2/H1/trades.csv,121,T2-H1-CNYRUBF-000024,v3|true_oos|T2|H1|CNYRUBF|TradingSystemLab/results/perpetual_v3/true_oos/T2/H1/trades.csv|121|T2-H1-CNYRUBF-000024,SHORT,2026-04-30 13:00:00+03:00,2026-04-30 18:00:00+03:00,2026-04-30,2026-04-30,2026,4,2026,4,3,3,13,18,-0.660320219519,-0.629607651169,0.0307125683497,0.399263388546,0.0614251366994,EMA50_TREND_LOSS,10.936,10.977,,0 days 05:00:00,300,5,SOURCE,SOURCE,SOURCE,UNAVAILABLE,DERIVED
v3,perpetual,true_oos,T2,H1,CNYRUBF,V3_TRUE_OOS,TradingSystemLab/results/perpetual_v3/true_oos/T2/H1/trades.csv,125,T2-H1-CNYRUBF-000025,v3|true_oos|T2|H1|CNYRUBF|TradingSystemLab/results/perpetual_v3/true_oos/T2/H1/trades.csv|125|T2-H1-CNYRUBF-000025,SHORT,2026-05-12 19:00:00+03:00,2026-05-13 16:00:00+03:00,2026-05-12,2026-05-13,2026,5,2026,5,1,2,19,16,0.223915808171,0.259212864827,0.0352970566563,0.352970566563,1.48247637956,ATR_TRAILING_STOP,10.851,10.8363124941,,0 days 21:00:00,1260,21,SOURCE,SOURCE,SOURCE,UNAVAILABLE,DERIVED
v3,perpetual,true_oos,T2,H1,CNYRUBF,V3_TRUE_OOS,TradingSystemLab/results/perpetual_v3/true_oos/T2/H1/trades.csv,138,T2-H1-CNYRUBF-000026,v3|true_oos|T2|H1|CNYRUBF|TradingSystemLab/results/perpetual_v3/true_oos/T2/H1/trades.csv|138|T2-H1-CNYRUBF-000026,LONG,2026-06-29 15:00:00+03:00,2026-06-29 18:00:00+03:00,2026-06-29,2026-06-29,2026,6,2026,6,0,0,15,18,-1.01745105812,-1,0.0174510581154,0.540982801577,0.174510581154,INITIAL_STOP,11.463,11.3483937689,,0 days 03:00:00,180,3,SOURCE,SOURCE,SOURCE,UNAVAILABLE,DERIVED
v3,perpetual,true_oos,T2,H1,CNYRUBF,V3_TRUE_OOS,TradingSystemLab/results/perpetual_v3/true_oos/T2/H1/trades.csv,144,T2-H1-CNYRUBF-000027,v3|true_oos|T2|H1|CNYRUBF|TradingSystemLab/results/perpetual_v3/true_oos/T2/H1/trades.csv|144|T2-H1-CNYRUBF-000027,LONG,2026-07-13 18:00:00+03:00,2026-07-13 22:00:00+03:00,2026-07-13,2026-07-13,2026,7,2026,7,0,0,18,22,-1.03796632804,-1,0.0379663280423,0.683393904762,0.227797968254,INITIAL_STOP,11.33,11.2773217426,,0 days 04:00:00,240,4,SOURCE,SOURCE,SOURCE,UNAVAILABLE,DERIVED
v3,perpetual,true_oos,T2,H1,CNYRUBF,V3_TRUE_OOS,TradingSystemLab/results/perpetual_v3/true_oos/T2/H1/trades.csv,146,T2-H1-CNYRUBF-000028,v3|true_oos|T2|H1|CNYRUBF|TradingSystemLab/results/perpetual_v3/true_oos/T2/H1/trades.csv|146|T2-H1-CNYRUBF-000028,LONG,2026-07-16 14:00:00+03:00,2026-07-17 10:00:00+03:00,2026-07-16,2026-07-17,2026,7,2026,7,3,4,14,10,-0.286751280431,-0.267229208815,0.0195220716155,0.224503823578,0.722316649772,ATR_TRAILING_STOP,11.569,11.5416228636,,0 days 20:00:00,1200,20,SOURCE,SOURCE,SOURCE,UNAVAILABLE,DERIVED
v3,perpetual,true_oos,T2,H1,CNYRUBF,V3_TRUE_OOS,TradingSystemLab/results/perpetual_v3/true_oos/T2/H1/trades.csv,151,T2-H1-CNYRUBF-000029,v3|true_oos|T2|H1|CNYRUBF|TradingSystemLab/results/perpetual_v3/true_oos/T2/H1/trades.csv|151|T2-H1-CNYRUBF-000029,LONG,2026-07-27 16:00:00+03:00,2026-07-30 19:00:00+03:00,2026-07-27,2026-07-30,2026,7,2026,7,0,3,16,19,7.37994022666,7.43527465064,0.0553344239793,0.553344239793,9.96019631628,ATR_TRAILING_STOP,11.524,11.7927395699,,3 days 03:00:00,4500,75,SOURCE,SOURCE,SOURCE,UNAVAILABLE,DERIVED
v3,perpetual,true_oos,T2,H1,CNYRUBF,V3_TRUE_OOS,TradingSystemLab/results/perpetual_v3/true_oos/T2/H1/trades.csv,153,T2-H1-CNYRUBF-000030,v3|true_oos|T2|H1|CNYRUBF|TradingSystemLab/results/perpetual_v3/true_oos/T2/H1/trades.csv|153|T2-H1-CNYRUBF-000030,LONG,2026-07-31 11:00:00+03:00,2026-07-31 17:00:00+03:00,2026-07-31,2026-07-31,2026,7,2026,7,4,4,11,17,-1.03291845826,-1,0.0329184582561,0.526695332097,0.411480728201,INITIAL_STOP,11.768,11.7072438132,,0 days 06:00:00,360,6,SOURCE,SOURCE,SOURCE,UNAVAILABLE,DERIVED
v3,perpetual,true_oos,T2,H1,CNYRUBF,V3_TRUE_OOS,TradingSystemLab/results/perpetual_v3/true_oos/T2/H1/trades.csv,156,T2-H1-CNYRUBF-000031,v3|true_oos|T2|H1|CNYRUBF|TradingSystemLab/results/perpetual_v3/true_oos/T2/H1/trades.csv|156|T2-H1-CNYRUBF-000031,LONG,2026-08-10 13:00:00+03:00,2026-08-10 19:00:00+03:00,2026-08-10,2026-08-10,2026,8,2026,8,0,0,13,19,-1.03131806572,-1,0.031318065715,0.579384215728,0.219226460005,INITIAL_STOP,12.269,12.2051390956,,0 days 06:00:00,360,6,SOURCE,SOURCE,SOURCE,UNAVAILABLE,DERIVED
v3,perpetual,true_oos,T2,H1,CNYRUBF,V3_TRUE_OOS,TradingSystemLab/results/perpetual_v3/true_oos/T2/H1/trades.csv,159,T2-H1-CNYRUBF-000032,v3|true_oos|T2|H1|CNYRUBF|TradingSystemLab/results/perpetual_v3/true_oos/T2/H1/trades.csv|159|T2-H1-CNYRUBF-000032,LONG,2026-08-14 20:00:00+03:00,2026-08-18 00:00:00+03:00,2026-08-14,2026-08-18,2026,8,2026,8,4,1,20,0,0.492944124618,0.515531758115,0.0225876334969,0.180701067975,1.63760342853,ATR_TRAILING_STOP,12.547,12.5926472572,,3 days 04:00:00,4560,76,SOURCE,SOURCE,SOURCE,UNAVAILABLE,DERIVED
v3,perpetual,true_oos,T2,H1,CNYRUBF,V3_TRUE_OOS,TradingSystemLab/results/perpetual_v3/true_oos/T2/H1/trades.csv,163,T2-H1-CNYRUBF-000033,v3|true_oos|T2|H1|CNYRUBF|TradingSystemLab/results/perpetual_v3/true_oos/T2/H1/trades.csv|163|T2-H1-CNYRUBF-000033,LONG,2026-08-26 00:00:00+03:00,2026-08-28 10:00:00+03:00,2026-08-26,2026-08-28,2026,8,2026,8,2,4,0,10,4.73979692353,4.77782544515,0.0380285216141,0.608456345826,6.92119093377,ATR_TRAILING_STOP,12.529,12.7802758973,,2 days 10:00:00,3480,58,SOURCE,SOURCE,SOURCE,UNAVAILABLE,DERIVED
v3,perpetual,true_oos,T2,H1,CNYRUBF,V3_TRUE_OOS,TradingSystemLab/results/perpetual_v3/true_oos/T2/H1/trades.csv,165,T2-H1-CNYRUBF-000034,v3|true_oos|T2|H1|CNYRUBF|TradingSystemLab/results/perpetual_v3/true_oos/T2/H1/trades.csv|165|T2-H1-CNYRUBF-000034,LONG,2026-08-28 17:00:00+03:00,2026-08-30 13:00:00+03:00,2026-08-28,2026-08-30,2026,8,2026,8,4,6,17,13,0.746672528672,0.771207514827,0.0245349861556,0.0981399446225,1.48436666242,ATR_TRAILING_STOP,12.825,12.8878659425,,1 days 20:00:00,2640,44,SOURCE,SOURCE,SOURCE,UNAVAILABLE,DERIVED
v3,perpetual,true_oos,T2,H1,CNYRUBF,V3_TRUE_OOS,TradingSystemLab/results/perpetual_v3/true_oos/T2/H1/trades.csv,167,T2-H1-CNYRUBF-000035,v3|true_oos|T2|H1|CNYRUBF|TradingSystemLab/results/perpetual_v3/true_oos/T2/H1/trades.csv|167|T2-H1-CNYRUBF-000035,LONG,2026-09-01 22:00:00+03:00,2026-09-02 11:00:00+03:00,2026-09-01,2026-09-02,2026,9,2026,9,1,2,22,11,-1.05737553005,-1,0.0573755300479,0.717194125599,0.459004240383,INITIAL_STOP,12.906,12.8711419342,,0 days 13:00:00,780,13,SOURCE,SOURCE,SOURCE,UNAVAILABLE,DERIVED
v3,perpetual,true_oos,T2,H1,GLDRUBF,V3_TRUE_OOS,TradingSystemLab/results/perpetual_v3/true_oos/T2/H1/trades.csv,9,T2-H1-GLDRUBF-000001,v3|true_oos|T2|H1|GLDRUBF|TradingSystemLab/results/perpetual_v3/true_oos/T2/H1/trades.csv|9|T2-H1-GLDRUBF-000001,SHORT,2025-03-10 12:00:00+03:00,2025-03-11 22:00:00+03:00,2025-03-10,2025-03-11,2025,3,2025,3,0,1,12,22,1.3850992441,1.38512927096,3.00268613455e-05,0.644076175862,3.10477746313,ATR_TRAILING_STOP,8297.6,8205.34065561,,1 days 10:00:00,2040,34,SOURCE,SOURCE,SOURCE,UNAVAILABLE,DERIVED
v3,perpetual,true_oos,T2,H1,GLDRUBF,V3_TRUE_OOS,TradingSystemLab/results/perpetual_v3/true_oos/T2/H1/trades.csv,24,T2-H1-GLDRUBF-000002,v3|true_oos|T2|H1|GLDRUBF|TradingSystemLab/results/perpetual_v3/true_oos/T2/H1/trades.csv|24|T2-H1-GLDRUBF-000002,SHORT,2025-05-29 22:00:00+03:00,2025-05-30 16:00:00+03:00,2025-05-29,2025-05-30,2025,5,2025,5,3,4,22,16,-1.00005385872,-1,5.38587182617e-05,0.395861579224,1.4003266748,INITIAL_STOP,8290,8327.13419228,,0 days 18:00:00,1080,18,SOURCE,SOURCE,SOURCE,UNAVAILABLE,DERIVED
v3,perpetual,true_oos,T2,H1,GLDRUBF,V3_TRUE_OOS,TradingSystemLab/results/perpetual_v3/true_oos/T2/H1/trades.csv,26,T2-H1-GLDRUBF-000003,v3|true_oos|T2|H1|GLDRUBF|TradingSystemLab/results/perpetual_v3/true_oos/T2/H1/trades.csv|26|T2-H1-GLDRUBF-000003,SHORT,2025-05-30 18:00:00+03:00,2025-06-02 09:00:00+03:00,2025-05-30,2025-06-02,2025,5,2025,6,4,0,18,9,-1.34605231801,-1.34602421729,2.81007143485e-05,0.748884037388,0.129263286003,INITIAL_STOP,8271.7,8367.5,,2 days 15:00:00,3780,63,SOURCE,SOURCE,SOURCE,UNAVAILABLE,DERIVED
v3,perpetual,true_oos,T2,H1,GLDRUBF,V3_TRUE_OOS,TradingSystemLab/results/perpetual_v3/true_oos/T2/H1/trades.csv,28,T2-H1-GLDRUBF-000004,v3|true_oos|T2|H1|GLDRUBF|TradingSystemLab/results/perpetual_v3/true_oos/T2/H1/trades.csv|28|T2-H1-GLDRUBF-000004,LONG,2025-06-05 13:00:00+03:00,2025-06-05 19:00:00+03:00,2025-06-05,2025-06-05,2025,6,2025,6,3,3,13,19,-1.0000359418,-1,3.59417965841e-05,0.788922435022,0.377388864133,INITIAL_STOP,8584,8528.35447891,,0 days 06:00:00,360,6,SOURCE,SOURCE,SOURCE,UNAVAILABLE,DERIVED
v3,perpetual,true_oos,T2,H1,GLDRUBF,V3_TRUE_OOS,TradingSystemLab/results/perpetual_v3/true_oos/T2/H1/trades.csv,30,T2-H1-GLDRUBF-000005,v3|true_oos|T2|H1|GLDRUBF|TradingSystemLab/results/perpetual_v3/true_oos/T2/H1/trades.csv|30|T2-H1-GLDRUBF-000005,SHORT,2025-06-30 12:00:00+03:00,2025-06-30 23:00:00+03:00,2025-06-30,2025-06-30,2025,6,2025,6,0,0,12,23,-0.949837868918,-0.949784605257,5.32636611544e-05,0.705743510296,0.7243857917,ATR_TRAILING_STOP,8218,8253.66351185,,0 days 11:00:00,660,11,SOURCE,SOURCE,SOURCE,UNAVAILABLE,DERIVED
v3,perpetual,true_oos,T2,H1,GLDRUBF,V3_TRUE_OOS,TradingSystemLab/results/perpetual_v3/true_oos/T2/H1/trades.csv,34,T2-H1-GLDRUBF-000006,v3|true_oos|T2|H1|GLDRUBF|TradingSystemLab/results/perpetual_v3/true_oos/T2/H1/trades.csv|34|T2-H1-GLDRUBF-000006,SHORT,2025-07-16 11:00:00+03:00,2025-07-16 18:00:00+03:00,2025-07-16,2025-07-16,2025,7,2025,7,2,2,11,18,-0.728054022044,-0.728022843335,3.1178708494e-05,0.784144518624,0.0374144501928,EMA50_TREND_LOSS,8282.6,8329.3,,0 days 07:00:00,420,7,SOURCE,SOURCE,SOURCE,UNAVAILABLE,DERIVED
v3,perpetual,true_oos,T2,H1,GLDRUBF,V3_TRUE_OOS,TradingSystemLab/results/perpetual_v3/true_oos/T2/H1/trades.csv,43,T2-H1-GLDRUBF-000007,v3|true_oos|T2|H1|GLDRUBF|TradingSystemLab/results/perpetual_v3/true_oos/T2/H1/trades.csv|43|T2-H1-GLDRUBF-000007,LONG,2025-08-19 13:00:00+03:00,2025-08-19 17:00:00+03:00,2025-08-19,2025-08-19,2025,8,2025,8,1,1,13,17,-1.0000817956,-1,8.17956014393e-05,0.642095471298,0.699352392306,INITIAL_STOP,8594.7,8570.24880746,,0 days 04:00:00,240,4,SOURCE,SOURCE,SOURCE,UNAVAILABLE,DERIVED
v3,perpetual,true_oos,T2,H1,GLDRUBF,V3_TRUE_OOS,TradingSystemLab/results/perpetual_v3/true_oos/T2/H1/trades.csv,46,T2-H1-GLDRUBF-000008,v3|true_oos|T2|H1|GLDRUBF|TradingSystemLab/results/perpetual_v3/true_oos/T2/H1/trades.csv|46|T2-H1-GLDRUBF-000008,LONG,2025-08-26 17:00:00+03:00,2025-08-27 11:00:00+03:00,2025-08-26,2025-08-27,2025,8,2025,8,1,2,17,11,-0.0229605574194,-0.022870582242,8.99751773873e-05,0.35540195068,2.15040673956,ATR_TRAILING_STOP,8669.1,8668.59162463,,0 days 18:00:00,1080,18,SOURCE,SOURCE,SOURCE,UNAVAILABLE,DERIVED
v3,perpetual,true_oos,T2,H1,GLDRUBF,V3_TRUE_OOS,TradingSystemLab/results/perpetual_v3/true_oos/T2/H1/trades.csv,49,T2-H1-GLDRUBF-000009,v3|true_oos|T2|H1|GLDRUBF|TradingSystemLab/results/perpetual_v3/true_oos/T2/H1/trades.csv|49|T2-H1-GLDRUBF-000009,LONG,2025-08-27 18:00:00+03:00,2025-09-01 11:00:00+03:00,2025-08-27,2025-09-01,2025,8,2025,9,2,0,18,11,4.60520168594,4.60524790673,4.62207933733e-05,0.344344910631,5.91857259145,ATR_TRAILING_STOP,8715.4,8914.67169443,,4 days 17:00:00,6780,113,SOURCE,SOURCE,SOURCE,UNAVAILABLE,DERIVED
v3,perpetual,true_oos,T2,H1,GLDRUBF,V3_TRUE_OOS,TradingSystemLab/results/perpetual_v3/true_oos/T2/H1/trades.csv,51,T2-H1-GLDRUBF-000010,v3|true_oos|T2|H1|GLDRUBF|TradingSystemLab/results/perpetual_v3/true_oos/T2/H1/trades.csv|51|T2-H1-GLDRUBF-000010,LONG,2025-09-02 09:00:00+03:00,2025-09-04 09:00:00+03:00,2025-09-02,2025-09-04,2025,9,2025,9,1,3,9,9,4.50980172814,4.50985541689,5.3688754963e-05,0.190595080119,7.62380320475,ATR_TRAILING_STOP,8906,9074,,2 days 00:00:00,2880,48,SOURCE,SOURCE,SOURCE,UNAVAILABLE,DERIVED
v3,perpetual,true_oos,T2,H1,GLDRUBF,V3_TRUE_OOS,TradingSystemLab/results/perpetual_v3/true_oos/T2/H1/trades.csv,52,T2-H1-GLDRUBF-000011,v3|true_oos|T2|H1|GLDRUBF|TradingSystemLab/results/perpetual_v3/true_oos/T2/H1/trades.csv|52|T2-H1-GLDRUBF-000011,LONG,2025-09-04 11:00:00+03:00,2025-09-07 17:00:00+03:00,2025-09-04,2025-09-07,2025,9,2025,9,3,6,11,17,2.06697054415,2.06699429395,2.37497999634e-05,0.125873939806,2.53885361608,ATR_TRAILING_STOP,9111.2,9285.26414346,,3 days 06:00:00,4680,78,SOURCE,SOURCE,SOURCE,UNAVAILABLE,DERIVED
v3,perpetual,true_oos,T2,H1,GLDRUBF,V3_TRUE_OOS,TradingSystemLab/results/perpetual_v3/true_oos/T2/H1/trades.csv,57,T2-H1-GLDRUBF-000012,v3|true_oos|T2|H1|GLDRUBF|TradingSystemLab/results/perpetual_v3/true_oos/T2/H1/trades.csv|57|T2-H1-GLDRUBF-000012,LONG,2025-09-25 14:00:00+03:00,2025-09-25 16:00:00+03:00,2025-09-25,2025-09-25,2025,9,2025,9,3,3,14,16,-1.00004498323,-1,4.49832298563e-05,0.841186398313,0.0382357453779,INITIAL_STOP,9994.9,9950.43898628,,0 days 02:00:00,120,2,SOURCE,SOURCE,SOURCE,UNAVAILABLE,DERIVED
v3,perpetual,true_oos,T2,H1,GLDRUBF,V3_TRUE_OOS,TradingSystemLab/results/perpetual_v3/true_oos/T2/H1/trades.csv,63,T2-H1-GLDRUBF-000013,v3|true_oos|T2|H1|GLDRUBF|TradingSystemLab/results/perpetual_v3/true_oos/T2/H1/trades.csv|63|T2-H1-GLDRUBF-000013,LONG,2025-10-07 16:00:00+03:00,2025-10-09 19:00:00+03:00,2025-10-07,2025-10-09,2025,10,2025,10,1,3,16,19,0.985574558864,0.985604004316,2.94454528831e-05,0.65221678136,2.76787257101,ATR_TRAILING_STOP,10364.7,10431.6443943,,2 days 03:00:00,3060,51,SOURCE,SOURCE,SOURCE,UNAVAILABLE,DERIVED
v3,perpetual,true_oos,T2,H1,GLDRUBF,V3_TRUE_OOS,TradingSystemLab/results/perpetual_v3/true_oos/T2/H1/trades.csv,64,T2-H1-GLDRUBF-000014,v3|true_oos|T2|H1|GLDRUBF|TradingSystemLab/results/perpetual_v3/true_oos/T2/H1/trades.csv|64|T2-H1-GLDRUBF-000014,LONG,2025-10-14 00:00:00+03:00,2025-10-14 10:00:00+03:00,2025-10-14,2025-10-14,2025,10,2025,10,1,1,0,10,-1.00004832983,-1,4.83298322172e-05,0,0.135323530208,INITIAL_STOP,10566.4,10525.017692,,0 days 10:00:00,600,10,SOURCE,SOURCE,SOURCE,UNAVAILABLE,DERIVED
v3,perpetual,true_oos,T2,H1,GLDRUBF,V3_TRUE_OOS,TradingSystemLab/results/perpetual_v3/true_oos/T2/H1/trades.csv,66,T2-H1-GLDRUBF-000015,v3|true_oos|T2|H1|GLDRUBF|TradingSystemLab/results/perpetual_v3/true_oos/T2/H1/trades.csv|66|T2-H1-GLDRUBF-000015,LONG,2025-10-14 12:00:00+03:00,2025-10-17 17:00:00+03:00,2025-10-14,2025-10-17,2025,10,2025,10,1,4,12,17,6.21348358751,6.21350493615,2.13486345374e-05,0.68208887347,8.64619698765,ATR_TRAILING_STOP,10567.4,11149.4985811,,3 days 05:00:00,4620,77,SOURCE,SOURCE,SOURCE,UNAVAILABLE,DERIVED
v3,perpetual,true_oos,T2,H1,GLDRUBF,V3_TRUE_OOS,TradingSystemLab/results/perpetual_v3/true_oos/T2/H1/trades.csv,67,T2-H1-GLDRUBF-000016,v3|true_oos|T2|H1|GLDRUBF|TradingSystemLab/results/perpetual_v3/true_oos/T2/H1/trades.csv|67|T2-H1-GLDRUBF-000016,LONG,2025-10-18 00:00:00+03:00,2025-10-20 10:00:00+03:00,2025-10-18,2025-10-20,2025,10,2025,10,5,0,0,10,-0.779865374905,-0.779849092302,1.628260321e-05,0.902056217835,0.376942264312,ATR_TRAILING_STOP,11070.9,10975.1107601,,2 days 10:00:00,3480,58,SOURCE,SOURCE,SOURCE,UNAVAILABLE,DERIVED
v3,perpetual,true_oos,T2,H1,GLDRUBF,V3_TRUE_OOS,TradingSystemLab/results/perpetual_v3/true_oos/T2/H1/trades.csv,71,T2-H1-GLDRUBF-000017,v3|true_oos|T2|H1|GLDRUBF|TradingSystemLab/results/perpetual_v3/true_oos/T2/H1/trades.csv|71|T2-H1-GLDRUBF-000017,LONG,2025-11-12 10:00:00+03:00,2025-11-13 22:00:00+03:00,2025-11-12,2025-11-13,2025,11,2025,11,2,3,10,22,2.31079613505,2.31083225809,3.61230457938e-05,0.451538072423,5.02290951763,ATR_TRAILING_STOP,10700.1,10828.0422711,,1 days 12:00:00,2160,36,SOURCE,SOURCE,SOURCE,UNAVAILABLE,DERIVED
v3,perpetual,true_oos,T2,H1,GLDRUBF,V3_TRUE_OOS,TradingSystemLab/results/perpetual_v3/true_oos/T2/H1/trades.csv,72,T2-H1-GLDRUBF-000018,v3|true_oos|T2|H1|GLDRUBF|TradingSystemLab/results/perpetual_v3/true_oos/T2/H1/trades.csv|72|T2-H1-GLDRUBF-000018,LONG,2025-11-14 09:00:00+03:00,2025-11-14 15:00:00+03:00,2025-11-14,2025-11-14,2025,11,2025,11,4,4,9,15,-0.723097123985,-0.723080900775,1.62232101305e-05,0.379623117053,0.76979132069,ATR_TRAILING_STOP,10872,10782.8584682,,0 days 06:00:00,360,6,SOURCE,SOURCE,SOURCE,UNAVAILABLE,DERIVED
v3,perpetual,true_oos,T2,H1,GLDRUBF,V3_TRUE_OOS,TradingSystemLab/results/perpetual_v3/true_oos/T2/H1/trades.csv,74,T2-H1-GLDRUBF-000019,v3|true_oos|T2|H1|GLDRUBF|TradingSystemLab/results/perpetual_v3/true_oos/T2/H1/trades.csv|74|T2-H1-GLDRUBF-000019,SHORT,2025-11-21 19:00:00+03:00,2025-11-21 20:00:00+03:00,2025-11-21,2025-11-21,2025,11,2025,11,4,4,19,20,-1.00002588568,-1,2.58856750887e-05,0,0,INITIAL_STOP,10340.3,10417.5628102,,0 days 01:00:00,60,1,SOURCE,SOURCE,SOURCE,UNAVAILABLE,DERIVED
v3,perpetual,true_oos,T2,H1,GLDRUBF,V3_TRUE_OOS,TradingSystemLab/results/perpetual_v3/true_oos/T2/H1/trades.csv,77,T2-H1-GLDRUBF-000020,v3|true_oos|T2|H1|GLDRUBF|TradingSystemLab/results/perpetual_v3/true_oos/T2/H1/trades.csv|77|T2-H1-GLDRUBF-000020,SHORT,2025-11-22 00:00:00+03:00,2025-11-24 22:00:00+03:00,2025-11-22,2025-11-24,2025,11,2025,11,5,0,0,22,-0.627751488539,-0.627731823165,1.96653745674e-05,0.247783719549,0.846594375127,ATR_TRAILING_STOP,10343.1,10406.9413289,,2 days 22:00:00,4200,70,SOURCE,SOURCE,SOURCE,UNAVAILABLE,DERIVED
v3,perpetual,true_oos,T2,H1,GLDRUBF,V3_TRUE_OOS,TradingSystemLab/results/perpetual_v3/true_oos/T2/H1/trades.csv,80,T2-H1-GLDRUBF-000021,v3|true_oos|T2|H1|GLDRUBF|TradingSystemLab/results/perpetual_v3/true_oos/T2/H1/trades.csv|80|T2-H1-GLDRUBF-000021,SHORT,2025-12-02 22:00:00+03:00,2025-12-03 00:00:00+03:00,2025-12-02,2025-12-03,2025,12,2025,12,1,2,22,0,-0.970078277792,-0.970040752037,3.75257544308e-05,0.459690491778,0.0487834807601,EMA50_TREND_LOSS,10458.3,10510,,0 days 02:00:00,120,2,SOURCE,SOURCE,SOURCE,UNAVAILABLE,DERIVED
v3,perpetual,true_oos,T2,H1,GLDRUBF,V3_TRUE_OOS,TradingSystemLab/results/perpetual_v3/true_oos/T2/H1/trades.csv,81,T2-H1-GLDRUBF-000022,v3|true_oos|T2|H1|GLDRUBF|TradingSystemLab/results/perpetual_v3/true_oos/T2/H1/trades.csv|81|T2-H1-GLDRUBF-000022,LONG,2025-12-11 12:00:00+03:00,2025-12-12 19:00:00+03:00,2025-12-11,2025-12-12,2025,12,2025,12,3,4,12,19,1.79453369504,1.79455337516,1.96801169771e-05,0.314881871633,3.3052756463,ATR_TRAILING_STOP,10642,10824.3722265,,1 days 07:00:00,1860,31,SOURCE,SOURCE,SOURCE,UNAVAILABLE,DERIVED
v3,perpetual,true_oos,T2,H1,GLDRUBF,V3_TRUE_OOS,TradingSystemLab/results/perpetual_v3/true_oos/T2/H1/trades.csv,82,T2-H1-GLDRUBF-000023,v3|true_oos|T2|H1|GLDRUBF|TradingSystemLab/results/perpetual_v3/true_oos/T2/H1/trades.csv|82|T2-H1-GLDRUBF-000023,LONG,2025-12-15 22:00:00+03:00,2025-12-16 10:00:00+03:00,2025-12-15,2025-12-16,2025,12,2025,12,0,1,22,10,-1.00002924557,-1,2.92455682637e-05,0.820338189796,0.203256699432,INITIAL_STOP,10946.1,10877.7135702,,0 days 12:00:00,720,12,SOURCE,SOURCE,SOURCE,UNAVAILABLE,DERIVED
v3,perpetual,true_oos,T2,H1,GLDRUBF,V3_TRUE_OOS,TradingSystemLab/results/perpetual_v3/true_oos/T2/H1/trades.csv,95,T2-H1-GLDRUBF-000024,v3|true_oos|T2|H1|GLDRUBF|TradingSystemLab/results/perpetual_v3/true_oos/T2/H1/trades.csv|95|T2-H1-GLDRUBF-000024,LONG,2026-01-27 09:00:00+03:00,2026-01-27 18:00:00+03:00,2026-01-27,2026-01-27,2026,1,2026,1,1,1,9,18,-0.745146582239,-0.745133377952,1.32042874745e-05,0.483937135941,0.527511284607,ATR_TRAILING_STOP,12458.1,12345.237662,,0 days 09:00:00,540,9,SOURCE,SOURCE,SOURCE,UNAVAILABLE,DERIVED
v3,perpetual,true_oos,T2,H1,GLDRUBF,V3_TRUE_OOS,TradingSystemLab/results/perpetual_v3/true_oos/T2/H1/trades.csv,96,T2-H1-GLDRUBF-000025,v3|true_oos|T2|H1|GLDRUBF|TradingSystemLab/results/perpetual_v3/true_oos/T2/H1/trades.csv|96|T2-H1-GLDRUBF-000025,SHORT,2026-02-02 17:00:00+03:00,2026-02-03 10:00:00+03:00,2026-02-02,2026-02-03,2026,2,2026,2,0,1,17,10,-1.00000661497,-1,6.61497219681e-06,0.855646653658,0.624122626769,INITIAL_STOP,11595.3,11897.6444303,,0 days 17:00:00,1020,17,SOURCE,SOURCE,SOURCE,UNAVAILABLE,DERIVED
v3,perpetual,true_oos,T2,H1,GLDRUBF,V3_TRUE_OOS,TradingSystemLab/results/perpetual_v3/true_oos/T2/H1/trades.csv,99,T2-H1-GLDRUBF-000026,v3|true_oos|T2|H1|GLDRUBF|TradingSystemLab/results/perpetual_v3/true_oos/T2/H1/trades.csv|99|T2-H1-GLDRUBF-000026,SHORT,2026-02-18 12:00:00+03:00,2026-02-18 16:00:00+03:00,2026-02-18,2026-02-18,2026,2,2026,2,2,2,12,16,-1.00002103543,-1,2.10354265928e-05,0.723618674792,0.135678501524,INITIAL_STOP,12050.2,12145.277701,,0 days 04:00:00,240,4,SOURCE,SOURCE,SOURCE,UNAVAILABLE,DERIVED
v3,perpetual,true_oos,T2,H1,GLDRUBF,V3_TRUE_OOS,TradingSystemLab/results/perpetual_v3/true_oos/T2/H1/trades.csv,102,T2-H1-GLDRUBF-000027,v3|true_oos|T2|H1|GLDRUBF|TradingSystemLab/results/perpetual_v3/true_oos/T2/H1/trades.csv|102|T2-H1-GLDRUBF-000027,LONG,2026-02-25 00:00:00+03:00,2026-02-26 11:00:00+03:00,2026-02-25,2026-02-26,2026,2,2026,2,2,3,0,11,2.97824385679,2.97827165197,2.77951769289e-05,0,5.45619323114,ATR_TRAILING_STOP,12745.8,12960.1013271,,1 days 11:00:00,2100,35,SOURCE,SOURCE,SOURCE,UNAVAILABLE,DERIVED
v3,perpetual,true_oos,T2,H1,GLDRUBF,V3_TRUE_OOS,TradingSystemLab/results/perpetual_v3/true_oos/T2/H1/trades.csv,106,T2-H1-GLDRUBF-000028,v3|true_oos|T2|H1|GLDRUBF|TradingSystemLab/results/perpetual_v3/true_oos/T2/H1/trades.csv|106|T2-H1-GLDRUBF-000028,SHORT,2026-03-20 13:00:00+03:00,2026-03-23 15:00:00+03:00,2026-03-20,2026-03-23,2026,3,2026,3,4,0,13,15,3.85473606015,3.85474535745,9.29730365346e-06,0.727978876066,6.1464474453,ATR_TRAILING_STOP,12420,11590.7820888,,3 days 02:00:00,4440,74,SOURCE,SOURCE,SOURCE,UNAVAILABLE,DERIVED
v3,perpetual,true_oos,T2,H1,GLDRUBF,V3_TRUE_OOS,TradingSystemLab/results/perpetual_v3/true_oos/T2/H1/trades.csv,107,T2-H1-GLDRUBF-000029,v3|true_oos|T2|H1|GLDRUBF|TradingSystemLab/results/perpetual_v3/true_oos/T2/H1/trades.csv|107|T2-H1-GLDRUBF-000029,SHORT,2026-03-27 10:00:00+03:00,2026-03-27 18:00:00+03:00,2026-03-27,2026-03-27,2026,3,2026,3,4,4,10,18,-1.0000170283,-1,1.70282979286e-05,0.87099743905,0.929745066904,INITIAL_STOP,11521.3,11638.7515508,,0 days 08:00:00,480,8,SOURCE,SOURCE,SOURCE,UNAVAILABLE,DERIVED
v3,perpetual,true_oos,T2,H1,GLDRUBF,V3_TRUE_OOS,TradingSystemLab/results/perpetual_v3/true_oos/T2/H1/trades.csv,112,T2-H1-GLDRUBF-000030,v3|true_oos|T2|H1|GLDRUBF|TradingSystemLab/results/perpetual_v3/true_oos/T2/H1/trades.csv|112|T2-H1-GLDRUBF-000030,SHORT,2026-04-13 10:00:00+03:00,2026-04-14 10:00:00+03:00,2026-04-13,2026-04-14,2026,4,2026,4,0,1,10,10,-0.689737687819,-0.689717446175,2.02416446928e-05,0.456449087823,0.852173241567,ATR_TRAILING_STOP,11585.2,11653.3483601,,1 days 00:00:00,1440,24,SOURCE,SOURCE,SOURCE,UNAVAILABLE,DERIVED
v3,perpetual,true_oos,T2,H1,GLDRUBF,V3_TRUE_OOS,TradingSystemLab/results/perpetual_v3/true_oos/T2/H1/trades.csv,117,T2-H1-GLDRUBF-000031,v3|true_oos|T2|H1|GLDRUBF|TradingSystemLab/results/perpetual_v3/true_oos/T2/H1/trades.csv|117|T2-H1-GLDRUBF-000031,SHORT,2026-04-22 16:00:00+03:00,2026-04-23 16:00:00+03:00,2026-04-22,2026-04-23,2026,4,2026,4,2,3,16,16,0.760048108349,0.760086955158,3.88468082565e-05,0.283581700273,3.81281423038,ATR_TRAILING_STOP,11464.4,11425.2674695,,1 days 00:00:00,1440,24,SOURCE,SOURCE,SOURCE,UNAVAILABLE,DERIVED
v3,perpetual,true_oos,T2,H1,GLDRUBF,V3_TRUE_OOS,TradingSystemLab/results/perpetual_v3/true_oos/T2/H1/trades.csv,119,T2-H1-GLDRUBF-000032,v3|true_oos|T2|H1|GLDRUBF|TradingSystemLab/results/perpetual_v3/true_oos/T2/H1/trades.csv|119|T2-H1-GLDRUBF-000032,SHORT,2026-04-24 00:00:00+03:00,2026-04-28 12:00:00+03:00,2026-04-24,2026-04-28,2026,4,2026,4,4,1,0,12,3.31232777782,3.31234646011,1.86822881672e-05,0.384855136245,4.38846949048,ATR_TRAILING_STOP,11440.8,11086.2024871,,4 days 12:00:00,6480,108,SOURCE,SOURCE,SOURCE,UNAVAILABLE,DERIVED
v3,perpetual,true_oos,T2,H1,GLDRUBF,V3_TRUE_OOS,TradingSystemLab/results/perpetual_v3/true_oos/T2/H1/trades.csv,123,T2-H1-GLDRUBF-000033,v3|true_oos|T2|H1|GLDRUBF|TradingSystemLab/results/perpetual_v3/true_oos/T2/H1/trades.csv|123|T2-H1-GLDRUBF-000033,SHORT,2026-05-04 20:00:00+03:00,2026-05-05 12:00:00+03:00,2026-05-04,2026-05-05,2026,5,2026,5,0,1,20,12,-0.870155512604,-0.870138583838,1.69287662225e-05,0.897224609794,0.0880295843571,EMA50_TREND_LOSS,10947,11049.8,,0 days 16:00:00,960,16,SOURCE,SOURCE,SOURCE,UNAVAILABLE,DERIVED
v3,perpetual,true_oos,T2,H1,GLDRUBF,V3_TRUE_OOS,TradingSystemLab/results/perpetual_v3/true_oos/T2/H1/trades.csv,128,T2-H1-GLDRUBF-000034,v3|true_oos|T2|H1|GLDRUBF|TradingSystemLab/results/perpetual_v3/true_oos/T2/H1/trades.csv|128|T2-H1-GLDRUBF-000034,SHORT,2026-05-18 18:00:00+03:00,2026-05-20 11:00:00+03:00,2026-05-18,2026-05-20,2026,5,2026,5,0,2,18,11,4.77397414915,4.77399847331,2.43241531075e-05,0.109458688984,6.57238616965,ATR_TRAILING_STOP,10565.3,10172.7684736,,1 days 17:00:00,2460,41,SOURCE,SOURCE,SOURCE,UNAVAILABLE,DERIVED
v3,perpetual,true_oos,T2,H1,GLDRUBF,V3_TRUE_OOS,TradingSystemLab/results/perpetual_v3/true_oos/T2/H1/trades.csv,129,T2-H1-GLDRUBF-000035,v3|true_oos|T2|H1|GLDRUBF|TradingSystemLab/results/perpetual_v3/true_oos/T2/H1/trades.csv|129|T2-H1-GLDRUBF-000035,SHORT,2026-05-20 17:00:00+03:00,2026-05-20 18:00:00+03:00,2026-05-20,2026-05-20,2026,5,2026,5,2,2,17,18,-1.00003749452,-1,3.74945159835e-05,0,0,INITIAL_STOP,10256.8,10310.141134,,0 days 01:00:00,60,1,SOURCE,SOURCE,SOURCE,UNAVAILABLE,DERIVED
v3,perpetual,true_oos,T2,H1,GLDRUBF,V3_TRUE_OOS,TradingSystemLab/results/perpetual_v3/true_oos/T2/H1/trades.csv,133,T2-H1-GLDRUBF-000036,v3|true_oos|T2|H1|GLDRUBF|TradingSystemLab/results/perpetual_v3/true_oos/T2/H1/trades.csv|133|T2-H1-GLDRUBF-000036,LONG,2026-06-04 09:00:00+03:00,2026-06-04 18:00:00+03:00,2026-06-04,2026-06-04,2026,6,2026,6,3,3,9,18,0.0195635131354,0.0195887305942,2.521745879e-05,0,2.12078828424,ATR_TRAILING_STOP,10492.5,10494.0535848,,0 days 09:00:00,540,9,SOURCE,SOURCE,SOURCE,UNAVAILABLE,DERIVED
v3,perpetual,true_oos,T2,H1,GLDRUBF,V3_TRUE_OOS,TradingSystemLab/results/perpetual_v3/true_oos/T2/H1/trades.csv,135,T2-H1-GLDRUBF-000037,v3|true_oos|T2|H1|GLDRUBF|TradingSystemLab/results/perpetual_v3/true_oos/T2/H1/trades.csv|135|T2-H1-GLDRUBF-000037,SHORT,2026-06-18 15:00:00+03:00,2026-06-22 09:00:00+03:00,2026-06-18,2026-06-22,2026,6,2026,6,3,0,15,9,0.490953106329,0.490966878191,1.37718619408e-05,0.489589691996,1.78345612134,ATR_TRAILING_STOP,9892.3,9821,,3 days 18:00:00,5400,90,SOURCE,SOURCE,SOURCE,UNAVAILABLE,DERIVED
v3,perpetual,true_oos,T2,H1,GLDRUBF,V3_TRUE_OOS,TradingSystemLab/results/perpetual_v3/true_oos/T2/H1/trades.csv,140,T2-H1-GLDRUBF-000038,v3|true_oos|T2|H1|GLDRUBF|TradingSystemLab/results/perpetual_v3/true_oos/T2/H1/trades.csv|140|T2-H1-GLDRUBF-000038,LONG,2026-07-01 17:00:00+03:00,2026-07-01 23:00:00+03:00,2026-07-01,2026-07-01,2026,7,2026,7,2,2,17,23,-0.379750522567,-0.379739641775,1.08807920279e-05,0.187149622881,0.638158452439,EMA50_TREND_LOSS,10094.5,10024.7,,0 days 06:00:00,360,6,SOURCE,SOURCE,SOURCE,UNAVAILABLE,DERIVED
v3,perpetual,true_oos,T2,H1,GLDRUBF,V3_TRUE_OOS,TradingSystemLab/results/perpetual_v3/true_oos/T2/H1/trades.csv,142,T2-H1-GLDRUBF-000039,v3|true_oos|T2|H1|GLDRUBF|TradingSystemLab/results/perpetual_v3/true_oos/T2/H1/trades.csv|142|T2-H1-GLDRUBF-000039,LONG,2026-07-02 17:00:00+03:00,2026-07-06 09:00:00+03:00,2026-07-02,2026-07-06,2026,7,2026,7,3,0,17,9,0.576759733825,0.576771374014,1.16401891829e-05,0.431269009228,1.1995214953,ATR_TRAILING_STOP,10231.9,10331,,3 days 16:00:00,5280,88,SOURCE,SOURCE,SOURCE,UNAVAILABLE,DERIVED
v3,perpetual,true_oos,T2,H1,GLDRUBF,V3_TRUE_OOS,TradingSystemLab/results/perpetual_v3/true_oos/T2/H1/trades.csv,148,T2-H1-GLDRUBF-000040,v3|true_oos|T2|H1|GLDRUBF|TradingSystemLab/results/perpetual_v3/true_oos/T2/H1/trades.csv|148|T2-H1-GLDRUBF-000040,LONG,2026-07-21 19:00:00+03:00,2026-07-23 08:00:00+03:00,2026-07-21,2026-07-23,2026,7,2026,7,1,3,19,8,0.659921939941,0.659944534342,2.25944006503e-05,0.325359369365,2.06738765951,ATR_TRAILING_STOP,10230.7,10289.1166444,,1 days 13:00:00,2220,37,SOURCE,SOURCE,SOURCE,UNAVAILABLE,DERIVED
v3,perpetual,true_oos,T2,H1,GLDRUBF,V3_TRUE_OOS,TradingSystemLab/results/perpetual_v3/true_oos/T2/H1/trades.csv,152,T2-H1-GLDRUBF-000041,v3|true_oos|T2|H1|GLDRUBF|TradingSystemLab/results/perpetual_v3/true_oos/T2/H1/trades.csv|152|T2-H1-GLDRUBF-000041,LONG,2026-07-30 12:00:00+03:00,2026-07-31 08:00:00+03:00,2026-07-30,2026-07-31,2026,7,2026,7,3,4,12,8,-0.366636654329,-0.366612694019,2.3960310638e-05,0.159336065743,1.7538947387,ATR_TRAILING_STOP,10352.2,10321.5983355,,0 days 20:00:00,1200,20,SOURCE,SOURCE,SOURCE,UNAVAILABLE,DERIVED
v3,perpetual,true_oos,T2,H1,GLDRUBF,V3_TRUE_OOS,TradingSystemLab/results/perpetual_v3/true_oos/T2/H1/trades.csv,155,T2-H1-GLDRUBF-000042,v3|true_oos|T2|H1|GLDRUBF|TradingSystemLab/results/perpetual_v3/true_oos/T2/H1/trades.csv|155|T2-H1-GLDRUBF-000042,LONG,2026-08-03 19:00:00+03:00,2026-08-10 08:00:00+03:00,2026-08-03,2026-08-10,2026,8,2026,8,0,0,19,8,11.2365496376,11.2365720337,2.2396057516e-05,0.119818907711,12.027802689,ATR_TRAILING_STOP,10424.9,11428.3419697,,6 days 13:00:00,9420,157,SOURCE,SOURCE,SOURCE,UNAVAILABLE,DERIVED
v3,perpetual,true_oos,T2,H1,GLDRUBF,V3_TRUE_OOS,TradingSystemLab/results/perpetual_v3/true_oos/T2/H1/trades.csv,157,T2-H1-GLDRUBF-000043,v3|true_oos|T2|H1|GLDRUBF|TradingSystemLab/results/perpetual_v3/true_oos/T2/H1/trades.csv|157|T2-H1-GLDRUBF-000043,LONG,2026-08-10 18:00:00+03:00,2026-08-10 19:00:00+03:00,2026-08-10,2026-08-10,2026,8,2026,8,0,0,18,19,-1.00003212192,-1,3.21219184167e-05,0,0,INITIAL_STOP,11489.3,11427.0372181,,0 days 01:00:00,60,1,SOURCE,SOURCE,SOURCE,UNAVAILABLE,DERIVED
v3,perpetual,true_oos,T2,H1,GLDRUBF,V3_TRUE_OOS,TradingSystemLab/results/perpetual_v3/true_oos/T2/H1/trades.csv,160,T2-H1-GLDRUBF-000044,v3|true_oos|T2|H1|GLDRUBF|TradingSystemLab/results/perpetual_v3/true_oos/T2/H1/trades.csv|160|T2-H1-GLDRUBF-000044,LONG,2026-08-19 23:00:00+03:00,2026-08-20 09:00:00+03:00,2026-08-19,2026-08-20,2026,8,2026,8,2,3,23,9,-1.00001861739,-1,1.86173896064e-05,0.503600388853,0.254127368127,INITIAL_STOP,12039.7,11932.273554,,0 days 10:00:00,600,10,SOURCE,SOURCE,SOURCE,UNAVAILABLE,DERIVED
v3,perpetual,true_oos,T2,H1,GLDRUBF,V3_TRUE_OOS,TradingSystemLab/results/perpetual_v3/true_oos/T2/H1/trades.csv,161,T2-H1-GLDRUBF-000045,v3|true_oos|T2|H1|GLDRUBF|TradingSystemLab/results/perpetual_v3/true_oos/T2/H1/trades.csv|161|T2-H1-GLDRUBF-000045,LONG,2026-08-20 11:00:00+03:00,2026-08-20 13:00:00+03:00,2026-08-20,2026-08-20,2026,8,2026,8,3,3,11,13,-1.00002050308,-1,2.05030784229e-05,0.267565173419,0.0932890068242,INITIAL_STOP,12024.8,11927.2536726,,0 days 02:00:00,120,2,SOURCE,SOURCE,SOURCE,UNAVAILABLE,DERIVED
v3,perpetual,true_oos,T2,H1,GLDRUBF,V3_TRUE_OOS,TradingSystemLab/results/perpetual_v3/true_oos/T2/H1/trades.csv,169,T2-H1-GLDRUBF-000046,v3|true_oos|T2|H1|GLDRUBF|TradingSystemLab/results/perpetual_v3/true_oos/T2/H1/trades.csv|169|T2-H1-GLDRUBF-000046,SHORT,2026-09-07 14:00:00+03:00,2026-09-07 19:00:00+03:00,2026-09-07,2026-09-07,2026,9,2026,9,0,0,14,19,-1.00002339387,-1,2.3393866548e-05,0.437465304447,0.264350691992,INITIAL_STOP,12108,12193.4924942,,0 days 05:00:00,300,5,SOURCE,SOURCE,SOURCE,UNAVAILABLE,DERIVED
v3,perpetual,true_oos,T2,H1,GLDRUBF,V3_TRUE_OOS,TradingSystemLab/results/perpetual_v3/true_oos/T2/H1/trades.csv,170,T2-H1-GLDRUBF-000047,v3|true_oos|T2|H1|GLDRUBF|TradingSystemLab/results/perpetual_v3/true_oos/T2/H1/trades.csv|170|T2-H1-GLDRUBF-000047,SHORT,2026-09-08 14:00:00+03:00,2026-09-08 15:00:00+03:00,2026-09-08,2026-09-08,2026,9,2026,9,1,1,14,15,-0.715777546966,-0.715750739822,2.68071438135e-05,0,0,EMA50_TREND_LOSS,12155.3,12208.7,,0 days 01:00:00,60,1,SOURCE,SOURCE,SOURCE,UNAVAILABLE,DERIVED
v3,perpetual,true_oos,T2,H1,GLDRUBF,V3_TRUE_OOS,TradingSystemLab/results/perpetual_v3/true_oos/T2/H1/trades.csv,172,T2-H1-GLDRUBF-000048,v3|true_oos|T2|H1|GLDRUBF|TradingSystemLab/results/perpetual_v3/true_oos/T2/H1/trades.csv|172|T2-H1-GLDRUBF-000048,SHORT,2026-09-11 22:00:00+03:00,2026-09-15 08:00:00+03:00,2026-09-11,2026-09-15,2026,9,2026,9,4,1,22,8,-0.502262280226,-0.502230466873,3.18133531912e-05,0.817603177014,2.20148404083,ATR_TRAILING_STOP,11704.8,11736.3735637,,3 days 10:00:00,4920,82,SOURCE,SOURCE,SOURCE,UNAVAILABLE,DERIVED
v3,perpetual,true_oos,T2,H1,IMOEXF,V3_TRUE_OOS,TradingSystemLab/results/perpetual_v3/true_oos/T2/H1/trades.csv,5,T2-H1-IMOEXF-000001,v3|true_oos|T2|H1|IMOEXF|TradingSystemLab/results/perpetual_v3/true_oos/T2/H1/trades.csv|5|T2-H1-IMOEXF-000001,LONG,2025-01-28 19:00:00+03:00,2025-01-31 16:00:00+03:00,2025-01-28,2025-01-31,2025,1,2025,1,1,4,19,16,1.0809975587,1.08106214135,6.45826461331e-05,0.161456615333,1.98591636859,ATR_TRAILING_STOP,2935.5,2968.97840964,,2 days 21:00:00,4140,69,SOURCE,SOURCE,SOURCE,UNAVAILABLE,DERIVED
v3,perpetual,true_oos,T2,H1,IMOEXF,V3_TRUE_OOS,TradingSystemLab/results/perpetual_v3/true_oos/T2/H1/trades.csv,6,T2-H1-IMOEXF-000002,v3|true_oos|T2|H1|IMOEXF|TradingSystemLab/results/perpetual_v3/true_oos/T2/H1/trades.csv|6|T2-H1-IMOEXF-000002,LONG,2025-02-11 14:00:00+03:00,2025-02-12 18:00:00+03:00,2025-02-11,2025-02-12,2025,2,2025,2,1,2,14,18,0.691579836683,0.691650455556,7.06188736555e-05,0.141237747311,1.74781712297,ATR_TRAILING_STOP,3012,3031.58826075,,1 days 04:00:00,1680,28,SOURCE,SOURCE,SOURCE,UNAVAILABLE,DERIVED
v3,perpetual,true_oos,T2,H1,IMOEXF,V3_TRUE_OOS,TradingSystemLab/results/perpetual_v3/true_oos/T2/H1/trades.csv,7,T2-H1-IMOEXF-000003,v3|true_oos|T2|H1|IMOEXF|TradingSystemLab/results/perpetual_v3/true_oos/T2/H1/trades.csv|7|T2-H1-IMOEXF-000003,LONG,2025-02-18 15:00:00+03:00,2025-02-18 16:00:00+03:00,2025-02-18,2025-02-18,2025,2,2025,2,1,1,15,16,-1.00003062306,-1,3.06230553859e-05,0,0,INITIAL_STOP,3339,3273.68973051,,0 days 01:00:00,60,1,SOURCE,SOURCE,SOURCE,UNAVAILABLE,DERIVED
v3,perpetual,true_oos,T2,H1,IMOEXF,V3_TRUE_OOS,TradingSystemLab/results/perpetual_v3/true_oos/T2/H1/trades.csv,12,T2-H1-IMOEXF-000004,v3|true_oos|T2|H1|IMOEXF|TradingSystemLab/results/perpetual_v3/true_oos/T2/H1/trades.csv|12|T2-H1-IMOEXF-000004,SHORT,2025-03-14 09:00:00+03:00,2025-03-14 17:00:00+03:00,2025-03-14,2025-03-14,2025,3,2025,3,4,4,9,17,-1.00005764853,-1,5.76485320533e-05,0.490012522453,0.706194517653,INITIAL_STOP,3163,3197.69299094,,0 days 08:00:00,480,8,SOURCE,SOURCE,SOURCE,UNAVAILABLE,DERIVED
v3,perpetual,true_oos,T2,H1,IMOEXF,V3_TRUE_OOS,TradingSystemLab/results/perpetual_v3/true_oos/T2/H1/trades.csv,13,T2-H1-IMOEXF-000005,v3|true_oos|T2|H1|IMOEXF|TradingSystemLab/results/perpetual_v3/true_oos/T2/H1/trades.csv|13|T2-H1-IMOEXF-000005,SHORT,2025-03-25 11:00:00+03:00,2025-03-25 19:00:00+03:00,2025-03-25,2025-03-25,2025,3,2025,3,1,1,11,19,0.805036724536,0.805155957198,0.000119232662253,0.953861298021,3.48755537089,ATR_TRAILING_STOP,3184.5,3170.99437257,,0 days 08:00:00,480,8,SOURCE,SOURCE,SOURCE,UNAVAILABLE,DERIVED
v3,perpetual,true_oos,T2,H1,IMOEXF,V3_TRUE_OOS,TradingSystemLab/results/perpetual_v3/true_oos/T2/H1/trades.csv,16,T2-H1-IMOEXF-000006,v3|true_oos|T2|H1|IMOEXF|TradingSystemLab/results/perpetual_v3/true_oos/T2/H1/trades.csv|16|T2-H1-IMOEXF-000006,SHORT,2025-04-18 14:00:00+03:00,2025-04-18 17:00:00+03:00,2025-04-18,2025-04-18,2025,4,2025,4,4,4,14,17,-1.00005340392,-1,5.34039178288e-05,0.534039178288,0.320423506973,INITIAL_STOP,2840,2877.45043587,,0 days 03:00:00,180,3,SOURCE,SOURCE,SOURCE,UNAVAILABLE,DERIVED
v3,perpetual,true_oos,T2,H1,IMOEXF,V3_TRUE_OOS,TradingSystemLab/results/perpetual_v3/true_oos/T2/H1/trades.csv,19,T2-H1-IMOEXF-000007,v3|true_oos|T2|H1|IMOEXF|TradingSystemLab/results/perpetual_v3/true_oos/T2/H1/trades.csv|19|T2-H1-IMOEXF-000007,LONG,2025-04-23 18:00:00+03:00,2025-04-24 22:00:00+03:00,2025-04-23,2025-04-24,2025,4,2025,4,2,3,18,22,-0.189108971273,-0.189040229372,6.87419015896e-05,0.618677114307,1.04831399924,EMA50_TREND_LOSS,2948,2942.5,,1 days 04:00:00,1680,28,SOURCE,SOURCE,SOURCE,UNAVAILABLE,DERIVED
v3,perpetual,true_oos,T2,H1,IMOEXF,V3_TRUE_OOS,TradingSystemLab/results/perpetual_v3/true_oos/T2/H1/trades.csv,20,T2-H1-IMOEXF-000008,v3|true_oos|T2|H1|IMOEXF|TradingSystemLab/results/perpetual_v3/true_oos/T2/H1/trades.csv|20|T2-H1-IMOEXF-000008,SHORT,2025-05-06 14:00:00+03:00,2025-05-06 16:00:00+03:00,2025-05-06,2025-05-06,2025,5,2025,5,1,1,14,16,-1.00006458837,-1,6.45883700575e-05,0.645883700575,0.0161470925144,INITIAL_STOP,2772,2802.96532701,,0 days 02:00:00,120,2,SOURCE,SOURCE,SOURCE,UNAVAILABLE,DERIVED
v3,perpetual,true_oos,T2,H1,IMOEXF,V3_TRUE_OOS,TradingSystemLab/results/perpetual_v3/true_oos/T2/H1/trades.csv,23,T2-H1-IMOEXF-000009,v3|true_oos|T2|H1|IMOEXF|TradingSystemLab/results/perpetual_v3/true_oos/T2/H1/trades.csv|23|T2-H1-IMOEXF-000009,SHORT,2025-05-22 20:00:00+03:00,2025-05-27 11:00:00+03:00,2025-05-22,2025-05-27,2025,5,2025,5,3,1,20,11,1.93517925224,1.93524538071,6.61284650832e-05,0.297578092874,3.32295537043,ATR_TRAILING_STOP,2787,2728.47012551,,4 days 15:00:00,6660,111,SOURCE,SOURCE,SOURCE,UNAVAILABLE,DERIVED
v3,perpetual,true_oos,T2,H1,IMOEXF,V3_TRUE_OOS,TradingSystemLab/results/perpetual_v3/true_oos/T2/H1/trades.csv,29,T2-H1-IMOEXF-000010,v3|true_oos|T2|H1|IMOEXF|TradingSystemLab/results/perpetual_v3/true_oos/T2/H1/trades.csv|29|T2-H1-IMOEXF-000010,LONG,2025-06-04 20:00:00+03:00,2025-06-06 14:00:00+03:00,2025-06-04,2025-06-06,2025,6,2025,6,2,4,20,14,-0.104349140575,-0.104283334068,6.58065073969e-05,0.773226461914,0.970645984105,ATR_TRAILING_STOP,2856.5,2853.33060724,,1 days 18:00:00,2520,42,SOURCE,SOURCE,SOURCE,UNAVAILABLE,DERIVED
v3,perpetual,true_oos,T2,H1,IMOEXF,V3_TRUE_OOS,TradingSystemLab/results/perpetual_v3/true_oos/T2/H1/trades.csv,31,T2-H1-IMOEXF-000011,v3|true_oos|T2|H1|IMOEXF|TradingSystemLab/results/perpetual_v3/true_oos/T2/H1/trades.csv|31|T2-H1-IMOEXF-000011,LONG,2025-06-30 14:00:00+03:00,2025-07-02 10:00:00+03:00,2025-06-30,2025-07-02,2025,6,2025,7,0,2,14,10,0.195992037374,0.196070317988,7.82806138195e-05,0.0587104603646,1.13506890038,ATR_TRAILING_STOP,2833.5,2838.50942209,,1 days 20:00:00,2640,44,SOURCE,SOURCE,SOURCE,UNAVAILABLE,DERIVED
v3,perpetual,true_oos,T2,H1,IMOEXF,V3_TRUE_OOS,TradingSystemLab/results/perpetual_v3/true_oos/T2/H1/trades.csv,37,T2-H1-IMOEXF-000012,v3|true_oos|T2|H1|IMOEXF|TradingSystemLab/results/perpetual_v3/true_oos/T2/H1/trades.csv|37|T2-H1-IMOEXF-000012,LONG,2025-07-23 20:00:00+03:00,2025-07-23 23:00:00+03:00,2025-07-23,2025-07-23,2025,7,2025,7,2,2,20,23,-1.00013331172,-1,0.000133311720176,0.699886530925,0.0999837901321,INITIAL_STOP,2846,2830.99756813,,0 days 03:00:00,180,3,SOURCE,SOURCE,SOURCE,UNAVAILABLE,DERIVED
v3,perpetual,true_oos,T2,H1,IMOEXF,V3_TRUE_OOS,TradingSystemLab/results/perpetual_v3/true_oos/T2/H1/trades.csv,38,T2-H1-IMOEXF-000013,v3|true_oos|T2|H1|IMOEXF|TradingSystemLab/results/perpetual_v3/true_oos/T2/H1/trades.csv|38|T2-H1-IMOEXF-000013,LONG,2025-07-24 10:00:00+03:00,2025-07-24 11:00:00+03:00,2025-07-24,2025-07-24,2025,7,2025,7,3,3,10,11,-1.00022416105,-1,0.000224161054679,0,0,INITIAL_STOP,2840,2831.07784355,,0 days 01:00:00,60,1,SOURCE,SOURCE,SOURCE,UNAVAILABLE,DERIVED
v3,perpetual,true_oos,T2,H1,IMOEXF,V3_TRUE_OOS,TradingSystemLab/results/perpetual_v3/true_oos/T2/H1/trades.csv,48,T2-H1-IMOEXF-000014,v3|true_oos|T2|H1|IMOEXF|TradingSystemLab/results/perpetual_v3/true_oos/T2/H1/trades.csv|48|T2-H1-IMOEXF-000014,SHORT,2025-08-29 13:00:00+03:00,2025-08-29 19:00:00+03:00,2025-08-29,2025-08-29,2025,8,2025,8,4,4,13,19,-0.848507878029,-0.848390858601,0.000117019428772,0.965410287373,0.0877645715794,EMA50_TREND_LOSS,2888,2902.5,,0 days 06:00:00,360,6,SOURCE,SOURCE,SOURCE,UNAVAILABLE,DERIVED
v3,perpetual,true_oos,T2,H1,IMOEXF,V3_TRUE_OOS,TradingSystemLab/results/perpetual_v3/true_oos/T2/H1/trades.csv,50,T2-H1-IMOEXF-000015,v3|true_oos|T2|H1|IMOEXF|TradingSystemLab/results/perpetual_v3/true_oos/T2/H1/trades.csv|50|T2-H1-IMOEXF-000015,SHORT,2025-09-03 10:00:00+03:00,2025-09-03 11:00:00+03:00,2025-09-03,2025-09-03,2025,9,2025,9,2,2,10,11,-1.00031077863,-1,0.000310778628699,0,0,INITIAL_STOP,2868.5,2874.93544895,,0 days 01:00:00,60,1,SOURCE,SOURCE,SOURCE,UNAVAILABLE,DERIVED
v3,perpetual,true_oos,T2,H1,IMOEXF,V3_TRUE_OOS,TradingSystemLab/results/perpetual_v3/true_oos/T2/H1/trades.csv,53,T2-H1-IMOEXF-000016,v3|true_oos|T2|H1|IMOEXF|TradingSystemLab/results/perpetual_v3/true_oos/T2/H1/trades.csv|53|T2-H1-IMOEXF-000016,LONG,2025-09-08 18:00:00+03:00,2025-09-09 14:00:00+03:00,2025-09-08,2025-09-09,2025,9,2025,9,0,1,18,14,0.637426059579,0.63761653655,0.000190476970597,0.0952384852987,2.09524667657,ATR_TRAILING_STOP,2920,2926.69494621,,0 days 20:00:00,1200,20,SOURCE,SOURCE,SOURCE,UNAVAILABLE,DERIVED
v3,perpetual,true_oos,T2,H1,IMOEXF,V3_TRUE_OOS,TradingSystemLab/results/perpetual_v3/true_oos/T2/H1/trades.csv,54,T2-H1-IMOEXF-000017,v3|true_oos|T2|H1|IMOEXF|TradingSystemLab/results/perpetual_v3/true_oos/T2/H1/trades.csv|54|T2-H1-IMOEXF-000017,SHORT,2025-09-16 12:00:00+03:00,2025-09-17 10:00:00+03:00,2025-09-16,2025-09-17,2025,9,2025,9,1,2,12,10,0.342853917131,0.342959443114,0.000105525982497,0.158288973745,1.82032319806,ATR_TRAILING_STOP,2817.5,2811,,0 days 22:00:00,1320,22,SOURCE,SOURCE,SOURCE,UNAVAILABLE,DERIVED
v3,perpetual,true_oos,T2,H1,IMOEXF,V3_TRUE_OOS,TradingSystemLab/results/perpetual_v3/true_oos/T2/H1/trades.csv,55,T2-H1-IMOEXF-000018,v3|true_oos|T2|H1|IMOEXF|TradingSystemLab/results/perpetual_v3/true_oos/T2/H1/trades.csv|55|T2-H1-IMOEXF-000018,SHORT,2025-09-23 11:00:00+03:00,2025-09-23 13:00:00+03:00,2025-09-23,2025-09-23,2025,9,2025,9,1,1,11,13,-1.00011223611,-1,0.000112236111784,0.673416670703,0.477003475081,INITIAL_STOP,2745.5,2763.31957668,,0 days 02:00:00,120,2,SOURCE,SOURCE,SOURCE,UNAVAILABLE,DERIVED
v3,perpetual,true_oos,T2,H1,IMOEXF,V3_TRUE_OOS,TradingSystemLab/results/perpetual_v3/true_oos/T2/H1/trades.csv,56,T2-H1-IMOEXF-000019,v3|true_oos|T2|H1|IMOEXF|TradingSystemLab/results/perpetual_v3/true_oos/T2/H1/trades.csv|56|T2-H1-IMOEXF-000019,SHORT,2025-09-24 22:00:00+03:00,2025-09-25 10:00:00+03:00,2025-09-24,2025-09-25,2025,9,2025,9,2,3,22,10,-1.00013255588,-1,0.000132555877911,0.530223511643,0.0662779389554,INITIAL_STOP,2724.5,2739.58797672,,0 days 12:00:00,720,12,SOURCE,SOURCE,SOURCE,UNAVAILABLE,DERIVED
v3,perpetual,true_oos,T2,H1,IMOEXF,V3_TRUE_OOS,TradingSystemLab/results/perpetual_v3/true_oos/T2/H1/trades.csv,62,T2-H1-IMOEXF-000020,v3|true_oos|T2|H1|IMOEXF|TradingSystemLab/results/perpetual_v3/true_oos/T2/H1/trades.csv|62|T2-H1-IMOEXF-000020,SHORT,2025-09-30 20:00:00+03:00,2025-10-05 19:00:00+03:00,2025-09-30,2025-10-05,2025,9,2025,10,1,6,20,19,6.28124956994,6.28137148133,0.000121911393491,0.97529114793,7.83280703181,ATR_TRAILING_STOP,2679,2575.95185493,,4 days 23:00:00,7140,119,SOURCE,SOURCE,SOURCE,UNAVAILABLE,DERIVED
v3,perpetual,true_oos,T2,H1,IMOEXF,V3_TRUE_OOS,TradingSystemLab/results/perpetual_v3/true_oos/T2/H1/trades.csv,65,T2-H1-IMOEXF-000021,v3|true_oos|T2|H1|IMOEXF|TradingSystemLab/results/perpetual_v3/true_oos/T2/H1/trades.csv|65|T2-H1-IMOEXF-000021,SHORT,2025-10-15 17:00:00+03:00,2025-10-16 16:00:00+03:00,2025-10-15,2025-10-16,2025,10,2025,10,2,3,17,16,-0.908547972844,-0.908460942664,8.70301795023e-05,0.761514070645,0.630968801392,ATR_TRAILING_STOP,2546,2566.87691759,,0 days 23:00:00,1380,23,SOURCE,SOURCE,SOURCE,UNAVAILABLE,DERIVED
v3,perpetual,true_oos,T2,H1,IMOEXF,V3_TRUE_OOS,TradingSystemLab/results/perpetual_v3/true_oos/T2/H1/trades.csv,70,T2-H1-IMOEXF-000022,v3|true_oos|T2|H1|IMOEXF|TradingSystemLab/results/perpetual_v3/true_oos/T2/H1/trades.csv|70|T2-H1-IMOEXF-000022,LONG,2025-11-11 21:00:00+03:00,2025-11-12 11:00:00+03:00,2025-11-11,2025-11-12,2025,11,2025,11,1,2,21,11,-1.00014966023,-1,0.000149660226374,0.561225848903,0.224490339561,INITIAL_STOP,2581,2567.636396,,0 days 14:00:00,840,14,SOURCE,SOURCE,SOURCE,UNAVAILABLE,DERIVED
v3,perpetual,true_oos,T2,H1,IMOEXF,V3_TRUE_OOS,TradingSystemLab/results/perpetual_v3/true_oos/T2/H1/trades.csv,76,T2-H1-IMOEXF-000023,v3|true_oos|T2|H1|IMOEXF|TradingSystemLab/results/perpetual_v3/true_oos/T2/H1/trades.csv|76|T2-H1-IMOEXF-000023,LONG,2025-11-21 21:00:00+03:00,2025-11-24 14:00:00+03:00,2025-11-21,2025-11-24,2025,11,2025,11,4,0,21,14,-0.800040811793,-0.799999795215,4.10165784177e-05,0.738298411519,0.338386771946,ATR_TRAILING_STOP,2698,2658.99139294,,2 days 17:00:00,3900,65,SOURCE,SOURCE,SOURCE,UNAVAILABLE,DERIVED
v3,perpetual,true_oos,T2,H1,IMOEXF,V3_TRUE_OOS,TradingSystemLab/results/perpetual_v3/true_oos/T2/H1/trades.csv,79,T2-H1-IMOEXF-000024,v3|true_oos|T2|H1|IMOEXF|TradingSystemLab/results/perpetual_v3/true_oos/T2/H1/trades.csv|79|T2-H1-IMOEXF-000024,LONG,2025-12-01 17:00:00+03:00,2025-12-02 00:00:00+03:00,2025-12-01,2025-12-02,2025,12,2025,12,0,1,17,0,-1.00010822361,-1,0.000108223610148,0.811677076111,0.135279512685,INITIAL_STOP,2696.5,2678.01974419,,0 days 07:00:00,420,7,SOURCE,SOURCE,SOURCE,UNAVAILABLE,DERIVED
v3,perpetual,true_oos,T2,H1,IMOEXF,V3_TRUE_OOS,TradingSystemLab/results/perpetual_v3/true_oos/T2/H1/trades.csv,83,T2-H1-IMOEXF-000025,v3|true_oos|T2|H1|IMOEXF|TradingSystemLab/results/perpetual_v3/true_oos/T2/H1/trades.csv|83|T2-H1-IMOEXF-000025,LONG,2025-12-15 18:00:00+03:00,2025-12-17 13:00:00+03:00,2025-12-15,2025-12-17,2025,12,2025,12,0,2,18,13,0.551912484833,0.5520036628,9.11779674452e-05,0.615451280255,1.57281993843,ATR_TRAILING_STOP,2754,2766.10826866,,1 days 19:00:00,2580,43,SOURCE,SOURCE,SOURCE,UNAVAILABLE,DERIVED
v3,perpetual,true_oos,T2,H1,IMOEXF,V3_TRUE_OOS,TradingSystemLab/results/perpetual_v3/true_oos/T2/H1/trades.csv,86,T2-H1-IMOEXF-000026,v3|true_oos|T2|H1|IMOEXF|TradingSystemLab/results/perpetual_v3/true_oos/T2/H1/trades.csv|86|T2-H1-IMOEXF-000026,SHORT,2025-12-24 18:00:00+03:00,2025-12-25 23:00:00+03:00,2025-12-24,2025-12-25,2025,12,2025,12,2,3,18,23,-0.599312986206,-0.599073341294,0.000239644912578,0.419378597012,1.55769193176,ATR_TRAILING_STOP,2724.5,2729.49967502,,1 days 05:00:00,1740,29,SOURCE,SOURCE,SOURCE,UNAVAILABLE,DERIVED
v3,perpetual,true_oos,T2,H1,IMOEXF,V3_TRUE_OOS,TradingSystemLab/results/perpetual_v3/true_oos/T2/H1/trades.csv,90,T2-H1-IMOEXF-000027,v3|true_oos|T2|H1|IMOEXF|TradingSystemLab/results/perpetual_v3/true_oos/T2/H1/trades.csv|90|T2-H1-IMOEXF-000027,SHORT,2026-01-09 16:00:00+03:00,2026-01-09 20:00:00+03:00,2026-01-09,2026-01-09,2026,1,2026,1,4,4,16,20,-1.0002427947,-1,0.000242794699837,0.364192049756,0.182096024878,INITIAL_STOP,2727,2735.23741211,,0 days 04:00:00,240,4,SOURCE,SOURCE,SOURCE,UNAVAILABLE,DERIVED
v3,perpetual,true_oos,T2,H1,IMOEXF,V3_TRUE_OOS,TradingSystemLab/results/perpetual_v3/true_oos/T2/H1/trades.csv,91,T2-H1-IMOEXF-000028,v3|true_oos|T2|H1|IMOEXF|TradingSystemLab/results/perpetual_v3/true_oos/T2/H1/trades.csv|91|T2-H1-IMOEXF-000028,SHORT,2026-01-13 19:00:00+03:00,2026-01-14 12:00:00+03:00,2026-01-13,2026-01-14,2026,1,2026,1,1,2,19,12,-0.112753660662,-0.112608018542,0.000145642120563,0.327694771267,1.34718961521,ATR_TRAILING_STOP,2694,2695.54636609,,0 days 17:00:00,1020,17,SOURCE,SOURCE,SOURCE,UNAVAILABLE,DERIVED
v3,perpetual,true_oos,T2,H1,IMOEXF,V3_TRUE_OOS,TradingSystemLab/results/perpetual_v3/true_oos/T2/H1/trades.csv,93,T2-H1-IMOEXF-000029,v3|true_oos|T2|H1|IMOEXF|TradingSystemLab/results/perpetual_v3/true_oos/T2/H1/trades.csv|93|T2-H1-IMOEXF-000029,LONG,2026-01-19 18:00:00+03:00,2026-01-20 00:00:00+03:00,2026-01-19,2026-01-20,2026,1,2026,1,0,1,18,0,-1.00014187166,-1,0.000141871656833,0.496550798914,0.0709358284164,INITIAL_STOP,2755.5,2741.40275151,,0 days 06:00:00,360,6,SOURCE,SOURCE,SOURCE,UNAVAILABLE,DERIVED
v3,perpetual,true_oos,T2,H1,IMOEXF,V3_TRUE_OOS,TradingSystemLab/results/perpetual_v3/true_oos/T2/H1/trades.csv,94,T2-H1-IMOEXF-000030,v3|true_oos|T2|H1|IMOEXF|TradingSystemLab/results/perpetual_v3/true_oos/T2/H1/trades.csv|94|T2-H1-IMOEXF-000030,LONG,2026-01-23 12:00:00+03:00,2026-01-24 14:00:00+03:00,2026-01-23,2026-01-24,2026,1,2026,1,4,5,12,14,-0.346607370325,-0.346492819468,0.000114550856273,0.515478853229,0.887769136116,ATR_TRAILING_STOP,2780.5,2774.45041066,,1 days 02:00:00,1560,26,SOURCE,SOURCE,SOURCE,UNAVAILABLE,DERIVED
v3,perpetual,true_oos,T2,H1,IMOEXF,V3_TRUE_OOS,TradingSystemLab/results/perpetual_v3/true_oos/T2/H1/trades.csv,98,T2-H1-IMOEXF-000031,v3|true_oos|T2|H1|IMOEXF|TradingSystemLab/results/perpetual_v3/true_oos/T2/H1/trades.csv|98|T2-H1-IMOEXF-000031,SHORT,2026-02-10 14:00:00+03:00,2026-02-11 10:00:00+03:00,2026-02-10,2026-02-11,2026,2,2026,2,1,2,14,10,-0.345940701228,-0.345824358687,0.00011634254084,0.203599446469,0.756226515457,ATR_TRAILING_STOP,2725.5,2731.44493392,,0 days 20:00:00,1200,20,SOURCE,SOURCE,SOURCE,UNAVAILABLE,DERIVED
v3,perpetual,true_oos,T2,H1,IMOEXF,V3_TRUE_OOS,TradingSystemLab/results/perpetual_v3/true_oos/T2/H1/trades.csv,103,T2-H1-IMOEXF-000032,v3|true_oos|T2|H1|IMOEXF|TradingSystemLab/results/perpetual_v3/true_oos/T2/H1/trades.csv|103|T2-H1-IMOEXF-000032,LONG,2026-02-25 17:00:00+03:00,2026-02-26 18:00:00+03:00,2026-02-25,2026-02-26,2026,2,2026,2,2,3,17,18,-0.0494676273326,-0.0492579778072,0.000209649525374,0.366886669405,1.62478382165,ATR_TRAILING_STOP,2790.5,2790.03009216,,1 days 01:00:00,1500,25,SOURCE,SOURCE,SOURCE,UNAVAILABLE,DERIVED
v3,perpetual,true_oos,T2,H1,IMOEXF,V3_TRUE_OOS,TradingSystemLab/results/perpetual_v3/true_oos/T2/H1/trades.csv,104,T2-H1-IMOEXF-000033,v3|true_oos|T2|H1|IMOEXF|TradingSystemLab/results/perpetual_v3/true_oos/T2/H1/trades.csv|104|T2-H1-IMOEXF-000033,LONG,2026-03-03 00:00:00+03:00,2026-03-03 17:00:00+03:00,2026-03-03,2026-03-03,2026,3,2026,3,1,1,0,17,-0.768873853412,-0.768775929215,9.79241961516e-05,0.685469373061,0.612026225948,ATR_TRAILING_STOP,2847.5,2831.79855011,,0 days 17:00:00,1020,17,SOURCE,SOURCE,SOURCE,UNAVAILABLE,DERIVED
v3,perpetual,true_oos,T2,H1,IMOEXF,V3_TRUE_OOS,TradingSystemLab/results/perpetual_v3/true_oos/T2/H1/trades.csv,105,T2-H1-IMOEXF-000034,v3|true_oos|T2|H1|IMOEXF|TradingSystemLab/results/perpetual_v3/true_oos/T2/H1/trades.csv|105|T2-H1-IMOEXF-000034,LONG,2026-03-10 10:00:00+03:00,2026-03-10 18:00:00+03:00,2026-03-10,2026-03-10,2026,3,2026,3,1,1,10,18,-1.00007350937,-1,7.35093691926e-05,0.661584322733,0.147018738385,INITIAL_STOP,2889,2861.79258383,,0 days 08:00:00,480,8,SOURCE,SOURCE,SOURCE,UNAVAILABLE,DERIVED
v3,perpetual,true_oos,T2,H1,IMOEXF,V3_TRUE_OOS,TradingSystemLab/results/perpetual_v3/true_oos/T2/H1/trades.csv,108,T2-H1-IMOEXF-000035,v3|true_oos|T2|H1|IMOEXF|TradingSystemLab/results/perpetual_v3/true_oos/T2/H1/trades.csv|108|T2-H1-IMOEXF-000035,SHORT,2026-03-27 12:00:00+03:00,2026-03-29 13:00:00+03:00,2026-03-27,2026-03-29,2026,3,2026,3,4,6,12,13,1.60727221695,1.60741792583,0.000145708880852,0.254990541492,2.58633263513,ATR_TRAILING_STOP,2818,2795.93658264,,2 days 01:00:00,2940,49,SOURCE,SOURCE,SOURCE,UNAVAILABLE,DERIVED
v3,perpetual,true_oos,T2,H1,IMOEXF,V3_TRUE_OOS,TradingSystemLab/results/perpetual_v3/true_oos/T2/H1/trades.csv,109,T2-H1-IMOEXF-000036,v3|true_oos|T2|H1|IMOEXF|TradingSystemLab/results/perpetual_v3/true_oos/T2/H1/trades.csv|109|T2-H1-IMOEXF-000036,SHORT,2026-03-30 18:00:00+03:00,2026-03-30 19:00:00+03:00,2026-03-30,2026-03-30,2026,3,2026,3,0,0,18,19,-0.601027807486,-0.600877588089,0.000150219397022,0,0,EMA50_TREND_LOSS,2799,2807,,0 days 01:00:00,60,1,SOURCE,SOURCE,SOURCE,UNAVAILABLE,DERIVED
v3,perpetual,true_oos,T2,H1,IMOEXF,V3_TRUE_OOS,TradingSystemLab/results/perpetual_v3/true_oos/T2/H1/trades.csv,111,T2-H1-IMOEXF-000037,v3|true_oos|T2|H1|IMOEXF|TradingSystemLab/results/perpetual_v3/true_oos/T2/H1/trades.csv|111|T2-H1-IMOEXF-000037,SHORT,2026-04-10 10:00:00+03:00,2026-04-12 11:00:00+03:00,2026-04-10,2026-04-12,2026,4,2026,4,4,6,10,11,0.744852570347,0.744993269666,0.000140699319236,0.316573468281,1.68839183083,ATR_TRAILING_STOP,2743,2732.41013683,,2 days 01:00:00,2940,49,SOURCE,SOURCE,SOURCE,UNAVAILABLE,DERIVED
v3,perpetual,true_oos,T2,H1,IMOEXF,V3_TRUE_OOS,TradingSystemLab/results/perpetual_v3/true_oos/T2/H1/trades.csv,113,T2-H1-IMOEXF-000038,v3|true_oos|T2|H1|IMOEXF|TradingSystemLab/results/perpetual_v3/true_oos/T2/H1/trades.csv|113|T2-H1-IMOEXF-000038,SHORT,2026-04-14 11:00:00+03:00,2026-04-14 14:00:00+03:00,2026-04-14,2026-04-14,2026,4,2026,4,1,1,11,14,-0.662740335105,-0.66250968107,0.000230654034107,0.518971576741,1.96055928991,ATR_TRAILING_STOP,2720,2725.7446182,,0 days 03:00:00,180,3,SOURCE,SOURCE,SOURCE,UNAVAILABLE,DERIVED
v3,perpetual,true_oos,T2,H1,IMOEXF,V3_TRUE_OOS,TradingSystemLab/results/perpetual_v3/true_oos/T2/H1/trades.csv,118,T2-H1-IMOEXF-000039,v3|true_oos|T2|H1|IMOEXF|TradingSystemLab/results/perpetual_v3/true_oos/T2/H1/trades.csv|118|T2-H1-IMOEXF-000039,LONG,2026-04-22 16:00:00+03:00,2026-04-24 14:00:00+03:00,2026-04-22,2026-04-24,2026,4,2026,4,2,4,16,14,0.177175532492,0.177333097174,0.000157564681503,0.393911703758,1.37869096315,ATR_TRAILING_STOP,2764,2766.25092445,,1 days 22:00:00,2760,46,SOURCE,SOURCE,SOURCE,UNAVAILABLE,DERIVED
v3,perpetual,true_oos,T2,H1,IMOEXF,V3_TRUE_OOS,TradingSystemLab/results/perpetual_v3/true_oos/T2/H1/trades.csv,120,T2-H1-IMOEXF-000040,v3|true_oos|T2|H1|IMOEXF|TradingSystemLab/results/perpetual_v3/true_oos/T2/H1/trades.csv|120|T2-H1-IMOEXF-000040,SHORT,2026-04-27 14:00:00+03:00,2026-04-29 21:00:00+03:00,2026-04-27,2026-04-29,2026,4,2026,4,0,2,14,21,9.11284304823,9.11309267698,0.000249628754772,0.81129345301,13.1679168142,ATR_TRAILING_STOP,2738,2664.98683543,,2 days 07:00:00,3300,55,SOURCE,SOURCE,SOURCE,UNAVAILABLE,DERIVED
v3,perpetual,true_oos,T2,H1,IMOEXF,V3_TRUE_OOS,TradingSystemLab/results/perpetual_v3/true_oos/T2/H1/trades.csv,122,T2-H1-IMOEXF-000041,v3|true_oos|T2|H1|IMOEXF|TradingSystemLab/results/perpetual_v3/true_oos/T2/H1/trades.csv|122|T2-H1-IMOEXF-000041,SHORT,2026-04-30 13:00:00+03:00,2026-05-03 19:00:00+03:00,2026-04-30,2026-05-03,2026,4,2026,5,3,6,13,19,1.09185270049,1.09200280913,0.000150108640087,0.60043456035,1.76377652103,ATR_TRAILING_STOP,2665,2650.45050027,,3 days 06:00:00,4680,78,SOURCE,SOURCE,SOURCE,UNAVAILABLE,DERIVED
v3,perpetual,true_oos,T2,H1,IMOEXF,V3_TRUE_OOS,TradingSystemLab/results/perpetual_v3/true_oos/T2/H1/trades.csv,124,T2-H1-IMOEXF-000042,v3|true_oos|T2|H1|IMOEXF|TradingSystemLab/results/perpetual_v3/true_oos/T2/H1/trades.csv|124|T2-H1-IMOEXF-000042,SHORT,2026-05-05 10:00:00+03:00,2026-05-05 13:00:00+03:00,2026-05-05,2026-05-05,2026,5,2026,5,1,1,10,13,0.0516270627241,0.0518309807529,0.00020391802881,0.866651622441,3.05877043214,ATR_TRAILING_STOP,2621,2620.49164886,,0 days 03:00:00,180,3,SOURCE,SOURCE,SOURCE,UNAVAILABLE,DERIVED
v3,perpetual,true_oos,T2,H1,IMOEXF,V3_TRUE_OOS,TradingSystemLab/results/perpetual_v3/true_oos/T2/H1/trades.csv,127,T2-H1-IMOEXF-000043,v3|true_oos|T2|H1|IMOEXF|TradingSystemLab/results/perpetual_v3/true_oos/T2/H1/trades.csv|127|T2-H1-IMOEXF-000043,LONG,2026-05-13 18:00:00+03:00,2026-05-14 11:00:00+03:00,2026-05-13,2026-05-14,2026,5,2026,5,2,3,18,11,-1.00013449263,-1,0.00013449262925,0.874202090122,0.0336231573124,INITIAL_STOP,2696.5,2681.62929659,,0 days 17:00:00,1020,17,SOURCE,SOURCE,SOURCE,UNAVAILABLE,DERIVED
v3,perpetual,true_oos,T2,H1,IMOEXF,V3_TRUE_OOS,TradingSystemLab/results/perpetual_v3/true_oos/T2/H1/trades.csv,130,T2-H1-IMOEXF-000044,v3|true_oos|T2|H1|IMOEXF|TradingSystemLab/results/perpetual_v3/true_oos/T2/H1/trades.csv|130|T2-H1-IMOEXF-000044,SHORT,2026-05-26 19:00:00+03:00,2026-05-27 15:00:00+03:00,2026-05-26,2026-05-27,2026,5,2026,5,1,2,19,15,-0.767981381966,-0.767857190714,0.000124191251795,0.434669381282,1.2729603309,ATR_TRAILING_STOP,2583.5,2595.86572109,,0 days 20:00:00,1200,20,SOURCE,SOURCE,SOURCE,UNAVAILABLE,DERIVED
v3,perpetual,true_oos,T2,H1,IMOEXF,V3_TRUE_OOS,TradingSystemLab/results/perpetual_v3/true_oos/T2/H1/trades.csv,131,T2-H1-IMOEXF-000045,v3|true_oos|T2|H1|IMOEXF|TradingSystemLab/results/perpetual_v3/true_oos/T2/H1/trades.csv|131|T2-H1-IMOEXF-000045,SHORT,2026-05-27 17:00:00+03:00,2026-05-27 19:00:00+03:00,2026-05-27,2026-05-27,2026,5,2026,5,2,2,17,19,-1.00014034552,-1,0.000140345516177,0.421036548531,0.0350863790442,INITIAL_STOP,2580,2594.25054433,,0 days 02:00:00,120,2,SOURCE,SOURCE,SOURCE,UNAVAILABLE,DERIVED
v3,perpetual,true_oos,T2,H1,IMOEXF,V3_TRUE_OOS,TradingSystemLab/results/perpetual_v3/true_oos/T2/H1/trades.csv,132,T2-H1-IMOEXF-000046,v3|true_oos|T2|H1|IMOEXF|TradingSystemLab/results/perpetual_v3/true_oos/T2/H1/trades.csv|132|T2-H1-IMOEXF-000046,SHORT,2026-06-04 14:00:00+03:00,2026-06-04 15:00:00+03:00,2026-06-04,2026-06-04,2026,6,2026,6,3,3,14,15,-1.00015482692,-1,0.000154826922456,0,0,INITIAL_STOP,2593,2605.91765003,,0 days 01:00:00,60,1,SOURCE,SOURCE,SOURCE,UNAVAILABLE,DERIVED
v3,perpetual,true_oos,T2,H1,IMOEXF,V3_TRUE_OOS,TradingSystemLab/results/perpetual_v3/true_oos/T2/H1/trades.csv,134,T2-H1-IMOEXF-000047,v3|true_oos|T2|H1|IMOEXF|TradingSystemLab/results/perpetual_v3/true_oos/T2/H1/trades.csv|134|T2-H1-IMOEXF-000047,SHORT,2026-06-10 16:00:00+03:00,2026-06-10 18:00:00+03:00,2026-06-10,2026-06-10,2026,6,2026,6,2,2,16,18,-1.00008230306,-1,8.23030600915e-05,0.596697185663,0.0411515300457,INITIAL_STOP,2496,2520.30043303,,0 days 02:00:00,120,2,SOURCE,SOURCE,SOURCE,UNAVAILABLE,DERIVED
v3,perpetual,true_oos,T2,H1,IMOEXF,V3_TRUE_OOS,TradingSystemLab/results/perpetual_v3/true_oos/T2/H1/trades.csv,137,T2-H1-IMOEXF-000048,v3|true_oos|T2|H1|IMOEXF|TradingSystemLab/results/perpetual_v3/true_oos/T2/H1/trades.csv|137|T2-H1-IMOEXF-000048,SHORT,2026-06-25 14:00:00+03:00,2026-06-26 15:00:00+03:00,2026-06-25,2026-06-26,2026,6,2026,6,3,4,14,15,-0.433392835202,-0.433336450537,5.63846648224e-05,0.380596487551,1.19817412748,ATR_TRAILING_STOP,2246,2261.3707201,,1 days 01:00:00,1500,25,SOURCE,SOURCE,SOURCE,UNAVAILABLE,DERIVED
v3,perpetual,true_oos,T2,H1,IMOEXF,V3_TRUE_OOS,TradingSystemLab/results/perpetual_v3/true_oos/T2/H1/trades.csv,141,T2-H1-IMOEXF-000049,v3|true_oos|T2|H1|IMOEXF|TradingSystemLab/results/perpetual_v3/true_oos/T2/H1/trades.csv|141|T2-H1-IMOEXF-000049,SHORT,2026-07-03 18:00:00+03:00,2026-07-05 11:00:00+03:00,2026-07-03,2026-07-05,2026,7,2026,7,4,6,18,11,-0.522320426518,-0.522256352705,6.40738128611e-05,0.352405970736,0.544627409319,ATR_TRAILING_STOP,2239,2255.30170984,,1 days 17:00:00,2460,41,SOURCE,SOURCE,SOURCE,UNAVAILABLE,DERIVED
v3,perpetual,true_oos,T2,H1,IMOEXF,V3_TRUE_OOS,TradingSystemLab/results/perpetual_v3/true_oos/T2/H1/trades.csv,143,T2-H1-IMOEXF-000050,v3|true_oos|T2|H1|IMOEXF|TradingSystemLab/results/perpetual_v3/true_oos/T2/H1/trades.csv|143|T2-H1-IMOEXF-000050,SHORT,2026-07-08 11:00:00+03:00,2026-07-08 12:00:00+03:00,2026-07-08,2026-07-08,2026,7,2026,7,2,2,11,12,-1.00003795527,-1,3.79552737932e-05,0,0,INITIAL_STOP,2172.5,2225.1935996,,0 days 01:00:00,60,1,SOURCE,SOURCE,SOURCE,UNAVAILABLE,DERIVED
v3,perpetual,true_oos,T2,H1,IMOEXF,V3_TRUE_OOS,TradingSystemLab/results/perpetual_v3/true_oos/T2/H1/trades.csv,147,T2-H1-IMOEXF-000051,v3|true_oos|T2|H1|IMOEXF|TradingSystemLab/results/perpetual_v3/true_oos/T2/H1/trades.csv|147|T2-H1-IMOEXF-000051,SHORT,2026-07-17 12:00:00+03:00,2026-07-19 13:00:00+03:00,2026-07-17,2026-07-19,2026,7,2026,7,4,6,12,13,1.05064785171,1.05069093272,4.30810073302e-05,0.796998635608,1.99249658902,ATR_TRAILING_STOP,1994.5,1945.72254572,,2 days 01:00:00,2940,49,SOURCE,SOURCE,SOURCE,UNAVAILABLE,DERIVED
v3,perpetual,true_oos,T2,H1,IMOEXF,V3_TRUE_OOS,TradingSystemLab/results/perpetual_v3/true_oos/T2/H1/trades.csv,162,T2-H1-IMOEXF-000052,v3|true_oos|T2|H1|IMOEXF|TradingSystemLab/results/perpetual_v3/true_oos/T2/H1/trades.csv|162|T2-H1-IMOEXF-000052,SHORT,2026-08-25 11:00:00+03:00,2026-08-25 18:00:00+03:00,2026-08-25,2026-08-25,2026,8,2026,8,1,1,11,18,-0.949646845332,-0.949560903132,8.59421998189e-05,0.601595398732,0.816450898279,ATR_TRAILING_STOP,2082,2104.09766343,,0 days 07:00:00,420,7,SOURCE,SOURCE,SOURCE,UNAVAILABLE,DERIVED
v3,perpetual,true_oos,T2,H1,IMOEXF,V3_TRUE_OOS,TradingSystemLab/results/perpetual_v3/true_oos/T2/H1/trades.csv,168,T2-H1-IMOEXF-000053,v3|true_oos|T2|H1|IMOEXF|TradingSystemLab/results/perpetual_v3/true_oos/T2/H1/trades.csv|168|T2-H1-IMOEXF-000053,LONG,2026-09-04 19:00:00+03:00,2026-09-06 11:00:00+03:00,2026-09-04,2026-09-06,2026,9,2026,9,4,6,19,11,-0.607867799504,-0.60775351764,0.000114281863402,0.257134192655,0.942825373069,ATR_TRAILING_STOP,2253.5,2242.86395506,,1 days 16:00:00,2400,40,SOURCE,SOURCE,SOURCE,UNAVAILABLE,DERIVED
v3,perpetual,true_oos,T2,H1,IMOEXF,V3_TRUE_OOS,TradingSystemLab/results/perpetual_v3/true_oos/T2/H1/trades.csv,171,T2-H1-IMOEXF-000054,v3|true_oos|T2|H1|IMOEXF|TradingSystemLab/results/perpetual_v3/true_oos/T2/H1/trades.csv|171|T2-H1-IMOEXF-000054,LONG,2026-09-09 00:00:00+03:00,2026-09-09 08:00:00+03:00,2026-09-09,2026-09-09,2026,9,2026,9,2,2,0,8,-1.00033148185,-1,0.000331481854656,0,0,INITIAL_STOP,2280,2273.96648724,,0 days 08:00:00,480,8,SOURCE,SOURCE,SOURCE,UNAVAILABLE,DERIVED
v3,perpetual,true_oos,T2,H1,IMOEXF,V3_TRUE_OOS,TradingSystemLab/results/perpetual_v3/true_oos/T2/H1/trades.csv,173,T2-H1-IMOEXF-000055,v3|true_oos|T2|H1|IMOEXF|TradingSystemLab/results/perpetual_v3/true_oos/T2/H1/trades.csv|173|T2-H1-IMOEXF-000055,LONG,2026-09-15 18:00:00+03:00,2026-09-16 00:00:00+03:00,2026-09-15,2026-09-16,2026,9,2026,9,1,2,18,0,-1.00011418874,-1,0.000114188737964,0.970604272692,0.0570943689819,INITIAL_STOP,2352.5,2334.98513789,,0 days 06:00:00,360,6,SOURCE,SOURCE,SOURCE,UNAVAILABLE,DERIVED
v3,perpetual,true_oos,T2,H1,USDRUBF,V3_TRUE_OOS,TradingSystemLab/results/perpetual_v3/true_oos/T2/H1/trades.csv,3,T2-H1-USDRUBF-000001,v3|true_oos|T2|H1|USDRUBF|TradingSystemLab/results/perpetual_v3/true_oos/T2/H1/trades.csv|3|T2-H1-USDRUBF-000001,SHORT,2025-01-24 19:00:00+03:00,2025-01-28 10:00:00+03:00,2025-01-24,2025-01-28,2025,1,2025,1,4,1,19,10,1.24215968903,1.24687711519,0.00471742615523,0.990659492599,3.42013396254,ATR_TRAILING_STOP,100.31,99.7813739763,,3 days 15:00:00,5220,87,SOURCE,SOURCE,SOURCE,UNAVAILABLE,DERIVED
v3,perpetual,true_oos,T2,H1,USDRUBF,V3_TRUE_OOS,TradingSystemLab/results/perpetual_v3/true_oos/T2/H1/trades.csv,10,T2-H1-USDRUBF-000002,v3|true_oos|T2|H1|USDRUBF|TradingSystemLab/results/perpetual_v3/true_oos/T2/H1/trades.csv|10|T2-H1-USDRUBF-000002,SHORT,2025-03-10 14:00:00+03:00,2025-03-11 22:00:00+03:00,2025-03-10,2025-03-11,2025,3,2025,3,0,1,14,22,1.32018500765,1.32267915164,0.00249414398249,0.324238717723,2.95556061925,ATR_TRAILING_STOP,88.49,87.4293722568,,1 days 08:00:00,1920,32,SOURCE,SOURCE,SOURCE,UNAVAILABLE,DERIVED
v3,perpetual,true_oos,T2,H1,USDRUBF,V3_TRUE_OOS,TradingSystemLab/results/perpetual_v3/true_oos/T2/H1/trades.csv,11,T2-H1-USDRUBF-000003,v3|true_oos|T2|H1|USDRUBF|TradingSystemLab/results/perpetual_v3/true_oos/T2/H1/trades.csv|11|T2-H1-USDRUBF-000003,SHORT,2025-03-12 10:00:00+03:00,2025-03-12 15:00:00+03:00,2025-03-12,2025-03-12,2025,3,2025,3,2,2,10,15,-1.00183973365,-1,0.0018397336529,0.956661499509,0,INITIAL_STOP,87.24,88.3271138857,,0 days 05:00:00,300,5,SOURCE,SOURCE,SOURCE,UNAVAILABLE,DERIVED
v3,perpetual,true_oos,T2,H1,USDRUBF,V3_TRUE_OOS,TradingSystemLab/results/perpetual_v3/true_oos/T2/H1/trades.csv,15,T2-H1-USDRUBF-000004,v3|true_oos|T2|H1|USDRUBF|TradingSystemLab/results/perpetual_v3/true_oos/T2/H1/trades.csv|15|T2-H1-USDRUBF-000004,SHORT,2025-04-16 19:00:00+03:00,2025-04-18 13:00:00+03:00,2025-04-16,2025-04-18,2025,4,2025,4,2,4,19,13,2.55067750184,2.55366618305,0.00298868120871,0.448302181307,4.39336137681,ATR_TRAILING_STOP,84.52,82.8111083487,,1 days 18:00:00,2520,42,SOURCE,SOURCE,SOURCE,UNAVAILABLE,DERIVED
v3,perpetual,true_oos,T2,H1,USDRUBF,V3_TRUE_OOS,TradingSystemLab/results/perpetual_v3/true_oos/T2/H1/trades.csv,18,T2-H1-USDRUBF-000005,v3|true_oos|T2|H1|USDRUBF|TradingSystemLab/results/perpetual_v3/true_oos/T2/H1/trades.csv|18|T2-H1-USDRUBF-000005,SHORT,2025-04-18 17:00:00+03:00,2025-04-22 10:00:00+03:00,2025-04-18,2025-04-22,2025,4,2025,4,4,1,17,10,0.359385847864,0.361807205872,0.00242135800847,0.0726407402541,1.50124196525,ATR_TRAILING_STOP,82.79,82.4911534811,,3 days 17:00:00,5340,89,SOURCE,SOURCE,SOURCE,UNAVAILABLE,DERIVED
v3,perpetual,true_oos,T2,H1,USDRUBF,V3_TRUE_OOS,TradingSystemLab/results/perpetual_v3/true_oos/T2/H1/trades.csv,22,T2-H1-USDRUBF-000006,v3|true_oos|T2|H1|USDRUBF|TradingSystemLab/results/perpetual_v3/true_oos/T2/H1/trades.csv|22|T2-H1-USDRUBF-000006,SHORT,2025-05-15 11:00:00+03:00,2025-05-16 12:00:00+03:00,2025-05-15,2025-05-16,2025,5,2025,5,3,4,11,12,-0.24734679252,-0.242947262456,0.00439953006469,0.109988251617,1.05588721553,ATR_TRAILING_STOP,80.87,80.9804423695,,1 days 01:00:00,1500,25,SOURCE,SOURCE,SOURCE,UNAVAILABLE,DERIVED
v3,perpetual,true_oos,T2,H1,USDRUBF,V3_TRUE_OOS,TradingSystemLab/results/perpetual_v3/true_oos/T2/H1/trades.csv,25,T2-H1-USDRUBF-000007,v3|true_oos|T2|H1|USDRUBF|TradingSystemLab/results/perpetual_v3/true_oos/T2/H1/trades.csv|25|T2-H1-USDRUBF-000007,SHORT,2025-05-30 12:00:00+03:00,2025-05-30 17:00:00+03:00,2025-05-30,2025-05-30,2025,5,2025,5,4,4,12,17,-1.00508752448,-1,0.00508752448293,0.457877203463,0.585065315537,INITIAL_STOP,78.65,79.0431185013,,0 days 05:00:00,300,5,SOURCE,SOURCE,SOURCE,UNAVAILABLE,DERIVED
v3,perpetual,true_oos,T2,H1,USDRUBF,V3_TRUE_OOS,TradingSystemLab/results/perpetual_v3/true_oos/T2/H1/trades.csv,33,T2-H1-USDRUBF-000008,v3|true_oos|T2|H1|USDRUBF|TradingSystemLab/results/perpetual_v3/true_oos/T2/H1/trades.csv|33|T2-H1-USDRUBF-000008,LONG,2025-07-03 16:00:00+03:00,2025-07-04 16:00:00+03:00,2025-07-03,2025-07-04,2025,7,2025,7,3,4,16,16,-0.626568100491,-0.612554400536,0.0140136999549,0.630616497969,1.75171249436,ATR_TRAILING_STOP,79.05,78.9625777771,,1 days 00:00:00,1440,24,SOURCE,SOURCE,SOURCE,UNAVAILABLE,DERIVED
v3,perpetual,true_oos,T2,H1,USDRUBF,V3_TRUE_OOS,TradingSystemLab/results/perpetual_v3/true_oos/T2/H1/trades.csv,35,T2-H1-USDRUBF-000009,v3|true_oos|T2|H1|USDRUBF|TradingSystemLab/results/perpetual_v3/true_oos/T2/H1/trades.csv|35|T2-H1-USDRUBF-000009,SHORT,2025-07-14 20:00:00+03:00,2025-07-17 10:00:00+03:00,2025-07-14,2025-07-17,2025,7,2025,7,0,3,20,10,0.15071308404,0.156992795875,0.00627971183501,0.2511884734,0.973355334426,EMA50_TREND_LOSS,78.32,78.27,,2 days 14:00:00,3720,62,SOURCE,SOURCE,SOURCE,UNAVAILABLE,DERIVED
v3,perpetual,true_oos,T2,H1,USDRUBF,V3_TRUE_OOS,TradingSystemLab/results/perpetual_v3/true_oos/T2/H1/trades.csv,36,T2-H1-USDRUBF-000010,v3|true_oos|T2|H1|USDRUBF|TradingSystemLab/results/perpetual_v3/true_oos/T2/H1/trades.csv|36|T2-H1-USDRUBF-000010,SHORT,2025-07-17 17:00:00+03:00,2025-07-18 10:00:00+03:00,2025-07-17,2025-07-18,2025,7,2025,7,3,4,17,10,-0.980130670985,-0.971128208494,0.00900246249127,0.810221624214,0.450123124563,ATR_TRAILING_STOP,78.06,78.2757472379,,0 days 17:00:00,1020,17,SOURCE,SOURCE,SOURCE,UNAVAILABLE,DERIVED
v3,perpetual,true_oos,T2,H1,USDRUBF,V3_TRUE_OOS,TradingSystemLab/results/perpetual_v3/true_oos/T2/H1/trades.csv,41,T2-H1-USDRUBF-000011,v3|true_oos|T2|H1|USDRUBF|TradingSystemLab/results/perpetual_v3/true_oos/T2/H1/trades.csv|41|T2-H1-USDRUBF-000011,LONG,2025-07-25 17:00:00+03:00,2025-07-29 15:00:00+03:00,2025-07-25,2025-07-29,2025,7,2025,7,4,1,17,15,6.7228196653,6.72853625193,0.00571658663292,0.68599039595,9.51811674381,ATR_TRAILING_STOP,79.45,81.8040398087,,3 days 22:00:00,5640,94,SOURCE,SOURCE,SOURCE,UNAVAILABLE,DERIVED
v3,perpetual,true_oos,T2,H1,USDRUBF,V3_TRUE_OOS,TradingSystemLab/results/perpetual_v3/true_oos/T2/H1/trades.csv,42,T2-H1-USDRUBF-000012,v3|true_oos|T2|H1|USDRUBF|TradingSystemLab/results/perpetual_v3/true_oos/T2/H1/trades.csv|42|T2-H1-USDRUBF-000012,LONG,2025-08-08 22:00:00+03:00,2025-08-11 10:00:00+03:00,2025-08-08,2025-08-11,2025,8,2025,8,4,0,22,10,-1.00830188145,-1,0.00830188145136,0.664150516108,0.249056443541,INITIAL_STOP,80.11,79.8690907541,,2 days 12:00:00,3600,60,SOURCE,SOURCE,SOURCE,UNAVAILABLE,DERIVED
v3,perpetual,true_oos,T2,H1,USDRUBF,V3_TRUE_OOS,TradingSystemLab/results/perpetual_v3/true_oos/T2/H1/trades.csv,45,T2-H1-USDRUBF-000013,v3|true_oos|T2|H1|USDRUBF|TradingSystemLab/results/perpetual_v3/true_oos/T2/H1/trades.csv|45|T2-H1-USDRUBF-000013,LONG,2025-08-22 20:00:00+03:00,2025-08-25 15:00:00+03:00,2025-08-22,2025-08-25,2025,8,2025,8,4,0,20,15,-1.01225356468,-1,0.012253564685,0.919017351374,0.919017351374,INITIAL_STOP,80.8,80.6367821894,,2 days 19:00:00,4020,67,SOURCE,SOURCE,SOURCE,UNAVAILABLE,DERIVED
v3,perpetual,true_oos,T2,H1,USDRUBF,V3_TRUE_OOS,TradingSystemLab/results/perpetual_v3/true_oos/T2/H1/trades.csv,59,T2-H1-USDRUBF-000014,v3|true_oos|T2|H1|USDRUBF|TradingSystemLab/results/perpetual_v3/true_oos/T2/H1/trades.csv|59|T2-H1-USDRUBF-000014,SHORT,2025-10-02 15:00:00+03:00,2025-10-02 17:00:00+03:00,2025-10-02,2025-10-02,2025,10,2025,10,3,3,15,17,-1.00915294772,-1,0.00915294771561,0.549176862936,0.503412124358,INITIAL_STOP,81.38,81.5985088413,,0 days 02:00:00,120,2,SOURCE,SOURCE,SOURCE,UNAVAILABLE,DERIVED
v3,perpetual,true_oos,T2,H1,USDRUBF,V3_TRUE_OOS,TradingSystemLab/results/perpetual_v3/true_oos/T2/H1/trades.csv,61,T2-H1-USDRUBF-000015,v3|true_oos|T2|H1|USDRUBF|TradingSystemLab/results/perpetual_v3/true_oos/T2/H1/trades.csv|61|T2-H1-USDRUBF-000015,SHORT,2025-10-02 19:00:00+03:00,2025-10-03 11:00:00+03:00,2025-10-02,2025-10-03,2025,10,2025,10,3,4,19,11,-1.00465877357,-1,0.0046587735721,0.652228300094,0.722109903676,INITIAL_STOP,81.12,81.5492975327,,0 days 16:00:00,960,16,SOURCE,SOURCE,SOURCE,UNAVAILABLE,DERIVED
v3,perpetual,true_oos,T2,H1,USDRUBF,V3_TRUE_OOS,TradingSystemLab/results/perpetual_v3/true_oos/T2/H1/trades.csv,69,T2-H1-USDRUBF-000016,v3|true_oos|T2|H1|USDRUBF|TradingSystemLab/results/perpetual_v3/true_oos/T2/H1/trades.csv|69|T2-H1-USDRUBF-000016,SHORT,2025-10-28 14:00:00+03:00,2025-10-29 14:00:00+03:00,2025-10-28,2025-10-29,2025,10,2025,10,1,2,14,14,-0.62767072257,-0.625051834436,0.00261888813391,0.445210982764,0.366644338747,ATR_TRAILING_STOP,79.67,80.1473413773,,1 days 00:00:00,1440,24,SOURCE,SOURCE,SOURCE,UNAVAILABLE,DERIVED
v3,perpetual,true_oos,T2,H1,USDRUBF,V3_TRUE_OOS,TradingSystemLab/results/perpetual_v3/true_oos/T2/H1/trades.csv,75,T2-H1-USDRUBF-000017,v3|true_oos|T2|H1|USDRUBF|TradingSystemLab/results/perpetual_v3/true_oos/T2/H1/trades.csv|75|T2-H1-USDRUBF-000017,SHORT,2025-11-20 12:00:00+03:00,2025-11-24 11:00:00+03:00,2025-11-20,2025-11-24,2025,11,2025,11,3,0,12,11,4.61083552031,4.61780398382,0.00696846351692,0.104526952754,6.79425192899,ATR_TRAILING_STOP,80.72,79.3946564798,,3 days 23:00:00,5700,95,SOURCE,SOURCE,SOURCE,UNAVAILABLE,DERIVED
v3,perpetual,true_oos,T2,H1,USDRUBF,V3_TRUE_OOS,TradingSystemLab/results/perpetual_v3/true_oos/T2/H1/trades.csv,84,T2-H1-USDRUBF-000018,v3|true_oos|T2|H1|USDRUBF|TradingSystemLab/results/perpetual_v3/true_oos/T2/H1/trades.csv|84|T2-H1-USDRUBF-000018,LONG,2025-12-15 20:00:00+03:00,2025-12-17 18:00:00+03:00,2025-12-15,2025-12-17,2025,12,2025,12,0,2,20,18,0.728327578149,0.732329475321,0.00400189717192,0.860407891963,2.06097704354,ATR_TRAILING_STOP,79.91,80.2759911506,,1 days 22:00:00,2760,46,SOURCE,SOURCE,SOURCE,UNAVAILABLE,DERIVED
v3,perpetual,true_oos,T2,H1,USDRUBF,V3_TRUE_OOS,TradingSystemLab/results/perpetual_v3/true_oos/T2/H1/trades.csv,87,T2-H1-USDRUBF-000019,v3|true_oos|T2|H1|USDRUBF|TradingSystemLab/results/perpetual_v3/true_oos/T2/H1/trades.csv|87|T2-H1-USDRUBF-000019,SHORT,2025-12-24 18:00:00+03:00,2025-12-26 11:00:00+03:00,2025-12-24,2025-12-26,2025,12,2025,12,2,4,18,11,0.550357998419,0.553435261005,0.00307726258631,0.353885197425,1.52324498022,ATR_TRAILING_STOP,78.53,78.1703067691,,1 days 17:00:00,2460,41,SOURCE,SOURCE,SOURCE,UNAVAILABLE,DERIVED
v3,perpetual,true_oos,T2,H1,USDRUBF,V3_TRUE_OOS,TradingSystemLab/results/perpetual_v3/true_oos/T2/H1/trades.csv,89,T2-H1-USDRUBF-000020,v3|true_oos|T2|H1|USDRUBF|TradingSystemLab/results/perpetual_v3/true_oos/T2/H1/trades.csv|89|T2-H1-USDRUBF-000020,SHORT,2025-12-26 13:00:00+03:00,2025-12-29 11:00:00+03:00,2025-12-26,2025-12-29,2025,12,2025,12,4,0,13,11,-0.471261261781,-0.468479870799,0.00278139098199,0.389394737478,0.403301692388,ATR_TRAILING_STOP,77.81,78.1468673256,,2 days 22:00:00,4200,70,SOURCE,SOURCE,SOURCE,UNAVAILABLE,DERIVED
v3,perpetual,true_oos,T2,H1,USDRUBF,V3_TRUE_OOS,TradingSystemLab/results/perpetual_v3/true_oos/T2/H1/trades.csv,92,T2-H1-USDRUBF-000021,v3|true_oos|T2|H1|USDRUBF|TradingSystemLab/results/perpetual_v3/true_oos/T2/H1/trades.csv|92|T2-H1-USDRUBF-000021,SHORT,2026-01-15 17:00:00+03:00,2026-01-16 18:00:00+03:00,2026-01-15,2026-01-16,2026,1,2026,1,3,4,17,18,0.585517063789,0.590506018875,0.00498895508538,0,2.09536113586,ATR_TRAILING_STOP,78.5,78.2632746702,,1 days 01:00:00,1500,25,SOURCE,SOURCE,SOURCE,UNAVAILABLE,DERIVED
v3,perpetual,true_oos,T2,H1,USDRUBF,V3_TRUE_OOS,TradingSystemLab/results/perpetual_v3/true_oos/T2/H1/trades.csv,101,T2-H1-USDRUBF-000022,v3|true_oos|T2|H1|USDRUBF|TradingSystemLab/results/perpetual_v3/true_oos/T2/H1/trades.csv|101|T2-H1-USDRUBF-000022,SHORT,2026-02-19 17:00:00+03:00,2026-02-20 12:00:00+03:00,2026-02-19,2026-02-20,2026,2,2026,2,3,4,17,12,-0.74431651687,-0.739335587074,0.00498092979635,0.473188330653,0.42337903269,ATR_TRAILING_STOP,76.42,76.7168664957,,0 days 19:00:00,1140,19,SOURCE,SOURCE,SOURCE,UNAVAILABLE,DERIVED
v3,perpetual,true_oos,T2,H1,USDRUBF,V3_TRUE_OOS,TradingSystemLab/results/perpetual_v3/true_oos/T2/H1/trades.csv,114,T2-H1-USDRUBF-000023,v3|true_oos|T2|H1|USDRUBF|TradingSystemLab/results/perpetual_v3/true_oos/T2/H1/trades.csv|114|T2-H1-USDRUBF-000023,SHORT,2026-04-02 18:00:00+03:00,2026-04-15 14:00:00+03:00,2026-04-02,2026-04-15,2026,4,2026,4,3,2,18,14,12.9932280859,12.9988399672,0.0056118812867,0.448950502936,14.7031289712,ATR_TRAILING_STOP,80.13,75.4973859787,,12 days 20:00:00,18480,308,SOURCE,SOURCE,SOURCE,UNAVAILABLE,DERIVED
v3,perpetual,true_oos,T2,H1,USDRUBF,V3_TRUE_OOS,TradingSystemLab/results/perpetual_v3/true_oos/T2/H1/trades.csv,115,T2-H1-USDRUBF-000024,v3|true_oos|T2|H1|USDRUBF|TradingSystemLab/results/perpetual_v3/true_oos/T2/H1/trades.csv|115|T2-H1-USDRUBF-000024,SHORT,2026-04-22 17:00:00+03:00,2026-04-23 14:00:00+03:00,2026-04-22,2026-04-23,2026,4,2026,4,2,3,17,14,-0.544265580198,-0.538284639756,0.00598094044174,0.538284639756,0.627998746382,EMA50_TREND_LOSS,74.97,75.15,,0 days 21:00:00,1260,21,SOURCE,SOURCE,SOURCE,UNAVAILABLE,DERIVED
v3,perpetual,true_oos,T2,H1,USDRUBF,V3_TRUE_OOS,TradingSystemLab/results/perpetual_v3/true_oos/T2/H1/trades.csv,126,T2-H1-USDRUBF-000025,v3|true_oos|T2|H1|USDRUBF|TradingSystemLab/results/perpetual_v3/true_oos/T2/H1/trades.csv|126|T2-H1-USDRUBF-000025,SHORT,2026-05-12 19:00:00+03:00,2026-05-13 17:00:00+03:00,2026-05-12,2026-05-13,2026,5,2026,5,1,2,19,17,0.348287544569,0.35404594849,0.00575840392082,0.403088274458,1.78510521546,ATR_TRAILING_STOP,73.85,73.7270333053,,0 days 22:00:00,1320,22,SOURCE,SOURCE,SOURCE,UNAVAILABLE,DERIVED
v3,perpetual,true_oos,T2,H1,USDRUBF,V3_TRUE_OOS,TradingSystemLab/results/perpetual_v3/true_oos/T2/H1/trades.csv,136,T2-H1-USDRUBF-000026,v3|true_oos|T2|H1|USDRUBF|TradingSystemLab/results/perpetual_v3/true_oos/T2/H1/trades.csv|136|T2-H1-USDRUBF-000026,LONG,2026-06-19 17:00:00+03:00,2026-06-23 14:00:00+03:00,2026-06-19,2026-06-23,2026,6,2026,6,4,1,17,14,2.81114351131,2.81697379919,0.00583028787612,0.670483105754,4.98489613408,ATR_TRAILING_STOP,73.54,74.5063240852,,3 days 21:00:00,5580,93,SOURCE,SOURCE,SOURCE,UNAVAILABLE,DERIVED
v3,perpetual,true_oos,T2,H1,USDRUBF,V3_TRUE_OOS,TradingSystemLab/results/perpetual_v3/true_oos/T2/H1/trades.csv,139,T2-H1-USDRUBF-000027,v3|true_oos|T2|H1|USDRUBF|TradingSystemLab/results/perpetual_v3/true_oos/T2/H1/trades.csv|139|T2-H1-USDRUBF-000027,LONG,2026-06-29 15:00:00+03:00,2026-06-29 18:00:00+03:00,2026-06-29,2026-06-29,2026,6,2026,6,0,0,15,18,-1.00291382935,-1,0.00291382934632,0.611904162728,0.174829760779,INITIAL_STOP,77.94,77.2536180049,,0 days 03:00:00,180,3,SOURCE,SOURCE,SOURCE,UNAVAILABLE,DERIVED
v3,perpetual,true_oos,T2,H1,USDRUBF,V3_TRUE_OOS,TradingSystemLab/results/perpetual_v3/true_oos/T2/H1/trades.csv,145,T2-H1-USDRUBF-000028,v3|true_oos|T2|H1|USDRUBF|TradingSystemLab/results/perpetual_v3/true_oos/T2/H1/trades.csv|145|T2-H1-USDRUBF-000028,LONG,2026-07-14 12:00:00+03:00,2026-07-15 17:00:00+03:00,2026-07-14,2026-07-15,2026,7,2026,7,1,2,12,17,1.53187434412,1.53608197067,0.00420762655011,0,3.17675804533,ATR_TRAILING_STOP,76.96,77.6901417806,,1 days 05:00:00,1740,29,SOURCE,SOURCE,SOURCE,UNAVAILABLE,DERIVED
v3,perpetual,true_oos,T2,H1,USDRUBF,V3_TRUE_OOS,TradingSystemLab/results/perpetual_v3/true_oos/T2/H1/trades.csv,149,T2-H1-USDRUBF-000029,v3|true_oos|T2|H1|USDRUBF|TradingSystemLab/results/perpetual_v3/true_oos/T2/H1/trades.csv|149|T2-H1-USDRUBF-000029,LONG,2026-07-27 16:00:00+03:00,2026-07-27 17:00:00+03:00,2026-07-27,2026-07-27,2026,7,2026,7,0,0,16,17,-0.619913414194,-0.613101178873,0.00681223532081,0,0,EMA50_TREND_LOSS,78.15,77.97,,0 days 01:00:00,60,1,SOURCE,SOURCE,SOURCE,UNAVAILABLE,DERIVED
v3,perpetual,true_oos,T2,H1,USDRUBF,V3_TRUE_OOS,TradingSystemLab/results/perpetual_v3/true_oos/T2/H1/trades.csv,150,T2-H1-USDRUBF-000030,v3|true_oos|T2|H1|USDRUBF|TradingSystemLab/results/perpetual_v3/true_oos/T2/H1/trades.csv|150|T2-H1-USDRUBF-000030,LONG,2026-07-27 19:00:00+03:00,2026-07-30 17:00:00+03:00,2026-07-27,2026-07-30,2026,7,2026,7,0,3,19,17,5.08331733221,5.08987788492,0.0065605527085,0.39363316251,7.08539692518,ATR_TRAILING_STOP,78.2,79.7516613039,,2 days 22:00:00,4200,70,SOURCE,SOURCE,SOURCE,UNAVAILABLE,DERIVED
v3,perpetual,true_oos,T2,H1,USDRUBF,V3_TRUE_OOS,TradingSystemLab/results/perpetual_v3/true_oos/T2/H1/trades.csv,154,T2-H1-USDRUBF-000031,v3|true_oos|T2|H1|USDRUBF|TradingSystemLab/results/perpetual_v3/true_oos/T2/H1/trades.csv|154|T2-H1-USDRUBF-000031,LONG,2026-08-04 13:00:00+03:00,2026-08-04 20:00:00+03:00,2026-08-04,2026-08-04,2026,8,2026,8,1,1,13,20,-0.690256971304,-0.686343121162,0.00391385014216,0.665354524167,0.645785273456,ATR_TRAILING_STOP,81,80.6492747059,,0 days 07:00:00,420,7,SOURCE,SOURCE,SOURCE,UNAVAILABLE,DERIVED
v3,perpetual,true_oos,T2,H1,USDRUBF,V3_TRUE_OOS,TradingSystemLab/results/perpetual_v3/true_oos/T2/H1/trades.csv,158,T2-H1-USDRUBF-000032,v3|true_oos|T2|H1|USDRUBF|TradingSystemLab/results/perpetual_v3/true_oos/T2/H1/trades.csv|158|T2-H1-USDRUBF-000032,LONG,2026-08-10 13:00:00+03:00,2026-08-10 19:00:00+03:00,2026-08-10,2026-08-10,2026,8,2026,8,0,0,13,19,-0.997046050257,-0.992961834111,0.00408421614517,0.510527018147,0.285895130162,ATR_TRAILING_STOP,82.8,82.3137564718,,0 days 06:00:00,360,6,SOURCE,SOURCE,SOURCE,UNAVAILABLE,DERIVED
v3,perpetual,true_oos,T2,H1,USDRUBF,V3_TRUE_OOS,TradingSystemLab/results/perpetual_v3/true_oos/T2/H1/trades.csv,164,T2-H1-USDRUBF-000033,v3|true_oos|T2|H1|USDRUBF|TradingSystemLab/results/perpetual_v3/true_oos/T2/H1/trades.csv|164|T2-H1-USDRUBF-000033,LONG,2026-08-26 00:00:00+03:00,2026-08-28 10:00:00+03:00,2026-08-26,2026-08-28,2026,8,2026,8,2,4,0,10,5.10641515429,5.1127410955,0.00632594121441,0.664223827513,7.36972151478,ATR_TRAILING_STOP,84.29,85.9064364866,,2 days 10:00:00,3480,58,SOURCE,SOURCE,SOURCE,UNAVAILABLE,DERIVED
v3,perpetual,true_oos,T2,H1,USDRUBF,V3_TRUE_OOS,TradingSystemLab/results/perpetual_v3/true_oos/T2/H1/trades.csv,166,T2-H1-USDRUBF-000034,v3|true_oos|T2|H1|USDRUBF|TradingSystemLab/results/perpetual_v3/true_oos/T2/H1/trades.csv|166|T2-H1-USDRUBF-000034,LONG,2026-08-28 17:00:00+03:00,2026-08-31 08:00:00+03:00,2026-08-28,2026-08-31,2026,8,2026,8,4,0,17,8,0.814062636868,0.817696845068,0.0036342082003,0.0908552050076,1.41734119812,ATR_TRAILING_STOP,86.21,86.66,,2 days 15:00:00,3780,63,SOURCE,SOURCE,SOURCE,UNAVAILABLE,DERIVED
v3,perpetual,true_oos,T2,M30,CNYRUBF,V3_TRUE_OOS,TradingSystemLab/results/perpetual_v3/true_oos/T2/M30/trades.csv,2,T2-M30-CNYRUBF-000001,v3|true_oos|T2|M30|CNYRUBF|TradingSystemLab/results/perpetual_v3/true_oos/T2/M30/trades.csv|2|T2-M30-CNYRUBF-000001,LONG,2025-01-15 13:30:00+03:00,2025-01-15 20:00:00+03:00,2025-01-15,2025-01-15,2025,1,2025,1,2,2,13,20,-1.05325893913,-1,0.0532589391316,0.82551355654,0.31955363479,INITIAL_STOP,13.956,13.9184476185,,0 days 06:30:00,390,6.5,SOURCE,SOURCE,SOURCE,UNAVAILABLE,DERIVED
v3,perpetual,true_oos,T2,M30,CNYRUBF,V3_TRUE_OOS,TradingSystemLab/results/perpetual_v3/true_oos/T2/M30/trades.csv,6,T2-M30-CNYRUBF-000002,v3|true_oos|T2|M30|CNYRUBF|TradingSystemLab/results/perpetual_v3/true_oos/T2/M30/trades.csv|6|T2-M30-CNYRUBF-000002,SHORT,2025-01-24 18:30:00+03:00,2025-01-27 10:00:00+03:00,2025-01-24,2025-01-27,2025,1,2025,1,4,0,18,10,-0.698224429885,-0.672039525632,0.0261849042527,0.549882989306,0.14401697339,ATR_TRAILING_STOP,13.511,13.5623303023,,2 days 15:30:00,3810,63.5,SOURCE,SOURCE,SOURCE,UNAVAILABLE,DERIVED
v3,perpetual,true_oos,T2,M30,CNYRUBF,V3_TRUE_OOS,TradingSystemLab/results/perpetual_v3/true_oos/T2/M30/trades.csv,8,T2-M30-CNYRUBF-000003,v3|true_oos|T2|M30|CNYRUBF|TradingSystemLab/results/perpetual_v3/true_oos/T2/M30/trades.csv|8|T2-M30-CNYRUBF-000003,SHORT,2025-01-27 17:00:00+03:00,2025-01-27 18:30:00+03:00,2025-01-27,2025-01-27,2025,1,2025,1,0,0,17,18,-1.03927180695,-1,0.0392718069511,0.490897586889,0.471261683413,INITIAL_STOP,13.398,13.4489271194,,0 days 01:30:00,90,1.5,SOURCE,SOURCE,SOURCE,UNAVAILABLE,DERIVED
v3,perpetual,true_oos,T2,M30,CNYRUBF,V3_TRUE_OOS,TradingSystemLab/results/perpetual_v3/true_oos/T2/M30/trades.csv,12,T2-M30-CNYRUBF-000004,v3|true_oos|T2|M30|CNYRUBF|TradingSystemLab/results/perpetual_v3/true_oos/T2/M30/trades.csv|12|T2-M30-CNYRUBF-000004,SHORT,2025-02-04 14:00:00+03:00,2025-02-04 22:00:00+03:00,2025-02-04,2025-02-04,2025,2,2025,2,1,1,14,22,-0.470975913338,-0.443981838793,0.0269940745455,0.364420006364,0.364420006364,ATR_TRAILING_STOP,13.278,13.3108947627,,0 days 08:00:00,480,8,SOURCE,SOURCE,SOURCE,UNAVAILABLE,DERIVED
v3,perpetual,true_oos,T2,M30,CNYRUBF,V3_TRUE_OOS,TradingSystemLab/results/perpetual_v3/true_oos/T2/M30/trades.csv,13,T2-M30-CNYRUBF-000005,v3|true_oos|T2|M30|CNYRUBF|TradingSystemLab/results/perpetual_v3/true_oos/T2/M30/trades.csv|13|T2-M30-CNYRUBF-000005,SHORT,2025-02-06 15:00:00+03:00,2025-02-06 16:30:00+03:00,2025-02-06,2025-02-06,2025,2,2025,2,3,3,15,16,-1.02780650266,-1,0.0278065026608,0.486613796564,0.68125931519,INITIAL_STOP,13.049,13.120925622,,0 days 01:30:00,90,1.5,SOURCE,SOURCE,SOURCE,UNAVAILABLE,DERIVED
v3,perpetual,true_oos,T2,M30,CNYRUBF,V3_TRUE_OOS,TradingSystemLab/results/perpetual_v3/true_oos/T2/M30/trades.csv,19,T2-M30-CNYRUBF-000006,v3|true_oos|T2|M30|CNYRUBF|TradingSystemLab/results/perpetual_v3/true_oos/T2/M30/trades.csv|19|T2-M30-CNYRUBF-000006,SHORT,2025-02-12 17:30:00+03:00,2025-02-12 22:30:00+03:00,2025-02-12,2025-02-12,2025,2,2025,2,2,2,17,22,7.67143065767,7.71101292685,0.0395822691756,0,12.7454906745,ATR_TRAILING_STOP,12.799,12.4093804513,,0 days 05:00:00,300,5,SOURCE,SOURCE,SOURCE,UNAVAILABLE,DERIVED
v3,perpetual,true_oos,T2,M30,CNYRUBF,V3_TRUE_OOS,TradingSystemLab/results/perpetual_v3/true_oos/T2/M30/trades.csv,21,T2-M30-CNYRUBF-000007,v3|true_oos|T2|M30|CNYRUBF|TradingSystemLab/results/perpetual_v3/true_oos/T2/M30/trades.csv|21|T2-M30-CNYRUBF-000007,SHORT,2025-02-13 12:00:00+03:00,2025-02-14 10:30:00+03:00,2025-02-13,2025-02-14,2025,2,2025,2,3,4,12,10,-0.0314158790281,-0.0190732359496,0.0123426430785,0.894841623188,0.901012944727,ATR_TRAILING_STOP,12.335,12.3380906242,,0 days 22:30:00,1350,22.5,SOURCE,SOURCE,SOURCE,UNAVAILABLE,DERIVED
v3,perpetual,true_oos,T2,M30,CNYRUBF,V3_TRUE_OOS,TradingSystemLab/results/perpetual_v3/true_oos/T2/M30/trades.csv,28,T2-M30-CNYRUBF-000008,v3|true_oos|T2|M30|CNYRUBF|TradingSystemLab/results/perpetual_v3/true_oos/T2/M30/trades.csv|28|T2-M30-CNYRUBF-000008,SHORT,2025-02-19 16:30:00+03:00,2025-02-21 10:30:00+03:00,2025-02-19,2025-02-21,2025,2,2025,2,2,4,16,10,3.30797844849,3.33206284481,0.0240843963229,0.951333654755,4.66033068848,ATR_TRAILING_STOP,12.311,12.0343011116,,1 days 18:00:00,2520,42,SOURCE,SOURCE,SOURCE,UNAVAILABLE,DERIVED
v3,perpetual,true_oos,T2,M30,CNYRUBF,V3_TRUE_OOS,TradingSystemLab/results/perpetual_v3/true_oos/T2/M30/trades.csv,30,T2-M30-CNYRUBF-000009,v3|true_oos|T2|M30|CNYRUBF|TradingSystemLab/results/perpetual_v3/true_oos/T2/M30/trades.csv|30|T2-M30-CNYRUBF-000009,SHORT,2025-02-21 12:30:00+03:00,2025-02-21 13:30:00+03:00,2025-02-21,2025-02-21,2025,2,2025,2,4,4,12,13,-1.02150106028,-1,0.0215010602756,0.903044531576,0,INITIAL_STOP,12.004,12.0970186686,,0 days 01:00:00,60,1,SOURCE,SOURCE,SOURCE,UNAVAILABLE,DERIVED
v3,perpetual,true_oos,T2,M30,CNYRUBF,V3_TRUE_OOS,TradingSystemLab/results/perpetual_v3/true_oos/T2/M30/trades.csv,39,T2-M30-CNYRUBF-000010,v3|true_oos|T2|M30|CNYRUBF|TradingSystemLab/results/perpetual_v3/true_oos/T2/M30/trades.csv|39|T2-M30-CNYRUBF-000010,SHORT,2025-03-18 14:00:00+03:00,2025-03-18 16:00:00+03:00,2025-03-18,2025-03-18,2025,3,2025,3,1,1,14,16,-1.02821990725,-1,0.0282199072453,0.790157402869,0.112879628981,INITIAL_STOP,11.24,11.3108719551,,0 days 02:00:00,120,2,SOURCE,SOURCE,SOURCE,UNAVAILABLE,DERIVED
v3,perpetual,true_oos,T2,M30,CNYRUBF,V3_TRUE_OOS,TradingSystemLab/results/perpetual_v3/true_oos/T2/M30/trades.csv,43,T2-M30-CNYRUBF-000011,v3|true_oos|T2|M30|CNYRUBF|TradingSystemLab/results/perpetual_v3/true_oos/T2/M30/trades.csv|43|T2-M30-CNYRUBF-000011,LONG,2025-03-31 19:30:00+03:00,2025-04-01 10:30:00+03:00,2025-03-31,2025-04-01,2025,3,2025,4,0,1,19,10,-1.04175885022,-1,0.0417588502244,0.939574130048,0.146155975785,INITIAL_STOP,11.716,11.668105961,,0 days 15:00:00,900,15,SOURCE,SOURCE,SOURCE,UNAVAILABLE,DERIVED
v3,perpetual,true_oos,T2,M30,CNYRUBF,V3_TRUE_OOS,TradingSystemLab/results/perpetual_v3/true_oos/T2/M30/trades.csv,51,T2-M30-CNYRUBF-000012,v3|true_oos|T2|M30|CNYRUBF|TradingSystemLab/results/perpetual_v3/true_oos/T2/M30/trades.csv|51|T2-M30-CNYRUBF-000012,SHORT,2025-04-18 19:00:00+03:00,2025-04-21 12:30:00+03:00,2025-04-18,2025-04-21,2025,4,2025,4,4,0,19,12,-0.634128934652,-0.610870537143,0.0232583975092,0.75589791905,0.941965099124,ATR_TRAILING_STOP,11.044,11.0965290306,,2 days 17:30:00,3930,65.5,SOURCE,SOURCE,SOURCE,UNAVAILABLE,DERIVED
v3,perpetual,true_oos,T2,M30,CNYRUBF,V3_TRUE_OOS,TradingSystemLab/results/perpetual_v3/true_oos/T2/M30/trades.csv,53,T2-M30-CNYRUBF-000013,v3|true_oos|T2|M30|CNYRUBF|TradingSystemLab/results/perpetual_v3/true_oos/T2/M30/trades.csv|53|T2-M30-CNYRUBF-000013,SHORT,2025-04-22 13:30:00+03:00,2025-04-22 15:30:00+03:00,2025-04-22,2025-04-22,2025,4,2025,4,1,1,13,15,-1.03412570356,-1,0.0341257035552,0.528948405105,0.324194183774,INITIAL_STOP,11.094,11.1526068503,,0 days 02:00:00,120,2,SOURCE,SOURCE,SOURCE,UNAVAILABLE,DERIVED
v3,perpetual,true_oos,T2,M30,CNYRUBF,V3_TRUE_OOS,TradingSystemLab/results/perpetual_v3/true_oos/T2/M30/trades.csv,55,T2-M30-CNYRUBF-000014,v3|true_oos|T2|M30|CNYRUBF|TradingSystemLab/results/perpetual_v3/true_oos/T2/M30/trades.csv|55|T2-M30-CNYRUBF-000014,LONG,2025-04-24 15:30:00+03:00,2025-04-24 18:00:00+03:00,2025-04-24,2025-04-24,2025,4,2025,4,3,3,15,18,-1.0528809792,-1,0.0528809791981,0.740333708774,0.211523916793,INITIAL_STOP,11.414,11.3761792177,,0 days 02:30:00,150,2.5,SOURCE,SOURCE,SOURCE,UNAVAILABLE,DERIVED
v3,perpetual,true_oos,T2,M30,CNYRUBF,V3_TRUE_OOS,TradingSystemLab/results/perpetual_v3/true_oos/T2/M30/trades.csv,60,T2-M30-CNYRUBF-000015,v3|true_oos|T2|M30|CNYRUBF|TradingSystemLab/results/perpetual_v3/true_oos/T2/M30/trades.csv|60|T2-M30-CNYRUBF-000015,SHORT,2025-05-12 11:30:00+03:00,2025-05-13 10:30:00+03:00,2025-05-12,2025-05-13,2025,5,2025,5,0,1,11,10,0.0853306391163,0.114725896941,0.0293952578251,0.176371546951,0.881857734754,ATR_TRAILING_STOP,11.185,11.1771942582,,0 days 23:00:00,1380,23,SOURCE,SOURCE,SOURCE,UNAVAILABLE,DERIVED
v3,perpetual,true_oos,T2,M30,CNYRUBF,V3_TRUE_OOS,TradingSystemLab/results/perpetual_v3/true_oos/T2/M30/trades.csv,65,T2-M30-CNYRUBF-000016,v3|true_oos|T2|M30|CNYRUBF|TradingSystemLab/results/perpetual_v3/true_oos/T2/M30/trades.csv|65|T2-M30-CNYRUBF-000016,SHORT,2025-05-22 14:30:00+03:00,2025-05-22 15:30:00+03:00,2025-05-22,2025-05-22,2025,5,2025,5,3,3,14,15,-1.03950915355,-1,0.0395091535464,0.809937647702,0.0790183070929,INITIAL_STOP,10.998,11.0486211807,,0 days 01:00:00,60,1,SOURCE,SOURCE,SOURCE,UNAVAILABLE,DERIVED
v3,perpetual,true_oos,T2,M30,CNYRUBF,V3_TRUE_OOS,TradingSystemLab/results/perpetual_v3/true_oos/T2/M30/trades.csv,72,T2-M30-CNYRUBF-000017,v3|true_oos|T2|M30|CNYRUBF|TradingSystemLab/results/perpetual_v3/true_oos/T2/M30/trades.csv|72|T2-M30-CNYRUBF-000017,SHORT,2025-05-30 12:00:00+03:00,2025-05-30 17:00:00+03:00,2025-05-30,2025-05-30,2025,5,2025,5,4,4,12,17,-0.850720084776,-0.81186899378,0.0388510909965,0.505064182954,0.641043001442,ATR_TRAILING_STOP,10.884,10.9257938839,,0 days 05:00:00,300,5,SOURCE,SOURCE,SOURCE,UNAVAILABLE,DERIVED
v3,perpetual,true_oos,T2,M30,CNYRUBF,V3_TRUE_OOS,TradingSystemLab/results/perpetual_v3/true_oos/T2/M30/trades.csv,76,T2-M30-CNYRUBF-000018,v3|true_oos|T2|M30|CNYRUBF|TradingSystemLab/results/perpetual_v3/true_oos/T2/M30/trades.csv|76|T2-M30-CNYRUBF-000018,SHORT,2025-06-13 12:30:00+03:00,2025-06-16 10:30:00+03:00,2025-06-13,2025-06-16,2025,6,2025,6,4,0,12,10,0.336188799939,0.360713848023,0.0245250480839,0.416925817427,1.20172735611,ATR_TRAILING_STOP,10.908,10.8785840456,,2 days 22:00:00,4200,70,SOURCE,SOURCE,SOURCE,UNAVAILABLE,DERIVED
v3,perpetual,true_oos,T2,M30,CNYRUBF,V3_TRUE_OOS,TradingSystemLab/results/perpetual_v3/true_oos/T2/M30/trades.csv,82,T2-M30-CNYRUBF-000019,v3|true_oos|T2|M30|CNYRUBF|TradingSystemLab/results/perpetual_v3/true_oos/T2/M30/trades.csv|82|T2-M30-CNYRUBF-000019,SHORT,2025-06-18 12:30:00+03:00,2025-06-19 10:00:00+03:00,2025-06-18,2025-06-19,2025,6,2025,6,2,3,12,10,-0.632372662893,-0.571342746523,0.0610299163697,0.976478661915,0.427209414588,ATR_TRAILING_STOP,10.864,10.8827233665,,0 days 21:30:00,1290,21.5,SOURCE,SOURCE,SOURCE,UNAVAILABLE,DERIVED
v3,perpetual,true_oos,T2,M30,CNYRUBF,V3_TRUE_OOS,TradingSystemLab/results/perpetual_v3/true_oos/T2/M30/trades.csv,85,T2-M30-CNYRUBF-000020,v3|true_oos|T2|M30|CNYRUBF|TradingSystemLab/results/perpetual_v3/true_oos/T2/M30/trades.csv|85|T2-M30-CNYRUBF-000020,LONG,2025-06-26 19:30:00+03:00,2025-06-27 13:00:00+03:00,2025-06-26,2025-06-27,2025,6,2025,6,3,4,19,13,-0.416782726286,-0.324164342667,0.092618383619,0.416782726286,0.787256260762,EMA50_TREND_LOSS,10.952,10.945,,0 days 17:30:00,1050,17.5,SOURCE,SOURCE,SOURCE,UNAVAILABLE,DERIVED
v3,perpetual,true_oos,T2,M30,CNYRUBF,V3_TRUE_OOS,TradingSystemLab/results/perpetual_v3/true_oos/T2/M30/trades.csv,89,T2-M30-CNYRUBF-000021,v3|true_oos|T2|M30|CNYRUBF|TradingSystemLab/results/perpetual_v3/true_oos/T2/M30/trades.csv|89|T2-M30-CNYRUBF-000021,LONG,2025-07-01 13:00:00+03:00,2025-07-02 00:00:00+03:00,2025-07-01,2025-07-02,2025,7,2025,7,1,2,13,0,0.282781178682,0.361577521213,0.0787963425306,0.0393981712653,1.53652867935,ATR_TRAILING_STOP,10.946,10.9551775204,,0 days 11:00:00,660,11,SOURCE,SOURCE,SOURCE,UNAVAILABLE,DERIVED
v3,perpetual,true_oos,T2,M30,CNYRUBF,V3_TRUE_OOS,TradingSystemLab/results/perpetual_v3/true_oos/T2/M30/trades.csv,91,T2-M30-CNYRUBF-000022,v3|true_oos|T2|M30|CNYRUBF|TradingSystemLab/results/perpetual_v3/true_oos/T2/M30/trades.csv|91|T2-M30-CNYRUBF-000022,LONG,2025-07-03 19:30:00+03:00,2025-07-04 13:30:00+03:00,2025-07-03,2025-07-04,2025,7,2025,7,3,4,19,13,-0.397644237722,-0.293622725481,0.10402151224,0.624129073443,1.40429041525,ATR_TRAILING_STOP,11.002,10.9963545769,,0 days 18:00:00,1080,18,SOURCE,SOURCE,SOURCE,UNAVAILABLE,DERIVED
v3,perpetual,true_oos,T2,M30,CNYRUBF,V3_TRUE_OOS,TradingSystemLab/results/perpetual_v3/true_oos/T2/M30/trades.csv,98,T2-M30-CNYRUBF-000023,v3|true_oos|T2|M30|CNYRUBF|TradingSystemLab/results/perpetual_v3/true_oos/T2/M30/trades.csv|98|T2-M30-CNYRUBF-000023,LONG,2025-07-25 16:30:00+03:00,2025-07-28 09:30:00+03:00,2025-07-25,2025-07-28,2025,7,2025,7,4,0,16,9,-0.784209778034,-0.734580083315,0.0496296947189,0.769260268143,0.198518778876,ATR_TRAILING_STOP,11.094,11.0643975579,,2 days 17:00:00,3900,65,SOURCE,SOURCE,SOURCE,UNAVAILABLE,DERIVED
v3,perpetual,true_oos,T2,M30,CNYRUBF,V3_TRUE_OOS,TradingSystemLab/results/perpetual_v3/true_oos/T2/M30/trades.csv,100,T2-M30-CNYRUBF-000024,v3|true_oos|T2|M30|CNYRUBF|TradingSystemLab/results/perpetual_v3/true_oos/T2/M30/trades.csv|100|T2-M30-CNYRUBF-000024,LONG,2025-07-29 15:00:00+03:00,2025-07-30 10:00:00+03:00,2025-07-29,2025-07-30,2025,7,2025,7,1,2,15,10,-0.540121714656,-0.509804938986,0.0303167756697,0.666969064733,0.727602616073,ATR_TRAILING_STOP,11.438,11.4043681293,,0 days 19:00:00,1140,19,SOURCE,SOURCE,SOURCE,UNAVAILABLE,DERIVED
v3,perpetual,true_oos,T2,M30,CNYRUBF,V3_TRUE_OOS,TradingSystemLab/results/perpetual_v3/true_oos/T2/M30/trades.csv,103,T2-M30-CNYRUBF-000025,v3|true_oos|T2|M30|CNYRUBF|TradingSystemLab/results/perpetual_v3/true_oos/T2/M30/trades.csv|103|T2-M30-CNYRUBF-000025,LONG,2025-08-14 15:00:00+03:00,2025-08-14 16:00:00+03:00,2025-08-14,2025-08-14,2025,8,2025,8,3,3,15,16,-1.10392942346,-1,0.103929423458,0.467682405559,0.207858846915,INITIAL_STOP,11.105,11.0857561715,,0 days 01:00:00,60,1,SOURCE,SOURCE,SOURCE,UNAVAILABLE,DERIVED
v3,perpetual,true_oos,T2,M30,CNYRUBF,V3_TRUE_OOS,TradingSystemLab/results/perpetual_v3/true_oos/T2/M30/trades.csv,110,T2-M30-CNYRUBF-000026,v3|true_oos|T2|M30|CNYRUBF|TradingSystemLab/results/perpetual_v3/true_oos/T2/M30/trades.csv|110|T2-M30-CNYRUBF-000026,LONG,2025-08-21 14:30:00+03:00,2025-08-25 15:30:00+03:00,2025-08-21,2025-08-25,2025,8,2025,8,3,0,14,15,3.92352868055,4.02763138342,0.104102702867,0.780770271504,6.5064189292,ATR_TRAILING_STOP,11.173,11.2503780367,,4 days 01:00:00,5820,97,SOURCE,SOURCE,SOURCE,UNAVAILABLE,DERIVED
v3,perpetual,true_oos,T2,M30,CNYRUBF,V3_TRUE_OOS,TradingSystemLab/results/perpetual_v3/true_oos/T2/M30/trades.csv,111,T2-M30-CNYRUBF-000027,v3|true_oos|T2|M30|CNYRUBF|TradingSystemLab/results/perpetual_v3/true_oos/T2/M30/trades.csv|111|T2-M30-CNYRUBF-000027,LONG,2025-08-27 16:30:00+03:00,2025-08-28 10:30:00+03:00,2025-08-27,2025-08-28,2025,8,2025,8,2,3,16,10,0.770016863648,0.872716299644,0.102699435996,0,2.5674858999,ATR_TRAILING_STOP,11.225,11.2419955422,,0 days 18:00:00,1080,18,SOURCE,SOURCE,SOURCE,UNAVAILABLE,DERIVED
v3,perpetual,true_oos,T2,M30,CNYRUBF,V3_TRUE_OOS,TradingSystemLab/results/perpetual_v3/true_oos/T2/M30/trades.csv,113,T2-M30-CNYRUBF-000028,v3|true_oos|T2|M30|CNYRUBF|TradingSystemLab/results/perpetual_v3/true_oos/T2/M30/trades.csv|113|T2-M30-CNYRUBF-000028,LONG,2025-08-29 12:00:00+03:00,2025-08-29 17:30:00+03:00,2025-08-29,2025-08-29,2025,8,2025,8,4,4,12,17,-0.916367071426,-0.857246615205,0.059120456221,0.827686387094,0.147801140553,EMA50_TREND_LOSS,11.294,11.265,,0 days 05:30:00,330,5.5,SOURCE,SOURCE,SOURCE,UNAVAILABLE,DERIVED
v3,perpetual,true_oos,T2,M30,CNYRUBF,V3_TRUE_OOS,TradingSystemLab/results/perpetual_v3/true_oos/T2/M30/trades.csv,128,T2-M30-CNYRUBF-000029,v3|true_oos|T2|M30|CNYRUBF|TradingSystemLab/results/perpetual_v3/true_oos/T2/M30/trades.csv|128|T2-M30-CNYRUBF-000029,LONG,2025-09-22 19:00:00+03:00,2025-09-23 09:30:00+03:00,2025-09-22,2025-09-23,2025,9,2025,9,0,1,19,9,-0.39058763304,-0.334789399749,0.0557982332915,0.251092049812,0.19529381652,EMA50_TREND_LOSS,11.739,11.727,,0 days 14:30:00,870,14.5,SOURCE,SOURCE,SOURCE,UNAVAILABLE,DERIVED
v3,perpetual,true_oos,T2,M30,CNYRUBF,V3_TRUE_OOS,TradingSystemLab/results/perpetual_v3/true_oos/T2/M30/trades.csv,131,T2-M30-CNYRUBF-000030,v3|true_oos|T2|M30|CNYRUBF|TradingSystemLab/results/perpetual_v3/true_oos/T2/M30/trades.csv|131|T2-M30-CNYRUBF-000030,SHORT,2025-09-26 17:30:00+03:00,2025-09-29 09:30:00+03:00,2025-09-26,2025-09-29,2025,9,2025,9,4,0,17,9,0.374677183768,0.436093022709,0.0614158389403,0.12283167788,1.78105932927,ATR_TRAILING_STOP,11.663,11.648798679,,2 days 16:00:00,3840,64,SOURCE,SOURCE,SOURCE,UNAVAILABLE,DERIVED
v3,perpetual,true_oos,T2,M30,CNYRUBF,V3_TRUE_OOS,TradingSystemLab/results/perpetual_v3/true_oos/T2/M30/trades.csv,132,T2-M30-CNYRUBF-000031,v3|true_oos|T2|M30|CNYRUBF|TradingSystemLab/results/perpetual_v3/true_oos/T2/M30/trades.csv|132|T2-M30-CNYRUBF-000031,SHORT,2025-09-29 13:30:00+03:00,2025-09-30 10:30:00+03:00,2025-09-29,2025-09-30,2025,9,2025,9,0,1,13,10,1.53820926864,1.63896003252,0.100750763876,0.25187690969,3.87890440923,ATR_TRAILING_STOP,11.623,11.5904650599,,0 days 21:00:00,1260,21,SOURCE,SOURCE,SOURCE,UNAVAILABLE,DERIVED
v3,perpetual,true_oos,T2,M30,CNYRUBF,V3_TRUE_OOS,TradingSystemLab/results/perpetual_v3/true_oos/T2/M30/trades.csv,133,T2-M30-CNYRUBF-000032,v3|true_oos|T2|M30|CNYRUBF|TradingSystemLab/results/perpetual_v3/true_oos/T2/M30/trades.csv|133|T2-M30-CNYRUBF-000032,SHORT,2025-09-30 12:00:00+03:00,2025-10-01 09:30:00+03:00,2025-09-30,2025-10-01,2025,9,2025,10,1,2,12,9,1.02528082401,1.06526987974,0.0399890557339,0.239934334403,2.03944184243,ATR_TRAILING_STOP,11.563,11.5097219288,,0 days 21:30:00,1290,21.5,SOURCE,SOURCE,SOURCE,UNAVAILABLE,DERIVED
v3,perpetual,true_oos,T2,M30,CNYRUBF,V3_TRUE_OOS,TradingSystemLab/results/perpetual_v3/true_oos/T2/M30/trades.csv,135,T2-M30-CNYRUBF-000033,v3|true_oos|T2|M30|CNYRUBF|TradingSystemLab/results/perpetual_v3/true_oos/T2/M30/trades.csv|135|T2-M30-CNYRUBF-000033,SHORT,2025-10-02 11:30:00+03:00,2025-10-02 13:00:00+03:00,2025-10-02,2025-10-02,2025,10,2025,10,3,3,11,13,-1.03638066874,-1,0.0363806687386,0.600281034187,0.145522674955,INITIAL_STOP,11.307,11.3619742506,,0 days 01:30:00,90,1.5,SOURCE,SOURCE,SOURCE,UNAVAILABLE,DERIVED
v3,perpetual,true_oos,T2,M30,CNYRUBF,V3_TRUE_OOS,TradingSystemLab/results/perpetual_v3/true_oos/T2/M30/trades.csv,138,T2-M30-CNYRUBF-000034,v3|true_oos|T2|M30|CNYRUBF|TradingSystemLab/results/perpetual_v3/true_oos/T2/M30/trades.csv|138|T2-M30-CNYRUBF-000034,SHORT,2025-10-02 17:30:00+03:00,2025-10-03 10:00:00+03:00,2025-10-02,2025-10-03,2025,10,2025,10,3,4,17,10,-0.31972898106,-0.289384649813,0.0303443312466,0.364131974959,0.758608281165,ATR_TRAILING_STOP,11.335,11.3540733912,,0 days 16:30:00,990,16.5,SOURCE,SOURCE,SOURCE,UNAVAILABLE,DERIVED
v3,perpetual,true_oos,T2,M30,CNYRUBF,V3_TRUE_OOS,TradingSystemLab/results/perpetual_v3/true_oos/T2/M30/trades.csv,141,T2-M30-CNYRUBF-000035,v3|true_oos|T2|M30|CNYRUBF|TradingSystemLab/results/perpetual_v3/true_oos/T2/M30/trades.csv|141|T2-M30-CNYRUBF-000035,SHORT,2025-10-08 16:30:00+03:00,2025-10-09 10:00:00+03:00,2025-10-08,2025-10-09,2025,10,2025,10,2,3,16,10,0.662304547792,0.723462515202,0.0611579674095,0.0305789837047,2.66037158231,ATR_TRAILING_STOP,11.345,11.3213411851,,0 days 17:30:00,1050,17.5,SOURCE,SOURCE,SOURCE,UNAVAILABLE,DERIVED
v3,perpetual,true_oos,T2,M30,CNYRUBF,V3_TRUE_OOS,TradingSystemLab/results/perpetual_v3/true_oos/T2/M30/trades.csv,145,T2-M30-CNYRUBF-000036,v3|true_oos|T2|M30|CNYRUBF|TradingSystemLab/results/perpetual_v3/true_oos/T2/M30/trades.csv|145|T2-M30-CNYRUBF-000036,LONG,2025-10-21 11:30:00+03:00,2025-10-21 15:30:00+03:00,2025-10-21,2025-10-21,2025,10,2025,10,1,1,11,15,0.36490553799,0.405774250778,0.0408687127881,0,2.49299148008,ATR_TRAILING_STOP,11.343,11.362857452,,0 days 04:00:00,240,4,SOURCE,SOURCE,SOURCE,UNAVAILABLE,DERIVED
v3,perpetual,true_oos,T2,M30,CNYRUBF,V3_TRUE_OOS,TradingSystemLab/results/perpetual_v3/true_oos/T2/M30/trades.csv,147,T2-M30-CNYRUBF-000037,v3|true_oos|T2|M30|CNYRUBF|TradingSystemLab/results/perpetual_v3/true_oos/T2/M30/trades.csv|147|T2-M30-CNYRUBF-000037,LONG,2025-10-21 16:30:00+03:00,2025-10-22 14:30:00+03:00,2025-10-21,2025-10-22,2025,10,2025,10,1,2,16,14,0.659406963006,0.69410880756,0.0347018445536,0.555229512857,2.29032174054,ATR_TRAILING_STOP,11.405,11.4450041448,,0 days 22:00:00,1320,22,SOURCE,SOURCE,SOURCE,UNAVAILABLE,DERIVED
v3,perpetual,true_oos,T2,M30,CNYRUBF,V3_TRUE_OOS,TradingSystemLab/results/perpetual_v3/true_oos/T2/M30/trades.csv,149,T2-M30-CNYRUBF-000038,v3|true_oos|T2|M30|CNYRUBF|TradingSystemLab/results/perpetual_v3/true_oos/T2/M30/trades.csv|149|T2-M30-CNYRUBF-000038,SHORT,2025-10-28 15:00:00+03:00,2025-10-28 21:30:00+03:00,2025-10-28,2025-10-28,2025,10,2025,10,1,1,15,21,-0.359923397716,-0.328625710958,0.0312976867579,0.657251421915,0.406869927852,EMA50_TREND_LOSS,11.153,11.174,,0 days 06:30:00,390,6.5,SOURCE,SOURCE,SOURCE,UNAVAILABLE,DERIVED
v3,perpetual,true_oos,T2,M30,CNYRUBF,V3_TRUE_OOS,TradingSystemLab/results/perpetual_v3/true_oos/T2/M30/trades.csv,150,T2-M30-CNYRUBF-000039,v3|true_oos|T2|M30|CNYRUBF|TradingSystemLab/results/perpetual_v3/true_oos/T2/M30/trades.csv|150|T2-M30-CNYRUBF-000039,LONG,2025-10-30 19:00:00+03:00,2025-10-31 17:30:00+03:00,2025-10-30,2025-10-31,2025,10,2025,10,3,4,19,17,0.189681844399,0.239660053497,0.0499782090979,0.399825672783,2.12407388666,ATR_TRAILING_STOP,11.295,11.3045905819,,0 days 22:30:00,1350,22.5,SOURCE,SOURCE,SOURCE,UNAVAILABLE,DERIVED
v3,perpetual,true_oos,T2,M30,CNYRUBF,V3_TRUE_OOS,TradingSystemLab/results/perpetual_v3/true_oos/T2/M30/trades.csv,151,T2-M30-CNYRUBF-000040,v3|true_oos|T2|M30|CNYRUBF|TradingSystemLab/results/perpetual_v3/true_oos/T2/M30/trades.csv|151|T2-M30-CNYRUBF-000040,LONG,2025-11-06 11:30:00+03:00,2025-11-06 14:00:00+03:00,2025-11-06,2025-11-06,2025,11,2025,11,3,3,11,14,-1.03245399849,-1,0.0324539984915,0.973619954745,0.0486809977372,INITIAL_STOP,11.41,11.3483743115,,0 days 02:30:00,150,2.5,SOURCE,SOURCE,SOURCE,UNAVAILABLE,DERIVED
v3,perpetual,true_oos,T2,M30,CNYRUBF,V3_TRUE_OOS,TradingSystemLab/results/perpetual_v3/true_oos/T2/M30/trades.csv,152,T2-M30-CNYRUBF-000041,v3|true_oos|T2|M30|CNYRUBF|TradingSystemLab/results/perpetual_v3/true_oos/T2/M30/trades.csv|152|T2-M30-CNYRUBF-000041,LONG,2025-11-06 15:30:00+03:00,2025-11-06 16:30:00+03:00,2025-11-06,2025-11-06,2025,11,2025,11,3,3,15,16,-0.709868579804,-0.664070606913,0.0457979728906,0.228989864453,0.114494932226,EMA50_TREND_LOSS,11.38,11.351,,0 days 01:00:00,60,1,SOURCE,SOURCE,SOURCE,UNAVAILABLE,DERIVED
v3,perpetual,true_oos,T2,M30,CNYRUBF,V3_TRUE_OOS,TradingSystemLab/results/perpetual_v3/true_oos/T2/M30/trades.csv,158,T2-M30-CNYRUBF-000042,v3|true_oos|T2|M30|CNYRUBF|TradingSystemLab/results/perpetual_v3/true_oos/T2/M30/trades.csv|158|T2-M30-CNYRUBF-000042,LONG,2025-11-14 15:30:00+03:00,2025-11-14 17:00:00+03:00,2025-11-14,2025-11-14,2025,11,2025,11,4,4,15,17,-1.07029872687,-1,0.0702987268699,0.878734085874,0.105448090305,INITIAL_STOP,11.408,11.3795499826,,0 days 01:30:00,90,1.5,SOURCE,SOURCE,SOURCE,UNAVAILABLE,DERIVED
v3,perpetual,true_oos,T2,M30,CNYRUBF,V3_TRUE_OOS,TradingSystemLab/results/perpetual_v3/true_oos/T2/M30/trades.csv,161,T2-M30-CNYRUBF-000043,v3|true_oos|T2|M30|CNYRUBF|TradingSystemLab/results/perpetual_v3/true_oos/T2/M30/trades.csv|161|T2-M30-CNYRUBF-000043,SHORT,2025-11-20 12:30:00+03:00,2025-11-21 16:00:00+03:00,2025-11-20,2025-11-21,2025,11,2025,11,3,4,12,16,4.52777922709,4.57896677319,0.0511875460963,0.204750184385,6.55200590033,ATR_TRAILING_STOP,11.281,11.1020905924,,1 days 03:30:00,1650,27.5,SOURCE,SOURCE,SOURCE,UNAVAILABLE,DERIVED
v3,perpetual,true_oos,T2,M30,CNYRUBF,V3_TRUE_OOS,TradingSystemLab/results/perpetual_v3/true_oos/T2/M30/trades.csv,166,T2-M30-CNYRUBF-000044,v3|true_oos|T2|M30|CNYRUBF|TradingSystemLab/results/perpetual_v3/true_oos/T2/M30/trades.csv|166|T2-M30-CNYRUBF-000044,SHORT,2025-12-04 13:30:00+03:00,2025-12-05 10:30:00+03:00,2025-12-04,2025-12-05,2025,12,2025,12,3,4,13,10,3.55969942682,3.60555768113,0.0458582543137,0.94009421343,5.64056528058,ATR_TRAILING_STOP,10.849,10.6917520744,,0 days 21:00:00,1260,21,SOURCE,SOURCE,SOURCE,UNAVAILABLE,DERIVED
v3,perpetual,true_oos,T2,M30,CNYRUBF,V3_TRUE_OOS,TradingSystemLab/results/perpetual_v3/true_oos/T2/M30/trades.csv,167,T2-M30-CNYRUBF-000045,v3|true_oos|T2|M30|CNYRUBF|TradingSystemLab/results/perpetual_v3/true_oos/T2/M30/trades.csv|167|T2-M30-CNYRUBF-000045,SHORT,2025-12-05 12:30:00+03:00,2025-12-05 14:00:00+03:00,2025-12-05,2025-12-05,2025,12,2025,12,4,4,12,14,-1.04293398489,-1,0.0429339848879,0.493740826211,0.171735939552,INITIAL_STOP,10.71,10.756583144,,0 days 01:30:00,90,1.5,SOURCE,SOURCE,SOURCE,UNAVAILABLE,DERIVED
v3,perpetual,true_oos,T2,M30,CNYRUBF,V3_TRUE_OOS,TradingSystemLab/results/perpetual_v3/true_oos/T2/M30/trades.csv,169,T2-M30-CNYRUBF-000046,v3|true_oos|T2|M30|CNYRUBF|TradingSystemLab/results/perpetual_v3/true_oos/T2/M30/trades.csv|169|T2-M30-CNYRUBF-000046,LONG,2025-12-11 17:30:00+03:00,2025-12-12 09:30:00+03:00,2025-12-11,2025-12-12,2025,12,2025,12,3,4,17,9,-0.708511996114,-0.685142116266,0.0233698798476,0.724466275274,0.222013858552,ATR_TRAILING_STOP,11.282,11.2233653711,,0 days 16:00:00,960,16,SOURCE,SOURCE,SOURCE,UNAVAILABLE,DERIVED
v3,perpetual,true_oos,T2,M30,CNYRUBF,V3_TRUE_OOS,TradingSystemLab/results/perpetual_v3/true_oos/T2/M30/trades.csv,175,T2-M30-CNYRUBF-000047,v3|true_oos|T2|M30|CNYRUBF|TradingSystemLab/results/perpetual_v3/true_oos/T2/M30/trades.csv|175|T2-M30-CNYRUBF-000047,LONG,2025-12-15 19:00:00+03:00,2025-12-17 15:30:00+03:00,2025-12-15,2025-12-17,2025,12,2025,12,0,2,19,15,2.24921725709,2.28606117755,0.036843920458,0.423705085267,3.50017244351,ATR_TRAILING_STOP,11.263,11.3870943498,,1 days 20:30:00,2670,44.5,SOURCE,SOURCE,SOURCE,UNAVAILABLE,DERIVED
v3,perpetual,true_oos,T2,M30,CNYRUBF,V3_TRUE_OOS,TradingSystemLab/results/perpetual_v3/true_oos/T2/M30/trades.csv,176,T2-M30-CNYRUBF-000048,v3|true_oos|T2|M30|CNYRUBF|TradingSystemLab/results/perpetual_v3/true_oos/T2/M30/trades.csv|176|T2-M30-CNYRUBF-000048,LONG,2025-12-17 18:30:00+03:00,2025-12-18 11:00:00+03:00,2025-12-17,2025-12-18,2025,12,2025,12,2,3,18,11,-0.63831618417,-0.601143871876,0.0371723122937,0.390309279084,0.669101621287,ATR_TRAILING_STOP,11.395,11.3626563638,,0 days 16:30:00,990,16.5,SOURCE,SOURCE,SOURCE,UNAVAILABLE,DERIVED
v3,perpetual,true_oos,T2,M30,CNYRUBF,V3_TRUE_OOS,TradingSystemLab/results/perpetual_v3/true_oos/T2/M30/trades.csv,179,T2-M30-CNYRUBF-000049,v3|true_oos|T2|M30|CNYRUBF|TradingSystemLab/results/perpetual_v3/true_oos/T2/M30/trades.csv|179|T2-M30-CNYRUBF-000049,SHORT,2025-12-23 16:00:00+03:00,2025-12-24 09:30:00+03:00,2025-12-23,2025-12-24,2025,12,2025,12,1,2,16,9,-0.627004703146,-0.599674446967,0.0273302561786,0.915563581984,0.300632817965,ATR_TRAILING_STOP,11.102,11.1458835584,,0 days 17:30:00,1050,17.5,SOURCE,SOURCE,SOURCE,UNAVAILABLE,DERIVED
v3,perpetual,true_oos,T2,M30,CNYRUBF,V3_TRUE_OOS,TradingSystemLab/results/perpetual_v3/true_oos/T2/M30/trades.csv,186,T2-M30-CNYRUBF-000050,v3|true_oos|T2|M30|CNYRUBF|TradingSystemLab/results/perpetual_v3/true_oos/T2/M30/trades.csv|186|T2-M30-CNYRUBF-000050,LONG,2026-01-06 13:30:00+03:00,2026-01-06 15:30:00+03:00,2026-01-06,2026-01-06,2026,1,2026,1,1,1,13,15,-1.05280742353,-1,0.0528074235289,0.71290021764,0.369651964702,INITIAL_STOP,11.413,11.375126537,,0 days 02:00:00,120,2,SOURCE,SOURCE,SOURCE,UNAVAILABLE,DERIVED
v3,perpetual,true_oos,T2,M30,CNYRUBF,V3_TRUE_OOS,TradingSystemLab/results/perpetual_v3/true_oos/T2/M30/trades.csv,189,T2-M30-CNYRUBF-000051,v3|true_oos|T2|M30|CNYRUBF|TradingSystemLab/results/perpetual_v3/true_oos/T2/M30/trades.csv|189|T2-M30-CNYRUBF-000051,LONG,2026-01-12 17:00:00+03:00,2026-01-12 18:00:00+03:00,2026-01-12,2026-01-12,2026,1,2026,1,0,0,17,18,-0.334697672612,-0.273843550319,0.0608541222931,0.273843550319,0.0912811834396,EMA50_TREND_LOSS,11.283,11.274,,0 days 01:00:00,60,1,SOURCE,SOURCE,SOURCE,UNAVAILABLE,DERIVED
v3,perpetual,true_oos,T2,M30,CNYRUBF,V3_TRUE_OOS,TradingSystemLab/results/perpetual_v3/true_oos/T2/M30/trades.csv,192,T2-M30-CNYRUBF-000052,v3|true_oos|T2|M30|CNYRUBF|TradingSystemLab/results/perpetual_v3/true_oos/T2/M30/trades.csv|192|T2-M30-CNYRUBF-000052,SHORT,2026-01-14 19:00:00+03:00,2026-01-15 09:30:00+03:00,2026-01-14,2026-01-15,2026,1,2026,1,2,3,19,9,-0.593105759089,-0.547359228441,0.0457465306477,0.365972245181,0.77769102101,ATR_TRAILING_STOP,11.209,11.232930087,,0 days 14:30:00,870,14.5,SOURCE,SOURCE,SOURCE,UNAVAILABLE,DERIVED
v3,perpetual,true_oos,T2,M30,CNYRUBF,V3_TRUE_OOS,TradingSystemLab/results/perpetual_v3/true_oos/T2/M30/trades.csv,196,T2-M30-CNYRUBF-000053,v3|true_oos|T2|M30|CNYRUBF|TradingSystemLab/results/perpetual_v3/true_oos/T2/M30/trades.csv|196|T2-M30-CNYRUBF-000053,SHORT,2026-01-27 17:00:00+03:00,2026-01-28 11:00:00+03:00,2026-01-27,2026-01-28,2026,1,2026,1,1,2,17,11,-0.0652409299648,-0.0273094078718,0.037931522093,0.208623371511,1.19484294593,ATR_TRAILING_STOP,10.938,10.9394399321,,0 days 18:00:00,1080,18,SOURCE,SOURCE,SOURCE,UNAVAILABLE,DERIVED
v3,perpetual,true_oos,T2,M30,CNYRUBF,V3_TRUE_OOS,TradingSystemLab/results/perpetual_v3/true_oos/T2/M30/trades.csv,198,T2-M30-CNYRUBF-000054,v3|true_oos|T2|M30|CNYRUBF|TradingSystemLab/results/perpetual_v3/true_oos/T2/M30/trades.csv|198|T2-M30-CNYRUBF-000054,LONG,2026-02-02 15:00:00+03:00,2026-02-02 18:00:00+03:00,2026-02-02,2026-02-02,2026,2,2026,2,0,0,15,18,-1.03660214594,-1,0.0366021459436,0.695440772928,0.183010729718,INITIAL_STOP,11.058,11.003358395,,0 days 03:00:00,180,3,SOURCE,SOURCE,SOURCE,UNAVAILABLE,DERIVED
v3,perpetual,true_oos,T2,M30,CNYRUBF,V3_TRUE_OOS,TradingSystemLab/results/perpetual_v3/true_oos/T2/M30/trades.csv,201,T2-M30-CNYRUBF-000055,v3|true_oos|T2|M30|CNYRUBF|TradingSystemLab/results/perpetual_v3/true_oos/T2/M30/trades.csv|201|T2-M30-CNYRUBF-000055,LONG,2026-02-03 16:30:00+03:00,2026-02-04 09:30:00+03:00,2026-02-03,2026-02-04,2026,2,2026,2,1,2,16,9,0.0209985611918,0.0570510211789,0.0360524599871,0.450655749839,0.919337729671,ATR_TRAILING_STOP,11.103,11.1061648892,,0 days 17:00:00,1020,17,SOURCE,SOURCE,SOURCE,UNAVAILABLE,DERIVED
v3,perpetual,true_oos,T2,M30,CNYRUBF,V3_TRUE_OOS,TradingSystemLab/results/perpetual_v3/true_oos/T2/M30/trades.csv,203,T2-M30-CNYRUBF-000056,v3|true_oos|T2|M30|CNYRUBF|TradingSystemLab/results/perpetual_v3/true_oos/T2/M30/trades.csv|203|T2-M30-CNYRUBF-000056,LONG,2026-02-06 14:00:00+03:00,2026-02-09 11:00:00+03:00,2026-02-06,2026-02-09,2026,2,2026,2,4,0,14,11,0.252903929342,0.276262513811,0.0233585844692,0.28030301363,1.06281559335,ATR_TRAILING_STOP,11.115,11.1386540458,,2 days 21:00:00,4140,69,SOURCE,SOURCE,SOURCE,UNAVAILABLE,DERIVED
v3,perpetual,true_oos,T2,M30,CNYRUBF,V3_TRUE_OOS,TradingSystemLab/results/perpetual_v3/true_oos/T2/M30/trades.csv,206,T2-M30-CNYRUBF-000057,v3|true_oos|T2|M30|CNYRUBF|TradingSystemLab/results/perpetual_v3/true_oos/T2/M30/trades.csv|206|T2-M30-CNYRUBF-000057,LONG,2026-02-09 12:00:00+03:00,2026-02-09 23:30:00+03:00,2026-02-09,2026-02-09,2026,2,2026,2,0,0,12,23,0.0015967156501,0.0688820566161,0.067285340966,0.874709432558,1.85034687657,ATR_TRAILING_STOP,11.159,11.161047461,,0 days 11:30:00,690,11.5,SOURCE,SOURCE,SOURCE,UNAVAILABLE,DERIVED
v3,perpetual,true_oos,T2,M30,CNYRUBF,V3_TRUE_OOS,TradingSystemLab/results/perpetual_v3/true_oos/T2/M30/trades.csv,208,T2-M30-CNYRUBF-000058,v3|true_oos|T2|M30|CNYRUBF|TradingSystemLab/results/perpetual_v3/true_oos/T2/M30/trades.csv|208|T2-M30-CNYRUBF-000058,LONG,2026-02-10 19:30:00+03:00,2026-02-11 13:00:00+03:00,2026-02-10,2026-02-11,2026,2,2026,2,1,2,19,13,-0.611792942615,-0.535318824788,0.0764741178269,0.458844706961,1.18534882632,EMA50_TREND_LOSS,11.174,11.16,,0 days 17:30:00,1050,17.5,SOURCE,SOURCE,SOURCE,UNAVAILABLE,DERIVED
v3,perpetual,true_oos,T2,M30,CNYRUBF,V3_TRUE_OOS,TradingSystemLab/results/perpetual_v3/true_oos/T2/M30/trades.csv,209,T2-M30-CNYRUBF-000059,v3|true_oos|T2|M30|CNYRUBF|TradingSystemLab/results/perpetual_v3/true_oos/T2/M30/trades.csv|209|T2-M30-CNYRUBF-000059,LONG,2026-02-12 17:00:00+03:00,2026-02-12 18:30:00+03:00,2026-02-12,2026-02-12,2026,2,2026,2,3,3,17,18,-0.708418181107,-0.579614875452,0.128803305656,0.450811569796,0.32200826414,EMA50_TREND_LOSS,11.175,11.166,,0 days 01:30:00,90,1.5,SOURCE,SOURCE,SOURCE,UNAVAILABLE,DERIVED
v3,perpetual,true_oos,T2,M30,CNYRUBF,V3_TRUE_OOS,TradingSystemLab/results/perpetual_v3/true_oos/T2/M30/trades.csv,210,T2-M30-CNYRUBF-000060,v3|true_oos|T2|M30|CNYRUBF|TradingSystemLab/results/perpetual_v3/true_oos/T2/M30/trades.csv|210|T2-M30-CNYRUBF-000060,SHORT,2026-02-16 14:00:00+03:00,2026-02-16 17:30:00+03:00,2026-02-16,2026-02-16,2026,2,2026,2,0,0,14,17,-0.842069534907,-0.786551209011,0.0555183258956,0.360869118321,0.805015725486,ATR_TRAILING_STOP,11.086,11.1143348317,,0 days 03:30:00,210,3.5,SOURCE,SOURCE,SOURCE,UNAVAILABLE,DERIVED
v3,perpetual,true_oos,T2,M30,CNYRUBF,V3_TRUE_OOS,TradingSystemLab/results/perpetual_v3/true_oos/T2/M30/trades.csv,212,T2-M30-CNYRUBF-000061,v3|true_oos|T2|M30|CNYRUBF|TradingSystemLab/results/perpetual_v3/true_oos/T2/M30/trades.csv|212|T2-M30-CNYRUBF-000061,SHORT,2026-02-19 14:00:00+03:00,2026-02-19 14:30:00+03:00,2026-02-19,2026-02-19,2026,2,2026,2,3,3,14,14,-1.05671751129,-1,0.0567175112939,0,0,INITIAL_STOP,11.06,11.0952624781,,0 days 00:30:00,30,0.5,SOURCE,SOURCE,SOURCE,UNAVAILABLE,DERIVED
v3,perpetual,true_oos,T2,M30,CNYRUBF,V3_TRUE_OOS,TradingSystemLab/results/perpetual_v3/true_oos/T2/M30/trades.csv,219,T2-M30-CNYRUBF-000062,v3|true_oos|T2|M30|CNYRUBF|TradingSystemLab/results/perpetual_v3/true_oos/T2/M30/trades.csv|219|T2-M30-CNYRUBF-000062,LONG,2026-02-27 15:30:00+03:00,2026-02-27 17:00:00+03:00,2026-02-27,2026-02-27,2026,2,2026,2,4,4,15,17,-0.784122970373,-0.737998089762,0.0461248806102,0.484311246407,0.0691873209152,EMA50_TREND_LOSS,11.261,11.229,,0 days 01:30:00,90,1.5,SOURCE,SOURCE,SOURCE,UNAVAILABLE,DERIVED
v3,perpetual,true_oos,T2,M30,CNYRUBF,V3_TRUE_OOS,TradingSystemLab/results/perpetual_v3/true_oos/T2/M30/trades.csv,226,T2-M30-CNYRUBF-000063,v3|true_oos|T2|M30|CNYRUBF|TradingSystemLab/results/perpetual_v3/true_oos/T2/M30/trades.csv|226|T2-M30-CNYRUBF-000063,LONG,2026-03-06 13:30:00+03:00,2026-03-06 14:30:00+03:00,2026-03-06,2026-03-06,2026,3,2026,3,4,4,13,14,-1.06313767096,-1,0.0631376709589,0.694514380548,0.126275341918,INITIAL_STOP,11.436,11.4043231901,,0 days 01:00:00,60,1,SOURCE,SOURCE,SOURCE,UNAVAILABLE,DERIVED
v3,perpetual,true_oos,T2,M30,CNYRUBF,V3_TRUE_OOS,TradingSystemLab/results/perpetual_v3/true_oos/T2/M30/trades.csv,227,T2-M30-CNYRUBF-000064,v3|true_oos|T2|M30|CNYRUBF|TradingSystemLab/results/perpetual_v3/true_oos/T2/M30/trades.csv|227|T2-M30-CNYRUBF-000064,LONG,2026-03-06 15:30:00+03:00,2026-03-06 18:30:00+03:00,2026-03-06,2026-03-06,2026,3,2026,3,4,4,15,18,-1.06527256949,-1,0.0652725694926,0.587453125434,0.815907118658,INITIAL_STOP,11.43,11.3993592574,,0 days 03:00:00,180,3,SOURCE,SOURCE,SOURCE,UNAVAILABLE,DERIVED
v3,perpetual,true_oos,T2,M30,CNYRUBF,V3_TRUE_OOS,TradingSystemLab/results/perpetual_v3/true_oos/T2/M30/trades.csv,230,T2-M30-CNYRUBF-000065,v3|true_oos|T2|M30|CNYRUBF|TradingSystemLab/results/perpetual_v3/true_oos/T2/M30/trades.csv|230|T2-M30-CNYRUBF-000065,LONG,2026-03-11 11:30:00+03:00,2026-03-11 22:30:00+03:00,2026-03-11,2026-03-11,2026,3,2026,3,2,2,11,22,-0.312508356593,-0.265758574764,0.0467497818288,0.467497818288,1.00512030932,ATR_TRAILING_STOP,11.504,11.4926305961,,0 days 11:00:00,660,11,SOURCE,SOURCE,SOURCE,UNAVAILABLE,DERIVED
v3,perpetual,true_oos,T2,M30,CNYRUBF,V3_TRUE_OOS,TradingSystemLab/results/perpetual_v3/true_oos/T2/M30/trades.csv,232,T2-M30-CNYRUBF-000066,v3|true_oos|T2|M30|CNYRUBF|TradingSystemLab/results/perpetual_v3/true_oos/T2/M30/trades.csv|232|T2-M30-CNYRUBF-000066,LONG,2026-03-13 19:00:00+03:00,2026-03-16 10:30:00+03:00,2026-03-13,2026-03-16,2026,3,2026,3,4,0,19,10,-0.5084851511,-0.469706358963,0.0387787921363,0.387787921363,0.639850070249,ATR_TRAILING_STOP,11.656,11.6317750908,,2 days 15:30:00,3810,63.5,SOURCE,SOURCE,SOURCE,UNAVAILABLE,DERIVED
v3,perpetual,true_oos,T2,M30,CNYRUBF,V3_TRUE_OOS,TradingSystemLab/results/perpetual_v3/true_oos/T2/M30/trades.csv,239,T2-M30-CNYRUBF-000067,v3|true_oos|T2|M30|CNYRUBF|TradingSystemLab/results/perpetual_v3/true_oos/T2/M30/trades.csv|239|T2-M30-CNYRUBF-000067,SHORT,2026-03-27 15:30:00+03:00,2026-03-27 18:00:00+03:00,2026-03-27,2026-03-27,2026,3,2026,3,4,4,15,18,-1.03433366948,-1,0.0343336694798,0.841174902255,0.429170868498,INITIAL_STOP,11.713,11.7712518569,,0 days 02:30:00,150,2.5,SOURCE,SOURCE,SOURCE,UNAVAILABLE,DERIVED
v3,perpetual,true_oos,T2,M30,CNYRUBF,V3_TRUE_OOS,TradingSystemLab/results/perpetual_v3/true_oos/T2/M30/trades.csv,242,T2-M30-CNYRUBF-000068,v3|true_oos|T2|M30|CNYRUBF|TradingSystemLab/results/perpetual_v3/true_oos/T2/M30/trades.csv|242|T2-M30-CNYRUBF-000068,SHORT,2026-03-30 16:30:00+03:00,2026-03-30 17:30:00+03:00,2026-03-30,2026-03-30,2026,3,2026,3,0,0,16,17,-1.03899616724,-1,0.0389961672403,0.448455923263,0.0974904181007,INITIAL_STOP,11.709,11.7602870916,,0 days 01:00:00,60,1,SOURCE,SOURCE,SOURCE,UNAVAILABLE,DERIVED
v3,perpetual,true_oos,T2,M30,CNYRUBF,V3_TRUE_OOS,TradingSystemLab/results/perpetual_v3/true_oos/T2/M30/trades.csv,246,T2-M30-CNYRUBF-000069,v3|true_oos|T2|M30|CNYRUBF|TradingSystemLab/results/perpetual_v3/true_oos/T2/M30/trades.csv|246|T2-M30-CNYRUBF-000069,SHORT,2026-04-06 19:00:00+03:00,2026-04-07 09:30:00+03:00,2026-04-06,2026-04-07,2026,4,2026,4,0,1,19,9,-0.681086317802,-0.624329124651,0.0567571931501,0.397300352051,0.454057545201,EMA50_TREND_LOSS,11.476,11.498,,0 days 14:30:00,870,14.5,SOURCE,SOURCE,SOURCE,UNAVAILABLE,DERIVED
v3,perpetual,true_oos,T2,M30,CNYRUBF,V3_TRUE_OOS,TradingSystemLab/results/perpetual_v3/true_oos/T2/M30/trades.csv,252,T2-M30-CNYRUBF-000070,v3|true_oos|T2|M30|CNYRUBF|TradingSystemLab/results/perpetual_v3/true_oos/T2/M30/trades.csv|252|T2-M30-CNYRUBF-000070,SHORT,2026-04-21 16:30:00+03:00,2026-04-22 10:30:00+03:00,2026-04-21,2026-04-22,2026,4,2026,4,1,2,16,10,-0.54018722034,-0.499321697544,0.0408655227955,0.408655227955,0.837743217307,ATR_TRAILING_STOP,10.969,10.9934373087,,0 days 18:00:00,1080,18,SOURCE,SOURCE,SOURCE,UNAVAILABLE,DERIVED
v3,perpetual,true_oos,T2,M30,CNYRUBF,V3_TRUE_OOS,TradingSystemLab/results/perpetual_v3/true_oos/T2/M30/trades.csv,254,T2-M30-CNYRUBF-000071,v3|true_oos|T2|M30|CNYRUBF|TradingSystemLab/results/perpetual_v3/true_oos/T2/M30/trades.csv|254|T2-M30-CNYRUBF-000071,SHORT,2026-04-27 14:00:00+03:00,2026-04-28 10:00:00+03:00,2026-04-27,2026-04-28,2026,4,2026,4,0,1,14,10,2.062679456,2.15435409849,0.0916746424889,0.320861248711,4.62956944569,ATR_TRAILING_STOP,10.966,10.919,,0 days 20:00:00,1200,20,SOURCE,SOURCE,SOURCE,UNAVAILABLE,DERIVED
v3,perpetual,true_oos,T2,M30,CNYRUBF,V3_TRUE_OOS,TradingSystemLab/results/perpetual_v3/true_oos/T2/M30/trades.csv,257,T2-M30-CNYRUBF-000072,v3|true_oos|T2|M30|CNYRUBF|TradingSystemLab/results/perpetual_v3/true_oos/T2/M30/trades.csv|257|T2-M30-CNYRUBF-000072,SHORT,2026-04-30 13:00:00+03:00,2026-04-30 17:30:00+03:00,2026-04-30,2026-04-30,2026,4,2026,4,3,3,13,17,-0.736370576783,-0.690347415734,0.046023161049,0.598301093636,0.0920463220979,EMA50_TREND_LOSS,10.936,10.966,,0 days 04:30:00,270,4.5,SOURCE,SOURCE,SOURCE,UNAVAILABLE,DERIVED
v3,perpetual,true_oos,T2,M30,CNYRUBF,V3_TRUE_OOS,TradingSystemLab/results/perpetual_v3/true_oos/T2/M30/trades.csv,260,T2-M30-CNYRUBF-000073,v3|true_oos|T2|M30|CNYRUBF|TradingSystemLab/results/perpetual_v3/true_oos/T2/M30/trades.csv|260|T2-M30-CNYRUBF-000073,LONG,2026-05-04 17:30:00+03:00,2026-05-05 10:30:00+03:00,2026-05-04,2026-05-05,2026,5,2026,5,0,1,17,10,-0.613617542416,-0.54952343809,0.0640941043264,0.769129251916,0.801176304079,ATR_TRAILING_STOP,11.041,11.0238526057,,0 days 17:00:00,1020,17,SOURCE,SOURCE,SOURCE,UNAVAILABLE,DERIVED
v3,perpetual,true_oos,T2,M30,CNYRUBF,V3_TRUE_OOS,TradingSystemLab/results/perpetual_v3/true_oos/T2/M30/trades.csv,263,T2-M30-CNYRUBF-000074,v3|true_oos|T2|M30|CNYRUBF|TradingSystemLab/results/perpetual_v3/true_oos/T2/M30/trades.csv|263|T2-M30-CNYRUBF-000074,LONG,2026-05-05 13:00:00+03:00,2026-05-06 10:30:00+03:00,2026-05-05,2026-05-06,2026,5,2026,5,1,2,13,10,1.33054115977,1.41084854838,0.0803073886027,0.60230541452,3.0918344612,ATR_TRAILING_STOP,11.032,11.0671362078,,0 days 21:30:00,1290,21.5,SOURCE,SOURCE,SOURCE,UNAVAILABLE,DERIVED
v3,perpetual,true_oos,T2,M30,CNYRUBF,V3_TRUE_OOS,TradingSystemLab/results/perpetual_v3/true_oos/T2/M30/trades.csv,265,T2-M30-CNYRUBF-000075,v3|true_oos|T2|M30|CNYRUBF|TradingSystemLab/results/perpetual_v3/true_oos/T2/M30/trades.csv|265|T2-M30-CNYRUBF-000075,SHORT,2026-05-07 15:30:00+03:00,2026-05-07 17:30:00+03:00,2026-05-07,2026-05-07,2026,5,2026,5,3,3,15,17,-0.447747650795,-0.408813072465,0.03893457833,0.525616807455,0.15573831332,EMA50_TREND_LOSS,10.96,10.981,,0 days 02:00:00,120,2,SOURCE,SOURCE,SOURCE,UNAVAILABLE,DERIVED
v3,perpetual,true_oos,T2,M30,CNYRUBF,V3_TRUE_OOS,TradingSystemLab/results/perpetual_v3/true_oos/T2/M30/trades.csv,282,T2-M30-CNYRUBF-000076,v3|true_oos|T2|M30|CNYRUBF|TradingSystemLab/results/perpetual_v3/true_oos/T2/M30/trades.csv|282|T2-M30-CNYRUBF-000076,SHORT,2026-06-09 17:30:00+03:00,2026-06-10 10:30:00+03:00,2026-06-09,2026-06-10,2026,6,2026,6,1,2,17,10,0.31884463831,0.359513428841,0.0406687905313,0.32535032425,1.85042996917,ATR_TRAILING_STOP,10.595,10.5773199351,,0 days 17:00:00,1020,17,SOURCE,SOURCE,SOURCE,UNAVAILABLE,DERIVED
v3,perpetual,true_oos,T2,M30,CNYRUBF,V3_TRUE_OOS,TradingSystemLab/results/perpetual_v3/true_oos/T2/M30/trades.csv,292,T2-M30-CNYRUBF-000077,v3|true_oos|T2|M30|CNYRUBF|TradingSystemLab/results/perpetual_v3/true_oos/T2/M30/trades.csv|292|T2-M30-CNYRUBF-000077,LONG,2026-06-24 12:30:00+03:00,2026-06-24 14:00:00+03:00,2026-06-24,2026-06-24,2026,6,2026,6,2,2,12,14,-1.07358241004,-1,0.0735824100395,0.625450485336,0.515076870276,INITIAL_STOP,10.981,10.953819591,,0 days 01:30:00,90,1.5,SOURCE,SOURCE,SOURCE,UNAVAILABLE,DERIVED
v3,perpetual,true_oos,T2,M30,CNYRUBF,V3_TRUE_OOS,TradingSystemLab/results/perpetual_v3/true_oos/T2/M30/trades.csv,298,T2-M30-CNYRUBF-000078,v3|true_oos|T2|M30|CNYRUBF|TradingSystemLab/results/perpetual_v3/true_oos/T2/M30/trades.csv|298|T2-M30-CNYRUBF-000078,SHORT,2026-07-07 13:30:00+03:00,2026-07-07 16:00:00+03:00,2026-07-07,2026-07-07,2026,7,2026,7,1,1,13,16,-1.0280436031,-1,0.0280436031039,0.785220886909,0.350545038799,INITIAL_STOP,11.178,11.249317512,,0 days 02:30:00,150,2.5,SOURCE,SOURCE,SOURCE,UNAVAILABLE,DERIVED
v3,perpetual,true_oos,T2,M30,CNYRUBF,V3_TRUE_OOS,TradingSystemLab/results/perpetual_v3/true_oos/T2/M30/trades.csv,304,T2-M30-CNYRUBF-000079,v3|true_oos|T2|M30|CNYRUBF|TradingSystemLab/results/perpetual_v3/true_oos/T2/M30/trades.csv|304|T2-M30-CNYRUBF-000079,LONG,2026-07-15 11:30:00+03:00,2026-07-15 16:30:00+03:00,2026-07-15,2026-07-15,2026,7,2026,7,2,2,11,16,-1.03275033895,-1,0.0327503389507,0.884259151668,0.163751694753,INITIAL_STOP,11.539,11.4779319297,,0 days 05:00:00,300,5,SOURCE,SOURCE,SOURCE,UNAVAILABLE,DERIVED
v3,perpetual,true_oos,T2,M30,CNYRUBF,V3_TRUE_OOS,TradingSystemLab/results/perpetual_v3/true_oos/T2/M30/trades.csv,310,T2-M30-CNYRUBF-000080,v3|true_oos|T2|M30|CNYRUBF|TradingSystemLab/results/perpetual_v3/true_oos/T2/M30/trades.csv|310|T2-M30-CNYRUBF-000080,LONG,2026-07-16 12:00:00+03:00,2026-07-17 09:30:00+03:00,2026-07-16,2026-07-17,2026,7,2026,7,3,4,12,9,0.724044971611,0.755315461891,0.0312704902808,0.875573727862,1.81368843629,ATR_TRAILING_STOP,11.527,11.5753085142,,0 days 21:30:00,1290,21.5,SOURCE,SOURCE,SOURCE,UNAVAILABLE,DERIVED
v3,perpetual,true_oos,T2,M30,CNYRUBF,V3_TRUE_OOS,TradingSystemLab/results/perpetual_v3/true_oos/T2/M30/trades.csv,315,T2-M30-CNYRUBF-000081,v3|true_oos|T2|M30|CNYRUBF|TradingSystemLab/results/perpetual_v3/true_oos/T2/M30/trades.csv|315|T2-M30-CNYRUBF-000081,LONG,2026-07-23 17:00:00+03:00,2026-07-23 19:00:00+03:00,2026-07-23,2026-07-23,2026,7,2026,7,3,3,17,19,-0.799224548233,-0.744105613872,0.0551189343609,0.468510942068,0.0826784015413,EMA50_TREND_LOSS,11.599,11.572,,0 days 02:00:00,120,2,SOURCE,SOURCE,SOURCE,UNAVAILABLE,DERIVED
v3,perpetual,true_oos,T2,M30,CNYRUBF,V3_TRUE_OOS,TradingSystemLab/results/perpetual_v3/true_oos/T2/M30/trades.csv,319,T2-M30-CNYRUBF-000082,v3|true_oos|T2|M30|CNYRUBF|TradingSystemLab/results/perpetual_v3/true_oos/T2/M30/trades.csv|319|T2-M30-CNYRUBF-000082,LONG,2026-07-30 13:00:00+03:00,2026-07-30 16:30:00+03:00,2026-07-30,2026-07-30,2026,7,2026,7,3,3,13,16,-0.0699516164027,0.0137694092401,0.0837210256428,0.0418605128215,2.84651487186,ATR_TRAILING_STOP,11.816,11.8163289355,,0 days 03:30:00,210,3.5,SOURCE,SOURCE,SOURCE,UNAVAILABLE,DERIVED
v3,perpetual,true_oos,T2,M30,CNYRUBF,V3_TRUE_OOS,TradingSystemLab/results/perpetual_v3/true_oos/T2/M30/trades.csv,323,T2-M30-CNYRUBF-000083,v3|true_oos|T2|M30|CNYRUBF|TradingSystemLab/results/perpetual_v3/true_oos/T2/M30/trades.csv|323|T2-M30-CNYRUBF-000083,LONG,2026-08-05 17:00:00+03:00,2026-08-06 12:00:00+03:00,2026-08-05,2026-08-06,2026,8,2026,8,2,3,17,12,0.535040936966,0.567746361874,0.0327054249078,0.523286798525,1.53715497067,ATR_TRAILING_STOP,12.011,12.0457187883,,0 days 19:00:00,1140,19,SOURCE,SOURCE,SOURCE,UNAVAILABLE,DERIVED
v3,perpetual,true_oos,T2,M30,CNYRUBF,V3_TRUE_OOS,TradingSystemLab/results/perpetual_v3/true_oos/T2/M30/trades.csv,330,T2-M30-CNYRUBF-000084,v3|true_oos|T2|M30|CNYRUBF|TradingSystemLab/results/perpetual_v3/true_oos/T2/M30/trades.csv|330|T2-M30-CNYRUBF-000084,LONG,2026-08-14 10:30:00+03:00,2026-08-14 12:00:00+03:00,2026-08-14,2026-08-14,2026,8,2026,8,4,4,10,12,-1.03485620577,-1,0.0348562057723,0.331133954837,0.22656533752,INITIAL_STOP,12.52,12.4626214083,,0 days 01:30:00,90,1.5,SOURCE,SOURCE,SOURCE,UNAVAILABLE,DERIVED
v3,perpetual,true_oos,T2,M30,CNYRUBF,V3_TRUE_OOS,TradingSystemLab/results/perpetual_v3/true_oos/T2/M30/trades.csv,332,T2-M30-CNYRUBF-000085,v3|true_oos|T2|M30|CNYRUBF|TradingSystemLab/results/perpetual_v3/true_oos/T2/M30/trades.csv|332|T2-M30-CNYRUBF-000085,LONG,2026-08-14 13:30:00+03:00,2026-08-17 09:00:00+03:00,2026-08-14,2026-08-17,2026,8,2026,8,4,0,13,9,0.762204842398,0.793506575211,0.031301732813,0.751241587513,1.70594443831,ATR_TRAILING_STOP,12.491,12.5417004887,,2 days 19:30:00,4050,67.5,SOURCE,SOURCE,SOURCE,UNAVAILABLE,DERIVED
v3,perpetual,true_oos,T2,M30,CNYRUBF,V3_TRUE_OOS,TradingSystemLab/results/perpetual_v3/true_oos/T2/M30/trades.csv,333,T2-M30-CNYRUBF-000086,v3|true_oos|T2|M30|CNYRUBF|TradingSystemLab/results/perpetual_v3/true_oos/T2/M30/trades.csv|333|T2-M30-CNYRUBF-000086,LONG,2026-08-17 10:30:00+03:00,2026-08-17 18:30:00+03:00,2026-08-17,2026-08-17,2026,8,2026,8,0,0,10,18,0.302395032345,0.333263788856,0.0308687565119,0.0926062695356,1.52800344734,ATR_TRAILING_STOP,12.593,12.6145923041,,0 days 08:00:00,480,8,SOURCE,SOURCE,SOURCE,UNAVAILABLE,DERIVED
v3,perpetual,true_oos,T2,M30,CNYRUBF,V3_TRUE_OOS,TradingSystemLab/results/perpetual_v3/true_oos/T2/M30/trades.csv,340,T2-M30-CNYRUBF-000087,v3|true_oos|T2|M30|CNYRUBF|TradingSystemLab/results/perpetual_v3/true_oos/T2/M30/trades.csv|340|T2-M30-CNYRUBF-000087,SHORT,2026-08-21 15:30:00+03:00,2026-08-22 10:00:00+03:00,2026-08-21,2026-08-22,2026,8,2026,8,4,5,15,10,-0.293194114452,-0.258700689223,0.0344934252297,0.258700689223,0.586388228905,ATR_TRAILING_STOP,12.33,12.345,,0 days 18:30:00,1110,18.5,SOURCE,SOURCE,SOURCE,UNAVAILABLE,DERIVED
v3,perpetual,true_oos,T2,M30,CNYRUBF,V3_TRUE_OOS,TradingSystemLab/results/perpetual_v3/true_oos/T2/M30/trades.csv,344,T2-M30-CNYRUBF-000088,v3|true_oos|T2|M30|CNYRUBF|TradingSystemLab/results/perpetual_v3/true_oos/T2/M30/trades.csv|344|T2-M30-CNYRUBF-000088,LONG,2026-08-25 17:00:00+03:00,2026-08-25 17:30:00+03:00,2026-08-25,2026-08-25,2026,8,2026,8,1,1,17,17,-1.07076994119,-1,0.070769941194,0,0,INITIAL_STOP,12.582,12.5537394141,,0 days 00:30:00,30,0.5,SOURCE,SOURCE,SOURCE,UNAVAILABLE,DERIVED
v3,perpetual,true_oos,T2,M30,CNYRUBF,V3_TRUE_OOS,TradingSystemLab/results/perpetual_v3/true_oos/T2/M30/trades.csv,346,T2-M30-CNYRUBF-000089,v3|true_oos|T2|M30|CNYRUBF|TradingSystemLab/results/perpetual_v3/true_oos/T2/M30/trades.csv|346|T2-M30-CNYRUBF-000089,LONG,2026-08-26 13:30:00+03:00,2026-08-27 18:30:00+03:00,2026-08-26,2026-08-27,2026,8,2026,8,2,3,13,18,9.30802749605,9.3834811571,0.0754536610536,0.226360983161,13.1666638539,ATR_TRAILING_STOP,12.544,12.7927216929,,1 days 05:00:00,1740,29,SOURCE,SOURCE,SOURCE,UNAVAILABLE,DERIVED
v3,perpetual,true_oos,T2,M30,CNYRUBF,V3_TRUE_OOS,TradingSystemLab/results/perpetual_v3/true_oos/T2/M30/trades.csv,361,T2-M30-CNYRUBF-000090,v3|true_oos|T2|M30|CNYRUBF|TradingSystemLab/results/perpetual_v3/true_oos/T2/M30/trades.csv|361|T2-M30-CNYRUBF-000090,SHORT,2026-09-15 15:30:00+03:00,2026-09-15 19:00:00+03:00,2026-09-15,2026-09-15,2026,9,2026,9,1,1,15,19,-0.699067559239,-0.657945938107,0.0411216211317,0.596263506409,0.24672972679,EMA50_TREND_LOSS,12.534,12.566,,0 days 03:30:00,210,3.5,SOURCE,SOURCE,SOURCE,UNAVAILABLE,DERIVED
v3,perpetual,true_oos,T2,M30,GLDRUBF,V3_TRUE_OOS,TradingSystemLab/results/perpetual_v3/true_oos/T2/M30/trades.csv,3,T2-M30-GLDRUBF-000001,v3|true_oos|T2|M30|GLDRUBF|TradingSystemLab/results/perpetual_v3/true_oos/T2/M30/trades.csv|3|T2-M30-GLDRUBF-000001,LONG,2025-01-17 15:00:00+03:00,2025-01-17 17:30:00+03:00,2025-01-17,2025-01-17,2025,1,2025,1,4,4,15,17,-0.37665515583,-0.376582736073,7.24197569372e-05,0.260711124974,0.648156824588,EMA50_TREND_LOSS,8980.1,8969.7,,0 days 02:30:00,150,2.5,SOURCE,SOURCE,SOURCE,UNAVAILABLE,DERIVED
v3,perpetual,true_oos,T2,M30,GLDRUBF,V3_TRUE_OOS,TradingSystemLab/results/perpetual_v3/true_oos/T2/M30/trades.csv,4,T2-M30-GLDRUBF-000002,v3|true_oos|T2|M30|GLDRUBF|TradingSystemLab/results/perpetual_v3/true_oos/T2/M30/trades.csv|4|T2-M30-GLDRUBF-000002,LONG,2025-01-17 20:00:00+03:00,2025-01-17 20:30:00+03:00,2025-01-17,2025-01-17,2025,1,2025,1,4,4,20,20,-0.535315729326,-0.535237018,7.87113261764e-05,0,0,EMA50_TREND_LOSS,8983.8,8970.2,,0 days 00:30:00,30,0.5,SOURCE,SOURCE,SOURCE,UNAVAILABLE,DERIVED
v3,perpetual,true_oos,T2,M30,GLDRUBF,V3_TRUE_OOS,TradingSystemLab/results/perpetual_v3/true_oos/T2/M30/trades.csv,11,T2-M30-GLDRUBF-000003,v3|true_oos|T2|M30|GLDRUBF|TradingSystemLab/results/perpetual_v3/true_oos/T2/M30/trades.csv|11|T2-M30-GLDRUBF-000003,LONG,2025-02-03 10:00:00+03:00,2025-02-04 09:30:00+03:00,2025-02-03,2025-02-04,2025,2,2025,2,0,1,10,9,0.46055955799,0.460597334724,3.77767343023e-05,0.322991078285,1.43173823006,ATR_TRAILING_STOP,8860,8884.38523833,,0 days 23:30:00,1410,23.5,SOURCE,SOURCE,SOURCE,UNAVAILABLE,DERIVED
v3,perpetual,true_oos,T2,M30,GLDRUBF,V3_TRUE_OOS,TradingSystemLab/results/perpetual_v3/true_oos/T2/M30/trades.csv,22,T2-M30-GLDRUBF-000004,v3|true_oos|T2|M30|GLDRUBF|TradingSystemLab/results/perpetual_v3/true_oos/T2/M30/trades.csv|22|T2-M30-GLDRUBF-000004,SHORT,2025-02-13 12:30:00+03:00,2025-02-14 10:30:00+03:00,2025-02-13,2025-02-14,2025,2,2025,2,3,4,12,10,-0.565397969761,-0.565383139469,1.48302912831e-05,0.839394486624,0.177221980833,ATR_TRAILING_STOP,8573.9,8650.14707144,,0 days 22:00:00,1320,22,SOURCE,SOURCE,SOURCE,UNAVAILABLE,DERIVED
v3,perpetual,true_oos,T2,M30,GLDRUBF,V3_TRUE_OOS,TradingSystemLab/results/perpetual_v3/true_oos/T2/M30/trades.csv,27,T2-M30-GLDRUBF-000005,v3|true_oos|T2|M30|GLDRUBF|TradingSystemLab/results/perpetual_v3/true_oos/T2/M30/trades.csv|27|T2-M30-GLDRUBF-000005,SHORT,2025-02-19 19:00:00+03:00,2025-02-20 09:00:00+03:00,2025-02-19,2025-02-20,2025,2,2025,2,2,3,19,9,0.997290237829,0.997335778276,4.55404464966e-05,0.013662133949,2.97379115623,ATR_TRAILING_STOP,8601.6,8557.8,,0 days 14:00:00,840,14,SOURCE,SOURCE,SOURCE,UNAVAILABLE,DERIVED
v3,perpetual,true_oos,T2,M30,GLDRUBF,V3_TRUE_OOS,TradingSystemLab/results/perpetual_v3/true_oos/T2/M30/trades.csv,29,T2-M30-GLDRUBF-000006,v3|true_oos|T2|M30|GLDRUBF|TradingSystemLab/results/perpetual_v3/true_oos/T2/M30/trades.csv|29|T2-M30-GLDRUBF-000006,SHORT,2025-02-20 10:30:00+03:00,2025-02-21 10:30:00+03:00,2025-02-20,2025-02-21,2025,2,2025,2,3,4,10,10,3.01193185149,3.0119618422,2.99907107278e-05,0.305905249423,4.45362054307,ATR_TRAILING_STOP,8551.4,8350.54034919,,1 days 00:00:00,1440,24,SOURCE,SOURCE,SOURCE,UNAVAILABLE,DERIVED
v3,perpetual,true_oos,T2,M30,GLDRUBF,V3_TRUE_OOS,TradingSystemLab/results/perpetual_v3/true_oos/T2/M30/trades.csv,31,T2-M30-GLDRUBF-000007,v3|true_oos|T2|M30|GLDRUBF|TradingSystemLab/results/perpetual_v3/true_oos/T2/M30/trades.csv|31|T2-M30-GLDRUBF-000007,SHORT,2025-02-21 18:00:00+03:00,2025-02-24 11:00:00+03:00,2025-02-21,2025-02-24,2025,2,2025,2,4,0,18,11,-0.508945991569,-0.50891483454,3.11570292816e-05,0.367652945523,0.936268729913,ATR_TRAILING_STOP,8380.6,8413.26773799,,2 days 17:00:00,3900,65,SOURCE,SOURCE,SOURCE,UNAVAILABLE,DERIVED
v3,perpetual,true_oos,T2,M30,GLDRUBF,V3_TRUE_OOS,TradingSystemLab/results/perpetual_v3/true_oos/T2/M30/trades.csv,37,T2-M30-GLDRUBF-000008,v3|true_oos|T2|M30|GLDRUBF|TradingSystemLab/results/perpetual_v3/true_oos/T2/M30/trades.csv|37|T2-M30-GLDRUBF-000008,SHORT,2025-03-11 13:00:00+03:00,2025-03-11 19:30:00+03:00,2025-03-11,2025-03-11,2025,3,2025,3,1,1,13,19,-0.454476438645,-0.454436330622,4.01080230174e-05,0.411107235929,1.15711646405,ATR_TRAILING_STOP,8148.5,8171.16061982,,0 days 06:30:00,390,6.5,SOURCE,SOURCE,SOURCE,UNAVAILABLE,DERIVED
v3,perpetual,true_oos,T2,M30,GLDRUBF,V3_TRUE_OOS,TradingSystemLab/results/perpetual_v3/true_oos/T2/M30/trades.csv,46,T2-M30-GLDRUBF-000009,v3|true_oos|T2|M30|GLDRUBF|TradingSystemLab/results/perpetual_v3/true_oos/T2/M30/trades.csv|46|T2-M30-GLDRUBF-000009,LONG,2025-04-03 19:30:00+03:00,2025-04-04 09:30:00+03:00,2025-04-03,2025-04-04,2025,4,2025,4,3,4,19,9,-1.00002666902,-1,2.66690234477e-05,0.570717101782,0.148013080135,INITIAL_STOP,8488.9,8413.90662786,,0 days 14:00:00,840,14,SOURCE,SOURCE,SOURCE,UNAVAILABLE,DERIVED
v3,perpetual,true_oos,T2,M30,GLDRUBF,V3_TRUE_OOS,TradingSystemLab/results/perpetual_v3/true_oos/T2/M30/trades.csv,48,T2-M30-GLDRUBF-000010,v3|true_oos|T2|M30|GLDRUBF|TradingSystemLab/results/perpetual_v3/true_oos/T2/M30/trades.csv|48|T2-M30-GLDRUBF-000010,LONG,2025-04-09 17:00:00+03:00,2025-04-09 20:30:00+03:00,2025-04-09,2025-04-09,2025,4,2025,4,2,2,17,20,-1.00003652857,-1,3.65285654248e-05,0.573498477169,0.505920631133,INITIAL_STOP,8499.4,8444.6483289,,0 days 03:30:00,210,3.5,SOURCE,SOURCE,SOURCE,UNAVAILABLE,DERIVED
v3,perpetual,true_oos,T2,M30,GLDRUBF,V3_TRUE_OOS,TradingSystemLab/results/perpetual_v3/true_oos/T2/M30/trades.csv,49,T2-M30-GLDRUBF-000011,v3|true_oos|T2|M30|GLDRUBF|TradingSystemLab/results/perpetual_v3/true_oos/T2/M30/trades.csv|49|T2-M30-GLDRUBF-000011,LONG,2025-04-11 11:30:00+03:00,2025-04-11 18:30:00+03:00,2025-04-11,2025-04-11,2025,4,2025,4,4,4,11,18,-0.963349568964,-0.963325745604,2.3823360219e-05,0.742097670823,0.282306818595,ATR_TRAILING_STOP,8696.3,8615.42763466,,0 days 07:00:00,420,7,SOURCE,SOURCE,SOURCE,UNAVAILABLE,DERIVED
v3,perpetual,true_oos,T2,M30,GLDRUBF,V3_TRUE_OOS,TradingSystemLab/results/perpetual_v3/true_oos/T2/M30/trades.csv,56,T2-M30-GLDRUBF-000012,v3|true_oos|T2|M30|GLDRUBF|TradingSystemLab/results/perpetual_v3/true_oos/T2/M30/trades.csv|56|T2-M30-GLDRUBF-000012,SHORT,2025-04-29 17:00:00+03:00,2025-04-29 20:00:00+03:00,2025-04-29,2025-04-29,2025,4,2025,4,1,1,17,20,-1.00004725712,-1,4.72571238475e-05,0.654511165288,0.562359773786,INITIAL_STOP,8680,8722.32166152,,0 days 03:00:00,180,3,SOURCE,SOURCE,SOURCE,UNAVAILABLE,DERIVED
v3,perpetual,true_oos,T2,M30,GLDRUBF,V3_TRUE_OOS,TradingSystemLab/results/perpetual_v3/true_oos/T2/M30/trades.csv,59,T2-M30-GLDRUBF-000013,v3|true_oos|T2|M30|GLDRUBF|TradingSystemLab/results/perpetual_v3/true_oos/T2/M30/trades.csv|59|T2-M30-GLDRUBF-000013,LONG,2025-05-07 14:00:00+03:00,2025-05-08 09:30:00+03:00,2025-05-07,2025-05-08,2025,5,2025,5,2,3,14,9,0.0496288115294,0.0496649465117,3.61349822728e-05,0.307147349319,1.5357367466,ATR_TRAILING_STOP,8829,8831.74885684,,0 days 19:30:00,1170,19.5,SOURCE,SOURCE,SOURCE,UNAVAILABLE,DERIVED
v3,perpetual,true_oos,T2,M30,GLDRUBF,V3_TRUE_OOS,TradingSystemLab/results/perpetual_v3/true_oos/T2/M30/trades.csv,67,T2-M30-GLDRUBF-000014,v3|true_oos|T2|M30|GLDRUBF|TradingSystemLab/results/perpetual_v3/true_oos/T2/M30/trades.csv|67|T2-M30-GLDRUBF-000014,LONG,2025-05-22 19:30:00+03:00,2025-05-22 20:30:00+03:00,2025-05-22,2025-05-22,2025,5,2025,5,3,3,19,20,-0.548145773721,-0.548098927659,4.68460621931e-05,0.0585575777414,0.281076373158,EMA50_TREND_LOSS,8479.5,8456.1,,0 days 01:00:00,60,1,SOURCE,SOURCE,SOURCE,UNAVAILABLE,DERIVED
v3,perpetual,true_oos,T2,M30,GLDRUBF,V3_TRUE_OOS,TradingSystemLab/results/perpetual_v3/true_oos/T2/M30/trades.csv,69,T2-M30-GLDRUBF-000015,v3|true_oos|T2|M30|GLDRUBF|TradingSystemLab/results/perpetual_v3/true_oos/T2/M30/trades.csv|69|T2-M30-GLDRUBF-000015,SHORT,2025-05-27 17:30:00+03:00,2025-05-28 12:00:00+03:00,2025-05-27,2025-05-28,2025,5,2025,5,1,2,17,12,-0.365144326689,-0.36509187561,5.24510791075e-05,0.841839819675,0.983457733265,ATR_TRAILING_STOP,8429.4,8443.3212341,,0 days 18:30:00,1110,18.5,SOURCE,SOURCE,SOURCE,UNAVAILABLE,DERIVED
v3,perpetual,true_oos,T2,M30,GLDRUBF,V3_TRUE_OOS,TradingSystemLab/results/perpetual_v3/true_oos/T2/M30/trades.csv,70,T2-M30-GLDRUBF-000016,v3|true_oos|T2|M30|GLDRUBF|TradingSystemLab/results/perpetual_v3/true_oos/T2/M30/trades.csv|70|T2-M30-GLDRUBF-000016,SHORT,2025-05-28 14:00:00+03:00,2025-05-28 21:30:00+03:00,2025-05-28,2025-05-28,2025,5,2025,5,2,2,14,21,1.27579743404,1.27585141934,5.3985298885e-05,0.102572067881,2.9341009944,ATR_TRAILING_STOP,8418.7,8371.43337573,,0 days 07:30:00,450,7.5,SOURCE,SOURCE,SOURCE,UNAVAILABLE,DERIVED
v3,perpetual,true_oos,T2,M30,GLDRUBF,V3_TRUE_OOS,TradingSystemLab/results/perpetual_v3/true_oos/T2/M30/trades.csv,75,T2-M30-GLDRUBF-000017,v3|true_oos|T2|M30|GLDRUBF|TradingSystemLab/results/perpetual_v3/true_oos/T2/M30/trades.csv|75|T2-M30-GLDRUBF-000017,SHORT,2025-06-10 17:00:00+03:00,2025-06-11 09:30:00+03:00,2025-06-10,2025-06-11,2025,6,2025,6,1,2,17,9,1.27406596168,1.27412656248,6.06008004768e-05,0.0363604802861,3.18760210508,ATR_TRAILING_STOP,8385.3,8343.25017384,,0 days 16:30:00,990,16.5,SOURCE,SOURCE,SOURCE,UNAVAILABLE,DERIVED
v3,perpetual,true_oos,T2,M30,GLDRUBF,V3_TRUE_OOS,TradingSystemLab/results/perpetual_v3/true_oos/T2/M30/trades.csv,83,T2-M30-GLDRUBF-000018,v3|true_oos|T2|M30|GLDRUBF|TradingSystemLab/results/perpetual_v3/true_oos/T2/M30/trades.csv|83|T2-M30-GLDRUBF-000018,SHORT,2025-06-20 18:30:00+03:00,2025-06-20 20:00:00+03:00,2025-06-20,2025-06-20,2025,6,2025,6,4,4,18,20,-0.720553131649,-0.720507673751,4.54578973976e-05,0.670503986614,0.0772784255759,EMA50_TREND_LOSS,8398.4,8430.1,,0 days 01:30:00,90,1.5,SOURCE,SOURCE,SOURCE,UNAVAILABLE,DERIVED
v3,perpetual,true_oos,T2,M30,GLDRUBF,V3_TRUE_OOS,TradingSystemLab/results/perpetual_v3/true_oos/T2/M30/trades.csv,86,T2-M30-GLDRUBF-000019,v3|true_oos|T2|M30|GLDRUBF|TradingSystemLab/results/perpetual_v3/true_oos/T2/M30/trades.csv|86|T2-M30-GLDRUBF-000019,SHORT,2025-06-30 12:00:00+03:00,2025-06-30 19:30:00+03:00,2025-06-30,2025-06-30,2025,6,2025,6,0,0,12,19,-0.481773145813,-0.48171901561,5.4130203567e-05,0.24629242623,0.736170768512,ATR_TRAILING_STOP,8218,8235.79852961,,0 days 07:30:00,450,7.5,SOURCE,SOURCE,SOURCE,UNAVAILABLE,DERIVED
v3,perpetual,true_oos,T2,M30,GLDRUBF,V3_TRUE_OOS,TradingSystemLab/results/perpetual_v3/true_oos/T2/M30/trades.csv,90,T2-M30-GLDRUBF-000020,v3|true_oos|T2|M30|GLDRUBF|TradingSystemLab/results/perpetual_v3/true_oos/T2/M30/trades.csv|90|T2-M30-GLDRUBF-000020,LONG,2025-07-03 14:00:00+03:00,2025-07-03 16:00:00+03:00,2025-07-03,2025-07-03,2025,7,2025,7,3,3,14,16,-1.00007035663,-1,7.03566304836e-05,0.759851609223,0,INITIAL_STOP,8406.7,8378.27339705,,0 days 02:00:00,120,2,SOURCE,SOURCE,SOURCE,UNAVAILABLE,DERIVED
v3,perpetual,true_oos,T2,M30,GLDRUBF,V3_TRUE_OOS,TradingSystemLab/results/perpetual_v3/true_oos/T2/M30/trades.csv,93,T2-M30-GLDRUBF-000021,v3|true_oos|T2|M30|GLDRUBF|TradingSystemLab/results/perpetual_v3/true_oos/T2/M30/trades.csv|93|T2-M30-GLDRUBF-000021,SHORT,2025-07-08 17:00:00+03:00,2025-07-08 20:30:00+03:00,2025-07-08,2025-07-08,2025,7,2025,7,1,1,17,20,0.23270522567,0.232776687596,7.14619252463e-05,0.0750350215086,2.07239583214,ATR_TRAILING_STOP,8269.4,8262.88529481,,0 days 03:30:00,210,3.5,SOURCE,SOURCE,SOURCE,UNAVAILABLE,DERIVED
v3,perpetual,true_oos,T2,M30,GLDRUBF,V3_TRUE_OOS,TradingSystemLab/results/perpetual_v3/true_oos/T2/M30/trades.csv,94,T2-M30-GLDRUBF-000022,v3|true_oos|T2|M30|GLDRUBF|TradingSystemLab/results/perpetual_v3/true_oos/T2/M30/trades.csv|94|T2-M30-GLDRUBF-000022,SHORT,2025-07-09 15:00:00+03:00,2025-07-09 16:30:00+03:00,2025-07-09,2025-07-09,2025,7,2025,7,2,2,15,16,-1.00009102086,-1,9.10208598139e-05,0.800983566363,0,INITIAL_STOP,8205.1,8227.07298514,,0 days 01:30:00,90,1.5,SOURCE,SOURCE,SOURCE,UNAVAILABLE,DERIVED
v3,perpetual,true_oos,T2,M30,GLDRUBF,V3_TRUE_OOS,TradingSystemLab/results/perpetual_v3/true_oos/T2/M30/trades.csv,99,T2-M30-GLDRUBF-000023,v3|true_oos|T2|M30|GLDRUBF|TradingSystemLab/results/perpetual_v3/true_oos/T2/M30/trades.csv|99|T2-M30-GLDRUBF-000023,LONG,2025-07-29 15:00:00+03:00,2025-07-30 09:30:00+03:00,2025-07-29,2025-07-30,2025,7,2025,7,1,2,15,9,0.194982376027,0.195028492676,4.61166498091e-05,0.592598950046,1.81930183497,ATR_TRAILING_STOP,8644.4,8652.8580512,,0 days 18:30:00,1110,18.5,SOURCE,SOURCE,SOURCE,UNAVAILABLE,DERIVED
v3,perpetual,true_oos,T2,M30,GLDRUBF,V3_TRUE_OOS,TradingSystemLab/results/perpetual_v3/true_oos/T2/M30/trades.csv,102,T2-M30-GLDRUBF-000024,v3|true_oos|T2|M30|GLDRUBF|TradingSystemLab/results/perpetual_v3/true_oos/T2/M30/trades.csv|102|T2-M30-GLDRUBF-000024,LONG,2025-08-06 16:30:00+03:00,2025-08-06 20:30:00+03:00,2025-08-06,2025-08-06,2025,8,2025,8,2,2,16,20,-0.671543677584,-0.671485877587,5.77999974608e-05,0.528869976766,0.742729967371,ATR_TRAILING_STOP,8634.3,8611.06519353,,0 days 04:00:00,240,4,SOURCE,SOURCE,SOURCE,UNAVAILABLE,DERIVED
v3,perpetual,true_oos,T2,M30,GLDRUBF,V3_TRUE_OOS,TradingSystemLab/results/perpetual_v3/true_oos/T2/M30/trades.csv,107,T2-M30-GLDRUBF-000025,v3|true_oos|T2|M30|GLDRUBF|TradingSystemLab/results/perpetual_v3/true_oos/T2/M30/trades.csv|107|T2-M30-GLDRUBF-000025,LONG,2025-08-19 12:00:00+03:00,2025-08-19 16:00:00+03:00,2025-08-19,2025-08-19,2025,8,2025,8,1,1,12,16,-0.512767883365,-0.512650032783,0.000117850582249,0.159098286036,1.4200995161,EMA50_TREND_LOSS,8587.7,8579,,0 days 04:00:00,240,4,SOURCE,SOURCE,SOURCE,UNAVAILABLE,DERIVED
v3,perpetual,true_oos,T2,M30,GLDRUBF,V3_TRUE_OOS,TradingSystemLab/results/perpetual_v3/true_oos/T2/M30/trades.csv,115,T2-M30-GLDRUBF-000026,v3|true_oos|T2|M30|GLDRUBF|TradingSystemLab/results/perpetual_v3/true_oos/T2/M30/trades.csv|115|T2-M30-GLDRUBF-000026,LONG,2025-09-03 23:30:00+03:00,2025-09-04 09:00:00+03:00,2025-09-03,2025-09-04,2025,9,2025,9,2,3,23,9,-2.84099867441,-2.84091058416,8.80902506716e-05,0.303911364817,0.506518941362,INITIAL_STOP,9138.5,9074,,0 days 09:30:00,570,9.5,SOURCE,SOURCE,SOURCE,UNAVAILABLE,DERIVED
v3,perpetual,true_oos,T2,M30,GLDRUBF,V3_TRUE_OOS,TradingSystemLab/results/perpetual_v3/true_oos/T2/M30/trades.csv,119,T2-M30-GLDRUBF-000027,v3|true_oos|T2|M30|GLDRUBF|TradingSystemLab/results/perpetual_v3/true_oos/T2/M30/trades.csv|119|T2-M30-GLDRUBF-000027,LONG,2025-09-10 17:30:00+03:00,2025-09-11 09:30:00+03:00,2025-09-10,2025-09-11,2025,9,2025,9,2,3,17,9,-0.851855795144,-0.851828584895,2.72102495111e-05,0.478900391396,0.0680256237779,ATR_TRAILING_STOP,9875.2,9812.58913827,,0 days 16:00:00,960,16,SOURCE,SOURCE,SOURCE,UNAVAILABLE,DERIVED
v3,perpetual,true_oos,T2,M30,GLDRUBF,V3_TRUE_OOS,TradingSystemLab/results/perpetual_v3/true_oos/T2/M30/trades.csv,121,T2-M30-GLDRUBF-000028,v3|true_oos|T2|M30|GLDRUBF|TradingSystemLab/results/perpetual_v3/true_oos/T2/M30/trades.csv|121|T2-M30-GLDRUBF-000028,LONG,2025-09-12 13:30:00+03:00,2025-09-12 14:00:00+03:00,2025-09-12,2025-09-12,2025,9,2025,9,4,4,13,14,-1.00004236144,-1,4.23614381265e-05,0,0,INITIAL_STOP,9841.5,9794.28724971,,0 days 00:30:00,30,0.5,SOURCE,SOURCE,SOURCE,UNAVAILABLE,DERIVED
v3,perpetual,true_oos,T2,M30,GLDRUBF,V3_TRUE_OOS,TradingSystemLab/results/perpetual_v3/true_oos/T2/M30/trades.csv,124,T2-M30-GLDRUBF-000029,v3|true_oos|T2|M30|GLDRUBF|TradingSystemLab/results/perpetual_v3/true_oos/T2/M30/trades.csv|124|T2-M30-GLDRUBF-000029,LONG,2025-09-16 19:30:00+03:00,2025-09-17 09:00:00+03:00,2025-09-16,2025-09-17,2025,9,2025,9,1,2,19,9,-0.636231266527,-0.636173432579,5.78339484163e-05,0.338328598235,0.138801476199,EMA50_TREND_LOSS,9733,9711,,0 days 13:30:00,810,13.5,SOURCE,SOURCE,SOURCE,UNAVAILABLE,DERIVED
v3,perpetual,true_oos,T2,M30,GLDRUBF,V3_TRUE_OOS,TradingSystemLab/results/perpetual_v3/true_oos/T2/M30/trades.csv,129,T2-M30-GLDRUBF-000030,v3|true_oos|T2|M30|GLDRUBF|TradingSystemLab/results/perpetual_v3/true_oos/T2/M30/trades.csv|129|T2-M30-GLDRUBF-000030,LONG,2025-09-22 19:30:00+03:00,2025-09-24 12:30:00+03:00,2025-09-22,2025-09-24,2025,9,2025,9,0,2,19,12,1.91874152692,1.91877686275,3.53358322255e-05,0.0936399553974,3.34807010336,ATR_TRAILING_STOP,9899.3,10007.9023304,,1 days 17:00:00,2460,41,SOURCE,SOURCE,SOURCE,UNAVAILABLE,DERIVED
v3,perpetual,true_oos,T2,M30,GLDRUBF,V3_TRUE_OOS,TradingSystemLab/results/perpetual_v3/true_oos/T2/M30/trades.csv,143,T2-M30-GLDRUBF-000031,v3|true_oos|T2|M30|GLDRUBF|TradingSystemLab/results/perpetual_v3/true_oos/T2/M30/trades.csv|143|T2-M30-GLDRUBF-000031,LONG,2025-10-14 12:00:00+03:00,2025-10-14 15:30:00+03:00,2025-10-14,2025-10-14,2025,10,2025,10,1,1,12,15,-0.325936079831,-0.325914638079,2.14417525052e-05,0.236931365182,0.466358116987,EMA50_TREND_LOSS,10567.4,10537,,0 days 03:30:00,210,3.5,SOURCE,SOURCE,SOURCE,UNAVAILABLE,DERIVED
v3,perpetual,true_oos,T2,M30,GLDRUBF,V3_TRUE_OOS,TradingSystemLab/results/perpetual_v3/true_oos/T2/M30/trades.csv,148,T2-M30-GLDRUBF-000032,v3|true_oos|T2|M30|GLDRUBF|TradingSystemLab/results/perpetual_v3/true_oos/T2/M30/trades.csv|148|T2-M30-GLDRUBF-000032,SHORT,2025-10-24 17:00:00+03:00,2025-10-27 20:00:00+03:00,2025-10-24,2025-10-27,2025,10,2025,10,4,0,17,20,2.75057253382,2.75059353077,2.09969564364e-05,0.802083735869,4.63192858986,ATR_TRAILING_STOP,10532,10270.0007394,,3 days 03:00:00,4500,75,SOURCE,SOURCE,SOURCE,UNAVAILABLE,DERIVED
v3,perpetual,true_oos,T2,M30,GLDRUBF,V3_TRUE_OOS,TradingSystemLab/results/perpetual_v3/true_oos/T2/M30/trades.csv,156,T2-M30-GLDRUBF-000033,v3|true_oos|T2|M30|GLDRUBF|TradingSystemLab/results/perpetual_v3/true_oos/T2/M30/trades.csv|156|T2-M30-GLDRUBF-000033,LONG,2025-11-12 10:30:00+03:00,2025-11-13 18:00:00+03:00,2025-11-12,2025-11-13,2025,11,2025,11,2,3,10,18,1.83422242058,1.83424807098,2.5650406854e-05,0.622022366208,3.26529679251,ATR_TRAILING_STOP,10723.6,10866.6190236,,1 days 07:30:00,1890,31.5,SOURCE,SOURCE,SOURCE,UNAVAILABLE,DERIVED
v3,perpetual,true_oos,T2,M30,GLDRUBF,V3_TRUE_OOS,TradingSystemLab/results/perpetual_v3/true_oos/T2/M30/trades.csv,160,T2-M30-GLDRUBF-000034,v3|true_oos|T2|M30|GLDRUBF|TradingSystemLab/results/perpetual_v3/true_oos/T2/M30/trades.csv|160|T2-M30-GLDRUBF-000034,SHORT,2025-11-18 15:00:00+03:00,2025-11-18 17:00:00+03:00,2025-11-18,2025-11-18,2025,11,2025,11,1,1,15,17,-1.00004234199,-1,4.23419911293e-05,0.935758003959,0.476347400205,INITIAL_STOP,10518.8,10566.0344343,,0 days 02:00:00,120,2,SOURCE,SOURCE,SOURCE,UNAVAILABLE,DERIVED
v3,perpetual,true_oos,T2,M30,GLDRUBF,V3_TRUE_OOS,TradingSystemLab/results/perpetual_v3/true_oos/T2/M30/trades.csv,162,T2-M30-GLDRUBF-000035,v3|true_oos|T2|M30|GLDRUBF|TradingSystemLab/results/perpetual_v3/true_oos/T2/M30/trades.csv|162|T2-M30-GLDRUBF-000035,SHORT,2025-11-20 19:30:00+03:00,2025-11-21 16:00:00+03:00,2025-11-20,2025-11-21,2025,11,2025,11,3,4,19,16,1.28599477285,1.28601535672,2.05838689034e-05,0.152320629885,2.57607119327,ATR_TRAILING_STOP,10440.3,10315.3462935,,0 days 20:30:00,1230,20.5,SOURCE,SOURCE,SOURCE,UNAVAILABLE,DERIVED
v3,perpetual,true_oos,T2,M30,GLDRUBF,V3_TRUE_OOS,TradingSystemLab/results/perpetual_v3/true_oos/T2/M30/trades.csv,172,T2-M30-GLDRUBF-000036,v3|true_oos|T2|M30|GLDRUBF|TradingSystemLab/results/perpetual_v3/true_oos/T2/M30/trades.csv|172|T2-M30-GLDRUBF-000036,LONG,2025-12-15 19:00:00+03:00,2025-12-15 19:30:00+03:00,2025-12-15,2025-12-15,2025,12,2025,12,0,0,19,19,-1.00004952549,-1,4.95254852621e-05,0,0,INITIAL_STOP,10943,10902.6167511,,0 days 00:30:00,30,0.5,SOURCE,SOURCE,SOURCE,UNAVAILABLE,DERIVED
v3,perpetual,true_oos,T2,M30,GLDRUBF,V3_TRUE_OOS,TradingSystemLab/results/perpetual_v3/true_oos/T2/M30/trades.csv,184,T2-M30-GLDRUBF-000037,v3|true_oos|T2|M30|GLDRUBF|TradingSystemLab/results/perpetual_v3/true_oos/T2/M30/trades.csv|184|T2-M30-GLDRUBF-000037,SHORT,2025-12-29 16:30:00+03:00,2025-12-29 19:30:00+03:00,2025-12-29,2025-12-29,2025,12,2025,12,0,0,16,19,3.02165138933,3.02168883986,3.74505217899e-05,0.254663548172,5.85726160795,ATR_TRAILING_STOP,10974.9,10813.5303477,,0 days 03:00:00,180,3,SOURCE,SOURCE,SOURCE,UNAVAILABLE,DERIVED
v3,perpetual,true_oos,T2,M30,GLDRUBF,V3_TRUE_OOS,TradingSystemLab/results/perpetual_v3/true_oos/T2/M30/trades.csv,185,T2-M30-GLDRUBF-000038,v3|true_oos|T2|M30|GLDRUBF|TradingSystemLab/results/perpetual_v3/true_oos/T2/M30/trades.csv|185|T2-M30-GLDRUBF-000038,SHORT,2025-12-30 09:30:00+03:00,2025-12-30 11:00:00+03:00,2025-12-30,2025-12-30,2025,12,2025,12,1,1,9,11,-1.00002972895,-1,2.97289535442e-05,0.863626100459,0.471203913675,INITIAL_STOP,10815.9,10883.1744837,,0 days 01:30:00,90,1.5,SOURCE,SOURCE,SOURCE,UNAVAILABLE,DERIVED
v3,perpetual,true_oos,T2,M30,GLDRUBF,V3_TRUE_OOS,TradingSystemLab/results/perpetual_v3/true_oos/T2/M30/trades.csv,187,T2-M30-GLDRUBF-000039,v3|true_oos|T2|M30|GLDRUBF|TradingSystemLab/results/perpetual_v3/true_oos/T2/M30/trades.csv|187|T2-M30-GLDRUBF-000039,LONG,2026-01-06 13:30:00+03:00,2026-01-06 19:00:00+03:00,2026-01-06,2026-01-06,2026,1,2026,1,1,1,13,19,-1.00004170716,-1,4.1707164041e-05,0.944667265529,0.410815565804,INITIAL_STOP,11391.4,11343.4466077,,0 days 05:30:00,330,5.5,SOURCE,SOURCE,SOURCE,UNAVAILABLE,DERIVED
v3,perpetual,true_oos,T2,M30,GLDRUBF,V3_TRUE_OOS,TradingSystemLab/results/perpetual_v3/true_oos/T2/M30/trades.csv,194,T2-M30-GLDRUBF-000040,v3|true_oos|T2|M30|GLDRUBF|TradingSystemLab/results/perpetual_v3/true_oos/T2/M30/trades.csv|194|T2-M30-GLDRUBF-000040,LONG,2026-01-23 13:30:00+03:00,2026-01-26 22:30:00+03:00,2026-01-23,2026-01-26,2026,1,2026,1,4,0,13,22,5.82178069683,5.82180754823,2.68513947414e-05,0.511519069824,7.68755431447,ATR_TRAILING_STOP,11969.8,12403.4316682,,3 days 09:00:00,4860,81,SOURCE,SOURCE,SOURCE,UNAVAILABLE,DERIVED
v3,perpetual,true_oos,T2,M30,GLDRUBF,V3_TRUE_OOS,TradingSystemLab/results/perpetual_v3/true_oos/T2/M30/trades.csv,195,T2-M30-GLDRUBF-000041,v3|true_oos|T2|M30|GLDRUBF|TradingSystemLab/results/perpetual_v3/true_oos/T2/M30/trades.csv|195|T2-M30-GLDRUBF-000041,LONG,2026-01-26 23:30:00+03:00,2026-01-27 17:00:00+03:00,2026-01-26,2026-01-27,2026,1,2026,1,0,1,23,17,-0.231675334035,-0.231658352071,1.69819632546e-05,0.353224835695,0.95863182572,ATR_TRAILING_STOP,12425.1,12397.8171295,,0 days 17:30:00,1050,17.5,SOURCE,SOURCE,SOURCE,UNAVAILABLE,DERIVED
v3,perpetual,true_oos,T2,M30,GLDRUBF,V3_TRUE_OOS,TradingSystemLab/results/perpetual_v3/true_oos/T2/M30/trades.csv,200,T2-M30-GLDRUBF-000042,v3|true_oos|T2|M30|GLDRUBF|TradingSystemLab/results/perpetual_v3/true_oos/T2/M30/trades.csv|200|T2-M30-GLDRUBF-000042,SHORT,2026-02-02 18:30:00+03:00,2026-02-03 09:00:00+03:00,2026-02-02,2026-02-03,2026,2,2026,2,0,1,18,9,-1.21744909925,-1.21744168261,7.41664138052e-06,0.442031826279,0.44166099421,ATR_TRAILING_STOP,11525.7,11854,,0 days 14:30:00,870,14.5,SOURCE,SOURCE,SOURCE,UNAVAILABLE,DERIVED
v3,perpetual,true_oos,T2,M30,GLDRUBF,V3_TRUE_OOS,TradingSystemLab/results/perpetual_v3/true_oos/T2/M30/trades.csv,202,T2-M30-GLDRUBF-000043,v3|true_oos|T2|M30|GLDRUBF|TradingSystemLab/results/perpetual_v3/true_oos/T2/M30/trades.csv|202|T2-M30-GLDRUBF-000043,SHORT,2026-02-05 19:00:00+03:00,2026-02-05 20:00:00+03:00,2026-02-05,2026-02-05,2026,2,2026,2,3,3,19,20,-1.00001299648,-1,1.29964847408e-05,0.880511841189,0.0175452544001,INITIAL_STOP,11919.5,12073.3877658,,0 days 01:00:00,60,1,SOURCE,SOURCE,SOURCE,UNAVAILABLE,DERIVED
v3,perpetual,true_oos,T2,M30,GLDRUBF,V3_TRUE_OOS,TradingSystemLab/results/perpetual_v3/true_oos/T2/M30/trades.csv,215,T2-M30-GLDRUBF-000044,v3|true_oos|T2|M30|GLDRUBF|TradingSystemLab/results/perpetual_v3/true_oos/T2/M30/trades.csv|215|T2-M30-GLDRUBF-000044,LONG,2026-02-20 19:30:00+03:00,2026-02-22 12:30:00+03:00,2026-02-20,2026-02-22,2026,2,2026,2,4,6,19,12,0.747249297858,0.747265875875,1.65780167881e-05,0.0256959260215,1.33535925228,ATR_TRAILING_STOP,12488.9,12579.0514199,,1 days 17:00:00,2460,41,SOURCE,SOURCE,SOURCE,UNAVAILABLE,DERIVED
v3,perpetual,true_oos,T2,M30,GLDRUBF,V3_TRUE_OOS,TradingSystemLab/results/perpetual_v3/true_oos/T2/M30/trades.csv,217,T2-M30-GLDRUBF-000045,v3|true_oos|T2|M30|GLDRUBF|TradingSystemLab/results/perpetual_v3/true_oos/T2/M30/trades.csv|217|T2-M30-GLDRUBF-000045,LONG,2026-02-23 12:30:00+03:00,2026-02-24 16:00:00+03:00,2026-02-23,2026-02-24,2026,2,2026,2,0,1,12,16,0.923937909798,0.923964212843,2.63030448564e-05,0.253824382864,2.07267993468,ATR_TRAILING_STOP,12657.9,12728.1553045,,1 days 03:30:00,1650,27.5,SOURCE,SOURCE,SOURCE,UNAVAILABLE,DERIVED
v3,perpetual,true_oos,T2,M30,GLDRUBF,V3_TRUE_OOS,TradingSystemLab/results/perpetual_v3/true_oos/T2/M30/trades.csv,218,T2-M30-GLDRUBF-000046,v3|true_oos|T2|M30|GLDRUBF|TradingSystemLab/results/perpetual_v3/true_oos/T2/M30/trades.csv|218|T2-M30-GLDRUBF-000046,LONG,2026-02-24 20:30:00+03:00,2026-02-26 00:00:00+03:00,2026-02-24,2026-02-26,2026,2,2026,2,1,3,20,0,3.67156896712,3.67159431204,2.53449210047e-05,0.462544808335,5.35918354644,ATR_TRAILING_STOP,12715.5,13005.2301839,,1 days 03:30:00,1650,27.5,SOURCE,SOURCE,SOURCE,UNAVAILABLE,DERIVED
v3,perpetual,true_oos,T2,M30,GLDRUBF,V3_TRUE_OOS,TradingSystemLab/results/perpetual_v3/true_oos/T2/M30/trades.csv,223,T2-M30-GLDRUBF-000047,v3|true_oos|T2|M30|GLDRUBF|TradingSystemLab/results/perpetual_v3/true_oos/T2/M30/trades.csv|223|T2-M30-GLDRUBF-000047,LONG,2026-03-02 11:00:00+03:00,2026-03-02 17:30:00+03:00,2026-03-02,2026-03-02,2026,3,2026,3,0,0,11,17,-0.593218329788,-0.59320148796,1.68418271811e-05,0.463992338838,0.616410874827,ATR_TRAILING_STOP,13463.8,13393.3561602,,0 days 06:30:00,390,6.5,SOURCE,SOURCE,SOURCE,UNAVAILABLE,DERIVED
v3,perpetual,true_oos,T2,M30,GLDRUBF,V3_TRUE_OOS,TradingSystemLab/results/perpetual_v3/true_oos/T2/M30/trades.csv,225,T2-M30-GLDRUBF-000048,v3|true_oos|T2|M30|GLDRUBF|TradingSystemLab/results/perpetual_v3/true_oos/T2/M30/trades.csv|225|T2-M30-GLDRUBF-000048,SHORT,2026-03-05 19:30:00+03:00,2026-03-05 23:30:00+03:00,2026-03-05,2026-03-05,2026,3,2026,3,3,3,19,23,-1.00002347656,-1,2.34765605015e-05,0.814636649401,0.300499974419,INITIAL_STOP,12908.6,12993.791355,,0 days 04:00:00,240,4,SOURCE,SOURCE,SOURCE,UNAVAILABLE,DERIVED
v3,perpetual,true_oos,T2,M30,GLDRUBF,V3_TRUE_OOS,TradingSystemLab/results/perpetual_v3/true_oos/T2/M30/trades.csv,237,T2-M30-GLDRUBF-000049,v3|true_oos|T2|M30|GLDRUBF|TradingSystemLab/results/perpetual_v3/true_oos/T2/M30/trades.csv|237|T2-M30-GLDRUBF-000049,SHORT,2026-03-26 16:00:00+03:00,2026-03-27 09:00:00+03:00,2026-03-26,2026-03-27,2026,3,2026,3,3,4,16,9,0.562459033332,0.56247720707,1.8173738516e-05,0.457978210603,2.68335249189,ATR_TRAILING_STOP,11641.1,11579.2,,0 days 17:00:00,1020,17,SOURCE,SOURCE,SOURCE,UNAVAILABLE,DERIVED
v3,perpetual,true_oos,T2,M30,GLDRUBF,V3_TRUE_OOS,TradingSystemLab/results/perpetual_v3/true_oos/T2/M30/trades.csv,248,T2-M30-GLDRUBF-000050,v3|true_oos|T2|M30|GLDRUBF|TradingSystemLab/results/perpetual_v3/true_oos/T2/M30/trades.csv|248|T2-M30-GLDRUBF-000050,SHORT,2026-04-13 09:30:00+03:00,2026-04-14 09:00:00+03:00,2026-04-13,2026-04-14,2026,4,2026,4,0,1,9,9,-0.406393076376,-0.40637062496,2.24514157436e-05,0.396267487875,1.04511340287,ATR_TRAILING_STOP,11594.1,11630.3,,0 days 23:30:00,1410,23.5,SOURCE,SOURCE,SOURCE,UNAVAILABLE,DERIVED
v3,perpetual,true_oos,T2,M30,GLDRUBF,V3_TRUE_OOS,TradingSystemLab/results/perpetual_v3/true_oos/T2/M30/trades.csv,250,T2-M30-GLDRUBF-000051,v3|true_oos|T2|M30|GLDRUBF|TradingSystemLab/results/perpetual_v3/true_oos/T2/M30/trades.csv|250|T2-M30-GLDRUBF-000051,SHORT,2026-04-20 16:00:00+03:00,2026-04-21 14:00:00+03:00,2026-04-20,2026-04-21,2026,4,2026,4,0,1,16,14,1.68747000253,1.68750749585,3.7493325001e-05,0.894215801273,3.22255128383,ATR_TRAILING_STOP,11642.3,11552.2835773,,0 days 22:00:00,1320,22,SOURCE,SOURCE,SOURCE,UNAVAILABLE,DERIVED
v3,perpetual,true_oos,T2,M30,GLDRUBF,V3_TRUE_OOS,TradingSystemLab/results/perpetual_v3/true_oos/T2/M30/trades.csv,251,T2-M30-GLDRUBF-000052,v3|true_oos|T2|M30|GLDRUBF|TradingSystemLab/results/perpetual_v3/true_oos/T2/M30/trades.csv|251|T2-M30-GLDRUBF-000052,SHORT,2026-04-21 16:30:00+03:00,2026-04-22 09:00:00+03:00,2026-04-21,2026-04-22,2026,4,2026,4,1,2,16,9,0.624691230561,0.624726034239,3.48036787877e-05,0.661269896967,4.40092518271,ATR_TRAILING_STOP,11497.9,11462,,0 days 16:30:00,990,16.5,SOURCE,SOURCE,SOURCE,UNAVAILABLE,DERIVED
v3,perpetual,true_oos,T2,M30,GLDRUBF,V3_TRUE_OOS,TradingSystemLab/results/perpetual_v3/true_oos/T2/M30/trades.csv,259,T2-M30-GLDRUBF-000053,v3|true_oos|T2|M30|GLDRUBF|TradingSystemLab/results/perpetual_v3/true_oos/T2/M30/trades.csv|259|T2-M30-GLDRUBF-000053,SHORT,2026-05-04 18:30:00+03:00,2026-05-05 09:30:00+03:00,2026-05-04,2026-05-05,2026,5,2026,5,0,1,18,9,-0.402676653743,-0.402656726065,1.99276781355e-05,0.107609461932,0.654624226753,ATR_TRAILING_STOP,10989.9,11030.3118055,,0 days 15:00:00,900,15,SOURCE,SOURCE,SOURCE,UNAVAILABLE,DERIVED
v3,perpetual,true_oos,T2,M30,GLDRUBF,V3_TRUE_OOS,TradingSystemLab/results/perpetual_v3/true_oos/T2/M30/trades.csv,269,T2-M30-GLDRUBF-000054,v3|true_oos|T2|M30|GLDRUBF|TradingSystemLab/results/perpetual_v3/true_oos/T2/M30/trades.csv|269|T2-M30-GLDRUBF-000054,SHORT,2026-05-19 00:00:00+03:00,2026-05-20 10:30:00+03:00,2026-05-19,2026-05-20,2026,5,2026,5,1,2,0,10,11.3206489606,11.3207063069,5.73462824902e-05,0,14.3795803344,ATR_TRAILING_STOP,10526.4,10131.5808133,,1 days 10:30:00,2070,34.5,SOURCE,SOURCE,SOURCE,UNAVAILABLE,DERIVED
v3,perpetual,true_oos,T2,M30,GLDRUBF,V3_TRUE_OOS,TradingSystemLab/results/perpetual_v3/true_oos/T2/M30/trades.csv,271,T2-M30-GLDRUBF-000055,v3|true_oos|T2|M30|GLDRUBF|TradingSystemLab/results/perpetual_v3/true_oos/T2/M30/trades.csv|271|T2-M30-GLDRUBF-000055,SHORT,2026-05-20 12:30:00+03:00,2026-05-20 14:00:00+03:00,2026-05-20,2026-05-20,2026,5,2026,5,2,2,12,14,-1.00002139198,-1,2.13919802786e-05,0.810756052559,0,INITIAL_STOP,10176.5,10269.9929807,,0 days 01:30:00,90,1.5,SOURCE,SOURCE,SOURCE,UNAVAILABLE,DERIVED
v3,perpetual,true_oos,T2,M30,GLDRUBF,V3_TRUE_OOS,TradingSystemLab/results/perpetual_v3/true_oos/T2/M30/trades.csv,276,T2-M30-GLDRUBF-000056,v3|true_oos|T2|M30|GLDRUBF|TradingSystemLab/results/perpetual_v3/true_oos/T2/M30/trades.csv|276|T2-M30-GLDRUBF-000056,SHORT,2026-05-27 18:00:00+03:00,2026-05-28 16:30:00+03:00,2026-05-27,2026-05-28,2026,5,2026,5,2,3,18,16,0.676913367037,0.676942438077,2.90710401453e-05,0.986961812932,2.11201106655,ATR_TRAILING_STOP,10090,10043.4283992,,0 days 22:30:00,1350,22.5,SOURCE,SOURCE,SOURCE,UNAVAILABLE,DERIVED
v3,perpetual,true_oos,T2,M30,GLDRUBF,V3_TRUE_OOS,TradingSystemLab/results/perpetual_v3/true_oos/T2/M30/trades.csv,278,T2-M30-GLDRUBF-000057,v3|true_oos|T2|M30|GLDRUBF|TradingSystemLab/results/perpetual_v3/true_oos/T2/M30/trades.csv|278|T2-M30-GLDRUBF-000057,LONG,2026-06-03 14:00:00+03:00,2026-06-03 17:00:00+03:00,2026-06-03,2026-06-03,2026,6,2026,6,2,2,14,17,-0.485255815553,-0.485238485607,1.73299459145e-05,0.198427880722,0.478306507241,EMA50_TREND_LOSS,10510.8,10454.8,,0 days 03:00:00,180,3,SOURCE,SOURCE,SOURCE,UNAVAILABLE,DERIVED
v3,perpetual,true_oos,T2,M30,GLDRUBF,V3_TRUE_OOS,TradingSystemLab/results/perpetual_v3/true_oos/T2/M30/trades.csv,281,T2-M30-GLDRUBF-000058,v3|true_oos|T2|M30|GLDRUBF|TradingSystemLab/results/perpetual_v3/true_oos/T2/M30/trades.csv|281|T2-M30-GLDRUBF-000058,SHORT,2026-06-08 17:30:00+03:00,2026-06-09 16:00:00+03:00,2026-06-08,2026-06-09,2026,6,2026,6,0,1,17,16,1.24573596157,1.24575986005,2.38984851179e-05,0.167289395825,2.47229828545,ATR_TRAILING_STOP,10111,10006.7457049,,0 days 22:30:00,1350,22.5,SOURCE,SOURCE,SOURCE,UNAVAILABLE,DERIVED
v3,perpetual,true_oos,T2,M30,GLDRUBF,V3_TRUE_OOS,TradingSystemLab/results/perpetual_v3/true_oos/T2/M30/trades.csv,285,T2-M30-GLDRUBF-000059,v3|true_oos|T2|M30|GLDRUBF|TradingSystemLab/results/perpetual_v3/true_oos/T2/M30/trades.csv|285|T2-M30-GLDRUBF-000059,LONG,2026-06-16 13:00:00+03:00,2026-06-17 09:30:00+03:00,2026-06-16,2026-06-17,2026,6,2026,6,1,2,13,9,-0.220952627384,-0.220911342725,4.12846584571e-05,0.450002777182,1.29014557678,ATR_TRAILING_STOP,9987.3,9976.59813878,,0 days 20:30:00,1230,20.5,SOURCE,SOURCE,SOURCE,UNAVAILABLE,DERIVED
v3,perpetual,true_oos,T2,M30,GLDRUBF,V3_TRUE_OOS,TradingSystemLab/results/perpetual_v3/true_oos/T2/M30/trades.csv,286,T2-M30-GLDRUBF-000060,v3|true_oos|T2|M30|GLDRUBF|TradingSystemLab/results/perpetual_v3/true_oos/T2/M30/trades.csv|286|T2-M30-GLDRUBF-000060,LONG,2026-06-18 10:30:00+03:00,2026-06-18 11:00:00+03:00,2026-06-18,2026-06-18,2026,6,2026,6,3,3,10,11,-0.573545082297,-0.573524035543,2.10467535979e-05,0,0,EMA50_TREND_LOSS,10058.7,10004.2,,0 days 00:30:00,30,0.5,SOURCE,SOURCE,SOURCE,UNAVAILABLE,DERIVED
v3,perpetual,true_oos,T2,M30,GLDRUBF,V3_TRUE_OOS,TradingSystemLab/results/perpetual_v3/true_oos/T2/M30/trades.csv,293,T2-M30-GLDRUBF-000061,v3|true_oos|T2|M30|GLDRUBF|TradingSystemLab/results/perpetual_v3/true_oos/T2/M30/trades.csv|293|T2-M30-GLDRUBF-000061,SHORT,2026-06-24 11:00:00+03:00,2026-06-24 17:00:00+03:00,2026-06-24,2026-06-24,2026,6,2026,6,2,2,11,17,1.46429125309,1.46432162881,3.03757228733e-05,0.241486996842,3.33373558534,ATR_TRAILING_STOP,9719.6,9623.18605555,,0 days 06:00:00,360,6,SOURCE,SOURCE,SOURCE,UNAVAILABLE,DERIVED
v3,perpetual,true_oos,T2,M30,GLDRUBF,V3_TRUE_OOS,TradingSystemLab/results/perpetual_v3/true_oos/T2/M30/trades.csv,297,T2-M30-GLDRUBF-000062,v3|true_oos|T2|M30|GLDRUBF|TradingSystemLab/results/perpetual_v3/true_oos/T2/M30/trades.csv|297|T2-M30-GLDRUBF-000062,SHORT,2026-07-07 12:30:00+03:00,2026-07-07 15:30:00+03:00,2026-07-07,2026-07-07,2026,7,2026,7,1,1,12,15,-1.00002747892,-1,2.74789155494e-05,0.783149093158,0.35859984792,INITIAL_STOP,10053.9,10126.683076,,0 days 03:00:00,180,3,SOURCE,SOURCE,SOURCE,UNAVAILABLE,DERIVED
v3,perpetual,true_oos,T2,M30,GLDRUBF,V3_TRUE_OOS,TradingSystemLab/results/perpetual_v3/true_oos/T2/M30/trades.csv,301,T2-M30-GLDRUBF-000063,v3|true_oos|T2|M30|GLDRUBF|TradingSystemLab/results/perpetual_v3/true_oos/T2/M30/trades.csv|301|T2-M30-GLDRUBF-000063,SHORT,2026-07-08 11:30:00+03:00,2026-07-08 22:00:00+03:00,2026-07-08,2026-07-08,2026,7,2026,7,2,2,11,22,0.408152126631,0.408175349195,2.32225646565e-05,0.0836012327633,2.1190590249,ATR_TRAILING_STOP,10044.7,10009.5466605,,0 days 10:30:00,630,10.5,SOURCE,SOURCE,SOURCE,UNAVAILABLE,DERIVED
v3,perpetual,true_oos,T2,M30,GLDRUBF,V3_TRUE_OOS,TradingSystemLab/results/perpetual_v3/true_oos/T2/M30/trades.csv,306,T2-M30-GLDRUBF-000064,v3|true_oos|T2|M30|GLDRUBF|TradingSystemLab/results/perpetual_v3/true_oos/T2/M30/trades.csv|306|T2-M30-GLDRUBF-000064,LONG,2026-07-15 11:30:00+03:00,2026-07-15 18:30:00+03:00,2026-07-15,2026-07-15,2026,7,2026,7,2,2,11,18,-0.623233476399,-0.623207121017,2.63553824563e-05,0.404555120703,0.835465623863,ATR_TRAILING_STOP,10121.3,10074.0074121,,0 days 07:00:00,420,7,SOURCE,SOURCE,SOURCE,UNAVAILABLE,DERIVED
v3,perpetual,true_oos,T2,M30,GLDRUBF,V3_TRUE_OOS,TradingSystemLab/results/perpetual_v3/true_oos/T2/M30/trades.csv,313,T2-M30-GLDRUBF-000065,v3|true_oos|T2|M30|GLDRUBF|TradingSystemLab/results/perpetual_v3/true_oos/T2/M30/trades.csv|313|T2-M30-GLDRUBF-000065,LONG,2026-07-21 12:30:00+03:00,2026-07-21 16:30:00+03:00,2026-07-21,2026-07-21,2026,7,2026,7,1,1,12,16,-1.00004528898,-1,4.52889793364e-05,0.932952974329,0.600078976207,INITIAL_STOP,10226.2,10182.0391461,,0 days 04:00:00,240,4,SOURCE,SOURCE,SOURCE,UNAVAILABLE,DERIVED
v3,perpetual,true_oos,T2,M30,GLDRUBF,V3_TRUE_OOS,TradingSystemLab/results/perpetual_v3/true_oos/T2/M30/trades.csv,314,T2-M30-GLDRUBF-000066,v3|true_oos|T2|M30|GLDRUBF|TradingSystemLab/results/perpetual_v3/true_oos/T2/M30/trades.csv|314|T2-M30-GLDRUBF-000066,LONG,2026-07-21 18:30:00+03:00,2026-07-22 10:30:00+03:00,2026-07-21,2026-07-22,2026,7,2026,7,1,2,18,10,0.856340042446,0.856364404925,2.43624790329e-05,0.303312863959,1.97823329747,ATR_TRAILING_STOP,10226.8,10297.1019101,,0 days 16:00:00,960,16,SOURCE,SOURCE,SOURCE,UNAVAILABLE,DERIVED
v3,perpetual,true_oos,T2,M30,GLDRUBF,V3_TRUE_OOS,TradingSystemLab/results/perpetual_v3/true_oos/T2/M30/trades.csv,316,T2-M30-GLDRUBF-000067,v3|true_oos|T2|M30|GLDRUBF|TradingSystemLab/results/perpetual_v3/true_oos/T2/M30/trades.csv|316|T2-M30-GLDRUBF-000067,SHORT,2026-07-24 13:30:00+03:00,2026-07-24 19:00:00+03:00,2026-07-24,2026-07-24,2026,7,2026,7,4,4,13,19,-1.00006105478,-1,6.10547761411e-05,0.900557948081,1.45310367216,INITIAL_STOP,10099.2,10131.95747,,0 days 05:30:00,330,5.5,SOURCE,SOURCE,SOURCE,UNAVAILABLE,DERIVED
v3,perpetual,true_oos,T2,M30,GLDRUBF,V3_TRUE_OOS,TradingSystemLab/results/perpetual_v3/true_oos/T2/M30/trades.csv,317,T2-M30-GLDRUBF-000068,v3|true_oos|T2|M30|GLDRUBF|TradingSystemLab/results/perpetual_v3/true_oos/T2/M30/trades.csv|317|T2-M30-GLDRUBF-000068,SHORT,2026-07-24 20:00:00+03:00,2026-07-25 17:30:00+03:00,2026-07-24,2026-07-25,2026,7,2026,7,4,5,20,17,0.150211216426,0.150270156934,5.89405082312e-05,0.18860962634,1.50887701072,ATR_TRAILING_STOP,10106.2,10101.1009548,,0 days 21:30:00,1290,21.5,SOURCE,SOURCE,SOURCE,UNAVAILABLE,DERIVED
v3,perpetual,true_oos,T2,M30,GLDRUBF,V3_TRUE_OOS,TradingSystemLab/results/perpetual_v3/true_oos/T2/M30/trades.csv,321,T2-M30-GLDRUBF-000069,v3|true_oos|T2|M30|GLDRUBF|TradingSystemLab/results/perpetual_v3/true_oos/T2/M30/trades.csv|321|T2-M30-GLDRUBF-000069,LONG,2026-07-30 11:30:00+03:00,2026-07-30 20:00:00+03:00,2026-07-30,2026-07-30,2026,7,2026,7,3,3,11,20,-0.193921695457,-0.193897616887,2.40785699464e-05,0.317837123293,1.5265813346,ATR_TRAILING_STOP,10371.8,10355.6945903,,0 days 08:30:00,510,8.5,SOURCE,SOURCE,SOURCE,UNAVAILABLE,DERIVED
v3,perpetual,true_oos,T2,M30,GLDRUBF,V3_TRUE_OOS,TradingSystemLab/results/perpetual_v3/true_oos/T2/M30/trades.csv,326,T2-M30-GLDRUBF-000070,v3|true_oos|T2|M30|GLDRUBF|TradingSystemLab/results/perpetual_v3/true_oos/T2/M30/trades.csv|326|T2-M30-GLDRUBF-000070,LONG,2026-08-10 12:30:00+03:00,2026-08-10 14:00:00+03:00,2026-08-10,2026-08-10,2026,8,2026,8,0,0,12,14,-0.655928922809,-0.655899836342,2.90864672435e-05,0.399938924599,0.0770791381954,EMA50_TREND_LOSS,11497.6,11452.5,,0 days 01:30:00,90,1.5,SOURCE,SOURCE,SOURCE,UNAVAILABLE,DERIVED
v3,perpetual,true_oos,T2,M30,GLDRUBF,V3_TRUE_OOS,TradingSystemLab/results/perpetual_v3/true_oos/T2/M30/trades.csv,327,T2-M30-GLDRUBF-000071,v3|true_oos|T2|M30|GLDRUBF|TradingSystemLab/results/perpetual_v3/true_oos/T2/M30/trades.csv|327|T2-M30-GLDRUBF-000071,LONG,2026-08-10 19:30:00+03:00,2026-08-10 21:00:00+03:00,2026-08-10,2026-08-10,2026,8,2026,8,0,0,19,21,-0.400062412295,-0.400033940129,2.84721665572e-05,0.533853122948,0.0185069082622,EMA50_TREND_LOSS,11482.6,11454.5,,0 days 01:30:00,90,1.5,SOURCE,SOURCE,SOURCE,UNAVAILABLE,DERIVED
v3,perpetual,true_oos,T2,M30,GLDRUBF,V3_TRUE_OOS,TradingSystemLab/results/perpetual_v3/true_oos/T2/M30/trades.csv,328,T2-M30-GLDRUBF-000072,v3|true_oos|T2|M30|GLDRUBF|TradingSystemLab/results/perpetual_v3/true_oos/T2/M30/trades.csv|328|T2-M30-GLDRUBF-000072,LONG,2026-08-10 22:00:00+03:00,2026-08-11 09:00:00+03:00,2026-08-10,2026-08-11,2026,8,2026,8,0,1,22,9,0.742810337482,0.74285105694,4.07194588363e-05,0.0285036211854,2.95012479269,ATR_TRAILING_STOP,11499.4,11535.8862932,,0 days 11:00:00,660,11,SOURCE,SOURCE,SOURCE,UNAVAILABLE,DERIVED
v3,perpetual,true_oos,T2,M30,GLDRUBF,V3_TRUE_OOS,TradingSystemLab/results/perpetual_v3/true_oos/T2/M30/trades.csv,337,T2-M30-GLDRUBF-000073,v3|true_oos|T2|M30|GLDRUBF|TradingSystemLab/results/perpetual_v3/true_oos/T2/M30/trades.csv|337|T2-M30-GLDRUBF-000073,LONG,2026-08-19 22:30:00+03:00,2026-08-20 08:30:00+03:00,2026-08-19,2026-08-20,2026,8,2026,8,2,3,22,8,-0.7121231429,-0.71209510766,2.8035240459e-05,0.274745356499,0.866288930184,EMA50_TREND_LOSS,12005.2,11954.4,,0 days 10:00:00,600,10,SOURCE,SOURCE,SOURCE,UNAVAILABLE,DERIVED
v3,perpetual,true_oos,T2,M30,GLDRUBF,V3_TRUE_OOS,TradingSystemLab/results/perpetual_v3/true_oos/T2/M30/trades.csv,343,T2-M30-GLDRUBF-000074,v3|true_oos|T2|M30|GLDRUBF|TradingSystemLab/results/perpetual_v3/true_oos/T2/M30/trades.csv|343|T2-M30-GLDRUBF-000074,LONG,2026-08-24 21:30:00+03:00,2026-08-25 16:30:00+03:00,2026-08-24,2026-08-25,2026,8,2026,8,0,1,21,16,-0.741598379118,-0.741562220402,3.61587164691e-05,0.647241024796,1.16792654195,ATR_TRAILING_STOP,12466.8,12425.7829345,,0 days 19:00:00,1140,19,SOURCE,SOURCE,SOURCE,UNAVAILABLE,DERIVED
v3,perpetual,true_oos,T2,M30,GLDRUBF,V3_TRUE_OOS,TradingSystemLab/results/perpetual_v3/true_oos/T2/M30/trades.csv,348,T2-M30-GLDRUBF-000075,v3|true_oos|T2|M30|GLDRUBF|TradingSystemLab/results/perpetual_v3/true_oos/T2/M30/trades.csv|348|T2-M30-GLDRUBF-000075,LONG,2026-08-27 19:00:00+03:00,2026-08-28 07:00:00+03:00,2026-08-27,2026-08-28,2026,8,2026,8,3,4,19,7,-1.15327782893,-1.1532538028,2.40261208918e-05,0.887765166951,0,INITIAL_STOP,12629.9,12533.9,,0 days 12:00:00,720,12,SOURCE,SOURCE,SOURCE,UNAVAILABLE,DERIVED
v3,perpetual,true_oos,T2,M30,GLDRUBF,V3_TRUE_OOS,TradingSystemLab/results/perpetual_v3/true_oos/T2/M30/trades.csv,349,T2-M30-GLDRUBF-000076,v3|true_oos|T2|M30|GLDRUBF|TradingSystemLab/results/perpetual_v3/true_oos/T2/M30/trades.csv|349|T2-M30-GLDRUBF-000076,SHORT,2026-08-31 12:00:00+03:00,2026-08-31 14:30:00+03:00,2026-08-31,2026-08-31,2026,8,2026,8,0,0,12,14,-1.00002399321,-1,2.39932089843e-05,0.71979626953,0.254328015234,INITIAL_STOP,12199.3,12282.6569199,,0 days 02:30:00,150,2.5,SOURCE,SOURCE,SOURCE,UNAVAILABLE,DERIVED
v3,perpetual,true_oos,T2,M30,GLDRUBF,V3_TRUE_OOS,TradingSystemLab/results/perpetual_v3/true_oos/T2/M30/trades.csv,352,T2-M30-GLDRUBF-000077,v3|true_oos|T2|M30|GLDRUBF|TradingSystemLab/results/perpetual_v3/true_oos/T2/M30/trades.csv|352|T2-M30-GLDRUBF-000077,SHORT,2026-09-01 12:00:00+03:00,2026-09-02 09:00:00+03:00,2026-09-01,2026-09-02,2026,9,2026,9,1,2,12,9,0.875056783524,0.875072627341,1.5843816169e-05,0.850020737467,1.88858288735,ATR_TRAILING_STOP,12088.4,11977.9376445,,0 days 21:00:00,1260,21,SOURCE,SOURCE,SOURCE,UNAVAILABLE,DERIVED
v3,perpetual,true_oos,T2,M30,GLDRUBF,V3_TRUE_OOS,TradingSystemLab/results/perpetual_v3/true_oos/T2/M30/trades.csv,355,T2-M30-GLDRUBF-000078,v3|true_oos|T2|M30|GLDRUBF|TradingSystemLab/results/perpetual_v3/true_oos/T2/M30/trades.csv|355|T2-M30-GLDRUBF-000078,SHORT,2026-09-07 15:00:00+03:00,2026-09-07 18:00:00+03:00,2026-09-07,2026-09-07,2026,9,2026,9,0,0,15,18,-0.785393508268,-0.785356637064,3.6871203618e-05,0.615749100421,0.108770050673,EMA50_TREND_LOSS,12100.1,12142.7,,0 days 03:00:00,180,3,SOURCE,SOURCE,SOURCE,UNAVAILABLE,DERIVED
v3,perpetual,true_oos,T2,M30,GLDRUBF,V3_TRUE_OOS,TradingSystemLab/results/perpetual_v3/true_oos/T2/M30/trades.csv,356,T2-M30-GLDRUBF-000079,v3|true_oos|T2|M30|GLDRUBF|TradingSystemLab/results/perpetual_v3/true_oos/T2/M30/trades.csv|356|T2-M30-GLDRUBF-000079,SHORT,2026-09-08 14:00:00+03:00,2026-09-08 14:30:00+03:00,2026-09-08,2026-09-08,2026,9,2026,9,1,1,14,14,-0.558646125618,-0.558616332747,2.97928710798e-05,0,0,EMA50_TREND_LOSS,12155.3,12192.8,,0 days 00:30:00,30,0.5,SOURCE,SOURCE,SOURCE,UNAVAILABLE,DERIVED
v3,perpetual,true_oos,T2,M30,GLDRUBF,V3_TRUE_OOS,TradingSystemLab/results/perpetual_v3/true_oos/T2/M30/trades.csv,357,T2-M30-GLDRUBF-000080,v3|true_oos|T2|M30|GLDRUBF|TradingSystemLab/results/perpetual_v3/true_oos/T2/M30/trades.csv|357|T2-M30-GLDRUBF-000080,SHORT,2026-09-11 12:00:00+03:00,2026-09-11 16:00:00+03:00,2026-09-11,2026-09-11,2026,9,2026,9,4,4,12,16,-1.00003120752,-1,3.12075213578e-05,0.96899353816,0.99864068345,INITIAL_STOP,11724.1,11788.1871147,,0 days 04:00:00,240,4,SOURCE,SOURCE,SOURCE,UNAVAILABLE,DERIVED
v3,perpetual,true_oos,T2,M30,GLDRUBF,V3_TRUE_OOS,TradingSystemLab/results/perpetual_v3/true_oos/T2/M30/trades.csv,358,T2-M30-GLDRUBF-000081,v3|true_oos|T2|M30|GLDRUBF|TradingSystemLab/results/perpetual_v3/true_oos/T2/M30/trades.csv|358|T2-M30-GLDRUBF-000081,SHORT,2026-09-14 13:00:00+03:00,2026-09-14 20:00:00+03:00,2026-09-14,2026-09-14,2026,9,2026,9,0,0,13,20,-0.994638148665,-0.994613968266,2.41803991639e-05,0.878957509608,0.628690378261,ATR_TRAILING_STOP,11627,11709.2661331,,0 days 07:00:00,420,7,SOURCE,SOURCE,SOURCE,UNAVAILABLE,DERIVED
v3,perpetual,true_oos,T2,M30,IMOEXF,V3_TRUE_OOS,TradingSystemLab/results/perpetual_v3/true_oos/T2/M30/trades.csv,9,T2-M30-IMOEXF-000001,v3|true_oos|T2|M30|IMOEXF|TradingSystemLab/results/perpetual_v3/true_oos/T2/M30/trades.csv|9|T2-M30-IMOEXF-000001,LONG,2025-01-30 16:30:00+03:00,2025-01-31 12:00:00+03:00,2025-01-30,2025-01-31,2025,1,2025,1,3,4,16,12,1.51025729812,1.51041417695,0.000156878826649,0.274537946635,2.82381887968,ATR_TRAILING_STOP,2961,2980.25580665,,0 days 19:30:00,1170,19.5,SOURCE,SOURCE,SOURCE,UNAVAILABLE,DERIVED
v3,perpetual,true_oos,T2,M30,IMOEXF,V3_TRUE_OOS,TradingSystemLab/results/perpetual_v3/true_oos/T2/M30/trades.csv,10,T2-M30-IMOEXF-000002,v3|true_oos|T2|M30|IMOEXF|TradingSystemLab/results/perpetual_v3/true_oos/T2/M30/trades.csv|10|T2-M30-IMOEXF-000002,LONG,2025-01-31 13:00:00+03:00,2025-01-31 16:00:00+03:00,2025-01-31,2025-01-31,2025,1,2025,1,4,4,13,16,-1.00017893659,-1,0.000178936587273,0.536809761819,0.536809761819,INITIAL_STOP,2981.5,2970.32285602,,0 days 03:00:00,180,3,SOURCE,SOURCE,SOURCE,UNAVAILABLE,DERIVED
v3,perpetual,true_oos,T2,M30,IMOEXF,V3_TRUE_OOS,TradingSystemLab/results/perpetual_v3/true_oos/T2/M30/trades.csv,14,T2-M30-IMOEXF-000003,v3|true_oos|T2|M30|IMOEXF|TradingSystemLab/results/perpetual_v3/true_oos/T2/M30/trades.csv|14|T2-M30-IMOEXF-000003,LONG,2025-02-06 15:30:00+03:00,2025-02-07 12:00:00+03:00,2025-02-06,2025-02-07,2025,2,2025,2,3,4,15,12,0.11155876663,0.111680960105,0.000122193474902,0.488773899608,1.16083801157,ATR_TRAILING_STOP,2970,2971.82793656,,0 days 20:30:00,1230,20.5,SOURCE,SOURCE,SOURCE,UNAVAILABLE,DERIVED
v3,perpetual,true_oos,T2,M30,IMOEXF,V3_TRUE_OOS,TradingSystemLab/results/perpetual_v3/true_oos/T2/M30/trades.csv,15,T2-M30-IMOEXF-000004,v3|true_oos|T2|M30|IMOEXF|TradingSystemLab/results/perpetual_v3/true_oos/T2/M30/trades.csv|15|T2-M30-IMOEXF-000004,LONG,2025-02-07 14:00:00+03:00,2025-02-07 15:00:00+03:00,2025-02-07,2025-02-07,2025,2,2025,2,4,4,14,15,-1.0001508465,-1,0.000150846504612,0.791944149215,0,INITIAL_STOP,2976,2962.74148927,,0 days 01:00:00,60,1,SOURCE,SOURCE,SOURCE,UNAVAILABLE,DERIVED
v3,perpetual,true_oos,T2,M30,IMOEXF,V3_TRUE_OOS,TradingSystemLab/results/perpetual_v3/true_oos/T2/M30/trades.csv,17,T2-M30-IMOEXF-000005,v3|true_oos|T2|M30|IMOEXF|TradingSystemLab/results/perpetual_v3/true_oos/T2/M30/trades.csv|17|T2-M30-IMOEXF-000005,LONG,2025-02-12 17:00:00+03:00,2025-02-12 17:30:00+03:00,2025-02-12,2025-02-12,2025,2,2025,2,2,2,17,17,-1.00014494324,-1,0.000144943237163,0,0,INITIAL_STOP,3048,3034.20149488,,0 days 00:30:00,30,0.5,SOURCE,SOURCE,SOURCE,UNAVAILABLE,DERIVED
v3,perpetual,true_oos,T2,M30,IMOEXF,V3_TRUE_OOS,TradingSystemLab/results/perpetual_v3/true_oos/T2/M30/trades.csv,18,T2-M30-IMOEXF-000006,v3|true_oos|T2|M30|IMOEXF|TradingSystemLab/results/perpetual_v3/true_oos/T2/M30/trades.csv|18|T2-M30-IMOEXF-000006,LONG,2025-02-12 19:00:00+03:00,2025-02-12 19:30:00+03:00,2025-02-12,2025-02-12,2025,2,2025,2,2,2,19,19,-1.00009765401,-1,9.76540065346e-05,0,0,INITIAL_STOP,3047,3026.5195295,,0 days 00:30:00,30,0.5,SOURCE,SOURCE,SOURCE,UNAVAILABLE,DERIVED
v3,perpetual,true_oos,T2,M30,IMOEXF,V3_TRUE_OOS,TradingSystemLab/results/perpetual_v3/true_oos/T2/M30/trades.csv,24,T2-M30-IMOEXF-000007,v3|true_oos|T2|M30|IMOEXF|TradingSystemLab/results/perpetual_v3/true_oos/T2/M30/trades.csv|24|T2-M30-IMOEXF-000007,LONG,2025-02-14 13:30:00+03:00,2025-02-14 14:00:00+03:00,2025-02-14,2025-02-14,2025,2,2025,2,4,4,13,14,-1.00005997992,-1,5.99799166405e-05,0,0,INITIAL_STOP,3285.5,3252.15550551,,0 days 00:30:00,30,0.5,SOURCE,SOURCE,SOURCE,UNAVAILABLE,DERIVED
v3,perpetual,true_oos,T2,M30,IMOEXF,V3_TRUE_OOS,TradingSystemLab/results/perpetual_v3/true_oos/T2/M30/trades.csv,26,T2-M30-IMOEXF-000008,v3|true_oos|T2|M30|IMOEXF|TradingSystemLab/results/perpetual_v3/true_oos/T2/M30/trades.csv|26|T2-M30-IMOEXF-000008,LONG,2025-02-18 11:00:00+03:00,2025-02-18 11:30:00+03:00,2025-02-18,2025-02-18,2025,2,2025,2,1,1,11,11,-1.00005456038,-1,5.45603775705e-05,0,0,INITIAL_STOP,3331,3294.34336218,,0 days 00:30:00,30,0.5,SOURCE,SOURCE,SOURCE,UNAVAILABLE,DERIVED
v3,perpetual,true_oos,T2,M30,IMOEXF,V3_TRUE_OOS,TradingSystemLab/results/perpetual_v3/true_oos/T2/M30/trades.csv,32,T2-M30-IMOEXF-000009,v3|true_oos|T2|M30|IMOEXF|TradingSystemLab/results/perpetual_v3/true_oos/T2/M30/trades.csv|32|T2-M30-IMOEXF-000009,LONG,2025-02-25 14:30:00+03:00,2025-02-25 18:30:00+03:00,2025-02-25,2025-02-25,2025,2,2025,2,1,1,14,18,-1.00011278538,-1,0.000112785380558,0.761301318764,0.704908628485,INITIAL_STOP,3368.5,3350.76720529,,0 days 04:00:00,240,4,SOURCE,SOURCE,SOURCE,UNAVAILABLE,DERIVED
v3,perpetual,true_oos,T2,M30,IMOEXF,V3_TRUE_OOS,TradingSystemLab/results/perpetual_v3/true_oos/T2/M30/trades.csv,34,T2-M30-IMOEXF-000010,v3|true_oos|T2|M30|IMOEXF|TradingSystemLab/results/perpetual_v3/true_oos/T2/M30/trades.csv|34|T2-M30-IMOEXF-000010,SHORT,2025-02-27 11:30:00+03:00,2025-02-27 16:00:00+03:00,2025-02-27,2025-02-27,2025,2,2025,2,3,3,11,16,-0.600011390246,-0.599960130774,5.12594722321e-05,0.563854194553,0.884225896003,ATR_TRAILING_STOP,3235.5,3258.90875177,,0 days 04:30:00,270,4.5,SOURCE,SOURCE,SOURCE,UNAVAILABLE,DERIVED
v3,perpetual,true_oos,T2,M30,IMOEXF,V3_TRUE_OOS,TradingSystemLab/results/perpetual_v3/true_oos/T2/M30/trades.csv,35,T2-M30-IMOEXF-000011,v3|true_oos|T2|M30|IMOEXF|TradingSystemLab/results/perpetual_v3/true_oos/T2/M30/trades.csv|35|T2-M30-IMOEXF-000011,LONG,2025-03-05 12:30:00+03:00,2025-03-05 14:30:00+03:00,2025-03-05,2025-03-05,2025,3,2025,3,2,2,12,14,-1.00008089416,-1,8.08941557015e-05,0.485364934209,0.283129544955,INITIAL_STOP,3286.5,3261.77633507,,0 days 02:00:00,120,2,SOURCE,SOURCE,SOURCE,UNAVAILABLE,DERIVED
v3,perpetual,true_oos,T2,M30,IMOEXF,V3_TRUE_OOS,TradingSystemLab/results/perpetual_v3/true_oos/T2/M30/trades.csv,38,T2-M30-IMOEXF-000012,v3|true_oos|T2|M30|IMOEXF|TradingSystemLab/results/perpetual_v3/true_oos/T2/M30/trades.csv|38|T2-M30-IMOEXF-000012,SHORT,2025-03-13 14:00:00+03:00,2025-03-13 19:00:00+03:00,2025-03-13,2025-03-13,2025,3,2025,3,3,3,14,19,-0.255637274708,-0.255559973001,7.73017069101e-05,0.251230547458,1.44940700456,ATR_TRAILING_STOP,3143,3149.61201371,,0 days 05:00:00,300,5,SOURCE,SOURCE,SOURCE,UNAVAILABLE,DERIVED
v3,perpetual,true_oos,T2,M30,IMOEXF,V3_TRUE_OOS,TradingSystemLab/results/perpetual_v3/true_oos/T2/M30/trades.csv,40,T2-M30-IMOEXF-000013,v3|true_oos|T2|M30|IMOEXF|TradingSystemLab/results/perpetual_v3/true_oos/T2/M30/trades.csv|40|T2-M30-IMOEXF-000013,SHORT,2025-03-28 11:30:00+03:00,2025-03-31 14:30:00+03:00,2025-03-28,2025-03-31,2025,3,2025,3,4,0,11,14,2.68167404449,2.68178342762,0.000109383131023,0.38284095858,5.19569872359,ATR_TRAILING_STOP,3070,3020.96531974,,3 days 03:00:00,4500,75,SOURCE,SOURCE,SOURCE,UNAVAILABLE,DERIVED
v3,perpetual,true_oos,T2,M30,IMOEXF,V3_TRUE_OOS,TradingSystemLab/results/perpetual_v3/true_oos/T2/M30/trades.csv,41,T2-M30-IMOEXF-000014,v3|true_oos|T2|M30|IMOEXF|TradingSystemLab/results/perpetual_v3/true_oos/T2/M30/trades.csv|41|T2-M30-IMOEXF-000014,SHORT,2025-03-31 15:30:00+03:00,2025-03-31 18:00:00+03:00,2025-03-31,2025-03-31,2025,3,2025,3,0,0,15,18,-1.00009262217,-1,9.26221692697e-05,0.879910608062,0.0926221692697,INITIAL_STOP,3001,3022.59310256,,0 days 02:30:00,150,2.5,SOURCE,SOURCE,SOURCE,UNAVAILABLE,DERIVED
v3,perpetual,true_oos,T2,M30,IMOEXF,V3_TRUE_OOS,TradingSystemLab/results/perpetual_v3/true_oos/T2/M30/trades.csv,44,T2-M30-IMOEXF-000015,v3|true_oos|T2|M30|IMOEXF|TradingSystemLab/results/perpetual_v3/true_oos/T2/M30/trades.csv|44|T2-M30-IMOEXF-000015,SHORT,2025-04-02 19:00:00+03:00,2025-04-02 21:30:00+03:00,2025-04-02,2025-04-02,2025,4,2025,4,2,2,19,21,-1.00007662418,-1,7.66241833875e-05,0.938646246497,0.727929742181,INITIAL_STOP,2930.5,2956.60142009,,0 days 02:30:00,150,2.5,SOURCE,SOURCE,SOURCE,UNAVAILABLE,DERIVED
v3,perpetual,true_oos,T2,M30,IMOEXF,V3_TRUE_OOS,TradingSystemLab/results/perpetual_v3/true_oos/T2/M30/trades.csv,47,T2-M30-IMOEXF-000016,v3|true_oos|T2|M30|IMOEXF|TradingSystemLab/results/perpetual_v3/true_oos/T2/M30/trades.csv|47|T2-M30-IMOEXF-000016,SHORT,2025-04-09 18:00:00+03:00,2025-04-09 20:00:00+03:00,2025-04-09,2025-04-09,2025,4,2025,4,2,2,18,20,-1.0000417631,-1,4.17630972844e-05,0.929228914579,0.09396696889,INITIAL_STOP,2632.5,2680.38916843,,0 days 02:00:00,120,2,SOURCE,SOURCE,SOURCE,UNAVAILABLE,DERIVED
v3,perpetual,true_oos,T2,M30,IMOEXF,V3_TRUE_OOS,TradingSystemLab/results/perpetual_v3/true_oos/T2/M30/trades.csv,50,T2-M30-IMOEXF-000017,v3|true_oos|T2|M30|IMOEXF|TradingSystemLab/results/perpetual_v3/true_oos/T2/M30/trades.csv|50|T2-M30-IMOEXF-000017,LONG,2025-04-17 18:30:00+03:00,2025-04-18 10:30:00+03:00,2025-04-17,2025-04-18,2025,4,2025,4,3,4,18,10,0.553807165876,0.553905779323,9.86134473464e-05,0.221880256529,2.31741601264,ATR_TRAILING_STOP,2867.5,2878.73387924,,0 days 16:00:00,960,16,SOURCE,SOURCE,SOURCE,UNAVAILABLE,DERIVED
v3,perpetual,true_oos,T2,M30,IMOEXF,V3_TRUE_OOS,TradingSystemLab/results/perpetual_v3/true_oos/T2/M30/trades.csv,58,T2-M30-IMOEXF-000018,v3|true_oos|T2|M30|IMOEXF|TradingSystemLab/results/perpetual_v3/true_oos/T2/M30/trades.csv|58|T2-M30-IMOEXF-000018,SHORT,2025-04-30 16:00:00+03:00,2025-04-30 23:00:00+03:00,2025-04-30,2025-04-30,2025,4,2025,4,2,2,16,23,-0.433893036783,-0.433837669726,5.53670573343e-05,0.442936458674,0.747455274013,ATR_TRAILING_STOP,2923.5,2939.17132843,,0 days 07:00:00,420,7,SOURCE,SOURCE,SOURCE,UNAVAILABLE,DERIVED
v3,perpetual,true_oos,T2,M30,IMOEXF,V3_TRUE_OOS,TradingSystemLab/results/perpetual_v3/true_oos/T2/M30/trades.csv,61,T2-M30-IMOEXF-000019,v3|true_oos|T2|M30|IMOEXF|TradingSystemLab/results/perpetual_v3/true_oos/T2/M30/trades.csv|61|T2-M30-IMOEXF-000019,LONG,2025-05-13 16:30:00+03:00,2025-05-14 10:00:00+03:00,2025-05-13,2025-05-14,2025,5,2025,5,1,2,16,10,-0.523780444382,-0.523695405769,8.50386127146e-05,0.510231676288,0.31889479768,ATR_TRAILING_STOP,2938,2925.68335021,,0 days 17:30:00,1050,17.5,SOURCE,SOURCE,SOURCE,UNAVAILABLE,DERIVED
v3,perpetual,true_oos,T2,M30,IMOEXF,V3_TRUE_OOS,TradingSystemLab/results/perpetual_v3/true_oos/T2/M30/trades.csv,63,T2-M30-IMOEXF-000020,v3|true_oos|T2|M30|IMOEXF|TradingSystemLab/results/perpetual_v3/true_oos/T2/M30/trades.csv|63|T2-M30-IMOEXF-000020,SHORT,2025-05-15 16:30:00+03:00,2025-05-16 17:00:00+03:00,2025-05-15,2025-05-16,2025,5,2025,5,3,4,16,17,0.10488014544,0.104943680925,6.3535484954e-05,0.984800016787,1.74722583624,ATR_TRAILING_STOP,2838,2834.69653325,,1 days 00:30:00,1470,24.5,SOURCE,SOURCE,SOURCE,UNAVAILABLE,DERIVED
v3,perpetual,true_oos,T2,M30,IMOEXF,V3_TRUE_OOS,TradingSystemLab/results/perpetual_v3/true_oos/T2/M30/trades.csv,64,T2-M30-IMOEXF-000021,v3|true_oos|T2|M30|IMOEXF|TradingSystemLab/results/perpetual_v3/true_oos/T2/M30/trades.csv|64|T2-M30-IMOEXF-000021,SHORT,2025-05-16 19:00:00+03:00,2025-05-17 00:00:00+03:00,2025-05-16,2025-05-17,2025,5,2025,5,4,5,19,0,-0.646840240955,-0.646736763073,0.000103477882092,0.517389410459,0.206955764183,EMA50_TREND_LOSS,2845,2857.5,,0 days 05:00:00,300,5,SOURCE,SOURCE,SOURCE,UNAVAILABLE,DERIVED
v3,perpetual,true_oos,T2,M30,IMOEXF,V3_TRUE_OOS,TradingSystemLab/results/perpetual_v3/true_oos/T2/M30/trades.csv,68,T2-M30-IMOEXF-000022,v3|true_oos|T2|M30|IMOEXF|TradingSystemLab/results/perpetual_v3/true_oos/T2/M30/trades.csv|68|T2-M30-IMOEXF-000022,SHORT,2025-05-22 19:30:00+03:00,2025-05-27 10:00:00+03:00,2025-05-22,2025-05-27,2025,5,2025,5,3,1,19,10,2.64251660177,2.64259092389,7.43221188333e-05,0.427352183292,3.64178382283,ATR_TRAILING_STOP,2784.5,2713.38817043,,4 days 14:30:00,6630,110.5,SOURCE,SOURCE,SOURCE,UNAVAILABLE,DERIVED
v3,perpetual,true_oos,T2,M30,IMOEXF,V3_TRUE_OOS,TradingSystemLab/results/perpetual_v3/true_oos/T2/M30/trades.csv,74,T2-M30-IMOEXF-000023,v3|true_oos|T2|M30|IMOEXF|TradingSystemLab/results/perpetual_v3/true_oos/T2/M30/trades.csv|74|T2-M30-IMOEXF-000023,LONG,2025-05-30 13:00:00+03:00,2025-06-02 09:00:00+03:00,2025-05-30,2025-06-02,2025,5,2025,6,4,0,13,9,-1.10726586336,-1.10719205056,7.38128033705e-05,0.202985209269,0.572049226121,ATR_TRAILING_STOP,2827.5,2797.5,,2 days 20:00:00,4080,68,SOURCE,SOURCE,SOURCE,UNAVAILABLE,DERIVED
v3,perpetual,true_oos,T2,M30,IMOEXF,V3_TRUE_OOS,TradingSystemLab/results/perpetual_v3/true_oos/T2/M30/trades.csv,79,T2-M30-IMOEXF-000024,v3|true_oos|T2|M30|IMOEXF|TradingSystemLab/results/perpetual_v3/true_oos/T2/M30/trades.csv|79|T2-M30-IMOEXF-000024,LONG,2025-06-18 11:30:00+03:00,2025-06-18 12:30:00+03:00,2025-06-18,2025-06-18,2025,6,2025,6,2,2,11,12,-1.00018582331,-1,0.000185823314576,0.78974908695,0.0464558286441,INITIAL_STOP,2797.5,2786.7370879,,0 days 01:00:00,60,1,SOURCE,SOURCE,SOURCE,UNAVAILABLE,DERIVED
v3,perpetual,true_oos,T2,M30,IMOEXF,V3_TRUE_OOS,TradingSystemLab/results/perpetual_v3/true_oos/T2/M30/trades.csv,80,T2-M30-IMOEXF-000025,v3|true_oos|T2|M30|IMOEXF|TradingSystemLab/results/perpetual_v3/true_oos/T2/M30/trades.csv|80|T2-M30-IMOEXF-000025,LONG,2025-06-18 16:00:00+03:00,2025-06-18 16:30:00+03:00,2025-06-18,2025-06-18,2025,6,2025,6,2,2,16,16,-1.00019376322,-1,0.000193763222545,0,0,INITIAL_STOP,2808,2797.67812378,,0 days 00:30:00,30,0.5,SOURCE,SOURCE,SOURCE,UNAVAILABLE,DERIVED
v3,perpetual,true_oos,T2,M30,IMOEXF,V3_TRUE_OOS,TradingSystemLab/results/perpetual_v3/true_oos/T2/M30/trades.csv,84,T2-M30-IMOEXF-000026,v3|true_oos|T2|M30|IMOEXF|TradingSystemLab/results/perpetual_v3/true_oos/T2/M30/trades.csv|84|T2-M30-IMOEXF-000026,LONG,2025-06-26 15:00:00+03:00,2025-06-27 09:30:00+03:00,2025-06-26,2025-06-27,2025,6,2025,6,3,4,15,9,-0.538475323254,-0.538268287954,0.000207035299328,0.931658846976,1.08693532147,ATR_TRAILING_STOP,2799.5,2794.30022692,,0 days 18:30:00,1110,18.5,SOURCE,SOURCE,SOURCE,UNAVAILABLE,DERIVED
v3,perpetual,true_oos,T2,M30,IMOEXF,V3_TRUE_OOS,TradingSystemLab/results/perpetual_v3/true_oos/T2/M30/trades.csv,87,T2-M30-IMOEXF-000027,v3|true_oos|T2|M30|IMOEXF|TradingSystemLab/results/perpetual_v3/true_oos/T2/M30/trades.csv|87|T2-M30-IMOEXF-000027,LONG,2025-06-30 12:30:00+03:00,2025-07-01 12:30:00+03:00,2025-06-30,2025-07-01,2025,6,2025,7,0,1,12,12,2.49639259485,2.49657921183,0.000186616980656,0.653159432294,4.05891932926,ATR_TRAILING_STOP,2819,2845.75618481,,1 days 00:00:00,1440,24,SOURCE,SOURCE,SOURCE,UNAVAILABLE,DERIVED
v3,perpetual,true_oos,T2,M30,IMOEXF,V3_TRUE_OOS,TradingSystemLab/results/perpetual_v3/true_oos/T2/M30/trades.csv,88,T2-M30-IMOEXF-000028,v3|true_oos|T2|M30|IMOEXF|TradingSystemLab/results/perpetual_v3/true_oos/T2/M30/trades.csv|88|T2-M30-IMOEXF-000028,LONG,2025-07-01 14:30:00+03:00,2025-07-01 20:00:00+03:00,2025-07-01,2025-07-01,2025,7,2025,7,1,1,14,20,-1.00028112002,-1,0.000281120024029,0.702800060072,1.47588012615,INITIAL_STOP,2852,2844.88560106,,0 days 05:30:00,330,5.5,SOURCE,SOURCE,SOURCE,UNAVAILABLE,DERIVED
v3,perpetual,true_oos,T2,M30,IMOEXF,V3_TRUE_OOS,TradingSystemLab/results/perpetual_v3/true_oos/T2/M30/trades.csv,95,T2-M30-IMOEXF-000029,v3|true_oos|T2|M30|IMOEXF|TradingSystemLab/results/perpetual_v3/true_oos/T2/M30/trades.csv|95|T2-M30-IMOEXF-000029,SHORT,2025-07-08 14:00:00+03:00,2025-07-09 22:30:00+03:00,2025-07-08,2025-07-09,2025,7,2025,7,1,2,14,22,2.63589062935,2.63603115747,0.000140528125875,0.526980472032,4.56716409094,ATR_TRAILING_STOP,2754.5,2716.98393493,,1 days 08:30:00,1950,32.5,SOURCE,SOURCE,SOURCE,UNAVAILABLE,DERIVED
v3,perpetual,true_oos,T2,M30,IMOEXF,V3_TRUE_OOS,TradingSystemLab/results/perpetual_v3/true_oos/T2/M30/trades.csv,96,T2-M30-IMOEXF-000030,v3|true_oos|T2|M30|IMOEXF|TradingSystemLab/results/perpetual_v3/true_oos/T2/M30/trades.csv|96|T2-M30-IMOEXF-000030,SHORT,2025-07-14 18:00:00+03:00,2025-07-14 18:30:00+03:00,2025-07-14,2025-07-14,2025,7,2025,7,0,0,18,18,-1.00008262787,-1,8.26278732448e-05,0,0,INITIAL_STOP,2646,2670.20490715,,0 days 00:30:00,30,0.5,SOURCE,SOURCE,SOURCE,UNAVAILABLE,DERIVED
v3,perpetual,true_oos,T2,M30,IMOEXF,V3_TRUE_OOS,TradingSystemLab/results/perpetual_v3/true_oos/T2/M30/trades.csv,104,T2-M30-IMOEXF-000031,v3|true_oos|T2|M30|IMOEXF|TradingSystemLab/results/perpetual_v3/true_oos/T2/M30/trades.csv|104|T2-M30-IMOEXF-000031,LONG,2025-08-15 17:00:00+03:00,2025-08-16 10:00:00+03:00,2025-08-15,2025-08-16,2025,8,2025,8,4,5,17,10,-2.55787447421,-2.55775120909,0.00012326511851,0.154081398138,1.14020234622,ATR_TRAILING_STOP,3008,2966.5,,0 days 17:00:00,1020,17,SOURCE,SOURCE,SOURCE,UNAVAILABLE,DERIVED
v3,perpetual,true_oos,T2,M30,IMOEXF,V3_TRUE_OOS,TradingSystemLab/results/perpetual_v3/true_oos/T2/M30/trades.csv,105,T2-M30-IMOEXF-000032,v3|true_oos|T2|M30|IMOEXF|TradingSystemLab/results/perpetual_v3/true_oos/T2/M30/trades.csv|105|T2-M30-IMOEXF-000032,LONG,2025-08-18 20:30:00+03:00,2025-08-19 14:00:00+03:00,2025-08-18,2025-08-19,2025,8,2025,8,0,1,20,14,0.791424477569,0.791511654583,8.71770140043e-05,0.523062084026,2.1140425896,ATR_TRAILING_STOP,2971.5,2989.65872369,,0 days 17:30:00,1050,17.5,SOURCE,SOURCE,SOURCE,UNAVAILABLE,DERIVED
v3,perpetual,true_oos,T2,M30,IMOEXF,V3_TRUE_OOS,TradingSystemLab/results/perpetual_v3/true_oos/T2/M30/trades.csv,108,T2-M30-IMOEXF-000033,v3|true_oos|T2|M30|IMOEXF|TradingSystemLab/results/perpetual_v3/true_oos/T2/M30/trades.csv|108|T2-M30-IMOEXF-000033,SHORT,2025-08-22 14:30:00+03:00,2025-08-22 15:00:00+03:00,2025-08-22,2025-08-22,2025,8,2025,8,4,4,14,15,-1.00020263103,-1,0.000202631028307,0,0,INITIAL_STOP,2890.5,2900.37015669,,0 days 00:30:00,30,0.5,SOURCE,SOURCE,SOURCE,UNAVAILABLE,DERIVED
v3,perpetual,true_oos,T2,M30,IMOEXF,V3_TRUE_OOS,TradingSystemLab/results/perpetual_v3/true_oos/T2/M30/trades.csv,109,T2-M30-IMOEXF-000034,v3|true_oos|T2|M30|IMOEXF|TradingSystemLab/results/perpetual_v3/true_oos/T2/M30/trades.csv|109|T2-M30-IMOEXF-000034,SHORT,2025-08-22 16:00:00+03:00,2025-08-22 17:30:00+03:00,2025-08-22,2025-08-22,2025,8,2025,8,4,4,16,17,-1.00013830703,-1,0.000138307029338,0.864418933365,0.0345767573346,INITIAL_STOP,2884.5,2898.960581,,0 days 01:30:00,90,1.5,SOURCE,SOURCE,SOURCE,UNAVAILABLE,DERIVED
v3,perpetual,true_oos,T2,M30,IMOEXF,V3_TRUE_OOS,TradingSystemLab/results/perpetual_v3/true_oos/T2/M30/trades.csv,112,T2-M30-IMOEXF-000035,v3|true_oos|T2|M30|IMOEXF|TradingSystemLab/results/perpetual_v3/true_oos/T2/M30/trades.csv|112|T2-M30-IMOEXF-000035,SHORT,2025-08-29 13:00:00+03:00,2025-08-29 13:30:00+03:00,2025-08-29,2025-08-29,2025,8,2025,8,4,4,13,13,-1.00014422818,-1,0.000144228179968,0,0,INITIAL_STOP,2888,2901.86691561,,0 days 00:30:00,30,0.5,SOURCE,SOURCE,SOURCE,UNAVAILABLE,DERIVED
v3,perpetual,true_oos,T2,M30,IMOEXF,V3_TRUE_OOS,TradingSystemLab/results/perpetual_v3/true_oos/T2/M30/trades.csv,116,T2-M30-IMOEXF-000036,v3|true_oos|T2|M30|IMOEXF|TradingSystemLab/results/perpetual_v3/true_oos/T2/M30/trades.csv|116|T2-M30-IMOEXF-000036,LONG,2025-09-08 14:30:00+03:00,2025-09-08 16:00:00+03:00,2025-09-08,2025-09-08,2025,9,2025,9,0,0,14,16,-1.00052328155,-1,0.000523281552938,0.915742717641,0.130820388234,INITIAL_STOP,2917.5,2913.67796578,,0 days 01:30:00,90,1.5,SOURCE,SOURCE,SOURCE,UNAVAILABLE,DERIVED
v3,perpetual,true_oos,T2,M30,IMOEXF,V3_TRUE_OOS,TradingSystemLab/results/perpetual_v3/true_oos/T2/M30/trades.csv,117,T2-M30-IMOEXF-000037,v3|true_oos|T2|M30|IMOEXF|TradingSystemLab/results/perpetual_v3/true_oos/T2/M30/trades.csv|117|T2-M30-IMOEXF-000037,LONG,2025-09-09 14:30:00+03:00,2025-09-10 09:30:00+03:00,2025-09-09,2025-09-10,2025,9,2025,9,1,2,14,9,-0.0292032650814,-0.0289347948992,0.00026847018222,0.939645637771,1.61082109332,ATR_TRAILING_STOP,2930,2929.78444686,,0 days 19:00:00,1140,19,SOURCE,SOURCE,SOURCE,UNAVAILABLE,DERIVED
v3,perpetual,true_oos,T2,M30,IMOEXF,V3_TRUE_OOS,TradingSystemLab/results/perpetual_v3/true_oos/T2/M30/trades.csv,122,T2-M30-IMOEXF-000038,v3|true_oos|T2|M30|IMOEXF|TradingSystemLab/results/perpetual_v3/true_oos/T2/M30/trades.csv|122|T2-M30-IMOEXF-000038,SHORT,2025-09-15 16:00:00+03:00,2025-09-16 09:00:00+03:00,2025-09-15,2025-09-16,2025,9,2025,9,0,1,16,9,-1.24349572858,-1.24332423558,0.000171492998011,0.986084738566,0.514478994034,ATR_TRAILING_STOP,2813,2827.5,,0 days 17:00:00,1020,17,SOURCE,SOURCE,SOURCE,UNAVAILABLE,DERIVED
v3,perpetual,true_oos,T2,M30,IMOEXF,V3_TRUE_OOS,TradingSystemLab/results/perpetual_v3/true_oos/T2/M30/trades.csv,126,T2-M30-IMOEXF-000039,v3|true_oos|T2|M30|IMOEXF|TradingSystemLab/results/perpetual_v3/true_oos/T2/M30/trades.csv|126|T2-M30-IMOEXF-000039,SHORT,2025-09-18 20:30:00+03:00,2025-09-22 15:00:00+03:00,2025-09-18,2025-09-22,2025,9,2025,9,3,0,20,15,6.67675197959,6.67694743581,0.000195456218522,0.097728109261,9.38189848906,ATR_TRAILING_STOP,2803,2734.67833199,,3 days 18:30:00,5430,90.5,SOURCE,SOURCE,SOURCE,UNAVAILABLE,DERIVED
v3,perpetual,true_oos,T2,M30,IMOEXF,V3_TRUE_OOS,TradingSystemLab/results/perpetual_v3/true_oos/T2/M30/trades.csv,127,T2-M30-IMOEXF-000040,v3|true_oos|T2|M30|IMOEXF|TradingSystemLab/results/perpetual_v3/true_oos/T2/M30/trades.csv|127|T2-M30-IMOEXF-000040,SHORT,2025-09-22 16:30:00+03:00,2025-09-22 18:00:00+03:00,2025-09-22,2025-09-22,2025,9,2025,9,0,0,16,18,-1.00012864385,-1,0.000128643854867,0.353770600884,0.611058310618,INITIAL_STOP,2721.5,2737.0467978,,0 days 01:30:00,90,1.5,SOURCE,SOURCE,SOURCE,UNAVAILABLE,DERIVED
v3,perpetual,true_oos,T2,M30,IMOEXF,V3_TRUE_OOS,TradingSystemLab/results/perpetual_v3/true_oos/T2/M30/trades.csv,130,T2-M30-IMOEXF-000041,v3|true_oos|T2|M30|IMOEXF|TradingSystemLab/results/perpetual_v3/true_oos/T2/M30/trades.csv|130|T2-M30-IMOEXF-000041,SHORT,2025-09-24 12:30:00+03:00,2025-09-24 15:00:00+03:00,2025-09-24,2025-09-24,2025,9,2025,9,2,2,12,15,-1.00015657409,-1,0.000156574087656,0.86115748211,0.0391435219141,INITIAL_STOP,2713,2725.77350569,,0 days 02:30:00,150,2.5,SOURCE,SOURCE,SOURCE,UNAVAILABLE,DERIVED
v3,perpetual,true_oos,T2,M30,IMOEXF,V3_TRUE_OOS,TradingSystemLab/results/perpetual_v3/true_oos/T2/M30/trades.csv,134,T2-M30-IMOEXF-000042,v3|true_oos|T2|M30|IMOEXF|TradingSystemLab/results/perpetual_v3/true_oos/T2/M30/trades.csv|134|T2-M30-IMOEXF-000042,SHORT,2025-09-30 20:30:00+03:00,2025-10-01 09:30:00+03:00,2025-09-30,2025-10-01,2025,9,2025,10,1,2,20,9,-1.00013645827,-1,0.000136458270552,0.852864190951,0.034114567638,INITIAL_STOP,2676.5,2691.15649529,,0 days 13:00:00,780,13,SOURCE,SOURCE,SOURCE,UNAVAILABLE,DERIVED
v3,perpetual,true_oos,T2,M30,IMOEXF,V3_TRUE_OOS,TradingSystemLab/results/perpetual_v3/true_oos/T2/M30/trades.csv,137,T2-M30-IMOEXF-000043,v3|true_oos|T2|M30|IMOEXF|TradingSystemLab/results/perpetual_v3/true_oos/T2/M30/trades.csv|137|T2-M30-IMOEXF-000043,SHORT,2025-10-02 14:00:00+03:00,2025-10-02 17:30:00+03:00,2025-10-02,2025-10-02,2025,10,2025,10,3,3,14,17,-1.00019115824,-1,0.000191158241423,0.955791207117,0.57347472427,INITIAL_STOP,2642,2652.46253609,,0 days 03:30:00,210,3.5,SOURCE,SOURCE,SOURCE,UNAVAILABLE,DERIVED
v3,perpetual,true_oos,T2,M30,IMOEXF,V3_TRUE_OOS,TradingSystemLab/results/perpetual_v3/true_oos/T2/M30/trades.csv,139,T2-M30-IMOEXF-000044,v3|true_oos|T2|M30|IMOEXF|TradingSystemLab/results/perpetual_v3/true_oos/T2/M30/trades.csv|139|T2-M30-IMOEXF-000044,SHORT,2025-10-02 18:30:00+03:00,2025-10-03 10:30:00+03:00,2025-10-02,2025-10-03,2025,10,2025,10,3,4,18,10,-0.335771203438,-0.335616998565,0.000154204873513,0.192756091891,1.54204873513,ATR_TRAILING_STOP,2642.5,2646.85287149,,0 days 16:00:00,960,16,SOURCE,SOURCE,SOURCE,UNAVAILABLE,DERIVED
v3,perpetual,true_oos,T2,M30,IMOEXF,V3_TRUE_OOS,TradingSystemLab/results/perpetual_v3/true_oos/T2/M30/trades.csv,153,T2-M30-IMOEXF-000045,v3|true_oos|T2|M30|IMOEXF|TradingSystemLab/results/perpetual_v3/true_oos/T2/M30/trades.csv|153|T2-M30-IMOEXF-000045,LONG,2025-11-07 22:30:00+03:00,2025-11-10 13:30:00+03:00,2025-11-07,2025-11-10,2025,11,2025,11,4,0,22,13,2.46492959396,2.46517462085,0.000245026888719,0.245026888719,4.28797055259,ATR_TRAILING_STOP,2568.5,2588.62166611,,2 days 15:00:00,3780,63,SOURCE,SOURCE,SOURCE,UNAVAILABLE,DERIVED
v3,perpetual,true_oos,T2,M30,IMOEXF,V3_TRUE_OOS,TradingSystemLab/results/perpetual_v3/true_oos/T2/M30/trades.csv,157,T2-M30-IMOEXF-000046,v3|true_oos|T2|M30|IMOEXF|TradingSystemLab/results/perpetual_v3/true_oos/T2/M30/trades.csv|157|T2-M30-IMOEXF-000046,SHORT,2025-11-13 14:30:00+03:00,2025-11-13 19:30:00+03:00,2025-11-13,2025-11-13,2025,11,2025,11,3,3,14,19,-0.840803276553,-0.840657075322,0.000146201230491,0.913757690568,0.109650922868,EMA50_TREND_LOSS,2536.5,2548,,0 days 05:00:00,300,5,SOURCE,SOURCE,SOURCE,UNAVAILABLE,DERIVED
v3,perpetual,true_oos,T2,M30,IMOEXF,V3_TRUE_OOS,TradingSystemLab/results/perpetual_v3/true_oos/T2/M30/trades.csv,159,T2-M30-IMOEXF-000047,v3|true_oos|T2|M30|IMOEXF|TradingSystemLab/results/perpetual_v3/true_oos/T2/M30/trades.csv|159|T2-M30-IMOEXF-000047,SHORT,2025-11-17 14:30:00+03:00,2025-11-18 10:30:00+03:00,2025-11-17,2025-11-18,2025,11,2025,11,0,1,14,10,-0.259430622872,-0.259221328928,0.00020929394433,0.732528805154,1.09879320773,ATR_TRAILING_STOP,2511,2513.477103,,0 days 20:00:00,1200,20,SOURCE,SOURCE,SOURCE,UNAVAILABLE,DERIVED
v3,perpetual,true_oos,T2,M30,IMOEXF,V3_TRUE_OOS,TradingSystemLab/results/perpetual_v3/true_oos/T2/M30/trades.csv,163,T2-M30-IMOEXF-000048,v3|true_oos|T2|M30|IMOEXF|TradingSystemLab/results/perpetual_v3/true_oos/T2/M30/trades.csv|163|T2-M30-IMOEXF-000048,LONG,2025-11-21 20:30:00+03:00,2025-11-24 12:00:00+03:00,2025-11-21,2025-11-24,2025,11,2025,11,4,0,20,12,-0.725538566656,-0.725478242365,6.03242913481e-05,0.377026820926,0.301621456741,ATR_TRAILING_STOP,2704.5,2680.44739279,,2 days 15:30:00,3810,63.5,SOURCE,SOURCE,SOURCE,UNAVAILABLE,DERIVED
v3,perpetual,true_oos,T2,M30,IMOEXF,V3_TRUE_OOS,TradingSystemLab/results/perpetual_v3/true_oos/T2/M30/trades.csv,165,T2-M30-IMOEXF-000049,v3|true_oos|T2|M30|IMOEXF|TradingSystemLab/results/perpetual_v3/true_oos/T2/M30/trades.csv|165|T2-M30-IMOEXF-000049,LONG,2025-12-01 15:30:00+03:00,2025-12-01 23:00:00+03:00,2025-12-01,2025-12-01,2025,12,2025,12,0,0,15,23,-0.627520536542,-0.627327512692,0.000193023850059,0.289535775089,1.01337521281,EMA50_TREND_LOSS,2688.5,2682,,0 days 07:30:00,450,7.5,SOURCE,SOURCE,SOURCE,UNAVAILABLE,DERIVED
v3,perpetual,true_oos,T2,M30,IMOEXF,V3_TRUE_OOS,TradingSystemLab/results/perpetual_v3/true_oos/T2/M30/trades.csv,171,T2-M30-IMOEXF-000050,v3|true_oos|T2|M30|IMOEXF|TradingSystemLab/results/perpetual_v3/true_oos/T2/M30/trades.csv|171|T2-M30-IMOEXF-000050,LONG,2025-12-15 12:30:00+03:00,2025-12-15 16:00:00+03:00,2025-12-15,2025-12-15,2025,12,2025,12,0,0,12,16,-0.0851221190759,-0.0849748151062,0.00014730396977,0.110477977327,1.28890973549,ATR_TRAILING_STOP,2738,2736.84626578,,0 days 03:30:00,210,3.5,SOURCE,SOURCE,SOURCE,UNAVAILABLE,DERIVED
v3,perpetual,true_oos,T2,M30,IMOEXF,V3_TRUE_OOS,TradingSystemLab/results/perpetual_v3/true_oos/T2/M30/trades.csv,174,T2-M30-IMOEXF-000051,v3|true_oos|T2|M30|IMOEXF|TradingSystemLab/results/perpetual_v3/true_oos/T2/M30/trades.csv|174|T2-M30-IMOEXF-000051,LONG,2025-12-15 17:00:00+03:00,2025-12-17 10:30:00+03:00,2025-12-15,2025-12-17,2025,12,2025,12,0,2,17,10,2.0692347562,2.06938055398,0.000145797786073,0.400943911702,3.09820295406,ATR_TRAILING_STOP,2746,2774.38699557,,1 days 17:30:00,2490,41.5,SOURCE,SOURCE,SOURCE,UNAVAILABLE,DERIVED
v3,perpetual,true_oos,T2,M30,IMOEXF,V3_TRUE_OOS,TradingSystemLab/results/perpetual_v3/true_oos/T2/M30/trades.csv,178,T2-M30-IMOEXF-000052,v3|true_oos|T2|M30|IMOEXF|TradingSystemLab/results/perpetual_v3/true_oos/T2/M30/trades.csv|178|T2-M30-IMOEXF-000052,SHORT,2025-12-23 11:30:00+03:00,2025-12-23 15:00:00+03:00,2025-12-23,2025-12-23,2025,12,2025,12,1,1,11,15,-0.717792680921,-0.717633445102,0.000159235819738,0.35828059441,0.71656118882,ATR_TRAILING_STOP,2714,2723.01346753,,0 days 03:30:00,210,3.5,SOURCE,SOURCE,SOURCE,UNAVAILABLE,DERIVED
v3,perpetual,true_oos,T2,M30,IMOEXF,V3_TRUE_OOS,TradingSystemLab/results/perpetual_v3/true_oos/T2/M30/trades.csv,181,T2-M30-IMOEXF-000053,v3|true_oos|T2|M30|IMOEXF|TradingSystemLab/results/perpetual_v3/true_oos/T2/M30/trades.csv|181|T2-M30-IMOEXF-000053,LONG,2025-12-28 15:00:00+03:00,2025-12-29 09:30:00+03:00,2025-12-28,2025-12-29,2025,12,2025,12,6,0,15,9,1.1848593837,1.18520008819,0.000340704497291,0.0851761243227,3.15151659994,ATR_TRAILING_STOP,2776.5,2783.45734924,,0 days 18:30:00,1110,18.5,SOURCE,SOURCE,SOURCE,UNAVAILABLE,DERIVED
v3,perpetual,true_oos,T2,M30,IMOEXF,V3_TRUE_OOS,TradingSystemLab/results/perpetual_v3/true_oos/T2/M30/trades.csv,183,T2-M30-IMOEXF-000054,v3|true_oos|T2|M30|IMOEXF|TradingSystemLab/results/perpetual_v3/true_oos/T2/M30/trades.csv|183|T2-M30-IMOEXF-000054,LONG,2025-12-29 11:30:00+03:00,2025-12-29 16:30:00+03:00,2025-12-29,2025-12-29,2025,12,2025,12,0,0,11,16,1.5367971993,1.53695672529,0.000159525985207,0.0797629926037,3.46969017826,ATR_TRAILING_STOP,2784.5,2803.76904539,,0 days 05:00:00,300,5,SOURCE,SOURCE,SOURCE,UNAVAILABLE,DERIVED
v3,perpetual,true_oos,T2,M30,IMOEXF,V3_TRUE_OOS,TradingSystemLab/results/perpetual_v3/true_oos/T2/M30/trades.csv,190,T2-M30-IMOEXF-000055,v3|true_oos|T2|M30|IMOEXF|TradingSystemLab/results/perpetual_v3/true_oos/T2/M30/trades.csv|190|T2-M30-IMOEXF-000055,SHORT,2026-01-13 15:30:00+03:00,2026-01-13 17:00:00+03:00,2026-01-13,2026-01-13,2026,1,2026,1,1,1,15,17,-1.00021091785,-1,0.000210917849141,0.843671396564,0.158188386856,INITIAL_STOP,2696.5,2705.98236486,,0 days 01:30:00,90,1.5,SOURCE,SOURCE,SOURCE,UNAVAILABLE,DERIVED
v3,perpetual,true_oos,T2,M30,IMOEXF,V3_TRUE_OOS,TradingSystemLab/results/perpetual_v3/true_oos/T2/M30/trades.csv,191,T2-M30-IMOEXF-000056,v3|true_oos|T2|M30|IMOEXF|TradingSystemLab/results/perpetual_v3/true_oos/T2/M30/trades.csv|191|T2-M30-IMOEXF-000056,SHORT,2026-01-13 18:30:00+03:00,2026-01-14 12:00:00+03:00,2026-01-13,2026-01-14,2026,1,2026,1,1,2,18,12,0.0294104488298,0.0295578888057,0.000147439975893,0.552899909599,1.14265981317,ATR_TRAILING_STOP,2691,2690.5990519,,0 days 17:30:00,1050,17.5,SOURCE,SOURCE,SOURCE,UNAVAILABLE,DERIVED
v3,perpetual,true_oos,T2,M30,IMOEXF,V3_TRUE_OOS,TradingSystemLab/results/perpetual_v3/true_oos/T2/M30/trades.csv,197,T2-M30-IMOEXF-000057,v3|true_oos|T2|M30|IMOEXF|TradingSystemLab/results/perpetual_v3/true_oos/T2/M30/trades.csv|197|T2-M30-IMOEXF-000057,LONG,2026-01-29 23:00:00+03:00,2026-01-30 09:30:00+03:00,2026-01-29,2026-01-30,2026,1,2026,1,3,4,23,9,-1.0001664385,-1,0.000166438499356,0.249657749034,0.45770587323,INITIAL_STOP,2820.5,2808.48354943,,0 days 10:30:00,630,10.5,SOURCE,SOURCE,SOURCE,UNAVAILABLE,DERIVED
v3,perpetual,true_oos,T2,M30,IMOEXF,V3_TRUE_OOS,TradingSystemLab/results/perpetual_v3/true_oos/T2/M30/trades.csv,199,T2-M30-IMOEXF-000058,v3|true_oos|T2|M30|IMOEXF|TradingSystemLab/results/perpetual_v3/true_oos/T2/M30/trades.csv|199|T2-M30-IMOEXF-000058,SHORT,2026-02-02 14:00:00+03:00,2026-02-02 20:00:00+03:00,2026-02-02,2026-02-02,2026,2,2026,2,0,0,14,20,-0.568040993477,-0.567716584001,0.000324409476572,0.892126060573,1.86535449029,EMA50_TREND_LOSS,2777,2780.5,,0 days 06:00:00,360,6,SOURCE,SOURCE,SOURCE,UNAVAILABLE,DERIVED
v3,perpetual,true_oos,T2,M30,IMOEXF,V3_TRUE_OOS,TradingSystemLab/results/perpetual_v3/true_oos/T2/M30/trades.csv,207,T2-M30-IMOEXF-000059,v3|true_oos|T2|M30|IMOEXF|TradingSystemLab/results/perpetual_v3/true_oos/T2/M30/trades.csv|207|T2-M30-IMOEXF-000059,SHORT,2026-02-09 21:00:00+03:00,2026-02-10 09:00:00+03:00,2026-02-09,2026-02-10,2026,2,2026,2,0,1,21,9,-0.64478632526,-0.644499880868,0.000286444391497,0.572888782994,0.143222195748,EMA50_TREND_LOSS,2725.5,2730,,0 days 12:00:00,720,12,SOURCE,SOURCE,SOURCE,UNAVAILABLE,DERIVED
v3,perpetual,true_oos,T2,M30,IMOEXF,V3_TRUE_OOS,TradingSystemLab/results/perpetual_v3/true_oos/T2/M30/trades.csv,216,T2-M30-IMOEXF-000060,v3|true_oos|T2|M30|IMOEXF|TradingSystemLab/results/perpetual_v3/true_oos/T2/M30/trades.csv|216|T2-M30-IMOEXF-000060,LONG,2026-02-20 15:00:00+03:00,2026-02-24 10:30:00+03:00,2026-02-20,2026-02-24,2026,2,2026,2,4,1,15,10,1.81997968539,1.82028992852,0.000310243130317,0.0775607825792,2.63706660769,ATR_TRAILING_STOP,2781,2792.73460264,,3 days 19:30:00,5490,91.5,SOURCE,SOURCE,SOURCE,UNAVAILABLE,DERIVED
v3,perpetual,true_oos,T2,M30,IMOEXF,V3_TRUE_OOS,TradingSystemLab/results/perpetual_v3/true_oos/T2/M30/trades.csv,221,T2-M30-IMOEXF-000061,v3|true_oos|T2|M30|IMOEXF|TradingSystemLab/results/perpetual_v3/true_oos/T2/M30/trades.csv|221|T2-M30-IMOEXF-000061,LONG,2026-02-28 16:30:00+03:00,2026-03-01 12:30:00+03:00,2026-02-28,2026-03-01,2026,2,2026,3,5,6,16,12,0.956122681295,0.956492548846,0.000369867550982,0.184933775491,3.51374173433,ATR_TRAILING_STOP,2813.5,2818.67208145,,0 days 20:00:00,1200,20,SOURCE,SOURCE,SOURCE,UNAVAILABLE,DERIVED
v3,perpetual,true_oos,T2,M30,IMOEXF,V3_TRUE_OOS,TradingSystemLab/results/perpetual_v3/true_oos/T2/M30/trades.csv,222,T2-M30-IMOEXF-000062,v3|true_oos|T2|M30|IMOEXF|TradingSystemLab/results/perpetual_v3/true_oos/T2/M30/trades.csv|222|T2-M30-IMOEXF-000062,LONG,2026-03-01 14:00:00+03:00,2026-03-02 09:30:00+03:00,2026-03-01,2026-03-02,2026,3,2026,3,6,0,14,9,-0.151148214242,-0.150899068982,0.000249145259532,0.249145259532,1.61944418696,ATR_TRAILING_STOP,2825,2823.78866594,,0 days 19:30:00,1170,19.5,SOURCE,SOURCE,SOURCE,UNAVAILABLE,DERIVED
v3,perpetual,true_oos,T2,M30,IMOEXF,V3_TRUE_OOS,TradingSystemLab/results/perpetual_v3/true_oos/T2/M30/trades.csv,224,T2-M30-IMOEXF-000063,v3|true_oos|T2|M30|IMOEXF|TradingSystemLab/results/perpetual_v3/true_oos/T2/M30/trades.csv|224|T2-M30-IMOEXF-000063,LONG,2026-03-02 15:30:00+03:00,2026-03-02 18:00:00+03:00,2026-03-02,2026-03-02,2026,3,2026,3,0,0,15,18,-0.963725857995,-0.963594269313,0.000131588681901,0.723737750456,0.394766045703,ATR_TRAILING_STOP,2847,2832.35445062,,0 days 02:30:00,150,2.5,SOURCE,SOURCE,SOURCE,UNAVAILABLE,DERIVED
v3,perpetual,true_oos,T2,M30,IMOEXF,V3_TRUE_OOS,TradingSystemLab/results/perpetual_v3/true_oos/T2/M30/trades.csv,229,T2-M30-IMOEXF-000064,v3|true_oos|T2|M30|IMOEXF|TradingSystemLab/results/perpetual_v3/true_oos/T2/M30/trades.csv|229|T2-M30-IMOEXF-000064,LONG,2026-03-06 14:30:00+03:00,2026-03-09 10:30:00+03:00,2026-03-06,2026-03-09,2026,3,2026,3,4,0,14,10,3.92467698095,3.92485080967,0.000173828721448,0.217285901811,6.17091961142,ATR_TRAILING_STOP,2844,2889.15767909,,2 days 20:00:00,4080,68,SOURCE,SOURCE,SOURCE,UNAVAILABLE,DERIVED
v3,perpetual,true_oos,T2,M30,IMOEXF,V3_TRUE_OOS,TradingSystemLab/results/perpetual_v3/true_oos/T2/M30/trades.csv,234,T2-M30-IMOEXF-000065,v3|true_oos|T2|M30|IMOEXF|TradingSystemLab/results/perpetual_v3/true_oos/T2/M30/trades.csv|234|T2-M30-IMOEXF-000065,SHORT,2026-03-17 11:00:00+03:00,2026-03-17 15:00:00+03:00,2026-03-17,2026-03-17,2026,3,2026,3,1,1,11,15,-1.00025183214,-1,0.000251832139648,0.755496418943,0.31479017456,INITIAL_STOP,2858.5,2866.44179807,,0 days 04:00:00,240,4,SOURCE,SOURCE,SOURCE,UNAVAILABLE,DERIVED
v3,perpetual,true_oos,T2,M30,IMOEXF,V3_TRUE_OOS,TradingSystemLab/results/perpetual_v3/true_oos/T2/M30/trades.csv,236,T2-M30-IMOEXF-000066,v3|true_oos|T2|M30|IMOEXF|TradingSystemLab/results/perpetual_v3/true_oos/T2/M30/trades.csv|236|T2-M30-IMOEXF-000066,LONG,2026-03-19 14:00:00+03:00,2026-03-19 15:30:00+03:00,2026-03-19,2026-03-19,2026,3,2026,3,3,3,14,15,-1.00030537207,-1,0.000305372072623,0.229029054468,1.14514527234,INITIAL_STOP,2886,2879.45061262,,0 days 01:30:00,90,1.5,SOURCE,SOURCE,SOURCE,UNAVAILABLE,DERIVED
v3,perpetual,true_oos,T2,M30,IMOEXF,V3_TRUE_OOS,TradingSystemLab/results/perpetual_v3/true_oos/T2/M30/trades.csv,240,T2-M30-IMOEXF-000067,v3|true_oos|T2|M30|IMOEXF|TradingSystemLab/results/perpetual_v3/true_oos/T2/M30/trades.csv|240|T2-M30-IMOEXF-000067,SHORT,2026-03-27 11:30:00+03:00,2026-03-28 10:30:00+03:00,2026-03-27,2026-03-28,2026,3,2026,3,4,5,11,10,2.77636217761,2.77658362484,0.000221447225519,0.110723612759,4.42894451038,ATR_TRAILING_STOP,2822.5,2797.42329273,,0 days 23:00:00,1380,23,SOURCE,SOURCE,SOURCE,UNAVAILABLE,DERIVED
v3,perpetual,true_oos,T2,M30,IMOEXF,V3_TRUE_OOS,TradingSystemLab/results/perpetual_v3/true_oos/T2/M30/trades.csv,244,T2-M30-IMOEXF-000068,v3|true_oos|T2|M30|IMOEXF|TradingSystemLab/results/perpetual_v3/true_oos/T2/M30/trades.csv|244|T2-M30-IMOEXF-000068,SHORT,2026-04-06 09:00:00+03:00,2026-04-06 12:30:00+03:00,2026-04-06,2026-04-06,2026,4,2026,4,0,0,9,12,0.1563674896,0.156791755034,0.00042426543431,0.42426543431,2.12132717155,ATR_TRAILING_STOP,2759,2758.26087896,,0 days 03:30:00,210,3.5,SOURCE,SOURCE,SOURCE,UNAVAILABLE,DERIVED
v3,perpetual,true_oos,T2,M30,IMOEXF,V3_TRUE_OOS,TradingSystemLab/results/perpetual_v3/true_oos/T2/M30/trades.csv,247,T2-M30-IMOEXF-000069,v3|true_oos|T2|M30|IMOEXF|TradingSystemLab/results/perpetual_v3/true_oos/T2/M30/trades.csv|247|T2-M30-IMOEXF-000069,SHORT,2026-04-10 15:30:00+03:00,2026-04-12 10:30:00+03:00,2026-04-10,2026-04-12,2026,4,2026,4,4,6,15,10,1.14943270762,1.14965177606,0.000219068441474,0.219068441474,1.97161597326,ATR_TRAILING_STOP,2737,2726.50417716,,1 days 19:00:00,2580,43,SOURCE,SOURCE,SOURCE,UNAVAILABLE,DERIVED
v3,perpetual,true_oos,T2,M30,IMOEXF,V3_TRUE_OOS,TradingSystemLab/results/perpetual_v3/true_oos/T2/M30/trades.csv,249,T2-M30-IMOEXF-000070,v3|true_oos|T2|M30|IMOEXF|TradingSystemLab/results/perpetual_v3/true_oos/T2/M30/trades.csv|249|T2-M30-IMOEXF-000070,LONG,2026-04-16 17:00:00+03:00,2026-04-16 18:00:00+03:00,2026-04-16,2026-04-16,2026,4,2026,4,3,3,17,18,-1.00020841962,-1,0.000208419622033,0.521049055081,0.156314716524,INITIAL_STOP,2754.5,2744.90397454,,0 days 01:00:00,60,1,SOURCE,SOURCE,SOURCE,UNAVAILABLE,DERIVED
v3,perpetual,true_oos,T2,M30,IMOEXF,V3_TRUE_OOS,TradingSystemLab/results/perpetual_v3/true_oos/T2/M30/trades.csv,255,T2-M30-IMOEXF-000071,v3|true_oos|T2|M30|IMOEXF|TradingSystemLab/results/perpetual_v3/true_oos/T2/M30/trades.csv|255|T2-M30-IMOEXF-000071,SHORT,2026-04-29 13:30:00+03:00,2026-04-29 20:30:00+03:00,2026-04-29,2026-04-29,2026,4,2026,4,2,2,13,20,3.98732588098,3.98754658883,0.000220707846172,0.055176961543,6.95229715441,ATR_TRAILING_STOP,2695.5,2659.3658375,,0 days 07:00:00,420,7,SOURCE,SOURCE,SOURCE,UNAVAILABLE,DERIVED
v3,perpetual,true_oos,T2,M30,IMOEXF,V3_TRUE_OOS,TradingSystemLab/results/perpetual_v3/true_oos/T2/M30/trades.csv,256,T2-M30-IMOEXF-000072,v3|true_oos|T2|M30|IMOEXF|TradingSystemLab/results/perpetual_v3/true_oos/T2/M30/trades.csv|256|T2-M30-IMOEXF-000072,SHORT,2026-04-29 22:30:00+03:00,2026-04-30 10:30:00+03:00,2026-04-29,2026-04-30,2026,4,2026,4,2,3,22,10,-0.515746208459,-0.515608093411,0.000138115048366,0.24170133464,1.45020800784,ATR_TRAILING_STOP,2663,2670.46635648,,0 days 12:00:00,720,12,SOURCE,SOURCE,SOURCE,UNAVAILABLE,DERIVED
v3,perpetual,true_oos,T2,M30,IMOEXF,V3_TRUE_OOS,TradingSystemLab/results/perpetual_v3/true_oos/T2/M30/trades.csv,258,T2-M30-IMOEXF-000073,v3|true_oos|T2|M30|IMOEXF|TradingSystemLab/results/perpetual_v3/true_oos/T2/M30/trades.csv|258|T2-M30-IMOEXF-000073,SHORT,2026-04-30 12:30:00+03:00,2026-04-30 22:00:00+03:00,2026-04-30,2026-04-30,2026,4,2026,4,3,3,12,22,-0.467509504049,-0.467392655885,0.000116848163971,0.701088983828,0.730301024821,EMA50_TREND_LOSS,2661,2669,,0 days 09:30:00,570,9.5,SOURCE,SOURCE,SOURCE,UNAVAILABLE,DERIVED
v3,perpetual,true_oos,T2,M30,IMOEXF,V3_TRUE_OOS,TradingSystemLab/results/perpetual_v3/true_oos/T2/M30/trades.csv,262,T2-M30-IMOEXF-000074,v3|true_oos|T2|M30|IMOEXF|TradingSystemLab/results/perpetual_v3/true_oos/T2/M30/trades.csv|262|T2-M30-IMOEXF-000074,SHORT,2026-05-04 23:00:00+03:00,2026-05-05 12:30:00+03:00,2026-05-04,2026-05-05,2026,5,2026,5,0,1,23,12,0.626209368111,0.626439729947,0.000230361835987,0.863856884951,3.5706084578,ATR_TRAILING_STOP,2622,2616.56125423,,0 days 13:30:00,810,13.5,SOURCE,SOURCE,SOURCE,UNAVAILABLE,DERIVED
v3,perpetual,true_oos,T2,M30,IMOEXF,V3_TRUE_OOS,TradingSystemLab/results/perpetual_v3/true_oos/T2/M30/trades.csv,264,T2-M30-IMOEXF-000075,v3|true_oos|T2|M30|IMOEXF|TradingSystemLab/results/perpetual_v3/true_oos/T2/M30/trades.csv|264|T2-M30-IMOEXF-000075,SHORT,2026-05-06 16:00:00+03:00,2026-05-06 18:00:00+03:00,2026-05-06,2026-05-06,2026,5,2026,5,2,2,16,18,-1.00020128388,-1,0.000201283878505,0.754814544392,0.352246787383,INITIAL_STOP,2624,2633.93621553,,0 days 02:00:00,120,2,SOURCE,SOURCE,SOURCE,UNAVAILABLE,DERIVED
v3,perpetual,true_oos,T2,M30,IMOEXF,V3_TRUE_OOS,TradingSystemLab/results/perpetual_v3/true_oos/T2/M30/trades.csv,268,T2-M30-IMOEXF-000076,v3|true_oos|T2|M30|IMOEXF|TradingSystemLab/results/perpetual_v3/true_oos/T2/M30/trades.csv|268|T2-M30-IMOEXF-000076,LONG,2026-05-19 14:00:00+03:00,2026-05-20 09:30:00+03:00,2026-05-19,2026-05-20,2026,5,2026,5,1,2,14,9,-0.533787737083,-0.533608015134,0.000179721949563,0.808748773033,0.584096336079,ATR_TRAILING_STOP,2667.5,2661.56184925,,0 days 19:30:00,1170,19.5,SOURCE,SOURCE,SOURCE,UNAVAILABLE,DERIVED
v3,perpetual,true_oos,T2,M30,IMOEXF,V3_TRUE_OOS,TradingSystemLab/results/perpetual_v3/true_oos/T2/M30/trades.csv,272,T2-M30-IMOEXF-000077,v3|true_oos|T2|M30|IMOEXF|TradingSystemLab/results/perpetual_v3/true_oos/T2/M30/trades.csv|272|T2-M30-IMOEXF-000077,SHORT,2026-05-20 17:00:00+03:00,2026-05-21 14:00:00+03:00,2026-05-20,2026-05-21,2026,5,2026,5,2,3,17,14,1.06611139464,1.06628996247,0.000178567837755,0,2.58923364745,ATR_TRAILING_STOP,2642.5,2630.55731227,,0 days 21:00:00,1260,21,SOURCE,SOURCE,SOURCE,UNAVAILABLE,DERIVED
v3,perpetual,true_oos,T2,M30,IMOEXF,V3_TRUE_OOS,TradingSystemLab/results/perpetual_v3/true_oos/T2/M30/trades.csv,273,T2-M30-IMOEXF-000078,v3|true_oos|T2|M30|IMOEXF|TradingSystemLab/results/perpetual_v3/true_oos/T2/M30/trades.csv|273|T2-M30-IMOEXF-000078,SHORT,2026-05-25 15:00:00+03:00,2026-05-25 20:30:00+03:00,2026-05-25,2026-05-25,2026,5,2026,5,0,0,15,20,0.809353521171,0.809495411157,0.000141889985905,0.496614950667,2.58949224276,ATR_TRAILING_STOP,2617.5,2606.08981617,,0 days 05:30:00,330,5.5,SOURCE,SOURCE,SOURCE,UNAVAILABLE,DERIVED
v3,perpetual,true_oos,T2,M30,IMOEXF,V3_TRUE_OOS,TradingSystemLab/results/perpetual_v3/true_oos/T2/M30/trades.csv,274,T2-M30-IMOEXF-000079,v3|true_oos|T2|M30|IMOEXF|TradingSystemLab/results/perpetual_v3/true_oos/T2/M30/trades.csv|274|T2-M30-IMOEXF-000079,SHORT,2026-05-26 22:00:00+03:00,2026-05-27 12:00:00+03:00,2026-05-26,2026-05-27,2026,5,2026,5,1,2,22,12,-1.00018248355,-1,0.000182483545809,0.912417729046,1.23176393421,INITIAL_STOP,2577,2587.95989225,,0 days 14:00:00,840,14,SOURCE,SOURCE,SOURCE,UNAVAILABLE,DERIVED
v3,perpetual,true_oos,T2,M30,IMOEXF,V3_TRUE_OOS,TradingSystemLab/results/perpetual_v3/true_oos/T2/M30/trades.csv,275,T2-M30-IMOEXF-000080,v3|true_oos|T2|M30|IMOEXF|TradingSystemLab/results/perpetual_v3/true_oos/T2/M30/trades.csv|275|T2-M30-IMOEXF-000080,SHORT,2026-05-27 16:30:00+03:00,2026-05-27 18:30:00+03:00,2026-05-27,2026-05-27,2026,5,2026,5,2,2,16,18,-1.00016093421,-1,0.000160934209043,0.362101970346,0.402335522607,INITIAL_STOP,2581.5,2593.92743859,,0 days 02:00:00,120,2,SOURCE,SOURCE,SOURCE,UNAVAILABLE,DERIVED
v3,perpetual,true_oos,T2,M30,IMOEXF,V3_TRUE_OOS,TradingSystemLab/results/perpetual_v3/true_oos/T2/M30/trades.csv,277,T2-M30-IMOEXF-000081,v3|true_oos|T2|M30|IMOEXF|TradingSystemLab/results/perpetual_v3/true_oos/T2/M30/trades.csv|277|T2-M30-IMOEXF-000081,SHORT,2026-05-29 13:00:00+03:00,2026-05-30 14:00:00+03:00,2026-05-29,2026-05-30,2026,5,2026,5,4,5,13,14,-0.034739003065,-0.0345600438915,0.000178959173539,0.626357107387,0.93953566108,ATR_TRAILING_STOP,2567,2567.38623383,,1 days 01:00:00,1500,25,SOURCE,SOURCE,SOURCE,UNAVAILABLE,DERIVED
v3,perpetual,true_oos,T2,M30,IMOEXF,V3_TRUE_OOS,TradingSystemLab/results/perpetual_v3/true_oos/T2/M30/trades.csv,280,T2-M30-IMOEXF-000082,v3|true_oos|T2|M30|IMOEXF|TradingSystemLab/results/perpetual_v3/true_oos/T2/M30/trades.csv|280|T2-M30-IMOEXF-000082,SHORT,2026-06-09 14:30:00+03:00,2026-06-09 15:30:00+03:00,2026-06-09,2026-06-09,2026,6,2026,6,1,1,14,15,-1.00012129623,-1,0.000121296226632,0.424536793213,0.0606481133161,INITIAL_STOP,2510.5,2526.98855909,,0 days 01:00:00,60,1,SOURCE,SOURCE,SOURCE,UNAVAILABLE,DERIVED
v3,perpetual,true_oos,T2,M30,IMOEXF,V3_TRUE_OOS,TradingSystemLab/results/perpetual_v3/true_oos/T2/M30/trades.csv,284,T2-M30-IMOEXF-000083,v3|true_oos|T2|M30|IMOEXF|TradingSystemLab/results/perpetual_v3/true_oos/T2/M30/trades.csv|284|T2-M30-IMOEXF-000083,SHORT,2026-06-10 15:00:00+03:00,2026-06-10 18:00:00+03:00,2026-06-10,2026-06-10,2026,6,2026,6,2,2,15,18,-0.809340774278,-0.809241023314,9.97509646833e-05,0.523692564588,0.798007717467,ATR_TRAILING_STOP,2500,2516.22522701,,0 days 03:00:00,180,3,SOURCE,SOURCE,SOURCE,UNAVAILABLE,DERIVED
v3,perpetual,true_oos,T2,M30,IMOEXF,V3_TRUE_OOS,TradingSystemLab/results/perpetual_v3/true_oos/T2/M30/trades.csv,288,T2-M30-IMOEXF-000084,v3|true_oos|T2|M30|IMOEXF|TradingSystemLab/results/perpetual_v3/true_oos/T2/M30/trades.csv|288|T2-M30-IMOEXF-000084,SHORT,2026-06-19 17:30:00+03:00,2026-06-22 11:00:00+03:00,2026-06-19,2026-06-22,2026,6,2026,6,4,0,17,11,0.260919579447,0.261040160853,0.000120581406176,0.15072675772,1.71828503801,ATR_TRAILING_STOP,2421.5,2417.17030823,,2 days 17:30:00,3930,65.5,SOURCE,SOURCE,SOURCE,UNAVAILABLE,DERIVED
v3,perpetual,true_oos,T2,M30,IMOEXF,V3_TRUE_OOS,TradingSystemLab/results/perpetual_v3/true_oos/T2/M30/trades.csv,289,T2-M30-IMOEXF-000085,v3|true_oos|T2|M30|IMOEXF|TradingSystemLab/results/perpetual_v3/true_oos/T2/M30/trades.csv|289|T2-M30-IMOEXF-000085,SHORT,2026-06-22 12:00:00+03:00,2026-06-23 09:30:00+03:00,2026-06-22,2026-06-23,2026,6,2026,6,0,1,12,9,7.46253032363,7.46267865242,0.000148328789714,0.111246592285,10.3459330825,ATR_TRAILING_STOP,2411,2310.37653146,,0 days 21:30:00,1290,21.5,SOURCE,SOURCE,SOURCE,UNAVAILABLE,DERIVED
v3,perpetual,true_oos,T2,M30,IMOEXF,V3_TRUE_OOS,TradingSystemLab/results/perpetual_v3/true_oos/T2/M30/trades.csv,291,T2-M30-IMOEXF-000086,v3|true_oos|T2|M30|IMOEXF|TradingSystemLab/results/perpetual_v3/true_oos/T2/M30/trades.csv|291|T2-M30-IMOEXF-000086,SHORT,2026-06-23 14:30:00+03:00,2026-06-23 17:00:00+03:00,2026-06-23,2026-06-23,2026,6,2026,6,1,1,14,17,-1.00005841822,-1,5.84182217092e-05,0.905482436492,0.0438136662819,INITIAL_STOP,2305.5,2339.73589321,,0 days 02:30:00,150,2.5,SOURCE,SOURCE,SOURCE,UNAVAILABLE,DERIVED
v3,perpetual,true_oos,T2,M30,IMOEXF,V3_TRUE_OOS,TradingSystemLab/results/perpetual_v3/true_oos/T2/M30/trades.csv,295,T2-M30-IMOEXF-000087,v3|true_oos|T2|M30|IMOEXF|TradingSystemLab/results/perpetual_v3/true_oos/T2/M30/trades.csv|295|T2-M30-IMOEXF-000087,SHORT,2026-06-25 15:00:00+03:00,2026-06-26 15:00:00+03:00,2026-06-25,2026-06-26,2026,6,2026,6,3,4,15,15,-0.524246828101,-0.524193084837,5.37432639458e-05,0.940507119052,0.564304271431,ATR_TRAILING_STOP,2224.5,2244.00730366,,1 days 00:00:00,1440,24,SOURCE,SOURCE,SOURCE,UNAVAILABLE,DERIVED
v3,perpetual,true_oos,T2,M30,IMOEXF,V3_TRUE_OOS,TradingSystemLab/results/perpetual_v3/true_oos/T2/M30/trades.csv,296,T2-M30-IMOEXF-000088,v3|true_oos|T2|M30|IMOEXF|TradingSystemLab/results/perpetual_v3/true_oos/T2/M30/trades.csv|296|T2-M30-IMOEXF-000088,SHORT,2026-07-06 13:00:00+03:00,2026-07-06 17:30:00+03:00,2026-07-06,2026-07-06,2026,7,2026,7,0,0,13,17,2.41630929072,2.41644391686,0.000134626136734,0.706787217853,4.98116705915,ATR_TRAILING_STOP,2239.5,2203.60141484,,0 days 04:30:00,270,4.5,SOURCE,SOURCE,SOURCE,UNAVAILABLE,DERIVED
v3,perpetual,true_oos,T2,M30,IMOEXF,V3_TRUE_OOS,TradingSystemLab/results/perpetual_v3/true_oos/T2/M30/trades.csv,300,T2-M30-IMOEXF-000089,v3|true_oos|T2|M30|IMOEXF|TradingSystemLab/results/perpetual_v3/true_oos/T2/M30/trades.csv|300|T2-M30-IMOEXF-000089,SHORT,2026-07-07 13:30:00+03:00,2026-07-07 18:00:00+03:00,2026-07-07,2026-07-07,2026,7,2026,7,1,1,13,18,-1.00006283131,-1,6.28313128716e-05,0.769683582678,0.486942674755,INITIAL_STOP,2155,2186.83126229,,0 days 04:30:00,270,4.5,SOURCE,SOURCE,SOURCE,UNAVAILABLE,DERIVED
v3,perpetual,true_oos,T2,M30,IMOEXF,V3_TRUE_OOS,TradingSystemLab/results/perpetual_v3/true_oos/T2/M30/trades.csv,302,T2-M30-IMOEXF-000090,v3|true_oos|T2|M30|IMOEXF|TradingSystemLab/results/perpetual_v3/true_oos/T2/M30/trades.csv|302|T2-M30-IMOEXF-000090,SHORT,2026-07-10 15:30:00+03:00,2026-07-12 10:00:00+03:00,2026-07-10,2026-07-12,2026,7,2026,7,4,6,15,10,0.462206896138,0.462290949037,8.4052899825e-05,0.399251274169,1.09268769772,ATR_TRAILING_STOP,2159,2148,,1 days 18:30:00,2550,42.5,SOURCE,SOURCE,SOURCE,UNAVAILABLE,DERIVED
v3,perpetual,true_oos,T2,M30,IMOEXF,V3_TRUE_OOS,TradingSystemLab/results/perpetual_v3/true_oos/T2/M30/trades.csv,307,T2-M30-IMOEXF-000091,v3|true_oos|T2|M30|IMOEXF|TradingSystemLab/results/perpetual_v3/true_oos/T2/M30/trades.csv|307|T2-M30-IMOEXF-000091,SHORT,2026-07-15 16:00:00+03:00,2026-07-16 12:00:00+03:00,2026-07-15,2026-07-16,2026,7,2026,7,2,3,16,12,1.61137336698,1.61144433097,7.09639972364e-05,0.248373990327,2.71437289429,ATR_TRAILING_STOP,2122.5,2077.08417243,,0 days 20:00:00,1200,20,SOURCE,SOURCE,SOURCE,UNAVAILABLE,DERIVED
v3,perpetual,true_oos,T2,M30,IMOEXF,V3_TRUE_OOS,TradingSystemLab/results/perpetual_v3/true_oos/T2/M30/trades.csv,308,T2-M30-IMOEXF-000092,v3|true_oos|T2|M30|IMOEXF|TradingSystemLab/results/perpetual_v3/true_oos/T2/M30/trades.csv|308|T2-M30-IMOEXF-000092,SHORT,2026-07-16 15:30:00+03:00,2026-07-17 07:30:00+03:00,2026-07-16,2026-07-17,2026,7,2026,7,3,4,15,7,0.870262092557,0.870336518584,7.44260272542e-05,0.31631061583,2.00950273586,ATR_TRAILING_STOP,2052.5,2029.11203881,,0 days 16:00:00,960,16,SOURCE,SOURCE,SOURCE,UNAVAILABLE,DERIVED
v3,perpetual,true_oos,T2,M30,IMOEXF,V3_TRUE_OOS,TradingSystemLab/results/perpetual_v3/true_oos/T2/M30/trades.csv,312,T2-M30-IMOEXF-000093,v3|true_oos|T2|M30|IMOEXF|TradingSystemLab/results/perpetual_v3/true_oos/T2/M30/trades.csv|312|T2-M30-IMOEXF-000093,SHORT,2026-07-17 11:00:00+03:00,2026-07-19 10:30:00+03:00,2026-07-17,2026-07-19,2026,7,2026,7,4,6,11,10,3.09341126152,3.09348404938,7.27878599853e-05,0.673287704864,4.03972622919,ATR_TRAILING_STOP,2013,1928,,1 days 23:30:00,2850,47.5,SOURCE,SOURCE,SOURCE,UNAVAILABLE,DERIVED
v3,perpetual,true_oos,T2,M30,IMOEXF,V3_TRUE_OOS,TradingSystemLab/results/perpetual_v3/true_oos/T2/M30/trades.csv,320,T2-M30-IMOEXF-000094,v3|true_oos|T2|M30|IMOEXF|TradingSystemLab/results/perpetual_v3/true_oos/T2/M30/trades.csv|320|T2-M30-IMOEXF-000094,LONG,2026-07-30 15:30:00+03:00,2026-07-30 17:00:00+03:00,2026-07-30,2026-07-30,2026,7,2026,7,3,3,15,17,-1.00015411411,-1,0.000154114109337,0.693513492016,0.0770570546684,INITIAL_STOP,2258,2245.02260287,,0 days 01:30:00,90,1.5,SOURCE,SOURCE,SOURCE,UNAVAILABLE,DERIVED
v3,perpetual,true_oos,T2,M30,IMOEXF,V3_TRUE_OOS,TradingSystemLab/results/perpetual_v3/true_oos/T2/M30/trades.csv,324,T2-M30-IMOEXF-000095,v3|true_oos|T2|M30|IMOEXF|TradingSystemLab/results/perpetual_v3/true_oos/T2/M30/trades.csv|324|T2-M30-IMOEXF-000095,LONG,2026-08-06 09:30:00+03:00,2026-08-06 12:00:00+03:00,2026-08-06,2026-08-06,2026,8,2026,8,3,3,9,12,-0.434486871182,-0.434243054333,0.000243816848293,0.853358969024,2.37721427085,ATR_TRAILING_STOP,2299.5,2295.93795696,,0 days 02:30:00,150,2.5,SOURCE,SOURCE,SOURCE,UNAVAILABLE,DERIVED
v3,perpetual,true_oos,T2,M30,IMOEXF,V3_TRUE_OOS,TradingSystemLab/results/perpetual_v3/true_oos/T2/M30/trades.csv,329,T2-M30-IMOEXF-000096,v3|true_oos|T2|M30|IMOEXF|TradingSystemLab/results/perpetual_v3/true_oos/T2/M30/trades.csv|329|T2-M30-IMOEXF-000096,LONG,2026-08-11 15:00:00+03:00,2026-08-12 10:30:00+03:00,2026-08-11,2026-08-12,2026,8,2026,8,1,2,15,10,0.181986029038,0.182181846334,0.000195817295816,0.342680267679,1.86026431026,ATR_TRAILING_STOP,2318.5,2320.36073294,,0 days 19:30:00,1170,19.5,SOURCE,SOURCE,SOURCE,UNAVAILABLE,DERIVED
v3,perpetual,true_oos,T2,M30,IMOEXF,V3_TRUE_OOS,TradingSystemLab/results/perpetual_v3/true_oos/T2/M30/trades.csv,335,T2-M30-IMOEXF-000097,v3|true_oos|T2|M30|IMOEXF|TradingSystemLab/results/perpetual_v3/true_oos/T2/M30/trades.csv|335|T2-M30-IMOEXF-000097,SHORT,2026-08-17 11:30:00+03:00,2026-08-18 07:30:00+03:00,2026-08-17,2026-08-18,2026,8,2026,8,0,1,11,7,-0.391835823512,-0.391790279254,4.55442583377e-05,0.59207535839,0.341581937532,ATR_TRAILING_STOP,2099,2116.20481543,,0 days 20:00:00,1200,20,SOURCE,SOURCE,SOURCE,UNAVAILABLE,DERIVED
v3,perpetual,true_oos,T2,M30,IMOEXF,V3_TRUE_OOS,TradingSystemLab/results/perpetual_v3/true_oos/T2/M30/trades.csv,336,T2-M30-IMOEXF-000098,v3|true_oos|T2|M30|IMOEXF|TradingSystemLab/results/perpetual_v3/true_oos/T2/M30/trades.csv|336|T2-M30-IMOEXF-000098,SHORT,2026-08-19 13:00:00+03:00,2026-08-19 13:30:00+03:00,2026-08-19,2026-08-19,2026,8,2026,8,2,2,13,13,-0.355033241924,-0.354931832829,0.000101409095094,0,0,EMA50_TREND_LOSS,2139.5,2146.5,,0 days 00:30:00,30,0.5,SOURCE,SOURCE,SOURCE,UNAVAILABLE,DERIVED
v3,perpetual,true_oos,T2,M30,IMOEXF,V3_TRUE_OOS,TradingSystemLab/results/perpetual_v3/true_oos/T2/M30/trades.csv,341,T2-M30-IMOEXF-000099,v3|true_oos|T2|M30|IMOEXF|TradingSystemLab/results/perpetual_v3/true_oos/T2/M30/trades.csv|341|T2-M30-IMOEXF-000099,SHORT,2026-08-24 19:00:00+03:00,2026-08-25 07:30:00+03:00,2026-08-24,2026-08-25,2026,8,2026,8,0,1,19,7,-1.00008627751,-1,8.6277511897e-05,0.798066985047,0.0431387559485,INITIAL_STOP,2071,2094.18101155,,0 days 12:30:00,750,12.5,SOURCE,SOURCE,SOURCE,UNAVAILABLE,DERIVED
v3,perpetual,true_oos,T2,M30,IMOEXF,V3_TRUE_OOS,TradingSystemLab/results/perpetual_v3/true_oos/T2/M30/trades.csv,342,T2-M30-IMOEXF-000100,v3|true_oos|T2|M30|IMOEXF|TradingSystemLab/results/perpetual_v3/true_oos/T2/M30/trades.csv|342|T2-M30-IMOEXF-000100,SHORT,2026-08-25 13:00:00+03:00,2026-08-25 16:00:00+03:00,2026-08-25,2026-08-25,2026,8,2026,8,1,1,13,16,-1.0001069677,-1,0.000106967699779,0.909225448119,0.106967699779,INITIAL_STOP,2072,2090.69723294,,0 days 03:00:00,180,3,SOURCE,SOURCE,SOURCE,UNAVAILABLE,DERIVED
v3,perpetual,true_oos,T2,M30,IMOEXF,V3_TRUE_OOS,TradingSystemLab/results/perpetual_v3/true_oos/T2/M30/trades.csv,350,T2-M30-IMOEXF-000101,v3|true_oos|T2|M30|IMOEXF|TradingSystemLab/results/perpetual_v3/true_oos/T2/M30/trades.csv|350|T2-M30-IMOEXF-000101,LONG,2026-09-01 17:00:00+03:00,2026-09-01 21:00:00+03:00,2026-09-01,2026-09-01,2026,9,2026,9,1,1,17,21,-1.00014170053,-1,0.000141700527791,0.708502638955,0.63765237506,INITIAL_STOP,2188,2173.88572653,,0 days 04:00:00,240,4,SOURCE,SOURCE,SOURCE,UNAVAILABLE,DERIVED
v3,perpetual,true_oos,T2,M30,IMOEXF,V3_TRUE_OOS,TradingSystemLab/results/perpetual_v3/true_oos/T2/M30/trades.csv,353,T2-M30-IMOEXF-000102,v3|true_oos|T2|M30|IMOEXF|TradingSystemLab/results/perpetual_v3/true_oos/T2/M30/trades.csv|353|T2-M30-IMOEXF-000102,LONG,2026-09-02 08:00:00+03:00,2026-09-02 12:00:00+03:00,2026-09-02,2026-09-02,2026,9,2026,9,2,2,8,12,-0.453300424269,-0.453218020993,8.24032765441e-05,0.391415563585,0.350213925313,EMA50_TREND_LOSS,2176,2165,,0 days 04:00:00,240,4,SOURCE,SOURCE,SOURCE,UNAVAILABLE,DERIVED
v3,perpetual,true_oos,T2,M30,IMOEXF,V3_TRUE_OOS,TradingSystemLab/results/perpetual_v3/true_oos/T2/M30/trades.csv,354,T2-M30-IMOEXF-000103,v3|true_oos|T2|M30|IMOEXF|TradingSystemLab/results/perpetual_v3/true_oos/T2/M30/trades.csv|354|T2-M30-IMOEXF-000103,LONG,2026-09-04 15:00:00+03:00,2026-09-04 17:00:00+03:00,2026-09-04,2026-09-04,2026,9,2026,9,4,4,15,17,-1.00015245792,-1,0.000152457920149,0.876633040855,0.762289600744,INITIAL_STOP,2256,2242.8816261,,0 days 02:00:00,120,2,SOURCE,SOURCE,SOURCE,UNAVAILABLE,DERIVED
v3,perpetual,true_oos,T2,M30,IMOEXF,V3_TRUE_OOS,TradingSystemLab/results/perpetual_v3/true_oos/T2/M30/trades.csv,359,T2-M30-IMOEXF-000104,v3|true_oos|T2|M30|IMOEXF|TradingSystemLab/results/perpetual_v3/true_oos/T2/M30/trades.csv|359|T2-M30-IMOEXF-000104,LONG,2026-09-14 23:00:00+03:00,2026-09-15 07:00:00+03:00,2026-09-14,2026-09-15,2026,9,2026,9,0,1,23,7,-1.11919915789,-1.11902699989,0.000172157999984,0.172157999984,0.473434499955,INITIAL_STOP,2348,2335,,0 days 08:00:00,480,8,SOURCE,SOURCE,SOURCE,UNAVAILABLE,DERIVED
v3,perpetual,true_oos,T2,M30,IMOEXF,V3_TRUE_OOS,TradingSystemLab/results/perpetual_v3/true_oos/T2/M30/trades.csv,362,T2-M30-IMOEXF-000105,v3|true_oos|T2|M30|IMOEXF|TradingSystemLab/results/perpetual_v3/true_oos/T2/M30/trades.csv|362|T2-M30-IMOEXF-000105,LONG,2026-09-15 17:00:00+03:00,2026-09-15 22:30:00+03:00,2026-09-15,2026-09-15,2026,9,2026,9,1,1,17,22,-0.804743084029,-0.804589828823,0.00015325520549,0.996158835686,0.689648424706,EMA50_TREND_LOSS,2348.5,2338,,0 days 05:30:00,330,5.5,SOURCE,SOURCE,SOURCE,UNAVAILABLE,DERIVED
v3,perpetual,true_oos,T2,M30,USDRUBF,V3_TRUE_OOS,TradingSystemLab/results/perpetual_v3/true_oos/T2/M30/trades.csv,5,T2-M30-USDRUBF-000001,v3|true_oos|T2|M30|USDRUBF|TradingSystemLab/results/perpetual_v3/true_oos/T2/M30/trades.csv|5|T2-M30-USDRUBF-000001,SHORT,2025-01-22 12:30:00+03:00,2025-01-22 20:00:00+03:00,2025-01-22,2025-01-22,2025,1,2025,1,2,2,12,20,-0.0537026044196,-0.0499063894208,0.00379621499878,0.0569432249818,1.08192127465,ATR_TRAILING_STOP,100.2,100.22629271,,0 days 07:30:00,450,7.5,SOURCE,SOURCE,SOURCE,UNAVAILABLE,DERIVED
v3,perpetual,true_oos,T2,M30,USDRUBF,V3_TRUE_OOS,TradingSystemLab/results/perpetual_v3/true_oos/T2/M30/trades.csv,7,T2-M30-USDRUBF-000002,v3|true_oos|T2|M30|USDRUBF|TradingSystemLab/results/perpetual_v3/true_oos/T2/M30/trades.csv|7|T2-M30-USDRUBF-000002,SHORT,2025-01-24 18:30:00+03:00,2025-01-27 10:00:00+03:00,2025-01-24,2025-01-27,2025,1,2025,1,4,0,18,10,-0.967804554055,-0.963204291108,0.00460026294747,0.552031553696,0.161009203161,ATR_TRAILING_STOP,100.29,100.708760537,,2 days 15:30:00,3810,63.5,SOURCE,SOURCE,SOURCE,UNAVAILABLE,DERIVED
v3,perpetual,true_oos,T2,M30,USDRUBF,V3_TRUE_OOS,TradingSystemLab/results/perpetual_v3/true_oos/T2/M30/trades.csv,16,T2-M30-USDRUBF-000003,v3|true_oos|T2|M30|USDRUBF|TradingSystemLab/results/perpetual_v3/true_oos/T2/M30/trades.csv|16|T2-M30-USDRUBF-000003,SHORT,2025-02-07 13:30:00+03:00,2025-02-07 17:00:00+03:00,2025-02-07,2025-02-07,2025,2,2025,2,4,4,13,17,-0.733983233153,-0.729278212428,0.00470502072534,0.352876554401,0.705753108801,EMA50_TREND_LOSS,98.48,98.79,,0 days 03:30:00,210,3.5,SOURCE,SOURCE,SOURCE,UNAVAILABLE,DERIVED
v3,perpetual,true_oos,T2,M30,USDRUBF,V3_TRUE_OOS,TradingSystemLab/results/perpetual_v3/true_oos/T2/M30/trades.csv,20,T2-M30-USDRUBF-000004,v3|true_oos|T2|M30|USDRUBF|TradingSystemLab/results/perpetual_v3/true_oos/T2/M30/trades.csv|20|T2-M30-USDRUBF-000004,SHORT,2025-02-11 12:00:00+03:00,2025-02-12 22:30:00+03:00,2025-02-11,2025-02-12,2025,2,2025,2,1,2,12,22,7.52611387638,7.52966843463,0.00355455824911,0.0533183737366,10.4148556699,ATR_TRAILING_STOP,97.62,93.3833731637,,1 days 10:30:00,2070,34.5,SOURCE,SOURCE,SOURCE,UNAVAILABLE,DERIVED
v3,perpetual,true_oos,T2,M30,USDRUBF,V3_TRUE_OOS,TradingSystemLab/results/perpetual_v3/true_oos/T2/M30/trades.csv,23,T2-M30-USDRUBF-000005,v3|true_oos|T2|M30|USDRUBF|TradingSystemLab/results/perpetual_v3/true_oos/T2/M30/trades.csv|23|T2-M30-USDRUBF-000005,SHORT,2025-02-13 12:00:00+03:00,2025-02-14 10:30:00+03:00,2025-02-13,2025-02-14,2025,2,2025,2,3,4,12,10,0.422900662126,0.424571601983,0.00167093985613,0.52634605468,1.43700827627,ATR_TRAILING_STOP,93.02,92.5118170149,,0 days 22:30:00,1350,22.5,SOURCE,SOURCE,SOURCE,UNAVAILABLE,DERIVED
v3,perpetual,true_oos,T2,M30,USDRUBF,V3_TRUE_OOS,TradingSystemLab/results/perpetual_v3/true_oos/T2/M30/trades.csv,25,T2-M30-USDRUBF-000006,v3|true_oos|T2|M30|USDRUBF|TradingSystemLab/results/perpetual_v3/true_oos/T2/M30/trades.csv|25|T2-M30-USDRUBF-000006,SHORT,2025-02-14 11:30:00+03:00,2025-02-14 14:30:00+03:00,2025-02-14,2025-02-14,2025,2,2025,2,4,4,11,14,-0.91882553045,-0.916647845483,0.00217768496744,0.783966588279,0.642417065396,ATR_TRAILING_STOP,92.19,93.0318553273,,0 days 03:00:00,180,3,SOURCE,SOURCE,SOURCE,UNAVAILABLE,DERIVED
v3,perpetual,true_oos,T2,M30,USDRUBF,V3_TRUE_OOS,TradingSystemLab/results/perpetual_v3/true_oos/T2/M30/trades.csv,33,T2-M30-USDRUBF-000007,v3|true_oos|T2|M30|USDRUBF|TradingSystemLab/results/perpetual_v3/true_oos/T2/M30/trades.csv|33|T2-M30-USDRUBF-000007,SHORT,2025-02-26 12:00:00+03:00,2025-02-26 14:00:00+03:00,2025-02-26,2025-02-26,2025,2,2025,2,2,2,12,14,-0.387675170035,-0.384494448645,0.00318072139011,0.0477108208516,1.08144527264,ATR_TRAILING_STOP,87.24,87.4817655629,,0 days 02:00:00,120,2,SOURCE,SOURCE,SOURCE,UNAVAILABLE,DERIVED
v3,perpetual,true_oos,T2,M30,USDRUBF,V3_TRUE_OOS,TradingSystemLab/results/perpetual_v3/true_oos/T2/M30/trades.csv,36,T2-M30-USDRUBF-000008,v3|true_oos|T2|M30|USDRUBF|TradingSystemLab/results/perpetual_v3/true_oos/T2/M30/trades.csv|36|T2-M30-USDRUBF-000008,LONG,2025-03-05 14:00:00+03:00,2025-03-05 17:00:00+03:00,2025-03-05,2025-03-05,2025,3,2025,3,2,2,14,17,-1.00653842766,-1,0.00653842766281,0.588458489653,0.817303457851,INITIAL_STOP,90.37,90.0641160623,,0 days 03:00:00,180,3,SOURCE,SOURCE,SOURCE,UNAVAILABLE,DERIVED
v3,perpetual,true_oos,T2,M30,USDRUBF,V3_TRUE_OOS,TradingSystemLab/results/perpetual_v3/true_oos/T2/M30/trades.csv,42,T2-M30-USDRUBF-000009,v3|true_oos|T2|M30|USDRUBF|TradingSystemLab/results/perpetual_v3/true_oos/T2/M30/trades.csv|42|T2-M30-USDRUBF-000009,LONG,2025-03-31 15:30:00+03:00,2025-03-31 21:00:00+03:00,2025-03-31,2025-03-31,2025,3,2025,3,0,0,15,21,-0.768233991866,-0.764978763087,0.00325522877909,0.683598043609,0.553388892446,EMA50_TREND_LOSS,87.13,86.66,,0 days 05:30:00,330,5.5,SOURCE,SOURCE,SOURCE,UNAVAILABLE,DERIVED
v3,perpetual,true_oos,T2,M30,USDRUBF,V3_TRUE_OOS,TradingSystemLab/results/perpetual_v3/true_oos/T2/M30/trades.csv,45,T2-M30-USDRUBF-000010,v3|true_oos|T2|M30|USDRUBF|TradingSystemLab/results/perpetual_v3/true_oos/T2/M30/trades.csv|45|T2-M30-USDRUBF-000010,SHORT,2025-04-03 17:30:00+03:00,2025-04-03 18:30:00+03:00,2025-04-03,2025-04-03,2025,4,2025,4,3,3,17,18,-1.00453071928,-1,0.00453071928294,0.702261488855,0.475725524708,INITIAL_STOP,85.57,86.0114310124,,0 days 01:00:00,60,1,SOURCE,SOURCE,SOURCE,UNAVAILABLE,DERIVED
v3,perpetual,true_oos,T2,M30,USDRUBF,V3_TRUE_OOS,TradingSystemLab/results/perpetual_v3/true_oos/T2/M30/trades.csv,52,T2-M30-USDRUBF-000011,v3|true_oos|T2|M30|USDRUBF|TradingSystemLab/results/perpetual_v3/true_oos/T2/M30/trades.csv|52|T2-M30-USDRUBF-000011,SHORT,2025-04-18 16:30:00+03:00,2025-04-21 16:00:00+03:00,2025-04-18,2025-04-21,2025,4,2025,4,4,0,16,16,0.484732701081,0.487265495716,0.00253279463566,0.392583168528,1.60832459365,ATR_TRAILING_STOP,82.82,82.435234896,,2 days 23:30:00,4290,71.5,SOURCE,SOURCE,SOURCE,UNAVAILABLE,DERIVED
v3,perpetual,true_oos,T2,M30,USDRUBF,V3_TRUE_OOS,TradingSystemLab/results/perpetual_v3/true_oos/T2/M30/trades.csv,54,T2-M30-USDRUBF-000012,v3|true_oos|T2|M30|USDRUBF|TradingSystemLab/results/perpetual_v3/true_oos/T2/M30/trades.csv|54|T2-M30-USDRUBF-000012,SHORT,2025-04-22 19:30:00+03:00,2025-04-22 20:00:00+03:00,2025-04-22,2025-04-22,2025,4,2025,4,1,1,19,20,-0.601091896154,-0.595676653846,0.00541524230769,0,0,EMA50_TREND_LOSS,82.03,82.25,,0 days 00:30:00,30,0.5,SOURCE,SOURCE,SOURCE,UNAVAILABLE,DERIVED
v3,perpetual,true_oos,T2,M30,USDRUBF,V3_TRUE_OOS,TradingSystemLab/results/perpetual_v3/true_oos/T2/M30/trades.csv,57,T2-M30-USDRUBF-000013,v3|true_oos|T2|M30|USDRUBF|TradingSystemLab/results/perpetual_v3/true_oos/T2/M30/trades.csv|57|T2-M30-USDRUBF-000013,SHORT,2025-04-29 13:00:00+03:00,2025-04-30 10:30:00+03:00,2025-04-29,2025-04-30,2025,4,2025,4,1,2,13,10,-0.376015541453,-0.371616817013,0.00439872443941,0.37389157735,0.527846932729,ATR_TRAILING_STOP,82.25,82.4189657182,,0 days 21:30:00,1290,21.5,SOURCE,SOURCE,SOURCE,UNAVAILABLE,DERIVED
v3,perpetual,true_oos,T2,M30,USDRUBF,V3_TRUE_OOS,TradingSystemLab/results/perpetual_v3/true_oos/T2/M30/trades.csv,62,T2-M30-USDRUBF-000014,v3|true_oos|T2|M30|USDRUBF|TradingSystemLab/results/perpetual_v3/true_oos/T2/M30/trades.csv|62|T2-M30-USDRUBF-000014,SHORT,2025-05-13 13:00:00+03:00,2025-05-14 10:00:00+03:00,2025-05-13,2025-05-14,2025,5,2025,5,1,2,13,10,0.759793412179,0.76591073273,0.00611732055131,0.305866027566,1.83519616539,ATR_TRAILING_STOP,81.21,80.959592742,,0 days 21:00:00,1260,21,SOURCE,SOURCE,SOURCE,UNAVAILABLE,DERIVED
v3,perpetual,true_oos,T2,M30,USDRUBF,V3_TRUE_OOS,TradingSystemLab/results/perpetual_v3/true_oos/T2/M30/trades.csv,66,T2-M30-USDRUBF-000015,v3|true_oos|T2|M30|USDRUBF|TradingSystemLab/results/perpetual_v3/true_oos/T2/M30/trades.csv|66|T2-M30-USDRUBF-000015,SHORT,2025-05-22 11:30:00+03:00,2025-05-22 16:00:00+03:00,2025-05-22,2025-05-22,2025,5,2025,5,3,3,11,16,-0.64715322709,-0.639954231059,0.0071989960306,0.611914662601,1.58377912673,ATR_TRAILING_STOP,79.68,79.8577898552,,0 days 04:30:00,270,4.5,SOURCE,SOURCE,SOURCE,UNAVAILABLE,DERIVED
v3,perpetual,true_oos,T2,M30,USDRUBF,V3_TRUE_OOS,TradingSystemLab/results/perpetual_v3/true_oos/T2/M30/trades.csv,71,T2-M30-USDRUBF-000016,v3|true_oos|T2|M30|USDRUBF|TradingSystemLab/results/perpetual_v3/true_oos/T2/M30/trades.csv|71|T2-M30-USDRUBF-000016,SHORT,2025-05-28 20:00:00+03:00,2025-05-30 09:30:00+03:00,2025-05-28,2025-05-30,2025,5,2025,5,2,4,20,9,2.88940518818,2.89701361517,0.00760842699518,0.494547754686,4.45092979218,ATR_TRAILING_STOP,79.49,78.7284723894,,1 days 13:30:00,2250,37.5,SOURCE,SOURCE,SOURCE,UNAVAILABLE,DERIVED
v3,perpetual,true_oos,T2,M30,USDRUBF,V3_TRUE_OOS,TradingSystemLab/results/perpetual_v3/true_oos/T2/M30/trades.csv,73,T2-M30-USDRUBF-000017,v3|true_oos|T2|M30|USDRUBF|TradingSystemLab/results/perpetual_v3/true_oos/T2/M30/trades.csv|73|T2-M30-USDRUBF-000017,SHORT,2025-05-30 12:00:00+03:00,2025-05-30 17:00:00+03:00,2025-05-30,2025-05-30,2025,5,2025,5,4,4,12,17,-0.623463050045,-0.61828579248,0.00517725756544,0.517725756544,0.595384620026,ATR_TRAILING_STOP,78.65,78.8888468353,,0 days 05:00:00,300,5,SOURCE,SOURCE,SOURCE,UNAVAILABLE,DERIVED
v3,perpetual,true_oos,T2,M30,USDRUBF,V3_TRUE_OOS,TradingSystemLab/results/perpetual_v3/true_oos/T2/M30/trades.csv,77,T2-M30-USDRUBF-000018,v3|true_oos|T2|M30|USDRUBF|TradingSystemLab/results/perpetual_v3/true_oos/T2/M30/trades.csv|77|T2-M30-USDRUBF-000018,SHORT,2025-06-13 12:30:00+03:00,2025-06-16 10:30:00+03:00,2025-06-13,2025-06-16,2025,6,2025,6,4,0,12,10,0.274363719141,0.277974712583,0.00361099344168,0.505539081835,1.17357286855,ATR_TRAILING_STOP,78.83,78.6760397577,,2 days 22:00:00,4200,70,SOURCE,SOURCE,SOURCE,UNAVAILABLE,DERIVED
v3,perpetual,true_oos,T2,M30,USDRUBF,V3_TRUE_OOS,TradingSystemLab/results/perpetual_v3/true_oos/T2/M30/trades.csv,78,T2-M30-USDRUBF-000019,v3|true_oos|T2|M30|USDRUBF|TradingSystemLab/results/perpetual_v3/true_oos/T2/M30/trades.csv|78|T2-M30-USDRUBF-000019,SHORT,2025-06-16 14:00:00+03:00,2025-06-17 10:30:00+03:00,2025-06-16,2025-06-17,2025,6,2025,6,0,1,14,10,-0.578255491734,-0.569089821702,0.00916567003173,0.916567003173,0.733253602538,ATR_TRAILING_STOP,78.7,78.8241785532,,0 days 20:30:00,1230,20.5,SOURCE,SOURCE,SOURCE,UNAVAILABLE,DERIVED
v3,perpetual,true_oos,T2,M30,USDRUBF,V3_TRUE_OOS,TradingSystemLab/results/perpetual_v3/true_oos/T2/M30/trades.csv,81,T2-M30-USDRUBF-000020,v3|true_oos|T2|M30|USDRUBF|TradingSystemLab/results/perpetual_v3/true_oos/T2/M30/trades.csv|81|T2-M30-USDRUBF-000020,SHORT,2025-06-18 12:00:00+03:00,2025-06-18 17:30:00+03:00,2025-06-18,2025-06-18,2025,6,2025,6,2,2,12,17,-0.812633815235,-0.803184584825,0.00944923040971,0.566953824582,0.708692280728,EMA50_TREND_LOSS,78.51,78.68,,0 days 05:30:00,330,5.5,SOURCE,SOURCE,SOURCE,UNAVAILABLE,DERIVED
v3,perpetual,true_oos,T2,M30,USDRUBF,V3_TRUE_OOS,TradingSystemLab/results/perpetual_v3/true_oos/T2/M30/trades.csv,92,T2-M30-USDRUBF-000021,v3|true_oos|T2|M30|USDRUBF|TradingSystemLab/results/perpetual_v3/true_oos/T2/M30/trades.csv|92|T2-M30-USDRUBF-000021,LONG,2025-07-03 16:00:00+03:00,2025-07-04 15:00:00+03:00,2025-07-03,2025-07-04,2025,7,2025,7,3,4,16,15,0.10697634661,0.121288713291,0.0143123666807,0.644056500629,1.78904583508,ATR_TRAILING_STOP,79.05,79.066948799,,0 days 23:00:00,1380,23,SOURCE,SOURCE,SOURCE,UNAVAILABLE,DERIVED
v3,perpetual,true_oos,T2,M30,USDRUBF,V3_TRUE_OOS,TradingSystemLab/results/perpetual_v3/true_oos/T2/M30/trades.csv,97,T2-M30-USDRUBF-000022,v3|true_oos|T2|M30|USDRUBF|TradingSystemLab/results/perpetual_v3/true_oos/T2/M30/trades.csv|97|T2-M30-USDRUBF-000022,SHORT,2025-07-17 16:30:00+03:00,2025-07-17 19:30:00+03:00,2025-07-17,2025-07-17,2025,7,2025,7,3,3,16,19,-0.832547092565,-0.822965872267,0.00958122029773,0.622779319353,0.431154913398,ATR_TRAILING_STOP,78.05,78.2217872769,,0 days 03:00:00,180,3,SOURCE,SOURCE,SOURCE,UNAVAILABLE,DERIVED
v3,perpetual,true_oos,T2,M30,USDRUBF,V3_TRUE_OOS,TradingSystemLab/results/perpetual_v3/true_oos/T2/M30/trades.csv,101,T2-M30-USDRUBF-000023,v3|true_oos|T2|M30|USDRUBF|TradingSystemLab/results/perpetual_v3/true_oos/T2/M30/trades.csv|101|T2-M30-USDRUBF-000023,LONG,2025-07-29 15:00:00+03:00,2025-07-30 10:00:00+03:00,2025-07-29,2025-07-30,2025,7,2025,7,1,2,15,10,-0.357198838428,-0.352630425339,0.0045684130886,0.616735766961,1.00505087949,ATR_TRAILING_STOP,82.18,82.0256223557,,0 days 19:00:00,1140,19,SOURCE,SOURCE,SOURCE,UNAVAILABLE,DERIVED
v3,perpetual,true_oos,T2,M30,USDRUBF,V3_TRUE_OOS,TradingSystemLab/results/perpetual_v3/true_oos/T2/M30/trades.csv,106,T2-M30-USDRUBF-000024,v3|true_oos|T2|M30|USDRUBF|TradingSystemLab/results/perpetual_v3/true_oos/T2/M30/trades.csv|106|T2-M30-USDRUBF-000024,LONG,2025-08-19 00:00:00+03:00,2025-08-19 15:30:00+03:00,2025-08-19,2025-08-19,2025,8,2025,8,1,1,0,15,-0.417650969031,-0.410804231834,0.00684673719724,0.308103173876,0.581972661765,EMA50_TREND_LOSS,80.74,80.62,,0 days 15:30:00,930,15.5,SOURCE,SOURCE,SOURCE,UNAVAILABLE,DERIVED
v3,perpetual,true_oos,T2,M30,USDRUBF,V3_TRUE_OOS,TradingSystemLab/results/perpetual_v3/true_oos/T2/M30/trades.csv,114,T2-M30-USDRUBF-000025,v3|true_oos|T2|M30|USDRUBF|TradingSystemLab/results/perpetual_v3/true_oos/T2/M30/trades.csv|114|T2-M30-USDRUBF-000025,LONG,2025-09-03 19:00:00+03:00,2025-09-03 22:30:00+03:00,2025-09-03,2025-09-03,2025,9,2025,9,2,2,19,22,-1.01830486453,-1,0.0183048645321,0.915243226606,0.457621613303,INITIAL_STOP,80.91,80.8007394263,,0 days 03:30:00,210,3.5,SOURCE,SOURCE,SOURCE,UNAVAILABLE,DERIVED
v3,perpetual,true_oos,T2,M30,USDRUBF,V3_TRUE_OOS,TradingSystemLab/results/perpetual_v3/true_oos/T2/M30/trades.csv,118,T2-M30-USDRUBF-000026,v3|true_oos|T2|M30|USDRUBF|TradingSystemLab/results/perpetual_v3/true_oos/T2/M30/trades.csv|118|T2-M30-USDRUBF-000026,LONG,2025-09-05 17:30:00+03:00,2025-09-10 15:30:00+03:00,2025-09-05,2025-09-10,2025,9,2025,9,4,2,17,15,14.6714150043,14.6809852987,0.00957029439748,0.239257359937,17.2265299155,ATR_TRAILING_STOP,81.67,84.7380321187,,4 days 22:00:00,7080,118,SOURCE,SOURCE,SOURCE,UNAVAILABLE,DERIVED
v3,perpetual,true_oos,T2,M30,USDRUBF,V3_TRUE_OOS,TradingSystemLab/results/perpetual_v3/true_oos/T2/M30/trades.csv,120,T2-M30-USDRUBF-000027,v3|true_oos|T2|M30|USDRUBF|TradingSystemLab/results/perpetual_v3/true_oos/T2/M30/trades.csv|120|T2-M30-USDRUBF-000027,LONG,2025-09-10 17:30:00+03:00,2025-09-11 11:00:00+03:00,2025-09-10,2025-09-11,2025,9,2025,9,2,3,17,11,1.40893187707,1.41449143791,0.00555956083297,0.0833934124946,3.0021628498,ATR_TRAILING_STOP,84.9,85.4088500622,,0 days 17:30:00,1050,17.5,SOURCE,SOURCE,SOURCE,UNAVAILABLE,DERIVED
v3,perpetual,true_oos,T2,M30,USDRUBF,V3_TRUE_OOS,TradingSystemLab/results/perpetual_v3/true_oos/T2/M30/trades.csv,123,T2-M30-USDRUBF-000028,v3|true_oos|T2|M30|USDRUBF|TradingSystemLab/results/perpetual_v3/true_oos/T2/M30/trades.csv|123|T2-M30-USDRUBF-000028,SHORT,2025-09-16 11:30:00+03:00,2025-09-16 16:00:00+03:00,2025-09-16,2025-09-16,2025,9,2025,9,1,1,11,16,-0.771101230709,-0.76623160795,0.00486962275851,0.730443413776,0.657399072399,ATR_TRAILING_STOP,82.93,83.2446985489,,0 days 04:30:00,270,4.5,SOURCE,SOURCE,SOURCE,UNAVAILABLE,DERIVED
v3,perpetual,true_oos,T2,M30,USDRUBF,V3_TRUE_OOS,TradingSystemLab/results/perpetual_v3/true_oos/T2/M30/trades.csv,125,T2-M30-USDRUBF-000029,v3|true_oos|T2|M30|USDRUBF|TradingSystemLab/results/perpetual_v3/true_oos/T2/M30/trades.csv|125|T2-M30-USDRUBF-000029,LONG,2025-09-19 18:30:00+03:00,2025-09-22 13:30:00+03:00,2025-09-19,2025-09-22,2025,9,2025,9,4,0,18,13,0.147005807032,0.155229868923,0.00822406189058,0.28784216617,1.52145144976,ATR_TRAILING_STOP,83.73,83.7677501704,,2 days 19:00:00,4020,67,SOURCE,SOURCE,SOURCE,UNAVAILABLE,DERIVED
v3,perpetual,true_oos,T2,M30,USDRUBF,V3_TRUE_OOS,TradingSystemLab/results/perpetual_v3/true_oos/T2/M30/trades.csv,136,T2-M30-USDRUBF-000030,v3|true_oos|T2|M30|USDRUBF|TradingSystemLab/results/perpetual_v3/true_oos/T2/M30/trades.csv|136|T2-M30-USDRUBF-000030,SHORT,2025-10-02 11:30:00+03:00,2025-10-02 13:00:00+03:00,2025-10-02,2025-10-02,2025,10,2025,10,3,3,11,13,-1.00487014512,-1,0.00487014511733,0.462663786147,0.14610435352,INITIAL_STOP,81.01,81.420665381,,0 days 01:30:00,90,1.5,SOURCE,SOURCE,SOURCE,UNAVAILABLE,DERIVED
v3,perpetual,true_oos,T2,M30,USDRUBF,V3_TRUE_OOS,TradingSystemLab/results/perpetual_v3/true_oos/T2/M30/trades.csv,140,T2-M30-USDRUBF-000031,v3|true_oos|T2|M30|USDRUBF|TradingSystemLab/results/perpetual_v3/true_oos/T2/M30/trades.csv|140|T2-M30-USDRUBF-000031,SHORT,2025-10-07 15:30:00+03:00,2025-10-07 18:30:00+03:00,2025-10-07,2025-10-07,2025,10,2025,10,1,1,15,18,-1.00693466329,-1,0.00693466329363,0.970852861108,0.0346733164681,INITIAL_STOP,81.94,82.228406216,,0 days 03:00:00,180,3,SOURCE,SOURCE,SOURCE,UNAVAILABLE,DERIVED
v3,perpetual,true_oos,T2,M30,USDRUBF,V3_TRUE_OOS,TradingSystemLab/results/perpetual_v3/true_oos/T2/M30/trades.csv,142,T2-M30-USDRUBF-000032,v3|true_oos|T2|M30|USDRUBF|TradingSystemLab/results/perpetual_v3/true_oos/T2/M30/trades.csv|142|T2-M30-USDRUBF-000032,SHORT,2025-10-08 16:30:00+03:00,2025-10-09 10:00:00+03:00,2025-10-08,2025-10-09,2025,10,2025,10,2,3,16,10,0.33013478919,0.336810631169,0.00667584197886,0.133516839577,1.90261496398,ATR_TRAILING_STOP,81.67,81.5690956849,,0 days 17:30:00,1050,17.5,SOURCE,SOURCE,SOURCE,UNAVAILABLE,DERIVED
v3,perpetual,true_oos,T2,M30,USDRUBF,V3_TRUE_OOS,TradingSystemLab/results/perpetual_v3/true_oos/T2/M30/trades.csv,144,T2-M30-USDRUBF-000033,v3|true_oos|T2|M30|USDRUBF|TradingSystemLab/results/perpetual_v3/true_oos/T2/M30/trades.csv|144|T2-M30-USDRUBF-000033,SHORT,2025-10-14 18:30:00+03:00,2025-10-16 10:30:00+03:00,2025-10-14,2025-10-16,2025,10,2025,10,1,3,18,10,4.63197926066,4.63918528734,0.00720602667786,0.0720602667786,6.48542401007,ATR_TRAILING_STOP,79.82,78.5324151784,,1 days 16:00:00,2400,40,SOURCE,SOURCE,SOURCE,UNAVAILABLE,DERIVED
v3,perpetual,true_oos,T2,M30,USDRUBF,V3_TRUE_OOS,TradingSystemLab/results/perpetual_v3/true_oos/T2/M30/trades.csv,146,T2-M30-USDRUBF-000034,v3|true_oos|T2|M30|USDRUBF|TradingSystemLab/results/perpetual_v3/true_oos/T2/M30/trades.csv|146|T2-M30-USDRUBF-000034,LONG,2025-10-21 12:00:00+03:00,2025-10-21 15:30:00+03:00,2025-10-21,2025-10-21,2025,10,2025,10,1,1,12,15,-0.278722597931,-0.274203263177,0.00451933475416,0.316353432791,1.31060707871,ATR_TRAILING_STOP,81.41,81.2886532629,,0 days 03:30:00,210,3.5,SOURCE,SOURCE,SOURCE,UNAVAILABLE,DERIVED
v3,perpetual,true_oos,T2,M30,USDRUBF,V3_TRUE_OOS,TradingSystemLab/results/perpetual_v3/true_oos/T2/M30/trades.csv,154,T2-M30-USDRUBF-000035,v3|true_oos|T2|M30|USDRUBF|TradingSystemLab/results/perpetual_v3/true_oos/T2/M30/trades.csv|154|T2-M30-USDRUBF-000035,LONG,2025-11-10 19:30:00+03:00,2025-11-11 12:30:00+03:00,2025-11-10,2025-11-11,2025,11,2025,11,0,1,19,12,0.696705391199,0.706958548638,0.0102531574388,0.512657871942,2.92214987007,ATR_TRAILING_STOP,81.45,81.5879006521,,0 days 17:00:00,1020,17,SOURCE,SOURCE,SOURCE,UNAVAILABLE,DERIVED
v3,perpetual,true_oos,T2,M30,USDRUBF,V3_TRUE_OOS,TradingSystemLab/results/perpetual_v3/true_oos/T2/M30/trades.csv,155,T2-M30-USDRUBF-000036,v3|true_oos|T2|M30|USDRUBF|TradingSystemLab/results/perpetual_v3/true_oos/T2/M30/trades.csv|155|T2-M30-USDRUBF-000036,LONG,2025-11-12 13:30:00+03:00,2025-11-12 14:30:00+03:00,2025-11-12,2025-11-12,2025,11,2025,11,2,2,13,14,-0.718620590772,-0.707732400003,0.0108881907693,0.326645723078,0.0544409538464,EMA50_TREND_LOSS,81.44,81.31,,0 days 01:00:00,60,1,SOURCE,SOURCE,SOURCE,UNAVAILABLE,DERIVED
v3,perpetual,true_oos,T2,M30,USDRUBF,V3_TRUE_OOS,TradingSystemLab/results/perpetual_v3/true_oos/T2/M30/trades.csv,164,T2-M30-USDRUBF-000037,v3|true_oos|T2|M30|USDRUBF|TradingSystemLab/results/perpetual_v3/true_oos/T2/M30/trades.csv|164|T2-M30-USDRUBF-000037,SHORT,2025-12-01 13:30:00+03:00,2025-12-01 19:30:00+03:00,2025-12-01,2025-12-01,2025,12,2025,12,0,0,13,19,-1.01019544076,-1,0.0101954407619,0.560749241904,0.96856687238,INITIAL_STOP,77.71,77.9061661145,,0 days 06:00:00,360,6,SOURCE,SOURCE,SOURCE,UNAVAILABLE,DERIVED
v3,perpetual,true_oos,T2,M30,USDRUBF,V3_TRUE_OOS,TradingSystemLab/results/perpetual_v3/true_oos/T2/M30/trades.csv,168,T2-M30-USDRUBF-000038,v3|true_oos|T2|M30|USDRUBF|TradingSystemLab/results/perpetual_v3/true_oos/T2/M30/trades.csv|168|T2-M30-USDRUBF-000038,LONG,2025-12-10 14:00:00+03:00,2025-12-11 10:30:00+03:00,2025-12-10,2025-12-11,2025,12,2025,12,2,3,14,10,4.14265531472,4.1504067528,0.00775143808111,0.0387571904056,5.89109294165,ATR_TRAILING_STOP,77.87,78.9408740002,,0 days 20:30:00,1230,20.5,SOURCE,SOURCE,SOURCE,UNAVAILABLE,DERIVED
v3,perpetual,true_oos,T2,M30,USDRUBF,V3_TRUE_OOS,TradingSystemLab/results/perpetual_v3/true_oos/T2/M30/trades.csv,170,T2-M30-USDRUBF-000039,v3|true_oos|T2|M30|USDRUBF|TradingSystemLab/results/perpetual_v3/true_oos/T2/M30/trades.csv|170|T2-M30-USDRUBF-000039,LONG,2025-12-11 20:30:00+03:00,2025-12-12 09:30:00+03:00,2025-12-11,2025-12-12,2025,12,2025,12,3,4,20,9,-1.00599651831,-1,0.00599651831094,0.779547380422,0,INITIAL_STOP,79.86,79.5264731272,,0 days 13:00:00,780,13,SOURCE,SOURCE,SOURCE,UNAVAILABLE,DERIVED
v3,perpetual,true_oos,T2,M30,USDRUBF,V3_TRUE_OOS,TradingSystemLab/results/perpetual_v3/true_oos/T2/M30/trades.csv,173,T2-M30-USDRUBF-000040,v3|true_oos|T2|M30|USDRUBF|TradingSystemLab/results/perpetual_v3/true_oos/T2/M30/trades.csv|173|T2-M30-USDRUBF-000040,LONG,2025-12-15 19:00:00+03:00,2025-12-16 12:00:00+03:00,2025-12-15,2025-12-16,2025,12,2025,12,0,1,19,12,-0.390378472426,-0.383978825337,0.00639964708896,0.287984119003,0.639964708896,EMA50_TREND_LOSS,79.73,79.61,,0 days 17:00:00,1020,17,SOURCE,SOURCE,SOURCE,UNAVAILABLE,DERIVED
v3,perpetual,true_oos,T2,M30,USDRUBF,V3_TRUE_OOS,TradingSystemLab/results/perpetual_v3/true_oos/T2/M30/trades.csv,177,T2-M30-USDRUBF-000041,v3|true_oos|T2|M30|USDRUBF|TradingSystemLab/results/perpetual_v3/true_oos/T2/M30/trades.csv|177|T2-M30-USDRUBF-000041,LONG,2025-12-17 18:00:00+03:00,2025-12-18 11:30:00+03:00,2025-12-17,2025-12-18,2025,12,2025,12,2,3,18,11,-0.0218840315813,-0.0134837811737,0.00840025040759,0.126003756114,1.76405258559,ATR_TRAILING_STOP,80.4,80.3967896716,,0 days 17:30:00,1050,17.5,SOURCE,SOURCE,SOURCE,UNAVAILABLE,DERIVED
v3,perpetual,true_oos,T2,M30,USDRUBF,V3_TRUE_OOS,TradingSystemLab/results/perpetual_v3/true_oos/T2/M30/trades.csv,180,T2-M30-USDRUBF-000042,v3|true_oos|T2|M30|USDRUBF|TradingSystemLab/results/perpetual_v3/true_oos/T2/M30/trades.csv|180|T2-M30-USDRUBF-000042,SHORT,2025-12-23 16:00:00+03:00,2025-12-24 09:30:00+03:00,2025-12-23,2025-12-24,2025,12,2025,12,1,2,16,9,-0.564559978213,-0.560796856622,0.00376312159049,0.827886749908,0.263418511334,ATR_TRAILING_STOP,78.23,78.5280487572,,0 days 17:30:00,1050,17.5,SOURCE,SOURCE,SOURCE,UNAVAILABLE,DERIVED
v3,perpetual,true_oos,T2,M30,USDRUBF,V3_TRUE_OOS,TradingSystemLab/results/perpetual_v3/true_oos/T2/M30/trades.csv,182,T2-M30-USDRUBF-000043,v3|true_oos|T2|M30|USDRUBF|TradingSystemLab/results/perpetual_v3/true_oos/T2/M30/trades.csv|182|T2-M30-USDRUBF-000043,SHORT,2025-12-26 13:00:00+03:00,2025-12-29 09:30:00+03:00,2025-12-26,2025-12-29,2025,12,2025,12,4,0,13,9,-0.235934801833,-0.231211289067,0.00472351276574,0.661291787204,0.684909351033,ATR_TRAILING_STOP,77.81,77.9078980265,,2 days 20:30:00,4110,68.5,SOURCE,SOURCE,SOURCE,UNAVAILABLE,DERIVED
v3,perpetual,true_oos,T2,M30,USDRUBF,V3_TRUE_OOS,TradingSystemLab/results/perpetual_v3/true_oos/T2/M30/trades.csv,188,T2-M30-USDRUBF-000044,v3|true_oos|T2|M30|USDRUBF|TradingSystemLab/results/perpetual_v3/true_oos/T2/M30/trades.csv|188|T2-M30-USDRUBF-000044,SHORT,2026-01-12 14:00:00+03:00,2026-01-12 17:00:00+03:00,2026-01-12,2026-01-12,2026,1,2026,1,0,0,14,17,-0.32759946142,-0.320477733998,0.00712172742218,0.427303645331,0.605346830885,EMA50_TREND_LOSS,78.93,79.02,,0 days 03:00:00,180,3,SOURCE,SOURCE,SOURCE,UNAVAILABLE,DERIVED
v3,perpetual,true_oos,T2,M30,USDRUBF,V3_TRUE_OOS,TradingSystemLab/results/perpetual_v3/true_oos/T2/M30/trades.csv,193,T2-M30-USDRUBF-000045,v3|true_oos|T2|M30|USDRUBF|TradingSystemLab/results/perpetual_v3/true_oos/T2/M30/trades.csv|193|T2-M30-USDRUBF-000045,SHORT,2026-01-16 11:30:00+03:00,2026-01-16 18:00:00+03:00,2026-01-16,2026-01-16,2026,1,2026,1,4,4,11,18,-1.00675949143,-1,0.00675949142673,0.74354405694,0.135189828535,INITIAL_STOP,77.9,78.195880248,,0 days 06:30:00,390,6.5,SOURCE,SOURCE,SOURCE,UNAVAILABLE,DERIVED
v3,perpetual,true_oos,T2,M30,USDRUBF,V3_TRUE_OOS,TradingSystemLab/results/perpetual_v3/true_oos/T2/M30/trades.csv,204,T2-M30-USDRUBF-000046,v3|true_oos|T2|M30|USDRUBF|TradingSystemLab/results/perpetual_v3/true_oos/T2/M30/trades.csv|204|T2-M30-USDRUBF-000046,LONG,2026-02-06 14:00:00+03:00,2026-02-09 11:00:00+03:00,2026-02-06,2026-02-09,2026,2,2026,2,4,0,14,11,-0.0847167839633,-0.080966818921,0.00374996504224,0.487495455492,0.76874283366,ATR_TRAILING_STOP,77.39,77.346817294,,2 days 21:00:00,4140,69,SOURCE,SOURCE,SOURCE,UNAVAILABLE,DERIVED
v3,perpetual,true_oos,T2,M30,USDRUBF,V3_TRUE_OOS,TradingSystemLab/results/perpetual_v3/true_oos/T2/M30/trades.csv,205,T2-M30-USDRUBF-000047,v3|true_oos|T2|M30|USDRUBF|TradingSystemLab/results/perpetual_v3/true_oos/T2/M30/trades.csv|205|T2-M30-USDRUBF-000047,LONG,2026-02-09 13:00:00+03:00,2026-02-09 23:00:00+03:00,2026-02-09,2026-02-09,2026,2,2026,2,0,0,13,23,-0.0674123559693,-0.0577963089091,0.00961604706024,0.480802353012,1.68280823554,ATR_TRAILING_STOP,77.55,77.5379791959,,0 days 10:00:00,600,10,SOURCE,SOURCE,SOURCE,UNAVAILABLE,DERIVED
v3,perpetual,true_oos,T2,M30,USDRUBF,V3_TRUE_OOS,TradingSystemLab/results/perpetual_v3/true_oos/T2/M30/trades.csv,211,T2-M30-USDRUBF-000048,v3|true_oos|T2|M30|USDRUBF|TradingSystemLab/results/perpetual_v3/true_oos/T2/M30/trades.csv|211|T2-M30-USDRUBF-000048,SHORT,2026-02-16 14:00:00+03:00,2026-02-16 17:30:00+03:00,2026-02-16,2026-02-16,2026,2,2026,2,0,0,14,17,-0.907371614825,-0.899525708114,0.00784590671177,0.431524869147,0.70613160406,ATR_TRAILING_STOP,76.68,76.9092980891,,0 days 03:30:00,210,3.5,SOURCE,SOURCE,SOURCE,UNAVAILABLE,DERIVED
v3,perpetual,true_oos,T2,M30,USDRUBF,V3_TRUE_OOS,TradingSystemLab/results/perpetual_v3/true_oos/T2/M30/trades.csv,213,T2-M30-USDRUBF-000049,v3|true_oos|T2|M30|USDRUBF|TradingSystemLab/results/perpetual_v3/true_oos/T2/M30/trades.csv|213|T2-M30-USDRUBF-000049,SHORT,2026-02-19 14:00:00+03:00,2026-02-19 14:30:00+03:00,2026-02-19,2026-02-19,2026,2,2026,2,3,3,14,14,-0.983281399911,-0.974423008921,0.00885839099019,0,0,EMA50_TREND_LOSS,76.44,76.66,,0 days 00:30:00,30,0.5,SOURCE,SOURCE,SOURCE,UNAVAILABLE,DERIVED
v3,perpetual,true_oos,T2,M30,USDRUBF,V3_TRUE_OOS,TradingSystemLab/results/perpetual_v3/true_oos/T2/M30/trades.csv,214,T2-M30-USDRUBF-000050,v3|true_oos|T2|M30|USDRUBF|TradingSystemLab/results/perpetual_v3/true_oos/T2/M30/trades.csv|214|T2-M30-USDRUBF-000050,SHORT,2026-02-19 17:00:00+03:00,2026-02-20 10:30:00+03:00,2026-02-19,2026-02-20,2026,2,2026,2,3,4,17,10,-0.30362650954,-0.297847097003,0.00577941253762,0.231176501505,0.491250065697,ATR_TRAILING_STOP,76.42,76.5230717552,,0 days 17:30:00,1050,17.5,SOURCE,SOURCE,SOURCE,UNAVAILABLE,DERIVED
v3,perpetual,true_oos,T2,M30,USDRUBF,V3_TRUE_OOS,TradingSystemLab/results/perpetual_v3/true_oos/T2/M30/trades.csv,220,T2-M30-USDRUBF-000051,v3|true_oos|T2|M30|USDRUBF|TradingSystemLab/results/perpetual_v3/true_oos/T2/M30/trades.csv|220|T2-M30-USDRUBF-000051,LONG,2026-02-27 12:00:00+03:00,2026-02-27 17:30:00+03:00,2026-02-27,2026-02-27,2026,2,2026,2,4,4,12,17,-0.783088671888,-0.773745197658,0.00934347422994,0.280304226898,1.21465164989,ATR_TRAILING_STOP,77.26,77.0943774107,,0 days 05:30:00,330,5.5,SOURCE,SOURCE,SOURCE,UNAVAILABLE,DERIVED
v3,perpetual,true_oos,T2,M30,USDRUBF,V3_TRUE_OOS,TradingSystemLab/results/perpetual_v3/true_oos/T2/M30/trades.csv,228,T2-M30-USDRUBF-000052,v3|true_oos|T2|M30|USDRUBF|TradingSystemLab/results/perpetual_v3/true_oos/T2/M30/trades.csv|228|T2-M30-USDRUBF-000052,LONG,2026-03-06 13:30:00+03:00,2026-03-06 18:30:00+03:00,2026-03-06,2026-03-06,2026,3,2026,3,4,4,13,18,-1.0075193741,-1,0.00751937410024,0.93992176253,0.30077496401,INITIAL_STOP,79.15,78.8840204154,,0 days 05:00:00,300,5,SOURCE,SOURCE,SOURCE,UNAVAILABLE,DERIVED
v3,perpetual,true_oos,T2,M30,USDRUBF,V3_TRUE_OOS,TradingSystemLab/results/perpetual_v3/true_oos/T2/M30/trades.csv,231,T2-M30-USDRUBF-000053,v3|true_oos|T2|M30|USDRUBF|TradingSystemLab/results/perpetual_v3/true_oos/T2/M30/trades.csv|231|T2-M30-USDRUBF-000053,LONG,2026-03-11 11:30:00+03:00,2026-03-12 09:30:00+03:00,2026-03-11,2026-03-12,2026,3,2026,3,2,3,11,9,-0.2099402584,-0.204012579062,0.00592767933718,0.385299156917,0.65204472709,ATR_TRAILING_STOP,79.07,79.0011661217,,0 days 22:00:00,1320,22,SOURCE,SOURCE,SOURCE,UNAVAILABLE,DERIVED
v3,perpetual,true_oos,T2,M30,USDRUBF,V3_TRUE_OOS,TradingSystemLab/results/perpetual_v3/true_oos/T2/M30/trades.csv,233,T2-M30-USDRUBF-000054,v3|true_oos|T2|M30|USDRUBF|TradingSystemLab/results/perpetual_v3/true_oos/T2/M30/trades.csv|233|T2-M30-USDRUBF-000054,LONG,2026-03-13 18:30:00+03:00,2026-03-16 10:30:00+03:00,2026-03-13,2026-03-16,2026,3,2026,3,4,0,18,10,-0.326030368828,-0.317941339181,0.00808902964737,0.323561185895,1.33468989182,ATR_TRAILING_STOP,80.24,80.1613894984,,2 days 16:00:00,3840,64,SOURCE,SOURCE,SOURCE,UNAVAILABLE,DERIVED
v3,perpetual,true_oos,T2,M30,USDRUBF,V3_TRUE_OOS,TradingSystemLab/results/perpetual_v3/true_oos/T2/M30/trades.csv,235,T2-M30-USDRUBF-000055,v3|true_oos|T2|M30|USDRUBF|TradingSystemLab/results/perpetual_v3/true_oos/T2/M30/trades.csv|235|T2-M30-USDRUBF-000055,LONG,2026-03-17 12:00:00+03:00,2026-03-18 13:30:00+03:00,2026-03-17,2026-03-18,2026,3,2026,3,1,2,12,13,1.92003946278,1.92440151332,0.0043620505345,0.0654307580174,2.94438411078,ATR_TRAILING_STOP,81.83,82.7123380188,,1 days 01:30:00,1530,25.5,SOURCE,SOURCE,SOURCE,UNAVAILABLE,DERIVED
v3,perpetual,true_oos,T2,M30,USDRUBF,V3_TRUE_OOS,TradingSystemLab/results/perpetual_v3/true_oos/T2/M30/trades.csv,238,T2-M30-USDRUBF-000056,v3|true_oos|T2|M30|USDRUBF|TradingSystemLab/results/perpetual_v3/true_oos/T2/M30/trades.csv|238|T2-M30-USDRUBF-000056,SHORT,2026-03-27 12:00:00+03:00,2026-03-27 12:30:00+03:00,2026-03-27,2026-03-27,2026,3,2026,3,4,4,12,12,-1.00403432469,-1,0.00403432469407,0,0,INITIAL_STOP,80.57,81.0657459183,,0 days 00:30:00,30,0.5,SOURCE,SOURCE,SOURCE,UNAVAILABLE,DERIVED
v3,perpetual,true_oos,T2,M30,USDRUBF,V3_TRUE_OOS,TradingSystemLab/results/perpetual_v3/true_oos/T2/M30/trades.csv,241,T2-M30-USDRUBF-000057,v3|true_oos|T2|M30|USDRUBF|TradingSystemLab/results/perpetual_v3/true_oos/T2/M30/trades.csv|241|T2-M30-USDRUBF-000057,SHORT,2026-03-30 16:30:00+03:00,2026-03-30 17:00:00+03:00,2026-03-30,2026-03-30,2026,3,2026,3,0,0,16,17,-0.551548211629,-0.542506437667,0.00904177396112,0,0,EMA50_TREND_LOSS,81.22,81.34,,0 days 00:30:00,30,0.5,SOURCE,SOURCE,SOURCE,UNAVAILABLE,DERIVED
v3,perpetual,true_oos,T2,M30,USDRUBF,V3_TRUE_OOS,TradingSystemLab/results/perpetual_v3/true_oos/T2/M30/trades.csv,243,T2-M30-USDRUBF-000058,v3|true_oos|T2|M30|USDRUBF|TradingSystemLab/results/perpetual_v3/true_oos/T2/M30/trades.csv|243|T2-M30-USDRUBF-000058,SHORT,2026-04-02 14:00:00+03:00,2026-04-03 13:00:00+03:00,2026-04-02,2026-04-03,2026,4,2026,4,3,4,14,13,-0.11011621136,-0.105868451033,0.00424776032661,0.934507271854,0.743358057156,ATR_TRAILING_STOP,80.02,80.0698467159,,0 days 23:00:00,1380,23,SOURCE,SOURCE,SOURCE,UNAVAILABLE,DERIVED
v3,perpetual,true_oos,T2,M30,USDRUBF,V3_TRUE_OOS,TradingSystemLab/results/perpetual_v3/true_oos/T2/M30/trades.csv,245,T2-M30-USDRUBF-000059,v3|true_oos|T2|M30|USDRUBF|TradingSystemLab/results/perpetual_v3/true_oos/T2/M30/trades.csv|245|T2-M30-USDRUBF-000059,SHORT,2026-04-03 14:30:00+03:00,2026-04-06 16:00:00+03:00,2026-04-03,2026-04-06,2026,4,2026,4,4,0,14,16,2.46338240396,2.47040861238,0.00702620842095,0,3.86441463152,ATR_TRAILING_STOP,79.84,79.1368017843,,3 days 01:30:00,4410,73.5,SOURCE,SOURCE,SOURCE,UNAVAILABLE,DERIVED
v3,perpetual,true_oos,T2,M30,USDRUBF,V3_TRUE_OOS,TradingSystemLab/results/perpetual_v3/true_oos/T2/M30/trades.csv,253,T2-M30-USDRUBF-000060,v3|true_oos|T2|M30|USDRUBF|TradingSystemLab/results/perpetual_v3/true_oos/T2/M30/trades.csv|253|T2-M30-USDRUBF-000060,SHORT,2026-04-21 17:30:00+03:00,2026-04-22 10:30:00+03:00,2026-04-21,2026-04-22,2026,4,2026,4,1,2,17,10,-0.746615708997,-0.741042557803,0.00557315119428,0.473717851514,0.529449363457,ATR_TRAILING_STOP,74.77,75.0359330537,,0 days 17:00:00,1020,17,SOURCE,SOURCE,SOURCE,UNAVAILABLE,DERIVED
v3,perpetual,true_oos,T2,M30,USDRUBF,V3_TRUE_OOS,TradingSystemLab/results/perpetual_v3/true_oos/T2/M30/trades.csv,261,T2-M30-USDRUBF-000061,v3|true_oos|T2|M30|USDRUBF|TradingSystemLab/results/perpetual_v3/true_oos/T2/M30/trades.csv|261|T2-M30-USDRUBF-000061,LONG,2026-05-04 17:30:00+03:00,2026-05-05 10:30:00+03:00,2026-05-04,2026-05-05,2026,5,2026,5,0,1,17,10,-0.0637651974962,-0.052966912029,0.0107982854672,0.377939991352,1.56575139274,ATR_TRAILING_STOP,75.56,75.5501897552,,0 days 17:00:00,1020,17,SOURCE,SOURCE,SOURCE,UNAVAILABLE,DERIVED
v3,perpetual,true_oos,T2,M30,USDRUBF,V3_TRUE_OOS,TradingSystemLab/results/perpetual_v3/true_oos/T2/M30/trades.csv,266,T2-M30-USDRUBF-000062,v3|true_oos|T2|M30|USDRUBF|TradingSystemLab/results/perpetual_v3/true_oos/T2/M30/trades.csv|266|T2-M30-USDRUBF-000062,SHORT,2026-05-07 14:00:00+03:00,2026-05-08 09:30:00+03:00,2026-05-07,2026-05-08,2026,5,2026,5,3,4,14,9,-0.295558604148,-0.287415353569,0.00814325057928,0.529311287653,0.773608805031,ATR_TRAILING_STOP,74.85,74.9205898341,,0 days 19:30:00,1170,19.5,SOURCE,SOURCE,SOURCE,UNAVAILABLE,DERIVED
v3,perpetual,true_oos,T2,M30,USDRUBF,V3_TRUE_OOS,TradingSystemLab/results/perpetual_v3/true_oos/T2/M30/trades.csv,267,T2-M30-USDRUBF-000063,v3|true_oos|T2|M30|USDRUBF|TradingSystemLab/results/perpetual_v3/true_oos/T2/M30/trades.csv|267|T2-M30-USDRUBF-000063,SHORT,2026-05-13 18:30:00+03:00,2026-05-15 09:30:00+03:00,2026-05-13,2026-05-15,2026,5,2026,5,2,4,18,9,1.1118140362,1.12268240556,0.0108683693613,0.815127702097,2.39104125948,ATR_TRAILING_STOP,73.57,73.3634037079,,1 days 15:00:00,2340,39,SOURCE,SOURCE,SOURCE,UNAVAILABLE,DERIVED
v3,perpetual,true_oos,T2,M30,USDRUBF,V3_TRUE_OOS,TradingSystemLab/results/perpetual_v3/true_oos/T2/M30/trades.csv,270,T2-M30-USDRUBF-000064,v3|true_oos|T2|M30|USDRUBF|TradingSystemLab/results/perpetual_v3/true_oos/T2/M30/trades.csv|270|T2-M30-USDRUBF-000064,SHORT,2026-05-15 17:30:00+03:00,2026-05-20 10:30:00+03:00,2026-05-15,2026-05-20,2026,5,2026,5,4,2,17,10,12.1494669734,12.159415602,0.00994862855415,0.746147141561,14.6742271174,ATR_TRAILING_STOP,73.01,70.565559435,,4 days 17:00:00,6780,113,SOURCE,SOURCE,SOURCE,UNAVAILABLE,DERIVED
v3,perpetual,true_oos,T2,M30,USDRUBF,V3_TRUE_OOS,TradingSystemLab/results/perpetual_v3/true_oos/T2/M30/trades.csv,279,T2-M30-USDRUBF-000065,v3|true_oos|T2|M30|USDRUBF|TradingSystemLab/results/perpetual_v3/true_oos/T2/M30/trades.csv|279|T2-M30-USDRUBF-000065,LONG,2026-06-04 14:30:00+03:00,2026-06-04 16:00:00+03:00,2026-06-04,2026-06-04,2026,6,2026,6,3,3,14,16,-1.0064131683,-1,0.00641316829594,0.737514354033,0,INITIAL_STOP,74.48,74.1681416629,,0 days 01:30:00,90,1.5,SOURCE,SOURCE,SOURCE,UNAVAILABLE,DERIVED
v3,perpetual,true_oos,T2,M30,USDRUBF,V3_TRUE_OOS,TradingSystemLab/results/perpetual_v3/true_oos/T2/M30/trades.csv,283,T2-M30-USDRUBF-000066,v3|true_oos|T2|M30|USDRUBF|TradingSystemLab/results/perpetual_v3/true_oos/T2/M30/trades.csv|283|T2-M30-USDRUBF-000066,SHORT,2026-06-09 17:30:00+03:00,2026-06-10 10:30:00+03:00,2026-06-09,2026-06-10,2026,6,2026,6,1,2,17,10,0.0778024056508,0.0828975496067,0.00509514395589,0.433087236251,1.42664030765,ATR_TRAILING_STOP,71.86,71.8274601737,,0 days 17:00:00,1020,17,SOURCE,SOURCE,SOURCE,UNAVAILABLE,DERIVED
v3,perpetual,true_oos,T2,M30,USDRUBF,V3_TRUE_OOS,TradingSystemLab/results/perpetual_v3/true_oos/T2/M30/trades.csv,287,T2-M30-USDRUBF-000067,v3|true_oos|T2|M30|USDRUBF|TradingSystemLab/results/perpetual_v3/true_oos/T2/M30/trades.csv|287|T2-M30-USDRUBF-000067,LONG,2026-06-19 13:30:00+03:00,2026-06-19 14:00:00+03:00,2026-06-19,2026-06-19,2026,6,2026,6,4,4,13,14,-1.01079330802,-1,0.0107933080153,0,0,INITIAL_STOP,73.57,73.3846999977,,0 days 00:30:00,30,0.5,SOURCE,SOURCE,SOURCE,UNAVAILABLE,DERIVED
v3,perpetual,true_oos,T2,M30,USDRUBF,V3_TRUE_OOS,TradingSystemLab/results/perpetual_v3/true_oos/T2/M30/trades.csv,290,T2-M30-USDRUBF-000068,v3|true_oos|T2|M30|USDRUBF|TradingSystemLab/results/perpetual_v3/true_oos/T2/M30/trades.csv|290|T2-M30-USDRUBF-000068,LONG,2026-06-22 14:00:00+03:00,2026-06-23 11:30:00+03:00,2026-06-22,2026-06-23,2026,6,2026,6,0,1,14,11,2.31476290693,2.32120419355,0.0064412866268,0.64412866268,4.02580414175,ATR_TRAILING_STOP,74,74.7207268759,,0 days 21:30:00,1290,21.5,SOURCE,SOURCE,SOURCE,UNAVAILABLE,DERIVED
v3,perpetual,true_oos,T2,M30,USDRUBF,V3_TRUE_OOS,TradingSystemLab/results/perpetual_v3/true_oos/T2/M30/trades.csv,294,T2-M30-USDRUBF-000069,v3|true_oos|T2|M30|USDRUBF|TradingSystemLab/results/perpetual_v3/true_oos/T2/M30/trades.csv|294|T2-M30-USDRUBF-000069,LONG,2026-06-23 14:30:00+03:00,2026-06-24 18:30:00+03:00,2026-06-23,2026-06-24,2026,6,2026,6,1,2,14,18,0.0438772379128,0.0479543024555,0.00407706454272,0.428091776985,0.998880812965,ATR_TRAILING_STOP,74.66,74.6835239359,,1 days 04:00:00,1680,28,SOURCE,SOURCE,SOURCE,UNAVAILABLE,DERIVED
v3,perpetual,true_oos,T2,M30,USDRUBF,V3_TRUE_OOS,TradingSystemLab/results/perpetual_v3/true_oos/T2/M30/trades.csv,299,T2-M30-USDRUBF-000070,v3|true_oos|T2|M30|USDRUBF|TradingSystemLab/results/perpetual_v3/true_oos/T2/M30/trades.csv|299|T2-M30-USDRUBF-000070,SHORT,2026-07-07 13:30:00+03:00,2026-07-07 17:00:00+03:00,2026-07-07,2026-07-07,2026,7,2026,7,1,1,13,17,-1.00418454315,-1,0.004184543147,0.79506319793,0.355686167495,INITIAL_STOP,76.1,76.5779494272,,0 days 03:30:00,210,3.5,SOURCE,SOURCE,SOURCE,UNAVAILABLE,DERIVED
v3,perpetual,true_oos,T2,M30,USDRUBF,V3_TRUE_OOS,TradingSystemLab/results/perpetual_v3/true_oos/T2/M30/trades.csv,303,T2-M30-USDRUBF-000071,v3|true_oos|T2|M30|USDRUBF|TradingSystemLab/results/perpetual_v3/true_oos/T2/M30/trades.csv|303|T2-M30-USDRUBF-000071,LONG,2026-07-15 10:00:00+03:00,2026-07-15 10:30:00+03:00,2026-07-15,2026-07-15,2026,7,2026,7,2,2,10,10,-1.00558410125,-1,0.00558410125398,0,0,INITIAL_STOP,78.28,77.9218403054,,0 days 00:30:00,30,0.5,SOURCE,SOURCE,SOURCE,UNAVAILABLE,DERIVED
v3,perpetual,true_oos,T2,M30,USDRUBF,V3_TRUE_OOS,TradingSystemLab/results/perpetual_v3/true_oos/T2/M30/trades.csv,305,T2-M30-USDRUBF-000072,v3|true_oos|T2|M30|USDRUBF|TradingSystemLab/results/perpetual_v3/true_oos/T2/M30/trades.csv|305|T2-M30-USDRUBF-000072,LONG,2026-07-15 11:30:00+03:00,2026-07-15 16:30:00+03:00,2026-07-15,2026-07-15,2026,7,2026,7,2,2,11,16,-1.00511563379,-1,0.0051156337883,0.741766899304,0.33251619624,INITIAL_STOP,78.3,77.9090416002,,0 days 05:00:00,300,5,SOURCE,SOURCE,SOURCE,UNAVAILABLE,DERIVED
v3,perpetual,true_oos,T2,M30,USDRUBF,V3_TRUE_OOS,TradingSystemLab/results/perpetual_v3/true_oos/T2/M30/trades.csv,309,T2-M30-USDRUBF-000073,v3|true_oos|T2|M30|USDRUBF|TradingSystemLab/results/perpetual_v3/true_oos/T2/M30/trades.csv|309|T2-M30-USDRUBF-000073,LONG,2026-07-16 10:30:00+03:00,2026-07-17 09:00:00+03:00,2026-07-16,2026-07-17,2026,7,2026,7,3,4,10,9,1.03600243364,1.04067568122,0.00467324758051,0.584155947564,2.07959517333,ATR_TRAILING_STOP,78.04,78.4853757963,,0 days 22:30:00,1350,22.5,SOURCE,SOURCE,SOURCE,UNAVAILABLE,DERIVED
v3,perpetual,true_oos,T2,M30,USDRUBF,V3_TRUE_OOS,TradingSystemLab/results/perpetual_v3/true_oos/T2/M30/trades.csv,311,T2-M30-USDRUBF-000074,v3|true_oos|T2|M30|USDRUBF|TradingSystemLab/results/perpetual_v3/true_oos/T2/M30/trades.csv|311|T2-M30-USDRUBF-000074,LONG,2026-07-17 10:30:00+03:00,2026-07-17 12:00:00+03:00,2026-07-17,2026-07-17,2026,7,2026,7,4,4,10,12,-1.0041650214,-1,0.00416502139532,0.478977460462,0.0833004279064,INITIAL_STOP,78.69,78.2098103899,,0 days 01:30:00,90,1.5,SOURCE,SOURCE,SOURCE,UNAVAILABLE,DERIVED
v3,perpetual,true_oos,T2,M30,USDRUBF,V3_TRUE_OOS,TradingSystemLab/results/perpetual_v3/true_oos/T2/M30/trades.csv,318,T2-M30-USDRUBF-000075,v3|true_oos|T2|M30|USDRUBF|TradingSystemLab/results/perpetual_v3/true_oos/T2/M30/trades.csv|318|T2-M30-USDRUBF-000075,LONG,2026-07-30 13:00:00+03:00,2026-07-30 16:00:00+03:00,2026-07-30,2026-07-30,2026,7,2026,7,3,3,13,16,0.0930968478688,0.104717060261,0.0116202123924,0.0581010619621,2.6145477883,ATR_TRAILING_STOP,79.91,79.928023261,,0 days 03:00:00,180,3,SOURCE,SOURCE,SOURCE,UNAVAILABLE,DERIVED
v3,perpetual,true_oos,T2,M30,USDRUBF,V3_TRUE_OOS,TradingSystemLab/results/perpetual_v3/true_oos/T2/M30/trades.csv,322,T2-M30-USDRUBF-000076,v3|true_oos|T2|M30|USDRUBF|TradingSystemLab/results/perpetual_v3/true_oos/T2/M30/trades.csv|322|T2-M30-USDRUBF-000076,LONG,2026-08-04 12:30:00+03:00,2026-08-04 17:00:00+03:00,2026-08-04,2026-08-04,2026,8,2026,8,1,1,12,17,-0.490142398901,-0.48197476743,0.00816763147131,0.163352629426,1.38849735012,ATR_TRAILING_STOP,80.99,80.871979306,,0 days 04:30:00,270,4.5,SOURCE,SOURCE,SOURCE,UNAVAILABLE,DERIVED
v3,perpetual,true_oos,T2,M30,USDRUBF,V3_TRUE_OOS,TradingSystemLab/results/perpetual_v3/true_oos/T2/M30/trades.csv,325,T2-M30-USDRUBF-000077,v3|true_oos|T2|M30|USDRUBF|TradingSystemLab/results/perpetual_v3/true_oos/T2/M30/trades.csv|325|T2-M30-USDRUBF-000077,LONG,2026-08-07 17:00:00+03:00,2026-08-08 18:30:00+03:00,2026-08-07,2026-08-08,2026,8,2026,8,4,5,17,18,0.372770057336,0.379088336042,0.00631827870544,0.189548361163,1.10569877345,ATR_TRAILING_STOP,82.41,82.5299973454,,1 days 01:30:00,1530,25.5,SOURCE,SOURCE,SOURCE,UNAVAILABLE,DERIVED
v3,perpetual,true_oos,T2,M30,USDRUBF,V3_TRUE_OOS,TradingSystemLab/results/perpetual_v3/true_oos/T2/M30/trades.csv,331,T2-M30-USDRUBF-000078,v3|true_oos|T2|M30|USDRUBF|TradingSystemLab/results/perpetual_v3/true_oos/T2/M30/trades.csv|331|T2-M30-USDRUBF-000078,LONG,2026-08-14 10:30:00+03:00,2026-08-14 12:00:00+03:00,2026-08-14,2026-08-14,2026,8,2026,8,4,4,10,12,-1.00631824076,-1,0.00631824076247,0.315912038123,0.284320834311,INITIAL_STOP,84.44,84.1234561905,,0 days 01:30:00,90,1.5,SOURCE,SOURCE,SOURCE,UNAVAILABLE,DERIVED
v3,perpetual,true_oos,T2,M30,USDRUBF,V3_TRUE_OOS,TradingSystemLab/results/perpetual_v3/true_oos/T2/M30/trades.csv,334,T2-M30-USDRUBF-000079,v3|true_oos|T2|M30|USDRUBF|TradingSystemLab/results/perpetual_v3/true_oos/T2/M30/trades.csv|334|T2-M30-USDRUBF-000079,LONG,2026-08-17 10:30:00+03:00,2026-08-17 18:30:00+03:00,2026-08-17,2026-08-17,2026,8,2026,8,0,0,10,18,0.328646226486,0.333420410968,0.00477418448127,0.0954836896253,1.57548087882,ATR_TRAILING_STOP,84.93,85.0696763834,,0 days 08:00:00,480,8,SOURCE,SOURCE,SOURCE,UNAVAILABLE,DERIVED
v3,perpetual,true_oos,T2,M30,USDRUBF,V3_TRUE_OOS,TradingSystemLab/results/perpetual_v3/true_oos/T2/M30/trades.csv,338,T2-M30-USDRUBF-000080,v3|true_oos|T2|M30|USDRUBF|TradingSystemLab/results/perpetual_v3/true_oos/T2/M30/trades.csv|338|T2-M30-USDRUBF-000080,SHORT,2026-08-20 11:30:00+03:00,2026-08-21 07:30:00+03:00,2026-08-20,2026-08-21,2026,8,2026,8,3,4,11,7,1.21325561692,1.21864118443,0.00538556750943,0.296206213019,2.36964970415,ATR_TRAILING_STOP,83.58,83.1274418686,,0 days 20:00:00,1200,20,SOURCE,SOURCE,SOURCE,UNAVAILABLE,DERIVED
v3,perpetual,true_oos,T2,M30,USDRUBF,V3_TRUE_OOS,TradingSystemLab/results/perpetual_v3/true_oos/T2/M30/trades.csv,339,T2-M30-USDRUBF-000081,v3|true_oos|T2|M30|USDRUBF|TradingSystemLab/results/perpetual_v3/true_oos/T2/M30/trades.csv|339|T2-M30-USDRUBF-000081,SHORT,2026-08-21 12:30:00+03:00,2026-08-21 13:00:00+03:00,2026-08-21,2026-08-21,2026,8,2026,8,4,4,12,13,-1.0077893788,-1,0.00778937880483,0,0,INITIAL_STOP,82.83,83.0867598842,,0 days 00:30:00,30,0.5,SOURCE,SOURCE,SOURCE,UNAVAILABLE,DERIVED
v3,perpetual,true_oos,T2,M30,USDRUBF,V3_TRUE_OOS,TradingSystemLab/results/perpetual_v3/true_oos/T2/M30/trades.csv,345,T2-M30-USDRUBF-000082,v3|true_oos|T2|M30|USDRUBF|TradingSystemLab/results/perpetual_v3/true_oos/T2/M30/trades.csv|345|T2-M30-USDRUBF-000082,LONG,2026-08-25 14:00:00+03:00,2026-08-25 18:00:00+03:00,2026-08-25,2026-08-25,2026,8,2026,8,1,1,14,18,-1.00779430906,-1,0.00779430906472,0.818402451795,0.662516270501,INITIAL_STOP,84.55,84.2934025283,,0 days 04:00:00,240,4,SOURCE,SOURCE,SOURCE,UNAVAILABLE,DERIVED
v3,perpetual,true_oos,T2,M30,USDRUBF,V3_TRUE_OOS,TradingSystemLab/results/perpetual_v3/true_oos/T2/M30/trades.csv,347,T2-M30-USDRUBF-000083,v3|true_oos|T2|M30|USDRUBF|TradingSystemLab/results/perpetual_v3/true_oos/T2/M30/trades.csv|347|T2-M30-USDRUBF-000083,LONG,2026-08-27 19:00:00+03:00,2026-08-27 21:00:00+03:00,2026-08-27,2026-08-27,2026,8,2026,8,3,3,19,21,-1.00656744144,-1,0.00656744144442,0.689581351664,0.0328372072221,INITIAL_STOP,86.19,85.8854674028,,0 days 02:00:00,120,2,SOURCE,SOURCE,SOURCE,UNAVAILABLE,DERIVED
v3,perpetual,true_oos,T2,M30,USDRUBF,V3_TRUE_OOS,TradingSystemLab/results/perpetual_v3/true_oos/T2/M30/trades.csv,351,T2-M30-USDRUBF-000084,v3|true_oos|T2|M30|USDRUBF|TradingSystemLab/results/perpetual_v3/true_oos/T2/M30/trades.csv|351|T2-M30-USDRUBF-000084,LONG,2026-09-01 18:30:00+03:00,2026-09-01 21:00:00+03:00,2026-09-01,2026-09-01,2026,9,2026,9,1,1,18,21,-1.00620894091,-1,0.00620894091463,0.962385841768,0.124178818293,INITIAL_STOP,86.95,86.627883873,,0 days 02:30:00,150,2.5,SOURCE,SOURCE,SOURCE,UNAVAILABLE,DERIVED
v3,perpetual,true_oos,T2,M30,USDRUBF,V3_TRUE_OOS,TradingSystemLab/results/perpetual_v3/true_oos/T2/M30/trades.csv,360,T2-M30-USDRUBF-000085,v3|true_oos|T2|M30|USDRUBF|TradingSystemLab/results/perpetual_v3/true_oos/T2/M30/trades.csv|360|T2-M30-USDRUBF-000085,SHORT,2026-09-15 12:00:00+03:00,2026-09-15 14:30:00+03:00,2026-09-15,2026-09-15,2026,9,2026,9,1,1,12,14,-0.740702658449,-0.735256315372,0.00544634307683,0.680792884604,0.517402592299,EMA50_TREND_LOSS,84.25,84.52,,0 days 02:30:00,150,2.5,SOURCE,SOURCE,SOURCE,UNAVAILABLE,DERIVED
v3,perpetual,true_oos,T3,H1,CNYRUBF,V3_TRUE_OOS,TradingSystemLab/results/perpetual_v3/true_oos/T3/H1/trades.csv,4,T3-H1-CNYRUBF-000001,v3|true_oos|T3|H1|CNYRUBF|TradingSystemLab/results/perpetual_v3/true_oos/T3/H1/trades.csv|4|T3-H1-CNYRUBF-000001,SHORT,2025-02-24 19:00:00+03:00,2025-02-26 14:00:00+03:00,2025-02-24,2025-02-26,2025,2,2025,2,0,2,19,14,1.18972482861,1.20215722508,0.0124323964755,0.149188757706,2.16323698674,ATR_TRAILING_STOP,11.988,11.7926089306,,1 days 19:00:00,2580,43,SOURCE,SOURCE,SOURCE,UNAVAILABLE,DERIVED
v3,perpetual,true_oos,T3,H1,CNYRUBF,V3_TRUE_OOS,TradingSystemLab/results/perpetual_v3/true_oos/T3/H1/trades.csv,7,T3-H1-CNYRUBF-000002,v3|true_oos|T3|H1|CNYRUBF|TradingSystemLab/results/perpetual_v3/true_oos/T3/H1/trades.csv|7|T3-H1-CNYRUBF-000002,SHORT,2025-03-13 13:00:00+03:00,2025-03-14 11:00:00+03:00,2025-03-13,2025-03-14,2025,3,2025,3,3,4,13,11,0.0163966358659,0.0289280210627,0.0125313851968,0.588975104251,1.2030129789,ATR_TRAILING_STOP,11.863,11.8563831088,,0 days 22:00:00,1320,22,SOURCE,SOURCE,SOURCE,UNAVAILABLE,DERIVED
v3,perpetual,true_oos,T3,H1,CNYRUBF,V3_TRUE_OOS,TradingSystemLab/results/perpetual_v3/true_oos/T3/H1/trades.csv,10,T3-H1-CNYRUBF-000003,v3|true_oos|T3|H1|CNYRUBF|TradingSystemLab/results/perpetual_v3/true_oos/T3/H1/trades.csv|10|T3-H1-CNYRUBF-000003,SHORT,2025-03-17 12:00:00+03:00,2025-03-18 16:00:00+03:00,2025-03-17,2025-03-18,2025,3,2025,3,0,1,12,16,1.71594162703,1.73087971095,0.0149380839152,0.126973713279,3.16687379002,ATR_TRAILING_STOP,11.57,11.3362594741,,1 days 04:00:00,1680,28,SOURCE,SOURCE,SOURCE,UNAVAILABLE,DERIVED
v3,perpetual,true_oos,T3,H1,CNYRUBF,V3_TRUE_OOS,TradingSystemLab/results/perpetual_v3/true_oos/T3/H1/trades.csv,12,T3-H1-CNYRUBF-000004,v3|true_oos|T3|H1|CNYRUBF|TradingSystemLab/results/perpetual_v3/true_oos/T3/H1/trades.csv|12|T3-H1-CNYRUBF-000004,SHORT,2025-04-01 17:00:00+03:00,2025-04-02 11:00:00+03:00,2025-04-01,2025-04-02,2025,4,2025,4,1,2,17,11,-0.346239360983,-0.329492828409,0.0167465325743,0.312746295834,0.728474166983,ATR_TRAILING_STOP,11.545,11.5823505733,,0 days 18:00:00,1080,18,SOURCE,SOURCE,SOURCE,UNAVAILABLE,DERIVED
v3,perpetual,true_oos,T3,H1,CNYRUBF,V3_TRUE_OOS,TradingSystemLab/results/perpetual_v3/true_oos/T3/H1/trades.csv,18,T3-H1-CNYRUBF-000005,v3|true_oos|T3|H1|CNYRUBF|TradingSystemLab/results/perpetual_v3/true_oos/T3/H1/trades.csv|18|T3-H1-CNYRUBF-000005,SHORT,2025-04-14 11:00:00+03:00,2025-04-14 20:00:00+03:00,2025-04-14,2025-04-14,2025,4,2025,4,0,0,11,20,-0.88337979701,-0.869848551875,0.0135312451346,0.856317306741,0.148843696481,ATR_TRAILING_STOP,11.192,11.3185688853,,0 days 09:00:00,540,9,SOURCE,SOURCE,SOURCE,UNAVAILABLE,DERIVED
v3,perpetual,true_oos,T3,H1,CNYRUBF,V3_TRUE_OOS,TradingSystemLab/results/perpetual_v3/true_oos/T3/H1/trades.csv,20,T3-H1-CNYRUBF-000006,v3|true_oos|T3|H1|CNYRUBF|TradingSystemLab/results/perpetual_v3/true_oos/T3/H1/trades.csv|20|T3-H1-CNYRUBF-000006,SHORT,2025-04-15 12:00:00+03:00,2025-04-15 18:00:00+03:00,2025-04-15,2025-04-15,2025,4,2025,4,1,1,12,18,-0.893490461875,-0.878379609404,0.0151108524705,0.863268756934,0.256884491999,ATR_TRAILING_STOP,11.148,11.2622581146,,0 days 06:00:00,360,6,SOURCE,SOURCE,SOURCE,UNAVAILABLE,DERIVED
v3,perpetual,true_oos,T3,H1,CNYRUBF,V3_TRUE_OOS,TradingSystemLab/results/perpetual_v3/true_oos/T3/H1/trades.csv,25,T3-H1-CNYRUBF-000007,v3|true_oos|T3|H1|CNYRUBF|TradingSystemLab/results/perpetual_v3/true_oos/T3/H1/trades.csv|25|T3-H1-CNYRUBF-000007,SHORT,2025-06-06 16:00:00+03:00,2025-06-06 20:00:00+03:00,2025-06-06,2025-06-06,2025,6,2025,6,4,4,16,20,-0.844255061,-0.822339529719,0.0219155312812,0.800423998438,0.405437328701,ATR_TRAILING_STOP,10.947,11.0200462783,,0 days 04:00:00,240,4,SOURCE,SOURCE,SOURCE,UNAVAILABLE,DERIVED
v3,perpetual,true_oos,T3,H1,CNYRUBF,V3_TRUE_OOS,TradingSystemLab/results/perpetual_v3/true_oos/T3/H1/trades.csv,28,T3-H1-CNYRUBF-000008,v3|true_oos|T3|H1|CNYRUBF|TradingSystemLab/results/perpetual_v3/true_oos/T3/H1/trades.csv|28|T3-H1-CNYRUBF-000008,SHORT,2025-07-09 17:00:00+03:00,2025-07-09 20:00:00+03:00,2025-07-09,2025-07-09,2025,7,2025,7,2,2,17,20,-0.611743646853,-0.569487857399,0.0422557894538,0.527232067945,0.781732104895,ATR_TRAILING_STOP,10.835,10.8599543116,,0 days 03:00:00,180,3,SOURCE,SOURCE,SOURCE,UNAVAILABLE,DERIVED
v3,perpetual,true_oos,T3,H1,CNYRUBF,V3_TRUE_OOS,TradingSystemLab/results/perpetual_v3/true_oos/T3/H1/trades.csv,32,T3-H1-CNYRUBF-000009,v3|true_oos|T3|H1|CNYRUBF|TradingSystemLab/results/perpetual_v3/true_oos/T3/H1/trades.csv|32|T3-H1-CNYRUBF-000009,SHORT,2025-07-14 20:00:00+03:00,2025-07-17 11:00:00+03:00,2025-07-14,2025-07-17,2025,7,2025,7,0,3,20,11,-0.19309155859,-0.169058468767,0.0240330898231,0.180248173673,0.300413622789,ATR_TRAILING_STOP,10.857,10.8690688085,,2 days 15:00:00,3780,63,SOURCE,SOURCE,SOURCE,UNAVAILABLE,DERIVED
v3,perpetual,true_oos,T3,H1,CNYRUBF,V3_TRUE_OOS,TradingSystemLab/results/perpetual_v3/true_oos/T3/H1/trades.csv,34,T3-H1-CNYRUBF-000010,v3|true_oos|T3|H1|CNYRUBF|TradingSystemLab/results/perpetual_v3/true_oos/T3/H1/trades.csv|34|T3-H1-CNYRUBF-000010,LONG,2025-07-23 13:00:00+03:00,2025-07-24 14:00:00+03:00,2025-07-23,2025-07-24,2025,7,2025,7,2,3,13,14,1.58566956152,1.6240099939,0.0383404323801,0.939340593311,3.23976653611,ATR_TRAILING_STOP,10.997,11.0837152676,,1 days 01:00:00,1500,25,SOURCE,SOURCE,SOURCE,UNAVAILABLE,DERIVED
v3,perpetual,true_oos,T3,H1,CNYRUBF,V3_TRUE_OOS,TradingSystemLab/results/perpetual_v3/true_oos/T3/H1/trades.csv,35,T3-H1-CNYRUBF-000011,v3|true_oos|T3|H1|CNYRUBF|TradingSystemLab/results/perpetual_v3/true_oos/T3/H1/trades.csv|35|T3-H1-CNYRUBF-000011,LONG,2025-07-28 12:00:00+03:00,2025-07-29 15:00:00+03:00,2025-07-28,2025-07-29,2025,7,2025,7,0,1,12,15,3.76712457103,3.79675003929,0.0296254682684,0.118501873074,5.88065545127,ATR_TRAILING_STOP,11.131,11.3893166263,,1 days 03:00:00,1620,27,SOURCE,SOURCE,SOURCE,UNAVAILABLE,DERIVED
v3,perpetual,true_oos,T3,H1,CNYRUBF,V3_TRUE_OOS,TradingSystemLab/results/perpetual_v3/true_oos/T3/H1/trades.csv,41,T3-H1-CNYRUBF-000012,v3|true_oos|T3|H1|CNYRUBF|TradingSystemLab/results/perpetual_v3/true_oos/T3/H1/trades.csv|41|T3-H1-CNYRUBF-000012,LONG,2025-08-27 18:00:00+03:00,2025-08-28 16:00:00+03:00,2025-08-27,2025-08-28,2025,8,2025,8,2,3,18,16,-0.769219825888,-0.73498430524,0.0342355206476,0.700748784593,0.205413123886,ATR_TRAILING_STOP,11.263,11.2220630567,,0 days 22:00:00,1320,22,SOURCE,SOURCE,SOURCE,UNAVAILABLE,DERIVED
v3,perpetual,true_oos,T3,H1,CNYRUBF,V3_TRUE_OOS,TradingSystemLab/results/perpetual_v3/true_oos/T3/H1/trades.csv,45,T3-H1-CNYRUBF-000013,v3|true_oos|T3|H1|CNYRUBF|TradingSystemLab/results/perpetual_v3/true_oos/T3/H1/trades.csv|45|T3-H1-CNYRUBF-000013,LONG,2025-09-08 16:00:00+03:00,2025-09-11 12:00:00+03:00,2025-09-08,2025-09-11,2025,9,2025,9,0,3,16,12,8.13343090257,8.17218159485,0.0387506922862,0.0193753461431,10.423936225,ATR_TRAILING_STOP,11.525,11.9487824825,,2 days 20:00:00,4080,68,SOURCE,SOURCE,SOURCE,UNAVAILABLE,DERIVED
v3,perpetual,true_oos,T3,H1,CNYRUBF,V3_TRUE_OOS,TradingSystemLab/results/perpetual_v3/true_oos/T3/H1/trades.csv,51,T3-H1-CNYRUBF-000014,v3|true_oos|T3|H1|CNYRUBF|TradingSystemLab/results/perpetual_v3/true_oos/T3/H1/trades.csv|51|T3-H1-CNYRUBF-000014,LONG,2025-09-16 17:00:00+03:00,2025-09-18 12:00:00+03:00,2025-09-16,2025-09-18,2025,9,2025,9,1,3,17,12,-0.365545352932,-0.347242774033,0.0183025788995,0.585682524784,0.430110604139,ATR_TRAILING_STOP,11.691,11.6550553173,,1 days 19:00:00,2580,43,SOURCE,SOURCE,SOURCE,UNAVAILABLE,DERIVED
v3,perpetual,true_oos,T3,H1,CNYRUBF,V3_TRUE_OOS,TradingSystemLab/results/perpetual_v3/true_oos/T3/H1/trades.csv,58,T3-H1-CNYRUBF-000015,v3|true_oos|T3|H1|CNYRUBF|TradingSystemLab/results/perpetual_v3/true_oos/T3/H1/trades.csv|58|T3-H1-CNYRUBF-000015,SHORT,2025-10-01 11:00:00+03:00,2025-10-02 13:00:00+03:00,2025-10-01,2025-10-02,2025,10,2025,10,2,3,11,13,0.654296926736,0.680652460228,0.0263555334919,0.118599900713,2.0952649126,ATR_TRAILING_STOP,11.419,11.365348421,,1 days 02:00:00,1560,26,SOURCE,SOURCE,SOURCE,UNAVAILABLE,DERIVED
v3,perpetual,true_oos,T3,H1,CNYRUBF,V3_TRUE_OOS,TradingSystemLab/results/perpetual_v3/true_oos/T3/H1/trades.csv,62,T3-H1-CNYRUBF-000016,v3|true_oos|T3|H1|CNYRUBF|TradingSystemLab/results/perpetual_v3/true_oos/T3/H1/trades.csv|62|T3-H1-CNYRUBF-000016,SHORT,2025-10-07 10:00:00+03:00,2025-10-08 10:00:00+03:00,2025-10-07,2025-10-08,2025,10,2025,10,1,2,10,10,-0.12680583122,-0.105671526016,0.0211343052033,0.306447425447,0.792536445122,ATR_TRAILING_STOP,11.404,11.412,,1 days 00:00:00,1440,24,SOURCE,SOURCE,SOURCE,UNAVAILABLE,DERIVED
v3,perpetual,true_oos,T3,H1,CNYRUBF,V3_TRUE_OOS,TradingSystemLab/results/perpetual_v3/true_oos/T3/H1/trades.csv,63,T3-H1-CNYRUBF-000017,v3|true_oos|T3|H1|CNYRUBF|TradingSystemLab/results/perpetual_v3/true_oos/T3/H1/trades.csv|63|T3-H1-CNYRUBF-000017,SHORT,2025-10-08 18:00:00+03:00,2025-10-09 11:00:00+03:00,2025-10-08,2025-10-09,2025,10,2025,10,2,3,18,11,-0.93346521184,-0.913772643799,0.0196925680406,0.894080075758,0.0787702721624,ATR_TRAILING_STOP,11.273,11.3638038072,,0 days 17:00:00,1020,17,SOURCE,SOURCE,SOURCE,UNAVAILABLE,DERIVED
v3,perpetual,true_oos,T3,H1,CNYRUBF,V3_TRUE_OOS,TradingSystemLab/results/perpetual_v3/true_oos/T3/H1/trades.csv,69,T3-H1-CNYRUBF-000018,v3|true_oos|T3|H1|CNYRUBF|TradingSystemLab/results/perpetual_v3/true_oos/T3/H1/trades.csv|69|T3-H1-CNYRUBF-000018,SHORT,2025-10-14 11:00:00+03:00,2025-10-16 11:00:00+03:00,2025-10-14,2025-10-16,2025,10,2025,10,1,3,11,11,0.847998230005,0.870303134519,0.0223049045146,0.724909396725,1.91822178826,ATR_TRAILING_STOP,11.09,11.0099630701,,2 days 00:00:00,2880,48,SOURCE,SOURCE,SOURCE,UNAVAILABLE,DERIVED
v3,perpetual,true_oos,T3,H1,CNYRUBF,V3_TRUE_OOS,TradingSystemLab/results/perpetual_v3/true_oos/T3/H1/trades.csv,74,T3-H1-CNYRUBF-000019,v3|true_oos|T3|H1|CNYRUBF|TradingSystemLab/results/perpetual_v3/true_oos/T3/H1/trades.csv|74|T3-H1-CNYRUBF-000019,LONG,2025-10-22 11:00:00+03:00,2025-10-22 15:00:00+03:00,2025-10-22,2025-10-22,2025,10,2025,10,2,2,11,15,-1.03564076895,-1.01782038448,0.0178203844769,1,0.0267305767153,ATR_TRAILING_STOP,11.516,11.4037689759,,0 days 04:00:00,240,4,SOURCE,SOURCE,SOURCE,UNAVAILABLE,DERIVED
v3,perpetual,true_oos,T3,H1,CNYRUBF,V3_TRUE_OOS,TradingSystemLab/results/perpetual_v3/true_oos/T3/H1/trades.csv,77,T3-H1-CNYRUBF-000020,v3|true_oos|T3|H1|CNYRUBF|TradingSystemLab/results/perpetual_v3/true_oos/T3/H1/trades.csv|77|T3-H1-CNYRUBF-000020,SHORT,2025-10-24 18:00:00+03:00,2025-10-27 19:00:00+03:00,2025-10-24,2025-10-27,2025,10,2025,10,4,0,18,19,0.108518949493,0.123036818509,0.0145178690156,0.0435536070469,0.987215093063,ATR_TRAILING_STOP,11.16,11.1410502922,,3 days 01:00:00,4380,73,SOURCE,SOURCE,SOURCE,UNAVAILABLE,DERIVED
v3,perpetual,true_oos,T3,H1,CNYRUBF,V3_TRUE_OOS,TradingSystemLab/results/perpetual_v3/true_oos/T3/H1/trades.csv,83,T3-H1-CNYRUBF-000021,v3|true_oos|T3|H1|CNYRUBF|TradingSystemLab/results/perpetual_v3/true_oos/T3/H1/trades.csv|83|T3-H1-CNYRUBF-000021,SHORT,2025-11-20 23:00:00+03:00,2025-11-21 20:00:00+03:00,2025-11-20,2025-11-21,2025,11,2025,11,3,4,23,20,0.237427626514,0.26408745572,0.0266598292068,0.386567523499,1.66623932543,ATR_TRAILING_STOP,11.15,11.128188361,,0 days 21:00:00,1260,21,SOURCE,SOURCE,SOURCE,UNAVAILABLE,DERIVED
v3,perpetual,true_oos,T3,H1,CNYRUBF,V3_TRUE_OOS,TradingSystemLab/results/perpetual_v3/true_oos/T3/H1/trades.csv,85,T3-H1-CNYRUBF-000022,v3|true_oos|T3|H1|CNYRUBF|TradingSystemLab/results/perpetual_v3/true_oos/T3/H1/trades.csv|85|T3-H1-CNYRUBF-000022,SHORT,2025-11-24 14:00:00+03:00,2025-11-25 11:00:00+03:00,2025-11-24,2025-11-25,2025,11,2025,11,0,1,14,11,-0.826561147565,-0.805479503807,0.0210816437573,0.78439786005,0.115949040665,ATR_TRAILING_STOP,11.021,11.0954152467,,0 days 21:00:00,1260,21,SOURCE,SOURCE,SOURCE,UNAVAILABLE,DERIVED
v3,perpetual,true_oos,T3,H1,CNYRUBF,V3_TRUE_OOS,TradingSystemLab/results/perpetual_v3/true_oos/T3/H1/trades.csv,88,T3-H1-CNYRUBF-000023,v3|true_oos|T3|H1|CNYRUBF|TradingSystemLab/results/perpetual_v3/true_oos/T3/H1/trades.csv|88|T3-H1-CNYRUBF-000023,SHORT,2025-12-03 19:00:00+03:00,2025-12-04 13:00:00+03:00,2025-12-03,2025-12-04,2025,12,2025,12,2,3,19,13,0.0409357760788,0.0629483511855,0.0220125751067,0.0770440128733,1.26572306863,ATR_TRAILING_STOP,10.885,10.8772806918,,0 days 18:00:00,1080,18,SOURCE,SOURCE,SOURCE,UNAVAILABLE,DERIVED
v3,perpetual,true_oos,T3,H1,CNYRUBF,V3_TRUE_OOS,TradingSystemLab/results/perpetual_v3/true_oos/T3/H1/trades.csv,90,T3-H1-CNYRUBF-000024,v3|true_oos|T3|H1|CNYRUBF|TradingSystemLab/results/perpetual_v3/true_oos/T3/H1/trades.csv|90|T3-H1-CNYRUBF-000024,SHORT,2025-12-04 18:00:00+03:00,2025-12-05 11:00:00+03:00,2025-12-04,2025-12-05,2025,12,2025,12,3,4,18,11,0.219351731766,0.238149406881,0.0187976751151,0.0939883755755,1.43802214631,ATR_TRAILING_STOP,10.756,10.7286618233,,0 days 17:00:00,1020,17,SOURCE,SOURCE,SOURCE,UNAVAILABLE,DERIVED
v3,perpetual,true_oos,T3,H1,CNYRUBF,V3_TRUE_OOS,TradingSystemLab/results/perpetual_v3/true_oos/T3/H1/trades.csv,93,T3-H1-CNYRUBF-000025,v3|true_oos|T3|H1|CNYRUBF|TradingSystemLab/results/perpetual_v3/true_oos/T3/H1/trades.csv|93|T3-H1-CNYRUBF-000025,LONG,2025-12-11 12:00:00+03:00,2025-12-12 11:00:00+03:00,2025-12-11,2025-12-12,2025,12,2025,12,3,4,12,11,-0.39239099883,-0.373491019844,0.0188999789862,0.354591040858,0.652049275025,ATR_TRAILING_STOP,11.232,11.1944770968,,0 days 23:00:00,1380,23,SOURCE,SOURCE,SOURCE,UNAVAILABLE,DERIVED
v3,perpetual,true_oos,T3,H1,CNYRUBF,V3_TRUE_OOS,TradingSystemLab/results/perpetual_v3/true_oos/T3/H1/trades.csv,96,T3-H1-CNYRUBF-000026,v3|true_oos|T3|H1|CNYRUBF|TradingSystemLab/results/perpetual_v3/true_oos/T3/H1/trades.csv|96|T3-H1-CNYRUBF-000026,LONG,2025-12-19 11:00:00+03:00,2025-12-19 14:00:00+03:00,2025-12-19,2025-12-19,2025,12,2025,12,4,4,11,14,-1.04322415944,-1.02161207972,0.0216120797185,1,0.172896637748,ATR_TRAILING_STOP,11.507,11.4144591605,,0 days 03:00:00,180,3,SOURCE,SOURCE,SOURCE,UNAVAILABLE,DERIVED
v3,perpetual,true_oos,T3,H1,CNYRUBF,V3_TRUE_OOS,TradingSystemLab/results/perpetual_v3/true_oos/T3/H1/trades.csv,99,T3-H1-CNYRUBF-000027,v3|true_oos|T3|H1|CNYRUBF|TradingSystemLab/results/perpetual_v3/true_oos/T3/H1/trades.csv|99|T3-H1-CNYRUBF-000027,SHORT,2025-12-25 11:00:00+03:00,2025-12-26 11:00:00+03:00,2025-12-25,2025-12-26,2025,12,2025,12,3,4,11,11,0.158119302977,0.179332482606,0.021213179629,0.21213179629,1.29400395737,ATR_TRAILING_STOP,11.112,11.0930923524,,1 days 00:00:00,1440,24,SOURCE,SOURCE,SOURCE,UNAVAILABLE,DERIVED
v3,perpetual,true_oos,T3,H1,CNYRUBF,V3_TRUE_OOS,TradingSystemLab/results/perpetual_v3/true_oos/T3/H1/trades.csv,102,T3-H1-CNYRUBF-000028,v3|true_oos|T3|H1|CNYRUBF|TradingSystemLab/results/perpetual_v3/true_oos/T3/H1/trades.csv|102|T3-H1-CNYRUBF-000028,LONG,2026-01-05 10:00:00+03:00,2026-01-06 11:00:00+03:00,2026-01-05,2026-01-06,2026,1,2026,1,0,1,10,11,0.895465560349,0.916486559889,0.0210209995397,0.136636497008,1.9549529572,ATR_TRAILING_STOP,11.278,11.3671972389,,1 days 01:00:00,1500,25,SOURCE,SOURCE,SOURCE,UNAVAILABLE,DERIVED
v3,perpetual,true_oos,T3,H1,CNYRUBF,V3_TRUE_OOS,TradingSystemLab/results/perpetual_v3/true_oos/T3/H1/trades.csv,106,T3-H1-CNYRUBF-000029,v3|true_oos|T3|H1|CNYRUBF|TradingSystemLab/results/perpetual_v3/true_oos/T3/H1/trades.csv|106|T3-H1-CNYRUBF-000029,SHORT,2026-01-22 11:00:00+03:00,2026-01-23 12:00:00+03:00,2026-01-22,2026-01-23,2026,1,2026,1,3,4,11,12,-0.0824531618163,-0.0592937162231,0.0231594455932,0.173695841949,1.0190156061,ATR_TRAILING_STOP,10.882,10.885120478,,1 days 01:00:00,1500,25,SOURCE,SOURCE,SOURCE,UNAVAILABLE,DERIVED
v3,perpetual,true_oos,T3,H1,CNYRUBF,V3_TRUE_OOS,TradingSystemLab/results/perpetual_v3/true_oos/T3/H1/trades.csv,116,T3-H1-CNYRUBF-000030,v3|true_oos|T3|H1|CNYRUBF|TradingSystemLab/results/perpetual_v3/true_oos/T3/H1/trades.csv|116|T3-H1-CNYRUBF-000030,LONG,2026-02-26 10:00:00+03:00,2026-02-26 11:00:00+03:00,2026-02-26,2026-02-26,2026,2,2026,2,3,3,10,11,-1.0501541399,-1.02507706995,0.0250770699479,1,0,ATR_TRAILING_STOP,11.369,11.2892458659,,0 days 01:00:00,60,1,SOURCE,SOURCE,SOURCE,UNAVAILABLE,DERIVED
v3,perpetual,true_oos,T3,H1,CNYRUBF,V3_TRUE_OOS,TradingSystemLab/results/perpetual_v3/true_oos/T3/H1/trades.csv,120,T3-H1-CNYRUBF-000031,v3|true_oos|T3|H1|CNYRUBF|TradingSystemLab/results/perpetual_v3/true_oos/T3/H1/trades.csv|120|T3-H1-CNYRUBF-000031,LONG,2026-03-05 19:00:00+03:00,2026-03-06 19:00:00+03:00,2026-03-05,2026-03-06,2026,3,2026,3,3,4,19,19,-0.267676141987,-0.243471460338,0.0242046816494,0.229944475669,0.931880243501,ATR_TRAILING_STOP,11.42,11.4018822836,,1 days 00:00:00,1440,24,SOURCE,SOURCE,SOURCE,UNAVAILABLE,DERIVED
v3,perpetual,true_oos,T3,H1,CNYRUBF,V3_TRUE_OOS,TradingSystemLab/results/perpetual_v3/true_oos/T3/H1/trades.csv,123,T3-H1-CNYRUBF-000032,v3|true_oos|T3|H1|CNYRUBF|TradingSystemLab/results/perpetual_v3/true_oos/T3/H1/trades.csv|123|T3-H1-CNYRUBF-000032,LONG,2026-03-10 11:00:00+03:00,2026-03-12 10:00:00+03:00,2026-03-10,2026-03-12,2026,3,2026,3,1,3,11,10,0.166412182107,0.186772994722,0.0203608126147,0.264690563992,1.02822103704,ATR_TRAILING_STOP,11.447,11.4673463203,,1 days 23:00:00,2820,47,SOURCE,SOURCE,SOURCE,UNAVAILABLE,DERIVED
v3,perpetual,true_oos,T3,H1,CNYRUBF,V3_TRUE_OOS,TradingSystemLab/results/perpetual_v3/true_oos/T3/H1/trades.csv,124,T3-H1-CNYRUBF-000033,v3|true_oos|T3|H1|CNYRUBF|TradingSystemLab/results/perpetual_v3/true_oos/T3/H1/trades.csv|124|T3-H1-CNYRUBF-000033,LONG,2026-03-16 16:00:00+03:00,2026-03-18 14:00:00+03:00,2026-03-16,2026-03-18,2026,3,2026,3,0,2,16,14,2.34322816199,2.3652695435,0.0220413815068,0.562055228423,3.65886933013,ATR_TRAILING_STOP,11.829,12.045620807,,1 days 22:00:00,2760,46,SOURCE,SOURCE,SOURCE,UNAVAILABLE,DERIVED
v3,perpetual,true_oos,T3,H1,CNYRUBF,V3_TRUE_OOS,TradingSystemLab/results/perpetual_v3/true_oos/T3/H1/trades.csv,126,T3-H1-CNYRUBF-000034,v3|true_oos|T3|H1|CNYRUBF|TradingSystemLab/results/perpetual_v3/true_oos/T3/H1/trades.csv|126|T3-H1-CNYRUBF-000034,LONG,2026-03-18 16:00:00+03:00,2026-03-19 13:00:00+03:00,2026-03-18,2026-03-19,2026,3,2026,3,2,3,16,13,1.21690870321,1.23442513947,0.0175164362651,0.30653763464,2.59243256724,ATR_TRAILING_STOP,12.162,12.3049447813,,0 days 21:00:00,1260,21,SOURCE,SOURCE,SOURCE,UNAVAILABLE,DERIVED
v3,perpetual,true_oos,T3,H1,CNYRUBF,V3_TRUE_OOS,TradingSystemLab/results/perpetual_v3/true_oos/T3/H1/trades.csv,129,T3-H1-CNYRUBF-000035,v3|true_oos|T3|H1|CNYRUBF|TradingSystemLab/results/perpetual_v3/true_oos/T3/H1/trades.csv|129|T3-H1-CNYRUBF-000035,LONG,2026-03-25 18:00:00+03:00,2026-03-26 14:00:00+03:00,2026-03-25,2026-03-26,2026,3,2026,3,2,3,18,14,0.779381781534,0.7969298459,0.0175480643658,0.0087740321829,2.07067159516,ATR_TRAILING_STOP,11.749,11.8418282337,,0 days 20:00:00,1200,20,SOURCE,SOURCE,SOURCE,UNAVAILABLE,DERIVED
v3,perpetual,true_oos,T3,H1,CNYRUBF,V3_TRUE_OOS,TradingSystemLab/results/perpetual_v3/true_oos/T3/H1/trades.csv,135,T3-H1-CNYRUBF-000036,v3|true_oos|T3|H1|CNYRUBF|TradingSystemLab/results/perpetual_v3/true_oos/T3/H1/trades.csv|135|T3-H1-CNYRUBF-000036,SHORT,2026-04-20 10:00:00+03:00,2026-04-21 14:00:00+03:00,2026-04-20,2026-04-21,2026,4,2026,4,0,1,10,14,0.825581742913,0.849651389893,0.0240696469805,0.553601880551,1.9737110524,ATR_TRAILING_STOP,11.061,10.988400594,,1 days 04:00:00,1680,28,SOURCE,SOURCE,SOURCE,UNAVAILABLE,DERIVED
v3,perpetual,true_oos,T3,H1,CNYRUBF,V3_TRUE_OOS,TradingSystemLab/results/perpetual_v3/true_oos/T3/H1/trades.csv,142,T3-H1-CNYRUBF-000037,v3|true_oos|T3|H1|CNYRUBF|TradingSystemLab/results/perpetual_v3/true_oos/T3/H1/trades.csv|142|T3-H1-CNYRUBF-000037,SHORT,2026-05-19 11:00:00+03:00,2026-05-20 11:00:00+03:00,2026-05-19,2026-05-20,2026,5,2026,5,1,2,11,11,1.60664853716,1.6371655553,0.0305170181421,0.42723825399,3.03644330514,ATR_TRAILING_STOP,10.45,10.3407047494,,1 days 00:00:00,1440,24,SOURCE,SOURCE,SOURCE,UNAVAILABLE,DERIVED
v3,perpetual,true_oos,T3,H1,CNYRUBF,V3_TRUE_OOS,TradingSystemLab/results/perpetual_v3/true_oos/T3/H1/trades.csv,147,T3-H1-CNYRUBF-000038,v3|true_oos|T3|H1|CNYRUBF|TradingSystemLab/results/perpetual_v3/true_oos/T3/H1/trades.csv|147|T3-H1-CNYRUBF-000038,SHORT,2026-05-26 19:00:00+03:00,2026-05-27 16:00:00+03:00,2026-05-26,2026-05-27,2026,5,2026,5,1,2,19,16,-0.468906629756,-0.446406252996,0.0225003767595,0.423905876237,0.618760360887,ATR_TRAILING_STOP,10.473,10.5106798914,,0 days 21:00:00,1260,21,SOURCE,SOURCE,SOURCE,UNAVAILABLE,DERIVED
v3,perpetual,true_oos,T3,H1,CNYRUBF,V3_TRUE_OOS,TradingSystemLab/results/perpetual_v3/true_oos/T3/H1/trades.csv,150,T3-H1-CNYRUBF-000039,v3|true_oos|T3|H1|CNYRUBF|TradingSystemLab/results/perpetual_v3/true_oos/T3/H1/trades.csv|150|T3-H1-CNYRUBF-000039,LONG,2026-06-03 14:00:00+03:00,2026-06-04 17:00:00+03:00,2026-06-03,2026-06-04,2026,6,2026,6,2,3,14,17,-0.203794989892,-0.186904618169,0.0168903717233,0.41381410722,0.886744515472,ATR_TRAILING_STOP,10.899,10.8788685015,,1 days 03:00:00,1620,27,SOURCE,SOURCE,SOURCE,UNAVAILABLE,DERIVED
v3,perpetual,true_oos,T3,H1,CNYRUBF,V3_TRUE_OOS,TradingSystemLab/results/perpetual_v3/true_oos/T3/H1/trades.csv,154,T3-H1-CNYRUBF-000040,v3|true_oos|T3|H1|CNYRUBF|TradingSystemLab/results/perpetual_v3/true_oos/T3/H1/trades.csv|154|T3-H1-CNYRUBF-000040,SHORT,2026-06-09 11:00:00+03:00,2026-06-10 11:00:00+03:00,2026-06-09,2026-06-10,2026,6,2026,6,1,2,11,11,0.0258895676606,0.0484836865826,0.0225941189219,0.293723545985,1.25397360017,ATR_TRAILING_STOP,10.615,10.6087082915,,1 days 00:00:00,1440,24,SOURCE,SOURCE,SOURCE,UNAVAILABLE,DERIVED
v3,perpetual,true_oos,T3,H1,CNYRUBF,V3_TRUE_OOS,TradingSystemLab/results/perpetual_v3/true_oos/T3/H1/trades.csv,160,T3-H1-CNYRUBF-000041,v3|true_oos|T3|H1|CNYRUBF|TradingSystemLab/results/perpetual_v3/true_oos/T3/H1/trades.csv|160|T3-H1-CNYRUBF-000041,LONG,2026-06-22 19:00:00+03:00,2026-06-23 12:00:00+03:00,2026-06-22,2026-06-23,2026,6,2026,6,0,1,19,12,-0.0669732960767,-0.0465235715365,0.0204497245402,0.092023760431,1.01226136474,ATR_TRAILING_STOP,10.989,10.9864499562,,0 days 17:00:00,1020,17,SOURCE,SOURCE,SOURCE,UNAVAILABLE,DERIVED
v3,perpetual,true_oos,T3,H1,CNYRUBF,V3_TRUE_OOS,TradingSystemLab/results/perpetual_v3/true_oos/T3/H1/trades.csv,164,T3-H1-CNYRUBF-000042,v3|true_oos|T3|H1|CNYRUBF|TradingSystemLab/results/perpetual_v3/true_oos/T3/H1/trades.csv|164|T3-H1-CNYRUBF-000042,LONG,2026-06-25 19:00:00+03:00,2026-06-26 20:00:00+03:00,2026-06-25,2026-06-26,2026,6,2026,6,3,4,19,20,3.14105833081,3.1629564028,0.021898071992,0.16423553994,5.08035270214,ATR_TRAILING_STOP,11.18,11.4708798981,,1 days 01:00:00,1500,25,SOURCE,SOURCE,SOURCE,UNAVAILABLE,DERIVED
v3,perpetual,true_oos,T3,H1,CNYRUBF,V3_TRUE_OOS,TradingSystemLab/results/perpetual_v3/true_oos/T3/H1/trades.csv,166,T3-H1-CNYRUBF-000043,v3|true_oos|T3|H1|CNYRUBF|TradingSystemLab/results/perpetual_v3/true_oos/T3/H1/trades.csv|166|T3-H1-CNYRUBF-000043,LONG,2026-06-30 19:00:00+03:00,2026-07-01 11:00:00+03:00,2026-06-30,2026-07-01,2026,6,2026,7,1,2,19,11,-0.401676047158,-0.387467211246,0.0142088359114,0.373258375335,0.5612490185,ATR_TRAILING_STOP,11.626,11.57346109,,0 days 16:00:00,960,16,SOURCE,SOURCE,SOURCE,UNAVAILABLE,DERIVED
v3,perpetual,true_oos,T3,H1,CNYRUBF,V3_TRUE_OOS,TradingSystemLab/results/perpetual_v3/true_oos/T3/H1/trades.csv,174,T3-H1-CNYRUBF-000044,v3|true_oos|T3|H1|CNYRUBF|TradingSystemLab/results/perpetual_v3/true_oos/T3/H1/trades.csv|174|T3-H1-CNYRUBF-000044,LONG,2026-08-03 11:00:00+03:00,2026-08-04 20:00:00+03:00,2026-08-03,2026-08-04,2026,8,2026,8,0,1,11,20,1.37863317196,1.40561612949,0.026982957534,0.0809488726019,2.79273610477,ATR_TRAILING_STOP,11.824,11.9301854754,,1 days 09:00:00,1980,33,SOURCE,SOURCE,SOURCE,UNAVAILABLE,DERIVED
v3,perpetual,true_oos,T3,H1,CNYRUBF,V3_TRUE_OOS,TradingSystemLab/results/perpetual_v3/true_oos/T3/H1/trades.csv,177,T3-H1-CNYRUBF-000045,v3|true_oos|T3|H1|CNYRUBF|TradingSystemLab/results/perpetual_v3/true_oos/T3/H1/trades.csv|177|T3-H1-CNYRUBF-000045,LONG,2026-08-06 10:00:00+03:00,2026-08-10 09:00:00+03:00,2026-08-06,2026-08-10,2026,8,2026,8,3,0,10,9,2.32710028141,2.35479642498,0.0276961435693,0.360049866401,2.93579121835,ATR_TRAILING_STOP,12.059,12.2310450764,,3 days 23:00:00,5700,95,SOURCE,SOURCE,SOURCE,UNAVAILABLE,DERIVED
v3,perpetual,true_oos,T3,H1,CNYRUBF,V3_TRUE_OOS,TradingSystemLab/results/perpetual_v3/true_oos/T3/H1/trades.csv,180,T3-H1-CNYRUBF-000046,v3|true_oos|T3|H1|CNYRUBF|TradingSystemLab/results/perpetual_v3/true_oos/T3/H1/trades.csv|180|T3-H1-CNYRUBF-000046,LONG,2026-08-13 13:00:00+03:00,2026-08-14 12:00:00+03:00,2026-08-13,2026-08-14,2026,8,2026,8,3,4,13,12,0.0647376644637,0.0904463001299,0.0257086356662,0.218523403163,1.13117996931,ATR_TRAILING_STOP,12.454,12.4630362583,,0 days 23:00:00,1380,23,SOURCE,SOURCE,SOURCE,UNAVAILABLE,DERIVED
v3,perpetual,true_oos,T3,H1,CNYRUBF,V3_TRUE_OOS,TradingSystemLab/results/perpetual_v3/true_oos/T3/H1/trades.csv,183,T3-H1-CNYRUBF-000047,v3|true_oos|T3|H1|CNYRUBF|TradingSystemLab/results/perpetual_v3/true_oos/T3/H1/trades.csv|183|T3-H1-CNYRUBF-000047,LONG,2026-08-17 07:00:00+03:00,2026-08-18 00:00:00+03:00,2026-08-17,2026-08-18,2026,8,2026,8,0,1,7,0,0.261815673946,0.289896551563,0.028080877617,0.547577113531,1.71293353464,ATR_TRAILING_STOP,12.57,12.5926472572,,0 days 17:00:00,1020,17,SOURCE,SOURCE,SOURCE,UNAVAILABLE,DERIVED
v3,perpetual,true_oos,T3,H1,CNYRUBF,V3_TRUE_OOS,TradingSystemLab/results/perpetual_v3/true_oos/T3/H1/trades.csv,190,T3-H1-CNYRUBF-000048,v3|true_oos|T3|H1|CNYRUBF|TradingSystemLab/results/perpetual_v3/true_oos/T3/H1/trades.csv|190|T3-H1-CNYRUBF-000048,LONG,2026-08-26 19:00:00+03:00,2026-08-28 10:00:00+03:00,2026-08-26,2026-08-28,2026,8,2026,8,2,4,19,10,1.94717592232,1.96965078412,0.0224748618018,0,3.25885496126,ATR_TRAILING_STOP,12.603,12.7802758973,,1 days 15:00:00,2340,39,SOURCE,SOURCE,SOURCE,UNAVAILABLE,DERIVED
v3,perpetual,true_oos,T3,H1,CNYRUBF,V3_TRUE_OOS,TradingSystemLab/results/perpetual_v3/true_oos/T3/H1/trades.csv,192,T3-H1-CNYRUBF-000049,v3|true_oos|T3|H1|CNYRUBF|TradingSystemLab/results/perpetual_v3/true_oos/T3/H1/trades.csv|192|T3-H1-CNYRUBF-000049,LONG,2026-08-28 19:00:00+03:00,2026-08-31 08:00:00+03:00,2026-08-28,2026-08-31,2026,8,2026,8,4,0,19,8,-0.374559117151,-0.358353165984,0.0162059511669,0.342147214817,0.0729267802513,ATR_TRAILING_STOP,12.91,12.8677751147,,2 days 13:00:00,3660,61,SOURCE,SOURCE,SOURCE,UNAVAILABLE,DERIVED
v3,perpetual,true_oos,T3,H1,CNYRUBF,V3_TRUE_OOS,TradingSystemLab/results/perpetual_v3/true_oos/T3/H1/trades.csv,194,T3-H1-CNYRUBF-000050,v3|true_oos|T3|H1|CNYRUBF|TradingSystemLab/results/perpetual_v3/true_oos/T3/H1/trades.csv|194|T3-H1-CNYRUBF-000050,LONG,2026-09-01 14:00:00+03:00,2026-09-02 11:00:00+03:00,2026-09-01,2026-09-02,2026,9,2026,9,1,2,14,11,-0.800429050754,-0.779751339719,0.0206777110354,0.759073628684,0.26881024346,ATR_TRAILING_STOP,12.944,12.8705804975,,0 days 21:00:00,1260,21,SOURCE,SOURCE,SOURCE,UNAVAILABLE,DERIVED
v3,perpetual,true_oos,T3,H1,CNYRUBF,V3_TRUE_OOS,TradingSystemLab/results/perpetual_v3/true_oos/T3/H1/trades.csv,198,T3-H1-CNYRUBF-000051,v3|true_oos|T3|H1|CNYRUBF|TradingSystemLab/results/perpetual_v3/true_oos/T3/H1/trades.csv|198|T3-H1-CNYRUBF-000051,SHORT,2026-09-14 10:00:00+03:00,2026-09-14 12:00:00+03:00,2026-09-14,2026-09-14,2026,9,2026,9,0,0,10,12,-1.04890433657,-1.02445216828,0.0244521682845,1,0.0855825889959,ATR_TRAILING_STOP,12.473,12.5547923375,,0 days 02:00:00,120,2,SOURCE,SOURCE,SOURCE,UNAVAILABLE,DERIVED
v3,perpetual,true_oos,T3,H1,GLDRUBF,V3_TRUE_OOS,TradingSystemLab/results/perpetual_v3/true_oos/T3/H1/trades.csv,3,T3-H1-GLDRUBF-000001,v3|true_oos|T3|H1|GLDRUBF|TradingSystemLab/results/perpetual_v3/true_oos/T3/H1/trades.csv|3|T3-H1-GLDRUBF-000001,SHORT,2025-02-25 19:00:00+03:00,2025-02-26 10:00:00+03:00,2025-02-25,2025-02-26,2025,2,2025,2,1,2,19,10,-0.416577065511,-0.416558698892,1.83666190366e-05,0.416540332273,0.700686516245,ATR_TRAILING_STOP,8110.7,8156.05841152,,0 days 15:00:00,900,15,SOURCE,SOURCE,SOURCE,UNAVAILABLE,DERIVED
v3,perpetual,true_oos,T3,H1,GLDRUBF,V3_TRUE_OOS,TradingSystemLab/results/perpetual_v3/true_oos/T3/H1/trades.csv,15,T3-H1-GLDRUBF-000002,v3|true_oos|T3|H1|GLDRUBF|TradingSystemLab/results/perpetual_v3/true_oos/T3/H1/trades.csv|15|T3-H1-GLDRUBF-000002,LONG,2025-04-04 15:00:00+03:00,2025-04-07 17:00:00+03:00,2025-04-04,2025-04-07,2025,4,2025,4,4,0,15,17,-0.943036611903,-0.943022909193,1.37027104845e-05,0.98385461279,0.234316349286,ATR_TRAILING_STOP,8556.9,8419.26165355,,3 days 02:00:00,4440,74,SOURCE,SOURCE,SOURCE,UNAVAILABLE,DERIVED
v3,perpetual,true_oos,T3,H1,GLDRUBF,V3_TRUE_OOS,TradingSystemLab/results/perpetual_v3/true_oos/T3/H1/trades.csv,22,T3-H1-GLDRUBF-000003,v3|true_oos|T3|H1|GLDRUBF|TradingSystemLab/results/perpetual_v3/true_oos/T3/H1/trades.csv|22|T3-H1-GLDRUBF-000003,LONG,2025-04-21 09:00:00+03:00,2025-04-22 11:00:00+03:00,2025-04-21,2025-04-22,2025,4,2025,4,0,1,9,11,1.0867288659,1.0867455324,1.66664992464e-05,0.464995328975,2.24164414864,ATR_TRAILING_STOP,8850,8980.41277389,,1 days 02:00:00,1560,26,SOURCE,SOURCE,SOURCE,UNAVAILABLE,DERIVED
v3,perpetual,true_oos,T3,H1,GLDRUBF,V3_TRUE_OOS,TradingSystemLab/results/perpetual_v3/true_oos/T3/H1/trades.csv,27,T3-H1-GLDRUBF-000004,v3|true_oos|T3|H1|GLDRUBF|TradingSystemLab/results/perpetual_v3/true_oos/T3/H1/trades.csv|27|T3-H1-GLDRUBF-000004,SHORT,2025-07-09 12:00:00+03:00,2025-07-09 18:00:00+03:00,2025-07-09,2025-07-09,2025,7,2025,7,2,2,12,18,-1.00005698775,-1.00002849387,2.84938738347e-05,1,0.101153252113,ATR_TRAILING_STOP,8184.2,8254.39052627,,0 days 06:00:00,360,6,SOURCE,SOURCE,SOURCE,UNAVAILABLE,DERIVED
v3,perpetual,true_oos,T3,H1,GLDRUBF,V3_TRUE_OOS,TradingSystemLab/results/perpetual_v3/true_oos/T3/H1/trades.csv,38,T3-H1-GLDRUBF-000005,v3|true_oos|T3|H1|GLDRUBF|TradingSystemLab/results/perpetual_v3/true_oos/T3/H1/trades.csv|38|T3-H1-GLDRUBF-000005,LONG,2025-07-29 11:00:00+03:00,2025-07-30 15:00:00+03:00,2025-07-29,2025-07-30,2025,7,2025,7,1,2,11,15,-0.508588065312,-0.5085658329,2.22324115947e-05,0.71699527393,0.610279698275,ATR_TRAILING_STOP,8668.4,8622.65205239,,1 days 04:00:00,1680,28,SOURCE,SOURCE,SOURCE,UNAVAILABLE,DERIVED
v3,perpetual,true_oos,T3,H1,GLDRUBF,V3_TRUE_OOS,TradingSystemLab/results/perpetual_v3/true_oos/T3/H1/trades.csv,42,T3-H1-GLDRUBF-000006,v3|true_oos|T3|H1|GLDRUBF|TradingSystemLab/results/perpetual_v3/true_oos/T3/H1/trades.csv|42|T3-H1-GLDRUBF-000006,LONG,2025-08-29 17:00:00+03:00,2025-09-01 11:00:00+03:00,2025-08-29,2025-09-01,2025,8,2025,9,4,0,17,11,2.57577981081,2.57582333248,4.35216690361e-05,0,3.81249820756,ATR_TRAILING_STOP,8796.3,8914.67169443,,2 days 18:00:00,3960,66,SOURCE,SOURCE,SOURCE,UNAVAILABLE,DERIVED
v3,perpetual,true_oos,T3,H1,GLDRUBF,V3_TRUE_OOS,TradingSystemLab/results/perpetual_v3/true_oos/T3/H1/trades.csv,43,T3-H1-GLDRUBF-000007,v3|true_oos|T3|H1|GLDRUBF|TradingSystemLab/results/perpetual_v3/true_oos/T3/H1/trades.csv|43|T3-H1-GLDRUBF-000007,LONG,2025-09-02 15:00:00+03:00,2025-09-04 09:00:00+03:00,2025-09-02,2025-09-04,2025,9,2025,9,1,3,15,9,2.11090821858,2.11094282477,3.46061873927e-05,0.325298161491,4.11813629973,ATR_TRAILING_STOP,8952,9074,,1 days 18:00:00,2520,42,SOURCE,SOURCE,SOURCE,UNAVAILABLE,DERIVED
v3,perpetual,true_oos,T3,H1,GLDRUBF,V3_TRUE_OOS,TradingSystemLab/results/perpetual_v3/true_oos/T3/H1/trades.csv,44,T3-H1-GLDRUBF-000008,v3|true_oos|T3|H1|GLDRUBF|TradingSystemLab/results/perpetual_v3/true_oos/T3/H1/trades.csv|44|T3-H1-GLDRUBF-000008,LONG,2025-09-05 13:00:00+03:00,2025-09-07 17:00:00+03:00,2025-09-05,2025-09-07,2025,9,2025,9,4,6,13,17,1.11594439504,1.11597186101,2.74659715713e-05,0.116730379178,1.66169128006,ATR_TRAILING_STOP,9204,9285.26414346,,2 days 04:00:00,3120,52,SOURCE,SOURCE,SOURCE,UNAVAILABLE,DERIVED
v3,perpetual,true_oos,T3,H1,GLDRUBF,V3_TRUE_OOS,TradingSystemLab/results/perpetual_v3/true_oos/T3/H1/trades.csv,46,T3-H1-GLDRUBF-000009,v3|true_oos|T3|H1|GLDRUBF|TradingSystemLab/results/perpetual_v3/true_oos/T3/H1/trades.csv|46|T3-H1-GLDRUBF-000009,LONG,2025-09-08 13:00:00+03:00,2025-09-11 12:00:00+03:00,2025-09-08,2025-09-11,2025,9,2025,9,0,3,13,12,6.16486635057,6.16489965006,3.32994976037e-05,0.018314723682,8.13007233994,ATR_TRAILING_STOP,9428.5,9798.7718295,,2 days 23:00:00,4260,71,SOURCE,SOURCE,SOURCE,UNAVAILABLE,DERIVED
v3,perpetual,true_oos,T3,H1,GLDRUBF,V3_TRUE_OOS,TradingSystemLab/results/perpetual_v3/true_oos/T3/H1/trades.csv,55,T3-H1-GLDRUBF-000010,v3|true_oos|T3|H1|GLDRUBF|TradingSystemLab/results/perpetual_v3/true_oos/T3/H1/trades.csv|55|T3-H1-GLDRUBF-000010,LONG,2025-09-22 09:00:00+03:00,2025-09-24 14:00:00+03:00,2025-09-22,2025-09-24,2025,9,2025,9,0,2,9,14,2.38311518955,2.3831421149,2.69253528389e-05,0.0673133820972,3.80724489142,ATR_TRAILING_STOP,9806,9983.02045017,,2 days 05:00:00,3180,53,SOURCE,SOURCE,SOURCE,UNAVAILABLE,DERIVED
v3,perpetual,true_oos,T3,H1,GLDRUBF,V3_TRUE_OOS,TradingSystemLab/results/perpetual_v3/true_oos/T3/H1/trades.csv,61,T3-H1-GLDRUBF-000011,v3|true_oos|T3|H1|GLDRUBF|TradingSystemLab/results/perpetual_v3/true_oos/T3/H1/trades.csv|61|T3-H1-GLDRUBF-000011,LONG,2025-10-03 13:00:00+03:00,2025-10-07 10:00:00+03:00,2025-10-03,2025-10-07,2025,10,2025,10,4,1,13,10,2.16579302773,2.16581088297,1.7855238061e-05,0.216048380538,3.0737792322,ATR_TRAILING_STOP,10078.2,10320.7986963,,3 days 21:00:00,5580,93,SOURCE,SOURCE,SOURCE,UNAVAILABLE,DERIVED
v3,perpetual,true_oos,T3,H1,GLDRUBF,V3_TRUE_OOS,TradingSystemLab/results/perpetual_v3/true_oos/T3/H1/trades.csv,66,T3-H1-GLDRUBF-000012,v3|true_oos|T3|H1|GLDRUBF|TradingSystemLab/results/perpetual_v3/true_oos/T3/H1/trades.csv|66|T3-H1-GLDRUBF-000012,LONG,2025-10-08 09:00:00+03:00,2025-10-09 19:00:00+03:00,2025-10-08,2025-10-09,2025,10,2025,10,2,3,9,19,-0.632164131101,-0.632146658254,1.74728462138e-05,0.632129185408,0.425463805307,ATR_TRAILING_STOP,10504,10431.6443943,,1 days 10:00:00,2040,34,SOURCE,SOURCE,SOURCE,UNAVAILABLE,DERIVED
v3,perpetual,true_oos,T3,H1,GLDRUBF,V3_TRUE_OOS,TradingSystemLab/results/perpetual_v3/true_oos/T3/H1/trades.csv,68,T3-H1-GLDRUBF-000013,v3|true_oos|T3|H1|GLDRUBF|TradingSystemLab/results/perpetual_v3/true_oos/T3/H1/trades.csv|68|T3-H1-GLDRUBF-000013,LONG,2025-10-11 11:00:00+03:00,2025-10-13 11:00:00+03:00,2025-10-11,2025-10-13,2025,10,2025,10,5,0,11,11,0.459471216072,0.459488656558,1.74404864662e-05,0.202309643008,1.21996202831,ATR_TRAILING_STOP,10480,10532.6941835,,2 days 00:00:00,2880,48,SOURCE,SOURCE,SOURCE,UNAVAILABLE,DERIVED
v3,perpetual,true_oos,T3,H1,GLDRUBF,V3_TRUE_OOS,TradingSystemLab/results/perpetual_v3/true_oos/T3/H1/trades.csv,71,T3-H1-GLDRUBF-000014,v3|true_oos|T3|H1|GLDRUBF|TradingSystemLab/results/perpetual_v3/true_oos/T3/H1/trades.csv|71|T3-H1-GLDRUBF-000014,LONG,2025-10-16 11:00:00+03:00,2025-10-17 17:00:00+03:00,2025-10-16,2025-10-17,2025,10,2025,10,3,4,11,17,3.7811246141,3.78114140065,1.67865487083e-05,0.285371328041,5.69399732186,ATR_TRAILING_STOP,10699,11149.4985811,,1 days 06:00:00,1800,30,SOURCE,SOURCE,SOURCE,UNAVAILABLE,DERIVED
v3,perpetual,true_oos,T3,H1,GLDRUBF,V3_TRUE_OOS,TradingSystemLab/results/perpetual_v3/true_oos/T3/H1/trades.csv,73,T3-H1-GLDRUBF-000015,v3|true_oos|T3|H1|GLDRUBF|TradingSystemLab/results/perpetual_v3/true_oos/T3/H1/trades.csv|73|T3-H1-GLDRUBF-000015,LONG,2025-10-20 15:00:00+03:00,2025-10-21 11:00:00+03:00,2025-10-20,2025-10-21,2025,10,2025,10,0,1,15,11,0.261043720283,0.261057421145,1.37008616306e-05,0.0739846528055,1.45708663442,ATR_TRAILING_STOP,11107.6,11145.7101757,,0 days 20:00:00,1200,20,SOURCE,SOURCE,SOURCE,UNAVAILABLE,DERIVED
v3,perpetual,true_oos,T3,H1,GLDRUBF,V3_TRUE_OOS,TradingSystemLab/results/perpetual_v3/true_oos/T3/H1/trades.csv,79,T3-H1-GLDRUBF-000016,v3|true_oos|T3|H1|GLDRUBF|TradingSystemLab/results/perpetual_v3/true_oos/T3/H1/trades.csv|79|T3-H1-GLDRUBF-000016,SHORT,2025-10-27 18:00:00+03:00,2025-10-29 10:00:00+03:00,2025-10-27,2025-10-29,2025,10,2025,10,0,2,18,10,-0.0839251094858,-0.0839152402687,9.86921706918e-06,0.887736075373,0.781641991879,ATR_TRAILING_STOP,10117,10134.0034503,,1 days 16:00:00,2400,40,SOURCE,SOURCE,SOURCE,UNAVAILABLE,DERIVED
v3,perpetual,true_oos,T3,H1,GLDRUBF,V3_TRUE_OOS,TradingSystemLab/results/perpetual_v3/true_oos/T3/H1/trades.csv,80,T3-H1-GLDRUBF-000017,v3|true_oos|T3|H1|GLDRUBF|TradingSystemLab/results/perpetual_v3/true_oos/T3/H1/trades.csv|80|T3-H1-GLDRUBF-000017,LONG,2025-11-19 10:00:00+03:00,2025-11-19 20:00:00+03:00,2025-11-19,2025-11-19,2025,11,2025,11,2,2,10,20,-1.00003194291,-1.00001597145,1.59714525671e-05,1,0.0990230059161,ATR_TRAILING_STOP,10667.6,10542.3765745,,0 days 10:00:00,600,10,SOURCE,SOURCE,SOURCE,UNAVAILABLE,DERIVED
v3,perpetual,true_oos,T3,H1,GLDRUBF,V3_TRUE_OOS,TradingSystemLab/results/perpetual_v3/true_oos/T3/H1/trades.csv,82,T3-H1-GLDRUBF-000018,v3|true_oos|T3|H1|GLDRUBF|TradingSystemLab/results/perpetual_v3/true_oos/T3/H1/trades.csv|82|T3-H1-GLDRUBF-000018,SHORT,2025-11-21 11:00:00+03:00,2025-11-21 17:00:00+03:00,2025-11-21,2025-11-21,2025,11,2025,11,4,4,11,17,-0.978263489308,-0.978250095337,1.33939712271e-05,0.978236701366,0.196221678477,ATR_TRAILING_STOP,10219.3,10365.3711965,,0 days 06:00:00,360,6,SOURCE,SOURCE,SOURCE,UNAVAILABLE,DERIVED
v3,perpetual,true_oos,T3,H1,GLDRUBF,V3_TRUE_OOS,TradingSystemLab/results/perpetual_v3/true_oos/T3/H1/trades.csv,94,T3-H1-GLDRUBF-000019,v3|true_oos|T3|H1|GLDRUBF|TradingSystemLab/results/perpetual_v3/true_oos/T3/H1/trades.csv|94|T3-H1-GLDRUBF-000019,LONG,2025-12-12 11:00:00+03:00,2025-12-12 19:00:00+03:00,2025-12-12,2025-12-12,2025,12,2025,12,4,4,11,19,-0.241201668362,-0.241186513588,1.515477409e-05,0.241171358814,0.922168003378,ATR_TRAILING_STOP,10856.2,10824.3722265,,0 days 08:00:00,480,8,SOURCE,SOURCE,SOURCE,UNAVAILABLE,DERIVED
v3,perpetual,true_oos,T3,H1,GLDRUBF,V3_TRUE_OOS,TradingSystemLab/results/perpetual_v3/true_oos/T3/H1/trades.csv,98,T3-H1-GLDRUBF-000020,v3|true_oos|T3|H1|GLDRUBF|TradingSystemLab/results/perpetual_v3/true_oos/T3/H1/trades.csv|98|T3-H1-GLDRUBF-000020,LONG,2025-12-24 15:00:00+03:00,2025-12-24 18:00:00+03:00,2025-12-24,2025-12-24,2025,12,2025,12,2,2,15,18,-0.923656564194,-0.923639264826,1.72993680077e-05,0.923621965458,0.249975867711,ATR_TRAILING_STOP,11158.1,11051.3189933,,0 days 03:00:00,180,3,SOURCE,SOURCE,SOURCE,UNAVAILABLE,DERIVED
v3,perpetual,true_oos,T3,H1,GLDRUBF,V3_TRUE_OOS,TradingSystemLab/results/perpetual_v3/true_oos/T3/H1/trades.csv,103,T3-H1-GLDRUBF-000021,v3|true_oos|T3|H1|GLDRUBF|TradingSystemLab/results/perpetual_v3/true_oos/T3/H1/trades.csv|103|T3-H1-GLDRUBF-000021,LONG,2025-12-30 16:00:00+03:00,2026-01-08 09:00:00+03:00,2025-12-30,2026-01-08,2025,12,2026,1,1,3,16,9,1.28013283287,1.28014393088,1.10980063189e-05,0.653117671866,2.2517854821,ATR_TRAILING_STOP,11062.3,11293,,8 days 17:00:00,12540,209,SOURCE,SOURCE,SOURCE,UNAVAILABLE,DERIVED
v3,perpetual,true_oos,T3,H1,GLDRUBF,V3_TRUE_OOS,TradingSystemLab/results/perpetual_v3/true_oos/T3/H1/trades.csv,104,T3-H1-GLDRUBF-000022,v3|true_oos|T3|H1|GLDRUBF|TradingSystemLab/results/perpetual_v3/true_oos/T3/H1/trades.csv|104|T3-H1-GLDRUBF-000022,LONG,2026-01-12 17:00:00+03:00,2026-01-13 11:00:00+03:00,2026-01-12,2026-01-13,2026,1,2026,1,0,1,17,11,-0.796682158098,-0.796667716575,1.44415224155e-05,0.796653275053,0.198570933214,ATR_TRAILING_STOP,11649.9,11539.5718432,,0 days 18:00:00,1080,18,SOURCE,SOURCE,SOURCE,UNAVAILABLE,DERIVED
v3,perpetual,true_oos,T3,H1,GLDRUBF,V3_TRUE_OOS,TradingSystemLab/results/perpetual_v3/true_oos/T3/H1/trades.csv,109,T3-H1-GLDRUBF-000023,v3|true_oos|T3|H1|GLDRUBF|TradingSystemLab/results/perpetual_v3/true_oos/T3/H1/trades.csv|109|T3-H1-GLDRUBF-000023,LONG,2026-01-23 09:00:00+03:00,2026-01-26 23:00:00+03:00,2026-01-23,2026-01-26,2026,1,2026,1,4,0,9,23,2.26435420424,2.26436646938,1.2265147239e-05,0.631041825445,3.30791021035,ATR_TRAILING_STOP,12003,12372.2379211,,3 days 14:00:00,5160,86,SOURCE,SOURCE,SOURCE,UNAVAILABLE,DERIVED
v3,perpetual,true_oos,T3,H1,GLDRUBF,V3_TRUE_OOS,TradingSystemLab/results/perpetual_v3/true_oos/T3/H1/trades.csv,110,T3-H1-GLDRUBF-000024,v3|true_oos|T3|H1|GLDRUBF|TradingSystemLab/results/perpetual_v3/true_oos/T3/H1/trades.csv|110|T3-H1-GLDRUBF-000024,LONG,2026-01-28 11:00:00+03:00,2026-01-29 12:00:00+03:00,2026-01-28,2026-01-29,2026,1,2026,1,2,3,11,12,2.57933335137,2.57934252707,9.17569554079e-06,0.576233679962,4.40433385958,ATR_TRAILING_STOP,12900,13462.2138815,,1 days 01:00:00,1500,25,SOURCE,SOURCE,SOURCE,UNAVAILABLE,DERIVED
v3,perpetual,true_oos,T3,H1,GLDRUBF,V3_TRUE_OOS,TradingSystemLab/results/perpetual_v3/true_oos/T3/H1/trades.csv,113,T3-H1-GLDRUBF-000025,v3|true_oos|T3|H1|GLDRUBF|TradingSystemLab/results/perpetual_v3/true_oos/T3/H1/trades.csv|113|T3-H1-GLDRUBF-000025,LONG,2026-02-03 20:00:00+03:00,2026-02-04 18:00:00+03:00,2026-02-03,2026-02-04,2026,2,2026,2,1,2,20,18,-0.236214798115,-0.236209603471,5.19464464359e-06,0.593228418298,0.85322038271,ATR_TRAILING_STOP,12358.6,12267.658492,,0 days 22:00:00,1320,22,SOURCE,SOURCE,SOURCE,UNAVAILABLE,DERIVED
v3,perpetual,true_oos,T3,H1,GLDRUBF,V3_TRUE_OOS,TradingSystemLab/results/perpetual_v3/true_oos/T3/H1/trades.csv,117,T3-H1-GLDRUBF-000026,v3|true_oos|T3|H1|GLDRUBF|TradingSystemLab/results/perpetual_v3/true_oos/T3/H1/trades.csv|117|T3-H1-GLDRUBF-000026,LONG,2026-02-28 13:00:00+03:00,2026-03-02 10:00:00+03:00,2026-02-28,2026-03-02,2026,2,2026,3,5,0,13,10,-0.689510048676,-0.689500289567,9.75910821248e-06,0.775849102892,0.114669521497,ATR_TRAILING_STOP,13479,13337.6980459,,1 days 21:00:00,2700,45,SOURCE,SOURCE,SOURCE,UNAVAILABLE,DERIVED
v3,perpetual,true_oos,T3,H1,GLDRUBF,V3_TRUE_OOS,TradingSystemLab/results/perpetual_v3/true_oos/T3/H1/trades.csv,128,T3-H1-GLDRUBF-000027,v3|true_oos|T3|H1|GLDRUBF|TradingSystemLab/results/perpetual_v3/true_oos/T3/H1/trades.csv|128|T3-H1-GLDRUBF-000027,SHORT,2026-03-20 18:00:00+03:00,2026-03-23 15:00:00+03:00,2026-03-20,2026-03-23,2026,3,2026,3,4,0,18,15,2.10320439067,2.10321121799,6.82732317057e-06,0.147128814326,3.78609206424,ATR_TRAILING_STOP,12206.9,11590.7820888,,2 days 21:00:00,4140,69,SOURCE,SOURCE,SOURCE,UNAVAILABLE,DERIVED
v3,perpetual,true_oos,T3,H1,GLDRUBF,V3_TRUE_OOS,TradingSystemLab/results/perpetual_v3/true_oos/T3/H1/trades.csv,131,T3-H1-GLDRUBF-000028,v3|true_oos|T3|H1|GLDRUBF|TradingSystemLab/results/perpetual_v3/true_oos/T3/H1/trades.csv|131|T3-H1-GLDRUBF-000028,SHORT,2026-03-26 13:00:00+03:00,2026-03-27 18:00:00+03:00,2026-03-26,2026-03-27,2026,3,2026,3,3,4,13,18,-0.456607617117,-0.456599962655,7.65446217467e-06,0.795298619949,0.727939352811,ATR_TRAILING_STOP,11536,11655.3009509,,1 days 05:00:00,1740,29,SOURCE,SOURCE,SOURCE,UNAVAILABLE,DERIVED
v3,perpetual,true_oos,T3,H1,GLDRUBF,V3_TRUE_OOS,TradingSystemLab/results/perpetual_v3/true_oos/T3/H1/trades.csv,141,T3-H1-GLDRUBF-000029,v3|true_oos|T3|H1|GLDRUBF|TradingSystemLab/results/perpetual_v3/true_oos/T3/H1/trades.csv|141|T3-H1-GLDRUBF-000029,SHORT,2026-05-11 13:00:00+03:00,2026-05-11 17:00:00+03:00,2026-05-11,2026-05-11,2026,5,2026,5,0,0,13,17,-1.00002953063,-1.00001476532,1.47653165885e-05,1,0.00442959497656,ATR_TRAILING_STOP,11054.2,11189.6525647,,0 days 04:00:00,240,4,SOURCE,SOURCE,SOURCE,UNAVAILABLE,DERIVED
v3,perpetual,true_oos,T3,H1,GLDRUBF,V3_TRUE_OOS,TradingSystemLab/results/perpetual_v3/true_oos/T3/H1/trades.csv,143,T3-H1-GLDRUBF-000030,v3|true_oos|T3|H1|GLDRUBF|TradingSystemLab/results/perpetual_v3/true_oos/T3/H1/trades.csv|143|T3-H1-GLDRUBF-000030,SHORT,2026-05-19 22:00:00+03:00,2026-05-20 11:00:00+03:00,2026-05-19,2026-05-20,2026,5,2026,5,1,2,22,11,-0.0496041017906,-0.0495885335499,1.55682407057e-05,0.0646081989285,1.10145302993,ATR_TRAILING_STOP,10166.4,10172.7684736,,0 days 13:00:00,780,13,SOURCE,SOURCE,SOURCE,UNAVAILABLE,DERIVED
v3,perpetual,true_oos,T3,H1,GLDRUBF,V3_TRUE_OOS,TradingSystemLab/results/perpetual_v3/true_oos/T3/H1/trades.csv,149,T3-H1-GLDRUBF-000031,v3|true_oos|T3|H1|GLDRUBF|TradingSystemLab/results/perpetual_v3/true_oos/T3/H1/trades.csv|149|T3-H1-GLDRUBF-000031,SHORT,2026-05-26 13:00:00+03:00,2026-05-28 18:00:00+03:00,2026-05-26,2026-05-28,2026,5,2026,5,1,3,13,18,1.91143106833,1.91144686721,1.57988886584e-05,0.195116274932,3.10843134355,ATR_TRAILING_STOP,10338.2,10096.2256805,,2 days 05:00:00,3180,53,SOURCE,SOURCE,SOURCE,UNAVAILABLE,DERIVED
v3,perpetual,true_oos,T3,H1,GLDRUBF,V3_TRUE_OOS,TradingSystemLab/results/perpetual_v3/true_oos/T3/H1/trades.csv,156,T3-H1-GLDRUBF-000032,v3|true_oos|T3|H1|GLDRUBF|TradingSystemLab/results/perpetual_v3/true_oos/T3/H1/trades.csv|156|T3-H1-GLDRUBF-000032,SHORT,2026-06-09 11:00:00+03:00,2026-06-11 21:00:00+03:00,2026-06-09,2026-06-11,2026,6,2026,6,1,3,11,21,4.18545152795,4.18546947308,1.79451275167e-05,0.665764230868,5.79896795701,ATR_TRAILING_STOP,9965.7,9499.22380312,,2 days 10:00:00,3480,58,SOURCE,SOURCE,SOURCE,UNAVAILABLE,DERIVED
v3,perpetual,true_oos,T3,H1,GLDRUBF,V3_TRUE_OOS,TradingSystemLab/results/perpetual_v3/true_oos/T3/H1/trades.csv,157,T3-H1-GLDRUBF-000033,v3|true_oos|T3|H1|GLDRUBF|TradingSystemLab/results/perpetual_v3/true_oos/T3/H1/trades.csv|157|T3-H1-GLDRUBF-000033,SHORT,2026-06-17 23:00:00+03:00,2026-06-18 10:00:00+03:00,2026-06-17,2026-06-18,2026,6,2026,6,2,3,23,10,-1.00002555047,-1.00001277523,1.27752340734e-05,1,0.0453520809607,ATR_TRAILING_STOP,9866.7,10023.2529045,,0 days 11:00:00,660,11,SOURCE,SOURCE,SOURCE,UNAVAILABLE,DERIVED
v3,perpetual,true_oos,T3,H1,GLDRUBF,V3_TRUE_OOS,TradingSystemLab/results/perpetual_v3/true_oos/T3/H1/trades.csv,159,T3-H1-GLDRUBF-000034,v3|true_oos|T3|H1|GLDRUBF|TradingSystemLab/results/perpetual_v3/true_oos/T3/H1/trades.csv|159|T3-H1-GLDRUBF-000034,SHORT,2026-06-19 09:00:00+03:00,2026-06-22 09:00:00+03:00,2026-06-19,2026-06-22,2026,6,2026,6,4,0,9,9,-0.654613771807,-0.654601061353,1.27104534155e-05,0.6545883509,0.538287702148,ATR_TRAILING_STOP,9718,9821,,3 days 00:00:00,4320,72,SOURCE,SOURCE,SOURCE,UNAVAILABLE,DERIVED
v3,perpetual,true_oos,T3,H1,GLDRUBF,V3_TRUE_OOS,TradingSystemLab/results/perpetual_v3/true_oos/T3/H1/trades.csv,172,T3-H1-GLDRUBF-000035,v3|true_oos|T3|H1|GLDRUBF|TradingSystemLab/results/perpetual_v3/true_oos/T3/H1/trades.csv|172|T3-H1-GLDRUBF-000035,LONG,2026-07-22 09:00:00+03:00,2026-07-23 08:00:00+03:00,2026-07-22,2026-07-23,2026,7,2026,7,2,3,9,8,-0.799533004739,-0.799515526192,1.74785466182e-05,0.927236898098,0.289269946532,ATR_TRAILING_STOP,10380.6,10289.1166444,,0 days 23:00:00,1380,23,SOURCE,SOURCE,SOURCE,UNAVAILABLE,DERIVED
v3,perpetual,true_oos,T3,H1,GLDRUBF,V3_TRUE_OOS,TradingSystemLab/results/perpetual_v3/true_oos/T3/H1/trades.csv,176,T3-H1-GLDRUBF-000036,v3|true_oos|T3|H1|GLDRUBF|TradingSystemLab/results/perpetual_v3/true_oos/T3/H1/trades.csv|176|T3-H1-GLDRUBF-000036,LONG,2026-08-03 15:00:00+03:00,2026-08-10 08:00:00+03:00,2026-08-03,2026-08-10,2026,8,2026,8,0,0,15,8,10.1793183443,10.17933835,2.00057754277e-05,0.769222065195,10.886142699,ATR_TRAILING_STOP,10410.7,11428.3419697,,6 days 17:00:00,9660,161,SOURCE,SOURCE,SOURCE,UNAVAILABLE,DERIVED
v3,perpetual,true_oos,T3,H1,GLDRUBF,V3_TRUE_OOS,TradingSystemLab/results/perpetual_v3/true_oos/T3/H1/trades.csv,179,T3-H1-GLDRUBF-000037,v3|true_oos|T3|H1|GLDRUBF|TradingSystemLab/results/perpetual_v3/true_oos/T3/H1/trades.csv|179|T3-H1-GLDRUBF-000037,LONG,2026-08-12 13:00:00+03:00,2026-08-14 07:00:00+03:00,2026-08-12,2026-08-14,2026,8,2026,8,2,4,13,7,-0.432612048593,-0.432595724842,1.63237509846e-05,0.646420538989,0.842305550803,ATR_TRAILING_STOP,11701.8,11648.8,,1 days 18:00:00,2520,42,SOURCE,SOURCE,SOURCE,UNAVAILABLE,DERIVED
v3,perpetual,true_oos,T3,H1,GLDRUBF,V3_TRUE_OOS,TradingSystemLab/results/perpetual_v3/true_oos/T3/H1/trades.csv,185,T3-H1-GLDRUBF-000038,v3|true_oos|T3|H1|GLDRUBF|TradingSystemLab/results/perpetual_v3/true_oos/T3/H1/trades.csv|185|T3-H1-GLDRUBF-000038,LONG,2026-08-14 17:00:00+03:00,2026-08-18 08:00:00+03:00,2026-08-14,2026-08-18,2026,8,2026,8,4,1,17,8,0.89171823556,0.891731827423,1.35918624742e-05,0.265720911371,1.89946278077,ATR_TRAILING_STOP,11819.2,11950.4175459,,3 days 15:00:00,5220,87,SOURCE,SOURCE,SOURCE,UNAVAILABLE,DERIVED
v3,perpetual,true_oos,T3,H1,GLDRUBF,V3_TRUE_OOS,TradingSystemLab/results/perpetual_v3/true_oos/T3/H1/trades.csv,186,T3-H1-GLDRUBF-000039,v3|true_oos|T3|H1|GLDRUBF|TradingSystemLab/results/perpetual_v3/true_oos/T3/H1/trades.csv|186|T3-H1-GLDRUBF-000039,LONG,2026-08-19 16:00:00+03:00,2026-08-20 09:00:00+03:00,2026-08-19,2026-08-20,2026,8,2026,8,2,3,16,9,-0.597011527364,-0.596998360384,1.31669796833e-05,0.664932474005,0.593830783716,ATR_TRAILING_STOP,12039.8,11949.1208606,,0 days 17:00:00,1020,17,SOURCE,SOURCE,SOURCE,UNAVAILABLE,DERIVED
v3,perpetual,true_oos,T3,H1,GLDRUBF,V3_TRUE_OOS,TradingSystemLab/results/perpetual_v3/true_oos/T3/H1/trades.csv,188,T3-H1-GLDRUBF-000040,v3|true_oos|T3|H1|GLDRUBF|TradingSystemLab/results/perpetual_v3/true_oos/T3/H1/trades.csv|188|T3-H1-GLDRUBF-000040,LONG,2026-08-21 10:00:00+03:00,2026-08-24 11:00:00+03:00,2026-08-21,2026-08-24,2026,8,2026,8,4,0,10,11,1.47956107599,1.4795731886,1.21126082807e-05,0.259815447622,2.17300192556,ATR_TRAILING_STOP,12091.2,12335.5049865,,3 days 01:00:00,4380,73,SOURCE,SOURCE,SOURCE,UNAVAILABLE,DERIVED
v3,perpetual,true_oos,T3,H1,GLDRUBF,V3_TRUE_OOS,TradingSystemLab/results/perpetual_v3/true_oos/T3/H1/trades.csv,196,T3-H1-GLDRUBF-000041,v3|true_oos|T3|H1|GLDRUBF|TradingSystemLab/results/perpetual_v3/true_oos/T3/H1/trades.csv|196|T3-H1-GLDRUBF-000041,LONG,2026-09-02 17:00:00+03:00,2026-09-04 08:00:00+03:00,2026-09-02,2026-09-04,2026,9,2026,9,2,4,17,8,0.660424695059,0.660436363752,1.16686931527e-05,0.351227663897,1.71004698153,ATR_TRAILING_STOP,12194.9,12308.1,,1 days 15:00:00,2340,39,SOURCE,SOURCE,SOURCE,UNAVAILABLE,DERIVED
v3,perpetual,true_oos,T3,H1,IMOEXF,V3_TRUE_OOS,TradingSystemLab/results/perpetual_v3/true_oos/T3/H1/trades.csv,2,T3-H1-IMOEXF-000001,v3|true_oos|T3|H1|IMOEXF|TradingSystemLab/results/perpetual_v3/true_oos/T3/H1/trades.csv|2|T3-H1-IMOEXF-000001,LONG,2025-02-17 23:00:00+03:00,2025-02-18 11:00:00+03:00,2025-02-17,2025-02-18,2025,2,2025,2,0,1,23,11,-0.766121545308,-0.766085331846,3.62134613456e-05,0.766049118385,0.398348074802,ATR_TRAILING_STOP,3341,3298.69257674,,0 days 12:00:00,720,12,SOURCE,SOURCE,SOURCE,UNAVAILABLE,DERIVED
v3,perpetual,true_oos,T3,H1,IMOEXF,V3_TRUE_OOS,TradingSystemLab/results/perpetual_v3/true_oos/T3/H1/trades.csv,6,T3-H1-IMOEXF-000002,v3|true_oos|T3|H1|IMOEXF|TradingSystemLab/results/perpetual_v3/true_oos/T3/H1/trades.csv|6|T3-H1-IMOEXF-000002,LONG,2025-03-04 19:00:00+03:00,2025-03-05 11:00:00+03:00,2025-03-04,2025-03-05,2025,3,2025,3,1,2,19,11,-0.21052629902,-0.210496030209,3.02688114965e-05,0.210465761397,0.870228330525,ATR_TRAILING_STOP,3260.5,3246.5935563,,0 days 16:00:00,960,16,SOURCE,SOURCE,SOURCE,UNAVAILABLE,DERIVED
v3,perpetual,true_oos,T3,H1,IMOEXF,V3_TRUE_OOS,TradingSystemLab/results/perpetual_v3/true_oos/T3/H1/trades.csv,11,T3-H1-IMOEXF-000003,v3|true_oos|T3|H1|IMOEXF|TradingSystemLab/results/perpetual_v3/true_oos/T3/H1/trades.csv|11|T3-H1-IMOEXF-000003,SHORT,2025-03-28 15:00:00+03:00,2025-04-01 09:00:00+03:00,2025-03-28,2025-04-01,2025,3,2025,4,4,1,15,9,-0.454141142906,-0.454098905077,4.22378295114e-05,0.454056667247,0.855316047605,ATR_TRAILING_STOP,3015.5,3037,,3 days 18:00:00,5400,90,SOURCE,SOURCE,SOURCE,UNAVAILABLE,DERIVED
v3,perpetual,true_oos,T3,H1,IMOEXF,V3_TRUE_OOS,TradingSystemLab/results/perpetual_v3/true_oos/T3/H1/trades.csv,14,T3-H1-IMOEXF-000004,v3|true_oos|T3|H1|IMOEXF|TradingSystemLab/results/perpetual_v3/true_oos/T3/H1/trades.csv|14|T3-H1-IMOEXF-000004,SHORT,2025-04-01 22:00:00+03:00,2025-04-03 09:00:00+03:00,2025-04-01,2025-04-03,2025,4,2025,4,1,3,22,9,-0.726232828397,-0.726197832598,3.49957993638e-05,0.726162836799,0.428698542206,ATR_TRAILING_STOP,2936,2977.5,,1 days 11:00:00,2100,35,SOURCE,SOURCE,SOURCE,UNAVAILABLE,DERIVED
v3,perpetual,true_oos,T3,H1,IMOEXF,V3_TRUE_OOS,TradingSystemLab/results/perpetual_v3/true_oos/T3/H1/trades.csv,16,T3-H1-IMOEXF-000005,v3|true_oos|T3|H1|IMOEXF|TradingSystemLab/results/perpetual_v3/true_oos/T3/H1/trades.csv|16|T3-H1-IMOEXF-000005,SHORT,2025-04-03 17:00:00+03:00,2025-04-07 17:00:00+03:00,2025-04-03,2025-04-07,2025,4,2025,4,3,0,17,17,2.84035020627,2.8403837204,3.35141264849e-05,0.00837853162122,4.44062175925,ATR_TRAILING_STOP,2908,2738.49432986,,4 days 00:00:00,5760,96,SOURCE,SOURCE,SOURCE,UNAVAILABLE,DERIVED
v3,perpetual,true_oos,T3,H1,IMOEXF,V3_TRUE_OOS,TradingSystemLab/results/perpetual_v3/true_oos/T3/H1/trades.csv,17,T3-H1-IMOEXF-000006,v3|true_oos|T3|H1|IMOEXF|TradingSystemLab/results/perpetual_v3/true_oos/T3/H1/trades.csv|17|T3-H1-IMOEXF-000006,SHORT,2025-04-08 23:00:00+03:00,2025-04-09 20:00:00+03:00,2025-04-08,2025-04-09,2025,4,2025,4,1,2,23,20,-0.0967443467311,-0.0967189744025,2.537232859e-05,0.348869518112,1.04660855434,ATR_TRAILING_STOP,2685.5,2693.12197303,,0 days 21:00:00,1260,21,SOURCE,SOURCE,SOURCE,UNAVAILABLE,DERIVED
v3,perpetual,true_oos,T3,H1,IMOEXF,V3_TRUE_OOS,TradingSystemLab/results/perpetual_v3/true_oos/T3/H1/trades.csv,23,T3-H1-IMOEXF-000007,v3|true_oos|T3|H1|IMOEXF|TradingSystemLab/results/perpetual_v3/true_oos/T3/H1/trades.csv|23|T3-H1-IMOEXF-000007,SHORT,2025-05-02 10:00:00+03:00,2025-05-06 11:00:00+03:00,2025-05-02,2025-05-06,2025,5,2025,5,4,1,10,11,1.72970620546,1.72974344835,3.72428937856e-05,0.0093107234464,2.73735269324,ATR_TRAILING_STOP,2878.5,2785.60814787,,4 days 01:00:00,5820,97,SOURCE,SOURCE,SOURCE,UNAVAILABLE,DERIVED
v3,perpetual,true_oos,T3,H1,IMOEXF,V3_TRUE_OOS,TradingSystemLab/results/perpetual_v3/true_oos/T3/H1/trades.csv,29,T3-H1-IMOEXF-000008,v3|true_oos|T3|H1|IMOEXF|TradingSystemLab/results/perpetual_v3/true_oos/T3/H1/trades.csv|29|T3-H1-IMOEXF-000008,SHORT,2025-07-08 10:00:00+03:00,2025-07-10 10:00:00+03:00,2025-07-08,2025-07-10,2025,7,2025,7,1,3,10,10,1.44828518833,1.44837433605,8.91477209353e-05,0.579460186079,2.9641617211,ATR_TRAILING_STOP,2756,2723.50419487,,2 days 00:00:00,2880,48,SOURCE,SOURCE,SOURCE,UNAVAILABLE,DERIVED
v3,perpetual,true_oos,T3,H1,IMOEXF,V3_TRUE_OOS,TradingSystemLab/results/perpetual_v3/true_oos/T3/H1/trades.csv,31,T3-H1-IMOEXF-000009,v3|true_oos|T3|H1|IMOEXF|TradingSystemLab/results/perpetual_v3/true_oos/T3/H1/trades.csv|31|T3-H1-IMOEXF-000009,SHORT,2025-07-11 12:00:00+03:00,2025-07-14 13:00:00+03:00,2025-07-11,2025-07-14,2025,7,2025,7,4,0,12,13,1.52005518093,1.52012547557,7.02946390595e-05,0.0351473195298,3.00509581979,ATR_TRAILING_STOP,2693.5,2650.24788887,,3 days 01:00:00,4380,73,SOURCE,SOURCE,SOURCE,UNAVAILABLE,DERIVED
v3,perpetual,true_oos,T3,H1,IMOEXF,V3_TRUE_OOS,TradingSystemLab/results/perpetual_v3/true_oos/T3/H1/trades.csv,37,T3-H1-IMOEXF-000010,v3|true_oos|T3|H1|IMOEXF|TradingSystemLab/results/perpetual_v3/true_oos/T3/H1/trades.csv|37|T3-H1-IMOEXF-000010,SHORT,2025-07-28 16:00:00+03:00,2025-07-29 16:00:00+03:00,2025-07-28,2025-07-29,2025,7,2025,7,0,1,16,16,-0.315540324437,-0.315482446353,5.78780845812e-05,0.315424568268,0.651128451539,ATR_TRAILING_STOP,2751,2761.89962014,,1 days 00:00:00,1440,24,SOURCE,SOURCE,SOURCE,UNAVAILABLE,DERIVED
v3,perpetual,true_oos,T3,H1,IMOEXF,V3_TRUE_OOS,TradingSystemLab/results/perpetual_v3/true_oos/T3/H1/trades.csv,39,T3-H1-IMOEXF-000011,v3|true_oos|T3|H1|IMOEXF|TradingSystemLab/results/perpetual_v3/true_oos/T3/H1/trades.csv|39|T3-H1-IMOEXF-000011,SHORT,2025-07-30 16:00:00+03:00,2025-08-01 00:00:00+03:00,2025-07-30,2025-08-01,2025,7,2025,8,2,4,16,0,-0.680635310027,-0.680567234696,6.80753306883e-05,0.714790972227,0.204225992065,ATR_TRAILING_STOP,2724.5,2744.49253334,,1 days 08:00:00,1920,32,SOURCE,SOURCE,SOURCE,UNAVAILABLE,DERIVED
v3,perpetual,true_oos,T3,H1,IMOEXF,V3_TRUE_OOS,TradingSystemLab/results/perpetual_v3/true_oos/T3/H1/trades.csv,40,T3-H1-IMOEXF-000012,v3|true_oos|T3|H1|IMOEXF|TradingSystemLab/results/perpetual_v3/true_oos/T3/H1/trades.csv|40|T3-H1-IMOEXF-000012,LONG,2025-08-07 12:00:00+03:00,2025-08-12 16:00:00+03:00,2025-08-07,2025-08-12,2025,8,2025,8,3,1,12,16,0.823954535017,0.823987013751,3.24787334662e-05,0.75513055309,1.42906427251,ATR_TRAILING_STOP,2910,2960.74209518,,5 days 04:00:00,7440,124,SOURCE,SOURCE,SOURCE,UNAVAILABLE,DERIVED
v3,perpetual,true_oos,T3,H1,IMOEXF,V3_TRUE_OOS,TradingSystemLab/results/perpetual_v3/true_oos/T3/H1/trades.csv,48,T3-H1-IMOEXF-000013,v3|true_oos|T3|H1|IMOEXF|TradingSystemLab/results/perpetual_v3/true_oos/T3/H1/trades.csv|48|T3-H1-IMOEXF-000013,SHORT,2025-09-12 20:00:00+03:00,2025-09-14 16:00:00+03:00,2025-09-12,2025-09-14,2025,9,2025,9,4,6,20,16,-0.257069075573,-0.256999750098,6.93254747978e-05,0.256930424624,0.31196463659,ATR_TRAILING_STOP,2835,2842.4122947,,1 days 20:00:00,2640,44,SOURCE,SOURCE,SOURCE,UNAVAILABLE,DERIVED
v3,perpetual,true_oos,T3,H1,IMOEXF,V3_TRUE_OOS,TradingSystemLab/results/perpetual_v3/true_oos/T3/H1/trades.csv,49,T3-H1-IMOEXF-000014,v3|true_oos|T3|H1|IMOEXF|TradingSystemLab/results/perpetual_v3/true_oos/T3/H1/trades.csv|49|T3-H1-IMOEXF-000014,SHORT,2025-09-15 12:00:00+03:00,2025-09-16 10:00:00+03:00,2025-09-15,2025-09-16,2025,9,2025,9,0,1,12,10,-0.739356497972,-0.739243317325,0.00011318064612,0.739130136679,0.537608069072,ATR_TRAILING_STOP,2816.5,2829.5610694,,0 days 22:00:00,1320,22,SOURCE,SOURCE,SOURCE,UNAVAILABLE,DERIVED
v3,perpetual,true_oos,T3,H1,IMOEXF,V3_TRUE_OOS,TradingSystemLab/results/perpetual_v3/true_oos/T3/H1/trades.csv,50,T3-H1-IMOEXF-000015,v3|true_oos|T3|H1|IMOEXF|TradingSystemLab/results/perpetual_v3/true_oos/T3/H1/trades.csv|50|T3-H1-IMOEXF-000015,SHORT,2025-09-16 13:00:00+03:00,2025-09-17 10:00:00+03:00,2025-09-16,2025-09-17,2025,9,2025,9,1,2,13,10,-0.630985181173,-0.63091308506,7.20961130225e-05,0.811081271503,0.378504593368,ATR_TRAILING_STOP,2793.5,2811,,0 days 21:00:00,1260,21,SOURCE,SOURCE,SOURCE,UNAVAILABLE,DERIVED
v3,perpetual,true_oos,T3,H1,IMOEXF,V3_TRUE_OOS,TradingSystemLab/results/perpetual_v3/true_oos/T3/H1/trades.csv,53,T3-H1-IMOEXF-000016,v3|true_oos|T3|H1|IMOEXF|TradingSystemLab/results/perpetual_v3/true_oos/T3/H1/trades.csv|53|T3-H1-IMOEXF-000016,SHORT,2025-09-18 17:00:00+03:00,2025-09-18 20:00:00+03:00,2025-09-18,2025-09-18,2025,9,2025,9,3,3,17,20,-1.00016032519,-1.00008016259,8.01625947181e-05,1,0.0200406486795,ATR_TRAILING_STOP,2787.5,2812.44929221,,0 days 03:00:00,180,3,SOURCE,SOURCE,SOURCE,UNAVAILABLE,DERIVED
v3,perpetual,true_oos,T3,H1,IMOEXF,V3_TRUE_OOS,TradingSystemLab/results/perpetual_v3/true_oos/T3/H1/trades.csv,54,T3-H1-IMOEXF-000017,v3|true_oos|T3|H1|IMOEXF|TradingSystemLab/results/perpetual_v3/true_oos/T3/H1/trades.csv|54|T3-H1-IMOEXF-000017,SHORT,2025-09-19 12:00:00+03:00,2025-09-22 18:00:00+03:00,2025-09-19,2025-09-22,2025,9,2025,9,4,0,12,18,1.42063463158,1.42071232847,7.76968846617e-05,0.349635980978,2.79708784782,ATR_TRAILING_STOP,2779,2742.42736182,,3 days 06:00:00,4680,78,SOURCE,SOURCE,SOURCE,UNAVAILABLE,DERIVED
v3,perpetual,true_oos,T3,H1,IMOEXF,V3_TRUE_OOS,TradingSystemLab/results/perpetual_v3/true_oos/T3/H1/trades.csv,56,T3-H1-IMOEXF-000018,v3|true_oos|T3|H1|IMOEXF|TradingSystemLab/results/perpetual_v3/true_oos/T3/H1/trades.csv|56|T3-H1-IMOEXF-000018,SHORT,2025-09-23 23:00:00+03:00,2025-09-24 15:00:00+03:00,2025-09-23,2025-09-24,2025,9,2025,9,1,2,23,15,-0.917358130177,-0.917307651014,5.04791634203e-05,0.91725717185,0.265015607956,ATR_TRAILING_STOP,2690,2726.34201162,,0 days 16:00:00,960,16,SOURCE,SOURCE,SOURCE,UNAVAILABLE,DERIVED
v3,perpetual,true_oos,T3,H1,IMOEXF,V3_TRUE_OOS,TradingSystemLab/results/perpetual_v3/true_oos/T3/H1/trades.csv,57,T3-H1-IMOEXF-000019,v3|true_oos|T3|H1|IMOEXF|TradingSystemLab/results/perpetual_v3/true_oos/T3/H1/trades.csv|57|T3-H1-IMOEXF-000019,SHORT,2025-09-25 19:00:00+03:00,2025-09-26 19:00:00+03:00,2025-09-25,2025-09-26,2025,9,2025,9,3,4,19,19,-0.694948036388,-0.694888311618,5.97247697215e-05,0.694828586848,0.298623848608,ATR_TRAILING_STOP,2701,2724.26768576,,1 days 00:00:00,1440,24,SOURCE,SOURCE,SOURCE,UNAVAILABLE,DERIVED
v3,perpetual,true_oos,T3,H1,IMOEXF,V3_TRUE_OOS,TradingSystemLab/results/perpetual_v3/true_oos/T3/H1/trades.csv,60,T3-H1-IMOEXF-000020,v3|true_oos|T3|H1|IMOEXF|TradingSystemLab/results/perpetual_v3/true_oos/T3/H1/trades.csv|60|T3-H1-IMOEXF-000020,SHORT,2025-10-01 18:00:00+03:00,2025-10-05 19:00:00+03:00,2025-10-01,2025-10-05,2025,10,2025,10,2,6,18,19,2.24197128344,2.24202873736,5.74539263979e-05,0.315996595189,2.97324069109,ATR_TRAILING_STOP,2654,2575.95185493,,4 days 01:00:00,5820,97,SOURCE,SOURCE,SOURCE,UNAVAILABLE,DERIVED
v3,perpetual,true_oos,T3,H1,IMOEXF,V3_TRUE_OOS,TradingSystemLab/results/perpetual_v3/true_oos/T3/H1/trades.csv,65,T3-H1-IMOEXF-000021,v3|true_oos|T3|H1|IMOEXF|TradingSystemLab/results/perpetual_v3/true_oos/T3/H1/trades.csv|65|T3-H1-IMOEXF-000021,SHORT,2025-10-08 13:00:00+03:00,2025-10-09 13:00:00+03:00,2025-10-08,2025-10-09,2025,10,2025,10,2,3,13,13,1.57807527843,1.57813548752,6.02090900035e-05,0.120418180007,3.32655222269,ATR_TRAILING_STOP,2633,2580.57616511,,1 days 00:00:00,1440,24,SOURCE,SOURCE,SOURCE,UNAVAILABLE,DERIVED
v3,perpetual,true_oos,T3,H1,IMOEXF,V3_TRUE_OOS,TradingSystemLab/results/perpetual_v3/true_oos/T3/H1/trades.csv,67,T3-H1-IMOEXF-000022,v3|true_oos|T3|H1|IMOEXF|TradingSystemLab/results/perpetual_v3/true_oos/T3/H1/trades.csv|67|T3-H1-IMOEXF-000022,SHORT,2025-10-11 11:00:00+03:00,2025-10-12 13:00:00+03:00,2025-10-11,2025-10-12,2025,10,2025,10,5,6,11,13,-0.722370872411,-0.722323825834,4.70465767291e-05,0.722276779257,0,ATR_TRAILING_STOP,2562.5,2593.20475386,,1 days 02:00:00,1560,26,SOURCE,SOURCE,SOURCE,UNAVAILABLE,DERIVED
v3,perpetual,true_oos,T3,H1,IMOEXF,V3_TRUE_OOS,TradingSystemLab/results/perpetual_v3/true_oos/T3/H1/trades.csv,72,T3-H1-IMOEXF-000023,v3|true_oos|T3|H1|IMOEXF|TradingSystemLab/results/perpetual_v3/true_oos/T3/H1/trades.csv|72|T3-H1-IMOEXF-000023,LONG,2025-10-17 21:00:00+03:00,2025-10-20 10:00:00+03:00,2025-10-17,2025-10-20,2025,10,2025,10,4,0,21,10,-0.132733526029,-0.132699214046,3.43119829127e-05,0.47178976505,0.37743181204,ATR_TRAILING_STOP,2743,2735.26713872,,2 days 13:00:00,3660,61,SOURCE,SOURCE,SOURCE,UNAVAILABLE,DERIVED
v3,perpetual,true_oos,T3,H1,IMOEXF,V3_TRUE_OOS,TradingSystemLab/results/perpetual_v3/true_oos/T3/H1/trades.csv,76,T3-H1-IMOEXF-000024,v3|true_oos|T3|H1|IMOEXF|TradingSystemLab/results/perpetual_v3/true_oos/T3/H1/trades.csv|76|T3-H1-IMOEXF-000024,SHORT,2025-10-23 09:00:00+03:00,2025-10-24 14:00:00+03:00,2025-10-23,2025-10-24,2025,10,2025,10,3,4,9,14,-0.300188711241,-0.300154347414,3.43638267652e-05,0.300119983588,0.498275488096,ATR_TRAILING_STOP,2577.5,2594.96720385,,1 days 05:00:00,1740,29,SOURCE,SOURCE,SOURCE,UNAVAILABLE,DERIVED
v3,perpetual,true_oos,T3,H1,IMOEXF,V3_TRUE_OOS,TradingSystemLab/results/perpetual_v3/true_oos/T3/H1/trades.csv,78,T3-H1-IMOEXF-000025,v3|true_oos|T3|H1|IMOEXF|TradingSystemLab/results/perpetual_v3/true_oos/T3/H1/trades.csv|78|T3-H1-IMOEXF-000025,SHORT,2025-10-27 14:00:00+03:00,2025-10-28 12:00:00+03:00,2025-10-27,2025-10-28,2025,10,2025,10,0,1,14,12,-0.298568567889,-0.29852066311,4.79047785326e-05,0.298472758332,0.778452651155,ATR_TRAILING_STOP,2487,2499.46108499,,0 days 22:00:00,1320,22,SOURCE,SOURCE,SOURCE,UNAVAILABLE,DERIVED
v3,perpetual,true_oos,T3,H1,IMOEXF,V3_TRUE_OOS,TradingSystemLab/results/perpetual_v3/true_oos/T3/H1/trades.csv,81,T3-H1-IMOEXF-000026,v3|true_oos|T3|H1|IMOEXF|TradingSystemLab/results/perpetual_v3/true_oos/T3/H1/trades.csv|81|T3-H1-IMOEXF-000026,LONG,2025-11-20 21:00:00+03:00,2025-11-21 16:00:00+03:00,2025-11-20,2025-11-21,2025,11,2025,11,3,4,21,16,-0.899837283747,-0.899803200546,3.40832009897e-05,0.899769117345,0.170416004949,ATR_TRAILING_STOP,2708,2655.20160717,,0 days 19:00:00,1140,19,SOURCE,SOURCE,SOURCE,UNAVAILABLE,DERIVED
v3,perpetual,true_oos,T3,H1,IMOEXF,V3_TRUE_OOS,TradingSystemLab/results/perpetual_v3/true_oos/T3/H1/trades.csv,92,T3-H1-IMOEXF-000027,v3|true_oos|T3|H1|IMOEXF|TradingSystemLab/results/perpetual_v3/true_oos/T3/H1/trades.csv|92|T3-H1-IMOEXF-000027,LONG,2025-12-09 23:00:00+03:00,2025-12-11 22:00:00+03:00,2025-12-09,2025-12-11,2025,12,2025,12,1,3,23,22,1.06425823392,1.06432354054,6.53066221041e-05,0.571432943411,2.35103839575,ATR_TRAILING_STOP,2733,2765.59665905,,1 days 23:00:00,2820,47,SOURCE,SOURCE,SOURCE,UNAVAILABLE,DERIVED
v3,perpetual,true_oos,T3,H1,IMOEXF,V3_TRUE_OOS,TradingSystemLab/results/perpetual_v3/true_oos/T3/H1/trades.csv,101,T3-H1-IMOEXF-000028,v3|true_oos|T3|H1|IMOEXF|TradingSystemLab/results/perpetual_v3/true_oos/T3/H1/trades.csv|101|T3-H1-IMOEXF-000028,LONG,2025-12-29 12:00:00+03:00,2025-12-29 17:00:00+03:00,2025-12-29,2025-12-29,2025,12,2025,12,0,0,12,17,-1.00017364984,-1.00008682492,8.68249175836e-05,1,0.0868249175836,ATR_TRAILING_STOP,2826,2802.96513794,,0 days 05:00:00,300,5,SOURCE,SOURCE,SOURCE,UNAVAILABLE,DERIVED
v3,perpetual,true_oos,T3,H1,IMOEXF,V3_TRUE_OOS,TradingSystemLab/results/perpetual_v3/true_oos/T3/H1/trades.csv,105,T3-H1-IMOEXF-000029,v3|true_oos|T3|H1|IMOEXF|TradingSystemLab/results/perpetual_v3/true_oos/T3/H1/trades.csv|105|T3-H1-IMOEXF-000029,LONG,2026-01-21 23:00:00+03:00,2026-01-22 17:00:00+03:00,2026-01-21,2026-01-22,2026,1,2026,1,2,3,23,17,-0.552913851911,-0.552804941815,0.000108910096,0.552696031719,0.626233052002,ATR_TRAILING_STOP,2782.5,2772.35041696,,0 days 18:00:00,1080,18,SOURCE,SOURCE,SOURCE,UNAVAILABLE,DERIVED
v3,perpetual,true_oos,T3,H1,IMOEXF,V3_TRUE_OOS,TradingSystemLab/results/perpetual_v3/true_oos/T3/H1/trades.csv,108,T3-H1-IMOEXF-000030,v3|true_oos|T3|H1|IMOEXF|TradingSystemLab/results/perpetual_v3/true_oos/T3/H1/trades.csv|108|T3-H1-IMOEXF-000030,LONG,2026-01-25 13:00:00+03:00,2026-01-26 10:00:00+03:00,2026-01-25,2026-01-26,2026,1,2026,1,6,0,13,10,-0.929007263683,-0.928917212206,9.0051477528e-05,0.928827160728,0.022512869382,ATR_TRAILING_STOP,2800.5,2779.87119554,,0 days 21:00:00,1260,21,SOURCE,SOURCE,SOURCE,UNAVAILABLE,DERIVED
v3,perpetual,true_oos,T3,H1,IMOEXF,V3_TRUE_OOS,TradingSystemLab/results/perpetual_v3/true_oos/T3/H1/trades.csv,111,T3-H1-IMOEXF-000031,v3|true_oos|T3|H1|IMOEXF|TradingSystemLab/results/perpetual_v3/true_oos/T3/H1/trades.csv|111|T3-H1-IMOEXF-000031,LONG,2026-01-27 18:00:00+03:00,2026-01-29 19:00:00+03:00,2026-01-27,2026-01-29,2026,1,2026,1,1,3,18,19,1.76375035039,1.7638553225,0.000104972111151,0.236187250089,3.38535058461,ATR_TRAILING_STOP,2782.5,2816.10817031,,2 days 01:00:00,2940,49,SOURCE,SOURCE,SOURCE,UNAVAILABLE,DERIVED
v3,perpetual,true_oos,T3,H1,IMOEXF,V3_TRUE_OOS,TradingSystemLab/results/perpetual_v3/true_oos/T3/H1/trades.csv,115,T3-H1-IMOEXF-000032,v3|true_oos|T3|H1|IMOEXF|TradingSystemLab/results/perpetual_v3/true_oos/T3/H1/trades.csv|115|T3-H1-IMOEXF-000032,LONG,2026-02-13 22:00:00+03:00,2026-02-17 12:00:00+03:00,2026-02-13,2026-02-17,2026,2,2026,2,4,1,22,12,-0.256897824498,-0.256808147715,8.96767834129e-05,0.256718470931,0.493222308771,ATR_TRAILING_STOP,2787,2781.27458343,,3 days 14:00:00,5160,86,SOURCE,SOURCE,SOURCE,UNAVAILABLE,DERIVED
v3,perpetual,true_oos,T3,H1,IMOEXF,V3_TRUE_OOS,TradingSystemLab/results/perpetual_v3/true_oos/T3/H1/trades.csv,118,T3-H1-IMOEXF-000033,v3|true_oos|T3|H1|IMOEXF|TradingSystemLab/results/perpetual_v3/true_oos/T3/H1/trades.csv|118|T3-H1-IMOEXF-000033,LONG,2026-03-02 11:00:00+03:00,2026-03-02 20:00:00+03:00,2026-03-02,2026-03-02,2026,3,2026,3,0,0,11,20,-0.659659637781,-0.659557160871,0.000102476909824,0.659454683961,0.640480686402,ATR_TRAILING_STOP,2840.5,2827.62969224,,0 days 09:00:00,540,9,SOURCE,SOURCE,SOURCE,UNAVAILABLE,DERIVED
v3,perpetual,true_oos,T3,H1,IMOEXF,V3_TRUE_OOS,TradingSystemLab/results/perpetual_v3/true_oos/T3/H1/trades.csv,119,T3-H1-IMOEXF-000034,v3|true_oos|T3|H1|IMOEXF|TradingSystemLab/results/perpetual_v3/true_oos/T3/H1/trades.csv|119|T3-H1-IMOEXF-000034,LONG,2026-03-03 09:00:00+03:00,2026-03-03 17:00:00+03:00,2026-03-03,2026-03-03,2026,3,2026,3,1,1,9,17,-0.963807157623,-0.963718349774,8.88078489704e-05,0.963629541925,0.288625509154,ATR_TRAILING_STOP,2853.5,2831.79855011,,0 days 08:00:00,480,8,SOURCE,SOURCE,SOURCE,UNAVAILABLE,DERIVED
v3,perpetual,true_oos,T3,H1,IMOEXF,V3_TRUE_OOS,TradingSystemLab/results/perpetual_v3/true_oos/T3/H1/trades.csv,122,T3-H1-IMOEXF-000035,v3|true_oos|T3|H1|IMOEXF|TradingSystemLab/results/perpetual_v3/true_oos/T3/H1/trades.csv|122|T3-H1-IMOEXF-000035,LONG,2026-03-05 21:00:00+03:00,2026-03-09 13:00:00+03:00,2026-03-05,2026-03-09,2026,3,2026,3,3,0,21,13,2.80553499506,2.80564610543,0.000111110374413,0.277775936031,4.55552535091,ATR_TRAILING_STOP,2833,2883.50396474,,3 days 16:00:00,5280,88,SOURCE,SOURCE,SOURCE,UNAVAILABLE,DERIVED
v3,perpetual,true_oos,T3,H1,IMOEXF,V3_TRUE_OOS,TradingSystemLab/results/perpetual_v3/true_oos/T3/H1/trades.csv,132,T3-H1-IMOEXF-000036,v3|true_oos|T3|H1|IMOEXF|TradingSystemLab/results/perpetual_v3/true_oos/T3/H1/trades.csv|132|T3-H1-IMOEXF-000036,SHORT,2026-03-31 17:00:00+03:00,2026-04-01 11:00:00+03:00,2026-03-31,2026-04-01,2026,3,2026,4,1,2,17,11,-0.718186888072,-0.71808794182,9.89462522353e-05,0.717988995568,0.296838756706,ATR_TRAILING_STOP,2772.5,2787.01270724,,0 days 18:00:00,1080,18,SOURCE,SOURCE,SOURCE,UNAVAILABLE,DERIVED
v3,perpetual,true_oos,T3,H1,IMOEXF,V3_TRUE_OOS,TradingSystemLab/results/perpetual_v3/true_oos/T3/H1/trades.csv,133,T3-H1-IMOEXF-000037,v3|true_oos|T3|H1|IMOEXF|TradingSystemLab/results/perpetual_v3/true_oos/T3/H1/trades.csv|133|T3-H1-IMOEXF-000037,SHORT,2026-04-10 11:00:00+03:00,2026-04-12 11:00:00+03:00,2026-04-10,2026-04-12,2026,4,2026,4,4,6,11,11,0.030262565552,0.0303658748806,0.000103309328574,0.748992632162,0.723165300018,ATR_TRAILING_STOP,2733,2732.41013683,,2 days 00:00:00,2880,48,SOURCE,SOURCE,SOURCE,UNAVAILABLE,DERIVED
v3,perpetual,true_oos,T3,H1,IMOEXF,V3_TRUE_OOS,TradingSystemLab/results/perpetual_v3/true_oos/T3/H1/trades.csv,134,T3-H1-IMOEXF-000038,v3|true_oos|T3|H1|IMOEXF|TradingSystemLab/results/perpetual_v3/true_oos/T3/H1/trades.csv|134|T3-H1-IMOEXF-000038,SHORT,2026-04-13 17:00:00+03:00,2026-04-14 14:00:00+03:00,2026-04-13,2026-04-14,2026,4,2026,4,0,1,17,14,-0.675503439061,-0.675388446229,0.000114992831937,0.804949823562,0.632460575656,ATR_TRAILING_STOP,2714,2725.7446182,,0 days 21:00:00,1260,21,SOURCE,SOURCE,SOURCE,UNAVAILABLE,DERIVED
v3,perpetual,true_oos,T3,H1,IMOEXF,V3_TRUE_OOS,TradingSystemLab/results/perpetual_v3/true_oos/T3/H1/trades.csv,137,T3-H1-IMOEXF-000039,v3|true_oos|T3|H1|IMOEXF|TradingSystemLab/results/perpetual_v3/true_oos/T3/H1/trades.csv|137|T3-H1-IMOEXF-000039,SHORT,2026-04-29 14:00:00+03:00,2026-04-29 21:00:00+03:00,2026-04-29,2026-04-29,2026,4,2026,4,2,2,14,21,1.01861260661,1.01871442121,0.000101814606299,0.127268257874,2.67263341535,ATR_TRAILING_STOP,2685,2664.98683543,,0 days 07:00:00,420,7,SOURCE,SOURCE,SOURCE,UNAVAILABLE,DERIVED
v3,perpetual,true_oos,T3,H1,IMOEXF,V3_TRUE_OOS,TradingSystemLab/results/perpetual_v3/true_oos/T3/H1/trades.csv,139,T3-H1-IMOEXF-000040,v3|true_oos|T3|H1|IMOEXF|TradingSystemLab/results/perpetual_v3/true_oos/T3/H1/trades.csv|139|T3-H1-IMOEXF-000040,SHORT,2026-05-01 18:00:00+03:00,2026-05-03 19:00:00+03:00,2026-05-01,2026-05-03,2026,5,2026,5,4,6,18,19,-0.304905766493,-0.304803354619,0.00010241187425,0.304700942745,0.153617811375,ATR_TRAILING_STOP,2644.5,2650.45050027,,2 days 01:00:00,2940,49,SOURCE,SOURCE,SOURCE,UNAVAILABLE,DERIVED
v3,perpetual,true_oos,T3,H1,IMOEXF,V3_TRUE_OOS,TradingSystemLab/results/perpetual_v3/true_oos/T3/H1/trades.csv,140,T3-H1-IMOEXF-000041,v3|true_oos|T3|H1|IMOEXF|TradingSystemLab/results/perpetual_v3/true_oos/T3/H1/trades.csv|140|T3-H1-IMOEXF-000041,SHORT,2026-05-08 00:00:00+03:00,2026-05-08 22:00:00+03:00,2026-05-08,2026-05-08,2026,5,2026,5,4,4,0,22,-0.328911534235,-0.328812495103,9.90391320541e-05,0.328713455971,0.693273924379,ATR_TRAILING_STOP,2611,2617.63805203,,0 days 22:00:00,1320,22,SOURCE,SOURCE,SOURCE,UNAVAILABLE,DERIVED
v3,perpetual,true_oos,T3,H1,IMOEXF,V3_TRUE_OOS,TradingSystemLab/results/perpetual_v3/true_oos/T3/H1/trades.csv,145,T3-H1-IMOEXF-000042,v3|true_oos|T3|H1|IMOEXF|TradingSystemLab/results/perpetual_v3/true_oos/T3/H1/trades.csv|145|T3-H1-IMOEXF-000042,SHORT,2026-05-21 11:00:00+03:00,2026-05-21 14:00:00+03:00,2026-05-21,2026-05-21,2026,5,2026,5,3,3,11,14,-0.964169167178,-0.964065239195,0.000103927982371,0.963961311213,0.233837960335,ATR_TRAILING_STOP,2619.5,2638.05056337,,0 days 03:00:00,180,3,SOURCE,SOURCE,SOURCE,UNAVAILABLE,DERIVED
v3,perpetual,true_oos,T3,H1,IMOEXF,V3_TRUE_OOS,TradingSystemLab/results/perpetual_v3/true_oos/T3/H1/trades.csv,146,T3-H1-IMOEXF-000043,v3|true_oos|T3|H1|IMOEXF|TradingSystemLab/results/perpetual_v3/true_oos/T3/H1/trades.csv|146|T3-H1-IMOEXF-000043,SHORT,2026-05-26 20:00:00+03:00,2026-05-27 15:00:00+03:00,2026-05-26,2026-05-27,2026,5,2026,5,1,2,20,15,-1.0001361328,-1.0000680664,6.80664005647e-05,1,0.136132801129,ATR_TRAILING_STOP,2567.5,2596.88307276,,0 days 19:00:00,1140,19,SOURCE,SOURCE,SOURCE,UNAVAILABLE,DERIVED
v3,perpetual,true_oos,T3,H1,IMOEXF,V3_TRUE_OOS,TradingSystemLab/results/perpetual_v3/true_oos/T3/H1/trades.csv,152,T3-H1-IMOEXF-000044,v3|true_oos|T3|H1|IMOEXF|TradingSystemLab/results/perpetual_v3/true_oos/T3/H1/trades.csv|152|T3-H1-IMOEXF-000044,SHORT,2026-06-04 00:00:00+03:00,2026-06-07 15:00:00+03:00,2026-06-04,2026-06-07,2026,6,2026,6,3,6,0,15,0.924014327624,0.924101462067,8.71344430741e-05,0.89312804151,1.43771831072,ATR_TRAILING_STOP,2589.5,2568.28706597,,3 days 15:00:00,5220,87,SOURCE,SOURCE,SOURCE,UNAVAILABLE,DERIVED
v3,perpetual,true_oos,T3,H1,IMOEXF,V3_TRUE_OOS,TradingSystemLab/results/perpetual_v3/true_oos/T3/H1/trades.csv,153,T3-H1-IMOEXF-000045,v3|true_oos|T3|H1|IMOEXF|TradingSystemLab/results/perpetual_v3/true_oos/T3/H1/trades.csv|153|T3-H1-IMOEXF-000045,SHORT,2026-06-09 11:00:00+03:00,2026-06-09 14:00:00+03:00,2026-06-09,2026-06-09,2026,6,2026,6,1,1,11,14,-0.731630593323,-0.731544143444,8.6449879362e-05,0.731457693565,0.691599034896,ATR_TRAILING_STOP,2501,2517.92212179,,0 days 03:00:00,180,3,SOURCE,SOURCE,SOURCE,UNAVAILABLE,DERIVED
v3,perpetual,true_oos,T3,H1,IMOEXF,V3_TRUE_OOS,TradingSystemLab/results/perpetual_v3/true_oos/T3/H1/trades.csv,158,T3-H1-IMOEXF-000046,v3|true_oos|T3|H1|IMOEXF|TradingSystemLab/results/perpetual_v3/true_oos/T3/H1/trades.csv|158|T3-H1-IMOEXF-000046,SHORT,2026-06-18 09:00:00+03:00,2026-06-19 13:00:00+03:00,2026-06-18,2026-06-19,2026,6,2026,6,3,4,9,13,0.930127304324,0.930219980382,9.26760581831e-05,0.347535218187,2.22422539639,ATR_TRAILING_STOP,2476.5,2456.42334429,,1 days 04:00:00,1680,28,SOURCE,SOURCE,SOURCE,UNAVAILABLE,DERIVED
v3,perpetual,true_oos,T3,H1,IMOEXF,V3_TRUE_OOS,TradingSystemLab/results/perpetual_v3/true_oos/T3/H1/trades.csv,161,T3-H1-IMOEXF-000047,v3|true_oos|T3|H1|IMOEXF|TradingSystemLab/results/perpetual_v3/true_oos/T3/H1/trades.csv|161|T3-H1-IMOEXF-000047,SHORT,2026-06-19 14:00:00+03:00,2026-06-23 12:00:00+03:00,2026-06-19,2026-06-23,2026,6,2026,6,4,1,14,12,2.96172313269,2.96178696296,6.38302620055e-05,0.68617531656,4.5957788644,ATR_TRAILING_STOP,2415.5,2322.6960321,,3 days 22:00:00,5640,94,SOURCE,SOURCE,SOURCE,UNAVAILABLE,DERIVED
v3,perpetual,true_oos,T3,H1,IMOEXF,V3_TRUE_OOS,TradingSystemLab/results/perpetual_v3/true_oos/T3/H1/trades.csv,163,T3-H1-IMOEXF-000048,v3|true_oos|T3|H1|IMOEXF|TradingSystemLab/results/perpetual_v3/true_oos/T3/H1/trades.csv|163|T3-H1-IMOEXF-000048,SHORT,2026-06-24 18:00:00+03:00,2026-06-26 15:00:00+03:00,2026-06-24,2026-06-26,2026,6,2026,6,2,4,18,15,-0.384711398749,-0.384671686031,3.97127180892e-05,0.744613464172,0.764469823216,ATR_TRAILING_STOP,2242,2261.3707201,,1 days 21:00:00,2700,45,SOURCE,SOURCE,SOURCE,UNAVAILABLE,DERIVED
v3,perpetual,true_oos,T3,H1,IMOEXF,V3_TRUE_OOS,TradingSystemLab/results/perpetual_v3/true_oos/T3/H1/trades.csv,168,T3-H1-IMOEXF-000049,v3|true_oos|T3|H1|IMOEXF|TradingSystemLab/results/perpetual_v3/true_oos/T3/H1/trades.csv|168|T3-H1-IMOEXF-000049,SHORT,2026-07-07 11:00:00+03:00,2026-07-07 13:00:00+03:00,2026-07-07,2026-07-07,2026,7,2026,7,1,1,11,13,-0.86488795218,-0.864844563564,4.33886155369e-05,0.864801174949,0.379650385948,ATR_TRAILING_STOP,2135.5,2175.36304537,,0 days 02:00:00,120,2,SOURCE,SOURCE,SOURCE,UNAVAILABLE,DERIVED
v3,perpetual,true_oos,T3,H1,IMOEXF,V3_TRUE_OOS,TradingSystemLab/results/perpetual_v3/true_oos/T3/H1/trades.csv,169,T3-H1-IMOEXF-000050,v3|true_oos|T3|H1|IMOEXF|TradingSystemLab/results/perpetual_v3/true_oos/T3/H1/trades.csv|169|T3-H1-IMOEXF-000050,SHORT,2026-07-09 21:00:00+03:00,2026-07-12 12:00:00+03:00,2026-07-09,2026-07-12,2026,7,2026,7,3,6,21,12,0.0438403215276,0.0438823224188,4.20008912366e-05,0.451509580793,0.567012031694,ATR_TRAILING_STOP,2160,2157.90840994,,2 days 15:00:00,3780,63,SOURCE,SOURCE,SOURCE,UNAVAILABLE,DERIVED
v3,perpetual,true_oos,T3,H1,IMOEXF,V3_TRUE_OOS,TradingSystemLab/results/perpetual_v3/true_oos/T3/H1/trades.csv,170,T3-H1-IMOEXF-000051,v3|true_oos|T3|H1|IMOEXF|TradingSystemLab/results/perpetual_v3/true_oos/T3/H1/trades.csv|170|T3-H1-IMOEXF-000051,SHORT,2026-07-16 23:00:00+03:00,2026-07-17 08:00:00+03:00,2026-07-16,2026-07-17,2026,7,2026,7,3,4,23,8,-0.881520823086,-0.881468756658,5.20664275819e-05,0.881416690231,0.208265710328,ATR_TRAILING_STOP,2006.5,2040.35739069,,0 days 09:00:00,540,9,SOURCE,SOURCE,SOURCE,UNAVAILABLE,DERIVED
v3,perpetual,true_oos,T3,H1,IMOEXF,V3_TRUE_OOS,TradingSystemLab/results/perpetual_v3/true_oos/T3/H1/trades.csv,171,T3-H1-IMOEXF-000052,v3|true_oos|T3|H1|IMOEXF|TradingSystemLab/results/perpetual_v3/true_oos/T3/H1/trades.csv|171|T3-H1-IMOEXF-000052,SHORT,2026-07-17 19:00:00+03:00,2026-07-19 13:00:00+03:00,2026-07-17,2026-07-19,2026,7,2026,7,4,6,19,13,0.245709227435,0.245746250085,3.70226502056e-05,0.175857588477,1.05514553086,ATR_TRAILING_STOP,1959,1945.72254572,,1 days 18:00:00,2520,42,SOURCE,SOURCE,SOURCE,UNAVAILABLE,DERIVED
v3,perpetual,true_oos,T3,H1,IMOEXF,V3_TRUE_OOS,TradingSystemLab/results/perpetual_v3/true_oos/T3/H1/trades.csv,173,T3-H1-IMOEXF-000053,v3|true_oos|T3|H1|IMOEXF|TradingSystemLab/results/perpetual_v3/true_oos/T3/H1/trades.csv|173|T3-H1-IMOEXF-000053,SHORT,2026-07-24 11:00:00+03:00,2026-07-24 14:00:00+03:00,2026-07-24,2026-07-24,2026,7,2026,7,4,4,11,14,-1.0000985525,-1.00004927625,4.92762486491e-05,1,0.0985524972982,ATR_TRAILING_STOP,2090.5,2131.08750523,,0 days 03:00:00,180,3,SOURCE,SOURCE,SOURCE,UNAVAILABLE,DERIVED
v3,perpetual,true_oos,T3,H1,IMOEXF,V3_TRUE_OOS,TradingSystemLab/results/perpetual_v3/true_oos/T3/H1/trades.csv,182,T3-H1-IMOEXF-000054,v3|true_oos|T3|H1|IMOEXF|TradingSystemLab/results/perpetual_v3/true_oos/T3/H1/trades.csv|182|T3-H1-IMOEXF-000054,SHORT,2026-08-14 13:00:00+03:00,2026-08-17 10:00:00+03:00,2026-08-14,2026-08-17,2026,8,2026,8,4,0,13,10,1.81946042909,1.81951583754,5.54084482835e-05,0,3.24139422458,ATR_TRAILING_STOP,2185,2119.32152308,,2 days 21:00:00,4140,69,SOURCE,SOURCE,SOURCE,UNAVAILABLE,DERIVED
v3,perpetual,true_oos,T3,H1,IMOEXF,V3_TRUE_OOS,TradingSystemLab/results/perpetual_v3/true_oos/T3/H1/trades.csv,187,T3-H1-IMOEXF-000055,v3|true_oos|T3|H1|IMOEXF|TradingSystemLab/results/perpetual_v3/true_oos/T3/H1/trades.csv|187|T3-H1-IMOEXF-000055,SHORT,2026-08-20 18:00:00+03:00,2026-08-21 13:00:00+03:00,2026-08-20,2026-08-21,2026,8,2026,8,3,4,18,13,-0.540612343971,-0.540562555401,4.97885700672e-05,0.540512766831,0.485438558155,ATR_TRAILING_STOP,2122.5,2144.21232337,,0 days 19:00:00,1140,19,SOURCE,SOURCE,SOURCE,UNAVAILABLE,DERIVED
v3,perpetual,true_oos,T3,H1,IMOEXF,V3_TRUE_OOS,TradingSystemLab/results/perpetual_v3/true_oos/T3/H1/trades.csv,189,T3-H1-IMOEXF-000056,v3|true_oos|T3|H1|IMOEXF|TradingSystemLab/results/perpetual_v3/true_oos/T3/H1/trades.csv|189|T3-H1-IMOEXF-000056,SHORT,2026-08-26 19:00:00+03:00,2026-08-27 12:00:00+03:00,2026-08-26,2026-08-27,2026,8,2026,8,2,3,19,12,-0.640069752348,-0.640022212974,4.75393735701e-05,0.639974673601,0.309005928206,ATR_TRAILING_STOP,2063,2089.92398429,,0 days 17:00:00,1020,17,SOURCE,SOURCE,SOURCE,UNAVAILABLE,DERIVED
v3,perpetual,true_oos,T3,H1,IMOEXF,V3_TRUE_OOS,TradingSystemLab/results/perpetual_v3/true_oos/T3/H1/trades.csv,197,T3-H1-IMOEXF-000057,v3|true_oos|T3|H1|IMOEXF|TradingSystemLab/results/perpetual_v3/true_oos/T3/H1/trades.csv|197|T3-H1-IMOEXF-000057,LONG,2026-09-03 21:00:00+03:00,2026-09-06 11:00:00+03:00,2026-09-03,2026-09-06,2026,9,2026,9,3,6,21,11,0.0689221708056,0.0689805805373,5.84097316532e-05,0.17522919496,0.861543541885,ATR_TRAILING_STOP,2240.5,2242.86395506,,2 days 14:00:00,3720,62,SOURCE,SOURCE,SOURCE,UNAVAILABLE,DERIVED
v3,perpetual,true_oos,T3,H1,IMOEXF,V3_TRUE_OOS,TradingSystemLab/results/perpetual_v3/true_oos/T3/H1/trades.csv,200,T3-H1-IMOEXF-000058,v3|true_oos|T3|H1|IMOEXF|TradingSystemLab/results/perpetual_v3/true_oos/T3/H1/trades.csv|200|T3-H1-IMOEXF-000058,LONG,2026-09-14 19:00:00+03:00,2026-09-16 00:00:00+03:00,2026-09-14,2026-09-16,2026,9,2026,9,0,2,19,0,-0.718714916425,-0.718662288318,5.26281062468e-05,0.763107540578,0.302611610919,ATR_TRAILING_STOP,2361.5,2334.19103103,,1 days 05:00:00,1740,29,SOURCE,SOURCE,SOURCE,UNAVAILABLE,DERIVED
v3,perpetual,true_oos,T3,H1,USDRUBF,V3_TRUE_OOS,TradingSystemLab/results/perpetual_v3/true_oos/T3/H1/trades.csv,5,T3-H1-USDRUBF-000001,v3|true_oos|T3|H1|USDRUBF|TradingSystemLab/results/perpetual_v3/true_oos/T3/H1/trades.csv|5|T3-H1-USDRUBF-000001,SHORT,2025-03-01 00:00:00+03:00,2025-03-03 15:00:00+03:00,2025-03-01,2025-03-03,2025,3,2025,3,5,0,0,15,-1.00277682734,-1.00138841367,0.00138841366898,1,0,ATR_TRAILING_STOP,89.3,90.7404928766,,2 days 15:00:00,3780,63,SOURCE,SOURCE,SOURCE,UNAVAILABLE,DERIVED
v3,perpetual,true_oos,T3,H1,USDRUBF,V3_TRUE_OOS,TradingSystemLab/results/perpetual_v3/true_oos/T3/H1/trades.csv,8,T3-H1-USDRUBF-000002,v3|true_oos|T3|H1|USDRUBF|TradingSystemLab/results/perpetual_v3/true_oos/T3/H1/trades.csv|8|T3-H1-USDRUBF-000002,SHORT,2025-03-13 13:00:00+03:00,2025-03-14 11:00:00+03:00,2025-03-13,2025-03-14,2025,3,2025,3,3,4,13,11,-0.226739312755,-0.224978768318,0.00176054443654,0.651401441519,0.95069399573,ATR_TRAILING_STOP,87.11,87.3635786308,,0 days 22:00:00,1320,22,SOURCE,SOURCE,SOURCE,UNAVAILABLE,DERIVED
v3,perpetual,true_oos,T3,H1,USDRUBF,V3_TRUE_OOS,TradingSystemLab/results/perpetual_v3/true_oos/T3/H1/trades.csv,9,T3-H1-USDRUBF-000003,v3|true_oos|T3|H1|USDRUBF|TradingSystemLab/results/perpetual_v3/true_oos/T3/H1/trades.csv|9|T3-H1-USDRUBF-000003,SHORT,2025-03-17 12:00:00+03:00,2025-03-18 14:00:00+03:00,2025-03-17,2025-03-18,2025,3,2025,3,0,1,12,14,1.89323521191,1.89546126098,0.00222604907697,0.144693190003,3.26116189776,ATR_TRAILING_STOP,85.55,83.845017545,,1 days 02:00:00,1560,26,SOURCE,SOURCE,SOURCE,UNAVAILABLE,DERIVED
v3,perpetual,true_oos,T3,H1,USDRUBF,V3_TRUE_OOS,TradingSystemLab/results/perpetual_v3/true_oos/T3/H1/trades.csv,13,T3-H1-USDRUBF-000004,v3|true_oos|T3|H1|USDRUBF|TradingSystemLab/results/perpetual_v3/true_oos/T3/H1/trades.csv|13|T3-H1-USDRUBF-000004,SHORT,2025-04-01 19:00:00+03:00,2025-04-02 11:00:00+03:00,2025-04-01,2025-04-02,2025,4,2025,4,1,2,19,11,-1.00447028278,-1.00223514139,0.00223514138827,1,0,ATR_TRAILING_STOP,85.45,86.3447979803,,0 days 16:00:00,960,16,SOURCE,SOURCE,SOURCE,UNAVAILABLE,DERIVED
v3,perpetual,true_oos,T3,H1,USDRUBF,V3_TRUE_OOS,TradingSystemLab/results/perpetual_v3/true_oos/T3/H1/trades.csv,19,T3-H1-USDRUBF-000005,v3|true_oos|T3|H1|USDRUBF|TradingSystemLab/results/perpetual_v3/true_oos/T3/H1/trades.csv|19|T3-H1-USDRUBF-000005,SHORT,2025-04-11 19:00:00+03:00,2025-04-14 20:00:00+03:00,2025-04-11,2025-04-14,2025,4,2025,4,4,0,19,20,-0.434621515341,-0.432933613417,0.00168790192441,0.431245711493,0.565447144677,ATR_TRAILING_STOP,84.91,85.4209843235,,3 days 01:00:00,4380,73,SOURCE,SOURCE,SOURCE,UNAVAILABLE,DERIVED
v3,perpetual,true_oos,T3,H1,USDRUBF,V3_TRUE_OOS,TradingSystemLab/results/perpetual_v3/true_oos/T3/H1/trades.csv,21,T3-H1-USDRUBF-000006,v3|true_oos|T3|H1|USDRUBF|TradingSystemLab/results/perpetual_v3/true_oos/T3/H1/trades.csv|21|T3-H1-USDRUBF-000006,SHORT,2025-04-15 12:00:00+03:00,2025-04-16 13:00:00+03:00,2025-04-15,2025-04-16,2025,4,2025,4,1,2,12,13,-0.689058723419,-0.687275040174,0.00178368324482,0.685491356929,0.187286740706,ATR_TRAILING_STOP,83.81,84.5786245402,,1 days 01:00:00,1500,25,SOURCE,SOURCE,SOURCE,UNAVAILABLE,DERIVED
v3,perpetual,true_oos,T3,H1,USDRUBF,V3_TRUE_OOS,TradingSystemLab/results/perpetual_v3/true_oos/T3/H1/trades.csv,24,T3-H1-USDRUBF-000007,v3|true_oos|T3|H1|USDRUBF|TradingSystemLab/results/perpetual_v3/true_oos/T3/H1/trades.csv|24|T3-H1-USDRUBF-000007,SHORT,2025-05-05 17:00:00+03:00,2025-05-07 15:00:00+03:00,2025-05-05,2025-05-07,2025,5,2025,5,0,2,17,15,-0.174164473366,-0.171865516918,0.00229895644789,0.586233894212,0.724171281085,ATR_TRAILING_STOP,81.85,81.9975161138,,1 days 22:00:00,2760,46,SOURCE,SOURCE,SOURCE,UNAVAILABLE,DERIVED
v3,perpetual,true_oos,T3,H1,USDRUBF,V3_TRUE_OOS,TradingSystemLab/results/perpetual_v3/true_oos/T3/H1/trades.csv,26,T3-H1-USDRUBF-000008,v3|true_oos|T3|H1|USDRUBF|TradingSystemLab/results/perpetual_v3/true_oos/T3/H1/trades.csv|26|T3-H1-USDRUBF-000008,SHORT,2025-07-08 10:00:00+03:00,2025-07-09 10:00:00+03:00,2025-07-08,2025-07-09,2025,7,2025,7,1,2,10,10,-1.00347333262,-0.997247226909,0.00622610570626,0.991021121203,0,ATR_TRAILING_STOP,78.1,78.4183438149,,1 days 00:00:00,1440,24,SOURCE,SOURCE,SOURCE,UNAVAILABLE,DERIVED
v3,perpetual,true_oos,T3,H1,USDRUBF,V3_TRUE_OOS,TradingSystemLab/results/perpetual_v3/true_oos/T3/H1/trades.csv,30,T3-H1-USDRUBF-000009,v3|true_oos|T3|H1|USDRUBF|TradingSystemLab/results/perpetual_v3/true_oos/T3/H1/trades.csv|30|T3-H1-USDRUBF-000009,SHORT,2025-07-10 20:00:00+03:00,2025-07-11 11:00:00+03:00,2025-07-10,2025-07-11,2025,7,2025,7,3,4,20,11,-0.748564287586,-0.742477126932,0.00608716065369,0.736389966278,0.365229639221,ATR_TRAILING_STOP,77.88,78.1219485892,,0 days 15:00:00,900,15,SOURCE,SOURCE,SOURCE,UNAVAILABLE,DERIVED
v3,perpetual,true_oos,T3,H1,USDRUBF,V3_TRUE_OOS,TradingSystemLab/results/perpetual_v3/true_oos/T3/H1/trades.csv,33,T3-H1-USDRUBF-000010,v3|true_oos|T3|H1|USDRUBF|TradingSystemLab/results/perpetual_v3/true_oos/T3/H1/trades.csv|33|T3-H1-USDRUBF-000010,SHORT,2025-07-15 13:00:00+03:00,2025-07-17 11:00:00+03:00,2025-07-15,2025-07-17,2025,7,2025,7,1,3,13,11,-0.366303951259,-0.360648244641,0.00565570661774,0.480735062508,0.480735062508,ATR_TRAILING_STOP,78.18,78.3055342832,,1 days 22:00:00,2760,46,SOURCE,SOURCE,SOURCE,UNAVAILABLE,DERIVED
v3,perpetual,true_oos,T3,H1,USDRUBF,V3_TRUE_OOS,TradingSystemLab/results/perpetual_v3/true_oos/T3/H1/trades.csv,36,T3-H1-USDRUBF-000011,v3|true_oos|T3|H1|USDRUBF|TradingSystemLab/results/perpetual_v3/true_oos/T3/H1/trades.csv|36|T3-H1-USDRUBF-000011,LONG,2025-07-28 12:00:00+03:00,2025-07-29 15:00:00+03:00,2025-07-28,2025-07-29,2025,7,2025,7,0,1,12,15,4.20006320582,4.20443818095,0.00437497512995,0,6.34371393843,ATR_TRAILING_STOP,79.88,81.8040398087,,1 days 03:00:00,1620,27,SOURCE,SOURCE,SOURCE,UNAVAILABLE,DERIVED
v3,perpetual,true_oos,T3,H1,USDRUBF,V3_TRUE_OOS,TradingSystemLab/results/perpetual_v3/true_oos/T3/H1/trades.csv,47,T3-H1-USDRUBF-000012,v3|true_oos|T3|H1|USDRUBF|TradingSystemLab/results/perpetual_v3/true_oos/T3/H1/trades.csv|47|T3-H1-USDRUBF-000012,LONG,2025-09-08 16:00:00+03:00,2025-09-11 12:00:00+03:00,2025-09-08,2025-09-11,2025,9,2025,9,0,3,16,12,8.51161067422,8.51767339368,0.00606271945509,0.0606271945509,11.003835811,ATR_TRAILING_STOP,82.35,85.161852396,,2 days 20:00:00,4080,68,SOURCE,SOURCE,SOURCE,UNAVAILABLE,DERIVED
v3,perpetual,true_oos,T3,H1,USDRUBF,V3_TRUE_OOS,TradingSystemLab/results/perpetual_v3/true_oos/T3/H1/trades.csv,52,T3-H1-USDRUBF-000013,v3|true_oos|T3|H1|USDRUBF|TradingSystemLab/results/perpetual_v3/true_oos/T3/H1/trades.csv|52|T3-H1-USDRUBF-000013,LONG,2025-09-16 17:00:00+03:00,2025-09-18 12:00:00+03:00,2025-09-16,2025-09-18,2025,9,2025,9,1,3,17,12,-0.343280581115,-0.340530623478,0.00274995763703,0.591240891962,0.42624343374,ATR_TRAILING_STOP,83.56,83.3143375496,,1 days 19:00:00,2580,43,SOURCE,SOURCE,SOURCE,UNAVAILABLE,DERIVED
v3,perpetual,true_oos,T3,H1,USDRUBF,V3_TRUE_OOS,TradingSystemLab/results/perpetual_v3/true_oos/T3/H1/trades.csv,59,T3-H1-USDRUBF-000014,v3|true_oos|T3|H1|USDRUBF|TradingSystemLab/results/perpetual_v3/true_oos/T3/H1/trades.csv|59|T3-H1-USDRUBF-000014,SHORT,2025-10-01 11:00:00+03:00,2025-10-02 17:00:00+03:00,2025-10-01,2025-10-02,2025,10,2025,10,2,3,11,17,0.223673437515,0.227141191432,0.00346775391693,0.190726465431,1.62984434096,ATR_TRAILING_STOP,81.74,81.6069980911,,1 days 06:00:00,1800,30,SOURCE,SOURCE,SOURCE,UNAVAILABLE,DERIVED
v3,perpetual,true_oos,T3,H1,USDRUBF,V3_TRUE_OOS,TradingSystemLab/results/perpetual_v3/true_oos/T3/H1/trades.csv,64,T3-H1-USDRUBF-000015,v3|true_oos|T3|H1|USDRUBF|TradingSystemLab/results/perpetual_v3/true_oos/T3/H1/trades.csv|64|T3-H1-USDRUBF-000015,SHORT,2025-10-08 18:00:00+03:00,2025-10-09 11:00:00+03:00,2025-10-08,2025-10-09,2025,10,2025,10,2,3,18,11,-0.858711092449,-0.855810492949,0.00290059950006,0.852909893449,0.174035970003,ATR_TRAILING_STOP,81.22,81.8080921468,,0 days 17:00:00,1020,17,SOURCE,SOURCE,SOURCE,UNAVAILABLE,DERIVED
v3,perpetual,true_oos,T3,H1,USDRUBF,V3_TRUE_OOS,TradingSystemLab/results/perpetual_v3/true_oos/T3/H1/trades.csv,70,T3-H1-USDRUBF-000016,v3|true_oos|T3|H1|USDRUBF|TradingSystemLab/results/perpetual_v3/true_oos/T3/H1/trades.csv|70|T3-H1-USDRUBF-000016,SHORT,2025-10-13 12:00:00+03:00,2025-10-16 11:00:00+03:00,2025-10-13,2025-10-16,2025,10,2025,10,0,3,12,11,3.51103613644,3.51429784141,0.00326170497165,0.146776723724,4.6479295846,ATR_TRAILING_STOP,80.87,78.7131160531,,2 days 23:00:00,4260,71,SOURCE,SOURCE,SOURCE,UNAVAILABLE,DERIVED
v3,perpetual,true_oos,T3,H1,USDRUBF,V3_TRUE_OOS,TradingSystemLab/results/perpetual_v3/true_oos/T3/H1/trades.csv,75,T3-H1-USDRUBF-000017,v3|true_oos|T3|H1|USDRUBF|TradingSystemLab/results/perpetual_v3/true_oos/T3/H1/trades.csv|75|T3-H1-USDRUBF-000017,LONG,2025-10-22 11:00:00+03:00,2025-10-22 15:00:00+03:00,2025-10-22,2025-10-22,2025,10,2025,10,2,2,11,15,-1.00520433833,-1.00260216917,0.00260216916731,1,0.0390325375097,ATR_TRAILING_STOP,82.43,81.6614104613,,0 days 04:00:00,240,4,SOURCE,SOURCE,SOURCE,UNAVAILABLE,DERIVED
v3,perpetual,true_oos,T3,H1,USDRUBF,V3_TRUE_OOS,TradingSystemLab/results/perpetual_v3/true_oos/T3/H1/trades.csv,84,T3-H1-USDRUBF-000018,v3|true_oos|T3|H1|USDRUBF|TradingSystemLab/results/perpetual_v3/true_oos/T3/H1/trades.csv|84|T3-H1-USDRUBF-000018,SHORT,2025-11-21 11:00:00+03:00,2025-11-24 11:00:00+03:00,2025-11-21,2025-11-24,2025,11,2025,11,4,0,11,11,-0.604862657344,-0.601750074954,0.00311258238947,0.731456861525,0.373509886736,ATR_TRAILING_STOP,79.01,79.3946564798,,3 days 00:00:00,4320,72,SOURCE,SOURCE,SOURCE,UNAVAILABLE,DERIVED
v3,perpetual,true_oos,T3,H1,USDRUBF,V3_TRUE_OOS,TradingSystemLab/results/perpetual_v3/true_oos/T3/H1/trades.csv,86,T3-H1-USDRUBF-000019,v3|true_oos|T3|H1|USDRUBF|TradingSystemLab/results/perpetual_v3/true_oos/T3/H1/trades.csv|86|T3-H1-USDRUBF-000019,SHORT,2025-11-24 14:00:00+03:00,2025-11-25 14:00:00+03:00,2025-11-24,2025-11-25,2025,11,2025,11,0,1,14,14,-0.821924085347,-0.81887456682,0.00304951852653,0.815825048294,0.182971111592,ATR_TRAILING_STOP,78.6,79.1350517081,,1 days 00:00:00,1440,24,SOURCE,SOURCE,SOURCE,UNAVAILABLE,DERIVED
v3,perpetual,true_oos,T3,H1,USDRUBF,V3_TRUE_OOS,TradingSystemLab/results/perpetual_v3/true_oos/T3/H1/trades.csv,87,T3-H1-USDRUBF-000020,v3|true_oos|T3|H1|USDRUBF|TradingSystemLab/results/perpetual_v3/true_oos/T3/H1/trades.csv|87|T3-H1-USDRUBF-000020,SHORT,2025-11-26 20:00:00+03:00,2025-11-28 11:00:00+03:00,2025-11-26,2025-11-28,2025,11,2025,11,2,4,20,11,-0.131119858922,-0.127206772364,0.00391308655802,0.450004954172,0.763051878813,ATR_TRAILING_STOP,78.61,78.673016079,,1 days 15:00:00,2340,39,SOURCE,SOURCE,SOURCE,UNAVAILABLE,DERIVED
v3,perpetual,true_oos,T3,H1,USDRUBF,V3_TRUE_OOS,TradingSystemLab/results/perpetual_v3/true_oos/T3/H1/trades.csv,89,T3-H1-USDRUBF-000021,v3|true_oos|T3|H1|USDRUBF|TradingSystemLab/results/perpetual_v3/true_oos/T3/H1/trades.csv|89|T3-H1-USDRUBF-000021,SHORT,2025-12-03 19:00:00+03:00,2025-12-04 13:00:00+03:00,2025-12-03,2025-12-04,2025,12,2025,12,2,3,19,13,0.0378581361202,0.0409993208379,0.00314118471774,0,1.24076796351,ATR_TRAILING_STOP,77.1,77.071895632,,0 days 18:00:00,1080,18,SOURCE,SOURCE,SOURCE,UNAVAILABLE,DERIVED
v3,perpetual,true_oos,T3,H1,USDRUBF,V3_TRUE_OOS,TradingSystemLab/results/perpetual_v3/true_oos/T3/H1/trades.csv,91,T3-H1-USDRUBF-000022,v3|true_oos|T3|H1|USDRUBF|TradingSystemLab/results/perpetual_v3/true_oos/T3/H1/trades.csv|91|T3-H1-USDRUBF-000022,SHORT,2025-12-04 20:00:00+03:00,2025-12-05 11:00:00+03:00,2025-12-04,2025-12-05,2025,12,2025,12,3,4,20,11,-0.271016423595,-0.26824953459,0.00276688900452,0.265482645586,0.940742261538,ATR_TRAILING_STOP,76.02,76.2118997438,,0 days 15:00:00,900,15,SOURCE,SOURCE,SOURCE,UNAVAILABLE,DERIVED
v3,perpetual,true_oos,T3,H1,USDRUBF,V3_TRUE_OOS,TradingSystemLab/results/perpetual_v3/true_oos/T3/H1/trades.csv,95,T3-H1-USDRUBF-000023,v3|true_oos|T3|H1|USDRUBF|TradingSystemLab/results/perpetual_v3/true_oos/T3/H1/trades.csv|95|T3-H1-USDRUBF-000023,LONG,2025-12-11 18:00:00+03:00,2025-12-12 19:00:00+03:00,2025-12-11,2025-12-12,2025,12,2025,12,3,4,18,19,-0.777613913925,-0.774904883901,0.00270903002385,0.772195853878,0.189632101669,ATR_TRAILING_STOP,79.96,79.3899097115,,1 days 01:00:00,1500,25,SOURCE,SOURCE,SOURCE,UNAVAILABLE,DERIVED
v3,perpetual,true_oos,T3,H1,USDRUBF,V3_TRUE_OOS,TradingSystemLab/results/perpetual_v3/true_oos/T3/H1/trades.csv,97,T3-H1-USDRUBF-000024,v3|true_oos|T3|H1|USDRUBF|TradingSystemLab/results/perpetual_v3/true_oos/T3/H1/trades.csv|97|T3-H1-USDRUBF-000024,SHORT,2025-12-23 16:00:00+03:00,2025-12-24 13:00:00+03:00,2025-12-23,2025-12-24,2025,12,2025,12,1,2,16,13,-0.745887325247,-0.743124214171,0.00276311107594,0.740361103095,0.193417775316,ATR_TRAILING_STOP,78.23,78.7658894976,,0 days 21:00:00,1260,21,SOURCE,SOURCE,SOURCE,UNAVAILABLE,DERIVED
v3,perpetual,true_oos,T3,H1,USDRUBF,V3_TRUE_OOS,TradingSystemLab/results/perpetual_v3/true_oos/T3/H1/trades.csv,100,T3-H1-USDRUBF-000025,v3|true_oos|T3|H1|USDRUBF|TradingSystemLab/results/perpetual_v3/true_oos/T3/H1/trades.csv|100|T3-H1-USDRUBF-000025,SHORT,2025-12-25 13:00:00+03:00,2025-12-26 11:00:00+03:00,2025-12-25,2025-12-26,2025,12,2025,12,3,4,13,11,-0.119254326977,-0.116044543308,0.00320978366921,0.320978366921,0.898739427379,ATR_TRAILING_STOP,78.1,78.1703067691,,0 days 22:00:00,1320,22,SOURCE,SOURCE,SOURCE,UNAVAILABLE,DERIVED
v3,perpetual,true_oos,T3,H1,USDRUBF,V3_TRUE_OOS,TradingSystemLab/results/perpetual_v3/true_oos/T3/H1/trades.csv,107,T3-H1-USDRUBF-000026,v3|true_oos|T3|H1|USDRUBF|TradingSystemLab/results/perpetual_v3/true_oos/T3/H1/trades.csv|107|T3-H1-USDRUBF-000026,SHORT,2026-01-22 11:00:00+03:00,2026-01-23 12:00:00+03:00,2026-01-22,2026-01-23,2026,1,2026,1,3,4,11,12,-0.157704744708,-0.154210709492,0.0034940352159,0.279522817272,0.890978980055,ATR_TRAILING_STOP,76.08,76.1662708387,,1 days 01:00:00,1500,25,SOURCE,SOURCE,SOURCE,UNAVAILABLE,DERIVED
v3,perpetual,true_oos,T3,H1,USDRUBF,V3_TRUE_OOS,TradingSystemLab/results/perpetual_v3/true_oos/T3/H1/trades.csv,112,T3-H1-USDRUBF-000027,v3|true_oos|T3|H1|USDRUBF|TradingSystemLab/results/perpetual_v3/true_oos/T3/H1/trades.csv|112|T3-H1-USDRUBF-000027,SHORT,2026-01-29 17:00:00+03:00,2026-01-30 10:00:00+03:00,2026-01-29,2026-01-30,2026,1,2026,1,3,4,17,10,-0.196957062058,-0.193543912719,0.00341314933914,0.19013076338,0.887418828176,ATR_TRAILING_STOP,76.02,76.1314107497,,0 days 17:00:00,1020,17,SOURCE,SOURCE,SOURCE,UNAVAILABLE,DERIVED
v3,perpetual,true_oos,T3,H1,USDRUBF,V3_TRUE_OOS,TradingSystemLab/results/perpetual_v3/true_oos/T3/H1/trades.csv,114,T3-H1-USDRUBF-000028,v3|true_oos|T3|H1|USDRUBF|TradingSystemLab/results/perpetual_v3/true_oos/T3/H1/trades.csv|114|T3-H1-USDRUBF-000028,SHORT,2026-02-04 17:00:00+03:00,2026-02-05 13:00:00+03:00,2026-02-04,2026-02-05,2026,2,2026,2,2,3,17,13,-0.715595293927,-0.712234446463,0.00336084746351,0.708873599,0.403301695622,ATR_TRAILING_STOP,76.55,76.9718421733,,0 days 20:00:00,1200,20,SOURCE,SOURCE,SOURCE,UNAVAILABLE,DERIVED
v3,perpetual,true_oos,T3,H1,USDRUBF,V3_TRUE_OOS,TradingSystemLab/results/perpetual_v3/true_oos/T3/H1/trades.csv,121,T3-H1-USDRUBF-000029,v3|true_oos|T3|H1|USDRUBF|TradingSystemLab/results/perpetual_v3/true_oos/T3/H1/trades.csv|121|T3-H1-USDRUBF-000029,LONG,2026-03-05 15:00:00+03:00,2026-03-06 19:00:00+03:00,2026-03-05,2026-03-06,2026,3,2026,3,3,4,15,19,0.120484568753,0.12408568835,0.00360111959669,0.180055979835,1.17036386892,ATR_TRAILING_STOP,78.73,78.800915061,,1 days 04:00:00,1680,28,SOURCE,SOURCE,SOURCE,UNAVAILABLE,DERIVED
v3,perpetual,true_oos,T3,H1,USDRUBF,V3_TRUE_OOS,TradingSystemLab/results/perpetual_v3/true_oos/T3/H1/trades.csv,125,T3-H1-USDRUBF-000030,v3|true_oos|T3|H1|USDRUBF|TradingSystemLab/results/perpetual_v3/true_oos/T3/H1/trades.csv|125|T3-H1-USDRUBF-000030,LONG,2026-03-10 16:00:00+03:00,2026-03-18 14:00:00+03:00,2026-03-10,2026-03-18,2026,3,2026,3,1,2,16,14,5.78742989448,5.79080555331,0.0033756588298,0.556983706917,6.9201006011,ATR_TRAILING_STOP,79.08,82.5129187304,,7 days 22:00:00,11400,190,SOURCE,SOURCE,SOURCE,UNAVAILABLE,DERIVED
v3,perpetual,true_oos,T3,H1,USDRUBF,V3_TRUE_OOS,TradingSystemLab/results/perpetual_v3/true_oos/T3/H1/trades.csv,127,T3-H1-USDRUBF-000031,v3|true_oos|T3|H1|USDRUBF|TradingSystemLab/results/perpetual_v3/true_oos/T3/H1/trades.csv|127|T3-H1-USDRUBF-000031,LONG,2026-03-18 15:00:00+03:00,2026-03-19 14:00:00+03:00,2026-03-18,2026-03-19,2026,3,2026,3,2,3,15,14,1.22442076459,1.22738466023,0.00296389563917,0.0296389563918,2.57858920608,ATR_TRAILING_STOP,83.26,84.0902239388,,0 days 23:00:00,1380,23,SOURCE,SOURCE,SOURCE,UNAVAILABLE,DERIVED
v3,perpetual,true_oos,T3,H1,USDRUBF,V3_TRUE_OOS,TradingSystemLab/results/perpetual_v3/true_oos/T3/H1/trades.csv,130,T3-H1-USDRUBF-000032,v3|true_oos|T3|H1|USDRUBF|TradingSystemLab/results/perpetual_v3/true_oos/T3/H1/trades.csv|130|T3-H1-USDRUBF-000032,LONG,2026-03-25 18:00:00+03:00,2026-03-26 17:00:00+03:00,2026-03-25,2026-03-26,2026,3,2026,3,2,3,18,17,0.715198428853,0.718016950433,0.00281852158026,0.0140926079013,1.94477989038,ATR_TRAILING_STOP,81.14,81.6514989909,,0 days 23:00:00,1380,23,SOURCE,SOURCE,SOURCE,UNAVAILABLE,DERIVED
v3,perpetual,true_oos,T3,H1,USDRUBF,V3_TRUE_OOS,TradingSystemLab/results/perpetual_v3/true_oos/T3/H1/trades.csv,136,T3-H1-USDRUBF-000033,v3|true_oos|T3|H1|USDRUBF|TradingSystemLab/results/perpetual_v3/true_oos/T3/H1/trades.csv|136|T3-H1-USDRUBF-000033,SHORT,2026-04-20 10:00:00+03:00,2026-04-21 14:00:00+03:00,2026-04-20,2026-04-21,2026,4,2026,4,0,1,10,14,1.02447419428,1.02803407758,0.00355988329774,0.516183078172,2.10033114567,ATR_TRAILING_STOP,75.64,75.0604338319,,1 days 04:00:00,1680,28,SOURCE,SOURCE,SOURCE,UNAVAILABLE,DERIVED
v3,perpetual,true_oos,T3,H1,USDRUBF,V3_TRUE_OOS,TradingSystemLab/results/perpetual_v3/true_oos/T3/H1/trades.csv,138,T3-H1-USDRUBF-000034,v3|true_oos|T3|H1|USDRUBF|TradingSystemLab/results/perpetual_v3/true_oos/T3/H1/trades.csv|138|T3-H1-USDRUBF-000034,SHORT,2026-04-29 18:00:00+03:00,2026-04-30 11:00:00+03:00,2026-04-29,2026-04-30,2026,4,2026,4,2,3,18,11,-0.69160291807,-0.688583477296,0.00301944077438,0.685564036521,0.271749669694,ATR_TRAILING_STOP,74.79,75.2441000058,,0 days 17:00:00,1020,17,SOURCE,SOURCE,SOURCE,UNAVAILABLE,DERIVED
v3,perpetual,true_oos,T3,H1,USDRUBF,V3_TRUE_OOS,TradingSystemLab/results/perpetual_v3/true_oos/T3/H1/trades.csv,144,T3-H1-USDRUBF-000035,v3|true_oos|T3|H1|USDRUBF|TradingSystemLab/results/perpetual_v3/true_oos/T3/H1/trades.csv|144|T3-H1-USDRUBF-000035,SHORT,2026-05-19 11:00:00+03:00,2026-05-20 11:00:00+03:00,2026-05-19,2026-05-20,2026,5,2026,5,1,2,11,11,1.14054868703,1.14469214592,0.00414345888748,0.414345888748,2.52750992136,ATR_TRAILING_STOP,71.28,70.7254702528,,1 days 00:00:00,1440,24,SOURCE,SOURCE,SOURCE,UNAVAILABLE,DERIVED
v3,perpetual,true_oos,T3,H1,USDRUBF,V3_TRUE_OOS,TradingSystemLab/results/perpetual_v3/true_oos/T3/H1/trades.csv,148,T3-H1-USDRUBF-000036,v3|true_oos|T3|H1|USDRUBF|TradingSystemLab/results/perpetual_v3/true_oos/T3/H1/trades.csv|148|T3-H1-USDRUBF-000036,SHORT,2026-05-26 19:00:00+03:00,2026-05-28 10:00:00+03:00,2026-05-26,2026-05-28,2026,5,2026,5,1,3,19,10,-0.222776316653,-0.219705107276,0.00307120937677,0.353189078328,0.491393500283,ATR_TRAILING_STOP,71.23,71.3710740014,,1 days 15:00:00,2340,39,SOURCE,SOURCE,SOURCE,UNAVAILABLE,DERIVED
v3,perpetual,true_oos,T3,H1,USDRUBF,V3_TRUE_OOS,TradingSystemLab/results/perpetual_v3/true_oos/T3/H1/trades.csv,151,T3-H1-USDRUBF-000037,v3|true_oos|T3|H1|USDRUBF|TradingSystemLab/results/perpetual_v3/true_oos/T3/H1/trades.csv|151|T3-H1-USDRUBF-000037,LONG,2026-06-03 16:00:00+03:00,2026-06-04 17:00:00+03:00,2026-06-03,2026-06-04,2026,6,2026,6,2,3,16,17,-0.467782083647,-0.465453586372,0.00232849727507,0.651979237019,0.547196859641,ATR_TRAILING_STOP,74.27,73.8722111822,,1 days 01:00:00,1500,25,SOURCE,SOURCE,SOURCE,UNAVAILABLE,DERIVED
v3,perpetual,true_oos,T3,H1,USDRUBF,V3_TRUE_OOS,TradingSystemLab/results/perpetual_v3/true_oos/T3/H1/trades.csv,155,T3-H1-USDRUBF-000038,v3|true_oos|T3|H1|USDRUBF|TradingSystemLab/results/perpetual_v3/true_oos/T3/H1/trades.csv|155|T3-H1-USDRUBF-000038,SHORT,2026-06-09 11:00:00+03:00,2026-06-10 11:00:00+03:00,2026-06-09,2026-06-10,2026,6,2026,6,1,2,11,11,0.152358816948,0.155527214972,0.0031683980241,0.126735920964,1.34656916024,ATR_TRAILING_STOP,72.15,72.0498259614,,1 days 00:00:00,1440,24,SOURCE,SOURCE,SOURCE,UNAVAILABLE,DERIVED
v3,perpetual,true_oos,T3,H1,USDRUBF,V3_TRUE_OOS,TradingSystemLab/results/perpetual_v3/true_oos/T3/H1/trades.csv,162,T3-H1-USDRUBF-000039,v3|true_oos|T3|H1|USDRUBF|TradingSystemLab/results/perpetual_v3/true_oos/T3/H1/trades.csv|162|T3-H1-USDRUBF-000039,LONG,2026-06-22 20:00:00+03:00,2026-06-23 14:00:00+03:00,2026-06-22,2026-06-23,2026,6,2026,6,0,1,20,14,-0.270858500116,-0.267972050884,0.00288644923258,0.265085601651,0.808205785122,ATR_TRAILING_STOP,74.69,74.5063240852,,0 days 18:00:00,1080,18,SOURCE,SOURCE,SOURCE,UNAVAILABLE,DERIVED
v3,perpetual,true_oos,T3,H1,USDRUBF,V3_TRUE_OOS,TradingSystemLab/results/perpetual_v3/true_oos/T3/H1/trades.csv,165,T3-H1-USDRUBF-000040,v3|true_oos|T3|H1|USDRUBF|TradingSystemLab/results/perpetual_v3/true_oos/T3/H1/trades.csv|165|T3-H1-USDRUBF-000040,LONG,2026-06-25 18:00:00+03:00,2026-06-26 20:00:00+03:00,2026-06-25,2026-06-26,2026,6,2026,6,3,4,18,20,2.79192090092,2.79473655224,0.00281565132459,0.0281565132459,4.44872909285,ATR_TRAILING_STOP,76.09,78.0771439188,,1 days 02:00:00,1560,26,SOURCE,SOURCE,SOURCE,UNAVAILABLE,DERIVED
v3,perpetual,true_oos,T3,H1,USDRUBF,V3_TRUE_OOS,TradingSystemLab/results/perpetual_v3/true_oos/T3/H1/trades.csv,167,T3-H1-USDRUBF-000041,v3|true_oos|T3|H1|USDRUBF|TradingSystemLab/results/perpetual_v3/true_oos/T3/H1/trades.csv|167|T3-H1-USDRUBF-000041,LONG,2026-06-30 19:00:00+03:00,2026-07-01 11:00:00+03:00,2026-06-30,2026-07-01,2026,6,2026,7,1,2,19,11,-0.427825049416,-0.425812120039,0.00201292937634,0.423799190663,0.513296990966,ATR_TRAILING_STOP,79.24,78.8189229412,,0 days 16:00:00,960,16,SOURCE,SOURCE,SOURCE,UNAVAILABLE,DERIVED
v3,perpetual,true_oos,T3,H1,USDRUBF,V3_TRUE_OOS,TradingSystemLab/results/perpetual_v3/true_oos/T3/H1/trades.csv,175,T3-H1-USDRUBF-000042,v3|true_oos|T3|H1|USDRUBF|TradingSystemLab/results/perpetual_v3/true_oos/T3/H1/trades.csv|175|T3-H1-USDRUBF-000042,LONG,2026-08-03 11:00:00+03:00,2026-08-04 20:00:00+03:00,2026-08-03,2026-08-04,2026,8,2026,8,0,1,11,20,1.68682820045,1.69123662579,0.00440842533415,0.0440842533415,3.19610836726,ATR_TRAILING_STOP,79.88,80.6492747059,,1 days 09:00:00,1980,33,SOURCE,SOURCE,SOURCE,UNAVAILABLE,DERIVED
v3,perpetual,true_oos,T3,H1,USDRUBF,V3_TRUE_OOS,TradingSystemLab/results/perpetual_v3/true_oos/T3/H1/trades.csv,178,T3-H1-USDRUBF-000043,v3|true_oos|T3|H1|USDRUBF|TradingSystemLab/results/perpetual_v3/true_oos/T3/H1/trades.csv|178|T3-H1-USDRUBF-000043,LONG,2026-08-06 10:00:00+03:00,2026-08-10 11:00:00+03:00,2026-08-06,2026-08-10,2026,8,2026,8,3,0,10,11,2.65265617751,2.65684070164,0.00418452413168,0.230148827243,3.49407764996,ATR_TRAILING_STOP,81.42,82.6918412618,,4 days 01:00:00,5820,97,SOURCE,SOURCE,SOURCE,UNAVAILABLE,DERIVED
v3,perpetual,true_oos,T3,H1,USDRUBF,V3_TRUE_OOS,TradingSystemLab/results/perpetual_v3/true_oos/T3/H1/trades.csv,181,T3-H1-USDRUBF-000044,v3|true_oos|T3|H1|USDRUBF|TradingSystemLab/results/perpetual_v3/true_oos/T3/H1/trades.csv|181|T3-H1-USDRUBF-000044,LONG,2026-08-12 14:00:00+03:00,2026-08-14 12:00:00+03:00,2026-08-12,2026-08-14,2026,8,2026,8,2,4,14,12,1.94063897047,1.94462835896,0.00398938849169,0.658249101128,3.03193525368,ATR_TRAILING_STOP,83.13,84.1069004706,,1 days 22:00:00,2760,46,SOURCE,SOURCE,SOURCE,UNAVAILABLE,DERIVED
v3,perpetual,true_oos,T3,H1,USDRUBF,V3_TRUE_OOS,TradingSystemLab/results/perpetual_v3/true_oos/T3/H1/trades.csv,184,T3-H1-USDRUBF-000045,v3|true_oos|T3|H1|USDRUBF|TradingSystemLab/results/perpetual_v3/true_oos/T3/H1/trades.csv|184|T3-H1-USDRUBF-000045,LONG,2026-08-14 20:00:00+03:00,2026-08-18 00:00:00+03:00,2026-08-14,2026-08-18,2026,8,2026,8,4,1,20,0,0.376865124617,0.380194880657,0.0033297560398,0.349624384179,1.44844387731,ATR_TRAILING_STOP,84.72,84.9503620038,,3 days 04:00:00,4560,76,SOURCE,SOURCE,SOURCE,UNAVAILABLE,DERIVED
v3,perpetual,true_oos,T3,H1,USDRUBF,V3_TRUE_OOS,TradingSystemLab/results/perpetual_v3/true_oos/T3/H1/trades.csv,191,T3-H1-USDRUBF-000046,v3|true_oos|T3|H1|USDRUBF|TradingSystemLab/results/perpetual_v3/true_oos/T3/H1/trades.csv|191|T3-H1-USDRUBF-000046,LONG,2026-08-26 19:00:00+03:00,2026-08-28 10:00:00+03:00,2026-08-26,2026-08-28,2026,8,2026,8,2,4,19,10,1.65777375438,1.66095432946,0.00318057507715,0.063611501543,2.79890606789,ATR_TRAILING_STOP,84.86,85.9064364866,,1 days 15:00:00,2340,39,SOURCE,SOURCE,SOURCE,UNAVAILABLE,DERIVED
v3,perpetual,true_oos,T3,H1,USDRUBF,V3_TRUE_OOS,TradingSystemLab/results/perpetual_v3/true_oos/T3/H1/trades.csv,193,T3-H1-USDRUBF-000047,v3|true_oos|T3|H1|USDRUBF|TradingSystemLab/results/perpetual_v3/true_oos/T3/H1/trades.csv|193|T3-H1-USDRUBF-000047,LONG,2026-08-28 19:00:00+03:00,2026-08-31 08:00:00+03:00,2026-08-28,2026-08-31,2026,8,2026,8,4,0,19,8,-0.372508508641,-0.370047019764,0.00246148887741,0.367585530886,0.0369223331611,ATR_TRAILING_STOP,86.85,86.5513307399,,2 days 13:00:00,3660,61,SOURCE,SOURCE,SOURCE,UNAVAILABLE,DERIVED
v3,perpetual,true_oos,T3,H1,USDRUBF,V3_TRUE_OOS,TradingSystemLab/results/perpetual_v3/true_oos/T3/H1/trades.csv,195,T3-H1-USDRUBF-000048,v3|true_oos|T3|H1|USDRUBF|TradingSystemLab/results/perpetual_v3/true_oos/T3/H1/trades.csv|195|T3-H1-USDRUBF-000048,LONG,2026-09-01 13:00:00+03:00,2026-09-02 11:00:00+03:00,2026-09-01,2026-09-02,2026,9,2026,9,1,2,13,11,-0.501711395119,-0.49864763318,0.00306376193964,0.49558387124,0.52083952974,ATR_TRAILING_STOP,86.87,86.5464866977,,0 days 22:00:00,1320,22,SOURCE,SOURCE,SOURCE,UNAVAILABLE,DERIVED
v3,perpetual,true_oos,T3,H1,USDRUBF,V3_TRUE_OOS,TradingSystemLab/results/perpetual_v3/true_oos/T3/H1/trades.csv,199,T3-H1-USDRUBF-000049,v3|true_oos|T3|H1|USDRUBF|TradingSystemLab/results/perpetual_v3/true_oos/T3/H1/trades.csv|199|T3-H1-USDRUBF-000049,SHORT,2026-09-14 10:00:00+03:00,2026-09-14 12:00:00+03:00,2026-09-14,2026-09-14,2026,9,2026,9,0,0,10,12,-1.00701630681,-1.00350815341,0.0035081534075,1,0.035081534075,ATR_TRAILING_STOP,83.72,84.2901004967,,0 days 02:00:00,120,2,SOURCE,SOURCE,SOURCE,UNAVAILABLE,DERIVED
v3,perpetual,true_oos,T3,M30,CNYRUBF,V3_TRUE_OOS,TradingSystemLab/results/perpetual_v3/true_oos/T3/M30/trades.csv,2,T3-M30-CNYRUBF-000001,v3|true_oos|T3|M30|CNYRUBF|TradingSystemLab/results/perpetual_v3/true_oos/T3/M30/trades.csv|2|T3-M30-CNYRUBF-000001,SHORT,2025-01-27 10:30:00+03:00,2025-01-27 15:00:00+03:00,2025-01-27,2025-01-27,2025,1,2025,1,0,0,10,15,0.800143251178,0.834198972995,0.034055721817,0.0851393045425,2.46903983173,ATR_TRAILING_STOP,13.45,13.3990097612,,0 days 04:30:00,270,4.5,SOURCE,SOURCE,SOURCE,UNAVAILABLE,DERIVED
v3,perpetual,true_oos,T3,M30,CNYRUBF,V3_TRUE_OOS,TradingSystemLab/results/perpetual_v3/true_oos/T3/M30/trades.csv,5,T3-M30-CNYRUBF-000002,v3|true_oos|T3|M30|CNYRUBF|TradingSystemLab/results/perpetual_v3/true_oos/T3/M30/trades.csv|5|T3-M30-CNYRUBF-000002,SHORT,2025-01-28 17:30:00+03:00,2025-01-29 09:30:00+03:00,2025-01-28,2025-01-29,2025,1,2025,1,1,2,17,9,-0.438280848206,-0.409315880873,0.0289649673329,0.391027058994,0.637229281324,ATR_TRAILING_STOP,13.372,13.3982628236,,0 days 16:00:00,960,16,SOURCE,SOURCE,SOURCE,UNAVAILABLE,DERIVED
v3,perpetual,true_oos,T3,M30,CNYRUBF,V3_TRUE_OOS,TradingSystemLab/results/perpetual_v3/true_oos/T3/M30/trades.csv,7,T3-M30-CNYRUBF-000003,v3|true_oos|T3|M30|CNYRUBF|TradingSystemLab/results/perpetual_v3/true_oos/T3/M30/trades.csv|7|T3-M30-CNYRUBF-000003,SHORT,2025-02-03 19:00:00+03:00,2025-02-04 12:30:00+03:00,2025-02-03,2025-02-04,2025,2,2025,2,0,1,19,12,-0.89295911667,-0.865929147475,0.027029969195,0.83889917828,0.229754738157,ATR_TRAILING_STOP,13.28,13.342071782,,0 days 17:30:00,1050,17.5,SOURCE,SOURCE,SOURCE,UNAVAILABLE,DERIVED
v3,perpetual,true_oos,T3,M30,CNYRUBF,V3_TRUE_OOS,TradingSystemLab/results/perpetual_v3/true_oos/T3/M30/trades.csv,8,T3-M30-CNYRUBF-000004,v3|true_oos|T3|M30|CNYRUBF|TradingSystemLab/results/perpetual_v3/true_oos/T3/M30/trades.csv|8|T3-M30-CNYRUBF-000004,SHORT,2025-02-05 18:30:00+03:00,2025-02-06 10:30:00+03:00,2025-02-05,2025-02-06,2025,2,2025,2,2,3,18,10,0.364455792537,0.385102504122,0.0206467115849,0.185820404264,1.56915008045,ATR_TRAILING_STOP,13.035,12.9956959962,,0 days 16:00:00,960,16,SOURCE,SOURCE,SOURCE,UNAVAILABLE,DERIVED
v3,perpetual,true_oos,T3,M30,CNYRUBF,V3_TRUE_OOS,TradingSystemLab/results/perpetual_v3/true_oos/T3/M30/trades.csv,14,T3-M30-CNYRUBF-000005,v3|true_oos|T3|M30|CNYRUBF|TradingSystemLab/results/perpetual_v3/true_oos/T3/M30/trades.csv|14|T3-M30-CNYRUBF-000005,SHORT,2025-02-12 20:00:00+03:00,2025-02-12 22:30:00+03:00,2025-02-12,2025-02-12,2025,2,2025,2,2,2,20,22,2.56856065864,2.58930668351,0.0207460248745,0.0103730124373,5.24874429326,ATR_TRAILING_STOP,12.661,12.4093804513,,0 days 02:30:00,150,2.5,SOURCE,SOURCE,SOURCE,UNAVAILABLE,DERIVED
v3,perpetual,true_oos,T3,M30,CNYRUBF,V3_TRUE_OOS,TradingSystemLab/results/perpetual_v3/true_oos/T3/M30/trades.csv,23,T3-M30-CNYRUBF-000006,v3|true_oos|T3|M30|CNYRUBF|TradingSystemLab/results/perpetual_v3/true_oos/T3/M30/trades.csv|23|T3-M30-CNYRUBF-000006,SHORT,2025-02-24 19:00:00+03:00,2025-02-26 11:00:00+03:00,2025-02-24,2025-02-26,2025,2,2025,2,0,2,19,11,2.41156675639,2.43375367732,0.0221869209311,0.266243051174,3.37241198153,ATR_TRAILING_STOP,11.988,11.7666136611,,1 days 16:00:00,2400,40,SOURCE,SOURCE,SOURCE,UNAVAILABLE,DERIVED
v3,perpetual,true_oos,T3,M30,CNYRUBF,V3_TRUE_OOS,TradingSystemLab/results/perpetual_v3/true_oos/T3/M30/trades.csv,27,T3-M30-CNYRUBF-000007,v3|true_oos|T3|M30|CNYRUBF|TradingSystemLab/results/perpetual_v3/true_oos/T3/M30/trades.csv|27|T3-M30-CNYRUBF-000007,SHORT,2025-03-10 18:00:00+03:00,2025-03-11 09:30:00+03:00,2025-03-10,2025-03-11,2025,3,2025,3,0,1,18,9,0.122393154433,0.144182131557,0.021788977124,0.239678748364,1.19839374182,ATR_TRAILING_STOP,11.921,11.9057655897,,0 days 15:30:00,930,15.5,SOURCE,SOURCE,SOURCE,UNAVAILABLE,DERIVED
v3,perpetual,true_oos,T3,M30,CNYRUBF,V3_TRUE_OOS,TradingSystemLab/results/perpetual_v3/true_oos/T3/M30/trades.csv,29,T3-M30-CNYRUBF-000008,v3|true_oos|T3|M30|CNYRUBF|TradingSystemLab/results/perpetual_v3/true_oos/T3/M30/trades.csv|29|T3-M30-CNYRUBF-000008,SHORT,2025-03-11 13:30:00+03:00,2025-03-11 18:30:00+03:00,2025-03-11,2025-03-11,2025,3,2025,3,1,1,13,18,-0.898018596219,-0.87451035007,0.0235082461487,0.851002103921,0.752263876759,ATR_TRAILING_STOP,11.795,11.8674003057,,0 days 05:00:00,300,5,SOURCE,SOURCE,SOURCE,UNAVAILABLE,DERIVED
v3,perpetual,true_oos,T3,M30,CNYRUBF,V3_TRUE_OOS,TradingSystemLab/results/perpetual_v3/true_oos/T3/M30/trades.csv,32,T3-M30-CNYRUBF-000009,v3|true_oos|T3|M30|CNYRUBF|TradingSystemLab/results/perpetual_v3/true_oos/T3/M30/trades.csv|32|T3-M30-CNYRUBF-000009,SHORT,2025-03-13 13:00:00+03:00,2025-03-13 17:30:00+03:00,2025-03-13,2025-03-13,2025,3,2025,3,3,3,13,17,-0.967139584801,-0.944789278125,0.0223503066759,0.922438971449,0.569932820236,ATR_TRAILING_STOP,11.863,11.9455437418,,0 days 04:30:00,270,4.5,SOURCE,SOURCE,SOURCE,UNAVAILABLE,DERIVED
v3,perpetual,true_oos,T3,M30,CNYRUBF,V3_TRUE_OOS,TradingSystemLab/results/perpetual_v3/true_oos/T3/M30/trades.csv,34,T3-M30-CNYRUBF-000010,v3|true_oos|T3|M30|CNYRUBF|TradingSystemLab/results/perpetual_v3/true_oos/T3/M30/trades.csv|34|T3-M30-CNYRUBF-000010,SHORT,2025-03-13 19:30:00+03:00,2025-03-14 10:30:00+03:00,2025-03-13,2025-03-14,2025,3,2025,3,3,4,19,10,-1.01910457626,-1.00279909012,0.0163054861486,0.986493603967,0.0570692015202,ATR_TRAILING_STOP,11.701,11.8220014341,,0 days 15:00:00,900,15,SOURCE,SOURCE,SOURCE,UNAVAILABLE,DERIVED
v3,perpetual,true_oos,T3,M30,CNYRUBF,V3_TRUE_OOS,TradingSystemLab/results/perpetual_v3/true_oos/T3/M30/trades.csv,46,T3-M30-CNYRUBF-000011,v3|true_oos|T3|M30|CNYRUBF|TradingSystemLab/results/perpetual_v3/true_oos/T3/M30/trades.csv|46|T3-M30-CNYRUBF-000011,SHORT,2025-04-11 18:30:00+03:00,2025-04-14 20:00:00+03:00,2025-04-11,2025-04-14,2025,4,2025,4,4,0,18,20,0.191558846423,0.214691927299,0.0231330808769,0.416395455785,1.37641831218,ATR_TRAILING_STOP,11.289,11.2684385357,,3 days 01:30:00,4410,73.5,SOURCE,SOURCE,SOURCE,UNAVAILABLE,DERIVED
v3,perpetual,true_oos,T3,M30,CNYRUBF,V3_TRUE_OOS,TradingSystemLab/results/perpetual_v3/true_oos/T3/M30/trades.csv,48,T3-M30-CNYRUBF-000012,v3|true_oos|T3|M30|CNYRUBF|TradingSystemLab/results/perpetual_v3/true_oos/T3/M30/trades.csv|48|T3-M30-CNYRUBF-000012,SHORT,2025-04-15 12:00:00+03:00,2025-04-15 16:00:00+03:00,2025-04-15,2025-04-15,2025,4,2025,4,1,1,12,16,-0.939400521741,-0.912573044932,0.0268274768095,0.885745568122,0.456067105762,ATR_TRAILING_STOP,11.148,11.2140327152,,0 days 04:00:00,240,4,SOURCE,SOURCE,SOURCE,UNAVAILABLE,DERIVED
v3,perpetual,true_oos,T3,M30,CNYRUBF,V3_TRUE_OOS,TradingSystemLab/results/perpetual_v3/true_oos/T3/M30/trades.csv,51,T3-M30-CNYRUBF-000013,v3|true_oos|T3|M30|CNYRUBF|TradingSystemLab/results/perpetual_v3/true_oos/T3/M30/trades.csv|51|T3-M30-CNYRUBF-000013,SHORT,2025-04-17 20:30:00+03:00,2025-04-18 12:00:00+03:00,2025-04-17,2025-04-18,2025,4,2025,4,3,4,20,12,-0.664029448939,-0.639004526957,0.025024921983,0.613979604974,0.875872269403,ATR_TRAILING_STOP,11.041,11.0900694521,,0 days 15:30:00,930,15.5,SOURCE,SOURCE,SOURCE,UNAVAILABLE,DERIVED
v3,perpetual,true_oos,T3,M30,CNYRUBF,V3_TRUE_OOS,TradingSystemLab/results/perpetual_v3/true_oos/T3/M30/trades.csv,54,T3-M30-CNYRUBF-000014,v3|true_oos|T3|M30|CNYRUBF|TradingSystemLab/results/perpetual_v3/true_oos/T3/M30/trades.csv|54|T3-M30-CNYRUBF-000014,LONG,2025-05-02 15:00:00+03:00,2025-05-02 18:00:00+03:00,2025-05-02,2025-05-02,2025,5,2025,5,4,4,15,18,-1.05666322386,-1.02833161193,0.0283316119323,1,0.240818701425,ATR_TRAILING_STOP,11.463,11.3924074758,,0 days 03:00:00,180,3,SOURCE,SOURCE,SOURCE,UNAVAILABLE,DERIVED
v3,perpetual,true_oos,T3,M30,CNYRUBF,V3_TRUE_OOS,TradingSystemLab/results/perpetual_v3/true_oos/T3/M30/trades.csv,55,T3-M30-CNYRUBF-000015,v3|true_oos|T3|M30|CNYRUBF|TradingSystemLab/results/perpetual_v3/true_oos/T3/M30/trades.csv|55|T3-M30-CNYRUBF-000015,LONG,2025-05-05 09:30:00+03:00,2025-05-05 10:30:00+03:00,2025-05-05,2025-05-05,2025,5,2025,5,0,0,9,10,-1.08188041078,-1.04094020539,0.040940205392,1,0.163760821568,ATR_TRAILING_STOP,11.49,11.4411482666,,0 days 01:00:00,60,1,SOURCE,SOURCE,SOURCE,UNAVAILABLE,DERIVED
v3,perpetual,true_oos,T3,M30,CNYRUBF,V3_TRUE_OOS,TradingSystemLab/results/perpetual_v3/true_oos/T3/M30/trades.csv,58,T3-M30-CNYRUBF-000016,v3|true_oos|T3|M30|CNYRUBF|TradingSystemLab/results/perpetual_v3/true_oos/T3/M30/trades.csv|58|T3-M30-CNYRUBF-000016,SHORT,2025-05-05 18:30:00+03:00,2025-05-06 12:30:00+03:00,2025-05-05,2025-05-06,2025,5,2025,5,0,1,18,12,-0.693754758192,-0.668901429874,0.0248533283174,0.644048101557,0.422506581396,ATR_TRAILING_STOP,11.192,11.2438279156,,0 days 18:00:00,1080,18,SOURCE,SOURCE,SOURCE,UNAVAILABLE,DERIVED
v3,perpetual,true_oos,T3,M30,CNYRUBF,V3_TRUE_OOS,TradingSystemLab/results/perpetual_v3/true_oos/T3/M30/trades.csv,61,T3-M30-CNYRUBF-000017,v3|true_oos|T3|M30|CNYRUBF|TradingSystemLab/results/perpetual_v3/true_oos/T3/M30/trades.csv|61|T3-M30-CNYRUBF-000017,SHORT,2025-05-22 09:30:00+03:00,2025-05-22 10:30:00+03:00,2025-05-22,2025-05-22,2025,5,2025,5,3,3,9,10,-1.10303507146,-1.05151753573,0.0515175357276,1,0,ATR_TRAILING_STOP,11.023,11.0618217327,,0 days 01:00:00,60,1,SOURCE,SOURCE,SOURCE,UNAVAILABLE,DERIVED
v3,perpetual,true_oos,T3,M30,CNYRUBF,V3_TRUE_OOS,TradingSystemLab/results/perpetual_v3/true_oos/T3/M30/trades.csv,62,T3-M30-CNYRUBF-000018,v3|true_oos|T3|M30|CNYRUBF|TradingSystemLab/results/perpetual_v3/true_oos/T3/M30/trades.csv|62|T3-M30-CNYRUBF-000018,SHORT,2025-05-22 14:30:00+03:00,2025-05-22 15:30:00+03:00,2025-05-22,2025-05-22,2025,5,2025,5,3,3,14,15,-1.0763014934,-1.0381507467,0.0381507467015,1,0.0763014934029,ATR_TRAILING_STOP,10.998,11.0504236135,,0 days 01:00:00,60,1,SOURCE,SOURCE,SOURCE,UNAVAILABLE,DERIVED
v3,perpetual,true_oos,T3,M30,CNYRUBF,V3_TRUE_OOS,TradingSystemLab/results/perpetual_v3/true_oos/T3/M30/trades.csv,68,T3-M30-CNYRUBF-000019,v3|true_oos|T3|M30|CNYRUBF|TradingSystemLab/results/perpetual_v3/true_oos/T3/M30/trades.csv|68|T3-M30-CNYRUBF-000019,SHORT,2025-05-29 10:30:00+03:00,2025-05-30 09:30:00+03:00,2025-05-29,2025-05-30,2025,5,2025,5,3,4,10,9,0.0989009352479,0.139147069701,0.0402461344526,0.342092142847,1.30799936971,ATR_TRAILING_STOP,10.918,10.9090851958,,0 days 23:00:00,1380,23,SOURCE,SOURCE,SOURCE,UNAVAILABLE,DERIVED
v3,perpetual,true_oos,T3,M30,CNYRUBF,V3_TRUE_OOS,TradingSystemLab/results/perpetual_v3/true_oos/T3/M30/trades.csv,71,T3-M30-CNYRUBF-000020,v3|true_oos|T3|M30|CNYRUBF|TradingSystemLab/results/perpetual_v3/true_oos/T3/M30/trades.csv|71|T3-M30-CNYRUBF-000020,SHORT,2025-06-05 18:30:00+03:00,2025-06-05 20:00:00+03:00,2025-06-05,2025-06-05,2025,6,2025,6,3,3,18,20,-1.08972082832,-1.04486041416,0.0448604141594,1,0.157011449558,ATR_TRAILING_STOP,10.995,11.039582736,,0 days 01:30:00,90,1.5,SOURCE,SOURCE,SOURCE,UNAVAILABLE,DERIVED
v3,perpetual,true_oos,T3,M30,CNYRUBF,V3_TRUE_OOS,TradingSystemLab/results/perpetual_v3/true_oos/T3/M30/trades.csv,72,T3-M30-CNYRUBF-000021,v3|true_oos|T3|M30|CNYRUBF|TradingSystemLab/results/perpetual_v3/true_oos/T3/M30/trades.csv|72|T3-M30-CNYRUBF-000021,SHORT,2025-06-16 09:30:00+03:00,2025-06-16 10:30:00+03:00,2025-06-16,2025-06-16,2025,6,2025,6,0,0,9,10,-1.09153031952,-1.04576515976,0.0457651597583,1,0.389003857946,ATR_TRAILING_STOP,10.827,10.8707013661,,0 days 01:00:00,60,1,SOURCE,SOURCE,SOURCE,UNAVAILABLE,DERIVED
v3,perpetual,true_oos,T3,M30,CNYRUBF,V3_TRUE_OOS,TradingSystemLab/results/perpetual_v3/true_oos/T3/M30/trades.csv,78,T3-M30-CNYRUBF-000022,v3|true_oos|T3|M30|CNYRUBF|TradingSystemLab/results/perpetual_v3/true_oos/T3/M30/trades.csv|78|T3-M30-CNYRUBF-000022,SHORT,2025-07-07 17:00:00+03:00,2025-07-08 10:30:00+03:00,2025-07-07,2025-07-08,2025,7,2025,7,0,1,17,10,1.38629595231,1.4467589801,0.0604630277908,0,2.87199382007,ATR_TRAILING_STOP,10.907,10.8571440115,,0 days 17:30:00,1050,17.5,SOURCE,SOURCE,SOURCE,UNAVAILABLE,DERIVED
v3,perpetual,true_oos,T3,M30,CNYRUBF,V3_TRUE_OOS,TradingSystemLab/results/perpetual_v3/true_oos/T3/M30/trades.csv,83,T3-M30-CNYRUBF-000023,v3|true_oos|T3|M30|CNYRUBF|TradingSystemLab/results/perpetual_v3/true_oos/T3/M30/trades.csv|83|T3-M30-CNYRUBF-000023,SHORT,2025-07-09 17:00:00+03:00,2025-07-09 18:30:00+03:00,2025-07-09,2025-07-09,2025,7,2025,7,2,2,17,18,-0.486929233815,-0.414038482513,0.0728907513022,0.34114773121,1.34847889909,ATR_TRAILING_STOP,10.835,10.8443605217,,0 days 01:30:00,90,1.5,SOURCE,SOURCE,SOURCE,UNAVAILABLE,DERIVED
v3,perpetual,true_oos,T3,M30,CNYRUBF,V3_TRUE_OOS,TradingSystemLab/results/perpetual_v3/true_oos/T3/M30/trades.csv,86,T3-M30-CNYRUBF-000024,v3|true_oos|T3|M30|CNYRUBF|TradingSystemLab/results/perpetual_v3/true_oos/T3/M30/trades.csv|86|T3-M30-CNYRUBF-000024,SHORT,2025-07-10 20:00:00+03:00,2025-07-11 10:00:00+03:00,2025-07-10,2025-07-11,2025,7,2025,7,3,4,20,10,-0.77295020672,-0.70628976043,0.0666604462899,0.63962931414,0.499953347174,ATR_TRAILING_STOP,10.81,10.82919067,,0 days 14:00:00,840,14,SOURCE,SOURCE,SOURCE,UNAVAILABLE,DERIVED
v3,perpetual,true_oos,T3,M30,CNYRUBF,V3_TRUE_OOS,TradingSystemLab/results/perpetual_v3/true_oos/T3/M30/trades.csv,90,T3-M30-CNYRUBF-000025,v3|true_oos|T3|M30|CNYRUBF|TradingSystemLab/results/perpetual_v3/true_oos/T3/M30/trades.csv|90|T3-M30-CNYRUBF-000025,SHORT,2025-07-14 20:00:00+03:00,2025-07-16 00:00:00+03:00,2025-07-14,2025-07-16,2025,7,2025,7,0,2,20,0,-0.159718791014,-0.119249293328,0.0404694976856,0.303521232642,0.50586872107,ATR_TRAILING_STOP,10.857,10.8608932925,,1 days 04:00:00,1680,28,SOURCE,SOURCE,SOURCE,UNAVAILABLE,DERIVED
v3,perpetual,true_oos,T3,M30,CNYRUBF,V3_TRUE_OOS,TradingSystemLab/results/perpetual_v3/true_oos/T3/M30/trades.csv,92,T3-M30-CNYRUBF-000026,v3|true_oos|T3|M30|CNYRUBF|TradingSystemLab/results/perpetual_v3/true_oos/T3/M30/trades.csv|92|T3-M30-CNYRUBF-000026,LONG,2025-07-22 18:00:00+03:00,2025-07-23 10:30:00+03:00,2025-07-22,2025-07-23,2025,7,2025,7,1,2,18,10,0.0960088935311,0.161975310002,0.0659664164708,0.362815290589,1.51722757883,ATR_TRAILING_STOP,10.95,10.9569108416,,0 days 16:30:00,990,16.5,SOURCE,SOURCE,SOURCE,UNAVAILABLE,DERIVED
v3,perpetual,true_oos,T3,M30,CNYRUBF,V3_TRUE_OOS,TradingSystemLab/results/perpetual_v3/true_oos/T3/M30/trades.csv,93,T3-M30-CNYRUBF-000027,v3|true_oos|T3|M30|CNYRUBF|TradingSystemLab/results/perpetual_v3/true_oos/T3/M30/trades.csv|93|T3-M30-CNYRUBF-000027,LONG,2025-07-23 13:00:00+03:00,2025-07-23 15:30:00+03:00,2025-07-23,2025-07-23,2025,7,2025,7,2,2,13,15,-1.12769297394,-1.06384648697,0.0638464869709,1,0.191539460913,ATR_TRAILING_STOP,10.997,10.9656748622,,0 days 02:30:00,150,2.5,SOURCE,SOURCE,SOURCE,UNAVAILABLE,DERIVED
v3,perpetual,true_oos,T3,M30,CNYRUBF,V3_TRUE_OOS,TradingSystemLab/results/perpetual_v3/true_oos/T3/M30/trades.csv,94,T3-M30-CNYRUBF-000028,v3|true_oos|T3|M30|CNYRUBF|TradingSystemLab/results/perpetual_v3/true_oos/T3/M30/trades.csv|94|T3-M30-CNYRUBF-000028,LONG,2025-07-24 12:00:00+03:00,2025-07-24 13:00:00+03:00,2025-07-24,2025-07-24,2025,7,2025,7,3,3,12,13,0.159728560476,0.217307897818,0.0575793373422,0.0287896686711,2.13043548166,ATR_TRAILING_STOP,11.092,11.1015481208,,0 days 01:00:00,60,1,SOURCE,SOURCE,SOURCE,UNAVAILABLE,DERIVED
v3,perpetual,true_oos,T3,M30,CNYRUBF,V3_TRUE_OOS,TradingSystemLab/results/perpetual_v3/true_oos/T3/M30/trades.csv,98,T3-M30-CNYRUBF-000029,v3|true_oos|T3|M30|CNYRUBF|TradingSystemLab/results/perpetual_v3/true_oos/T3/M30/trades.csv|98|T3-M30-CNYRUBF-000029,LONG,2025-07-28 11:30:00+03:00,2025-07-29 14:00:00+03:00,2025-07-28,2025-07-29,2025,7,2025,7,0,1,11,14,7.56358378854,7.61834180007,0.054758011533,0.301169063431,10.9242233008,ATR_TRAILING_STOP,11.129,11.409254874,,1 days 02:30:00,1590,26.5,SOURCE,SOURCE,SOURCE,UNAVAILABLE,DERIVED
v3,perpetual,true_oos,T3,M30,CNYRUBF,V3_TRUE_OOS,TradingSystemLab/results/perpetual_v3/true_oos/T3/M30/trades.csv,106,T3-M30-CNYRUBF-000030,v3|true_oos|T3|M30|CNYRUBF|TradingSystemLab/results/perpetual_v3/true_oos/T3/M30/trades.csv|106|T3-M30-CNYRUBF-000030,LONG,2025-08-18 11:00:00+03:00,2025-08-18 22:00:00+03:00,2025-08-18,2025-08-18,2025,8,2025,8,0,0,11,22,-0.413138327432,-0.35275204252,0.0603862849117,0.87560113122,0.87560113122,ATR_TRAILING_STOP,11.178,11.1683168159,,0 days 11:00:00,660,11,SOURCE,SOURCE,SOURCE,UNAVAILABLE,DERIVED
v3,perpetual,true_oos,T3,M30,CNYRUBF,V3_TRUE_OOS,TradingSystemLab/results/perpetual_v3/true_oos/T3/M30/trades.csv,108,T3-M30-CNYRUBF-000031,v3|true_oos|T3|M30|CNYRUBF|TradingSystemLab/results/perpetual_v3/true_oos/T3/M30/trades.csv|108|T3-M30-CNYRUBF-000031,LONG,2025-08-26 17:30:00+03:00,2025-08-27 10:30:00+03:00,2025-08-26,2025-08-27,2025,8,2025,8,1,2,17,10,0.399089818625,0.485298926881,0.0862091082555,0.129313662383,1.59486850273,ATR_TRAILING_STOP,11.212,11.2252586463,,0 days 17:00:00,1020,17,SOURCE,SOURCE,SOURCE,UNAVAILABLE,DERIVED
v3,perpetual,true_oos,T3,M30,CNYRUBF,V3_TRUE_OOS,TradingSystemLab/results/perpetual_v3/true_oos/T3/M30/trades.csv,117,T3-M30-CNYRUBF-000032,v3|true_oos|T3|M30|CNYRUBF|TradingSystemLab/results/perpetual_v3/true_oos/T3/M30/trades.csv|117|T3-M30-CNYRUBF-000032,LONG,2025-09-08 10:30:00+03:00,2025-09-10 15:30:00+03:00,2025-09-08,2025-09-10,2025,9,2025,9,0,2,10,15,13.905272942,13.9736094477,0.0683365057849,0.27334602314,16.844948676,ATR_TRAILING_STOP,11.466,11.8769647045,,2 days 05:00:00,3180,53,SOURCE,SOURCE,SOURCE,UNAVAILABLE,DERIVED
v3,perpetual,true_oos,T3,M30,CNYRUBF,V3_TRUE_OOS,TradingSystemLab/results/perpetual_v3/true_oos/T3/M30/trades.csv,120,T3-M30-CNYRUBF-000033,v3|true_oos|T3|M30|CNYRUBF|TradingSystemLab/results/perpetual_v3/true_oos/T3/M30/trades.csv|120|T3-M30-CNYRUBF-000033,LONG,2025-09-11 09:00:00+03:00,2025-09-11 11:00:00+03:00,2025-09-11,2025-09-11,2025,9,2025,9,3,3,9,11,0.354034599553,0.4025540574,0.0485194578471,0.485194578471,2.49875207912,ATR_TRAILING_STOP,11.96,11.9785935101,,0 days 02:00:00,120,2,SOURCE,SOURCE,SOURCE,UNAVAILABLE,DERIVED
v3,perpetual,true_oos,T3,M30,CNYRUBF,V3_TRUE_OOS,TradingSystemLab/results/perpetual_v3/true_oos/T3/M30/trades.csv,125,T3-M30-CNYRUBF-000034,v3|true_oos|T3|M30|CNYRUBF|TradingSystemLab/results/perpetual_v3/true_oos/T3/M30/trades.csv|125|T3-M30-CNYRUBF-000034,LONG,2025-09-16 16:30:00+03:00,2025-09-17 00:00:00+03:00,2025-09-16,2025-09-17,2025,9,2025,9,1,2,16,0,-0.41162177504,-0.378081651359,0.0335401236811,0.60372222626,0.620492288101,ATR_TRAILING_STOP,11.663,11.6424549638,,0 days 07:30:00,450,7.5,SOURCE,SOURCE,SOURCE,UNAVAILABLE,DERIVED
v3,perpetual,true_oos,T3,M30,CNYRUBF,V3_TRUE_OOS,TradingSystemLab/results/perpetual_v3/true_oos/T3/M30/trades.csv,131,T3-M30-CNYRUBF-000035,v3|true_oos|T3|M30|CNYRUBF|TradingSystemLab/results/perpetual_v3/true_oos/T3/M30/trades.csv|131|T3-M30-CNYRUBF-000035,SHORT,2025-09-29 14:30:00+03:00,2025-09-30 10:30:00+03:00,2025-09-29,2025-09-30,2025,9,2025,9,0,1,14,10,0.173880273309,0.227095841123,0.0532155678136,0.718410165483,1.46342811487,ATR_TRAILING_STOP,11.601,11.5904650599,,0 days 20:00:00,1200,20,SOURCE,SOURCE,SOURCE,UNAVAILABLE,DERIVED
v3,perpetual,true_oos,T3,M30,CNYRUBF,V3_TRUE_OOS,TradingSystemLab/results/perpetual_v3/true_oos/T3/M30/trades.csv,134,T3-M30-CNYRUBF-000036,v3|true_oos|T3|M30|CNYRUBF|TradingSystemLab/results/perpetual_v3/true_oos/T3/M30/trades.csv|134|T3-M30-CNYRUBF-000036,SHORT,2025-09-30 13:00:00+03:00,2025-10-01 09:30:00+03:00,2025-09-30,2025-10-01,2025,9,2025,10,1,2,13,9,0.610375448623,0.65683056654,0.0464551179173,0.348413384379,1.83497715773,ATR_TRAILING_STOP,11.54,11.5097219288,,0 days 20:30:00,1230,20.5,SOURCE,SOURCE,SOURCE,UNAVAILABLE,DERIVED
v3,perpetual,true_oos,T3,M30,CNYRUBF,V3_TRUE_OOS,TradingSystemLab/results/perpetual_v3/true_oos/T3/M30/trades.csv,135,T3-M30-CNYRUBF-000037,v3|true_oos|T3|M30|CNYRUBF|TradingSystemLab/results/perpetual_v3/true_oos/T3/M30/trades.csv|135|T3-M30-CNYRUBF-000037,SHORT,2025-10-01 10:30:00+03:00,2025-10-01 15:00:00+03:00,2025-10-01,2025-10-01,2025,10,2025,10,2,2,10,15,1.1540884669,1.20019860265,0.0461101357498,0.161385475124,3.15854429886,ATR_TRAILING_STOP,11.452,11.397942092,,0 days 04:30:00,270,4.5,SOURCE,SOURCE,SOURCE,UNAVAILABLE,DERIVED
v3,perpetual,true_oos,T3,M30,CNYRUBF,V3_TRUE_OOS,TradingSystemLab/results/perpetual_v3/true_oos/T3/M30/trades.csv,137,T3-M30-CNYRUBF-000038,v3|true_oos|T3|M30|CNYRUBF|TradingSystemLab/results/perpetual_v3/true_oos/T3/M30/trades.csv|137|T3-M30-CNYRUBF-000038,SHORT,2025-10-02 09:30:00+03:00,2025-10-02 10:30:00+03:00,2025-10-02,2025-10-02,2025,10,2025,10,3,3,9,10,-0.821693463732,-0.77881790605,0.0428755576823,0.735942348367,0.900386711329,ATR_TRAILING_STOP,11.302,11.3363292257,,0 days 01:00:00,60,1,SOURCE,SOURCE,SOURCE,UNAVAILABLE,DERIVED
v3,perpetual,true_oos,T3,M30,CNYRUBF,V3_TRUE_OOS,TradingSystemLab/results/perpetual_v3/true_oos/T3/M30/trades.csv,141,T3-M30-CNYRUBF-000039,v3|true_oos|T3|M30|CNYRUBF|TradingSystemLab/results/perpetual_v3/true_oos/T3/M30/trades.csv|141|T3-M30-CNYRUBF-000039,SHORT,2025-10-07 10:00:00+03:00,2025-10-07 17:30:00+03:00,2025-10-07,2025-10-07,2025,10,2025,10,1,1,10,17,-0.220098239866,-0.181279050603,0.0388191892623,0.142459861341,1.45571959733,ATR_TRAILING_STOP,11.404,11.4113396619,,0 days 07:30:00,450,7.5,SOURCE,SOURCE,SOURCE,UNAVAILABLE,DERIVED
v3,perpetual,true_oos,T3,M30,CNYRUBF,V3_TRUE_OOS,TradingSystemLab/results/perpetual_v3/true_oos/T3/M30/trades.csv,143,T3-M30-CNYRUBF-000040,v3|true_oos|T3|M30|CNYRUBF|TradingSystemLab/results/perpetual_v3/true_oos/T3/M30/trades.csv|143|T3-M30-CNYRUBF-000040,SHORT,2025-10-08 18:00:00+03:00,2025-10-09 10:00:00+03:00,2025-10-08,2025-10-09,2025,10,2025,10,2,3,18,10,-1.01099960267,-0.976925473514,0.0340741291536,0.94285134436,0.136296516614,ATR_TRAILING_STOP,11.273,11.3283411851,,0 days 16:00:00,960,16,SOURCE,SOURCE,SOURCE,UNAVAILABLE,DERIVED
v3,perpetual,true_oos,T3,M30,CNYRUBF,V3_TRUE_OOS,TradingSystemLab/results/perpetual_v3/true_oos/T3/M30/trades.csv,153,T3-M30-CNYRUBF-000041,v3|true_oos|T3|M30|CNYRUBF|TradingSystemLab/results/perpetual_v3/true_oos/T3/M30/trades.csv|153|T3-M30-CNYRUBF-000041,LONG,2025-10-21 14:00:00+03:00,2025-10-21 15:30:00+03:00,2025-10-21,2025-10-21,2025,10,2025,10,1,1,14,15,-1.05874143651,-1.02937071826,0.0293707182567,1,0.132168232155,ATR_TRAILING_STOP,11.434,11.365904968,,0 days 01:30:00,90,1.5,SOURCE,SOURCE,SOURCE,UNAVAILABLE,DERIVED
v3,perpetual,true_oos,T3,M30,CNYRUBF,V3_TRUE_OOS,TradingSystemLab/results/perpetual_v3/true_oos/T3/M30/trades.csv,155,T3-M30-CNYRUBF-000042,v3|true_oos|T3|M30|CNYRUBF|TradingSystemLab/results/perpetual_v3/true_oos/T3/M30/trades.csv|155|T3-M30-CNYRUBF-000042,SHORT,2025-10-27 10:30:00+03:00,2025-10-27 13:00:00+03:00,2025-10-27,2025-10-27,2025,10,2025,10,0,0,10,13,-1.06323578622,-1.03161789311,0.031617893111,1,0.110662625889,ATR_TRAILING_STOP,11.042,11.1052553217,,0 days 02:30:00,150,2.5,SOURCE,SOURCE,SOURCE,UNAVAILABLE,DERIVED
v3,perpetual,true_oos,T3,M30,CNYRUBF,V3_TRUE_OOS,TradingSystemLab/results/perpetual_v3/true_oos/T3/M30/trades.csv,166,T3-M30-CNYRUBF-000043,v3|true_oos|T3|M30|CNYRUBF|TradingSystemLab/results/perpetual_v3/true_oos/T3/M30/trades.csv|166|T3-M30-CNYRUBF-000043,SHORT,2025-11-20 16:30:00+03:00,2025-11-21 16:00:00+03:00,2025-11-20,2025-11-21,2025,11,2025,11,3,4,16,16,3.57378648012,3.62243940902,0.0486529288976,0,5.54643389433,ATR_TRAILING_STOP,11.253,11.1020905924,,0 days 23:30:00,1410,23.5,SOURCE,SOURCE,SOURCE,UNAVAILABLE,DERIVED
v3,perpetual,true_oos,T3,M30,CNYRUBF,V3_TRUE_OOS,TradingSystemLab/results/perpetual_v3/true_oos/T3/M30/trades.csv,169,T3-M30-CNYRUBF-000044,v3|true_oos|T3|M30|CNYRUBF|TradingSystemLab/results/perpetual_v3/true_oos/T3/M30/trades.csv|169|T3-M30-CNYRUBF-000044,SHORT,2025-11-24 14:00:00+03:00,2025-11-25 10:30:00+03:00,2025-11-24,2025-11-25,2025,11,2025,11,0,1,14,10,-0.866644985115,-0.828969526585,0.0376754585302,0.847697816929,0.207215021916,ATR_TRAILING_STOP,11.021,11.0630058096,,0 days 20:30:00,1230,20.5,SOURCE,SOURCE,SOURCE,UNAVAILABLE,DERIVED
v3,perpetual,true_oos,T3,M30,CNYRUBF,V3_TRUE_OOS,TradingSystemLab/results/perpetual_v3/true_oos/T3/M30/trades.csv,173,T3-M30-CNYRUBF-000045,v3|true_oos|T3|M30|CNYRUBF|TradingSystemLab/results/perpetual_v3/true_oos/T3/M30/trades.csv|173|T3-M30-CNYRUBF-000045,SHORT,2025-12-03 18:30:00+03:00,2025-12-04 11:00:00+03:00,2025-12-03,2025-12-04,2025,12,2025,12,2,3,18,11,0.32004081591,0.357692676605,0.0376518606952,0.207085233824,2.08967826859,ATR_TRAILING_STOP,10.881,10.86,,0 days 16:30:00,990,16.5,SOURCE,SOURCE,SOURCE,UNAVAILABLE,DERIVED
v3,perpetual,true_oos,T3,M30,CNYRUBF,V3_TRUE_OOS,TradingSystemLab/results/perpetual_v3/true_oos/T3/M30/trades.csv,175,T3-M30-CNYRUBF-000046,v3|true_oos|T3|M30|CNYRUBF|TradingSystemLab/results/perpetual_v3/true_oos/T3/M30/trades.csv|175|T3-M30-CNYRUBF-000046,SHORT,2025-12-04 17:30:00+03:00,2025-12-05 10:30:00+03:00,2025-12-04,2025-12-05,2025,12,2025,12,3,4,17,10,0.719190668764,0.749633938376,0.0304432696122,0.502313948601,2.13102887285,ATR_TRAILING_STOP,10.743,10.6917520744,,0 days 17:00:00,1020,17,SOURCE,SOURCE,SOURCE,UNAVAILABLE,DERIVED
v3,perpetual,true_oos,T3,M30,CNYRUBF,V3_TRUE_OOS,TradingSystemLab/results/perpetual_v3/true_oos/T3/M30/trades.csv,178,T3-M30-CNYRUBF-000047,v3|true_oos|T3|M30|CNYRUBF|TradingSystemLab/results/perpetual_v3/true_oos/T3/M30/trades.csv|178|T3-M30-CNYRUBF-000047,LONG,2025-12-10 18:00:00+03:00,2025-12-11 10:30:00+03:00,2025-12-10,2025-12-11,2025,12,2025,12,2,3,18,10,0.118216309538,0.149365709208,0.0311493996707,0,1.23040128699,ATR_TRAILING_STOP,11.111,11.1225902785,,0 days 16:30:00,990,16.5,SOURCE,SOURCE,SOURCE,UNAVAILABLE,DERIVED
v3,perpetual,true_oos,T3,M30,CNYRUBF,V3_TRUE_OOS,TradingSystemLab/results/perpetual_v3/true_oos/T3/M30/trades.csv,180,T3-M30-CNYRUBF-000048,v3|true_oos|T3|M30|CNYRUBF|TradingSystemLab/results/perpetual_v3/true_oos/T3/M30/trades.csv|180|T3-M30-CNYRUBF-000048,LONG,2025-12-11 17:30:00+03:00,2025-12-12 09:30:00+03:00,2025-12-11,2025-12-12,2025,12,2025,12,3,4,17,9,-0.874725906749,-0.846794842992,0.0279310637573,0.865862976475,0.265345105694,ATR_TRAILING_STOP,11.282,11.2233653711,,0 days 16:00:00,960,16,SOURCE,SOURCE,SOURCE,UNAVAILABLE,DERIVED
v3,perpetual,true_oos,T3,M30,CNYRUBF,V3_TRUE_OOS,TradingSystemLab/results/perpetual_v3/true_oos/T3/M30/trades.csv,183,T3-M30-CNYRUBF-000049,v3|true_oos|T3|M30|CNYRUBF|TradingSystemLab/results/perpetual_v3/true_oos/T3/M30/trades.csv|183|T3-M30-CNYRUBF-000049,LONG,2025-12-18 20:30:00+03:00,2025-12-19 12:00:00+03:00,2025-12-18,2025-12-19,2025,12,2025,12,3,4,20,12,0.244718252164,0.27788468484,0.0331664326755,0.348247543093,1.67490485011,ATR_TRAILING_STOP,11.435,11.4537569836,,0 days 15:30:00,930,15.5,SOURCE,SOURCE,SOURCE,UNAVAILABLE,DERIVED
v3,perpetual,true_oos,T3,M30,CNYRUBF,V3_TRUE_OOS,TradingSystemLab/results/perpetual_v3/true_oos/T3/M30/trades.csv,186,T3-M30-CNYRUBF-000050,v3|true_oos|T3|M30|CNYRUBF|TradingSystemLab/results/perpetual_v3/true_oos/T3/M30/trades.csv|186|T3-M30-CNYRUBF-000050,SHORT,2025-12-25 17:00:00+03:00,2025-12-26 11:00:00+03:00,2025-12-25,2025-12-26,2025,12,2025,12,3,4,17,11,-0.405544871442,-0.374326676732,0.0312181947103,0.54631840743,0.936545841309,ATR_TRAILING_STOP,11.033,11.0549813148,,0 days 18:00:00,1080,18,SOURCE,SOURCE,SOURCE,UNAVAILABLE,DERIVED
v3,perpetual,true_oos,T3,M30,CNYRUBF,V3_TRUE_OOS,TradingSystemLab/results/perpetual_v3/true_oos/T3/M30/trades.csv,188,T3-M30-CNYRUBF-000051,v3|true_oos|T3|M30|CNYRUBF|TradingSystemLab/results/perpetual_v3/true_oos/T3/M30/trades.csv|188|T3-M30-CNYRUBF-000051,LONG,2026-01-05 10:30:00+03:00,2026-01-06 10:30:00+03:00,2026-01-05,2026-01-06,2026,1,2026,1,0,1,10,10,1.00396868974,1.0386097053,0.0346410155662,0,2.18238398067,ATR_TRAILING_STOP,11.338,11.3999641603,,1 days 00:00:00,1440,24,SOURCE,SOURCE,SOURCE,UNAVAILABLE,DERIVED
v3,perpetual,true_oos,T3,M30,CNYRUBF,V3_TRUE_OOS,TradingSystemLab/results/perpetual_v3/true_oos/T3/M30/trades.csv,194,T3-M30-CNYRUBF-000052,v3|true_oos|T3|M30|CNYRUBF|TradingSystemLab/results/perpetual_v3/true_oos/T3/M30/trades.csv|194|T3-M30-CNYRUBF-000052,SHORT,2026-01-22 10:30:00+03:00,2026-01-23 10:30:00+03:00,2026-01-22,2026-01-23,2026,1,2026,1,3,4,10,10,0.479055989809,0.515339414527,0.0362834247183,0.489826233697,1.6871792494,ATR_TRAILING_STOP,10.887,10.8565936729,,1 days 00:00:00,1440,24,SOURCE,SOURCE,SOURCE,UNAVAILABLE,DERIVED
v3,perpetual,true_oos,T3,M30,CNYRUBF,V3_TRUE_OOS,TradingSystemLab/results/perpetual_v3/true_oos/T3/M30/trades.csv,209,T3-M30-CNYRUBF-000053,v3|true_oos|T3|M30|CNYRUBF|TradingSystemLab/results/perpetual_v3/true_oos/T3/M30/trades.csv|209|T3-M30-CNYRUBF-000053,LONG,2026-02-25 18:00:00+03:00,2026-02-26 10:30:00+03:00,2026-02-25,2026-02-26,2026,2,2026,2,2,3,18,10,1.72968675982,1.77069889069,0.0410121308672,0.143542458035,3.30147653481,ATR_TRAILING_STOP,11.242,11.3303500069,,0 days 16:30:00,990,16.5,SOURCE,SOURCE,SOURCE,UNAVAILABLE,DERIVED
v3,perpetual,true_oos,T3,M30,CNYRUBF,V3_TRUE_OOS,TradingSystemLab/results/perpetual_v3/true_oos/T3/M30/trades.csv,210,T3-M30-CNYRUBF-000054,v3|true_oos|T3|M30|CNYRUBF|TradingSystemLab/results/perpetual_v3/true_oos/T3/M30/trades.csv|210|T3-M30-CNYRUBF-000054,LONG,2026-02-27 12:30:00+03:00,2026-02-27 14:30:00+03:00,2026-02-27,2026-02-27,2026,2,2026,2,4,4,12,14,-1.09104559464,-1.04552279732,0.0455227973199,1,0.0455227973199,ATR_TRAILING_STOP,11.271,11.2270659688,,0 days 02:00:00,120,2,SOURCE,SOURCE,SOURCE,UNAVAILABLE,DERIVED
v3,perpetual,true_oos,T3,M30,CNYRUBF,V3_TRUE_OOS,TradingSystemLab/results/perpetual_v3/true_oos/T3/M30/trades.csv,219,T3-M30-CNYRUBF-000055,v3|true_oos|T3|M30|CNYRUBF|TradingSystemLab/results/perpetual_v3/true_oos/T3/M30/trades.csv|219|T3-M30-CNYRUBF-000055,LONG,2026-03-05 12:00:00+03:00,2026-03-06 12:00:00+03:00,2026-03-05,2026-03-06,2026,3,2026,3,3,4,12,12,0.766217894973,0.809413383908,0.0431954889348,0.734323311892,2.41894738035,ATR_TRAILING_STOP,11.385,11.4244767553,,1 days 00:00:00,1440,24,SOURCE,SOURCE,SOURCE,UNAVAILABLE,DERIVED
v3,perpetual,true_oos,T3,M30,CNYRUBF,V3_TRUE_OOS,TradingSystemLab/results/perpetual_v3/true_oos/T3/M30/trades.csv,221,T3-M30-CNYRUBF-000056,v3|true_oos|T3|M30|CNYRUBF|TradingSystemLab/results/perpetual_v3/true_oos/T3/M30/trades.csv|221|T3-M30-CNYRUBF-000056,LONG,2026-03-10 10:00:00+03:00,2026-03-11 10:30:00+03:00,2026-03-10,2026-03-11,2026,3,2026,3,1,2,10,10,1.62657485694,1.66922585462,0.0426509976796,0.362533480277,3.22015032481,ATR_TRAILING_STOP,11.394,11.4742737073,,1 days 00:30:00,1470,24.5,SOURCE,SOURCE,SOURCE,UNAVAILABLE,DERIVED
v3,perpetual,true_oos,T3,M30,CNYRUBF,V3_TRUE_OOS,TradingSystemLab/results/perpetual_v3/true_oos/T3/M30/trades.csv,223,T3-M30-CNYRUBF-000057,v3|true_oos|T3|M30|CNYRUBF|TradingSystemLab/results/perpetual_v3/true_oos/T3/M30/trades.csv|223|T3-M30-CNYRUBF-000057,LONG,2026-03-16 11:00:00+03:00,2026-03-17 10:30:00+03:00,2026-03-16,2026-03-17,2026,3,2026,3,0,1,11,10,1.54946773692,1.59048333431,0.0410155973832,0.287109181682,2.97363081028,ATR_TRAILING_STOP,11.72,11.7995550491,,0 days 23:30:00,1410,23.5,SOURCE,SOURCE,SOURCE,UNAVAILABLE,DERIVED
v3,perpetual,true_oos,T3,M30,CNYRUBF,V3_TRUE_OOS,TradingSystemLab/results/perpetual_v3/true_oos/T3/M30/trades.csv,225,T3-M30-CNYRUBF-000058,v3|true_oos|T3|M30|CNYRUBF|TradingSystemLab/results/perpetual_v3/true_oos/T3/M30/trades.csv|225|T3-M30-CNYRUBF-000058,LONG,2026-03-17 12:00:00+03:00,2026-03-18 12:00:00+03:00,2026-03-17,2026-03-18,2026,3,2026,3,1,2,12,12,2.91680371457,2.95000272175,0.0331990071714,0.265592057371,4.4154679538,ATR_TRAILING_STOP,11.895,12.0747163218,,1 days 00:00:00,1440,24,SOURCE,SOURCE,SOURCE,UNAVAILABLE,DERIVED
v3,perpetual,true_oos,T3,M30,CNYRUBF,V3_TRUE_OOS,TradingSystemLab/results/perpetual_v3/true_oos/T3/M30/trades.csv,227,T3-M30-CNYRUBF-000059,v3|true_oos|T3|M30|CNYRUBF|TradingSystemLab/results/perpetual_v3/true_oos/T3/M30/trades.csv|227|T3-M30-CNYRUBF-000059,LONG,2026-03-19 10:30:00+03:00,2026-03-19 12:30:00+03:00,2026-03-19,2026-03-19,2026,3,2026,3,3,3,10,12,1.41238187766,1.44588453305,0.0335026553869,0.351777881563,3.55128147102,ATR_TRAILING_STOP,12.246,12.3343146229,,0 days 02:00:00,120,2,SOURCE,SOURCE,SOURCE,UNAVAILABLE,DERIVED
v3,perpetual,true_oos,T3,M30,CNYRUBF,V3_TRUE_OOS,TradingSystemLab/results/perpetual_v3/true_oos/T3/M30/trades.csv,238,T3-M30-CNYRUBF-000060,v3|true_oos|T3|M30|CNYRUBF|TradingSystemLab/results/perpetual_v3/true_oos/T3/M30/trades.csv|238|T3-M30-CNYRUBF-000060,SHORT,2026-04-09 12:00:00+03:00,2026-04-13 18:00:00+03:00,2026-04-09,2026-04-13,2026,4,2026,4,3,0,12,18,4.24919355213,4.29752555374,0.048332001615,0.845810028263,6.1139982043,ATR_TRAILING_STOP,11.354,11.1741664566,,4 days 06:00:00,6120,102,SOURCE,SOURCE,SOURCE,UNAVAILABLE,DERIVED
v3,perpetual,true_oos,T3,M30,CNYRUBF,V3_TRUE_OOS,TradingSystemLab/results/perpetual_v3/true_oos/T3/M30/trades.csv,241,T3-M30-CNYRUBF-000061,v3|true_oos|T3|M30|CNYRUBF|TradingSystemLab/results/perpetual_v3/true_oos/T3/M30/trades.csv|241|T3-M30-CNYRUBF-000061,SHORT,2026-04-17 17:30:00+03:00,2026-04-17 18:00:00+03:00,2026-04-17,2026-04-17,2026,4,2026,4,4,4,17,18,-1.07568619779,-1.03784309889,0.0378430988928,1,0,ATR_TRAILING_STOP,11.083,11.1358497945,,0 days 00:30:00,30,0.5,SOURCE,SOURCE,SOURCE,UNAVAILABLE,DERIVED
v3,perpetual,true_oos,T3,M30,CNYRUBF,V3_TRUE_OOS,TradingSystemLab/results/perpetual_v3/true_oos/T3/M30/trades.csv,245,T3-M30-CNYRUBF-000062,v3|true_oos|T3|M30|CNYRUBF|TradingSystemLab/results/perpetual_v3/true_oos/T3/M30/trades.csv|245|T3-M30-CNYRUBF-000062,SHORT,2026-04-24 17:00:00+03:00,2026-04-27 12:30:00+03:00,2026-04-24,2026-04-27,2026,4,2026,4,4,0,17,12,0.233365258943,0.271129295507,0.0377640365644,0,1.28397724319,ATR_TRAILING_STOP,10.999,10.9826408732,,2 days 19:30:00,4050,67.5,SOURCE,SOURCE,SOURCE,UNAVAILABLE,DERIVED
v3,perpetual,true_oos,T3,M30,CNYRUBF,V3_TRUE_OOS,TradingSystemLab/results/perpetual_v3/true_oos/T3/M30/trades.csv,257,T3-M30-CNYRUBF-000063,v3|true_oos|T3|M30|CNYRUBF|TradingSystemLab/results/perpetual_v3/true_oos/T3/M30/trades.csv|257|T3-M30-CNYRUBF-000063,SHORT,2026-05-19 10:00:00+03:00,2026-05-20 10:30:00+03:00,2026-05-19,2026-05-20,2026,5,2026,5,1,2,10,10,7.60367717863,7.6712535463,0.0675763676711,0.0337881838356,10.068878783,ATR_TRAILING_STOP,10.549,10.319960465,,1 days 00:30:00,1470,24.5,SOURCE,SOURCE,SOURCE,UNAVAILABLE,DERIVED
v3,perpetual,true_oos,T3,M30,CNYRUBF,V3_TRUE_OOS,TradingSystemLab/results/perpetual_v3/true_oos/T3/M30/trades.csv,262,T3-M30-CNYRUBF-000064,v3|true_oos|T3|M30|CNYRUBF|TradingSystemLab/results/perpetual_v3/true_oos/T3/M30/trades.csv|262|T3-M30-CNYRUBF-000064,SHORT,2026-05-21 11:00:00+03:00,2026-05-21 15:30:00+03:00,2026-05-21,2026-05-21,2026,5,2026,5,3,3,11,15,-1.07838633173,-1.03919316586,0.0391931658648,1,0.0195965829324,ATR_TRAILING_STOP,10.381,10.4320293046,,0 days 04:30:00,270,4.5,SOURCE,SOURCE,SOURCE,UNAVAILABLE,DERIVED
v3,perpetual,true_oos,T3,M30,CNYRUBF,V3_TRUE_OOS,TradingSystemLab/results/perpetual_v3/true_oos/T3/M30/trades.csv,265,T3-M30-CNYRUBF-000065,v3|true_oos|T3|M30|CNYRUBF|TradingSystemLab/results/perpetual_v3/true_oos/T3/M30/trades.csv|265|T3-M30-CNYRUBF-000065,SHORT,2026-05-26 18:30:00+03:00,2026-05-27 12:00:00+03:00,2026-05-26,2026-05-27,2026,5,2026,5,1,2,18,12,0.0567923875229,0.0955186596545,0.0387262721316,0.251720768855,1.4135089328,ATR_TRAILING_STOP,10.491,10.484066984,,0 days 17:30:00,1050,17.5,SOURCE,SOURCE,SOURCE,UNAVAILABLE,DERIVED
v3,perpetual,true_oos,T3,M30,CNYRUBF,V3_TRUE_OOS,TradingSystemLab/results/perpetual_v3/true_oos/T3/M30/trades.csv,271,T3-M30-CNYRUBF-000066,v3|true_oos|T3|M30|CNYRUBF|TradingSystemLab/results/perpetual_v3/true_oos/T3/M30/trades.csv|271|T3-M30-CNYRUBF-000066,LONG,2026-06-02 12:30:00+03:00,2026-06-03 09:30:00+03:00,2026-06-02,2026-06-03,2026,6,2026,6,1,2,12,9,0.621176589825,0.6632471401,0.0420705502742,0.273458576782,1.61971618556,ATR_TRAILING_STOP,10.75,10.7835302337,,0 days 21:00:00,1260,21,SOURCE,SOURCE,SOURCE,UNAVAILABLE,DERIVED
v3,perpetual,true_oos,T3,M30,CNYRUBF,V3_TRUE_OOS,TradingSystemLab/results/perpetual_v3/true_oos/T3/M30/trades.csv,273,T3-M30-CNYRUBF-000067,v3|true_oos|T3|M30|CNYRUBF|TradingSystemLab/results/perpetual_v3/true_oos/T3/M30/trades.csv|273|T3-M30-CNYRUBF-000067,LONG,2026-06-03 10:30:00+03:00,2026-06-03 12:30:00+03:00,2026-06-03,2026-06-03,2026,6,2026,6,2,2,10,12,-1.08870016917,-1.04435008459,0.0443500845855,1,0.598726141905,ATR_TRAILING_STOP,10.837,10.7919042574,,0 days 02:00:00,120,2,SOURCE,SOURCE,SOURCE,UNAVAILABLE,DERIVED
v3,perpetual,true_oos,T3,M30,CNYRUBF,V3_TRUE_OOS,TradingSystemLab/results/perpetual_v3/true_oos/T3/M30/trades.csv,275,T3-M30-CNYRUBF-000068,v3|true_oos|T3|M30|CNYRUBF|TradingSystemLab/results/perpetual_v3/true_oos/T3/M30/trades.csv|275|T3-M30-CNYRUBF-000068,LONG,2026-06-03 13:30:00+03:00,2026-06-03 22:00:00+03:00,2026-06-03,2026-06-03,2026,6,2026,6,2,2,13,22,-0.272715907687,-0.249401693366,0.0233142143207,0.431312964932,0.967539894308,ATR_TRAILING_STOP,10.887,10.8676051814,,0 days 08:30:00,510,8.5,SOURCE,SOURCE,SOURCE,UNAVAILABLE,DERIVED
v3,perpetual,true_oos,T3,M30,CNYRUBF,V3_TRUE_OOS,TradingSystemLab/results/perpetual_v3/true_oos/T3/M30/trades.csv,278,T3-M30-CNYRUBF-000069,v3|true_oos|T3|M30|CNYRUBF|TradingSystemLab/results/perpetual_v3/true_oos/T3/M30/trades.csv|278|T3-M30-CNYRUBF-000069,LONG,2026-06-04 10:30:00+03:00,2026-06-04 16:00:00+03:00,2026-06-04,2026-06-04,2026,6,2026,6,3,3,10,16,-0.975440757066,-0.942695954623,0.0327448024427,0.90995115218,0.523916839083,ATR_TRAILING_STOP,10.972,10.9164216435,,0 days 05:30:00,330,5.5,SOURCE,SOURCE,SOURCE,UNAVAILABLE,DERIVED
v3,perpetual,true_oos,T3,M30,CNYRUBF,V3_TRUE_OOS,TradingSystemLab/results/perpetual_v3/true_oos/T3/M30/trades.csv,284,T3-M30-CNYRUBF-000070,v3|true_oos|T3|M30|CNYRUBF|TradingSystemLab/results/perpetual_v3/true_oos/T3/M30/trades.csv|284|T3-M30-CNYRUBF-000070,SHORT,2026-06-09 12:00:00+03:00,2026-06-09 16:00:00+03:00,2026-06-09,2026-06-09,2026,6,2026,6,1,1,12,16,-1.06765493648,-1.03382746824,0.0338274682423,1,0.169137341212,ATR_TRAILING_STOP,10.553,10.6121235497,,0 days 04:00:00,240,4,SOURCE,SOURCE,SOURCE,UNAVAILABLE,DERIVED
v3,perpetual,true_oos,T3,M30,CNYRUBF,V3_TRUE_OOS,TradingSystemLab/results/perpetual_v3/true_oos/T3/M30/trades.csv,293,T3-M30-CNYRUBF-000071,v3|true_oos|T3|M30|CNYRUBF|TradingSystemLab/results/perpetual_v3/true_oos/T3/M30/trades.csv|293|T3-M30-CNYRUBF-000071,LONG,2026-06-22 18:30:00+03:00,2026-06-23 11:00:00+03:00,2026-06-22,2026-06-23,2026,6,2026,6,0,1,18,11,1.08392636922,1.12076060313,0.0368342339088,0.0920855847721,2.44947655494,ATR_TRAILING_STOP,10.955,11.0178542915,,0 days 16:30:00,990,16.5,SOURCE,SOURCE,SOURCE,UNAVAILABLE,DERIVED
v3,perpetual,true_oos,T3,M30,CNYRUBF,V3_TRUE_OOS,TradingSystemLab/results/perpetual_v3/true_oos/T3/M30/trades.csv,298,T3-M30-CNYRUBF-000072,v3|true_oos|T3|M30|CNYRUBF|TradingSystemLab/results/perpetual_v3/true_oos/T3/M30/trades.csv|298|T3-M30-CNYRUBF-000072,LONG,2026-06-25 14:00:00+03:00,2026-06-26 11:00:00+03:00,2026-06-25,2026-06-26,2026,6,2026,6,3,4,14,11,2.31551832073,2.35535204951,0.0398337287759,0.358503558983,4.00328974198,ATR_TRAILING_STOP,11.119,11.2392591799,,0 days 21:00:00,1260,21,SOURCE,SOURCE,SOURCE,UNAVAILABLE,DERIVED
v3,perpetual,true_oos,T3,M30,CNYRUBF,V3_TRUE_OOS,TradingSystemLab/results/perpetual_v3/true_oos/T3/M30/trades.csv,300,T3-M30-CNYRUBF-000073,v3|true_oos|T3|M30|CNYRUBF|TradingSystemLab/results/perpetual_v3/true_oos/T3/M30/trades.csv|300|T3-M30-CNYRUBF-000073,LONG,2026-06-26 12:00:00+03:00,2026-06-26 18:30:00+03:00,2026-06-26,2026-06-26,2026,6,2026,6,4,4,12,18,2.09738931128,2.12701504011,0.0296257288318,0.148128644159,4.26610495178,ATR_TRAILING_STOP,11.356,11.5015924194,,0 days 06:30:00,390,6.5,SOURCE,SOURCE,SOURCE,UNAVAILABLE,DERIVED
v3,perpetual,true_oos,T3,M30,CNYRUBF,V3_TRUE_OOS,TradingSystemLab/results/perpetual_v3/true_oos/T3/M30/trades.csv,305,T3-M30-CNYRUBF-000074,v3|true_oos|T3|M30|CNYRUBF|TradingSystemLab/results/perpetual_v3/true_oos/T3/M30/trades.csv|305|T3-M30-CNYRUBF-000074,LONG,2026-06-30 14:00:00+03:00,2026-07-01 10:30:00+03:00,2026-06-30,2026-07-01,2026,6,2026,7,1,2,14,10,0.633826823332,0.657409668647,0.0235828453147,0.365534102378,1.66259059469,ATR_TRAILING_STOP,11.564,11.6217532104,,0 days 20:30:00,1230,20.5,SOURCE,SOURCE,SOURCE,UNAVAILABLE,DERIVED
v3,perpetual,true_oos,T3,M30,CNYRUBF,V3_TRUE_OOS,TradingSystemLab/results/perpetual_v3/true_oos/T3/M30/trades.csv,313,T3-M30-CNYRUBF-000075,v3|true_oos|T3|M30|CNYRUBF|TradingSystemLab/results/perpetual_v3/true_oos/T3/M30/trades.csv|313|T3-M30-CNYRUBF-000075,LONG,2026-07-16 15:00:00+03:00,2026-07-17 09:30:00+03:00,2026-07-16,2026-07-17,2026,7,2026,7,3,4,15,9,-0.287537707422,-0.258333440121,0.0292042673009,0.657096014271,0.759310949824,ATR_TRAILING_STOP,11.591,11.5753085142,,0 days 18:30:00,1110,18.5,SOURCE,SOURCE,SOURCE,UNAVAILABLE,DERIVED
v3,perpetual,true_oos,T3,M30,CNYRUBF,V3_TRUE_OOS,TradingSystemLab/results/perpetual_v3/true_oos/T3/M30/trades.csv,319,T3-M30-CNYRUBF-000076,v3|true_oos|T3|M30|CNYRUBF|TradingSystemLab/results/perpetual_v3/true_oos/T3/M30/trades.csv|319|T3-M30-CNYRUBF-000076,LONG,2026-07-28 18:00:00+03:00,2026-07-29 10:30:00+03:00,2026-07-28,2026-07-29,2026,7,2026,7,1,2,18,10,1.16348031488,1.21618664334,0.0527063284527,0.210825313811,2.60896325841,ATR_TRAILING_STOP,11.647,11.695149549,,0 days 16:30:00,990,16.5,SOURCE,SOURCE,SOURCE,UNAVAILABLE,DERIVED
v3,perpetual,true_oos,T3,M30,CNYRUBF,V3_TRUE_OOS,TradingSystemLab/results/perpetual_v3/true_oos/T3/M30/trades.csv,322,T3-M30-CNYRUBF-000077,v3|true_oos|T3|M30|CNYRUBF|TradingSystemLab/results/perpetual_v3/true_oos/T3/M30/trades.csv|322|T3-M30-CNYRUBF-000077,LONG,2026-07-29 17:30:00+03:00,2026-07-30 10:00:00+03:00,2026-07-29,2026-07-30,2026,7,2026,7,2,3,17,10,0.165739224268,0.209655217502,0.0439159932345,0.0439159932345,1.29552180042,ATR_TRAILING_STOP,11.775,11.7865480121,,0 days 16:30:00,990,16.5,SOURCE,SOURCE,SOURCE,UNAVAILABLE,DERIVED
v3,perpetual,true_oos,T3,M30,CNYRUBF,V3_TRUE_OOS,TradingSystemLab/results/perpetual_v3/true_oos/T3/M30/trades.csv,325,T3-M30-CNYRUBF-000078,v3|true_oos|T3|M30|CNYRUBF|TradingSystemLab/results/perpetual_v3/true_oos/T3/M30/trades.csv|325|T3-M30-CNYRUBF-000078,LONG,2026-07-30 13:30:00+03:00,2026-07-30 16:30:00+03:00,2026-07-30,2026-07-30,2026,7,2026,7,3,3,13,16,-1.09193831757,-1.04596915878,0.0459691587846,1,0.505660746631,ATR_TRAILING_STOP,11.862,11.8184925691,,0 days 03:00:00,180,3,SOURCE,SOURCE,SOURCE,UNAVAILABLE,DERIVED
v3,perpetual,true_oos,T3,M30,CNYRUBF,V3_TRUE_OOS,TradingSystemLab/results/perpetual_v3/true_oos/T3/M30/trades.csv,326,T3-M30-CNYRUBF-000079,v3|true_oos|T3|M30|CNYRUBF|TradingSystemLab/results/perpetual_v3/true_oos/T3/M30/trades.csv|326|T3-M30-CNYRUBF-000079,LONG,2026-08-03 10:30:00+03:00,2026-08-04 10:30:00+03:00,2026-08-03,2026-08-04,2026,8,2026,8,0,1,10,10,2.85093027131,2.90190657009,0.0509762987728,0.0764644481592,4.40944984385,ATR_TRAILING_STOP,11.798,11.9138531686,,1 days 00:00:00,1440,24,SOURCE,SOURCE,SOURCE,UNAVAILABLE,DERIVED
v3,perpetual,true_oos,T3,M30,CNYRUBF,V3_TRUE_OOS,TradingSystemLab/results/perpetual_v3/true_oos/T3/M30/trades.csv,331,T3-M30-CNYRUBF-000080,v3|true_oos|T3|M30|CNYRUBF|TradingSystemLab/results/perpetual_v3/true_oos/T3/M30/trades.csv|331|T3-M30-CNYRUBF-000080,LONG,2026-08-11 17:00:00+03:00,2026-08-12 10:00:00+03:00,2026-08-11,2026-08-12,2026,8,2026,8,1,2,17,10,-0.762504151084,-0.724796293895,0.0377078571891,0.716449286593,0.188539285945,ATR_TRAILING_STOP,12.261,12.2245572802,,0 days 17:00:00,1020,17,SOURCE,SOURCE,SOURCE,UNAVAILABLE,DERIVED
v3,perpetual,true_oos,T3,M30,CNYRUBF,V3_TRUE_OOS,TradingSystemLab/results/perpetual_v3/true_oos/T3/M30/trades.csv,332,T3-M30-CNYRUBF-000081,v3|true_oos|T3|M30|CNYRUBF|TradingSystemLab/results/perpetual_v3/true_oos/T3/M30/trades.csv|332|T3-M30-CNYRUBF-000081,LONG,2026-08-12 12:00:00+03:00,2026-08-12 15:30:00+03:00,2026-08-12,2026-08-12,2026,8,2026,8,2,2,12,15,-0.957198472396,-0.909904070928,0.0472944014682,0.86260966946,0.662121620554,ATR_TRAILING_STOP,12.304,12.2675217006,,0 days 03:30:00,210,3.5,SOURCE,SOURCE,SOURCE,UNAVAILABLE,DERIVED
v3,perpetual,true_oos,T3,M30,CNYRUBF,V3_TRUE_OOS,TradingSystemLab/results/perpetual_v3/true_oos/T3/M30/trades.csv,338,T3-M30-CNYRUBF-000082,v3|true_oos|T3|M30|CNYRUBF|TradingSystemLab/results/perpetual_v3/true_oos/T3/M30/trades.csv|338|T3-M30-CNYRUBF-000082,LONG,2026-08-13 12:00:00+03:00,2026-08-14 09:30:00+03:00,2026-08-13,2026-08-14,2026,8,2026,8,3,4,12,9,1.60552085142,1.65187206447,0.0463512130497,0.139053639149,2.8969508156,ATR_TRAILING_STOP,12.417,12.4902763251,,0 days 21:30:00,1290,21.5,SOURCE,SOURCE,SOURCE,UNAVAILABLE,DERIVED
v3,perpetual,true_oos,T3,M30,CNYRUBF,V3_TRUE_OOS,TradingSystemLab/results/perpetual_v3/true_oos/T3/M30/trades.csv,341,T3-M30-CNYRUBF-000083,v3|true_oos|T3|M30|CNYRUBF|TradingSystemLab/results/perpetual_v3/true_oos/T3/M30/trades.csv|341|T3-M30-CNYRUBF-000083,LONG,2026-08-17 07:00:00+03:00,2026-08-17 09:00:00+03:00,2026-08-17,2026-08-17,2026,8,2026,8,0,0,7,9,-0.908607453748,-0.852346079079,0.0562613746683,0.796084704411,0.843920620025,ATR_TRAILING_STOP,12.57,12.5417004887,,0 days 02:00:00,120,2,SOURCE,SOURCE,SOURCE,UNAVAILABLE,DERIVED
v3,perpetual,true_oos,T3,M30,CNYRUBF,V3_TRUE_OOS,TradingSystemLab/results/perpetual_v3/true_oos/T3/M30/trades.csv,342,T3-M30-CNYRUBF-000084,v3|true_oos|T3|M30|CNYRUBF|TradingSystemLab/results/perpetual_v3/true_oos/T3/M30/trades.csv|342|T3-M30-CNYRUBF-000084,LONG,2026-08-17 11:00:00+03:00,2026-08-17 18:30:00+03:00,2026-08-17,2026-08-17,2026,8,2026,8,0,0,11,18,-0.05967109759,-0.0246497228574,0.0350213747326,0.157596186297,1.36583361457,ATR_TRAILING_STOP,12.614,12.6145923041,,0 days 07:30:00,450,7.5,SOURCE,SOURCE,SOURCE,UNAVAILABLE,DERIVED
v3,perpetual,true_oos,T3,M30,CNYRUBF,V3_TRUE_OOS,TradingSystemLab/results/perpetual_v3/true_oos/T3/M30/trades.csv,347,T3-M30-CNYRUBF-000085,v3|true_oos|T3|M30|CNYRUBF|TradingSystemLab/results/perpetual_v3/true_oos/T3/M30/trades.csv|347|T3-M30-CNYRUBF-000085,LONG,2026-08-24 20:00:00+03:00,2026-08-25 13:30:00+03:00,2026-08-24,2026-08-25,2026,8,2026,8,0,1,20,13,0.394142176025,0.433471845246,0.0393296692215,0.27530768455,1.73050544574,ATR_TRAILING_STOP,12.52,12.5440429947,,0 days 17:30:00,1050,17.5,SOURCE,SOURCE,SOURCE,UNAVAILABLE,DERIVED
v3,perpetual,true_oos,T3,M30,CNYRUBF,V3_TRUE_OOS,TradingSystemLab/results/perpetual_v3/true_oos/T3/M30/trades.csv,352,T3-M30-CNYRUBF-000086,v3|true_oos|T3|M30|CNYRUBF|TradingSystemLab/results/perpetual_v3/true_oos/T3/M30/trades.csv|352|T3-M30-CNYRUBF-000086,LONG,2026-08-26 19:00:00+03:00,2026-08-27 18:30:00+03:00,2026-08-26,2026-08-27,2026,8,2026,8,2,3,19,18,3.66833240857,3.70783595122,0.0395035426494,0,5.72801368416,ATR_TRAILING_STOP,12.603,12.7927216929,,0 days 23:30:00,1410,23.5,SOURCE,SOURCE,SOURCE,UNAVAILABLE,DERIVED
v3,perpetual,true_oos,T3,M30,CNYRUBF,V3_TRUE_OOS,TradingSystemLab/results/perpetual_v3/true_oos/T3/M30/trades.csv,354,T3-M30-CNYRUBF-000087,v3|true_oos|T3|M30|CNYRUBF|TradingSystemLab/results/perpetual_v3/true_oos/T3/M30/trades.csv|354|T3-M30-CNYRUBF-000087,LONG,2026-08-28 17:30:00+03:00,2026-08-29 13:30:00+03:00,2026-08-28,2026-08-29,2026,8,2026,8,4,5,17,13,0.434991972544,0.464601154878,0.0296091823347,0.207264276343,1.28799943156,ATR_TRAILING_STOP,12.859,12.8923822347,,0 days 20:00:00,1200,20,SOURCE,SOURCE,SOURCE,UNAVAILABLE,DERIVED
v3,perpetual,true_oos,T3,M30,CNYRUBF,V3_TRUE_OOS,TradingSystemLab/results/perpetual_v3/true_oos/T3/M30/trades.csv,357,T3-M30-CNYRUBF-000088,v3|true_oos|T3|M30|CNYRUBF|TradingSystemLab/results/perpetual_v3/true_oos/T3/M30/trades.csv|357|T3-M30-CNYRUBF-000088,LONG,2026-09-01 13:00:00+03:00,2026-09-01 20:30:00+03:00,2026-09-01,2026-09-01,2026,9,2026,9,1,1,13,20,-0.792341172739,-0.757407154324,0.0349340184155,0.722473135908,0.873350460388,ATR_TRAILING_STOP,12.92,12.8786378454,,0 days 07:30:00,450,7.5,SOURCE,SOURCE,SOURCE,UNAVAILABLE,DERIVED
v3,perpetual,true_oos,T3,M30,CNYRUBF,V3_TRUE_OOS,TradingSystemLab/results/perpetual_v3/true_oos/T3/M30/trades.csv,361,T3-M30-CNYRUBF-000089,v3|true_oos|T3|M30|CNYRUBF|TradingSystemLab/results/perpetual_v3/true_oos/T3/M30/trades.csv|361|T3-M30-CNYRUBF-000089,LONG,2026-09-02 14:30:00+03:00,2026-09-03 07:30:00+03:00,2026-09-02,2026-09-03,2026,9,2026,9,2,3,14,7,-0.700075124019,-0.668939377339,0.0311357466797,0.856233033693,0.155678733399,ATR_TRAILING_STOP,12.999,12.9580307798,,0 days 17:00:00,1020,17,SOURCE,SOURCE,SOURCE,UNAVAILABLE,DERIVED
v3,perpetual,true_oos,T3,M30,CNYRUBF,V3_TRUE_OOS,TradingSystemLab/results/perpetual_v3/true_oos/T3/M30/trades.csv,367,T3-M30-CNYRUBF-000090,v3|true_oos|T3|M30|CNYRUBF|TradingSystemLab/results/perpetual_v3/true_oos/T3/M30/trades.csv|367|T3-M30-CNYRUBF-000090,SHORT,2026-09-09 18:30:00+03:00,2026-09-11 09:00:00+03:00,2026-09-09,2026-09-11,2026,9,2026,9,2,4,18,9,2.05795336613,2.09479089454,0.0368375284161,0.847263153571,3.13118991537,ATR_TRAILING_STOP,12.653,12.5372686513,,1 days 14:30:00,2310,38.5,SOURCE,SOURCE,SOURCE,UNAVAILABLE,DERIVED
v3,perpetual,true_oos,T3,M30,CNYRUBF,V3_TRUE_OOS,TradingSystemLab/results/perpetual_v3/true_oos/T3/M30/trades.csv,370,T3-M30-CNYRUBF-000091,v3|true_oos|T3|M30|CNYRUBF|TradingSystemLab/results/perpetual_v3/true_oos/T3/M30/trades.csv|370|T3-M30-CNYRUBF-000091,SHORT,2026-09-15 12:00:00+03:00,2026-09-15 21:00:00+03:00,2026-09-15,2026-09-15,2026,9,2026,9,1,1,12,21,-0.772304078942,-0.735157927154,0.0371461517888,0.984373022404,0.46432689736,ATR_TRAILING_STOP,12.527,12.5645819159,,0 days 09:00:00,540,9,SOURCE,SOURCE,SOURCE,UNAVAILABLE,DERIVED
v3,perpetual,true_oos,T3,M30,GLDRUBF,V3_TRUE_OOS,TradingSystemLab/results/perpetual_v3/true_oos/T3/M30/trades.csv,4,T3-M30-GLDRUBF-000001,v3|true_oos|T3|M30|GLDRUBF|TradingSystemLab/results/perpetual_v3/true_oos/T3/M30/trades.csv|4|T3-M30-GLDRUBF-000001,SHORT,2025-01-28 13:30:00+03:00,2025-01-28 19:30:00+03:00,2025-01-28,2025-01-28,2025,1,2025,1,1,1,13,19,-0.744170241334,-0.744128724673,4.15166610807e-05,0.744087208012,0.506503265185,ATR_TRAILING_STOP,8687.6,8723.44523363,,0 days 06:00:00,360,6,SOURCE,SOURCE,SOURCE,UNAVAILABLE,DERIVED
v3,perpetual,true_oos,T3,M30,GLDRUBF,V3_TRUE_OOS,TradingSystemLab/results/perpetual_v3/true_oos/T3/M30/trades.csv,6,T3-M30-GLDRUBF-000002,v3|true_oos|T3|M30|GLDRUBF|TradingSystemLab/results/perpetual_v3/true_oos/T3/M30/trades.csv|6|T3-M30-GLDRUBF-000002,LONG,2025-02-03 10:30:00+03:00,2025-02-04 09:30:00+03:00,2025-02-03,2025-02-04,2025,2,2025,2,0,1,10,9,-0.116186734986,-0.116146101457,4.06335293464e-05,0.958951292575,0.928476145565,ATR_TRAILING_STOP,8890.1,8884.38523833,,0 days 23:00:00,1380,23,SOURCE,SOURCE,SOURCE,UNAVAILABLE,DERIVED
v3,perpetual,true_oos,T3,M30,GLDRUBF,V3_TRUE_OOS,TradingSystemLab/results/perpetual_v3/true_oos/T3/M30/trades.csv,11,T3-M30-GLDRUBF-000003,v3|true_oos|T3|M30|GLDRUBF|TradingSystemLab/results/perpetual_v3/true_oos/T3/M30/trades.csv|11|T3-M30-GLDRUBF-000003,LONG,2025-02-06 16:30:00+03:00,2025-02-07 13:30:00+03:00,2025-02-06,2025-02-07,2025,2,2025,2,3,4,16,13,-0.0935957122728,-0.0935588879804,3.68242924535e-05,0.548681957557,1.12682334908,ATR_TRAILING_STOP,8913.8,8908.72063214,,0 days 21:00:00,1260,21,SOURCE,SOURCE,SOURCE,UNAVAILABLE,DERIVED
v3,perpetual,true_oos,T3,M30,GLDRUBF,V3_TRUE_OOS,TradingSystemLab/results/perpetual_v3/true_oos/T3/M30/trades.csv,13,T3-M30-GLDRUBF-000004,v3|true_oos|T3|M30|GLDRUBF|TradingSystemLab/results/perpetual_v3/true_oos/T3/M30/trades.csv|13|T3-M30-GLDRUBF-000004,SHORT,2025-02-12 12:00:00+03:00,2025-02-12 17:30:00+03:00,2025-02-12,2025-02-12,2025,2,2025,2,2,2,12,17,-0.524271391303,-0.524235588815,3.58024880666e-05,0.537037321,1.03111165632,ATR_TRAILING_STOP,8755.3,8784.58286913,,0 days 05:30:00,330,5.5,SOURCE,SOURCE,SOURCE,UNAVAILABLE,DERIVED
v3,perpetual,true_oos,T3,M30,GLDRUBF,V3_TRUE_OOS,TradingSystemLab/results/perpetual_v3/true_oos/T3/M30/trades.csv,16,T3-M30-GLDRUBF-000005,v3|true_oos|T3|M30|GLDRUBF|TradingSystemLab/results/perpetual_v3/true_oos/T3/M30/trades.csv|16|T3-M30-GLDRUBF-000005,SHORT,2025-02-12 20:30:00+03:00,2025-02-13 09:30:00+03:00,2025-02-12,2025-02-13,2025,2,2025,2,2,3,20,9,0.485133534473,0.485159956993,2.64225199132e-05,0.947247338889,2.64753649531,ATR_TRAILING_STOP,8621.8,8585.0747837,,0 days 13:00:00,780,13,SOURCE,SOURCE,SOURCE,UNAVAILABLE,DERIVED
v3,perpetual,true_oos,T3,M30,GLDRUBF,V3_TRUE_OOS,TradingSystemLab/results/perpetual_v3/true_oos/T3/M30/trades.csv,22,T3-M30-GLDRUBF-000006,v3|true_oos|T3|M30|GLDRUBF|TradingSystemLab/results/perpetual_v3/true_oos/T3/M30/trades.csv|22|T3-M30-GLDRUBF-000006,SHORT,2025-02-20 20:00:00+03:00,2025-02-21 10:30:00+03:00,2025-02-20,2025-02-21,2025,2,2025,2,3,4,20,10,0.305245185513,0.305273507106,2.83215930862e-05,0.041066309975,1.66672575312,ATR_TRAILING_STOP,8372.1,8350.54034919,,0 days 14:30:00,870,14.5,SOURCE,SOURCE,SOURCE,UNAVAILABLE,DERIVED
v3,perpetual,true_oos,T3,M30,GLDRUBF,V3_TRUE_OOS,TradingSystemLab/results/perpetual_v3/true_oos/T3/M30/trades.csv,28,T3-M30-GLDRUBF-000007,v3|true_oos|T3|M30|GLDRUBF|TradingSystemLab/results/perpetual_v3/true_oos/T3/M30/trades.csv|28|T3-M30-GLDRUBF-000007,SHORT,2025-03-10 18:00:00+03:00,2025-03-11 09:30:00+03:00,2025-03-10,2025-03-11,2025,3,2025,3,0,1,18,9,0.290497077464,0.290530040701,3.29632369312e-05,0.214261040053,1.51795706068,ATR_TRAILING_STOP,8223.1,8205.47048112,,0 days 15:30:00,930,15.5,SOURCE,SOURCE,SOURCE,UNAVAILABLE,DERIVED
v3,perpetual,true_oos,T3,M30,GLDRUBF,V3_TRUE_OOS,TradingSystemLab/results/perpetual_v3/true_oos/T3/M30/trades.csv,30,T3-M30-GLDRUBF-000008,v3|true_oos|T3|M30|GLDRUBF|TradingSystemLab/results/perpetual_v3/true_oos/T3/M30/trades.csv|30|T3-M30-GLDRUBF-000008,SHORT,2025-03-11 15:30:00+03:00,2025-03-11 18:30:00+03:00,2025-03-11,2025-03-11,2025,3,2025,3,1,1,15,18,-1.0000710952,-1.0000355476,3.5547598476e-05,1,0.175960612456,ATR_TRAILING_STOP,8110,8166.26259117,,0 days 03:00:00,180,3,SOURCE,SOURCE,SOURCE,UNAVAILABLE,DERIVED
v3,perpetual,true_oos,T3,M30,GLDRUBF,V3_TRUE_OOS,TradingSystemLab/results/perpetual_v3/true_oos/T3/M30/trades.csv,36,T3-M30-GLDRUBF-000009,v3|true_oos|T3|M30|GLDRUBF|TradingSystemLab/results/perpetual_v3/true_oos/T3/M30/trades.csv|36|T3-M30-GLDRUBF-000009,SHORT,2025-03-18 12:00:00+03:00,2025-03-18 13:00:00+03:00,2025-03-18,2025-03-18,2025,3,2025,3,1,1,12,13,-1.00006214055,-1.00003107028,3.10702751323e-05,1,0.200403274603,ATR_TRAILING_STOP,8003.6,8067.97020565,,0 days 01:00:00,60,1,SOURCE,SOURCE,SOURCE,UNAVAILABLE,DERIVED
v3,perpetual,true_oos,T3,M30,GLDRUBF,V3_TRUE_OOS,TradingSystemLab/results/perpetual_v3/true_oos/T3/M30/trades.csv,39,T3-M30-GLDRUBF-000010,v3|true_oos|T3|M30|GLDRUBF|TradingSystemLab/results/perpetual_v3/true_oos/T3/M30/trades.csv|39|T3-M30-GLDRUBF-000010,LONG,2025-03-31 09:00:00+03:00,2025-03-31 11:00:00+03:00,2025-03-31,2025-03-31,2025,3,2025,3,0,0,9,11,0.806153716503,0.806190243823,3.65273206473e-05,0.173504773075,2.79616639555,ATR_TRAILING_STOP,8516.9,8561.04376729,,0 days 02:00:00,120,2,SOURCE,SOURCE,SOURCE,UNAVAILABLE,DERIVED
v3,perpetual,true_oos,T3,M30,GLDRUBF,V3_TRUE_OOS,TradingSystemLab/results/perpetual_v3/true_oos/T3/M30/trades.csv,50,T3-M30-GLDRUBF-000011,v3|true_oos|T3|M30|GLDRUBF|TradingSystemLab/results/perpetual_v3/true_oos/T3/M30/trades.csv|50|T3-M30-GLDRUBF-000011,LONG,2025-04-16 12:30:00+03:00,2025-04-17 09:30:00+03:00,2025-04-16,2025-04-17,2025,4,2025,4,2,3,12,9,0.827230220167,0.827259067033,2.8846865616e-05,0.236544298052,2.01206887672,ATR_TRAILING_STOP,8810.5,8867.85721343,,0 days 21:00:00,1260,21,SOURCE,SOURCE,SOURCE,UNAVAILABLE,DERIVED
v3,perpetual,true_oos,T3,M30,GLDRUBF,V3_TRUE_OOS,TradingSystemLab/results/perpetual_v3/true_oos/T3/M30/trades.csv,59,T3-M30-GLDRUBF-000012,v3|true_oos|T3|M30|GLDRUBF|TradingSystemLab/results/perpetual_v3/true_oos/T3/M30/trades.csv|59|T3-M30-GLDRUBF-000012,SHORT,2025-05-12 10:30:00+03:00,2025-05-13 09:30:00+03:00,2025-05-12,2025-05-13,2025,5,2025,5,0,1,10,9,-0.0211937390107,-0.0211709334055,2.28056052104e-05,0.293052026954,0.955554858317,ATR_TRAILING_STOP,8461.6,8463.45464298,,0 days 23:00:00,1380,23,SOURCE,SOURCE,SOURCE,UNAVAILABLE,DERIVED
v3,perpetual,true_oos,T3,M30,GLDRUBF,V3_TRUE_OOS,TradingSystemLab/results/perpetual_v3/true_oos/T3/M30/trades.csv,77,T3-M30-GLDRUBF-000013,v3|true_oos|T3|M30|GLDRUBF|TradingSystemLab/results/perpetual_v3/true_oos/T3/M30/trades.csv|77|T3-M30-GLDRUBF-000013,SHORT,2025-07-07 12:30:00+03:00,2025-07-07 17:30:00+03:00,2025-07-07,2025-07-07,2025,7,2025,7,0,0,12,17,-1.00012517431,-1.00006258715,6.2587153686e-05,1,0.450627506539,ATR_TRAILING_STOP,8261.9,8293.85543945,,0 days 05:00:00,300,5,SOURCE,SOURCE,SOURCE,UNAVAILABLE,DERIVED
v3,perpetual,true_oos,T3,M30,GLDRUBF,V3_TRUE_OOS,TradingSystemLab/results/perpetual_v3/true_oos/T3/M30/trades.csv,81,T3-M30-GLDRUBF-000014,v3|true_oos|T3|M30|GLDRUBF|TradingSystemLab/results/perpetual_v3/true_oos/T3/M30/trades.csv|81|T3-M30-GLDRUBF-000014,SHORT,2025-07-08 18:00:00+03:00,2025-07-08 20:30:00+03:00,2025-07-08,2025-07-08,2025,7,2025,7,1,1,18,20,-0.943333520185,-0.943273795299,5.9724886283e-05,0.943214070412,0.594262618516,ATR_TRAILING_STOP,8231.3,8262.88529481,,0 days 02:30:00,150,2.5,SOURCE,SOURCE,SOURCE,UNAVAILABLE,DERIVED
v3,perpetual,true_oos,T3,M30,GLDRUBF,V3_TRUE_OOS,TradingSystemLab/results/perpetual_v3/true_oos/T3/M30/trades.csv,82,T3-M30-GLDRUBF-000015,v3|true_oos|T3|M30|GLDRUBF|TradingSystemLab/results/perpetual_v3/true_oos/T3/M30/trades.csv|82|T3-M30-GLDRUBF-000015,SHORT,2025-07-09 11:30:00+03:00,2025-07-09 12:30:00+03:00,2025-07-09,2025-07-09,2025,7,2025,7,2,2,11,12,0.388179991267,0.388234297365,5.43060983865e-05,0.0488754885478,2.39761424376,ATR_TRAILING_STOP,8198.2,8183.9,,0 days 01:00:00,60,1,SOURCE,SOURCE,SOURCE,UNAVAILABLE,DERIVED
v3,perpetual,true_oos,T3,M30,GLDRUBF,V3_TRUE_OOS,TradingSystemLab/results/perpetual_v3/true_oos/T3/M30/trades.csv,85,T3-M30-GLDRUBF-000016,v3|true_oos|T3|M30|GLDRUBF|TradingSystemLab/results/perpetual_v3/true_oos/T3/M30/trades.csv|85|T3-M30-GLDRUBF-000016,SHORT,2025-07-10 19:30:00+03:00,2025-07-11 09:00:00+03:00,2025-07-10,2025-07-11,2025,7,2025,7,3,4,19,9,-0.479063813507,-0.47899995536,6.38581462952e-05,0.478936097214,1.21330477961,ATR_TRAILING_STOP,8243,8258,,0 days 13:30:00,810,13.5,SOURCE,SOURCE,SOURCE,UNAVAILABLE,DERIVED
v3,perpetual,true_oos,T3,M30,GLDRUBF,V3_TRUE_OOS,TradingSystemLab/results/perpetual_v3/true_oos/T3/M30/trades.csv,88,T3-M30-GLDRUBF-000017,v3|true_oos|T3|M30|GLDRUBF|TradingSystemLab/results/perpetual_v3/true_oos/T3/M30/trades.csv|88|T3-M30-GLDRUBF-000017,LONG,2025-07-11 22:30:00+03:00,2025-07-14 11:30:00+03:00,2025-07-11,2025-07-14,2025,7,2025,7,4,0,22,11,-1.00011470321,-1.0000573516,5.73516025714e-05,1,0.507561682757,ATR_TRAILING_STOP,8425.3,8390.42739121,,2 days 13:00:00,3660,61,SOURCE,SOURCE,SOURCE,UNAVAILABLE,DERIVED
v3,perpetual,true_oos,T3,M30,GLDRUBF,V3_TRUE_OOS,TradingSystemLab/results/perpetual_v3/true_oos/T3/M30/trades.csv,100,T3-M30-GLDRUBF-000018,v3|true_oos|T3|M30|GLDRUBF|TradingSystemLab/results/perpetual_v3/true_oos/T3/M30/trades.csv|100|T3-M30-GLDRUBF-000018,LONG,2025-07-28 13:30:00+03:00,2025-07-30 09:30:00+03:00,2025-07-28,2025-07-30,2025,7,2025,7,0,2,13,9,5.68780777192,5.68786944373,6.1671811867e-05,0.286773925181,7.86007242244,ATR_TRAILING_STOP,8468.4,8652.8580512,,1 days 20:00:00,2640,44,SOURCE,SOURCE,SOURCE,UNAVAILABLE,DERIVED
v3,perpetual,true_oos,T3,M30,GLDRUBF,V3_TRUE_OOS,TradingSystemLab/results/perpetual_v3/true_oos/T3/M30/trades.csv,104,T3-M30-GLDRUBF-000019,v3|true_oos|T3|M30|GLDRUBF|TradingSystemLab/results/perpetual_v3/true_oos/T3/M30/trades.csv|104|T3-M30-GLDRUBF-000019,LONG,2025-08-08 10:30:00+03:00,2025-08-08 21:00:00+03:00,2025-08-08,2025-08-08,2025,8,2025,8,4,4,10,21,-0.918452061301,-0.918402799728,4.9261572422e-05,0.977842212577,0.729071271846,ATR_TRAILING_STOP,8684.6,8647.31521622,,0 days 10:30:00,630,10.5,SOURCE,SOURCE,SOURCE,UNAVAILABLE,DERIVED
v3,perpetual,true_oos,T3,M30,GLDRUBF,V3_TRUE_OOS,TradingSystemLab/results/perpetual_v3/true_oos/T3/M30/trades.csv,109,T3-M30-GLDRUBF-000020,v3|true_oos|T3|M30|GLDRUBF|TradingSystemLab/results/perpetual_v3/true_oos/T3/M30/trades.csv|109|T3-M30-GLDRUBF-000020,LONG,2025-08-27 20:00:00+03:00,2025-08-28 16:00:00+03:00,2025-08-27,2025-08-28,2025,8,2025,8,2,3,20,16,-1.00014455853,-1.00007227926,7.22792638215e-05,1,0.180698159554,ATR_TRAILING_STOP,8730,8702.32954662,,0 days 20:00:00,1200,20,SOURCE,SOURCE,SOURCE,UNAVAILABLE,DERIVED
v3,perpetual,true_oos,T3,M30,GLDRUBF,V3_TRUE_OOS,TradingSystemLab/results/perpetual_v3/true_oos/T3/M30/trades.csv,110,T3-M30-GLDRUBF-000021,v3|true_oos|T3|M30|GLDRUBF|TradingSystemLab/results/perpetual_v3/true_oos/T3/M30/trades.csv|110|T3-M30-GLDRUBF-000021,LONG,2025-08-28 20:00:00+03:00,2025-08-31 11:00:00+03:00,2025-08-28,2025-08-31,2025,8,2025,8,3,6,20,11,4.12253073932,4.12260243565,7.16963315236e-05,0,5.05459137241,ATR_TRAILING_STOP,8737.5,8852.50376782,,2 days 15:00:00,3780,63,SOURCE,SOURCE,SOURCE,UNAVAILABLE,DERIVED
v3,perpetual,true_oos,T3,M30,GLDRUBF,V3_TRUE_OOS,TradingSystemLab/results/perpetual_v3/true_oos/T3/M30/trades.csv,112,T3-M30-GLDRUBF-000022,v3|true_oos|T3|M30|GLDRUBF|TradingSystemLab/results/perpetual_v3/true_oos/T3/M30/trades.csv|112|T3-M30-GLDRUBF-000022,LONG,2025-09-02 15:00:00+03:00,2025-09-03 22:00:00+03:00,2025-09-02,2025-09-03,2025,9,2025,9,1,2,15,22,5.26728624539,5.26734499246,5.87470747864e-05,0.552222502992,6.99090189958,ATR_TRAILING_STOP,8952,9131.32480072,,1 days 07:00:00,1860,31,SOURCE,SOURCE,SOURCE,UNAVAILABLE,DERIVED
v3,perpetual,true_oos,T3,M30,GLDRUBF,V3_TRUE_OOS,TradingSystemLab/results/perpetual_v3/true_oos/T3/M30/trades.csv,115,T3-M30-GLDRUBF-000023,v3|true_oos|T3|M30|GLDRUBF|TradingSystemLab/results/perpetual_v3/true_oos/T3/M30/trades.csv|115|T3-M30-GLDRUBF-000023,LONG,2025-09-05 12:30:00+03:00,2025-09-06 15:00:00+03:00,2025-09-05,2025-09-06,2025,9,2025,9,4,5,12,15,2.86731691155,2.86737135743,5.44458806381e-05,0.0762242328933,3.84932376111,ATR_TRAILING_STOP,9183.6,9288.93123056,,1 days 02:30:00,1590,26.5,SOURCE,SOURCE,SOURCE,UNAVAILABLE,DERIVED
v3,perpetual,true_oos,T3,M30,GLDRUBF,V3_TRUE_OOS,TradingSystemLab/results/perpetual_v3/true_oos/T3/M30/trades.csv,116,T3-M30-GLDRUBF-000024,v3|true_oos|T3|M30|GLDRUBF|TradingSystemLab/results/perpetual_v3/true_oos/T3/M30/trades.csv|116|T3-M30-GLDRUBF-000024,LONG,2025-09-08 10:30:00+03:00,2025-09-09 23:00:00+03:00,2025-09-08,2025-09-09,2025,9,2025,9,0,1,10,23,8.82358979736,8.82364586494,5.60675759882e-05,0.120545288375,10.9303739389,ATR_TRAILING_STOP,9402,9716.75239573,,1 days 12:30:00,2190,36.5,SOURCE,SOURCE,SOURCE,UNAVAILABLE,DERIVED
v3,perpetual,true_oos,T3,M30,GLDRUBF,V3_TRUE_OOS,TradingSystemLab/results/perpetual_v3/true_oos/T3/M30/trades.csv,119,T3-M30-GLDRUBF-000025,v3|true_oos|T3|M30|GLDRUBF|TradingSystemLab/results/perpetual_v3/true_oos/T3/M30/trades.csv|119|T3-M30-GLDRUBF-000025,LONG,2025-09-10 10:30:00+03:00,2025-09-10 16:00:00+03:00,2025-09-10,2025-09-10,2025,9,2025,9,2,2,10,16,-0.203184954585,-0.20314931264,3.56419449183e-05,0.203113670695,1.3080593785,ATR_TRAILING_STOP,9825.7,9814.30254842,,0 days 05:30:00,330,5.5,SOURCE,SOURCE,SOURCE,UNAVAILABLE,DERIVED
v3,perpetual,true_oos,T3,M30,GLDRUBF,V3_TRUE_OOS,TradingSystemLab/results/perpetual_v3/true_oos/T3/M30/trades.csv,128,T3-M30-GLDRUBF-000026,v3|true_oos|T3|M30|GLDRUBF|TradingSystemLab/results/perpetual_v3/true_oos/T3/M30/trades.csv|128|T3-M30-GLDRUBF-000026,LONG,2025-09-23 14:00:00+03:00,2025-09-23 17:30:00+03:00,2025-09-23,2025-09-23,2025,9,2025,9,1,1,14,17,-1.00007454207,-1.00003727104,3.72710359189e-05,1,0.277669217596,ATR_TRAILING_STOP,10045.1,9991.4390284,,0 days 03:30:00,210,3.5,SOURCE,SOURCE,SOURCE,UNAVAILABLE,DERIVED
v3,perpetual,true_oos,T3,M30,GLDRUBF,V3_TRUE_OOS,TradingSystemLab/results/perpetual_v3/true_oos/T3/M30/trades.csv,142,T3-M30-GLDRUBF-000027,v3|true_oos|T3|M30|GLDRUBF|TradingSystemLab/results/perpetual_v3/true_oos/T3/M30/trades.csv|142|T3-M30-GLDRUBF-000027,LONG,2025-10-08 09:00:00+03:00,2025-10-09 09:30:00+03:00,2025-10-08,2025-10-09,2025,10,2025,10,2,3,9,9,-0.738336252987,-0.738305818251,3.04347355688e-05,0.86738996371,0.470216664538,ATR_TRAILING_STOP,10504,10455.4846855,,1 days 00:30:00,1470,24.5,SOURCE,SOURCE,SOURCE,UNAVAILABLE,DERIVED
v3,perpetual,true_oos,T3,M30,GLDRUBF,V3_TRUE_OOS,TradingSystemLab/results/perpetual_v3/true_oos/T3/M30/trades.csv,148,T3-M30-GLDRUBF-000028,v3|true_oos|T3|M30|GLDRUBF|TradingSystemLab/results/perpetual_v3/true_oos/T3/M30/trades.csv|148|T3-M30-GLDRUBF-000028,LONG,2025-10-10 23:00:00+03:00,2025-10-13 10:30:00+03:00,2025-10-10,2025-10-13,2025,10,2025,10,4,0,23,10,1.31542993548,1.31545620801,2.62725301526e-05,0.164203313454,2.09654790618,ATR_TRAILING_STOP,10460.3,10560.4412862,,2 days 11:30:00,3570,59.5,SOURCE,SOURCE,SOURCE,UNAVAILABLE,DERIVED
v3,perpetual,true_oos,T3,M30,GLDRUBF,V3_TRUE_OOS,TradingSystemLab/results/perpetual_v3/true_oos/T3/M30/trades.csv,151,T3-M30-GLDRUBF-000029,v3|true_oos|T3|M30|GLDRUBF|TradingSystemLab/results/perpetual_v3/true_oos/T3/M30/trades.csv|151|T3-M30-GLDRUBF-000029,LONG,2025-10-16 19:30:00+03:00,2025-10-17 17:00:00+03:00,2025-10-16,2025-10-17,2025,10,2025,10,3,4,19,17,1.59255001288,1.5925708387,2.08258151072e-05,0.836156476556,3.42584658514,ATR_TRAILING_STOP,11048.4,11201.3439934,,0 days 21:30:00,1290,21.5,SOURCE,SOURCE,SOURCE,UNAVAILABLE,DERIVED
v3,perpetual,true_oos,T3,M30,GLDRUBF,V3_TRUE_OOS,TradingSystemLab/results/perpetual_v3/true_oos/T3/M30/trades.csv,158,T3-M30-GLDRUBF-000030,v3|true_oos|T3|M30|GLDRUBF|TradingSystemLab/results/perpetual_v3/true_oos/T3/M30/trades.csv|158|T3-M30-GLDRUBF-000030,SHORT,2025-10-28 12:30:00+03:00,2025-10-28 20:00:00+03:00,2025-10-28,2025-10-28,2025,10,2025,10,1,1,12,20,-0.633011476899,-0.632994051031,1.74258682262e-05,0.632976625163,0.625588669319,ATR_TRAILING_STOP,10030.4,10103.0479297,,0 days 07:30:00,450,7.5,SOURCE,SOURCE,SOURCE,UNAVAILABLE,DERIVED
v3,perpetual,true_oos,T3,M30,GLDRUBF,V3_TRUE_OOS,TradingSystemLab/results/perpetual_v3/true_oos/T3/M30/trades.csv,159,T3-M30-GLDRUBF-000031,v3|true_oos|T3|M30|GLDRUBF|TradingSystemLab/results/perpetual_v3/true_oos/T3/M30/trades.csv|159|T3-M30-GLDRUBF-000031,LONG,2025-11-11 10:30:00+03:00,2025-11-11 16:30:00+03:00,2025-11-11,2025-11-11,2025,11,2025,11,1,1,10,16,-1.0000605582,-1.0000302791,3.02790987427e-05,1,0.134741989405,ATR_TRAILING_STOP,10796.7,10730.6478359,,0 days 06:00:00,360,6,SOURCE,SOURCE,SOURCE,UNAVAILABLE,DERIVED
v3,perpetual,true_oos,T3,M30,GLDRUBF,V3_TRUE_OOS,TradingSystemLab/results/perpetual_v3/true_oos/T3/M30/trades.csv,160,T3-M30-GLDRUBF-000032,v3|true_oos|T3|M30|GLDRUBF|TradingSystemLab/results/perpetual_v3/true_oos/T3/M30/trades.csv|160|T3-M30-GLDRUBF-000032,LONG,2025-11-12 18:30:00+03:00,2025-11-13 18:00:00+03:00,2025-11-12,2025-11-13,2025,11,2025,11,2,3,18,18,0.88649263187,0.886525455798,3.28239283655e-05,0.0229767498559,2.71782126866,ATR_TRAILING_STOP,10812.6,10866.6190236,,0 days 23:30:00,1410,23.5,SOURCE,SOURCE,SOURCE,UNAVAILABLE,DERIVED
v3,perpetual,true_oos,T3,M30,GLDRUBF,V3_TRUE_OOS,TradingSystemLab/results/perpetual_v3/true_oos/T3/M30/trades.csv,164,T3-M30-GLDRUBF-000033,v3|true_oos|T3|M30|GLDRUBF|TradingSystemLab/results/perpetual_v3/true_oos/T3/M30/trades.csv|164|T3-M30-GLDRUBF-000033,SHORT,2025-11-20 11:30:00+03:00,2025-11-20 16:30:00+03:00,2025-11-20,2025-11-20,2025,11,2025,11,3,3,11,16,-1.00005292816,-1.00002646408,2.64640792014e-05,1,0.0714530138437,ATR_TRAILING_STOP,10462.4,10537.974139,,0 days 05:00:00,300,5,SOURCE,SOURCE,SOURCE,UNAVAILABLE,DERIVED
v3,perpetual,true_oos,T3,M30,GLDRUBF,V3_TRUE_OOS,TradingSystemLab/results/perpetual_v3/true_oos/T3/M30/trades.csv,167,T3-M30-GLDRUBF-000034,v3|true_oos|T3|M30|GLDRUBF|TradingSystemLab/results/perpetual_v3/true_oos/T3/M30/trades.csv|167|T3-M30-GLDRUBF-000034,SHORT,2025-11-20 19:30:00+03:00,2025-11-21 16:00:00+03:00,2025-11-20,2025-11-21,2025,11,2025,11,3,4,19,16,1.57626907203,1.57629430249,2.52304565777e-05,0.186705378675,3.1575916407,ATR_TRAILING_STOP,10440.3,10315.3462935,,0 days 20:30:00,1230,20.5,SOURCE,SOURCE,SOURCE,UNAVAILABLE,DERIVED
v3,perpetual,true_oos,T3,M30,GLDRUBF,V3_TRUE_OOS,TradingSystemLab/results/perpetual_v3/true_oos/T3/M30/trades.csv,174,T3-M30-GLDRUBF-000035,v3|true_oos|T3|M30|GLDRUBF|TradingSystemLab/results/perpetual_v3/true_oos/T3/M30/trades.csv|174|T3-M30-GLDRUBF-000035,SHORT,2025-12-04 22:00:00+03:00,2025-12-05 09:30:00+03:00,2025-12-04,2025-12-05,2025,12,2025,12,3,4,22,9,-0.905920268783,-0.90589166107,2.86077131828e-05,0.905863053357,0.380482585332,ATR_TRAILING_STOP,10240.9,10304.2299871,,0 days 11:30:00,690,11.5,SOURCE,SOURCE,SOURCE,UNAVAILABLE,DERIVED
v3,perpetual,true_oos,T3,M30,GLDRUBF,V3_TRUE_OOS,TradingSystemLab/results/perpetual_v3/true_oos/T3/M30/trades.csv,182,T3-M30-GLDRUBF-000036,v3|true_oos|T3|M30|GLDRUBF|TradingSystemLab/results/perpetual_v3/true_oos/T3/M30/trades.csv|182|T3-M30-GLDRUBF-000036,LONG,2025-12-11 17:30:00+03:00,2025-12-12 18:30:00+03:00,2025-12-11,2025-12-12,2025,12,2025,12,3,4,17,18,2.19047191119,2.19049837769,2.64665042485e-05,0.431404019251,3.54651156931,ATR_TRAILING_STOP,10709.9,10875.4318605,,1 days 01:00:00,1500,25,SOURCE,SOURCE,SOURCE,UNAVAILABLE,DERIVED
v3,perpetual,true_oos,T3,M30,GLDRUBF,V3_TRUE_OOS,TradingSystemLab/results/perpetual_v3/true_oos/T3/M30/trades.csv,184,T3-M30-GLDRUBF-000037,v3|true_oos|T3|M30|GLDRUBF|TradingSystemLab/results/perpetual_v3/true_oos/T3/M30/trades.csv|184|T3-M30-GLDRUBF-000037,LONG,2025-12-23 10:30:00+03:00,2025-12-23 12:00:00+03:00,2025-12-23,2025-12-23,2025,12,2025,12,1,1,10,12,-1.00006055902,-1.00003027951,3.02795104421e-05,1,0.00756987761052,ATR_TRAILING_STOP,11138.1,11072.048734,,0 days 01:30:00,90,1.5,SOURCE,SOURCE,SOURCE,UNAVAILABLE,DERIVED
v3,perpetual,true_oos,T3,M30,GLDRUBF,V3_TRUE_OOS,TradingSystemLab/results/perpetual_v3/true_oos/T3/M30/trades.csv,187,T3-M30-GLDRUBF-000038,v3|true_oos|T3|M30|GLDRUBF|TradingSystemLab/results/perpetual_v3/true_oos/T3/M30/trades.csv|187|T3-M30-GLDRUBF-000038,SHORT,2025-12-29 18:30:00+03:00,2025-12-29 19:30:00+03:00,2025-12-29,2025-12-29,2025,12,2025,12,0,0,18,19,-1.00003962218,-1.00001981109,1.98110883688e-05,1,0.0178299795319,ATR_TRAILING_STOP,10692.4,10793.3535651,,0 days 01:00:00,60,1,SOURCE,SOURCE,SOURCE,UNAVAILABLE,DERIVED
v3,perpetual,true_oos,T3,M30,GLDRUBF,V3_TRUE_OOS,TradingSystemLab/results/perpetual_v3/true_oos/T3/M30/trades.csv,190,T3-M30-GLDRUBF-000039,v3|true_oos|T3|M30|GLDRUBF|TradingSystemLab/results/perpetual_v3/true_oos/T3/M30/trades.csv|190|T3-M30-GLDRUBF-000039,LONG,2026-01-05 09:30:00+03:00,2026-01-06 13:00:00+03:00,2026-01-05,2026-01-06,2026,1,2026,1,0,1,9,13,1.75968811522,1.75970706876,1.8953534299e-05,0.077709490626,2.80417539954,ATR_TRAILING_STOP,11172.2,11357.8884309,,1 days 03:30:00,1650,27.5,SOURCE,SOURCE,SOURCE,UNAVAILABLE,DERIVED
v3,perpetual,true_oos,T3,M30,GLDRUBF,V3_TRUE_OOS,TradingSystemLab/results/perpetual_v3/true_oos/T3/M30/trades.csv,191,T3-M30-GLDRUBF-000040,v3|true_oos|T3|M30|GLDRUBF|TradingSystemLab/results/perpetual_v3/true_oos/T3/M30/trades.csv|191|T3-M30-GLDRUBF-000040,LONG,2026-01-12 17:00:00+03:00,2026-01-13 10:00:00+03:00,2026-01-12,2026-01-13,2026,1,2026,1,0,1,17,10,-0.803005729216,-0.802980094672,2.56345438933e-05,0.831840949337,0.352474978533,ATR_TRAILING_STOP,11649.9,11587.2537159,,0 days 17:00:00,1020,17,SOURCE,SOURCE,SOURCE,UNAVAILABLE,DERIVED
v3,perpetual,true_oos,T3,M30,GLDRUBF,V3_TRUE_OOS,TradingSystemLab/results/perpetual_v3/true_oos/T3/M30/trades.csv,192,T3-M30-GLDRUBF-000041,v3|true_oos|T3|M30|GLDRUBF|TradingSystemLab/results/perpetual_v3/true_oos/T3/M30/trades.csv|192|T3-M30-GLDRUBF-000041,LONG,2026-01-14 10:00:00+03:00,2026-01-14 12:00:00+03:00,2026-01-14,2026-01-14,2026,1,2026,1,2,2,10,12,-1.00005295636,-1.00002647818,2.64781794288e-05,1,0.296555609603,ATR_TRAILING_STOP,11676.7,11601.1661059,,0 days 02:00:00,120,2,SOURCE,SOURCE,SOURCE,UNAVAILABLE,DERIVED
v3,perpetual,true_oos,T3,M30,GLDRUBF,V3_TRUE_OOS,TradingSystemLab/results/perpetual_v3/true_oos/T3/M30/trades.csv,196,T3-M30-GLDRUBF-000042,v3|true_oos|T3|M30|GLDRUBF|TradingSystemLab/results/perpetual_v3/true_oos/T3/M30/trades.csv|196|T3-M30-GLDRUBF-000042,LONG,2026-01-23 09:00:00+03:00,2026-01-23 12:00:00+03:00,2026-01-23,2026-01-23,2026,1,2026,1,4,4,9,12,-0.855634741828,-0.855611136161,2.36056677004e-05,0.855587530493,0.657417845457,ATR_TRAILING_STOP,12003,11930.5099911,,0 days 03:00:00,180,3,SOURCE,SOURCE,SOURCE,UNAVAILABLE,DERIVED
v3,perpetual,true_oos,T3,M30,GLDRUBF,V3_TRUE_OOS,TradingSystemLab/results/perpetual_v3/true_oos/T3/M30/trades.csv,199,T3-M30-GLDRUBF-000043,v3|true_oos|T3|M30|GLDRUBF|TradingSystemLab/results/perpetual_v3/true_oos/T3/M30/trades.csv|199|T3-M30-GLDRUBF-000043,LONG,2026-01-26 18:30:00+03:00,2026-01-26 22:30:00+03:00,2026-01-26,2026-01-26,2026,1,2026,1,0,0,18,22,-1.00004758175,-1.00002379087,2.37908734097e-05,1,0.411582109987,ATR_TRAILING_STOP,12507.8,12423.7341498,,0 days 04:00:00,240,4,SOURCE,SOURCE,SOURCE,UNAVAILABLE,DERIVED
v3,perpetual,true_oos,T3,M30,GLDRUBF,V3_TRUE_OOS,TradingSystemLab/results/perpetual_v3/true_oos/T3/M30/trades.csv,201,T3-M30-GLDRUBF-000044,v3|true_oos|T3|M30|GLDRUBF|TradingSystemLab/results/perpetual_v3/true_oos/T3/M30/trades.csv|201|T3-M30-GLDRUBF-000044,LONG,2026-01-28 00:00:00+03:00,2026-01-29 11:00:00+03:00,2026-01-28,2026-01-29,2026,1,2026,1,2,3,0,11,8.82891581916,8.8289351111,1.92919357654e-05,0,12.3391221156,ATR_TRAILING_STOP,12580.8,13496.1,,1 days 11:00:00,2100,35,SOURCE,SOURCE,SOURCE,UNAVAILABLE,DERIVED
v3,perpetual,true_oos,T3,M30,GLDRUBF,V3_TRUE_OOS,TradingSystemLab/results/perpetual_v3/true_oos/T3/M30/trades.csv,205,T3-M30-GLDRUBF-000045,v3|true_oos|T3|M30|GLDRUBF|TradingSystemLab/results/perpetual_v3/true_oos/T3/M30/trades.csv|205|T3-M30-GLDRUBF-000045,LONG,2026-02-13 22:30:00+03:00,2026-02-16 09:00:00+03:00,2026-02-13,2026-02-16,2026,2,2026,2,4,0,22,9,-1.0048210594,-1.00480324406,1.78153444807e-05,1.00478542871,0.0374122234096,ATR_TRAILING_STOP,12455.8,12343,,2 days 10:30:00,3510,58.5,SOURCE,SOURCE,SOURCE,UNAVAILABLE,DERIVED
v3,perpetual,true_oos,T3,M30,GLDRUBF,V3_TRUE_OOS,TradingSystemLab/results/perpetual_v3/true_oos/T3/M30/trades.csv,208,T3-M30-GLDRUBF-000046,v3|true_oos|T3|M30|GLDRUBF|TradingSystemLab/results/perpetual_v3/true_oos/T3/M30/trades.csv|208|T3-M30-GLDRUBF-000046,LONG,2026-02-25 13:00:00+03:00,2026-02-26 00:00:00+03:00,2026-02-25,2026-02-26,2026,2,2026,2,2,3,13,0,2.29302019474,2.29304793409,2.77393470338e-05,0.983359852347,4.14009754479,ATR_TRAILING_STOP,12839.9,13005.2301839,,0 days 11:00:00,660,11,SOURCE,SOURCE,SOURCE,UNAVAILABLE,DERIVED
v3,perpetual,true_oos,T3,M30,GLDRUBF,V3_TRUE_OOS,TradingSystemLab/results/perpetual_v3/true_oos/T3/M30/trades.csv,211,T3-M30-GLDRUBF-000047,v3|true_oos|T3|M30|GLDRUBF|TradingSystemLab/results/perpetual_v3/true_oos/T3/M30/trades.csv|211|T3-M30-GLDRUBF-000047,LONG,2026-02-27 16:30:00+03:00,2026-02-27 17:00:00+03:00,2026-02-27,2026-02-27,2026,2,2026,2,4,4,16,17,-1.00004668473,-1.00002334236,2.33423640166e-05,1,0,ATR_TRAILING_STOP,13065.4,12979.7188754,,0 days 00:30:00,30,0.5,SOURCE,SOURCE,SOURCE,UNAVAILABLE,DERIVED
v3,perpetual,true_oos,T3,M30,GLDRUBF,V3_TRUE_OOS,TradingSystemLab/results/perpetual_v3/true_oos/T3/M30/trades.csv,212,T3-M30-GLDRUBF-000048,v3|true_oos|T3|M30|GLDRUBF|TradingSystemLab/results/perpetual_v3/true_oos/T3/M30/trades.csv|212|T3-M30-GLDRUBF-000048,LONG,2026-02-28 10:30:00+03:00,2026-02-28 11:00:00+03:00,2026-02-28,2026-02-28,2026,2,2026,2,5,5,10,11,-1.00003253608,-1.00001626804,1.62680412227e-05,1,0,ATR_TRAILING_STOP,13444.7,13321.759569,,0 days 00:30:00,30,0.5,SOURCE,SOURCE,SOURCE,UNAVAILABLE,DERIVED
v3,perpetual,true_oos,T3,M30,GLDRUBF,V3_TRUE_OOS,TradingSystemLab/results/perpetual_v3/true_oos/T3/M30/trades.csv,213,T3-M30-GLDRUBF-000049,v3|true_oos|T3|M30|GLDRUBF|TradingSystemLab/results/perpetual_v3/true_oos/T3/M30/trades.csv|213|T3-M30-GLDRUBF-000049,LONG,2026-02-28 13:00:00+03:00,2026-02-28 14:30:00+03:00,2026-02-28,2026-02-28,2026,2,2026,2,5,5,13,14,-1.00002615351,-1.00001307675,1.30767537078e-05,1,0.137305913932,ATR_TRAILING_STOP,13479,13326.0568426,,0 days 01:30:00,90,1.5,SOURCE,SOURCE,SOURCE,UNAVAILABLE,DERIVED
v3,perpetual,true_oos,T3,M30,GLDRUBF,V3_TRUE_OOS,TradingSystemLab/results/perpetual_v3/true_oos/T3/M30/trades.csv,215,T3-M30-GLDRUBF-000050,v3|true_oos|T3|M30|GLDRUBF|TradingSystemLab/results/perpetual_v3/true_oos/T3/M30/trades.csv|215|T3-M30-GLDRUBF-000050,LONG,2026-03-01 17:30:00+03:00,2026-03-02 09:30:00+03:00,2026-03-01,2026-03-02,2026,3,2026,3,6,0,17,9,-1.00005041913,-1.00002520957,2.52095663447e-05,1,0,ATR_TRAILING_STOP,13502.5,13423.1650375,,0 days 16:00:00,960,16,SOURCE,SOURCE,SOURCE,UNAVAILABLE,DERIVED
v3,perpetual,true_oos,T3,M30,GLDRUBF,V3_TRUE_OOS,TradingSystemLab/results/perpetual_v3/true_oos/T3/M30/trades.csv,216,T3-M30-GLDRUBF-000051,v3|true_oos|T3|M30|GLDRUBF|TradingSystemLab/results/perpetual_v3/true_oos/T3/M30/trades.csv|216|T3-M30-GLDRUBF-000051,LONG,2026-03-02 11:30:00+03:00,2026-03-02 13:30:00+03:00,2026-03-02,2026-03-02,2026,3,2026,3,0,0,11,13,-1.00003839535,-1.00001919768,1.91976771112e-05,1,0.0249569802446,ATR_TRAILING_STOP,13525.2,13421.0207293,,0 days 02:00:00,120,2,SOURCE,SOURCE,SOURCE,UNAVAILABLE,DERIVED
v3,perpetual,true_oos,T3,M30,GLDRUBF,V3_TRUE_OOS,TradingSystemLab/results/perpetual_v3/true_oos/T3/M30/trades.csv,229,T3-M30-GLDRUBF-000052,v3|true_oos|T3|M30|GLDRUBF|TradingSystemLab/results/perpetual_v3/true_oos/T3/M30/trades.csv|229|T3-M30-GLDRUBF-000052,SHORT,2026-03-19 10:00:00+03:00,2026-03-19 17:30:00+03:00,2026-03-19,2026-03-19,2026,3,2026,3,3,3,10,17,2.00816119437,2.00817786215,1.66677890733e-05,0.635042763694,4.41113037826,ATR_TRAILING_STOP,12769.5,12528.5328842,,0 days 07:30:00,450,7.5,SOURCE,SOURCE,SOURCE,UNAVAILABLE,DERIVED
v3,perpetual,true_oos,T3,M30,GLDRUBF,V3_TRUE_OOS,TradingSystemLab/results/perpetual_v3/true_oos/T3/M30/trades.csv,230,T3-M30-GLDRUBF-000053,v3|true_oos|T3|M30|GLDRUBF|TradingSystemLab/results/perpetual_v3/true_oos/T3/M30/trades.csv|230|T3-M30-GLDRUBF-000053,SHORT,2026-03-20 17:00:00+03:00,2026-03-23 14:30:00+03:00,2026-03-20,2026-03-23,2026,3,2026,3,4,0,17,14,5.02463120182,5.02464322638,1.20245579701e-05,0.0252515717371,7.39931174688,ATR_TRAILING_STOP,12328.5,11492.7677821,,2 days 21:30:00,4170,69.5,SOURCE,SOURCE,SOURCE,UNAVAILABLE,DERIVED
v3,perpetual,true_oos,T3,M30,GLDRUBF,V3_TRUE_OOS,TradingSystemLab/results/perpetual_v3/true_oos/T3/M30/trades.csv,243,T3-M30-GLDRUBF-000054,v3|true_oos|T3|M30|GLDRUBF|TradingSystemLab/results/perpetual_v3/true_oos/T3/M30/trades.csv|243|T3-M30-GLDRUBF-000054,SHORT,2026-04-21 18:00:00+03:00,2026-04-22 09:00:00+03:00,2026-04-21,2026-04-22,2026,4,2026,4,1,2,18,9,-0.835312775217,-0.835289213422,2.35617955325e-05,0.835265651626,1.72118916365,ATR_TRAILING_STOP,11391.1,11462,,0 days 15:00:00,900,15,SOURCE,SOURCE,SOURCE,UNAVAILABLE,DERIVED
v3,perpetual,true_oos,T3,M30,GLDRUBF,V3_TRUE_OOS,TradingSystemLab/results/perpetual_v3/true_oos/T3/M30/trades.csv,244,T3-M30-GLDRUBF-000055,v3|true_oos|T3|M30|GLDRUBF|TradingSystemLab/results/perpetual_v3/true_oos/T3/M30/trades.csv|244|T3-M30-GLDRUBF-000055,SHORT,2026-04-23 09:30:00+03:00,2026-04-23 15:00:00+03:00,2026-04-23,2026-04-23,2026,4,2026,4,3,3,9,15,-0.0115725976761,-0.0115418085787,3.07890974368e-05,0.344837891292,1.55946778518,ATR_TRAILING_STOP,11369.4,11370.1477335,,0 days 05:30:00,330,5.5,SOURCE,SOURCE,SOURCE,UNAVAILABLE,DERIVED
v3,perpetual,true_oos,T3,M30,GLDRUBF,V3_TRUE_OOS,TradingSystemLab/results/perpetual_v3/true_oos/T3/M30/trades.csv,247,T3-M30-GLDRUBF-000056,v3|true_oos|T3|M30|GLDRUBF|TradingSystemLab/results/perpetual_v3/true_oos/T3/M30/trades.csv|247|T3-M30-GLDRUBF-000056,SHORT,2026-04-28 15:00:00+03:00,2026-04-28 16:00:00+03:00,2026-04-28,2026-04-28,2026,4,2026,4,1,1,15,16,-1.00004824766,-1.00002412383,2.41238309483e-05,1,0.0784024505821,ATR_TRAILING_STOP,10930,11012.9055719,,0 days 01:00:00,60,1,SOURCE,SOURCE,SOURCE,UNAVAILABLE,DERIVED
v3,perpetual,true_oos,T3,M30,GLDRUBF,V3_TRUE_OOS,TradingSystemLab/results/perpetual_v3/true_oos/T3/M30/trades.csv,248,T3-M30-GLDRUBF-000057,v3|true_oos|T3|M30|GLDRUBF|TradingSystemLab/results/perpetual_v3/true_oos/T3/M30/trades.csv|248|T3-M30-GLDRUBF-000057,SHORT,2026-04-29 11:00:00+03:00,2026-04-29 19:30:00+03:00,2026-04-29,2026-04-29,2026,4,2026,4,2,2,11,19,0.142658052674,0.142685407469,2.73547951662e-05,0.575818438248,1.59204907867,ATR_TRAILING_STOP,10912.2,10901.7657956,,0 days 08:30:00,510,8.5,SOURCE,SOURCE,SOURCE,UNAVAILABLE,DERIVED
v3,perpetual,true_oos,T3,M30,GLDRUBF,V3_TRUE_OOS,TradingSystemLab/results/perpetual_v3/true_oos/T3/M30/trades.csv,253,T3-M30-GLDRUBF-000058,v3|true_oos|T3|M30|GLDRUBF|TradingSystemLab/results/perpetual_v3/true_oos/T3/M30/trades.csv|253|T3-M30-GLDRUBF-000058,LONG,2026-05-07 17:30:00+03:00,2026-05-07 19:00:00+03:00,2026-05-07,2026-05-07,2026,5,2026,5,3,3,17,19,-1.00005148845,-1.00002574422,2.57442238725e-05,1,0.061786137294,ATR_TRAILING_STOP,11412,11334.3126706,,0 days 01:30:00,90,1.5,SOURCE,SOURCE,SOURCE,UNAVAILABLE,DERIVED
v3,perpetual,true_oos,T3,M30,GLDRUBF,V3_TRUE_OOS,TradingSystemLab/results/perpetual_v3/true_oos/T3/M30/trades.csv,256,T3-M30-GLDRUBF-000059,v3|true_oos|T3|M30|GLDRUBF|TradingSystemLab/results/perpetual_v3/true_oos/T3/M30/trades.csv|256|T3-M30-GLDRUBF-000059,SHORT,2026-05-15 11:30:00+03:00,2026-05-17 17:30:00+03:00,2026-05-15,2026-05-17,2026,5,2026,5,4,6,11,17,1.62208148957,1.62210750626,2.60166951544e-05,0.0247158603967,2.12166148985,ATR_TRAILING_STOP,10714.1,10589.4005704,,2 days 06:00:00,3240,54,SOURCE,SOURCE,SOURCE,UNAVAILABLE,DERIVED
v3,perpetual,true_oos,T3,M30,GLDRUBF,V3_TRUE_OOS,TradingSystemLab/results/perpetual_v3/true_oos/T3/M30/trades.csv,258,T3-M30-GLDRUBF-000060,v3|true_oos|T3|M30|GLDRUBF|TradingSystemLab/results/perpetual_v3/true_oos/T3/M30/trades.csv|258|T3-M30-GLDRUBF-000060,SHORT,2026-05-19 10:30:00+03:00,2026-05-20 10:30:00+03:00,2026-05-19,2026-05-20,2026,5,2026,5,1,2,10,10,3.78917814032,3.78920469236,2.65520428956e-05,0.0982425587138,5.20552800969,ATR_TRAILING_STOP,10417,10131.5808133,,1 days 00:00:00,1440,24,SOURCE,SOURCE,SOURCE,UNAVAILABLE,DERIVED
v3,perpetual,true_oos,T3,M30,GLDRUBF,V3_TRUE_OOS,TradingSystemLab/results/perpetual_v3/true_oos/T3/M30/trades.csv,266,T3-M30-GLDRUBF-000061,v3|true_oos|T3|M30|GLDRUBF|TradingSystemLab/results/perpetual_v3/true_oos/T3/M30/trades.csv|266|T3-M30-GLDRUBF-000061,SHORT,2026-05-26 10:30:00+03:00,2026-05-27 12:00:00+03:00,2026-05-26,2026-05-27,2026,5,2026,5,1,2,10,12,2.22546778637,2.22549490007,2.71137030141e-05,0.532784264228,3.50309042943,ATR_TRAILING_STOP,10364.6,10200.4378409,,1 days 01:30:00,1530,25.5,SOURCE,SOURCE,SOURCE,UNAVAILABLE,DERIVED
v3,perpetual,true_oos,T3,M30,GLDRUBF,V3_TRUE_OOS,TradingSystemLab/results/perpetual_v3/true_oos/T3/M30/trades.csv,269,T3-M30-GLDRUBF-000062,v3|true_oos|T3|M30|GLDRUBF|TradingSystemLab/results/perpetual_v3/true_oos/T3/M30/trades.csv|269|T3-M30-GLDRUBF-000062,SHORT,2026-05-27 14:00:00+03:00,2026-05-27 21:30:00+03:00,2026-05-27,2026-05-27,2026,5,2026,5,2,2,14,21,-0.747709474422,-0.747681660663,2.78137592704e-05,0.951230567046,0.745408748446,ATR_TRAILING_STOP,10100.7,10154.461438,,0 days 07:30:00,450,7.5,SOURCE,SOURCE,SOURCE,UNAVAILABLE,DERIVED
v3,perpetual,true_oos,T3,M30,GLDRUBF,V3_TRUE_OOS,TradingSystemLab/results/perpetual_v3/true_oos/T3/M30/trades.csv,270,T3-M30-GLDRUBF-000063,v3|true_oos|T3|M30|GLDRUBF|TradingSystemLab/results/perpetual_v3/true_oos/T3/M30/trades.csv|270|T3-M30-GLDRUBF-000063,SHORT,2026-05-28 09:00:00+03:00,2026-05-28 16:30:00+03:00,2026-05-28,2026-05-28,2026,5,2026,5,3,3,9,16,-0.190761553895,-0.190733150696,2.84031989954e-05,0.190704747497,1.21139643716,ATR_TRAILING_STOP,10030,10043.4283992,,0 days 07:30:00,450,7.5,SOURCE,SOURCE,SOURCE,UNAVAILABLE,DERIVED
v3,perpetual,true_oos,T3,M30,GLDRUBF,V3_TRUE_OOS,TradingSystemLab/results/perpetual_v3/true_oos/T3/M30/trades.csv,282,T3-M30-GLDRUBF-000064,v3|true_oos|T3|M30|GLDRUBF|TradingSystemLab/results/perpetual_v3/true_oos/T3/M30/trades.csv|282|T3-M30-GLDRUBF-000064,SHORT,2026-06-09 12:00:00+03:00,2026-06-09 14:30:00+03:00,2026-06-09,2026-06-09,2026,6,2026,6,1,1,12,14,-1.00005724253,-1.00002862127,2.86212663839e-05,1,0.08872592579,ATR_TRAILING_STOP,9912.5,9982.37810998,,0 days 02:30:00,150,2.5,SOURCE,SOURCE,SOURCE,UNAVAILABLE,DERIVED
v3,perpetual,true_oos,T3,M30,GLDRUBF,V3_TRUE_OOS,TradingSystemLab/results/perpetual_v3/true_oos/T3/M30/trades.csv,285,T3-M30-GLDRUBF-000065,v3|true_oos|T3|M30|GLDRUBF|TradingSystemLab/results/perpetual_v3/true_oos/T3/M30/trades.csv|285|T3-M30-GLDRUBF-000065,SHORT,2026-06-09 18:00:00+03:00,2026-06-11 21:00:00+03:00,2026-06-09,2026-06-11,2026,6,2026,6,1,3,18,21,4.84943021932,4.84945217674,2.19574187006e-05,0,6.26445155528,ATR_TRAILING_STOP,9890,9448.2837673,,2 days 03:00:00,3060,51,SOURCE,SOURCE,SOURCE,UNAVAILABLE,DERIVED
v3,perpetual,true_oos,T3,M30,GLDRUBF,V3_TRUE_OOS,TradingSystemLab/results/perpetual_v3/true_oos/T3/M30/trades.csv,289,T3-M30-GLDRUBF-000066,v3|true_oos|T3|M30|GLDRUBF|TradingSystemLab/results/perpetual_v3/true_oos/T3/M30/trades.csv|289|T3-M30-GLDRUBF-000066,SHORT,2026-06-19 09:00:00+03:00,2026-06-19 16:00:00+03:00,2026-06-19,2026-06-19,2026,6,2026,6,4,4,9,16,-0.465774385029,-0.46575223984,2.21451891692e-05,0.806084885759,0.937848761316,ATR_TRAILING_STOP,9718,9760.06151423,,0 days 07:00:00,420,7,SOURCE,SOURCE,SOURCE,UNAVAILABLE,DERIVED
v3,perpetual,true_oos,T3,M30,GLDRUBF,V3_TRUE_OOS,TradingSystemLab/results/perpetual_v3/true_oos/T3/M30/trades.csv,295,T3-M30-GLDRUBF-000067,v3|true_oos|T3|M30|GLDRUBF|TradingSystemLab/results/perpetual_v3/true_oos/T3/M30/trades.csv|295|T3-M30-GLDRUBF-000067,SHORT,2026-06-23 11:00:00+03:00,2026-06-24 10:30:00+03:00,2026-06-23,2026-06-24,2026,6,2026,6,1,2,11,10,0.00824797222208,0.0082731419506,2.51697285177e-05,0.734956072718,1.25974491231,ATR_TRAILING_STOP,9781.6,9780.94061175,,0 days 23:30:00,1410,23.5,SOURCE,SOURCE,SOURCE,UNAVAILABLE,DERIVED
v3,perpetual,true_oos,T3,M30,GLDRUBF,V3_TRUE_OOS,TradingSystemLab/results/perpetual_v3/true_oos/T3/M30/trades.csv,296,T3-M30-GLDRUBF-000068,v3|true_oos|T3|M30|GLDRUBF|TradingSystemLab/results/perpetual_v3/true_oos/T3/M30/trades.csv|296|T3-M30-GLDRUBF-000068,SHORT,2026-06-24 16:00:00+03:00,2026-06-24 17:00:00+03:00,2026-06-24,2026-06-24,2026,6,2026,6,2,2,16,17,-1.00004982737,-1.00002491368,2.49136840224e-05,1,0.503256417253,ATR_TRAILING_STOP,9540.5,9620.77716809,,0 days 01:00:00,60,1,SOURCE,SOURCE,SOURCE,UNAVAILABLE,DERIVED
v3,perpetual,true_oos,T3,M30,GLDRUBF,V3_TRUE_OOS,TradingSystemLab/results/perpetual_v3/true_oos/T3/M30/trades.csv,302,T3-M30-GLDRUBF-000069,v3|true_oos|T3|M30|GLDRUBF|TradingSystemLab/results/perpetual_v3/true_oos/T3/M30/trades.csv|302|T3-M30-GLDRUBF-000069,LONG,2026-06-26 14:00:00+03:00,2026-06-26 19:30:00+03:00,2026-06-26,2026-06-26,2026,6,2026,6,4,4,14,19,0.541533107082,0.541552463402,1.93563192529e-05,0.668760830187,2.2695284324,ATR_TRAILING_STOP,10069.3,10125.2581409,,0 days 05:30:00,330,5.5,SOURCE,SOURCE,SOURCE,UNAVAILABLE,DERIVED
v3,perpetual,true_oos,T3,M30,GLDRUBF,V3_TRUE_OOS,TradingSystemLab/results/perpetual_v3/true_oos/T3/M30/trades.csv,303,T3-M30-GLDRUBF-000070,v3|true_oos|T3|M30|GLDRUBF|TradingSystemLab/results/perpetual_v3/true_oos/T3/M30/trades.csv|303|T3-M30-GLDRUBF-000070,LONG,2026-06-30 14:00:00+03:00,2026-07-01 09:00:00+03:00,2026-06-30,2026-07-01,2026,6,2026,7,1,2,14,9,-0.138681095606,-0.138660707324,2.0388282212e-05,0.444464552222,1.11116138055,ATR_TRAILING_STOP,10064.6,10051,,0 days 19:00:00,1140,19,SOURCE,SOURCE,SOURCE,UNAVAILABLE,DERIVED
v3,perpetual,true_oos,T3,M30,GLDRUBF,V3_TRUE_OOS,TradingSystemLab/results/perpetual_v3/true_oos/T3/M30/trades.csv,307,T3-M30-GLDRUBF-000071,v3|true_oos|T3|M30|GLDRUBF|TradingSystemLab/results/perpetual_v3/true_oos/T3/M30/trades.csv|307|T3-M30-GLDRUBF-000071,LONG,2026-07-03 18:00:00+03:00,2026-07-05 19:00:00+03:00,2026-07-03,2026-07-05,2026,7,2026,7,4,6,18,19,0.290056651528,0.29007901178,2.23602525562e-05,0.215776437167,0.709938018659,ATR_TRAILING_STOP,10374.5,10400.4479513,,2 days 01:00:00,2940,49,SOURCE,SOURCE,SOURCE,UNAVAILABLE,DERIVED
v3,perpetual,true_oos,T3,M30,GLDRUBF,V3_TRUE_OOS,TradingSystemLab/results/perpetual_v3/true_oos/T3/M30/trades.csv,308,T3-M30-GLDRUBF-000072,v3|true_oos|T3|M30|GLDRUBF|TradingSystemLab/results/perpetual_v3/true_oos/T3/M30/trades.csv|308|T3-M30-GLDRUBF-000072,SHORT,2026-07-08 12:00:00+03:00,2026-07-08 15:30:00+03:00,2026-07-08,2026-07-08,2026,7,2026,7,2,2,12,15,-1.00003679818,-1.00001839909,1.83990910702e-05,1,0.274146456946,ATR_TRAILING_STOP,9933.9,10042.6010218,,0 days 03:30:00,210,3.5,SOURCE,SOURCE,SOURCE,UNAVAILABLE,DERIVED
v3,perpetual,true_oos,T3,M30,GLDRUBF,V3_TRUE_OOS,TradingSystemLab/results/perpetual_v3/true_oos/T3/M30/trades.csv,309,T3-M30-GLDRUBF-000073,v3|true_oos|T3|M30|GLDRUBF|TradingSystemLab/results/perpetual_v3/true_oos/T3/M30/trades.csv|309|T3-M30-GLDRUBF-000073,SHORT,2026-07-08 18:30:00+03:00,2026-07-08 20:00:00+03:00,2026-07-08,2026-07-08,2026,7,2026,7,2,2,18,20,-1.00003936552,-1.00001968276,1.96827595149e-05,1,0.236193114178,ATR_TRAILING_STOP,9886.2,9987.81176833,,0 days 01:30:00,90,1.5,SOURCE,SOURCE,SOURCE,UNAVAILABLE,DERIVED
v3,perpetual,true_oos,T3,M30,GLDRUBF,V3_TRUE_OOS,TradingSystemLab/results/perpetual_v3/true_oos/T3/M30/trades.csv,315,T3-M30-GLDRUBF-000074,v3|true_oos|T3|M30|GLDRUBF|TradingSystemLab/results/perpetual_v3/true_oos/T3/M30/trades.csv|315|T3-M30-GLDRUBF-000074,LONG,2026-07-21 10:00:00+03:00,2026-07-21 10:30:00+03:00,2026-07-21,2026-07-21,2026,7,2026,7,1,1,10,10,-1.00006643257,-1.00003321629,3.32162874491e-05,1,0,ATR_TRAILING_STOP,10308.6,10248.388575,,0 days 00:30:00,30,0.5,SOURCE,SOURCE,SOURCE,UNAVAILABLE,DERIVED
v3,perpetual,true_oos,T3,M30,GLDRUBF,V3_TRUE_OOS,TradingSystemLab/results/perpetual_v3/true_oos/T3/M30/trades.csv,316,T3-M30-GLDRUBF-000075,v3|true_oos|T3|M30|GLDRUBF|TradingSystemLab/results/perpetual_v3/true_oos/T3/M30/trades.csv|316|T3-M30-GLDRUBF-000075,LONG,2026-07-22 07:00:00+03:00,2026-07-22 10:30:00+03:00,2026-07-22,2026-07-22,2026,7,2026,7,2,2,7,10,-0.824481786372,-0.824449644142,3.21422299701e-05,0.824417501912,0.65570149139,ATR_TRAILING_STOP,10348.4,10297.1019101,,0 days 03:30:00,210,3.5,SOURCE,SOURCE,SOURCE,UNAVAILABLE,DERIVED
v3,perpetual,true_oos,T3,M30,GLDRUBF,V3_TRUE_OOS,TradingSystemLab/results/perpetual_v3/true_oos/T3/M30/trades.csv,317,T3-M30-GLDRUBF-000076,v3|true_oos|T3|M30|GLDRUBF|TradingSystemLab/results/perpetual_v3/true_oos/T3/M30/trades.csv|317|T3-M30-GLDRUBF-000076,LONG,2026-07-22 17:00:00+03:00,2026-07-22 22:00:00+03:00,2026-07-22,2026-07-22,2026,7,2026,7,2,2,17,22,-1.00005858056,-1.00002929028,2.9290278846e-05,1,0.247502856249,ATR_TRAILING_STOP,10396.8,10328.5179597,,0 days 05:00:00,300,5,SOURCE,SOURCE,SOURCE,UNAVAILABLE,DERIVED
v3,perpetual,true_oos,T3,M30,GLDRUBF,V3_TRUE_OOS,TradingSystemLab/results/perpetual_v3/true_oos/T3/M30/trades.csv,321,T3-M30-GLDRUBF-000077,v3|true_oos|T3|M30|GLDRUBF|TradingSystemLab/results/perpetual_v3/true_oos/T3/M30/trades.csv|321|T3-M30-GLDRUBF-000077,LONG,2026-07-29 22:00:00+03:00,2026-07-29 23:00:00+03:00,2026-07-29,2026-07-29,2026,7,2026,7,2,2,22,23,-1.00004709807,-1.00002354904,2.35490368038e-05,1,0.262571760363,ATR_TRAILING_STOP,10474.4,10389.4708364,,0 days 01:00:00,60,1,SOURCE,SOURCE,SOURCE,UNAVAILABLE,DERIVED
v3,perpetual,true_oos,T3,M30,GLDRUBF,V3_TRUE_OOS,TradingSystemLab/results/perpetual_v3/true_oos/T3/M30/trades.csv,328,T3-M30-GLDRUBF-000078,v3|true_oos|T3|M30|GLDRUBF|TradingSystemLab/results/perpetual_v3/true_oos/T3/M30/trades.csv|328|T3-M30-GLDRUBF-000078,LONG,2026-08-05 08:30:00+03:00,2026-08-06 16:30:00+03:00,2026-08-05,2026-08-06,2026,8,2026,8,2,3,8,16,5.33500164701,5.33503137072,2.97237091275e-05,0.0222927818456,6.80970176111,ATR_TRAILING_STOP,10685,11043.9768068,,1 days 08:00:00,1920,32,SOURCE,SOURCE,SOURCE,UNAVAILABLE,DERIVED
v3,perpetual,true_oos,T3,M30,GLDRUBF,V3_TRUE_OOS,TradingSystemLab/results/perpetual_v3/true_oos/T3/M30/trades.csv,330,T3-M30-GLDRUBF-000079,v3|true_oos|T3|M30|GLDRUBF|TradingSystemLab/results/perpetual_v3/true_oos/T3/M30/trades.csv|330|T3-M30-GLDRUBF-000079,LONG,2026-08-07 09:00:00+03:00,2026-08-10 07:30:00+03:00,2026-08-07,2026-08-10,2026,8,2026,8,4,0,9,7,3.75300732296,3.75303343044,2.61074752475e-05,0.197111438119,4.21766262623,ATR_TRAILING_STOP,11175.9,11463.4084245,,2 days 22:30:00,4230,70.5,SOURCE,SOURCE,SOURCE,UNAVAILABLE,DERIVED
v3,perpetual,true_oos,T3,M30,GLDRUBF,V3_TRUE_OOS,TradingSystemLab/results/perpetual_v3/true_oos/T3/M30/trades.csv,334,T3-M30-GLDRUBF-000080,v3|true_oos|T3|M30|GLDRUBF|TradingSystemLab/results/perpetual_v3/true_oos/T3/M30/trades.csv|334|T3-M30-GLDRUBF-000080,LONG,2026-08-12 11:00:00+03:00,2026-08-12 16:00:00+03:00,2026-08-12,2026-08-12,2026,8,2026,8,2,2,11,16,-0.343114934818,-0.34308512409,2.98107282277e-05,0.343055313362,1.05977138849,ATR_TRAILING_STOP,11647.4,11624.3844392,,0 days 05:00:00,300,5,SOURCE,SOURCE,SOURCE,UNAVAILABLE,DERIVED
v3,perpetual,true_oos,T3,M30,GLDRUBF,V3_TRUE_OOS,TradingSystemLab/results/perpetual_v3/true_oos/T3/M30/trades.csv,335,T3-M30-GLDRUBF-000081,v3|true_oos|T3|M30|GLDRUBF|TradingSystemLab/results/perpetual_v3/true_oos/T3/M30/trades.csv|335|T3-M30-GLDRUBF-000081,LONG,2026-08-12 16:00:00+03:00,2026-08-13 07:30:00+03:00,2026-08-12,2026-08-13,2026,8,2026,8,2,3,16,7,-0.609097072408,-0.609071532098,2.55403102943e-05,0.771317370888,0.526130392062,ATR_TRAILING_STOP,11723.4,11675.7070797,,0 days 15:30:00,930,15.5,SOURCE,SOURCE,SOURCE,UNAVAILABLE,DERIVED
v3,perpetual,true_oos,T3,M30,GLDRUBF,V3_TRUE_OOS,TradingSystemLab/results/perpetual_v3/true_oos/T3/M30/trades.csv,336,T3-M30-GLDRUBF-000082,v3|true_oos|T3|M30|GLDRUBF|TradingSystemLab/results/perpetual_v3/true_oos/T3/M30/trades.csv|336|T3-M30-GLDRUBF-000082,LONG,2026-08-13 13:00:00+03:00,2026-08-13 19:30:00+03:00,2026-08-13,2026-08-13,2026,8,2026,8,3,3,13,19,-0.954268122807,-0.954240167613,2.79551934379e-05,0.95421221242,0.50878452057,ATR_TRAILING_STOP,11768.6,11700.3327412,,0 days 06:30:00,390,6.5,SOURCE,SOURCE,SOURCE,UNAVAILABLE,DERIVED
v3,perpetual,true_oos,T3,M30,GLDRUBF,V3_TRUE_OOS,TradingSystemLab/results/perpetual_v3/true_oos/T3/M30/trades.csv,344,T3-M30-GLDRUBF-000083,v3|true_oos|T3|M30|GLDRUBF|TradingSystemLab/results/perpetual_v3/true_oos/T3/M30/trades.csv|344|T3-M30-GLDRUBF-000083,LONG,2026-08-14 17:00:00+03:00,2026-08-17 22:00:00+03:00,2026-08-14,2026-08-17,2026,8,2026,8,4,0,17,22,2.10941537483,2.10943906746,2.3692628293e-05,0.463190883128,3.31104480395,ATR_TRAILING_STOP,11819.2,11997.2691221,,3 days 05:00:00,4620,77,SOURCE,SOURCE,SOURCE,UNAVAILABLE,DERIVED
v3,perpetual,true_oos,T3,M30,GLDRUBF,V3_TRUE_OOS,TradingSystemLab/results/perpetual_v3/true_oos/T3/M30/trades.csv,345,T3-M30-GLDRUBF-000084,v3|true_oos|T3|M30|GLDRUBF|TradingSystemLab/results/perpetual_v3/true_oos/T3/M30/trades.csv|345|T3-M30-GLDRUBF-000084,LONG,2026-08-19 16:00:00+03:00,2026-08-19 19:00:00+03:00,2026-08-19,2026-08-19,2026,8,2026,8,2,2,16,19,-0.696676826958,-0.696654547138,2.22798201349e-05,0.696632267318,1.00481988809,ATR_TRAILING_STOP,12039.8,11977.2651803,,0 days 03:00:00,180,3,SOURCE,SOURCE,SOURCE,UNAVAILABLE,DERIVED
v3,perpetual,true_oos,T3,M30,GLDRUBF,V3_TRUE_OOS,TradingSystemLab/results/perpetual_v3/true_oos/T3/M30/trades.csv,346,T3-M30-GLDRUBF-000085,v3|true_oos|T3|M30|GLDRUBF|TradingSystemLab/results/perpetual_v3/true_oos/T3/M30/trades.csv|346|T3-M30-GLDRUBF-000085,LONG,2026-08-21 10:00:00+03:00,2026-08-23 19:00:00+03:00,2026-08-21,2026-08-23,2026,8,2026,8,4,6,10,19,1.76336249651,1.7633847766,2.22800985469e-05,0.477908113831,2.1266354063,ATR_TRAILING_STOP,12091.2,12249.4943678,,2 days 09:00:00,3420,57,SOURCE,SOURCE,SOURCE,UNAVAILABLE,DERIVED
v3,perpetual,true_oos,T3,M30,GLDRUBF,V3_TRUE_OOS,TradingSystemLab/results/perpetual_v3/true_oos/T3/M30/trades.csv,351,T3-M30-GLDRUBF-000086,v3|true_oos|T3|M30|GLDRUBF|TradingSystemLab/results/perpetual_v3/true_oos/T3/M30/trades.csv|351|T3-M30-GLDRUBF-000086,LONG,2026-08-27 14:00:00+03:00,2026-08-27 17:30:00+03:00,2026-08-27,2026-08-27,2026,8,2026,8,3,3,14,17,-0.53430646484,-0.534278239244,2.82255963511e-05,0.534250013647,1.03870194572,ATR_TRAILING_STOP,12589.7,12551.8442887,,0 days 03:30:00,210,3.5,SOURCE,SOURCE,SOURCE,UNAVAILABLE,DERIVED
v3,perpetual,true_oos,T3,M30,GLDRUBF,V3_TRUE_OOS,TradingSystemLab/results/perpetual_v3/true_oos/T3/M30/trades.csv,356,T3-M30-GLDRUBF-000087,v3|true_oos|T3|M30|GLDRUBF|TradingSystemLab/results/perpetual_v3/true_oos/T3/M30/trades.csv|356|T3-M30-GLDRUBF-000087,SHORT,2026-09-01 16:30:00+03:00,2026-09-01 17:00:00+03:00,2026-09-01,2026-09-01,2026,9,2026,9,1,1,16,17,-1.00003827861,-1.0000191393,1.91393027114e-05,1,0,ATR_TRAILING_STOP,12016.8,12121.2970149,,0 days 00:30:00,30,0.5,SOURCE,SOURCE,SOURCE,UNAVAILABLE,DERIVED
v3,perpetual,true_oos,T3,M30,GLDRUBF,V3_TRUE_OOS,TradingSystemLab/results/perpetual_v3/true_oos/T3/M30/trades.csv,360,T3-M30-GLDRUBF-000088,v3|true_oos|T3|M30|GLDRUBF|TradingSystemLab/results/perpetual_v3/true_oos/T3/M30/trades.csv|360|T3-M30-GLDRUBF-000088,SHORT,2026-09-01 22:00:00+03:00,2026-09-02 09:00:00+03:00,2026-09-01,2026-09-02,2026,9,2026,9,1,2,22,9,0.143329326737,0.143350626416,2.1299679054e-05,0.158682608952,1.50588730912,ATR_TRAILING_STOP,11991.4,11977.9376445,,0 days 11:00:00,660,11,SOURCE,SOURCE,SOURCE,UNAVAILABLE,DERIVED
v3,perpetual,true_oos,T3,M30,GLDRUBF,V3_TRUE_OOS,TradingSystemLab/results/perpetual_v3/true_oos/T3/M30/trades.csv,363,T3-M30-GLDRUBF-000089,v3|true_oos|T3|M30|GLDRUBF|TradingSystemLab/results/perpetual_v3/true_oos/T3/M30/trades.csv|363|T3-M30-GLDRUBF-000089,LONG,2026-09-03 08:00:00+03:00,2026-09-03 10:30:00+03:00,2026-09-03,2026-09-03,2026,9,2026,9,3,3,8,10,-1.00004692153,-1.00002346077,2.34607658694e-05,1,0.0914969868906,ATR_TRAILING_STOP,12369.7,12284.4512911,,0 days 02:30:00,150,2.5,SOURCE,SOURCE,SOURCE,UNAVAILABLE,DERIVED
v3,perpetual,true_oos,T3,M30,GLDRUBF,V3_TRUE_OOS,TradingSystemLab/results/perpetual_v3/true_oos/T3/M30/trades.csv,364,T3-M30-GLDRUBF-000090,v3|true_oos|T3|M30|GLDRUBF|TradingSystemLab/results/perpetual_v3/true_oos/T3/M30/trades.csv|364|T3-M30-GLDRUBF-000090,LONG,2026-09-03 16:00:00+03:00,2026-09-03 20:30:00+03:00,2026-09-03,2026-09-03,2026,9,2026,9,3,3,16,20,-0.982650149845,-0.982631331967,1.88178773798e-05,0.98261251409,0.477033191578,ATR_TRAILING_STOP,12437.3,12332.8660626,,0 days 04:30:00,270,4.5,SOURCE,SOURCE,SOURCE,UNAVAILABLE,DERIVED
v3,perpetual,true_oos,T3,M30,GLDRUBF,V3_TRUE_OOS,TradingSystemLab/results/perpetual_v3/true_oos/T3/M30/trades.csv,368,T3-M30-GLDRUBF-000091,v3|true_oos|T3|M30|GLDRUBF|TradingSystemLab/results/perpetual_v3/true_oos/T3/M30/trades.csv|368|T3-M30-GLDRUBF-000091,SHORT,2026-09-10 12:00:00+03:00,2026-09-11 09:00:00+03:00,2026-09-10,2026-09-11,2026,9,2026,9,3,4,12,9,1.76466553001,1.76468987732,2.43473103543e-05,0.322601862195,3.29784318749,ATR_TRAILING_STOP,11884,11739.038261,,0 days 21:00:00,1260,21,SOURCE,SOURCE,SOURCE,UNAVAILABLE,DERIVED
v3,perpetual,true_oos,T3,M30,IMOEXF,V3_TRUE_OOS,TradingSystemLab/results/perpetual_v3/true_oos/T3/M30/trades.csv,10,T3-M30-IMOEXF-000001,v3|true_oos|T3|M30|IMOEXF|TradingSystemLab/results/perpetual_v3/true_oos/T3/M30/trades.csv|10|T3-M30-IMOEXF-000001,LONG,2025-02-05 22:00:00+03:00,2025-02-07 12:00:00+03:00,2025-02-05,2025-02-07,2025,2,2025,2,2,4,22,12,0.585896209802,0.58600446916,0.000108259357681,0.405972591304,1.51563100754,ATR_TRAILING_STOP,2961,2971.82793656,,1 days 14:00:00,2280,38,SOURCE,SOURCE,SOURCE,UNAVAILABLE,DERIVED
v3,perpetual,true_oos,T3,M30,IMOEXF,V3_TRUE_OOS,TradingSystemLab/results/perpetual_v3/true_oos/T3/M30/trades.csv,12,T3-M30-IMOEXF-000002,v3|true_oos|T3|M30|IMOEXF|TradingSystemLab/results/perpetual_v3/true_oos/T3/M30/trades.csv|12|T3-M30-IMOEXF-000002,LONG,2025-02-11 22:00:00+03:00,2025-02-12 15:30:00+03:00,2025-02-11,2025-02-12,2025,2,2025,2,1,2,22,15,0.968715776155,0.96884783115,0.000132054995634,0.165068744543,2.3109624236,ATR_TRAILING_STOP,3026.5,3041.17539916,,0 days 17:30:00,1050,17.5,SOURCE,SOURCE,SOURCE,UNAVAILABLE,DERIVED
v3,perpetual,true_oos,T3,M30,IMOEXF,V3_TRUE_OOS,TradingSystemLab/results/perpetual_v3/true_oos/T3/M30/trades.csv,17,T3-M30-IMOEXF-000003,v3|true_oos|T3|M30|IMOEXF|TradingSystemLab/results/perpetual_v3/true_oos/T3/M30/trades.csv|17|T3-M30-IMOEXF-000003,LONG,2025-02-12 20:00:00+03:00,2025-02-13 11:00:00+03:00,2025-02-12,2025-02-13,2025,2,2025,2,2,3,20,11,3.97536444815,3.97543945786,7.50097069351e-05,0,6.78837847763,ATR_TRAILING_STOP,3071.5,3177.5,,0 days 15:00:00,900,15,SOURCE,SOURCE,SOURCE,UNAVAILABLE,DERIVED
v3,perpetual,true_oos,T3,M30,IMOEXF,V3_TRUE_OOS,TradingSystemLab/results/perpetual_v3/true_oos/T3/M30/trades.csv,19,T3-M30-IMOEXF-000004,v3|true_oos|T3|M30|IMOEXF|TradingSystemLab/results/perpetual_v3/true_oos/T3/M30/trades.csv|19|T3-M30-IMOEXF-000004,LONG,2025-02-13 23:30:00+03:00,2025-02-14 14:00:00+03:00,2025-02-13,2025-02-14,2025,2,2025,2,3,4,23,14,-0.670067131184,-0.670008267376,5.8863807415e-05,0.669949403569,0.912389014932,ATR_TRAILING_STOP,3263.5,3240.73730649,,0 days 14:30:00,870,14.5,SOURCE,SOURCE,SOURCE,UNAVAILABLE,DERIVED
v3,perpetual,true_oos,T3,M30,IMOEXF,V3_TRUE_OOS,TradingSystemLab/results/perpetual_v3/true_oos/T3/M30/trades.csv,20,T3-M30-IMOEXF-000005,v3|true_oos|T3|M30|IMOEXF|TradingSystemLab/results/perpetual_v3/true_oos/T3/M30/trades.csv|20|T3-M30-IMOEXF-000005,LONG,2025-02-17 13:30:00+03:00,2025-02-18 10:00:00+03:00,2025-02-17,2025-02-18,2025,2,2025,2,0,1,13,10,1.05247161869,1.05252914075,5.75220593064e-05,0.445795959625,2.20021876847,ATR_TRAILING_STOP,3286.5,3323.09766968,,0 days 20:30:00,1230,20.5,SOURCE,SOURCE,SOURCE,UNAVAILABLE,DERIVED
v3,perpetual,true_oos,T3,M30,IMOEXF,V3_TRUE_OOS,TradingSystemLab/results/perpetual_v3/true_oos/T3/M30/trades.csv,21,T3-M30-IMOEXF-000006,v3|true_oos|T3|M30|IMOEXF|TradingSystemLab/results/perpetual_v3/true_oos/T3/M30/trades.csv|21|T3-M30-IMOEXF-000006,LONG,2025-02-19 18:00:00+03:00,2025-02-20 18:30:00+03:00,2025-02-19,2025-02-20,2025,2,2025,2,2,3,18,18,0.0455159181671,0.0455703612623,5.444309511e-05,0.503598629767,1.25219118753,ATR_TRAILING_STOP,3293,3294.67605476,,1 days 00:30:00,1470,24.5,SOURCE,SOURCE,SOURCE,UNAVAILABLE,DERIVED
v3,perpetual,true_oos,T3,M30,IMOEXF,V3_TRUE_OOS,TradingSystemLab/results/perpetual_v3/true_oos/T3/M30/trades.csv,26,T3-M30-IMOEXF-000007,v3|true_oos|T3|M30|IMOEXF|TradingSystemLab/results/perpetual_v3/true_oos/T3/M30/trades.csv|26|T3-M30-IMOEXF-000007,SHORT,2025-03-03 11:30:00+03:00,2025-03-03 22:30:00+03:00,2025-03-03,2025-03-03,2025,3,2025,3,0,0,11,22,-0.788484897165,-0.78844337272,4.1524444968e-05,0.788401848275,0.342576670986,ATR_TRAILING_STOP,3147,3184.97290241,,0 days 11:00:00,660,11,SOURCE,SOURCE,SOURCE,UNAVAILABLE,DERIVED
v3,perpetual,true_oos,T3,M30,IMOEXF,V3_TRUE_OOS,TradingSystemLab/results/perpetual_v3/true_oos/T3/M30/trades.csv,38,T3-M30-IMOEXF-000008,v3|true_oos|T3|M30|IMOEXF|TradingSystemLab/results/perpetual_v3/true_oos/T3/M30/trades.csv|38|T3-M30-IMOEXF-000008,SHORT,2025-03-27 10:30:00+03:00,2025-03-28 10:30:00+03:00,2025-03-27,2025-03-28,2025,3,2025,3,3,4,10,10,2.10582731862,2.1059261395,9.88208837309e-05,0.54351486052,3.77989880271,ATR_TRAILING_STOP,3120.5,3077.87692518,,1 days 00:00:00,1440,24,SOURCE,SOURCE,SOURCE,UNAVAILABLE,DERIVED
v3,perpetual,true_oos,T3,M30,IMOEXF,V3_TRUE_OOS,TradingSystemLab/results/perpetual_v3/true_oos/T3/M30/trades.csv,41,T3-M30-IMOEXF-000009,v3|true_oos|T3|M30|IMOEXF|TradingSystemLab/results/perpetual_v3/true_oos/T3/M30/trades.csv|41|T3-M30-IMOEXF-000009,SHORT,2025-03-28 14:30:00+03:00,2025-03-31 14:30:00+03:00,2025-03-28,2025-03-31,2025,3,2025,3,4,0,14,14,0.252149217366,0.252220945623,7.17282561972e-05,0.304845088838,1.90079878923,ATR_TRAILING_STOP,3028,3020.96531974,,3 days 00:00:00,4320,72,SOURCE,SOURCE,SOURCE,UNAVAILABLE,DERIVED
v3,perpetual,true_oos,T3,M30,IMOEXF,V3_TRUE_OOS,TradingSystemLab/results/perpetual_v3/true_oos/T3/M30/trades.csv,42,T3-M30-IMOEXF-000010,v3|true_oos|T3|M30|IMOEXF|TradingSystemLab/results/perpetual_v3/true_oos/T3/M30/trades.csv|42|T3-M30-IMOEXF-000010,SHORT,2025-04-01 21:30:00+03:00,2025-04-02 16:30:00+03:00,2025-04-01,2025-04-02,2025,4,2025,4,1,2,21,16,-0.503263901704,-0.503204767906,5.91337982931e-05,0.503145634108,0.753955928238,ATR_TRAILING_STOP,2941.5,2958.51719317,,0 days 19:00:00,1140,19,SOURCE,SOURCE,SOURCE,UNAVAILABLE,DERIVED
v3,perpetual,true_oos,T3,M30,IMOEXF,V3_TRUE_OOS,TradingSystemLab/results/perpetual_v3/true_oos/T3/M30/trades.csv,43,T3-M30-IMOEXF-000011,v3|true_oos|T3|M30|IMOEXF|TradingSystemLab/results/perpetual_v3/true_oos/T3/M30/trades.csv|43|T3-M30-IMOEXF-000011,SHORT,2025-04-03 17:30:00+03:00,2025-04-04 00:00:00+03:00,2025-04-03,2025-04-04,2025,4,2025,4,3,4,17,0,-0.347397410414,-0.347344118435,5.3291979169e-05,0.347290826456,0.919286640665,ATR_TRAILING_STOP,2886,2899.03351205,,0 days 06:30:00,390,6.5,SOURCE,SOURCE,SOURCE,UNAVAILABLE,DERIVED
v3,perpetual,true_oos,T3,M30,IMOEXF,V3_TRUE_OOS,TradingSystemLab/results/perpetual_v3/true_oos/T3/M30/trades.csv,44,T3-M30-IMOEXF-000012,v3|true_oos|T3|M30|IMOEXF|TradingSystemLab/results/perpetual_v3/true_oos/T3/M30/trades.csv|44|T3-M30-IMOEXF-000012,SHORT,2025-04-04 13:30:00+03:00,2025-04-07 11:00:00+03:00,2025-04-04,2025-04-07,2025,4,2025,4,4,0,13,11,3.40049253739,3.40054957859,5.70412059073e-05,0.128342713292,5.4189145612,ATR_TRAILING_STOP,2833,2713.76666453,,2 days 21:30:00,4170,69.5,SOURCE,SOURCE,SOURCE,UNAVAILABLE,DERIVED
v3,perpetual,true_oos,T3,M30,IMOEXF,V3_TRUE_OOS,TradingSystemLab/results/perpetual_v3/true_oos/T3/M30/trades.csv,45,T3-M30-IMOEXF-000013,v3|true_oos|T3|M30|IMOEXF|TradingSystemLab/results/perpetual_v3/true_oos/T3/M30/trades.csv|45|T3-M30-IMOEXF-000013,SHORT,2025-04-08 20:00:00+03:00,2025-04-09 17:00:00+03:00,2025-04-08,2025-04-09,2025,4,2025,4,1,2,20,17,0.598053619427,0.598100539121,4.69196941773e-05,0.86801434228,2.09965631443,ATR_TRAILING_STOP,2692.5,2667.00335219,,0 days 21:00:00,1260,21,SOURCE,SOURCE,SOURCE,UNAVAILABLE,DERIVED
v3,perpetual,true_oos,T3,M30,IMOEXF,V3_TRUE_OOS,TradingSystemLab/results/perpetual_v3/true_oos/T3/M30/trades.csv,52,T3-M30-IMOEXF-000014,v3|true_oos|T3|M30|IMOEXF|TradingSystemLab/results/perpetual_v3/true_oos/T3/M30/trades.csv|52|T3-M30-IMOEXF-000014,LONG,2025-04-28 14:30:00+03:00,2025-04-28 20:30:00+03:00,2025-04-28,2025-04-28,2025,4,2025,4,0,0,14,20,-0.828471718872,-0.828417199593,5.45192788341e-05,0.828362680314,0.395264771547,ATR_TRAILING_STOP,3053.5,3023.11211894,,0 days 06:00:00,360,6,SOURCE,SOURCE,SOURCE,UNAVAILABLE,DERIVED
v3,perpetual,true_oos,T3,M30,IMOEXF,V3_TRUE_OOS,TradingSystemLab/results/perpetual_v3/true_oos/T3/M30/trades.csv,53,T3-M30-IMOEXF-000015,v3|true_oos|T3|M30|IMOEXF|TradingSystemLab/results/perpetual_v3/true_oos/T3/M30/trades.csv|53|T3-M30-IMOEXF-000015,SHORT,2025-04-30 12:00:00+03:00,2025-04-30 13:30:00+03:00,2025-04-30,2025-04-30,2025,4,2025,4,2,2,12,13,-1.00014721506,-1.00007360753,7.36075289464e-05,1,0.368037644732,ATR_TRAILING_STOP,2900,2927.17113356,,0 days 01:30:00,90,1.5,SOURCE,SOURCE,SOURCE,UNAVAILABLE,DERIVED
v3,perpetual,true_oos,T3,M30,IMOEXF,V3_TRUE_OOS,TradingSystemLab/results/perpetual_v3/true_oos/T3/M30/trades.csv,57,T3-M30-IMOEXF-000016,v3|true_oos|T3|M30|IMOEXF|TradingSystemLab/results/perpetual_v3/true_oos/T3/M30/trades.csv|57|T3-M30-IMOEXF-000016,SHORT,2025-05-02 09:30:00+03:00,2025-05-06 10:30:00+03:00,2025-05-02,2025-05-06,2025,5,2025,5,4,1,9,10,3.5348608324,3.53492346223,6.26298311925e-05,0.125259662385,4.72855225504,ATR_TRAILING_STOP,2882.5,2769.61494108,,4 days 01:00:00,5820,97,SOURCE,SOURCE,SOURCE,UNAVAILABLE,DERIVED
v3,perpetual,true_oos,T3,M30,IMOEXF,V3_TRUE_OOS,TradingSystemLab/results/perpetual_v3/true_oos/T3/M30/trades.csv,60,T3-M30-IMOEXF-000017,v3|true_oos|T3|M30|IMOEXF|TradingSystemLab/results/perpetual_v3/true_oos/T3/M30/trades.csv|60|T3-M30-IMOEXF-000017,SHORT,2025-05-16 16:00:00+03:00,2025-05-16 16:30:00+03:00,2025-05-16,2025-05-16,2025,5,2025,5,4,4,16,16,-1.00013248375,-1.00006624187,6.62418733257e-05,1,0,ATR_TRAILING_STOP,2796,2826.19238285,,0 days 00:30:00,30,0.5,SOURCE,SOURCE,SOURCE,UNAVAILABLE,DERIVED
v3,perpetual,true_oos,T3,M30,IMOEXF,V3_TRUE_OOS,TradingSystemLab/results/perpetual_v3/true_oos/T3/M30/trades.csv,65,T3-M30-IMOEXF-000018,v3|true_oos|T3|M30|IMOEXF|TradingSystemLab/results/perpetual_v3/true_oos/T3/M30/trades.csv|65|T3-M30-IMOEXF-000018,SHORT,2025-05-23 16:00:00+03:00,2025-05-27 10:00:00+03:00,2025-05-23,2025-05-27,2025,5,2025,5,4,1,16,10,2.51735362075,2.51744667026,9.30495139331e-05,0.953757517815,3.76850531429,ATR_TRAILING_STOP,2767.5,2713.38817043,,3 days 18:00:00,5400,90,SOURCE,SOURCE,SOURCE,UNAVAILABLE,DERIVED
v3,perpetual,true_oos,T3,M30,IMOEXF,V3_TRUE_OOS,TradingSystemLab/results/perpetual_v3/true_oos/T3/M30/trades.csv,66,T3-M30-IMOEXF-000019,v3|true_oos|T3|M30|IMOEXF|TradingSystemLab/results/perpetual_v3/true_oos/T3/M30/trades.csv|66|T3-M30-IMOEXF-000019,LONG,2025-05-29 14:00:00+03:00,2025-05-29 16:30:00+03:00,2025-05-29,2025-05-29,2025,5,2025,5,3,3,14,16,-1.0002085053,-1.00010425265,0.000104252649149,1,0.234568460584,ATR_TRAILING_STOP,2843,2823.81583522,,0 days 02:30:00,150,2.5,SOURCE,SOURCE,SOURCE,UNAVAILABLE,DERIVED
v3,perpetual,true_oos,T3,M30,IMOEXF,V3_TRUE_OOS,TradingSystemLab/results/perpetual_v3/true_oos/T3/M30/trades.csv,70,T3-M30-IMOEXF-000020,v3|true_oos|T3|M30|IMOEXF|TradingSystemLab/results/perpetual_v3/true_oos/T3/M30/trades.csv|70|T3-M30-IMOEXF-000020,SHORT,2025-06-02 14:30:00+03:00,2025-06-02 15:30:00+03:00,2025-06-02,2025-06-02,2025,6,2025,6,0,0,14,15,-1.00020767761,-1.0001038388,0.000103838803018,1,0.207677606035,ATR_TRAILING_STOP,2781.5,2800.76062264,,0 days 01:00:00,60,1,SOURCE,SOURCE,SOURCE,UNAVAILABLE,DERIVED
v3,perpetual,true_oos,T3,M30,IMOEXF,V3_TRUE_OOS,TradingSystemLab/results/perpetual_v3/true_oos/T3/M30/trades.csv,74,T3-M30-IMOEXF-000021,v3|true_oos|T3|M30|IMOEXF|TradingSystemLab/results/perpetual_v3/true_oos/T3/M30/trades.csv|74|T3-M30-IMOEXF-000021,SHORT,2025-06-24 09:30:00+03:00,2025-06-24 17:30:00+03:00,2025-06-24,2025-06-24,2025,6,2025,6,1,1,9,17,-0.731873529237,-0.73175003359,0.000123495646601,0.731626537943,0.833595614559,ATR_TRAILING_STOP,2731.5,2743.34862071,,0 days 08:00:00,480,8,SOURCE,SOURCE,SOURCE,UNAVAILABLE,DERIVED
v3,perpetual,true_oos,T3,M30,IMOEXF,V3_TRUE_OOS,TradingSystemLab/results/perpetual_v3/true_oos/T3/M30/trades.csv,75,T3-M30-IMOEXF-000022,v3|true_oos|T3|M30|IMOEXF|TradingSystemLab/results/perpetual_v3/true_oos/T3/M30/trades.csv|75|T3-M30-IMOEXF-000022,LONG,2025-06-25 18:00:00+03:00,2025-06-26 11:30:00+03:00,2025-06-25,2025-06-26,2025,6,2025,6,2,3,18,11,-0.233545624116,-0.233424133422,0.00012149069381,0.233302642729,0.789689509764,ATR_TRAILING_STOP,2790,2786.15933311,,0 days 17:30:00,1050,17.5,SOURCE,SOURCE,SOURCE,UNAVAILABLE,DERIVED
v3,perpetual,true_oos,T3,M30,IMOEXF,V3_TRUE_OOS,TradingSystemLab/results/perpetual_v3/true_oos/T3/M30/trades.csv,76,T3-M30-IMOEXF-000023,v3|true_oos|T3|M30|IMOEXF|TradingSystemLab/results/perpetual_v3/true_oos/T3/M30/trades.csv|76|T3-M30-IMOEXF-000023,LONG,2025-06-30 14:30:00+03:00,2025-07-01 12:30:00+03:00,2025-06-30,2025-07-01,2025,6,2025,7,0,1,14,12,0.491403226635,0.491530004631,0.00012677799575,0.316944989375,1.55303044794,ATR_TRAILING_STOP,2838,2845.75618481,,0 days 22:00:00,1320,22,SOURCE,SOURCE,SOURCE,UNAVAILABLE,DERIVED
v3,perpetual,true_oos,T3,M30,IMOEXF,V3_TRUE_OOS,TradingSystemLab/results/perpetual_v3/true_oos/T3/M30/trades.csv,80,T3-M30-IMOEXF-000024,v3|true_oos|T3|M30|IMOEXF|TradingSystemLab/results/perpetual_v3/true_oos/T3/M30/trades.csv|80|T3-M30-IMOEXF-000024,SHORT,2025-07-07 10:30:00+03:00,2025-07-08 11:00:00+03:00,2025-07-07,2025-07-08,2025,7,2025,7,0,1,10,11,0.828185642171,0.828319199326,0.000133557155155,0.500839331832,1.96996803854,ATR_TRAILING_STOP,2779.5,2767.0940341,,1 days 00:30:00,1470,24.5,SOURCE,SOURCE,SOURCE,UNAVAILABLE,DERIVED
v3,perpetual,true_oos,T3,M30,IMOEXF,V3_TRUE_OOS,TradingSystemLab/results/perpetual_v3/true_oos/T3/M30/trades.csv,84,T3-M30-IMOEXF-000025,v3|true_oos|T3|M30|IMOEXF|TradingSystemLab/results/perpetual_v3/true_oos/T3/M30/trades.csv|84|T3-M30-IMOEXF-000025,SHORT,2025-07-08 20:00:00+03:00,2025-07-09 22:30:00+03:00,2025-07-08,2025-07-09,2025,7,2025,7,1,2,20,22,1.3761219694,1.37624156944,0.000119600041546,0.149500051932,3.01990104902,ATR_TRAILING_STOP,2740,2716.98393493,,1 days 02:30:00,1590,26.5,SOURCE,SOURCE,SOURCE,UNAVAILABLE,DERIVED
v3,perpetual,true_oos,T3,M30,IMOEXF,V3_TRUE_OOS,TradingSystemLab/results/perpetual_v3/true_oos/T3/M30/trades.csv,87,T3-M30-IMOEXF-000026,v3|true_oos|T3|M30|IMOEXF|TradingSystemLab/results/perpetual_v3/true_oos/T3/M30/trades.csv|87|T3-M30-IMOEXF-000026,SHORT,2025-07-11 10:00:00+03:00,2025-07-14 10:30:00+03:00,2025-07-11,2025-07-14,2025,7,2025,7,4,0,10,10,4.41905253923,4.41918203367,0.000129494435404,0.388483306212,6.50709537906,ATR_TRAILING_STOP,2708.5,2640.24515161,,3 days 00:30:00,4350,72.5,SOURCE,SOURCE,SOURCE,UNAVAILABLE,DERIVED
v3,perpetual,true_oos,T3,M30,IMOEXF,V3_TRUE_OOS,TradingSystemLab/results/perpetual_v3/true_oos/T3/M30/trades.csv,91,T3-M30-IMOEXF-000027,v3|true_oos|T3|M30|IMOEXF|TradingSystemLab/results/perpetual_v3/true_oos/T3/M30/trades.csv|91|T3-M30-IMOEXF-000027,LONG,2025-07-18 17:30:00+03:00,2025-07-22 09:30:00+03:00,2025-07-18,2025-07-22,2025,7,2025,7,4,1,17,9,1.68303233039,1.68313917381,0.0001068434169,0.0801325626746,2.67108542249,ATR_TRAILING_STOP,2785,2816.50865193,,3 days 16:00:00,5280,88,SOURCE,SOURCE,SOURCE,UNAVAILABLE,DERIVED
v3,perpetual,true_oos,T3,M30,IMOEXF,V3_TRUE_OOS,TradingSystemLab/results/perpetual_v3/true_oos/T3/M30/trades.csv,96,T3-M30-IMOEXF-000028,v3|true_oos|T3|M30|IMOEXF|TradingSystemLab/results/perpetual_v3/true_oos/T3/M30/trades.csv|96|T3-M30-IMOEXF-000028,SHORT,2025-07-28 09:30:00+03:00,2025-07-28 12:30:00+03:00,2025-07-28,2025-07-28,2025,7,2025,7,0,0,9,12,-0.877632362505,-0.877515895417,0.000116467088856,0.877399428328,0.698802533138,ATR_TRAILING_STOP,2766,2781.06690752,,0 days 03:00:00,180,3,SOURCE,SOURCE,SOURCE,UNAVAILABLE,DERIVED
v3,perpetual,true_oos,T3,M30,IMOEXF,V3_TRUE_OOS,TradingSystemLab/results/perpetual_v3/true_oos/T3/M30/trades.csv,97,T3-M30-IMOEXF-000029,v3|true_oos|T3|M30|IMOEXF|TradingSystemLab/results/perpetual_v3/true_oos/T3/M30/trades.csv|97|T3-M30-IMOEXF-000029,SHORT,2025-07-28 15:30:00+03:00,2025-07-29 10:30:00+03:00,2025-07-28,2025-07-29,2025,7,2025,7,0,1,15,10,-0.54245138911,-0.542364331531,8.70575789401e-05,0.739989420991,0.435287894701,ATR_TRAILING_STOP,2738.5,2750.95789926,,0 days 19:00:00,1140,19,SOURCE,SOURCE,SOURCE,UNAVAILABLE,DERIVED
v3,perpetual,true_oos,T3,M30,IMOEXF,V3_TRUE_OOS,TradingSystemLab/results/perpetual_v3/true_oos/T3/M30/trades.csv,101,T3-M30-IMOEXF-000030,v3|true_oos|T3|M30|IMOEXF|TradingSystemLab/results/perpetual_v3/true_oos/T3/M30/trades.csv|101|T3-M30-IMOEXF-000030,LONG,2025-08-05 16:00:00+03:00,2025-08-06 11:00:00+03:00,2025-08-05,2025-08-06,2025,8,2025,8,1,2,16,11,-0.257718236941,-0.257593946004,0.000124290936535,0.528236480276,0.870036555748,ATR_TRAILING_STOP,2789.5,2785.35698423,,0 days 19:00:00,1140,19,SOURCE,SOURCE,SOURCE,UNAVAILABLE,DERIVED
v3,perpetual,true_oos,T3,M30,IMOEXF,V3_TRUE_OOS,TradingSystemLab/results/perpetual_v3/true_oos/T3/M30/trades.csv,102,T3-M30-IMOEXF-000031,v3|true_oos|T3|M30|IMOEXF|TradingSystemLab/results/perpetual_v3/true_oos/T3/M30/trades.csv|102|T3-M30-IMOEXF-000031,LONG,2025-08-06 22:00:00+03:00,2025-08-07 10:30:00+03:00,2025-08-06,2025-08-07,2025,8,2025,8,2,3,22,10,-0.883390915424,-0.88333197986,5.89355643927e-05,0.883273044296,0.736694554908,ATR_TRAILING_STOP,2863.5,2833.52580519,,0 days 12:30:00,750,12.5,SOURCE,SOURCE,SOURCE,UNAVAILABLE,DERIVED
v3,perpetual,true_oos,T3,M30,IMOEXF,V3_TRUE_OOS,TradingSystemLab/results/perpetual_v3/true_oos/T3/M30/trades.csv,103,T3-M30-IMOEXF-000032,v3|true_oos|T3|M30|IMOEXF|TradingSystemLab/results/perpetual_v3/true_oos/T3/M30/trades.csv|103|T3-M30-IMOEXF-000032,LONG,2025-08-07 12:00:00+03:00,2025-08-07 19:00:00+03:00,2025-08-07,2025-08-07,2025,8,2025,8,3,3,12,19,-0.807377679746,-0.807331388279,4.62914673864e-05,0.807285096811,0.300894538011,ATR_TRAILING_STOP,2910,2875.12164585,,0 days 07:00:00,420,7,SOURCE,SOURCE,SOURCE,UNAVAILABLE,DERIVED
v3,perpetual,true_oos,T3,M30,IMOEXF,V3_TRUE_OOS,TradingSystemLab/results/perpetual_v3/true_oos/T3/M30/trades.csv,105,T3-M30-IMOEXF-000033,v3|true_oos|T3|M30|IMOEXF|TradingSystemLab/results/perpetual_v3/true_oos/T3/M30/trades.csv|105|T3-M30-IMOEXF-000033,LONG,2025-08-08 18:00:00+03:00,2025-08-11 19:00:00+03:00,2025-08-08,2025-08-11,2025,8,2025,8,4,0,18,19,1.77266417236,1.77274396238,7.97900173454e-05,0.279265060709,2.87244062444,ATR_TRAILING_STOP,2926,2970.43723191,,3 days 01:00:00,4380,73,SOURCE,SOURCE,SOURCE,UNAVAILABLE,DERIVED
v3,perpetual,true_oos,T3,M30,IMOEXF,V3_TRUE_OOS,TradingSystemLab/results/perpetual_v3/true_oos/T3/M30/trades.csv,107,T3-M30-IMOEXF-000034,v3|true_oos|T3|M30|IMOEXF|TradingSystemLab/results/perpetual_v3/true_oos/T3/M30/trades.csv|107|T3-M30-IMOEXF-000034,SHORT,2025-08-21 18:30:00+03:00,2025-08-22 13:30:00+03:00,2025-08-21,2025-08-22,2025,8,2025,8,3,4,18,13,-0.354168127183,-0.354071154105,9.69730786296e-05,0.353974181026,0.703054820065,ATR_TRAILING_STOP,2890,2897.30046289,,0 days 19:00:00,1140,19,SOURCE,SOURCE,SOURCE,UNAVAILABLE,DERIVED
v3,perpetual,true_oos,T3,M30,IMOEXF,V3_TRUE_OOS,TradingSystemLab/results/perpetual_v3/true_oos/T3/M30/trades.csv,111,T3-M30-IMOEXF-000035,v3|true_oos|T3|M30|IMOEXF|TradingSystemLab/results/perpetual_v3/true_oos/T3/M30/trades.csv|111|T3-M30-IMOEXF-000035,SHORT,2025-09-02 16:00:00+03:00,2025-09-02 22:30:00+03:00,2025-09-02,2025-09-02,2025,9,2025,9,1,1,16,22,-0.0921248128856,-0.091995169635,0.000129643250567,0.0918655263845,1.23161088039,ATR_TRAILING_STOP,2865.5,2866.91720492,,0 days 06:30:00,390,6.5,SOURCE,SOURCE,SOURCE,UNAVAILABLE,DERIVED
v3,perpetual,true_oos,T3,M30,IMOEXF,V3_TRUE_OOS,TradingSystemLab/results/perpetual_v3/true_oos/T3/M30/trades.csv,122,T3-M30-IMOEXF-000036,v3|true_oos|T3|M30|IMOEXF|TradingSystemLab/results/perpetual_v3/true_oos/T3/M30/trades.csv|122|T3-M30-IMOEXF-000036,SHORT,2025-09-12 14:00:00+03:00,2025-09-14 14:00:00+03:00,2025-09-12,2025-09-14,2025,9,2025,9,4,6,14,14,2.92193383691,2.92206610508,0.000132268167072,0.429871542985,3.47203938565,ATR_TRAILING_STOP,2878.5,2834.3140339,,2 days 00:00:00,2880,48,SOURCE,SOURCE,SOURCE,UNAVAILABLE,DERIVED
v3,perpetual,true_oos,T3,M30,IMOEXF,V3_TRUE_OOS,TradingSystemLab/results/perpetual_v3/true_oos/T3/M30/trades.csv,123,T3-M30-IMOEXF-000037,v3|true_oos|T3|M30|IMOEXF|TradingSystemLab/results/perpetual_v3/true_oos/T3/M30/trades.csv|123|T3-M30-IMOEXF-000037,SHORT,2025-09-16 13:00:00+03:00,2025-09-16 17:00:00+03:00,2025-09-16,2025-09-16,2025,9,2025,9,1,1,13,17,-0.857205752996,-0.857094304844,0.000111448152175,0.856982856691,0.58510279892,ATR_TRAILING_STOP,2793.5,2808.87904111,,0 days 04:00:00,240,4,SOURCE,SOURCE,SOURCE,UNAVAILABLE,DERIVED
v3,perpetual,true_oos,T3,M30,IMOEXF,V3_TRUE_OOS,TradingSystemLab/results/perpetual_v3/true_oos/T3/M30/trades.csv,126,T3-M30-IMOEXF-000038,v3|true_oos|T3|M30|IMOEXF|TradingSystemLab/results/perpetual_v3/true_oos/T3/M30/trades.csv|126|T3-M30-IMOEXF-000038,SHORT,2025-09-18 16:30:00+03:00,2025-09-18 19:30:00+03:00,2025-09-18,2025-09-18,2025,9,2025,9,3,3,16,19,-1.00027201584,-1.00013600792,0.000136007919488,1,0.306017818848,ATR_TRAILING_STOP,2791.5,2806.20502606,,0 days 03:00:00,180,3,SOURCE,SOURCE,SOURCE,UNAVAILABLE,DERIVED
v3,perpetual,true_oos,T3,M30,IMOEXF,V3_TRUE_OOS,TradingSystemLab/results/perpetual_v3/true_oos/T3/M30/trades.csv,127,T3-M30-IMOEXF-000039,v3|true_oos|T3|M30|IMOEXF|TradingSystemLab/results/perpetual_v3/true_oos/T3/M30/trades.csv|127|T3-M30-IMOEXF-000039,SHORT,2025-09-19 11:30:00+03:00,2025-09-22 15:00:00+03:00,2025-09-19,2025-09-22,2025,9,2025,9,4,0,11,15,3.45870253335,3.4588386554,0.000136122048455,0.170152560568,5.34279040184,ATR_TRAILING_STOP,2785.5,2734.67833199,,3 days 03:30:00,4530,75.5,SOURCE,SOURCE,SOURCE,UNAVAILABLE,DERIVED
v3,perpetual,true_oos,T3,M30,IMOEXF,V3_TRUE_OOS,TradingSystemLab/results/perpetual_v3/true_oos/T3/M30/trades.csv,129,T3-M30-IMOEXF-000040,v3|true_oos|T3|M30|IMOEXF|TradingSystemLab/results/perpetual_v3/true_oos/T3/M30/trades.csv|129|T3-M30-IMOEXF-000040,SHORT,2025-09-23 22:00:00+03:00,2025-09-24 11:30:00+03:00,2025-09-23,2025-09-24,2025,9,2025,9,1,2,22,11,0.618319139224,0.61841960857,0.000100469346098,0,2.43638164288,ATR_TRAILING_STOP,2728,2715.68738721,,0 days 13:30:00,810,13.5,SOURCE,SOURCE,SOURCE,UNAVAILABLE,DERIVED
v3,perpetual,true_oos,T3,M30,IMOEXF,V3_TRUE_OOS,TradingSystemLab/results/perpetual_v3/true_oos/T3/M30/trades.csv,132,T3-M30-IMOEXF-000041,v3|true_oos|T3|M30|IMOEXF|TradingSystemLab/results/perpetual_v3/true_oos/T3/M30/trades.csv|132|T3-M30-IMOEXF-000041,SHORT,2025-09-30 12:30:00+03:00,2025-09-30 14:30:00+03:00,2025-09-30,2025-09-30,2025,9,2025,9,1,1,12,14,-1.00020138087,-1.00010069043,0.000100690432984,1,0.327243907197,ATR_TRAILING_STOP,2660.5,2680.36286026,,0 days 02:00:00,120,2,SOURCE,SOURCE,SOURCE,UNAVAILABLE,DERIVED
v3,perpetual,true_oos,T3,M30,IMOEXF,V3_TRUE_OOS,TradingSystemLab/results/perpetual_v3/true_oos/T3/M30/trades.csv,138,T3-M30-IMOEXF-000042,v3|true_oos|T3|M30|IMOEXF|TradingSystemLab/results/perpetual_v3/true_oos/T3/M30/trades.csv|138|T3-M30-IMOEXF-000042,SHORT,2025-10-01 15:30:00+03:00,2025-10-02 18:00:00+03:00,2025-10-01,2025-10-02,2025,10,2025,10,2,3,15,18,0.182434430618,0.182532342178,9.79115600369e-05,0.807770370305,1.51762918057,ATR_TRAILING_STOP,2658,2654.26948537,,1 days 02:30:00,1590,26.5,SOURCE,SOURCE,SOURCE,UNAVAILABLE,DERIVED
v3,perpetual,true_oos,T3,M30,IMOEXF,V3_TRUE_OOS,TradingSystemLab/results/perpetual_v3/true_oos/T3/M30/trades.csv,139,T3-M30-IMOEXF-000043,v3|true_oos|T3|M30|IMOEXF|TradingSystemLab/results/perpetual_v3/true_oos/T3/M30/trades.csv|139|T3-M30-IMOEXF-000043,SHORT,2025-10-02 22:00:00+03:00,2025-10-03 10:30:00+03:00,2025-10-02,2025-10-03,2025,10,2025,10,3,4,22,10,-1.00021520426,-1.00010760213,0.000107602130152,1,0.0269005325379,ATR_TRAILING_STOP,2625.5,2644.08699263,,0 days 12:30:00,750,12.5,SOURCE,SOURCE,SOURCE,UNAVAILABLE,DERIVED
v3,perpetual,true_oos,T3,M30,IMOEXF,V3_TRUE_OOS,TradingSystemLab/results/perpetual_v3/true_oos/T3/M30/trades.csv,140,T3-M30-IMOEXF-000044,v3|true_oos|T3|M30|IMOEXF|TradingSystemLab/results/perpetual_v3/true_oos/T3/M30/trades.csv|140|T3-M30-IMOEXF-000044,SHORT,2025-10-03 17:30:00+03:00,2025-10-05 14:30:00+03:00,2025-10-03,2025-10-05,2025,10,2025,10,4,6,17,14,2.4006182596,2.40073282719,0.000114567587353,0.200493277868,3.43702762059,ATR_TRAILING_STOP,2610.5,2568.58854057,,1 days 21:00:00,2700,45,SOURCE,SOURCE,SOURCE,UNAVAILABLE,DERIVED
v3,perpetual,true_oos,T3,M30,IMOEXF,V3_TRUE_OOS,TradingSystemLab/results/perpetual_v3/true_oos/T3/M30/trades.csv,145,T3-M30-IMOEXF-000045,v3|true_oos|T3|M30|IMOEXF|TradingSystemLab/results/perpetual_v3/true_oos/T3/M30/trades.csv|145|T3-M30-IMOEXF-000045,SHORT,2025-10-08 12:30:00+03:00,2025-10-09 10:30:00+03:00,2025-10-08,2025-10-09,2025,10,2025,10,2,3,12,10,2.83686008236,2.83696762632,0.000107543958152,0.0268859895379,4.59750421098,ATR_TRAILING_STOP,2636.5,2583.73878088,,0 days 22:00:00,1320,22,SOURCE,SOURCE,SOURCE,UNAVAILABLE,DERIVED
v3,perpetual,true_oos,T3,M30,IMOEXF,V3_TRUE_OOS,TradingSystemLab/results/perpetual_v3/true_oos/T3/M30/trades.csv,146,T3-M30-IMOEXF-000046,v3|true_oos|T3|M30|IMOEXF|TradingSystemLab/results/perpetual_v3/true_oos/T3/M30/trades.csv|146|T3-M30-IMOEXF-000046,SHORT,2025-10-09 11:30:00+03:00,2025-10-09 12:30:00+03:00,2025-10-09,2025-10-09,2025,10,2025,10,3,3,11,12,-1.00012878189,-1.00006439094,6.43909439413e-05,1,0.305856983721,ATR_TRAILING_STOP,2532,2563.06026838,,0 days 01:00:00,60,1,SOURCE,SOURCE,SOURCE,UNAVAILABLE,DERIVED
v3,perpetual,true_oos,T3,M30,IMOEXF,V3_TRUE_OOS,TradingSystemLab/results/perpetual_v3/true_oos/T3/M30/trades.csv,147,T3-M30-IMOEXF-000047,v3|true_oos|T3|M30|IMOEXF|TradingSystemLab/results/perpetual_v3/true_oos/T3/M30/trades.csv|147|T3-M30-IMOEXF-000047,SHORT,2025-10-10 16:30:00+03:00,2025-10-11 17:00:00+03:00,2025-10-10,2025-10-11,2025,10,2025,10,4,5,16,17,0.703575772394,0.70364669084,7.09184460355e-05,0.585077179793,1.50701697826,ATR_TRAILING_STOP,2594.5,2574.6541729,,1 days 00:30:00,1470,24.5,SOURCE,SOURCE,SOURCE,UNAVAILABLE,DERIVED
v3,perpetual,true_oos,T3,M30,IMOEXF,V3_TRUE_OOS,TradingSystemLab/results/perpetual_v3/true_oos/T3/M30/trades.csv,149,T3-M30-IMOEXF-000048,v3|true_oos|T3|M30|IMOEXF|TradingSystemLab/results/perpetual_v3/true_oos/T3/M30/trades.csv|149|T3-M30-IMOEXF-000048,SHORT,2025-10-14 16:00:00+03:00,2025-10-15 13:30:00+03:00,2025-10-14,2025-10-15,2025,10,2025,10,1,2,16,13,-0.318091849724,-0.318002736407,8.91133170346e-05,0.356453268138,0.82429818257,ATR_TRAILING_STOP,2544.5,2551.63504185,,0 days 21:30:00,1290,21.5,SOURCE,SOURCE,SOURCE,UNAVAILABLE,DERIVED
v3,perpetual,true_oos,T3,M30,IMOEXF,V3_TRUE_OOS,TradingSystemLab/results/perpetual_v3/true_oos/T3/M30/trades.csv,152,T3-M30-IMOEXF-000049,v3|true_oos|T3|M30|IMOEXF|TradingSystemLab/results/perpetual_v3/true_oos/T3/M30/trades.csv|152|T3-M30-IMOEXF-000049,LONG,2025-10-17 21:00:00+03:00,2025-10-19 11:00:00+03:00,2025-10-17,2025-10-19,2025,10,2025,10,4,6,21,11,0.153000873075,0.153061959175,6.10861007018e-05,0.83993388465,0.67194710772,ATR_TRAILING_STOP,2743,2748.01335143,,1 days 14:00:00,2280,38,SOURCE,SOURCE,SOURCE,UNAVAILABLE,DERIVED
v3,perpetual,true_oos,T3,M30,IMOEXF,V3_TRUE_OOS,TradingSystemLab/results/perpetual_v3/true_oos/T3/M30/trades.csv,154,T3-M30-IMOEXF-000050,v3|true_oos|T3|M30|IMOEXF|TradingSystemLab/results/perpetual_v3/true_oos/T3/M30/trades.csv|154|T3-M30-IMOEXF-000050,SHORT,2025-10-22 22:30:00+03:00,2025-10-24 00:00:00+03:00,2025-10-22,2025-10-24,2025,10,2025,10,2,4,22,0,0.881407360555,0.881476501389,6.91408346842e-05,0.604982303487,2.03965462319,ATR_TRAILING_STOP,2607.5,2582,,1 days 01:30:00,1530,25.5,SOURCE,SOURCE,SOURCE,UNAVAILABLE,DERIVED
v3,perpetual,true_oos,T3,M30,IMOEXF,V3_TRUE_OOS,TradingSystemLab/results/perpetual_v3/true_oos/T3/M30/trades.csv,157,T3-M30-IMOEXF-000051,v3|true_oos|T3|M30|IMOEXF|TradingSystemLab/results/perpetual_v3/true_oos/T3/M30/trades.csv|157|T3-M30-IMOEXF-000051,SHORT,2025-10-24 14:00:00+03:00,2025-10-28 09:30:00+03:00,2025-10-24,2025-10-28,2025,10,2025,10,4,1,14,9,2.2247644775,2.22483176431,6.72868022651e-05,0.471007615855,3.19612310759,ATR_TRAILING_STOP,2549.5,2483.36818882,,3 days 19:30:00,5490,91.5,SOURCE,SOURCE,SOURCE,UNAVAILABLE,DERIVED
v3,perpetual,true_oos,T3,M30,IMOEXF,V3_TRUE_OOS,TradingSystemLab/results/perpetual_v3/true_oos/T3/M30/trades.csv,161,T3-M30-IMOEXF-000052,v3|true_oos|T3|M30|IMOEXF|TradingSystemLab/results/perpetual_v3/true_oos/T3/M30/trades.csv|161|T3-M30-IMOEXF-000052,SHORT,2025-11-14 11:30:00+03:00,2025-11-14 23:00:00+03:00,2025-11-14,2025-11-14,2025,11,2025,11,4,4,11,23,-0.152790481366,-0.152640782839,0.000149698526956,0.299397053911,1.08531432043,ATR_TRAILING_STOP,2531,2533.03730908,,0 days 11:30:00,690,11.5,SOURCE,SOURCE,SOURCE,UNAVAILABLE,DERIVED
v3,perpetual,true_oos,T3,M30,IMOEXF,V3_TRUE_OOS,TradingSystemLab/results/perpetual_v3/true_oos/T3/M30/trades.csv,162,T3-M30-IMOEXF-000053,v3|true_oos|T3|M30|IMOEXF|TradingSystemLab/results/perpetual_v3/true_oos/T3/M30/trades.csv|162|T3-M30-IMOEXF-000053,LONG,2025-11-19 09:30:00+03:00,2025-11-19 13:00:00+03:00,2025-11-19,2025-11-19,2025,11,2025,11,2,2,9,13,-0.950517343063,-0.950404432002,0.000112911061571,0.95029152094,0.536327542463,ATR_TRAILING_STOP,2579.5,2562.66743271,,0 days 03:30:00,210,3.5,SOURCE,SOURCE,SOURCE,UNAVAILABLE,DERIVED
v3,perpetual,true_oos,T3,M30,IMOEXF,V3_TRUE_OOS,TradingSystemLab/results/perpetual_v3/true_oos/T3/M30/trades.csv,163,T3-M30-IMOEXF-000054,v3|true_oos|T3|M30|IMOEXF|TradingSystemLab/results/perpetual_v3/true_oos/T3/M30/trades.csv|163|T3-M30-IMOEXF-000054,LONG,2025-11-19 14:30:00+03:00,2025-11-19 21:30:00+03:00,2025-11-19,2025-11-19,2025,11,2025,11,2,2,14,21,1.4347510341,1.43484062193,8.9587831507e-05,0.201572620891,3.38194063939,ATR_TRAILING_STOP,2597.5,2629.5340427,,0 days 07:00:00,420,7,SOURCE,SOURCE,SOURCE,UNAVAILABLE,DERIVED
v3,perpetual,true_oos,T3,M30,IMOEXF,V3_TRUE_OOS,TradingSystemLab/results/perpetual_v3/true_oos/T3/M30/trades.csv,165,T3-M30-IMOEXF-000055,v3|true_oos|T3|M30|IMOEXF|TradingSystemLab/results/perpetual_v3/true_oos/T3/M30/trades.csv|165|T3-M30-IMOEXF-000055,LONG,2025-11-20 21:00:00+03:00,2025-11-20 21:30:00+03:00,2025-11-20,2025-11-20,2025,11,2025,11,3,3,21,21,-1.00010926427,-1.00005463213,5.46321326091e-05,1,0,ATR_TRAILING_STOP,2708,2671.39150781,,0 days 00:30:00,30,0.5,SOURCE,SOURCE,SOURCE,UNAVAILABLE,DERIVED
v3,perpetual,true_oos,T3,M30,IMOEXF,V3_TRUE_OOS,TradingSystemLab/results/perpetual_v3/true_oos/T3/M30/trades.csv,177,T3-M30-IMOEXF-000056,v3|true_oos|T3|M30|IMOEXF|TradingSystemLab/results/perpetual_v3/true_oos/T3/M30/trades.csv|177|T3-M30-IMOEXF-000056,LONG,2025-12-09 22:30:00+03:00,2025-12-10 09:30:00+03:00,2025-12-09,2025-12-10,2025,12,2025,12,1,2,22,9,-1.00022803296,-1.00011401648,0.00011401648013,1,0.199528840227,ATR_TRAILING_STOP,2739.5,2721.95867617,,0 days 11:00:00,660,11,SOURCE,SOURCE,SOURCE,UNAVAILABLE,DERIVED
v3,perpetual,true_oos,T3,M30,IMOEXF,V3_TRUE_OOS,TradingSystemLab/results/perpetual_v3/true_oos/T3/M30/trades.csv,193,T3-M30-IMOEXF-000057,v3|true_oos|T3|M30|IMOEXF|TradingSystemLab/results/perpetual_v3/true_oos/T3/M30/trades.csv|193|T3-M30-IMOEXF-000057,LONG,2026-01-21 14:00:00+03:00,2026-01-22 16:30:00+03:00,2026-01-21,2026-01-22,2026,1,2026,1,2,3,14,16,0.613652361005,0.613797501653,0.000145140648285,0.0362851620712,1.74168777942,ATR_TRAILING_STOP,2770,2778.45996831,,1 days 02:30:00,1590,26.5,SOURCE,SOURCE,SOURCE,UNAVAILABLE,DERIVED
v3,perpetual,true_oos,T3,M30,IMOEXF,V3_TRUE_OOS,TradingSystemLab/results/perpetual_v3/true_oos/T3/M30/trades.csv,197,T3-M30-IMOEXF-000058,v3|true_oos|T3|M30|IMOEXF|TradingSystemLab/results/perpetual_v3/true_oos/T3/M30/trades.csv|197|T3-M30-IMOEXF-000058,LONG,2026-01-23 21:00:00+03:00,2026-01-24 12:30:00+03:00,2026-01-23,2026-01-24,2026,1,2026,1,4,5,21,12,-0.634391227045,-0.634214369756,0.00017685728965,0.634037512466,0.530571868949,ATR_TRAILING_STOP,2789,2781.82995331,,0 days 15:30:00,930,15.5,SOURCE,SOURCE,SOURCE,UNAVAILABLE,DERIVED
v3,perpetual,true_oos,T3,M30,IMOEXF,V3_TRUE_OOS,TradingSystemLab/results/perpetual_v3/true_oos/T3/M30/trades.csv,198,T3-M30-IMOEXF-000059,v3|true_oos|T3|M30|IMOEXF|TradingSystemLab/results/perpetual_v3/true_oos/T3/M30/trades.csv|198|T3-M30-IMOEXF-000059,LONG,2026-01-25 13:00:00+03:00,2026-01-26 09:30:00+03:00,2026-01-25,2026-01-26,2026,1,2026,1,6,0,13,9,-0.95083244379,-0.95067724344,0.000155200349517,0.950522043091,0.0388000873794,ATR_TRAILING_STOP,2800.5,2788.25103218,,0 days 20:30:00,1230,20.5,SOURCE,SOURCE,SOURCE,UNAVAILABLE,DERIVED
v3,perpetual,true_oos,T3,M30,IMOEXF,V3_TRUE_OOS,TradingSystemLab/results/perpetual_v3/true_oos/T3/M30/trades.csv,202,T3-M30-IMOEXF-000060,v3|true_oos|T3|M30|IMOEXF|TradingSystemLab/results/perpetual_v3/true_oos/T3/M30/trades.csv|202|T3-M30-IMOEXF-000060,LONG,2026-01-29 17:00:00+03:00,2026-01-29 18:30:00+03:00,2026-01-29,2026-01-29,2026,1,2026,1,3,3,17,18,-0.898735187474,-0.898609346912,0.00012584056202,0.89848350635,0.6292028101,ATR_TRAILING_STOP,2837,2822.72028777,,0 days 01:30:00,90,1.5,SOURCE,SOURCE,SOURCE,UNAVAILABLE,DERIVED
v3,perpetual,true_oos,T3,M30,IMOEXF,V3_TRUE_OOS,TradingSystemLab/results/perpetual_v3/true_oos/T3/M30/trades.csv,203,T3-M30-IMOEXF-000061,v3|true_oos|T3|M30|IMOEXF|TradingSystemLab/results/perpetual_v3/true_oos/T3/M30/trades.csv|203|T3-M30-IMOEXF-000061,SHORT,2026-02-10 21:00:00+03:00,2026-02-11 09:30:00+03:00,2026-02-10,2026-02-11,2026,2,2026,2,1,2,21,9,-1.00038688818,-1.00019344409,0.000193444089425,1,0.145083067069,ATR_TRAILING_STOP,2715.5,2725.83890467,,0 days 12:30:00,750,12.5,SOURCE,SOURCE,SOURCE,UNAVAILABLE,DERIVED
v3,perpetual,true_oos,T3,M30,IMOEXF,V3_TRUE_OOS,TradingSystemLab/results/perpetual_v3/true_oos/T3/M30/trades.csv,204,T3-M30-IMOEXF-000062,v3|true_oos|T3|M30|IMOEXF|TradingSystemLab/results/perpetual_v3/true_oos/T3/M30/trades.csv|204|T3-M30-IMOEXF-000062,LONG,2026-02-12 13:00:00+03:00,2026-02-12 20:00:00+03:00,2026-02-12,2026-02-12,2026,2,2026,2,3,3,13,20,-1.00030167214,-1.00015083607,0.000150836068366,1,0.226254102548,ATR_TRAILING_STOP,2771,2757.74057192,,0 days 07:00:00,420,7,SOURCE,SOURCE,SOURCE,UNAVAILABLE,DERIVED
v3,perpetual,true_oos,T3,M30,IMOEXF,V3_TRUE_OOS,TradingSystemLab/results/perpetual_v3/true_oos/T3/M30/trades.csv,206,T3-M30-IMOEXF-000063,v3|true_oos|T3|M30|IMOEXF|TradingSystemLab/results/perpetual_v3/true_oos/T3/M30/trades.csv|206|T3-M30-IMOEXF-000063,LONG,2026-02-13 14:00:00+03:00,2026-02-16 18:00:00+03:00,2026-02-13,2026-02-16,2026,2,2026,2,4,0,14,18,0.188610574919,0.188727624113,0.000117049193822,0.673032864478,1.02418044594,ATR_TRAILING_STOP,2780.5,2783.72675735,,3 days 04:00:00,4560,76,SOURCE,SOURCE,SOURCE,UNAVAILABLE,DERIVED
v3,perpetual,true_oos,T3,M30,IMOEXF,V3_TRUE_OOS,TradingSystemLab/results/perpetual_v3/true_oos/T3/M30/trades.csv,214,T3-M30-IMOEXF-000064,v3|true_oos|T3|M30|IMOEXF|TradingSystemLab/results/perpetual_v3/true_oos/T3/M30/trades.csv|214|T3-M30-IMOEXF-000064,LONG,2026-02-28 19:00:00+03:00,2026-03-01 12:30:00+03:00,2026-02-28,2026-03-01,2026,2,2026,3,5,6,19,12,-0.510803471034,-0.51056763859,0.000235832444492,0.825413555722,1.12020411134,ATR_TRAILING_STOP,2823,2818.67208145,,0 days 17:30:00,1050,17.5,SOURCE,SOURCE,SOURCE,UNAVAILABLE,DERIVED
v3,perpetual,true_oos,T3,M30,IMOEXF,V3_TRUE_OOS,TradingSystemLab/results/perpetual_v3/true_oos/T3/M30/trades.csv,217,T3-M30-IMOEXF-000065,v3|true_oos|T3|M30|IMOEXF|TradingSystemLab/results/perpetual_v3/true_oos/T3/M30/trades.csv|217|T3-M30-IMOEXF-000065,LONG,2026-03-02 11:30:00+03:00,2026-03-02 15:00:00+03:00,2026-03-02,2026-03-02,2026,3,2026,3,0,0,11,15,-1.00028312451,-1.00014156226,0.000141562255891,1,0.141562255891,ATR_TRAILING_STOP,2847.5,2833.37194032,,0 days 03:30:00,210,3.5,SOURCE,SOURCE,SOURCE,UNAVAILABLE,DERIVED
v3,perpetual,true_oos,T3,M30,IMOEXF,V3_TRUE_OOS,TradingSystemLab/results/perpetual_v3/true_oos/T3/M30/trades.csv,218,T3-M30-IMOEXF-000066,v3|true_oos|T3|M30|IMOEXF|TradingSystemLab/results/perpetual_v3/true_oos/T3/M30/trades.csv|218|T3-M30-IMOEXF-000066,LONG,2026-03-03 09:00:00+03:00,2026-03-03 10:30:00+03:00,2026-03-03,2026-03-03,2026,3,2026,3,1,1,9,10,-1.00028267539,-1.0001413377,0.000141337697303,1,0.459347516234,ATR_TRAILING_STOP,2853.5,2839.34949353,,0 days 01:30:00,90,1.5,SOURCE,SOURCE,SOURCE,UNAVAILABLE,DERIVED
v3,perpetual,true_oos,T3,M30,IMOEXF,V3_TRUE_OOS,TradingSystemLab/results/perpetual_v3/true_oos/T3/M30/trades.csv,232,T3-M30-IMOEXF-000067,v3|true_oos|T3|M30|IMOEXF|TradingSystemLab/results/perpetual_v3/true_oos/T3/M30/trades.csv|232|T3-M30-IMOEXF-000067,SHORT,2026-03-31 14:30:00+03:00,2026-04-01 10:30:00+03:00,2026-03-31,2026-04-01,2026,3,2026,4,1,2,14,10,-0.176228435863,-0.176065782677,0.000162653185681,0.487959557043,0.975919114085,ATR_TRAILING_STOP,2778.5,2780.66292265,,0 days 20:00:00,1200,20,SOURCE,SOURCE,SOURCE,UNAVAILABLE,DERIVED
v3,perpetual,true_oos,T3,M30,IMOEXF,V3_TRUE_OOS,TradingSystemLab/results/perpetual_v3/true_oos/T3/M30/trades.csv,234,T3-M30-IMOEXF-000068,v3|true_oos|T3|M30|IMOEXF|TradingSystemLab/results/perpetual_v3/true_oos/T3/M30/trades.csv|234|T3-M30-IMOEXF-000068,SHORT,2026-04-08 12:00:00+03:00,2026-04-08 22:30:00+03:00,2026-04-08,2026-04-08,2026,4,2026,4,2,2,12,22,-0.575661922772,-0.575479055129,0.00018286764248,0.575296187487,0.54860292744,ATR_TRAILING_STOP,2766,2772.29194077,,0 days 10:30:00,630,10.5,SOURCE,SOURCE,SOURCE,UNAVAILABLE,DERIVED
v3,perpetual,true_oos,T3,M30,IMOEXF,V3_TRUE_OOS,TradingSystemLab/results/perpetual_v3/true_oos/T3/M30/trades.csv,235,T3-M30-IMOEXF-000069,v3|true_oos|T3|M30|IMOEXF|TradingSystemLab/results/perpetual_v3/true_oos/T3/M30/trades.csv|235|T3-M30-IMOEXF-000069,SHORT,2026-04-09 15:00:00+03:00,2026-04-09 22:30:00+03:00,2026-04-09,2026-04-09,2026,4,2026,4,3,3,15,22,0.519462604259,0.519669565782,0.000206961523363,0.103480761681,1.9143940911,ATR_TRAILING_STOP,2753.5,2748.47610455,,0 days 07:30:00,450,7.5,SOURCE,SOURCE,SOURCE,UNAVAILABLE,DERIVED
v3,perpetual,true_oos,T3,M30,IMOEXF,V3_TRUE_OOS,TradingSystemLab/results/perpetual_v3/true_oos/T3/M30/trades.csv,236,T3-M30-IMOEXF-000070,v3|true_oos|T3|M30|IMOEXF|TradingSystemLab/results/perpetual_v3/true_oos/T3/M30/trades.csv|236|T3-M30-IMOEXF-000070,SHORT,2026-04-10 18:00:00+03:00,2026-04-12 10:30:00+03:00,2026-04-10,2026-04-12,2026,4,2026,4,4,6,18,10,-0.246290636179,-0.246126888751,0.000163747427956,0.736863425802,0.368431712901,ATR_TRAILING_STOP,2723.5,2726.50417716,,1 days 16:30:00,2430,40.5,SOURCE,SOURCE,SOURCE,UNAVAILABLE,DERIVED
v3,perpetual,true_oos,T3,M30,IMOEXF,V3_TRUE_OOS,TradingSystemLab/results/perpetual_v3/true_oos/T3/M30/trades.csv,239,T3-M30-IMOEXF-000071,v3|true_oos|T3|M30|IMOEXF|TradingSystemLab/results/perpetual_v3/true_oos/T3/M30/trades.csv|239|T3-M30-IMOEXF-000071,SHORT,2026-04-13 17:00:00+03:00,2026-04-14 09:30:00+03:00,2026-04-13,2026-04-14,2026,4,2026,4,0,1,17,9,-1.00034353447,-1.00017176723,0.000171767233639,1,0.128825425229,ATR_TRAILING_STOP,2714,2725.64366426,,0 days 16:30:00,990,16.5,SOURCE,SOURCE,SOURCE,UNAVAILABLE,DERIVED
v3,perpetual,true_oos,T3,M30,IMOEXF,V3_TRUE_OOS,TradingSystemLab/results/perpetual_v3/true_oos/T3/M30/trades.csv,249,T3-M30-IMOEXF-000072,v3|true_oos|T3|M30|IMOEXF|TradingSystemLab/results/perpetual_v3/true_oos/T3/M30/trades.csv|249|T3-M30-IMOEXF-000072,SHORT,2026-04-28 12:00:00+03:00,2026-04-29 20:30:00+03:00,2026-04-28,2026-04-29,2026,4,2026,4,1,2,12,20,7.53878905348,7.53903773462,0.000248681142955,0.248681142955,10.8798000043,ATR_TRAILING_STOP,2720,2659.3658375,,1 days 08:30:00,1950,32.5,SOURCE,SOURCE,SOURCE,UNAVAILABLE,DERIVED
v3,perpetual,true_oos,T3,M30,IMOEXF,V3_TRUE_OOS,TradingSystemLab/results/perpetual_v3/true_oos/T3/M30/trades.csv,251,T3-M30-IMOEXF-000073,v3|true_oos|T3|M30|IMOEXF|TradingSystemLab/results/perpetual_v3/true_oos/T3/M30/trades.csv|251|T3-M30-IMOEXF-000073,SHORT,2026-05-01 17:30:00+03:00,2026-05-02 16:30:00+03:00,2026-05-01,2026-05-02,2026,5,2026,5,4,5,17,16,-0.181106946979,-0.180855464233,0.000251482746424,0.251482746424,0.502965492848,ATR_TRAILING_STOP,2645.5,2646.9363131,,0 days 23:00:00,1380,23,SOURCE,SOURCE,SOURCE,UNAVAILABLE,DERIVED
v3,perpetual,true_oos,T3,M30,IMOEXF,V3_TRUE_OOS,TradingSystemLab/results/perpetual_v3/true_oos/T3/M30/trades.csv,252,T3-M30-IMOEXF-000074,v3|true_oos|T3|M30|IMOEXF|TradingSystemLab/results/perpetual_v3/true_oos/T3/M30/trades.csv|252|T3-M30-IMOEXF-000074,SHORT,2026-05-05 11:30:00+03:00,2026-05-05 12:30:00+03:00,2026-05-05,2026-05-05,2026,5,2026,5,1,1,11,12,-1.00023258757,-1.00011629379,0.000116293785304,1,0.0872203389777,ATR_TRAILING_STOP,2597,2614.19782355,,0 days 01:00:00,60,1,SOURCE,SOURCE,SOURCE,UNAVAILABLE,DERIVED
v3,perpetual,true_oos,T3,M30,IMOEXF,V3_TRUE_OOS,TradingSystemLab/results/perpetual_v3/true_oos/T3/M30/trades.csv,254,T3-M30-IMOEXF-000075,v3|true_oos|T3|M30|IMOEXF|TradingSystemLab/results/perpetual_v3/true_oos/T3/M30/trades.csv|254|T3-M30-IMOEXF-000075,LONG,2026-05-12 17:30:00+03:00,2026-05-13 10:30:00+03:00,2026-05-12,2026-05-13,2026,5,2026,5,1,2,17,10,-0.641526458686,-0.641369683302,0.000156775384441,0.641212907917,0.666295383875,ATR_TRAILING_STOP,2691.5,2683.31997977,,0 days 17:00:00,1020,17,SOURCE,SOURCE,SOURCE,UNAVAILABLE,DERIVED
v3,perpetual,true_oos,T3,M30,IMOEXF,V3_TRUE_OOS,TradingSystemLab/results/perpetual_v3/true_oos/T3/M30/trades.csv,255,T3-M30-IMOEXF-000076,v3|true_oos|T3|M30|IMOEXF|TradingSystemLab/results/perpetual_v3/true_oos/T3/M30/trades.csv|255|T3-M30-IMOEXF-000076,SHORT,2026-05-15 18:00:00+03:00,2026-05-16 16:30:00+03:00,2026-05-15,2026-05-16,2026,5,2026,5,4,5,18,16,-0.359361683333,-0.35921277313,0.00014891020364,0.707323467292,0.335047958191,ATR_TRAILING_STOP,2633.5,2638.32255553,,0 days 22:30:00,1350,22.5,SOURCE,SOURCE,SOURCE,UNAVAILABLE,DERIVED
v3,perpetual,true_oos,T3,M30,IMOEXF,V3_TRUE_OOS,TradingSystemLab/results/perpetual_v3/true_oos/T3/M30/trades.csv,260,T3-M30-IMOEXF-000077,v3|true_oos|T3|M30|IMOEXF|TradingSystemLab/results/perpetual_v3/true_oos/T3/M30/trades.csv|260|T3-M30-IMOEXF-000077,SHORT,2026-05-20 12:30:00+03:00,2026-05-20 16:00:00+03:00,2026-05-20,2026-05-20,2026,5,2026,5,2,2,12,16,-1.00028207208,-1.00014103604,0.000141036042183,1,0.246813073821,ATR_TRAILING_STOP,2636.5,2650.6807723,,0 days 03:30:00,210,3.5,SOURCE,SOURCE,SOURCE,UNAVAILABLE,DERIVED
v3,perpetual,true_oos,T3,M30,IMOEXF,V3_TRUE_OOS,TradingSystemLab/results/perpetual_v3/true_oos/T3/M30/trades.csv,261,T3-M30-IMOEXF-000078,v3|true_oos|T3|M30|IMOEXF|TradingSystemLab/results/perpetual_v3/true_oos/T3/M30/trades.csv|261|T3-M30-IMOEXF-000078,SHORT,2026-05-20 23:30:00+03:00,2026-05-21 14:00:00+03:00,2026-05-20,2026-05-21,2026,5,2026,5,2,3,23,14,-0.102928029439,-0.102734065735,0.000193963703909,0.484909259774,1.55170963128,ATR_TRAILING_STOP,2629.5,2630.55731227,,0 days 14:30:00,870,14.5,SOURCE,SOURCE,SOURCE,UNAVAILABLE,DERIVED
v3,perpetual,true_oos,T3,M30,IMOEXF,V3_TRUE_OOS,TradingSystemLab/results/perpetual_v3/true_oos/T3/M30/trades.csv,264,T3-M30-IMOEXF-000079,v3|true_oos|T3|M30|IMOEXF|TradingSystemLab/results/perpetual_v3/true_oos/T3/M30/trades.csv|264|T3-M30-IMOEXF-000079,SHORT,2026-05-26 11:30:00+03:00,2026-05-26 13:00:00+03:00,2026-05-26,2026-05-26,2026,5,2026,5,1,1,11,13,-1.00025642453,-1.00012821227,0.000128212265569,1,0,ATR_TRAILING_STOP,2580.5,2596.09913157,,0 days 01:30:00,90,1.5,SOURCE,SOURCE,SOURCE,UNAVAILABLE,DERIVED
v3,perpetual,true_oos,T3,M30,IMOEXF,V3_TRUE_OOS,TradingSystemLab/results/perpetual_v3/true_oos/T3/M30/trades.csv,267,T3-M30-IMOEXF-000080,v3|true_oos|T3|M30|IMOEXF|TradingSystemLab/results/perpetual_v3/true_oos/T3/M30/trades.csv|267|T3-M30-IMOEXF-000080,SHORT,2026-05-26 19:30:00+03:00,2026-05-27 12:00:00+03:00,2026-05-26,2026-05-27,2026,5,2026,5,1,2,19,12,-0.733604083472,-0.733496838646,0.000107244826124,0.73338959382,0.563035337152,ATR_TRAILING_STOP,2573.5,2587.17692261,,0 days 16:30:00,990,16.5,SOURCE,SOURCE,SOURCE,UNAVAILABLE,DERIVED
v3,perpetual,true_oos,T3,M30,IMOEXF,V3_TRUE_OOS,TradingSystemLab/results/perpetual_v3/true_oos/T3/M30/trades.csv,277,T3-M30-IMOEXF-000081,v3|true_oos|T3|M30|IMOEXF|TradingSystemLab/results/perpetual_v3/true_oos/T3/M30/trades.csv|277|T3-M30-IMOEXF-000081,SHORT,2026-06-04 00:00:00+03:00,2026-06-04 10:30:00+03:00,2026-06-04,2026-06-04,2026,6,2026,6,3,3,0,10,-1.00031430804,-1.00015715402,0.000157154018642,1,0,ATR_TRAILING_STOP,2589.5,2602.2263688,,0 days 10:30:00,630,10.5,SOURCE,SOURCE,SOURCE,UNAVAILABLE,DERIVED
v3,perpetual,true_oos,T3,M30,IMOEXF,V3_TRUE_OOS,TradingSystemLab/results/perpetual_v3/true_oos/T3/M30/trades.csv,280,T3-M30-IMOEXF-000082,v3|true_oos|T3|M30|IMOEXF|TradingSystemLab/results/perpetual_v3/true_oos/T3/M30/trades.csv|280|T3-M30-IMOEXF-000082,SHORT,2026-06-04 17:00:00+03:00,2026-06-06 15:30:00+03:00,2026-06-04,2026-06-06,2026,6,2026,6,3,5,17,15,1.20090831093,1.20104031825,0.000132007320845,0.26401464169,1.88110432204,ATR_TRAILING_STOP,2585,2566.80142862,,1 days 22:30:00,2790,46.5,SOURCE,SOURCE,SOURCE,UNAVAILABLE,DERIVED
v3,perpetual,true_oos,T3,M30,IMOEXF,V3_TRUE_OOS,TradingSystemLab/results/perpetual_v3/true_oos/T3/M30/trades.csv,281,T3-M30-IMOEXF-000083,v3|true_oos|T3|M30|IMOEXF|TradingSystemLab/results/perpetual_v3/true_oos/T3/M30/trades.csv|281|T3-M30-IMOEXF-000083,SHORT,2026-06-09 10:30:00+03:00,2026-06-09 13:00:00+03:00,2026-06-09,2026-06-09,2026,6,2026,6,1,1,10,13,-0.410113759257,-0.40997710397,0.00013665528669,0.409840448683,1.29822522356,ATR_TRAILING_STOP,2504,2509.99816456,,0 days 02:30:00,150,2.5,SOURCE,SOURCE,SOURCE,UNAVAILABLE,DERIVED
v3,perpetual,true_oos,T3,M30,IMOEXF,V3_TRUE_OOS,TradingSystemLab/results/perpetual_v3/true_oos/T3/M30/trades.csv,286,T3-M30-IMOEXF-000084,v3|true_oos|T3|M30|IMOEXF|TradingSystemLab/results/perpetual_v3/true_oos/T3/M30/trades.csv|286|T3-M30-IMOEXF-000084,SHORT,2026-06-11 18:00:00+03:00,2026-06-12 22:00:00+03:00,2026-06-11,2026-06-12,2026,6,2026,6,3,4,18,22,-0.378166168972,-0.378040197563,0.000125971408718,0.787321304489,0.0944785565386,ATR_TRAILING_STOP,2509.5,2515.5,,1 days 04:00:00,1680,28,SOURCE,SOURCE,SOURCE,UNAVAILABLE,DERIVED
v3,perpetual,true_oos,T3,M30,IMOEXF,V3_TRUE_OOS,TradingSystemLab/results/perpetual_v3/true_oos/T3/M30/trades.csv,287,T3-M30-IMOEXF-000085,v3|true_oos|T3|M30|IMOEXF|TradingSystemLab/results/perpetual_v3/true_oos/T3/M30/trades.csv|287|T3-M30-IMOEXF-000085,SHORT,2026-06-16 15:00:00+03:00,2026-06-17 09:00:00+03:00,2026-06-16,2026-06-17,2026,6,2026,6,1,2,15,9,2.00613516251,2.00628108447,0.000145921964105,0.182402455131,3.57508812056,ATR_TRAILING_STOP,2526.5,2499,,0 days 18:00:00,1080,18,SOURCE,SOURCE,SOURCE,UNAVAILABLE,DERIVED
v3,perpetual,true_oos,T3,M30,IMOEXF,V3_TRUE_OOS,TradingSystemLab/results/perpetual_v3/true_oos/T3/M30/trades.csv,288,T3-M30-IMOEXF-000086,v3|true_oos|T3|M30|IMOEXF|TradingSystemLab/results/perpetual_v3/true_oos/T3/M30/trades.csv|288|T3-M30-IMOEXF-000086,SHORT,2026-06-18 09:00:00+03:00,2026-06-19 09:30:00+03:00,2026-06-18,2026-06-19,2026,6,2026,6,3,4,9,9,2.44525459059,2.44542889147,0.000174300878286,0.653628293572,4.18322107886,ATR_TRAILING_STOP,2476.5,2448.43814264,,1 days 00:30:00,1470,24.5,SOURCE,SOURCE,SOURCE,UNAVAILABLE,DERIVED
v3,perpetual,true_oos,T3,M30,IMOEXF,V3_TRUE_OOS,TradingSystemLab/results/perpetual_v3/true_oos/T3/M30/trades.csv,290,T3-M30-IMOEXF-000087,v3|true_oos|T3|M30|IMOEXF|TradingSystemLab/results/perpetual_v3/true_oos/T3/M30/trades.csv|290|T3-M30-IMOEXF-000087,SHORT,2026-06-19 14:00:00+03:00,2026-06-19 16:30:00+03:00,2026-06-19,2026-06-19,2026,6,2026,6,4,4,14,16,-0.845483135019,-0.845380082723,0.000103052296733,0.845277030426,0.644076854584,ATR_TRAILING_STOP,2415.5,2431.90481692,,0 days 02:30:00,150,2.5,SOURCE,SOURCE,SOURCE,UNAVAILABLE,DERIVED
v3,perpetual,true_oos,T3,M30,IMOEXF,V3_TRUE_OOS,TradingSystemLab/results/perpetual_v3/true_oos/T3/M30/trades.csv,291,T3-M30-IMOEXF-000088,v3|true_oos|T3|M30|IMOEXF|TradingSystemLab/results/perpetual_v3/true_oos/T3/M30/trades.csv|291|T3-M30-IMOEXF-000088,SHORT,2026-06-22 10:30:00+03:00,2026-06-22 11:00:00+03:00,2026-06-22,2026-06-22,2026,6,2026,6,0,0,10,11,-1.00024474526,-1.00012237263,0.000122372627986,1,0,ATR_TRAILING_STOP,2393.5,2409.84352414,,0 days 00:30:00,30,0.5,SOURCE,SOURCE,SOURCE,UNAVAILABLE,DERIVED
v3,perpetual,true_oos,T3,M30,IMOEXF,V3_TRUE_OOS,TradingSystemLab/results/perpetual_v3/true_oos/T3/M30/trades.csv,292,T3-M30-IMOEXF-000089,v3|true_oos|T3|M30|IMOEXF|TradingSystemLab/results/perpetual_v3/true_oos/T3/M30/trades.csv|292|T3-M30-IMOEXF-000089,SHORT,2026-06-22 13:00:00+03:00,2026-06-23 09:30:00+03:00,2026-06-22,2026-06-23,2026,6,2026,6,0,1,13,9,3.21189038492,3.21198134823,9.09633122842e-05,0.227408280711,4.98024134756,ATR_TRAILING_STOP,2381,2310.37653146,,0 days 20:30:00,1230,20.5,SOURCE,SOURCE,SOURCE,UNAVAILABLE,DERIVED
v3,perpetual,true_oos,T3,M30,IMOEXF,V3_TRUE_OOS,TradingSystemLab/results/perpetual_v3/true_oos/T3/M30/trades.csv,297,T3-M30-IMOEXF-000090,v3|true_oos|T3|M30|IMOEXF|TradingSystemLab/results/perpetual_v3/true_oos/T3/M30/trades.csv|297|T3-M30-IMOEXF-000090,SHORT,2026-06-24 11:00:00+03:00,2026-06-25 09:30:00+03:00,2026-06-24,2026-06-25,2026,6,2026,6,2,3,11,9,1.27013430696,1.27022722439,9.29174313597e-05,0.952403671437,2.90366972999,ATR_TRAILING_STOP,2292.5,2265.15701121,,0 days 22:30:00,1350,22.5,SOURCE,SOURCE,SOURCE,UNAVAILABLE,DERIVED
v3,perpetual,true_oos,T3,M30,IMOEXF,V3_TRUE_OOS,TradingSystemLab/results/perpetual_v3/true_oos/T3/M30/trades.csv,299,T3-M30-IMOEXF-000091,v3|true_oos|T3|M30|IMOEXF|TradingSystemLab/results/perpetual_v3/true_oos/T3/M30/trades.csv|299|T3-M30-IMOEXF-000091,SHORT,2026-06-25 13:30:00+03:00,2026-06-26 15:00:00+03:00,2026-06-25,2026-06-26,2026,6,2026,6,3,4,13,15,-0.489023773777,-0.488960719919,6.30538585766e-05,0.977334807937,0.788173232208,ATR_TRAILING_STOP,2228.5,2244.00730366,,1 days 01:30:00,1530,25.5,SOURCE,SOURCE,SOURCE,UNAVAILABLE,DERIVED
v3,perpetual,true_oos,T3,M30,IMOEXF,V3_TRUE_OOS,TradingSystemLab/results/perpetual_v3/true_oos/T3/M30/trades.csv,304,T3-M30-IMOEXF-000092,v3|true_oos|T3|M30|IMOEXF|TradingSystemLab/results/perpetual_v3/true_oos/T3/M30/trades.csv|304|T3-M30-IMOEXF-000092,SHORT,2026-06-30 19:30:00+03:00,2026-07-01 09:30:00+03:00,2026-06-30,2026-07-01,2026,6,2026,7,1,2,19,9,-1.00014231346,-1.00007115673,7.11567294729e-05,1,0,ATR_TRAILING_STOP,2337.5,2365.60696915,,0 days 14:00:00,840,14,SOURCE,SOURCE,SOURCE,UNAVAILABLE,DERIVED
v3,perpetual,true_oos,T3,M30,IMOEXF,V3_TRUE_OOS,TradingSystemLab/results/perpetual_v3/true_oos/T3/M30/trades.csv,310,T3-M30-IMOEXF-000093,v3|true_oos|T3|M30|IMOEXF|TradingSystemLab/results/perpetual_v3/true_oos/T3/M30/trades.csv|310|T3-M30-IMOEXF-000093,SHORT,2026-07-14 17:30:00+03:00,2026-07-15 14:30:00+03:00,2026-07-14,2026-07-15,2026,7,2026,7,1,2,17,14,0.916207880652,0.916310144701,0.000102264048541,0.588018279111,2.30094109217,ATR_TRAILING_STOP,2159.5,2141.57752535,,0 days 21:00:00,1260,21,SOURCE,SOURCE,SOURCE,UNAVAILABLE,DERIVED
v3,perpetual,true_oos,T3,M30,IMOEXF,V3_TRUE_OOS,TradingSystemLab/results/perpetual_v3/true_oos/T3/M30/trades.csv,311,T3-M30-IMOEXF-000094,v3|true_oos|T3|M30|IMOEXF|TradingSystemLab/results/perpetual_v3/true_oos/T3/M30/trades.csv|311|T3-M30-IMOEXF-000094,SHORT,2026-07-16 10:30:00+03:00,2026-07-16 12:00:00+03:00,2026-07-16,2026-07-16,2026,7,2026,7,3,3,10,12,-0.740461598132,-0.740360082798,0.00010151533395,0.740258567464,0.837501505088,ATR_TRAILING_STOP,2062.5,2077.08417243,,0 days 01:30:00,90,1.5,SOURCE,SOURCE,SOURCE,UNAVAILABLE,DERIVED
v3,perpetual,true_oos,T3,M30,IMOEXF,V3_TRUE_OOS,TradingSystemLab/results/perpetual_v3/true_oos/T3/M30/trades.csv,312,T3-M30-IMOEXF-000095,v3|true_oos|T3|M30|IMOEXF|TradingSystemLab/results/perpetual_v3/true_oos/T3/M30/trades.csv|312|T3-M30-IMOEXF-000095,SHORT,2026-07-16 18:30:00+03:00,2026-07-17 07:30:00+03:00,2026-07-16,2026-07-17,2026,7,2026,7,3,4,18,7,0.123767279978,0.123840429328,7.31493494878e-05,0.0182873373719,1.24353894129,ATR_TRAILING_STOP,2032.5,2029.11203881,,0 days 13:00:00,780,13,SOURCE,SOURCE,SOURCE,UNAVAILABLE,DERIVED
v3,perpetual,true_oos,T3,M30,IMOEXF,V3_TRUE_OOS,TradingSystemLab/results/perpetual_v3/true_oos/T3/M30/trades.csv,314,T3-M30-IMOEXF-000096,v3|true_oos|T3|M30|IMOEXF|TradingSystemLab/results/perpetual_v3/true_oos/T3/M30/trades.csv|314|T3-M30-IMOEXF-000096,SHORT,2026-07-17 18:30:00+03:00,2026-07-19 10:30:00+03:00,2026-07-17,2026-07-19,2026,7,2026,7,4,6,18,10,1.0744334269,1.07449483011,6.14032133329e-05,0.337717673331,1.87279800665,ATR_TRAILING_STOP,1963,1928,,1 days 16:00:00,2400,40,SOURCE,SOURCE,SOURCE,UNAVAILABLE,DERIVED
v3,perpetual,true_oos,T3,M30,IMOEXF,V3_TRUE_OOS,TradingSystemLab/results/perpetual_v3/true_oos/T3/M30/trades.csv,318,T3-M30-IMOEXF-000097,v3|true_oos|T3|M30|IMOEXF|TradingSystemLab/results/perpetual_v3/true_oos/T3/M30/trades.csv|318|T3-M30-IMOEXF-000097,LONG,2026-07-24 17:00:00+03:00,2026-07-26 10:30:00+03:00,2026-07-24,2026-07-26,2026,7,2026,7,4,6,17,10,0.174378112618,0.174426733342,4.8620724717e-05,0.668534964859,0.583448696604,ATR_TRAILING_STOP,2183.5,2190.6769952,,1 days 17:30:00,2490,41.5,SOURCE,SOURCE,SOURCE,UNAVAILABLE,DERIVED
v3,perpetual,true_oos,T3,M30,IMOEXF,V3_TRUE_OOS,TradingSystemLab/results/perpetual_v3/true_oos/T3/M30/trades.csv,329,T3-M30-IMOEXF-000098,v3|true_oos|T3|M30|IMOEXF|TradingSystemLab/results/perpetual_v3/true_oos/T3/M30/trades.csv|329|T3-M30-IMOEXF-000098,LONG,2026-08-07 11:00:00+03:00,2026-08-07 13:00:00+03:00,2026-08-07,2026-08-07,2026,8,2026,8,4,4,11,13,-1.00023528488,-1.00011764244,0.00011764244029,1,0.176463660435,ATR_TRAILING_STOP,2308,2290.9993326,,0 days 02:00:00,120,2,SOURCE,SOURCE,SOURCE,UNAVAILABLE,DERIVED
v3,perpetual,true_oos,T3,M30,IMOEXF,V3_TRUE_OOS,TradingSystemLab/results/perpetual_v3/true_oos/T3/M30/trades.csv,337,T3-M30-IMOEXF-000099,v3|true_oos|T3|M30|IMOEXF|TradingSystemLab/results/perpetual_v3/true_oos/T3/M30/trades.csv|337|T3-M30-IMOEXF-000099,SHORT,2026-08-13 23:30:00+03:00,2026-08-14 08:30:00+03:00,2026-08-13,2026-08-14,2026,8,2026,8,3,4,23,8,-1.00025729711,-1.00012864856,0.000128648557333,1,0.128648557333,ATR_TRAILING_STOP,2220.5,2236.04622952,,0 days 09:00:00,540,9,SOURCE,SOURCE,SOURCE,UNAVAILABLE,DERIVED
v3,perpetual,true_oos,T3,M30,IMOEXF,V3_TRUE_OOS,TradingSystemLab/results/perpetual_v3/true_oos/T3/M30/trades.csv,339,T3-M30-IMOEXF-000100,v3|true_oos|T3|M30|IMOEXF|TradingSystemLab/results/perpetual_v3/true_oos/T3/M30/trades.csv|339|T3-M30-IMOEXF-000100,SHORT,2026-08-14 11:30:00+03:00,2026-08-17 08:00:00+03:00,2026-08-14,2026-08-17,2026,8,2026,8,4,0,11,8,5.05379224868,5.05388689139,9.46427068696e-05,0.189285413739,6.88525692476,ATR_TRAILING_STOP,2213.5,2106.69871121,,2 days 20:30:00,4110,68.5,SOURCE,SOURCE,SOURCE,UNAVAILABLE,DERIVED
v3,perpetual,true_oos,T3,M30,IMOEXF,V3_TRUE_OOS,TradingSystemLab/results/perpetual_v3/true_oos/T3/M30/trades.csv,349,T3-M30-IMOEXF-000101,v3|true_oos|T3|M30|IMOEXF|TradingSystemLab/results/perpetual_v3/true_oos/T3/M30/trades.csv|349|T3-M30-IMOEXF-000101,SHORT,2026-08-26 15:00:00+03:00,2026-08-26 16:30:00+03:00,2026-08-26,2026-08-26,2026,8,2026,8,2,2,15,16,-1.00018286185,-1.00009143092,9.14309234102e-05,1,0.342865962788,ATR_TRAILING_STOP,2074,2095.87443728,,0 days 01:30:00,90,1.5,SOURCE,SOURCE,SOURCE,UNAVAILABLE,DERIVED
v3,perpetual,true_oos,T3,M30,IMOEXF,V3_TRUE_OOS,TradingSystemLab/results/perpetual_v3/true_oos/T3/M30/trades.csv,350,T3-M30-IMOEXF-000102,v3|true_oos|T3|M30|IMOEXF|TradingSystemLab/results/perpetual_v3/true_oos/T3/M30/trades.csv|350|T3-M30-IMOEXF-000102,SHORT,2026-08-26 19:00:00+03:00,2026-08-27 11:30:00+03:00,2026-08-26,2026-08-27,2026,8,2026,8,2,3,19,11,-0.569055396326,-0.568973499961,8.18963651415e-05,0.568891603596,0.53232637342,ATR_TRAILING_STOP,2063,2076.89296345,,0 days 16:30:00,990,16.5,SOURCE,SOURCE,SOURCE,UNAVAILABLE,DERIVED
v3,perpetual,true_oos,T3,M30,IMOEXF,V3_TRUE_OOS,TradingSystemLab/results/perpetual_v3/true_oos/T3/M30/trades.csv,358,T3-M30-IMOEXF-000103,v3|true_oos|T3|M30|IMOEXF|TradingSystemLab/results/perpetual_v3/true_oos/T3/M30/trades.csv|358|T3-M30-IMOEXF-000103,LONG,2026-09-01 13:00:00+03:00,2026-09-01 21:00:00+03:00,2026-09-01,2026-09-01,2026,9,2026,9,1,1,13,21,-0.90903373245,-0.908937551652,9.61807981402e-05,0.937762781867,0.577084788841,ATR_TRAILING_STOP,2194.5,2175.60139678,,0 days 08:00:00,480,8,SOURCE,SOURCE,SOURCE,UNAVAILABLE,DERIVED
v3,perpetual,true_oos,T3,M30,IMOEXF,V3_TRUE_OOS,TradingSystemLab/results/perpetual_v3/true_oos/T3/M30/trades.csv,365,T3-M30-IMOEXF-000104,v3|true_oos|T3|M30|IMOEXF|TradingSystemLab/results/perpetual_v3/true_oos/T3/M30/trades.csv|365|T3-M30-IMOEXF-000104,LONG,2026-09-03 14:00:00+03:00,2026-09-04 10:30:00+03:00,2026-09-03,2026-09-04,2026,9,2026,9,3,4,14,10,1.3062915389,1.30639320614,0.000101667241879,0.330418536108,2.92293320403,ATR_TRAILING_STOP,2210,2235.70139308,,0 days 20:30:00,1230,20.5,SOURCE,SOURCE,SOURCE,UNAVAILABLE,DERIVED
v3,perpetual,true_oos,T3,M30,IMOEXF,V3_TRUE_OOS,TradingSystemLab/results/perpetual_v3/true_oos/T3/M30/trades.csv,369,T3-M30-IMOEXF-000105,v3|true_oos|T3|M30|IMOEXF|TradingSystemLab/results/perpetual_v3/true_oos/T3/M30/trades.csv|369|T3-M30-IMOEXF-000105,LONG,2026-09-14 18:30:00+03:00,2026-09-14 19:30:00+03:00,2026-09-14,2026-09-14,2026,9,2026,9,0,0,18,19,-1.00016679471,-1.00008339736,8.33973558595e-05,1,0.0416986779298,ATR_TRAILING_STOP,2374,2350.01842433,,0 days 01:00:00,60,1,SOURCE,SOURCE,SOURCE,UNAVAILABLE,DERIVED
v3,perpetual,true_oos,T3,M30,USDRUBF,V3_TRUE_OOS,TradingSystemLab/results/perpetual_v3/true_oos/T3/M30/trades.csv,3,T3-M30-USDRUBF-000001,v3|true_oos|T3|M30|USDRUBF|TradingSystemLab/results/perpetual_v3/true_oos/T3/M30/trades.csv|3|T3-M30-USDRUBF-000001,SHORT,2025-01-27 11:00:00+03:00,2025-01-27 16:00:00+03:00,2025-01-27,2025-01-27,2025,1,2025,1,0,0,11,16,0.27006880523,0.2747607193,0.00469191407035,0.0469191407036,1.9940634799,ATR_TRAILING_STOP,99.71,99.5908790489,,0 days 05:00:00,300,5,SOURCE,SOURCE,SOURCE,UNAVAILABLE,DERIVED
v3,perpetual,true_oos,T3,M30,USDRUBF,V3_TRUE_OOS,TradingSystemLab/results/perpetual_v3/true_oos/T3/M30/trades.csv,9,T3-M30-USDRUBF-000002,v3|true_oos|T3|M30|USDRUBF|TradingSystemLab/results/perpetual_v3/true_oos/T3/M30/trades.csv|9|T3-M30-USDRUBF-000002,SHORT,2025-02-06 10:00:00+03:00,2025-02-06 11:30:00+03:00,2025-02-06,2025-02-06,2025,2,2025,2,3,3,10,11,-1.00817414683,-1.00408707341,0.00408707341465,1,0.388271974392,ATR_TRAILING_STOP,97.23,97.7193477061,,0 days 01:30:00,90,1.5,SOURCE,SOURCE,SOURCE,UNAVAILABLE,DERIVED
v3,perpetual,true_oos,T3,M30,USDRUBF,V3_TRUE_OOS,TradingSystemLab/results/perpetual_v3/true_oos/T3/M30/trades.csv,15,T3-M30-USDRUBF-000003,v3|true_oos|T3|M30|USDRUBF|TradingSystemLab/results/perpetual_v3/true_oos/T3/M30/trades.csv|15|T3-M30-USDRUBF-000003,SHORT,2025-02-12 18:30:00+03:00,2025-02-12 22:30:00+03:00,2025-02-12,2025-02-12,2025,2,2025,2,2,2,18,22,3.58252403025,3.58594797948,0.00342394923754,0.0513592385631,6.36854558183,ATR_TRAILING_STOP,95.48,93.3833731637,,0 days 04:00:00,240,4,SOURCE,SOURCE,SOURCE,UNAVAILABLE,DERIVED
v3,perpetual,true_oos,T3,M30,USDRUBF,V3_TRUE_OOS,TradingSystemLab/results/perpetual_v3/true_oos/T3/M30/trades.csv,18,T3-M30-USDRUBF-000004,v3|true_oos|T3|M30|USDRUBF|TradingSystemLab/results/perpetual_v3/true_oos/T3/M30/trades.csv|18|T3-M30-USDRUBF-000004,SHORT,2025-02-14 09:30:00+03:00,2025-02-14 10:30:00+03:00,2025-02-14,2025-02-14,2025,2,2025,2,4,4,9,10,-0.852746017084,-0.850184514455,0.002561502629,0.847623011826,0.704413222976,ATR_TRAILING_STOP,91.85,92.5118170149,,0 days 01:00:00,60,1,SOURCE,SOURCE,SOURCE,UNAVAILABLE,DERIVED
v3,perpetual,true_oos,T3,M30,USDRUBF,V3_TRUE_OOS,TradingSystemLab/results/perpetual_v3/true_oos/T3/M30/trades.csv,24,T3-M30-USDRUBF-000005,v3|true_oos|T3|M30|USDRUBF|TradingSystemLab/results/perpetual_v3/true_oos/T3/M30/trades.csv|24|T3-M30-USDRUBF-000005,SHORT,2025-02-28 20:00:00+03:00,2025-02-28 21:30:00+03:00,2025-02-28,2025-02-28,2025,2,2025,2,4,4,20,21,-1.00503032837,-1.00251516418,0.00251516418448,1,0.238940597525,ATR_TRAILING_STOP,89.52,90.3151767174,,0 days 01:30:00,90,1.5,SOURCE,SOURCE,SOURCE,UNAVAILABLE,DERIVED
v3,perpetual,true_oos,T3,M30,USDRUBF,V3_TRUE_OOS,TradingSystemLab/results/perpetual_v3/true_oos/T3/M30/trades.csv,25,T3-M30-USDRUBF-000006,v3|true_oos|T3|M30|USDRUBF|TradingSystemLab/results/perpetual_v3/true_oos/T3/M30/trades.csv|25|T3-M30-USDRUBF-000006,SHORT,2025-02-28 23:30:00+03:00,2025-03-03 09:30:00+03:00,2025-02-28,2025-03-03,2025,2,2025,3,4,0,23,9,-1.00442408994,-1.00221204497,0.00221204496862,1,0.0110602248431,ATR_TRAILING_STOP,89.27,90.1741407514,,2 days 10:00:00,3480,58,SOURCE,SOURCE,SOURCE,UNAVAILABLE,DERIVED
v3,perpetual,true_oos,T3,M30,USDRUBF,V3_TRUE_OOS,TradingSystemLab/results/perpetual_v3/true_oos/T3/M30/trades.csv,31,T3-M30-USDRUBF-000007,v3|true_oos|T3|M30|USDRUBF|TradingSystemLab/results/perpetual_v3/true_oos/T3/M30/trades.csv|31|T3-M30-USDRUBF-000007,SHORT,2025-03-10 18:00:00+03:00,2025-03-11 19:30:00+03:00,2025-03-10,2025-03-11,2025,3,2025,3,0,1,18,19,0.951118833193,0.954121543844,0.00300271065167,0.345311724942,2.53729050066,ATR_TRAILING_STOP,87.81,87.1724931833,,1 days 01:30:00,1530,25.5,SOURCE,SOURCE,SOURCE,UNAVAILABLE,DERIVED
v3,perpetual,true_oos,T3,M30,USDRUBF,V3_TRUE_OOS,TradingSystemLab/results/perpetual_v3/true_oos/T3/M30/trades.csv,33,T3-M30-USDRUBF-000008,v3|true_oos|T3|M30|USDRUBF|TradingSystemLab/results/perpetual_v3/true_oos/T3/M30/trades.csv|33|T3-M30-USDRUBF-000008,SHORT,2025-03-13 13:00:00+03:00,2025-03-13 17:30:00+03:00,2025-03-13,2025-03-13,2025,3,2025,3,3,3,13,17,-1.0064416819,-1.00322084095,0.00322084095087,1,0.467021937876,ATR_TRAILING_STOP,87.11,87.7309558406,,0 days 04:30:00,270,4.5,SOURCE,SOURCE,SOURCE,UNAVAILABLE,DERIVED
v3,perpetual,true_oos,T3,M30,USDRUBF,V3_TRUE_OOS,TradingSystemLab/results/perpetual_v3/true_oos/T3/M30/trades.csv,35,T3-M30-USDRUBF-000009,v3|true_oos|T3|M30|USDRUBF|TradingSystemLab/results/perpetual_v3/true_oos/T3/M30/trades.csv|35|T3-M30-USDRUBF-000009,SHORT,2025-03-13 19:30:00+03:00,2025-03-14 10:30:00+03:00,2025-03-13,2025-03-14,2025,3,2025,3,3,4,19,10,-1.00486809131,-1.00243404565,0.00243404565267,1,0.07302136958,ATR_TRAILING_STOP,86.18,87.0016772754,,0 days 15:00:00,900,15,SOURCE,SOURCE,SOURCE,UNAVAILABLE,DERIVED
v3,perpetual,true_oos,T3,M30,USDRUBF,V3_TRUE_OOS,TradingSystemLab/results/perpetual_v3/true_oos/T3/M30/trades.csv,37,T3-M30-USDRUBF-000010,v3|true_oos|T3|M30|USDRUBF|TradingSystemLab/results/perpetual_v3/true_oos/T3/M30/trades.csv|37|T3-M30-USDRUBF-000010,SHORT,2025-03-18 12:00:00+03:00,2025-03-18 13:00:00+03:00,2025-03-18,2025-03-18,2025,3,2025,3,1,1,12,13,-1.0069466741,-1.00347333705,0.0034733370524,1,0.034733370524,ATR_TRAILING_STOP,82.81,83.3858151224,,0 days 01:00:00,60,1,SOURCE,SOURCE,SOURCE,UNAVAILABLE,DERIVED
v3,perpetual,true_oos,T3,M30,USDRUBF,V3_TRUE_OOS,TradingSystemLab/results/perpetual_v3/true_oos/T3/M30/trades.csv,40,T3-M30-USDRUBF-000011,v3|true_oos|T3|M30|USDRUBF|TradingSystemLab/results/perpetual_v3/true_oos/T3/M30/trades.csv|40|T3-M30-USDRUBF-000011,LONG,2025-03-31 09:30:00+03:00,2025-03-31 11:00:00+03:00,2025-03-31,2025-03-31,2025,3,2025,3,0,0,9,11,-1.00743912812,-1.00371956406,0.00371956406132,1,0.409152046745,ATR_TRAILING_STOP,87.83,87.2923025798,,0 days 01:30:00,90,1.5,SOURCE,SOURCE,SOURCE,UNAVAILABLE,DERIVED
v3,perpetual,true_oos,T3,M30,USDRUBF,V3_TRUE_OOS,TradingSystemLab/results/perpetual_v3/true_oos/T3/M30/trades.csv,47,T3-M30-USDRUBF-000012,v3|true_oos|T3|M30|USDRUBF|TradingSystemLab/results/perpetual_v3/true_oos/T3/M30/trades.csv|47|T3-M30-USDRUBF-000012,SHORT,2025-04-14 11:30:00+03:00,2025-04-14 20:00:00+03:00,2025-04-14,2025-04-14,2025,4,2025,4,0,0,11,20,-0.752134671732,-0.749149465981,0.00298520575187,0.746164260229,0.477632920299,ATR_TRAILING_STOP,84.56,85.059908095,,0 days 08:30:00,510,8.5,SOURCE,SOURCE,SOURCE,UNAVAILABLE,DERIVED
v3,perpetual,true_oos,T3,M30,USDRUBF,V3_TRUE_OOS,TradingSystemLab/results/perpetual_v3/true_oos/T3/M30/trades.csv,49,T3-M30-USDRUBF-000013,v3|true_oos|T3|M30|USDRUBF|TradingSystemLab/results/perpetual_v3/true_oos/T3/M30/trades.csv|49|T3-M30-USDRUBF-000013,SHORT,2025-04-15 12:00:00+03:00,2025-04-15 18:00:00+03:00,2025-04-15,2025-04-15,2025,4,2025,4,1,1,12,18,-1.00627182101,-1.0031359105,0.0031359105027,1,0.329270602783,ATR_TRAILING_STOP,83.81,84.4477733032,,0 days 06:00:00,360,6,SOURCE,SOURCE,SOURCE,UNAVAILABLE,DERIVED
v3,perpetual,true_oos,T3,M30,USDRUBF,V3_TRUE_OOS,TradingSystemLab/results/perpetual_v3/true_oos/T3/M30/trades.csv,56,T3-M30-USDRUBF-000014,v3|true_oos|T3|M30|USDRUBF|TradingSystemLab/results/perpetual_v3/true_oos/T3/M30/trades.csv|56|T3-M30-USDRUBF-000014,SHORT,2025-05-05 10:30:00+03:00,2025-05-05 23:30:00+03:00,2025-05-05,2025-05-05,2025,5,2025,5,0,0,10,23,0.932104273016,0.935978570074,0.00387429705765,0.600516043935,2.15023486699,ATR_TRAILING_STOP,82.75,82.2648266366,,0 days 13:00:00,780,13,SOURCE,SOURCE,SOURCE,UNAVAILABLE,DERIVED
v3,perpetual,true_oos,T3,M30,USDRUBF,V3_TRUE_OOS,TradingSystemLab/results/perpetual_v3/true_oos/T3/M30/trades.csv,63,T3-M30-USDRUBF-000015,v3|true_oos|T3|M30|USDRUBF|TradingSystemLab/results/perpetual_v3/true_oos/T3/M30/trades.csv|63|T3-M30-USDRUBF-000015,SHORT,2025-05-22 14:30:00+03:00,2025-05-22 16:00:00+03:00,2025-05-22,2025-05-22,2025,5,2025,5,3,3,14,16,-1.00971204035,-1.00485602017,0.00485602017349,1,0.0485602017349,ATR_TRAILING_STOP,79.4,79.8118599035,,0 days 01:30:00,90,1.5,SOURCE,SOURCE,SOURCE,UNAVAILABLE,DERIVED
v3,perpetual,true_oos,T3,M30,USDRUBF,V3_TRUE_OOS,TradingSystemLab/results/perpetual_v3/true_oos/T3/M30/trades.csv,64,T3-M30-USDRUBF-000016,v3|true_oos|T3|M30|USDRUBF|TradingSystemLab/results/perpetual_v3/true_oos/T3/M30/trades.csv|64|T3-M30-USDRUBF-000016,SHORT,2025-05-23 18:30:00+03:00,2025-05-26 10:30:00+03:00,2025-05-23,2025-05-26,2025,5,2025,5,4,0,18,10,-0.973589755689,-0.968249583313,0.00534017237615,0.962909410937,0.0267008618808,ATR_TRAILING_STOP,79.39,79.7506285877,,2 days 16:00:00,3840,64,SOURCE,SOURCE,SOURCE,UNAVAILABLE,DERIVED
v3,perpetual,true_oos,T3,M30,USDRUBF,V3_TRUE_OOS,TradingSystemLab/results/perpetual_v3/true_oos/T3/M30/trades.csv,67,T3-M30-USDRUBF-000017,v3|true_oos|T3|M30|USDRUBF|TradingSystemLab/results/perpetual_v3/true_oos/T3/M30/trades.csv|67|T3-M30-USDRUBF-000017,SHORT,2025-05-29 13:30:00+03:00,2025-05-29 16:30:00+03:00,2025-05-29,2025-05-29,2025,5,2025,5,3,3,13,16,-1.01149733686,-1.00574866843,0.00574866843189,1,0.143716710797,ATR_TRAILING_STOP,78.53,78.8779066542,,0 days 03:00:00,180,3,SOURCE,SOURCE,SOURCE,UNAVAILABLE,DERIVED
v3,perpetual,true_oos,T3,M30,USDRUBF,V3_TRUE_OOS,TradingSystemLab/results/perpetual_v3/true_oos/T3/M30/trades.csv,69,T3-M30-USDRUBF-000018,v3|true_oos|T3|M30|USDRUBF|TradingSystemLab/results/perpetual_v3/true_oos/T3/M30/trades.csv|69|T3-M30-USDRUBF-000018,SHORT,2025-05-29 23:00:00+03:00,2025-05-30 09:30:00+03:00,2025-05-29,2025-05-30,2025,5,2025,5,3,4,23,9,-1.0140103145,-1.00700515725,0.0070051572509,1,0.070051572509,ATR_TRAILING_STOP,78.36,78.6455039406,,0 days 10:30:00,630,10.5,SOURCE,SOURCE,SOURCE,UNAVAILABLE,DERIVED
v3,perpetual,true_oos,T3,M30,USDRUBF,V3_TRUE_OOS,TradingSystemLab/results/perpetual_v3/true_oos/T3/M30/trades.csv,73,T3-M30-USDRUBF-000019,v3|true_oos|T3|M30|USDRUBF|TradingSystemLab/results/perpetual_v3/true_oos/T3/M30/trades.csv|73|T3-M30-USDRUBF-000019,SHORT,2025-06-16 09:30:00+03:00,2025-06-16 10:30:00+03:00,2025-06-16,2025-06-16,2025,6,2025,6,0,0,9,10,-1.01271485537,-1.00635742768,0.00635742768254,1,0.413232799365,ATR_TRAILING_STOP,78.31,78.6245926466,,0 days 01:00:00,60,1,SOURCE,SOURCE,SOURCE,UNAVAILABLE,DERIVED
v3,perpetual,true_oos,T3,M30,USDRUBF,V3_TRUE_OOS,TradingSystemLab/results/perpetual_v3/true_oos/T3/M30/trades.csv,79,T3-M30-USDRUBF-000020,v3|true_oos|T3|M30|USDRUBF|TradingSystemLab/results/perpetual_v3/true_oos/T3/M30/trades.csv|79|T3-M30-USDRUBF-000020,SHORT,2025-07-07 14:30:00+03:00,2025-07-08 10:30:00+03:00,2025-07-07,2025-07-08,2025,7,2025,7,0,1,14,10,1.54461901047,1.55568784987,0.0110688394067,0.553441970335,3.20996342794,ATR_TRAILING_STOP,78.54,78.256906781,,0 days 20:00:00,1200,20,SOURCE,SOURCE,SOURCE,UNAVAILABLE,DERIVED
v3,perpetual,true_oos,T3,M30,USDRUBF,V3_TRUE_OOS,TradingSystemLab/results/perpetual_v3/true_oos/T3/M30/trades.csv,89,T3-M30-USDRUBF-000021,v3|true_oos|T3|M30|USDRUBF|TradingSystemLab/results/perpetual_v3/true_oos/T3/M30/trades.csv|89|T3-M30-USDRUBF-000021,SHORT,2025-07-14 20:00:00+03:00,2025-07-15 19:30:00+03:00,2025-07-14,2025-07-15,2025,7,2025,7,0,1,20,19,0.030098239444,0.0374583666765,0.00736012723247,0.294405089299,0.956816540222,ATR_TRAILING_STOP,78.32,78.307821272,,0 days 23:30:00,1410,23.5,SOURCE,SOURCE,SOURCE,UNAVAILABLE,DERIVED
v3,perpetual,true_oos,T3,M30,USDRUBF,V3_TRUE_OOS,TradingSystemLab/results/perpetual_v3/true_oos/T3/M30/trades.csv,95,T3-M30-USDRUBF-000022,v3|true_oos|T3|M30|USDRUBF|TradingSystemLab/results/perpetual_v3/true_oos/T3/M30/trades.csv|95|T3-M30-USDRUBF-000022,LONG,2025-07-24 12:30:00+03:00,2025-07-24 15:30:00+03:00,2025-07-24,2025-07-24,2025,7,2025,7,3,3,12,15,-1.01386791599,-1.006933958,0.0069339579953,1,0.242688529836,ATR_TRAILING_STOP,79.43,79.1415644483,,0 days 03:00:00,180,3,SOURCE,SOURCE,SOURCE,UNAVAILABLE,DERIVED
v3,perpetual,true_oos,T3,M30,USDRUBF,V3_TRUE_OOS,TradingSystemLab/results/perpetual_v3/true_oos/T3/M30/trades.csv,99,T3-M30-USDRUBF-000023,v3|true_oos|T3|M30|USDRUBF|TradingSystemLab/results/perpetual_v3/true_oos/T3/M30/trades.csv|99|T3-M30-USDRUBF-000023,LONG,2025-07-28 11:30:00+03:00,2025-07-29 14:00:00+03:00,2025-07-28,2025-07-29,2025,7,2025,7,0,1,11,14,8.70987428006,8.71803451859,0.0081602385287,0.244807155861,12.0363518298,ATR_TRAILING_STOP,79.83,81.9687107072,,1 days 02:30:00,1590,26.5,SOURCE,SOURCE,SOURCE,UNAVAILABLE,DERIVED
v3,perpetual,true_oos,T3,M30,USDRUBF,V3_TRUE_OOS,TradingSystemLab/results/perpetual_v3/true_oos/T3/M30/trades.csv,113,T3-M30-USDRUBF-000024,v3|true_oos|T3|M30|USDRUBF|TradingSystemLab/results/perpetual_v3/true_oos/T3/M30/trades.csv|113|T3-M30-USDRUBF-000024,LONG,2025-09-04 12:00:00+03:00,2025-09-05 10:00:00+03:00,2025-09-04,2025-09-05,2025,9,2025,9,3,4,12,10,-0.214196696129,-0.204675866066,0.00952083006237,0.76166640499,0.666458104366,ATR_TRAILING_STOP,81.35,81.3090046173,,0 days 22:00:00,1320,22,SOURCE,SOURCE,SOURCE,UNAVAILABLE,DERIVED
v3,perpetual,true_oos,T3,M30,USDRUBF,V3_TRUE_OOS,TradingSystemLab/results/perpetual_v3/true_oos/T3/M30/trades.csv,114,T3-M30-USDRUBF-000025,v3|true_oos|T3|M30|USDRUBF|TradingSystemLab/results/perpetual_v3/true_oos/T3/M30/trades.csv|114|T3-M30-USDRUBF-000025,LONG,2025-09-05 13:00:00+03:00,2025-09-05 16:30:00+03:00,2025-09-05,2025-09-05,2025,9,2025,9,4,4,13,16,-1.01107950171,-1.00013937165,0.0109401300657,0.989199241581,0.43760520263,ATR_TRAILING_STOP,81.66,81.479161338,,0 days 03:30:00,210,3.5,SOURCE,SOURCE,SOURCE,UNAVAILABLE,DERIVED
v3,perpetual,true_oos,T3,M30,USDRUBF,V3_TRUE_OOS,TradingSystemLab/results/perpetual_v3/true_oos/T3/M30/trades.csv,118,T3-M30-USDRUBF-000026,v3|true_oos|T3|M30|USDRUBF|TradingSystemLab/results/perpetual_v3/true_oos/T3/M30/trades.csv|118|T3-M30-USDRUBF-000026,LONG,2025-09-08 10:30:00+03:00,2025-09-10 15:30:00+03:00,2025-09-08,2025-09-10,2025,9,2025,9,0,2,10,15,14.4040122767,14.4148667137,0.0108544370469,0.651266222814,17.3128270898,ATR_TRAILING_STOP,82.08,84.7380321187,,2 days 05:00:00,3180,53,SOURCE,SOURCE,SOURCE,UNAVAILABLE,DERIVED
v3,perpetual,true_oos,T3,M30,USDRUBF,V3_TRUE_OOS,TradingSystemLab/results/perpetual_v3/true_oos/T3/M30/trades.csv,121,T3-M30-USDRUBF-000027,v3|true_oos|T3|M30|USDRUBF|TradingSystemLab/results/perpetual_v3/true_oos/T3/M30/trades.csv|121|T3-M30-USDRUBF-000027,LONG,2025-09-11 00:00:00+03:00,2025-09-11 11:00:00+03:00,2025-09-11,2025-09-11,2025,9,2025,9,3,3,0,11,0.334799302136,0.341185551129,0.00638624899263,0.6066936543,2.17132465749,ATR_TRAILING_STOP,85.3,85.4088500622,,0 days 11:00:00,660,11,SOURCE,SOURCE,SOURCE,UNAVAILABLE,DERIVED
v3,perpetual,true_oos,T3,M30,USDRUBF,V3_TRUE_OOS,TradingSystemLab/results/perpetual_v3/true_oos/T3/M30/trades.csv,124,T3-M30-USDRUBF-000028,v3|true_oos|T3|M30|USDRUBF|TradingSystemLab/results/perpetual_v3/true_oos/T3/M30/trades.csv|124|T3-M30-USDRUBF-000028,LONG,2025-09-16 17:00:00+03:00,2025-09-16 19:00:00+03:00,2025-09-16,2025-09-16,2025,9,2025,9,1,1,17,19,-1.01012388781,-1.0050619439,0.00506194390291,1,0.0759291585436,ATR_TRAILING_STOP,83.56,83.1648948708,,0 days 02:00:00,120,2,SOURCE,SOURCE,SOURCE,UNAVAILABLE,DERIVED
v3,perpetual,true_oos,T3,M30,USDRUBF,V3_TRUE_OOS,TradingSystemLab/results/perpetual_v3/true_oos/T3/M30/trades.csv,130,T3-M30-USDRUBF-000029,v3|true_oos|T3|M30|USDRUBF|TradingSystemLab/results/perpetual_v3/true_oos/T3/M30/trades.csv|130|T3-M30-USDRUBF-000029,SHORT,2025-09-29 14:30:00+03:00,2025-09-29 20:00:00+03:00,2025-09-29,2025-09-29,2025,9,2025,9,0,0,14,20,-0.367979515578,-0.360128176957,0.00785133862055,0.667363782747,1.17770079308,ATR_TRAILING_STOP,83.05,83.1397367584,,0 days 05:30:00,330,5.5,SOURCE,SOURCE,SOURCE,UNAVAILABLE,DERIVED
v3,perpetual,true_oos,T3,M30,USDRUBF,V3_TRUE_OOS,TradingSystemLab/results/perpetual_v3/true_oos/T3/M30/trades.csv,133,T3-M30-USDRUBF-000030,v3|true_oos|T3|M30|USDRUBF|TradingSystemLab/results/perpetual_v3/true_oos/T3/M30/trades.csv|133|T3-M30-USDRUBF-000030,SHORT,2025-09-30 12:30:00+03:00,2025-09-30 19:30:00+03:00,2025-09-30,2025-09-30,2025,9,2025,9,1,1,12,19,0.0581394612111,0.0654324020312,0.00729294082011,0.692829377911,1.89616461323,ATR_TRAILING_STOP,82.61,82.5900559624,,0 days 07:00:00,420,7,SOURCE,SOURCE,SOURCE,UNAVAILABLE,DERIVED
v3,perpetual,true_oos,T3,M30,USDRUBF,V3_TRUE_OOS,TradingSystemLab/results/perpetual_v3/true_oos/T3/M30/trades.csv,136,T3-M30-USDRUBF-000031,v3|true_oos|T3|M30|USDRUBF|TradingSystemLab/results/perpetual_v3/true_oos/T3/M30/trades.csv|136|T3-M30-USDRUBF-000031,SHORT,2025-10-01 10:30:00+03:00,2025-10-01 15:00:00+03:00,2025-10-01,2025-10-01,2025,10,2025,10,2,2,10,15,0.980113398573,0.986223853805,0.00611045523183,0.183313656955,2.74970485432,ATR_TRAILING_STOP,81.96,81.6352011851,,0 days 04:30:00,270,4.5,SOURCE,SOURCE,SOURCE,UNAVAILABLE,DERIVED
v3,perpetual,true_oos,T3,M30,USDRUBF,V3_TRUE_OOS,TradingSystemLab/results/perpetual_v3/true_oos/T3/M30/trades.csv,144,T3-M30-USDRUBF-000032,v3|true_oos|T3|M30|USDRUBF|TradingSystemLab/results/perpetual_v3/true_oos/T3/M30/trades.csv|144|T3-M30-USDRUBF-000032,SHORT,2025-10-08 18:00:00+03:00,2025-10-09 10:00:00+03:00,2025-10-08,2025-10-09,2025,10,2025,10,2,3,18,10,-0.855488754364,-0.850643106055,0.00484564830926,0.845797457745,0.290738898556,ATR_TRAILING_STOP,81.22,81.5690956849,,0 days 16:00:00,960,16,SOURCE,SOURCE,SOURCE,UNAVAILABLE,DERIVED
v3,perpetual,true_oos,T3,M30,USDRUBF,V3_TRUE_OOS,TradingSystemLab/results/perpetual_v3/true_oos/T3/M30/trades.csv,150,T3-M30-USDRUBF-000033,v3|true_oos|T3|M30|USDRUBF|TradingSystemLab/results/perpetual_v3/true_oos/T3/M30/trades.csv|150|T3-M30-USDRUBF-000033,SHORT,2025-10-15 11:00:00+03:00,2025-10-16 10:30:00+03:00,2025-10-15,2025-10-16,2025,10,2025,10,2,3,11,10,1.18350229328,1.1889614433,0.00545915001741,0.627802252002,2.59309625827,ATR_TRAILING_STOP,78.97,78.5324151784,,0 days 23:30:00,1410,23.5,SOURCE,SOURCE,SOURCE,UNAVAILABLE,DERIVED
v3,perpetual,true_oos,T3,M30,USDRUBF,V3_TRUE_OOS,TradingSystemLab/results/perpetual_v3/true_oos/T3/M30/trades.csv,156,T3-M30-USDRUBF-000034,v3|true_oos|T3|M30|USDRUBF|TradingSystemLab/results/perpetual_v3/true_oos/T3/M30/trades.csv|156|T3-M30-USDRUBF-000034,SHORT,2025-10-27 09:30:00+03:00,2025-10-27 19:00:00+03:00,2025-10-27,2025-10-27,2025,10,2025,10,0,0,9,19,0.341110014034,0.346194517507,0.00508450347271,0.0254225173635,1.85584376754,ATR_TRAILING_STOP,79.71,79.5718236676,,0 days 09:30:00,570,9.5,SOURCE,SOURCE,SOURCE,UNAVAILABLE,DERIVED
v3,perpetual,true_oos,T3,M30,USDRUBF,V3_TRUE_OOS,TradingSystemLab/results/perpetual_v3/true_oos/T3/M30/trades.csv,168,T3-M30-USDRUBF-000035,v3|true_oos|T3|M30|USDRUBF|TradingSystemLab/results/perpetual_v3/true_oos/T3/M30/trades.csv|168|T3-M30-USDRUBF-000035,SHORT,2025-11-20 21:30:00+03:00,2025-11-21 17:00:00+03:00,2025-11-20,2025-11-21,2025,11,2025,11,3,4,21,17,1.57530547641,1.58113545559,0.00582997918535,0.233199167414,3.20648855194,ATR_TRAILING_STOP,79.87,79.3255845281,,0 days 19:30:00,1170,19.5,SOURCE,SOURCE,SOURCE,UNAVAILABLE,DERIVED
v3,perpetual,true_oos,T3,M30,USDRUBF,V3_TRUE_OOS,TradingSystemLab/results/perpetual_v3/true_oos/T3/M30/trades.csv,170,T3-M30-USDRUBF-000036,v3|true_oos|T3|M30|USDRUBF|TradingSystemLab/results/perpetual_v3/true_oos/T3/M30/trades.csv|170|T3-M30-USDRUBF-000036,SHORT,2025-11-24 14:00:00+03:00,2025-11-25 11:00:00+03:00,2025-11-24,2025-11-25,2025,11,2025,11,0,1,14,11,-0.831134564936,-0.825869553594,0.00526501134121,0.895051928006,0.315900680473,ATR_TRAILING_STOP,78.6,78.9117199524,,0 days 21:00:00,1260,21,SOURCE,SOURCE,SOURCE,UNAVAILABLE,DERIVED
v3,perpetual,true_oos,T3,M30,USDRUBF,V3_TRUE_OOS,TradingSystemLab/results/perpetual_v3/true_oos/T3/M30/trades.csv,171,T3-M30-USDRUBF-000037,v3|true_oos|T3|M30|USDRUBF|TradingSystemLab/results/perpetual_v3/true_oos/T3/M30/trades.csv|171|T3-M30-USDRUBF-000037,SHORT,2025-11-28 18:00:00+03:00,2025-12-01 10:00:00+03:00,2025-11-28,2025-12-01,2025,11,2025,12,4,0,18,10,-0.471796394061,-0.465553793939,0.00624260012231,0.459311193817,0.8115380159,ATR_TRAILING_STOP,77.63,77.7771538093,,2 days 16:00:00,3840,64,SOURCE,SOURCE,SOURCE,UNAVAILABLE,DERIVED
v3,perpetual,true_oos,T3,M30,USDRUBF,V3_TRUE_OOS,TradingSystemLab/results/perpetual_v3/true_oos/T3/M30/trades.csv,172,T3-M30-USDRUBF-000038,v3|true_oos|T3|M30|USDRUBF|TradingSystemLab/results/perpetual_v3/true_oos/T3/M30/trades.csv|172|T3-M30-USDRUBF-000038,SHORT,2025-12-03 18:00:00+03:00,2025-12-04 09:30:00+03:00,2025-12-03,2025-12-04,2025,12,2025,12,2,3,18,9,0.855550079978,0.861532274409,0.00598219443125,0,2.03394610662,ATR_TRAILING_STOP,77.36,77.0699678124,,0 days 15:30:00,930,15.5,SOURCE,SOURCE,SOURCE,UNAVAILABLE,DERIVED
v3,perpetual,true_oos,T3,M30,USDRUBF,V3_TRUE_OOS,TradingSystemLab/results/perpetual_v3/true_oos/T3/M30/trades.csv,176,T3-M30-USDRUBF-000039,v3|true_oos|T3|M30|USDRUBF|TradingSystemLab/results/perpetual_v3/true_oos/T3/M30/trades.csv|176|T3-M30-USDRUBF-000039,SHORT,2025-12-04 20:00:00+03:00,2025-12-05 10:30:00+03:00,2025-12-04,2025-12-05,2025,12,2025,12,3,4,20,10,0.0822857289971,0.0867940193768,0.00450829037975,0.0450829037975,1.53281872911,ATR_TRAILING_STOP,76.02,75.9794958168,,0 days 14:30:00,870,14.5,SOURCE,SOURCE,SOURCE,UNAVAILABLE,DERIVED
v3,perpetual,true_oos,T3,M30,USDRUBF,V3_TRUE_OOS,TradingSystemLab/results/perpetual_v3/true_oos/T3/M30/trades.csv,179,T3-M30-USDRUBF-000040,v3|true_oos|T3|M30|USDRUBF|TradingSystemLab/results/perpetual_v3/true_oos/T3/M30/trades.csv|179|T3-M30-USDRUBF-000040,LONG,2025-12-10 18:00:00+03:00,2025-12-11 10:30:00+03:00,2025-12-10,2025-12-11,2025,12,2025,12,2,3,18,10,0.323100328201,0.327500022192,0.00439969399151,0.0219984699575,1.31990819745,ATR_TRAILING_STOP,78.79,78.9408740002,,0 days 16:30:00,990,16.5,SOURCE,SOURCE,SOURCE,UNAVAILABLE,DERIVED
v3,perpetual,true_oos,T3,M30,USDRUBF,V3_TRUE_OOS,TradingSystemLab/results/perpetual_v3/true_oos/T3/M30/trades.csv,181,T3-M30-USDRUBF-000041,v3|true_oos|T3|M30|USDRUBF|TradingSystemLab/results/perpetual_v3/true_oos/T3/M30/trades.csv|181|T3-M30-USDRUBF-000041,LONG,2025-12-11 17:30:00+03:00,2025-12-12 09:30:00+03:00,2025-12-11,2025-12-12,2025,12,2025,12,3,4,17,9,-0.7597538906,-0.7555241573,0.00422973329992,0.909392659482,0.380675996993,ATR_TRAILING_STOP,79.98,79.6247556521,,0 days 16:00:00,960,16,SOURCE,SOURCE,SOURCE,UNAVAILABLE,DERIVED
v3,perpetual,true_oos,T3,M30,USDRUBF,V3_TRUE_OOS,TradingSystemLab/results/perpetual_v3/true_oos/T3/M30/trades.csv,185,T3-M30-USDRUBF-000042,v3|true_oos|T3|M30|USDRUBF|TradingSystemLab/results/perpetual_v3/true_oos/T3/M30/trades.csv|185|T3-M30-USDRUBF-000042,SHORT,2025-12-23 16:00:00+03:00,2025-12-23 19:30:00+03:00,2025-12-23,2025-12-23,2025,12,2025,12,1,1,16,19,-1.00931373654,-1.00465686827,0.00465686826771,1,0.32598077874,ATR_TRAILING_STOP,78.23,78.6594731749,,0 days 03:30:00,210,3.5,SOURCE,SOURCE,SOURCE,UNAVAILABLE,DERIVED
v3,perpetual,true_oos,T3,M30,USDRUBF,V3_TRUE_OOS,TradingSystemLab/results/perpetual_v3/true_oos/T3/M30/trades.csv,189,T3-M30-USDRUBF-000043,v3|true_oos|T3|M30|USDRUBF|TradingSystemLab/results/perpetual_v3/true_oos/T3/M30/trades.csv|189|T3-M30-USDRUBF-000043,LONG,2026-01-05 10:30:00+03:00,2026-01-06 10:30:00+03:00,2026-01-05,2026-01-06,2026,1,2026,1,0,1,10,10,1.02335597896,1.02881205611,0.00545607714932,0,2.07330931674,ATR_TRAILING_STOP,79.42,79.7991251864,,1 days 00:00:00,1440,24,SOURCE,SOURCE,SOURCE,UNAVAILABLE,DERIVED
v3,perpetual,true_oos,T3,M30,USDRUBF,V3_TRUE_OOS,TradingSystemLab/results/perpetual_v3/true_oos/T3/M30/trades.csv,195,T3-M30-USDRUBF-000044,v3|true_oos|T3|M30|USDRUBF|TradingSystemLab/results/perpetual_v3/true_oos/T3/M30/trades.csv|195|T3-M30-USDRUBF-000044,SHORT,2026-01-22 10:30:00+03:00,2026-01-23 10:30:00+03:00,2026-01-22,2026-01-23,2026,1,2026,1,3,4,10,10,0.303109736741,0.308595880699,0.00548614395766,0.466322236401,1.50868958836,ATR_TRAILING_STOP,76.12,76.0054998968,,1 days 00:00:00,1440,24,SOURCE,SOURCE,SOURCE,UNAVAILABLE,DERIVED
v3,perpetual,true_oos,T3,M30,USDRUBF,V3_TRUE_OOS,TradingSystemLab/results/perpetual_v3/true_oos/T3/M30/trades.csv,200,T3-M30-USDRUBF-000045,v3|true_oos|T3|M30|USDRUBF|TradingSystemLab/results/perpetual_v3/true_oos/T3/M30/trades.csv|200|T3-M30-USDRUBF-000045,SHORT,2026-01-27 18:30:00+03:00,2026-01-28 11:00:00+03:00,2026-01-27,2026-01-28,2026,1,2026,1,1,2,18,11,-0.396656897514,-0.391134015821,0.0055228816925,0.414216126938,0.911275479263,ATR_TRAILING_STOP,76.32,76.4596412799,,0 days 16:30:00,990,16.5,SOURCE,SOURCE,SOURCE,UNAVAILABLE,DERIVED
v3,perpetual,true_oos,T3,M30,USDRUBF,V3_TRUE_OOS,TradingSystemLab/results/perpetual_v3/true_oos/T3/M30/trades.csv,207,T3-M30-USDRUBF-000046,v3|true_oos|T3|M30|USDRUBF|TradingSystemLab/results/perpetual_v3/true_oos/T3/M30/trades.csv|207|T3-M30-USDRUBF-000046,SHORT,2026-02-17 20:00:00+03:00,2026-02-18 14:00:00+03:00,2026-02-17,2026-02-18,2026,2,2026,2,1,2,20,14,-0.71859655872,-0.710776535889,0.00782002283145,0.702956513057,0.703802054831,ATR_TRAILING_STOP,76.03,76.2097837495,,0 days 18:00:00,1080,18,SOURCE,SOURCE,SOURCE,UNAVAILABLE,DERIVED
v3,perpetual,true_oos,T3,M30,USDRUBF,V3_TRUE_OOS,TradingSystemLab/results/perpetual_v3/true_oos/T3/M30/trades.csv,220,T3-M30-USDRUBF-000047,v3|true_oos|T3|M30|USDRUBF|TradingSystemLab/results/perpetual_v3/true_oos/T3/M30/trades.csv|220|T3-M30-USDRUBF-000047,LONG,2026-03-05 12:00:00+03:00,2026-03-06 12:00:00+03:00,2026-03-05,2026-03-06,2026,3,2026,3,3,4,12,12,1.15135948343,1.15769786457,0.00633838114117,0.475378585588,2.47196864506,ATR_TRAILING_STOP,78.6,78.967297649,,1 days 00:00:00,1440,24,SOURCE,SOURCE,SOURCE,UNAVAILABLE,DERIVED
v3,perpetual,true_oos,T3,M30,USDRUBF,V3_TRUE_OOS,TradingSystemLab/results/perpetual_v3/true_oos/T3/M30/trades.csv,222,T3-M30-USDRUBF-000048,v3|true_oos|T3|M30|USDRUBF|TradingSystemLab/results/perpetual_v3/true_oos/T3/M30/trades.csv|222|T3-M30-USDRUBF-000048,LONG,2026-03-10 10:30:00+03:00,2026-03-11 10:30:00+03:00,2026-03-10,2026-03-11,2026,3,2026,3,1,2,10,10,0.0336656286975,0.0397695878842,0.00610395918666,0.457796939,1.34287102107,ATR_TRAILING_STOP,78.77,78.7850307516,,1 days 00:00:00,1440,24,SOURCE,SOURCE,SOURCE,UNAVAILABLE,DERIVED
v3,perpetual,true_oos,T3,M30,USDRUBF,V3_TRUE_OOS,TradingSystemLab/results/perpetual_v3/true_oos/T3/M30/trades.csv,224,T3-M30-USDRUBF-000049,v3|true_oos|T3|M30|USDRUBF|TradingSystemLab/results/perpetual_v3/true_oos/T3/M30/trades.csv|224|T3-M30-USDRUBF-000049,LONG,2026-03-16 11:00:00+03:00,2026-03-17 10:30:00+03:00,2026-03-16,2026-03-17,2026,3,2026,3,0,1,11,10,1.58426045835,1.59026958033,0.00600912198688,0.360547319213,2.8843785537,ATR_TRAILING_STOP,80.73,81.2612851714,,0 days 23:30:00,1410,23.5,SOURCE,SOURCE,SOURCE,UNAVAILABLE,DERIVED
v3,perpetual,true_oos,T3,M30,USDRUBF,V3_TRUE_OOS,TradingSystemLab/results/perpetual_v3/true_oos/T3/M30/trades.csv,226,T3-M30-USDRUBF-000050,v3|true_oos|T3|M30|USDRUBF|TradingSystemLab/results/perpetual_v3/true_oos/T3/M30/trades.csv|226|T3-M30-USDRUBF-000050,LONG,2026-03-17 12:00:00+03:00,2026-03-18 13:30:00+03:00,2026-03-17,2026-03-18,2026,3,2026,3,1,2,12,13,2.37389154021,2.37929695701,0.00540541679702,0.0810812519553,3.64865633799,ATR_TRAILING_STOP,81.83,82.7123380188,,1 days 01:30:00,1530,25.5,SOURCE,SOURCE,SOURCE,UNAVAILABLE,DERIVED
v3,perpetual,true_oos,T3,M30,USDRUBF,V3_TRUE_OOS,TradingSystemLab/results/perpetual_v3/true_oos/T3/M30/trades.csv,228,T3-M30-USDRUBF-000051,v3|true_oos|T3|M30|USDRUBF|TradingSystemLab/results/perpetual_v3/true_oos/T3/M30/trades.csv|228|T3-M30-USDRUBF-000051,LONG,2026-03-18 15:00:00+03:00,2026-03-19 13:30:00+03:00,2026-03-18,2026-03-19,2026,3,2026,3,2,3,15,13,2.14851825776,2.15291835872,0.00440010095871,0.0440010095871,3.82808783408,ATR_TRAILING_STOP,83.26,84.2405768004,,0 days 22:30:00,1350,22.5,SOURCE,SOURCE,SOURCE,UNAVAILABLE,DERIVED
v3,perpetual,true_oos,T3,M30,USDRUBF,V3_TRUE_OOS,TradingSystemLab/results/perpetual_v3/true_oos/T3/M30/trades.csv,231,T3-M30-USDRUBF-000052,v3|true_oos|T3|M30|USDRUBF|TradingSystemLab/results/perpetual_v3/true_oos/T3/M30/trades.csv|231|T3-M30-USDRUBF-000052,LONG,2026-03-27 18:00:00+03:00,2026-03-30 10:30:00+03:00,2026-03-27,2026-03-30,2026,3,2026,3,4,0,18,10,-0.400023338599,-0.396268870617,0.0037544679824,0.392514402634,0.619487217095,ATR_TRAILING_STOP,81.56,81.3509081103,,2 days 16:30:00,3870,64.5,SOURCE,SOURCE,SOURCE,UNAVAILABLE,DERIVED
v3,perpetual,true_oos,T3,M30,USDRUBF,V3_TRUE_OOS,TradingSystemLab/results/perpetual_v3/true_oos/T3/M30/trades.csv,233,T3-M30-USDRUBF-000053,v3|true_oos|T3|M30|USDRUBF|TradingSystemLab/results/perpetual_v3/true_oos/T3/M30/trades.csv|233|T3-M30-USDRUBF-000053,SHORT,2026-04-07 17:00:00+03:00,2026-04-08 09:30:00+03:00,2026-04-07,2026-04-08,2026,4,2026,4,1,2,17,9,-0.663177522659,-0.657960171867,0.00521735079237,0.652742821074,0.234780785657,ATR_TRAILING_STOP,78.45,78.7002200243,,0 days 16:30:00,990,16.5,SOURCE,SOURCE,SOURCE,UNAVAILABLE,DERIVED
v3,perpetual,true_oos,T3,M30,USDRUBF,V3_TRUE_OOS,TradingSystemLab/results/perpetual_v3/true_oos/T3/M30/trades.csv,237,T3-M30-USDRUBF-000054,v3|true_oos|T3|M30|USDRUBF|TradingSystemLab/results/perpetual_v3/true_oos/T3/M30/trades.csv|237|T3-M30-USDRUBF-000054,SHORT,2026-04-13 11:30:00+03:00,2026-04-13 16:30:00+03:00,2026-04-13,2026-04-13,2026,4,2026,4,0,0,11,16,-1.01188248748,-1.00594124374,0.00594124373785,1,0.0297062186892,ATR_TRAILING_STOP,76.02,76.356629852,,0 days 05:00:00,300,5,SOURCE,SOURCE,SOURCE,UNAVAILABLE,DERIVED
v3,perpetual,true_oos,T3,M30,USDRUBF,V3_TRUE_OOS,TradingSystemLab/results/perpetual_v3/true_oos/T3/M30/trades.csv,240,T3-M30-USDRUBF-000055,v3|true_oos|T3|M30|USDRUBF|TradingSystemLab/results/perpetual_v3/true_oos/T3/M30/trades.csv|240|T3-M30-USDRUBF-000055,SHORT,2026-04-14 12:00:00+03:00,2026-04-15 13:30:00+03:00,2026-04-14,2026-04-15,2026,4,2026,4,1,2,12,13,1.44844618412,1.45575010017,0.00730391605682,0.438234963409,3.06764474386,ATR_TRAILING_STOP,75.73,75.3293781952,,1 days 01:30:00,1530,25.5,SOURCE,SOURCE,SOURCE,UNAVAILABLE,DERIVED
v3,perpetual,true_oos,T3,M30,USDRUBF,V3_TRUE_OOS,TradingSystemLab/results/perpetual_v3/true_oos/T3/M30/trades.csv,242,T3-M30-USDRUBF-000056,v3|true_oos|T3|M30|USDRUBF|TradingSystemLab/results/perpetual_v3/true_oos/T3/M30/trades.csv|242|T3-M30-USDRUBF-000056,SHORT,2026-04-17 17:30:00+03:00,2026-04-20 09:30:00+03:00,2026-04-17,2026-04-20,2026,4,2026,4,4,0,17,9,-0.938011508599,-0.932630865938,0.00538064266119,0.99541889232,0.107612853224,ATR_TRAILING_STOP,75.72,76.0646615141,,2 days 16:00:00,3840,64,SOURCE,SOURCE,SOURCE,UNAVAILABLE,DERIVED
v3,perpetual,true_oos,T3,M30,USDRUBF,V3_TRUE_OOS,TradingSystemLab/results/perpetual_v3/true_oos/T3/M30/trades.csv,246,T3-M30-USDRUBF-000057,v3|true_oos|T3|M30|USDRUBF|TradingSystemLab/results/perpetual_v3/true_oos/T3/M30/trades.csv|246|T3-M30-USDRUBF-000057,SHORT,2026-04-24 17:00:00+03:00,2026-04-28 10:00:00+03:00,2026-04-24,2026-04-28,2026,4,2026,4,4,1,17,10,1.52379719781,1.52891061122,0.00511341341546,0.0255670670773,16.9509654723,ATR_TRAILING_STOP,75.27,74.67,,3 days 17:00:00,5340,89,SOURCE,SOURCE,SOURCE,UNAVAILABLE,DERIVED
v3,perpetual,true_oos,T3,M30,USDRUBF,V3_TRUE_OOS,TradingSystemLab/results/perpetual_v3/true_oos/T3/M30/trades.csv,250,T3-M30-USDRUBF-000058,v3|true_oos|T3|M30|USDRUBF|TradingSystemLab/results/perpetual_v3/true_oos/T3/M30/trades.csv|250|T3-M30-USDRUBF-000058,SHORT,2026-04-29 13:00:00+03:00,2026-04-30 09:00:00+03:00,2026-04-29,2026-04-30,2026,4,2026,4,2,3,13,9,-0.419478404,-0.413217532298,0.00626087170149,0.406956660597,1.06434818925,ATR_TRAILING_STOP,74.95,75.08,,0 days 20:00:00,1200,20,SOURCE,SOURCE,SOURCE,UNAVAILABLE,DERIVED
v3,perpetual,true_oos,T3,M30,USDRUBF,V3_TRUE_OOS,TradingSystemLab/results/perpetual_v3/true_oos/T3/M30/trades.csv,259,T3-M30-USDRUBF-000059,v3|true_oos|T3|M30|USDRUBF|TradingSystemLab/results/perpetual_v3/true_oos/T3/M30/trades.csv|259|T3-M30-USDRUBF-000059,SHORT,2026-05-18 15:00:00+03:00,2026-05-20 10:30:00+03:00,2026-05-18,2026-05-20,2026,5,2026,5,0,2,15,10,7.67417380585,7.68294208277,0.00876827692325,0.526096615395,9.90815292328,ATR_TRAILING_STOP,72.32,70.565559435,,1 days 19:30:00,2610,43.5,SOURCE,SOURCE,SOURCE,UNAVAILABLE,DERIVED
v3,perpetual,true_oos,T3,M30,USDRUBF,V3_TRUE_OOS,TradingSystemLab/results/perpetual_v3/true_oos/T3/M30/trades.csv,263,T3-M30-USDRUBF-000060,v3|true_oos|T3|M30|USDRUBF|TradingSystemLab/results/perpetual_v3/true_oos/T3/M30/trades.csv|263|T3-M30-USDRUBF-000060,SHORT,2026-05-21 11:00:00+03:00,2026-05-21 17:30:00+03:00,2026-05-21,2026-05-21,2026,5,2026,5,3,3,11,17,-1.01005591596,-1.00502795798,0.00502795797862,1,0.0754193696793,ATR_TRAILING_STOP,70.88,71.2777757985,,0 days 06:30:00,390,6.5,SOURCE,SOURCE,SOURCE,UNAVAILABLE,DERIVED
v3,perpetual,true_oos,T3,M30,USDRUBF,V3_TRUE_OOS,TradingSystemLab/results/perpetual_v3/true_oos/T3/M30/trades.csv,268,T3-M30-USDRUBF-000061,v3|true_oos|T3|M30|USDRUBF|TradingSystemLab/results/perpetual_v3/true_oos/T3/M30/trades.csv|268|T3-M30-USDRUBF-000061,SHORT,2026-05-26 18:30:00+03:00,2026-05-27 12:00:00+03:00,2026-05-26,2026-05-27,2026,5,2026,5,1,2,18,12,-0.00631434147969,-0.000716322686991,0.00559801879269,0.307891033598,1.20357404043,ATR_TRAILING_STOP,71.34,71.3382559201,,0 days 17:30:00,1050,17.5,SOURCE,SOURCE,SOURCE,UNAVAILABLE,DERIVED
v3,perpetual,true_oos,T3,M30,USDRUBF,V3_TRUE_OOS,TradingSystemLab/results/perpetual_v3/true_oos/T3/M30/trades.csv,272,T3-M30-USDRUBF-000062,v3|true_oos|T3|M30|USDRUBF|TradingSystemLab/results/perpetual_v3/true_oos/T3/M30/trades.csv|272|T3-M30-USDRUBF-000062,LONG,2026-06-02 12:30:00+03:00,2026-06-03 10:00:00+03:00,2026-06-02,2026-06-03,2026,6,2026,6,1,2,12,10,0.654725346137,0.660681435576,0.00595608943919,0.208463130372,1.72726593736,ATR_TRAILING_STOP,72.95,73.1738507436,,0 days 21:30:00,1290,21.5,SOURCE,SOURCE,SOURCE,UNAVAILABLE,DERIVED
v3,perpetual,true_oos,T3,M30,USDRUBF,V3_TRUE_OOS,TradingSystemLab/results/perpetual_v3/true_oos/T3/M30/trades.csv,274,T3-M30-USDRUBF-000063,v3|true_oos|T3|M30|USDRUBF|TradingSystemLab/results/perpetual_v3/true_oos/T3/M30/trades.csv|274|T3-M30-USDRUBF-000063,LONG,2026-06-03 10:30:00+03:00,2026-06-03 12:30:00+03:00,2026-06-03,2026-06-03,2026,6,2026,6,2,2,10,12,-1.01266024136,-1.00633012068,0.00633012068141,1,0.569710861327,ATR_TRAILING_STOP,73.57,73.2540502574,,0 days 02:00:00,120,2,SOURCE,SOURCE,SOURCE,UNAVAILABLE,DERIVED
v3,perpetual,true_oos,T3,M30,USDRUBF,V3_TRUE_OOS,TradingSystemLab/results/perpetual_v3/true_oos/T3/M30/trades.csv,276,T3-M30-USDRUBF-000064,v3|true_oos|T3|M30|USDRUBF|TradingSystemLab/results/perpetual_v3/true_oos/T3/M30/trades.csv|276|T3-M30-USDRUBF-000064,LONG,2026-06-03 13:30:00+03:00,2026-06-03 22:30:00+03:00,2026-06-03,2026-06-03,2026,6,2026,6,2,2,13,22,-0.160921436257,-0.157474937464,0.00344649879322,0.258487409492,0.965019662103,ATR_TRAILING_STOP,73.86,73.7706174423,,0 days 09:00:00,540,9,SOURCE,SOURCE,SOURCE,UNAVAILABLE,DERIVED
v3,perpetual,true_oos,T3,M30,USDRUBF,V3_TRUE_OOS,TradingSystemLab/results/perpetual_v3/true_oos/T3/M30/trades.csv,279,T3-M30-USDRUBF-000065,v3|true_oos|T3|M30|USDRUBF|TradingSystemLab/results/perpetual_v3/true_oos/T3/M30/trades.csv|279|T3-M30-USDRUBF-000065,LONG,2026-06-04 10:30:00+03:00,2026-06-04 16:00:00+03:00,2026-06-04,2026-06-04,2026,6,2026,6,3,3,10,16,-0.998482081143,-0.993724270194,0.00475781094962,0.988966459244,0.49957014971,ATR_TRAILING_STOP,74.53,74.1142766895,,0 days 05:30:00,330,5.5,SOURCE,SOURCE,SOURCE,UNAVAILABLE,DERIVED
v3,perpetual,true_oos,T3,M30,USDRUBF,V3_TRUE_OOS,TradingSystemLab/results/perpetual_v3/true_oos/T3/M30/trades.csv,283,T3-M30-USDRUBF-000066,v3|true_oos|T3|M30|USDRUBF|TradingSystemLab/results/perpetual_v3/true_oos/T3/M30/trades.csv|283|T3-M30-USDRUBF-000066,SHORT,2026-06-09 12:00:00+03:00,2026-06-09 14:30:00+03:00,2026-06-09,2026-06-09,2026,6,2026,6,1,1,12,14,-1.00994860416,-1.00497430208,0.00497430208004,1,0.149229062401,ATR_TRAILING_STOP,71.66,72.0620664543,,0 days 02:30:00,150,2.5,SOURCE,SOURCE,SOURCE,UNAVAILABLE,DERIVED
v3,perpetual,true_oos,T3,M30,USDRUBF,V3_TRUE_OOS,TradingSystemLab/results/perpetual_v3/true_oos/T3/M30/trades.csv,294,T3-M30-USDRUBF-000067,v3|true_oos|T3|M30|USDRUBF|TradingSystemLab/results/perpetual_v3/true_oos/T3/M30/trades.csv|294|T3-M30-USDRUBF-000067,LONG,2026-06-22 19:00:00+03:00,2026-06-23 11:30:00+03:00,2026-06-22,2026-06-23,2026,6,2026,6,0,1,19,11,0.481727657355,0.486625083345,0.00489742598949,0.146922779685,1.78756048616,ATR_TRAILING_STOP,74.52,74.7207268759,,0 days 16:30:00,990,16.5,SOURCE,SOURCE,SOURCE,UNAVAILABLE,DERIVED
v3,perpetual,true_oos,T3,M30,USDRUBF,V3_TRUE_OOS,TradingSystemLab/results/perpetual_v3/true_oos/T3/M30/trades.csv,301,T3-M30-USDRUBF-000068,v3|true_oos|T3|M30|USDRUBF|TradingSystemLab/results/perpetual_v3/true_oos/T3/M30/trades.csv|301|T3-M30-USDRUBF-000068,LONG,2026-06-25 14:00:00+03:00,2026-06-26 18:30:00+03:00,2026-06-25,2026-06-26,2026,6,2026,6,3,4,14,18,6.16757122537,6.17237031272,0.00479908734859,0.215958930687,8.42239829678,ATR_TRAILING_STOP,75.74,78.3143100516,,1 days 04:30:00,1710,28.5,SOURCE,SOURCE,SOURCE,UNAVAILABLE,DERIVED
v3,perpetual,true_oos,T3,M30,USDRUBF,V3_TRUE_OOS,TradingSystemLab/results/perpetual_v3/true_oos/T3/M30/trades.csv,306,T3-M30-USDRUBF-000069,v3|true_oos|T3|M30|USDRUBF|TradingSystemLab/results/perpetual_v3/true_oos/T3/M30/trades.csv|306|T3-M30-USDRUBF-000069,LONG,2026-06-30 14:00:00+03:00,2026-07-01 10:30:00+03:00,2026-06-30,2026-07-01,2026,6,2026,7,1,2,14,10,0.969740175212,0.973318359998,0.00357818478583,0.357818478583,2.00378348007,ATR_TRAILING_STOP,78.63,79.1760291199,,0 days 20:30:00,1230,20.5,SOURCE,SOURCE,SOURCE,UNAVAILABLE,DERIVED
v3,perpetual,true_oos,T3,M30,USDRUBF,V3_TRUE_OOS,TradingSystemLab/results/perpetual_v3/true_oos/T3/M30/trades.csv,320,T3-M30-USDRUBF-000070,v3|true_oos|T3|M30|USDRUBF|TradingSystemLab/results/perpetual_v3/true_oos/T3/M30/trades.csv|320|T3-M30-USDRUBF-000070,LONG,2026-07-28 17:30:00+03:00,2026-07-29 10:30:00+03:00,2026-07-28,2026-07-29,2026,7,2026,7,1,2,17,10,2.21291459724,2.22136135059,0.00844675335014,0.0422337667507,3.84327277431,ATR_TRAILING_STOP,78.76,79.287968087,,0 days 17:00:00,1020,17,SOURCE,SOURCE,SOURCE,UNAVAILABLE,DERIVED
v3,perpetual,true_oos,T3,M30,USDRUBF,V3_TRUE_OOS,TradingSystemLab/results/perpetual_v3/true_oos/T3/M30/trades.csv,323,T3-M30-USDRUBF-000071,v3|true_oos|T3|M30|USDRUBF|TradingSystemLab/results/perpetual_v3/true_oos/T3/M30/trades.csv|323|T3-M30-USDRUBF-000071,LONG,2026-07-29 17:30:00+03:00,2026-07-30 10:00:00+03:00,2026-07-29,2026-07-30,2026,7,2026,7,2,3,17,10,-0.250817476882,-0.24472609136,0.00609138552124,0.238634705839,0.670052407336,ATR_TRAILING_STOP,79.88,79.801648464,,0 days 16:30:00,990,16.5,SOURCE,SOURCE,SOURCE,UNAVAILABLE,DERIVED
v3,perpetual,true_oos,T3,M30,USDRUBF,V3_TRUE_OOS,TradingSystemLab/results/perpetual_v3/true_oos/T3/M30/trades.csv,324,T3-M30-USDRUBF-000072,v3|true_oos|T3|M30|USDRUBF|TradingSystemLab/results/perpetual_v3/true_oos/T3/M30/trades.csv|324|T3-M30-USDRUBF-000072,LONG,2026-07-30 13:30:00+03:00,2026-07-30 16:00:00+03:00,2026-07-30,2026-07-30,2026,7,2026,7,3,3,13,16,-0.957338163835,-0.950139503025,0.00719866081028,0.942940842215,0.611886168873,ATR_TRAILING_STOP,80.19,79.928023261,,0 days 02:30:00,150,2.5,SOURCE,SOURCE,SOURCE,UNAVAILABLE,DERIVED
v3,perpetual,true_oos,T3,M30,USDRUBF,V3_TRUE_OOS,TradingSystemLab/results/perpetual_v3/true_oos/T3/M30/trades.csv,327,T3-M30-USDRUBF-000073,v3|true_oos|T3|M30|USDRUBF|TradingSystemLab/results/perpetual_v3/true_oos/T3/M30/trades.csv|327|T3-M30-USDRUBF-000073,LONG,2026-08-03 10:30:00+03:00,2026-08-04 10:30:00+03:00,2026-08-03,2026-08-04,2026,8,2026,8,0,1,10,10,3.74438597263,3.75278272335,0.00839675071355,0.209918767839,5.24796919597,ATR_TRAILING_STOP,79.73,80.6258654609,,1 days 00:00:00,1440,24,SOURCE,SOURCE,SOURCE,UNAVAILABLE,DERIVED
v3,perpetual,true_oos,T3,M30,USDRUBF,V3_TRUE_OOS,TradingSystemLab/results/perpetual_v3/true_oos/T3/M30/trades.csv,333,T3-M30-USDRUBF-000074,v3|true_oos|T3|M30|USDRUBF|TradingSystemLab/results/perpetual_v3/true_oos/T3/M30/trades.csv|333|T3-M30-USDRUBF-000074,LONG,2026-08-12 12:00:00+03:00,2026-08-12 15:30:00+03:00,2026-08-12,2026-08-12,2026,8,2026,8,2,2,12,15,-0.801238190633,-0.794184825848,0.00705336478556,0.787131461062,0.670069654629,ATR_TRAILING_STOP,83.03,82.8068068192,,0 days 03:30:00,210,3.5,SOURCE,SOURCE,SOURCE,UNAVAILABLE,DERIVED
v3,perpetual,true_oos,T3,M30,USDRUBF,V3_TRUE_OOS,TradingSystemLab/results/perpetual_v3/true_oos/T3/M30/trades.csv,340,T3-M30-USDRUBF-000075,v3|true_oos|T3|M30|USDRUBF|TradingSystemLab/results/perpetual_v3/true_oos/T3/M30/trades.csv|340|T3-M30-USDRUBF-000075,LONG,2026-08-14 20:00:00+03:00,2026-08-17 08:30:00+03:00,2026-08-14,2026-08-17,2026,8,2026,8,4,0,20,8,-0.311497964674,-0.305631989956,0.00586597471869,0.299766015237,0.879896207803,ATR_TRAILING_STOP,84.72,84.6177949856,,2 days 12:30:00,3630,60.5,SOURCE,SOURCE,SOURCE,UNAVAILABLE,DERIVED
v3,perpetual,true_oos,T3,M30,USDRUBF,V3_TRUE_OOS,TradingSystemLab/results/perpetual_v3/true_oos/T3/M30/trades.csv,343,T3-M30-USDRUBF-000076,v3|true_oos|T3|M30|USDRUBF|TradingSystemLab/results/perpetual_v3/true_oos/T3/M30/trades.csv|343|T3-M30-USDRUBF-000076,LONG,2026-08-17 11:00:00+03:00,2026-08-17 18:30:00+03:00,2026-08-17,2026-08-17,2026,8,2026,8,0,0,11,18,0.0146646102328,0.0198314952895,0.00516688505666,0.129172126416,1.36922454001,ATR_TRAILING_STOP,85.06,85.0696763834,,0 days 07:30:00,450,7.5,SOURCE,SOURCE,SOURCE,UNAVAILABLE,DERIVED
v3,perpetual,true_oos,T3,M30,USDRUBF,V3_TRUE_OOS,TradingSystemLab/results/perpetual_v3/true_oos/T3/M30/trades.csv,348,T3-M30-USDRUBF-000077,v3|true_oos|T3|M30|USDRUBF|TradingSystemLab/results/perpetual_v3/true_oos/T3/M30/trades.csv|348|T3-M30-USDRUBF-000077,LONG,2026-08-24 20:00:00+03:00,2026-08-25 13:30:00+03:00,2026-08-24,2026-08-25,2026,8,2026,8,0,1,20,13,0.340342815515,0.346135865857,0.0057930503419,0.289652517095,1.73791510257,ATR_TRAILING_STOP,84.22,84.3415003825,,0 days 17:30:00,1050,17.5,SOURCE,SOURCE,SOURCE,UNAVAILABLE,DERIVED
v3,perpetual,true_oos,T3,M30,USDRUBF,V3_TRUE_OOS,TradingSystemLab/results/perpetual_v3/true_oos/T3/M30/trades.csv,353,T3-M30-USDRUBF-000078,v3|true_oos|T3|M30|USDRUBF|TradingSystemLab/results/perpetual_v3/true_oos/T3/M30/trades.csv|353|T3-M30-USDRUBF-000078,LONG,2026-08-26 16:00:00+03:00,2026-08-27 18:30:00+03:00,2026-08-26,2026-08-27,2026,8,2026,8,2,3,16,18,3.72525089016,3.73123605256,0.00598516240048,0.86784854807,5.77568171647,ATR_TRAILING_STOP,84.69,85.9388286749,,1 days 02:30:00,1590,26.5,SOURCE,SOURCE,SOURCE,UNAVAILABLE,DERIVED
v3,perpetual,true_oos,T3,M30,USDRUBF,V3_TRUE_OOS,TradingSystemLab/results/perpetual_v3/true_oos/T3/M30/trades.csv,355,T3-M30-USDRUBF-000079,v3|true_oos|T3|M30|USDRUBF|TradingSystemLab/results/perpetual_v3/true_oos/T3/M30/trades.csv|355|T3-M30-USDRUBF-000079,LONG,2026-08-28 17:30:00+03:00,2026-08-29 13:30:00+03:00,2026-08-28,2026-08-29,2026,8,2026,8,4,5,17,13,0.387892995991,0.392297949135,0.00440495314434,0.13214859433,1.23338688041,ATR_TRAILING_STOP,86.43,86.610116741,,0 days 20:00:00,1200,20,SOURCE,SOURCE,SOURCE,UNAVAILABLE,DERIVED
v3,perpetual,true_oos,T3,M30,USDRUBF,V3_TRUE_OOS,TradingSystemLab/results/perpetual_v3/true_oos/T3/M30/trades.csv,359,T3-M30-USDRUBF-000080,v3|true_oos|T3|M30|USDRUBF|TradingSystemLab/results/perpetual_v3/true_oos/T3/M30/trades.csv|359|T3-M30-USDRUBF-000080,LONG,2026-09-01 13:00:00+03:00,2026-09-01 21:00:00+03:00,2026-09-01,2026-09-01,2026,9,2026,9,1,1,13,21,-0.664701670108,-0.659447996359,0.00525367374952,0.654194322609,0.893124537419,ATR_TRAILING_STOP,86.87,86.6209573857,,0 days 08:00:00,480,8,SOURCE,SOURCE,SOURCE,UNAVAILABLE,DERIVED
v3,perpetual,true_oos,T3,M30,USDRUBF,V3_TRUE_OOS,TradingSystemLab/results/perpetual_v3/true_oos/T3/M30/trades.csv,362,T3-M30-USDRUBF-000081,v3|true_oos|T3|M30|USDRUBF|TradingSystemLab/results/perpetual_v3/true_oos/T3/M30/trades.csv|362|T3-M30-USDRUBF-000081,LONG,2026-09-02 14:30:00+03:00,2026-09-03 07:30:00+03:00,2026-09-02,2026-09-03,2026,9,2026,9,2,3,14,7,-0.711273068411,-0.706440670717,0.00483239769443,0.749021642636,0.193295907777,ATR_TRAILING_STOP,87.34,87.049623124,,0 days 17:00:00,1020,17,SOURCE,SOURCE,SOURCE,UNAVAILABLE,DERIVED
v3,perpetual,true_oos,T3,M30,USDRUBF,V3_TRUE_OOS,TradingSystemLab/results/perpetual_v3/true_oos/T3/M30/trades.csv,366,T3-M30-USDRUBF-000082,v3|true_oos|T3|M30|USDRUBF|TradingSystemLab/results/perpetual_v3/true_oos/T3/M30/trades.csv|366|T3-M30-USDRUBF-000082,SHORT,2026-09-09 15:30:00+03:00,2026-09-10 15:00:00+03:00,2026-09-09,2026-09-10,2026,9,2026,9,2,3,15,15,1.76930897476,1.77493202665,0.00562305189221,0.196806816227,3.1770243191,ATR_TRAILING_STOP,85.13,84.496694417,,0 days 23:30:00,1410,23.5,SOURCE,SOURCE,SOURCE,UNAVAILABLE,DERIVED
