generation,futures_type,lifecycle_stage,strategy,timeframe,instrument,source_schema_id,source_path,source_row_number,source_trade_id,canonical_trade_key,direction,entry_time,exit_time,entry_date,exit_date,entry_year,entry_month,exit_year,exit_month,entry_weekday,exit_weekday,entry_hour,exit_hour,canonical_C1_R,gross_R,cost_R,MAE_R,MFE_R,exit_reason_raw,entry_price,exit_price,stop_raw,holding_source_value,holding_minutes,holding_hours,MAE_status,MFE_status,exit_reason_status,stop_status,holding_status
v2,quarterly,true_oos,T2,H1,BR,V2_TRUE_OOS,TradingSystemLab/results/true_oos_v2/T2/H1/trades.csv,5,T2-H1-BR-000001,v2|true_oos|T2|H1|BR|TradingSystemLab/results/true_oos_v2/T2/H1/trades.csv|5|T2-H1-BR-000001,SHORT,2025-01-28 13:00:00+03:00,2025-01-28 17:00:00+03:00,2025-01-28,2025-01-28,2025,1,2025,1,1,1,13,17,-1.00508614603,-1,0.00508614603099,0.747552487574,0.0889943437588,INITIAL_STOP,54.0879702925,54.4811953371,,0 days 04:00:00,240,4,SOURCE,SOURCE,SOURCE,UNAVAILABLE,DERIVED
v2,quarterly,true_oos,T2,H1,BR,V2_TRUE_OOS,TradingSystemLab/results/true_oos_v2/T2/H1/trades.csv,8,T2-H1-BR-000002,v2|true_oos|T2|H1|BR|TradingSystemLab/results/true_oos_v2/T2/H1/trades.csv|8|T2-H1-BR-000002,SHORT,2025-02-06 21:00:00+03:00,2025-02-10 09:00:00+03:00,2025-02-06,2025-02-10,2025,2,2025,2,3,0,21,9,-0.650045092361,-0.647343893574,0.00270119878673,0.694942709278,0.209434789098,EMA50_TREND_LOSS,52.4341402435,52.9134414314,,3 days 12:00:00,5040,84,SOURCE,SOURCE,SOURCE,UNAVAILABLE,DERIVED
v2,quarterly,true_oos,T2,H1,BR,V2_TRUE_OOS,TradingSystemLab/results/true_oos_v2/T2/H1/trades.csv,23,T2-H1-BR-000003,v2|true_oos|T2|H1|BR|TradingSystemLab/results/true_oos_v2/T2/H1/trades.csv|23|T2-H1-BR-000003,SHORT,2025-03-06 20:00:00+03:00,2025-03-07 11:00:00+03:00,2025-03-06,2025-03-07,2025,3,2025,3,3,4,20,11,-1.00280255219,-1,0.002802552188,0.850464519597,0.0197782446418,INITIAL_STOP,48.6525172107,49.3661524496,,0 days 15:00:00,900,15,SOURCE,SOURCE,SOURCE,UNAVAILABLE,DERIVED
v2,quarterly,true_oos,T2,H1,BR,V2_TRUE_OOS,TradingSystemLab/results/true_oos_v2/T2/H1/trades.csv,33,T2-H1-BR-000004,v2|true_oos|T2|H1|BR|TradingSystemLab/results/true_oos_v2/T2/H1/trades.csv|33|T2-H1-BR-000004,SHORT,2025-04-07 19:00:00+03:00,2025-04-09 21:00:00+03:00,2025-04-07,2025-04-09,2025,4,2025,4,0,2,19,21,1.18738582912,1.18839348913,0.00100766000505,0.224005463556,2.14760793631,ATR_TRAILING_STOP,45.6249671841,43.2662480067,,2 days 02:00:00,3000,50,SOURCE,SOURCE,SOURCE,UNAVAILABLE,DERIVED
v2,quarterly,true_oos,T2,H1,BR,V2_TRUE_OOS,TradingSystemLab/results/true_oos_v2/T2/H1/trades.csv,38,T2-H1-BR-000005,v2|true_oos|T2|H1|BR|TradingSystemLab/results/true_oos_v2/T2/H1/trades.csv|38|T2-H1-BR-000005,LONG,2025-04-22 20:00:00+03:00,2025-04-23 15:00:00+03:00,2025-04-22,2025-04-23,2025,4,2025,4,1,2,20,15,-0.419464427519,-0.416705324974,0.00275910254528,0.710713790045,0.730185400731,ATR_TRAILING_STOP,47.9679662723,47.6659076731,,0 days 19:00:00,1140,19,SOURCE,SOURCE,SOURCE,UNAVAILABLE,DERIVED
v2,quarterly,true_oos,T2,H1,BR,V2_TRUE_OOS,TradingSystemLab/results/true_oos_v2/T2/H1/trades.csv,45,T2-H1-BR-000006,v2|true_oos|T2|H1|BR|TradingSystemLab/results/true_oos_v2/T2/H1/trades.csv|45|T2-H1-BR-000006,SHORT,2025-05-07 21:00:00+03:00,2025-05-08 13:00:00+03:00,2025-05-07,2025-05-08,2025,5,2025,5,2,3,21,13,-0.63941990919,-0.636058711607,0.00336119758356,0.600055388308,0.396036556283,EMA50_TREND_LOSS,43.8312819389,44.2097534187,,0 days 16:00:00,960,16,SOURCE,SOURCE,SOURCE,UNAVAILABLE,DERIVED
v2,quarterly,true_oos,T2,H1,BR,V2_TRUE_OOS,TradingSystemLab/results/true_oos_v2/T2/H1/trades.csv,57,T2-H1-BR-000007,v2|true_oos|T2|H1|BR|TradingSystemLab/results/true_oos_v2/T2/H1/trades.csv|57|T2-H1-BR-000007,LONG,2025-06-11 11:00:00+03:00,2025-06-11 13:00:00+03:00,2025-06-11,2025-06-11,2025,6,2025,6,2,2,11,13,-1.00756580875,-1,0.00756580874675,0.485561227156,0.161853742385,INITIAL_STOP,47.6987862569,47.4344391042,,0 days 02:00:00,120,2,SOURCE,SOURCE,SOURCE,UNAVAILABLE,DERIVED
v2,quarterly,true_oos,T2,H1,BR,V2_TRUE_OOS,TradingSystemLab/results/true_oos_v2/T2/H1/trades.csv,62,T2-H1-BR-000008,v2|true_oos|T2|H1|BR|TradingSystemLab/results/true_oos_v2/T2/H1/trades.csv|62|T2-H1-BR-000008,LONG,2025-06-16 20:00:00+03:00,2025-06-18 18:00:00+03:00,2025-06-16,2025-06-18,2025,6,2025,6,0,2,20,18,0.816454929465,0.8176033047,0.00114837523488,0.233386005208,1.69102491493,ATR_TRAILING_STOP,52.0557840747,53.4797146504,,1 days 22:00:00,2760,46,SOURCE,SOURCE,SOURCE,UNAVAILABLE,DERIVED
v2,quarterly,true_oos,T2,H1,BR,V2_TRUE_OOS,TradingSystemLab/results/true_oos_v2/T2/H1/trades.csv,67,T2-H1-BR-000009,v2|true_oos|T2|H1|BR|TradingSystemLab/results/true_oos_v2/T2/H1/trades.csv|67|T2-H1-BR-000009,SHORT,2025-07-01 18:00:00+03:00,2025-07-01 20:00:00+03:00,2025-07-01,2025-07-01,2025,7,2025,7,1,1,18,20,-0.758830433914,-0.755292013771,0.00353842014306,0.0126161119817,0,EMA50_TREND_LOSS,48.2407368856,48.6676460616,,0 days 02:00:00,120,2,SOURCE,SOURCE,SOURCE,UNAVAILABLE,DERIVED
v2,quarterly,true_oos,T2,H1,BR,V2_TRUE_OOS,TradingSystemLab/results/true_oos_v2/T2/H1/trades.csv,69,T2-H1-BR-000010,v2|true_oos|T2|H1|BR|TradingSystemLab/results/true_oos_v2/T2/H1/trades.csv|69|T2-H1-BR-000010,LONG,2025-07-09 19:00:00+03:00,2025-07-10 15:00:00+03:00,2025-07-09,2025-07-10,2025,7,2025,7,2,3,19,15,-0.730761056341,-0.727310947356,0.00345010898496,0.686513348385,0.312051521993,ATR_TRAILING_STOP,50.8311349365,50.4095187206,,0 days 20:00:00,1200,20,SOURCE,SOURCE,SOURCE,UNAVAILABLE,DERIVED
v2,quarterly,true_oos,T2,H1,BR,V2_TRUE_OOS,TradingSystemLab/results/true_oos_v2/T2/H1/trades.csv,71,T2-H1-BR-000011,v2|true_oos|T2|H1|BR|TradingSystemLab/results/true_oos_v2/T2/H1/trades.csv|71|T2-H1-BR-000011,LONG,2025-07-11 18:00:00+03:00,2025-07-14 17:00:00+03:00,2025-07-11,2025-07-14,2025,7,2025,7,4,0,18,17,0.370809965618,0.373822777449,0.00301281183074,0.0108999747122,1.54779640913,ATR_TRAILING_STOP,50.7008914591,50.949046869,,2 days 23:00:00,4260,71,SOURCE,SOURCE,SOURCE,UNAVAILABLE,DERIVED
v2,quarterly,true_oos,T2,H1,BR,V2_TRUE_OOS,TradingSystemLab/results/true_oos_v2/T2/H1/trades.csv,84,T2-H1-BR-000012,v2|true_oos|T2|H1|BR|TradingSystemLab/results/true_oos_v2/T2/H1/trades.csv|84|T2-H1-BR-000012,SHORT,2025-08-06 20:00:00+03:00,2025-08-07 14:00:00+03:00,2025-08-06,2025-08-07,2025,8,2025,8,2,3,20,14,0.21842751202,0.220789603513,0.00236209149367,0.0173255325662,1.31674047503,ATR_TRAILING_STOP,49.8181452772,49.6312011185,,0 days 18:00:00,1080,18,SOURCE,SOURCE,SOURCE,UNAVAILABLE,DERIVED
v2,quarterly,true_oos,T2,H1,BR,V2_TRUE_OOS,TradingSystemLab/results/true_oos_v2/T2/H1/trades.csv,87,T2-H1-BR-000013,v2|true_oos|T2|H1|BR|TradingSystemLab/results/true_oos_v2/T2/H1/trades.csv|87|T2-H1-BR-000013,SHORT,2025-08-08 21:00:00+03:00,2025-08-11 17:00:00+03:00,2025-08-08,2025-08-11,2025,8,2025,8,4,0,21,17,-0.840596714,-0.835001917004,0.00559479699626,0.615553024638,1.41577195667,ATR_TRAILING_STOP,48.9159615509,49.2144538528,,2 days 20:00:00,4080,68,SOURCE,SOURCE,SOURCE,UNAVAILABLE,DERIVED
v2,quarterly,true_oos,T2,H1,BR,V2_TRUE_OOS,TradingSystemLab/results/true_oos_v2/T2/H1/trades.csv,93,T2-H1-BR-000014,v2|true_oos|T2|H1|BR|TradingSystemLab/results/true_oos_v2/T2/H1/trades.csv|93|T2-H1-BR-000014,LONG,2025-08-25 14:00:00+03:00,2025-08-26 10:00:00+03:00,2025-08-25,2025-08-26,2025,8,2025,8,0,1,14,10,1.19475361465,1.20375441196,0.00900079731173,0.231067520362,2.93785847318,ATR_TRAILING_STOP,49.9281676828,50.1956449674,,0 days 20:00:00,1200,20,SOURCE,SOURCE,SOURCE,UNAVAILABLE,DERIVED
v2,quarterly,true_oos,T2,H1,BR,V2_TRUE_OOS,TradingSystemLab/results/true_oos_v2/T2/H1/trades.csv,96,T2-H1-BR-000015,v2|true_oos|T2|H1|BR|TradingSystemLab/results/true_oos_v2/T2/H1/trades.csv|96|T2-H1-BR-000015,LONG,2025-09-02 18:00:00+03:00,2025-09-03 13:00:00+03:00,2025-09-02,2025-09-03,2025,9,2025,9,1,2,18,13,-0.47253335384,-0.468341364356,0.00419198948346,0.0933380707462,0.840042636716,ATR_TRAILING_STOP,50.8848138066,50.6613679386,,0 days 19:00:00,1140,19,SOURCE,SOURCE,SOURCE,UNAVAILABLE,DERIVED
v2,quarterly,true_oos,T2,H1,BR,V2_TRUE_OOS,TradingSystemLab/results/true_oos_v2/T2/H1/trades.csv,99,T2-H1-BR-000016,v2|true_oos|T2|H1|BR|TradingSystemLab/results/true_oos_v2/T2/H1/trades.csv|99|T2-H1-BR-000016,SHORT,2025-09-08 20:00:00+03:00,2025-09-09 00:00:00+03:00,2025-09-08,2025-09-09,2025,9,2025,9,0,1,20,0,-0.413937364557,-0.410480714663,0.00345664989365,0.307860535998,0.0128275223332,EMA50_TREND_LOSS,48.9625316048,49.2000336529,,0 days 04:00:00,240,4,SOURCE,SOURCE,SOURCE,UNAVAILABLE,DERIVED
v2,quarterly,true_oos,T2,H1,BR,V2_TRUE_OOS,TradingSystemLab/results/true_oos_v2/T2/H1/trades.csv,102,T2-H1-BR-000017,v2|true_oos|T2|H1|BR|TradingSystemLab/results/true_oos_v2/T2/H1/trades.csv|102|T2-H1-BR-000017,LONG,2025-09-15 17:00:00+03:00,2025-09-16 11:00:00+03:00,2025-09-15,2025-09-16,2025,9,2025,9,0,1,17,11,-0.580423226919,-0.575434434387,0.00498879253129,0.55539770801,0.499857937209,ATR_TRAILING_STOP,50.1055102113,49.8748193454,,0 days 18:00:00,1080,18,SOURCE,SOURCE,SOURCE,UNAVAILABLE,DERIVED
v2,quarterly,true_oos,T2,H1,BR,V2_TRUE_OOS,TradingSystemLab/results/true_oos_v2/T2/H1/trades.csv,103,T2-H1-BR-000018,v2|true_oos|T2|H1|BR|TradingSystemLab/results/true_oos_v2/T2/H1/trades.csv|103|T2-H1-BR-000018,LONG,2025-09-16 14:00:00+03:00,2025-09-17 14:00:00+03:00,2025-09-16,2025-09-17,2025,9,2025,9,1,2,14,14,1.36997120714,1.37718697784,0.00721577069799,0,3.40074313387,ATR_TRAILING_STOP,49.9941811262,50.3758969638,,1 days 00:00:00,1440,24,SOURCE,SOURCE,SOURCE,UNAVAILABLE,DERIVED
v2,quarterly,true_oos,T2,H1,BR,V2_TRUE_OOS,TradingSystemLab/results/true_oos_v2/T2/H1/trades.csv,109,T2-H1-BR-000019,v2|true_oos|T2|H1|BR|TradingSystemLab/results/true_oos_v2/T2/H1/trades.csv|109|T2-H1-BR-000019,LONG,2025-09-25 19:00:00+03:00,2025-09-26 23:00:00+03:00,2025-09-25,2025-09-26,2025,9,2025,9,3,4,19,23,0.584718246609,0.587991785109,0.0032735385003,0.340144043039,1.8343482321,ATR_TRAILING_STOP,51.3523959638,51.7116352305,,1 days 04:00:00,1680,28,SOURCE,SOURCE,SOURCE,UNAVAILABLE,DERIVED
v2,quarterly,true_oos,T2,H1,BR,V2_TRUE_OOS,TradingSystemLab/results/true_oos_v2/T2/H1/trades.csv,113,T2-H1-BR-000020,v2|true_oos|T2|H1|BR|TradingSystemLab/results/true_oos_v2/T2/H1/trades.csv|113|T2-H1-BR-000020,SHORT,2025-10-03 14:00:00+03:00,2025-10-05 17:00:00+03:00,2025-10-03,2025-10-05,2025,10,2025,10,4,6,14,17,-0.438621147899,-0.434551157325,0.00406999057406,0.733508857803,0.229221518064,ATR_TRAILING_STOP,48.4201071748,48.6336463216,,2 days 03:00:00,3060,51,SOURCE,SOURCE,SOURCE,UNAVAILABLE,DERIVED
v2,quarterly,true_oos,T2,H1,BR,V2_TRUE_OOS,TradingSystemLab/results/true_oos_v2/T2/H1/trades.csv,118,T2-H1-BR-000021,v2|true_oos|T2|H1|BR|TradingSystemLab/results/true_oos_v2/T2/H1/trades.csv|118|T2-H1-BR-000021,SHORT,2025-10-14 23:00:00+03:00,2025-10-15 16:00:00+03:00,2025-10-14,2025-10-15,2025,10,2025,10,1,2,23,16,-1.00483027687,-1,0.00483027686721,0.707306018934,0.0725442070702,INITIAL_STOP,46.707981797,47.1220367373,,0 days 17:00:00,1020,17,SOURCE,SOURCE,SOURCE,UNAVAILABLE,DERIVED
v2,quarterly,true_oos,T2,H1,BR,V2_TRUE_OOS,TradingSystemLab/results/true_oos_v2/T2/H1/trades.csv,120,T2-H1-BR-000022,v2|true_oos|T2|H1|BR|TradingSystemLab/results/true_oos_v2/T2/H1/trades.csv|120|T2-H1-BR-000022,SHORT,2025-10-20 14:00:00+03:00,2025-10-20 19:00:00+03:00,2025-10-20,2025-10-20,2025,10,2025,10,0,0,14,19,0.0864485838975,0.0955716440002,0.00912306010266,0.10276199161,2.87733576507,ATR_TRAILING_STOP,45.8444097863,45.8234581225,,0 days 05:00:00,300,5,SOURCE,SOURCE,SOURCE,UNAVAILABLE,DERIVED
v2,quarterly,true_oos,T2,H1,BR,V2_TRUE_OOS,TradingSystemLab/results/true_oos_v2/T2/H1/trades.csv,122,T2-H1-BR-000023,v2|true_oos|T2|H1|BR|TradingSystemLab/results/true_oos_v2/T2/H1/trades.csv|122|T2-H1-BR-000023,SHORT,2025-10-21 11:00:00+03:00,2025-10-21 12:00:00+03:00,2025-10-21,2025-10-21,2025,10,2025,10,1,1,11,12,-1.00560215481,-1,0.00560215480616,0,0,INITIAL_STOP,45.6942233497,46.0512288358,,0 days 01:00:00,60,1,SOURCE,SOURCE,SOURCE,UNAVAILABLE,DERIVED
v2,quarterly,true_oos,T2,H1,BR,V2_TRUE_OOS,TradingSystemLab/results/true_oos_v2/T2/H1/trades.csv,150,T2-H1-BR-000024,v2|true_oos|T2|H1|BR|TradingSystemLab/results/true_oos_v2/T2/H1/trades.csv|150|T2-H1-BR-000024,SHORT,2025-12-11 09:00:00+03:00,2025-12-12 09:00:00+03:00,2025-12-11,2025-12-12,2025,12,2025,12,3,4,9,9,0.482297106147,0.486134687985,0.00383758183761,0.0294792780598,1.63609993232,ATR_TRAILING_STOP,47.7035603404,47.4502056454,,1 days 00:00:00,1440,24,SOURCE,SOURCE,SOURCE,UNAVAILABLE,DERIVED
v2,quarterly,true_oos,T2,H1,BR,V2_TRUE_OOS,TradingSystemLab/results/true_oos_v2/T2/H1/trades.csv,155,T2-H1-BR-000025,v2|true_oos|T2|H1|BR|TradingSystemLab/results/true_oos_v2/T2/H1/trades.csv|155|T2-H1-BR-000025,SHORT,2025-12-17 18:00:00+03:00,2025-12-18 00:00:00+03:00,2025-12-17,2025-12-18,2025,12,2025,12,2,3,18,0,-1.00464459129,-1,0.00464459128806,0.570856143681,0.19623179939,INITIAL_STOP,45.9367618093,46.3673702043,,0 days 06:00:00,360,6,SOURCE,SOURCE,SOURCE,UNAVAILABLE,DERIVED
v2,quarterly,true_oos,T2,H1,BR,V2_TRUE_OOS,TradingSystemLab/results/true_oos_v2/T2/H1/trades.csv,159,T2-H1-BR-000026,v2|true_oos|T2|H1|BR|TradingSystemLab/results/true_oos_v2/T2/H1/trades.csv|159|T2-H1-BR-000026,LONG,2025-12-23 20:00:00+03:00,2025-12-24 19:00:00+03:00,2025-12-23,2025-12-24,2025,12,2025,12,1,2,20,19,0.159637206871,0.166820105299,0.00718289842858,0.0275885530279,1.73807884076,ATR_TRAILING_STOP,47.7112420731,47.7576913184,,0 days 23:00:00,1380,23,SOURCE,SOURCE,SOURCE,UNAVAILABLE,DERIVED
v2,quarterly,true_oos,T2,H1,BR,V2_TRUE_OOS,TradingSystemLab/results/true_oos_v2/T2/H1/trades.csv,169,T2-H1-BR-000027,v2|true_oos|T2|H1|BR|TradingSystemLab/results/true_oos_v2/T2/H1/trades.csv|169|T2-H1-BR-000027,LONG,2026-01-12 19:00:00+03:00,2026-01-15 00:00:00+03:00,2026-01-12,2026-01-15,2026,1,2026,1,0,3,19,0,3.68746840155,3.69192679108,0.00445838953033,0.0875849405506,6.18349680287,ATR_TRAILING_STOP,49.7253548649,51.3815254466,,2 days 05:00:00,3180,53,SOURCE,SOURCE,SOURCE,UNAVAILABLE,DERIVED
v2,quarterly,true_oos,T2,H1,BR,V2_TRUE_OOS,TradingSystemLab/results/true_oos_v2/T2/H1/trades.csv,173,T2-H1-BR-000028,v2|true_oos|T2|H1|BR|TradingSystemLab/results/true_oos_v2/T2/H1/trades.csv|173|T2-H1-BR-000028,LONG,2026-01-20 14:00:00+03:00,2026-01-21 00:00:00+03:00,2026-01-20,2026-01-21,2026,1,2026,1,1,2,14,0,-0.22857522505,-0.224465511307,0.0041097137425,0.40367607111,1.35635159893,ATR_TRAILING_STOP,50.5111537724,50.4019172049,,0 days 10:00:00,600,10,SOURCE,SOURCE,SOURCE,UNAVAILABLE,DERIVED
v2,quarterly,true_oos,T2,H1,BR,V2_TRUE_OOS,TradingSystemLab/results/true_oos_v2/T2/H1/trades.csv,183,T2-H1-BR-000029,v2|true_oos|T2|H1|BR|TradingSystemLab/results/true_oos_v2/T2/H1/trades.csv|183|T2-H1-BR-000029,LONG,2026-01-30 12:00:00+03:00,2026-02-02 10:00:00+03:00,2026-01-30,2026-02-02,2026,1,2026,2,4,0,12,10,0.907973750075,0.911734598638,0.00376084856336,0.724041319603,1.47763534613,ATR_TRAILING_STOP,55.0609294466,55.5457852356,,2 days 22:00:00,4200,70,SOURCE,SOURCE,SOURCE,UNAVAILABLE,DERIVED
v2,quarterly,true_oos,T2,H1,BR,V2_TRUE_OOS,TradingSystemLab/results/true_oos_v2/T2/H1/trades.csv,186,T2-H1-BR-000030,v2|true_oos|T2|H1|BR|TradingSystemLab/results/true_oos_v2/T2/H1/trades.csv|186|T2-H1-BR-000030,LONG,2026-02-10 23:00:00+03:00,2026-02-11 22:00:00+03:00,2026-02-10,2026-02-11,2026,2,2026,2,1,2,23,22,1.1946349603,1.19957582109,0.00494086079408,0.229231563009,3.50099114414,ATR_TRAILING_STOP,58.1878483248,58.6734219408,,0 days 23:00:00,1380,23,SOURCE,SOURCE,SOURCE,UNAVAILABLE,DERIVED
v2,quarterly,true_oos,T2,H1,BR,V2_TRUE_OOS,TradingSystemLab/results/true_oos_v2/T2/H1/trades.csv,190,T2-H1-BR-000031,v2|true_oos|T2|H1|BR|TradingSystemLab/results/true_oos_v2/T2/H1/trades.csv|190|T2-H1-BR-000031,LONG,2026-02-20 21:00:00+03:00,2026-02-22 13:00:00+03:00,2026-02-20,2026-02-22,2026,2,2026,2,4,6,21,13,-0.627797131248,-0.624127514346,0.00366961690195,0.309549306612,0.479801425248,ATR_TRAILING_STOP,60.5244725616,60.1843130676,,1 days 16:00:00,2400,40,SOURCE,SOURCE,SOURCE,UNAVAILABLE,DERIVED
v2,quarterly,true_oos,T2,H1,BR,V2_TRUE_OOS,TradingSystemLab/results/true_oos_v2/T2/H1/trades.csv,191,T2-H1-BR-000032,v2|true_oos|T2|H1|BR|TradingSystemLab/results/true_oos_v2/T2/H1/trades.csv|191|T2-H1-BR-000032,LONG,2026-02-23 15:00:00+03:00,2026-02-24 12:00:00+03:00,2026-02-23,2026-02-24,2026,2,2026,2,0,1,15,12,-0.193304903595,-0.189874856943,0.00343004665237,0.144670219161,1.22969686287,ATR_TRAILING_STOP,60.5160370951,60.4053243986,,0 days 21:00:00,1260,21,SOURCE,SOURCE,SOURCE,UNAVAILABLE,DERIVED
v2,quarterly,true_oos,T2,H1,BR,V2_TRUE_OOS,TradingSystemLab/results/true_oos_v2/T2/H1/trades.csv,195,T2-H1-BR-000033,v2|true_oos|T2|H1|BR|TradingSystemLab/results/true_oos_v2/T2/H1/trades.csv|195|T2-H1-BR-000033,LONG,2026-03-02 14:00:00+03:00,2026-03-02 18:00:00+03:00,2026-03-02,2026-03-02,2026,3,2026,3,0,0,14,18,-0.906334426779,-0.904118446545,0.00221598023408,0.960196928026,0.912811893147,EMA50_TREND_LOSS,62.0237440091,61.2077453529,,0 days 04:00:00,240,4,SOURCE,SOURCE,SOURCE,UNAVAILABLE,DERIVED
v2,quarterly,true_oos,T2,H1,BR,V2_TRUE_OOS,TradingSystemLab/results/true_oos_v2/T2/H1/trades.csv,198,T2-H1-BR-000034,v2|true_oos|T2|H1|BR|TradingSystemLab/results/true_oos_v2/T2/H1/trades.csv|198|T2-H1-BR-000034,LONG,2026-03-03 00:00:00+03:00,2026-03-03 20:00:00+03:00,2026-03-03,2026-03-03,2026,3,2026,3,1,1,0,20,0.78437677999,0.785305416987,0.000928636996705,0.0874346009275,2.0547131218,ATR_TRAILING_STOP,62.8318965243,64.52320415,,0 days 20:00:00,1200,20,SOURCE,SOURCE,SOURCE,UNAVAILABLE,DERIVED
v2,quarterly,true_oos,T2,H1,BR,V2_TRUE_OOS,TradingSystemLab/results/true_oos_v2/T2/H1/trades.csv,200,T2-H1-BR-000035,v2|true_oos|T2|H1|BR|TradingSystemLab/results/true_oos_v2/T2/H1/trades.csv|200|T2-H1-BR-000035,LONG,2026-03-04 09:00:00+03:00,2026-03-09 13:00:00+03:00,2026-03-04,2026-03-09,2026,3,2026,3,2,0,9,13,5.93134806894,5.9320212733,0.00067320436776,0.536128718562,8.04721283477,ATR_TRAILING_STOP,65.5623535661,83.185594167,,5 days 04:00:00,7440,124,SOURCE,SOURCE,SOURCE,UNAVAILABLE,DERIVED
v2,quarterly,true_oos,T2,H1,BR,V2_TRUE_OOS,TradingSystemLab/results/true_oos_v2/T2/H1/trades.csv,207,T2-H1-BR-000036,v2|true_oos|T2|H1|BR|TradingSystemLab/results/true_oos_v2/T2/H1/trades.csv|207|T2-H1-BR-000036,LONG,2026-03-20 13:00:00+03:00,2026-03-20 15:00:00+03:00,2026-03-20,2026-03-20,2026,3,2026,3,4,4,13,15,-0.799766983157,-0.799145933764,0.000621049393116,0.304552566221,0.170549437084,EMA50_TREND_LOSS,87.429548323,84.8560140997,,0 days 02:00:00,120,2,SOURCE,SOURCE,SOURCE,UNAVAILABLE,DERIVED
v2,quarterly,true_oos,T2,H1,BR,V2_TRUE_OOS,TradingSystemLab/results/true_oos_v2/T2/H1/trades.csv,211,T2-H1-BR-000037,v2|true_oos|T2|H1|BR|TradingSystemLab/results/true_oos_v2/T2/H1/trades.csv|211|T2-H1-BR-000037,LONG,2026-03-30 23:00:00+03:00,2026-03-31 10:00:00+03:00,2026-03-30,2026-03-31,2026,3,2026,3,0,1,23,10,-0.381291297479,-0.380340809462,0.000950488017265,0.320679506017,0.231187550849,EMA50_TREND_LOSS,89.4224681179,88.6221617435,,0 days 11:00:00,660,11,SOURCE,SOURCE,SOURCE,UNAVAILABLE,DERIVED
v2,quarterly,true_oos,T2,H1,BR,V2_TRUE_OOS,TradingSystemLab/results/true_oos_v2/T2/H1/trades.csv,212,T2-H1-BR-000038,v2|true_oos|T2|H1|BR|TradingSystemLab/results/true_oos_v2/T2/H1/trades.csv|212|T2-H1-BR-000038,LONG,2026-04-02 21:00:00+03:00,2026-04-05 11:00:00+03:00,2026-04-02,2026-04-05,2026,4,2026,4,3,6,21,11,1.22292363565,1.22358814501,0.000664509359129,0.172490968827,1.79331127935,ATR_TRAILING_STOP,97.0726348554,100.755316305,,2 days 14:00:00,3720,62,SOURCE,SOURCE,SOURCE,UNAVAILABLE,DERIVED
v2,quarterly,true_oos,T2,H1,BR,V2_TRUE_OOS,TradingSystemLab/results/true_oos_v2/T2/H1/trades.csv,213,T2-H1-BR-000039,v2|true_oos|T2|H1|BR|TradingSystemLab/results/true_oos_v2/T2/H1/trades.csv|213|T2-H1-BR-000039,LONG,2026-04-05 16:00:00+03:00,2026-04-06 09:00:00+03:00,2026-04-05,2026-04-06,2026,4,2026,4,6,0,16,9,-1.02722428677,-1.0262443509,0.000979935872581,0.385938046491,0.127184128957,INITIAL_STOP,100.867821317,98.7733080341,,0 days 17:00:00,1020,17,SOURCE,SOURCE,SOURCE,UNAVAILABLE,DERIVED
v2,quarterly,true_oos,T2,H1,BR,V2_TRUE_OOS,TradingSystemLab/results/true_oos_v2/T2/H1/trades.csv,214,T2-H1-BR-000040,v2|true_oos|T2|H1|BR|TradingSystemLab/results/true_oos_v2/T2/H1/trades.csv|214|T2-H1-BR-000040,LONG,2026-04-07 09:00:00+03:00,2026-04-07 12:00:00+03:00,2026-04-07,2026-04-07,2026,4,2026,4,1,1,9,12,-0.685609371983,-0.684589603056,0.00101976892612,0.100406475115,0.241888326413,EMA50_TREND_LOSS,99.8026628527,98.4600261327,,0 days 03:00:00,180,3,SOURCE,SOURCE,SOURCE,UNAVAILABLE,DERIVED
v2,quarterly,true_oos,T2,H1,BR,V2_TRUE_OOS,TradingSystemLab/results/true_oos_v2/T2/H1/trades.csv,220,T2-H1-BR-000041,v2|true_oos|T2|H1|BR|TradingSystemLab/results/true_oos_v2/T2/H1/trades.csv|220|T2-H1-BR-000041,SHORT,2026-04-14 16:00:00+03:00,2026-04-16 12:00:00+03:00,2026-04-14,2026-04-16,2026,4,2026,4,1,3,16,12,0.573159562501,0.574514633944,0.00135507144334,0.145549494243,2.09227397975,ATR_TRAILING_STOP,87.9516560709,87.1037086999,,1 days 20:00:00,2640,44,SOURCE,SOURCE,SOURCE,UNAVAILABLE,DERIVED
v2,quarterly,true_oos,T2,H1,BR,V2_TRUE_OOS,TradingSystemLab/results/true_oos_v2/T2/H1/trades.csv,225,T2-H1-BR-000042,v2|true_oos|T2|H1|BR|TradingSystemLab/results/true_oos_v2/T2/H1/trades.csv|225|T2-H1-BR-000042,LONG,2026-04-24 22:00:00+03:00,2026-04-27 14:00:00+03:00,2026-04-24,2026-04-27,2026,4,2026,4,4,0,22,14,1.01909390492,1.02060938716,0.00151548224238,0.0474773158327,2.23821631783,ATR_TRAILING_STOP,94.1725395402,95.5194499277,,2 days 16:00:00,3840,64,SOURCE,SOURCE,SOURCE,UNAVAILABLE,DERIVED
v2,quarterly,true_oos,T2,H1,BR,V2_TRUE_OOS,TradingSystemLab/results/true_oos_v2/T2/H1/trades.csv,233,T2-H1-BR-000043,v2|true_oos|T2|H1|BR|TradingSystemLab/results/true_oos_v2/T2/H1/trades.csv|233|T2-H1-BR-000043,LONG,2026-05-18 14:00:00+03:00,2026-05-18 15:00:00+03:00,2026-05-18,2026-05-18,2026,5,2026,5,0,0,14,15,-1.00250407159,-1,0.00250407158786,0,0,INITIAL_STOP,105.210927514,104.412228304,,0 days 01:00:00,60,1,SOURCE,SOURCE,SOURCE,UNAVAILABLE,DERIVED
v2,quarterly,true_oos,T2,H1,BR,V2_TRUE_OOS,TradingSystemLab/results/true_oos_v2/T2/H1/trades.csv,240,T2-H1-BR-000044,v2|true_oos|T2|H1|BR|TradingSystemLab/results/true_oos_v2/T2/H1/trades.csv|240|T2-H1-BR-000044,SHORT,2026-06-02 12:00:00+03:00,2026-06-02 17:00:00+03:00,2026-06-02,2026-06-02,2026,6,2026,6,1,1,12,17,-1.00158777747,-1,0.00158777746505,0.725296530681,0.288638415271,INITIAL_STOP,87.5284474806,88.7880698421,,0 days 05:00:00,300,5,SOURCE,SOURCE,SOURCE,UNAVAILABLE,DERIVED
v2,quarterly,true_oos,T2,H1,BR,V2_TRUE_OOS,TradingSystemLab/results/true_oos_v2/T2/H1/trades.csv,258,T2-H1-BR-000045,v2|true_oos|T2|H1|BR|TradingSystemLab/results/true_oos_v2/T2/H1/trades.csv|258|T2-H1-BR-000045,LONG,2026-07-09 13:00:00+03:00,2026-07-09 19:00:00+03:00,2026-07-09,2026-07-09,2026,7,2026,7,3,3,13,19,-1.00157569862,-1,0.00157569861869,0.874646798538,0.845491905253,INITIAL_STOP,72.4663575855,71.1970793261,,0 days 06:00:00,360,6,SOURCE,SOURCE,SOURCE,UNAVAILABLE,DERIVED
v2,quarterly,true_oos,T2,H1,BR,V2_TRUE_OOS,TradingSystemLab/results/true_oos_v2/T2/H1/trades.csv,259,T2-H1-BR-000046,v2|true_oos|T2|H1|BR|TradingSystemLab/results/true_oos_v2/T2/H1/trades.csv|259|T2-H1-BR-000046,LONG,2026-07-13 14:00:00+03:00,2026-07-14 18:00:00+03:00,2026-07-13,2026-07-14,2026,7,2026,7,0,1,14,18,5.10206103057,5.1038789768,0.00181794622859,0.151367224978,7.55154266832,ATR_TRAILING_STOP,72.7809057992,78.3959002325,,1 days 04:00:00,1680,28,SOURCE,SOURCE,SOURCE,UNAVAILABLE,DERIVED
v2,quarterly,true_oos,T2,H1,BR,V2_TRUE_OOS,TradingSystemLab/results/true_oos_v2/T2/H1/trades.csv,262,T2-H1-BR-000047,v2|true_oos|T2|H1|BR|TradingSystemLab/results/true_oos_v2/T2/H1/trades.csv|262|T2-H1-BR-000047,LONG,2026-07-14 22:00:00+03:00,2026-07-15 18:00:00+03:00,2026-07-14,2026-07-15,2026,7,2026,7,1,2,22,18,-0.711351425903,-0.710228022118,0.00112340378562,0.446902356568,0.680746612912,ATR_TRAILING_STOP,79.0626186551,77.7981970265,,0 days 20:00:00,1200,20,SOURCE,SOURCE,SOURCE,UNAVAILABLE,DERIVED
v2,quarterly,true_oos,T2,H1,BR,V2_TRUE_OOS,TradingSystemLab/results/true_oos_v2/T2/H1/trades.csv,264,T2-H1-BR-000048,v2|true_oos|T2|H1|BR|TradingSystemLab/results/true_oos_v2/T2/H1/trades.csv|264|T2-H1-BR-000048,LONG,2026-07-21 13:00:00+03:00,2026-07-24 10:00:00+03:00,2026-07-21,2026-07-24,2026,7,2026,7,1,4,13,10,4.26862346001,4.26965022478,0.00102676477573,0.470201993872,5.69466859245,ATR_TRAILING_STOP,83.3552766303,91.6719823174,,2 days 21:00:00,4140,69,SOURCE,SOURCE,SOURCE,UNAVAILABLE,DERIVED
v2,quarterly,true_oos,T2,H1,BR,V2_TRUE_OOS,TradingSystemLab/results/true_oos_v2/T2/H1/trades.csv,273,T2-H1-BR-000049,v2|true_oos|T2|H1|BR|TradingSystemLab/results/true_oos_v2/T2/H1/trades.csv|273|T2-H1-BR-000049,LONG,2026-08-11 18:00:00+03:00,2026-08-13 08:00:00+03:00,2026-08-11,2026-08-13,2026,8,2026,8,1,3,18,8,0.0300669426567,0.0313281164592,0.00126117380256,0.200499945339,1.14660906241,ATR_TRAILING_STOP,87.9152972791,87.9649781659,,1 days 14:00:00,2280,38,SOURCE,SOURCE,SOURCE,UNAVAILABLE,DERIVED
v2,quarterly,true_oos,T2,H1,BR,V2_TRUE_OOS,TradingSystemLab/results/true_oos_v2/T2/H1/trades.csv,277,T2-H1-BR-000050,v2|true_oos|T2|H1|BR|TradingSystemLab/results/true_oos_v2/T2/H1/trades.csv|277|T2-H1-BR-000050,LONG,2026-08-19 18:00:00+03:00,2026-08-21 12:00:00+03:00,2026-08-19,2026-08-21,2026,8,2026,8,2,4,18,12,0.9225492215,0.924050798291,0.00150157679062,0.455057965981,2.18577023004,ATR_TRAILING_STOP,91.253852872,92.4846268212,,1 days 18:00:00,2520,42,SOURCE,SOURCE,SOURCE,UNAVAILABLE,DERIVED
v2,quarterly,true_oos,T2,H1,BR,V2_TRUE_OOS,TradingSystemLab/results/true_oos_v2/T2/H1/trades.csv,282,T2-H1-BR-000051,v2|true_oos|T2|H1|BR|TradingSystemLab/results/true_oos_v2/T2/H1/trades.csv|282|T2-H1-BR-000051,SHORT,2026-08-26 22:00:00+03:00,2026-08-27 13:00:00+03:00,2026-08-26,2026-08-27,2026,8,2026,8,2,3,22,13,-0.311743968161,-0.310770350771,0.000973617390059,0.0967403506817,0.604627191761,ATR_TRAILING_STOP,86.9912327847,87.6296156935,,0 days 15:00:00,900,15,SOURCE,SOURCE,SOURCE,UNAVAILABLE,DERIVED
v2,quarterly,true_oos,T2,H1,BR,V2_TRUE_OOS,TradingSystemLab/results/true_oos_v2/T2/H1/trades.csv,289,T2-H1-BR-000052,v2|true_oos|T2|H1|BR|TradingSystemLab/results/true_oos_v2/T2/H1/trades.csv|289|T2-H1-BR-000052,LONG,2026-09-02 18:00:00+03:00,2026-09-03 22:00:00+03:00,2026-09-02,2026-09-03,2026,9,2026,9,2,3,18,22,-0.107959430783,-0.106912162483,0.0010472683002,0.696433419631,1.16246781322,ATR_TRAILING_STOP,95.46,95.2558266044,,1 days 04:00:00,1680,28,SOURCE,SOURCE,SOURCE,UNAVAILABLE,DERIVED
v2,quarterly,true_oos,T2,H1,BR,V2_TRUE_OOS,TradingSystemLab/results/true_oos_v2/T2/H1/trades.csv,294,T2-H1-BR-000053,v2|true_oos|T2|H1|BR|TradingSystemLab/results/true_oos_v2/T2/H1/trades.csv|294|T2-H1-BR-000053,LONG,2026-09-07 13:00:00+03:00,2026-09-08 16:00:00+03:00,2026-09-07,2026-09-08,2026,9,2026,9,0,1,13,16,1.15150493059,1.15369117888,0.00218624828479,0.338868484142,2.7874665631,ATR_TRAILING_STOP,96.91,97.965407281,,1 days 03:00:00,1620,27,SOURCE,SOURCE,SOURCE,UNAVAILABLE,DERIVED
v2,quarterly,true_oos,T2,H1,BR,V2_TRUE_OOS,TradingSystemLab/results/true_oos_v2/T2/H1/trades.csv,297,T2-H1-BR-000054,v2|true_oos|T2|H1|BR|TradingSystemLab/results/true_oos_v2/T2/H1/trades.csv|297|T2-H1-BR-000054,LONG,2026-09-11 18:00:00+03:00,2026-09-14 20:00:00+03:00,2026-09-11,2026-09-14,2026,9,2026,9,4,0,18,20,1.04372944488,1.04521684029,0.00148739540504,0.639580024165,3.54743804101,ATR_TRAILING_STOP,104.99,106.395432391,,3 days 02:00:00,4440,74,SOURCE,SOURCE,SOURCE,UNAVAILABLE,DERIVED
v2,quarterly,true_oos,T2,H1,CNY,V2_TRUE_OOS,TradingSystemLab/results/true_oos_v2/T2/H1/trades.csv,3,T2-H1-CNY-000001,v2|true_oos|T2|H1|CNY|TradingSystemLab/results/true_oos_v2/T2/H1/trades.csv|3|T2-H1-CNY-000001,SHORT,2025-01-24 19:00:00+03:00,2025-01-27 16:00:00+03:00,2025-01-24,2025-01-27,2025,1,2025,1,4,0,19,16,1.06446934952,1.08379471861,0.0193253690913,0.291794732779,2.8245730133,ATR_TRAILING_STOP,16.7816892018,16.669526302,,2 days 21:00:00,4140,69,SOURCE,SOURCE,SOURCE,UNAVAILABLE,DERIVED
v2,quarterly,true_oos,T2,H1,CNY,V2_TRUE_OOS,TradingSystemLab/results/true_oos_v2/T2/H1/trades.csv,4,T2-H1-CNY-000002,v2|true_oos|T2|H1|CNY|TradingSystemLab/results/true_oos_v2/T2/H1/trades.csv|4|T2-H1-CNY-000002,SHORT,2025-01-27 22:00:00+03:00,2025-01-28 11:00:00+03:00,2025-01-27,2025-01-28,2025,1,2025,1,0,1,22,11,-1.03928055177,-1,0.0392805517698,0.521927166647,0.379583393925,INITIAL_STOP,16.6898869719,16.7408027537,,0 days 13:00:00,780,13,SOURCE,SOURCE,SOURCE,UNAVAILABLE,DERIVED
v2,quarterly,true_oos,T2,H1,CNY,V2_TRUE_OOS,TradingSystemLab/results/true_oos_v2/T2/H1/trades.csv,6,T2-H1-CNY-000003,v2|true_oos|T2|H1|CNY|TradingSystemLab/results/true_oos_v2/T2/H1/trades.csv|6|T2-H1-CNY-000003,SHORT,2025-01-28 13:00:00+03:00,2025-01-29 16:00:00+03:00,2025-01-28,2025-01-29,2025,1,2025,1,1,2,13,16,-0.293570978549,-0.278576030197,0.0149949483519,0.326029664658,1.04148365099,ATR_TRAILING_STOP,16.6451937811,16.682349765,,1 days 03:00:00,1620,27,SOURCE,SOURCE,SOURCE,UNAVAILABLE,DERIVED
v2,quarterly,true_oos,T2,H1,CNY,V2_TRUE_OOS,TradingSystemLab/results/true_oos_v2/T2/H1/trades.csv,19,T2-H1-CNY-000004,v2|true_oos|T2|H1|CNY|TradingSystemLab/results/true_oos_v2/T2/H1/trades.csv|19|T2-H1-CNY-000004,SHORT,2025-02-24 13:00:00+03:00,2025-02-26 14:00:00+03:00,2025-02-24,2025-02-26,2025,2,2025,2,0,2,13,14,1.78308786774,1.79432858576,0.0112407180168,0.176513141159,2.95320063093,ATR_TRAILING_STOP,14.7282182709,14.408963116,,2 days 01:00:00,2940,49,SOURCE,SOURCE,SOURCE,UNAVAILABLE,DERIVED
v2,quarterly,true_oos,T2,H1,CNY,V2_TRUE_OOS,TradingSystemLab/results/true_oos_v2/T2/H1/trades.csv,26,T2-H1-CNY-000005,v2|true_oos|T2|H1|CNY|TradingSystemLab/results/true_oos_v2/T2/H1/trades.csv|26|T2-H1-CNY-000005,SHORT,2025-03-18 19:00:00+03:00,2025-03-19 11:00:00+03:00,2025-03-18,2025-03-19,2025,3,2025,3,1,2,19,11,-0.657778075235,-0.649973039149,0.00780503608636,0.735375498825,0.476108496034,ATR_TRAILING_STOP,13.5927696385,13.7593218573,,0 days 16:00:00,960,16,SOURCE,SOURCE,SOURCE,UNAVAILABLE,DERIVED
v2,quarterly,true_oos,T2,H1,CNY,V2_TRUE_OOS,TradingSystemLab/results/true_oos_v2/T2/H1/trades.csv,34,T2-H1-CNY-000006,v2|true_oos|T2|H1|CNY|TradingSystemLab/results/true_oos_v2/T2/H1/trades.csv|34|T2-H1-CNY-000006,SHORT,2025-04-18 19:00:00+03:00,2025-04-21 16:00:00+03:00,2025-04-18,2025-04-21,2025,4,2025,4,4,0,19,16,-0.813084300942,-0.799906064586,0.0131782363565,0.601126857416,0.677218864683,ATR_TRAILING_STOP,13.1775735606,13.2989716055,,2 days 21:00:00,4140,69,SOURCE,SOURCE,SOURCE,UNAVAILABLE,DERIVED
v2,quarterly,true_oos,T2,H1,CNY,V2_TRUE_OOS,TradingSystemLab/results/true_oos_v2/T2/H1/trades.csv,46,T2-H1-CNY-000007,v2|true_oos|T2|H1|CNY|TradingSystemLab/results/true_oos_v2/T2/H1/trades.csv|46|T2-H1-CNY-000007,SHORT,2025-05-15 12:00:00+03:00,2025-05-16 12:00:00+03:00,2025-05-15,2025-05-16,2025,5,2025,5,3,4,12,12,-0.601501256069,-0.575925980879,0.0255752751897,0.546391315193,0.428252652449,EMA50_TREND_LOSS,13.0701759319,13.1152136471,,1 days 00:00:00,1440,24,SOURCE,SOURCE,SOURCE,UNAVAILABLE,DERIVED
v2,quarterly,true_oos,T2,H1,CNY,V2_TRUE_OOS,TradingSystemLab/results/true_oos_v2/T2/H1/trades.csv,53,T2-H1-CNY-000008,v2|true_oos|T2|H1|CNY|TradingSystemLab/results/true_oos_v2/T2/H1/trades.csv|53|T2-H1-CNY-000008,SHORT,2025-05-30 12:00:00+03:00,2025-06-02 10:00:00+03:00,2025-05-30,2025-06-02,2025,5,2025,6,4,0,12,10,-0.565325158816,-0.541407669314,0.0239174895025,0.82860698616,0.55240465744,ATR_TRAILING_STOP,12.678694253,12.7239672044,,2 days 22:00:00,4200,70,SOURCE,SOURCE,SOURCE,UNAVAILABLE,DERIVED
v2,quarterly,true_oos,T2,H1,CNY,V2_TRUE_OOS,TradingSystemLab/results/true_oos_v2/T2/H1/trades.csv,61,T2-H1-CNY-000009,v2|true_oos|T2|H1|CNY|TradingSystemLab/results/true_oos_v2/T2/H1/trades.csv|61|T2-H1-CNY-000009,SHORT,2025-06-16 14:00:00+03:00,2025-06-16 17:00:00+03:00,2025-06-16,2025-06-16,2025,6,2025,6,0,0,14,17,-1.03849403257,-1,0.0384940325732,0.488987591326,0.13336025218,INITIAL_STOP,12.6059410207,12.6578971257,,0 days 03:00:00,180,3,SOURCE,SOURCE,SOURCE,UNAVAILABLE,DERIVED
v2,quarterly,true_oos,T2,H1,CNY,V2_TRUE_OOS,TradingSystemLab/results/true_oos_v2/T2/H1/trades.csv,72,T2-H1-CNY-000010,v2|true_oos|T2|H1|CNY|TradingSystemLab/results/true_oos_v2/T2/H1/trades.csv|72|T2-H1-CNY-000010,SHORT,2025-07-14 20:00:00+03:00,2025-07-17 11:00:00+03:00,2025-07-14,2025-07-17,2025,7,2025,7,0,3,20,11,-0.0894364466923,-0.061191542921,0.0282449037713,0.404131342608,0.590653500734,ATR_TRAILING_STOP,12.3523060868,12.3566390131,,2 days 15:00:00,3780,63,SOURCE,SOURCE,SOURCE,UNAVAILABLE,DERIVED
v2,quarterly,true_oos,T2,H1,CNY,V2_TRUE_OOS,TradingSystemLab/results/true_oos_v2/T2/H1/trades.csv,74,T2-H1-CNY-000011,v2|true_oos|T2|H1|CNY|TradingSystemLab/results/true_oos_v2/T2/H1/trades.csv|74|T2-H1-CNY-000011,SHORT,2025-07-17 17:00:00+03:00,2025-07-18 10:00:00+03:00,2025-07-17,2025-07-18,2025,7,2025,7,3,4,17,10,-0.745570424012,-0.695050003701,0.0505204203116,0.778456004145,0.194614001036,EMA50_TREND_LOSS,12.323689856,12.3512054625,,0 days 17:00:00,1020,17,SOURCE,SOURCE,SOURCE,UNAVAILABLE,DERIVED
v2,quarterly,true_oos,T2,H1,CNY,V2_TRUE_OOS,TradingSystemLab/results/true_oos_v2/T2/H1/trades.csv,77,T2-H1-CNY-000012,v2|true_oos|T2|H1|CNY|TradingSystemLab/results/true_oos_v2/T2/H1/trades.csv|77|T2-H1-CNY-000012,LONG,2025-07-25 17:00:00+03:00,2025-07-28 10:00:00+03:00,2025-07-25,2025-07-28,2025,7,2025,7,4,0,17,10,-0.713296918814,-0.686190161415,0.0271067573992,0.43259814524,0.0447515322662,EMA50_TREND_LOSS,12.517399726,12.46677101,,2 days 17:00:00,3900,65,SOURCE,SOURCE,SOURCE,UNAVAILABLE,DERIVED
v2,quarterly,true_oos,T2,H1,CNY,V2_TRUE_OOS,TradingSystemLab/results/true_oos_v2/T2/H1/trades.csv,86,T2-H1-CNY-000013,v2|true_oos|T2|H1|CNY|TradingSystemLab/results/true_oos_v2/T2/H1/trades.csv|86|T2-H1-CNY-000013,SHORT,2025-08-08 19:00:00+03:00,2025-08-11 13:00:00+03:00,2025-08-08,2025-08-11,2025,8,2025,8,4,0,19,13,-0.440634364216,-0.399604543796,0.0410298204204,0.451584157996,1.64828217669,ATR_TRAILING_STOP,12.4095385484,12.4290172856,,2 days 18:00:00,3960,66,SOURCE,SOURCE,SOURCE,UNAVAILABLE,DERIVED
v2,quarterly,true_oos,T2,H1,CNY,V2_TRUE_OOS,TradingSystemLab/results/true_oos_v2/T2/H1/trades.csv,95,T2-H1-CNY-000014,v2|true_oos|T2|H1|CNY|TradingSystemLab/results/true_oos_v2/T2/H1/trades.csv|95|T2-H1-CNY-000014,LONG,2025-08-27 18:00:00+03:00,2025-08-28 11:00:00+03:00,2025-08-27,2025-08-28,2025,8,2025,8,2,3,18,11,-0.544351795249,-0.513262613617,0.0310891816321,0.359283829532,0.153978784085,EMA50_TREND_LOSS,12.5207015988,12.487682871,,0 days 17:00:00,1020,17,SOURCE,SOURCE,SOURCE,UNAVAILABLE,DERIVED
v2,quarterly,true_oos,T2,H1,CNY,V2_TRUE_OOS,TradingSystemLab/results/true_oos_v2/T2/H1/trades.csv,112,T2-H1-CNY-000015,v2|true_oos|T2|H1|CNY|TradingSystemLab/results/true_oos_v2/T2/H1/trades.csv|112|T2-H1-CNY-000015,SHORT,2025-10-02 15:00:00+03:00,2025-10-03 11:00:00+03:00,2025-10-02,2025-10-03,2025,10,2025,10,3,4,15,11,-0.393755682878,-0.353393188667,0.0403624942103,0.827110723641,1.97234095637,ATR_TRAILING_STOP,12.3057457981,12.3232567669,,0 days 20:00:00,1200,20,SOURCE,SOURCE,SOURCE,UNAVAILABLE,DERIVED
v2,quarterly,true_oos,T2,H1,CNY,V2_TRUE_OOS,TradingSystemLab/results/true_oos_v2/T2/H1/trades.csv,124,T2-H1-CNY-000016,v2|true_oos|T2|H1|CNY|TradingSystemLab/results/true_oos_v2/T2/H1/trades.csv|124|T2-H1-CNY-000016,SHORT,2025-10-28 14:00:00+03:00,2025-10-29 14:00:00+03:00,2025-10-28,2025-10-29,2025,10,2025,10,1,2,14,14,-0.582857759578,-0.566309295205,0.0165484643723,0.339112153743,0.452149538324,ATR_TRAILING_STOP,11.9663131856,12.0347557048,,1 days 00:00:00,1440,24,SOURCE,SOURCE,SOURCE,UNAVAILABLE,DERIVED
v2,quarterly,true_oos,T2,H1,CNY,V2_TRUE_OOS,TradingSystemLab/results/true_oos_v2/T2/H1/trades.csv,137,T2-H1-CNY-000017,v2|true_oos|T2|H1|CNY|TradingSystemLab/results/true_oos_v2/T2/H1/trades.csv|137|T2-H1-CNY-000017,SHORT,2025-11-20 12:00:00+03:00,2025-11-24 11:00:00+03:00,2025-11-20,2025-11-24,2025,11,2025,11,3,0,12,11,5.38192786764,5.4313302895,0.0494024218606,0.0259578840832,7.78736522495,ATR_TRAILING_STOP,12.0030938092,11.7832126745,,3 days 23:00:00,5700,95,SOURCE,SOURCE,SOURCE,UNAVAILABLE,DERIVED
v2,quarterly,true_oos,T2,H1,CNY,V2_TRUE_OOS,TradingSystemLab/results/true_oos_v2/T2/H1/trades.csv,142,T2-H1-CNY-000018,v2|true_oos|T2|H1|CNY|TradingSystemLab/results/true_oos_v2/T2/H1/trades.csv|142|T2-H1-CNY-000018,SHORT,2025-11-25 19:00:00+03:00,2025-11-28 10:00:00+03:00,2025-11-25,2025-11-28,2025,11,2025,11,1,4,19,10,0.824435951726,0.864384078468,0.0399481267428,0.797629236836,2.14100479361,ATR_TRAILING_STOP,11.7498329435,11.7065576188,,2 days 15:00:00,3780,63,SOURCE,SOURCE,SOURCE,UNAVAILABLE,DERIVED
v2,quarterly,true_oos,T2,H1,CNY,V2_TRUE_OOS,TradingSystemLab/results/true_oos_v2/T2/H1/trades.csv,157,T2-H1-CNY-000019,v2|true_oos|T2|H1|CNY|TradingSystemLab/results/true_oos_v2/T2/H1/trades.csv|157|T2-H1-CNY-000019,LONG,2025-12-18 21:00:00+03:00,2025-12-19 14:00:00+03:00,2025-12-18,2025-12-19,2025,12,2025,12,3,4,21,14,-0.130589133656,-0.113725152364,0.0168639812924,0.187575627206,0.929351971158,ATR_TRAILING_STOP,11.9378574662,11.9243701229,,0 days 17:00:00,1020,17,SOURCE,SOURCE,SOURCE,UNAVAILABLE,DERIVED
v2,quarterly,true_oos,T2,H1,CNY,V2_TRUE_OOS,TradingSystemLab/results/true_oos_v2/T2/H1/trades.csv,163,T2-H1-CNY-000020,v2|true_oos|T2|H1|CNY|TradingSystemLab/results/true_oos_v2/T2/H1/trades.csv|163|T2-H1-CNY-000020,SHORT,2025-12-26 13:00:00+03:00,2025-12-29 11:00:00+03:00,2025-12-26,2025-12-29,2025,12,2025,12,4,0,13,11,-0.589495621896,-0.572114452996,0.0173811688998,0.386656460468,0.316355285838,ATR_TRAILING_STOP,11.4717087035,11.5375402315,,2 days 22:00:00,4200,70,SOURCE,SOURCE,SOURCE,UNAVAILABLE,DERIVED
v2,quarterly,true_oos,T2,H1,CNY,V2_TRUE_OOS,TradingSystemLab/results/true_oos_v2/T2/H1/trades.csv,165,T2-H1-CNY-000021,v2|true_oos|T2|H1|CNY|TradingSystemLab/results/true_oos_v2/T2/H1/trades.csv|165|T2-H1-CNY-000021,SHORT,2025-12-29 18:00:00+03:00,2025-12-29 19:00:00+03:00,2025-12-29,2025-12-29,2025,12,2025,12,0,0,18,19,-0.628809401181,-0.606187078622,0.0226223225597,0,0,EMA50_TREND_LOSS,11.4888985711,11.5424905113,,0 days 01:00:00,60,1,SOURCE,SOURCE,SOURCE,UNAVAILABLE,DERIVED
v2,quarterly,true_oos,T2,H1,CNY,V2_TRUE_OOS,TradingSystemLab/results/true_oos_v2/T2/H1/trades.csv,170,T2-H1-CNY-000022,v2|true_oos|T2|H1|CNY|TradingSystemLab/results/true_oos_v2/T2/H1/trades.csv|170|T2-H1-CNY-000022,SHORT,2026-01-15 18:00:00+03:00,2026-01-16 18:00:00+03:00,2026-01-15,2026-01-16,2026,1,2026,1,3,4,18,18,-0.146127626042,-0.123020742168,0.0231068838737,0.151872222609,0.957963250303,ATR_TRAILING_STOP,11.5566468729,11.5672948463,,1 days 00:00:00,1440,24,SOURCE,SOURCE,SOURCE,UNAVAILABLE,DERIVED
v2,quarterly,true_oos,T2,H1,CNY,V2_TRUE_OOS,TradingSystemLab/results/true_oos_v2/T2/H1/trades.csv,188,T2-H1-CNY-000023,v2|true_oos|T2|H1|CNY|TradingSystemLab/results/true_oos_v2/T2/H1/trades.csv|188|T2-H1-CNY-000023,SHORT,2026-02-19 17:00:00+03:00,2026-02-20 12:00:00+03:00,2026-02-19,2026-02-20,2026,2,2026,2,3,4,17,12,-0.552012311966,-0.523906902086,0.0281054098797,0.483128274771,0.497337929911,ATR_TRAILING_STOP,11.2088048461,11.246086416,,0 days 19:00:00,1140,19,SOURCE,SOURCE,SOURCE,UNAVAILABLE,DERIVED
v2,quarterly,true_oos,T2,H1,CNY,V2_TRUE_OOS,TradingSystemLab/results/true_oos_v2/T2/H1/trades.csv,193,T2-H1-CNY-000024,v2|true_oos|T2|H1|CNY|TradingSystemLab/results/true_oos_v2/T2/H1/trades.csv|193|T2-H1-CNY-000024,LONG,2026-02-26 15:00:00+03:00,2026-02-26 20:00:00+03:00,2026-02-26,2026-02-26,2026,2,2026,2,3,3,15,20,-1.04525673048,-1,0.0452567304785,0.869481582155,0.0915243770691,INITIAL_STOP,11.4090162452,11.3648239234,,0 days 05:00:00,300,5,SOURCE,SOURCE,SOURCE,UNAVAILABLE,DERIVED
v2,quarterly,true_oos,T2,H1,CNY,V2_TRUE_OOS,TradingSystemLab/results/true_oos_v2/T2/H1/trades.csv,209,T2-H1-CNY-000025,v2|true_oos|T2|H1|CNY|TradingSystemLab/results/true_oos_v2/T2/H1/trades.csv|209|T2-H1-CNY-000025,LONG,2026-03-26 15:00:00+03:00,2026-03-26 17:00:00+03:00,2026-03-26,2026-03-26,2026,3,2026,3,3,3,15,17,-1.0187062605,-1,0.0187062604999,0.775546607776,0.229791587489,INITIAL_STOP,12.1767207882,12.0698047106,,0 days 02:00:00,120,2,SOURCE,SOURCE,SOURCE,UNAVAILABLE,DERIVED
v2,quarterly,true_oos,T2,H1,CNY,V2_TRUE_OOS,TradingSystemLab/results/true_oos_v2/T2/H1/trades.csv,216,T2-H1-CNY-000026,v2|true_oos|T2|H1|CNY|TradingSystemLab/results/true_oos_v2/T2/H1/trades.csv|216|T2-H1-CNY-000026,SHORT,2026-04-08 13:00:00+03:00,2026-04-08 16:00:00+03:00,2026-04-08,2026-04-08,2026,4,2026,4,2,2,13,16,-0.458480727162,-0.438101417779,0.020379309383,0.427670431642,0.0312929584128,EMA50_TREND_LOSS,11.8563077065,11.8993024332,,0 days 03:00:00,180,3,SOURCE,SOURCE,SOURCE,UNAVAILABLE,DERIVED
v2,quarterly,true_oos,T2,H1,CNY,V2_TRUE_OOS,TradingSystemLab/results/true_oos_v2/T2/H1/trades.csv,221,T2-H1-CNY-000027,v2|true_oos|T2|H1|CNY|TradingSystemLab/results/true_oos_v2/T2/H1/trades.csv|221|T2-H1-CNY-000027,SHORT,2026-04-21 17:00:00+03:00,2026-04-22 11:00:00+03:00,2026-04-21,2026-04-22,2026,4,2026,4,1,2,17,11,-0.695064814225,-0.663455837686,0.0316089765396,0.0161788012494,0.922191671218,ATR_TRAILING_STOP,11.3936025534,11.4355815044,,0 days 18:00:00,1080,18,SOURCE,SOURCE,SOURCE,UNAVAILABLE,DERIVED
v2,quarterly,true_oos,T2,H1,CNY,V2_TRUE_OOS,TradingSystemLab/results/true_oos_v2/T2/H1/trades.csv,222,T2-H1-CNY-000028,v2|true_oos|T2|H1|CNY|TradingSystemLab/results/true_oos_v2/T2/H1/trades.csv|222|T2-H1-CNY-000028,SHORT,2026-04-22 13:00:00+03:00,2026-04-23 15:00:00+03:00,2026-04-22,2026-04-23,2026,4,2026,4,2,3,13,15,-0.43664425974,-0.406126537576,0.0305177221639,0.609189806364,0.827873326598,EMA50_TREND_LOSS,11.3915551855,11.4181709686,,1 days 02:00:00,1560,26,SOURCE,SOURCE,SOURCE,UNAVAILABLE,DERIVED
v2,quarterly,true_oos,T2,H1,CNY,V2_TRUE_OOS,TradingSystemLab/results/true_oos_v2/T2/H1/trades.csv,228,T2-H1-CNY-000029,v2|true_oos|T2|H1|CNY|TradingSystemLab/results/true_oos_v2/T2/H1/trades.csv|228|T2-H1-CNY-000029,SHORT,2026-04-29 13:00:00+03:00,2026-04-30 11:00:00+03:00,2026-04-29,2026-04-30,2026,4,2026,4,2,3,13,11,-0.339704966934,-0.305967843915,0.0337371230188,0.310825367363,0.984280329983,ATR_TRAILING_STOP,11.3618683504,11.3800066987,,0 days 22:00:00,1320,22,SOURCE,SOURCE,SOURCE,UNAVAILABLE,DERIVED
v2,quarterly,true_oos,T2,H1,CNY,V2_TRUE_OOS,TradingSystemLab/results/true_oos_v2/T2/H1/trades.csv,229,T2-H1-CNY-000030,v2|true_oos|T2|H1|CNY|TradingSystemLab/results/true_oos_v2/T2/H1/trades.csv|229|T2-H1-CNY-000030,SHORT,2026-04-30 13:00:00+03:00,2026-04-30 18:00:00+03:00,2026-04-30,2026-04-30,2026,4,2026,4,3,3,13,18,-0.67171455733,-0.64315653653,0.0285580208,0.467750208386,0.0877031640723,EMA50_TREND_LOSS,11.345489407,11.3905315015,,0 days 05:00:00,300,5,SOURCE,SOURCE,SOURCE,UNAVAILABLE,DERIVED
v2,quarterly,true_oos,T2,H1,CNY,V2_TRUE_OOS,TradingSystemLab/results/true_oos_v2/T2/H1/trades.csv,231,T2-H1-CNY-000031,v2|true_oos|T2|H1|CNY|TradingSystemLab/results/true_oos_v2/T2/H1/trades.csv|231|T2-H1-CNY-000031,SHORT,2026-05-12 19:00:00+03:00,2026-05-13 16:00:00+03:00,2026-05-12,2026-05-13,2026,5,2026,5,1,2,19,16,0.424264304953,0.45694105849,0.0326767535368,0,1.67253343457,ATR_TRAILING_STOP,11.2400499584,11.212082611,,0 days 21:00:00,1260,21,SOURCE,SOURCE,SOURCE,UNAVAILABLE,DERIVED
v2,quarterly,true_oos,T2,H1,CNY,V2_TRUE_OOS,TradingSystemLab/results/true_oos_v2/T2/H1/trades.csv,245,T2-H1-CNY-000032,v2|true_oos|T2|H1|CNY|TradingSystemLab/results/true_oos_v2/T2/H1/trades.csv|245|T2-H1-CNY-000032,SHORT,2026-06-10 17:00:00+03:00,2026-06-11 11:00:00+03:00,2026-06-10,2026-06-11,2026,6,2026,6,2,3,17,11,-1.04933602235,-1,0.0493360223547,0.959585406582,0.378783713124,INITIAL_STOP,10.879713202,10.9202515329,,0 days 18:00:00,1080,18,SOURCE,SOURCE,SOURCE,UNAVAILABLE,DERIVED
v2,quarterly,true_oos,T2,H1,CNY,V2_TRUE_OOS,TradingSystemLab/results/true_oos_v2/T2/H1/trades.csv,248,T2-H1-CNY-000033,v2|true_oos|T2|H1|CNY|TradingSystemLab/results/true_oos_v2/T2/H1/trades.csv|248|T2-H1-CNY-000033,LONG,2026-06-18 21:00:00+03:00,2026-06-19 13:00:00+03:00,2026-06-18,2026-06-19,2026,6,2026,6,3,4,21,13,-1.03760180325,-1,0.0376018032523,0.977646884559,0.319615327644,INITIAL_STOP,11.087,11.0338110615,,0 days 16:00:00,960,16,SOURCE,SOURCE,SOURCE,UNAVAILABLE,DERIVED
v2,quarterly,true_oos,T2,H1,CNY,V2_TRUE_OOS,TradingSystemLab/results/true_oos_v2/T2/H1/trades.csv,252,T2-H1-CNY-000034,v2|true_oos|T2|H1|CNY|TradingSystemLab/results/true_oos_v2/T2/H1/trades.csv|252|T2-H1-CNY-000034,LONG,2026-06-29 15:00:00+03:00,2026-06-29 18:00:00+03:00,2026-06-29,2026-06-29,2026,6,2026,6,0,0,15,18,-1.01734929881,-1,0.0173492988098,0.633249406556,0.156143689288,INITIAL_STOP,11.698,11.5827215659,,0 days 03:00:00,180,3,SOURCE,SOURCE,SOURCE,UNAVAILABLE,DERIVED
v2,quarterly,true_oos,T2,H1,CNY,V2_TRUE_OOS,TradingSystemLab/results/true_oos_v2/T2/H1/trades.csv,270,T2-H1-CNY-000035,v2|true_oos|T2|H1|CNY|TradingSystemLab/results/true_oos_v2/T2/H1/trades.csv|270|T2-H1-CNY-000035,LONG,2026-08-10 13:00:00+03:00,2026-08-10 19:00:00+03:00,2026-08-10,2026-08-10,2026,8,2026,8,0,0,13,19,-1.03078317031,-1,0.0307831703093,0.615663406186,0.246265362474,INITIAL_STOP,12.376,12.3110294339,,0 days 06:00:00,360,6,SOURCE,SOURCE,SOURCE,UNAVAILABLE,DERIVED
v2,quarterly,true_oos,T2,H1,CNY,V2_TRUE_OOS,TradingSystemLab/results/true_oos_v2/T2/H1/trades.csv,274,T2-H1-CNY-000036,v2|true_oos|T2|H1|CNY|TradingSystemLab/results/true_oos_v2/T2/H1/trades.csv|274|T2-H1-CNY-000036,LONG,2026-08-14 20:00:00+03:00,2026-08-18 00:00:00+03:00,2026-08-14,2026-08-18,2026,8,2026,8,4,1,20,0,0.515697376642,0.538523983225,0.0228266065824,0.216852762533,1.6891688871,ATR_TRAILING_STOP,12.641,12.6881838844,,3 days 04:00:00,4560,76,SOURCE,SOURCE,SOURCE,UNAVAILABLE,DERIVED
v2,quarterly,true_oos,T2,H1,CNY,V2_TRUE_OOS,TradingSystemLab/results/true_oos_v2/T2/H1/trades.csv,283,T2-H1-CNY-000037,v2|true_oos|T2|H1|CNY|TradingSystemLab/results/true_oos_v2/T2/H1/trades.csv|283|T2-H1-CNY-000037,LONG,2026-08-26 00:00:00+03:00,2026-08-28 09:00:00+03:00,2026-08-26,2026-08-28,2026,8,2026,8,2,4,0,9,6.5054505667,6.55356702755,0.0481164608563,0.673630451989,9.1421275627,ATR_TRAILING_STOP,12.599,12.8714043669,,2 days 09:00:00,3420,57,SOURCE,SOURCE,SOURCE,UNAVAILABLE,DERIVED
v2,quarterly,true_oos,T2,H1,CNY,V2_TRUE_OOS,TradingSystemLab/results/true_oos_v2/T2/H1/trades.csv,285,T2-H1-CNY-000038,v2|true_oos|T2|H1|CNY|TradingSystemLab/results/true_oos_v2/T2/H1/trades.csv|285|T2-H1-CNY-000038,LONG,2026-08-28 17:00:00+03:00,2026-08-30 14:00:00+03:00,2026-08-28,2026-08-30,2026,8,2026,8,4,6,17,14,0.701441707256,0.724823097498,0.0233813902419,0.0935255609675,1.34442993891,ATR_TRAILING_STOP,12.903,12.965,,1 days 21:00:00,2700,45,SOURCE,SOURCE,SOURCE,UNAVAILABLE,DERIVED
v2,quarterly,true_oos,T2,H1,CNY,V2_TRUE_OOS,TradingSystemLab/results/true_oos_v2/T2/H1/trades.csv,287,T2-H1-CNY-000039,v2|true_oos|T2|H1|CNY|TradingSystemLab/results/true_oos_v2/T2/H1/trades.csv|287|T2-H1-CNY-000039,LONG,2026-09-01 22:00:00+03:00,2026-09-02 11:00:00+03:00,2026-09-01,2026-09-02,2026,9,2026,9,1,2,22,11,-1.05007191652,-1,0.0500719165238,0.675970873072,0.325467457405,INITIAL_STOP,12.966,12.9260574506,,0 days 13:00:00,780,13,SOURCE,SOURCE,SOURCE,UNAVAILABLE,DERIVED
v2,quarterly,true_oos,T2,H1,CNY,V2_TRUE_OOS,TradingSystemLab/results/true_oos_v2/T2/H1/trades.csv,292,T2-H1-CNY-000040,v2|true_oos|T2|H1|CNY|TradingSystemLab/results/true_oos_v2/T2/H1/trades.csv|292|T2-H1-CNY-000040,LONG,2026-09-07 19:00:00+03:00,2026-09-08 11:00:00+03:00,2026-09-07,2026-09-08,2026,9,2026,9,0,1,19,11,-0.235761103427,-0.212075464913,0.0236856385133,0,0.781626070938,ATR_TRAILING_STOP,12.932,12.9140924849,,0 days 16:00:00,960,16,SOURCE,SOURCE,SOURCE,UNAVAILABLE,DERIVED
v2,quarterly,true_oos,T2,H1,GD,V2_TRUE_OOS,TradingSystemLab/results/true_oos_v2/T2/H1/trades.csv,7,T2-H1-GD-000001,v2|true_oos|T2|H1|GD|TradingSystemLab/results/true_oos_v2/T2/H1/trades.csv|7|T2-H1-GD-000001,LONG,2025-02-03 15:00:00+03:00,2025-02-04 11:00:00+03:00,2025-02-03,2025-02-04,2025,2,2025,2,0,1,15,11,0.286739170703,0.286902354774,0.000163184071509,0.0618421526536,2.04852130665,ATR_TRAILING_STOP,2661.23435,2664.75065343,,0 days 20:00:00,1200,20,SOURCE,SOURCE,SOURCE,UNAVAILABLE,DERIVED
v2,quarterly,true_oos,T2,H1,GD,V2_TRUE_OOS,TradingSystemLab/results/true_oos_v2/T2/H1/trades.csv,9,T2-H1-GD-000002,v2|true_oos|T2|H1|GD|TradingSystemLab/results/true_oos_v2/T2/H1/trades.csv|9|T2-H1-GD-000002,LONG,2025-02-11 19:00:00+03:00,2025-02-12 09:00:00+03:00,2025-02-11,2025-02-12,2025,2,2025,2,1,2,19,9,-0.658228677982,-0.658137873224,9.08047581194e-05,0.292505721433,0.245188619436,EMA50_TREND_LOSS,2747.45042243,2732.95475311,,0 days 14:00:00,840,14,SOURCE,SOURCE,SOURCE,UNAVAILABLE,DERIVED
v2,quarterly,true_oos,T2,H1,GD,V2_TRUE_OOS,TradingSystemLab/results/true_oos_v2/T2/H1/trades.csv,16,T2-H1-GD-000003,v2|true_oos|T2|H1|GD|TradingSystemLab/results/true_oos_v2/T2/H1/trades.csv|16|T2-H1-GD-000003,LONG,2025-02-19 23:00:00+03:00,2025-02-20 18:00:00+03:00,2025-02-19,2025-02-20,2025,2,2025,2,2,3,23,18,0.267530325953,0.267680485432,0.000150159478544,0.0355663749404,1.85656477189,ATR_TRAILING_STOP,2773.4099871,2776.97526966,,0 days 19:00:00,1140,19,SOURCE,SOURCE,SOURCE,UNAVAILABLE,DERIVED
v2,quarterly,true_oos,T2,H1,GD,V2_TRUE_OOS,TradingSystemLab/results/true_oos_v2/T2/H1/trades.csv,17,T2-H1-GD-000004,v2|true_oos|T2|H1|GD|TradingSystemLab/results/true_oos_v2/T2/H1/trades.csv|17|T2-H1-GD-000004,LONG,2025-02-20 20:00:00+03:00,2025-02-21 10:00:00+03:00,2025-02-20,2025-02-21,2025,2,2025,2,3,4,20,10,-1.00017055967,-1,0.000170559665345,0.913001782475,0.274708500922,INITIAL_STOP,2786.5792553,2774.8531535,,0 days 14:00:00,840,14,SOURCE,SOURCE,SOURCE,UNAVAILABLE,DERIVED
v2,quarterly,true_oos,T2,H1,GD,V2_TRUE_OOS,TradingSystemLab/results/true_oos_v2/T2/H1/trades.csv,29,T2-H1-GD-000005,v2|true_oos|T2|H1|GD|TradingSystemLab/results/true_oos_v2/T2/H1/trades.csv|29|T2-H1-GD-000005,LONG,2025-03-25 17:00:00+03:00,2025-03-26 13:00:00+03:00,2025-03-25,2025-03-26,2025,3,2025,3,1,2,17,13,-0.352850887555,-0.352699138294,0.000151749261099,0.557467707052,0.764731341725,ATR_TRAILING_STOP,2867.11184711,2862.46340091,,0 days 20:00:00,1200,20,SOURCE,SOURCE,SOURCE,UNAVAILABLE,DERIVED
v2,quarterly,true_oos,T2,H1,GD,V2_TRUE_OOS,TradingSystemLab/results/true_oos_v2/T2/H1/trades.csv,36,T2-H1-GD-000006,v2|true_oos|T2|H1|GD|TradingSystemLab/results/true_oos_v2/T2/H1/trades.csv|36|T2-H1-GD-000006,LONG,2025-04-17 20:00:00+03:00,2025-04-22 12:00:00+03:00,2025-04-17,2025-04-22,2025,4,2025,4,3,1,20,12,3.95450441467,3.95457216984,6.77551712528e-05,0.16912851818,5.4025392694,ATR_TRAILING_STOP,3109.09917661,3225.83040455,,4 days 16:00:00,6720,112,SOURCE,SOURCE,SOURCE,UNAVAILABLE,DERIVED
v2,quarterly,true_oos,T2,H1,GD,V2_TRUE_OOS,TradingSystemLab/results/true_oos_v2/T2/H1/trades.csv,44,T2-H1-GD-000007,v2|true_oos|T2|H1|GD|TradingSystemLab/results/true_oos_v2/T2/H1/trades.csv|44|T2-H1-GD-000007,LONG,2025-05-07 14:00:00+03:00,2025-05-08 10:00:00+03:00,2025-05-07,2025-05-08,2025,5,2025,5,2,3,14,10,-1.00008341468,-1,8.34146830006e-05,0.899656066769,0.361433878352,INITIAL_STOP,3192.17929518,3168.20270104,,0 days 20:00:00,1200,20,SOURCE,SOURCE,SOURCE,UNAVAILABLE,DERIVED
v2,quarterly,true_oos,T2,H1,GD,V2_TRUE_OOS,TradingSystemLab/results/true_oos_v2/T2/H1/trades.csv,49,T2-H1-GD-000008,v2|true_oos|T2|H1|GD|TradingSystemLab/results/true_oos_v2/T2/H1/trades.csv|49|T2-H1-GD-000008,LONG,2025-05-22 15:00:00+03:00,2025-05-22 17:00:00+03:00,2025-05-22,2025-05-22,2025,5,2025,5,3,3,15,17,-1.00007202315,-1,7.20231488012e-05,0.495248863039,0,INITIAL_STOP,3121.25035041,3093.48150063,,0 days 02:00:00,120,2,SOURCE,SOURCE,SOURCE,UNAVAILABLE,DERIVED
v2,quarterly,true_oos,T2,H1,GD,V2_TRUE_OOS,TradingSystemLab/results/true_oos_v2/T2/H1/trades.csv,50,T2-H1-GD-000009,v2|true_oos|T2|H1|GD|TradingSystemLab/results/true_oos_v2/T2/H1/trades.csv|50|T2-H1-GD-000009,LONG,2025-05-23 09:00:00+03:00,2025-05-26 12:00:00+03:00,2025-05-23,2025-05-26,2025,5,2025,5,4,0,9,12,0.253569121687,0.253629815778,6.06940904199e-05,0.0800392417273,1.28348641198,ATR_TRAILING_STOP,3127.27883974,3135.63648425,,3 days 03:00:00,4500,75,SOURCE,SOURCE,SOURCE,UNAVAILABLE,DERIVED
v2,quarterly,true_oos,T2,H1,GD,V2_TRUE_OOS,TradingSystemLab/results/true_oos_v2/T2/H1/trades.csv,81,T2-H1-GD-000010,v2|true_oos|T2|H1|GD|TradingSystemLab/results/true_oos_v2/T2/H1/trades.csv|81|T2-H1-GD-000010,SHORT,2025-07-31 14:00:00+03:00,2025-08-01 10:00:00+03:00,2025-07-31,2025-08-01,2025,7,2025,8,3,4,14,10,-0.139471009197,-0.139374818507,9.61906898054e-05,0.736122235013,1.18597471197,ATR_TRAILING_STOP,3112.20830318,3115.10618901,,0 days 20:00:00,1200,20,SOURCE,SOURCE,SOURCE,UNAVAILABLE,DERIVED
v2,quarterly,true_oos,T2,H1,GD,V2_TRUE_OOS,TradingSystemLab/results/true_oos_v2/T2/H1/trades.csv,85,T2-H1-GD-000011,v2|true_oos|T2|H1|GD|TradingSystemLab/results/true_oos_v2/T2/H1/trades.csv|85|T2-H1-GD-000011,LONG,2025-08-08 16:00:00+03:00,2025-08-08 21:00:00+03:00,2025-08-08,2025-08-08,2025,8,2025,8,4,4,16,21,-1.00020555878,-1,0.000205558776141,0.504941713286,1.16525010758,INITIAL_STOP,3221.9920392,3212.26246191,,0 days 05:00:00,300,5,SOURCE,SOURCE,SOURCE,UNAVAILABLE,DERIVED
v2,quarterly,true_oos,T2,H1,GD,V2_TRUE_OOS,TradingSystemLab/results/true_oos_v2/T2/H1/trades.csv,92,T2-H1-GD-000012,v2|true_oos|T2|H1|GD|TradingSystemLab/results/true_oos_v2/T2/H1/trades.csv|92|T2-H1-GD-000012,LONG,2025-08-25 18:00:00+03:00,2025-08-26 00:00:00+03:00,2025-08-25,2025-08-26,2025,8,2025,8,0,1,18,0,-0.760179318603,-0.76000445442,0.000174864183168,0.743438855082,0.214771224801,ATR_TRAILING_STOP,3188.5467358,3179.85422438,,0 days 06:00:00,360,6,SOURCE,SOURCE,SOURCE,UNAVAILABLE,DERIVED
v2,quarterly,true_oos,T2,H1,GD,V2_TRUE_OOS,TradingSystemLab/results/true_oos_v2/T2/H1/trades.csv,97,T2-H1-GD-000013,v2|true_oos|T2|H1|GD|TradingSystemLab/results/true_oos_v2/T2/H1/trades.csv|97|T2-H1-GD-000013,LONG,2025-09-02 14:00:00+03:00,2025-09-04 09:00:00+03:00,2025-09-02,2025-09-04,2025,9,2025,9,1,3,14,9,2.32247597072,2.32261104517,0.000135074454093,0.669983955338,5.60872282611,ATR_TRAILING_STOP,3300.78690653,3335.17699252,,1 days 19:00:00,2580,43,SOURCE,SOURCE,SOURCE,UNAVAILABLE,DERIVED
v2,quarterly,true_oos,T2,H1,GD,V2_TRUE_OOS,TradingSystemLab/results/true_oos_v2/T2/H1/trades.csv,101,T2-H1-GD-000014,v2|true_oos|T2|H1|GD|TradingSystemLab/results/true_oos_v2/T2/H1/trades.csv|101|T2-H1-GD-000014,LONG,2025-09-10 09:00:00+03:00,2025-09-11 09:00:00+03:00,2025-09-10,2025-09-11,2025,9,2025,9,2,3,9,9,-0.513093958108,-0.512934277959,0.000159680148441,0.0377157557323,1.68212270566,ATR_TRAILING_STOP,3435.79633749,3429.37181594,,1 days 00:00:00,1440,24,SOURCE,SOURCE,SOURCE,UNAVAILABLE,DERIVED
v2,quarterly,true_oos,T2,H1,GD,V2_TRUE_OOS,TradingSystemLab/results/true_oos_v2/T2/H1/trades.csv,105,T2-H1-GD-000015,v2|true_oos|T2|H1|GD|TradingSystemLab/results/true_oos_v2/T2/H1/trades.csv|105|T2-H1-GD-000015,LONG,2025-09-17 18:00:00+03:00,2025-09-17 22:00:00+03:00,2025-09-17,2025-09-17,2025,9,2025,9,2,2,18,22,-1.00011175689,-1,0.000111756886555,0.322037177479,0.21645121765,INITIAL_STOP,3482.65755356,3464.76156467,,0 days 04:00:00,240,4,SOURCE,SOURCE,SOURCE,UNAVAILABLE,DERIVED
v2,quarterly,true_oos,T2,H1,GD,V2_TRUE_OOS,TradingSystemLab/results/true_oos_v2/T2/H1/trades.csv,107,T2-H1-GD-000016,v2|true_oos|T2|H1|GD|TradingSystemLab/results/true_oos_v2/T2/H1/trades.csv|107|T2-H1-GD-000016,LONG,2025-09-24 09:00:00+03:00,2025-09-24 18:00:00+03:00,2025-09-24,2025-09-24,2025,9,2025,9,2,2,9,18,-1.00009043028,-1,9.04302793298e-05,0.675343966993,0.263341672664,INITIAL_STOP,3539.60595996,3517.48947404,,0 days 09:00:00,540,9,SOURCE,SOURCE,SOURCE,UNAVAILABLE,DERIVED
v2,quarterly,true_oos,T2,H1,GD,V2_TRUE_OOS,TradingSystemLab/results/true_oos_v2/T2/H1/trades.csv,111,T2-H1-GD-000017,v2|true_oos|T2|H1|GD|TradingSystemLab/results/true_oos_v2/T2/H1/trades.csv|111|T2-H1-GD-000017,LONG,2025-09-30 18:00:00+03:00,2025-10-01 22:00:00+03:00,2025-09-30,2025-10-01,2025,9,2025,10,1,2,18,22,0.0584689682651,0.0585210921988,5.21239337189e-05,0.570436271795,1.07966693503,ATR_TRAILING_STOP,3609.49626873,3611.74172827,,1 days 04:00:00,1680,28,SOURCE,SOURCE,SOURCE,UNAVAILABLE,DERIVED
v2,quarterly,true_oos,T2,H1,GD,V2_TRUE_OOS,TradingSystemLab/results/true_oos_v2/T2/H1/trades.csv,130,T2-H1-GD-000018,v2|true_oos|T2|H1|GD|TradingSystemLab/results/true_oos_v2/T2/H1/trades.csv|130|T2-H1-GD-000018,LONG,2025-11-12 10:00:00+03:00,2025-11-13 18:00:00+03:00,2025-11-12,2025-11-13,2025,11,2025,11,2,3,10,18,4.5874391348,4.58756006045,0.000120925650478,0.33510774994,7.19629693516,ATR_TRAILING_STOP,3875.06065431,3950.93471481,,1 days 08:00:00,1920,32,SOURCE,SOURCE,SOURCE,UNAVAILABLE,DERIVED
v2,quarterly,true_oos,T2,H1,GD,V2_TRUE_OOS,TradingSystemLab/results/true_oos_v2/T2/H1/trades.csv,131,T2-H1-GD-000019,v2|true_oos|T2|H1|GD|TradingSystemLab/results/true_oos_v2/T2/H1/trades.csv|131|T2-H1-GD-000019,LONG,2025-11-13 20:00:00+03:00,2025-11-13 22:00:00+03:00,2025-11-13,2025-11-13,2025,11,2025,11,3,3,20,22,-1.000110324,-1,0.000110324000662,0.709912130667,0.062182084438,INITIAL_STOP,3958.5720582,3940.44363656,,0 days 02:00:00,120,2,SOURCE,SOURCE,SOURCE,UNAVAILABLE,DERIVED
v2,quarterly,true_oos,T2,H1,GD,V2_TRUE_OOS,TradingSystemLab/results/true_oos_v2/T2/H1/trades.csv,144,T2-H1-GD-000020,v2|true_oos|T2|H1|GD|TradingSystemLab/results/true_oos_v2/T2/H1/trades.csv|144|T2-H1-GD-000020,LONG,2025-11-25 20:00:00+03:00,2025-12-01 18:00:00+03:00,2025-11-25,2025-12-01,2025,11,2025,12,1,0,20,18,4.12256590147,4.12264861278,8.27113086434e-05,0.225323720538,5.09697795424,ATR_TRAILING_STOP,3891.7817228,3991.46938778,,5 days 22:00:00,8520,142,SOURCE,SOURCE,SOURCE,UNAVAILABLE,DERIVED
v2,quarterly,true_oos,T2,H1,GD,V2_TRUE_OOS,TradingSystemLab/results/true_oos_v2/T2/H1/trades.csv,146,T2-H1-GD-000021,v2|true_oos|T2|H1|GD|TradingSystemLab/results/true_oos_v2/T2/H1/trades.csv|146|T2-H1-GD-000021,LONG,2025-12-01 22:00:00+03:00,2025-12-02 10:00:00+03:00,2025-12-01,2025-12-02,2025,12,2025,12,0,1,22,10,-1.00009501616,-1,9.50161571632e-05,0.718517525826,0.120496727934,INITIAL_STOP,3994.36265986,3973.31360821,,0 days 12:00:00,720,12,SOURCE,SOURCE,SOURCE,UNAVAILABLE,DERIVED
v2,quarterly,true_oos,T2,H1,GD,V2_TRUE_OOS,TradingSystemLab/results/true_oos_v2/T2/H1/trades.csv,162,T2-H1-GD-000022,v2|true_oos|T2|H1|GD|TradingSystemLab/results/true_oos_v2/T2/H1/trades.csv|162|T2-H1-GD-000022,LONG,2025-12-24 20:00:00+03:00,2025-12-29 09:00:00+03:00,2025-12-24,2025-12-29,2025,12,2025,12,2,0,20,9,1.30745670381,1.30752704423,7.03404260153e-05,0.369376389996,2.94193584953,ATR_TRAILING_STOP,4182.42540767,4219.6025224,,4 days 13:00:00,6540,109,SOURCE,SOURCE,SOURCE,UNAVAILABLE,DERIVED
v2,quarterly,true_oos,T2,H1,GD,V2_TRUE_OOS,TradingSystemLab/results/true_oos_v2/T2/H1/trades.csv,174,T2-H1-GD-000023,v2|true_oos|T2|H1|GD|TradingSystemLab/results/true_oos_v2/T2/H1/trades.csv|174|T2-H1-GD-000023,LONG,2026-01-21 22:00:00+03:00,2026-01-21 23:00:00+03:00,2026-01-21,2026-01-21,2026,1,2026,1,2,2,22,23,-1.00004275107,-1,4.27510737153e-05,0,0,INITIAL_STOP,4516.74061192,4469.95816119,,0 days 01:00:00,60,1,SOURCE,SOURCE,SOURCE,UNAVAILABLE,DERIVED
v2,quarterly,true_oos,T2,H1,GD,V2_TRUE_OOS,TradingSystemLab/results/true_oos_v2/T2/H1/trades.csv,177,T2-H1-GD-000024,v2|true_oos|T2|H1|GD|TradingSystemLab/results/true_oos_v2/T2/H1/trades.csv|177|T2-H1-GD-000024,LONG,2026-01-22 10:00:00+03:00,2026-01-26 17:00:00+03:00,2026-01-22,2026-01-26,2026,1,2026,1,3,0,10,17,4.16236046656,4.16239807368,3.76071174683e-05,0.279624824193,5.01227497366,ATR_TRAILING_STOP,4495.82848488,4717.19073511,,4 days 07:00:00,6180,103,SOURCE,SOURCE,SOURCE,UNAVAILABLE,DERIVED
v2,quarterly,true_oos,T2,H1,GD,V2_TRUE_OOS,TradingSystemLab/results/true_oos_v2/T2/H1/trades.csv,180,T2-H1-GD-000025,v2|true_oos|T2|H1|GD|TradingSystemLab/results/true_oos_v2/T2/H1/trades.csv|180|T2-H1-GD-000025,LONG,2026-01-27 09:00:00+03:00,2026-01-28 15:00:00+03:00,2026-01-27,2026-01-28,2026,1,2026,1,1,2,9,15,1.94255705179,1.94258662333,2.95715381206e-05,0.427385711,3.20607994779,ATR_TRAILING_STOP,4731.71727788,4863.09946134,,1 days 06:00:00,1800,30,SOURCE,SOURCE,SOURCE,UNAVAILABLE,DERIVED
v2,quarterly,true_oos,T2,H1,GD,V2_TRUE_OOS,TradingSystemLab/results/true_oos_v2/T2/H1/trades.csv,181,T2-H1-GD-000026,v2|true_oos|T2|H1|GD|TradingSystemLab/results/true_oos_v2/T2/H1/trades.csv|181|T2-H1-GD-000026,LONG,2026-01-30 00:00:00+03:00,2026-01-30 09:00:00+03:00,2026-01-30,2026-01-30,2026,1,2026,1,4,4,0,9,-1.62592495809,-1.62590601534,1.89427421487e-05,0,0,INITIAL_STOP,5004.96907118,4833.30374389,,0 days 09:00:00,540,9,SOURCE,SOURCE,SOURCE,UNAVAILABLE,DERIVED
v2,quarterly,true_oos,T2,H1,GD,V2_TRUE_OOS,TradingSystemLab/results/true_oos_v2/T2/H1/trades.csv,192,T2-H1-GD-000027,v2|true_oos|T2|H1|GD|TradingSystemLab/results/true_oos_v2/T2/H1/trades.csv|192|T2-H1-GD-000027,LONG,2026-02-24 19:00:00+03:00,2026-02-26 15:00:00+03:00,2026-02-24,2026-02-26,2026,2,2026,2,1,3,19,15,0.167225179571,0.167262061103,3.68815314295e-05,0.323933933662,1.1346257359,ATR_TRAILING_STOP,4802.72556702,4811.79580107,,1 days 20:00:00,2640,44,SOURCE,SOURCE,SOURCE,UNAVAILABLE,DERIVED
v2,quarterly,true_oos,T2,H1,GD,V2_TRUE_OOS,TradingSystemLab/results/true_oos_v2/T2/H1/trades.csv,196,T2-H1-GD-000028,v2|true_oos|T2|H1|GD|TradingSystemLab/results/true_oos_v2/T2/H1/trades.csv|196|T2-H1-GD-000028,LONG,2026-02-26 19:00:00+03:00,2026-03-02 18:00:00+03:00,2026-02-26,2026-03-02,2026,2,2026,3,3,0,19,18,3.46997075955,3.47001114434,4.03847880914e-05,0.347196414472,4.51918360026,ATR_TRAILING_STOP,4830.05074635,5001.89818239,,3 days 23:00:00,5700,95,SOURCE,SOURCE,SOURCE,UNAVAILABLE,DERIVED
v2,quarterly,true_oos,T2,H1,GD,V2_TRUE_OOS,TradingSystemLab/results/true_oos_v2/T2/H1/trades.csv,204,T2-H1-GD-000029,v2|true_oos|T2|H1|GD|TradingSystemLab/results/true_oos_v2/T2/H1/trades.csv|204|T2-H1-GD-000029,SHORT,2026-03-13 17:00:00+03:00,2026-03-16 10:00:00+03:00,2026-03-13,2026-03-16,2026,3,2026,3,4,0,17,10,3.70430281248,3.70439119266,8.83801788755e-05,0.303929104657,5.03947312721,ATR_TRAILING_STOP,4753.09411885,4669.26556725,,2 days 17:00:00,3900,65,SOURCE,SOURCE,SOURCE,UNAVAILABLE,DERIVED
v2,quarterly,true_oos,T2,H1,GD,V2_TRUE_OOS,TradingSystemLab/results/true_oos_v2/T2/H1/trades.csv,208,T2-H1-GD-000030,v2|true_oos|T2|H1|GD|TradingSystemLab/results/true_oos_v2/T2/H1/trades.csv|208|T2-H1-GD-000030,SHORT,2026-03-16 18:00:00+03:00,2026-03-23 12:00:00+03:00,2026-03-16,2026-03-23,2026,3,2026,3,0,0,18,12,8.75473535575,8.75478273576,4.7380008622e-05,0.603297315712,11.7459254286,ATR_TRAILING_STOP,4656.24773497,4286.69175596,,6 days 18:00:00,9720,162,SOURCE,SOURCE,SOURCE,UNAVAILABLE,DERIVED
v2,quarterly,true_oos,T2,H1,GD,V2_TRUE_OOS,TradingSystemLab/results/true_oos_v2/T2/H1/trades.csv,224,T2-H1-GD-000031,v2|true_oos|T2|H1|GD|TradingSystemLab/results/true_oos_v2/T2/H1/trades.csv|224|T2-H1-GD-000031,SHORT,2026-04-23 21:00:00+03:00,2026-04-26 12:00:00+03:00,2026-04-23,2026-04-26,2026,4,2026,4,3,6,21,12,0.476707802664,0.47677103301,6.32303468322e-05,0.389518817819,1.38045469035,ATR_TRAILING_STOP,4675.43223757,4660.35178785,,2 days 15:00:00,3780,63,SOURCE,SOURCE,SOURCE,UNAVAILABLE,DERIVED
v2,quarterly,true_oos,T2,H1,GD,V2_TRUE_OOS,TradingSystemLab/results/true_oos_v2/T2/H1/trades.csv,236,T2-H1-GD-000032,v2|true_oos|T2|H1|GD|TradingSystemLab/results/true_oos_v2/T2/H1/trades.csv|236|T2-H1-GD-000032,SHORT,2026-05-18 18:00:00+03:00,2026-05-20 18:00:00+03:00,2026-05-18,2026-05-20,2026,5,2026,5,0,2,18,18,0.739222284455,0.739273488434,5.12039787552e-05,0.481981026627,1.96829948047,ATR_TRAILING_STOP,4475.83805013,4446.96242341,,2 days 00:00:00,2880,48,SOURCE,SOURCE,SOURCE,UNAVAILABLE,DERIVED
v2,quarterly,true_oos,T2,H1,GD,V2_TRUE_OOS,TradingSystemLab/results/true_oos_v2/T2/H1/trades.csv,241,T2-H1-GD-000033,v2|true_oos|T2|H1|GD|TradingSystemLab/results/true_oos_v2/T2/H1/trades.csv|241|T2-H1-GD-000033,SHORT,2026-06-02 18:00:00+03:00,2026-06-04 10:00:00+03:00,2026-06-02,2026-06-04,2026,6,2026,6,1,3,18,10,1.27342653978,1.27351185335,8.53135710508e-05,0.222836771169,3.17016840494,ATR_TRAILING_STOP,4426.94979484,4397.09494671,,1 days 16:00:00,2400,40,SOURCE,SOURCE,SOURCE,UNAVAILABLE,DERIVED
v2,quarterly,true_oos,T2,H1,GD,V2_TRUE_OOS,TradingSystemLab/results/true_oos_v2/T2/H1/trades.csv,243,T2-H1-GD-000034,v2|true_oos|T2|H1|GD|TradingSystemLab/results/true_oos_v2/T2/H1/trades.csv|243|T2-H1-GD-000034,SHORT,2026-06-08 23:00:00+03:00,2026-06-09 10:00:00+03:00,2026-06-08,2026-06-09,2026,6,2026,6,0,1,23,10,-1.00009908886,-1,9.90888648951e-05,0.737385625282,0.112317015771,INITIAL_STOP,4258.89641727,4279.08031989,,0 days 11:00:00,660,11,SOURCE,SOURCE,SOURCE,UNAVAILABLE,DERIVED
v2,quarterly,true_oos,T2,H1,GD,V2_TRUE_OOS,TradingSystemLab/results/true_oos_v2/T2/H1/trades.csv,250,T2-H1-GD-000035,v2|true_oos|T2|H1|GD|TradingSystemLab/results/true_oos_v2/T2/H1/trades.csv|250|T2-H1-GD-000035,SHORT,2026-06-22 19:00:00+03:00,2026-06-23 18:00:00+03:00,2026-06-22,2026-06-23,2026,6,2026,6,0,1,19,18,1.37348858938,1.37355684973,6.82603574263e-05,0.464170430499,3.14680247735,ATR_TRAILING_STOP,4191.4,4151.15535724,,0 days 23:00:00,1380,23,SOURCE,SOURCE,SOURCE,UNAVAILABLE,DERIVED
v2,quarterly,true_oos,T2,H1,GD,V2_TRUE_OOS,TradingSystemLab/results/true_oos_v2/T2/H1/trades.csv,254,T2-H1-GD-000036,v2|true_oos|T2|H1|GD|TradingSystemLab/results/true_oos_v2/T2/H1/trades.csv|254|T2-H1-GD-000036,SHORT,2026-06-30 23:00:00+03:00,2026-07-01 15:00:00+03:00,2026-06-30,2026-07-01,2026,6,2026,7,1,2,23,15,0.245783888024,0.245888110376,0.000104222352245,0.30224482151,2.96512592137,ATR_TRAILING_STOP,4022.5,4017.78147072,,0 days 16:00:00,960,16,SOURCE,SOURCE,SOURCE,UNAVAILABLE,DERIVED
v2,quarterly,true_oos,T2,H1,GD,V2_TRUE_OOS,TradingSystemLab/results/true_oos_v2/T2/H1/trades.csv,261,T2-H1-GD-000037,v2|true_oos|T2|H1|GD|TradingSystemLab/results/true_oos_v2/T2/H1/trades.csv|261|T2-H1-GD-000037,SHORT,2026-07-15 07:00:00+03:00,2026-07-15 16:00:00+03:00,2026-07-15,2026-07-15,2026,7,2026,7,2,2,7,16,-0.88484799293,-0.884781938155,6.60547750507e-05,0.214678018915,0.551557371673,ATR_TRAILING_STOP,4056.9,4083.68934074,,0 days 09:00:00,540,9,SOURCE,SOURCE,SOURCE,UNAVAILABLE,DERIVED
v2,quarterly,true_oos,T2,H1,GD,V2_TRUE_OOS,TradingSystemLab/results/true_oos_v2/T2/H1/trades.csv,263,T2-H1-GD-000038,v2|true_oos|T2|H1|GD|TradingSystemLab/results/true_oos_v2/T2/H1/trades.csv|263|T2-H1-GD-000038,SHORT,2026-07-20 18:00:00+03:00,2026-07-21 07:00:00+03:00,2026-07-20,2026-07-21,2026,7,2026,7,0,1,18,7,-1.7252553008,-1.72516614493,8.9155873123e-05,0.583970968956,0.142649396997,INITIAL_STOP,4028.3,4067,,0 days 13:00:00,780,13,SOURCE,SOURCE,SOURCE,UNAVAILABLE,DERIVED
v2,quarterly,true_oos,T2,H1,GD,V2_TRUE_OOS,TradingSystemLab/results/true_oos_v2/T2/H1/trades.csv,268,T2-H1-GD-000039,v2|true_oos|T2|H1|GD|TradingSystemLab/results/true_oos_v2/T2/H1/trades.csv|268|T2-H1-GD-000039,LONG,2026-07-27 23:00:00+03:00,2026-07-28 07:00:00+03:00,2026-07-27,2026-07-28,2026,7,2026,7,0,1,23,7,-2.46999598045,-2.46983866589,0.000157314564706,0.849498649413,0.0943887388237,INITIAL_STOP,4101.1,4069.7,,0 days 08:00:00,480,8,SOURCE,SOURCE,SOURCE,UNAVAILABLE,DERIVED
v2,quarterly,true_oos,T2,H1,GD,V2_TRUE_OOS,TradingSystemLab/results/true_oos_v2/T2/H1/trades.csv,269,T2-H1-GD-000040,v2|true_oos|T2|H1|GD|TradingSystemLab/results/true_oos_v2/T2/H1/trades.csv|269|T2-H1-GD-000040,SHORT,2026-07-30 09:00:00+03:00,2026-07-30 12:00:00+03:00,2026-07-30,2026-07-30,2026,7,2026,7,3,3,9,12,-1.00006770108,-1,6.77010786375e-05,0.602539599874,0.0913964561606,INITIAL_STOP,4048,4077.54162681,,0 days 03:00:00,180,3,SOURCE,SOURCE,SOURCE,UNAVAILABLE,DERIVED
v2,quarterly,true_oos,T2,H1,GD,V2_TRUE_OOS,TradingSystemLab/results/true_oos_v2/T2/H1/trades.csv,272,T2-H1-GD-000041,v2|true_oos|T2|H1|GD|TradingSystemLab/results/true_oos_v2/T2/H1/trades.csv|272|T2-H1-GD-000041,LONG,2026-08-10 18:00:00+03:00,2026-08-11 09:00:00+03:00,2026-08-10,2026-08-11,2026,8,2026,8,0,1,18,9,0.979335968594,0.979401611931,6.56433363941e-05,0.032821668197,2.53383278481,ATR_TRAILING_STOP,4356.7,4386.54009241,,0 days 15:00:00,900,15,SOURCE,SOURCE,SOURCE,UNAVAILABLE,DERIVED
v2,quarterly,true_oos,T2,H1,GD,V2_TRUE_OOS,TradingSystemLab/results/true_oos_v2/T2/H1/trades.csv,276,T2-H1-GD-000042,v2|true_oos|T2|H1|GD|TradingSystemLab/results/true_oos_v2/T2/H1/trades.csv|276|T2-H1-GD-000042,LONG,2026-08-17 18:00:00+03:00,2026-08-18 15:00:00+03:00,2026-08-17,2026-08-18,2026,8,2026,8,0,1,18,15,-0.769255400264,-0.769202815433,5.2584830785e-05,0.833469567941,0.304992018553,ATR_TRAILING_STOP,4431.4,4402.14430767,,0 days 21:00:00,1260,21,SOURCE,SOURCE,SOURCE,UNAVAILABLE,DERIVED
v2,quarterly,true_oos,T2,H1,GD,V2_TRUE_OOS,TradingSystemLab/results/true_oos_v2/T2/H1/trades.csv,279,T2-H1-GD-000043,v2|true_oos|T2|H1|GD|TradingSystemLab/results/true_oos_v2/T2/H1/trades.csv|279|T2-H1-GD-000043,LONG,2026-08-25 09:00:00+03:00,2026-08-25 12:00:00+03:00,2026-08-25,2026-08-25,2026,8,2026,8,1,1,9,12,-1.00009835403,-1,9.83540283077e-05,0.619630378338,0.545864857108,INITIAL_STOP,4648.9,4628.56529654,,0 days 03:00:00,180,3,SOURCE,SOURCE,SOURCE,UNAVAILABLE,DERIVED
v2,quarterly,true_oos,T2,H1,GD,V2_TRUE_OOS,TradingSystemLab/results/true_oos_v2/T2/H1/trades.csv,281,T2-H1-GD-000044,v2|true_oos|T2|H1|GD|TradingSystemLab/results/true_oos_v2/T2/H1/trades.csv|281|T2-H1-GD-000044,LONG,2026-08-25 22:00:00+03:00,2026-08-26 10:00:00+03:00,2026-08-25,2026-08-26,2026,8,2026,8,1,2,22,10,-1.00008658857,-1,8.65885712123e-05,0.831250283638,0.597461141365,INITIAL_STOP,4662,4638.90226352,,0 days 12:00:00,720,12,SOURCE,SOURCE,SOURCE,UNAVAILABLE,DERIVED
v2,quarterly,true_oos,T2,H1,GD,V2_TRUE_OOS,TradingSystemLab/results/true_oos_v2/T2/H1/trades.csv,288,T2-H1-GD-000045,v2|true_oos|T2|H1|GD|TradingSystemLab/results/true_oos_v2/T2/H1/trades.csv|288|T2-H1-GD-000045,SHORT,2026-08-31 16:00:00+03:00,2026-09-02 17:00:00+03:00,2026-08-31,2026-09-02,2026,8,2026,9,0,2,16,17,2.65231930066,2.65238355994,6.42592812689e-05,0.677935417387,4.38890891067,ATR_TRAILING_STOP,4441.6,4359.04745638,,2 days 01:00:00,2940,49,SOURCE,SOURCE,SOURCE,UNAVAILABLE,DERIVED
v2,quarterly,true_oos,T2,H1,GD,V2_TRUE_OOS,TradingSystemLab/results/true_oos_v2/T2/H1/trades.csv,290,T2-H1-GD-000046,v2|true_oos|T2|H1|GD|TradingSystemLab/results/true_oos_v2/T2/H1/trades.csv|290|T2-H1-GD-000046,SHORT,2026-09-07 13:00:00+03:00,2026-09-07 18:00:00+03:00,2026-09-07,2026-09-07,2026,9,2026,9,0,0,13,18,-0.435869712292,-0.435768071852,0.000101640439668,0.0406561758671,1.35181784758,ATR_TRAILING_STOP,4419.9,4428.47469868,,0 days 05:00:00,300,5,SOURCE,SOURCE,SOURCE,UNAVAILABLE,DERIVED
v2,quarterly,true_oos,T2,H1,GD,V2_TRUE_OOS,TradingSystemLab/results/true_oos_v2/T2/H1/trades.csv,291,T2-H1-GD-000047,v2|true_oos|T2|H1|GD|TradingSystemLab/results/true_oos_v2/T2/H1/trades.csv|291|T2-H1-GD-000047,SHORT,2026-09-07 21:00:00+03:00,2026-09-08 07:00:00+03:00,2026-09-07,2026-09-08,2026,9,2026,9,0,1,21,7,-2.51630612463,-2.51612640132,0.00017972331438,0.530183777421,0.332488131603,INITIAL_STOP,4418.5,4446.5,,0 days 10:00:00,600,10,SOURCE,SOURCE,SOURCE,UNAVAILABLE,DERIVED
v2,quarterly,true_oos,T2,H1,MIX,V2_TRUE_OOS,TradingSystemLab/results/true_oos_v2/T2/H1/trades.csv,11,T2-H1-MIX-000001,v2|true_oos|T2|H1|MIX|TradingSystemLab/results/true_oos_v2/T2/H1/trades.csv|11|T2-H1-MIX-000001,LONG,2025-02-11 10:00:00+03:00,2025-02-12 18:00:00+03:00,2025-02-11,2025-02-12,2025,2,2025,2,1,2,10,18,0.590818632688,0.590819218976,5.86287540426e-07,0.770041765519,1.70825357178,ATR_TRAILING_STOP,371169.465015,373184.923909,,1 days 08:00:00,1920,32,SOURCE,SOURCE,SOURCE,UNAVAILABLE,DERIVED
v2,quarterly,true_oos,T2,H1,MIX,V2_TRUE_OOS,TradingSystemLab/results/true_oos_v2/T2/H1/trades.csv,14,T2-H1-MIX-000002,v2|true_oos|T2|H1|MIX|TradingSystemLab/results/true_oos_v2/T2/H1/trades.csv|14|T2-H1-MIX-000002,LONG,2025-02-17 09:00:00+03:00,2025-02-18 12:00:00+03:00,2025-02-17,2025-02-18,2025,2,2025,2,0,1,9,12,0.944592716464,0.944593034599,3.18135795808e-07,0.0480282653267,2.25252564382,ATR_TRAILING_STOP,399521.220294,405459.521152,,1 days 03:00:00,1620,27,SOURCE,SOURCE,SOURCE,UNAVAILABLE,DERIVED
v2,quarterly,true_oos,T2,H1,MIX,V2_TRUE_OOS,TradingSystemLab/results/true_oos_v2/T2/H1/trades.csv,15,T2-H1-MIX-000003,v2|true_oos|T2|H1|MIX|TradingSystemLab/results/true_oos_v2/T2/H1/trades.csv|15|T2-H1-MIX-000003,LONG,2025-02-18 15:00:00+03:00,2025-02-18 16:00:00+03:00,2025-02-18,2025-02-18,2025,2,2025,2,1,1,15,16,-1.00000024935,-1,2.49351167762e-07,0,0,INITIAL_STOP,410511.67708,402490.860422,,0 days 01:00:00,60,1,SOURCE,SOURCE,SOURCE,UNAVAILABLE,DERIVED
v2,quarterly,true_oos,T2,H1,MIX,V2_TRUE_OOS,TradingSystemLab/results/true_oos_v2/T2/H1/trades.csv,21,T2-H1-MIX-000004,v2|true_oos|T2|H1|MIX|TradingSystemLab/results/true_oos_v2/T2/H1/trades.csv|21|T2-H1-MIX-000004,SHORT,2025-03-03 09:00:00+03:00,2025-03-04 10:00:00+03:00,2025-03-03,2025-03-04,2025,3,2025,3,0,1,9,10,-0.0183997079148,-0.0183994155138,2.92401038873e-07,0.00441431453543,1.48320968391,ATR_TRAILING_STOP,392455.926646,392581.777194,,1 days 01:00:00,1500,25,SOURCE,SOURCE,SOURCE,UNAVAILABLE,DERIVED
v2,quarterly,true_oos,T2,H1,MIX,V2_TRUE_OOS,TradingSystemLab/results/true_oos_v2/T2/H1/trades.csv,24,T2-H1-MIX-000005,v2|true_oos|T2|H1|MIX|TradingSystemLab/results/true_oos_v2/T2/H1/trades.csv|24|T2-H1-MIX-000005,SHORT,2025-03-06 19:00:00+03:00,2025-03-07 11:00:00+03:00,2025-03-06,2025-03-07,2025,3,2025,3,3,4,19,11,-0.731027996785,-0.731027624303,3.72482670735e-07,0.66354815129,0.106842498937,EMA50_TREND_LOSS,391036.829204,394961.992342,,0 days 16:00:00,960,16,SOURCE,SOURCE,SOURCE,UNAVAILABLE,DERIVED
v2,quarterly,true_oos,T2,H1,MIX,V2_TRUE_OOS,TradingSystemLab/results/true_oos_v2/T2/H1/trades.csv,25,T2-H1-MIX-000006,v2|true_oos|T2|H1|MIX|TradingSystemLab/results/true_oos_v2/T2/H1/trades.csv|25|T2-H1-MIX-000006,SHORT,2025-03-14 09:00:00+03:00,2025-03-14 17:00:00+03:00,2025-03-14,2025-03-14,2025,3,2025,3,4,4,9,17,-1.00000062658,-1,6.26579468866e-07,0.283779996236,1.28646931627,INITIAL_STOP,384152.696932,387344.630437,,0 days 08:00:00,480,8,SOURCE,SOURCE,SOURCE,UNAVAILABLE,DERIVED
v2,quarterly,true_oos,T2,H1,MIX,V2_TRUE_OOS,TradingSystemLab/results/true_oos_v2/T2/H1/trades.csv,30,T2-H1-MIX-000007,v2|true_oos|T2|H1|MIX|TradingSystemLab/results/true_oos_v2/T2/H1/trades.csv|30|T2-H1-MIX-000007,SHORT,2025-03-31 20:00:00+03:00,2025-04-01 10:00:00+03:00,2025-03-31,2025-04-01,2025,3,2025,4,0,1,20,10,-1.00000096107,-1,9.61074077353e-07,0.806990244455,0.560789830892,INITIAL_STOP,355766.190445,357847.195486,,0 days 14:00:00,840,14,SOURCE,SOURCE,SOURCE,UNAVAILABLE,DERIVED
v2,quarterly,true_oos,T2,H1,MIX,V2_TRUE_OOS,TradingSystemLab/results/true_oos_v2/T2/H1/trades.csv,41,T2-H1-MIX-000008,v2|true_oos|T2|H1|MIX|TradingSystemLab/results/true_oos_v2/T2/H1/trades.csv|41|T2-H1-MIX-000008,SHORT,2025-05-06 14:00:00+03:00,2025-05-06 16:00:00+03:00,2025-05-06,2025-05-06,2025,5,2025,5,1,1,14,16,-1.00000048817,-1,4.88172057666e-07,0.555804826746,0,INITIAL_STOP,317995.029975,322091.946151,,0 days 02:00:00,120,2,SOURCE,SOURCE,SOURCE,UNAVAILABLE,DERIVED
v2,quarterly,true_oos,T2,H1,MIX,V2_TRUE_OOS,TradingSystemLab/results/true_oos_v2/T2/H1/trades.csv,42,T2-H1-MIX-000009,v2|true_oos|T2|H1|MIX|TradingSystemLab/results/true_oos_v2/T2/H1/trades.csv|42|T2-H1-MIX-000009,SHORT,2025-05-07 10:00:00+03:00,2025-05-07 12:00:00+03:00,2025-05-07,2025-05-07,2025,5,2025,5,2,2,10,12,-0.893525113389,-0.893524611119,5.02269835159e-07,0.464632797782,0.350261647559,EMA50_TREND_LOSS,321723.757949,325281.704489,,0 days 02:00:00,120,2,SOURCE,SOURCE,SOURCE,UNAVAILABLE,DERIVED
v2,quarterly,true_oos,T2,H1,MIX,V2_TRUE_OOS,TradingSystemLab/results/true_oos_v2/T2/H1/trades.csv,51,T2-H1-MIX-000010,v2|true_oos|T2|H1|MIX|TradingSystemLab/results/true_oos_v2/T2/H1/trades.csv|51|T2-H1-MIX-000010,SHORT,2025-05-22 20:00:00+03:00,2025-05-27 12:00:00+03:00,2025-05-22,2025-05-27,2025,5,2025,5,3,1,20,12,1.66856244079,1.66856294929,5.08503870567e-07,0.260529060521,2.79345048225,ATR_TRAILING_STOP,316941.877799,310379.241619,,4 days 16:00:00,6720,112,SOURCE,SOURCE,SOURCE,UNAVAILABLE,DERIVED
v2,quarterly,true_oos,T2,H1,MIX,V2_TRUE_OOS,TradingSystemLab/results/true_oos_v2/T2/H1/trades.csv,55,T2-H1-MIX-000011,v2|true_oos|T2|H1|MIX|TradingSystemLab/results/true_oos_v2/T2/H1/trades.csv|55|T2-H1-MIX-000011,LONG,2025-06-04 20:00:00+03:00,2025-06-06 14:00:00+03:00,2025-06-04,2025-06-06,2025,6,2025,6,2,4,20,14,-0.235416664404,-0.235416052578,6.11825918605e-07,0.90556706668,0.975226071809,ATR_TRAILING_STOP,327615.717419,326846.165017,,1 days 18:00:00,2520,42,SOURCE,SOURCE,SOURCE,UNAVAILABLE,DERIVED
v2,quarterly,true_oos,T2,H1,MIX,V2_TRUE_OOS,TradingSystemLab/results/true_oos_v2/T2/H1/trades.csv,59,T2-H1-MIX-000012,v2|true_oos|T2|H1|MIX|TradingSystemLab/results/true_oos_v2/T2/H1/trades.csv|59|T2-H1-MIX-000012,SHORT,2025-06-11 21:00:00+03:00,2025-06-13 09:00:00+03:00,2025-06-11,2025-06-13,2025,6,2025,6,2,4,21,9,-1.27418478194,-1.2741839452,8.36736937699e-07,0.619229580845,0.0476330446804,INITIAL_STOP,311192.23619,314237.838428,,1 days 12:00:00,2160,36,SOURCE,SOURCE,SOURCE,UNAVAILABLE,DERIVED
v2,quarterly,true_oos,T2,H1,MIX,V2_TRUE_OOS,TradingSystemLab/results/true_oos_v2/T2/H1/trades.csv,64,T2-H1-MIX-000013,v2|true_oos|T2|H1|MIX|TradingSystemLab/results/true_oos_v2/T2/H1/trades.csv|64|T2-H1-MIX-000013,SHORT,2025-06-23 20:00:00+03:00,2025-06-24 18:00:00+03:00,2025-06-23,2025-06-24,2025,6,2025,6,0,1,20,18,0.708628487669,0.708629621427,1.1337575519e-06,0.0314444261249,2.97149826881,ATR_TRAILING_STOP,311571.625252,310321.570299,,0 days 22:00:00,1320,22,SOURCE,SOURCE,SOURCE,UNAVAILABLE,DERIVED
v2,quarterly,true_oos,T2,H1,MIX,V2_TRUE_OOS,TradingSystemLab/results/true_oos_v2/T2/H1/trades.csv,65,T2-H1-MIX-000014,v2|true_oos|T2|H1|MIX|TradingSystemLab/results/true_oos_v2/T2/H1/trades.csv|65|T2-H1-MIX-000014,SHORT,2025-06-24 20:00:00+03:00,2025-06-24 22:00:00+03:00,2025-06-24,2025-06-24,2025,6,2025,6,1,1,20,22,-1.00000190335,-1,1.90334754683e-06,0.633465289567,0,INITIAL_STOP,309352.849213,310403.629457,,0 days 02:00:00,120,2,SOURCE,SOURCE,SOURCE,UNAVAILABLE,DERIVED
v2,quarterly,true_oos,T2,H1,MIX,V2_TRUE_OOS,TradingSystemLab/results/true_oos_v2/T2/H1/trades.csv,68,T2-H1-MIX-000015,v2|true_oos|T2|H1|MIX|TradingSystemLab/results/true_oos_v2/T2/H1/trades.csv|68|T2-H1-MIX-000015,LONG,2025-06-30 14:00:00+03:00,2025-07-01 23:00:00+03:00,2025-06-30,2025-07-01,2025,6,2025,7,0,1,14,23,0.0374330313388,0.0374336719864,6.4064763045e-07,0.0888408507357,1.12827880434,ATR_TRAILING_STOP,318838.116779,318954.978748,,1 days 09:00:00,1980,33,SOURCE,SOURCE,SOURCE,UNAVAILABLE,DERIVED
v2,quarterly,true_oos,T2,H1,MIX,V2_TRUE_OOS,TradingSystemLab/results/true_oos_v2/T2/H1/trades.csv,76,T2-H1-MIX-000016,v2|true_oos|T2|H1|MIX|TradingSystemLab/results/true_oos_v2/T2/H1/trades.csv|76|T2-H1-MIX-000016,LONG,2025-07-24 10:00:00+03:00,2025-07-24 11:00:00+03:00,2025-07-24,2025-07-24,2025,7,2025,7,3,3,10,11,-1.00000189913,-1,1.89912879238e-06,0,0,INITIAL_STOP,325078.424388,324025.309924,,0 days 01:00:00,60,1,SOURCE,SOURCE,SOURCE,UNAVAILABLE,DERIVED
v2,quarterly,true_oos,T2,H1,MIX,V2_TRUE_OOS,TradingSystemLab/results/true_oos_v2/T2/H1/trades.csv,82,T2-H1-MIX-000017,v2|true_oos|T2|H1|MIX|TradingSystemLab/results/true_oos_v2/T2/H1/trades.csv|82|T2-H1-MIX-000017,SHORT,2025-08-04 10:00:00+03:00,2025-08-04 11:00:00+03:00,2025-08-04,2025-08-04,2025,8,2025,8,0,0,10,11,-1.00000213632,-1,2.13631664306e-06,0,0,INITIAL_STOP,310406.767831,311342.958637,,0 days 01:00:00,60,1,SOURCE,SOURCE,SOURCE,UNAVAILABLE,DERIVED
v2,quarterly,true_oos,T2,H1,MIX,V2_TRUE_OOS,TradingSystemLab/results/true_oos_v2/T2/H1/trades.csv,91,T2-H1-MIX-000018,v2|true_oos|T2|H1|MIX|TradingSystemLab/results/true_oos_v2/T2/H1/trades.csv|91|T2-H1-MIX-000018,SHORT,2025-08-22 16:00:00+03:00,2025-08-25 18:00:00+03:00,2025-08-22,2025-08-25,2025,8,2025,8,4,0,16,18,0.135026195601,0.135026914313,7.18711905587e-07,0.926896563805,1.16609567705,ATR_TRAILING_STOP,324773.342683,324397.595702,,3 days 02:00:00,4440,74,SOURCE,SOURCE,SOURCE,UNAVAILABLE,DERIVED
v2,quarterly,true_oos,T2,H1,MIX,V2_TRUE_OOS,TradingSystemLab/results/true_oos_v2/T2/H1/trades.csv,104,T2-H1-MIX-000019,v2|true_oos|T2|H1|MIX|TradingSystemLab/results/true_oos_v2/T2/H1/trades.csv|104|T2-H1-MIX-000019,SHORT,2025-09-16 12:00:00+03:00,2025-09-17 18:00:00+03:00,2025-09-16,2025-09-17,2025,9,2025,9,1,2,12,18,-0.0979343256596,-0.0979335380175,7.87642047736e-07,0.0764575569925,1.51822863171,ATR_TRAILING_STOP,312570.074469,312818.74971,,1 days 06:00:00,1800,30,SOURCE,SOURCE,SOURCE,UNAVAILABLE,DERIVED
v2,quarterly,true_oos,T2,H1,MIX,V2_TRUE_OOS,TradingSystemLab/results/true_oos_v2/T2/H1/trades.csv,108,T2-H1-MIX-000020,v2|true_oos|T2|H1|MIX|TradingSystemLab/results/true_oos_v2/T2/H1/trades.csv|108|T2-H1-MIX-000020,SHORT,2025-09-24 22:00:00+03:00,2025-09-25 10:00:00+03:00,2025-09-24,2025-09-25,2025,9,2025,9,2,3,22,10,-1.00000115545,-1,1.15544730212e-06,0.478707518314,0.0308843560203,INITIAL_STOP,300143.877713,301874.809099,,0 days 12:00:00,720,12,SOURCE,SOURCE,SOURCE,UNAVAILABLE,DERIVED
v2,quarterly,true_oos,T2,H1,MIX,V2_TRUE_OOS,TradingSystemLab/results/true_oos_v2/T2/H1/trades.csv,110,T2-H1-MIX-000021,v2|true_oos|T2|H1|MIX|TradingSystemLab/results/true_oos_v2/T2/H1/trades.csv|110|T2-H1-MIX-000021,SHORT,2025-09-29 18:00:00+03:00,2025-09-30 17:00:00+03:00,2025-09-29,2025-09-30,2025,9,2025,9,0,1,18,17,1.10417854496,1.10417925293,7.07964936436e-07,0,2.55466480332,ATR_TRAILING_STOP,298753.951483,295634.646568,,0 days 23:00:00,1380,23,SOURCE,SOURCE,SOURCE,UNAVAILABLE,DERIVED
v2,quarterly,true_oos,T2,H1,MIX,V2_TRUE_OOS,TradingSystemLab/results/true_oos_v2/T2/H1/trades.csv,114,T2-H1-MIX-000022,v2|true_oos|T2|H1|MIX|TradingSystemLab/results/true_oos_v2/T2/H1/trades.csv|114|T2-H1-MIX-000022,SHORT,2025-09-30 20:00:00+03:00,2025-10-05 19:00:00+03:00,2025-09-30,2025-10-05,2025,9,2025,10,1,6,20,19,4.55802557133,4.55802641158,8.40251659543e-07,0.853456485111,5.64853436856,ATR_TRAILING_STOP,294397.067337,283547.873861,,4 days 23:00:00,7140,119,SOURCE,SOURCE,SOURCE,UNAVAILABLE,DERIVED
v2,quarterly,true_oos,T2,H1,MIX,V2_TRUE_OOS,TradingSystemLab/results/true_oos_v2/T2/H1/trades.csv,117,T2-H1-MIX-000023,v2|true_oos|T2|H1|MIX|TradingSystemLab/results/true_oos_v2/T2/H1/trades.csv|117|T2-H1-MIX-000023,SHORT,2025-10-13 18:00:00+03:00,2025-10-13 20:00:00+03:00,2025-10-13,2025-10-13,2025,10,2025,10,0,0,18,20,-0.419883682202,-0.419883183513,4.98688691718e-07,0.206609185538,0.126631436298,EMA50_TREND_LOSS,282689.611781,284373.560868,,0 days 02:00:00,120,2,SOURCE,SOURCE,SOURCE,UNAVAILABLE,DERIVED
v2,quarterly,true_oos,T2,H1,MIX,V2_TRUE_OOS,TradingSystemLab/results/true_oos_v2/T2/H1/trades.csv,119,T2-H1-MIX-000024,v2|true_oos|T2|H1|MIX|TradingSystemLab/results/true_oos_v2/T2/H1/trades.csv|119|T2-H1-MIX-000024,SHORT,2025-10-15 17:00:00+03:00,2025-10-16 16:00:00+03:00,2025-10-15,2025-10-16,2025,10,2025,10,2,3,17,16,-0.774474406679,-0.774473653588,7.53090981049e-07,0.644148251343,0.774990864897,ATR_TRAILING_STOP,279482.089711,281538.876137,,0 days 23:00:00,1380,23,SOURCE,SOURCE,SOURCE,UNAVAILABLE,DERIVED
v2,quarterly,true_oos,T2,H1,MIX,V2_TRUE_OOS,TradingSystemLab/results/true_oos_v2/T2/H1/trades.csv,121,T2-H1-MIX-000025,v2|true_oos|T2|H1|MIX|TradingSystemLab/results/true_oos_v2/T2/H1/trades.csv|121|T2-H1-MIX-000025,LONG,2025-10-20 16:00:00+03:00,2025-10-21 09:00:00+03:00,2025-10-20,2025-10-21,2025,10,2025,10,0,1,16,9,-1.76761027531,-1.76760951954,7.55770387615e-07,0.868653821033,0,INITIAL_STOP,302308.95511,297631.318758,,0 days 17:00:00,1020,17,SOURCE,SOURCE,SOURCE,UNAVAILABLE,DERIVED
v2,quarterly,true_oos,T2,H1,MIX,V2_TRUE_OOS,TradingSystemLab/results/true_oos_v2/T2/H1/trades.csv,132,T2-H1-MIX-000026,v2|true_oos|T2|H1|MIX|TradingSystemLab/results/true_oos_v2/T2/H1/trades.csv|132|T2-H1-MIX-000026,SHORT,2025-11-13 14:00:00+03:00,2025-11-13 22:00:00+03:00,2025-11-13,2025-11-13,2025,11,2025,11,3,3,14,22,-1.0000018385,-1,1.83850134685e-06,0.786271152798,1.03198088805,INITIAL_STOP,276221.10894,277308.951494,,0 days 08:00:00,480,8,SOURCE,SOURCE,SOURCE,UNAVAILABLE,DERIVED
v2,quarterly,true_oos,T2,H1,MIX,V2_TRUE_OOS,TradingSystemLab/results/true_oos_v2/T2/H1/trades.csv,134,T2-H1-MIX-000027,v2|true_oos|T2|H1|MIX|TradingSystemLab/results/true_oos_v2/T2/H1/trades.csv|134|T2-H1-MIX-000027,SHORT,2025-11-14 00:00:00+03:00,2025-11-15 11:00:00+03:00,2025-11-14,2025-11-15,2025,11,2025,11,4,5,0,11,0.796549968553,0.796552404277,2.43572420931e-06,0.944027231609,4.00397756855,ATR_TRAILING_STOP,276087.462187,275433.404227,,1 days 11:00:00,2100,35,SOURCE,SOURCE,SOURCE,UNAVAILABLE,DERIVED
v2,quarterly,true_oos,T2,H1,MIX,V2_TRUE_OOS,TradingSystemLab/results/true_oos_v2/T2/H1/trades.csv,138,T2-H1-MIX-000028,v2|true_oos|T2|H1|MIX|TradingSystemLab/results/true_oos_v2/T2/H1/trades.csv|138|T2-H1-MIX-000028,LONG,2025-11-21 21:00:00+03:00,2025-11-24 14:00:00+03:00,2025-11-21,2025-11-24,2025,11,2025,11,4,0,21,14,-0.858119039939,-0.85811866042,3.7951866092e-07,0.791254412604,0.324617194914,ATR_TRAILING_STOP,292098.343187,287576.20107,,2 days 17:00:00,3900,65,SOURCE,SOURCE,SOURCE,UNAVAILABLE,DERIVED
v2,quarterly,true_oos,T2,H1,MIX,V2_TRUE_OOS,TradingSystemLab/results/true_oos_v2/T2/H1/trades.csv,151,T2-H1-MIX-000029,v2|true_oos|T2|H1|MIX|TradingSystemLab/results/true_oos_v2/T2/H1/trades.csv|151|T2-H1-MIX-000029,LONG,2025-12-09 23:00:00+03:00,2025-12-12 10:00:00+03:00,2025-12-09,2025-12-12,2025,12,2025,12,1,4,23,10,0.924701522468,0.924702256678,7.34209412019e-07,0.677060456781,2.18818089655,ATR_TRAILING_STOP,293301.163964,295820.069991,,2 days 11:00:00,3540,59,SOURCE,SOURCE,SOURCE,UNAVAILABLE,DERIVED
v2,quarterly,true_oos,T2,H1,MIX,V2_TRUE_OOS,TradingSystemLab/results/true_oos_v2/T2/H1/trades.csv,153,T2-H1-MIX-000030,v2|true_oos|T2|H1|MIX|TradingSystemLab/results/true_oos_v2/T2/H1/trades.csv|153|T2-H1-MIX-000030,LONG,2025-12-15 18:00:00+03:00,2025-12-17 13:00:00+03:00,2025-12-15,2025-12-17,2025,12,2025,12,0,2,18,13,0.301014103873,0.301014928314,8.24440677896e-07,0.705176445299,1.30016907102,ATR_TRAILING_STOP,294904.924999,295635.153228,,1 days 19:00:00,2580,43,SOURCE,SOURCE,SOURCE,UNAVAILABLE,DERIVED
v2,quarterly,true_oos,T2,H1,MIX,V2_TRUE_OOS,TradingSystemLab/results/true_oos_v2/T2/H1/trades.csv,160,T2-H1-MIX-000031,v2|true_oos|T2|H1|MIX|TradingSystemLab/results/true_oos_v2/T2/H1/trades.csv|160|T2-H1-MIX-000031,SHORT,2025-12-24 18:00:00+03:00,2025-12-26 10:00:00+03:00,2025-12-24,2025-12-26,2025,12,2025,12,2,4,18,10,-0.22901414057,-0.229011529531,2.61103895146e-06,0.40579311437,2.40094259336,ATR_TRAILING_STOP,289355.754861,289531.172796,,1 days 16:00:00,2400,40,SOURCE,SOURCE,SOURCE,UNAVAILABLE,DERIVED
v2,quarterly,true_oos,T2,H1,MIX,V2_TRUE_OOS,TradingSystemLab/results/true_oos_v2/T2/H1/trades.csv,167,T2-H1-MIX-000032,v2|true_oos|T2|H1|MIX|TradingSystemLab/results/true_oos_v2/T2/H1/trades.csv|167|T2-H1-MIX-000032,SHORT,2026-01-09 16:00:00+03:00,2026-01-12 10:00:00+03:00,2026-01-09,2026-01-12,2026,1,2026,1,4,0,16,10,-1.00000221367,-1,2.21366748687e-06,0.716741369031,0.172017928568,INITIAL_STOP,288241.95149,289145.429547,,2 days 18:00:00,3960,66,SOURCE,SOURCE,SOURCE,UNAVAILABLE,DERIVED
v2,quarterly,true_oos,T2,H1,MIX,V2_TRUE_OOS,TradingSystemLab/results/true_oos_v2/T2/H1/trades.csv,168,T2-H1-MIX-000033,v2|true_oos|T2|H1|MIX|TradingSystemLab/results/true_oos_v2/T2/H1/trades.csv|168|T2-H1-MIX-000033,SHORT,2026-01-13 19:00:00+03:00,2026-01-14 12:00:00+03:00,2026-01-13,2026-01-14,2026,1,2026,1,1,2,19,12,0.109629754562,0.109630981127,1.22656472352e-06,0.222396824834,1.41380838644,ATR_TRAILING_STOP,287516.684179,287337.923158,,0 days 17:00:00,1020,17,SOURCE,SOURCE,SOURCE,UNAVAILABLE,DERIVED
v2,quarterly,true_oos,T2,H1,MIX,V2_TRUE_OOS,TradingSystemLab/results/true_oos_v2/T2/H1/trades.csv,172,T2-H1-MIX-000034,v2|true_oos|T2|H1|MIX|TradingSystemLab/results/true_oos_v2/T2/H1/trades.csv|172|T2-H1-MIX-000034,LONG,2026-01-19 18:00:00+03:00,2026-01-20 00:00:00+03:00,2026-01-19,2026-01-20,2026,1,2026,1,0,1,18,0,-1.00000127328,-1,1.27328495125e-06,0.610151111995,0.0659622823779,INITIAL_STOP,293422.432286,291851.691975,,0 days 06:00:00,360,6,SOURCE,SOURCE,SOURCE,UNAVAILABLE,DERIVED
v2,quarterly,true_oos,T2,H1,MIX,V2_TRUE_OOS,TradingSystemLab/results/true_oos_v2/T2/H1/trades.csv,175,T2-H1-MIX-000035,v2|true_oos|T2|H1|MIX|TradingSystemLab/results/true_oos_v2/T2/H1/trades.csv|175|T2-H1-MIX-000035,LONG,2026-01-23 12:00:00+03:00,2026-01-24 14:00:00+03:00,2026-01-23,2026-01-24,2026,1,2026,1,4,5,12,14,-0.461095938057,-0.461094869134,1.06892320563e-06,0.470690571828,0.913693462961,ATR_TRAILING_STOP,295313.307777,294450.580002,,1 days 02:00:00,1560,26,SOURCE,SOURCE,SOURCE,UNAVAILABLE,DERIVED
v2,quarterly,true_oos,T2,H1,MIX,V2_TRUE_OOS,TradingSystemLab/results/true_oos_v2/T2/H1/trades.csv,184,T2-H1-MIX-000036,v2|true_oos|T2|H1|MIX|TradingSystemLab/results/true_oos_v2/T2/H1/trades.csv|184|T2-H1-MIX-000036,SHORT,2026-02-10 13:00:00+03:00,2026-02-11 11:00:00+03:00,2026-02-10,2026-02-11,2026,2,2026,2,1,2,13,11,0.152743107273,0.152744694174,1.58690055656e-06,0.123313617876,1.76749518956,ATR_TRAILING_STOP,287723.903411,287531.396459,,0 days 22:00:00,1320,22,SOURCE,SOURCE,SOURCE,UNAVAILABLE,DERIVED
v2,quarterly,true_oos,T2,H1,MIX,V2_TRUE_OOS,TradingSystemLab/results/true_oos_v2/T2/H1/trades.csv,197,T2-H1-MIX-000037,v2|true_oos|T2|H1|MIX|TradingSystemLab/results/true_oos_v2/T2/H1/trades.csv|197|T2-H1-MIX-000037,LONG,2026-03-03 00:00:00+03:00,2026-03-03 17:00:00+03:00,2026-03-03,2026-03-03,2026,3,2026,3,1,1,0,17,-0.75054033113,-0.750539419934,9.1119627887e-07,0.708065223613,0.601855440071,ATR_TRAILING_STOP,297333.695287,295686.323722,,0 days 17:00:00,1020,17,SOURCE,SOURCE,SOURCE,UNAVAILABLE,DERIVED
v2,quarterly,true_oos,T2,H1,MIX,V2_TRUE_OOS,TradingSystemLab/results/true_oos_v2/T2/H1/trades.csv,201,T2-H1-MIX-000038,v2|true_oos|T2|H1|MIX|TradingSystemLab/results/true_oos_v2/T2/H1/trades.csv|201|T2-H1-MIX-000038,LONG,2026-03-10 10:00:00+03:00,2026-03-10 18:00:00+03:00,2026-03-10,2026-03-10,2026,3,2026,3,1,1,10,18,-1.00000070857,-1,7.08569264462e-07,0.669908127763,0.100945060348,INITIAL_STOP,300571.495785,297748.906519,,0 days 08:00:00,480,8,SOURCE,SOURCE,SOURCE,UNAVAILABLE,DERIVED
v2,quarterly,true_oos,T2,H1,MIX,V2_TRUE_OOS,TradingSystemLab/results/true_oos_v2/T2/H1/trades.csv,210,T2-H1-MIX-000039,v2|true_oos|T2|H1|MIX|TradingSystemLab/results/true_oos_v2/T2/H1/trades.csv|210|T2-H1-MIX-000039,SHORT,2026-03-27 12:00:00+03:00,2026-03-29 16:00:00+03:00,2026-03-27,2026-03-29,2026,3,2026,3,4,6,12,16,2.17057998337,2.17058150122,1.51785589896e-06,0.248656055869,3.25165611521,ATR_TRAILING_STOP,290088.468265,287228.40559,,2 days 04:00:00,3120,52,SOURCE,SOURCE,SOURCE,UNAVAILABLE,DERIVED
v2,quarterly,true_oos,T2,H1,MIX,V2_TRUE_OOS,TradingSystemLab/results/true_oos_v2/T2/H1/trades.csv,218,T2-H1-MIX-000040,v2|true_oos|T2|H1|MIX|TradingSystemLab/results/true_oos_v2/T2/H1/trades.csv|218|T2-H1-MIX-000040,SHORT,2026-04-14 11:00:00+03:00,2026-04-14 14:00:00+03:00,2026-04-14,2026-04-14,2026,4,2026,4,1,1,11,14,-0.770324916395,-0.770322702992,2.2134027918e-06,0.474170488008,1.89668195203,ATR_TRAILING_STOP,277864.931591,278560.98448,,0 days 03:00:00,180,3,SOURCE,SOURCE,SOURCE,UNAVAILABLE,DERIVED
v2,quarterly,true_oos,T2,H1,MIX,V2_TRUE_OOS,TradingSystemLab/results/true_oos_v2/T2/H1/trades.csv,219,T2-H1-MIX-000041,v2|true_oos|T2|H1|MIX|TradingSystemLab/results/true_oos_v2/T2/H1/trades.csv|219|T2-H1-MIX-000041,SHORT,2026-04-14 21:00:00+03:00,2026-04-15 14:00:00+03:00,2026-04-14,2026-04-15,2026,4,2026,4,1,2,21,14,-1.00000244603,-1,2.44602805651e-06,0.0924714855229,1.88025353897,INITIAL_STOP,278217.775949,279035.428058,,0 days 17:00:00,1020,17,SOURCE,SOURCE,SOURCE,UNAVAILABLE,DERIVED
v2,quarterly,true_oos,T2,H1,MIX,V2_TRUE_OOS,TradingSystemLab/results/true_oos_v2/T2/H1/trades.csv,226,T2-H1-MIX-000042,v2|true_oos|T2|H1|MIX|TradingSystemLab/results/true_oos_v2/T2/H1/trades.csv|226|T2-H1-MIX-000042,SHORT,2026-04-28 11:00:00+03:00,2026-04-29 22:00:00+03:00,2026-04-28,2026-04-29,2026,4,2026,4,1,2,11,22,4.18157581935,4.18157715401,1.3346611619e-06,0.285920365154,6.47525532849,ATR_TRAILING_STOP,277310.461887,271044.336411,,1 days 11:00:00,2100,35,SOURCE,SOURCE,SOURCE,UNAVAILABLE,DERIVED
v2,quarterly,true_oos,T2,H1,MIX,V2_TRUE_OOS,TradingSystemLab/results/true_oos_v2/T2/H1/trades.csv,230,T2-H1-MIX-000043,v2|true_oos|T2|H1|MIX|TradingSystemLab/results/true_oos_v2/T2/H1/trades.csv|230|T2-H1-MIX-000043,SHORT,2026-05-05 10:00:00+03:00,2026-05-05 13:00:00+03:00,2026-05-05,2026-05-05,2026,5,2026,5,1,1,10,13,-0.0456126466503,-0.0456108647016,1.78194874592e-06,0.78593820061,2.80692214504,ATR_TRAILING_STOP,267934.883242,267986.07536,,0 days 03:00:00,180,3,SOURCE,SOURCE,SOURCE,UNAVAILABLE,DERIVED
v2,quarterly,true_oos,T2,H1,MIX,V2_TRUE_OOS,TradingSystemLab/results/true_oos_v2/T2/H1/trades.csv,238,T2-H1-MIX-000044,v2|true_oos|T2|H1|MIX|TradingSystemLab/results/true_oos_v2/T2/H1/trades.csv|238|T2-H1-MIX-000044,SHORT,2026-05-25 14:00:00+03:00,2026-05-27 15:00:00+03:00,2026-05-25,2026-05-27,2026,5,2026,5,0,2,14,15,2.04877190224,2.04877327408,1.371839225e-06,0.293884907526,4.44284830789,ATR_TRAILING_STOP,266699.927991,263713.028015,,2 days 01:00:00,2940,49,SOURCE,SOURCE,SOURCE,UNAVAILABLE,DERIVED
v2,quarterly,true_oos,T2,H1,MIX,V2_TRUE_OOS,TradingSystemLab/results/true_oos_v2/T2/H1/trades.csv,239,T2-H1-MIX-000045,v2|true_oos|T2|H1|MIX|TradingSystemLab/results/true_oos_v2/T2/H1/trades.csv|239|T2-H1-MIX-000045,SHORT,2026-05-27 17:00:00+03:00,2026-05-27 19:00:00+03:00,2026-05-27,2026-05-27,2026,5,2026,5,2,2,17,19,-1.00000131647,-1,1.31647191505e-06,0.481099318815,0.0331792633665,INITIAL_STOP,262062.545006,263581.757058,,0 days 02:00:00,120,2,SOURCE,SOURCE,SOURCE,UNAVAILABLE,DERIVED
v2,quarterly,true_oos,T2,H1,MIX,V2_TRUE_OOS,TradingSystemLab/results/true_oos_v2/T2/H1/trades.csv,242,T2-H1-MIX-000046,v2|true_oos|T2|H1|MIX|TradingSystemLab/results/true_oos_v2/T2/H1/trades.csv|242|T2-H1-MIX-000046,SHORT,2026-06-04 14:00:00+03:00,2026-06-04 15:00:00+03:00,2026-06-04,2026-06-04,2026,6,2026,6,3,3,14,15,-1.0000014715,-1,1.47150288515e-06,0,0,INITIAL_STOP,262541.405205,263900.559863,,0 days 01:00:00,60,1,SOURCE,SOURCE,SOURCE,UNAVAILABLE,DERIVED
v2,quarterly,true_oos,T2,H1,MIX,V2_TRUE_OOS,TradingSystemLab/results/true_oos_v2/T2/H1/trades.csv,244,T2-H1-MIX-000047,v2|true_oos|T2|H1|MIX|TradingSystemLab/results/true_oos_v2/T2/H1/trades.csv|244|T2-H1-MIX-000047,SHORT,2026-06-09 18:00:00+03:00,2026-06-10 18:00:00+03:00,2026-06-09,2026-06-10,2026,6,2026,6,1,2,18,18,-0.19055229989,-0.19055145717,8.42719448246e-07,0.509740804,1.50798321183,ATR_TRAILING_STOP,254526.797655,254979.027534,,1 days 00:00:00,1440,24,SOURCE,SOURCE,SOURCE,UNAVAILABLE,DERIVED
v2,quarterly,true_oos,T2,H1,MIX,V2_TRUE_OOS,TradingSystemLab/results/true_oos_v2/T2/H1/trades.csv,255,T2-H1-MIX-000048,v2|true_oos|T2|H1|MIX|TradingSystemLab/results/true_oos_v2/T2/H1/trades.csv|255|T2-H1-MIX-000048,SHORT,2026-07-03 18:00:00+03:00,2026-07-05 11:00:00+03:00,2026-07-03,2026-07-05,2026,7,2026,7,4,6,18,11,-0.344295954042,-0.34429532535,6.28691926867e-07,0.361497857949,0.715137066812,ATR_TRAILING_STOP,222325,223420.27516,,1 days 17:00:00,2460,41,SOURCE,SOURCE,SOURCE,UNAVAILABLE,DERIVED
v2,quarterly,true_oos,T2,H1,MIX,V2_TRUE_OOS,TradingSystemLab/results/true_oos_v2/T2/H1/trades.csv,256,T2-H1-MIX-000049,v2|true_oos|T2|H1|MIX|TradingSystemLab/results/true_oos_v2/T2/H1/trades.csv|256|T2-H1-MIX-000049,SHORT,2026-07-08 11:00:00+03:00,2026-07-08 18:00:00+03:00,2026-07-08,2026-07-08,2026,7,2026,7,2,2,11,18,-0.731941301174,-0.73194092582,3.75354320933e-07,0.98530509245,0.0891466512217,EMA50_TREND_LOSS,215875,219775,,0 days 07:00:00,420,7,SOURCE,SOURCE,SOURCE,UNAVAILABLE,DERIVED
v2,quarterly,true_oos,T2,H1,MIX,V2_TRUE_OOS,TradingSystemLab/results/true_oos_v2/T2/H1/trades.csv,280,T2-H1-MIX-000050,v2|true_oos|T2|H1|MIX|TradingSystemLab/results/true_oos_v2/T2/H1/trades.csv|280|T2-H1-MIX-000050,SHORT,2026-08-25 11:00:00+03:00,2026-08-25 18:00:00+03:00,2026-08-25,2026-08-25,2026,8,2026,8,1,1,11,18,-0.928149269768,-0.928148438351,8.31416742448e-07,0.623562556836,0.841809451729,ATR_TRAILING_STOP,209625,211857.691239,,0 days 07:00:00,420,7,SOURCE,SOURCE,SOURCE,UNAVAILABLE,DERIVED
v2,quarterly,true_oos,T2,H1,MIX,V2_TRUE_OOS,TradingSystemLab/results/true_oos_v2/T2/H1/trades.csv,298,T2-H1-MIX-000051,v2|true_oos|T2|H1|MIX|TradingSystemLab/results/true_oos_v2/T2/H1/trades.csv|298|T2-H1-MIX-000051,LONG,2026-09-15 18:00:00+03:00,2026-09-15 19:00:00+03:00,2026-09-15,2026-09-15,2026,9,2026,9,1,1,18,19,-1.00000106182,-1,1.06181983154e-06,0,0,INITIAL_STOP,235225,233341.441283,,0 days 01:00:00,60,1,SOURCE,SOURCE,SOURCE,UNAVAILABLE,DERIVED
v2,quarterly,true_oos,T2,H1,NG,V2_TRUE_OOS,TradingSystemLab/results/true_oos_v2/T2/H1/trades.csv,2,T2-H1-NG-000001,v2|true_oos|T2|H1|NG|TradingSystemLab/results/true_oos_v2/T2/H1/trades.csv|2|T2-H1-NG-000001,LONG,2025-01-23 23:00:00+03:00,2025-01-24 10:00:00+03:00,2025-01-23,2025-01-24,2025,1,2025,1,3,4,23,10,-1.38627345175,-1.35763527104,0.0286381807129,0.115270919239,0.179310318816,INITIAL_STOP,3.53580765575,3.44099470065,,0 days 11:00:00,660,11,SOURCE,SOURCE,SOURCE,UNAVAILABLE,DERIVED
v2,quarterly,true_oos,T2,H1,NG,V2_TRUE_OOS,TradingSystemLab/results/true_oos_v2/T2/H1/trades.csv,10,T2-H1-NG-000002,v2|true_oos|T2|H1|NG|TradingSystemLab/results/true_oos_v2/T2/H1/trades.csv|10|T2-H1-NG-000002,LONG,2025-02-10 19:00:00+03:00,2025-02-12 13:00:00+03:00,2025-02-10,2025-02-12,2025,2,2025,2,0,2,19,13,0.452890033674,0.475612401516,0.0227223678427,0.136324657809,1.431408907,ATR_TRAILING_STOP,3.44175891225,3.48362183823,,1 days 18:00:00,2520,42,SOURCE,SOURCE,SOURCE,UNAVAILABLE,DERIVED
v2,quarterly,true_oos,T2,H1,NG,V2_TRUE_OOS,TradingSystemLab/results/true_oos_v2/T2/H1/trades.csv,12,T2-H1-NG-000003,v2|true_oos|T2|H1|NG|TradingSystemLab/results/true_oos_v2/T2/H1/trades.csv|12|T2-H1-NG-000003,LONG,2025-02-12 22:00:00+03:00,2025-02-13 21:00:00+03:00,2025-02-12,2025-02-13,2025,2,2025,2,2,3,22,21,1.66778688875,1.69950279951,0.0317159107556,0.079284223201,3.4726489762,ATR_TRAILING_STOP,3.55075127757,3.65792163838,,0 days 23:00:00,1380,23,SOURCE,SOURCE,SOURCE,UNAVAILABLE,DERIVED
v2,quarterly,true_oos,T2,H1,NG,V2_TRUE_OOS,TradingSystemLab/results/true_oos_v2/T2/H1/trades.csv,13,T2-H1-NG-000004,v2|true_oos|T2|H1|NG|TradingSystemLab/results/true_oos_v2/T2/H1/trades.csv|13|T2-H1-NG-000004,LONG,2025-02-14 09:00:00+03:00,2025-02-17 09:00:00+03:00,2025-02-14,2025-02-17,2025,2,2025,2,4,0,9,9,-0.561889928724,-0.542173160065,0.0197167686589,0.276015426942,0.916765525201,ATR_TRAILING_STOP,3.69474119139,3.63974504375,,3 days 00:00:00,4320,72,SOURCE,SOURCE,SOURCE,UNAVAILABLE,DERIVED
v2,quarterly,true_oos,T2,H1,NG,V2_TRUE_OOS,TradingSystemLab/results/true_oos_v2/T2/H1/trades.csv,18,T2-H1-NG-000005,v2|true_oos|T2|H1|NG|TradingSystemLab/results/true_oos_v2/T2/H1/trades.csv|18|T2-H1-NG-000005,LONG,2025-02-20 23:00:00+03:00,2025-02-21 17:00:00+03:00,2025-02-20,2025-02-21,2025,2,2025,2,3,4,23,17,0.0451519039571,0.0613127585187,0.0161608545617,0.210076393906,1.52709378647,ATR_TRAILING_STOP,4.17070785096,4.17829566239,,0 days 18:00:00,1080,18,SOURCE,SOURCE,SOURCE,UNAVAILABLE,DERIVED
v2,quarterly,true_oos,T2,H1,NG,V2_TRUE_OOS,TradingSystemLab/results/true_oos_v2/T2/H1/trades.csv,22,T2-H1-NG-000006,v2|true_oos|T2|H1|NG|TradingSystemLab/results/true_oos_v2/T2/H1/trades.csv|22|T2-H1-NG-000006,LONG,2025-03-05 15:00:00+03:00,2025-03-06 19:00:00+03:00,2025-03-05,2025-03-06,2025,3,2025,3,2,3,15,19,-0.293144974177,-0.275708445539,0.0174365286386,0.643167004655,1.54183870979,ATR_TRAILING_STOP,4.37076016549,4.33913592982,,1 days 04:00:00,1680,28,SOURCE,SOURCE,SOURCE,UNAVAILABLE,DERIVED
v2,quarterly,true_oos,T2,H1,NG,V2_TRUE_OOS,TradingSystemLab/results/true_oos_v2/T2/H1/trades.csv,27,T2-H1-NG-000007,v2|true_oos|T2|H1|NG|TradingSystemLab/results/true_oos_v2/T2/H1/trades.csv|27|T2-H1-NG-000007,SHORT,2025-03-20 20:00:00+03:00,2025-03-21 17:00:00+03:00,2025-03-20,2025-03-21,2025,3,2025,3,3,4,20,17,0.0696881654869,0.084125984779,0.0144378192921,0.03647644245,0.955682792191,ATR_TRAILING_STOP,4.0584908265,4.04683726815,,0 days 21:00:00,1260,21,SOURCE,SOURCE,SOURCE,UNAVAILABLE,DERIVED
v2,quarterly,true_oos,T2,H1,NG,V2_TRUE_OOS,TradingSystemLab/results/true_oos_v2/T2/H1/trades.csv,28,T2-H1-NG-000008,v2|true_oos|T2|H1|NG|TradingSystemLab/results/true_oos_v2/T2/H1/trades.csv|28|T2-H1-NG-000008,SHORT,2025-03-21 20:00:00+03:00,2025-03-26 10:00:00+03:00,2025-03-21,2025-03-26,2025,3,2025,3,4,2,20,10,0.582871592645,0.607023560561,0.0241519679159,0.536965110814,2.09904543318,ATR_TRAILING_STOP,4.00897238763,3.95870538143,,4 days 14:00:00,6600,110,SOURCE,SOURCE,SOURCE,UNAVAILABLE,DERIVED
v2,quarterly,true_oos,T2,H1,NG,V2_TRUE_OOS,TradingSystemLab/results/true_oos_v2/T2/H1/trades.csv,31,T2-H1-NG-000009,v2|true_oos|T2|H1|NG|TradingSystemLab/results/true_oos_v2/T2/H1/trades.csv|31|T2-H1-NG-000009,LONG,2025-03-31 22:00:00+03:00,2025-04-01 15:00:00+03:00,2025-03-31,2025-04-01,2025,3,2025,4,0,1,22,15,-1.02628564539,-1,0.0262856453893,0.743400032548,0.199125008718,INITIAL_STOP,4.16749534485,4.0914081889,,0 days 17:00:00,1020,17,SOURCE,SOURCE,SOURCE,UNAVAILABLE,DERIVED
v2,quarterly,true_oos,T2,H1,NG,V2_TRUE_OOS,TradingSystemLab/results/true_oos_v2/T2/H1/trades.csv,32,T2-H1-NG-000010,v2|true_oos|T2|H1|NG|TradingSystemLab/results/true_oos_v2/T2/H1/trades.csv|32|T2-H1-NG-000010,SHORT,2025-04-07 17:00:00+03:00,2025-04-08 17:00:00+03:00,2025-04-07,2025-04-08,2025,4,2025,4,0,1,17,17,0.172888419989,0.187013269323,0.0141248493342,0.898814920594,1.36962273614,ATR_TRAILING_STOP,3.84225697814,3.81577694074,,1 days 00:00:00,1440,24,SOURCE,SOURCE,SOURCE,UNAVAILABLE,DERIVED
v2,quarterly,true_oos,T2,H1,NG,V2_TRUE_OOS,TradingSystemLab/results/true_oos_v2/T2/H1/trades.csv,37,T2-H1-NG-000011,v2|true_oos|T2|H1|NG|TradingSystemLab/results/true_oos_v2/T2/H1/trades.csv|37|T2-H1-NG-000011,SHORT,2025-04-21 17:00:00+03:00,2025-04-22 16:00:00+03:00,2025-04-21,2025-04-22,2025,4,2025,4,0,1,17,16,0.461594335659,0.483837715498,0.0222433798396,0.101101870748,1.44912681406,ATR_TRAILING_STOP,3.17157910393,3.12807512936,,0 days 23:00:00,1380,23,SOURCE,SOURCE,SOURCE,UNAVAILABLE,DERIVED
v2,quarterly,true_oos,T2,H1,NG,V2_TRUE_OOS,TradingSystemLab/results/true_oos_v2/T2/H1/trades.csv,39,T2-H1-NG-000012,v2|true_oos|T2|H1|NG|TradingSystemLab/results/true_oos_v2/T2/H1/trades.csv|39|T2-H1-NG-000012,SHORT,2025-04-25 20:00:00+03:00,2025-04-28 17:00:00+03:00,2025-04-25,2025-04-28,2025,4,2025,4,4,0,20,17,-0.138505289163,-0.108256896971,0.0302483921922,0.779091337391,1.05042937775,ATR_TRAILING_STOP,2.95239672637,2.9595545876,,2 days 21:00:00,4140,69,SOURCE,SOURCE,SOURCE,UNAVAILABLE,DERIVED
v2,quarterly,true_oos,T2,H1,NG,V2_TRUE_OOS,TradingSystemLab/results/true_oos_v2/T2/H1/trades.csv,48,T2-H1-NG-000013,v2|true_oos|T2|H1|NG|TradingSystemLab/results/true_oos_v2/T2/H1/trades.csv|48|T2-H1-NG-000013,SHORT,2025-05-16 19:00:00+03:00,2025-05-20 15:00:00+03:00,2025-05-16,2025-05-20,2025,5,2025,5,4,1,19,15,1.73817926596,1.76080971128,0.0226304453164,0.106188618981,2.63347775074,ATR_TRAILING_STOP,3.15134216365,2.99572792923,,3 days 20:00:00,5520,92,SOURCE,SOURCE,SOURCE,UNAVAILABLE,DERIVED
v2,quarterly,true_oos,T2,H1,NG,V2_TRUE_OOS,TradingSystemLab/results/true_oos_v2/T2/H1/trades.csv,54,T2-H1-NG-000014,v2|true_oos|T2|H1|NG|TradingSystemLab/results/true_oos_v2/T2/H1/trades.csv|54|T2-H1-NG-000014,SHORT,2025-05-30 18:00:00+03:00,2025-06-02 10:00:00+03:00,2025-05-30,2025-06-02,2025,5,2025,6,4,0,18,10,-0.893297001599,-0.865891816667,0.0274051849314,0.721285314898,0.290840852781,ATR_TRAILING_STOP,2.94691271752,3.0101045419,,2 days 16:00:00,3840,64,SOURCE,SOURCE,SOURCE,UNAVAILABLE,DERIVED
v2,quarterly,true_oos,T2,H1,NG,V2_TRUE_OOS,TradingSystemLab/results/true_oos_v2/T2/H1/trades.csv,58,T2-H1-NG-000015,v2|true_oos|T2|H1|NG|TradingSystemLab/results/true_oos_v2/T2/H1/trades.csv|58|T2-H1-NG-000015,SHORT,2025-06-10 17:00:00+03:00,2025-06-11 16:00:00+03:00,2025-06-10,2025-06-11,2025,6,2025,6,1,2,17,16,-0.51132296719,-0.486840950915,0.0244820162751,0.457280332024,0.426102127568,ATR_TRAILING_STOP,3.01992755293,3.05969886469,,0 days 23:00:00,1380,23,SOURCE,SOURCE,SOURCE,UNAVAILABLE,DERIVED
v2,quarterly,true_oos,T2,H1,NG,V2_TRUE_OOS,TradingSystemLab/results/true_oos_v2/T2/H1/trades.csv,60,T2-H1-NG-000016,v2|true_oos|T2|H1|NG|TradingSystemLab/results/true_oos_v2/T2/H1/trades.csv|60|T2-H1-NG-000016,SHORT,2025-06-11 19:00:00+03:00,2025-06-13 14:00:00+03:00,2025-06-11,2025-06-13,2025,6,2025,6,2,4,19,14,-0.694090834272,-0.672446051957,0.0216447823154,0.606428804671,0.266461141446,ATR_TRAILING_STOP,2.96049687295,3.02263157517,,1 days 19:00:00,2580,43,SOURCE,SOURCE,SOURCE,UNAVAILABLE,DERIVED
v2,quarterly,true_oos,T2,H1,NG,V2_TRUE_OOS,TradingSystemLab/results/true_oos_v2/T2/H1/trades.csv,79,T2-H1-NG-000017,v2|true_oos|T2|H1|NG|TradingSystemLab/results/true_oos_v2/T2/H1/trades.csv|79|T2-H1-NG-000017,SHORT,2025-07-25 19:00:00+03:00,2025-07-29 17:00:00+03:00,2025-07-25,2025-07-29,2025,7,2025,7,4,1,19,17,2.01741137324,2.08819717982,0.0707858065834,0.539704274162,3.69271345479,ATR_TRAILING_STOP,2.50082623155,2.44182578271,,3 days 22:00:00,5640,94,SOURCE,SOURCE,SOURCE,UNAVAILABLE,DERIVED
v2,quarterly,true_oos,T2,H1,NG,V2_TRUE_OOS,TradingSystemLab/results/true_oos_v2/T2/H1/trades.csv,80,T2-H1-NG-000018,v2|true_oos|T2|H1|NG|TradingSystemLab/results/true_oos_v2/T2/H1/trades.csv|80|T2-H1-NG-000018,SHORT,2025-07-31 20:00:00+03:00,2025-07-31 21:00:00+03:00,2025-07-31,2025-07-31,2025,7,2025,7,3,3,20,21,-1.05324343491,-1,0.0532434349123,0,0,INITIAL_STOP,2.33089325967,2.36845657623,,0 days 01:00:00,60,1,SOURCE,SOURCE,SOURCE,UNAVAILABLE,DERIVED
v2,quarterly,true_oos,T2,H1,NG,V2_TRUE_OOS,TradingSystemLab/results/true_oos_v2/T2/H1/trades.csv,88,T2-H1-NG-000019,v2|true_oos|T2|H1|NG|TradingSystemLab/results/true_oos_v2/T2/H1/trades.csv|88|T2-H1-NG-000019,SHORT,2025-08-08 18:00:00+03:00,2025-08-11 17:00:00+03:00,2025-08-08,2025-08-11,2025,8,2025,8,4,0,18,17,0.665599973893,0.719023391561,0.0534234176682,0.1019353996,2.32412711088,ATR_TRAILING_STOP,2.3263139016,2.29939599095,,2 days 23:00:00,4260,71,SOURCE,SOURCE,SOURCE,UNAVAILABLE,DERIVED
v2,quarterly,true_oos,T2,H1,NG,V2_TRUE_OOS,TradingSystemLab/results/true_oos_v2/T2/H1/trades.csv,89,T2-H1-NG-000020,v2|true_oos|T2|H1|NG|TradingSystemLab/results/true_oos_v2/T2/H1/trades.csv|89|T2-H1-NG-000020,SHORT,2025-08-13 23:00:00+03:00,2025-08-15 09:00:00+03:00,2025-08-13,2025-08-15,2025,8,2025,8,2,4,23,9,-1.19238943562,-1.1070654703,0.0853239653247,0.748897229906,1.43267296156,ATR_TRAILING_STOP,2.1675628217,2.19351251745,,1 days 10:00:00,2040,34,SOURCE,SOURCE,SOURCE,UNAVAILABLE,DERIVED
v2,quarterly,true_oos,T2,H1,NG,V2_TRUE_OOS,TradingSystemLab/results/true_oos_v2/T2/H1/trades.csv,90,T2-H1-NG-000021,v2|true_oos|T2|H1|NG|TradingSystemLab/results/true_oos_v2/T2/H1/trades.csv|90|T2-H1-NG-000021,SHORT,2025-08-19 09:00:00+03:00,2025-08-21 15:00:00+03:00,2025-08-19,2025-08-21,2025,8,2025,8,1,3,9,15,2.42050636817,2.48904120447,0.0685348363006,0.392306944955,3.94922324589,ATR_TRAILING_STOP,2.20496091264,2.13232511634,,2 days 06:00:00,3240,54,SOURCE,SOURCE,SOURCE,UNAVAILABLE,DERIVED
v2,quarterly,true_oos,T2,H1,NG,V2_TRUE_OOS,TradingSystemLab/results/true_oos_v2/T2/H1/trades.csv,94,T2-H1-NG-000022,v2|true_oos|T2|H1|NG|TradingSystemLab/results/true_oos_v2/T2/H1/trades.csv|94|T2-H1-NG-000022,SHORT,2025-08-25 20:00:00+03:00,2025-08-26 15:00:00+03:00,2025-08-25,2025-08-26,2025,8,2025,8,0,1,20,15,-0.871452476822,-0.800153628079,0.0712988487435,0.789048816765,0.680214497211,ATR_TRAILING_STOP,2.04849951178,2.07094457624,,0 days 19:00:00,1140,19,SOURCE,SOURCE,SOURCE,UNAVAILABLE,DERIVED
v2,quarterly,true_oos,T2,H1,NG,V2_TRUE_OOS,TradingSystemLab/results/true_oos_v2/T2/H1/trades.csv,98,T2-H1-NG-000023,v2|true_oos|T2|H1|NG|TradingSystemLab/results/true_oos_v2/T2/H1/trades.csv|98|T2-H1-NG-000023,LONG,2025-09-04 19:00:00+03:00,2025-09-05 21:00:00+03:00,2025-09-04,2025-09-05,2025,9,2025,9,3,4,19,21,-0.816630630376,-0.788987066937,0.0276435634393,0.744717229395,0.0201274926863,ATR_TRAILING_STOP,2.27897724715,2.22189437007,,1 days 02:00:00,1560,26,SOURCE,SOURCE,SOURCE,UNAVAILABLE,DERIVED
v2,quarterly,true_oos,T2,H1,NG,V2_TRUE_OOS,TradingSystemLab/results/true_oos_v2/T2/H1/trades.csv,100,T2-H1-NG-000024,v2|true_oos|T2|H1|NG|TradingSystemLab/results/true_oos_v2/T2/H1/trades.csv|100|T2-H1-NG-000024,LONG,2025-09-08 21:00:00+03:00,2025-09-09 18:00:00+03:00,2025-09-08,2025-09-09,2025,9,2025,9,0,1,21,18,-0.749225987666,-0.672282016613,0.0769439710522,0.644270265921,1.31655228253,EMA50_TREND_LOSS,2.26951184644,2.25203726052,,0 days 21:00:00,1260,21,SOURCE,SOURCE,SOURCE,UNAVAILABLE,DERIVED
v2,quarterly,true_oos,T2,H1,NG,V2_TRUE_OOS,TradingSystemLab/results/true_oos_v2/T2/H1/trades.csv,106,T2-H1-NG-000025,v2|true_oos|T2|H1|NG|TradingSystemLab/results/true_oos_v2/T2/H1/trades.csv|106|T2-H1-NG-000025,SHORT,2025-09-22 18:00:00+03:00,2025-09-23 20:00:00+03:00,2025-09-22,2025-09-23,2025,9,2025,9,0,1,18,20,0.431333639959,0.472424319931,0.0410906799719,0.0299184424044,1.54079978383,ATR_TRAILING_STOP,2.09840652597,2.07541229369,,1 days 02:00:00,1560,26,SOURCE,SOURCE,SOURCE,UNAVAILABLE,DERIVED
v2,quarterly,true_oos,T2,H1,NG,V2_TRUE_OOS,TradingSystemLab/results/true_oos_v2/T2/H1/trades.csv,115,T2-H1-NG-000026,v2|true_oos|T2|H1|NG|TradingSystemLab/results/true_oos_v2/T2/H1/trades.csv|115|T2-H1-NG-000026,LONG,2025-10-07 00:00:00+03:00,2025-10-07 10:00:00+03:00,2025-10-07,2025-10-07,2025,10,2025,10,1,1,0,10,-1.07605429803,-1,0.0760542980283,0.0995734372936,0,INITIAL_STOP,2.23160200366,2.20530500202,,0 days 10:00:00,600,10,SOURCE,SOURCE,SOURCE,UNAVAILABLE,DERIVED
v2,quarterly,true_oos,T2,H1,NG,V2_TRUE_OOS,TradingSystemLab/results/true_oos_v2/T2/H1/trades.csv,123,T2-H1-NG-000027,v2|true_oos|T2|H1|NG|TradingSystemLab/results/true_oos_v2/T2/H1/trades.csv|123|T2-H1-NG-000027,LONG,2025-10-22 21:00:00+03:00,2025-10-23 16:00:00+03:00,2025-10-22,2025-10-23,2025,10,2025,10,2,3,21,16,-1.02775528914,-1,0.0277552891368,0.563244800336,0.0272537806614,INITIAL_STOP,2.29182710907,2.21976877128,,0 days 19:00:00,1140,19,SOURCE,SOURCE,SOURCE,UNAVAILABLE,DERIVED
v2,quarterly,true_oos,T2,H1,NG,V2_TRUE_OOS,TradingSystemLab/results/true_oos_v2/T2/H1/trades.csv,126,T2-H1-NG-000028,v2|true_oos|T2|H1|NG|TradingSystemLab/results/true_oos_v2/T2/H1/trades.csv|126|T2-H1-NG-000028,LONG,2025-11-03 20:00:00+03:00,2025-11-05 23:00:00+03:00,2025-11-03,2025-11-05,2025,11,2025,11,0,2,20,23,-0.0154899945861,0.016931919857,0.0324219144431,0.0925165368196,1.18421167129,ATR_TRAILING_STOP,2.40266268479,2.40370715858,,2 days 03:00:00,3060,51,SOURCE,SOURCE,SOURCE,UNAVAILABLE,DERIVED
v2,quarterly,true_oos,T2,H1,NG,V2_TRUE_OOS,TradingSystemLab/results/true_oos_v2/T2/H1/trades.csv,127,T2-H1-NG-000029,v2|true_oos|T2|H1|NG|TradingSystemLab/results/true_oos_v2/T2/H1/trades.csv|127|T2-H1-NG-000029,LONG,2025-11-06 09:00:00+03:00,2025-11-06 21:00:00+03:00,2025-11-06,2025-11-06,2025,11,2025,11,3,3,9,21,-0.941279742234,-0.893546474605,0.0477332676293,0.190690875699,0.708280395454,ATR_TRAILING_STOP,2.43804631578,2.40060716615,,0 days 12:00:00,720,12,SOURCE,SOURCE,SOURCE,UNAVAILABLE,DERIVED
v2,quarterly,true_oos,T2,H1,NG,V2_TRUE_OOS,TradingSystemLab/results/true_oos_v2/T2/H1/trades.csv,128,T2-H1-NG-000030,v2|true_oos|T2|H1|NG|TradingSystemLab/results/true_oos_v2/T2/H1/trades.csv|128|T2-H1-NG-000030,LONG,2025-11-07 00:00:00+03:00,2025-11-07 16:00:00+03:00,2025-11-07,2025-11-07,2025,11,2025,11,4,4,0,16,-0.732131308267,-0.708146912335,0.0239843959322,0.458547467848,0.130035849091,ATR_TRAILING_STOP,2.50424794795,2.44519731234,,0 days 16:00:00,960,16,SOURCE,SOURCE,SOURCE,UNAVAILABLE,DERIVED
v2,quarterly,true_oos,T2,H1,NG,V2_TRUE_OOS,TradingSystemLab/results/true_oos_v2/T2/H1/trades.csv,129,T2-H1-NG-000031,v2|true_oos|T2|H1|NG|TradingSystemLab/results/true_oos_v2/T2/H1/trades.csv|129|T2-H1-NG-000031,LONG,2025-11-12 18:00:00+03:00,2025-11-12 21:00:00+03:00,2025-11-12,2025-11-12,2025,11,2025,11,2,2,18,21,-1.04465556692,-1,0.0446555669234,0.802780599982,0.344048828564,INITIAL_STOP,2.5921363217,2.54734907258,,0 days 03:00:00,180,3,SOURCE,SOURCE,SOURCE,UNAVAILABLE,DERIVED
v2,quarterly,true_oos,T2,H1,NG,V2_TRUE_OOS,TradingSystemLab/results/true_oos_v2/T2/H1/trades.csv,136,T2-H1-NG-000032,v2|true_oos|T2|H1|NG|TradingSystemLab/results/true_oos_v2/T2/H1/trades.csv|136|T2-H1-NG-000032,LONG,2025-11-20 19:00:00+03:00,2025-11-20 22:00:00+03:00,2025-11-20,2025-11-20,2025,11,2025,11,3,3,19,22,-0.873049099465,-0.8410715645,0.0319775349647,0.401493363481,0.447117609331,ATR_TRAILING_STOP,2.60240898876,2.54980508633,,0 days 03:00:00,180,3,SOURCE,SOURCE,SOURCE,UNAVAILABLE,DERIVED
v2,quarterly,true_oos,T2,H1,NG,V2_TRUE_OOS,TradingSystemLab/results/true_oos_v2/T2/H1/trades.csv,139,T2-H1-NG-000033,v2|true_oos|T2|H1|NG|TradingSystemLab/results/true_oos_v2/T2/H1/trades.csv|139|T2-H1-NG-000033,LONG,2025-11-24 10:00:00+03:00,2025-11-24 15:00:00+03:00,2025-11-24,2025-11-24,2025,11,2025,11,0,0,10,15,-1.06110661212,-1,0.0611066121199,0.959028707886,0.156931970381,INITIAL_STOP,2.60526250738,2.5725328251,,0 days 05:00:00,300,5,SOURCE,SOURCE,SOURCE,UNAVAILABLE,DERIVED
v2,quarterly,true_oos,T2,H1,NG,V2_TRUE_OOS,TradingSystemLab/results/true_oos_v2/T2/H1/trades.csv,141,T2-H1-NG-000034,v2|true_oos|T2|H1|NG|TradingSystemLab/results/true_oos_v2/T2/H1/trades.csv|141|T2-H1-NG-000034,LONG,2025-11-27 00:00:00+03:00,2025-11-27 16:00:00+03:00,2025-11-27,2025-11-27,2025,11,2025,11,3,3,0,16,-1.05760075112,-1,0.0576007511156,0.636545976688,0.391720601038,INITIAL_STOP,2.60916974786,2.57444797842,,0 days 16:00:00,960,16,SOURCE,SOURCE,SOURCE,UNAVAILABLE,DERIVED
v2,quarterly,true_oos,T2,H1,NG,V2_TRUE_OOS,TradingSystemLab/results/true_oos_v2/T2/H1/trades.csv,145,T2-H1-NG-000035,v2|true_oos|T2|H1|NG|TradingSystemLab/results/true_oos_v2/T2/H1/trades.csv|145|T2-H1-NG-000035,LONG,2025-12-01 17:00:00+03:00,2025-12-01 19:00:00+03:00,2025-12-01,2025-12-01,2025,12,2025,12,0,0,17,19,-0.486477417865,-0.442326966682,0.0441504511828,0.27522941733,0.813177823929,ATR_TRAILING_STOP,2.74008160967,2.72004435275,,0 days 02:00:00,120,2,SOURCE,SOURCE,SOURCE,UNAVAILABLE,DERIVED
v2,quarterly,true_oos,T2,H1,NG,V2_TRUE_OOS,TradingSystemLab/results/true_oos_v2/T2/H1/trades.csv,147,T2-H1-NG-000036,v2|true_oos|T2|H1|NG|TradingSystemLab/results/true_oos_v2/T2/H1/trades.csv|147|T2-H1-NG-000036,LONG,2025-12-03 09:00:00+03:00,2025-12-04 18:00:00+03:00,2025-12-03,2025-12-04,2025,12,2025,12,2,3,9,18,0.196394432271,0.232986430261,0.0365919979906,0.0518433613004,1.45161411641,ATR_TRAILING_STOP,2.77068438256,2.78341866563,,1 days 09:00:00,1980,33,SOURCE,SOURCE,SOURCE,UNAVAILABLE,DERIVED
v2,quarterly,true_oos,T2,H1,NG,V2_TRUE_OOS,TradingSystemLab/results/true_oos_v2/T2/H1/trades.csv,149,T2-H1-NG-000037,v2|true_oos|T2|H1|NG|TradingSystemLab/results/true_oos_v2/T2/H1/trades.csv|149|T2-H1-NG-000037,LONG,2025-12-04 20:00:00+03:00,2025-12-05 23:00:00+03:00,2025-12-04,2025-12-05,2025,12,2025,12,3,4,20,23,3.17193035373,3.20740234977,0.0354719960362,0.603078577025,5.11611659509,ATR_TRAILING_STOP,2.81205479776,2.99289617734,,1 days 03:00:00,1620,27,SOURCE,SOURCE,SOURCE,UNAVAILABLE,DERIVED
v2,quarterly,true_oos,T2,H1,NG,V2_TRUE_OOS,TradingSystemLab/results/true_oos_v2/T2/H1/trades.csv,154,T2-H1-NG-000038,v2|true_oos|T2|H1|NG|TradingSystemLab/results/true_oos_v2/T2/H1/trades.csv|154|T2-H1-NG-000038,SHORT,2025-12-17 10:00:00+03:00,2025-12-17 13:00:00+03:00,2025-12-17,2025-12-17,2025,12,2025,12,2,2,10,13,-1.07767659344,-1,0.077676593437,0.902424861667,0.0220103624797,INITIAL_STOP,2.22890195881,2.25464974088,,0 days 03:00:00,180,3,SOURCE,SOURCE,SOURCE,UNAVAILABLE,DERIVED
v2,quarterly,true_oos,T2,H1,NG,V2_TRUE_OOS,TradingSystemLab/results/true_oos_v2/T2/H1/trades.csv,158,T2-H1-NG-000039,v2|true_oos|T2|H1|NG|TradingSystemLab/results/true_oos_v2/T2/H1/trades.csv|158|T2-H1-NG-000039,SHORT,2025-12-23 11:00:00+03:00,2025-12-23 15:00:00+03:00,2025-12-23,2025-12-23,2025,12,2025,12,1,1,11,15,-0.563760441842,-0.485827296017,0.0779331458248,0.706657885115,0.529993413836,EMA50_TREND_LOSS,2.26063816773,2.27310596409,,0 days 04:00:00,240,4,SOURCE,SOURCE,SOURCE,UNAVAILABLE,DERIVED
v2,quarterly,true_oos,T2,H1,NG,V2_TRUE_OOS,TradingSystemLab/results/true_oos_v2/T2/H1/trades.csv,166,T2-H1-NG-000040,v2|true_oos|T2|H1|NG|TradingSystemLab/results/true_oos_v2/T2/H1/trades.csv|166|T2-H1-NG-000040,LONG,2025-12-30 11:00:00+03:00,2025-12-30 19:00:00+03:00,2025-12-30,2025-12-30,2025,12,2025,12,1,1,11,19,1.06412142215,1.11947799243,0.0553565702751,0.352819025071,3.65167690948,ATR_TRAILING_STOP,2.53476914436,2.57521521921,,0 days 08:00:00,480,8,SOURCE,SOURCE,SOURCE,UNAVAILABLE,DERIVED
v2,quarterly,true_oos,T2,H1,NG,V2_TRUE_OOS,TradingSystemLab/results/true_oos_v2/T2/H1/trades.csv,176,T2-H1-NG-000041,v2|true_oos|T2|H1|NG|TradingSystemLab/results/true_oos_v2/T2/H1/trades.csv|176|T2-H1-NG-000041,LONG,2026-01-23 22:00:00+03:00,2026-01-26 16:00:00+03:00,2026-01-23,2026-01-26,2026,1,2026,1,4,0,22,16,1.47157506967,1.47994294125,0.00836787158214,0.3946658484,2.49599482502,ATR_TRAILING_STOP,3.41049778513,3.76421806554,,2 days 18:00:00,3960,66,SOURCE,SOURCE,SOURCE,UNAVAILABLE,DERIVED
v2,quarterly,true_oos,T2,H1,NG,V2_TRUE_OOS,TradingSystemLab/results/true_oos_v2/T2/H1/trades.csv,178,T2-H1-NG-000042,v2|true_oos|T2|H1|NG|TradingSystemLab/results/true_oos_v2/T2/H1/trades.csv|178|T2-H1-NG-000042,LONG,2026-01-26 18:00:00+03:00,2026-01-26 22:00:00+03:00,2026-01-26,2026-01-26,2026,1,2026,1,0,0,18,22,1.3030549642,1.31062149779,0.00756653358973,0,3.09127623198,ATR_TRAILING_STOP,3.90190010102,4.24832597285,,0 days 04:00:00,240,4,SOURCE,SOURCE,SOURCE,UNAVAILABLE,DERIVED
v2,quarterly,true_oos,T2,H1,NG,V2_TRUE_OOS,TradingSystemLab/results/true_oos_v2/T2/H1/trades.csv,179,T2-H1-NG-000043,v2|true_oos|T2|H1|NG|TradingSystemLab/results/true_oos_v2/T2/H1/trades.csv|179|T2-H1-NG-000043,LONG,2026-01-27 17:00:00+03:00,2026-01-27 18:00:00+03:00,2026-01-27,2026-01-27,2026,1,2026,1,1,1,17,18,-1.00964101197,-1,0.00964101197306,0,0,INITIAL_STOP,4.16576593601,3.9583188334,,0 days 01:00:00,60,1,SOURCE,SOURCE,SOURCE,UNAVAILABLE,DERIVED
v2,quarterly,true_oos,T2,H1,NG,V2_TRUE_OOS,TradingSystemLab/results/true_oos_v2/T2/H1/trades.csv,182,T2-H1-NG-000044,v2|true_oos|T2|H1|NG|TradingSystemLab/results/true_oos_v2/T2/H1/trades.csv|182|T2-H1-NG-000044,LONG,2026-01-27 21:00:00+03:00,2026-02-01 11:00:00+03:00,2026-01-27,2026-02-01,2026,1,2026,2,1,6,21,11,2.89451849107,2.90054777848,0.00602928741299,0.00576421361463,3.40293669343,ATR_TRAILING_STOP,4.08545894275,5.04761170801,,4 days 14:00:00,6600,110,SOURCE,SOURCE,SOURCE,UNAVAILABLE,DERIVED
v2,quarterly,true_oos,T2,H1,NG,V2_TRUE_OOS,TradingSystemLab/results/true_oos_v2/T2/H1/trades.csv,185,T2-H1-NG-000045,v2|true_oos|T2|H1|NG|TradingSystemLab/results/true_oos_v2/T2/H1/trades.csv|185|T2-H1-NG-000045,SHORT,2026-02-11 09:00:00+03:00,2026-02-11 20:00:00+03:00,2026-02-11,2026-02-11,2026,2,2026,2,2,2,9,20,-0.762489942112,-0.748652600746,0.0138373413661,0.687625034327,0.33562650485,ATR_TRAILING_STOP,3.67968060064,3.7878881791,,0 days 11:00:00,660,11,SOURCE,SOURCE,SOURCE,UNAVAILABLE,DERIVED
v2,quarterly,true_oos,T2,H1,NG,V2_TRUE_OOS,TradingSystemLab/results/true_oos_v2/T2/H1/trades.csv,187,T2-H1-NG-000046,v2|true_oos|T2|H1|NG|TradingSystemLab/results/true_oos_v2/T2/H1/trades.csv|187|T2-H1-NG-000046,SHORT,2026-02-19 09:00:00+03:00,2026-02-19 14:00:00+03:00,2026-02-19,2026-02-19,2026,2,2026,2,3,3,9,14,-1.04049047897,-1,0.0404904789676,0.335351835941,0.479074051344,INITIAL_STOP,3.57556102095,3.62495534897,,0 days 05:00:00,300,5,SOURCE,SOURCE,SOURCE,UNAVAILABLE,DERIVED
v2,quarterly,true_oos,T2,H1,NG,V2_TRUE_OOS,TradingSystemLab/results/true_oos_v2/T2/H1/trades.csv,194,T2-H1-NG-000047,v2|true_oos|T2|H1|NG|TradingSystemLab/results/true_oos_v2/T2/H1/trades.csv|194|T2-H1-NG-000047,SHORT,2026-02-26 09:00:00+03:00,2026-02-27 14:00:00+03:00,2026-02-26,2026-02-27,2026,2,2026,2,3,4,9,14,-0.158035779575,-0.138428815003,0.0196069645729,0.105956288114,0.647510649588,ATR_TRAILING_STOP,3.43815305179,3.45227342361,,1 days 05:00:00,1740,29,SOURCE,SOURCE,SOURCE,UNAVAILABLE,DERIVED
v2,quarterly,true_oos,T2,H1,NG,V2_TRUE_OOS,TradingSystemLab/results/true_oos_v2/T2/H1/trades.csv,199,T2-H1-NG-000048,v2|true_oos|T2|H1|NG|TradingSystemLab/results/true_oos_v2/T2/H1/trades.csv|199|T2-H1-NG-000048,LONG,2026-03-04 09:00:00+03:00,2026-03-04 14:00:00+03:00,2026-03-04,2026-03-04,2026,3,2026,3,2,2,9,14,-0.694337613967,-0.671513963596,0.0228236503705,0.260382965476,0.315200431892,EMA50_TREND_LOSS,3.72156350245,3.66271980718,,0 days 05:00:00,300,5,SOURCE,SOURCE,SOURCE,UNAVAILABLE,DERIVED
v2,quarterly,true_oos,T2,H1,NG,V2_TRUE_OOS,TradingSystemLab/results/true_oos_v2/T2/H1/trades.csv,203,T2-H1-NG-000049,v2|true_oos|T2|H1|NG|TradingSystemLab/results/true_oos_v2/T2/H1/trades.csv|203|T2-H1-NG-000049,LONG,2026-03-12 22:00:00+03:00,2026-03-13 16:00:00+03:00,2026-03-12,2026-03-13,2026,3,2026,3,3,4,22,16,-0.417335458202,-0.39991981977,0.0174156384315,0.167314370722,0.815657557271,ATR_TRAILING_STOP,3.91370618085,3.86777966242,,0 days 18:00:00,1080,18,SOURCE,SOURCE,SOURCE,UNAVAILABLE,DERIVED
v2,quarterly,true_oos,T2,H1,NG,V2_TRUE_OOS,TradingSystemLab/results/true_oos_v2/T2/H1/trades.csv,205,T2-H1-NG-000050,v2|true_oos|T2|H1|NG|TradingSystemLab/results/true_oos_v2/T2/H1/trades.csv|205|T2-H1-NG-000050,SHORT,2026-03-17 18:00:00+03:00,2026-03-18 16:00:00+03:00,2026-03-17,2026-03-18,2026,3,2026,3,1,2,18,16,0.261152056446,0.28706266127,0.0259106048246,0.326716228795,1.72692863792,ATR_TRAILING_STOP,3.67953229154,3.6573743633,,0 days 22:00:00,1320,22,SOURCE,SOURCE,SOURCE,UNAVAILABLE,DERIVED
v2,quarterly,true_oos,T2,H1,NG,V2_TRUE_OOS,TradingSystemLab/results/true_oos_v2/T2/H1/trades.csv,206,T2-H1-NG-000051,v2|true_oos|T2|H1|NG|TradingSystemLab/results/true_oos_v2/T2/H1/trades.csv|206|T2-H1-NG-000051,LONG,2026-03-19 22:00:00+03:00,2026-03-19 23:00:00+03:00,2026-03-19,2026-03-19,2026,3,2026,3,3,3,22,23,-1.03014992719,-1,0.0301499271866,0,0,INITIAL_STOP,3.85125981037,3.78492465846,,0 days 01:00:00,60,1,SOURCE,SOURCE,SOURCE,UNAVAILABLE,DERIVED
v2,quarterly,true_oos,T2,H1,NG,V2_TRUE_OOS,TradingSystemLab/results/true_oos_v2/T2/H1/trades.csv,235,T2-H1-NG-000052,v2|true_oos|T2|H1|NG|TradingSystemLab/results/true_oos_v2/T2/H1/trades.csv|235|T2-H1-NG-000052,LONG,2026-05-18 19:00:00+03:00,2026-05-20 16:00:00+03:00,2026-05-18,2026-05-20,2026,5,2026,5,0,2,19,16,0.844565806663,0.886574897027,0.0420090903647,0.597311656192,2.41222015001,ATR_TRAILING_STOP,3.32059666218,3.36280537888,,1 days 21:00:00,2700,45,SOURCE,SOURCE,SOURCE,UNAVAILABLE,DERIVED
v2,quarterly,true_oos,T2,H1,NG,V2_TRUE_OOS,TradingSystemLab/results/true_oos_v2/T2/H1/trades.csv,237,T2-H1-NG-000053,v2|true_oos|T2|H1|NG|TradingSystemLab/results/true_oos_v2/T2/H1/trades.csv|237|T2-H1-NG-000053,SHORT,2026-05-25 20:00:00+03:00,2026-05-26 00:00:00+03:00,2026-05-25,2026-05-26,2026,5,2026,5,0,1,20,0,-0.725198987588,-0.687124245591,0.0380747419971,0.353973096213,0.187397521525,EMA50_TREND_LOSS,3.18497281958,3.22106626156,,0 days 04:00:00,240,4,SOURCE,SOURCE,SOURCE,UNAVAILABLE,DERIVED
v2,quarterly,true_oos,T2,H1,NG,V2_TRUE_OOS,TradingSystemLab/results/true_oos_v2/T2/H1/trades.csv,251,T2-H1-NG-000054,v2|true_oos|T2|H1|NG|TradingSystemLab/results/true_oos_v2/T2/H1/trades.csv|251|T2-H1-NG-000054,LONG,2026-06-25 21:00:00+03:00,2026-06-26 21:00:00+03:00,2026-06-25,2026-06-26,2026,6,2026,6,3,4,21,21,-0.0270798385688,-0.00787062581524,0.0192092127535,0.0702815394154,0.754431881667,ATR_TRAILING_STOP,3.46639601219,3.46557654854,,1 days 00:00:00,1440,24,SOURCE,SOURCE,SOURCE,UNAVAILABLE,DERIVED
v2,quarterly,true_oos,T2,H1,NG,V2_TRUE_OOS,TradingSystemLab/results/true_oos_v2/T2/H1/trades.csv,257,T2-H1-NG-000055,v2|true_oos|T2|H1|NG|TradingSystemLab/results/true_oos_v2/T2/H1/trades.csv|257|T2-H1-NG-000055,LONG,2026-07-07 18:00:00+03:00,2026-07-08 18:00:00+03:00,2026-07-07,2026-07-08,2026,7,2026,7,1,2,18,18,-0.238055487344,-0.21740931807,0.020646169274,0.411298771638,0.703537372539,ATR_TRAILING_STOP,3.45477482902,3.4337143296,,1 days 00:00:00,1440,24,SOURCE,SOURCE,SOURCE,UNAVAILABLE,DERIVED
v2,quarterly,true_oos,T2,H1,NG,V2_TRUE_OOS,TradingSystemLab/results/true_oos_v2/T2/H1/trades.csv,260,T2-H1-NG-000056,v2|true_oos|T2|H1|NG|TradingSystemLab/results/true_oos_v2/T2/H1/trades.csv|260|T2-H1-NG-000056,SHORT,2026-07-13 22:00:00+03:00,2026-07-14 22:00:00+03:00,2026-07-13,2026-07-14,2026,7,2026,7,0,1,22,22,-1.04747975274,-1,0.0474797527406,0.920967924475,0.647166649631,INITIAL_STOP,3.02803936456,3.07016258308,,1 days 00:00:00,1440,24,SOURCE,SOURCE,SOURCE,UNAVAILABLE,DERIVED
v2,quarterly,true_oos,T2,H1,NG,V2_TRUE_OOS,TradingSystemLab/results/true_oos_v2/T2/H1/trades.csv,265,T2-H1-NG-000057,v2|true_oos|T2|H1|NG|TradingSystemLab/results/true_oos_v2/T2/H1/trades.csv|265|T2-H1-NG-000057,SHORT,2026-07-24 09:00:00+03:00,2026-07-24 16:00:00+03:00,2026-07-24,2026-07-24,2026,7,2026,7,4,4,9,16,-1.0557075236,-1,0.0557075236036,0.379657109913,0.671701040616,INITIAL_STOP,3.045863696,3.08176548934,,0 days 07:00:00,420,7,SOURCE,SOURCE,SOURCE,UNAVAILABLE,DERIVED
v2,quarterly,true_oos,T2,H1,NG,V2_TRUE_OOS,TradingSystemLab/results/true_oos_v2/T2/H1/trades.csv,267,T2-H1-NG-000058,v2|true_oos|T2|H1|NG|TradingSystemLab/results/true_oos_v2/T2/H1/trades.csv|267|T2-H1-NG-000058,SHORT,2026-07-24 20:00:00+03:00,2026-07-27 16:00:00+03:00,2026-07-24,2026-07-27,2026,7,2026,7,4,0,20,16,1.73044809065,1.76087407206,0.0304259814072,0.0319013398221,2.64781120523,ATR_TRAILING_STOP,3.04271822574,2.92697017157,,2 days 20:00:00,4080,68,SOURCE,SOURCE,SOURCE,UNAVAILABLE,DERIVED
v2,quarterly,true_oos,T2,H1,NG,V2_TRUE_OOS,TradingSystemLab/results/true_oos_v2/T2/H1/trades.csv,278,T2-H1-NG-000059,v2|true_oos|T2|H1|NG|TradingSystemLab/results/true_oos_v2/T2/H1/trades.csv|278|T2-H1-NG-000059,LONG,2026-08-24 14:00:00+03:00,2026-08-24 20:00:00+03:00,2026-08-24,2026-08-24,2026,8,2026,8,0,0,14,20,-0.0364172491892,0.0286631241864,0.0650803733756,0,2.17839426475,ATR_TRAILING_STOP,2.86111510032,2.86199595341,,0 days 06:00:00,360,6,SOURCE,SOURCE,SOURCE,UNAVAILABLE,DERIVED
v2,quarterly,true_oos,T2,H1,NG,V2_TRUE_OOS,TradingSystemLab/results/true_oos_v2/T2/H1/trades.csv,295,T2-H1-NG-000060,v2|true_oos|T2|H1|NG|TradingSystemLab/results/true_oos_v2/T2/H1/trades.csv|295|T2-H1-NG-000060,LONG,2026-09-08 09:00:00+03:00,2026-09-08 16:00:00+03:00,2026-09-08,2026-09-08,2026,9,2026,9,1,1,9,16,-0.725567102761,-0.595624526311,0.12994257645,0.974569323376,2.79376539368,ATR_TRAILING_STOP,2.97,2.96083249628,,0 days 07:00:00,420,7,SOURCE,SOURCE,SOURCE,UNAVAILABLE,DERIVED
v2,quarterly,true_oos,T2,H1,NG,V2_TRUE_OOS,TradingSystemLab/results/true_oos_v2/T2/H1/trades.csv,296,T2-H1-NG-000061,v2|true_oos|T2|H1|NG|TradingSystemLab/results/true_oos_v2/T2/H1/trades.csv|296|T2-H1-NG-000061,SHORT,2026-09-11 19:00:00+03:00,2026-09-14 07:00:00+03:00,2026-09-11,2026-09-14,2026,9,2026,9,4,0,19,7,-1.81618667237,-1.76354358042,0.0526430919528,0.763324833316,0.236893913788,INITIAL_STOP,2.819,2.886,,2 days 12:00:00,3600,60,SOURCE,SOURCE,SOURCE,UNAVAILABLE,DERIVED
v2,quarterly,true_oos,T2,H1,Si,V2_TRUE_OOS,TradingSystemLab/results/true_oos_v2/T2/H1/trades.csv,20,T2-H1-Si-000001,v2|true_oos|T2|H1|Si|TradingSystemLab/results/true_oos_v2/T2/H1/trades.csv|20|T2-H1-Si-000001,SHORT,2025-02-24 13:00:00+03:00,2025-02-26 14:00:00+03:00,2025-02-24,2025-02-26,2025,2,2025,2,0,2,13,14,1.41013719835,1.41013873578,1.53742966122e-06,0.280144240345,2.56627115153,ATR_TRAILING_STOP,109004.154101,107169.743368,,2 days 01:00:00,2940,49,SOURCE,SOURCE,SOURCE,UNAVAILABLE,DERIVED
v2,quarterly,true_oos,T2,H1,Si,V2_TRUE_OOS,TradingSystemLab/results/true_oos_v2/T2/H1/trades.csv,35,T2-H1-Si-000002,v2|true_oos|T2|H1|Si|TradingSystemLab/results/true_oos_v2/T2/H1/trades.csv|35|T2-H1-Si-000002,SHORT,2025-04-18 17:00:00+03:00,2025-04-21 19:00:00+03:00,2025-04-18,2025-04-21,2025,4,2025,4,4,0,17,19,0.198099132129,0.198101255845,2.12371567999e-06,0.0783457104836,1.78970982386,ATR_TRAILING_STOP,98639.2585344,98452.6975388,,3 days 02:00:00,4440,74,SOURCE,SOURCE,SOURCE,UNAVAILABLE,DERIVED
v2,quarterly,true_oos,T2,H1,Si,V2_TRUE_OOS,TradingSystemLab/results/true_oos_v2/T2/H1/trades.csv,40,T2-H1-Si-000003,v2|true_oos|T2|H1|Si|TradingSystemLab/results/true_oos_v2/T2/H1/trades.csv|40|T2-H1-Si-000003,SHORT,2025-04-29 14:00:00+03:00,2025-05-01 00:00:00+03:00,2025-04-29,2025-05-01,2025,4,2025,5,1,3,14,0,0.0862166084021,0.0862190388422,2.4304400902e-06,0.799944587562,1.28747649032,ATR_TRAILING_STOP,97530.2268765,97459.2775541,,1 days 10:00:00,2040,34,SOURCE,SOURCE,SOURCE,UNAVAILABLE,DERIVED
v2,quarterly,true_oos,T2,H1,Si,V2_TRUE_OOS,TradingSystemLab/results/true_oos_v2/T2/H1/trades.csv,43,T2-H1-Si-000004,v2|true_oos|T2|H1|Si|TradingSystemLab/results/true_oos_v2/T2/H1/trades.csv|43|T2-H1-Si-000004,SHORT,2025-05-07 18:00:00+03:00,2025-05-07 20:00:00+03:00,2025-05-07,2025-05-07,2025,5,2025,5,2,2,18,20,-1.00000483765,-1,4.8376494762e-06,0.373661257855,0.404334943201,INITIAL_STOP,96476.5315176,96889.9554355,,0 days 02:00:00,120,2,SOURCE,SOURCE,SOURCE,UNAVAILABLE,DERIVED
v2,quarterly,true_oos,T2,H1,Si,V2_TRUE_OOS,TradingSystemLab/results/true_oos_v2/T2/H1/trades.csv,47,T2-H1-Si-000005,v2|true_oos|T2|H1|Si|TradingSystemLab/results/true_oos_v2/T2/H1/trades.csv|47|T2-H1-Si-000005,SHORT,2025-05-15 12:00:00+03:00,2025-05-16 12:00:00+03:00,2025-05-15,2025-05-16,2025,5,2025,5,3,4,12,12,-0.738449131412,-0.738445206879,3.92453295072e-06,0.389094688651,0.622099066157,ATR_TRAILING_STOP,95022.800831,95399.1234233,,1 days 00:00:00,1440,24,SOURCE,SOURCE,SOURCE,UNAVAILABLE,DERIVED
v2,quarterly,true_oos,T2,H1,Si,V2_TRUE_OOS,TradingSystemLab/results/true_oos_v2/T2/H1/trades.csv,52,T2-H1-Si-000006,v2|true_oos|T2|H1|Si|TradingSystemLab/results/true_oos_v2/T2/H1/trades.csv|52|T2-H1-Si-000006,SHORT,2025-05-30 12:00:00+03:00,2025-05-30 17:00:00+03:00,2025-05-30,2025-05-30,2025,5,2025,5,4,4,12,17,-1.00000381734,-1,3.81733755614e-06,0.497287886103,0.635912385327,INITIAL_STOP,91505.4873298,92029.412702,,0 days 05:00:00,300,5,SOURCE,SOURCE,SOURCE,UNAVAILABLE,DERIVED
v2,quarterly,true_oos,T2,H1,Si,V2_TRUE_OOS,TradingSystemLab/results/true_oos_v2/T2/H1/trades.csv,56,T2-H1-Si-000007,v2|true_oos|T2|H1|Si|TradingSystemLab/results/true_oos_v2/T2/H1/trades.csv|56|T2-H1-Si-000007,SHORT,2025-06-09 17:00:00+03:00,2025-06-11 10:00:00+03:00,2025-06-09,2025-06-11,2025,6,2025,6,0,2,17,10,4.47186685848,4.47187440371,7.54522486603e-06,0.200063975643,7.6981138454,ATR_TRAILING_STOP,91986.2214268,90800.8692383,,1 days 17:00:00,2460,41,SOURCE,SOURCE,SOURCE,UNAVAILABLE,DERIVED
v2,quarterly,true_oos,T2,H1,Si,V2_TRUE_OOS,TradingSystemLab/results/true_oos_v2/T2/H1/trades.csv,63,T2-H1-Si-000008,v2|true_oos|T2|H1|Si|TradingSystemLab/results/true_oos_v2/T2/H1/trades.csv|63|T2-H1-Si-000008,SHORT,2025-06-23 15:00:00+03:00,2025-06-24 11:00:00+03:00,2025-06-23,2025-06-24,2025,6,2025,6,0,1,15,11,-0.608795693026,-0.608788633148,7.05987772827e-06,0.501928253306,0.911192829079,ATR_TRAILING_STOP,90050.0476222,90222.5119783,,0 days 20:00:00,1200,20,SOURCE,SOURCE,SOURCE,UNAVAILABLE,DERIVED
v2,quarterly,true_oos,T2,H1,Si,V2_TRUE_OOS,TradingSystemLab/results/true_oos_v2/T2/H1/trades.csv,66,T2-H1-Si-000009,v2|true_oos|T2|H1|Si|TradingSystemLab/results/true_oos_v2/T2/H1/trades.csv|66|T2-H1-Si-000009,SHORT,2025-06-24 15:00:00+03:00,2025-06-26 14:00:00+03:00,2025-06-24,2025-06-26,2025,6,2025,6,1,3,15,14,1.42938858102,1.42939599605,7.41502686073e-06,0.539343538829,3.26444773502,ATR_TRAILING_STOP,90130.9875526,89745.4472105,,1 days 23:00:00,2820,47,SOURCE,SOURCE,SOURCE,UNAVAILABLE,DERIVED
v2,quarterly,true_oos,T2,H1,Si,V2_TRUE_OOS,TradingSystemLab/results/true_oos_v2/T2/H1/trades.csv,70,T2-H1-Si-000010,v2|true_oos|T2|H1|Si|TradingSystemLab/results/true_oos_v2/T2/H1/trades.csv|70|T2-H1-Si-000010,SHORT,2025-07-11 13:00:00+03:00,2025-07-11 17:00:00+03:00,2025-07-11,2025-07-11,2025,7,2025,7,4,4,13,17,-1.0000073104,-1,7.31039663212e-06,0.871562518307,0.259869558211,INITIAL_STOP,88423.5925358,88697.1755027,,0 days 04:00:00,240,4,SOURCE,SOURCE,SOURCE,UNAVAILABLE,DERIVED
v2,quarterly,true_oos,T2,H1,Si,V2_TRUE_OOS,TradingSystemLab/results/true_oos_v2/T2/H1/trades.csv,73,T2-H1-Si-000011,v2|true_oos|T2|H1|Si|TradingSystemLab/results/true_oos_v2/T2/H1/trades.csv|73|T2-H1-Si-000011,SHORT,2025-07-14 20:00:00+03:00,2025-07-17 11:00:00+03:00,2025-07-14,2025-07-17,2025,7,2025,7,0,3,20,11,0.247920676457,0.24792437299,3.69653330919e-06,0.420493289789,0.946109902026,ATR_TRAILING_STOP,88564.6905224,88430.5516673,,2 days 15:00:00,3780,63,SOURCE,SOURCE,SOURCE,UNAVAILABLE,DERIVED
v2,quarterly,true_oos,T2,H1,Si,V2_TRUE_OOS,TradingSystemLab/results/true_oos_v2/T2/H1/trades.csv,75,T2-H1-Si-000012,v2|true_oos|T2|H1|Si|TradingSystemLab/results/true_oos_v2/T2/H1/trades.csv|75|T2-H1-Si-000012,SHORT,2025-07-17 15:00:00+03:00,2025-07-18 14:00:00+03:00,2025-07-17,2025-07-18,2025,7,2025,7,3,4,15,14,-0.21395189189,-0.213945344054,6.54783525218e-06,0.193371566029,1.07786743287,ATR_TRAILING_STOP,88281.4007663,88346.7491863,,0 days 23:00:00,1380,23,SOURCE,SOURCE,SOURCE,UNAVAILABLE,DERIVED
v2,quarterly,true_oos,T2,H1,Si,V2_TRUE_OOS,TradingSystemLab/results/true_oos_v2/T2/H1/trades.csv,78,T2-H1-Si-000013,v2|true_oos|T2|H1|Si|TradingSystemLab/results/true_oos_v2/T2/H1/trades.csv|78|T2-H1-Si-000013,LONG,2025-07-25 17:00:00+03:00,2025-07-28 10:00:00+03:00,2025-07-25,2025-07-28,2025,7,2025,7,4,0,17,10,-1.00000492968,-1,4.92968001188e-06,0.789927914288,0.0269599970747,INITIAL_STOP,89190.3343082,88784.6284621,,2 days 17:00:00,3900,65,SOURCE,SOURCE,SOURCE,UNAVAILABLE,DERIVED
v2,quarterly,true_oos,T2,H1,Si,V2_TRUE_OOS,TradingSystemLab/results/true_oos_v2/T2/H1/trades.csv,83,T2-H1-Si-000014,v2|true_oos|T2|H1|Si|TradingSystemLab/results/true_oos_v2/T2/H1/trades.csv|83|T2-H1-Si-000014,SHORT,2025-08-05 18:00:00+03:00,2025-08-06 12:00:00+03:00,2025-08-05,2025-08-06,2025,8,2025,8,1,2,18,12,-1.00000619304,-1,6.19303942318e-06,0.934789956246,0.636740984689,INITIAL_STOP,88699.225812,89022.169017,,0 days 18:00:00,1080,18,SOURCE,SOURCE,SOURCE,UNAVAILABLE,DERIVED
v2,quarterly,true_oos,T2,H1,Si,V2_TRUE_OOS,TradingSystemLab/results/true_oos_v2/T2/H1/trades.csv,116,T2-H1-Si-000015,v2|true_oos|T2|H1|Si|TradingSystemLab/results/true_oos_v2/T2/H1/trades.csv|116|T2-H1-Si-000015,SHORT,2025-10-08 14:00:00+03:00,2025-10-09 13:00:00+03:00,2025-10-08,2025-10-09,2025,10,2025,10,2,3,14,13,-0.568449771041,-0.568445752778,4.01826221971e-06,0.760314766579,1.13310067706,ATR_TRAILING_STOP,87415.1507325,87698.0818712,,0 days 23:00:00,1380,23,SOURCE,SOURCE,SOURCE,UNAVAILABLE,DERIVED
v2,quarterly,true_oos,T2,H1,Si,V2_TRUE_OOS,TradingSystemLab/results/true_oos_v2/T2/H1/trades.csv,125,T2-H1-Si-000016,v2|true_oos|T2|H1|Si|TradingSystemLab/results/true_oos_v2/T2/H1/trades.csv|125|T2-H1-Si-000016,SHORT,2025-10-28 14:00:00+03:00,2025-10-29 14:00:00+03:00,2025-10-28,2025-10-29,2025,10,2025,10,1,2,14,14,-0.564321502685,-0.564319385402,2.11728363551e-06,0.448340895858,0.29408499357,ATR_TRAILING_STOP,84727.3568211,85260.4166114,,1 days 00:00:00,1440,24,SOURCE,SOURCE,SOURCE,UNAVAILABLE,DERIVED
v2,quarterly,true_oos,T2,H1,Si,V2_TRUE_OOS,TradingSystemLab/results/true_oos_v2/T2/H1/trades.csv,133,T2-H1-Si-000017,v2|true_oos|T2|H1|Si|TradingSystemLab/results/true_oos_v2/T2/H1/trades.csv|133|T2-H1-Si-000017,SHORT,2025-11-13 21:00:00+03:00,2025-11-14 10:00:00+03:00,2025-11-13,2025-11-14,2025,11,2025,11,3,4,21,10,-1.00001076204,-1,1.0762042639e-05,0.82920133461,0.253837143248,INITIAL_STOP,85463.2504739,85649.088801,,0 days 13:00:00,780,13,SOURCE,SOURCE,SOURCE,UNAVAILABLE,DERIVED
v2,quarterly,true_oos,T2,H1,Si,V2_TRUE_OOS,TradingSystemLab/results/true_oos_v2/T2/H1/trades.csv,135,T2-H1-Si-000018,v2|true_oos|T2|H1|Si|TradingSystemLab/results/true_oos_v2/T2/H1/trades.csv|135|T2-H1-Si-000018,SHORT,2025-11-14 15:00:00+03:00,2025-11-17 09:00:00+03:00,2025-11-14,2025-11-17,2025,11,2025,11,4,0,15,9,-0.269762679173,-0.269759105082,3.57409153415e-06,0.335325554234,0.172346094913,EMA50_TREND_LOSS,85682.3413193,85833.2938634,,2 days 18:00:00,3960,66,SOURCE,SOURCE,SOURCE,UNAVAILABLE,DERIVED
v2,quarterly,true_oos,T2,H1,Si,V2_TRUE_OOS,TradingSystemLab/results/true_oos_v2/T2/H1/trades.csv,140,T2-H1-Si-000019,v2|true_oos|T2|H1|Si|TradingSystemLab/results/true_oos_v2/T2/H1/trades.csv|140|T2-H1-Si-000019,SHORT,2025-11-20 12:00:00+03:00,2025-11-25 11:00:00+03:00,2025-11-20,2025-11-25,2025,11,2025,11,3,1,12,11,5.88657923476,5.88658539803,6.16327365283e-06,0.0484563457441,7.90484520239,ATR_TRAILING_STOP,85185.4558614,83275.2419946,,4 days 23:00:00,7140,119,SOURCE,SOURCE,SOURCE,UNAVAILABLE,DERIVED
v2,quarterly,true_oos,T2,H1,Si,V2_TRUE_OOS,TradingSystemLab/results/true_oos_v2/T2/H1/trades.csv,143,T2-H1-Si-000020,v2|true_oos|T2|H1|Si|TradingSystemLab/results/true_oos_v2/T2/H1/trades.csv|143|T2-H1-Si-000020,SHORT,2025-11-25 18:00:00+03:00,2025-11-28 10:00:00+03:00,2025-11-25,2025-11-28,2025,11,2025,11,1,4,18,10,0.313052429945,0.313054776772,2.34682661301e-06,0.291526004043,0.893029025044,ATR_TRAILING_STOP,82935.8436407,82669.0537764,,2 days 16:00:00,3840,64,SOURCE,SOURCE,SOURCE,UNAVAILABLE,DERIVED
v2,quarterly,true_oos,T2,H1,Si,V2_TRUE_OOS,TradingSystemLab/results/true_oos_v2/T2/H1/trades.csv,148,T2-H1-Si-000021,v2|true_oos|T2|H1|Si|TradingSystemLab/results/true_oos_v2/T2/H1/trades.csv|148|T2-H1-Si-000021,SHORT,2025-12-04 17:00:00+03:00,2025-12-05 11:00:00+03:00,2025-12-04,2025-12-05,2025,12,2025,12,3,4,17,11,0.437604617876,0.437606872713,2.25483648319e-06,0.127639988931,1.51513394268,ATR_TRAILING_STOP,80149.5112629,79761.3617222,,0 days 18:00:00,1080,18,SOURCE,SOURCE,SOURCE,UNAVAILABLE,DERIVED
v2,quarterly,true_oos,T2,H1,Si,V2_TRUE_OOS,TradingSystemLab/results/true_oos_v2/T2/H1/trades.csv,152,T2-H1-Si-000022,v2|true_oos|T2|H1|Si|TradingSystemLab/results/true_oos_v2/T2/H1/trades.csv|152|T2-H1-Si-000022,LONG,2025-12-12 12:00:00+03:00,2025-12-12 19:00:00+03:00,2025-12-12,2025-12-12,2025,12,2025,12,4,4,12,19,-0.814900020045,-0.814897689078,2.33096714358e-06,0.697622066719,0.179597975145,ATR_TRAILING_STOP,83600.4541476,82901.2613758,,0 days 07:00:00,420,7,SOURCE,SOURCE,SOURCE,UNAVAILABLE,DERIVED
v2,quarterly,true_oos,T2,H1,Si,V2_TRUE_OOS,TradingSystemLab/results/true_oos_v2/T2/H1/trades.csv,156,T2-H1-Si-000023,v2|true_oos|T2|H1|Si|TradingSystemLab/results/true_oos_v2/T2/H1/trades.csv|156|T2-H1-Si-000023,LONG,2025-12-15 20:00:00+03:00,2025-12-18 12:00:00+03:00,2025-12-15,2025-12-18,2025,12,2025,12,0,3,20,12,0.657497979909,0.657500892644,2.91273529823e-06,0.786241923375,1.58469731352,ATR_TRAILING_STOP,83597.309303,84048.7755883,,2 days 16:00:00,3840,64,SOURCE,SOURCE,SOURCE,UNAVAILABLE,DERIVED
v2,quarterly,true_oos,T2,H1,Si,V2_TRUE_OOS,TradingSystemLab/results/true_oos_v2/T2/H1/trades.csv,161,T2-H1-Si-000024,v2|true_oos|T2|H1|Si|TradingSystemLab/results/true_oos_v2/T2/H1/trades.csv|161|T2-H1-Si-000024,SHORT,2025-12-24 21:00:00+03:00,2025-12-26 11:00:00+03:00,2025-12-24,2025-12-26,2025,12,2025,12,2,4,21,11,1.5855419237,1.5855479299,6.00619064052e-06,0.220895227355,3.74311501695,ATR_TRAILING_STOP,80837.8785797,80309.9073498,,1 days 14:00:00,2280,38,SOURCE,SOURCE,SOURCE,UNAVAILABLE,DERIVED
v2,quarterly,true_oos,T2,H1,Si,V2_TRUE_OOS,TradingSystemLab/results/true_oos_v2/T2/H1/trades.csv,164,T2-H1-Si-000025,v2|true_oos|T2|H1|Si|TradingSystemLab/results/true_oos_v2/T2/H1/trades.csv|164|T2-H1-Si-000025,SHORT,2025-12-26 13:00:00+03:00,2025-12-29 11:00:00+03:00,2025-12-26,2025-12-29,2025,12,2025,12,4,0,13,11,-0.214176500845,-0.214174147171,2.35367379453e-06,0.271547690801,0.605942663752,ATR_TRAILING_STOP,79847.3936477,80029.3850075,,2 days 22:00:00,4200,70,SOURCE,SOURCE,SOURCE,UNAVAILABLE,DERIVED
v2,quarterly,true_oos,T2,H1,Si,V2_TRUE_OOS,TradingSystemLab/results/true_oos_v2/T2/H1/trades.csv,171,T2-H1-Si-000026,v2|true_oos|T2|H1|Si|TradingSystemLab/results/true_oos_v2/T2/H1/trades.csv|171|T2-H1-Si-000026,SHORT,2026-01-15 18:00:00+03:00,2026-01-16 18:00:00+03:00,2026-01-15,2026-01-16,2026,1,2026,1,3,4,18,18,-0.219006375403,-0.219003291859,3.08354463939e-06,0.132048516136,0.823361335908,ATR_TRAILING_STOP,80080.1525686,80222.1990233,,1 days 00:00:00,1440,24,SOURCE,SOURCE,SOURCE,UNAVAILABLE,DERIVED
v2,quarterly,true_oos,T2,H1,Si,V2_TRUE_OOS,TradingSystemLab/results/true_oos_v2/T2/H1/trades.csv,189,T2-H1-Si-000027,v2|true_oos|T2|H1|Si|TradingSystemLab/results/true_oos_v2/T2/H1/trades.csv|189|T2-H1-Si-000027,SHORT,2026-02-19 17:00:00+03:00,2026-02-20 12:00:00+03:00,2026-02-19,2026-02-20,2026,2,2026,2,3,4,17,12,-0.665132464892,-0.665128052549,4.41234295862e-06,0.46460075079,0.411249468403,ATR_TRAILING_STOP,76871.908394,77173.3935953,,0 days 19:00:00,1140,19,SOURCE,SOURCE,SOURCE,UNAVAILABLE,DERIVED
v2,quarterly,true_oos,T2,H1,Si,V2_TRUE_OOS,TradingSystemLab/results/true_oos_v2/T2/H1/trades.csv,202,T2-H1-Si-000028,v2|true_oos|T2|H1|Si|TradingSystemLab/results/true_oos_v2/T2/H1/trades.csv|202|T2-H1-Si-000028,LONG,2026-03-10 12:00:00+03:00,2026-03-12 13:00:00+03:00,2026-03-10,2026-03-12,2026,3,2026,3,1,3,12,13,-0.0871992708705,-0.0871961240633,3.14680717331e-06,0.397931402544,0.645251318069,EMA50_TREND_LOSS,79301.2666556,79245.8478649,,2 days 01:00:00,2940,49,SOURCE,SOURCE,SOURCE,UNAVAILABLE,DERIVED
v2,quarterly,true_oos,T2,H1,Si,V2_TRUE_OOS,TradingSystemLab/results/true_oos_v2/T2/H1/trades.csv,215,T2-H1-Si-000029,v2|true_oos|T2|H1|Si|TradingSystemLab/results/true_oos_v2/T2/H1/trades.csv|215|T2-H1-Si-000029,SHORT,2026-04-06 20:00:00+03:00,2026-04-07 15:00:00+03:00,2026-04-06,2026-04-07,2026,4,2026,4,0,1,20,15,-0.805048299173,-0.805043985891,4.31328171081e-06,0.708592507235,0.759522593693,ATR_TRAILING_STOP,81784.4781002,82157.7641687,,0 days 19:00:00,1140,19,SOURCE,SOURCE,SOURCE,UNAVAILABLE,DERIVED
v2,quarterly,true_oos,T2,H1,Si,V2_TRUE_OOS,TradingSystemLab/results/true_oos_v2/T2/H1/trades.csv,217,T2-H1-Si-000030,v2|true_oos|T2|H1|Si|TradingSystemLab/results/true_oos_v2/T2/H1/trades.csv|217|T2-H1-Si-000030,SHORT,2026-04-07 17:00:00+03:00,2026-04-13 18:00:00+03:00,2026-04-07,2026-04-13,2026,4,2026,4,1,0,17,18,3.04148291929,3.04148601427,3.09498052047e-06,0.692760572961,4.11366312706,ATR_TRAILING_STOP,81485.6910724,79520.25963,,6 days 01:00:00,8700,145,SOURCE,SOURCE,SOURCE,UNAVAILABLE,DERIVED
v2,quarterly,true_oos,T2,H1,Si,V2_TRUE_OOS,TradingSystemLab/results/true_oos_v2/T2/H1/trades.csv,223,T2-H1-Si-000031,v2|true_oos|T2|H1|Si|TradingSystemLab/results/true_oos_v2/T2/H1/trades.csv|223|T2-H1-Si-000031,SHORT,2026-04-22 17:00:00+03:00,2026-04-23 15:00:00+03:00,2026-04-22,2026-04-23,2026,4,2026,4,2,3,17,15,-0.487876099705,-0.487871595851,4.50385422284e-06,0.490183783509,0.504056909457,EMA50_TREND_LOSS,77754.4468831,77971.0931472,,0 days 22:00:00,1320,22,SOURCE,SOURCE,SOURCE,UNAVAILABLE,DERIVED
v2,quarterly,true_oos,T2,H1,Si,V2_TRUE_OOS,TradingSystemLab/results/true_oos_v2/T2/H1/trades.csv,227,T2-H1-Si-000032,v2|true_oos|T2|H1|Si|TradingSystemLab/results/true_oos_v2/T2/H1/trades.csv|227|T2-H1-Si-000032,SHORT,2026-04-29 13:00:00+03:00,2026-04-30 10:00:00+03:00,2026-04-29,2026-04-30,2026,4,2026,4,2,3,13,10,-0.710450050785,-0.710445381357,4.6694275757e-06,0.484232313006,0.570531141066,ATR_TRAILING_STOP,77600.4329512,77904.7295142,,0 days 21:00:00,1260,21,SOURCE,SOURCE,SOURCE,UNAVAILABLE,DERIVED
v2,quarterly,true_oos,T2,H1,Si,V2_TRUE_OOS,TradingSystemLab/results/true_oos_v2/T2/H1/trades.csv,232,T2-H1-Si-000033,v2|true_oos|T2|H1|Si|TradingSystemLab/results/true_oos_v2/T2/H1/trades.csv|232|T2-H1-Si-000033,SHORT,2026-05-12 20:00:00+03:00,2026-05-13 16:00:00+03:00,2026-05-12,2026-05-13,2026,5,2026,5,1,2,20,16,0.508664355154,0.508668641818,4.28666379836e-06,0.134241875723,1.64831417896,ATR_TRAILING_STOP,76555.1917336,76317.8656144,,0 days 20:00:00,1200,20,SOURCE,SOURCE,SOURCE,UNAVAILABLE,DERIVED
v2,quarterly,true_oos,T2,H1,Si,V2_TRUE_OOS,TradingSystemLab/results/true_oos_v2/T2/H1/trades.csv,234,T2-H1-Si-000034,v2|true_oos|T2|H1|Si|TradingSystemLab/results/true_oos_v2/T2/H1/trades.csv|234|T2-H1-Si-000034,SHORT,2026-05-13 19:00:00+03:00,2026-05-20 11:00:00+03:00,2026-05-13,2026-05-20,2026,5,2026,5,2,2,19,11,12.8936279959,12.8936360961,8.10018270296e-06,0.449114755294,15.461191298,ATR_TRAILING_STOP,76255.3779462,73071.835903,,6 days 16:00:00,9600,160,SOURCE,SOURCE,SOURCE,UNAVAILABLE,DERIVED
v2,quarterly,true_oos,T2,H1,Si,V2_TRUE_OOS,TradingSystemLab/results/true_oos_v2/T2/H1/trades.csv,246,T2-H1-Si-000035,v2|true_oos|T2|H1|Si|TradingSystemLab/results/true_oos_v2/T2/H1/trades.csv|246|T2-H1-Si-000035,SHORT,2026-06-10 14:00:00+03:00,2026-06-15 09:00:00+03:00,2026-06-10,2026-06-15,2026,6,2026,6,2,0,14,9,-1.00181638526,-1.0018126612,3.72405833773e-06,0.889013144002,0.455021781231,ATR_TRAILING_STOP,74244.9827556,74783.0047576,,4 days 19:00:00,6900,115,SOURCE,SOURCE,SOURCE,UNAVAILABLE,DERIVED
v2,quarterly,true_oos,T2,H1,Si,V2_TRUE_OOS,TradingSystemLab/results/true_oos_v2/T2/H1/trades.csv,247,T2-H1-Si-000036,v2|true_oos|T2|H1|Si|TradingSystemLab/results/true_oos_v2/T2/H1/trades.csv|247|T2-H1-Si-000036,SHORT,2026-06-15 15:00:00+03:00,2026-06-16 11:00:00+03:00,2026-06-15,2026-06-16,2026,6,2026,6,0,1,15,11,-0.241990215575,-0.24198543574,4.7798351068e-06,0.115331921095,1.02571793654,ATR_TRAILING_STOP,74390.7826111,74492.0352402,,0 days 20:00:00,1200,20,SOURCE,SOURCE,SOURCE,UNAVAILABLE,DERIVED
v2,quarterly,true_oos,T2,H1,Si,V2_TRUE_OOS,TradingSystemLab/results/true_oos_v2/T2/H1/trades.csv,249,T2-H1-Si-000037,v2|true_oos|T2|H1|Si|TradingSystemLab/results/true_oos_v2/T2/H1/trades.csv|249|T2-H1-Si-000037,LONG,2026-06-22 14:00:00+03:00,2026-06-23 12:00:00+03:00,2026-06-22,2026-06-23,2026,6,2026,6,0,1,14,12,0.604777428024,0.604780071173,2.64314862736e-06,0.259028565482,1.62685798014,ATR_TRAILING_STOP,75681,76138.6209335,,0 days 22:00:00,1320,22,SOURCE,SOURCE,SOURCE,UNAVAILABLE,DERIVED
v2,quarterly,true_oos,T2,H1,Si,V2_TRUE_OOS,TradingSystemLab/results/true_oos_v2/T2/H1/trades.csv,253,T2-H1-Si-000038,v2|true_oos|T2|H1|Si|TradingSystemLab/results/true_oos_v2/T2/H1/trades.csv|253|T2-H1-Si-000038,LONG,2026-06-29 15:00:00+03:00,2026-06-29 18:00:00+03:00,2026-06-29,2026-06-29,2026,6,2026,6,0,0,15,18,-1.00000271985,-1,2.71984788058e-06,0.726199384116,0.176790112238,INITIAL_STOP,79534,78798.6647578,,0 days 03:00:00,180,3,SOURCE,SOURCE,SOURCE,UNAVAILABLE,DERIVED
v2,quarterly,true_oos,T2,H1,Si,V2_TRUE_OOS,TradingSystemLab/results/true_oos_v2/T2/H1/trades.csv,266,T2-H1-Si-000039,v2|true_oos|T2|H1|Si|TradingSystemLab/results/true_oos_v2/T2/H1/trades.csv|266|T2-H1-Si-000039,SHORT,2026-07-27 14:00:00+03:00,2026-07-27 15:00:00+03:00,2026-07-27,2026-07-27,2026,7,2026,7,0,0,14,15,-0.425520225943,-0.425514839679,5.3862637934e-06,0,0,EMA50_TREND_LOSS,78786,78944,,0 days 01:00:00,60,1,SOURCE,SOURCE,SOURCE,UNAVAILABLE,DERIVED
v2,quarterly,true_oos,T2,H1,Si,V2_TRUE_OOS,TradingSystemLab/results/true_oos_v2/T2/H1/trades.csv,271,T2-H1-Si-000040,v2|true_oos|T2|H1|Si|TradingSystemLab/results/true_oos_v2/T2/H1/trades.csv|271|T2-H1-Si-000040,LONG,2026-08-10 13:00:00+03:00,2026-08-10 19:00:00+03:00,2026-08-10,2026-08-10,2026,8,2026,8,0,0,13,19,-0.904564951909,-0.904561438747,3.51316254605e-06,0.465494037351,0.316184629144,ATR_TRAILING_STOP,83448,82933.0443571,,0 days 06:00:00,360,6,SOURCE,SOURCE,SOURCE,UNAVAILABLE,DERIVED
v2,quarterly,true_oos,T2,H1,Si,V2_TRUE_OOS,TradingSystemLab/results/true_oos_v2/T2/H1/trades.csv,275,T2-H1-Si-000041,v2|true_oos|T2|H1|Si|TradingSystemLab/results/true_oos_v2/T2/H1/trades.csv|275|T2-H1-Si-000041,LONG,2026-08-14 20:00:00+03:00,2026-08-18 00:00:00+03:00,2026-08-14,2026-08-18,2026,8,2026,8,4,1,20,0,0.689235439458,0.689239143628,3.70416984532e-06,0.26484814394,1.90949955526,ATR_TRAILING_STOP,85003,85375.1423004,,3 days 04:00:00,4560,76,SOURCE,SOURCE,SOURCE,UNAVAILABLE,DERIVED
v2,quarterly,true_oos,T2,H1,Si,V2_TRUE_OOS,TradingSystemLab/results/true_oos_v2/T2/H1/trades.csv,284,T2-H1-Si-000042,v2|true_oos|T2|H1|Si|TradingSystemLab/results/true_oos_v2/T2/H1/trades.csv|284|T2-H1-Si-000042,LONG,2026-08-26 13:00:00+03:00,2026-08-28 10:00:00+03:00,2026-08-26,2026-08-28,2026,8,2026,8,2,4,13,10,4.30231597277,4.3023216491,5.67633393551e-06,0.00851450090327,6.37168484261,ATR_TRAILING_STOP,84777,86292.8803897,,1 days 21:00:00,2700,45,SOURCE,SOURCE,SOURCE,UNAVAILABLE,DERIVED
v2,quarterly,true_oos,T2,H1,Si,V2_TRUE_OOS,TradingSystemLab/results/true_oos_v2/T2/H1/trades.csv,286,T2-H1-Si-000043,v2|true_oos|T2|H1|Si|TradingSystemLab/results/true_oos_v2/T2/H1/trades.csv|286|T2-H1-Si-000043,LONG,2026-08-28 17:00:00+03:00,2026-08-31 08:00:00+03:00,2026-08-28,2026-08-31,2026,8,2026,8,4,0,17,8,0.717946345784,0.717949554114,3.20832976518e-06,0.105874882251,1.28012357631,ATR_TRAILING_STOP,86530,86977.5534665,,2 days 15:00:00,3780,63,SOURCE,SOURCE,SOURCE,UNAVAILABLE,DERIVED
v2,quarterly,true_oos,T2,H1,Si,V2_TRUE_OOS,TradingSystemLab/results/true_oos_v2/T2/H1/trades.csv,293,T2-H1-Si-000044,v2|true_oos|T2|H1|Si|TradingSystemLab/results/true_oos_v2/T2/H1/trades.csv|293|T2-H1-Si-000044,LONG,2026-09-08 13:00:00+03:00,2026-09-08 14:00:00+03:00,2026-09-08,2026-09-08,2026,9,2026,9,1,1,13,14,-1.00000512736,-1,5.12736355243e-06,0,0,INITIAL_STOP,86780,86389.9359877,,0 days 01:00:00,60,1,SOURCE,SOURCE,SOURCE,UNAVAILABLE,DERIVED
v2,quarterly,true_oos,T2,M30,BR,V2_TRUE_OOS,TradingSystemLab/results/true_oos_v2/T2/M30/trades.csv,7,T2-M30-BR-000001,v2|true_oos|T2|M30|BR|TradingSystemLab/results/true_oos_v2/T2/M30/trades.csv|7|T2-M30-BR-000001,SHORT,2025-01-21 21:00:00+03:00,2025-01-22 12:30:00+03:00,2025-01-21,2025-01-22,2025,1,2025,1,1,2,21,12,-1.0024834057,-0.997117565685,0.00536584001744,0.826216705495,0.525774267133,ATR_TRAILING_STOP,55.2847926165,55.6564464722,,0 days 15:30:00,930,15.5,SOURCE,SOURCE,SOURCE,UNAVAILABLE,DERIVED
v2,quarterly,true_oos,T2,M30,BR,V2_TRUE_OOS,TradingSystemLab/results/true_oos_v2/T2/M30/trades.csv,34,T2-M30-BR-000002,v2|true_oos|T2|M30|BR|TradingSystemLab/results/true_oos_v2/T2/M30/trades.csv|34|T2-M30-BR-000002,SHORT,2025-02-24 16:30:00+03:00,2025-02-24 17:30:00+03:00,2025-02-24,2025-02-24,2025,2,2025,2,0,0,16,17,-1.01050964863,-1,0.0105096486273,0.518544257323,0.185194377616,INITIAL_STOP,52.4482373373,52.6385386566,,0 days 01:00:00,60,1,SOURCE,SOURCE,SOURCE,UNAVAILABLE,DERIVED
v2,quarterly,true_oos,T2,M30,BR,V2_TRUE_OOS,TradingSystemLab/results/true_oos_v2/T2/M30/trades.csv,38,T2-M30-BR-000003,v2|true_oos|T2|M30|BR|TradingSystemLab/results/true_oos_v2/T2/M30/trades.csv|38|T2-M30-BR-000003,SHORT,2025-02-26 19:00:00+03:00,2025-02-27 13:00:00+03:00,2025-02-26,2025-02-27,2025,2,2025,2,2,3,19,13,-0.851065110644,-0.846371608958,0.00469350168594,0.876682716667,0.1984942,ATR_TRAILING_STOP,51.1865474457,51.5472042284,,0 days 18:00:00,1080,18,SOURCE,SOURCE,SOURCE,UNAVAILABLE,DERIVED
v2,quarterly,true_oos,T2,M30,BR,V2_TRUE_OOS,TradingSystemLab/results/true_oos_v2/T2/M30/trades.csv,45,T2-M30-BR-000004,v2|true_oos|T2|M30|BR|TradingSystemLab/results/true_oos_v2/T2/M30/trades.csv|45|T2-M30-BR-000004,SHORT,2025-03-13 20:00:00+03:00,2025-03-14 09:30:00+03:00,2025-03-13,2025-03-14,2025,3,2025,3,3,4,20,9,-0.674075681765,-0.669250778839,0.00482490292616,0.493731252321,0.442655605529,ATR_TRAILING_STOP,49.4640982202,49.7415134507,,0 days 13:30:00,810,13.5,SOURCE,SOURCE,SOURCE,UNAVAILABLE,DERIVED
v2,quarterly,true_oos,T2,M30,BR,V2_TRUE_OOS,TradingSystemLab/results/true_oos_v2/T2/M30/trades.csv,54,T2-M30-BR-000005,v2|true_oos|T2|M30|BR|TradingSystemLab/results/true_oos_v2/T2/M30/trades.csv|54|T2-M30-BR-000005,LONG,2025-03-25 22:30:00+03:00,2025-03-26 21:00:00+03:00,2025-03-25,2025-03-26,2025,3,2025,3,1,2,22,21,1.50356467044,1.51306548554,0.0095008151024,0.134098801939,3.48656885043,ATR_TRAILING_STOP,51.5671516186,51.8856643924,,0 days 22:30:00,1350,22.5,SOURCE,SOURCE,SOURCE,UNAVAILABLE,DERIVED
v2,quarterly,true_oos,T2,M30,BR,V2_TRUE_OOS,TradingSystemLab/results/true_oos_v2/T2/M30/trades.csv,59,T2-M30-BR-000006,v2|true_oos|T2|M30|BR|TradingSystemLab/results/true_oos_v2/T2/M30/trades.csv|59|T2-M30-BR-000006,LONG,2025-03-31 17:30:00+03:00,2025-04-01 14:00:00+03:00,2025-03-31,2025-04-01,2025,3,2025,4,0,1,17,14,0.827233782645,0.833099383604,0.0058656009585,0,1.44882054039,ATR_TRAILING_STOP,52.5551632823,52.8392260372,,0 days 20:30:00,1230,20.5,SOURCE,SOURCE,SOURCE,UNAVAILABLE,DERIVED
v2,quarterly,true_oos,T2,M30,BR,V2_TRUE_OOS,TradingSystemLab/results/true_oos_v2/T2/M30/trades.csv,61,T2-M30-BR-000007,v2|true_oos|T2|M30|BR|TradingSystemLab/results/true_oos_v2/T2/M30/trades.csv|61|T2-M30-BR-000007,LONG,2025-04-01 16:30:00+03:00,2025-04-01 19:30:00+03:00,2025-04-01,2025-04-01,2025,4,2025,4,1,1,16,19,-0.918470820892,-0.910237746519,0.00823307437274,0.203359337708,0,ATR_TRAILING_STOP,52.8021661982,52.5810488597,,0 days 03:00:00,180,3,SOURCE,SOURCE,SOURCE,UNAVAILABLE,DERIVED
v2,quarterly,true_oos,T2,M30,BR,V2_TRUE_OOS,TradingSystemLab/results/true_oos_v2/T2/M30/trades.csv,62,T2-M30-BR-000008,v2|true_oos|T2|M30|BR|TradingSystemLab/results/true_oos_v2/T2/M30/trades.csv|62|T2-M30-BR-000008,LONG,2025-04-02 19:00:00+03:00,2025-04-02 23:30:00+03:00,2025-04-02,2025-04-02,2025,4,2025,4,2,2,19,23,-0.387440686225,-0.382577405871,0.00486328035438,0.154445712234,0.720746657091,ATR_TRAILING_STOP,52.6610216749,52.5036886083,,0 days 04:30:00,270,4.5,SOURCE,SOURCE,SOURCE,UNAVAILABLE,DERIVED
v2,quarterly,true_oos,T2,M30,BR,V2_TRUE_OOS,TradingSystemLab/results/true_oos_v2/T2/M30/trades.csv,65,T2-M30-BR-000009,v2|true_oos|T2|M30|BR|TradingSystemLab/results/true_oos_v2/T2/M30/trades.csv|65|T2-M30-BR-000009,SHORT,2025-04-09 17:30:00+03:00,2025-04-09 20:30:00+03:00,2025-04-09,2025-04-09,2025,4,2025,4,2,2,17,20,-1.00210364395,-1,0.0021036439495,0.749717502124,0.282071931492,INITIAL_STOP,42.2939564322,43.2446876624,,0 days 03:00:00,180,3,SOURCE,SOURCE,SOURCE,UNAVAILABLE,DERIVED
v2,quarterly,true_oos,T2,M30,BR,V2_TRUE_OOS,TradingSystemLab/results/true_oos_v2/T2/M30/trades.csv,77,T2-M30-BR-000010,v2|true_oos|T2|M30|BR|TradingSystemLab/results/true_oos_v2/T2/M30/trades.csv|77|T2-M30-BR-000010,SHORT,2025-04-30 19:30:00+03:00,2025-05-02 15:00:00+03:00,2025-04-30,2025-05-02,2025,4,2025,5,2,4,19,15,0.102886708937,0.109068665585,0.00618195664808,0.575181548496,1.4996416813,ATR_TRAILING_STOP,44.5663832587,44.5310971279,,1 days 19:30:00,2610,43.5,SOURCE,SOURCE,SOURCE,UNAVAILABLE,DERIVED
v2,quarterly,true_oos,T2,M30,BR,V2_TRUE_OOS,TradingSystemLab/results/true_oos_v2/T2/M30/trades.csv,78,T2-M30-BR-000011,v2|true_oos|T2|M30|BR|TradingSystemLab/results/true_oos_v2/T2/M30/trades.csv|78|T2-M30-BR-000011,SHORT,2025-05-02 19:30:00+03:00,2025-05-05 13:00:00+03:00,2025-05-02,2025-05-05,2025,5,2025,5,4,0,19,13,0.764122521152,0.766993963134,0.00287144198146,0.369087926864,1.95821650086,ATR_TRAILING_STOP,43.8669867955,43.3327646395,,2 days 17:30:00,3930,65.5,SOURCE,SOURCE,SOURCE,UNAVAILABLE,DERIVED
v2,quarterly,true_oos,T2,M30,BR,V2_TRUE_OOS,TradingSystemLab/results/true_oos_v2/T2/M30/trades.csv,91,T2-M30-BR-000012,v2|true_oos|T2|M30|BR|TradingSystemLab/results/true_oos_v2/T2/M30/trades.csv|91|T2-M30-BR-000012,SHORT,2025-05-22 19:00:00+03:00,2025-05-22 22:00:00+03:00,2025-05-22,2025-05-22,2025,5,2025,5,3,3,19,22,-1.00545786542,-1,0.00545786542024,0.974361510341,0,INITIAL_STOP,45.6522296245,46.0186732515,,0 days 03:00:00,180,3,SOURCE,SOURCE,SOURCE,UNAVAILABLE,DERIVED
v2,quarterly,true_oos,T2,M30,BR,V2_TRUE_OOS,TradingSystemLab/results/true_oos_v2/T2/M30/trades.csv,98,T2-M30-BR-000013,v2|true_oos|T2|M30|BR|TradingSystemLab/results/true_oos_v2/T2/M30/trades.csv|98|T2-M30-BR-000013,LONG,2025-06-09 17:30:00+03:00,2025-06-10 20:00:00+03:00,2025-06-09,2025-06-10,2025,6,2025,6,0,1,17,20,1.1382267661,1.14414251989,0.00591575379529,0.379663399981,2.48890451098,ATR_TRAILING_STOP,47.5062511651,47.8930632467,,1 days 02:30:00,1590,26.5,SOURCE,SOURCE,SOURCE,UNAVAILABLE,DERIVED
v2,quarterly,true_oos,T2,M30,BR,V2_TRUE_OOS,TradingSystemLab/results/true_oos_v2/T2/M30/trades.csv,138,T2-M30-BR-000014,v2|true_oos|T2|M30|BR|TradingSystemLab/results/true_oos_v2/T2/M30/trades.csv|138|T2-M30-BR-000014,LONG,2025-08-21 18:30:00+03:00,2025-08-23 19:00:00+03:00,2025-08-21,2025-08-23,2025,8,2025,8,3,5,18,19,0.83309921393,0.838237803451,0.00513858952124,0.45228798461,1.22494662498,ATR_TRAILING_STOP,49.3927253087,49.7189774057,,2 days 00:30:00,2910,48.5,SOURCE,SOURCE,SOURCE,UNAVAILABLE,DERIVED
v2,quarterly,true_oos,T2,M30,BR,V2_TRUE_OOS,TradingSystemLab/results/true_oos_v2/T2/M30/trades.csv,143,T2-M30-BR-000015,v2|true_oos|T2|M30|BR|TradingSystemLab/results/true_oos_v2/T2/M30/trades.csv|143|T2-M30-BR-000015,LONG,2025-08-27 18:00:00+03:00,2025-08-27 18:30:00+03:00,2025-08-27,2025-08-27,2025,8,2025,8,2,2,18,18,-0.523970071958,-0.515698518507,0.00827155345108,0,0,EMA50_TREND_LOSS,49.620104947,49.4954128873,,0 days 00:30:00,30,0.5,SOURCE,SOURCE,SOURCE,UNAVAILABLE,DERIVED
v2,quarterly,true_oos,T2,M30,BR,V2_TRUE_OOS,TradingSystemLab/results/true_oos_v2/T2/M30/trades.csv,146,T2-M30-BR-000016,v2|true_oos|T2|M30|BR|TradingSystemLab/results/true_oos_v2/T2/M30/trades.csv|146|T2-M30-BR-000016,LONG,2025-09-02 18:00:00+03:00,2025-09-03 13:00:00+03:00,2025-09-02,2025-09-03,2025,9,2025,9,1,2,18,13,-0.0921496628741,-0.0879333876122,0.00421627526189,0.0938788134445,0.844909321001,ATR_TRAILING_STOP,50.8848138066,50.8431023992,,0 days 19:00:00,1140,19,SOURCE,SOURCE,SOURCE,UNAVAILABLE,DERIVED
v2,quarterly,true_oos,T2,M30,BR,V2_TRUE_OOS,TradingSystemLab/results/true_oos_v2/T2/M30/trades.csv,158,T2-M30-BR-000017,v2|true_oos|T2|M30|BR|TradingSystemLab/results/true_oos_v2/T2/M30/trades.csv|158|T2-M30-BR-000017,LONG,2025-09-10 18:30:00+03:00,2025-09-11 11:30:00+03:00,2025-09-10,2025-09-11,2025,9,2025,9,2,3,18,11,-0.125617729283,-0.121372561357,0.00424516792554,0.0787684435054,0.708915991548,ATR_TRAILING_STOP,49.9496494922,49.8924679797,,0 days 17:00:00,1020,17,SOURCE,SOURCE,SOURCE,UNAVAILABLE,DERIVED
v2,quarterly,true_oos,T2,M30,BR,V2_TRUE_OOS,TradingSystemLab/results/true_oos_v2/T2/M30/trades.csv,169,T2-M30-BR-000018,v2|true_oos|T2|M30|BR|TradingSystemLab/results/true_oos_v2/T2/M30/trades.csv|169|T2-M30-BR-000018,LONG,2025-09-25 13:00:00+03:00,2025-09-25 17:00:00+03:00,2025-09-25,2025-09-25,2025,9,2025,9,3,3,13,17,-1.00296722325,-0.995261375059,0.00770584819081,0.686308022891,0.857885028614,ATR_TRAILING_STOP,51.1148939157,50.8565806579,,0 days 04:00:00,240,4,SOURCE,SOURCE,SOURCE,UNAVAILABLE,DERIVED
v2,quarterly,true_oos,T2,M30,BR,V2_TRUE_OOS,TradingSystemLab/results/true_oos_v2/T2/M30/trades.csv,174,T2-M30-BR-000019,v2|true_oos|T2|M30|BR|TradingSystemLab/results/true_oos_v2/T2/M30/trades.csv|174|T2-M30-BR-000019,SHORT,2025-09-30 15:00:00+03:00,2025-10-01 13:30:00+03:00,2025-09-30,2025-10-01,2025,9,2025,10,1,2,15,13,0.419527939293,0.423094853693,0.0035669144003,0.463284869407,1.03169419554,ATR_TRAILING_STOP,49.7269913221,49.4897583492,,0 days 22:30:00,1350,22.5,SOURCE,SOURCE,SOURCE,UNAVAILABLE,DERIVED
v2,quarterly,true_oos,T2,M30,BR,V2_TRUE_OOS,TradingSystemLab/results/true_oos_v2/T2/M30/trades.csv,181,T2-M30-BR-000020,v2|true_oos|T2|M30|BR|TradingSystemLab/results/true_oos_v2/T2/M30/trades.csv|181|T2-M30-BR-000020,SHORT,2025-10-02 18:00:00+03:00,2025-10-03 09:30:00+03:00,2025-10-02,2025-10-03,2025,10,2025,10,3,4,18,9,-0.0815223000979,-0.0782679526274,0.00325434747052,0.122189712552,0.696481361544,ATR_TRAILING_STOP,48.5702936114,48.6183941621,,0 days 15:30:00,930,15.5,SOURCE,SOURCE,SOURCE,UNAVAILABLE,DERIVED
v2,quarterly,true_oos,T2,M30,BR,V2_TRUE_OOS,TradingSystemLab/results/true_oos_v2/T2/M30/trades.csv,186,T2-M30-BR-000021,v2|true_oos|T2|M30|BR|TradingSystemLab/results/true_oos_v2/T2/M30/trades.csv|186|T2-M30-BR-000021,SHORT,2025-10-14 18:30:00+03:00,2025-10-14 20:00:00+03:00,2025-10-14,2025-10-14,2025,10,2025,10,1,1,18,20,-1.00481710332,-1,0.00481710332492,0.831983120827,0.379818381247,INITIAL_STOP,46.5653046822,46.9804919566,,0 days 01:30:00,90,1.5,SOURCE,SOURCE,SOURCE,UNAVAILABLE,DERIVED
v2,quarterly,true_oos,T2,M30,BR,V2_TRUE_OOS,TradingSystemLab/results/true_oos_v2/T2/M30/trades.csv,189,T2-M30-BR-000022,v2|true_oos|T2|M30|BR|TradingSystemLab/results/true_oos_v2/T2/M30/trades.csv|189|T2-M30-BR-000022,SHORT,2025-10-20 19:00:00+03:00,2025-10-20 21:30:00+03:00,2025-10-20,2025-10-20,2025,10,2025,10,0,0,19,21,-1.00572026042,-1,0.00572026041548,0.987971357765,0,INITIAL_STOP,45.5064903039,45.8561247356,,0 days 02:30:00,150,2.5,SOURCE,SOURCE,SOURCE,UNAVAILABLE,DERIVED
v2,quarterly,true_oos,T2,M30,BR,V2_TRUE_OOS,TradingSystemLab/results/true_oos_v2/T2/M30/trades.csv,213,T2-M30-BR-000023,v2|true_oos|T2|M30|BR|TradingSystemLab/results/true_oos_v2/T2/M30/trades.csv|213|T2-M30-BR-000023,SHORT,2025-12-02 19:30:00+03:00,2025-12-03 12:30:00+03:00,2025-12-02,2025-12-03,2025,12,2025,12,1,2,19,12,-0.0859665840948,-0.0797143547147,0.0062522293801,0.31218170849,1.22471285638,ATR_TRAILING_STOP,48.2796902962,48.305189794,,0 days 17:00:00,1020,17,SOURCE,SOURCE,SOURCE,UNAVAILABLE,DERIVED
v2,quarterly,true_oos,T2,M30,BR,V2_TRUE_OOS,TradingSystemLab/results/true_oos_v2/T2/M30/trades.csv,238,T2-M30-BR-000024,v2|true_oos|T2|M30|BR|TradingSystemLab/results/true_oos_v2/T2/M30/trades.csv|238|T2-M30-BR-000024,LONG,2025-12-29 22:30:00+03:00,2025-12-30 19:30:00+03:00,2025-12-29,2025-12-30,2025,12,2025,12,0,1,22,19,-0.0771471971105,-0.0680740936692,0.0090731034413,0.522728668462,1.359094538,ATR_TRAILING_STOP,47.5883343492,47.5733286581,,0 days 21:00:00,1260,21,SOURCE,SOURCE,SOURCE,UNAVAILABLE,DERIVED
v2,quarterly,true_oos,T2,M30,BR,V2_TRUE_OOS,TradingSystemLab/results/true_oos_v2/T2/M30/trades.csv,240,T2-M30-BR-000025,v2|true_oos|T2|M30|BR|TradingSystemLab/results/true_oos_v2/T2/M30/trades.csv|240|T2-M30-BR-000025,LONG,2026-01-09 14:00:00+03:00,2026-01-10 00:00:00+03:00,2026-01-09,2026-01-10,2026,1,2026,1,4,5,14,0,1.51854677623,1.52368687026,0.00514009402759,0.242344816271,3.13028721017,ATR_TRAILING_STOP,48.9316979683,49.5245613915,,0 days 10:00:00,600,10,SOURCE,SOURCE,SOURCE,UNAVAILABLE,DERIVED
v2,quarterly,true_oos,T2,M30,BR,V2_TRUE_OOS,TradingSystemLab/results/true_oos_v2/T2/M30/trades.csv,253,T2-M30-BR-000026,v2|true_oos|T2|M30|BR|TradingSystemLab/results/true_oos_v2/T2/M30/trades.csv|253|T2-M30-BR-000026,LONG,2026-01-25 15:30:00+03:00,2026-01-26 11:00:00+03:00,2026-01-25,2026-01-26,2026,1,2026,1,6,0,15,11,-0.32221838534,-0.314729573809,0.00748881153081,0.588469991918,1.32405748182,ATR_TRAILING_STOP,51.941307784,51.8572545073,,0 days 19:30:00,1170,19.5,SOURCE,SOURCE,SOURCE,UNAVAILABLE,DERIVED
v2,quarterly,true_oos,T2,M30,BR,V2_TRUE_OOS,TradingSystemLab/results/true_oos_v2/T2/M30/trades.csv,262,T2-M30-BR-000027,v2|true_oos|T2|M30|BR|TradingSystemLab/results/true_oos_v2/T2/M30/trades.csv|262|T2-M30-BR-000027,LONG,2026-01-29 19:30:00+03:00,2026-01-30 09:30:00+03:00,2026-01-29,2026-01-30,2026,1,2026,1,3,4,19,9,-1.0025379964,-1,0.0025379963991,0.927374980874,0.458701603443,INITIAL_STOP,55.7602904743,54.9722672916,,0 days 14:00:00,840,14,SOURCE,SOURCE,SOURCE,UNAVAILABLE,DERIVED
v2,quarterly,true_oos,T2,M30,BR,V2_TRUE_OOS,TradingSystemLab/results/true_oos_v2/T2/M30/trades.csv,263,T2-M30-BR-000028,v2|true_oos|T2|M30|BR|TradingSystemLab/results/true_oos_v2/T2/M30/trades.csv|263|T2-M30-BR-000028,LONG,2026-02-02 11:30:00+03:00,2026-02-02 12:00:00+03:00,2026-02-02,2026-02-02,2026,2,2026,2,0,0,11,12,-1.12836621154,-1.1233345034,0.00503170814042,0,0,INITIAL_STOP,55.9946270194,55.5481247693,,0 days 00:30:00,30,0.5,SOURCE,SOURCE,SOURCE,UNAVAILABLE,DERIVED
v2,quarterly,true_oos,T2,M30,BR,V2_TRUE_OOS,TradingSystemLab/results/true_oos_v2/T2/M30/trades.csv,265,T2-M30-BR-000029,v2|true_oos|T2|M30|BR|TradingSystemLab/results/true_oos_v2/T2/M30/trades.csv|265|T2-M30-BR-000029,LONG,2026-02-02 22:30:00+03:00,2026-02-03 10:30:00+03:00,2026-02-02,2026-02-03,2026,2,2026,2,0,1,22,10,-0.721183643098,-0.71693412047,0.00424952262833,0.914091003599,0.0179233530118,EMA50_TREND_LOSS,56.003062486,55.6656438236,,0 days 12:00:00,720,12,SOURCE,SOURCE,SOURCE,UNAVAILABLE,DERIVED
v2,quarterly,true_oos,T2,M30,BR,V2_TRUE_OOS,TradingSystemLab/results/true_oos_v2/T2/M30/trades.csv,266,T2-M30-BR-000030,v2|true_oos|T2|M30|BR|TradingSystemLab/results/true_oos_v2/T2/M30/trades.csv|266|T2-M30-BR-000030,LONG,2026-02-03 15:00:00+03:00,2026-02-04 12:00:00+03:00,2026-02-03,2026-02-04,2026,2,2026,2,1,2,15,12,0.961707866131,0.965240482155,0.00353261602463,0.268193379077,2.6670341586,ATR_TRAILING_STOP,56.0874171516,56.6338906292,,0 days 21:00:00,1260,21,SOURCE,SOURCE,SOURCE,UNAVAILABLE,DERIVED
v2,quarterly,true_oos,T2,M30,BR,V2_TRUE_OOS,TradingSystemLab/results/true_oos_v2/T2/M30/trades.csv,278,T2-M30-BR-000031,v2|true_oos|T2|M30|BR|TradingSystemLab/results/true_oos_v2/T2/M30/trades.csv|278|T2-M30-BR-000031,LONG,2026-02-19 20:00:00+03:00,2026-02-20 12:00:00+03:00,2026-02-19,2026-02-20,2026,2,2026,2,3,4,20,12,-0.2077615395,-0.205541856637,0.0022196828627,0.308946999243,0.608531968205,ATR_TRAILING_STOP,60.5244725616,60.3392732612,,0 days 16:00:00,960,16,SOURCE,SOURCE,SOURCE,UNAVAILABLE,DERIVED
v2,quarterly,true_oos,T2,M30,BR,V2_TRUE_OOS,TradingSystemLab/results/true_oos_v2/T2/M30/trades.csv,284,T2-M30-BR-000032,v2|true_oos|T2|M30|BR|TradingSystemLab/results/true_oos_v2/T2/M30/trades.csv|284|T2-M30-BR-000032,LONG,2026-03-04 09:00:00+03:00,2026-03-04 16:00:00+03:00,2026-03-04,2026-03-04,2026,3,2026,3,2,2,9,16,-0.397534287501,-0.396543308742,0.000990978758812,0.365441872762,0.548162809143,EMA50_TREND_LOSS,65.5623535661,64.7620471918,,0 days 07:00:00,420,7,SOURCE,SOURCE,SOURCE,UNAVAILABLE,DERIVED
v2,quarterly,true_oos,T2,M30,BR,V2_TRUE_OOS,TradingSystemLab/results/true_oos_v2/T2/M30/trades.csv,289,T2-M30-BR-000033,v2|true_oos|T2|M30|BR|TradingSystemLab/results/true_oos_v2/T2/M30/trades.csv|289|T2-M30-BR-000033,LONG,2026-03-12 21:30:00+03:00,2026-03-13 14:00:00+03:00,2026-03-12,2026-03-13,2026,3,2026,3,3,4,21,14,-0.446231557575,-0.445337342324,0.000894215250451,0.350806943599,0.810364039714,ATR_TRAILING_STOP,79.3715615934,78.3755210045,,0 days 16:30:00,990,16.5,SOURCE,SOURCE,SOURCE,UNAVAILABLE,DERIVED
v2,quarterly,true_oos,T2,M30,BR,V2_TRUE_OOS,TradingSystemLab/results/true_oos_v2/T2/M30/trades.csv,293,T2-M30-BR-000034,v2|true_oos|T2|M30|BR|TradingSystemLab/results/true_oos_v2/T2/M30/trades.csv|293|T2-M30-BR-000034,LONG,2026-03-16 10:30:00+03:00,2026-03-16 13:30:00+03:00,2026-03-16,2026-03-16,2026,3,2026,3,0,0,10,13,-0.865223770715,-0.864220491551,0.00100327916402,0.739955752515,0.19679674269,ATR_TRAILING_STOP,83.7183236657,81.995531999,,0 days 03:00:00,180,3,SOURCE,SOURCE,SOURCE,UNAVAILABLE,DERIVED
v2,quarterly,true_oos,T2,M30,BR,V2_TRUE_OOS,TradingSystemLab/results/true_oos_v2/T2/M30/trades.csv,299,T2-M30-BR-000035,v2|true_oos|T2|M30|BR|TradingSystemLab/results/true_oos_v2/T2/M30/trades.csv|299|T2-M30-BR-000035,LONG,2026-03-18 22:00:00+03:00,2026-03-19 13:30:00+03:00,2026-03-18,2026-03-19,2026,3,2026,3,2,3,22,13,2.62049996142,2.62161718232,0.00111722090101,0.131488089498,4.6985077314,ATR_TRAILING_STOP,85.240475005,89.9335794394,,0 days 15:30:00,930,15.5,SOURCE,SOURCE,SOURCE,UNAVAILABLE,DERIVED
v2,quarterly,true_oos,T2,M30,BR,V2_TRUE_OOS,TradingSystemLab/results/true_oos_v2/T2/M30/trades.csv,309,T2-M30-BR-000036,v2|true_oos|T2|M30|BR|TradingSystemLab/results/true_oos_v2/T2/M30/trades.csv|309|T2-M30-BR-000036,LONG,2026-03-26 19:00:00+03:00,2026-03-26 23:30:00+03:00,2026-03-26,2026-03-26,2026,3,2026,3,3,3,19,23,-0.804263815134,-0.803211317041,0.00105249809335,0.367483152169,0.350967055442,ATR_TRAILING_STOP,85.1855520186,83.6592569647,,0 days 04:30:00,270,4.5,SOURCE,SOURCE,SOURCE,UNAVAILABLE,DERIVED
v2,quarterly,true_oos,T2,M30,BR,V2_TRUE_OOS,TradingSystemLab/results/true_oos_v2/T2/M30/trades.csv,311,T2-M30-BR-000037,v2|true_oos|T2|M30|BR|TradingSystemLab/results/true_oos_v2/T2/M30/trades.csv|311|T2-M30-BR-000037,LONG,2026-03-27 09:00:00+03:00,2026-03-30 09:30:00+03:00,2026-03-27,2026-03-30,2026,3,2026,3,4,0,9,9,4.28974614365,4.29137649038,0.00163034673467,0.191878953543,4.80976576881,ATR_TRAILING_STOP,84.8010911133,90.0654638987,,3 days 00:30:00,4350,72.5,SOURCE,SOURCE,SOURCE,UNAVAILABLE,DERIVED
v2,quarterly,true_oos,T2,M30,BR,V2_TRUE_OOS,TradingSystemLab/results/true_oos_v2/T2/M30/trades.csv,312,T2-M30-BR-000038,v2|true_oos|T2|M30|BR|TradingSystemLab/results/true_oos_v2/T2/M30/trades.csv|312|T2-M30-BR-000038,LONG,2026-03-31 13:30:00+03:00,2026-04-01 09:30:00+03:00,2026-03-31,2026-04-01,2026,3,2026,4,1,2,13,9,1.66489536093,1.66653356294,0.00163820200672,0.392033696136,2.81493047389,ATR_TRAILING_STOP,90.0893900964,92.1239786955,,0 days 20:00:00,1200,20,SOURCE,SOURCE,SOURCE,UNAVAILABLE,DERIVED
v2,quarterly,true_oos,T2,M30,BR,V2_TRUE_OOS,TradingSystemLab/results/true_oos_v2/T2/M30/trades.csv,313,T2-M30-BR-000039,v2|true_oos|T2|M30|BR|TradingSystemLab/results/true_oos_v2/T2/M30/trades.csv|313|T2-M30-BR-000039,LONG,2026-04-01 12:30:00+03:00,2026-04-01 15:30:00+03:00,2026-04-01,2026-04-01,2026,4,2026,4,2,2,12,15,-1.00157268865,-1,0.00157268864939,0.366001918496,0.570118373042,INITIAL_STOP,92.498719096,91.2270115645,,0 days 03:00:00,180,3,SOURCE,SOURCE,SOURCE,UNAVAILABLE,DERIVED
v2,quarterly,true_oos,T2,M30,BR,V2_TRUE_OOS,TradingSystemLab/results/true_oos_v2/T2/M30/trades.csv,327,T2-M30-BR-000040,v2|true_oos|T2|M30|BR|TradingSystemLab/results/true_oos_v2/T2/M30/trades.csv|327|T2-M30-BR-000040,LONG,2026-04-22 11:30:00+03:00,2026-04-23 15:30:00+03:00,2026-04-22,2026-04-23,2026,4,2026,4,2,3,11,15,0.970828392587,0.971731283403,0.000902890815917,0.440452418772,1.97193376478,ATR_TRAILING_STOP,89.4733110202,91.6258000395,,1 days 04:00:00,1680,28,SOURCE,SOURCE,SOURCE,UNAVAILABLE,DERIVED
v2,quarterly,true_oos,T2,M30,BR,V2_TRUE_OOS,TradingSystemLab/results/true_oos_v2/T2/M30/trades.csv,328,T2-M30-BR-000041,v2|true_oos|T2|M30|BR|TradingSystemLab/results/true_oos_v2/T2/M30/trades.csv|328|T2-M30-BR-000041,LONG,2026-04-23 19:00:00+03:00,2026-04-24 14:30:00+03:00,2026-04-23,2026-04-24,2026,4,2026,4,3,4,19,14,0.905814458631,0.907436005341,0.00162154670932,0.435429631024,2.70692087287,ATR_TRAILING_STOP,92.9194119349,94.0386347117,,0 days 19:30:00,1170,19.5,SOURCE,SOURCE,SOURCE,UNAVAILABLE,DERIVED
v2,quarterly,true_oos,T2,M30,BR,V2_TRUE_OOS,TradingSystemLab/results/true_oos_v2/T2/M30/trades.csv,329,T2-M30-BR-000042,v2|true_oos|T2|M30|BR|TradingSystemLab/results/true_oos_v2/T2/M30/trades.csv|329|T2-M30-BR-000042,LONG,2026-04-24 16:00:00+03:00,2026-04-27 13:30:00+03:00,2026-04-24,2026-04-27,2026,4,2026,4,4,0,16,13,0.656896007863,0.657824652947,0.000928645083775,0.972529731666,1.09305692063,ATR_TRAILING_STOP,94.7722506085,96.1889913299,,2 days 21:30:00,4170,69.5,SOURCE,SOURCE,SOURCE,UNAVAILABLE,DERIVED
v2,quarterly,true_oos,T2,M30,BR,V2_TRUE_OOS,TradingSystemLab/results/true_oos_v2/T2/M30/trades.csv,342,T2-M30-BR-000043,v2|true_oos|T2|M30|BR|TradingSystemLab/results/true_oos_v2/T2/M30/trades.csv|342|T2-M30-BR-000043,LONG,2026-05-18 14:00:00+03:00,2026-05-18 15:00:00+03:00,2026-05-18,2026-05-18,2026,5,2026,5,0,0,14,15,-0.834579364922,-0.831736244242,0.00284312068013,0.202113083643,1.01056541822,ATR_TRAILING_STOP,105.210927514,104.625840677,,0 days 01:00:00,60,1,SOURCE,SOURCE,SOURCE,UNAVAILABLE,DERIVED
v2,quarterly,true_oos,T2,M30,BR,V2_TRUE_OOS,TradingSystemLab/results/true_oos_v2/T2/M30/trades.csv,343,T2-M30-BR-000044,v2|true_oos|T2|M30|BR|TradingSystemLab/results/true_oos_v2/T2/M30/trades.csv|343|T2-M30-BR-000044,LONG,2026-05-18 18:30:00+03:00,2026-05-18 22:30:00+03:00,2026-05-18,2026-05-18,2026,5,2026,5,0,0,18,22,-0.539861003629,-0.538666716226,0.00119428740339,0.458460311702,0.916920623403,ATR_TRAILING_STOP,105.552152144,104.650079972,,0 days 04:00:00,240,4,SOURCE,SOURCE,SOURCE,UNAVAILABLE,DERIVED
v2,quarterly,true_oos,T2,M30,BR,V2_TRUE_OOS,TradingSystemLab/results/true_oos_v2/T2/M30/trades.csv,350,T2-M30-BR-000045,v2|true_oos|T2|M30|BR|TradingSystemLab/results/true_oos_v2/T2/M30/trades.csv|350|T2-M30-BR-000045,SHORT,2026-05-27 19:00:00+03:00,2026-05-28 09:00:00+03:00,2026-05-27,2026-05-28,2026,5,2026,5,2,3,19,9,-0.91886029129,-0.917177432618,0.00168285867217,0.263190045882,1.33987659722,ATR_TRAILING_STOP,91.1922823078,92.2823054307,,0 days 14:00:00,840,14,SOURCE,SOURCE,SOURCE,UNAVAILABLE,DERIVED
v2,quarterly,true_oos,T2,M30,BR,V2_TRUE_OOS,TradingSystemLab/results/true_oos_v2/T2/M30/trades.csv,358,T2-M30-BR-000046,v2|true_oos|T2|M30|BR|TradingSystemLab/results/true_oos_v2/T2/M30/trades.csv|358|T2-M30-BR-000046,SHORT,2026-06-05 15:00:00+03:00,2026-06-06 14:30:00+03:00,2026-06-05,2026-06-06,2026,6,2026,6,4,5,15,14,1.21148206595,1.21474054405,0.00325847810162,0.470843295928,2.87062525582,ATR_TRAILING_STOP,88.7217205957,87.976132928,,0 days 23:30:00,1410,23.5,SOURCE,SOURCE,SOURCE,UNAVAILABLE,DERIVED
v2,quarterly,true_oos,T2,M30,BR,V2_TRUE_OOS,TradingSystemLab/results/true_oos_v2/T2/M30/trades.csv,363,T2-M30-BR-000047,v2|true_oos|T2|M30|BR|TradingSystemLab/results/true_oos_v2/T2/M30/trades.csv|363|T2-M30-BR-000047,SHORT,2026-06-12 18:30:00+03:00,2026-06-14 14:00:00+03:00,2026-06-12,2026-06-14,2026,6,2026,6,4,6,18,14,0.783495452183,0.784376324391,0.000880872208224,0.217614920182,1.36317270756,ATR_TRAILING_STOP,81.5341145666,79.7532062417,,1 days 19:30:00,2610,43.5,SOURCE,SOURCE,SOURCE,UNAVAILABLE,DERIVED
v2,quarterly,true_oos,T2,M30,BR,V2_TRUE_OOS,TradingSystemLab/results/true_oos_v2/T2/M30/trades.csv,364,T2-M30-BR-000048,v2|true_oos|T2|M30|BR|TradingSystemLab/results/true_oos_v2/T2/M30/trades.csv|364|T2-M30-BR-000048,SHORT,2026-06-16 23:30:00+03:00,2026-06-17 12:00:00+03:00,2026-06-16,2026-06-17,2026,6,2026,6,1,2,23,12,0.0940699004178,0.0972665470148,0.00319664659699,0.104301980853,2.48834725748,ATR_TRAILING_STOP,74.2719289678,74.2110736032,,0 days 12:30:00,750,12.5,SOURCE,SOURCE,SOURCE,UNAVAILABLE,DERIVED
v2,quarterly,true_oos,T2,M30,BR,V2_TRUE_OOS,TradingSystemLab/results/true_oos_v2/T2/M30/trades.csv,375,T2-M30-BR-000049,v2|true_oos|T2|M30|BR|TradingSystemLab/results/true_oos_v2/T2/M30/trades.csv|375|T2-M30-BR-000049,SHORT,2026-06-29 13:30:00+03:00,2026-06-29 19:00:00+03:00,2026-06-29,2026-06-29,2026,6,2026,6,0,0,13,19,-0.741273487017,-0.738227786804,0.00304570021334,0.766621163219,0.553670840103,EMA50_TREND_LOSS,67.6809594962,68.1657266992,,0 days 05:30:00,330,5.5,SOURCE,SOURCE,SOURCE,UNAVAILABLE,DERIVED
v2,quarterly,true_oos,T2,M30,BR,V2_TRUE_OOS,TradingSystemLab/results/true_oos_v2/T2/M30/trades.csv,383,T2-M30-BR-000050,v2|true_oos|T2|M30|BR|TradingSystemLab/results/true_oos_v2/T2/M30/trades.csv|383|T2-M30-BR-000050,LONG,2026-07-13 14:00:00+03:00,2026-07-14 17:00:00+03:00,2026-07-13,2026-07-14,2026,7,2026,7,0,1,14,17,9.92624083113,9.92944712512,0.00320629398472,0.266964894394,13.3185819536,ATR_TRAILING_STOP,72.7809057992,78.9746280046,,1 days 03:00:00,1620,27,SOURCE,SOURCE,SOURCE,UNAVAILABLE,DERIVED
v2,quarterly,true_oos,T2,M30,BR,V2_TRUE_OOS,TradingSystemLab/results/true_oos_v2/T2/M30/trades.csv,384,T2-M30-BR-000051,v2|true_oos|T2|M30|BR|TradingSystemLab/results/true_oos_v2/T2/M30/trades.csv|384|T2-M30-BR-000051,LONG,2026-07-14 19:00:00+03:00,2026-07-15 12:00:00+03:00,2026-07-14,2026-07-15,2026,7,2026,7,1,2,19,12,-0.313679627372,-0.312579943102,0.00109968426935,0.590071056129,0.635852431174,ATR_TRAILING_STOP,79.1181271634,78.5496368216,,0 days 17:00:00,1020,17,SOURCE,SOURCE,SOURCE,UNAVAILABLE,DERIVED
v2,quarterly,true_oos,T2,M30,BR,V2_TRUE_OOS,TradingSystemLab/results/true_oos_v2/T2/M30/trades.csv,392,T2-M30-BR-000052,v2|true_oos|T2|M30|BR|TradingSystemLab/results/true_oos_v2/T2/M30/trades.csv|392|T2-M30-BR-000052,LONG,2026-07-22 17:30:00+03:00,2026-07-22 19:00:00+03:00,2026-07-22,2026-07-22,2026,7,2026,7,2,2,17,19,-1.00189783382,-1,0.00189783381903,0.684748507921,0.158018886443,INITIAL_STOP,87.3148835557,86.2610505067,,0 days 01:30:00,90,1.5,SOURCE,SOURCE,SOURCE,UNAVAILABLE,DERIVED
v2,quarterly,true_oos,T2,M30,BR,V2_TRUE_OOS,TradingSystemLab/results/true_oos_v2/T2/M30/trades.csv,397,T2-M30-BR-000053,v2|true_oos|T2|M30|BR|TradingSystemLab/results/true_oos_v2/T2/M30/trades.csv|397|T2-M30-BR-000053,SHORT,2026-07-27 17:30:00+03:00,2026-07-28 15:00:00+03:00,2026-07-27,2026-07-28,2026,7,2026,7,0,1,17,15,2.57954146072,2.58135261304,0.00181115231578,0.192690863093,4.39000053307,ATR_TRAILING_STOP,83.4385393928,80.5880308071,,0 days 21:30:00,1290,21.5,SOURCE,SOURCE,SOURCE,UNAVAILABLE,DERIVED
v2,quarterly,true_oos,T2,M30,BR,V2_TRUE_OOS,TradingSystemLab/results/true_oos_v2/T2/M30/trades.csv,409,T2-M30-BR-000054,v2|true_oos|T2|M30|BR|TradingSystemLab/results/true_oos_v2/T2/M30/trades.csv|409|T2-M30-BR-000054,LONG,2026-08-11 18:00:00+03:00,2026-08-12 12:30:00+03:00,2026-08-11,2026-08-12,2026,8,2026,8,1,2,18,12,0.249780663597,0.251055579108,0.00127491551107,0.202684586187,1.15910247725,ATR_TRAILING_STOP,87.9152972791,88.3091360503,,0 days 18:30:00,1110,18.5,SOURCE,SOURCE,SOURCE,UNAVAILABLE,DERIVED
v2,quarterly,true_oos,T2,M30,BR,V2_TRUE_OOS,TradingSystemLab/results/true_oos_v2/T2/M30/trades.csv,415,T2-M30-BR-000055,v2|true_oos|T2|M30|BR|TradingSystemLab/results/true_oos_v2/T2/M30/trades.csv|415|T2-M30-BR-000055,LONG,2026-08-19 13:30:00+03:00,2026-08-19 16:00:00+03:00,2026-08-19,2026-08-19,2026,8,2026,8,2,2,13,16,-1.00203188585,-1,0.00203188585213,0.817661717162,0.0807567128062,INITIAL_STOP,91.6711723211,90.686865059,,0 days 02:30:00,150,2.5,SOURCE,SOURCE,SOURCE,UNAVAILABLE,DERIVED
v2,quarterly,true_oos,T2,M30,BR,V2_TRUE_OOS,TradingSystemLab/results/true_oos_v2/T2/M30/trades.csv,416,T2-M30-BR-000056,v2|true_oos|T2|M30|BR|TradingSystemLab/results/true_oos_v2/T2/M30/trades.csv|416|T2-M30-BR-000056,LONG,2026-08-19 17:30:00+03:00,2026-08-19 22:30:00+03:00,2026-08-19,2026-08-19,2026,8,2026,8,2,2,17,22,-0.509563670822,-0.506898983372,0.00266468744963,0.476582527942,1.37679396961,ATR_TRAILING_STOP,91.2439166947,90.8634600798,,0 days 05:00:00,300,5,SOURCE,SOURCE,SOURCE,UNAVAILABLE,DERIVED
v2,quarterly,true_oos,T2,M30,BR,V2_TRUE_OOS,TradingSystemLab/results/true_oos_v2/T2/M30/trades.csv,419,T2-M30-BR-000057,v2|true_oos|T2|M30|BR|TradingSystemLab/results/true_oos_v2/T2/M30/trades.csv|419|T2-M30-BR-000057,LONG,2026-08-20 18:30:00+03:00,2026-08-21 12:00:00+03:00,2026-08-20,2026-08-21,2026,8,2026,8,3,4,18,12,-0.81000470461,-0.807465167967,0.00253953664325,0.857931740965,0.504665729979,EMA50_TREND_LOSS,93.0821095062,92.4461941552,,0 days 17:30:00,1050,17.5,SOURCE,SOURCE,SOURCE,UNAVAILABLE,DERIVED
v2,quarterly,true_oos,T2,M30,BR,V2_TRUE_OOS,TradingSystemLab/results/true_oos_v2/T2/M30/trades.csv,430,T2-M30-BR-000058,v2|true_oos|T2|M30|BR|TradingSystemLab/results/true_oos_v2/T2/M30/trades.csv|430|T2-M30-BR-000058,LONG,2026-09-02 17:30:00+03:00,2026-09-03 08:30:00+03:00,2026-09-02,2026-09-03,2026,9,2026,9,2,3,17,8,-0.0962026981923,-0.0942904368359,0.00191226135636,0.0956130678181,1.13779550704,ATR_TRAILING_STOP,94.83,94.7313833161,,0 days 15:00:00,900,15,SOURCE,SOURCE,SOURCE,UNAVAILABLE,DERIVED
v2,quarterly,true_oos,T2,M30,BR,V2_TRUE_OOS,TradingSystemLab/results/true_oos_v2/T2/M30/trades.csv,431,T2-M30-BR-000059,v2|true_oos|T2|M30|BR|TradingSystemLab/results/true_oos_v2/T2/M30/trades.csv|431|T2-M30-BR-000059,LONG,2026-09-04 19:00:00+03:00,2026-09-06 15:00:00+03:00,2026-09-04,2026-09-06,2026,9,2026,9,4,6,19,15,1.21257706404,1.21508450325,0.00250743920477,0.401190272763,1.90565379563,ATR_TRAILING_STOP,95.64,96.6091836204,,1 days 20:00:00,2640,44,SOURCE,SOURCE,SOURCE,UNAVAILABLE,DERIVED
v2,quarterly,true_oos,T2,M30,BR,V2_TRUE_OOS,TradingSystemLab/results/true_oos_v2/T2/M30/trades.csv,432,T2-M30-BR-000060,v2|true_oos|T2|M30|BR|TradingSystemLab/results/true_oos_v2/T2/M30/trades.csv|432|T2-M30-BR-000060,LONG,2026-09-07 14:00:00+03:00,2026-09-07 20:30:00+03:00,2026-09-07,2026-09-07,2026,9,2026,9,0,0,14,20,-0.550968833829,-0.548527893764,0.00244094006534,0.439369211762,0.878738423523,ATR_TRAILING_STOP,97.38,96.9305601292,,0 days 06:30:00,390,6.5,SOURCE,SOURCE,SOURCE,UNAVAILABLE,DERIVED
v2,quarterly,true_oos,T2,M30,BR,V2_TRUE_OOS,TradingSystemLab/results/true_oos_v2/T2/M30/trades.csv,434,T2-M30-BR-000061,v2|true_oos|T2|M30|BR|TradingSystemLab/results/true_oos_v2/T2/M30/trades.csv|434|T2-M30-BR-000061,LONG,2026-09-09 21:00:00+03:00,2026-09-10 09:00:00+03:00,2026-09-09,2026-09-10,2026,9,2026,9,2,3,21,9,-0.732833548272,-0.730660729762,0.00217281850949,0.412835516803,0.651845552847,ATR_TRAILING_STOP,101.13,100.457453511,,0 days 12:00:00,720,12,SOURCE,SOURCE,SOURCE,UNAVAILABLE,DERIVED
v2,quarterly,true_oos,T2,M30,CNY,V2_TRUE_OOS,TradingSystemLab/results/true_oos_v2/T2/M30/trades.csv,2,T2-M30-CNY-000001,v2|true_oos|T2|M30|CNY|TradingSystemLab/results/true_oos_v2/T2/M30/trades.csv|2|T2-M30-CNY-000001,LONG,2025-01-15 13:30:00+03:00,2025-01-15 20:00:00+03:00,2025-01-15,2025-01-15,2025,1,2025,1,2,2,13,20,-1.03769383225,-1,0.0376938322494,0.43254723152,0.478078519049,INITIAL_STOP,17.3916908607,17.3386317823,,0 days 06:30:00,390,6.5,SOURCE,SOURCE,SOURCE,UNAVAILABLE,DERIVED
v2,quarterly,true_oos,T2,M30,CNY,V2_TRUE_OOS,TradingSystemLab/results/true_oos_v2/T2/M30/trades.csv,4,T2-M30-CNY-000002,v2|true_oos|T2|M30|CNY|TradingSystemLab/results/true_oos_v2/T2/M30/trades.csv|4|T2-M30-CNY-000002,SHORT,2025-01-20 15:30:00+03:00,2025-01-20 18:00:00+03:00,2025-01-20,2025-01-20,2025,1,2025,1,0,0,15,18,-0.844597706262,-0.809935034201,0.0346626720609,0.669918018489,1.10955171812,ATR_TRAILING_STOP,17.1476901971,17.1944226032,,0 days 02:30:00,150,2.5,SOURCE,SOURCE,SOURCE,UNAVAILABLE,DERIVED
v2,quarterly,true_oos,T2,M30,CNY,V2_TRUE_OOS,TradingSystemLab/results/true_oos_v2/T2/M30/trades.csv,10,T2-M30-CNY-000003,v2|true_oos|T2|M30|CNY|TradingSystemLab/results/true_oos_v2/T2/M30/trades.csv|10|T2-M30-CNY-000003,SHORT,2025-01-24 18:30:00+03:00,2025-01-27 16:00:00+03:00,2025-01-24,2025-01-27,2025,1,2025,1,4,0,18,16,1.70518409302,1.72546978144,0.0202856884193,0.269539286063,3.00168750388,ATR_TRAILING_STOP,16.785312974,16.6151960181,,2 days 21:30:00,4170,69.5,SOURCE,SOURCE,SOURCE,UNAVAILABLE,DERIVED
v2,quarterly,true_oos,T2,M30,CNY,V2_TRUE_OOS,TradingSystemLab/results/true_oos_v2/T2/M30/trades.csv,12,T2-M30-CNY-000004,v2|true_oos|T2|M30|CNY|TradingSystemLab/results/true_oos_v2/T2/M30/trades.csv|12|T2-M30-CNY-000004,SHORT,2025-01-27 17:00:00+03:00,2025-01-27 18:30:00+03:00,2025-01-27,2025-01-27,2025,1,2025,1,0,0,17,18,-1.02943243988,-1,0.0294324398805,0.568834444426,0.391073680543,INITIAL_STOP,16.6077481347,16.6757003673,,0 days 01:30:00,90,1.5,SOURCE,SOURCE,SOURCE,UNAVAILABLE,DERIVED
v2,quarterly,true_oos,T2,M30,CNY,V2_TRUE_OOS,TradingSystemLab/results/true_oos_v2/T2/M30/trades.csv,15,T2-M30-CNY-000005,v2|true_oos|T2|M30|CNY|TradingSystemLab/results/true_oos_v2/T2/M30/trades.csv|15|T2-M30-CNY-000005,SHORT,2025-02-04 14:00:00+03:00,2025-02-04 21:30:00+03:00,2025-02-04,2025-02-04,2025,2,2025,2,1,1,14,21,-0.369698514334,-0.346561038951,0.0231374753829,0.251534822364,0.642811212709,ATR_TRAILING_STOP,16.4446783843,16.47463507,,0 days 07:30:00,450,7.5,SOURCE,SOURCE,SOURCE,UNAVAILABLE,DERIVED
v2,quarterly,true_oos,T2,M30,CNY,V2_TRUE_OOS,TradingSystemLab/results/true_oos_v2/T2/M30/trades.csv,19,T2-M30-CNY-000006,v2|true_oos|T2|M30|CNY|TradingSystemLab/results/true_oos_v2/T2/M30/trades.csv|19|T2-M30-CNY-000006,SHORT,2025-02-06 15:00:00+03:00,2025-02-06 16:30:00+03:00,2025-02-06,2025-02-06,2025,2,2025,2,3,3,15,16,-1.02327511502,-1,0.0232751150217,0.745036153486,0.590406008423,INITIAL_STOP,16.1088754909,16.1948041747,,0 days 01:30:00,90,1.5,SOURCE,SOURCE,SOURCE,UNAVAILABLE,DERIVED
v2,quarterly,true_oos,T2,M30,CNY,V2_TRUE_OOS,TradingSystemLab/results/true_oos_v2/T2/M30/trades.csv,25,T2-M30-CNY-000007,v2|true_oos|T2|M30|CNY|TradingSystemLab/results/true_oos_v2/T2/M30/trades.csv|25|T2-M30-CNY-000007,SHORT,2025-02-12 17:30:00+03:00,2025-02-12 22:30:00+03:00,2025-02-12,2025-02-12,2025,2,2025,2,2,2,17,22,8.28771996176,8.31863608022,0.0309161184621,0,13.2572349695,ATR_TRAILING_STOP,15.7537458122,15.2156034778,,0 days 05:00:00,300,5,SOURCE,SOURCE,SOURCE,UNAVAILABLE,DERIVED
v2,quarterly,true_oos,T2,M30,CNY,V2_TRUE_OOS,TradingSystemLab/results/true_oos_v2/T2/M30/trades.csv,27,T2-M30-CNY-000008,v2|true_oos|T2|M30|CNY|TradingSystemLab/results/true_oos_v2/T2/M30/trades.csv|27|T2-M30-CNY-000008,SHORT,2025-02-13 12:00:00+03:00,2025-02-14 10:30:00+03:00,2025-02-13,2025-02-14,2025,2,2025,2,3,4,12,10,-0.0109706327858,-0.00118459850765,0.00978603427819,0.916110947781,1.02249802559,ATR_TRAILING_STOP,15.1654867868,15.1657288866,,0 days 22:30:00,1350,22.5,SOURCE,SOURCE,SOURCE,UNAVAILABLE,DERIVED
v2,quarterly,true_oos,T2,M30,CNY,V2_TRUE_OOS,TradingSystemLab/results/true_oos_v2/T2/M30/trades.csv,29,T2-M30-CNY-000009,v2|true_oos|T2|M30|CNY|TradingSystemLab/results/true_oos_v2/T2/M30/trades.csv|29|T2-M30-CNY-000009,SHORT,2025-02-14 12:00:00+03:00,2025-02-14 13:30:00+03:00,2025-02-14,2025-02-14,2025,2,2025,2,4,4,12,13,-1.0151736827,-1,0.0151736827024,0.898104176975,0.100807611701,INITIAL_STOP,15.0543577717,15.1861649301,,0 days 01:30:00,90,1.5,SOURCE,SOURCE,SOURCE,UNAVAILABLE,DERIVED
v2,quarterly,true_oos,T2,M30,CNY,V2_TRUE_OOS,TradingSystemLab/results/true_oos_v2/T2/M30/trades.csv,32,T2-M30-CNY-000010,v2|true_oos|T2|M30|CNY|TradingSystemLab/results/true_oos_v2/T2/M30/trades.csv|32|T2-M30-CNY-000010,SHORT,2025-02-19 16:30:00+03:00,2025-02-19 18:00:00+03:00,2025-02-19,2025-02-19,2025,2,2025,2,2,2,16,18,-1.01945577893,-1,0.0194557789295,0.72853421798,0.0117505519029,INITIAL_STOP,15.0700607847,15.1728580053,,0 days 01:30:00,90,1.5,SOURCE,SOURCE,SOURCE,UNAVAILABLE,DERIVED
v2,quarterly,true_oos,T2,M30,CNY,V2_TRUE_OOS,TradingSystemLab/results/true_oos_v2/T2/M30/trades.csv,36,T2-M30-CNY-000011,v2|true_oos|T2|M30|CNY|TradingSystemLab/results/true_oos_v2/T2/M30/trades.csv|36|T2-M30-CNY-000011,SHORT,2025-02-26 13:00:00+03:00,2025-02-26 14:00:00+03:00,2025-02-26,2025-02-26,2025,2,2025,2,2,2,13,14,-1.01704056072,-1,0.0170405607204,0.514592589494,0.154377776848,INITIAL_STOP,14.2257218548,14.3430888848,,0 days 01:00:00,60,1,SOURCE,SOURCE,SOURCE,UNAVAILABLE,DERIVED
v2,quarterly,true_oos,T2,M30,CNY,V2_TRUE_OOS,TradingSystemLab/results/true_oos_v2/T2/M30/trades.csv,49,T2-M30-CNY-000012,v2|true_oos|T2|M30|CNY|TradingSystemLab/results/true_oos_v2/T2/M30/trades.csv|49|T2-M30-CNY-000012,SHORT,2025-03-18 19:30:00+03:00,2025-03-18 20:30:00+03:00,2025-03-18,2025-03-18,2025,3,2025,3,1,1,19,20,-1.01201468618,-1,0.0120146861754,0.631308048835,0.326538645949,INITIAL_STOP,13.5444526754,13.7109156168,,0 days 01:00:00,60,1,SOURCE,SOURCE,SOURCE,UNAVAILABLE,DERIVED
v2,quarterly,true_oos,T2,M30,CNY,V2_TRUE_OOS,TradingSystemLab/results/true_oos_v2/T2/M30/trades.csv,68,T2-M30-CNY-000013,v2|true_oos|T2|M30|CNY|TradingSystemLab/results/true_oos_v2/T2/M30/trades.csv|68|T2-M30-CNY-000013,SHORT,2025-04-14 11:00:00+03:00,2025-04-14 20:00:00+03:00,2025-04-14,2025-04-14,2025,4,2025,4,0,0,11,20,-0.456308638572,-0.443823238705,0.0124853998678,0.32441185626,0.295575246815,ATR_TRAILING_STOP,13.3935236312,13.4646183888,,0 days 09:00:00,540,9,SOURCE,SOURCE,SOURCE,UNAVAILABLE,DERIVED
v2,quarterly,true_oos,T2,M30,CNY,V2_TRUE_OOS,TradingSystemLab/results/true_oos_v2/T2/M30/trades.csv,71,T2-M30-CNY-000014,v2|true_oos|T2|M30|CNY|TradingSystemLab/results/true_oos_v2/T2/M30/trades.csv|71|T2-M30-CNY-000014,SHORT,2025-04-18 11:30:00+03:00,2025-04-18 12:00:00+03:00,2025-04-18,2025-04-18,2025,4,2025,4,4,4,11,12,-1.01851585359,-1,0.0185158535862,0,0,INITIAL_STOP,13.0967366357,13.2047521798,,0 days 00:30:00,30,0.5,SOURCE,SOURCE,SOURCE,UNAVAILABLE,DERIVED
v2,quarterly,true_oos,T2,M30,CNY,V2_TRUE_OOS,TradingSystemLab/results/true_oos_v2/T2/M30/trades.csv,72,T2-M30-CNY-000015,v2|true_oos|T2|M30|CNY|TradingSystemLab/results/true_oos_v2/T2/M30/trades.csv|72|T2-M30-CNY-000015,SHORT,2025-04-18 19:00:00+03:00,2025-04-21 12:30:00+03:00,2025-04-18,2025-04-21,2025,4,2025,4,4,0,19,12,-0.701522144996,-0.680213124584,0.021309020412,0.664414334196,1.09505325451,ATR_TRAILING_STOP,13.1775735606,13.2414163005,,2 days 17:30:00,3930,65.5,SOURCE,SOURCE,SOURCE,UNAVAILABLE,DERIVED
v2,quarterly,true_oos,T2,M30,CNY,V2_TRUE_OOS,TradingSystemLab/results/true_oos_v2/T2/M30/trades.csv,82,T2-M30-CNY-000016,v2|true_oos|T2|M30|CNY|TradingSystemLab/results/true_oos_v2/T2/M30/trades.csv|82|T2-M30-CNY-000016,SHORT,2025-05-12 11:30:00+03:00,2025-05-13 10:30:00+03:00,2025-05-12,2025-05-13,2025,5,2025,5,0,1,11,10,0.335551690976,0.358588105169,0.0230364141933,0.133013777321,1.05080884084,ATR_TRAILING_STOP,13.1717994945,13.1406672096,,0 days 23:00:00,1380,23,SOURCE,SOURCE,SOURCE,UNAVAILABLE,DERIVED
v2,quarterly,true_oos,T2,M30,CNY,V2_TRUE_OOS,TradingSystemLab/results/true_oos_v2/T2/M30/trades.csv,83,T2-M30-CNY-000017,v2|true_oos|T2|M30|CNY|TradingSystemLab/results/true_oos_v2/T2/M30/trades.csv|83|T2-M30-CNY-000017,SHORT,2025-05-13 14:30:00+03:00,2025-05-14 11:00:00+03:00,2025-05-13,2025-05-14,2025,5,2025,5,1,2,14,11,0.0226596824283,0.0593257157965,0.0366660333683,0.550451456883,1.18558775329,ATR_TRAILING_STOP,13.1209877132,13.1177517091,,0 days 20:30:00,1230,20.5,SOURCE,SOURCE,SOURCE,UNAVAILABLE,DERIVED
v2,quarterly,true_oos,T2,M30,CNY,V2_TRUE_OOS,TradingSystemLab/results/true_oos_v2/T2/M30/trades.csv,89,T2-M30-CNY-000018,v2|true_oos|T2|M30|CNY|TradingSystemLab/results/true_oos_v2/T2/M30/trades.csv|89|T2-M30-CNY-000018,SHORT,2025-05-22 14:30:00+03:00,2025-05-22 15:30:00+03:00,2025-05-22,2025-05-22,2025,5,2025,5,3,3,14,15,-1.02760222095,-1,0.0276022209489,0.780947530998,0.0159377047143,INITIAL_STOP,12.8576903009,12.9301482384,,0 days 01:00:00,60,1,SOURCE,SOURCE,SOURCE,UNAVAILABLE,DERIVED
v2,quarterly,true_oos,T2,M30,CNY,V2_TRUE_OOS,TradingSystemLab/results/true_oos_v2/T2/M30/trades.csv,93,T2-M30-CNY-000019,v2|true_oos|T2|M30|CNY|TradingSystemLab/results/true_oos_v2/T2/M30/trades.csv|93|T2-M30-CNY-000019,SHORT,2025-05-28 20:00:00+03:00,2025-05-30 09:30:00+03:00,2025-05-28,2025-05-30,2025,5,2025,5,2,4,20,9,1.78972426576,1.81750105072,0.0277767849633,0.192461989552,2.69446785373,ATR_TRAILING_STOP,12.8392132895,12.7083485365,,1 days 13:30:00,2250,37.5,SOURCE,SOURCE,SOURCE,UNAVAILABLE,DERIVED
v2,quarterly,true_oos,T2,M30,CNY,V2_TRUE_OOS,TradingSystemLab/results/true_oos_v2/T2/M30/trades.csv,95,T2-M30-CNY-000020,v2|true_oos|T2|M30|CNY|TradingSystemLab/results/true_oos_v2/T2/M30/trades.csv|95|T2-M30-CNY-000020,SHORT,2025-05-30 12:00:00+03:00,2025-05-30 17:00:00+03:00,2025-05-30,2025-05-30,2025,5,2025,5,4,4,12,17,-0.75823170158,-0.721715100239,0.0365166013412,0.569293024695,0.843397073623,ATR_TRAILING_STOP,12.678694253,12.7182223073,,0 days 05:00:00,300,5,SOURCE,SOURCE,SOURCE,UNAVAILABLE,DERIVED
v2,quarterly,true_oos,T2,M30,CNY,V2_TRUE_OOS,TradingSystemLab/results/true_oos_v2/T2/M30/trades.csv,100,T2-M30-CNY-000021,v2|true_oos|T2|M30|CNY|TradingSystemLab/results/true_oos_v2/T2/M30/trades.csv|100|T2-M30-CNY-000021,SHORT,2025-06-13 12:30:00+03:00,2025-06-16 10:30:00+03:00,2025-06-13,2025-06-16,2025,6,2025,6,4,0,12,10,0.504012905028,0.524972201576,0.020959296548,0.423571269886,1.42804028133,ATR_TRAILING_STOP,12.6117150867,12.5616206382,,2 days 22:00:00,4200,70,SOURCE,SOURCE,SOURCE,UNAVAILABLE,DERIVED
v2,quarterly,true_oos,T2,M30,CNY,V2_TRUE_OOS,TradingSystemLab/results/true_oos_v2/T2/M30/trades.csv,103,T2-M30-CNY-000022,v2|true_oos|T2|M30|CNY|TradingSystemLab/results/true_oos_v2/T2/M30/trades.csv|103|T2-M30-CNY-000022,SHORT,2025-06-18 12:00:00+03:00,2025-06-18 17:30:00+03:00,2025-06-18,2025-06-18,2025,6,2025,6,2,2,12,17,-0.589613825573,-0.549118387208,0.0404954383649,0.350735004329,0.701470008658,ATR_TRAILING_STOP,12.5447359205,12.5718559325,,0 days 05:30:00,330,5.5,SOURCE,SOURCE,SOURCE,UNAVAILABLE,DERIVED
v2,quarterly,true_oos,T2,M30,CNY,V2_TRUE_OOS,TradingSystemLab/results/true_oos_v2/T2/M30/trades.csv,118,T2-M30-CNY-000023,v2|true_oos|T2|M30|CNY|TradingSystemLab/results/true_oos_v2/T2/M30/trades.csv|118|T2-M30-CNY-000023,SHORT,2025-07-14 17:00:00+03:00,2025-07-16 00:00:00+03:00,2025-07-14,2025-07-16,2025,7,2025,7,0,2,17,0,0.680496776951,0.726663558644,0.0461667816928,0.584341220074,1.52436840019,ATR_TRAILING_STOP,12.3941298087,12.3626498774,,1 days 07:00:00,1860,31,SOURCE,SOURCE,SOURCE,UNAVAILABLE,DERIVED
v2,quarterly,true_oos,T2,M30,CNY,V2_TRUE_OOS,TradingSystemLab/results/true_oos_v2/T2/M30/trades.csv,124,T2-M30-CNY-000024,v2|true_oos|T2|M30|CNY|TradingSystemLab/results/true_oos_v2/T2/M30/trades.csv|124|T2-M30-CNY-000024,LONG,2025-07-24 18:00:00+03:00,2025-07-25 12:30:00+03:00,2025-07-24,2025-07-25,2025,7,2025,7,3,4,18,12,-0.206144714545,-0.15591791618,0.0502267983649,0.359325413575,1.21617832287,ATR_TRAILING_STOP,12.5085947319,12.5023861771,,0 days 18:30:00,1110,18.5,SOURCE,SOURCE,SOURCE,UNAVAILABLE,DERIVED
v2,quarterly,true_oos,T2,M30,CNY,V2_TRUE_OOS,TradingSystemLab/results/true_oos_v2/T2/M30/trades.csv,126,T2-M30-CNY-000025,v2|true_oos|T2|M30|CNY|TradingSystemLab/results/true_oos_v2/T2/M30/trades.csv|126|T2-M30-CNY-000025,LONG,2025-07-25 16:30:00+03:00,2025-07-25 19:00:00+03:00,2025-07-25,2025-07-25,2025,7,2025,7,4,4,16,19,-0.621060071267,-0.581897293616,0.0391627776514,0.560345542,0.237069267769,EMA50_TREND_LOSS,12.5218022231,12.492085368,,0 days 02:30:00,150,2.5,SOURCE,SOURCE,SOURCE,UNAVAILABLE,DERIVED
v2,quarterly,true_oos,T2,M30,CNY,V2_TRUE_OOS,TradingSystemLab/results/true_oos_v2/T2/M30/trades.csv,128,T2-M30-CNY-000026,v2|true_oos|T2|M30|CNY|TradingSystemLab/results/true_oos_v2/T2/M30/trades.csv|128|T2-M30-CNY-000026,LONG,2025-07-29 15:00:00+03:00,2025-07-30 10:00:00+03:00,2025-07-29,2025-07-30,2025,7,2025,7,1,2,15,10,-0.698808162837,-0.671773133286,0.0270350295511,0.714129826421,0.624863598119,ATR_TRAILING_STOP,12.9037188418,12.8540223447,,0 days 19:00:00,1140,19,SOURCE,SOURCE,SOURCE,UNAVAILABLE,DERIVED
v2,quarterly,true_oos,T2,M30,CNY,V2_TRUE_OOS,TradingSystemLab/results/true_oos_v2/T2/M30/trades.csv,131,T2-M30-CNY-000027,v2|true_oos|T2|M30|CNY|TradingSystemLab/results/true_oos_v2/T2/M30/trades.csv|131|T2-M30-CNY-000027,SHORT,2025-08-01 16:30:00+03:00,2025-08-04 09:30:00+03:00,2025-08-01,2025-08-04,2025,8,2025,8,4,0,16,9,-0.962177032647,-0.915158454524,0.047018578123,0.672747241703,0.336373620852,ATR_TRAILING_STOP,12.4678716343,12.50679916,,2 days 17:00:00,3900,65,SOURCE,SOURCE,SOURCE,UNAVAILABLE,DERIVED
v2,quarterly,true_oos,T2,M30,CNY,V2_TRUE_OOS,TradingSystemLab/results/true_oos_v2/T2/M30/trades.csv,134,T2-M30-CNY-000028,v2|true_oos|T2|M30|CNY|TradingSystemLab/results/true_oos_v2/T2/M30/trades.csv|134|T2-M30-CNY-000028,LONG,2025-08-18 17:00:00+03:00,2025-08-18 22:00:00+03:00,2025-08-18,2025-08-18,2025,8,2025,8,0,0,17,22,-1.01769442089,-0.884347685798,0.133346735088,0.0733823259148,2.05470512561,ATR_TRAILING_STOP,12.4777772526,12.4645133705,,0 days 05:00:00,300,5,SOURCE,SOURCE,SOURCE,UNAVAILABLE,DERIVED
v2,quarterly,true_oos,T2,M30,CNY,V2_TRUE_OOS,TradingSystemLab/results/true_oos_v2/T2/M30/trades.csv,140,T2-M30-CNY-000029,v2|true_oos|T2|M30|CNY|TradingSystemLab/results/true_oos_v2/T2/M30/trades.csv|140|T2-M30-CNY-000029,LONG,2025-08-25 13:00:00+03:00,2025-08-25 16:00:00+03:00,2025-08-25,2025-08-25,2025,8,2025,8,0,0,13,16,-1.0921442569,-1,0.0921442569037,0.912745842353,0.811329637648,INITIAL_STOP,12.5416134598,12.5199083631,,0 days 03:00:00,180,3,SOURCE,SOURCE,SOURCE,UNAVAILABLE,DERIVED
v2,quarterly,true_oos,T2,M30,CNY,V2_TRUE_OOS,TradingSystemLab/results/true_oos_v2/T2/M30/trades.csv,147,T2-M30-CNY-000030,v2|true_oos|T2|M30|CNY|TradingSystemLab/results/true_oos_v2/T2/M30/trades.csv|147|T2-M30-CNY-000030,LONG,2025-09-03 17:00:00+03:00,2025-09-03 22:30:00+03:00,2025-09-03,2025-09-03,2025,9,2025,9,2,2,17,22,-1.14571508715,-1,0.145715087148,0.962265361088,0.481132680544,INITIAL_STOP,12.5339090899,12.5201836752,,0 days 05:30:00,330,5.5,SOURCE,SOURCE,SOURCE,UNAVAILABLE,DERIVED
v2,quarterly,true_oos,T2,M30,CNY,V2_TRUE_OOS,TradingSystemLab/results/true_oos_v2/T2/M30/trades.csv,156,T2-M30-CNY-000031,v2|true_oos|T2|M30|CNY|TradingSystemLab/results/true_oos_v2/T2/M30/trades.csv|156|T2-M30-CNY-000031,LONG,2025-09-10 17:30:00+03:00,2025-09-11 11:00:00+03:00,2025-09-10,2025-09-11,2025,9,2025,9,2,3,17,11,1.15564305598,1.19120294789,0.0355598919075,0.489225997121,2.70052750411,ATR_TRAILING_STOP,13.1491580521,13.216155047,,0 days 17:30:00,1050,17.5,SOURCE,SOURCE,SOURCE,UNAVAILABLE,DERIVED
v2,quarterly,true_oos,T2,M30,CNY,V2_TRUE_OOS,TradingSystemLab/results/true_oos_v2/T2/M30/trades.csv,170,T2-M30-CNY-000032,v2|true_oos|T2|M30|CNY|TradingSystemLab/results/true_oos_v2/T2/M30/trades.csv|170|T2-M30-CNY-000032,SHORT,2025-09-29 14:00:00+03:00,2025-09-30 10:30:00+03:00,2025-09-29,2025-09-30,2025,9,2025,9,0,1,14,10,0.145454462036,0.195402346457,0.0499478844213,0.551134301694,1.44344698063,ATR_TRAILING_STOP,12.6041942871,12.596370038,,0 days 20:30:00,1230,20.5,SOURCE,SOURCE,SOURCE,UNAVAILABLE,DERIVED
v2,quarterly,true_oos,T2,M30,CNY,V2_TRUE_OOS,TradingSystemLab/results/true_oos_v2/T2/M30/trades.csv,175,T2-M30-CNY-000033,v2|true_oos|T2|M30|CNY|TradingSystemLab/results/true_oos_v2/T2/M30/trades.csv|175|T2-M30-CNY-000033,SHORT,2025-09-30 12:00:00+03:00,2025-10-01 15:00:00+03:00,2025-09-30,2025-10-01,2025,9,2025,10,1,2,12,15,2.83019949045,2.86131473724,0.0311152467928,0.261585870181,4.25077039044,ATR_TRAILING_STOP,12.527480415,12.3435632019,,1 days 03:00:00,1620,27,SOURCE,SOURCE,SOURCE,UNAVAILABLE,DERIVED
v2,quarterly,true_oos,T2,M30,CNY,V2_TRUE_OOS,TradingSystemLab/results/true_oos_v2/T2/M30/trades.csv,177,T2-M30-CNY-000034,v2|true_oos|T2|M30|CNY|TradingSystemLab/results/true_oos_v2/T2/M30/trades.csv|177|T2-M30-CNY-000034,SHORT,2025-10-01 19:30:00+03:00,2025-10-02 10:30:00+03:00,2025-10-01,2025-10-02,2025,10,2025,10,2,3,19,10,0.0575487197565,0.0882644563852,0.0307157366288,0.274366387627,1.32341434032,ATR_TRAILING_STOP,12.2857791738,12.2800319924,,0 days 15:00:00,900,15,SOURCE,SOURCE,SOURCE,UNAVAILABLE,DERIVED
v2,quarterly,true_oos,T2,M30,CNY,V2_TRUE_OOS,TradingSystemLab/results/true_oos_v2/T2/M30/trades.csv,178,T2-M30-CNY-000035,v2|true_oos|T2|M30|CNY|TradingSystemLab/results/true_oos_v2/T2/M30/trades.csv|178|T2-M30-CNY-000035,SHORT,2025-10-02 11:30:00+03:00,2025-10-02 13:00:00+03:00,2025-10-02,2025-10-02,2025,10,2025,10,3,3,11,13,-1.04869944088,-1,0.0486994408756,0.716478322711,0.281473626779,INITIAL_STOP,12.2521511751,12.2932194084,,0 days 01:30:00,90,1.5,SOURCE,SOURCE,SOURCE,UNAVAILABLE,DERIVED
v2,quarterly,true_oos,T2,M30,CNY,V2_TRUE_OOS,TradingSystemLab/results/true_oos_v2/T2/M30/trades.csv,182,T2-M30-CNY-000036,v2|true_oos|T2|M30|CNY|TradingSystemLab/results/true_oos_v2/T2/M30/trades.csv|182|T2-M30-CNY-000036,SHORT,2025-10-08 16:30:00+03:00,2025-10-09 10:00:00+03:00,2025-10-08,2025-10-09,2025,10,2025,10,2,3,16,10,0.500670233918,0.55357098883,0.0529007549119,0,2.362663348,ATR_TRAILING_STOP,12.2794739241,12.2585452629,,0 days 17:30:00,1050,17.5,SOURCE,SOURCE,SOURCE,UNAVAILABLE,DERIVED
v2,quarterly,true_oos,T2,M30,CNY,V2_TRUE_OOS,TradingSystemLab/results/true_oos_v2/T2/M30/trades.csv,191,T2-M30-CNY-000037,v2|true_oos|T2|M30|CNY|TradingSystemLab/results/true_oos_v2/T2/M30/trades.csv|191|T2-M30-CNY-000037,LONG,2025-10-21 12:00:00+03:00,2025-10-21 15:30:00+03:00,2025-10-21,2025-10-21,2025,10,2025,10,1,1,12,15,-0.153996499775,-0.126168911992,0.0278275877823,0.321676467605,1.49140907708,ATR_TRAILING_STOP,12.2363880507,12.2273201492,,0 days 03:30:00,210,3.5,SOURCE,SOURCE,SOURCE,UNAVAILABLE,DERIVED
v2,quarterly,true_oos,T2,M30,CNY,V2_TRUE_OOS,TradingSystemLab/results/true_oos_v2/T2/M30/trades.csv,195,T2-M30-CNY-000038,v2|true_oos|T2|M30|CNY|TradingSystemLab/results/true_oos_v2/T2/M30/trades.csv|195|T2-M30-CNY-000038,LONG,2025-10-31 12:30:00+03:00,2025-10-31 16:30:00+03:00,2025-10-31,2025-10-31,2025,10,2025,10,4,4,12,16,-1.0346281536,-1,0.0346281536045,0.818771840613,0.327508736245,INITIAL_STOP,12.1691320531,12.1113755807,,0 days 04:00:00,240,4,SOURCE,SOURCE,SOURCE,UNAVAILABLE,DERIVED
v2,quarterly,true_oos,T2,M30,CNY,V2_TRUE_OOS,TradingSystemLab/results/true_oos_v2/T2/M30/trades.csv,198,T2-M30-CNY-000039,v2|true_oos|T2|M30|CNY|TradingSystemLab/results/true_oos_v2/T2/M30/trades.csv|198|T2-M30-CNY-000039,LONG,2025-11-06 11:30:00+03:00,2025-11-06 13:00:00+03:00,2025-11-06,2025-11-06,2025,11,2025,11,3,3,11,13,-0.783082708813,-0.753217992117,0.0298647166955,0.76891003362,0.0156920415024,EMA50_TREND_LOSS,12.1954039272,12.144961929,,0 days 01:30:00,90,1.5,SOURCE,SOURCE,SOURCE,UNAVAILABLE,DERIVED
v2,quarterly,true_oos,T2,M30,CNY,V2_TRUE_OOS,TradingSystemLab/results/true_oos_v2/T2/M30/trades.csv,202,T2-M30-CNY-000040,v2|true_oos|T2|M30|CNY|TradingSystemLab/results/true_oos_v2/T2/M30/trades.csv|202|T2-M30-CNY-000040,LONG,2025-11-14 15:30:00+03:00,2025-11-14 17:00:00+03:00,2025-11-14,2025-11-14,2025,11,2025,11,4,4,15,17,-1.06663897406,-1,0.0666389740611,0.840350751538,0.280116917179,INITIAL_STOP,12.1365549293,12.1065424625,,0 days 01:30:00,90,1.5,SOURCE,SOURCE,SOURCE,UNAVAILABLE,DERIVED
v2,quarterly,true_oos,T2,M30,CNY,V2_TRUE_OOS,TradingSystemLab/results/true_oos_v2/T2/M30/trades.csv,207,T2-M30-CNY-000041,v2|true_oos|T2|M30|CNY|TradingSystemLab/results/true_oos_v2/T2/M30/trades.csv|207|T2-M30-CNY-000041,SHORT,2025-11-27 18:30:00+03:00,2025-11-28 10:00:00+03:00,2025-11-27,2025-11-28,2025,11,2025,11,3,4,18,10,-0.590495335149,-0.524493076985,0.0660022581645,0.45084078326,0.762961325517,ATR_TRAILING_STOP,11.6773225712,11.693215757,,0 days 15:30:00,930,15.5,SOURCE,SOURCE,SOURCE,UNAVAILABLE,DERIVED
v2,quarterly,true_oos,T2,M30,CNY,V2_TRUE_OOS,TradingSystemLab/results/true_oos_v2/T2/M30/trades.csv,208,T2-M30-CNY-000042,v2|true_oos|T2|M30|CNY|TradingSystemLab/results/true_oos_v2/T2/M30/trades.csv|208|T2-M30-CNY-000042,SHORT,2025-11-28 11:00:00+03:00,2025-12-01 10:00:00+03:00,2025-11-28,2025-12-01,2025,11,2025,12,4,0,11,10,1.35496801466,1.38965766349,0.0346896488307,0.218726900257,2.31485969439,ATR_TRAILING_STOP,11.6678646965,11.587745254,,2 days 23:00:00,4260,71,SOURCE,SOURCE,SOURCE,UNAVAILABLE,DERIVED
v2,quarterly,true_oos,T2,M30,CNY,V2_TRUE_OOS,TradingSystemLab/results/true_oos_v2/T2/M30/trades.csv,209,T2-M30-CNY-000043,v2|true_oos|T2|M30|CNY|TradingSystemLab/results/true_oos_v2/T2/M30/trades.csv|209|T2-M30-CNY-000043,SHORT,2025-12-01 13:30:00+03:00,2025-12-01 16:30:00+03:00,2025-12-01,2025-12-01,2025,12,2025,12,0,0,13,16,-1.07274373165,-1,0.0727437316513,0.993779360494,0.038222283096,INITIAL_STOP,11.5764385749,11.6039323528,,0 days 03:00:00,180,3,SOURCE,SOURCE,SOURCE,UNAVAILABLE,DERIVED
v2,quarterly,true_oos,T2,M30,CNY,V2_TRUE_OOS,TradingSystemLab/results/true_oos_v2/T2/M30/trades.csv,216,T2-M30-CNY-000044,v2|true_oos|T2|M30|CNY|TradingSystemLab/results/true_oos_v2/T2/M30/trades.csv|216|T2-M30-CNY-000044,LONG,2025-12-10 14:00:00+03:00,2025-12-11 10:30:00+03:00,2025-12-10,2025-12-11,2025,12,2025,12,2,3,14,10,3.49545763255,3.54106221771,0.0456045851569,0,5.12794468335,ATR_TRAILING_STOP,11.5659298253,11.7212239566,,0 days 20:30:00,1230,20.5,SOURCE,SOURCE,SOURCE,UNAVAILABLE,DERIVED
v2,quarterly,true_oos,T2,M30,CNY,V2_TRUE_OOS,TradingSystemLab/results/true_oos_v2/T2/M30/trades.csv,217,T2-M30-CNY-000045,v2|true_oos|T2|M30|CNY|TradingSystemLab/results/true_oos_v2/T2/M30/trades.csv|217|T2-M30-CNY-000045,LONG,2025-12-11 17:30:00+03:00,2025-12-12 09:30:00+03:00,2025-12-11,2025-12-12,2025,12,2025,12,3,4,17,9,-0.670133026482,-0.648674707519,0.0214583189634,0.856900384279,0.248050111239,ATR_TRAILING_STOP,11.8811923137,11.8207332713,,0 days 16:00:00,960,16,SOURCE,SOURCE,SOURCE,UNAVAILABLE,DERIVED
v2,quarterly,true_oos,T2,M30,CNY,V2_TRUE_OOS,TradingSystemLab/results/true_oos_v2/T2/M30/trades.csv,223,T2-M30-CNY-000046,v2|true_oos|T2|M30|CNY|TradingSystemLab/results/true_oos_v2/T2/M30/trades.csv|223|T2-M30-CNY-000046,LONG,2025-12-15 19:00:00+03:00,2025-12-16 12:30:00+03:00,2025-12-15,2025-12-16,2025,12,2025,12,0,1,19,12,-0.250994019444,-0.2139732276,0.0370207918436,0.4084943436,0.5446591248,EMA50_TREND_LOSS,11.8370555653,11.8254959407,,0 days 17:30:00,1050,17.5,SOURCE,SOURCE,SOURCE,UNAVAILABLE,DERIVED
v2,quarterly,true_oos,T2,M30,CNY,V2_TRUE_OOS,TradingSystemLab/results/true_oos_v2/T2/M30/trades.csv,227,T2-M30-CNY-000047,v2|true_oos|T2|M30|CNY|TradingSystemLab/results/true_oos_v2/T2/M30/trades.csv|227|T2-M30-CNY-000047,LONG,2025-12-17 18:30:00+03:00,2025-12-18 10:30:00+03:00,2025-12-17,2025-12-18,2025,12,2025,12,2,3,18,10,-1.21364491389,-1.17623013456,0.0374147793343,0.64875120402,0.294886910918,ATR_TRAILING_STOP,11.9673640605,11.9044888997,,0 days 16:00:00,960,16,SOURCE,SOURCE,SOURCE,UNAVAILABLE,DERIVED
v2,quarterly,true_oos,T2,M30,CNY,V2_TRUE_OOS,TradingSystemLab/results/true_oos_v2/T2/M30/trades.csv,231,T2-M30-CNY-000048,v2|true_oos|T2|M30|CNY|TradingSystemLab/results/true_oos_v2/T2/M30/trades.csv|231|T2-M30-CNY-000048,SHORT,2025-12-23 16:00:00+03:00,2025-12-24 09:30:00+03:00,2025-12-23,2025-12-24,2025,12,2025,12,1,2,16,9,-0.549097848117,-0.524194364469,0.0249034836474,0.528814077764,0.314770284384,ATR_TRAILING_STOP,11.5546245355,11.5967226108,,0 days 17:30:00,1050,17.5,SOURCE,SOURCE,SOURCE,UNAVAILABLE,DERIVED
v2,quarterly,true_oos,T2,M30,CNY,V2_TRUE_OOS,TradingSystemLab/results/true_oos_v2/T2/M30/trades.csv,236,T2-M30-CNY-000049,v2|true_oos|T2|M30|CNY|TradingSystemLab/results/true_oos_v2/T2/M30/trades.csv|236|T2-M30-CNY-000049,SHORT,2025-12-26 17:00:00+03:00,2025-12-29 09:30:00+03:00,2025-12-26,2025-12-29,2025,12,2025,12,4,0,17,9,-0.569201760805,-0.536067600678,0.0331341601264,0.653332388327,0.0335042250424,EMA50_TREND_LOSS,11.4595746793,11.4919320772,,2 days 16:30:00,3870,64.5,SOURCE,SOURCE,SOURCE,UNAVAILABLE,DERIVED
v2,quarterly,true_oos,T2,M30,CNY,V2_TRUE_OOS,TradingSystemLab/results/true_oos_v2/T2/M30/trades.csv,239,T2-M30-CNY-000050,v2|true_oos|T2|M30|CNY|TradingSystemLab/results/true_oos_v2/T2/M30/trades.csv|239|T2-M30-CNY-000050,LONG,2026-01-06 13:30:00+03:00,2026-01-06 15:30:00+03:00,2026-01-06,2026-01-06,2026,1,2026,1,1,1,13,15,-1.04299664188,-1,0.0429966418837,0.695629723642,0.347814861821,INITIAL_STOP,11.8195507303,11.7730354698,,0 days 02:00:00,120,2,SOURCE,SOURCE,SOURCE,UNAVAILABLE,DERIVED
v2,quarterly,true_oos,T2,M30,CNY,V2_TRUE_OOS,TradingSystemLab/results/true_oos_v2/T2/M30/trades.csv,246,T2-M30-CNY-000051,v2|true_oos|T2|M30|CNY|TradingSystemLab/results/true_oos_v2/T2/M30/trades.csv|246|T2-M30-CNY-000051,SHORT,2026-01-16 11:30:00+03:00,2026-01-16 18:00:00+03:00,2026-01-16,2026-01-16,2026,1,2026,1,4,4,11,18,-1.03842939592,-1,0.038429395918,0.738313431191,0.155434406567,INITIAL_STOP,11.5111442822,11.5631877752,,0 days 06:30:00,390,6.5,SOURCE,SOURCE,SOURCE,UNAVAILABLE,DERIVED
v2,quarterly,true_oos,T2,M30,CNY,V2_TRUE_OOS,TradingSystemLab/results/true_oos_v2/T2/M30/trades.csv,252,T2-M30-CNY-000052,v2|true_oos|T2|M30|CNY|TradingSystemLab/results/true_oos_v2/T2/M30/trades.csv|252|T2-M30-CNY-000052,SHORT,2026-01-23 15:00:00+03:00,2026-01-26 09:30:00+03:00,2026-01-23,2026-01-26,2026,1,2026,1,4,0,15,9,0.0427604100508,0.105941344333,0.0631809342826,0.798582276011,1.6610511341,ATR_TRAILING_STOP,11.2047601713,11.2014065855,,2 days 18:30:00,3990,66.5,SOURCE,SOURCE,SOURCE,UNAVAILABLE,DERIVED
v2,quarterly,true_oos,T2,M30,CNY,V2_TRUE_OOS,TradingSystemLab/results/true_oos_v2/T2/M30/trades.csv,256,T2-M30-CNY-000053,v2|true_oos|T2|M30|CNY|TradingSystemLab/results/true_oos_v2/T2/M30/trades.csv|256|T2-M30-CNY-000053,SHORT,2026-01-27 13:30:00+03:00,2026-01-27 14:00:00+03:00,2026-01-27,2026-01-27,2026,1,2026,1,1,1,13,14,-0.467393694393,-0.434351112465,0.0330425819276,0,0,EMA50_TREND_LOSS,11.2805978225,11.3068882083,,0 days 00:30:00,30,0.5,SOURCE,SOURCE,SOURCE,UNAVAILABLE,DERIVED
v2,quarterly,true_oos,T2,M30,CNY,V2_TRUE_OOS,TradingSystemLab/results/true_oos_v2/T2/M30/trades.csv,259,T2-M30-CNY-000054,v2|true_oos|T2|M30|CNY|TradingSystemLab/results/true_oos_v2/T2/M30/trades.csv|259|T2-M30-CNY-000054,SHORT,2026-01-27 16:30:00+03:00,2026-01-28 11:00:00+03:00,2026-01-27,2026-01-28,2026,1,2026,1,1,2,16,11,0.318110415179,0.367713041481,0.0496026263022,0.0250783111445,2.03134320271,ATR_TRAILING_STOP,11.2866648346,11.2718384809,,0 days 18:30:00,1110,18.5,SOURCE,SOURCE,SOURCE,UNAVAILABLE,DERIVED
v2,quarterly,true_oos,T2,M30,CNY,V2_TRUE_OOS,TradingSystemLab/results/true_oos_v2/T2/M30/trades.csv,275,T2-M30-CNY-000055,v2|true_oos|T2|M30|CNY|TradingSystemLab/results/true_oos_v2/T2/M30/trades.csv|275|T2-M30-CNY-000055,SHORT,2026-02-18 12:00:00+03:00,2026-02-18 14:00:00+03:00,2026-02-18,2026-02-18,2026,2,2026,2,2,2,12,14,-1.07104847052,-1,0.0710484705207,0.287367953335,0.826182865837,INITIAL_STOP,11.1592575806,11.1874073773,,0 days 02:00:00,120,2,SOURCE,SOURCE,SOURCE,UNAVAILABLE,DERIVED
v2,quarterly,true_oos,T2,M30,CNY,V2_TRUE_OOS,TradingSystemLab/results/true_oos_v2/T2/M30/trades.csv,288,T2-M30-CNY-000056,v2|true_oos|T2|M30|CNY|TradingSystemLab/results/true_oos_v2/T2/M30/trades.csv|288|T2-M30-CNY-000056,LONG,2026-03-11 11:30:00+03:00,2026-03-11 21:00:00+03:00,2026-03-11,2026-03-11,2026,3,2026,3,2,2,11,21,-0.426938918456,-0.38948999364,0.037448924816,0.473339749615,0.757343599384,ATR_TRAILING_STOP,11.6547302351,11.6339291042,,0 days 09:30:00,570,9.5,SOURCE,SOURCE,SOURCE,UNAVAILABLE,DERIVED
v2,quarterly,true_oos,T2,M30,CNY,V2_TRUE_OOS,TradingSystemLab/results/true_oos_v2/T2/M30/trades.csv,290,T2-M30-CNY-000057,v2|true_oos|T2|M30|CNY|TradingSystemLab/results/true_oos_v2/T2/M30/trades.csv|290|T2-M30-CNY-000057,LONG,2026-03-13 11:30:00+03:00,2026-03-13 17:30:00+03:00,2026-03-13,2026-03-13,2026,3,2026,3,4,4,11,17,-0.405819217961,-0.371246278446,0.034572939515,0.244713515909,0.80405869513,ATR_TRAILING_STOP,11.7831486578,11.7616725389,,0 days 06:00:00,360,6,SOURCE,SOURCE,SOURCE,UNAVAILABLE,DERIVED
v2,quarterly,true_oos,T2,M30,CNY,V2_TRUE_OOS,TradingSystemLab/results/true_oos_v2/T2/M30/trades.csv,291,T2-M30-CNY-000058,v2|true_oos|T2|M30|CNY|TradingSystemLab/results/true_oos_v2/T2/M30/trades.csv|291|T2-M30-CNY-000058,LONG,2026-03-13 19:00:00+03:00,2026-03-16 10:30:00+03:00,2026-03-13,2026-03-16,2026,3,2026,3,4,0,19,10,-0.479132538966,-0.447607228038,0.0315253109284,0.350651478303,0.525977217455,ATR_TRAILING_STOP,11.7851709951,11.7567743059,,2 days 15:30:00,3810,63.5,SOURCE,SOURCE,SOURCE,UNAVAILABLE,DERIVED
v2,quarterly,true_oos,T2,M30,CNY,V2_TRUE_OOS,TradingSystemLab/results/true_oos_v2/T2/M30/trades.csv,302,T2-M30-CNY-000059,v2|true_oos|T2|M30|CNY|TradingSystemLab/results/true_oos_v2/T2/M30/trades.csv|302|T2-M30-CNY-000059,LONG,2026-03-19 16:30:00+03:00,2026-03-20 09:30:00+03:00,2026-03-19,2026-03-20,2026,3,2026,3,3,4,16,9,-0.667695051395,-0.652802308817,0.0148927425783,0.876614053675,0.266795581553,ATR_TRAILING_STOP,12.5380812286,12.4504140571,,0 days 17:00:00,1020,17,SOURCE,SOURCE,SOURCE,UNAVAILABLE,DERIVED
v2,quarterly,true_oos,T2,M30,CNY,V2_TRUE_OOS,TradingSystemLab/results/true_oos_v2/T2/M30/trades.csv,307,T2-M30-CNY-000060,v2|true_oos|T2|M30|CNY|TradingSystemLab/results/true_oos_v2/T2/M30/trades.csv|307|T2-M30-CNY-000060,SHORT,2026-03-25 12:00:00+03:00,2026-03-25 18:00:00+03:00,2026-03-25,2026-03-25,2026,3,2026,3,2,2,12,18,-1.03725702754,-1,0.0372570275412,0.68650959158,0.591161037194,INITIAL_STOP,11.9689129429,12.0225940907,,0 days 06:00:00,360,6,SOURCE,SOURCE,SOURCE,UNAVAILABLE,DERIVED
v2,quarterly,true_oos,T2,M30,CNY,V2_TRUE_OOS,TradingSystemLab/results/true_oos_v2/T2/M30/trades.csv,324,T2-M30-CNY-000061,v2|true_oos|T2|M30|CNY|TradingSystemLab/results/true_oos_v2/T2/M30/trades.csv|324|T2-M30-CNY-000061,SHORT,2026-04-21 17:30:00+03:00,2026-04-22 10:30:00+03:00,2026-04-21,2026-04-22,2026,4,2026,4,1,2,17,10,-0.559748092367,-0.527705471643,0.0320426207246,0.328015170985,0.574026549224,ATR_TRAILING_STOP,11.3710815062,11.4040192285,,0 days 17:00:00,1020,17,SOURCE,SOURCE,SOURCE,UNAVAILABLE,DERIVED
v2,quarterly,true_oos,T2,M30,CNY,V2_TRUE_OOS,TradingSystemLab/results/true_oos_v2/T2/M30/trades.csv,330,T2-M30-CNY-000062,v2|true_oos|T2|M30|CNY|TradingSystemLab/results/true_oos_v2/T2/M30/trades.csv|330|T2-M30-CNY-000062,SHORT,2026-04-27 14:00:00+03:00,2026-04-28 11:00:00+03:00,2026-04-27,2026-04-28,2026,4,2026,4,0,1,14,11,1.94312555676,2.03559994284,0.0924743860735,0.283993639163,4.21257231425,ATR_TRAILING_STOP,11.4028157091,11.3587905465,,0 days 21:00:00,1260,21,SOURCE,SOURCE,SOURCE,UNAVAILABLE,DERIVED
v2,quarterly,true_oos,T2,M30,CNY,V2_TRUE_OOS,TradingSystemLab/results/true_oos_v2/T2/M30/trades.csv,340,T2-M30-CNY-000063,v2|true_oos|T2|M30|CNY|TradingSystemLab/results/true_oos_v2/T2/M30/trades.csv|340|T2-M30-CNY-000063,SHORT,2026-05-07 15:30:00+03:00,2026-05-08 09:30:00+03:00,2026-05-07,2026-05-08,2026,5,2026,5,3,4,15,9,-0.417028184365,-0.374041409955,0.0429867744101,0.682075512271,0.176019487038,EMA50_TREND_LOSS,11.3618683504,11.3792709779,,0 days 18:00:00,1080,18,SOURCE,SOURCE,SOURCE,UNAVAILABLE,DERIVED
v2,quarterly,true_oos,T2,M30,CNY,V2_TRUE_OOS,TradingSystemLab/results/true_oos_v2/T2/M30/trades.csv,353,T2-M30-CNY-000064,v2|true_oos|T2|M30|CNY|TradingSystemLab/results/true_oos_v2/T2/M30/trades.csv|353|T2-M30-CNY-000064,SHORT,2026-05-29 13:00:00+03:00,2026-06-01 09:30:00+03:00,2026-05-29,2026-06-01,2026,5,2026,6,4,0,13,9,-0.203622234858,-0.133689113314,0.0699331215443,0.644304737625,1.10963593702,ATR_TRAILING_STOP,10.7978184846,10.8016418264,,2 days 20:30:00,4110,68.5,SOURCE,SOURCE,SOURCE,UNAVAILABLE,DERIVED
v2,quarterly,true_oos,T2,M30,CNY,V2_TRUE_OOS,TradingSystemLab/results/true_oos_v2/T2/M30/trades.csv,355,T2-M30-CNY-000065,v2|true_oos|T2|M30|CNY|TradingSystemLab/results/true_oos_v2/T2/M30/trades.csv|355|T2-M30-CNY-000065,LONG,2026-06-03 12:00:00+03:00,2026-06-03 12:30:00+03:00,2026-06-03,2026-06-03,2026,6,2026,6,2,2,12,12,-1.03503167231,-1,0.0350316723107,0,0,INITIAL_STOP,11.1335868258,11.0764956318,,0 days 00:30:00,30,0.5,SOURCE,SOURCE,SOURCE,UNAVAILABLE,DERIVED
v2,quarterly,true_oos,T2,M30,CNY,V2_TRUE_OOS,TradingSystemLab/results/true_oos_v2/T2/M30/trades.csv,361,T2-M30-CNY-000066,v2|true_oos|T2|M30|CNY|TradingSystemLab/results/true_oos_v2/T2/M30/trades.csv|361|T2-M30-CNY-000066,SHORT,2026-06-09 17:30:00+03:00,2026-06-10 10:30:00+03:00,2026-06-09,2026-06-10,2026,6,2026,6,1,2,17,10,0.394378366309,0.430336758829,0.0359583925203,0.257670209331,1.91412155503,ATR_TRAILING_STOP,10.879713202,10.8557779408,,0 days 17:00:00,1020,17,SOURCE,SOURCE,SOURCE,UNAVAILABLE,DERIVED
v2,quarterly,true_oos,T2,M30,CNY,V2_TRUE_OOS,TradingSystemLab/results/true_oos_v2/T2/M30/trades.csv,366,T2-M30-CNY-000067,v2|true_oos|T2|M30|CNY|TradingSystemLab/results/true_oos_v2/T2/M30/trades.csv|366|T2-M30-CNY-000067,LONG,2026-06-18 14:00:00+03:00,2026-06-18 14:30:00+03:00,2026-06-18,2026-06-18,2026,6,2026,6,3,3,14,14,-1.15185542286,-1,0.151855422861,0,0,INITIAL_STOP,11.07,11.056829578,,0 days 00:30:00,30,0.5,SOURCE,SOURCE,SOURCE,UNAVAILABLE,DERIVED
v2,quarterly,true_oos,T2,M30,CNY,V2_TRUE_OOS,TradingSystemLab/results/true_oos_v2/T2/M30/trades.csv,378,T2-M30-CNY-000068,v2|true_oos|T2|M30|CNY|TradingSystemLab/results/true_oos_v2/T2/M30/trades.csv|378|T2-M30-CNY-000068,SHORT,2026-07-07 13:30:00+03:00,2026-07-07 17:00:00+03:00,2026-07-07,2026-07-07,2026,7,2026,7,1,1,13,17,-1.0245308478,-1,0.0245308478048,0.846314249266,0.35569729317,INITIAL_STOP,11.364,11.4455299991,,0 days 03:30:00,210,3.5,SOURCE,SOURCE,SOURCE,UNAVAILABLE,DERIVED
v2,quarterly,true_oos,T2,M30,CNY,V2_TRUE_OOS,TradingSystemLab/results/true_oos_v2/T2/M30/trades.csv,385,T2-M30-CNY-000069,v2|true_oos|T2|M30|CNY|TradingSystemLab/results/true_oos_v2/T2/M30/trades.csv|385|T2-M30-CNY-000069,LONG,2026-07-15 11:30:00+03:00,2026-07-15 16:30:00+03:00,2026-07-15,2026-07-15,2026,7,2026,7,2,2,11,16,-1.02848438922,-1,0.0284843892171,0.754836314252,0.185148529911,INITIAL_STOP,11.721,11.650786102,,0 days 05:00:00,300,5,SOURCE,SOURCE,SOURCE,UNAVAILABLE,DERIVED
v2,quarterly,true_oos,T2,M30,CNY,V2_TRUE_OOS,TradingSystemLab/results/true_oos_v2/T2/M30/trades.csv,394,T2-M30-CNY-000070,v2|true_oos|T2|M30|CNY|TradingSystemLab/results/true_oos_v2/T2/M30/trades.csv|394|T2-M30-CNY-000070,LONG,2026-07-23 17:00:00+03:00,2026-07-23 19:00:00+03:00,2026-07-23,2026-07-23,2026,7,2026,7,3,3,17,19,-1.05342670122,-1,0.0534267012222,0.587693713444,0.0534267012222,INITIAL_STOP,11.756,11.7185655346,,0 days 02:00:00,120,2,SOURCE,SOURCE,SOURCE,UNAVAILABLE,DERIVED
v2,quarterly,true_oos,T2,M30,CNY,V2_TRUE_OOS,TradingSystemLab/results/true_oos_v2/T2/M30/trades.csv,399,T2-M30-CNY-000071,v2|true_oos|T2|M30|CNY|TradingSystemLab/results/true_oos_v2/T2/M30/trades.csv|399|T2-M30-CNY-000071,LONG,2026-07-29 12:30:00+03:00,2026-07-30 10:00:00+03:00,2026-07-29,2026-07-30,2026,7,2026,7,2,3,12,10,0.801802855367,0.842932681027,0.04112982566,0.514122820749,1.80971232904,ATR_TRAILING_STOP,11.885,11.9259888769,,0 days 21:30:00,1290,21.5,SOURCE,SOURCE,SOURCE,UNAVAILABLE,DERIVED
v2,quarterly,true_oos,T2,M30,CNY,V2_TRUE_OOS,TradingSystemLab/results/true_oos_v2/T2/M30/trades.csv,401,T2-M30-CNY-000072,v2|true_oos|T2|M30|CNY|TradingSystemLab/results/true_oos_v2/T2/M30/trades.csv|401|T2-M30-CNY-000072,LONG,2026-07-30 13:00:00+03:00,2026-07-30 16:30:00+03:00,2026-07-30,2026-07-30,2026,7,2026,7,3,3,13,16,-0.112020154281,-0.0452515007562,0.066768653525,0.100152980288,2.30351854661,ATR_TRAILING_STOP,11.961,11.9596445286,,0 days 03:30:00,210,3.5,SOURCE,SOURCE,SOURCE,UNAVAILABLE,DERIVED
v2,quarterly,true_oos,T2,M30,CNY,V2_TRUE_OOS,TradingSystemLab/results/true_oos_v2/T2/M30/trades.csv,411,T2-M30-CNY-000073,v2|true_oos|T2|M30|CNY|TradingSystemLab/results/true_oos_v2/T2/M30/trades.csv|411|T2-M30-CNY-000073,LONG,2026-08-17 10:30:00+03:00,2026-08-17 18:30:00+03:00,2026-08-17,2026-08-17,2026,8,2026,8,0,0,10,18,0.271050879788,0.300104136604,0.0290532568167,0.116213027267,1.46718946924,ATR_TRAILING_STOP,12.688,12.7086588981,,0 days 08:00:00,480,8,SOURCE,SOURCE,SOURCE,UNAVAILABLE,DERIVED
v2,quarterly,true_oos,T2,M30,CNY,V2_TRUE_OOS,TradingSystemLab/results/true_oos_v2/T2/M30/trades.csv,417,T2-M30-CNY-000074,v2|true_oos|T2|M30|CNY|TradingSystemLab/results/true_oos_v2/T2/M30/trades.csv|417|T2-M30-CNY-000074,SHORT,2026-08-20 11:30:00+03:00,2026-08-21 11:30:00+03:00,2026-08-20,2026-08-21,2026,8,2026,8,3,4,11,11,1.60262051258,1.6442931781,0.0416726655221,0.458399320743,2.8337412555,ATR_TRAILING_STOP,12.498,12.419085289,,1 days 00:00:00,1440,24,SOURCE,SOURCE,SOURCE,UNAVAILABLE,DERIVED
v2,quarterly,true_oos,T2,M30,CNY,V2_TRUE_OOS,TradingSystemLab/results/true_oos_v2/T2/M30/trades.csv,423,T2-M30-CNY-000075,v2|true_oos|T2|M30|CNY|TradingSystemLab/results/true_oos_v2/T2/M30/trades.csv|423|T2-M30-CNY-000075,LONG,2026-08-25 15:00:00+03:00,2026-08-25 18:00:00+03:00,2026-08-25,2026-08-25,2026,8,2026,8,1,1,15,18,-1.03677090196,-1,0.0367709019614,0.827345294132,0.165469058826,INITIAL_STOP,12.67,12.6156091667,,0 days 03:00:00,180,3,SOURCE,SOURCE,SOURCE,UNAVAILABLE,DERIVED
v2,quarterly,true_oos,T2,M30,CNY,V2_TRUE_OOS,TradingSystemLab/results/true_oos_v2/T2/M30/trades.csv,426,T2-M30-CNY-000076,v2|true_oos|T2|M30|CNY|TradingSystemLab/results/true_oos_v2/T2/M30/trades.csv|426|T2-M30-CNY-000076,LONG,2026-08-26 19:00:00+03:00,2026-08-27 18:30:00+03:00,2026-08-26,2026-08-27,2026,8,2026,8,2,3,19,18,2.71401261556,2.74358318994,0.0295705743739,0.014785287187,4.25816270984,ATR_TRAILING_STOP,12.691,12.8765617111,,0 days 23:30:00,1410,23.5,SOURCE,SOURCE,SOURCE,UNAVAILABLE,DERIVED
v2,quarterly,true_oos,T2,M30,CNY,V2_TRUE_OOS,TradingSystemLab/results/true_oos_v2/T2/M30/trades.csv,427,T2-M30-CNY-000077,v2|true_oos|T2|M30|CNY|TradingSystemLab/results/true_oos_v2/T2/M30/trades.csv|427|T2-M30-CNY-000077,LONG,2026-08-30 17:00:00+03:00,2026-08-30 18:30:00+03:00,2026-08-30,2026-08-30,2026,8,2026,8,6,6,17,18,-1.10559518258,-1,0.10559518258,0.791963869353,0.263987956451,INITIAL_STOP,12.985,12.966059742,,0 days 01:30:00,90,1.5,SOURCE,SOURCE,SOURCE,UNAVAILABLE,DERIVED
v2,quarterly,true_oos,T2,M30,CNY,V2_TRUE_OOS,TradingSystemLab/results/true_oos_v2/T2/M30/trades.csv,436,T2-M30-CNY-000078,v2|true_oos|T2|M30|CNY|TradingSystemLab/results/true_oos_v2/T2/M30/trades.csv|436|T2-M30-CNY-000078,SHORT,2026-09-11 12:00:00+03:00,2026-09-11 13:00:00+03:00,2026-09-11,2026-09-11,2026,9,2026,9,4,4,12,13,-1.04312869538,-1,0.043128695378,0.388158258402,0.409722606091,INITIAL_STOP,12.553,12.5993728379,,0 days 01:00:00,60,1,SOURCE,SOURCE,SOURCE,UNAVAILABLE,DERIVED
v2,quarterly,true_oos,T2,M30,GD,V2_TRUE_OOS,TradingSystemLab/results/true_oos_v2/T2/M30/trades.csv,3,T2-M30-GD-000001,v2|true_oos|T2|M30|GD|TradingSystemLab/results/true_oos_v2/T2/M30/trades.csv|3|T2-M30-GD-000001,LONG,2025-01-16 17:00:00+03:00,2025-01-17 10:00:00+03:00,2025-01-16,2025-01-17,2025,1,2025,1,3,4,17,10,-0.00787318036956,-0.00771041540428,0.000162764965281,0.10794581566,0.948381094729,ATR_TRAILING_STOP,2620.68437308,2620.58963014,,0 days 17:00:00,1020,17,SOURCE,SOURCE,SOURCE,UNAVAILABLE,DERIVED
v2,quarterly,true_oos,T2,M30,GD,V2_TRUE_OOS,TradingSystemLab/results/true_oos_v2/T2/M30/trades.csv,6,T2-M30-GD-000002,v2|true_oos|T2|M30|GD|TradingSystemLab/results/true_oos_v2/T2/M30/trades.csv|6|T2-M30-GD-000002,LONG,2025-01-21 13:30:00+03:00,2025-01-21 14:30:00+03:00,2025-01-21,2025-01-21,2025,1,2025,1,1,1,13,14,-0.485717034516,-0.485467081097,0.000249953419693,0.449945099553,0,EMA50_TREND_LOSS,2621.44231657,2617.55785617,,0 days 01:00:00,60,1,SOURCE,SOURCE,SOURCE,UNAVAILABLE,DERIVED
v2,quarterly,true_oos,T2,M30,GD,V2_TRUE_OOS,TradingSystemLab/results/true_oos_v2/T2/M30/trades.csv,14,T2-M30-GD-000003,v2|true_oos|T2|M30|GD|TradingSystemLab/results/true_oos_v2/T2/M30/trades.csv|14|T2-M30-GD-000003,LONG,2025-02-03 19:30:00+03:00,2025-02-04 09:30:00+03:00,2025-02-03,2025-02-04,2025,2,2025,2,0,1,19,9,-1.00016984837,-1,0.000169848365635,0.579309586567,0.257470927363,INITIAL_STOP,2677.24590631,2665.47069733,,0 days 14:00:00,840,14,SOURCE,SOURCE,SOURCE,UNAVAILABLE,DERIVED
v2,quarterly,true_oos,T2,M30,GD,V2_TRUE_OOS,TradingSystemLab/results/true_oos_v2/T2/M30/trades.csv,17,T2-M30-GD-000004,v2|true_oos|T2|M30|GD|TradingSystemLab/results/true_oos_v2/T2/M30/trades.csv|17|T2-M30-GD-000004,LONG,2025-02-05 18:00:00+03:00,2025-02-05 19:30:00+03:00,2025-02-05,2025-02-05,2025,2,2025,2,2,2,18,19,-0.582614089849,-0.582486756239,0.000127333609673,0.0241279202514,0.476526424965,ATR_TRAILING_STOP,2718.26959792,2709.12061113,,0 days 01:30:00,90,1.5,SOURCE,SOURCE,SOURCE,UNAVAILABLE,DERIVED
v2,quarterly,true_oos,T2,M30,GD,V2_TRUE_OOS,TradingSystemLab/results/true_oos_v2/T2/M30/trades.csv,22,T2-M30-GD-000005,v2|true_oos|T2|M30|GD|TradingSystemLab/results/true_oos_v2/T2/M30/trades.csv|22|T2-M30-GD-000005,LONG,2025-02-10 21:30:00+03:00,2025-02-11 10:30:00+03:00,2025-02-10,2025-02-11,2025,2,2025,2,0,1,21,10,0.377806349443,0.378039004118,0.000232654675448,0.297572227166,2.24832349414,ATR_TRAILING_STOP,2750.29271053,2753.54249697,,0 days 13:00:00,780,13,SOURCE,SOURCE,SOURCE,UNAVAILABLE,DERIVED
v2,quarterly,true_oos,T2,M30,GD,V2_TRUE_OOS,TradingSystemLab/results/true_oos_v2/T2/M30/trades.csv,23,T2-M30-GD-000006,v2|true_oos|T2|M30|GD|TradingSystemLab/results/true_oos_v2/T2/M30/trades.csv|23|T2-M30-GD-000006,LONG,2025-02-11 11:30:00+03:00,2025-02-11 12:00:00+03:00,2025-02-11,2025-02-11,2025,2,2025,2,1,1,11,12,-1.00031068044,-1,0.000310680435007,0,0,INITIAL_STOP,2755.40882912,2748.97134618,,0 days 00:30:00,30,0.5,SOURCE,SOURCE,SOURCE,UNAVAILABLE,DERIVED
v2,quarterly,true_oos,T2,M30,GD,V2_TRUE_OOS,TradingSystemLab/results/true_oos_v2/T2/M30/trades.csv,33,T2-M30-GD-000007,v2|true_oos|T2|M30|GD|TradingSystemLab/results/true_oos_v2/T2/M30/trades.csv|33|T2-M30-GD-000007,LONG,2025-02-19 16:30:00+03:00,2025-02-19 19:30:00+03:00,2025-02-19,2025-02-19,2025,2,2025,2,2,2,16,19,-1.0001718491,-1,0.000171849103183,0.871059646048,0.211659353245,INITIAL_STOP,2780.61045029,2768.97233311,,0 days 03:00:00,180,3,SOURCE,SOURCE,SOURCE,UNAVAILABLE,DERIVED
v2,quarterly,true_oos,T2,M30,GD,V2_TRUE_OOS,TradingSystemLab/results/true_oos_v2/T2/M30/trades.csv,39,T2-M30-GD-000008,v2|true_oos|T2|M30|GD|TradingSystemLab/results/true_oos_v2/T2/M30/trades.csv|39|T2-M30-GD-000008,SHORT,2025-02-28 21:00:00+03:00,2025-03-03 09:00:00+03:00,2025-02-28,2025-03-03,2025,2,2025,3,4,0,21,9,-1.51271273399,-1.51250405042,0.000208683575342,0.860051322785,0.701880964572,INITIAL_STOP,2701.2158693,2715.71153862,,2 days 12:00:00,3600,60,SOURCE,SOURCE,SOURCE,UNAVAILABLE,DERIVED
v2,quarterly,true_oos,T2,M30,GD,V2_TRUE_OOS,TradingSystemLab/results/true_oos_v2/T2/M30/trades.csv,41,T2-M30-GD-000009,v2|true_oos|T2|M30|GD|TradingSystemLab/results/true_oos_v2/T2/M30/trades.csv|41|T2-M30-GD-000009,LONG,2025-03-04 20:00:00+03:00,2025-03-05 17:00:00+03:00,2025-03-04,2025-03-05,2025,3,2025,3,1,2,20,17,-0.648843535211,-0.648678476904,0.000165058307635,0.586429079932,0.539514753538,ATR_TRAILING_STOP,2760.5249477,2752.66495585,,0 days 21:00:00,1260,21,SOURCE,SOURCE,SOURCE,UNAVAILABLE,DERIVED
v2,quarterly,true_oos,T2,M30,GD,V2_TRUE_OOS,TradingSystemLab/results/true_oos_v2/T2/M30/trades.csv,46,T2-M30-GD-000010,v2|true_oos|T2|M30|GD|TradingSystemLab/results/true_oos_v2/T2/M30/trades.csv|46|T2-M30-GD-000010,LONG,2025-03-13 17:00:00+03:00,2025-03-14 14:00:00+03:00,2025-03-13,2025-03-14,2025,3,2025,3,3,4,17,14,3.30051393853,3.30068956622,0.000175627685622,0.0499184481245,4.70897360641,ATR_TRAILING_STOP,2792.73754619,2830.3248953,,0 days 21:00:00,1260,21,SOURCE,SOURCE,SOURCE,UNAVAILABLE,DERIVED
v2,quarterly,true_oos,T2,M30,GD,V2_TRUE_OOS,TradingSystemLab/results/true_oos_v2/T2/M30/trades.csv,55,T2-M30-GD-000011,v2|true_oos|T2|M30|GD|TradingSystemLab/results/true_oos_v2/T2/M30/trades.csv|55|T2-M30-GD-000011,LONG,2025-03-27 17:30:00+03:00,2025-03-28 16:30:00+03:00,2025-03-27,2025-03-28,2025,3,2025,3,3,4,17,16,0.928385260122,0.928531607168,0.000146347045215,0.0689259062893,2.08845496057,ATR_TRAILING_STOP,2888.77673064,2901.4661786,,0 days 23:00:00,1380,23,SOURCE,SOURCE,SOURCE,UNAVAILABLE,DERIVED
v2,quarterly,true_oos,T2,M30,GD,V2_TRUE_OOS,TradingSystemLab/results/true_oos_v2/T2/M30/trades.csv,60,T2-M30-GD-000012,v2|true_oos|T2|M30|GD|TradingSystemLab/results/true_oos_v2/T2/M30/trades.csv|60|T2-M30-GD-000012,LONG,2025-03-31 18:00:00+03:00,2025-04-01 19:00:00+03:00,2025-03-31,2025-04-01,2025,3,2025,4,0,1,18,19,-0.0920497607972,-0.0919410208573,0.000108739939936,0.481410401211,0.727236989063,ATR_TRAILING_STOP,2945.10542781,2943.41440203,,1 days 01:00:00,1500,25,SOURCE,SOURCE,SOURCE,UNAVAILABLE,DERIVED
v2,quarterly,true_oos,T2,M30,GD,V2_TRUE_OOS,TradingSystemLab/results/true_oos_v2/T2/M30/trades.csv,64,T2-M30-GD-000013,v2|true_oos|T2|M30|GD|TradingSystemLab/results/true_oos_v2/T2/M30/trades.csv|64|T2-M30-GD-000013,SHORT,2025-04-07 18:00:00+03:00,2025-04-08 09:00:00+03:00,2025-04-07,2025-04-08,2025,4,2025,4,0,1,18,9,0.0420391276789,0.0420949890887,5.58614097655e-05,0.0947137254495,1.1523503263,ATR_TRAILING_STOP,2834.61452182,2833.10739949,,0 days 15:00:00,900,15,SOURCE,SOURCE,SOURCE,UNAVAILABLE,DERIVED
v2,quarterly,true_oos,T2,M30,GD,V2_TRUE_OOS,TradingSystemLab/results/true_oos_v2/T2/M30/trades.csv,69,T2-M30-GD-000014,v2|true_oos|T2|M30|GD|TradingSystemLab/results/true_oos_v2/T2/M30/trades.csv|69|T2-M30-GD-000014,LONG,2025-04-17 12:30:00+03:00,2025-04-17 17:00:00+03:00,2025-04-17,2025-04-17,2025,4,2025,4,3,3,12,17,-0.785604011754,-0.785452150937,0.000151860817075,0.43628882996,1.11575504055,ATR_TRAILING_STOP,3115.12766594,3104.78329711,,0 days 04:30:00,270,4.5,SOURCE,SOURCE,SOURCE,UNAVAILABLE,DERIVED
v2,quarterly,true_oos,T2,M30,GD,V2_TRUE_OOS,TradingSystemLab/results/true_oos_v2/T2/M30/trades.csv,74,T2-M30-GD-000015,v2|true_oos|T2|M30|GD|TradingSystemLab/results/true_oos_v2/T2/M30/trades.csv|74|T2-M30-GD-000015,LONG,2025-04-17 20:00:00+03:00,2025-04-22 12:00:00+03:00,2025-04-17,2025-04-22,2025,4,2025,4,3,1,20,12,7.07700909813,7.07712063867,0.000111540544443,0.278424312858,8.8938181447,ATR_TRAILING_STOP,3109.09917661,3235.99690109,,4 days 16:00:00,6720,112,SOURCE,SOURCE,SOURCE,UNAVAILABLE,DERIVED
v2,quarterly,true_oos,T2,M30,GD,V2_TRUE_OOS,TradingSystemLab/results/true_oos_v2/T2/M30/trades.csv,88,T2-M30-GD-000016,v2|true_oos|T2|M30|GD|TradingSystemLab/results/true_oos_v2/T2/M30/trades.csv|88|T2-M30-GD-000016,LONG,2025-05-21 18:30:00+03:00,2025-05-22 12:00:00+03:00,2025-05-21,2025-05-22,2025,5,2025,5,2,3,18,12,-0.367842374621,-0.367667968801,0.00017440581957,0.895335897116,1.70853088624,ATR_TRAILING_STOP,3120.87356983,3116.65733473,,0 days 17:30:00,1050,17.5,SOURCE,SOURCE,SOURCE,UNAVAILABLE,DERIVED
v2,quarterly,true_oos,T2,M30,GD,V2_TRUE_OOS,TradingSystemLab/results/true_oos_v2/T2/M30/trades.csv,107,T2-M30-GD-000017,v2|true_oos|T2|M30|GD|TradingSystemLab/results/true_oos_v2/T2/M30/trades.csv|107|T2-M30-GD-000017,LONG,2025-06-23 21:30:00+03:00,2025-06-23 23:00:00+03:00,2025-06-23,2025-06-23,2025,6,2025,6,0,0,21,23,-1.00018773348,-1,0.000187733475971,0.833626395282,0,INITIAL_STOP,3200.45099633,3189.79759533,,0 days 01:30:00,90,1.5,SOURCE,SOURCE,SOURCE,UNAVAILABLE,DERIVED
v2,quarterly,true_oos,T2,M30,GD,V2_TRUE_OOS,TradingSystemLab/results/true_oos_v2/T2/M30/trades.csv,121,T2-M30-GD-000018,v2|true_oos|T2|M30|GD|TradingSystemLab/results/true_oos_v2/T2/M30/trades.csv|121|T2-M30-GD-000018,LONG,2025-07-23 15:00:00+03:00,2025-07-23 16:30:00+03:00,2025-07-23,2025-07-23,2025,7,2025,7,2,2,15,16,-1.00022205328,-1,0.000222053280404,0.923085114991,0.115385639374,INITIAL_STOP,3232.29016934,3223.28332199,,0 days 01:30:00,90,1.5,SOURCE,SOURCE,SOURCE,UNAVAILABLE,DERIVED
v2,quarterly,true_oos,T2,M30,GD,V2_TRUE_OOS,TradingSystemLab/results/true_oos_v2/T2/M30/trades.csv,127,T2-M30-GD-000019,v2|true_oos|T2|M30|GD|TradingSystemLab/results/true_oos_v2/T2/M30/trades.csv|127|T2-M30-GD-000019,SHORT,2025-07-29 17:00:00+03:00,2025-07-29 18:00:00+03:00,2025-07-29,2025-07-29,2025,7,2025,7,1,1,17,18,-1.00027902399,-1,0.000279023990567,0.988563773369,0.724946767137,INITIAL_STOP,3127.13586797,3134.30371041,,0 days 01:00:00,60,1,SOURCE,SOURCE,SOURCE,UNAVAILABLE,DERIVED
v2,quarterly,true_oos,T2,M30,GD,V2_TRUE_OOS,TradingSystemLab/results/true_oos_v2/T2/M30/trades.csv,145,T2-M30-GD-000020,v2|true_oos|T2|M30|GD|TradingSystemLab/results/true_oos_v2/T2/M30/trades.csv|145|T2-M30-GD-000020,LONG,2025-09-01 16:30:00+03:00,2025-09-02 00:00:00+03:00,2025-09-01,2025-09-02,2025,9,2025,9,0,1,16,0,-0.765832925997,-0.765666261394,0.000166664602799,0.590481801565,0.141715632376,ATR_TRAILING_STOP,3295.59060233,3286.40249342,,0 days 07:30:00,450,7.5,SOURCE,SOURCE,SOURCE,UNAVAILABLE,DERIVED
v2,quarterly,true_oos,T2,M30,GD,V2_TRUE_OOS,TradingSystemLab/results/true_oos_v2/T2/M30/trades.csv,152,T2-M30-GD-000021,v2|true_oos|T2|M30|GD|TradingSystemLab/results/true_oos_v2/T2/M30/trades.csv|152|T2-M30-GD-000021,LONG,2025-09-09 16:30:00+03:00,2025-09-09 17:30:00+03:00,2025-09-09,2025-09-09,2025,9,2025,9,1,1,16,17,-0.862016235875,-0.861892003612,0.000124232263255,0.0997666066731,0.469489913756,ATR_TRAILING_STOP,3454.78646739,3440.91097352,,0 days 01:00:00,60,1,SOURCE,SOURCE,SOURCE,UNAVAILABLE,DERIVED
v2,quarterly,true_oos,T2,M30,GD,V2_TRUE_OOS,TradingSystemLab/results/true_oos_v2/T2/M30/trades.csv,161,T2-M30-GD-000022,v2|true_oos|T2|M30|GD|TradingSystemLab/results/true_oos_v2/T2/M30/trades.csv|161|T2-M30-GD-000022,LONG,2025-09-16 16:30:00+03:00,2025-09-16 18:30:00+03:00,2025-09-16,2025-09-16,2025,9,2025,9,1,1,16,18,-1.00022810162,-1,0.000228101623106,0.948228337863,0.959003659884,INITIAL_STOP,3493.90046628,3485.1324445,,0 days 02:00:00,120,2,SOURCE,SOURCE,SOURCE,UNAVAILABLE,DERIVED
v2,quarterly,true_oos,T2,M30,GD,V2_TRUE_OOS,TradingSystemLab/results/true_oos_v2/T2/M30/trades.csv,163,T2-M30-GD-000023,v2|true_oos|T2|M30|GD|TradingSystemLab/results/true_oos_v2/T2/M30/trades.csv|163|T2-M30-GD-000023,LONG,2025-09-16 19:30:00+03:00,2025-09-17 09:00:00+03:00,2025-09-16,2025-09-17,2025,9,2025,9,1,2,19,9,-0.905032838279,-0.904841293407,0.000191544871953,0.479565885506,0.253355562154,EMA50_TREND_LOSS,3489.17655337,3479.72872755,,0 days 13:30:00,810,13.5,SOURCE,SOURCE,SOURCE,UNAVAILABLE,DERIVED
v2,quarterly,true_oos,T2,M30,GD,V2_TRUE_OOS,TradingSystemLab/results/true_oos_v2/T2/M30/trades.csv,166,T2-M30-GD-000024,v2|true_oos|T2|M30|GD|TradingSystemLab/results/true_oos_v2/T2/M30/trades.csv|166|T2-M30-GD-000024,LONG,2025-09-22 18:30:00+03:00,2025-09-23 17:30:00+03:00,2025-09-22,2025-09-23,2025,9,2025,9,0,1,18,17,1.8661890923,1.8663112027,0.000122110396108,0.183534049188,3.09140164101,ATR_TRAILING_STOP,3502.78203384,3533.34963925,,0 days 23:00:00,1380,23,SOURCE,SOURCE,SOURCE,UNAVAILABLE,DERIVED
v2,quarterly,true_oos,T2,M30,GD,V2_TRUE_OOS,TradingSystemLab/results/true_oos_v2/T2/M30/trades.csv,167,T2-M30-GD-000025,v2|true_oos|T2|M30|GD|TradingSystemLab/results/true_oos_v2/T2/M30/trades.csv|167|T2-M30-GD-000025,LONG,2025-09-23 18:30:00+03:00,2025-09-23 20:00:00+03:00,2025-09-23,2025-09-23,2025,9,2025,9,1,1,18,20,-1.00018448826,-1,0.000184488259234,0.684557372776,0.207966796793,INITIAL_STOP,3544.96045942,3534.11966116,,0 days 01:30:00,90,1.5,SOURCE,SOURCE,SOURCE,UNAVAILABLE,DERIVED
v2,quarterly,true_oos,T2,M30,GD,V2_TRUE_OOS,TradingSystemLab/results/true_oos_v2/T2/M30/trades.csv,184,T2-M30-GD-000026,v2|true_oos|T2|M30|GD|TradingSystemLab/results/true_oos_v2/T2/M30/trades.csv|184|T2-M30-GD-000026,LONG,2025-10-13 23:00:00+03:00,2025-10-14 09:30:00+03:00,2025-10-13,2025-10-14,2025,10,2025,10,0,1,23,9,-0.948772065087,-0.94865712321,0.000114941877115,0.172759640461,0.399506668567,ATR_TRAILING_STOP,3858.80927875,3842.30255123,,0 days 10:30:00,630,10.5,SOURCE,SOURCE,SOURCE,UNAVAILABLE,DERIVED
v2,quarterly,true_oos,T2,M30,GD,V2_TRUE_OOS,TradingSystemLab/results/true_oos_v2/T2/M30/trades.csv,185,T2-M30-GD-000027,v2|true_oos|T2|M30|GD|TradingSystemLab/results/true_oos_v2/T2/M30/trades.csv|185|T2-M30-GD-000027,LONG,2025-10-14 10:30:00+03:00,2025-10-14 16:30:00+03:00,2025-10-14,2025-10-14,2025,10,2025,10,1,1,10,16,-0.325201258358,-0.325142951987,5.83063707332e-05,0.309462821665,0.722992786898,ATR_TRAILING_STOP,3870.83341789,3859.68050448,,0 days 06:00:00,360,6,SOURCE,SOURCE,SOURCE,UNAVAILABLE,DERIVED
v2,quarterly,true_oos,T2,M30,GD,V2_TRUE_OOS,TradingSystemLab/results/true_oos_v2/T2/M30/trades.csv,187,T2-M30-GD-000028,v2|true_oos|T2|M30|GD|TradingSystemLab/results/true_oos_v2/T2/M30/trades.csv|187|T2-M30-GD-000028,LONG,2025-10-14 17:30:00+03:00,2025-10-15 12:30:00+03:00,2025-10-14,2025-10-15,2025,10,2025,10,1,2,17,12,1.88701080601,1.88709478534,8.39793366377e-05,0.284000408098,3.34883814549,ATR_TRAILING_STOP,3884.36057443,3929.30245801,,0 days 19:00:00,1140,19,SOURCE,SOURCE,SOURCE,UNAVAILABLE,DERIVED
v2,quarterly,true_oos,T2,M30,GD,V2_TRUE_OOS,TradingSystemLab/results/true_oos_v2/T2/M30/trades.csv,190,T2-M30-GD-000029,v2|true_oos|T2|M30|GD|TradingSystemLab/results/true_oos_v2/T2/M30/trades.csv|190|T2-M30-GD-000029,LONG,2025-10-21 10:00:00+03:00,2025-10-21 11:00:00+03:00,2025-10-21,2025-10-21,2025,10,2025,10,1,1,10,11,-1.00007473808,-1,7.47380768398e-05,0.663464592347,0,INITIAL_STOP,4083.41644038,4056.65631911,,0 days 01:00:00,60,1,SOURCE,SOURCE,SOURCE,UNAVAILABLE,DERIVED
v2,quarterly,true_oos,T2,M30,GD,V2_TRUE_OOS,TradingSystemLab/results/true_oos_v2/T2/M30/trades.csv,194,T2-M30-GD-000030,v2|true_oos|T2|M30|GD|TradingSystemLab/results/true_oos_v2/T2/M30/trades.csv|194|T2-M30-GD-000030,SHORT,2025-10-22 18:00:00+03:00,2025-10-22 22:30:00+03:00,2025-10-22,2025-10-22,2025,10,2025,10,2,2,18,22,-1.00002959013,-1,2.95901255328e-05,0.977048585966,0.00833896374936,INITIAL_STOP,3769.84943682,3837.43955223,,0 days 04:30:00,270,4.5,SOURCE,SOURCE,SOURCE,UNAVAILABLE,DERIVED
v2,quarterly,true_oos,T2,M30,GD,V2_TRUE_OOS,TradingSystemLab/results/true_oos_v2/T2/M30/trades.csv,200,T2-M30-GD-000031,v2|true_oos|T2|M30|GD|TradingSystemLab/results/true_oos_v2/T2/M30/trades.csv|200|T2-M30-GD-000031,SHORT,2025-11-06 23:00:00+03:00,2025-11-07 09:00:00+03:00,2025-11-06,2025-11-07,2025,11,2025,11,3,4,23,9,-0.784885540909,-0.784671360782,0.00021418012676,0.201197784816,0.50299446204,EMA50_TREND_LOSS,3748.14962321,3755.476833,,0 days 10:00:00,600,10,SOURCE,SOURCE,SOURCE,UNAVAILABLE,DERIVED
v2,quarterly,true_oos,T2,M30,GD,V2_TRUE_OOS,TradingSystemLab/results/true_oos_v2/T2/M30/trades.csv,205,T2-M30-GD-000032,v2|true_oos|T2|M30|GD|TradingSystemLab/results/true_oos_v2/T2/M30/trades.csv|205|T2-M30-GD-000032,LONG,2025-11-25 13:30:00+03:00,2025-11-25 18:00:00+03:00,2025-11-25,2025-11-25,2025,11,2025,11,1,1,13,18,-0.721646072795,-0.721548326609,9.77461864943e-05,0.711615745266,0.863121032967,ATR_TRAILING_STOP,3888.11811791,3873.35440482,,0 days 04:30:00,270,4.5,SOURCE,SOURCE,SOURCE,UNAVAILABLE,DERIVED
v2,quarterly,true_oos,T2,M30,GD,V2_TRUE_OOS,TradingSystemLab/results/true_oos_v2/T2/M30/trades.csv,206,T2-M30-GD-000033,v2|true_oos|T2|M30|GD|TradingSystemLab/results/true_oos_v2/T2/M30/trades.csv|206|T2-M30-GD-000033,LONG,2025-11-25 19:30:00+03:00,2025-11-26 17:30:00+03:00,2025-11-25,2025-11-26,2025,11,2025,11,1,2,19,17,0.100949328286,0.101043177826,9.38495395146e-05,0.462844889697,1.44583927448,ATR_TRAILING_STOP,3896.1968364,3898.35013791,,0 days 22:00:00,1320,22,SOURCE,SOURCE,SOURCE,UNAVAILABLE,DERIVED
v2,quarterly,true_oos,T2,M30,GD,V2_TRUE_OOS,TradingSystemLab/results/true_oos_v2/T2/M30/trades.csv,230,T2-M30-GD-000034,v2|true_oos|T2|M30|GD|TradingSystemLab/results/true_oos_v2/T2/M30/trades.csv|230|T2-M30-GD-000034,LONG,2025-12-21 17:00:00+03:00,2025-12-23 17:30:00+03:00,2025-12-21,2025-12-23,2025,12,2025,12,6,1,17,17,90.7159022833,90.7174084098,0.00150612649153,0.909893357436,107.787366958,ATR_TRAILING_STOP,4063.08686937,4183.55139731,,2 days 00:30:00,2910,48.5,SOURCE,SOURCE,SOURCE,UNAVAILABLE,DERIVED
v2,quarterly,true_oos,T2,M30,GD,V2_TRUE_OOS,TradingSystemLab/results/true_oos_v2/T2/M30/trades.csv,233,T2-M30-GD-000035,v2|true_oos|T2|M30|GD|TradingSystemLab/results/true_oos_v2/T2/M30/trades.csv|233|T2-M30-GD-000035,LONG,2025-12-23 20:00:00+03:00,2025-12-24 16:30:00+03:00,2025-12-23,2025-12-24,2025,12,2025,12,1,2,20,16,-0.101761807956,-0.101700068819,6.17391371122e-05,0.157800705153,0.682846687755,ATR_TRAILING_STOP,4183.54072111,4180.2462122,,0 days 20:30:00,1230,20.5,SOURCE,SOURCE,SOURCE,UNAVAILABLE,DERIVED
v2,quarterly,true_oos,T2,M30,GD,V2_TRUE_OOS,TradingSystemLab/results/true_oos_v2/T2/M30/trades.csv,234,T2-M30-GD-000036,v2|true_oos|T2|M30|GD|TradingSystemLab/results/true_oos_v2/T2/M30/trades.csv|234|T2-M30-GD-000036,LONG,2025-12-26 15:30:00+03:00,2025-12-26 21:00:00+03:00,2025-12-26,2025-12-26,2025,12,2025,12,4,4,15,21,0.65521700263,0.655394905338,0.000177902708024,0.620054005109,3.27388514698,ATR_TRAILING_STOP,4215.60598257,4222.97399751,,0 days 05:30:00,330,5.5,SOURCE,SOURCE,SOURCE,UNAVAILABLE,DERIVED
v2,quarterly,true_oos,T2,M30,GD,V2_TRUE_OOS,TradingSystemLab/results/true_oos_v2/T2/M30/trades.csv,235,T2-M30-GD-000037,v2|true_oos|T2|M30|GD|TradingSystemLab/results/true_oos_v2/T2/M30/trades.csv|235|T2-M30-GD-000037,LONG,2025-12-26 22:00:00+03:00,2025-12-29 09:00:00+03:00,2025-12-26,2025-12-29,2025,12,2025,12,4,0,22,9,-1.14373391485,-1.14358915924,0.000144755613281,0.672699505434,2.21990836793,ATR_TRAILING_STOP,4235.40279617,4219.6025224,,2 days 11:00:00,3540,59,SOURCE,SOURCE,SOURCE,UNAVAILABLE,DERIVED
v2,quarterly,true_oos,T2,M30,GD,V2_TRUE_OOS,TradingSystemLab/results/true_oos_v2/T2/M30/trades.csv,243,T2-M30-GD-000038,v2|true_oos|T2|M30|GD|TradingSystemLab/results/true_oos_v2/T2/M30/trades.csv|243|T2-M30-GD-000038,LONG,2026-01-09 22:00:00+03:00,2026-01-13 09:30:00+03:00,2026-01-09,2026-01-13,2026,1,2026,1,4,1,22,9,6.22849974168,6.22863706918,0.000137327499916,0.191454008274,8.52608516846,ATR_TRAILING_STOP,4200.45630832,4291.16846827,,3 days 11:30:00,5010,83.5,SOURCE,SOURCE,SOURCE,UNAVAILABLE,DERIVED
v2,quarterly,true_oos,T2,M30,GD,V2_TRUE_OOS,TradingSystemLab/results/true_oos_v2/T2/M30/trades.csv,254,T2-M30-GD-000039,v2|true_oos|T2|M30|GD|TradingSystemLab/results/true_oos_v2/T2/M30/trades.csv|254|T2-M30-GD-000039,LONG,2026-01-26 17:30:00+03:00,2026-01-26 22:00:00+03:00,2026-01-26,2026-01-26,2026,1,2026,1,0,0,17,22,-0.701149724322,-0.701077497048,7.22272744799e-05,0.389354242197,1.04387214934,ATR_TRAILING_STOP,4737.2009023,4717.78780657,,0 days 04:30:00,270,4.5,SOURCE,SOURCE,SOURCE,UNAVAILABLE,DERIVED
v2,quarterly,true_oos,T2,M30,GD,V2_TRUE_OOS,TradingSystemLab/results/true_oos_v2/T2/M30/trades.csv,258,T2-M30-GD-000040,v2|true_oos|T2|M30|GD|TradingSystemLab/results/true_oos_v2/T2/M30/trades.csv|258|T2-M30-GD-000040,LONG,2026-01-27 09:00:00+03:00,2026-01-27 17:30:00+03:00,2026-01-27,2026-01-27,2026,1,2026,1,1,1,9,17,-0.445131488362,-0.445092799828,3.86885338619e-05,0.151024446542,0.453073339627,ATR_TRAILING_STOP,4731.71727788,4708.70824882,,0 days 08:30:00,510,8.5,SOURCE,SOURCE,SOURCE,UNAVAILABLE,DERIVED
v2,quarterly,true_oos,T2,M30,GD,V2_TRUE_OOS,TradingSystemLab/results/true_oos_v2/T2/M30/trades.csv,261,T2-M30-GD-000041,v2|true_oos|T2|M30|GD|TradingSystemLab/results/true_oos_v2/T2/M30/trades.csv|261|T2-M30-GD-000041,LONG,2026-01-28 19:30:00+03:00,2026-01-29 12:00:00+03:00,2026-01-28,2026-01-29,2026,1,2026,1,2,3,19,12,3.7397460232,3.73978714234,4.11191419652e-05,0.37070758172,5.65424605314,ATR_TRAILING_STOP,4925.96770237,5107.86775979,,0 days 16:30:00,990,16.5,SOURCE,SOURCE,SOURCE,UNAVAILABLE,DERIVED
v2,quarterly,true_oos,T2,M30,GD,V2_TRUE_OOS,TradingSystemLab/results/true_oos_v2/T2/M30/trades.csv,264,T2-M30-GD-000042,v2|true_oos|T2|M30|GD|TradingSystemLab/results/true_oos_v2/T2/M30/trades.csv|264|T2-M30-GD-000042,SHORT,2026-02-02 16:30:00+03:00,2026-02-03 09:00:00+03:00,2026-02-02,2026-02-03,2026,2,2026,2,0,1,16,9,-0.834084249917,-0.834057260809,2.6989107762e-05,0.68605913032,1.46116798322,ATR_TRAILING_STOP,4412.45880509,4474.26575834,,0 days 16:30:00,990,16.5,SOURCE,SOURCE,SOURCE,UNAVAILABLE,DERIVED
v2,quarterly,true_oos,T2,M30,GD,V2_TRUE_OOS,TradingSystemLab/results/true_oos_v2/T2/M30/trades.csv,267,T2-M30-GD-000043,v2|true_oos|T2|M30|GD|TradingSystemLab/results/true_oos_v2/T2/M30/trades.csv|267|T2-M30-GD-000043,SHORT,2026-02-06 10:00:00+03:00,2026-02-06 14:00:00+03:00,2026-02-06,2026-02-06,2026,2,2026,2,4,4,10,14,-0.656182745921,-0.656144993699,3.77522223849e-05,0.636846611531,0.261405358452,EMA50_TREND_LOSS,4522.59600749,4557.35660977,,0 days 04:00:00,240,4,SOURCE,SOURCE,SOURCE,UNAVAILABLE,DERIVED
v2,quarterly,true_oos,T2,M30,GD,V2_TRUE_OOS,TradingSystemLab/results/true_oos_v2/T2/M30/trades.csv,268,T2-M30-GD-000044,v2|true_oos|T2|M30|GD|TradingSystemLab/results/true_oos_v2/T2/M30/trades.csv|268|T2-M30-GD-000044,LONG,2026-02-09 11:30:00+03:00,2026-02-09 13:30:00+03:00,2026-02-09,2026-02-09,2026,2,2026,2,0,0,11,13,-0.984058844316,-0.983978407432,8.04368840188e-05,0.796196999593,0.512107929316,ATR_TRAILING_STOP,4692.77425019,4668.30839925,,0 days 02:00:00,120,2,SOURCE,SOURCE,SOURCE,UNAVAILABLE,DERIVED
v2,quarterly,true_oos,T2,M30,GD,V2_TRUE_OOS,TradingSystemLab/results/true_oos_v2/T2/M30/trades.csv,269,T2-M30-GD-000045,v2|true_oos|T2|M30|GD|TradingSystemLab/results/true_oos_v2/T2/M30/trades.csv|269|T2-M30-GD-000045,LONG,2026-02-09 15:00:00+03:00,2026-02-10 09:30:00+03:00,2026-02-09,2026-02-10,2026,2,2026,2,0,1,15,9,1.07348398772,1.07355836645,7.43787292805e-05,0.497733579413,2.73407820358,ATR_TRAILING_STOP,4677.71751873,4706.58486768,,0 days 18:30:00,1110,18.5,SOURCE,SOURCE,SOURCE,UNAVAILABLE,DERIVED
v2,quarterly,true_oos,T2,M30,GD,V2_TRUE_OOS,TradingSystemLab/results/true_oos_v2/T2/M30/trades.csv,273,T2-M30-GD-000046,v2|true_oos|T2|M30|GD|TradingSystemLab/results/true_oos_v2/T2/M30/trades.csv|273|T2-M30-GD-000046,SHORT,2026-02-17 16:30:00+03:00,2026-02-17 18:00:00+03:00,2026-02-17,2026-02-17,2026,2,2026,2,1,1,16,18,0.663343474515,0.663440278807,9.68042921366e-05,0.247424668947,3.5494193418,ATR_TRAILING_STOP,4584.96061746,4571.25378145,,0 days 01:30:00,90,1.5,SOURCE,SOURCE,SOURCE,UNAVAILABLE,DERIVED
v2,quarterly,true_oos,T2,M30,GD,V2_TRUE_OOS,TradingSystemLab/results/true_oos_v2/T2/M30/trades.csv,274,T2-M30-GD-000047,v2|true_oos|T2|M30|GD|TradingSystemLab/results/true_oos_v2/T2/M30/trades.csv|274|T2-M30-GD-000047,SHORT,2026-02-17 23:00:00+03:00,2026-02-18 09:00:00+03:00,2026-02-17,2026-02-18,2026,2,2026,2,1,2,23,9,-1.56849482457,-1.56841999037,7.48342020807e-05,0.0591200439829,0.2643013731,INITIAL_STOP,4550.20001518,4592.11721205,,0 days 10:00:00,600,10,SOURCE,SOURCE,SOURCE,UNAVAILABLE,DERIVED
v2,quarterly,true_oos,T2,M30,GD,V2_TRUE_OOS,TradingSystemLab/results/true_oos_v2/T2/M30/trades.csv,279,T2-M30-GD-000048,v2|true_oos|T2|M30|GD|TradingSystemLab/results/true_oos_v2/T2/M30/trades.csv|279|T2-M30-GD-000048,LONG,2026-02-24 10:30:00+03:00,2026-02-24 15:30:00+03:00,2026-02-24,2026-02-24,2026,2,2026,2,1,1,10,15,-1.00008445511,-1,8.44551142007e-05,0.800648354999,0.0431722152205,INITIAL_STOP,4826.70480602,4803.02358768,,0 days 05:00:00,300,5,SOURCE,SOURCE,SOURCE,UNAVAILABLE,DERIVED
v2,quarterly,true_oos,T2,M30,GD,V2_TRUE_OOS,TradingSystemLab/results/true_oos_v2/T2/M30/trades.csv,280,T2-M30-GD-000049,v2|true_oos|T2|M30|GD|TradingSystemLab/results/true_oos_v2/T2/M30/trades.csv|280|T2-M30-GD-000049,LONG,2026-02-24 19:00:00+03:00,2026-02-25 14:30:00+03:00,2026-02-24,2026-02-25,2026,2,2026,2,1,2,19,14,0.362137106958,0.362202318816,6.52118580517e-05,0.572761837194,1.60312704696,ATR_TRAILING_STOP,4802.72556702,4813.83404728,,0 days 19:30:00,1170,19.5,SOURCE,SOURCE,SOURCE,UNAVAILABLE,DERIVED
v2,quarterly,true_oos,T2,M30,GD,V2_TRUE_OOS,TradingSystemLab/results/true_oos_v2/T2/M30/trades.csv,294,T2-M30-GD-000050,v2|true_oos|T2|M30|GD|TradingSystemLab/results/true_oos_v2/T2/M30/trades.csv|294|T2-M30-GD-000050,SHORT,2026-03-16 13:00:00+03:00,2026-03-16 14:30:00+03:00,2026-03-16,2026-03-16,2026,3,2026,3,0,0,13,14,-0.934741004839,-0.934672030609,6.89742307459e-05,0.788510838733,0.195525045377,ATR_TRAILING_STOP,4636.07915022,4663.18121488,,0 days 01:30:00,90,1.5,SOURCE,SOURCE,SOURCE,UNAVAILABLE,DERIVED
v2,quarterly,true_oos,T2,M30,GD,V2_TRUE_OOS,TradingSystemLab/results/true_oos_v2/T2/M30/trades.csv,318,T2-M30-GD-000051,v2|true_oos|T2|M30|GD|TradingSystemLab/results/true_oos_v2/T2/M30/trades.csv|318|T2-M30-GD-000051,LONG,2026-04-06 17:00:00+03:00,2026-04-06 18:30:00+03:00,2026-04-06,2026-04-06,2026,4,2026,4,0,0,17,18,-1.00010173352,-1,0.000101733522959,0.867367317054,0.812216794005,INITIAL_STOP,4662.52021853,4642.86101533,,0 days 01:30:00,90,1.5,SOURCE,SOURCE,SOURCE,UNAVAILABLE,DERIVED
v2,quarterly,true_oos,T2,M30,GD,V2_TRUE_OOS,TradingSystemLab/results/true_oos_v2/T2/M30/trades.csv,331,T2-M30-GD-000052,v2|true_oos|T2|M30|GD|TradingSystemLab/results/true_oos_v2/T2/M30/trades.csv|331|T2-M30-GD-000052,SHORT,2026-04-27 12:00:00+03:00,2026-04-29 19:00:00+03:00,2026-04-27,2026-04-29,2026,4,2026,4,0,2,12,19,15.6279601249,15.628147956,0.000187831108036,0.194392579027,19.6521640607,ATR_TRAILING_STOP,4655.02927618,4488.62288994,,2 days 07:00:00,3300,55,SOURCE,SOURCE,SOURCE,UNAVAILABLE,DERIVED
v2,quarterly,true_oos,T2,M30,GD,V2_TRUE_OOS,TradingSystemLab/results/true_oos_v2/T2/M30/trades.csv,335,T2-M30-GD-000053,v2|true_oos|T2|M30|GD|TradingSystemLab/results/true_oos_v2/T2/M30/trades.csv|335|T2-M30-GD-000053,SHORT,2026-05-04 18:30:00+03:00,2026-05-05 10:30:00+03:00,2026-05-04,2026-05-05,2026,5,2026,5,0,1,18,10,-0.295481297673,-0.295436337624,4.49600496973e-05,0.288046764504,0.666939047043,ATR_TRAILING_STOP,4475.93661516,4489.07878647,,0 days 16:00:00,960,16,SOURCE,SOURCE,SOURCE,UNAVAILABLE,DERIVED
v2,quarterly,true_oos,T2,M30,GD,V2_TRUE_OOS,TradingSystemLab/results/true_oos_v2/T2/M30/trades.csv,339,T2-M30-GD-000054,v2|true_oos|T2|M30|GD|TradingSystemLab/results/true_oos_v2/T2/M30/trades.csv|339|T2-M30-GD-000054,LONG,2026-05-06 17:00:00+03:00,2026-05-07 19:30:00+03:00,2026-05-06,2026-05-07,2026,5,2026,5,2,3,17,19,0.425769570303,0.425816075224,4.65049215949e-05,0.552342963222,1.409505902,ATR_TRAILING_STOP,4629.89519332,4648.20792499,,1 days 02:30:00,1590,26.5,SOURCE,SOURCE,SOURCE,UNAVAILABLE,DERIVED
v2,quarterly,true_oos,T2,M30,GD,V2_TRUE_OOS,TradingSystemLab/results/true_oos_v2/T2/M30/trades.csv,341,T2-M30-GD-000055,v2|true_oos|T2|M30|GD|TradingSystemLab/results/true_oos_v2/T2/M30/trades.csv|341|T2-M30-GD-000055,LONG,2026-05-08 11:30:00+03:00,2026-05-08 19:00:00+03:00,2026-05-08,2026-05-08,2026,5,2026,5,4,4,11,19,-0.308176011281,-0.308086704991,8.93062905885e-05,0.545753591698,1.39959388839,EMA50_TREND_LOSS,4647.34120378,4640.44165162,,0 days 07:30:00,450,7.5,SOURCE,SOURCE,SOURCE,UNAVAILABLE,DERIVED
v2,quarterly,true_oos,T2,M30,GD,V2_TRUE_OOS,TradingSystemLab/results/true_oos_v2/T2/M30/trades.csv,344,T2-M30-GD-000056,v2|true_oos|T2|M30|GD|TradingSystemLab/results/true_oos_v2/T2/M30/trades.csv|344|T2-M30-GD-000056,SHORT,2026-05-18 21:00:00+03:00,2026-05-18 22:30:00+03:00,2026-05-18,2026-05-18,2026,5,2026,5,0,0,21,22,-1.00016734308,-1,0.000167343076278,0.00824708773658,1.00614470385,INITIAL_STOP,4473.76818448,4485.71967984,,0 days 01:30:00,90,1.5,SOURCE,SOURCE,SOURCE,UNAVAILABLE,DERIVED
v2,quarterly,true_oos,T2,M30,GD,V2_TRUE_OOS,TradingSystemLab/results/true_oos_v2/T2/M30/trades.csv,347,T2-M30-GD-000057,v2|true_oos|T2|M30|GD|TradingSystemLab/results/true_oos_v2/T2/M30/trades.csv|347|T2-M30-GD-000057,SHORT,2026-05-21 14:00:00+03:00,2026-05-21 20:30:00+03:00,2026-05-21,2026-05-21,2026,5,2026,5,3,3,14,20,-0.628526269714,-0.628454306782,7.19629324804e-05,0.390116576232,0.812151781429,ATR_TRAILING_STOP,4441.73454946,4459.20060553,,0 days 06:30:00,390,6.5,SOURCE,SOURCE,SOURCE,UNAVAILABLE,DERIVED
v2,quarterly,true_oos,T2,M30,GD,V2_TRUE_OOS,TradingSystemLab/results/true_oos_v2/T2/M30/trades.csv,354,T2-M30-GD-000058,v2|true_oos|T2|M30|GD|TradingSystemLab/results/true_oos_v2/T2/M30/trades.csv|354|T2-M30-GD-000058,SHORT,2026-06-01 22:00:00+03:00,2026-06-02 09:00:00+03:00,2026-06-01,2026-06-02,2026,6,2026,6,0,1,22,9,-2.72360484797,-2.72339148579,0.000213362182364,0.147210350583,0.693991652749,INITIAL_STOP,4412.36217027,4437.89051326,,0 days 11:00:00,660,11,SOURCE,SOURCE,SOURCE,UNAVAILABLE,DERIVED
v2,quarterly,true_oos,T2,M30,GD,V2_TRUE_OOS,TradingSystemLab/results/true_oos_v2/T2/M30/trades.csv,357,T2-M30-GD-000059,v2|true_oos|T2|M30|GD|TradingSystemLab/results/true_oos_v2/T2/M30/trades.csv|357|T2-M30-GD-000059,SHORT,2026-06-03 17:00:00+03:00,2026-06-04 09:00:00+03:00,2026-06-03,2026-06-04,2026,6,2026,6,2,3,17,9,-1.04566320661,-1.04556849317,9.47134383853e-05,0.653480308232,0.541455112535,ATR_TRAILING_STOP,4370.27490211,4392.35346901,,0 days 16:00:00,960,16,SOURCE,SOURCE,SOURCE,UNAVAILABLE,DERIVED
v2,quarterly,true_oos,T2,M30,GD,V2_TRUE_OOS,TradingSystemLab/results/true_oos_v2/T2/M30/trades.csv,367,T2-M30-GD-000060,v2|true_oos|T2|M30|GD|TradingSystemLab/results/true_oos_v2/T2/M30/trades.csv|367|T2-M30-GD-000060,SHORT,2026-06-22 11:00:00+03:00,2026-06-22 12:30:00+03:00,2026-06-22,2026-06-22,2026,6,2026,6,0,0,11,12,-1.00019642717,-1,0.000196427166008,0.746423230831,0.186605807708,INITIAL_STOP,4199.9,4210.08189103,,0 days 01:30:00,90,1.5,SOURCE,SOURCE,SOURCE,UNAVAILABLE,DERIVED
v2,quarterly,true_oos,T2,M30,GD,V2_TRUE_OOS,TradingSystemLab/results/true_oos_v2/T2/M30/trades.csv,370,T2-M30-GD-000061,v2|true_oos|T2|M30|GD|TradingSystemLab/results/true_oos_v2/T2/M30/trades.csv|370|T2-M30-GD-000061,SHORT,2026-06-23 18:00:00+03:00,2026-06-24 17:00:00+03:00,2026-06-23,2026-06-24,2026,6,2026,6,1,2,18,17,7.12038680582,7.12051587046,0.000129064641287,0.980891273778,10.4929553366,ATR_TRAILING_STOP,4139.5,4029.15969611,,0 days 23:00:00,1380,23,SOURCE,SOURCE,SOURCE,UNAVAILABLE,DERIVED
v2,quarterly,true_oos,T2,M30,GD,V2_TRUE_OOS,TradingSystemLab/results/true_oos_v2/T2/M30/trades.csv,381,T2-M30-GD-000062,v2|true_oos|T2|M30|GD|TradingSystemLab/results/true_oos_v2/T2/M30/trades.csv|381|T2-M30-GD-000062,SHORT,2026-07-08 16:30:00+03:00,2026-07-08 20:30:00+03:00,2026-07-08,2026-07-08,2026,7,2026,7,2,2,16,20,-0.234467199028,-0.234372837024,9.43620039041e-05,0.669970227719,2.0712459857,ATR_TRAILING_STOP,4095.2,4100.16752564,,0 days 04:00:00,240,4,SOURCE,SOURCE,SOURCE,UNAVAILABLE,DERIVED
v2,quarterly,true_oos,T2,M30,GD,V2_TRUE_OOS,TradingSystemLab/results/true_oos_v2/T2/M30/trades.csv,391,T2-M30-GD-000063,v2|true_oos|T2|M30|GD|TradingSystemLab/results/true_oos_v2/T2/M30/trades.csv|391|T2-M30-GD-000063,LONG,2026-07-21 18:30:00+03:00,2026-07-22 16:00:00+03:00,2026-07-21,2026-07-22,2026,7,2026,7,1,2,18,16,1.14901337081,1.14909215052,7.87797125899e-05,0.441166390503,2.29642862199,ATR_TRAILING_STOP,4094.3,4123.47228593,,0 days 21:30:00,1290,21.5,SOURCE,SOURCE,SOURCE,UNAVAILABLE,DERIVED
v2,quarterly,true_oos,T2,M30,GD,V2_TRUE_OOS,TradingSystemLab/results/true_oos_v2/T2/M30/trades.csv,398,T2-M30-GD-000064,v2|true_oos|T2|M30|GD|TradingSystemLab/results/true_oos_v2/T2/M30/trades.csv|398|T2-M30-GD-000064,SHORT,2026-07-28 20:00:00+03:00,2026-07-29 09:30:00+03:00,2026-07-28,2026-07-29,2026,7,2026,7,1,2,20,9,-0.493820241381,-0.493633981705,0.000186259675395,0.419084269638,1.49939038693,ATR_TRAILING_STOP,4055.2,4060.50049224,,0 days 13:30:00,810,13.5,SOURCE,SOURCE,SOURCE,UNAVAILABLE,DERIVED
v2,quarterly,true_oos,T2,M30,GD,V2_TRUE_OOS,TradingSystemLab/results/true_oos_v2/T2/M30/trades.csv,406,T2-M30-GD-000065,v2|true_oos|T2|M30|GD|TradingSystemLab/results/true_oos_v2/T2/M30/trades.csv|406|T2-M30-GD-000065,LONG,2026-08-06 17:00:00+03:00,2026-08-06 19:30:00+03:00,2026-08-06,2026-08-06,2026,8,2026,8,3,3,17,19,-0.909981779524,-0.909929795349,5.19841757992e-05,0.899326241326,0.231329582306,ATR_TRAILING_STOP,4282.6,4247.59204685,,0 days 02:30:00,150,2.5,SOURCE,SOURCE,SOURCE,UNAVAILABLE,DERIVED
v2,quarterly,true_oos,T2,M30,GD,V2_TRUE_OOS,TradingSystemLab/results/true_oos_v2/T2/M30/trades.csv,421,T2-M30-GD-000066,v2|true_oos|T2|M30|GD|TradingSystemLab/results/true_oos_v2/T2/M30/trades.csv|421|T2-M30-GD-000066,LONG,2026-08-21 17:30:00+03:00,2026-08-22 16:00:00+03:00,2026-08-21,2026-08-22,2026,8,2026,8,4,5,17,16,0.240812134638,0.240862160397,5.00257586851e-05,0.542779481733,0.765394107882,ATR_TRAILING_STOP,4615.9,4625.52952554,,0 days 22:30:00,1350,22.5,SOURCE,SOURCE,SOURCE,UNAVAILABLE,DERIVED
v2,quarterly,true_oos,T2,M30,MIX,V2_TRUE_OOS,TradingSystemLab/results/true_oos_v2/T2/M30/trades.csv,13,T2-M30-MIX-000001,v2|true_oos|T2|M30|MIX|TradingSystemLab/results/true_oos_v2/T2/M30/trades.csv|13|T2-M30-MIX-000001,LONG,2025-01-31 13:00:00+03:00,2025-01-31 16:00:00+03:00,2025-01-31,2025-01-31,2025,1,2025,1,4,4,13,16,-1.00000170135,-1,1.70134524507e-06,0.59075125281,0.821914786518,INITIAL_STOP,369055.915633,367880.375274,,0 days 03:00:00,180,3,SOURCE,SOURCE,SOURCE,UNAVAILABLE,DERIVED
v2,quarterly,true_oos,T2,M30,MIX,V2_TRUE_OOS,TradingSystemLab/results/true_oos_v2/T2/M30/trades.csv,16,T2-M30-MIX-000002,v2|true_oos|T2|M30|MIX|TradingSystemLab/results/true_oos_v2/T2/M30/trades.csv|16|T2-M30-MIX-000002,SHORT,2025-02-05 12:00:00+03:00,2025-02-05 13:00:00+03:00,2025-02-05,2025-02-05,2025,2,2025,2,2,2,12,13,-0.968770460982,-0.968769717987,7.42995607438e-07,0.336505265746,0.112168421915,ATR_TRAILING_STOP,358820.297912,361428.038007,,0 days 01:00:00,60,1,SOURCE,SOURCE,SOURCE,UNAVAILABLE,DERIVED
v2,quarterly,true_oos,T2,M30,MIX,V2_TRUE_OOS,TradingSystemLab/results/true_oos_v2/T2/M30/trades.csv,20,T2-M30-MIX-000003,v2|true_oos|T2|M30|MIX|TradingSystemLab/results/true_oos_v2/T2/M30/trades.csv|20|T2-M30-MIX-000003,LONG,2025-02-06 15:30:00+03:00,2025-02-07 10:30:00+03:00,2025-02-06,2025-02-07,2025,2,2025,2,3,4,15,10,0.169721986969,0.169722898806,9.11836974747e-07,0.495568921969,1.18385909137,ATR_TRAILING_STOP,367516.04394,367888.309825,,0 days 19:00:00,1140,19,SOURCE,SOURCE,SOURCE,UNAVAILABLE,DERIVED
v2,quarterly,true_oos,T2,M30,MIX,V2_TRUE_OOS,TradingSystemLab/results/true_oos_v2/T2/M30/trades.csv,21,T2-M30-MIX-000004,v2|true_oos|T2|M30|MIX|TradingSystemLab/results/true_oos_v2/T2/M30/trades.csv|21|T2-M30-MIX-000004,LONG,2025-02-07 14:00:00+03:00,2025-02-07 14:30:00+03:00,2025-02-07,2025-02-07,2025,2,2025,2,4,4,14,14,-0.768881807412,-0.768880430923,1.3764889201e-06,0,0,EMA50_TREND_LOSS,368089.72163,366972.559814,,0 days 00:30:00,30,0.5,SOURCE,SOURCE,SOURCE,UNAVAILABLE,DERIVED
v2,quarterly,true_oos,T2,M30,MIX,V2_TRUE_OOS,TradingSystemLab/results/true_oos_v2/T2/M30/trades.csv,24,T2-M30-MIX-000005,v2|true_oos|T2|M30|MIX|TradingSystemLab/results/true_oos_v2/T2/M30/trades.csv|24|T2-M30-MIX-000005,LONG,2025-02-12 17:00:00+03:00,2025-02-12 17:30:00+03:00,2025-02-12,2025-02-12,2025,2,2025,2,2,2,17,17,-1.00000111637,-1,1.11636514261e-06,0,0,INITIAL_STOP,375607.918717,373816.390189,,0 days 00:30:00,30,0.5,SOURCE,SOURCE,SOURCE,UNAVAILABLE,DERIVED
v2,quarterly,true_oos,T2,M30,MIX,V2_TRUE_OOS,TradingSystemLab/results/true_oos_v2/T2/M30/trades.csv,30,T2-M30-MIX-000006,v2|true_oos|T2|M30|MIX|TradingSystemLab/results/true_oos_v2/T2/M30/trades.csv|30|T2-M30-MIX-000006,LONG,2025-02-13 12:00:00+03:00,2025-02-14 14:00:00+03:00,2025-02-13,2025-02-14,2025,2,2025,2,3,4,12,14,0.457628392,0.457628628106,2.36106012608e-07,0.235253095156,1.21547432497,ATR_TRAILING_STOP,395294.12153,399170.588911,,1 days 02:00:00,1560,26,SOURCE,SOURCE,SOURCE,UNAVAILABLE,DERIVED
v2,quarterly,true_oos,T2,M30,MIX,V2_TRUE_OOS,TradingSystemLab/results/true_oos_v2/T2/M30/trades.csv,31,T2-M30-MIX-000007,v2|true_oos|T2|M30|MIX|TradingSystemLab/results/true_oos_v2/T2/M30/trades.csv|31|T2-M30-MIX-000007,LONG,2025-02-18 11:00:00+03:00,2025-02-18 11:30:00+03:00,2025-02-18,2025-02-18,2025,2,2025,2,1,1,11,11,-1.00000048731,-1,4.87306390412e-07,0,0,INITIAL_STOP,409515.289514,405411.09544,,0 days 00:30:00,30,0.5,SOURCE,SOURCE,SOURCE,UNAVAILABLE,DERIVED
v2,quarterly,true_oos,T2,M30,MIX,V2_TRUE_OOS,TradingSystemLab/results/true_oos_v2/T2/M30/trades.csv,35,T2-M30-MIX-000008,v2|true_oos|T2|M30|MIX|TradingSystemLab/results/true_oos_v2/T2/M30/trades.csv|35|T2-M30-MIX-000008,LONG,2025-02-25 14:30:00+03:00,2025-02-25 18:30:00+03:00,2025-02-25,2025-02-25,2025,2,2025,2,1,1,14,18,-1.00000091066,-1,9.1065967922e-07,0.81113377088,0.646157410701,INITIAL_STOP,413017.742775,410821.532659,,0 days 04:00:00,240,4,SOURCE,SOURCE,SOURCE,UNAVAILABLE,DERIVED
v2,quarterly,true_oos,T2,M30,MIX,V2_TRUE_OOS,TradingSystemLab/results/true_oos_v2/T2/M30/trades.csv,43,T2-M30-MIX-000009,v2|true_oos|T2|M30|MIX|TradingSystemLab/results/true_oos_v2/T2/M30/trades.csv|43|T2-M30-MIX-000009,SHORT,2025-03-06 19:00:00+03:00,2025-03-07 10:30:00+03:00,2025-03-06,2025-03-07,2025,3,2025,3,3,4,19,10,-1.00000053451,-1,5.3451293067e-07,0.95219212826,0.1533190715,INITIAL_STOP,391036.829204,394778.553464,,0 days 15:30:00,930,15.5,SOURCE,SOURCE,SOURCE,UNAVAILABLE,DERIVED
v2,quarterly,true_oos,T2,M30,MIX,V2_TRUE_OOS,TradingSystemLab/results/true_oos_v2/T2/M30/trades.csv,48,T2-M30-MIX-000010,v2|true_oos|T2|M30|MIX|TradingSystemLab/results/true_oos_v2/T2/M30/trades.csv|48|T2-M30-MIX-000010,LONG,2025-03-17 16:30:00+03:00,2025-03-18 18:30:00+03:00,2025-03-17,2025-03-18,2025,3,2025,3,0,1,16,18,0.127735781161,0.12773626265,4.814884684e-07,0.247143487583,0.872271132645,ATR_TRAILING_STOP,392999.410773,393529.999857,,1 days 02:00:00,1560,26,SOURCE,SOURCE,SOURCE,UNAVAILABLE,DERIVED
v2,quarterly,true_oos,T2,M30,MIX,V2_TRUE_OOS,TradingSystemLab/results/true_oos_v2/T2/M30/trades.csv,53,T2-M30-MIX-000011,v2|true_oos|T2|M30|MIX|TradingSystemLab/results/true_oos_v2/T2/M30/trades.csv|53|T2-M30-MIX-000011,SHORT,2025-03-25 12:30:00+03:00,2025-03-25 18:30:00+03:00,2025-03-25,2025-03-25,2025,3,2025,3,1,1,12,18,0.6118526441,0.611853209642,5.65541497317e-07,0.0563406595837,1.88338776323,ATR_TRAILING_STOP,376032.253938,373868.475638,,0 days 06:00:00,360,6,SOURCE,SOURCE,SOURCE,UNAVAILABLE,DERIVED
v2,quarterly,true_oos,T2,M30,MIX,V2_TRUE_OOS,TradingSystemLab/results/true_oos_v2/T2/M30/trades.csv,56,T2-M30-MIX-000012,v2|true_oos|T2|M30|MIX|TradingSystemLab/results/true_oos_v2/T2/M30/trades.csv|56|T2-M30-MIX-000012,SHORT,2025-03-28 11:30:00+03:00,2025-03-31 10:30:00+03:00,2025-03-28,2025-03-31,2025,3,2025,3,4,0,11,10,2.2882294551,2.28823045734,1.00224318221e-06,0.342329055604,4.4930688548,ATR_TRAILING_STOP,362369.739224,357803.521168,,2 days 23:00:00,4260,71,SOURCE,SOURCE,SOURCE,UNAVAILABLE,DERIVED
v2,quarterly,true_oos,T2,M30,MIX,V2_TRUE_OOS,TradingSystemLab/results/true_oos_v2/T2/M30/trades.csv,57,T2-M30-MIX-000013,v2|true_oos|T2|M30|MIX|TradingSystemLab/results/true_oos_v2/T2/M30/trades.csv|57|T2-M30-MIX-000013,SHORT,2025-03-31 12:00:00+03:00,2025-03-31 14:30:00+03:00,2025-03-31,2025-03-31,2025,3,2025,3,0,0,12,14,-1.00000045085,-1,4.50848569316e-07,0.981706205691,0.00641638042936,INITIAL_STOP,351952.071754,356388.151041,,0 days 02:30:00,150,2.5,SOURCE,SOURCE,SOURCE,UNAVAILABLE,DERIVED
v2,quarterly,true_oos,T2,M30,MIX,V2_TRUE_OOS,TradingSystemLab/results/true_oos_v2/T2/M30/trades.csv,58,T2-M30-MIX-000014,v2|true_oos|T2|M30|MIX|TradingSystemLab/results/true_oos_v2/T2/M30/trades.csv|58|T2-M30-MIX-000014,SHORT,2025-03-31 15:30:00+03:00,2025-03-31 18:00:00+03:00,2025-03-31,2025-03-31,2025,3,2025,3,0,0,15,18,-1.000000829,-1,8.28997517293e-07,0.908454885327,0.117981153939,INITIAL_STOP,353972.985389,356385.537849,,0 days 02:30:00,150,2.5,SOURCE,SOURCE,SOURCE,UNAVAILABLE,DERIVED
v2,quarterly,true_oos,T2,M30,MIX,V2_TRUE_OOS,TradingSystemLab/results/true_oos_v2/T2/M30/trades.csv,70,T2-M30-MIX-000015,v2|true_oos|T2|M30|MIX|TradingSystemLab/results/true_oos_v2/T2/M30/trades.csv|70|T2-M30-MIX-000015,LONG,2025-04-17 19:00:00+03:00,2025-04-18 11:30:00+03:00,2025-04-17,2025-04-18,2025,4,2025,4,3,4,19,11,0.210208552983,0.210209261192,7.08208813486e-07,0.534191048705,1.75375929197,ATR_TRAILING_STOP,332568.379003,333162.015392,,0 days 16:30:00,990,16.5,SOURCE,SOURCE,SOURCE,UNAVAILABLE,DERIVED
v2,quarterly,true_oos,T2,M30,MIX,V2_TRUE_OOS,TradingSystemLab/results/true_oos_v2/T2/M30/trades.csv,76,T2-M30-MIX-000016,v2|true_oos|T2|M30|MIX|TradingSystemLab/results/true_oos_v2/T2/M30/trades.csv|76|T2-M30-MIX-000016,SHORT,2025-04-30 16:00:00+03:00,2025-04-30 23:00:00+03:00,2025-04-30,2025-04-30,2025,4,2025,4,2,2,16,23,-0.350255366013,-0.350254882895,4.8311738082e-07,0.36440803248,0.893831023064,ATR_TRAILING_STOP,337350.259153,338800.237551,,0 days 07:00:00,420,7,SOURCE,SOURCE,SOURCE,UNAVAILABLE,DERIVED
v2,quarterly,true_oos,T2,M30,MIX,V2_TRUE_OOS,TradingSystemLab/results/true_oos_v2/T2/M30/trades.csv,80,T2-M30-MIX-000017,v2|true_oos|T2|M30|MIX|TradingSystemLab/results/true_oos_v2/T2/M30/trades.csv|80|T2-M30-MIX-000017,SHORT,2025-05-06 14:00:00+03:00,2025-05-06 15:30:00+03:00,2025-05-06,2025-05-06,2025,5,2025,5,1,1,14,15,-0.683546762049,-0.683546266899,4.95149986892e-07,0.563749498473,0,EMA50_TREND_LOSS,317995.029975,320755.99649,,0 days 01:30:00,90,1.5,SOURCE,SOURCE,SOURCE,UNAVAILABLE,DERIVED
v2,quarterly,true_oos,T2,M30,MIX,V2_TRUE_OOS,TradingSystemLab/results/true_oos_v2/T2/M30/trades.csv,86,T2-M30-MIX-000018,v2|true_oos|T2|M30|MIX|TradingSystemLab/results/true_oos_v2/T2/M30/trades.csv|86|T2-M30-MIX-000018,SHORT,2025-05-15 18:30:00+03:00,2025-05-16 17:00:00+03:00,2025-05-15,2025-05-16,2025,5,2025,5,3,4,18,17,0.497118761849,0.497119427268,6.65419225321e-07,0.615556767929,2.53798790469,ATR_TRAILING_STOP,325480.949495,323986.795409,,0 days 22:30:00,1350,22.5,SOURCE,SOURCE,SOURCE,UNAVAILABLE,DERIVED
v2,quarterly,true_oos,T2,M30,MIX,V2_TRUE_OOS,TradingSystemLab/results/true_oos_v2/T2/M30/trades.csv,92,T2-M30-MIX-000019,v2|true_oos|T2|M30|MIX|TradingSystemLab/results/true_oos_v2/T2/M30/trades.csv|92|T2-M30-MIX-000019,SHORT,2025-05-22 19:30:00+03:00,2025-05-27 10:00:00+03:00,2025-05-22,2025-05-27,2025,5,2025,5,3,1,19,10,2.3876742689,2.38767487121,6.02309133036e-07,0.360021260928,3.25733521792,ATR_TRAILING_STOP,316771.096365,308842.693024,,4 days 14:30:00,6630,110.5,SOURCE,SOURCE,SOURCE,UNAVAILABLE,DERIVED
v2,quarterly,true_oos,T2,M30,MIX,V2_TRUE_OOS,TradingSystemLab/results/true_oos_v2/T2/M30/trades.csv,97,T2-M30-MIX-000020,v2|true_oos|T2|M30|MIX|TradingSystemLab/results/true_oos_v2/T2/M30/trades.csv|97|T2-M30-MIX-000020,LONG,2025-06-04 17:00:00+03:00,2025-06-04 17:30:00+03:00,2025-06-04,2025-06-04,2025,6,2025,6,2,2,17,17,-1.00000126804,-1,1.26804274124e-06,0,0,INITIAL_STOP,328782.723884,327205.489983,,0 days 00:30:00,30,0.5,SOURCE,SOURCE,SOURCE,UNAVAILABLE,DERIVED
v2,quarterly,true_oos,T2,M30,MIX,V2_TRUE_OOS,TradingSystemLab/results/true_oos_v2/T2/M30/trades.csv,105,T2-M30-MIX-000021,v2|true_oos|T2|M30|MIX|TradingSystemLab/results/true_oos_v2/T2/M30/trades.csv|105|T2-M30-MIX-000021,LONG,2025-06-18 13:00:00+03:00,2025-06-18 20:30:00+03:00,2025-06-18,2025-06-18,2025,6,2025,6,2,2,13,20,-0.860664115002,-0.860663085038,1.02996363549e-06,0.835518666175,0.542354221903,ATR_TRAILING_STOP,319162.03644,317490.786979,,0 days 07:30:00,450,7.5,SOURCE,SOURCE,SOURCE,UNAVAILABLE,DERIVED
v2,quarterly,true_oos,T2,M30,MIX,V2_TRUE_OOS,TradingSystemLab/results/true_oos_v2/T2/M30/trades.csv,108,T2-M30-MIX-000022,v2|true_oos|T2|M30|MIX|TradingSystemLab/results/true_oos_v2/T2/M30/trades.csv|108|T2-M30-MIX-000022,LONG,2025-06-26 15:00:00+03:00,2025-06-26 20:30:00+03:00,2025-06-26,2025-06-26,2025,6,2025,6,3,3,15,20,-1.00000172522,-1,1.72522121409e-06,0.717727404656,1.02874261334,INITIAL_STOP,315399.013919,314239.742294,,0 days 05:30:00,330,5.5,SOURCE,SOURCE,SOURCE,UNAVAILABLE,DERIVED
v2,quarterly,true_oos,T2,M30,MIX,V2_TRUE_OOS,TradingSystemLab/results/true_oos_v2/T2/M30/trades.csv,110,T2-M30-MIX-000023,v2|true_oos|T2|M30|MIX|TradingSystemLab/results/true_oos_v2/T2/M30/trades.csv|110|T2-M30-MIX-000023,LONG,2025-06-30 12:30:00+03:00,2025-07-01 12:30:00+03:00,2025-06-30,2025-07-01,2025,6,2025,7,0,1,12,12,2.13926758063,2.13926917917,1.59853835468e-06,0.620689754737,3.67980354594,ATR_TRAILING_STOP,317007.626547,319684.158108,,1 days 00:00:00,1440,24,SOURCE,SOURCE,SOURCE,UNAVAILABLE,DERIVED
v2,quarterly,true_oos,T2,M30,MIX,V2_TRUE_OOS,TradingSystemLab/results/true_oos_v2/T2/M30/trades.csv,111,T2-M30-MIX-000024,v2|true_oos|T2|M30|MIX|TradingSystemLab/results/true_oos_v2/T2/M30/trades.csv|111|T2-M30-MIX-000024,LONG,2025-07-01 14:00:00+03:00,2025-07-01 20:00:00+03:00,2025-07-01,2025-07-01,2025,7,2025,7,1,1,14,20,-1.00000251046,-1,2.51046471816e-06,0.417761922222,2.15843659815,INITIAL_STOP,320640.87231,319844.207061,,0 days 06:00:00,360,6,SOURCE,SOURCE,SOURCE,UNAVAILABLE,DERIVED
v2,quarterly,true_oos,T2,M30,MIX,V2_TRUE_OOS,TradingSystemLab/results/true_oos_v2/T2/M30/trades.csv,115,T2-M30-MIX-000025,v2|true_oos|T2|M30|MIX|TradingSystemLab/results/true_oos_v2/T2/M30/trades.csv|115|T2-M30-MIX-000025,SHORT,2025-07-09 11:00:00+03:00,2025-07-09 22:30:00+03:00,2025-07-09,2025-07-09,2025,7,2025,7,2,2,11,22,0.0821127076519,0.082113431149,7.23497108533e-07,0.371220548732,1.20395853643,ATR_TRAILING_STOP,304443.807227,304216.816876,,0 days 11:30:00,690,11.5,SOURCE,SOURCE,SOURCE,UNAVAILABLE,DERIVED
v2,quarterly,true_oos,T2,M30,MIX,V2_TRUE_OOS,TradingSystemLab/results/true_oos_v2/T2/M30/trades.csv,139,T2-M30-MIX-000026,v2|true_oos|T2|M30|MIX|TradingSystemLab/results/true_oos_v2/T2/M30/trades.csv|139|T2-M30-MIX-000026,SHORT,2025-08-25 11:00:00+03:00,2025-08-25 14:30:00+03:00,2025-08-25,2025-08-25,2025,8,2025,8,0,0,11,14,0.282737929113,0.28273957418,1.64506731825e-06,0.159689072724,1.82501797399,ATR_TRAILING_STOP,324329.587475,323985.845221,,0 days 03:30:00,210,3.5,SOURCE,SOURCE,SOURCE,UNAVAILABLE,DERIVED
v2,quarterly,true_oos,T2,M30,MIX,V2_TRUE_OOS,TradingSystemLab/results/true_oos_v2/T2/M30/trades.csv,144,T2-M30-MIX-000027,v2|true_oos|T2|M30|MIX|TradingSystemLab/results/true_oos_v2/T2/M30/trades.csv|144|T2-M30-MIX-000027,SHORT,2025-08-29 10:30:00+03:00,2025-08-29 18:30:00+03:00,2025-08-29,2025-08-29,2025,8,2025,8,4,4,10,18,-1.00000148513,-1,1.48512939777e-06,0.988550856699,0.72081833301,INITIAL_STOP,324385.056876,325731.740877,,0 days 08:00:00,480,8,SOURCE,SOURCE,SOURCE,UNAVAILABLE,DERIVED
v2,quarterly,true_oos,T2,M30,MIX,V2_TRUE_OOS,TradingSystemLab/results/true_oos_v2/T2/M30/trades.csv,151,T2-M30-MIX-000028,v2|true_oos|T2|M30|MIX|TradingSystemLab/results/true_oos_v2/T2/M30/trades.csv|151|T2-M30-MIX-000028,LONG,2025-09-08 17:30:00+03:00,2025-09-09 13:00:00+03:00,2025-09-08,2025-09-09,2025,9,2025,9,0,1,17,13,1.44867943939,1.4486816481,2.2087138165e-06,0.0306290080791,2.87912675944,ATR_TRAILING_STOP,325494.444895,326806.23245,,0 days 19:30:00,1170,19.5,SOURCE,SOURCE,SOURCE,UNAVAILABLE,DERIVED
v2,quarterly,true_oos,T2,M30,MIX,V2_TRUE_OOS,TradingSystemLab/results/true_oos_v2/T2/M30/trades.csv,153,T2-M30-MIX-000029,v2|true_oos|T2|M30|MIX|TradingSystemLab/results/true_oos_v2/T2/M30/trades.csv|153|T2-M30-MIX-000029,LONG,2025-09-09 16:30:00+03:00,2025-09-10 09:30:00+03:00,2025-09-09,2025-09-10,2025,9,2025,9,1,2,16,9,-0.258113015052,-0.258110902849,2.11220253853e-06,0.585813047703,1.25949805256,ATR_TRAILING_STOP,326881.17992,326636.780154,,0 days 17:00:00,1020,17,SOURCE,SOURCE,SOURCE,UNAVAILABLE,DERIVED
v2,quarterly,true_oos,T2,M30,MIX,V2_TRUE_OOS,TradingSystemLab/results/true_oos_v2/T2/M30/trades.csv,154,T2-M30-MIX-000030,v2|true_oos|T2|M30|MIX|TradingSystemLab/results/true_oos_v2/T2/M30/trades.csv|154|T2-M30-MIX-000030,LONG,2025-09-10 11:30:00+03:00,2025-09-10 12:30:00+03:00,2025-09-10,2025-09-10,2025,9,2025,9,2,2,11,12,-0.565192817785,-0.565191362178,1.45560654623e-06,0.322966492673,0.141297840545,EMA50_TREND_LOSS,327408.139229,326631.567615,,0 days 01:00:00,60,1,SOURCE,SOURCE,SOURCE,UNAVAILABLE,DERIVED
v2,quarterly,true_oos,T2,M30,MIX,V2_TRUE_OOS,TradingSystemLab/results/true_oos_v2/T2/M30/trades.csv,159,T2-M30-MIX-000031,v2|true_oos|T2|M30|MIX|TradingSystemLab/results/true_oos_v2/T2/M30/trades.csv|159|T2-M30-MIX-000031,SHORT,2025-09-15 19:00:00+03:00,2025-09-16 09:00:00+03:00,2025-09-15,2025-09-16,2025,9,2025,9,0,1,19,9,-1.00901769124,-1.0090162063,1.4849388755e-06,0.720725861643,0.247106009706,ATR_TRAILING_STOP,312431.400967,313790.40129,,0 days 14:00:00,840,14,SOURCE,SOURCE,SOURCE,UNAVAILABLE,DERIVED
v2,quarterly,true_oos,T2,M30,MIX,V2_TRUE_OOS,TradingSystemLab/results/true_oos_v2/T2/M30/trades.csv,162,T2-M30-MIX-000032,v2|true_oos|T2|M30|MIX|TradingSystemLab/results/true_oos_v2/T2/M30/trades.csv|162|T2-M30-MIX-000032,SHORT,2025-09-16 13:00:00+03:00,2025-09-16 23:00:00+03:00,2025-09-16,2025-09-16,2025,9,2025,9,1,1,13,23,-0.393145497392,-0.39314506784,4.29551669778e-07,0.607587832116,0.220399507728,ATR_TRAILING_STOP,309741.13502,311571.625252,,0 days 10:00:00,600,10,SOURCE,SOURCE,SOURCE,UNAVAILABLE,DERIVED
v2,quarterly,true_oos,T2,M30,MIX,V2_TRUE_OOS,TradingSystemLab/results/true_oos_v2/T2/M30/trades.csv,165,T2-M30-MIX-000033,v2|true_oos|T2|M30|MIX|TradingSystemLab/results/true_oos_v2/T2/M30/trades.csv|165|T2-M30-MIX-000033,SHORT,2025-09-22 16:00:00+03:00,2025-09-22 18:00:00+03:00,2025-09-22,2025-09-22,2025,9,2025,9,0,0,16,18,-1.0000009876,-1,9.87597927565e-07,0.158387107454,0.65994628106,INITIAL_STOP,300357.712518,302382.828149,,0 days 02:00:00,120,2,SOURCE,SOURCE,SOURCE,UNAVAILABLE,DERIVED
v2,quarterly,true_oos,T2,M30,MIX,V2_TRUE_OOS,TradingSystemLab/results/true_oos_v2/T2/M30/trades.csv,168,T2-M30-MIX-000034,v2|true_oos|T2|M30|MIX|TradingSystemLab/results/true_oos_v2/T2/M30/trades.csv|168|T2-M30-MIX-000034,SHORT,2025-09-24 12:30:00+03:00,2025-09-24 15:00:00+03:00,2025-09-24,2025-09-24,2025,9,2025,9,2,2,12,15,-1.00000142521,-1,1.42521130549e-06,0.819041911787,0.152379890565,INITIAL_STOP,298753.951483,300157.252167,,0 days 02:30:00,150,2.5,SOURCE,SOURCE,SOURCE,UNAVAILABLE,DERIVED
v2,quarterly,true_oos,T2,M30,MIX,V2_TRUE_OOS,TradingSystemLab/results/true_oos_v2/T2/M30/trades.csv,172,T2-M30-MIX-000035,v2|true_oos|T2|M30|MIX|TradingSystemLab/results/true_oos_v2/T2/M30/trades.csv|172|T2-M30-MIX-000035,SHORT,2025-09-30 15:00:00+03:00,2025-09-30 17:00:00+03:00,2025-09-30,2025-09-30,2025,9,2025,9,1,1,15,17,-1.00000079661,-1,7.96607673047e-07,0.670723381791,0.212928057712,INITIAL_STOP,293033.870458,295544.516623,,0 days 02:00:00,120,2,SOURCE,SOURCE,SOURCE,UNAVAILABLE,DERIVED
v2,quarterly,true_oos,T2,M30,MIX,V2_TRUE_OOS,TradingSystemLab/results/true_oos_v2/T2/M30/trades.csv,173,T2-M30-MIX-000036,v2|true_oos|T2|M30|MIX|TradingSystemLab/results/true_oos_v2/T2/M30/trades.csv|173|T2-M30-MIX-000036,SHORT,2025-09-30 20:30:00+03:00,2025-10-01 09:30:00+03:00,2025-09-30,2025-10-01,2025,9,2025,10,1,2,20,9,-1.00000108761,-1,1.08761222146e-06,0.784921545919,0.043606752551,INITIAL_STOP,294049.58578,295888.476481,,0 days 13:00:00,780,13,SOURCE,SOURCE,SOURCE,UNAVAILABLE,DERIVED
v2,quarterly,true_oos,T2,M30,MIX,V2_TRUE_OOS,TradingSystemLab/results/true_oos_v2/T2/M30/trades.csv,201,T2-M30-MIX-000037,v2|true_oos|T2|M30|MIX|TradingSystemLab/results/true_oos_v2/T2/M30/trades.csv|201|T2-M30-MIX-000037,LONG,2025-11-07 22:30:00+03:00,2025-11-10 10:00:00+03:00,2025-11-07,2025-11-10,2025,11,2025,11,4,0,22,10,1.60071870328,1.60072067808,1.97479916563e-06,0.316710595393,2.61286241199,ATR_TRAILING_STOP,279401.90166,281023.049476,,2 days 11:30:00,3570,59.5,SOURCE,SOURCE,SOURCE,UNAVAILABLE,DERIVED
v2,quarterly,true_oos,T2,M30,MIX,V2_TRUE_OOS,TradingSystemLab/results/true_oos_v2/T2/M30/trades.csv,203,T2-M30-MIX-000038,v2|true_oos|T2|M30|MIX|TradingSystemLab/results/true_oos_v2/T2/M30/trades.csv|203|T2-M30-MIX-000038,SHORT,2025-11-17 14:30:00+03:00,2025-11-18 10:30:00+03:00,2025-11-17,2025-11-18,2025,11,2025,11,0,1,14,10,-0.290948916567,-0.29094710772,1.8088474198e-06,0.749414410983,1.1603836041,ATR_TRAILING_STOP,271997.871548,272319.564914,,0 days 20:00:00,1200,20,SOURCE,SOURCE,SOURCE,UNAVAILABLE,DERIVED
v2,quarterly,true_oos,T2,M30,MIX,V2_TRUE_OOS,TradingSystemLab/results/true_oos_v2/T2/M30/trades.csv,210,T2-M30-MIX-000039,v2|true_oos|T2|M30|MIX|TradingSystemLab/results/true_oos_v2/T2/M30/trades.csv|210|T2-M30-MIX-000039,LONG,2025-12-01 12:00:00+03:00,2025-12-01 23:00:00+03:00,2025-12-01,2025-12-01,2025,12,2025,12,0,0,12,23,-0.269844031849,-0.269842841188,1.19066144842e-06,0.5410353238,0.954768218471,ATR_TRAILING_STOP,289692.701635,289239.436197,,0 days 11:00:00,660,11,SOURCE,SOURCE,SOURCE,UNAVAILABLE,DERIVED
v2,quarterly,true_oos,T2,M30,MIX,V2_TRUE_OOS,TradingSystemLab/results/true_oos_v2/T2/M30/trades.csv,221,T2-M30-MIX-000040,v2|true_oos|T2|M30|MIX|TradingSystemLab/results/true_oos_v2/T2/M30/trades.csv|221|T2-M30-MIX-000040,LONG,2025-12-15 12:30:00+03:00,2025-12-15 16:00:00+03:00,2025-12-15,2025-12-15,2025,12,2025,12,0,0,12,16,-0.0807019311868,-0.0807004709597,1.46022705371e-06,0.0780618417033,1.40511315066,ATR_TRAILING_STOP,293140.78786,293030.256459,,0 days 03:30:00,210,3.5,SOURCE,SOURCE,SOURCE,UNAVAILABLE,DERIVED
v2,quarterly,true_oos,T2,M30,MIX,V2_TRUE_OOS,TradingSystemLab/results/true_oos_v2/T2/M30/trades.csv,226,T2-M30-MIX-000041,v2|true_oos|T2|M30|MIX|TradingSystemLab/results/true_oos_v2/T2/M30/trades.csv|226|T2-M30-MIX-000041,LONG,2025-12-15 17:00:00+03:00,2025-12-17 10:30:00+03:00,2025-12-15,2025-12-17,2025,12,2025,12,0,2,17,10,1.93631841502,1.93631988515,1.47012889857e-06,0.491194884178,3.08470387264,ATR_TRAILING_STOP,293862.480326,296496.698165,,1 days 17:30:00,2490,41.5,SOURCE,SOURCE,SOURCE,UNAVAILABLE,DERIVED
v2,quarterly,true_oos,T2,M30,MIX,V2_TRUE_OOS,TradingSystemLab/results/true_oos_v2/T2/M30/trades.csv,229,T2-M30-MIX-000042,v2|true_oos|T2|M30|MIX|TradingSystemLab/results/true_oos_v2/T2/M30/trades.csv|229|T2-M30-MIX-000042,SHORT,2025-12-23 12:30:00+03:00,2025-12-23 15:00:00+03:00,2025-12-23,2025-12-23,2025,12,2025,12,1,1,12,15,-1.00000116126,-1,1.16125897309e-06,0.69182617807,0.0902381971395,INITIAL_STOP,287646.196199,289368.464914,,0 days 02:30:00,150,2.5,SOURCE,SOURCE,SOURCE,UNAVAILABLE,DERIVED
v2,quarterly,true_oos,T2,M30,MIX,V2_TRUE_OOS,TradingSystemLab/results/true_oos_v2/T2/M30/trades.csv,241,T2-M30-MIX-000043,v2|true_oos|T2|M30|MIX|TradingSystemLab/results/true_oos_v2/T2/M30/trades.csv|241|T2-M30-MIX-000043,SHORT,2026-01-09 09:30:00+03:00,2026-01-12 09:00:00+03:00,2026-01-09,2026-01-12,2026,1,2026,1,4,0,9,9,-0.516818126876,-0.51681653068,1.59619634093e-06,0.66152515927,0.330762579635,ATR_TRAILING_STOP,288241.95149,288889.51159,,2 days 23:30:00,4290,71.5,SOURCE,SOURCE,SOURCE,UNAVAILABLE,DERIVED
v2,quarterly,true_oos,T2,M30,MIX,V2_TRUE_OOS,TradingSystemLab/results/true_oos_v2/T2/M30/trades.csv,244,T2-M30-MIX-000044,v2|true_oos|T2|M30|MIX|TradingSystemLab/results/true_oos_v2/T2/M30/trades.csv|244|T2-M30-MIX-000044,SHORT,2026-01-13 15:30:00+03:00,2026-01-13 16:30:00+03:00,2026-01-13,2026-01-13,2026,1,2026,1,1,1,15,16,-1.00000234837,-1,2.34836521124e-06,0.0608283043942,0.243313217577,INITIAL_STOP,287801.610623,288653.266911,,0 days 01:00:00,60,1,SOURCE,SOURCE,SOURCE,UNAVAILABLE,DERIVED
v2,quarterly,true_oos,T2,M30,MIX,V2_TRUE_OOS,TradingSystemLab/results/true_oos_v2/T2/M30/trades.csv,245,T2-M30-MIX-000045,v2|true_oos|T2|M30|MIX|TradingSystemLab/results/true_oos_v2/T2/M30/trades.csv|245|T2-M30-MIX-000045,SHORT,2026-01-13 17:30:00+03:00,2026-01-14 12:00:00+03:00,2026-01-13,2026-01-14,2026,1,2026,1,1,2,17,12,1.27660936151,1.27661139138,2.02986491095e-06,0.525783809483,2.97067852358,ATR_TRAILING_STOP,288138.341874,286880.512957,,0 days 18:30:00,1110,18.5,SOURCE,SOURCE,SOURCE,UNAVAILABLE,DERIVED
v2,quarterly,true_oos,T2,M30,MIX,V2_TRUE_OOS,TradingSystemLab/results/true_oos_v2/T2/M30/trades.csv,270,T2-M30-MIX-000046,v2|true_oos|T2|M30|MIX|TradingSystemLab/results/true_oos_v2/T2/M30/trades.csv|270|T2-M30-MIX-000046,SHORT,2026-02-09 21:00:00+03:00,2026-02-10 10:30:00+03:00,2026-02-09,2026-02-10,2026,2,2026,2,0,1,21,10,-1.0000026749,-1,2.67490110817e-06,0.831436429328,0.103929553666,INITIAL_STOP,287179.952927,287927.64412,,0 days 13:30:00,810,13.5,SOURCE,SOURCE,SOURCE,UNAVAILABLE,DERIVED
v2,quarterly,true_oos,T2,M30,MIX,V2_TRUE_OOS,TradingSystemLab/results/true_oos_v2/T2/M30/trades.csv,282,T2-M30-MIX-000047,v2|true_oos|T2|M30|MIX|TradingSystemLab/results/true_oos_v2/T2/M30/trades.csv|282|T2-M30-MIX-000047,LONG,2026-02-28 17:00:00+03:00,2026-03-01 12:30:00+03:00,2026-02-28,2026-03-01,2026,2,2026,3,5,6,17,12,0.838950484613,0.838953635425,3.15081267428e-06,0.326454491019,2.97889723055,ATR_TRAILING_STOP,294018.187578,294550.719164,,0 days 19:30:00,1170,19.5,SOURCE,SOURCE,SOURCE,UNAVAILABLE,DERIVED
v2,quarterly,true_oos,T2,M30,MIX,V2_TRUE_OOS,TradingSystemLab/results/true_oos_v2/T2/M30/trades.csv,283,T2-M30-MIX-000048,v2|true_oos|T2|M30|MIX|TradingSystemLab/results/true_oos_v2/T2/M30/trades.csv|283|T2-M30-MIX-000048,LONG,2026-03-01 14:00:00+03:00,2026-03-02 09:30:00+03:00,2026-03-01,2026-03-02,2026,3,2026,3,6,0,14,9,-0.264063676014,-0.264060996441,2.67957289327e-06,0.277629518302,1.52696235066,ATR_TRAILING_STOP,295183.795757,294986.703902,,0 days 19:30:00,1170,19.5,SOURCE,SOURCE,SOURCE,UNAVAILABLE,DERIVED
v2,quarterly,true_oos,T2,M30,MIX,V2_TRUE_OOS,TradingSystemLab/results/true_oos_v2/T2/M30/trades.csv,287,T2-M30-MIX-000049,v2|true_oos|T2|M30|MIX|TradingSystemLab/results/true_oos_v2/T2/M30/trades.csv|287|T2-M30-MIX-000049,LONG,2026-03-09 14:00:00+03:00,2026-03-09 22:30:00+03:00,2026-03-09,2026-03-09,2026,3,2026,3,0,0,14,22,-0.416061905226,-0.416060382813,1.52241333591e-06,0.177453743632,1.24217620542,ATR_TRAILING_STOP,300182.959725,299636.37967,,0 days 08:30:00,510,8.5,SOURCE,SOURCE,SOURCE,UNAVAILABLE,DERIVED
v2,quarterly,true_oos,T2,M30,MIX,V2_TRUE_OOS,TradingSystemLab/results/true_oos_v2/T2/M30/trades.csv,295,T2-M30-MIX-000050,v2|true_oos|T2|M30|MIX|TradingSystemLab/results/true_oos_v2/T2/M30/trades.csv|295|T2-M30-MIX-000050,SHORT,2026-03-17 11:00:00+03:00,2026-03-17 15:00:00+03:00,2026-03-17,2026-03-17,2026,3,2026,3,1,1,11,15,-1.00000199193,-1,1.99192532934e-06,0.722339164101,0.154786963736,INITIAL_STOP,296297.599128,297301.65283,,0 days 04:00:00,240,4,SOURCE,SOURCE,SOURCE,UNAVAILABLE,DERIVED
v2,quarterly,true_oos,T2,M30,MIX,V2_TRUE_OOS,TradingSystemLab/results/true_oos_v2/T2/M30/trades.csv,300,T2-M30-MIX-000051,v2|true_oos|T2|M30|MIX|TradingSystemLab/results/true_oos_v2/T2/M30/trades.csv|300|T2-M30-MIX-000051,LONG,2026-03-19 14:30:00+03:00,2026-03-19 15:30:00+03:00,2026-03-19,2026-03-19,2026,3,2026,3,3,3,14,15,-1.00000173838,-1,1.73837773304e-06,0.247654892711,0.180112649245,INITIAL_STOP,299224.570778,298074.072838,,0 days 01:00:00,60,1,SOURCE,SOURCE,SOURCE,UNAVAILABLE,DERIVED
v2,quarterly,true_oos,T2,M30,MIX,V2_TRUE_OOS,TradingSystemLab/results/true_oos_v2/T2/M30/trades.csv,305,T2-M30-MIX-000052,v2|true_oos|T2|M30|MIX|TradingSystemLab/results/true_oos_v2/T2/M30/trades.csv|305|T2-M30-MIX-000052,SHORT,2026-03-23 11:30:00+03:00,2026-03-23 15:00:00+03:00,2026-03-23,2026-03-23,2026,3,2026,3,0,0,11,15,4.76008325466,4.76008587386,2.61920247332e-06,0.231042703516,8.38354952756,ATR_TRAILING_STOP,296490.073038,292855.31328,,0 days 03:30:00,210,3.5,SOURCE,SOURCE,SOURCE,UNAVAILABLE,DERIVED
v2,quarterly,true_oos,T2,M30,MIX,V2_TRUE_OOS,TradingSystemLab/results/true_oos_v2/T2/M30/trades.csv,310,T2-M30-MIX-000053,v2|true_oos|T2|M30|MIX|TradingSystemLab/results/true_oos_v2/T2/M30/trades.csv|310|T2-M30-MIX-000053,SHORT,2026-03-27 11:30:00+03:00,2026-03-29 11:30:00+03:00,2026-03-27,2026-03-29,2026,3,2026,3,4,6,11,11,5.29052158015,5.29052419182,2.61166513381e-06,0.098733354251,6.18729019973,ATR_TRAILING_STOP,290542.125296,286490.668527,,2 days 00:00:00,2880,48,SOURCE,SOURCE,SOURCE,UNAVAILABLE,DERIVED
v2,quarterly,true_oos,T2,M30,MIX,V2_TRUE_OOS,TradingSystemLab/results/true_oos_v2/T2/M30/trades.csv,314,T2-M30-MIX-000054,v2|true_oos|T2|M30|MIX|TradingSystemLab/results/true_oos_v2/T2/M30/trades.csv|314|T2-M30-MIX-000054,SHORT,2026-04-01 15:00:00+03:00,2026-04-01 19:00:00+03:00,2026-04-01,2026-04-01,2026,4,2026,4,2,2,15,19,-0.586258643881,-0.586257610047,1.03383405483e-06,0.482034034928,0.182391256459,EMA50_TREND_LOSS,284543.771217,285677.913795,,0 days 04:00:00,240,4,SOURCE,SOURCE,SOURCE,UNAVAILABLE,DERIVED
v2,quarterly,true_oos,T2,M30,MIX,V2_TRUE_OOS,TradingSystemLab/results/true_oos_v2/T2/M30/trades.csv,316,T2-M30-MIX-000055,v2|true_oos|T2|M30|MIX|TradingSystemLab/results/true_oos_v2/T2/M30/trades.csv|316|T2-M30-MIX-000055,SHORT,2026-04-05 18:00:00+03:00,2026-04-06 11:00:00+03:00,2026-04-05,2026-04-06,2026,4,2026,4,6,0,18,11,1.10363307305,1.10363777486,4.70181609517e-06,0.829504639771,3.37726889049,ATR_TRAILING_STOP,283056.784281,282587.332583,,0 days 17:00:00,1020,17,SOURCE,SOURCE,SOURCE,UNAVAILABLE,DERIVED
v2,quarterly,true_oos,T2,M30,MIX,V2_TRUE_OOS,TradingSystemLab/results/true_oos_v2/T2/M30/trades.csv,321,T2-M30-MIX-000056,v2|true_oos|T2|M30|MIX|TradingSystemLab/results/true_oos_v2/T2/M30/trades.csv|321|T2-M30-MIX-000056,SHORT,2026-04-14 11:30:00+03:00,2026-04-14 14:00:00+03:00,2026-04-14,2026-04-14,2026,4,2026,4,1,1,11,14,-0.695590110075,-0.695588799033,1.31104204259e-06,0.528678614027,0.49563620065,ATR_TRAILING_STOP,276907.211192,277968.334751,,0 days 02:30:00,150,2.5,SOURCE,SOURCE,SOURCE,UNAVAILABLE,DERIVED
v2,quarterly,true_oos,T2,M30,MIX,V2_TRUE_OOS,TradingSystemLab/results/true_oos_v2/T2/M30/trades.csv,332,T2-M30-MIX-000057,v2|true_oos|T2|M30|MIX|TradingSystemLab/results/true_oos_v2/T2/M30/trades.csv|332|T2-M30-MIX-000057,SHORT,2026-04-29 22:30:00+03:00,2026-04-30 10:30:00+03:00,2026-04-29,2026-04-30,2026,4,2026,4,2,3,22,10,-0.217508628845,-0.217506969052,1.65979304152e-06,0.125496130595,2.02885411129,ATR_TRAILING_STOP,270858.450777,271120.540042,,0 days 12:00:00,720,12,SOURCE,SOURCE,SOURCE,UNAVAILABLE,DERIVED
v2,quarterly,true_oos,T2,M30,MIX,V2_TRUE_OOS,TradingSystemLab/results/true_oos_v2/T2/M30/trades.csv,333,T2-M30-MIX-000058,v2|true_oos|T2|M30|MIX|TradingSystemLab/results/true_oos_v2/T2/M30/trades.csv|333|T2-M30-MIX-000058,SHORT,2026-04-30 12:30:00+03:00,2026-05-01 00:00:00+03:00,2026-04-30,2026-05-01,2026,4,2026,5,3,4,12,0,-0.407314983634,-0.407313788628,1.1950051645e-06,0.692712077151,0.813183742743,ATR_TRAILING_STOP,270429.996914,271111.690685,,0 days 11:30:00,690,11.5,SOURCE,SOURCE,SOURCE,UNAVAILABLE,DERIVED
v2,quarterly,true_oos,T2,M30,MIX,V2_TRUE_OOS,TradingSystemLab/results/true_oos_v2/T2/M30/trades.csv,346,T2-M30-MIX-000059,v2|true_oos|T2|M30|MIX|TradingSystemLab/results/true_oos_v2/T2/M30/trades.csv|346|T2-M30-MIX-000059,SHORT,2026-05-20 17:30:00+03:00,2026-05-21 14:00:00+03:00,2026-05-20,2026-05-21,2026,5,2026,5,2,3,17,14,0.667938633559,0.667939914444,1.28088447488e-06,0.242117603394,1.82395261223,ATR_TRAILING_STOP,268489.352947,267446.417495,,0 days 20:30:00,1230,20.5,SOURCE,SOURCE,SOURCE,UNAVAILABLE,DERIVED
v2,quarterly,true_oos,T2,M30,MIX,V2_TRUE_OOS,TradingSystemLab/results/true_oos_v2/T2/M30/trades.csv,349,T2-M30-MIX-000060,v2|true_oos|T2|M30|MIX|TradingSystemLab/results/true_oos_v2/T2/M30/trades.csv|349|T2-M30-MIX-000060,SHORT,2026-05-26 22:00:00+03:00,2026-05-27 12:00:00+03:00,2026-05-26,2026-05-27,2026,5,2026,5,1,2,22,12,-1.00000189024,-1,1.89023737735e-06,0.976619404148,1.50065908442,INITIAL_STOP,261810.513322,262868.58149,,0 days 14:00:00,840,14,SOURCE,SOURCE,SOURCE,UNAVAILABLE,DERIVED
v2,quarterly,true_oos,T2,M30,MIX,V2_TRUE_OOS,TradingSystemLab/results/true_oos_v2/T2/M30/trades.csv,352,T2-M30-MIX-000061,v2|true_oos|T2|M30|MIX|TradingSystemLab/results/true_oos_v2/T2/M30/trades.csv|352|T2-M30-MIX-000061,SHORT,2026-05-29 17:30:00+03:00,2026-06-01 09:00:00+03:00,2026-05-29,2026-06-01,2026,5,2026,6,4,0,17,9,-0.276041622383,-0.276039631005,1.99137755325e-06,0.62736279774,0.426606702463,ATR_TRAILING_STOP,260121.901039,260399.135891,,2 days 15:30:00,3810,63.5,SOURCE,SOURCE,SOURCE,UNAVAILABLE,DERIVED
v2,quarterly,true_oos,T2,M30,MIX,V2_TRUE_OOS,TradingSystemLab/results/true_oos_v2/T2/M30/trades.csv,360,T2-M30-MIX-000062,v2|true_oos|T2|M30|MIX|TradingSystemLab/results/true_oos_v2/T2/M30/trades.csv|360|T2-M30-MIX-000062,SHORT,2026-06-09 14:30:00+03:00,2026-06-09 15:30:00+03:00,2026-06-09,2026-06-09,2026,6,2026,6,1,1,14,15,-1.00000120161,-1,1.20161497993e-06,0.393698560957,0.0908535140671,INITIAL_STOP,254047.937455,255712.364109,,0 days 01:00:00,60,1,SOURCE,SOURCE,SOURCE,UNAVAILABLE,DERIVED
v2,quarterly,true_oos,T2,M30,MIX,V2_TRUE_OOS,TradingSystemLab/results/true_oos_v2/T2/M30/trades.csv,368,T2-M30-MIX-000063,v2|true_oos|T2|M30|MIX|TradingSystemLab/results/true_oos_v2/T2/M30/trades.csv|368|T2-M30-MIX-000063,SHORT,2026-06-22 12:00:00+03:00,2026-06-23 09:30:00+03:00,2026-06-22,2026-06-23,2026,6,2026,6,0,1,12,9,7.23554857232,7.23555002786,1.45554490095e-06,0.0727772450477,9.97048257153,ATR_TRAILING_STOP,241300,231357.950087,,0 days 21:30:00,1290,21.5,SOURCE,SOURCE,SOURCE,UNAVAILABLE,DERIVED
v2,quarterly,true_oos,T2,M30,MIX,V2_TRUE_OOS,TradingSystemLab/results/true_oos_v2/T2/M30/trades.csv,369,T2-M30-MIX-000064,v2|true_oos|T2|M30|MIX|TradingSystemLab/results/true_oos_v2/T2/M30/trades.csv|369|T2-M30-MIX-000064,SHORT,2026-06-23 14:30:00+03:00,2026-06-23 17:00:00+03:00,2026-06-23,2026-06-23,2026,6,2026,6,1,1,14,17,-1.00000059706,-1,5.97058761883e-07,0.940367549966,0.0671691107118,INITIAL_STOP,230025,233374.75404,,0 days 02:30:00,150,2.5,SOURCE,SOURCE,SOURCE,UNAVAILABLE,DERIVED
v2,quarterly,true_oos,T2,M30,MIX,V2_TRUE_OOS,TradingSystemLab/results/true_oos_v2/T2/M30/trades.csv,371,T2-M30-MIX-000065,v2|true_oos|T2|M30|MIX|TradingSystemLab/results/true_oos_v2/T2/M30/trades.csv|371|T2-M30-MIX-000065,SHORT,2026-06-25 13:30:00+03:00,2026-06-26 15:00:00+03:00,2026-06-25,2026-06-26,2026,6,2026,6,3,4,13,15,-0.368460065403,-0.368459643494,4.21909087055e-07,0.738340902346,0.506290904466,ATR_TRAILING_STOP,221625,223371.630517,,1 days 01:30:00,1530,25.5,SOURCE,SOURCE,SOURCE,UNAVAILABLE,DERIVED
v2,quarterly,true_oos,T2,M30,MIX,V2_TRUE_OOS,TradingSystemLab/results/true_oos_v2/T2/M30/trades.csv,376,T2-M30-MIX-000066,v2|true_oos|T2|M30|MIX|TradingSystemLab/results/true_oos_v2/T2/M30/trades.csv|376|T2-M30-MIX-000066,SHORT,2026-07-03 17:30:00+03:00,2026-07-05 10:00:00+03:00,2026-07-03,2026-07-05,2026,7,2026,7,4,6,17,10,-0.0580274458243,-0.0580267826611,6.63163230413e-07,0.588557366991,0.54710966509,ATR_TRAILING_STOP,221700,221875,,1 days 16:30:00,2430,40.5,SOURCE,SOURCE,SOURCE,UNAVAILABLE,DERIVED
v2,quarterly,true_oos,T2,M30,MIX,V2_TRUE_OOS,TradingSystemLab/results/true_oos_v2/T2/M30/trades.csv,377,T2-M30-MIX-000067,v2|true_oos|T2|M30|MIX|TradingSystemLab/results/true_oos_v2/T2/M30/trades.csv|377|T2-M30-MIX-000067,SHORT,2026-07-06 13:00:00+03:00,2026-07-06 17:30:00+03:00,2026-07-06,2026-07-06,2026,7,2026,7,0,0,13,17,2.39210401469,2.39210531548,1.30078132283e-06,0.715429727554,4.8779299606,ATR_TRAILING_STOP,222125,218447.04849,,0 days 04:30:00,270,4.5,SOURCE,SOURCE,SOURCE,UNAVAILABLE,DERIVED
v2,quarterly,true_oos,T2,M30,MIX,V2_TRUE_OOS,TradingSystemLab/results/true_oos_v2/T2/M30/trades.csv,380,T2-M30-MIX-000068,v2|true_oos|T2|M30|MIX|TradingSystemLab/results/true_oos_v2/T2/M30/trades.csv|380|T2-M30-MIX-000068,SHORT,2026-07-07 13:30:00+03:00,2026-07-07 18:00:00+03:00,2026-07-07,2026-07-07,2026,7,2026,7,1,1,13,18,-0.890198081509,-0.890197516305,5.65204772257e-07,0.685310786361,0.452163817805,EMA50_TREND_LOSS,214175,217325,,0 days 04:30:00,270,4.5,SOURCE,SOURCE,SOURCE,UNAVAILABLE,DERIVED
v2,quarterly,true_oos,T2,M30,MIX,V2_TRUE_OOS,TradingSystemLab/results/true_oos_v2/T2/M30/trades.csv,387,T2-M30-MIX-000069,v2|true_oos|T2|M30|MIX|TradingSystemLab/results/true_oos_v2/T2/M30/trades.csv|387|T2-M30-MIX-000069,SHORT,2026-07-15 16:00:00+03:00,2026-07-16 11:30:00+03:00,2026-07-15,2026-07-16,2026,7,2026,7,2,3,16,11,1.64550421513,1.64550490518,6.90048045704e-07,0.241516815996,2.69118737825,ATR_TRAILING_STOP,211425,206655.752654,,0 days 19:30:00,1170,19.5,SOURCE,SOURCE,SOURCE,UNAVAILABLE,DERIVED
v2,quarterly,true_oos,T2,M30,MIX,V2_TRUE_OOS,TradingSystemLab/results/true_oos_v2/T2/M30/trades.csv,388,T2-M30-MIX-000070,v2|true_oos|T2|M30|MIX|TradingSystemLab/results/true_oos_v2/T2/M30/trades.csv|388|T2-M30-MIX-000070,SHORT,2026-07-16 15:30:00+03:00,2026-07-17 08:00:00+03:00,2026-07-16,2026-07-17,2026,7,2026,7,3,4,15,8,1.35395715409,1.35395788471,7.30618233475e-07,0.301380021308,2.84941111055,ATR_TRAILING_STOP,204325,200618.66522,,0 days 16:30:00,990,16.5,SOURCE,SOURCE,SOURCE,UNAVAILABLE,DERIVED
v2,quarterly,true_oos,T2,M30,MIX,V2_TRUE_OOS,TradingSystemLab/results/true_oos_v2/T2/M30/trades.csv,390,T2-M30-MIX-000071,v2|true_oos|T2|M30|MIX|TradingSystemLab/results/true_oos_v2/T2/M30/trades.csv|390|T2-M30-MIX-000071,LONG,2026-07-21 14:30:00+03:00,2026-07-22 08:30:00+03:00,2026-07-21,2026-07-22,2026,7,2026,7,1,2,14,8,0.835214620828,0.835215493675,8.72847621768e-07,0.20730131017,2.74947000857,ATR_TRAILING_STOP,207975,209888.771597,,0 days 18:00:00,1080,18,SOURCE,SOURCE,SOURCE,UNAVAILABLE,DERIVED
v2,quarterly,true_oos,T2,M30,MIX,V2_TRUE_OOS,TradingSystemLab/results/true_oos_v2/T2/M30/trades.csv,395,T2-M30-MIX-000072,v2|true_oos|T2|M30|MIX|TradingSystemLab/results/true_oos_v2/T2/M30/trades.csv|395|T2-M30-MIX-000072,LONG,2026-07-24 16:30:00+03:00,2026-07-26 10:30:00+03:00,2026-07-24,2026-07-26,2026,7,2026,7,4,6,16,10,0.59277472924,0.592775148247,4.19006533021e-07,0.172840194871,0.958477444285,ATR_TRAILING_STOP,220375,223204.431532,,1 days 18:00:00,2520,42,SOURCE,SOURCE,SOURCE,UNAVAILABLE,DERIVED
v2,quarterly,true_oos,T2,M30,MIX,V2_TRUE_OOS,TradingSystemLab/results/true_oos_v2/T2/M30/trades.csv,402,T2-M30-MIX-000073,v2|true_oos|T2|M30|MIX|TradingSystemLab/results/true_oos_v2/T2/M30/trades.csv|402|T2-M30-MIX-000073,LONG,2026-07-30 15:30:00+03:00,2026-07-30 17:00:00+03:00,2026-07-30,2026-07-30,2026,7,2026,7,3,3,15,17,-1.0000015958,-1,1.59579507265e-06,0.718107782691,0.0997371920404,INITIAL_STOP,229475,228221.706244,,0 days 01:30:00,90,1.5,SOURCE,SOURCE,SOURCE,UNAVAILABLE,DERIVED
v2,quarterly,true_oos,T2,M30,MIX,V2_TRUE_OOS,TradingSystemLab/results/true_oos_v2/T2/M30/trades.csv,404,T2-M30-MIX-000074,v2|true_oos|T2|M30|MIX|TradingSystemLab/results/true_oos_v2/T2/M30/trades.csv|404|T2-M30-MIX-000074,LONG,2026-08-05 16:00:00+03:00,2026-08-06 08:00:00+03:00,2026-08-05,2026-08-06,2026,8,2026,8,2,3,16,8,0.453793098814,0.453794718803,1.61998909844e-06,0.627745775647,1.90348719067,ATR_TRAILING_STOP,232400,232960.244164,,0 days 16:00:00,960,16,SOURCE,SOURCE,SOURCE,UNAVAILABLE,DERIVED
v2,quarterly,true_oos,T2,M30,MIX,V2_TRUE_OOS,TradingSystemLab/results/true_oos_v2/T2/M30/trades.csv,405,T2-M30-MIX-000075,v2|true_oos|T2|M30|MIX|TradingSystemLab/results/true_oos_v2/T2/M30/trades.csv|405|T2-M30-MIX-000075,LONG,2026-08-06 10:30:00+03:00,2026-08-06 12:00:00+03:00,2026-08-06,2026-08-06,2026,8,2026,8,3,3,10,12,-0.755307564554,-0.755306580004,9.84549509985e-07,0.135375557623,0.443047279493,ATR_TRAILING_STOP,234275,232740.680857,,0 days 01:30:00,90,1.5,SOURCE,SOURCE,SOURCE,UNAVAILABLE,DERIVED
v2,quarterly,true_oos,T2,M30,MIX,V2_TRUE_OOS,TradingSystemLab/results/true_oos_v2/T2/M30/trades.csv,408,T2-M30-MIX-000076,v2|true_oos|T2|M30|MIX|TradingSystemLab/results/true_oos_v2/T2/M30/trades.csv|408|T2-M30-MIX-000076,LONG,2026-08-11 15:00:00+03:00,2026-08-12 10:30:00+03:00,2026-08-11,2026-08-12,2026,8,2026,8,1,2,15,10,0.160785230429,0.160787281004,2.05057516363e-06,0.358850653635,1.87114983681,ATR_TRAILING_STOP,234950,235106.821641,,0 days 19:30:00,1170,19.5,SOURCE,SOURCE,SOURCE,UNAVAILABLE,DERIVED
v2,quarterly,true_oos,T2,M30,MIX,V2_TRUE_OOS,TradingSystemLab/results/true_oos_v2/T2/M30/trades.csv,414,T2-M30-MIX-000077,v2|true_oos|T2|M30|MIX|TradingSystemLab/results/true_oos_v2/T2/M30/trades.csv|414|T2-M30-MIX-000077,SHORT,2026-08-17 14:00:00+03:00,2026-08-18 07:30:00+03:00,2026-08-17,2026-08-18,2026,8,2026,8,0,1,14,7,-0.554890388073,-0.554889540039,8.48034156068e-07,0.87983543692,0.805632448264,ATR_TRAILING_STOP,212525,213833.649035,,0 days 17:30:00,1050,17.5,SOURCE,SOURCE,SOURCE,UNAVAILABLE,DERIVED
v2,quarterly,true_oos,T2,M30,MIX,V2_TRUE_OOS,TradingSystemLab/results/true_oos_v2/T2/M30/trades.csv,422,T2-M30-MIX-000078,v2|true_oos|T2|M30|MIX|TradingSystemLab/results/true_oos_v2/T2/M30/trades.csv|422|T2-M30-MIX-000078,SHORT,2026-08-24 19:00:00+03:00,2026-08-25 07:30:00+03:00,2026-08-24,2026-08-25,2026,8,2026,8,0,1,19,7,-1.00000080162,-1,8.01618367539e-07,0.821658826728,0.0100202295942,INITIAL_STOP,208450,210944.952812,,0 days 12:30:00,750,12.5,SOURCE,SOURCE,SOURCE,UNAVAILABLE,DERIVED
v2,quarterly,true_oos,T2,M30,MIX,V2_TRUE_OOS,TradingSystemLab/results/true_oos_v2/T2/M30/trades.csv,428,T2-M30-MIX-000079,v2|true_oos|T2|M30|MIX|TradingSystemLab/results/true_oos_v2/T2/M30/trades.csv|428|T2-M30-MIX-000079,LONG,2026-09-01 17:00:00+03:00,2026-09-01 21:00:00+03:00,2026-09-01,2026-09-01,2026,9,2026,9,1,1,17,21,-1.00000130374,-1,1.30374368856e-06,0.684465436492,0.635575048171,INITIAL_STOP,219950,218415.95614,,0 days 04:00:00,240,4,SOURCE,SOURCE,SOURCE,UNAVAILABLE,DERIVED
v2,quarterly,true_oos,T2,M30,MIX,V2_TRUE_OOS,TradingSystemLab/results/true_oos_v2/T2/M30/trades.csv,429,T2-M30-MIX-000080,v2|true_oos|T2|M30|MIX|TradingSystemLab/results/true_oos_v2/T2/M30/trades.csv|429|T2-M30-MIX-000080,LONG,2026-09-02 08:30:00+03:00,2026-09-02 11:00:00+03:00,2026-09-02,2026-09-02,2026,9,2026,9,2,2,8,11,-0.306855551472,-0.306854850089,7.01382514489e-07,0.482200478711,0.166578347191,EMA50_TREND_LOSS,218800,217925,,0 days 02:30:00,150,2.5,SOURCE,SOURCE,SOURCE,UNAVAILABLE,DERIVED
v2,quarterly,true_oos,T2,M30,MIX,V2_TRUE_OOS,TradingSystemLab/results/true_oos_v2/T2/M30/trades.csv,433,T2-M30-MIX-000081,v2|true_oos|T2|M30|MIX|TradingSystemLab/results/true_oos_v2/T2/M30/trades.csv|433|T2-M30-MIX-000081,LONG,2026-09-08 12:00:00+03:00,2026-09-08 17:00:00+03:00,2026-09-08,2026-09-08,2026,9,2026,9,1,1,12,17,0.723761622358,0.723762964217,1.34185902962e-06,0.0503197136107,2.23084063674,ATR_TRAILING_STOP,228025,229103.746647,,0 days 05:00:00,300,5,SOURCE,SOURCE,SOURCE,UNAVAILABLE,DERIVED
v2,quarterly,true_oos,T2,M30,MIX,V2_TRUE_OOS,TradingSystemLab/results/true_oos_v2/T2/M30/trades.csv,438,T2-M30-MIX-000082,v2|true_oos|T2|M30|MIX|TradingSystemLab/results/true_oos_v2/T2/M30/trades.csv|438|T2-M30-MIX-000082,LONG,2026-09-14 23:30:00+03:00,2026-09-15 07:00:00+03:00,2026-09-14,2026-09-15,2026,9,2026,9,0,1,23,7,-1.24427566101,-1.24427441673,1.24427441673e-06,0.311068604183,0.0155534302091,INITIAL_STOP,235300,233300,,0 days 07:30:00,450,7.5,SOURCE,SOURCE,SOURCE,UNAVAILABLE,DERIVED
v2,quarterly,true_oos,T2,M30,NG,V2_TRUE_OOS,TradingSystemLab/results/true_oos_v2/T2/M30/trades.csv,8,T2-M30-NG-000001,v2|true_oos|T2|M30|NG|TradingSystemLab/results/true_oos_v2/T2/M30/trades.csv|8|T2-M30-NG-000001,LONG,2025-01-23 18:30:00+03:00,2025-01-23 19:00:00+03:00,2025-01-23,2025-01-23,2025,1,2025,1,3,3,18,19,-1.0285478081,-1,0.0285478080968,0,0,INITIAL_STOP,3.59931444643,3.52925652839,,0 days 00:30:00,30,0.5,SOURCE,SOURCE,SOURCE,UNAVAILABLE,DERIVED
v2,quarterly,true_oos,T2,M30,NG,V2_TRUE_OOS,TradingSystemLab/results/true_oos_v2/T2/M30/trades.csv,9,T2-M30-NG-000002,v2|true_oos|T2|M30|NG|TradingSystemLab/results/true_oos_v2/T2/M30/trades.csv|9|T2-M30-NG-000002,LONG,2025-01-23 22:30:00+03:00,2025-01-24 10:00:00+03:00,2025-01-23,2025-01-24,2025,1,2025,1,3,4,22,10,-1.46145601869,-1.42852654727,0.0329294714185,0.0736353890345,0.338722789559,INITIAL_STOP,3.52775749919,3.44099470065,,0 days 11:30:00,690,11.5,SOURCE,SOURCE,SOURCE,UNAVAILABLE,DERIVED
v2,quarterly,true_oos,T2,M30,NG,V2_TRUE_OOS,TradingSystemLab/results/true_oos_v2/T2/M30/trades.csv,40,T2-M30-NG-000003,v2|true_oos|T2|M30|NG|TradingSystemLab/results/true_oos_v2/T2/M30/trades.csv|40|T2-M30-NG-000003,LONG,2025-03-05 00:00:00+03:00,2025-03-05 11:00:00+03:00,2025-03-05,2025-03-05,2025,3,2025,3,2,2,0,11,-1.04202444697,-1,0.0420244469684,0.955554340508,1.01925796321,INITIAL_STOP,4.37379190665,4.32620056056,,0 days 11:00:00,660,11,SOURCE,SOURCE,SOURCE,UNAVAILABLE,DERIVED
v2,quarterly,true_oos,T2,M30,NG,V2_TRUE_OOS,TradingSystemLab/results/true_oos_v2/T2/M30/trades.csv,42,T2-M30-NG-000004,v2|true_oos|T2|M30|NG|TradingSystemLab/results/true_oos_v2/T2/M30/trades.csv|42|T2-M30-NG-000004,LONG,2025-03-05 19:30:00+03:00,2025-03-06 17:30:00+03:00,2025-03-05,2025-03-06,2025,3,2025,3,2,3,19,17,-0.435569298515,-0.414419801313,0.0211494972018,0.480898508097,0.940423749168,ATR_TRAILING_STOP,4.42229976513,4.38311019979,,0 days 22:00:00,1320,22,SOURCE,SOURCE,SOURCE,UNAVAILABLE,DERIVED
v2,quarterly,true_oos,T2,M30,NG,V2_TRUE_OOS,TradingSystemLab/results/true_oos_v2/T2/M30/trades.csv,44,T2-M30-NG-000005,v2|true_oos|T2|M30|NG|TradingSystemLab/results/true_oos_v2/T2/M30/trades.csv|44|T2-M30-NG-000005,LONG,2025-03-10 19:30:00+03:00,2025-03-11 09:00:00+03:00,2025-03-10,2025-03-11,2025,3,2025,3,0,1,19,9,-0.904234468194,-0.880681466235,0.0235530019595,0.856879264444,0.618857246543,EMA50_TREND_LOSS,4.56984450136,4.49506155286,,0 days 13:30:00,810,13.5,SOURCE,SOURCE,SOURCE,UNAVAILABLE,DERIVED
v2,quarterly,true_oos,T2,M30,NG,V2_TRUE_OOS,TradingSystemLab/results/true_oos_v2/T2/M30/trades.csv,47,T2-M30-NG-000006,v2|true_oos|T2|M30|NG|TradingSystemLab/results/true_oos_v2/T2/M30/trades.csv|47|T2-M30-NG-000006,SHORT,2025-03-13 22:00:00+03:00,2025-03-14 17:30:00+03:00,2025-03-13,2025-03-14,2025,3,2025,3,3,4,22,17,-0.0252280693049,-0.00816957765424,0.0170584916506,0.224106701796,0.913665784246,ATR_TRAILING_STOP,4.10901984576,4.10997767694,,0 days 19:30:00,1170,19.5,SOURCE,SOURCE,SOURCE,UNAVAILABLE,DERIVED
v2,quarterly,true_oos,T2,M30,NG,V2_TRUE_OOS,TradingSystemLab/results/true_oos_v2/T2/M30/trades.csv,52,T2-M30-NG-000007,v2|true_oos|T2|M30|NG|TradingSystemLab/results/true_oos_v2/T2/M30/trades.csv|52|T2-M30-NG-000007,SHORT,2025-03-21 20:00:00+03:00,2025-03-24 16:30:00+03:00,2025-03-21,2025-03-24,2025,3,2025,3,4,0,20,16,-0.338069922944,-0.305986029516,0.0320838934277,0.61604371413,1.02133563132,ATR_TRAILING_STOP,4.00897238763,4.02804650843,,2 days 20:30:00,4110,68.5,SOURCE,SOURCE,SOURCE,UNAVAILABLE,DERIVED
v2,quarterly,true_oos,T2,M30,NG,V2_TRUE_OOS,TradingSystemLab/results/true_oos_v2/T2/M30/trades.csv,63,T2-M30-NG-000008,v2|true_oos|T2|M30|NG|TradingSystemLab/results/true_oos_v2/T2/M30/trades.csv|63|T2-M30-NG-000008,SHORT,2025-04-07 17:00:00+03:00,2025-04-07 17:30:00+03:00,2025-04-07,2025-04-07,2025,4,2025,4,0,0,17,17,-1.01948881308,-1,0.0194888130756,0,0,INITIAL_STOP,3.84225697814,3.94487995432,,0 days 00:30:00,30,0.5,SOURCE,SOURCE,SOURCE,UNAVAILABLE,DERIVED
v2,quarterly,true_oos,T2,M30,NG,V2_TRUE_OOS,TradingSystemLab/results/true_oos_v2/T2/M30/trades.csv,66,T2-M30-NG-000009,v2|true_oos|T2|M30|NG|TradingSystemLab/results/true_oos_v2/T2/M30/trades.csv|66|T2-M30-NG-000009,SHORT,2025-04-10 18:30:00+03:00,2025-04-11 17:00:00+03:00,2025-04-10,2025-04-11,2025,4,2025,4,3,4,18,17,0.219994734072,0.233584265969,0.013589531897,0.116672720023,1.03632827785,ATR_TRAILING_STOP,3.60287345979,3.56849637193,,0 days 22:30:00,1350,22.5,SOURCE,SOURCE,SOURCE,UNAVAILABLE,DERIVED
v2,quarterly,true_oos,T2,M30,NG,V2_TRUE_OOS,TradingSystemLab/results/true_oos_v2/T2/M30/trades.csv,75,T2-M30-NG-000010,v2|true_oos|T2|M30|NG|TradingSystemLab/results/true_oos_v2/T2/M30/trades.csv|75|T2-M30-NG-000010,LONG,2025-04-29 23:00:00+03:00,2025-04-30 13:30:00+03:00,2025-04-29,2025-04-30,2025,4,2025,4,1,2,23,13,-1.09996788304,-1,0.0999678830374,0.703617491424,1.36032715009,INITIAL_STOP,3.16260366037,3.14259723491,,0 days 14:30:00,870,14.5,SOURCE,SOURCE,SOURCE,UNAVAILABLE,DERIVED
v2,quarterly,true_oos,T2,M30,NG,V2_TRUE_OOS,TradingSystemLab/results/true_oos_v2/T2/M30/trades.csv,79,T2-M30-NG-000011,v2|true_oos|T2|M30|NG|TradingSystemLab/results/true_oos_v2/T2/M30/trades.csv|79|T2-M30-NG-000011,LONG,2025-05-05 17:30:00+03:00,2025-05-05 19:30:00+03:00,2025-05-05,2025-05-05,2025,5,2025,5,0,0,17,19,-1.02988178437,-1,0.0298817843712,0.729112835725,0.0701070034351,INITIAL_STOP,3.44038724597,3.37345683863,,0 days 02:00:00,120,2,SOURCE,SOURCE,SOURCE,UNAVAILABLE,DERIVED
v2,quarterly,true_oos,T2,M30,NG,V2_TRUE_OOS,TradingSystemLab/results/true_oos_v2/T2/M30/trades.csv,84,T2-M30-NG-000012,v2|true_oos|T2|M30|NG|TradingSystemLab/results/true_oos_v2/T2/M30/trades.csv|84|T2-M30-NG-000012,SHORT,2025-05-15 18:00:00+03:00,2025-05-15 20:00:00+03:00,2025-05-15,2025-05-15,2025,5,2025,5,3,3,18,20,-0.806818977028,-0.776868590616,0.0299503864119,0.632411584022,0.562143630242,ATR_TRAILING_STOP,3.21609576976,3.26797280265,,0 days 02:00:00,120,2,SOURCE,SOURCE,SOURCE,UNAVAILABLE,DERIVED
v2,quarterly,true_oos,T2,M30,NG,V2_TRUE_OOS,TradingSystemLab/results/true_oos_v2/T2/M30/trades.csv,85,T2-M30-NG-000013,v2|true_oos|T2|M30|NG|TradingSystemLab/results/true_oos_v2/T2/M30/trades.csv|85|T2-M30-NG-000013,SHORT,2025-05-15 21:00:00+03:00,2025-05-16 16:30:00+03:00,2025-05-15,2025-05-16,2025,5,2025,5,3,4,21,16,0.511082549298,0.550395861351,0.039313312052,0.129128630887,1.84469472696,ATR_TRAILING_STOP,3.20483427304,3.17683379012,,0 days 19:30:00,1170,19.5,SOURCE,SOURCE,SOURCE,UNAVAILABLE,DERIVED
v2,quarterly,true_oos,T2,M30,NG,V2_TRUE_OOS,TradingSystemLab/results/true_oos_v2/T2/M30/trades.csv,87,T2-M30-NG-000014,v2|true_oos|T2|M30|NG|TradingSystemLab/results/true_oos_v2/T2/M30/trades.csv|87|T2-M30-NG-000014,SHORT,2025-05-16 19:00:00+03:00,2025-05-20 12:00:00+03:00,2025-05-16,2025-05-20,2025,5,2025,5,4,1,19,12,2.20033506972,2.22480020494,0.0244651352198,0.114797516614,2.84697841202,ATR_TRAILING_STOP,3.15134216365,2.96946700254,,3 days 17:00:00,5340,89,SOURCE,SOURCE,SOURCE,UNAVAILABLE,DERIVED
v2,quarterly,true_oos,T2,M30,NG,V2_TRUE_OOS,TradingSystemLab/results/true_oos_v2/T2/M30/trades.csv,96,T2-M30-NG-000015,v2|true_oos|T2|M30|NG|TradingSystemLab/results/true_oos_v2/T2/M30/trades.csv|96|T2-M30-NG-000015,LONG,2025-06-03 20:30:00+03:00,2025-06-04 10:00:00+03:00,2025-06-03,2025-06-04,2025,6,2025,6,1,2,20,10,-1.03446385918,-1,0.0344638591829,0.936324839376,0.102410529307,INITIAL_STOP,3.18039038889,3.1223585826,,0 days 13:30:00,810,13.5,SOURCE,SOURCE,SOURCE,UNAVAILABLE,DERIVED
v2,quarterly,true_oos,T2,M30,NG,V2_TRUE_OOS,TradingSystemLab/results/true_oos_v2/T2/M30/trades.csv,101,T2-M30-NG-000016,v2|true_oos|T2|M30|NG|TradingSystemLab/results/true_oos_v2/T2/M30/trades.csv|101|T2-M30-NG-000016,LONG,2025-06-16 18:30:00+03:00,2025-06-17 16:00:00+03:00,2025-06-16,2025-06-17,2025,6,2025,6,0,1,18,16,1.46381146002,1.50750591158,0.0436944515542,0.278227603652,2.65243648815,ATR_TRAILING_STOP,3.12944980605,3.19845197259,,0 days 21:30:00,1290,21.5,SOURCE,SOURCE,SOURCE,UNAVAILABLE,DERIVED
v2,quarterly,true_oos,T2,M30,NG,V2_TRUE_OOS,TradingSystemLab/results/true_oos_v2/T2/M30/trades.csv,102,T2-M30-NG-000017,v2|true_oos|T2|M30|NG|TradingSystemLab/results/true_oos_v2/T2/M30/trades.csv|102|T2-M30-NG-000017,LONG,2025-06-17 17:00:00+03:00,2025-06-17 20:30:00+03:00,2025-06-17,2025-06-17,2025,6,2025,6,1,1,17,20,-0.615716480212,-0.579259977538,0.0364565026743,0.35594713648,0.634514460682,ATR_TRAILING_STOP,3.25255621459,3.22077807159,,0 days 03:30:00,210,3.5,SOURCE,SOURCE,SOURCE,UNAVAILABLE,DERIVED
v2,quarterly,true_oos,T2,M30,NG,V2_TRUE_OOS,TradingSystemLab/results/true_oos_v2/T2/M30/trades.csv,106,T2-M30-NG-000018,v2|true_oos|T2|M30|NG|TradingSystemLab/results/true_oos_v2/T2/M30/trades.csv|106|T2-M30-NG-000018,LONG,2025-06-17 21:30:00+03:00,2025-06-20 15:30:00+03:00,2025-06-17,2025-06-20,2025,6,2025,6,1,4,21,15,3.50387451372,3.53953424183,0.0356597281127,0.529820472451,4.3445278741,ATR_TRAILING_STOP,3.26698937973,3.46550655465,,2 days 18:00:00,3960,66,SOURCE,SOURCE,SOURCE,UNAVAILABLE,DERIVED
v2,quarterly,true_oos,T2,M30,NG,V2_TRUE_OOS,TradingSystemLab/results/true_oos_v2/T2/M30/trades.csv,109,T2-M30-NG-000019,v2|true_oos|T2|M30|NG|TradingSystemLab/results/true_oos_v2/T2/M30/trades.csv|109|T2-M30-NG-000019,SHORT,2025-06-24 16:30:00+03:00,2025-06-26 21:00:00+03:00,2025-06-24,2025-06-26,2025,6,2025,6,1,3,16,21,3.59904286019,3.63129178062,0.0322489204316,0.50652346422,4.76126887527,ATR_TRAILING_STOP,3.06577407749,2.8405701493,,2 days 04:30:00,3150,52.5,SOURCE,SOURCE,SOURCE,UNAVAILABLE,DERIVED
v2,quarterly,true_oos,T2,M30,NG,V2_TRUE_OOS,TradingSystemLab/results/true_oos_v2/T2/M30/trades.csv,117,T2-M30-NG-000020,v2|true_oos|T2|M30|NG|TradingSystemLab/results/true_oos_v2/T2/M30/trades.csv|117|T2-M30-NG-000020,LONG,2025-07-14 17:00:00+03:00,2025-07-15 09:30:00+03:00,2025-07-14,2025-07-15,2025,7,2025,7,0,1,17,9,-0.677476545293,-0.649532472509,0.0279440727839,0.639176252144,0.190631513797,ATR_TRAILING_STOP,2.79697670634,2.75048867451,,0 days 16:30:00,990,16.5,SOURCE,SOURCE,SOURCE,UNAVAILABLE,DERIVED
v2,quarterly,true_oos,T2,M30,NG,V2_TRUE_OOS,TradingSystemLab/results/true_oos_v2/T2/M30/trades.csv,122,T2-M30-NG-000021,v2|true_oos|T2|M30|NG|TradingSystemLab/results/true_oos_v2/T2/M30/trades.csv|122|T2-M30-NG-000021,SHORT,2025-07-22 20:30:00+03:00,2025-07-24 15:00:00+03:00,2025-07-22,2025-07-24,2025,7,2025,7,1,3,20,15,3.91064901984,3.98344880235,0.0727997825062,0.817982824261,5.2876746854,ATR_TRAILING_STOP,2.61479199692,2.50535626331,,1 days 18:30:00,2550,42.5,SOURCE,SOURCE,SOURCE,UNAVAILABLE,DERIVED
v2,quarterly,true_oos,T2,M30,NG,V2_TRUE_OOS,TradingSystemLab/results/true_oos_v2/T2/M30/trades.csv,123,T2-M30-NG-000022,v2|true_oos|T2|M30|NG|TradingSystemLab/results/true_oos_v2/T2/M30/trades.csv|123|T2-M30-NG-000022,SHORT,2025-07-24 19:30:00+03:00,2025-07-25 09:30:00+03:00,2025-07-24,2025-07-25,2025,7,2025,7,3,4,19,9,-0.225530504531,-0.184964934449,0.0405655700815,0.227898617556,0.813923634127,ATR_TRAILING_STOP,2.5040365348,2.51315584135,,0 days 14:00:00,840,14,SOURCE,SOURCE,SOURCE,UNAVAILABLE,DERIVED
v2,quarterly,true_oos,T2,M30,NG,V2_TRUE_OOS,TradingSystemLab/results/true_oos_v2/T2/M30/trades.csv,130,T2-M30-NG-000023,v2|true_oos|T2|M30|NG|TradingSystemLab/results/true_oos_v2/T2/M30/trades.csv|130|T2-M30-NG-000023,SHORT,2025-07-31 16:30:00+03:00,2025-07-31 18:30:00+03:00,2025-07-31,2025-07-31,2025,7,2025,7,3,3,16,18,-1.00790094913,-0.96358190172,0.0443190474057,0.744160221089,0.388992842842,ATR_TRAILING_STOP,2.31028614834,2.35377002077,,0 days 02:00:00,120,2,SOURCE,SOURCE,SOURCE,UNAVAILABLE,DERIVED
v2,quarterly,true_oos,T2,M30,NG,V2_TRUE_OOS,TradingSystemLab/results/true_oos_v2/T2/M30/trades.csv,132,T2-M30-NG-000024,v2|true_oos|T2|M30|NG|TradingSystemLab/results/true_oos_v2/T2/M30/trades.csv|132|T2-M30-NG-000024,SHORT,2025-08-11 18:30:00+03:00,2025-08-11 23:30:00+03:00,2025-08-11,2025-08-11,2025,8,2025,8,0,0,18,23,-1.10407423539,-1,0.104074235391,0.913470281091,0.794321983558,INITIAL_STOP,2.26830869933,2.28752575139,,0 days 05:00:00,300,5,SOURCE,SOURCE,SOURCE,UNAVAILABLE,DERIVED
v2,quarterly,true_oos,T2,M30,NG,V2_TRUE_OOS,TradingSystemLab/results/true_oos_v2/T2/M30/trades.csv,133,T2-M30-NG-000025,v2|true_oos|T2|M30|NG|TradingSystemLab/results/true_oos_v2/T2/M30/trades.csv|133|T2-M30-NG-000025,SHORT,2025-08-13 19:00:00+03:00,2025-08-13 21:30:00+03:00,2025-08-13,2025-08-13,2025,8,2025,8,2,2,19,21,-1.07432296404,-1,0.074322964042,0.623977686695,0.283626221225,INITIAL_STOP,2.15611442651,2.18302400992,,0 days 02:30:00,150,2.5,SOURCE,SOURCE,SOURCE,UNAVAILABLE,DERIVED
v2,quarterly,true_oos,T2,M30,NG,V2_TRUE_OOS,TradingSystemLab/results/true_oos_v2/T2/M30/trades.csv,136,T2-M30-NG-000026,v2|true_oos|T2|M30|NG|TradingSystemLab/results/true_oos_v2/T2/M30/trades.csv|136|T2-M30-NG-000026,SHORT,2025-08-20 17:30:00+03:00,2025-08-21 13:00:00+03:00,2025-08-20,2025-08-21,2025,8,2025,8,2,3,17,13,-0.775550109935,-0.714508859368,0.0610412505672,0.838589230898,0.163059017119,ATR_TRAILING_STOP,2.09658277155,2.11999346032,,0 days 19:30:00,1170,19.5,SOURCE,SOURCE,SOURCE,UNAVAILABLE,DERIVED
v2,quarterly,true_oos,T2,M30,NG,V2_TRUE_OOS,TradingSystemLab/results/true_oos_v2/T2/M30/trades.csv,141,T2-M30-NG-000027,v2|true_oos|T2|M30|NG|TradingSystemLab/results/true_oos_v2/T2/M30/trades.csv|141|T2-M30-NG-000027,SHORT,2025-08-25 20:30:00+03:00,2025-08-25 21:30:00+03:00,2025-08-25,2025-08-25,2025,8,2025,8,0,0,20,21,-1.0778563938,-1,0.0778563937972,0.178266152774,0.11884410185,INITIAL_STOP,2.03323498486,2.0589233054,,0 days 01:00:00,60,1,SOURCE,SOURCE,SOURCE,UNAVAILABLE,DERIVED
v2,quarterly,true_oos,T2,M30,NG,V2_TRUE_OOS,TradingSystemLab/results/true_oos_v2/T2/M30/trades.csv,149,T2-M30-NG-000028,v2|true_oos|T2|M30|NG|TradingSystemLab/results/true_oos_v2/T2/M30/trades.csv|149|T2-M30-NG-000028,LONG,2025-09-04 19:00:00+03:00,2025-09-05 15:00:00+03:00,2025-09-04,2025-09-05,2025,9,2025,9,3,4,19,15,-0.67292774776,-0.637635520835,0.0352922269247,0.706654955104,0,ATR_TRAILING_STOP,2.27897724715,2.24284263189,,0 days 20:00:00,1200,20,SOURCE,SOURCE,SOURCE,UNAVAILABLE,DERIVED
v2,quarterly,true_oos,T2,M30,NG,V2_TRUE_OOS,TradingSystemLab/results/true_oos_v2/T2/M30/trades.csv,150,T2-M30-NG-000029,v2|true_oos|T2|M30|NG|TradingSystemLab/results/true_oos_v2/T2/M30/trades.csv|150|T2-M30-NG-000029,LONG,2025-09-08 15:30:00+03:00,2025-09-08 17:00:00+03:00,2025-09-08,2025-09-08,2025,9,2025,9,0,0,15,17,-0.177746918459,-0.124670210148,0.0530767083119,0.2125505937,1.04343018725,ATR_TRAILING_STOP,2.28844264786,2.28374491079,,0 days 01:30:00,90,1.5,SOURCE,SOURCE,SOURCE,UNAVAILABLE,DERIVED
v2,quarterly,true_oos,T2,M30,NG,V2_TRUE_OOS,TradingSystemLab/results/true_oos_v2/T2/M30/trades.csv,164,T2-M30-NG-000030,v2|true_oos|T2|M30|NG|TradingSystemLab/results/true_oos_v2/T2/M30/trades.csv|164|T2-M30-NG-000030,SHORT,2025-09-19 18:30:00+03:00,2025-09-22 09:30:00+03:00,2025-09-19,2025-09-22,2025,9,2025,9,4,0,18,9,-0.952644670456,-0.876472349568,0.0761723208886,0.887386510762,0.388231598458,ATR_TRAILING_STOP,2.10714381893,2.13015670181,,2 days 15:00:00,3780,63,SOURCE,SOURCE,SOURCE,UNAVAILABLE,DERIVED
v2,quarterly,true_oos,T2,M30,NG,V2_TRUE_OOS,TradingSystemLab/results/true_oos_v2/T2/M30/trades.csv,176,T2-M30-NG-000031,v2|true_oos|T2|M30|NG|TradingSystemLab/results/true_oos_v2/T2/M30/trades.csv|176|T2-M30-NG-000031,LONG,2025-09-30 22:00:00+03:00,2025-10-01 17:00:00+03:00,2025-09-30,2025-10-01,2025,9,2025,10,1,2,22,17,0.0621514930996,0.139958028461,0.0778065353615,0.305602616974,1.42614554588,ATR_TRAILING_STOP,2.1864331746,2.19003076516,,0 days 19:00:00,1140,19,SOURCE,SOURCE,SOURCE,UNAVAILABLE,DERIVED
v2,quarterly,true_oos,T2,M30,NG,V2_TRUE_OOS,TradingSystemLab/results/true_oos_v2/T2/M30/trades.csv,179,T2-M30-NG-000032,v2|true_oos|T2|M30|NG|TradingSystemLab/results/true_oos_v2/T2/M30/trades.csv|179|T2-M30-NG-000032,LONG,2025-10-01 18:00:00+03:00,2025-10-02 13:30:00+03:00,2025-10-01,2025-10-02,2025,10,2025,10,2,3,18,13,1.30072310084,1.36665310809,0.0659300072507,0.49633020453,2.52481017087,ATR_TRAILING_STOP,2.20738103735,2.24883873363,,0 days 19:30:00,1170,19.5,SOURCE,SOURCE,SOURCE,UNAVAILABLE,DERIVED
v2,quarterly,true_oos,T2,M30,NG,V2_TRUE_OOS,TradingSystemLab/results/true_oos_v2/T2/M30/trades.csv,183,T2-M30-NG-000033,v2|true_oos|T2|M30|NG|TradingSystemLab/results/true_oos_v2/T2/M30/trades.csv|183|T2-M30-NG-000033,SHORT,2025-10-13 12:30:00+03:00,2025-10-13 16:30:00+03:00,2025-10-13,2025-10-13,2025,10,2025,10,0,0,12,16,0.621026488077,0.767599893163,0.146573405086,0.623674913195,3.35824953259,ATR_TRAILING_STOP,2.03587041108,2.02539647971,,0 days 04:00:00,240,4,SOURCE,SOURCE,SOURCE,UNAVAILABLE,DERIVED
v2,quarterly,true_oos,T2,M30,NG,V2_TRUE_OOS,TradingSystemLab/results/true_oos_v2/T2/M30/trades.csv,192,T2-M30-NG-000034,v2|true_oos|T2|M30|NG|TradingSystemLab/results/true_oos_v2/T2/M30/trades.csv|192|T2-M30-NG-000034,LONG,2025-10-21 19:30:00+03:00,2025-10-22 11:00:00+03:00,2025-10-21,2025-10-22,2025,10,2025,10,1,2,19,11,0.113481961155,0.155916432771,0.0424344716155,0.569458921551,1.66670903869,ATR_TRAILING_STOP,2.25254986641,2.25989844066,,0 days 15:30:00,930,15.5,SOURCE,SOURCE,SOURCE,UNAVAILABLE,DERIVED
v2,quarterly,true_oos,T2,M30,NG,V2_TRUE_OOS,TradingSystemLab/results/true_oos_v2/T2/M30/trades.csv,196,T2-M30-NG-000035,v2|true_oos|T2|M30|NG|TradingSystemLab/results/true_oos_v2/T2/M30/trades.csv|196|T2-M30-NG-000035,LONG,2025-10-31 18:30:00+03:00,2025-11-03 15:30:00+03:00,2025-10-31,2025-11-03,2025,10,2025,11,4,0,18,15,4.16450629422,4.24899891699,0.0844926227687,0.361651909501,5.81054067932,ATR_TRAILING_STOP,2.30678445889,2.40736126141,,2 days 21:00:00,4140,69,SOURCE,SOURCE,SOURCE,UNAVAILABLE,DERIVED
v2,quarterly,true_oos,T2,M30,NG,V2_TRUE_OOS,TradingSystemLab/results/true_oos_v2/T2/M30/trades.csv,197,T2-M30-NG-000036,v2|true_oos|T2|M30|NG|TradingSystemLab/results/true_oos_v2/T2/M30/trades.csv|197|T2-M30-NG-000036,LONG,2025-11-03 19:30:00+03:00,2025-11-05 12:00:00+03:00,2025-11-03,2025-11-05,2025,11,2025,11,0,2,19,12,0.374534500014,0.4365072485,0.0619727484859,0.406732902139,2.08671662837,ATR_TRAILING_STOP,2.39239001773,2.40647708856,,1 days 16:30:00,2430,40.5,SOURCE,SOURCE,SOURCE,UNAVAILABLE,DERIVED
v2,quarterly,true_oos,T2,M30,NG,V2_TRUE_OOS,TradingSystemLab/results/true_oos_v2/T2/M30/trades.csv,204,T2-M30-NG-000037,v2|true_oos|T2|M30|NG|TradingSystemLab/results/true_oos_v2/T2/M30/trades.csv|204|T2-M30-NG-000037,LONG,2025-11-22 00:00:00+03:00,2025-11-24 09:00:00+03:00,2025-11-22,2025-11-24,2025,11,2025,11,5,0,0,9,-2.16404524875,-2.06360376864,0.100441480114,0,0,INITIAL_STOP,2.62238361915,2.58129295091,,2 days 09:00:00,3420,57,SOURCE,SOURCE,SOURCE,UNAVAILABLE,DERIVED
v2,quarterly,true_oos,T2,M30,NG,V2_TRUE_OOS,TradingSystemLab/results/true_oos_v2/T2/M30/trades.csv,212,T2-M30-NG-000038,v2|true_oos|T2|M30|NG|TradingSystemLab/results/true_oos_v2/T2/M30/trades.csv|212|T2-M30-NG-000038,LONG,2025-12-02 17:30:00+03:00,2025-12-02 20:30:00+03:00,2025-12-02,2025-12-02,2025,12,2025,12,1,1,17,20,-0.558664101225,-0.521131052042,0.0375330491831,0.59557834519,0.255247862224,EMA50_TREND_LOSS,2.78541905099,2.75764986818,,0 days 03:00:00,180,3,SOURCE,SOURCE,SOURCE,UNAVAILABLE,DERIVED
v2,quarterly,true_oos,T2,M30,NG,V2_TRUE_OOS,TradingSystemLab/results/true_oos_v2/T2/M30/trades.csv,214,T2-M30-NG-000039,v2|true_oos|T2|M30|NG|TradingSystemLab/results/true_oos_v2/T2/M30/trades.csv|214|T2-M30-NG-000039,LONG,2025-12-03 18:30:00+03:00,2025-12-04 17:00:00+03:00,2025-12-03,2025-12-04,2025,12,2025,12,2,3,18,17,-0.320054752268,-0.266855376402,0.0531993758656,0.256266880531,0.859247775899,ATR_TRAILING_STOP,2.81772197793,2.80768970322,,0 days 22:30:00,1350,22.5,SOURCE,SOURCE,SOURCE,UNAVAILABLE,DERIVED
v2,quarterly,true_oos,T2,M30,NG,V2_TRUE_OOS,TradingSystemLab/results/true_oos_v2/T2/M30/trades.csv,215,T2-M30-NG-000040,v2|true_oos|T2|M30|NG|TradingSystemLab/results/true_oos_v2/T2/M30/trades.csv|215|T2-M30-NG-000040,SHORT,2025-12-10 20:00:00+03:00,2025-12-10 21:00:00+03:00,2025-12-10,2025-12-10,2025,12,2025,12,2,2,20,21,-1.05429848656,-1,0.054298486556,0.553894750778,0.184631583593,INITIAL_STOP,2.59783538753,2.63466882667,,0 days 01:00:00,60,1,SOURCE,SOURCE,SOURCE,UNAVAILABLE,DERIVED
v2,quarterly,true_oos,T2,M30,NG,V2_TRUE_OOS,TradingSystemLab/results/true_oos_v2/T2/M30/trades.csv,219,T2-M30-NG-000041,v2|true_oos|T2|M30|NG|TradingSystemLab/results/true_oos_v2/T2/M30/trades.csv|219|T2-M30-NG-000041,SHORT,2025-12-10 22:00:00+03:00,2025-12-12 15:00:00+03:00,2025-12-10,2025-12-12,2025,12,2025,12,2,4,22,15,2.69852796962,2.72796769026,0.0294397206399,0.358706431864,3.46193416799,ATR_TRAILING_STOP,2.59783538753,2.41250973695,,1 days 17:00:00,2460,41,SOURCE,SOURCE,SOURCE,UNAVAILABLE,DERIVED
v2,quarterly,true_oos,T2,M30,NG,V2_TRUE_OOS,TradingSystemLab/results/true_oos_v2/T2/M30/trades.csv,220,T2-M30-NG-000042,v2|true_oos|T2|M30|NG|TradingSystemLab/results/true_oos_v2/T2/M30/trades.csv|220|T2-M30-NG-000042,SHORT,2025-12-12 17:00:00+03:00,2025-12-14 10:00:00+03:00,2025-12-12,2025-12-14,2025,12,2025,12,4,6,17,10,0.295224119148,0.334583292862,0.0393591737141,0.368041622148,0.836458232155,ATR_TRAILING_STOP,2.34961289632,2.33261135582,,1 days 17:00:00,2460,41,SOURCE,SOURCE,SOURCE,UNAVAILABLE,DERIVED
v2,quarterly,true_oos,T2,M30,NG,V2_TRUE_OOS,TradingSystemLab/results/true_oos_v2/T2/M30/trades.csv,224,T2-M30-NG-000043,v2|true_oos|T2|M30|NG|TradingSystemLab/results/true_oos_v2/T2/M30/trades.csv|224|T2-M30-NG-000043,SHORT,2025-12-16 17:30:00+03:00,2025-12-16 20:30:00+03:00,2025-12-16,2025-12-16,2025,12,2025,12,1,1,17,20,-0.904914033525,-0.860448119192,0.0444659143336,0.642590686686,0.415793973738,ATR_TRAILING_STOP,2.19943262195,2.2381340917,,0 days 03:00:00,180,3,SOURCE,SOURCE,SOURCE,UNAVAILABLE,DERIVED
v2,quarterly,true_oos,T2,M30,NG,V2_TRUE_OOS,TradingSystemLab/results/true_oos_v2/T2/M30/trades.csv,225,T2-M30-NG-000044,v2|true_oos|T2|M30|NG|TradingSystemLab/results/true_oos_v2/T2/M30/trades.csv|225|T2-M30-NG-000044,SHORT,2025-12-16 21:30:00+03:00,2025-12-17 09:00:00+03:00,2025-12-16,2025-12-17,2025,12,2025,12,1,2,21,9,-1.10803624689,-1.0517955898,0.0562406570881,0.207171858597,0.270917045858,INITIAL_STOP,2.20850011021,2.2459034993,,0 days 11:30:00,690,11.5,SOURCE,SOURCE,SOURCE,UNAVAILABLE,DERIVED
v2,quarterly,true_oos,T2,M30,NG,V2_TRUE_OOS,TradingSystemLab/results/true_oos_v2/T2/M30/trades.csv,248,T2-M30-NG-000045,v2|true_oos|T2|M30|NG|TradingSystemLab/results/true_oos_v2/T2/M30/trades.csv|248|T2-M30-NG-000045,LONG,2026-01-19 23:30:00+03:00,2026-01-20 18:00:00+03:00,2026-01-19,2026-01-20,2026,1,2026,1,0,1,23,18,5.7746251304,5.85095400949,0.076328879097,0.632433778793,9.41353355357,ATR_TRAILING_STOP,2.2925734504,2.44588250141,,0 days 18:30:00,1110,18.5,SOURCE,SOURCE,SOURCE,UNAVAILABLE,DERIVED
v2,quarterly,true_oos,T2,M30,NG,V2_TRUE_OOS,TradingSystemLab/results/true_oos_v2/T2/M30/trades.csv,249,T2-M30-NG-000046,v2|true_oos|T2|M30|NG|TradingSystemLab/results/true_oos_v2/T2/M30/trades.csv|249|T2-M30-NG-000046,LONG,2026-01-20 19:30:00+03:00,2026-01-21 13:30:00+03:00,2026-01-20,2026-01-21,2026,1,2026,1,1,2,19,13,4.90566448185,4.92708563499,0.0214211531309,0.696299114314,7.13365269077,ATR_TRAILING_STOP,2.48887943392,2.9489000131,,0 days 18:00:00,1080,18,SOURCE,SOURCE,SOURCE,UNAVAILABLE,DERIVED
v2,quarterly,true_oos,T2,M30,NG,V2_TRUE_OOS,TradingSystemLab/results/true_oos_v2/T2/M30/trades.csv,250,T2-M30-NG-000047,v2|true_oos|T2|M30|NG|TradingSystemLab/results/true_oos_v2/T2/M30/trades.csv|250|T2-M30-NG-000047,LONG,2026-01-22 17:00:00+03:00,2026-01-22 20:30:00+03:00,2026-01-22,2026-01-22,2026,1,2026,1,3,3,17,20,-0.4091528796,-0.39284078985,0.01631208975,0.103966260443,1.91297919216,ATR_TRAILING_STOP,3.36460807469,3.31644247533,,0 days 03:30:00,210,3.5,SOURCE,SOURCE,SOURCE,UNAVAILABLE,DERIVED
v2,quarterly,true_oos,T2,M30,NG,V2_TRUE_OOS,TradingSystemLab/results/true_oos_v2/T2/M30/trades.csv,255,T2-M30-NG-000048,v2|true_oos|T2|M30|NG|TradingSystemLab/results/true_oos_v2/T2/M30/trades.csv|255|T2-M30-NG-000048,LONG,2026-01-27 00:00:00+03:00,2026-01-27 13:30:00+03:00,2026-01-27,2026-01-27,2026,1,2026,1,1,1,0,13,-1.01654022145,-1,0.0165402214473,0.753754959024,1.57076208244,INITIAL_STOP,4.20655678973,4.08563942436,,0 days 13:30:00,810,13.5,SOURCE,SOURCE,SOURCE,UNAVAILABLE,DERIVED
v2,quarterly,true_oos,T2,M30,NG,V2_TRUE_OOS,TradingSystemLab/results/true_oos_v2/T2/M30/trades.csv,271,T2-M30-NG-000049,v2|true_oos|T2|M30|NG|TradingSystemLab/results/true_oos_v2/T2/M30/trades.csv|271|T2-M30-NG-000049,SHORT,2026-02-09 19:30:00+03:00,2026-02-10 15:30:00+03:00,2026-02-09,2026-02-10,2026,2,2026,2,0,1,19,15,0.852324686075,0.89627068924,0.0439460031648,0.285977461179,2.88577256281,ATR_TRAILING_STOP,3.77315158696,3.73236195311,,0 days 20:00:00,1200,20,SOURCE,SOURCE,SOURCE,UNAVAILABLE,DERIVED
v2,quarterly,true_oos,T2,M30,NG,V2_TRUE_OOS,TradingSystemLab/results/true_oos_v2/T2/M30/trades.csv,276,T2-M30-NG-000050,v2|true_oos|T2|M30|NG|TradingSystemLab/results/true_oos_v2/T2/M30/trades.csv|276|T2-M30-NG-000050,SHORT,2026-02-18 19:00:00+03:00,2026-02-18 22:00:00+03:00,2026-02-18,2026-02-18,2026,2,2026,2,2,2,19,22,-0.605960089985,-0.575613458294,0.0303466316917,0.502676130879,0.897635947998,ATR_TRAILING_STOP,3.54006570969,3.57800161402,,0 days 03:00:00,180,3,SOURCE,SOURCE,SOURCE,UNAVAILABLE,DERIVED
v2,quarterly,true_oos,T2,M30,NG,V2_TRUE_OOS,TradingSystemLab/results/true_oos_v2/T2/M30/trades.csv,297,T2-M30-NG-000051,v2|true_oos|T2|M30|NG|TradingSystemLab/results/true_oos_v2/T2/M30/trades.csv|297|T2-M30-NG-000051,SHORT,2026-03-17 19:30:00+03:00,2026-03-18 15:30:00+03:00,2026-03-17,2026-03-18,2026,3,2026,3,1,2,19,15,0.595105223733,0.633306151048,0.0382009273154,0.711065260174,2.08732060244,ATR_TRAILING_STOP,3.65551445674,3.62235787152,,0 days 20:00:00,1200,20,SOURCE,SOURCE,SOURCE,UNAVAILABLE,DERIVED
v2,quarterly,true_oos,T2,M30,NG,V2_TRUE_OOS,TradingSystemLab/results/true_oos_v2/T2/M30/trades.csv,301,T2-M30-NG-000052,v2|true_oos|T2|M30|NG|TradingSystemLab/results/true_oos_v2/T2/M30/trades.csv|301|T2-M30-NG-000052,LONG,2026-03-19 14:30:00+03:00,2026-03-19 19:30:00+03:00,2026-03-19,2026-03-19,2026,3,2026,3,3,3,14,19,-0.851330665982,-0.820013930098,0.0313167358842,0.827376207878,1.35388834016,ATR_TRAILING_STOP,3.87287586169,3.82050680681,,0 days 05:00:00,300,5,SOURCE,SOURCE,SOURCE,UNAVAILABLE,DERIVED
v2,quarterly,true_oos,T2,M30,NG,V2_TRUE_OOS,TradingSystemLab/results/true_oos_v2/T2/M30/trades.csv,306,T2-M30-NG-000053,v2|true_oos|T2|M30|NG|TradingSystemLab/results/true_oos_v2/T2/M30/trades.csv|306|T2-M30-NG-000053,SHORT,2026-03-24 17:30:00+03:00,2026-03-24 19:30:00+03:00,2026-03-24,2026-03-24,2026,3,2026,3,1,1,17,19,-1.04416539952,-1,0.0441653995169,0.71601115693,0.106075726953,INITIAL_STOP,3.49699674705,3.54228106514,,0 days 02:00:00,120,2,SOURCE,SOURCE,SOURCE,UNAVAILABLE,DERIVED
v2,quarterly,true_oos,T2,M30,NG,V2_TRUE_OOS,TradingSystemLab/results/true_oos_v2/T2/M30/trades.csv,315,T2-M30-NG-000054,v2|true_oos|T2|M30|NG|TradingSystemLab/results/true_oos_v2/T2/M30/trades.csv|315|T2-M30-NG-000054,SHORT,2026-03-31 23:00:00+03:00,2026-04-02 09:00:00+03:00,2026-03-31,2026-04-02,2026,3,2026,4,1,3,23,9,2.65148924353,2.83489482526,0.183405581728,0,10.9034416356,ATR_TRAILING_STOP,3.51348849143,3.4825745487,,1 days 10:00:00,2040,34,SOURCE,SOURCE,SOURCE,UNAVAILABLE,DERIVED
v2,quarterly,true_oos,T2,M30,NG,V2_TRUE_OOS,TradingSystemLab/results/true_oos_v2/T2/M30/trades.csv,320,T2-M30-NG-000055,v2|true_oos|T2|M30|NG|TradingSystemLab/results/true_oos_v2/T2/M30/trades.csv|320|T2-M30-NG-000055,SHORT,2026-04-08 16:30:00+03:00,2026-04-10 16:00:00+03:00,2026-04-08,2026-04-10,2026,4,2026,4,2,4,16,16,1.23464295416,1.26753288406,0.0328899298945,0.664802921442,2.17038600824,ATR_TRAILING_STOP,3.30660287467,3.22952561193,,1 days 23:30:00,2850,47.5,SOURCE,SOURCE,SOURCE,UNAVAILABLE,DERIVED
v2,quarterly,true_oos,T2,M30,NG,V2_TRUE_OOS,TradingSystemLab/results/true_oos_v2/T2/M30/trades.csv,323,T2-M30-NG-000056,v2|true_oos|T2|M30|NG|TradingSystemLab/results/true_oos_v2/T2/M30/trades.csv|323|T2-M30-NG-000056,SHORT,2026-04-14 17:00:00+03:00,2026-04-15 15:30:00+03:00,2026-04-14,2026-04-15,2026,4,2026,4,1,2,17,15,0.355128835236,0.393417436816,0.0382886015804,0.386963035042,1.32022682544,ATR_TRAILING_STOP,3.1544111566,3.13386104923,,0 days 22:30:00,1350,22.5,SOURCE,SOURCE,SOURCE,UNAVAILABLE,DERIVED
v2,quarterly,true_oos,T2,M30,NG,V2_TRUE_OOS,TradingSystemLab/results/true_oos_v2/T2/M30/trades.csv,326,T2-M30-NG-000057,v2|true_oos|T2|M30|NG|TradingSystemLab/results/true_oos_v2/T2/M30/trades.csv|326|T2-M30-NG-000057,LONG,2026-04-22 16:00:00+03:00,2026-04-22 20:30:00+03:00,2026-04-22,2026-04-22,2026,4,2026,4,2,2,16,20,-0.728310520115,-0.679373071716,0.0489374483996,0.378212369335,0.552771924413,ATR_TRAILING_STOP,3.27331093635,3.24554597949,,0 days 04:30:00,270,4.5,SOURCE,SOURCE,SOURCE,UNAVAILABLE,DERIVED
v2,quarterly,true_oos,T2,M30,NG,V2_TRUE_OOS,TradingSystemLab/results/true_oos_v2/T2/M30/trades.csv,334,T2-M30-NG-000058,v2|true_oos|T2|M30|NG|TradingSystemLab/results/true_oos_v2/T2/M30/trades.csv|334|T2-M30-NG-000058,LONG,2026-05-04 15:00:00+03:00,2026-05-04 15:30:00+03:00,2026-05-04,2026-05-04,2026,5,2026,5,0,0,15,15,-1.07527575554,-1,0.0752757555437,0,0,INITIAL_STOP,3.10622349163,3.07965451221,,0 days 00:30:00,30,0.5,SOURCE,SOURCE,SOURCE,UNAVAILABLE,DERIVED
v2,quarterly,true_oos,T2,M30,NG,V2_TRUE_OOS,TradingSystemLab/results/true_oos_v2/T2/M30/trades.csv,336,T2-M30-NG-000059,v2|true_oos|T2|M30|NG|TradingSystemLab/results/true_oos_v2/T2/M30/trades.csv|336|T2-M30-NG-000059,LONG,2026-05-04 18:00:00+03:00,2026-05-05 11:00:00+03:00,2026-05-04,2026-05-05,2026,5,2026,5,0,1,18,11,-0.701846983207,-0.666026751396,0.0358202318111,0.666026751396,0.274246309398,ATR_TRAILING_STOP,3.1554418216,3.11825463895,,0 days 17:00:00,1020,17,SOURCE,SOURCE,SOURCE,UNAVAILABLE,DERIVED
v2,quarterly,true_oos,T2,M30,NG,V2_TRUE_OOS,TradingSystemLab/results/true_oos_v2/T2/M30/trades.csv,338,T2-M30-NG-000060,v2|true_oos|T2|M30|NG|TradingSystemLab/results/true_oos_v2/T2/M30/trades.csv|338|T2-M30-NG-000060,SHORT,2026-05-06 16:30:00+03:00,2026-05-07 18:00:00+03:00,2026-05-06,2026-05-07,2026,5,2026,5,2,3,16,18,-0.22477085304,-0.180674439387,0.0440964136526,0.313495265457,1.01283085763,ATR_TRAILING_STOP,2.99903690635,3.00723142488,,1 days 01:30:00,1530,25.5,SOURCE,SOURCE,SOURCE,UNAVAILABLE,DERIVED
v2,quarterly,true_oos,T2,M30,NG,V2_TRUE_OOS,TradingSystemLab/results/true_oos_v2/T2/M30/trades.csv,345,T2-M30-NG-000061,v2|true_oos|T2|M30|NG|TradingSystemLab/results/true_oos_v2/T2/M30/trades.csv|345|T2-M30-NG-000061,LONG,2026-05-18 19:00:00+03:00,2026-05-19 10:00:00+03:00,2026-05-18,2026-05-19,2026,5,2026,5,0,1,19,10,-0.666348394977,-0.612973386131,0.0533750088462,0.496216550677,0.554594968404,EMA50_TREND_LOSS,3.32059666218,3.29762810819,,0 days 15:00:00,900,15,SOURCE,SOURCE,SOURCE,UNAVAILABLE,DERIVED
v2,quarterly,true_oos,T2,M30,NG,V2_TRUE_OOS,TradingSystemLab/results/true_oos_v2/T2/M30/trades.csv,348,T2-M30-NG-000062,v2|true_oos|T2|M30|NG|TradingSystemLab/results/true_oos_v2/T2/M30/trades.csv|348|T2-M30-NG-000062,SHORT,2026-05-25 20:00:00+03:00,2026-05-25 21:00:00+03:00,2026-05-25,2026-05-25,2026,5,2026,5,0,0,20,21,-0.4475794299,-0.383781449667,0.0637979802333,0.244224558879,0.314003004273,EMA50_TREND_LOSS,3.18497281958,3.19700396691,,0 days 01:00:00,60,1,SOURCE,SOURCE,SOURCE,UNAVAILABLE,DERIVED
v2,quarterly,true_oos,T2,M30,NG,V2_TRUE_OOS,TradingSystemLab/results/true_oos_v2/T2/M30/trades.csv,351,T2-M30-NG-000063,v2|true_oos|T2|M30|NG|TradingSystemLab/results/true_oos_v2/T2/M30/trades.csv|351|T2-M30-NG-000063,LONG,2026-05-29 19:00:00+03:00,2026-05-29 21:30:00+03:00,2026-05-29,2026-05-29,2026,5,2026,5,4,4,19,21,-1.03685479403,-1,0.0368547940282,0.635684448828,0.09631582558,INITIAL_STOP,3.49462058768,3.44035356346,,0 days 02:30:00,150,2.5,SOURCE,SOURCE,SOURCE,UNAVAILABLE,DERIVED
v2,quarterly,true_oos,T2,M30,NG,V2_TRUE_OOS,TradingSystemLab/results/true_oos_v2/T2/M30/trades.csv,359,T2-M30-NG-000064,v2|true_oos|T2|M30|NG|TradingSystemLab/results/true_oos_v2/T2/M30/trades.csv|359|T2-M30-NG-000064,SHORT,2026-06-08 17:30:00+03:00,2026-06-08 21:30:00+03:00,2026-06-08,2026-06-08,2026,6,2026,6,0,0,17,21,-0.802456559324,-0.745656595301,0.0567999640232,0.742201329849,0.742201329849,ATR_TRAILING_STOP,3.28659501276,3.31285054331,,0 days 04:00:00,240,4,SOURCE,SOURCE,SOURCE,UNAVAILABLE,DERIVED
v2,quarterly,true_oos,T2,M30,NG,V2_TRUE_OOS,TradingSystemLab/results/true_oos_v2/T2/M30/trades.csv,365,T2-M30-NG-000065,v2|true_oos|T2|M30|NG|TradingSystemLab/results/true_oos_v2/T2/M30/trades.csv|365|T2-M30-NG-000065,LONG,2026-06-16 17:00:00+03:00,2026-06-17 15:30:00+03:00,2026-06-16,2026-06-17,2026,6,2026,6,1,2,17,15,0.945898117517,0.983207001289,0.0373088837722,0.0195005075282,2.2815593808,ATR_TRAILING_STOP,3.33363597191,3.38634229287,,0 days 22:30:00,1350,22.5,SOURCE,SOURCE,SOURCE,UNAVAILABLE,DERIVED
v2,quarterly,true_oos,T2,M30,NG,V2_TRUE_OOS,TradingSystemLab/results/true_oos_v2/T2/M30/trades.csv,372,T2-M30-NG-000066,v2|true_oos|T2|M30|NG|TradingSystemLab/results/true_oos_v2/T2/M30/trades.csv|372|T2-M30-NG-000066,LONG,2026-06-25 19:00:00+03:00,2026-06-26 17:00:00+03:00,2026-06-25,2026-06-26,2026,6,2026,6,3,4,19,17,0.94967247888,0.981140718793,0.0314682399128,0.444088856498,1.86091277008,ATR_TRAILING_STOP,3.42667253557,3.48903005677,,0 days 22:00:00,1320,22,SOURCE,SOURCE,SOURCE,UNAVAILABLE,DERIVED
v2,quarterly,true_oos,T2,M30,NG,V2_TRUE_OOS,TradingSystemLab/results/true_oos_v2/T2/M30/trades.csv,373,T2-M30-NG-000067,v2|true_oos|T2|M30|NG|TradingSystemLab/results/true_oos_v2/T2/M30/trades.csv|373|T2-M30-NG-000067,LONG,2026-06-26 19:00:00+03:00,2026-06-26 21:00:00+03:00,2026-06-26,2026-06-26,2026,6,2026,6,4,4,19,21,-1.05604614221,-1,0.0560461422147,0.587638243968,0.381964858579,INITIAL_STOP,3.52292668453,3.48724180202,,0 days 02:00:00,120,2,SOURCE,SOURCE,SOURCE,UNAVAILABLE,DERIVED
v2,quarterly,true_oos,T2,M30,NG,V2_TRUE_OOS,TradingSystemLab/results/true_oos_v2/T2/M30/trades.csv,389,T2-M30-NG-000068,v2|true_oos|T2|M30|NG|TradingSystemLab/results/true_oos_v2/T2/M30/trades.csv|389|T2-M30-NG-000068,SHORT,2026-07-20 17:00:00+03:00,2026-07-21 08:30:00+03:00,2026-07-20,2026-07-21,2026,7,2026,7,0,1,17,8,-0.164043280711,-0.115739845266,0.0483034354454,0.253228365603,0.93694495273,ATR_TRAILING_STOP,3.00811805295,3.01291025227,,0 days 15:30:00,930,15.5,SOURCE,SOURCE,SOURCE,UNAVAILABLE,DERIVED
v2,quarterly,true_oos,T2,M30,NG,V2_TRUE_OOS,TradingSystemLab/results/true_oos_v2/T2/M30/trades.csv,393,T2-M30-NG-000069,v2|true_oos|T2|M30|NG|TradingSystemLab/results/true_oos_v2/T2/M30/trades.csv|393|T2-M30-NG-000069,LONG,2026-07-23 15:30:00+03:00,2026-07-23 16:30:00+03:00,2026-07-23,2026-07-23,2026,7,2026,7,3,3,15,16,-0.979642629806,-0.932546067705,0.0470965621006,0.345661948695,0.222211252733,ATR_TRAILING_STOP,3.13079139286,3.09118994315,,0 days 01:00:00,60,1,SOURCE,SOURCE,SOURCE,UNAVAILABLE,DERIVED
v2,quarterly,true_oos,T2,M30,NG,V2_TRUE_OOS,TradingSystemLab/results/true_oos_v2/T2/M30/trades.csv,412,T2-M30-NG-000070,v2|true_oos|T2|M30|NG|TradingSystemLab/results/true_oos_v2/T2/M30/trades.csv|412|T2-M30-NG-000070,SHORT,2026-08-17 18:30:00+03:00,2026-08-17 22:30:00+03:00,2026-08-17,2026-08-17,2026,8,2026,8,0,0,18,22,-0.728126505903,-0.66649477538,0.0616317305229,0.729970468273,0.0317378464467,EMA50_TREND_LOSS,2.76327279127,2.78490109117,,0 days 04:00:00,240,4,SOURCE,SOURCE,SOURCE,UNAVAILABLE,DERIVED
v2,quarterly,true_oos,T2,M30,NG,V2_TRUE_OOS,TradingSystemLab/results/true_oos_v2/T2/M30/trades.csv,425,T2-M30-NG-000071,v2|true_oos|T2|M30|NG|TradingSystemLab/results/true_oos_v2/T2/M30/trades.csv|425|T2-M30-NG-000071,SHORT,2026-08-25 15:00:00+03:00,2026-08-25 19:00:00+03:00,2026-08-25,2026-08-25,2026,8,2026,8,1,1,15,19,-0.558685294878,-0.497073323975,0.0616119709037,0.571098078767,1.14219615753,ATR_TRAILING_STOP,2.81579866244,2.83193427105,,0 days 04:00:00,240,4,SOURCE,SOURCE,SOURCE,UNAVAILABLE,DERIVED
v2,quarterly,true_oos,T2,M30,NG,V2_TRUE_OOS,TradingSystemLab/results/true_oos_v2/T2/M30/trades.csv,435,T2-M30-NG-000072,v2|true_oos|T2|M30|NG|TradingSystemLab/results/true_oos_v2/T2/M30/trades.csv|435|T2-M30-NG-000072,SHORT,2026-09-10 16:00:00+03:00,2026-09-10 19:00:00+03:00,2026-09-10,2026-09-10,2026,9,2026,9,3,3,16,19,-0.783681543547,-0.731628729026,0.052052814521,0.442448923428,0.572580959731,ATR_TRAILING_STOP,2.788,2.81611101516,,0 days 03:00:00,180,3,SOURCE,SOURCE,SOURCE,UNAVAILABLE,DERIVED
v2,quarterly,true_oos,T2,M30,Si,V2_TRUE_OOS,TradingSystemLab/results/true_oos_v2/T2/M30/trades.csv,5,T2-M30-Si-000001,v2|true_oos|T2|M30|Si|TradingSystemLab/results/true_oos_v2/T2/M30/trades.csv|5|T2-M30-Si-000001,SHORT,2025-01-20 21:30:00+03:00,2025-01-21 10:30:00+03:00,2025-01-20,2025-01-21,2025,1,2025,1,0,1,21,10,-1.00000812674,-1,8.12673796927e-06,0.292202227805,0.980610866194,INITIAL_STOP,127415.889723,127661.990927,,0 days 13:00:00,780,13,SOURCE,SOURCE,SOURCE,UNAVAILABLE,DERIVED
v2,quarterly,true_oos,T2,M30,Si,V2_TRUE_OOS,TradingSystemLab/results/true_oos_v2/T2/M30/trades.csv,11,T2-M30-Si-000002,v2|true_oos|T2|M30|Si|TradingSystemLab/results/true_oos_v2/T2/M30/trades.csv|11|T2-M30-Si-000002,SHORT,2025-01-24 18:30:00+03:00,2025-01-27 16:00:00+03:00,2025-01-24,2025-01-27,2025,1,2025,1,4,0,18,16,1.55686431611,1.55686896082,4.64471201165e-06,0.835018430795,3.52972197695,ATR_TRAILING_STOP,124766.140402,124095.756982,,2 days 21:30:00,4170,69.5,SOURCE,SOURCE,SOURCE,UNAVAILABLE,DERIVED
v2,quarterly,true_oos,T2,M30,Si,V2_TRUE_OOS,TradingSystemLab/results/true_oos_v2/T2/M30/trades.csv,18,T2-M30-Si-000003,v2|true_oos|T2|M30|Si|TradingSystemLab/results/true_oos_v2/T2/M30/trades.csv|18|T2-M30-Si-000003,SHORT,2025-02-06 13:00:00+03:00,2025-02-06 16:00:00+03:00,2025-02-06,2025-02-06,2025,2,2025,2,3,3,13,16,-1.00000311852,-1,3.11852153588e-06,0.838113027129,0.36299226345,INITIAL_STOP,119861.544603,120502.874149,,0 days 03:00:00,180,3,SOURCE,SOURCE,SOURCE,UNAVAILABLE,DERIVED
v2,quarterly,true_oos,T2,M30,Si,V2_TRUE_OOS,TradingSystemLab/results/true_oos_v2/T2/M30/trades.csv,26,T2-M30-Si-000004,v2|true_oos|T2|M30|Si|TradingSystemLab/results/true_oos_v2/T2/M30/trades.csv|26|T2-M30-Si-000004,SHORT,2025-02-11 12:00:00+03:00,2025-02-12 22:30:00+03:00,2025-02-11,2025-02-12,2025,2,2025,2,1,2,12,22,7.63431436371,7.63431700832,2.64460480871e-06,0.304605570706,10.4323378793,ATR_TRAILING_STOP,120327.13993,114553.636847,,1 days 10:30:00,2070,34.5,SOURCE,SOURCE,SOURCE,UNAVAILABLE,DERIVED
v2,quarterly,true_oos,T2,M30,Si,V2_TRUE_OOS,TradingSystemLab/results/true_oos_v2/T2/M30/trades.csv,28,T2-M30-Si-000005,v2|true_oos|T2|M30|Si|TradingSystemLab/results/true_oos_v2/T2/M30/trades.csv|28|T2-M30-Si-000005,SHORT,2025-02-13 12:00:00+03:00,2025-02-14 10:30:00+03:00,2025-02-13,2025-02-14,2025,2,2025,2,3,4,12,10,0.294343359168,0.294344601531,1.24236324801e-06,0.444428550687,1.21290381295,ATR_TRAILING_STOP,114122.046189,113648.199909,,0 days 22:30:00,1350,22.5,SOURCE,SOURCE,SOURCE,UNAVAILABLE,DERIVED
v2,quarterly,true_oos,T2,M30,Si,V2_TRUE_OOS,TradingSystemLab/results/true_oos_v2/T2/M30/trades.csv,37,T2-M30-Si-000006,v2|true_oos|T2|M30|Si|TradingSystemLab/results/true_oos_v2/T2/M30/trades.csv|37|T2-M30-Si-000006,SHORT,2025-02-26 12:00:00+03:00,2025-02-26 14:00:00+03:00,2025-02-26,2025-02-26,2025,2,2025,2,2,2,12,14,-0.241602497973,-0.241599903668,2.5943052854e-06,0.00632406501216,1.27429909994,ATR_TRAILING_STOP,106582.3271,106768.581127,,0 days 02:00:00,120,2,SOURCE,SOURCE,SOURCE,UNAVAILABLE,DERIVED
v2,quarterly,true_oos,T2,M30,Si,V2_TRUE_OOS,TradingSystemLab/results/true_oos_v2/T2/M30/trades.csv,50,T2-M30-Si-000007,v2|true_oos|T2|M30|Si|TradingSystemLab/results/true_oos_v2/T2/M30/trades.csv|50|T2-M30-Si-000007,SHORT,2025-03-18 17:30:00+03:00,2025-03-18 20:30:00+03:00,2025-03-18,2025-03-18,2025,3,2025,3,1,1,17,20,-0.193066631477,-0.193065289237,1.34224063371e-06,0.0695287724587,1.10264453264,ATR_TRAILING_STOP,99840.9455481,100128.621669,,0 days 03:00:00,180,3,SOURCE,SOURCE,SOURCE,UNAVAILABLE,DERIVED
v2,quarterly,true_oos,T2,M30,Si,V2_TRUE_OOS,TradingSystemLab/results/true_oos_v2/T2/M30/trades.csv,51,T2-M30-Si-000008,v2|true_oos|T2|M30|Si|TradingSystemLab/results/true_oos_v2/T2/M30/trades.csv|51|T2-M30-Si-000008,SHORT,2025-03-21 18:00:00+03:00,2025-03-21 19:30:00+03:00,2025-03-21,2025-03-21,2025,3,2025,3,4,4,18,19,-0.1976793043,-0.197675874927,3.42937355001e-06,0.156163941192,0.255001878656,EMA50_TREND_LOSS,102142.737961,102258.021917,,0 days 01:30:00,90,1.5,SOURCE,SOURCE,SOURCE,UNAVAILABLE,DERIVED
v2,quarterly,true_oos,T2,M30,Si,V2_TRUE_OOS,TradingSystemLab/results/true_oos_v2/T2/M30/trades.csv,67,T2-M30-Si-000009,v2|true_oos|T2|M30|Si|TradingSystemLab/results/true_oos_v2/T2/M30/trades.csv|67|T2-M30-Si-000009,SHORT,2025-04-11 13:30:00+03:00,2025-04-14 19:30:00+03:00,2025-04-11,2025-04-14,2025,4,2025,4,4,0,13,19,1.67843422756,1.6784365853,2.35773212743e-06,0.0394122596322,2.75342200051,ATR_TRAILING_STOP,102115.069811,100691.297733,,3 days 06:00:00,4680,78,SOURCE,SOURCE,SOURCE,UNAVAILABLE,DERIVED
v2,quarterly,true_oos,T2,M30,Si,V2_TRUE_OOS,TradingSystemLab/results/true_oos_v2/T2/M30/trades.csv,73,T2-M30-Si-000010,v2|true_oos|T2|M30|Si|TradingSystemLab/results/true_oos_v2/T2/M30/trades.csv|73|T2-M30-Si-000010,SHORT,2025-04-18 17:30:00+03:00,2025-04-21 14:30:00+03:00,2025-04-18,2025-04-21,2025,4,2025,4,4,0,17,14,0.323214219491,0.32321604045,1.82095934693e-06,0.19313320565,1.35927989846,ATR_TRAILING_STOP,98446.7343277,98091.7389886,,2 days 21:00:00,4140,69,SOURCE,SOURCE,SOURCE,UNAVAILABLE,DERIVED
v2,quarterly,true_oos,T2,M30,Si,V2_TRUE_OOS,TradingSystemLab/results/true_oos_v2/T2/M30/trades.csv,81,T2-M30-Si-000011,v2|true_oos|T2|M30|Si|TradingSystemLab/results/true_oos_v2/T2/M30/trades.csv|81|T2-M30-Si-000011,SHORT,2025-05-06 13:30:00+03:00,2025-05-07 12:30:00+03:00,2025-05-06,2025-05-07,2025,5,2025,5,1,2,13,12,0.329248405093,0.329251231592,2.82649929283e-06,0.570237535778,1.28059058035,ATR_TRAILING_STOP,96526.1036187,96293.1290467,,0 days 23:00:00,1380,23,SOURCE,SOURCE,SOURCE,UNAVAILABLE,DERIVED
v2,quarterly,true_oos,T2,M30,Si,V2_TRUE_OOS,TradingSystemLab/results/true_oos_v2/T2/M30/trades.csv,90,T2-M30-Si-000012,v2|true_oos|T2|M30|Si|TradingSystemLab/results/true_oos_v2/T2/M30/trades.csv|90|T2-M30-Si-000012,SHORT,2025-05-22 11:30:00+03:00,2025-05-22 16:00:00+03:00,2025-05-22,2025-05-22,2025,5,2025,5,3,3,11,16,-0.671203433171,-0.67119895106,4.48211065667e-06,0.86549837584,1.1316068317,ATR_TRAILING_STOP,93156.3535814,93455.8548666,,0 days 04:30:00,270,4.5,SOURCE,SOURCE,SOURCE,UNAVAILABLE,DERIVED
v2,quarterly,true_oos,T2,M30,Si,V2_TRUE_OOS,TradingSystemLab/results/true_oos_v2/T2/M30/trades.csv,94,T2-M30-Si-000013,v2|true_oos|T2|M30|Si|TradingSystemLab/results/true_oos_v2/T2/M30/trades.csv|94|T2-M30-Si-000013,SHORT,2025-05-30 12:30:00+03:00,2025-05-30 16:00:00+03:00,2025-05-30,2025-05-30,2025,5,2025,5,4,4,12,16,-1.00000651338,-1,6.51337515322e-06,0.994926143337,0.762150970179,INITIAL_STOP,91406.3431275,91713.403592,,0 days 03:30:00,210,3.5,SOURCE,SOURCE,SOURCE,UNAVAILABLE,DERIVED
v2,quarterly,true_oos,T2,M30,Si,V2_TRUE_OOS,TradingSystemLab/results/true_oos_v2/T2/M30/trades.csv,99,T2-M30-Si-000014,v2|true_oos|T2|M30|Si|TradingSystemLab/results/true_oos_v2/T2/M30/trades.csv|99|T2-M30-Si-000014,SHORT,2025-06-09 16:30:00+03:00,2025-06-11 09:30:00+03:00,2025-06-09,2025-06-11,2025,6,2025,6,0,2,16,9,5.26507550851,5.26508243138,6.92287804319e-06,0.654439350208,6.88757511256,ATR_TRAILING_STOP,91935.4964861,90414.4289767,,1 days 17:00:00,2460,41,SOURCE,SOURCE,SOURCE,UNAVAILABLE,DERIVED
v2,quarterly,true_oos,T2,M30,Si,V2_TRUE_OOS,TradingSystemLab/results/true_oos_v2/T2/M30/trades.csv,104,T2-M30-Si-000015,v2|true_oos|T2|M30|Si|TradingSystemLab/results/true_oos_v2/T2/M30/trades.csv|104|T2-M30-Si-000015,SHORT,2025-06-18 12:00:00+03:00,2025-06-18 17:30:00+03:00,2025-06-18,2025-06-18,2025,6,2025,6,2,2,12,17,-0.8315177283,-0.831511245138,6.48316208034e-06,0.781037778556,0.863252281562,ATR_TRAILING_STOP,90187.7917113,90444.305812,,0 days 05:30:00,330,5.5,SOURCE,SOURCE,SOURCE,UNAVAILABLE,DERIVED
v2,quarterly,true_oos,T2,M30,Si,V2_TRUE_OOS,TradingSystemLab/results/true_oos_v2/T2/M30/trades.csv,112,T2-M30-Si-000016,v2|true_oos|T2|M30|Si|TradingSystemLab/results/true_oos_v2/T2/M30/trades.csv|112|T2-M30-Si-000016,LONG,2025-07-03 14:30:00+03:00,2025-07-04 15:30:00+03:00,2025-07-03,2025-07-04,2025,7,2025,7,3,4,14,15,1.03201471687,1.03203500066,2.02837925837e-05,0.776512250656,4.25972434645,ATR_TRAILING_STOP,89788.6335229,89890.3930924,,1 days 01:00:00,1500,25,SOURCE,SOURCE,SOURCE,UNAVAILABLE,DERIVED
v2,quarterly,true_oos,T2,M30,Si,V2_TRUE_OOS,TradingSystemLab/results/true_oos_v2/T2/M30/trades.csv,113,T2-M30-Si-000017,v2|true_oos|T2|M30|Si|TradingSystemLab/results/true_oos_v2/T2/M30/trades.csv|113|T2-M30-Si-000017,SHORT,2025-07-08 15:00:00+03:00,2025-07-08 17:00:00+03:00,2025-07-08,2025-07-08,2025,7,2025,7,1,1,15,17,-1.0000116352,-1,1.16351970991e-05,0.579050242386,1.17082686373,INITIAL_STOP,88505.6262489,88677.518481,,0 days 02:00:00,120,2,SOURCE,SOURCE,SOURCE,UNAVAILABLE,DERIVED
v2,quarterly,true_oos,T2,M30,Si,V2_TRUE_OOS,TradingSystemLab/results/true_oos_v2/T2/M30/trades.csv,114,T2-M30-Si-000018,v2|true_oos|T2|M30|Si|TradingSystemLab/results/true_oos_v2/T2/M30/trades.csv|114|T2-M30-Si-000018,SHORT,2025-07-08 18:00:00+03:00,2025-07-09 10:00:00+03:00,2025-07-08,2025-07-09,2025,7,2025,7,1,2,18,10,-0.985896810388,-0.985886939053,9.87133506813e-06,0.896159045019,0.464275167901,ATR_TRAILING_STOP,88507.8138146,88707.5612515,,0 days 16:00:00,960,16,SOURCE,SOURCE,SOURCE,UNAVAILABLE,DERIVED
v2,quarterly,true_oos,T2,M30,Si,V2_TRUE_OOS,TradingSystemLab/results/true_oos_v2/T2/M30/trades.csv,116,T2-M30-Si-000019,v2|true_oos|T2|M30|Si|TradingSystemLab/results/true_oos_v2/T2/M30/trades.csv|116|T2-M30-Si-000019,SHORT,2025-07-11 13:00:00+03:00,2025-07-11 15:00:00+03:00,2025-07-11,2025-07-11,2025,7,2025,7,4,4,13,15,-0.609836228959,-0.609826616217,9.61274175942e-06,0.289141930103,0.341713190121,EMA50_TREND_LOSS,88423.5925358,88550.4713455,,0 days 02:00:00,120,2,SOURCE,SOURCE,SOURCE,UNAVAILABLE,DERIVED
v2,quarterly,true_oos,T2,M30,Si,V2_TRUE_OOS,TradingSystemLab/results/true_oos_v2/T2/M30/trades.csv,119,T2-M30-Si-000020,v2|true_oos|T2|M30|Si|TradingSystemLab/results/true_oos_v2/T2/M30/trades.csv|119|T2-M30-Si-000020,SHORT,2025-07-14 17:00:00+03:00,2025-07-16 00:00:00+03:00,2025-07-14,2025-07-16,2025,7,2025,7,0,2,17,0,1.31967233003,1.3196801228,7.79276385154e-06,0.63500755891,2.29284608519,ATR_TRAILING_STOP,88841.4175815,88502.7238528,,1 days 07:00:00,1860,31,SOURCE,SOURCE,SOURCE,UNAVAILABLE,DERIVED
v2,quarterly,true_oos,T2,M30,Si,V2_TRUE_OOS,TradingSystemLab/results/true_oos_v2/T2/M30/trades.csv,120,T2-M30-Si-000021,v2|true_oos|T2|M30|Si|TradingSystemLab/results/true_oos_v2/T2/M30/trades.csv|120|T2-M30-Si-000021,SHORT,2025-07-16 17:30:00+03:00,2025-07-17 09:30:00+03:00,2025-07-16,2025-07-17,2025,7,2025,7,2,3,17,9,-0.197601885595,-0.197592246654,9.63894109662e-06,0.274115618121,0.896147213086,ATR_TRAILING_STOP,88238.7432354,88279.741981,,0 days 16:00:00,960,16,SOURCE,SOURCE,SOURCE,UNAVAILABLE,DERIVED
v2,quarterly,true_oos,T2,M30,Si,V2_TRUE_OOS,TradingSystemLab/results/true_oos_v2/T2/M30/trades.csv,125,T2-M30-Si-000022,v2|true_oos|T2|M30|Si|TradingSystemLab/results/true_oos_v2/T2/M30/trades.csv|125|T2-M30-Si-000022,LONG,2025-07-24 18:00:00+03:00,2025-07-25 14:00:00+03:00,2025-07-24,2025-07-25,2025,7,2025,7,3,4,18,14,0.14254198528,0.142547221056,5.23577524237e-06,0.226208644483,1.24557924494,ATR_TRAILING_STOP,89015.3290534,89069.7802911,,0 days 20:00:00,1200,20,SOURCE,SOURCE,SOURCE,UNAVAILABLE,DERIVED
v2,quarterly,true_oos,T2,M30,Si,V2_TRUE_OOS,TradingSystemLab/results/true_oos_v2/T2/M30/trades.csv,129,T2-M30-Si-000023,v2|true_oos|T2|M30|Si|TradingSystemLab/results/true_oos_v2/T2/M30/trades.csv|129|T2-M30-Si-000023,LONG,2025-07-29 15:00:00+03:00,2025-07-30 10:00:00+03:00,2025-07-29,2025-07-30,2025,7,2025,7,1,2,15,10,-0.572597099013,-0.572593344066,3.75494711032e-06,0.720795474877,0.807044506059,ATR_TRAILING_STOP,91951.0422021,91646.0614249,,0 days 19:00:00,1140,19,SOURCE,SOURCE,SOURCE,UNAVAILABLE,DERIVED
v2,quarterly,true_oos,T2,M30,Si,V2_TRUE_OOS,TradingSystemLab/results/true_oos_v2/T2/M30/trades.csv,135,T2-M30-Si-000024,v2|true_oos|T2|M30|Si|TradingSystemLab/results/true_oos_v2/T2/M30/trades.csv|135|T2-M30-Si-000024,LONG,2025-08-19 12:30:00+03:00,2025-08-19 14:30:00+03:00,2025-08-19,2025-08-19,2025,8,2025,8,1,1,12,14,-1.00001305605,-1,1.3056046963e-05,0.649761847103,0.0499816805464,INITIAL_STOP,89380.6525228,89227.4667993,,0 days 02:00:00,120,2,SOURCE,SOURCE,SOURCE,UNAVAILABLE,DERIVED
v2,quarterly,true_oos,T2,M30,Si,V2_TRUE_OOS,TradingSystemLab/results/true_oos_v2/T2/M30/trades.csv,137,T2-M30-Si-000025,v2|true_oos|T2|M30|Si|TradingSystemLab/results/true_oos_v2/T2/M30/trades.csv|137|T2-M30-Si-000025,LONG,2025-08-22 19:30:00+03:00,2025-08-23 00:00:00+03:00,2025-08-22,2025-08-23,2025,8,2025,8,4,5,19,0,-1.00001348293,-1,1.34829332265e-05,0.737370051337,0.294948020535,INITIAL_STOP,89515.1878124,89366.8521374,,0 days 04:30:00,270,4.5,SOURCE,SOURCE,SOURCE,UNAVAILABLE,DERIVED
v2,quarterly,true_oos,T2,M30,Si,V2_TRUE_OOS,TradingSystemLab/results/true_oos_v2/T2/M30/trades.csv,142,T2-M30-Si-000026,v2|true_oos|T2|M30|Si|TradingSystemLab/results/true_oos_v2/T2/M30/trades.csv|142|T2-M30-Si-000026,SHORT,2025-08-26 12:30:00+03:00,2025-08-26 17:30:00+03:00,2025-08-26,2025-08-26,2025,8,2025,8,1,1,12,17,-0.974147625224,-0.974139622354,8.00287056188e-06,0.617114876926,0.442046826734,ATR_TRAILING_STOP,88606.2542704,88849.7018221,,0 days 05:00:00,300,5,SOURCE,SOURCE,SOURCE,UNAVAILABLE,DERIVED
v2,quarterly,true_oos,T2,M30,Si,V2_TRUE_OOS,TradingSystemLab/results/true_oos_v2/T2/M30/trades.csv,148,T2-M30-Si-000027,v2|true_oos|T2|M30|Si|TradingSystemLab/results/true_oos_v2/T2/M30/trades.csv|148|T2-M30-Si-000027,LONG,2025-09-04 15:00:00+03:00,2025-09-05 10:00:00+03:00,2025-09-04,2025-09-05,2025,9,2025,9,3,4,15,10,-0.136437087225,-0.136426664662,1.04225630842e-05,0.262200475504,1.16280210876,ATR_TRAILING_STOP,89304.0877238,89277.908623,,0 days 19:00:00,1140,19,SOURCE,SOURCE,SOURCE,UNAVAILABLE,DERIVED
v2,quarterly,true_oos,T2,M30,Si,V2_TRUE_OOS,TradingSystemLab/results/true_oos_v2/T2/M30/trades.csv,155,T2-M30-Si-000028,v2|true_oos|T2|M30|Si|TradingSystemLab/results/true_oos_v2/T2/M30/trades.csv|155|T2-M30-Si-000028,LONG,2025-09-05 17:00:00+03:00,2025-09-10 15:30:00+03:00,2025-09-05,2025-09-10,2025,9,2025,9,4,2,17,15,21.7895269212,21.7895408171,1.38958955668e-05,0.835950068198,26.3172280561,ATR_TRAILING_STOP,89689.0992843,92825.2110537,,4 days 22:30:00,7110,118.5,SOURCE,SOURCE,SOURCE,UNAVAILABLE,DERIVED
v2,quarterly,true_oos,T2,M30,Si,V2_TRUE_OOS,TradingSystemLab/results/true_oos_v2/T2/M30/trades.csv,157,T2-M30-Si-000029,v2|true_oos|T2|M30|Si|TradingSystemLab/results/true_oos_v2/T2/M30/trades.csv|157|T2-M30-Si-000029,LONG,2025-09-10 17:00:00+03:00,2025-09-11 11:00:00+03:00,2025-09-10,2025-09-11,2025,9,2025,9,2,3,17,11,1.903651213,1.90365752358,6.31058923614e-06,0.213974841167,3.70659644214,ATR_TRAILING_STOP,92889.5078808,93492.8295208,,0 days 18:00:00,1080,18,SOURCE,SOURCE,SOURCE,UNAVAILABLE,DERIVED
v2,quarterly,true_oos,T2,M30,Si,V2_TRUE_OOS,TradingSystemLab/results/true_oos_v2/T2/M30/trades.csv,160,T2-M30-Si-000030,v2|true_oos|T2|M30|Si|TradingSystemLab/results/true_oos_v2/T2/M30/trades.csv|160|T2-M30-Si-000030,SHORT,2025-09-16 11:30:00+03:00,2025-09-16 16:00:00+03:00,2025-09-16,2025-09-16,2025,9,2025,9,1,1,11,16,-0.623016024815,-0.623012781345,3.24347064435e-06,0.663411025024,0.615517715731,ATR_TRAILING_STOP,90471.1540165,90855.3182959,,0 days 04:30:00,270,4.5,SOURCE,SOURCE,SOURCE,UNAVAILABLE,DERIVED
v2,quarterly,true_oos,T2,M30,Si,V2_TRUE_OOS,TradingSystemLab/results/true_oos_v2/T2/M30/trades.csv,171,T2-M30-Si-000031,v2|true_oos|T2|M30|Si|TradingSystemLab/results/true_oos_v2/T2/M30/trades.csv|171|T2-M30-Si-000031,SHORT,2025-09-26 16:30:00+03:00,2025-09-30 10:30:00+03:00,2025-09-26,2025-09-30,2025,9,2025,9,4,1,16,10,3.28344802472,3.28345576489,7.74017705503e-06,0.442206724459,4.64519907803,ATR_TRAILING_STOP,90566.285092,89717.8663177,,3 days 18:00:00,5400,90,SOURCE,SOURCE,SOURCE,UNAVAILABLE,DERIVED
v2,quarterly,true_oos,T2,M30,Si,V2_TRUE_OOS,TradingSystemLab/results/true_oos_v2/T2/M30/trades.csv,180,T2-M30-Si-000032,v2|true_oos|T2|M30|Si|TradingSystemLab/results/true_oos_v2/T2/M30/trades.csv|180|T2-M30-Si-000032,SHORT,2025-10-02 11:30:00+03:00,2025-10-02 22:30:00+03:00,2025-10-02,2025-10-02,2025,10,2025,10,3,3,11,22,0.12522731067,0.125231515217,4.20454757913e-06,0.885917485985,1.51178954076,ATR_TRAILING_STOP,86910.9273037,86851.3577482,,0 days 11:00:00,660,11,SOURCE,SOURCE,SOURCE,UNAVAILABLE,DERIVED
v2,quarterly,true_oos,T2,M30,Si,V2_TRUE_OOS,TradingSystemLab/results/true_oos_v2/T2/M30/trades.csv,188,T2-M30-Si-000033,v2|true_oos|T2|M30|Si|TradingSystemLab/results/true_oos_v2/T2/M30/trades.csv|188|T2-M30-Si-000033,SHORT,2025-10-14 14:30:00+03:00,2025-10-16 10:30:00+03:00,2025-10-14,2025-10-16,2025,10,2025,10,1,3,14,10,3.62963293285,3.6296380674,5.13454824622e-06,0.807367834282,5.09179980821,ATR_TRAILING_STOP,85424.4640563,84010.6539631,,1 days 20:00:00,2640,44,SOURCE,SOURCE,SOURCE,UNAVAILABLE,DERIVED
v2,quarterly,true_oos,T2,M30,Si,V2_TRUE_OOS,TradingSystemLab/results/true_oos_v2/T2/M30/trades.csv,193,T2-M30-Si-000034,v2|true_oos|T2|M30|Si|TradingSystemLab/results/true_oos_v2/T2/M30/trades.csv|193|T2-M30-Si-000034,LONG,2025-10-21 18:30:00+03:00,2025-10-22 12:30:00+03:00,2025-10-21,2025-10-22,2025,10,2025,10,1,2,18,12,0.434598345529,0.434602529464,4.18393462154e-06,0.541663775032,1.94735802522,ATR_TRAILING_STOP,87305.081169,87512.8294102,,0 days 18:00:00,1080,18,SOURCE,SOURCE,SOURCE,UNAVAILABLE,DERIVED
v2,quarterly,true_oos,T2,M30,Si,V2_TRUE_OOS,TradingSystemLab/results/true_oos_v2/T2/M30/trades.csv,199,T2-M30-Si-000035,v2|true_oos|T2|M30|Si|TradingSystemLab/results/true_oos_v2/T2/M30/trades.csv|199|T2-M30-Si-000035,LONG,2025-11-06 11:30:00+03:00,2025-11-06 13:00:00+03:00,2025-11-06,2025-11-06,2025,11,2025,11,3,3,11,13,-0.845646777733,-0.845643068793,3.70894067963e-06,0.705674560855,0.0291601058204,EMA50_TREND_LOSS,86739.0091284,86283.0066513,,0 days 01:30:00,90,1.5,SOURCE,SOURCE,SOURCE,UNAVAILABLE,DERIVED
v2,quarterly,true_oos,T2,M30,Si,V2_TRUE_OOS,TradingSystemLab/results/true_oos_v2/T2/M30/trades.csv,211,T2-M30-Si-000036,v2|true_oos|T2|M30|Si|TradingSystemLab/results/true_oos_v2/T2/M30/trades.csv|211|T2-M30-Si-000036,SHORT,2025-12-01 13:30:00+03:00,2025-12-02 18:30:00+03:00,2025-12-01,2025-12-02,2025,12,2025,12,0,1,13,18,0.362317701302,0.362324078869,6.37756742599e-06,0.538181647902,1.63794414579,ATR_TRAILING_STOP,81605.5743452,81491.9498064,,1 days 05:00:00,1740,29,SOURCE,SOURCE,SOURCE,UNAVAILABLE,DERIVED
v2,quarterly,true_oos,T2,M30,Si,V2_TRUE_OOS,TradingSystemLab/results/true_oos_v2/T2/M30/trades.csv,218,T2-M30-Si-000037,v2|true_oos|T2|M30|Si|TradingSystemLab/results/true_oos_v2/T2/M30/trades.csv|218|T2-M30-Si-000037,LONG,2025-12-11 17:30:00+03:00,2025-12-12 09:30:00+03:00,2025-12-11,2025-12-12,2025,12,2025,12,3,4,17,9,-0.614398310585,-0.614395440146,2.87043878907e-06,0.839518823786,0.219659047084,ATR_TRAILING_STOP,83515.5433415,83087.4586581,,0 days 16:00:00,960,16,SOURCE,SOURCE,SOURCE,UNAVAILABLE,DERIVED
v2,quarterly,true_oos,T2,M30,Si,V2_TRUE_OOS,TradingSystemLab/results/true_oos_v2/T2/M30/trades.csv,222,T2-M30-Si-000038,v2|true_oos|T2|M30|Si|TradingSystemLab/results/true_oos_v2/T2/M30/trades.csv|222|T2-M30-Si-000038,LONG,2025-12-15 19:00:00+03:00,2025-12-16 12:00:00+03:00,2025-12-15,2025-12-16,2025,12,2025,12,0,1,19,12,-0.47984344643,-0.479839769809,3.67662167916e-06,0.335309718662,0.290987169643,EMA50_TREND_LOSS,83463.1292637,83202.1071561,,0 days 17:00:00,1020,17,SOURCE,SOURCE,SOURCE,UNAVAILABLE,DERIVED
v2,quarterly,true_oos,T2,M30,Si,V2_TRUE_OOS,TradingSystemLab/results/true_oos_v2/T2/M30/trades.csv,228,T2-M30-Si-000039,v2|true_oos|T2|M30|Si|TradingSystemLab/results/true_oos_v2/T2/M30/trades.csv|228|T2-M30-Si-000039,LONG,2025-12-17 18:00:00+03:00,2025-12-18 12:00:00+03:00,2025-12-17,2025-12-18,2025,12,2025,12,2,3,18,12,-0.292565150569,-0.292556730117,8.42045138319e-06,0.21184809322,1.49176365643,ATR_TRAILING_STOP,84188.5401009,84119.0529163,,0 days 18:00:00,1080,18,SOURCE,SOURCE,SOURCE,UNAVAILABLE,DERIVED
v2,quarterly,true_oos,T2,M30,Si,V2_TRUE_OOS,TradingSystemLab/results/true_oos_v2/T2/M30/trades.csv,232,T2-M30-Si-000040,v2|true_oos|T2|M30|Si|TradingSystemLab/results/true_oos_v2/T2/M30/trades.csv|232|T2-M30-Si-000040,SHORT,2025-12-24 12:00:00+03:00,2025-12-24 13:00:00+03:00,2025-12-24,2025-12-24,2025,12,2025,12,2,2,12,13,-1.00000502873,-1,5.02873301186e-06,0.554839092752,0.0456032131029,INITIAL_STOP,80359.2617509,80756.9762439,,0 days 01:00:00,60,1,SOURCE,SOURCE,SOURCE,UNAVAILABLE,DERIVED
v2,quarterly,true_oos,T2,M30,Si,V2_TRUE_OOS,TradingSystemLab/results/true_oos_v2/T2/M30/trades.csv,237,T2-M30-Si-000041,v2|true_oos|T2|M30|Si|TradingSystemLab/results/true_oos_v2/T2/M30/trades.csv|237|T2-M30-Si-000041,SHORT,2025-12-26 13:00:00+03:00,2025-12-29 09:30:00+03:00,2025-12-26,2025-12-29,2025,12,2025,12,4,0,13,9,0.214033215907,0.214037270481,4.05457367018e-06,0.467783649493,1.04383163708,ATR_TRAILING_STOP,79847.3936477,79741.8154597,,2 days 20:30:00,4110,68.5,SOURCE,SOURCE,SOURCE,UNAVAILABLE,DERIVED
v2,quarterly,true_oos,T2,M30,Si,V2_TRUE_OOS,TradingSystemLab/results/true_oos_v2/T2/M30/trades.csv,242,T2-M30-Si-000042,v2|true_oos|T2|M30|Si|TradingSystemLab/results/true_oos_v2/T2/M30/trades.csv|242|T2-M30-Si-000042,SHORT,2026-01-12 14:00:00+03:00,2026-01-12 17:00:00+03:00,2026-01-12,2026-01-12,2026,1,2026,1,0,0,14,17,-0.590009522709,-0.590003972515,5.55019345344e-06,0.520098288568,0.232086870705,EMA50_TREND_LOSS,80774.398874,80987.0055074,,0 days 03:00:00,180,3,SOURCE,SOURCE,SOURCE,UNAVAILABLE,DERIVED
v2,quarterly,true_oos,T2,M30,Si,V2_TRUE_OOS,TradingSystemLab/results/true_oos_v2/T2/M30/trades.csv,247,T2-M30-Si-000043,v2|true_oos|T2|M30|Si|TradingSystemLab/results/true_oos_v2/T2/M30/trades.csv|247|T2-M30-Si-000043,SHORT,2026-01-16 11:30:00+03:00,2026-01-16 18:00:00+03:00,2026-01-16,2026-01-16,2026,1,2026,1,4,4,11,18,-1.00000547798,-1,5.47798151651e-06,0.731359313223,0.173870327295,INITIAL_STOP,79757.7159682,80122.8139507,,0 days 06:30:00,390,6.5,SOURCE,SOURCE,SOURCE,UNAVAILABLE,DERIVED
v2,quarterly,true_oos,T2,M30,Si,V2_TRUE_OOS,TradingSystemLab/results/true_oos_v2/T2/M30/trades.csv,251,T2-M30-Si-000044,v2|true_oos|T2|M30|Si|TradingSystemLab/results/true_oos_v2/T2/M30/trades.csv|251|T2-M30-Si-000044,SHORT,2026-01-22 18:00:00+03:00,2026-01-23 10:30:00+03:00,2026-01-22,2026-01-23,2026,1,2026,1,3,4,18,10,0.507631672985,0.507638733365,7.06038030286e-06,0.0782555476603,2.16625584205,ATR_TRAILING_STOP,77725.3577709,77581.5585103,,0 days 16:30:00,990,16.5,SOURCE,SOURCE,SOURCE,UNAVAILABLE,DERIVED
v2,quarterly,true_oos,T2,M30,Si,V2_TRUE_OOS,TradingSystemLab/results/true_oos_v2/T2/M30/trades.csv,257,T2-M30-Si-000045,v2|true_oos|T2|M30|Si|TradingSystemLab/results/true_oos_v2/T2/M30/trades.csv|257|T2-M30-Si-000045,SHORT,2026-01-27 13:30:00+03:00,2026-01-27 15:30:00+03:00,2026-01-27,2026-01-27,2026,1,2026,1,1,1,13,15,-0.482783698027,-0.482779531668,4.16635866079e-06,0.50586898753,0.0104952072102,EMA50_TREND_LOSS,78017.56594,78249.3172466,,0 days 02:00:00,120,2,SOURCE,SOURCE,SOURCE,UNAVAILABLE,DERIVED
v2,quarterly,true_oos,T2,M30,Si,V2_TRUE_OOS,TradingSystemLab/results/true_oos_v2/T2/M30/trades.csv,260,T2-M30-Si-000046,v2|true_oos|T2|M30|Si|TradingSystemLab/results/true_oos_v2/T2/M30/trades.csv|260|T2-M30-Si-000046,SHORT,2026-01-27 16:30:00+03:00,2026-01-28 11:00:00+03:00,2026-01-27,2026-01-28,2026,1,2026,1,1,2,16,11,0.782634067033,0.782641860788,7.79375484476e-06,0.0471185965688,2.73287860099,ATR_TRAILING_STOP,78105.2283908,77904.3901873,,0 days 18:30:00,1110,18.5,SOURCE,SOURCE,SOURCE,UNAVAILABLE,DERIVED
v2,quarterly,true_oos,T2,M30,Si,V2_TRUE_OOS,TradingSystemLab/results/true_oos_v2/T2/M30/trades.csv,272,T2-M30-Si-000047,v2|true_oos|T2|M30|Si|TradingSystemLab/results/true_oos_v2/T2/M30/trades.csv|272|T2-M30-Si-000047,SHORT,2026-02-16 14:00:00+03:00,2026-02-16 17:30:00+03:00,2026-02-16,2026-02-16,2026,2,2026,2,0,0,14,17,-0.714064494153,-0.714057860998,6.63315441864e-06,0.461172660989,0.805381241292,ATR_TRAILING_STOP,77274.9541446,77490.2537791,,0 days 03:30:00,210,3.5,SOURCE,SOURCE,SOURCE,UNAVAILABLE,DERIVED
v2,quarterly,true_oos,T2,M30,Si,V2_TRUE_OOS,TradingSystemLab/results/true_oos_v2/T2/M30/trades.csv,277,T2-M30-Si-000048,v2|true_oos|T2|M30|Si|TradingSystemLab/results/true_oos_v2/T2/M30/trades.csv|277|T2-M30-Si-000048,SHORT,2026-02-19 14:00:00+03:00,2026-02-19 14:30:00+03:00,2026-02-19,2026-02-19,2026,2,2026,2,3,3,14,14,-1.00000749491,-1,7.49491145534e-06,0,0,INITIAL_STOP,76923.2967272,77190.1444427,,0 days 00:30:00,30,0.5,SOURCE,SOURCE,SOURCE,UNAVAILABLE,DERIVED
v2,quarterly,true_oos,T2,M30,Si,V2_TRUE_OOS,TradingSystemLab/results/true_oos_v2/T2/M30/trades.csv,281,T2-M30-Si-000049,v2|true_oos|T2|M30|Si|TradingSystemLab/results/true_oos_v2/T2/M30/trades.csv|281|T2-M30-Si-000049,LONG,2026-02-27 12:30:00+03:00,2026-02-27 17:30:00+03:00,2026-02-27,2026-02-27,2026,2,2026,2,4,4,12,17,-0.792872993524,-0.792868035786,4.95773721546e-06,0.659404322673,0.319711186751,ATR_TRAILING_STOP,77986.3298944,77666.4791232,,0 days 05:00:00,300,5,SOURCE,SOURCE,SOURCE,UNAVAILABLE,DERIVED
v2,quarterly,true_oos,T2,M30,Si,V2_TRUE_OOS,TradingSystemLab/results/true_oos_v2/T2/M30/trades.csv,285,T2-M30-Si-000050,v2|true_oos|T2|M30|Si|TradingSystemLab/results/true_oos_v2/T2/M30/trades.csv|285|T2-M30-Si-000050,LONG,2026-03-06 13:30:00+03:00,2026-03-06 14:30:00+03:00,2026-03-06,2026-03-06,2026,3,2026,3,4,4,13,14,-1.00000717059,-1,7.17058616828e-06,0.462411885488,0.18785482848,INITIAL_STOP,79644.863158,79365.9459324,,0 days 01:00:00,60,1,SOURCE,SOURCE,SOURCE,UNAVAILABLE,DERIVED
v2,quarterly,true_oos,T2,M30,Si,V2_TRUE_OOS,TradingSystemLab/results/true_oos_v2/T2/M30/trades.csv,286,T2-M30-Si-000051,v2|true_oos|T2|M30|Si|TradingSystemLab/results/true_oos_v2/T2/M30/trades.csv|286|T2-M30-Si-000051,LONG,2026-03-06 15:30:00+03:00,2026-03-06 17:00:00+03:00,2026-03-06,2026-03-06,2026,3,2026,3,4,4,15,17,-1.00000811036,-1,8.11035755393e-06,0.784522835473,0.17161437026,INITIAL_STOP,79603.5509686,79356.9527161,,0 days 01:30:00,90,1.5,SOURCE,SOURCE,SOURCE,UNAVAILABLE,DERIVED
v2,quarterly,true_oos,T2,M30,Si,V2_TRUE_OOS,TradingSystemLab/results/true_oos_v2/T2/M30/trades.csv,292,T2-M30-Si-000052,v2|true_oos|T2|M30|Si|TradingSystemLab/results/true_oos_v2/T2/M30/trades.csv|292|T2-M30-Si-000052,LONG,2026-03-13 19:00:00+03:00,2026-03-16 10:30:00+03:00,2026-03-13,2026-03-16,2026,3,2026,3,4,0,19,10,-0.424968455648,-0.424963157065,5.29858376731e-06,0.149490017006,0.624654713918,ATR_TRAILING_STOP,80705.8810964,80545.4747781,,2 days 15:30:00,3810,63.5,SOURCE,SOURCE,SOURCE,UNAVAILABLE,DERIVED
v2,quarterly,true_oos,T2,M30,Si,V2_TRUE_OOS,TradingSystemLab/results/true_oos_v2/T2/M30/trades.csv,296,T2-M30-Si-000053,v2|true_oos|T2|M30|Si|TradingSystemLab/results/true_oos_v2/T2/M30/trades.csv|296|T2-M30-Si-000053,LONG,2026-03-17 12:00:00+03:00,2026-03-18 13:30:00+03:00,2026-03-17,2026-03-18,2026,3,2026,3,1,2,12,13,1.85658291204,1.85658675331,3.84126972774e-06,0.0290288895113,2.90095369183,ATR_TRAILING_STOP,82252.5691643,83219.2217999,,1 days 01:30:00,1530,25.5,SOURCE,SOURCE,SOURCE,UNAVAILABLE,DERIVED
v2,quarterly,true_oos,T2,M30,Si,V2_TRUE_OOS,TradingSystemLab/results/true_oos_v2/T2/M30/trades.csv,298,T2-M30-Si-000054,v2|true_oos|T2|M30|Si|TradingSystemLab/results/true_oos_v2/T2/M30/trades.csv|298|T2-M30-Si-000054,LONG,2026-03-18 14:30:00+03:00,2026-03-19 13:00:00+03:00,2026-03-18,2026-03-19,2026,3,2026,3,2,3,14,13,2.96034556516,2.96034843753,2.87236720412e-06,0.0607790082757,4.1474437552,ATR_TRAILING_STOP,83555.414553,85616.6749889,,0 days 22:30:00,1350,22.5,SOURCE,SOURCE,SOURCE,UNAVAILABLE,DERIVED
v2,quarterly,true_oos,T2,M30,Si,V2_TRUE_OOS,TradingSystemLab/results/true_oos_v2/T2/M30/trades.csv,303,T2-M30-Si-000055,v2|true_oos|T2|M30|Si|TradingSystemLab/results/true_oos_v2/T2/M30/trades.csv|303|T2-M30-Si-000055,LONG,2026-03-20 14:00:00+03:00,2026-03-20 17:00:00+03:00,2026-03-20,2026-03-20,2026,3,2026,3,4,4,14,17,-0.826417090745,-0.826414131028,2.95971795521e-06,0.24615241173,0.878247493705,ATR_TRAILING_STOP,85654.3348283,85095.8936906,,0 days 03:00:00,180,3,SOURCE,SOURCE,SOURCE,UNAVAILABLE,DERIVED
v2,quarterly,true_oos,T2,M30,Si,V2_TRUE_OOS,TradingSystemLab/results/true_oos_v2/T2/M30/trades.csv,304,T2-M30-Si-000056,v2|true_oos|T2|M30|Si|TradingSystemLab/results/true_oos_v2/T2/M30/trades.csv|304|T2-M30-Si-000056,LONG,2026-03-23 10:30:00+03:00,2026-03-23 11:00:00+03:00,2026-03-23,2026-03-23,2026,3,2026,3,0,0,10,11,-0.843874683835,-0.843872111444,2.57239124458e-06,0,0,EMA50_TREND_LOSS,85580.408141,84924.3087913,,0 days 00:30:00,30,0.5,SOURCE,SOURCE,SOURCE,UNAVAILABLE,DERIVED
v2,quarterly,true_oos,T2,M30,Si,V2_TRUE_OOS,TradingSystemLab/results/true_oos_v2/T2/M30/trades.csv,308,T2-M30-Si-000057,v2|true_oos|T2|M30|Si|TradingSystemLab/results/true_oos_v2/T2/M30/trades.csv|308|T2-M30-Si-000057,LONG,2026-03-26 14:00:00+03:00,2026-03-26 17:00:00+03:00,2026-03-26,2026-03-26,2026,3,2026,3,3,3,14,17,-0.74388869252,-0.743884937169,3.75535062525e-06,0.570664631131,0.958176762406,ATR_TRAILING_STOP,84015.6265932,83619.4532335,,0 days 03:00:00,180,3,SOURCE,SOURCE,SOURCE,UNAVAILABLE,DERIVED
v2,quarterly,true_oos,T2,M30,Si,V2_TRUE_OOS,TradingSystemLab/results/true_oos_v2/T2/M30/trades.csv,317,T2-M30-Si-000058,v2|true_oos|T2|M30|Si|TradingSystemLab/results/true_oos_v2/T2/M30/trades.csv|317|T2-M30-Si-000058,SHORT,2026-04-06 14:30:00+03:00,2026-04-06 16:00:00+03:00,2026-04-06,2026-04-06,2026,4,2026,4,0,0,14,16,-1.00001371775,-1,1.37177490645e-05,0.866217032616,0.831004958119,INITIAL_STOP,81926.1709176,82071.967432,,0 days 01:30:00,90,1.5,SOURCE,SOURCE,SOURCE,UNAVAILABLE,DERIVED
v2,quarterly,true_oos,T2,M30,Si,V2_TRUE_OOS,TradingSystemLab/results/true_oos_v2/T2/M30/trades.csv,319,T2-M30-Si-000059,v2|true_oos|T2|M30|Si|TradingSystemLab/results/true_oos_v2/T2/M30/trades.csv|319|T2-M30-Si-000059,SHORT,2026-04-06 17:00:00+03:00,2026-04-07 09:30:00+03:00,2026-04-06,2026-04-07,2026,4,2026,4,0,1,17,9,-0.591622991755,-0.591618193777,4.79797819199e-06,0.586238019181,0.391646407772,ATR_TRAILING_STOP,81824.5217225,82071.1331785,,0 days 16:30:00,990,16.5,SOURCE,SOURCE,SOURCE,UNAVAILABLE,DERIVED
v2,quarterly,true_oos,T2,M30,Si,V2_TRUE_OOS,TradingSystemLab/results/true_oos_v2/T2/M30/trades.csv,322,T2-M30-Si-000060,v2|true_oos|T2|M30|Si|TradingSystemLab/results/true_oos_v2/T2/M30/trades.csv|322|T2-M30-Si-000060,SHORT,2026-04-13 19:30:00+03:00,2026-04-15 13:30:00+03:00,2026-04-13,2026-04-15,2026,4,2026,4,0,2,19,13,3.91364144296,3.91364795897,6.51600781684e-06,0.110391158235,5.57977127076,ATR_TRAILING_STOP,79307.9340758,78106.6930494,,1 days 18:00:00,2520,42,SOURCE,SOURCE,SOURCE,UNAVAILABLE,DERIVED
v2,quarterly,true_oos,T2,M30,Si,V2_TRUE_OOS,TradingSystemLab/results/true_oos_v2/T2/M30/trades.csv,325,T2-M30-Si-000061,v2|true_oos|T2|M30|Si|TradingSystemLab/results/true_oos_v2/T2/M30/trades.csv|325|T2-M30-Si-000061,SHORT,2026-04-21 17:30:00+03:00,2026-04-22 10:30:00+03:00,2026-04-21,2026-04-22,2026,4,2026,4,1,2,17,10,-0.558395264848,-0.558390078401,5.18644745835e-06,0.548499146966,0.66565430457,ATR_TRAILING_STOP,77480.3020843,77695.6286958,,0 days 17:00:00,1020,17,SOURCE,SOURCE,SOURCE,UNAVAILABLE,DERIVED
v2,quarterly,true_oos,T2,M30,Si,V2_TRUE_OOS,TradingSystemLab/results/true_oos_v2/T2/M30/trades.csv,337,T2-M30-Si-000062,v2|true_oos|T2|M30|Si|TradingSystemLab/results/true_oos_v2/T2/M30/trades.csv|337|T2-M30-Si-000062,LONG,2026-05-05 13:00:00+03:00,2026-05-06 09:30:00+03:00,2026-05-05,2026-05-06,2026,5,2026,5,1,2,13,9,0.528416046461,0.528424524812,8.47835139618e-06,0.853112366396,1.61481983639,ATR_TRAILING_STOP,78567.6404433,78692.2931028,,0 days 20:30:00,1230,20.5,SOURCE,SOURCE,SOURCE,UNAVAILABLE,DERIVED
v2,quarterly,true_oos,T2,M30,Si,V2_TRUE_OOS,TradingSystemLab/results/true_oos_v2/T2/M30/trades.csv,356,T2-M30-Si-000063,v2|true_oos|T2|M30|Si|TradingSystemLab/results/true_oos_v2/T2/M30/trades.csv|356|T2-M30-Si-000063,LONG,2026-06-03 12:00:00+03:00,2026-06-03 12:30:00+03:00,2026-06-03,2026-06-03,2026,6,2026,6,2,2,12,12,-1.00000490307,-1,4.90307230214e-06,0,0,INITIAL_STOP,75792.3093911,75384.4018839,,0 days 00:30:00,30,0.5,SOURCE,SOURCE,SOURCE,UNAVAILABLE,DERIVED
v2,quarterly,true_oos,T2,M30,Si,V2_TRUE_OOS,TradingSystemLab/results/true_oos_v2/T2/M30/trades.csv,362,T2-M30-Si-000064,v2|true_oos|T2|M30|Si|TradingSystemLab/results/true_oos_v2/T2/M30/trades.csv|362|T2-M30-Si-000064,SHORT,2026-06-09 17:30:00+03:00,2026-06-10 10:30:00+03:00,2026-06-09,2026-06-10,2026,6,2026,6,1,2,17,10,0.303324852021,0.30333020008,5.34805907386e-06,0.370654022621,1.73520994294,ATR_TRAILING_STOP,74268.5982251,74155.1626045,,0 days 17:00:00,1020,17,SOURCE,SOURCE,SOURCE,UNAVAILABLE,DERIVED
v2,quarterly,true_oos,T2,M30,Si,V2_TRUE_OOS,TradingSystemLab/results/true_oos_v2/T2/M30/trades.csv,374,T2-M30-Si-000065,v2|true_oos|T2|M30|Si|TradingSystemLab/results/true_oos_v2/T2/M30/trades.csv|374|T2-M30-Si-000065,LONG,2026-06-26 20:30:00+03:00,2026-06-29 10:30:00+03:00,2026-06-26,2026-06-29,2026,6,2026,6,4,0,20,10,-0.51533944771,-0.515335659569,3.78814092815e-06,0.863696131618,1.28796791557,ATR_TRAILING_STOP,80020,79747.9216009,,2 days 14:00:00,3720,62,SOURCE,SOURCE,SOURCE,UNAVAILABLE,DERIVED
v2,quarterly,true_oos,T2,M30,Si,V2_TRUE_OOS,TradingSystemLab/results/true_oos_v2/T2/M30/trades.csv,379,T2-M30-Si-000066,v2|true_oos|T2|M30|Si|TradingSystemLab/results/true_oos_v2/T2/M30/trades.csv|379|T2-M30-Si-000066,SHORT,2026-07-07 12:30:00+03:00,2026-07-07 17:30:00+03:00,2026-07-07,2026-07-07,2026,7,2026,7,1,1,12,17,-0.643372439532,-0.643368905862,3.53366992042e-06,0.565387187267,0.922287849229,ATR_TRAILING_STOP,77454,77818.136391,,0 days 05:00:00,300,5,SOURCE,SOURCE,SOURCE,UNAVAILABLE,DERIVED
v2,quarterly,true_oos,T2,M30,Si,V2_TRUE_OOS,TradingSystemLab/results/true_oos_v2/T2/M30/trades.csv,382,T2-M30-Si-000067,v2|true_oos|T2|M30|Si|TradingSystemLab/results/true_oos_v2/T2/M30/trades.csv|382|T2-M30-Si-000067,SHORT,2026-07-09 12:30:00+03:00,2026-07-09 16:00:00+03:00,2026-07-09,2026-07-09,2026,7,2026,7,3,3,12,16,-0.679162563854,-0.679159323046,3.24080715436e-06,0.447231387301,0.411582508603,ATR_TRAILING_STOP,76784,77203.1297357,,0 days 03:30:00,210,3.5,SOURCE,SOURCE,SOURCE,UNAVAILABLE,DERIVED
v2,quarterly,true_oos,T2,M30,Si,V2_TRUE_OOS,TradingSystemLab/results/true_oos_v2/T2/M30/trades.csv,386,T2-M30-Si-000068,v2|true_oos|T2|M30|Si|TradingSystemLab/results/true_oos_v2/T2/M30/trades.csv|386|T2-M30-Si-000068,LONG,2026-07-15 11:30:00+03:00,2026-07-15 16:30:00+03:00,2026-07-15,2026-07-15,2026,7,2026,7,2,2,11,16,-0.859598590913,-0.859594878012,3.71290127282e-06,0.482677165467,0.382428831101,ATR_TRAILING_STOP,79535,79071.9686319,,0 days 05:00:00,300,5,SOURCE,SOURCE,SOURCE,UNAVAILABLE,DERIVED
v2,quarterly,true_oos,T2,M30,Si,V2_TRUE_OOS,TradingSystemLab/results/true_oos_v2/T2/M30/trades.csv,396,T2-M30-Si-000069,v2|true_oos|T2|M30|Si|TradingSystemLab/results/true_oos_v2/T2/M30/trades.csv|396|T2-M30-Si-000069,SHORT,2026-07-27 14:00:00+03:00,2026-07-27 15:00:00+03:00,2026-07-27,2026-07-27,2026,7,2026,7,0,0,14,15,-0.888977706562,-0.888966453822,1.12527399218e-05,0.472615076715,0.196922948631,EMA50_TREND_LOSS,78786,78944,,0 days 01:00:00,60,1,SOURCE,SOURCE,SOURCE,UNAVAILABLE,DERIVED
v2,quarterly,true_oos,T2,M30,Si,V2_TRUE_OOS,TradingSystemLab/results/true_oos_v2/T2/M30/trades.csv,400,T2-M30-Si-000070,v2|true_oos|T2|M30|Si|TradingSystemLab/results/true_oos_v2/T2/M30/trades.csv|400|T2-M30-Si-000070,LONG,2026-07-29 13:30:00+03:00,2026-07-30 10:00:00+03:00,2026-07-29,2026-07-30,2026,7,2026,7,2,3,13,10,0.897007702514,0.897015501134,7.79862002701e-06,0.52250754181,2.21480808767,ATR_TRAILING_STOP,80420,80650.0446741,,0 days 20:30:00,1230,20.5,SOURCE,SOURCE,SOURCE,UNAVAILABLE,DERIVED
v2,quarterly,true_oos,T2,M30,Si,V2_TRUE_OOS,TradingSystemLab/results/true_oos_v2/T2/M30/trades.csv,403,T2-M30-Si-000071,v2|true_oos|T2|M30|Si|TradingSystemLab/results/true_oos_v2/T2/M30/trades.csv|403|T2-M30-Si-000071,LONG,2026-08-04 12:00:00+03:00,2026-08-04 17:30:00+03:00,2026-08-04,2026-08-04,2026,8,2026,8,1,1,12,17,-0.149390303221,-0.149386078319,4.22490268526e-06,0.0844980537051,0.971727617609,ATR_TRAILING_STOP,81618,81547.2830678,,0 days 05:30:00,330,5.5,SOURCE,SOURCE,SOURCE,UNAVAILABLE,DERIVED
v2,quarterly,true_oos,T2,M30,Si,V2_TRUE_OOS,TradingSystemLab/results/true_oos_v2/T2/M30/trades.csv,407,T2-M30-Si-000072,v2|true_oos|T2|M30|Si|TradingSystemLab/results/true_oos_v2/T2/M30/trades.csv|407|T2-M30-Si-000072,LONG,2026-08-07 17:00:00+03:00,2026-08-08 18:00:00+03:00,2026-08-07,2026-08-08,2026,8,2026,8,4,5,17,18,0.295308381128,0.295313862424,5.48129617265e-06,0.211029902647,0.87974803571,ATR_TRAILING_STOP,83098,83205.7532953,,1 days 01:00:00,1500,25,SOURCE,SOURCE,SOURCE,UNAVAILABLE,DERIVED
v2,quarterly,true_oos,T2,M30,Si,V2_TRUE_OOS,TradingSystemLab/results/true_oos_v2/T2/M30/trades.csv,410,T2-M30-Si-000073,v2|true_oos|T2|M30|Si|TradingSystemLab/results/true_oos_v2/T2/M30/trades.csv|410|T2-M30-Si-000073,LONG,2026-08-14 10:30:00+03:00,2026-08-14 12:00:00+03:00,2026-08-14,2026-08-14,2026,8,2026,8,4,4,10,12,-1.00000645111,-1,6.45111338294e-06,0.406420143125,0.316104555764,INITIAL_STOP,84897,84586.9759962,,0 days 01:30:00,90,1.5,SOURCE,SOURCE,SOURCE,UNAVAILABLE,DERIVED
v2,quarterly,true_oos,T2,M30,Si,V2_TRUE_OOS,TradingSystemLab/results/true_oos_v2/T2/M30/trades.csv,413,T2-M30-Si-000074,v2|true_oos|T2|M30|Si|TradingSystemLab/results/true_oos_v2/T2/M30/trades.csv|413|T2-M30-Si-000074,LONG,2026-08-17 10:30:00+03:00,2026-08-17 22:30:00+03:00,2026-08-17,2026-08-17,2026,8,2026,8,0,0,10,22,0.548517978484,0.54852204161,4.06312623415e-06,0.0893887771513,1.42615730819,ATR_TRAILING_STOP,85332,85602,,0 days 12:00:00,720,12,SOURCE,SOURCE,SOURCE,UNAVAILABLE,DERIVED
v2,quarterly,true_oos,T2,M30,Si,V2_TRUE_OOS,TradingSystemLab/results/true_oos_v2/T2/M30/trades.csv,418,T2-M30-Si-000075,v2|true_oos|T2|M30|Si|TradingSystemLab/results/true_oos_v2/T2/M30/trades.csv|418|T2-M30-Si-000075,SHORT,2026-08-20 11:30:00+03:00,2026-08-21 11:30:00+03:00,2026-08-20,2026-08-21,2026,8,2026,8,3,4,11,11,1.55643996167,1.55644584367,5.88200370934e-06,0.338215213287,2.85571280088,ATR_TRAILING_STOP,83931,83401.7769935,,1 days 00:00:00,1440,24,SOURCE,SOURCE,SOURCE,UNAVAILABLE,DERIVED
v2,quarterly,true_oos,T2,M30,Si,V2_TRUE_OOS,TradingSystemLab/results/true_oos_v2/T2/M30/trades.csv,420,T2-M30-Si-000076,v2|true_oos|T2|M30|Si|TradingSystemLab/results/true_oos_v2/T2/M30/trades.csv|420|T2-M30-Si-000076,SHORT,2026-08-21 12:30:00+03:00,2026-08-21 13:00:00+03:00,2026-08-21,2026-08-21,2026,8,2026,8,4,4,12,13,-1.00000696776,-1,6.9677641093e-06,0,0,INITIAL_STOP,83194,83481.0361236,,0 days 00:30:00,30,0.5,SOURCE,SOURCE,SOURCE,UNAVAILABLE,DERIVED
v2,quarterly,true_oos,T2,M30,Si,V2_TRUE_OOS,TradingSystemLab/results/true_oos_v2/T2/M30/trades.csv,424,T2-M30-Si-000077,v2|true_oos|T2|M30|Si|TradingSystemLab/results/true_oos_v2/T2/M30/trades.csv|424|T2-M30-Si-000077,LONG,2026-08-25 15:00:00+03:00,2026-08-25 18:00:00+03:00,2026-08-25,2026-08-25,2026,8,2026,8,1,1,15,18,-1.00000502157,-1,5.02157134883e-06,0.906393628464,0.220949139349,INITIAL_STOP,85061,84662.7182947,,0 days 03:00:00,180,3,SOURCE,SOURCE,SOURCE,UNAVAILABLE,DERIVED
v2,quarterly,true_oos,T2,M30,Si,V2_TRUE_OOS,TradingSystemLab/results/true_oos_v2/T2/M30/trades.csv,437,T2-M30-Si-000078,v2|true_oos|T2|M30|Si|TradingSystemLab/results/true_oos_v2/T2/M30/trades.csv|437|T2-M30-Si-000078,SHORT,2026-09-11 12:00:00+03:00,2026-09-11 13:00:00+03:00,2026-09-11,2026-09-11,2026,9,2026,9,4,4,12,13,-1.00000535295,-1,5.35294536269e-06,0.372029702707,0.334559085168,INITIAL_STOP,84192,84565.6260814,,0 days 01:00:00,60,1,SOURCE,SOURCE,SOURCE,UNAVAILABLE,DERIVED
v2,quarterly,true_oos,T3,H1,BR,V2_TRUE_OOS,TradingSystemLab/results/true_oos_v2/T3/H1/trades.csv,9,T3-H1-BR-000001,v2|true_oos|T3|H1|BR|TradingSystemLab/results/true_oos_v2/T3/H1/trades.csv|9|T3-H1-BR-000001,SHORT,2025-03-04 11:00:00+03:00,2025-03-04 23:00:00+03:00,2025-03-04,2025-03-04,2025,3,2025,3,1,1,11,23,-0.343329908928,-0.338984414417,0.00434549451092,0.334638919906,1.45668903509,ATR_TRAILING_STOP,50.0710196707,50.2250361672,,0 days 12:00:00,720,12,SOURCE,SOURCE,SOURCE,UNAVAILABLE,DERIVED
v2,quarterly,true_oos,T3,H1,BR,V2_TRUE_OOS,TradingSystemLab/results/true_oos_v2/T3/H1/trades.csv,12,T3-H1-BR-000002,v2|true_oos|T3|H1|BR|TradingSystemLab/results/true_oos_v2/T3/H1/trades.csv|12|T3-H1-BR-000002,SHORT,2025-03-05 17:00:00+03:00,2025-03-06 10:00:00+03:00,2025-03-05,2025-03-06,2025,3,2025,3,2,3,17,10,0.34243674122,0.34652805595,0.00409131473003,0.0288733333793,1.89120333635,ATR_TRAILING_STOP,49.3511826015,49.179785682,,0 days 17:00:00,1020,17,SOURCE,SOURCE,SOURCE,UNAVAILABLE,DERIVED
v2,quarterly,true_oos,T3,H1,BR,V2_TRUE_OOS,TradingSystemLab/results/true_oos_v2/T3/H1/trades.csv,14,T3-H1-BR-000003,v2|true_oos|T3|H1|BR|TradingSystemLab/results/true_oos_v2/T3/H1/trades.csv|14|T3-H1-BR-000003,SHORT,2025-03-10 18:00:00+03:00,2025-03-11 14:00:00+03:00,2025-03-10,2025-03-11,2025,3,2025,3,0,1,18,14,-0.363022516275,-0.359496760985,0.00352575529038,0.355971005694,0.821107732552,ATR_TRAILING_STOP,49.2947247921,49.496650891,,0 days 20:00:00,1200,20,SOURCE,SOURCE,SOURCE,UNAVAILABLE,DERIVED
v2,quarterly,true_oos,T3,H1,BR,V2_TRUE_OOS,TradingSystemLab/results/true_oos_v2/T3/H1/trades.csv,22,T3-H1-BR-000004,v2|true_oos|T3|H1|BR|TradingSystemLab/results/true_oos_v2/T3/H1/trades.csv|22|T3-H1-BR-000004,SHORT,2025-04-04 10:00:00+03:00,2025-04-04 19:00:00+03:00,2025-04-04,2025-04-04,2025,4,2025,4,4,4,10,19,2.79384548327,2.79692872553,0.00308324226904,0.0217591380271,5.32010924764,ATR_TRAILING_STOP,48.8007189603,46.9844413386,,0 days 09:00:00,540,9,SOURCE,SOURCE,SOURCE,UNAVAILABLE,DERIVED
v2,quarterly,true_oos,T3,H1,BR,V2_TRUE_OOS,TradingSystemLab/results/true_oos_v2/T3/H1/trades.csv,24,T3-H1-BR-000005,v2|true_oos|T3|H1|BR|TradingSystemLab/results/true_oos_v2/T3/H1/trades.csv|24|T3-H1-BR-000005,SHORT,2025-04-07 10:00:00+03:00,2025-04-07 18:00:00+03:00,2025-04-07,2025-04-07,2025,4,2025,4,0,0,10,18,-0.972560286593,-0.970948990594,0.00161129599857,0.969337694596,0.42642301078,ATR_TRAILING_STOP,44.8557295317,46.0589072165,,0 days 08:00:00,480,8,SOURCE,SOURCE,SOURCE,UNAVAILABLE,DERIVED
v2,quarterly,true_oos,T3,H1,BR,V2_TRUE_OOS,TradingSystemLab/results/true_oos_v2/T3/H1/trades.csv,25,T3-H1-BR-000006,v2|true_oos|T3|H1|BR|TradingSystemLab/results/true_oos_v2/T3/H1/trades.csv|25|T3-H1-BR-000006,SHORT,2025-04-08 20:00:00+03:00,2025-04-09 21:00:00+03:00,2025-04-08,2025-04-09,2025,4,2025,4,1,2,20,21,1.21884555164,1.2206384326,0.00179288095296,0.316319159488,2.92911541686,ATR_TRAILING_STOP,44.6298982943,43.2662480067,,1 days 01:00:00,1500,25,SOURCE,SOURCE,SOURCE,UNAVAILABLE,DERIVED
v2,quarterly,true_oos,T3,H1,BR,V2_TRUE_OOS,TradingSystemLab/results/true_oos_v2/T3/H1/trades.csv,38,T3-H1-BR-000007,v2|true_oos|T3|H1|BR|TradingSystemLab/results/true_oos_v2/T3/H1/trades.csv|38|T3-H1-BR-000007,SHORT,2025-05-07 21:00:00+03:00,2025-05-08 15:00:00+03:00,2025-05-07,2025-05-08,2025,5,2025,5,2,3,21,15,-1.00647473818,-1.00323736909,0.00323736909164,1,0.381446337085,ATR_TRAILING_STOP,43.8312819389,44.4490675368,,0 days 18:00:00,1080,18,SOURCE,SOURCE,SOURCE,UNAVAILABLE,DERIVED
v2,quarterly,true_oos,T3,H1,BR,V2_TRUE_OOS,TradingSystemLab/results/true_oos_v2/T3/H1/trades.csv,39,T3-H1-BR-000008,v2|true_oos|T3|H1|BR|TradingSystemLab/results/true_oos_v2/T3/H1/trades.csv|39|T3-H1-BR-000008,LONG,2025-05-13 20:00:00+03:00,2025-05-14 13:00:00+03:00,2025-05-13,2025-05-14,2025,5,2025,5,1,2,20,13,-1.00689301638,-1.00344650819,0.00344650818809,1,0.0615285402806,ATR_TRAILING_STOP,47.5874328512,47.007135376,,0 days 17:00:00,1020,17,SOURCE,SOURCE,SOURCE,UNAVAILABLE,DERIVED
v2,quarterly,true_oos,T3,H1,BR,V2_TRUE_OOS,TradingSystemLab/results/true_oos_v2/T3/H1/trades.csv,43,T3-H1-BR-000009,v2|true_oos|T3|H1|BR|TradingSystemLab/results/true_oos_v2/T3/H1/trades.csv|43|T3-H1-BR-000009,LONG,2025-06-11 16:00:00+03:00,2025-06-13 18:00:00+03:00,2025-06-11,2025-06-13,2025,6,2025,6,2,4,16,18,6.82156140083,6.82542843807,0.00386703723691,0.427421323138,10.3822018169,ATR_TRAILING_STOP,48.3904864015,51.9225421107,,2 days 02:00:00,3000,50,SOURCE,SOURCE,SOURCE,UNAVAILABLE,DERIVED
v2,quarterly,true_oos,T3,H1,BR,V2_TRUE_OOS,TradingSystemLab/results/true_oos_v2/T3/H1/trades.csv,45,T3-H1-BR-000010,v2|true_oos|T3|H1|BR|TradingSystemLab/results/true_oos_v2/T3/H1/trades.csv|45|T3-H1-BR-000010,LONG,2025-06-17 17:00:00+03:00,2025-06-18 18:00:00+03:00,2025-06-17,2025-06-18,2025,6,2025,6,1,2,17,18,0.000752351930217,0.00247075653701,0.00171840460679,0.300218634181,1.31115893296,ATR_TRAILING_STOP,53.4748390104,53.4797146504,,1 days 01:00:00,1500,25,SOURCE,SOURCE,SOURCE,UNAVAILABLE,DERIVED
v2,quarterly,true_oos,T3,H1,BR,V2_TRUE_OOS,TradingSystemLab/results/true_oos_v2/T3/H1/trades.csv,46,T3-H1-BR-000011,v2|true_oos|T3|H1|BR|TradingSystemLab/results/true_oos_v2/T3/H1/trades.csv|46|T3-H1-BR-000011,LONG,2025-06-19 10:00:00+03:00,2025-06-19 21:00:00+03:00,2025-06-19,2025-06-19,2025,6,2025,6,3,3,10,21,-0.321385837725,-0.319673661708,0.00171217601715,0.433433919061,1.02559011834,ATR_TRAILING_STOP,55.0365125326,54.6651003852,,0 days 11:00:00,660,11,SOURCE,SOURCE,SOURCE,UNAVAILABLE,DERIVED
v2,quarterly,true_oos,T3,H1,BR,V2_TRUE_OOS,TradingSystemLab/results/true_oos_v2/T3/H1/trades.csv,60,T3-H1-BR-000012,v2|true_oos|T3|H1|BR|TradingSystemLab/results/true_oos_v2/T3/H1/trades.csv|60|T3-H1-BR-000012,LONG,2025-07-30 11:00:00+03:00,2025-07-30 12:00:00+03:00,2025-07-30,2025-07-30,2025,7,2025,7,2,2,11,12,-1.00669671452,-1.00334835726,0.00334835725964,1,0,ATR_TRAILING_STOP,52.8137300927,52.2164222654,,0 days 01:00:00,60,1,SOURCE,SOURCE,SOURCE,UNAVAILABLE,DERIVED
v2,quarterly,true_oos,T3,H1,BR,V2_TRUE_OOS,TradingSystemLab/results/true_oos_v2/T3/H1/trades.csv,62,T3-H1-BR-000013,v2|true_oos|T3|H1|BR|TradingSystemLab/results/true_oos_v2/T3/H1/trades.csv|62|T3-H1-BR-000013,LONG,2025-07-30 20:00:00+03:00,2025-07-31 19:00:00+03:00,2025-07-30,2025-07-31,2025,7,2025,7,2,3,20,19,-0.868832163086,-0.865769964574,0.00306219851193,0.862707766062,0.387752733215,ATR_TRAILING_STOP,52.9729165651,52.4094601055,,0 days 23:00:00,1380,23,SOURCE,SOURCE,SOURCE,UNAVAILABLE,DERIVED
v2,quarterly,true_oos,T3,H1,BR,V2_TRUE_OOS,TradingSystemLab/results/true_oos_v2/T3/H1/trades.csv,66,T3-H1-BR-000014,v2|true_oos|T3|H1|BR|TradingSystemLab/results/true_oos_v2/T3/H1/trades.csv|66|T3-H1-BR-000014,SHORT,2025-08-05 13:00:00+03:00,2025-08-06 12:00:00+03:00,2025-08-05,2025-08-06,2025,8,2025,8,1,2,13,12,-0.812915686405,-0.809232704906,0.00368298149838,0.805549723408,0.540280645876,ATR_TRAILING_STOP,49.8988283747,50.3362727244,,0 days 23:00:00,1380,23,SOURCE,SOURCE,SOURCE,UNAVAILABLE,DERIVED
v2,quarterly,true_oos,T3,H1,BR,V2_TRUE_OOS,TradingSystemLab/results/true_oos_v2/T3/H1/trades.csv,69,T3-H1-BR-000015,v2|true_oos|T3|H1|BR|TradingSystemLab/results/true_oos_v2/T3/H1/trades.csv|69|T3-H1-BR-000015,SHORT,2025-08-06 22:00:00+03:00,2025-08-07 14:00:00+03:00,2025-08-06,2025-08-07,2025,8,2025,8,2,3,22,14,-0.910030825137,-0.90711353052,0.00291729461726,0.904196235903,0.449354880483,ATR_TRAILING_STOP,49.0113143024,49.6312011185,,0 days 16:00:00,960,16,SOURCE,SOURCE,SOURCE,UNAVAILABLE,DERIVED
v2,quarterly,true_oos,T3,H1,BR,V2_TRUE_OOS,TradingSystemLab/results/true_oos_v2/T3/H1/trades.csv,70,T3-H1-BR-000016,v2|true_oos|T3|H1|BR|TradingSystemLab/results/true_oos_v2/T3/H1/trades.csv|70|T3-H1-BR-000016,SHORT,2025-08-08 10:00:00+03:00,2025-08-08 13:00:00+03:00,2025-08-08,2025-08-08,2025,8,2025,8,4,4,10,13,-1.00762646856,-1.00381323428,0.00381323427942,1,0.139847069573,ATR_TRAILING_STOP,48.5198808905,49.044370039,,0 days 03:00:00,180,3,SOURCE,SOURCE,SOURCE,UNAVAILABLE,DERIVED
v2,quarterly,true_oos,T3,H1,BR,V2_TRUE_OOS,TradingSystemLab/results/true_oos_v2/T3/H1/trades.csv,77,T3-H1-BR-000017,v2|true_oos|T3|H1|BR|TradingSystemLab/results/true_oos_v2/T3/H1/trades.csv|77|T3-H1-BR-000017,SHORT,2025-09-05 16:00:00+03:00,2025-09-07 13:00:00+03:00,2025-09-05,2025-09-07,2025,9,2025,9,4,6,16,13,0.147326738874,0.151119434942,0.0037926960686,0.267417009352,0.802251028057,ATR_TRAILING_STOP,48.8289367027,48.7472469874,,1 days 21:00:00,2700,45,SOURCE,SOURCE,SOURCE,UNAVAILABLE,DERIVED
v2,quarterly,true_oos,T3,H1,BR,V2_TRUE_OOS,TradingSystemLab/results/true_oos_v2/T3/H1/trades.csv,78,T3-H1-BR-000018,v2|true_oos|T3|H1|BR|TradingSystemLab/results/true_oos_v2/T3/H1/trades.csv|78|T3-H1-BR-000018,SHORT,2025-09-07 17:00:00+03:00,2025-09-08 09:00:00+03:00,2025-09-07,2025-09-08,2025,9,2025,9,6,0,17,9,-3.10688940021,-3.09856210244,0.0083272977676,3.09023480467,0.216316436327,ATR_TRAILING_STOP,48.5469030206,49.2890969209,,0 days 16:00:00,960,16,SOURCE,SOURCE,SOURCE,UNAVAILABLE,DERIVED
v2,quarterly,true_oos,T3,H1,BR,V2_TRUE_OOS,TradingSystemLab/results/true_oos_v2/T3/H1/trades.csv,84,T3-H1-BR-000019,v2|true_oos|T3|H1|BR|TradingSystemLab/results/true_oos_v2/T3/H1/trades.csv|84|T3-H1-BR-000019,LONG,2025-09-10 19:00:00+03:00,2025-09-11 14:00:00+03:00,2025-09-10,2025-09-11,2025,9,2025,9,2,3,19,14,-0.79825357718,-0.794087192931,0.00416638424883,0.789920808682,0.417455771748,ATR_TRAILING_STOP,50.0832443943,49.7040567046,,0 days 19:00:00,1140,19,SOURCE,SOURCE,SOURCE,UNAVAILABLE,DERIVED
v2,quarterly,true_oos,T3,H1,BR,V2_TRUE_OOS,TradingSystemLab/results/true_oos_v2/T3/H1/trades.csv,85,T3-H1-BR-000020,v2|true_oos|T3|H1|BR|TradingSystemLab/results/true_oos_v2/T3/H1/trades.csv|85|T3-H1-BR-000020,SHORT,2025-09-12 09:00:00+03:00,2025-09-12 13:00:00+03:00,2025-09-12,2025-09-12,2025,9,2025,9,4,4,9,13,-1.0100992701,-1.00504963505,0.00504963504889,1,0.41225891654,ATR_TRAILING_STOP,48.9699535438,49.3660217706,,0 days 04:00:00,240,4,SOURCE,SOURCE,SOURCE,UNAVAILABLE,DERIVED
v2,quarterly,true_oos,T3,H1,BR,V2_TRUE_OOS,TradingSystemLab/results/true_oos_v2/T3/H1/trades.csv,97,T3-H1-BR-000021,v2|true_oos|T3|H1|BR|TradingSystemLab/results/true_oos_v2/T3/H1/trades.csv|97|T3-H1-BR-000021,LONG,2025-09-25 22:00:00+03:00,2025-09-26 23:00:00+03:00,2025-09-25,2025-09-26,2025,9,2025,9,3,4,22,23,0.229676537702,0.23357804889,0.0039015111879,0.651527506289,1.72292829441,ATR_TRAILING_STOP,51.5898980119,51.7116352305,,1 days 01:00:00,1500,25,SOURCE,SOURCE,SOURCE,UNAVAILABLE,DERIVED
v2,quarterly,true_oos,T3,H1,BR,V2_TRUE_OOS,TradingSystemLab/results/true_oos_v2/T3/H1/trades.csv,105,T3-H1-BR-000022,v2|true_oos|T3|H1|BR|TradingSystemLab/results/true_oos_v2/T3/H1/trades.csv|105|T3-H1-BR-000022,SHORT,2025-10-02 13:00:00+03:00,2025-10-03 12:00:00+03:00,2025-10-02,2025-10-03,2025,10,2025,10,3,4,13,12,-0.0539806045526,-0.0499097766145,0.00407082793806,0.687806034995,1.39089664855,ATR_TRAILING_STOP,48.8256105537,48.8481312544,,0 days 23:00:00,1380,23,SOURCE,SOURCE,SOURCE,UNAVAILABLE,DERIVED
v2,quarterly,true_oos,T3,H1,BR,V2_TRUE_OOS,TradingSystemLab/results/true_oos_v2/T3/H1/trades.csv,113,T3-H1-BR-000023,v2|true_oos|T3|H1|BR|TradingSystemLab/results/true_oos_v2/T3/H1/trades.csv|113|T3-H1-BR-000023,SHORT,2025-10-10 14:00:00+03:00,2025-10-13 09:00:00+03:00,2025-10-10,2025-10-13,2025,10,2025,10,4,0,14,9,1.31051086888,1.31474328128,0.0042324123996,0.349608015192,3.8297968937,ATR_TRAILING_STOP,48.367541922,47.7442682099,,2 days 19:00:00,4020,67,SOURCE,SOURCE,SOURCE,UNAVAILABLE,DERIVED
v2,quarterly,true_oos,T3,H1,BR,V2_TRUE_OOS,TradingSystemLab/results/true_oos_v2/T3/H1/trades.csv,117,T3-H1-BR-000024,v2|true_oos|T3|H1|BR|TradingSystemLab/results/true_oos_v2/T3/H1/trades.csv|117|T3-H1-BR-000024,SHORT,2025-10-14 14:00:00+03:00,2025-10-14 17:00:00+03:00,2025-10-14,2025-10-14,2025,10,2025,10,1,1,14,17,-1.00678192275,-1.00339096137,0.00339096137404,1,0,ATR_TRAILING_STOP,46.3250063836,46.9148096221,,0 days 03:00:00,180,3,SOURCE,SOURCE,SOURCE,UNAVAILABLE,DERIVED
v2,quarterly,true_oos,T3,H1,BR,V2_TRUE_OOS,TradingSystemLab/results/true_oos_v2/T3/H1/trades.csv,123,T3-H1-BR-000025,v2|true_oos|T3|H1|BR|TradingSystemLab/results/true_oos_v2/T3/H1/trades.csv|123|T3-H1-BR-000025,SHORT,2025-10-16 19:00:00+03:00,2025-10-17 16:00:00+03:00,2025-10-16,2025-10-17,2025,10,2025,10,3,4,19,16,0.718039530702,0.721841569537,0.00380203883478,0.442536365055,2.28405865835,ATR_TRAILING_STOP,46.4601741766,46.0784612904,,0 days 21:00:00,1260,21,SOURCE,SOURCE,SOURCE,UNAVAILABLE,DERIVED
v2,quarterly,true_oos,T3,H1,BR,V2_TRUE_OOS,TradingSystemLab/results/true_oos_v2/T3/H1/trades.csv,134,T3-H1-BR-000026,v2|true_oos|T3|H1|BR|TradingSystemLab/results/true_oos_v2/T3/H1/trades.csv|134|T3-H1-BR-000026,LONG,2025-10-23 20:00:00+03:00,2025-10-27 12:00:00+03:00,2025-10-23,2025-10-27,2025,10,2025,10,3,0,20,12,-0.47839633915,-0.476028217694,0.00236812145585,0.6046215291,0.51570659835,ATR_TRAILING_STOP,49.71171053,49.3116802907,,3 days 16:00:00,5280,88,SOURCE,SOURCE,SOURCE,UNAVAILABLE,DERIVED
v2,quarterly,true_oos,T3,H1,BR,V2_TRUE_OOS,TradingSystemLab/results/true_oos_v2/T3/H1/trades.csv,139,T3-H1-BR-000027,v2|true_oos|T3|H1|BR|TradingSystemLab/results/true_oos_v2/T3/H1/trades.csv|139|T3-H1-BR-000027,LONG,2025-10-29 18:00:00+03:00,2025-10-30 11:00:00+03:00,2025-10-29,2025-10-30,2025,10,2025,10,2,3,18,11,-1.00687617219,-1.0034380861,0.00343808609549,1,0.193632712337,ATR_TRAILING_STOP,48.9833063122,48.4015873138,,0 days 17:00:00,1020,17,SOURCE,SOURCE,SOURCE,UNAVAILABLE,DERIVED
v2,quarterly,true_oos,T3,H1,BR,V2_TRUE_OOS,TradingSystemLab/results/true_oos_v2/T3/H1/trades.csv,158,T3-H1-BR-000028,v2|true_oos|T3|H1|BR|TradingSystemLab/results/true_oos_v2/T3/H1/trades.csv|158|T3-H1-BR-000028,SHORT,2025-12-16 19:00:00+03:00,2025-12-17 09:00:00+03:00,2025-12-16,2025-12-17,2025,12,2025,12,1,2,19,9,-1.41654646501,-1.41146089609,0.00508556892201,1.40637532717,0.0781319626203,ATR_TRAILING_STOP,45.3529501207,45.9060348783,,0 days 14:00:00,840,14,SOURCE,SOURCE,SOURCE,UNAVAILABLE,DERIVED
v2,quarterly,true_oos,T3,H1,BR,V2_TRUE_OOS,TradingSystemLab/results/true_oos_v2/T3/H1/trades.csv,167,T3-H1-BR-000029,v2|true_oos|T3|H1|BR|TradingSystemLab/results/true_oos_v2/T3/H1/trades.csv|167|T3-H1-BR-000029,LONG,2026-01-05 20:00:00+03:00,2026-01-06 19:00:00+03:00,2026-01-05,2026-01-06,2026,1,2026,1,0,1,20,19,0.00359165607822,0.00815501952801,0.00456336344979,0.394447461457,1.45228383536,ATR_TRAILING_STOP,48.3187748205,48.3243489472,,0 days 23:00:00,1380,23,SOURCE,SOURCE,SOURCE,UNAVAILABLE,DERIVED
v2,quarterly,true_oos,T3,H1,BR,V2_TRUE_OOS,TradingSystemLab/results/true_oos_v2/T3/H1/trades.csv,171,T3-H1-BR-000030,v2|true_oos|T3|H1|BR|TradingSystemLab/results/true_oos_v2/T3/H1/trades.csv|171|T3-H1-BR-000030,LONG,2026-01-08 23:00:00+03:00,2026-01-09 13:00:00+03:00,2026-01-08,2026-01-09,2026,1,2026,1,3,4,23,13,-0.718235716738,-0.714582844104,0.00365287263382,0.710929971471,0.803718530942,ATR_TRAILING_STOP,48.9631299246,48.5738855996,,0 days 14:00:00,840,14,SOURCE,SOURCE,SOURCE,UNAVAILABLE,DERIVED
v2,quarterly,true_oos,T3,H1,BR,V2_TRUE_OOS,TradingSystemLab/results/true_oos_v2/T3/H1/trades.csv,172,T3-H1-BR-000031,v2|true_oos|T3|H1|BR|TradingSystemLab/results/true_oos_v2/T3/H1/trades.csv|172|T3-H1-BR-000031,LONG,2026-01-09 18:00:00+03:00,2026-01-12 15:00:00+03:00,2026-01-09,2026-01-12,2026,1,2026,1,4,0,18,15,-0.743558565449,-0.740372259598,0.00318630585121,0.737185953747,0.701062783891,ATR_TRAILING_STOP,49.7096388867,49.2469174857,,2 days 21:00:00,4140,69,SOURCE,SOURCE,SOURCE,UNAVAILABLE,DERIVED
v2,quarterly,true_oos,T3,H1,BR,V2_TRUE_OOS,TradingSystemLab/results/true_oos_v2/T3/H1/trades.csv,175,T3-H1-BR-000032,v2|true_oos|T3|H1|BR|TradingSystemLab/results/true_oos_v2/T3/H1/trades.csv|175|T3-H1-BR-000032,LONG,2026-01-12 23:00:00+03:00,2026-01-15 00:00:00+03:00,2026-01-12,2026-01-15,2026,1,2026,1,0,3,23,0,1.75735897535,1.76035575086,0.00299677550589,0.270809235624,3.43809986097,ATR_TRAILING_STOP,50.2046921984,51.3815254466,,2 days 01:00:00,2940,49,SOURCE,SOURCE,SOURCE,UNAVAILABLE,DERIVED
v2,quarterly,true_oos,T3,H1,BR,V2_TRUE_OOS,TradingSystemLab/results/true_oos_v2/T3/H1/trades.csv,186,T3-H1-BR-000033,v2|true_oos|T3|H1|BR|TradingSystemLab/results/true_oos_v2/T3/H1/trades.csv|186|T3-H1-BR-000033,LONG,2026-01-28 17:00:00+03:00,2026-01-29 19:00:00+03:00,2026-01-28,2026-01-29,2026,1,2026,1,2,3,17,19,1.83829795531,1.84101205281,0.0027140975066,0.767784547967,3.71095864851,ATR_TRAILING_STOP,53.7407872821,55.0994165471,,1 days 02:00:00,1560,26,SOURCE,SOURCE,SOURCE,UNAVAILABLE,DERIVED
v2,quarterly,true_oos,T3,H1,BR,V2_TRUE_OOS,TradingSystemLab/results/true_oos_v2/T3/H1/trades.csv,194,T3-H1-BR-000034,v2|true_oos|T3|H1|BR|TradingSystemLab/results/true_oos_v2/T3/H1/trades.csv|194|T3-H1-BR-000034,LONG,2026-02-09 14:00:00+03:00,2026-02-09 18:00:00+03:00,2026-02-09,2026-02-09,2026,2,2026,2,0,0,14,18,-1.00763945842,-1.00381972921,0.00381972921221,1,0.193327188207,ATR_TRAILING_STOP,57.647978465,57.1243811394,,0 days 04:00:00,240,4,SOURCE,SOURCE,SOURCE,UNAVAILABLE,DERIVED
v2,quarterly,true_oos,T3,H1,BR,V2_TRUE_OOS,TradingSystemLab/results/true_oos_v2/T3/H1/trades.csv,195,T3-H1-BR-000035,v2|true_oos|T3|H1|BR|TradingSystemLab/results/true_oos_v2/T3/H1/trades.csv|195|T3-H1-BR-000035,LONG,2026-02-09 18:00:00+03:00,2026-02-11 22:00:00+03:00,2026-02-09,2026-02-11,2026,2,2026,2,0,2,18,22,1.19038695299,1.19345174199,0.00306478900721,0.180970476268,2.62407190588,ATR_TRAILING_STOP,57.8926069952,58.6734219408,,2 days 04:00:00,3120,52,SOURCE,SOURCE,SOURCE,UNAVAILABLE,DERIVED
v2,quarterly,true_oos,T3,H1,BR,V2_TRUE_OOS,TradingSystemLab/results/true_oos_v2/T3/H1/trades.csv,196,T3-H1-BR-000036,v2|true_oos|T3|H1|BR|TradingSystemLab/results/true_oos_v2/T3/H1/trades.csv|196|T3-H1-BR-000036,LONG,2026-02-19 00:00:00+03:00,2026-02-20 13:00:00+03:00,2026-02-19,2026-02-20,2026,2,2026,2,3,4,0,13,0.553113897435,0.555688044523,0.00257414708806,0.271426645995,1.94341478533,ATR_TRAILING_STOP,59.5628293739,59.9965747447,,1 days 13:00:00,2220,37,SOURCE,SOURCE,SOURCE,UNAVAILABLE,DERIVED
v2,quarterly,true_oos,T3,H1,BR,V2_TRUE_OOS,TradingSystemLab/results/true_oos_v2/T3/H1/trades.csv,197,T3-H1-BR-000037,v2|true_oos|T3|H1|BR|TradingSystemLab/results/true_oos_v2/T3/H1/trades.csv|197|T3-H1-BR-000037,LONG,2026-02-26 19:00:00+03:00,2026-02-26 22:00:00+03:00,2026-02-26,2026-02-26,2026,2,2026,2,3,3,19,22,-0.940617874572,-0.938437757407,0.00218011716521,0.936257640241,0.616075232311,ATR_TRAILING_STOP,60.6763109597,59.8174051585,,0 days 03:00:00,180,3,SOURCE,SOURCE,SOURCE,UNAVAILABLE,DERIVED
v2,quarterly,true_oos,T3,H1,BR,V2_TRUE_OOS,TradingSystemLab/results/true_oos_v2/T3/H1/trades.csv,198,T3-H1-BR-000038,v2|true_oos|T3|H1|BR|TradingSystemLab/results/true_oos_v2/T3/H1/trades.csv|198|T3-H1-BR-000038,LONG,2026-02-27 17:00:00+03:00,2026-03-02 10:00:00+03:00,2026-02-27,2026-03-02,2026,2,2026,3,4,0,17,10,-0.29593135675,-0.293702114151,0.00222924259835,0.582945743106,0.103425857648,ATR_TRAILING_STOP,61.4692448163,61.2077453529,,2 days 17:00:00,3900,65,SOURCE,SOURCE,SOURCE,UNAVAILABLE,DERIVED
v2,quarterly,true_oos,T3,H1,BR,V2_TRUE_OOS,TradingSystemLab/results/true_oos_v2/T3/H1/trades.csv,199,T3-H1-BR-000039,v2|true_oos|T3|H1|BR|TradingSystemLab/results/true_oos_v2/T3/H1/trades.csv|199|T3-H1-BR-000039,LONG,2026-03-03 11:00:00+03:00,2026-03-03 20:00:00+03:00,2026-03-03,2026-03-03,2026,3,2026,3,1,1,11,20,0.424601430965,0.42597059965,0.00136916868569,0.359880130327,2.29893575791,ATR_TRAILING_STOP,63.8989716901,64.52320415,,0 days 09:00:00,540,9,SOURCE,SOURCE,SOURCE,UNAVAILABLE,DERIVED
v2,quarterly,true_oos,T3,H1,BR,V2_TRUE_OOS,TradingSystemLab/results/true_oos_v2/T3/H1/trades.csv,200,T3-H1-BR-000040,v2|true_oos|T3|H1|BR|TradingSystemLab/results/true_oos_v2/T3/H1/trades.csv|200|T3-H1-BR-000040,LONG,2026-03-05 09:00:00+03:00,2026-03-05 13:00:00+03:00,2026-03-05,2026-03-05,2026,3,2026,3,3,3,9,13,-1.00213214376,-1.00106607188,0.00106607188153,1,0.0794632270733,ATR_TRAILING_STOP,66.6921978592,64.8161517552,,0 days 04:00:00,240,4,SOURCE,SOURCE,SOURCE,UNAVAILABLE,DERIVED
v2,quarterly,true_oos,T3,H1,BR,V2_TRUE_OOS,TradingSystemLab/results/true_oos_v2/T3/H1/trades.csv,203,T3-H1-BR-000041,v2|true_oos|T3|H1|BR|TradingSystemLab/results/true_oos_v2/T3/H1/trades.csv|203|T3-H1-BR-000041,LONG,2026-03-05 19:00:00+03:00,2026-03-09 13:00:00+03:00,2026-03-05,2026-03-09,2026,3,2026,3,3,0,19,13,9.67156064673,9.67274555104,0.00118490430934,0.353283195345,13.3968706445,ATR_TRAILING_STOP,66.8569668187,83.185594167,,3 days 18:00:00,5400,90,SOURCE,SOURCE,SOURCE,UNAVAILABLE,DERIVED
v2,quarterly,true_oos,T3,H1,BR,V2_TRUE_OOS,TradingSystemLab/results/true_oos_v2/T3/H1/trades.csv,208,T3-H1-BR-000042,v2|true_oos|T3|H1|BR|TradingSystemLab/results/true_oos_v2/T3/H1/trades.csv|208|T3-H1-BR-000042,LONG,2026-03-12 09:00:00+03:00,2026-03-16 09:00:00+03:00,2026-03-12,2026-03-16,2026,3,2026,3,3,0,9,9,1.05065805656,1.05114992077,0.000491864210094,0.617477745308,1.71543036118,ATR_TRAILING_STOP,77.8729486768,82.1490954807,,4 days 00:00:00,5760,96,SOURCE,SOURCE,SOURCE,UNAVAILABLE,DERIVED
v2,quarterly,true_oos,T3,H1,BR,V2_TRUE_OOS,TradingSystemLab/results/true_oos_v2/T3/H1/trades.csv,223,T3-H1-BR-000043,v2|true_oos|T3|H1|BR|TradingSystemLab/results/true_oos_v2/T3/H1/trades.csv|223|T3-H1-BR-000043,LONG,2026-04-09 14:00:00+03:00,2026-04-09 20:00:00+03:00,2026-04-09,2026-04-09,2026,4,2026,4,3,3,14,20,-1.00144359088,-1.00072179544,0.000721795441416,1,0.203512903433,ATR_TRAILING_STOP,88.7572381029,85.9863699521,,0 days 06:00:00,360,6,SOURCE,SOURCE,SOURCE,UNAVAILABLE,DERIVED
v2,quarterly,true_oos,T3,H1,BR,V2_TRUE_OOS,TradingSystemLab/results/true_oos_v2/T3/H1/trades.csv,227,T3-H1-BR-000044,v2|true_oos|T3|H1|BR|TradingSystemLab/results/true_oos_v2/T3/H1/trades.csv|227|T3-H1-BR-000044,LONG,2026-04-12 16:00:00+03:00,2026-04-13 17:00:00+03:00,2026-04-12,2026-04-13,2026,4,2026,4,6,0,16,17,0.161494709748,0.162513335401,0.00101862565386,0.136764420679,1.44058523116,ATR_TRAILING_STOP,90.1714821146,90.492565646,,1 days 01:00:00,1500,25,SOURCE,SOURCE,SOURCE,UNAVAILABLE,DERIVED
v2,quarterly,true_oos,T3,H1,BR,V2_TRUE_OOS,TradingSystemLab/results/true_oos_v2/T3/H1/trades.csv,232,T3-H1-BR-000045,v2|true_oos|T3|H1|BR|TradingSystemLab/results/true_oos_v2/T3/H1/trades.csv|232|T3-H1-BR-000045,LONG,2026-04-21 23:00:00+03:00,2026-04-22 00:00:00+03:00,2026-04-21,2026-04-22,2026,4,2026,4,1,2,23,0,-1.00147679897,-1.00073839948,0.000738399482791,1,0,ATR_TRAILING_STOP,90.2430894064,87.5345284626,,0 days 01:00:00,60,1,SOURCE,SOURCE,SOURCE,UNAVAILABLE,DERIVED
v2,quarterly,true_oos,T3,H1,BR,V2_TRUE_OOS,TradingSystemLab/results/true_oos_v2/T3/H1/trades.csv,233,T3-H1-BR-000046,v2|true_oos|T3|H1|BR|TradingSystemLab/results/true_oos_v2/T3/H1/trades.csv|233|T3-H1-BR-000046,LONG,2026-04-22 18:00:00+03:00,2026-04-24 15:00:00+03:00,2026-04-22,2026-04-24,2026,4,2026,4,2,4,18,15,0.765243652358,0.765982758842,0.000739106483737,0.301013289865,2.00785787855,ATR_TRAILING_STOP,90.8248986517,92.8996250469,,1 days 21:00:00,2700,45,SOURCE,SOURCE,SOURCE,UNAVAILABLE,DERIVED
v2,quarterly,true_oos,T3,H1,BR,V2_TRUE_OOS,TradingSystemLab/results/true_oos_v2/T3/H1/trades.csv,236,T3-H1-BR-000047,v2|true_oos|T3|H1|BR|TradingSystemLab/results/true_oos_v2/T3/H1/trades.csv|236|T3-H1-BR-000047,LONG,2026-05-04 20:00:00+03:00,2026-05-05 12:00:00+03:00,2026-05-04,2026-05-05,2026,5,2026,5,0,1,20,12,-1.00152508189,-1.00076254094,0.000762540944682,1,0.0289108612821,ATR_TRAILING_STOP,109.106575371,106.483765391,,0 days 16:00:00,960,16,SOURCE,SOURCE,SOURCE,UNAVAILABLE,DERIVED
v2,quarterly,true_oos,T3,H1,BR,V2_TRUE_OOS,TradingSystemLab/results/true_oos_v2/T3/H1/trades.csv,240,T3-H1-BR-000048,v2|true_oos|T3|H1|BR|TradingSystemLab/results/true_oos_v2/T3/H1/trades.csv|240|T3-H1-BR-000048,LONG,2026-05-11 09:00:00+03:00,2026-05-13 20:00:00+03:00,2026-05-11,2026-05-13,2026,5,2026,5,0,2,9,20,0.185893062569,0.186544551574,0.000651489005307,0.728663421317,0.972580414047,ATR_TRAILING_STOP,100.05464422,100.629315593,,2 days 11:00:00,3540,59,SOURCE,SOURCE,SOURCE,UNAVAILABLE,DERIVED
v2,quarterly,true_oos,T3,H1,BR,V2_TRUE_OOS,TradingSystemLab/results/true_oos_v2/T3/H1/trades.csv,244,T3-H1-BR-000049,v2|true_oos|T3|H1|BR|TradingSystemLab/results/true_oos_v2/T3/H1/trades.csv|244|T3-H1-BR-000049,SHORT,2026-05-25 20:00:00+03:00,2026-05-26 10:00:00+03:00,2026-05-25,2026-05-26,2026,5,2026,5,0,1,20,10,-1.00190353699,-1.0009517685,0.000951768496324,1,0.23906448886,ATR_TRAILING_STOP,91.5429853995,93.6443367341,,0 days 14:00:00,840,14,SOURCE,SOURCE,SOURCE,UNAVAILABLE,DERIVED
v2,quarterly,true_oos,T3,H1,BR,V2_TRUE_OOS,TradingSystemLab/results/true_oos_v2/T3/H1/trades.csv,250,T3-H1-BR-000050,v2|true_oos|T3|H1|BR|TradingSystemLab/results/true_oos_v2/T3/H1/trades.csv|250|T3-H1-BR-000050,SHORT,2026-05-27 16:00:00+03:00,2026-06-01 11:00:00+03:00,2026-05-27,2026-06-01,2026,5,2026,6,2,0,16,11,1.19857184476,1.19951652656,0.000944681798897,0.984954352205,1.77291783397,ATR_TRAILING_STOP,90.4055699669,87.8640555443,,4 days 19:00:00,6900,115,SOURCE,SOURCE,SOURCE,UNAVAILABLE,DERIVED
v2,quarterly,true_oos,T3,H1,BR,V2_TRUE_OOS,TradingSystemLab/results/true_oos_v2/T3/H1/trades.csv,261,T3-H1-BR-000051,v2|true_oos|T3|H1|BR|TradingSystemLab/results/true_oos_v2/T3/H1/trades.csv|261|T3-H1-BR-000051,SHORT,2026-06-13 15:00:00+03:00,2026-06-14 18:00:00+03:00,2026-06-13,2026-06-14,2026,6,2026,6,5,6,15,18,-0.199493313269,-0.198237637088,0.00125567618085,0.196981960907,1.17645035235,ATR_TRAILING_STOP,80.3128741129,80.6266205451,,1 days 03:00:00,1620,27,SOURCE,SOURCE,SOURCE,UNAVAILABLE,DERIVED
v2,quarterly,true_oos,T3,H1,BR,V2_TRUE_OOS,TradingSystemLab/results/true_oos_v2/T3/H1/trades.csv,263,T3-H1-BR-000052,v2|true_oos|T3|H1|BR|TradingSystemLab/results/true_oos_v2/T3/H1/trades.csv|263|T3-H1-BR-000052,SHORT,2026-06-15 09:00:00+03:00,2026-06-17 17:00:00+03:00,2026-06-15,2026-06-17,2026,6,2026,6,0,2,9,17,1.98300570953,1.98412948153,0.00112377199915,0.178097168275,3.15336750887,ATR_TRAILING_STOP,78.3271930698,74.7939972702,,2 days 08:00:00,3360,56,SOURCE,SOURCE,SOURCE,UNAVAILABLE,DERIVED
v2,quarterly,true_oos,T3,H1,BR,V2_TRUE_OOS,TradingSystemLab/results/true_oos_v2/T3/H1/trades.csv,279,T3-H1-BR-000053,v2|true_oos|T3|H1|BR|TradingSystemLab/results/true_oos_v2/T3/H1/trades.csv|279|T3-H1-BR-000053,SHORT,2026-07-09 19:00:00+03:00,2026-07-12 10:00:00+03:00,2026-07-09,2026-07-12,2026,7,2026,7,3,6,19,10,-0.674806196477,-0.673604855491,0.00120134098554,0.672403514505,0.727974052894,ATR_TRAILING_STOP,71.1156505502,72.2350721342,,2 days 15:00:00,3780,63,SOURCE,SOURCE,SOURCE,UNAVAILABLE,DERIVED
v2,quarterly,true_oos,T3,H1,BR,V2_TRUE_OOS,TradingSystemLab/results/true_oos_v2/T3/H1/trades.csv,281,T3-H1-BR-000054,v2|true_oos|T3|H1|BR|TradingSystemLab/results/true_oos_v2/T3/H1/trades.csv|281|T3-H1-BR-000054,LONG,2026-07-14 10:00:00+03:00,2026-07-14 18:00:00+03:00,2026-07-14,2026-07-14,2026,7,2026,7,1,1,10,18,-0.593007485282,-0.591792324956,0.00121516032575,0.59057716463,1.04550192393,ATR_TRAILING_STOP,79.3679154508,78.3959002325,,0 days 08:00:00,480,8,SOURCE,SOURCE,SOURCE,UNAVAILABLE,DERIVED
v2,quarterly,true_oos,T3,H1,BR,V2_TRUE_OOS,TradingSystemLab/results/true_oos_v2/T3/H1/trades.csv,284,T3-H1-BR-000055,v2|true_oos|T3|H1|BR|TradingSystemLab/results/true_oos_v2/T3/H1/trades.csv|284|T3-H1-BR-000055,LONG,2026-07-17 16:00:00+03:00,2026-07-20 11:00:00+03:00,2026-07-17,2026-07-20,2026,7,2026,7,4,0,16,11,2.50645280032,2.50799365352,0.00154085319557,0.299356618383,3.39270834168,ATR_TRAILING_STOP,80.0987774767,83.3561085631,,2 days 19:00:00,4020,67,SOURCE,SOURCE,SOURCE,UNAVAILABLE,DERIVED
v2,quarterly,true_oos,T3,H1,BR,V2_TRUE_OOS,TradingSystemLab/results/true_oos_v2/T3/H1/trades.csv,287,T3-H1-BR-000056,v2|true_oos|T3|H1|BR|TradingSystemLab/results/true_oos_v2/T3/H1/trades.csv|287|T3-H1-BR-000056,LONG,2026-07-21 14:00:00+03:00,2026-07-24 10:00:00+03:00,2026-07-21,2026-07-24,2026,7,2026,7,1,4,14,10,5.00945135543,5.0106784579,0.00122710247452,0.0283810949549,6.71496706633,ATR_TRAILING_STOP,83.5032993191,91.6719823174,,2 days 20:00:00,4080,68,SOURCE,SOURCE,SOURCE,UNAVAILABLE,DERIVED
v2,quarterly,true_oos,T3,H1,BR,V2_TRUE_OOS,TradingSystemLab/results/true_oos_v2/T3/H1/trades.csv,292,T3-H1-BR-000057,v2|true_oos|T3|H1|BR|TradingSystemLab/results/true_oos_v2/T3/H1/trades.csv|292|T3-H1-BR-000057,LONG,2026-07-29 18:00:00+03:00,2026-07-30 14:00:00+03:00,2026-07-29,2026-07-30,2026,7,2026,7,2,3,18,14,-0.373213511433,-0.372315522283,0.000897989150448,0.635536987188,1.03015145636,ATR_TRAILING_STOP,84.0676358202,83.2404152843,,0 days 20:00:00,1200,20,SOURCE,SOURCE,SOURCE,UNAVAILABLE,DERIVED
v2,quarterly,true_oos,T3,H1,BR,V2_TRUE_OOS,TradingSystemLab/results/true_oos_v2/T3/H1/trades.csv,314,T3-H1-BR-000058,v2|true_oos|T3|H1|BR|TradingSystemLab/results/true_oos_v2/T3/H1/trades.csv|314|T3-H1-BR-000058,LONG,2026-08-27 21:00:00+03:00,2026-08-29 13:00:00+03:00,2026-08-27,2026-08-29,2026,8,2026,8,3,5,21,13,-0.491258787615,-0.489892382316,0.00136640529969,0.80782230148,0.22401794915,ATR_TRAILING_STOP,89.4554047699,88.7403519563,,1 days 16:00:00,2400,40,SOURCE,SOURCE,SOURCE,UNAVAILABLE,DERIVED
v2,quarterly,true_oos,T3,H1,BR,V2_TRUE_OOS,TradingSystemLab/results/true_oos_v2/T3/H1/trades.csv,319,T3-H1-BR-000059,v2|true_oos|T3|H1|BR|TradingSystemLab/results/true_oos_v2/T3/H1/trades.csv|319|T3-H1-BR-000059,LONG,2026-09-01 08:00:00+03:00,2026-09-02 15:00:00+03:00,2026-09-01,2026-09-02,2026,9,2026,9,1,2,8,15,1.6497099977,1.65108399364,0.00137399594071,0.494638538654,2.96096125222,ATR_TRAILING_STOP,91.62,94.0253316908,,1 days 07:00:00,1860,31,SOURCE,SOURCE,SOURCE,UNAVAILABLE,DERIVED
v2,quarterly,true_oos,T3,H1,BR,V2_TRUE_OOS,TradingSystemLab/results/true_oos_v2/T3/H1/trades.csv,321,T3-H1-BR-000060,v2|true_oos|T3|H1|BR|TradingSystemLab/results/true_oos_v2/T3/H1/trades.csv|321|T3-H1-BR-000060,LONG,2026-09-03 13:00:00+03:00,2026-09-03 22:00:00+03:00,2026-09-03,2026-09-03,2026,9,2026,9,3,3,13,22,-1.00248975152,-1.00124487576,0.00124487575867,1,0.441930894328,ATR_TRAILING_STOP,96.97,95.3634139724,,0 days 09:00:00,540,9,SOURCE,SOURCE,SOURCE,UNAVAILABLE,DERIVED
v2,quarterly,true_oos,T3,H1,BR,V2_TRUE_OOS,TradingSystemLab/results/true_oos_v2/T3/H1/trades.csv,322,T3-H1-BR-000061,v2|true_oos|T3|H1|BR|TradingSystemLab/results/true_oos_v2/T3/H1/trades.csv|322|T3-H1-BR-000061,LONG,2026-09-04 22:00:00+03:00,2026-09-07 11:00:00+03:00,2026-09-04,2026-09-07,2026,9,2026,9,4,0,22,11,0.359580587526,0.360816411271,0.00123582374467,0.290418579997,1.03809194552,ATR_TRAILING_STOP,96.27,96.8559285947,,2 days 13:00:00,3660,61,SOURCE,SOURCE,SOURCE,UNAVAILABLE,DERIVED
v2,quarterly,true_oos,T3,H1,BR,V2_TRUE_OOS,TradingSystemLab/results/true_oos_v2/T3/H1/trades.csv,323,T3-H1-BR-000062,v2|true_oos|T3|H1|BR|TradingSystemLab/results/true_oos_v2/T3/H1/trades.csv|323|T3-H1-BR-000062,LONG,2026-09-10 15:00:00+03:00,2026-09-11 09:00:00+03:00,2026-09-10,2026-09-11,2026,9,2026,9,3,4,15,9,1.70245812578,1.70375528413,0.00129715835091,0.110258459828,3.63204338256,ATR_TRAILING_STOP,103.4,106.028904083,,0 days 18:00:00,1080,18,SOURCE,SOURCE,SOURCE,UNAVAILABLE,DERIVED
v2,quarterly,true_oos,T3,H1,BR,V2_TRUE_OOS,TradingSystemLab/results/true_oos_v2/T3/H1/trades.csv,327,T3-H1-BR-000063,v2|true_oos|T3|H1|BR|TradingSystemLab/results/true_oos_v2/T3/H1/trades.csv|327|T3-H1-BR-000063,LONG,2026-09-14 16:00:00+03:00,2026-09-14 20:00:00+03:00,2026-09-14,2026-09-14,2026,9,2026,9,0,0,16,20,-1.00173006469,-1.00086503235,0.000865032345015,1,0.216258086254,ATR_TRAILING_STOP,108.92,106.607947726,,0 days 04:00:00,240,4,SOURCE,SOURCE,SOURCE,UNAVAILABLE,DERIVED
v2,quarterly,true_oos,T3,H1,CNY,V2_TRUE_OOS,TradingSystemLab/results/true_oos_v2/T3/H1/trades.csv,16,T3-H1-CNY-000001,v2|true_oos|T3|H1|CNY|TradingSystemLab/results/true_oos_v2/T3/H1/trades.csv|16|T3-H1-CNY-000001,SHORT,2025-03-13 20:00:00+03:00,2025-03-18 16:00:00+03:00,2025-03-13,2025-03-18,2025,3,2025,3,3,1,20,16,2.15547308916,2.16386118369,0.0083880945311,0.658591787378,3.17137276076,ATR_TRAILING_STOP,14.2184743104,13.700538021,,4 days 20:00:00,6960,116,SOURCE,SOURCE,SOURCE,UNAVAILABLE,DERIVED
v2,quarterly,true_oos,T3,H1,CNY,V2_TRUE_OOS,TradingSystemLab/results/true_oos_v2/T3/H1/trades.csv,29,T3-H1-CNY-000002,v2|true_oos|T3|H1|CNY|TradingSystemLab/results/true_oos_v2/T3/H1/trades.csv|29|T3-H1-CNY-000002,SHORT,2025-04-14 11:00:00+03:00,2025-04-14 20:00:00+03:00,2025-04-14,2025-04-14,2025,4,2025,4,0,0,11,20,-0.93793392649,-0.923874395959,0.0140595305304,0.909814865429,0.332840697986,ATR_TRAILING_STOP,13.3935236312,13.5229468524,,0 days 09:00:00,540,9,SOURCE,SOURCE,SOURCE,UNAVAILABLE,DERIVED
v2,quarterly,true_oos,T3,H1,CNY,V2_TRUE_OOS,TradingSystemLab/results/true_oos_v2/T3/H1/trades.csv,31,T3-H1-CNY-000003,v2|true_oos|T3|H1|CNY|TradingSystemLab/results/true_oos_v2/T3/H1/trades.csv|31|T3-H1-CNY-000003,SHORT,2025-04-15 12:00:00+03:00,2025-04-15 17:00:00+03:00,2025-04-15,2025-04-15,2025,4,2025,4,1,1,12,17,-1.02889001433,-1.01444500717,0.0144450071653,1,0.341966344959,ATR_TRAILING_STOP,13.3173059592,13.4557621037,,0 days 05:00:00,300,5,SOURCE,SOURCE,SOURCE,UNAVAILABLE,DERIVED
v2,quarterly,true_oos,T3,H1,CNY,V2_TRUE_OOS,TradingSystemLab/results/true_oos_v2/T3/H1/trades.csv,54,T3-H1-CNY-000004,v2|true_oos|T3|H1|CNY|TradingSystemLab/results/true_oos_v2/T3/H1/trades.csv|54|T3-H1-CNY-000004,SHORT,2025-07-14 20:00:00+03:00,2025-07-17 11:00:00+03:00,2025-07-14,2025-07-17,2025,7,2025,7,0,3,20,11,-0.113491918434,-0.0862525274657,0.0272393909687,0.389744349392,0.569626356803,ATR_TRAILING_STOP,12.3523060868,12.3566390131,,2 days 15:00:00,3780,63,SOURCE,SOURCE,SOURCE,UNAVAILABLE,DERIVED
v2,quarterly,true_oos,T3,H1,CNY,V2_TRUE_OOS,TradingSystemLab/results/true_oos_v2/T3/H1/trades.csv,58,T3-H1-CNY-000005,v2|true_oos|T3|H1|CNY|TradingSystemLab/results/true_oos_v2/T3/H1/trades.csv|58|T3-H1-CNY-000005,LONG,2025-07-28 12:00:00+03:00,2025-07-29 15:00:00+03:00,2025-07-28,2025-07-29,2025,7,2025,7,0,1,12,15,4.3891786523,4.42052854561,0.0313498933031,0.103513359494,6.9526473127,ATR_TRAILING_STOP,12.5614246965,12.8454370468,,1 days 03:00:00,1620,27,SOURCE,SOURCE,SOURCE,UNAVAILABLE,DERIVED
v2,quarterly,true_oos,T3,H1,CNY,V2_TRUE_OOS,TradingSystemLab/results/true_oos_v2/T3/H1/trades.csv,82,T3-H1-CNY-000006,v2|true_oos|T3|H1|CNY|TradingSystemLab/results/true_oos_v2/T3/H1/trades.csv|82|T3-H1-CNY-000006,LONG,2025-09-08 16:00:00+03:00,2025-09-11 12:00:00+03:00,2025-09-08,2025-09-11,2025,9,2025,9,0,3,16,12,9.06368753337,9.10569034669,0.0420028133196,0.0924586307815,11.7653607669,ATR_TRAILING_STOP,12.7408264511,13.1764017108,,2 days 20:00:00,4080,68,SOURCE,SOURCE,SOURCE,UNAVAILABLE,DERIVED
v2,quarterly,true_oos,T3,H1,CNY,V2_TRUE_OOS,TradingSystemLab/results/true_oos_v2/T3/H1/trades.csv,89,T3-H1-CNY-000007,v2|true_oos|T3|H1|CNY|TradingSystemLab/results/true_oos_v2/T3/H1/trades.csv|89|T3-H1-CNY-000007,LONG,2025-09-16 17:00:00+03:00,2025-09-18 12:00:00+03:00,2025-09-16,2025-09-18,2025,9,2025,9,1,3,17,12,-0.639889233744,-0.619503004028,0.0203862297159,0.785315265905,0.280469737823,ATR_TRAILING_STOP,12.8828069808,12.8240303671,,1 days 19:00:00,2580,43,SOURCE,SOURCE,SOURCE,UNAVAILABLE,DERIVED
v2,quarterly,true_oos,T3,H1,CNY,V2_TRUE_OOS,TradingSystemLab/results/true_oos_v2/T3/H1/trades.csv,102,T3-H1-CNY-000008,v2|true_oos|T3|H1|CNY|TradingSystemLab/results/true_oos_v2/T3/H1/trades.csv|102|T3-H1-CNY-000008,SHORT,2025-10-01 11:00:00+03:00,2025-10-02 13:00:00+03:00,2025-10-01,2025-10-02,2025,10,2025,10,2,3,11,13,0.788209936092,0.819117976154,0.0309080400626,0.194882912448,2.63091931805,ATR_TRAILING_STOP,12.3687982958,12.3137947424,,1 days 02:00:00,1560,26,SOURCE,SOURCE,SOURCE,UNAVAILABLE,DERIVED
v2,quarterly,true_oos,T3,H1,CNY,V2_TRUE_OOS,TradingSystemLab/results/true_oos_v2/T3/H1/trades.csv,106,T3-H1-CNY-000009,v2|true_oos|T3|H1|CNY|TradingSystemLab/results/true_oos_v2/T3/H1/trades.csv|106|T3-H1-CNY-000009,SHORT,2025-10-07 10:00:00+03:00,2025-10-08 00:00:00+03:00,2025-10-07,2025-10-08,2025,10,2025,10,1,2,10,0,-0.338564984313,-0.312909534096,0.025655450217,0.471811729492,0.970584129242,ATR_TRAILING_STOP,12.3320176721,12.3544108932,,0 days 14:00:00,840,14,SOURCE,SOURCE,SOURCE,UNAVAILABLE,DERIVED
v2,quarterly,true_oos,T3,H1,CNY,V2_TRUE_OOS,TradingSystemLab/results/true_oos_v2/T3/H1/trades.csv,110,T3-H1-CNY-000010,v2|true_oos|T3|H1|CNY|TradingSystemLab/results/true_oos_v2/T3/H1/trades.csv|110|T3-H1-CNY-000010,SHORT,2025-10-08 18:00:00+03:00,2025-10-09 11:00:00+03:00,2025-10-08,2025-10-09,2025,10,2025,10,2,3,18,11,-1.04376866032,-1.02188433016,0.0218843301596,1,0.0919907784479,ATR_TRAILING_STOP,12.198556552,12.2899461438,,0 days 17:00:00,1020,17,SOURCE,SOURCE,SOURCE,UNAVAILABLE,DERIVED
v2,quarterly,true_oos,T3,H1,CNY,V2_TRUE_OOS,TradingSystemLab/results/true_oos_v2/T3/H1/trades.csv,120,T3-H1-CNY-000011,v2|true_oos|T3|H1|CNY|TradingSystemLab/results/true_oos_v2/T3/H1/trades.csv|120|T3-H1-CNY-000011,SHORT,2025-10-13 12:00:00+03:00,2025-10-16 11:00:00+03:00,2025-10-13,2025-10-16,2025,10,2025,10,0,3,12,11,3.77752673393,3.80369153677,0.026164802835,0.316203265949,5.25172380837,ATR_TRAILING_STOP,12.1649285533,11.8721798279,,2 days 23:00:00,4260,71,SOURCE,SOURCE,SOURCE,UNAVAILABLE,DERIVED
v2,quarterly,true_oos,T3,H1,CNY,V2_TRUE_OOS,TradingSystemLab/results/true_oos_v2/T3/H1/trades.csv,125,T3-H1-CNY-000012,v2|true_oos|T3|H1|CNY|TradingSystemLab/results/true_oos_v2/T3/H1/trades.csv|125|T3-H1-CNY-000012,SHORT,2025-10-20 19:00:00+03:00,2025-10-21 12:00:00+03:00,2025-10-20,2025-10-21,2025,10,2025,10,0,1,19,12,-1.03486971041,-1.01743485521,0.017434855207,1,0.146574822343,ATR_TRAILING_STOP,12.143911054,12.2586237933,,0 days 17:00:00,1020,17,SOURCE,SOURCE,SOURCE,UNAVAILABLE,DERIVED
v2,quarterly,true_oos,T3,H1,CNY,V2_TRUE_OOS,TradingSystemLab/results/true_oos_v2/T3/H1/trades.csv,128,T3-H1-CNY-000013,v2|true_oos|T3|H1|CNY|TradingSystemLab/results/true_oos_v2/T3/H1/trades.csv|128|T3-H1-CNY-000013,SHORT,2025-10-22 20:00:00+03:00,2025-10-23 10:00:00+03:00,2025-10-22,2025-10-23,2025,10,2025,10,2,3,20,10,-1.03757831227,-1.01878915613,0.0187891561331,1,0.0691076880421,ATR_TRAILING_STOP,12.2101161766,12.3165605526,,0 days 14:00:00,840,14,SOURCE,SOURCE,SOURCE,UNAVAILABLE,DERIVED
v2,quarterly,true_oos,T3,H1,CNY,V2_TRUE_OOS,TradingSystemLab/results/true_oos_v2/T3/H1/trades.csv,131,T3-H1-CNY-000014,v2|true_oos|T3|H1|CNY|TradingSystemLab/results/true_oos_v2/T3/H1/trades.csv|131|T3-H1-CNY-000014,SHORT,2025-10-23 11:00:00+03:00,2025-10-24 10:00:00+03:00,2025-10-23,2025-10-24,2025,10,2025,10,3,4,11,10,-0.906019135868,-0.887651972831,0.018367163037,0.869284809794,0.135111142234,ATR_TRAILING_STOP,12.1869969275,12.2816533323,,0 days 23:00:00,1380,23,SOURCE,SOURCE,SOURCE,UNAVAILABLE,DERIVED
v2,quarterly,true_oos,T3,H1,CNY,V2_TRUE_OOS,TradingSystemLab/results/true_oos_v2/T3/H1/trades.csv,135,T3-H1-CNY-000015,v2|true_oos|T3|H1|CNY|TradingSystemLab/results/true_oos_v2/T3/H1/trades.csv|135|T3-H1-CNY-000015,SHORT,2025-10-24 17:00:00+03:00,2025-10-27 19:00:00+03:00,2025-10-24,2025-10-27,2025,10,2025,10,4,0,17,19,0.608672264455,0.626280926124,0.0176086616691,0.027756752478,1.78568440942,ATR_TRAILING_STOP,12.0062464341,11.9331131546,,3 days 02:00:00,4440,74,SOURCE,SOURCE,SOURCE,UNAVAILABLE,DERIVED
v2,quarterly,true_oos,T3,H1,CNY,V2_TRUE_OOS,TradingSystemLab/results/true_oos_v2/T3/H1/trades.csv,140,T3-H1-CNY-000016,v2|true_oos|T3|H1|CNY|TradingSystemLab/results/true_oos_v2/T3/H1/trades.csv|140|T3-H1-CNY-000016,SHORT,2025-11-03 15:00:00+03:00,2025-11-05 10:00:00+03:00,2025-11-03,2025-11-05,2025,11,2025,11,0,2,15,10,-0.679394633867,-0.654255392557,0.0251392413104,0.629116151246,0.488736685975,ATR_TRAILING_STOP,11.9705166854,12.0205672135,,1 days 19:00:00,2580,43,SOURCE,SOURCE,SOURCE,UNAVAILABLE,DERIVED
v2,quarterly,true_oos,T3,H1,CNY,V2_TRUE_OOS,TradingSystemLab/results/true_oos_v2/T3/H1/trades.csv,145,T3-H1-CNY-000017,v2|true_oos|T3|H1|CNY|TradingSystemLab/results/true_oos_v2/T3/H1/trades.csv|145|T3-H1-CNY-000017,SHORT,2025-11-21 11:00:00+03:00,2025-11-24 11:00:00+03:00,2025-11-21,2025-11-24,2025,11,2025,11,4,0,11,11,-0.898577620323,-0.873995921069,0.0245816992543,0.994543251826,0.32290365319,ATR_TRAILING_STOP,11.7204084446,11.7895179242,,3 days 00:00:00,4320,72,SOURCE,SOURCE,SOURCE,UNAVAILABLE,DERIVED
v2,quarterly,true_oos,T3,H1,CNY,V2_TRUE_OOS,TradingSystemLab/results/true_oos_v2/T3/H1/trades.csv,146,T3-H1-CNY-000018,v2|true_oos|T3|H1|CNY|TradingSystemLab/results/true_oos_v2/T3/H1/trades.csv|146|T3-H1-CNY-000018,SHORT,2025-11-24 14:00:00+03:00,2025-11-25 11:00:00+03:00,2025-11-24,2025-11-25,2025,11,2025,11,0,1,14,11,-0.985678536498,-0.959557337217,0.026121199281,0.933436137936,0.233325971434,ATR_TRAILING_STOP,11.682576946,11.7540465694,,0 days 21:00:00,1260,21,SOURCE,SOURCE,SOURCE,UNAVAILABLE,DERIVED
v2,quarterly,true_oos,T3,H1,CNY,V2_TRUE_OOS,TradingSystemLab/results/true_oos_v2/T3/H1/trades.csv,149,T3-H1-CNY-000019,v2|true_oos|T3|H1|CNY|TradingSystemLab/results/true_oos_v2/T3/H1/trades.csv|149|T3-H1-CNY-000019,SHORT,2025-12-03 19:00:00+03:00,2025-12-04 13:00:00+03:00,2025-12-03,2025-12-04,2025,12,2025,12,2,3,19,13,0.0859783894052,0.10976705285,0.0237886634444,0,1.59993028986,ATR_TRAILING_STOP,11.4976229528,11.4863944349,,0 days 18:00:00,1080,18,SOURCE,SOURCE,SOURCE,UNAVAILABLE,DERIVED
v2,quarterly,true_oos,T3,H1,CNY,V2_TRUE_OOS,TradingSystemLab/results/true_oos_v2/T3/H1/trades.csv,151,T3-H1-CNY-000020,v2|true_oos|T3|H1|CNY|TradingSystemLab/results/true_oos_v2/T3/H1/trades.csv|151|T3-H1-CNY-000020,SHORT,2025-12-04 18:00:00+03:00,2025-12-05 11:00:00+03:00,2025-12-04,2025-12-05,2025,12,2025,12,3,4,18,11,0.282528597199,0.303457967164,0.0209293699645,0.109970754269,1.70454669117,ATR_TRAILING_STOP,11.354703958,11.3237056683,,0 days 17:00:00,1020,17,SOURCE,SOURCE,SOURCE,UNAVAILABLE,DERIVED
v2,quarterly,true_oos,T3,H1,CNY,V2_TRUE_OOS,TradingSystemLab/results/true_oos_v2/T3/H1/trades.csv,160,T3-H1-CNY-000021,v2|true_oos|T3|H1|CNY|TradingSystemLab/results/true_oos_v2/T3/H1/trades.csv|160|T3-H1-CNY-000021,LONG,2025-12-19 11:00:00+03:00,2025-12-19 12:00:00+03:00,2025-12-19,2025-12-19,2025,12,2025,12,4,4,11,12,-1.04850259174,-1.02425129587,0.0242512958708,1,0,ATR_TRAILING_STOP,12.0227956355,11.9403258157,,0 days 01:00:00,60,1,SOURCE,SOURCE,SOURCE,UNAVAILABLE,DERIVED
v2,quarterly,true_oos,T3,H1,CNY,V2_TRUE_OOS,TradingSystemLab/results/true_oos_v2/T3/H1/trades.csv,161,T3-H1-CNY-000022,v2|true_oos|T3|H1|CNY|TradingSystemLab/results/true_oos_v2/T3/H1/trades.csv|161|T3-H1-CNY-000022,SHORT,2025-12-22 18:00:00+03:00,2025-12-24 10:00:00+03:00,2025-12-22,2025-12-24,2025,12,2025,12,0,2,18,10,-0.557984965694,-0.538924442889,0.019060522805,0.790209553071,0.491471795203,ATR_TRAILING_STOP,11.5809149213,11.635463679,,1 days 16:00:00,2400,40,SOURCE,SOURCE,SOURCE,UNAVAILABLE,DERIVED
v2,quarterly,true_oos,T3,H1,CNY,V2_TRUE_OOS,TradingSystemLab/results/true_oos_v2/T3/H1/trades.csv,163,T3-H1-CNY-000023,v2|true_oos|T3|H1|CNY|TradingSystemLab/results/true_oos_v2/T3/H1/trades.csv|163|T3-H1-CNY-000023,SHORT,2025-12-25 11:00:00+03:00,2025-12-26 11:00:00+03:00,2025-12-25,2025-12-26,2025,12,2025,12,3,4,11,11,0.242172016121,0.267262911665,0.0250908955435,0.253711277908,1.62375217861,ATR_TRAILING_STOP,11.5505798608,11.5272762839,,1 days 00:00:00,1440,24,SOURCE,SOURCE,SOURCE,UNAVAILABLE,DERIVED
v2,quarterly,true_oos,T3,H1,CNY,V2_TRUE_OOS,TradingSystemLab/results/true_oos_v2/T3/H1/trades.csv,188,T3-H1-CNY-000024,v2|true_oos|T3|H1|CNY|TradingSystemLab/results/true_oos_v2/T3/H1/trades.csv|188|T3-H1-CNY-000024,SHORT,2026-01-29 17:00:00+03:00,2026-01-30 10:00:00+03:00,2026-01-29,2026-01-30,2026,1,2026,1,3,4,17,10,-0.290886654724,-0.262621302112,0.0282653526117,0.2343559495,1.10037001545,ATR_TRAILING_STOP,11.1481347251,11.1647172849,,0 days 17:00:00,1020,17,SOURCE,SOURCE,SOURCE,UNAVAILABLE,DERIVED
v2,quarterly,true_oos,T3,H1,CNY,V2_TRUE_OOS,TradingSystemLab/results/true_oos_v2/T3/H1/trades.csv,192,T3-H1-CNY-000025,v2|true_oos|T3|H1|CNY|TradingSystemLab/results/true_oos_v2/T3/H1/trades.csv|192|T3-H1-CNY-000025,SHORT,2026-02-04 14:00:00+03:00,2026-02-05 13:00:00+03:00,2026-02-04,2026-02-05,2026,2,2026,2,2,3,14,13,-0.297481509519,-0.270253228935,0.0272282805844,0.412985769101,1.12882776887,ATR_TRAILING_STOP,11.307899377,11.3257502984,,0 days 23:00:00,1380,23,SOURCE,SOURCE,SOURCE,UNAVAILABLE,DERIVED
v2,quarterly,true_oos,T3,H1,CNY,V2_TRUE_OOS,TradingSystemLab/results/true_oos_v2/T3/H1/trades.csv,201,T3-H1-CNY-000026,v2|true_oos|T3|H1|CNY|TradingSystemLab/results/true_oos_v2/T3/H1/trades.csv|201|T3-H1-CNY-000026,LONG,2026-03-06 10:00:00+03:00,2026-03-06 15:00:00+03:00,2026-03-06,2026-03-06,2026,3,2026,3,4,4,10,15,-0.838844913105,-0.806453859116,0.0323910539888,0.774062805128,0.867949713791,ATR_TRAILING_STOP,11.5991159575,11.5513211062,,0 days 05:00:00,300,5,SOURCE,SOURCE,SOURCE,UNAVAILABLE,DERIVED
v2,quarterly,true_oos,T3,H1,CNY,V2_TRUE_OOS,TradingSystemLab/results/true_oos_v2/T3/H1/trades.csv,206,T3-H1-CNY-000027,v2|true_oos|T3|H1|CNY|TradingSystemLab/results/true_oos_v2/T3/H1/trades.csv|206|T3-H1-CNY-000027,LONG,2026-03-10 11:00:00+03:00,2026-03-12 10:00:00+03:00,2026-03-10,2026-03-12,2026,3,2026,3,1,3,11,10,0.161419966447,0.184049090498,0.0226291240515,0.274582338653,1.16697493927,ATR_TRAILING_STOP,11.5950712828,11.6133378506,,1 days 23:00:00,2820,47,SOURCE,SOURCE,SOURCE,UNAVAILABLE,DERIVED
v2,quarterly,true_oos,T3,H1,CNY,V2_TRUE_OOS,TradingSystemLab/results/true_oos_v2/T3/H1/trades.csv,207,T3-H1-CNY-000028,v2|true_oos|T3|H1|CNY|TradingSystemLab/results/true_oos_v2/T3/H1/trades.csv|207|T3-H1-CNY-000028,LONG,2026-03-12 15:00:00+03:00,2026-03-13 18:00:00+03:00,2026-03-12,2026-03-13,2026,3,2026,3,3,4,15,18,0.46893971182,0.4999166599,0.0309769480799,0.360213577463,1.98900540599,ATR_TRAILING_STOP,11.7012439945,11.7355206835,,1 days 03:00:00,1620,27,SOURCE,SOURCE,SOURCE,UNAVAILABLE,DERIVED
v2,quarterly,true_oos,T3,H1,CNY,V2_TRUE_OOS,TradingSystemLab/results/true_oos_v2/T3/H1/trades.csv,209,T3-H1-CNY-000029,v2|true_oos|T3|H1|CNY|TradingSystemLab/results/true_oos_v2/T3/H1/trades.csv|209|T3-H1-CNY-000029,LONG,2026-03-16 16:00:00+03:00,2026-03-18 14:00:00+03:00,2026-03-16,2026-03-18,2026,3,2026,3,0,2,16,14,2.72142550405,2.7469607658,0.0255352617536,0.671331881636,4.2345549457,ATR_TRAILING_STOP,11.9550473338,12.1721977241,,1 days 22:00:00,2760,46,SOURCE,SOURCE,SOURCE,UNAVAILABLE,DERIVED
v2,quarterly,true_oos,T3,H1,CNY,V2_TRUE_OOS,TradingSystemLab/results/true_oos_v2/T3/H1/trades.csv,211,T3-H1-CNY-000030,v2|true_oos|T3|H1|CNY|TradingSystemLab/results/true_oos_v2/T3/H1/trades.csv|211|T3-H1-CNY-000030,LONG,2026-03-19 09:00:00+03:00,2026-03-19 11:00:00+03:00,2026-03-19,2026-03-19,2026,3,2026,3,3,3,9,11,-1.95572066746,-1.93535678371,0.0203638837518,1.91499289996,0.448192898034,ATR_TRAILING_STOP,12.4889443982,12.3008670232,,0 days 02:00:00,120,2,SOURCE,SOURCE,SOURCE,UNAVAILABLE,DERIVED
v2,quarterly,true_oos,T3,H1,CNY,V2_TRUE_OOS,TradingSystemLab/results/true_oos_v2/T3/H1/trades.csv,212,T3-H1-CNY-000031,v2|true_oos|T3|H1|CNY|TradingSystemLab/results/true_oos_v2/T3/H1/trades.csv|212|T3-H1-CNY-000031,LONG,2026-03-19 12:00:00+03:00,2026-03-19 13:00:00+03:00,2026-03-19,2026-03-19,2026,3,2026,3,3,3,12,13,-1.02685225027,-1.01342612513,0.0134261251328,1,0,ATR_TRAILING_STOP,12.604217628,12.455254321,,0 days 01:00:00,60,1,SOURCE,SOURCE,SOURCE,UNAVAILABLE,DERIVED
v2,quarterly,true_oos,T3,H1,CNY,V2_TRUE_OOS,TradingSystemLab/results/true_oos_v2/T3/H1/trades.csv,216,T3-H1-CNY-000032,v2|true_oos|T3|H1|CNY|TradingSystemLab/results/true_oos_v2/T3/H1/trades.csv|216|T3-H1-CNY-000032,LONG,2026-03-25 19:00:00+03:00,2026-03-26 14:00:00+03:00,2026-03-25,2026-03-26,2026,3,2026,3,2,3,19,14,0.0862556713454,0.10659886512,0.0203431937745,0.104125006529,1.53063759598,ATR_TRAILING_STOP,12.0866365991,12.0991166512,,0 days 19:00:00,1140,19,SOURCE,SOURCE,SOURCE,UNAVAILABLE,DERIVED
v2,quarterly,true_oos,T3,H1,CNY,V2_TRUE_OOS,TradingSystemLab/results/true_oos_v2/T3/H1/trades.csv,220,T3-H1-CNY-000033,v2|true_oos|T3|H1|CNY|TradingSystemLab/results/true_oos_v2/T3/H1/trades.csv|220|T3-H1-CNY-000033,LONG,2026-03-30 10:00:00+03:00,2026-03-30 13:00:00+03:00,2026-03-30,2026-03-30,2026,3,2026,3,0,0,10,13,-1.04062096887,-1.02031048443,0.020310484433,1,0.23910244869,ATR_TRAILING_STOP,12.1460102692,12.0475389597,,0 days 03:00:00,180,3,SOURCE,SOURCE,SOURCE,UNAVAILABLE,DERIVED
v2,quarterly,true_oos,T3,H1,CNY,V2_TRUE_OOS,TradingSystemLab/results/true_oos_v2/T3/H1/trades.csv,241,T3-H1-CNY-000034,v2|true_oos|T3|H1|CNY|TradingSystemLab/results/true_oos_v2/T3/H1/trades.csv|241|T3-H1-CNY-000034,SHORT,2026-05-19 11:00:00+03:00,2026-05-20 11:00:00+03:00,2026-05-19,2026-05-20,2026,5,2026,5,1,2,11,11,1.75620989339,1.7917603193,0.0355504259122,0.618670817487,3.38449329566,ATR_TRAILING_STOP,10.8029369044,10.7001358438,,1 days 00:00:00,1440,24,SOURCE,SOURCE,SOURCE,UNAVAILABLE,DERIVED
v2,quarterly,true_oos,T3,H1,CNY,V2_TRUE_OOS,TradingSystemLab/results/true_oos_v2/T3/H1/trades.csv,246,T3-H1-CNY-000035,v2|true_oos|T3|H1|CNY|TradingSystemLab/results/true_oos_v2/T3/H1/trades.csv|246|T3-H1-CNY-000035,SHORT,2026-05-26 19:00:00+03:00,2026-05-27 16:00:00+03:00,2026-05-26,2026-05-27,2026,5,2026,5,1,2,19,16,-0.475516115677,-0.448722912966,0.0267932027111,0.421929710255,0.80911927523,ATR_TRAILING_STOP,10.8090790082,10.8405742882,,0 days 21:00:00,1260,21,SOURCE,SOURCE,SOURCE,UNAVAILABLE,DERIVED
v2,quarterly,true_oos,T3,H1,CNY,V2_TRUE_OOS,TradingSystemLab/results/true_oos_v2/T3/H1/trades.csv,252,T3-H1-CNY-000036,v2|true_oos|T3|H1|CNY|TradingSystemLab/results/true_oos_v2/T3/H1/trades.csv|252|T3-H1-CNY-000036,LONG,2026-06-03 16:00:00+03:00,2026-06-03 18:00:00+03:00,2026-06-03,2026-06-03,2026,6,2026,6,2,2,16,18,-1.03796481057,-1.01898240528,0.0189824052838,1,0.18460384748,ATR_TRAILING_STOP,11.2625710056,11.1572102797,,0 days 02:00:00,120,2,SOURCE,SOURCE,SOURCE,UNAVAILABLE,DERIVED
v2,quarterly,true_oos,T3,H1,CNY,V2_TRUE_OOS,TradingSystemLab/results/true_oos_v2/T3/H1/trades.csv,258,T3-H1-CNY-000037,v2|true_oos|T3|H1|CNY|TradingSystemLab/results/true_oos_v2/T3/H1/trades.csv|258|T3-H1-CNY-000037,SHORT,2026-06-08 21:00:00+03:00,2026-06-10 11:00:00+03:00,2026-06-08,2026-06-10,2026,6,2026,6,0,2,21,11,1.07648631715,1.10351139322,0.0270250760642,0.553302741513,2.6696857278,ATR_TRAILING_STOP,10.970821075,10.8871553368,,1 days 14:00:00,2280,38,SOURCE,SOURCE,SOURCE,UNAVAILABLE,DERIVED
v2,quarterly,true_oos,T3,H1,CNY,V2_TRUE_OOS,TradingSystemLab/results/true_oos_v2/T3/H1/trades.csv,266,T3-H1-CNY-000038,v2|true_oos|T3|H1|CNY|TradingSystemLab/results/true_oos_v2/T3/H1/trades.csv|266|T3-H1-CNY-000038,LONG,2026-06-22 20:00:00+03:00,2026-06-23 12:00:00+03:00,2026-06-22,2026-06-23,2026,6,2026,6,0,1,20,12,-0.459184446021,-0.435644639217,0.0235398068036,0.412104832414,0.870972851735,ATR_TRAILING_STOP,11.261,11.2259865578,,0 days 16:00:00,960,16,SOURCE,SOURCE,SOURCE,UNAVAILABLE,DERIVED
v2,quarterly,true_oos,T3,H1,CNY,V2_TRUE_OOS,TradingSystemLab/results/true_oos_v2/T3/H1/trades.csv,270,T3-H1-CNY-000039,v2|true_oos|T3|H1|CNY|TradingSystemLab/results/true_oos_v2/T3/H1/trades.csv|270|T3-H1-CNY-000039,LONG,2026-06-25 19:00:00+03:00,2026-06-26 20:00:00+03:00,2026-06-25,2026-06-26,2026,6,2026,6,3,4,19,20,3.35501802326,3.3806699352,0.0256519119429,0.1795633836,5.83580996701,ATR_TRAILING_STOP,11.439,11.7045803478,,1 days 01:00:00,1500,25,SOURCE,SOURCE,SOURCE,UNAVAILABLE,DERIVED
v2,quarterly,true_oos,T3,H1,CNY,V2_TRUE_OOS,TradingSystemLab/results/true_oos_v2/T3/H1/trades.csv,273,T3-H1-CNY-000040,v2|true_oos|T3|H1|CNY|TradingSystemLab/results/true_oos_v2/T3/H1/trades.csv|273|T3-H1-CNY-000040,LONG,2026-06-30 19:00:00+03:00,2026-07-01 11:00:00+03:00,2026-06-30,2026-07-01,2026,6,2026,7,1,2,19,11,-0.588071909125,-0.571972294571,0.0160996145538,0.555872680017,0.603735545769,ATR_TRAILING_STOP,11.887,11.81794584,,0 days 16:00:00,960,16,SOURCE,SOURCE,SOURCE,UNAVAILABLE,DERIVED
v2,quarterly,true_oos,T3,H1,CNY,V2_TRUE_OOS,TradingSystemLab/results/true_oos_v2/T3/H1/trades.csv,276,T3-H1-CNY-000041,v2|true_oos|T3|H1|CNY|TradingSystemLab/results/true_oos_v2/T3/H1/trades.csv|276|T3-H1-CNY-000041,LONG,2026-07-06 11:00:00+03:00,2026-07-06 13:00:00+03:00,2026-07-06,2026-07-06,2026,7,2026,7,0,0,11,13,-1.04114766763,-1.02057383381,0.0205738338128,1,0.164590670502,ATR_TRAILING_STOP,11.744,11.6467891438,,0 days 02:00:00,120,2,SOURCE,SOURCE,SOURCE,UNAVAILABLE,DERIVED
v2,quarterly,true_oos,T3,H1,CNY,V2_TRUE_OOS,TradingSystemLab/results/true_oos_v2/T3/H1/trades.csv,293,T3-H1-CNY-000042,v2|true_oos|T3|H1|CNY|TradingSystemLab/results/true_oos_v2/T3/H1/trades.csv|293|T3-H1-CNY-000042,LONG,2026-08-03 11:00:00+03:00,2026-08-04 20:00:00+03:00,2026-08-03,2026-08-04,2026,8,2026,8,0,1,11,20,1.67772611004,1.7126484905,0.0349223804618,0.122228331616,3.54462161687,ATR_TRAILING_STOP,11.947,12.0470831471,,1 days 09:00:00,1980,33,SOURCE,SOURCE,SOURCE,UNAVAILABLE,DERIVED
v2,quarterly,true_oos,T3,H1,CNY,V2_TRUE_OOS,TradingSystemLab/results/true_oos_v2/T3/H1/trades.csv,298,T3-H1-CNY-000043,v2|true_oos|T3|H1|CNY|TradingSystemLab/results/true_oos_v2/T3/H1/trades.csv|298|T3-H1-CNY-000043,LONG,2026-08-06 10:00:00+03:00,2026-08-10 09:00:00+03:00,2026-08-06,2026-08-10,2026,8,2026,8,3,0,10,9,2.85603646004,2.89011435913,0.0340778990899,0.425973738624,3.56114045489,ATR_TRAILING_STOP,12.173,12.3446181065,,3 days 23:00:00,5700,95,SOURCE,SOURCE,SOURCE,UNAVAILABLE,DERIVED
v2,quarterly,true_oos,T3,H1,CNY,V2_TRUE_OOS,TradingSystemLab/results/true_oos_v2/T3/H1/trades.csv,300,T3-H1-CNY-000044,v2|true_oos|T3|H1|CNY|TradingSystemLab/results/true_oos_v2/T3/H1/trades.csv|300|T3-H1-CNY-000044,LONG,2026-08-13 13:00:00+03:00,2026-08-14 12:00:00+03:00,2026-08-13,2026-08-14,2026,8,2026,8,3,4,13,12,-0.0570568973547,-0.0257206130892,0.0313362842655,0.250690274124,1.26911951275,ATR_TRAILING_STOP,12.568,12.5683584133,,0 days 23:00:00,1380,23,SOURCE,SOURCE,SOURCE,UNAVAILABLE,DERIVED
v2,quarterly,true_oos,T3,H1,CNY,V2_TRUE_OOS,TradingSystemLab/results/true_oos_v2/T3/H1/trades.csv,302,T3-H1-CNY-000045,v2|true_oos|T3|H1|CNY|TradingSystemLab/results/true_oos_v2/T3/H1/trades.csv|302|T3-H1-CNY-000045,LONG,2026-08-17 08:00:00+03:00,2026-08-17 09:00:00+03:00,2026-08-17,2026-08-17,2026,8,2026,8,0,0,8,9,-1.06931629371,-1.03465814686,0.0346581468555,1,0,ATR_TRAILING_STOP,12.69,12.6322935101,,0 days 01:00:00,60,1,SOURCE,SOURCE,SOURCE,UNAVAILABLE,DERIVED
v2,quarterly,true_oos,T3,H1,CNY,V2_TRUE_OOS,TradingSystemLab/results/true_oos_v2/T3/H1/trades.csv,305,T3-H1-CNY-000046,v2|true_oos|T3|H1|CNY|TradingSystemLab/results/true_oos_v2/T3/H1/trades.csv|305|T3-H1-CNY-000046,LONG,2026-08-17 11:00:00+03:00,2026-08-18 00:00:00+03:00,2026-08-17,2026-08-18,2026,8,2026,8,0,1,11,0,-0.278246991501,-0.251513186119,0.0267338053821,0.224779380737,1.12281982605,ATR_TRAILING_STOP,12.705,12.6881838844,,0 days 13:00:00,780,13,SOURCE,SOURCE,SOURCE,UNAVAILABLE,DERIVED
v2,quarterly,true_oos,T3,H1,CNY,V2_TRUE_OOS,TradingSystemLab/results/true_oos_v2/T3/H1/trades.csv,312,T3-H1-CNY-000047,v2|true_oos|T3|H1|CNY|TradingSystemLab/results/true_oos_v2/T3/H1/trades.csv|312|T3-H1-CNY-000047,LONG,2026-08-26 19:00:00+03:00,2026-08-28 09:00:00+03:00,2026-08-26,2026-08-28,2026,8,2026,8,2,4,19,9,2.43624190451,2.46386301104,0.0276211065279,0.013810553264,3.97743934002,ATR_TRAILING_STOP,12.691,12.8714043669,,1 days 14:00:00,2280,38,SOURCE,SOURCE,SOURCE,UNAVAILABLE,DERIVED
v2,quarterly,true_oos,T3,H1,CNY,V2_TRUE_OOS,TradingSystemLab/results/true_oos_v2/T3/H1/trades.csv,315,T3-H1-CNY-000048,v2|true_oos|T3|H1|CNY|TradingSystemLab/results/true_oos_v2/T3/H1/trades.csv|315|T3-H1-CNY-000048,LONG,2026-08-28 19:00:00+03:00,2026-08-31 08:00:00+03:00,2026-08-28,2026-08-31,2026,8,2026,8,4,0,19,8,-0.383138262863,-0.36264133991,0.0204969229532,0.348447690205,0.184472306579,ATR_TRAILING_STOP,12.981,12.9476150458,,2 days 13:00:00,3660,61,SOURCE,SOURCE,SOURCE,UNAVAILABLE,DERIVED
v2,quarterly,true_oos,T3,H1,CNY,V2_TRUE_OOS,TradingSystemLab/results/true_oos_v2/T3/H1/trades.csv,317,T3-H1-CNY-000049,v2|true_oos|T3|H1|CNY|TradingSystemLab/results/true_oos_v2/T3/H1/trades.csv|317|T3-H1-CNY-000049,LONG,2026-09-01 14:00:00+03:00,2026-09-02 11:00:00+03:00,2026-09-01,2026-09-02,2026,9,2026,9,1,2,14,11,-0.968508520281,-0.943149275644,0.0253592446368,0.950971673881,0.355029424916,ATR_TRAILING_STOP,13.005,12.9326169268,,0 days 21:00:00,1260,21,SOURCE,SOURCE,SOURCE,UNAVAILABLE,DERIVED
v2,quarterly,true_oos,T3,H1,CNY,V2_TRUE_OOS,TradingSystemLab/results/true_oos_v2/T3/H1/trades.csv,324,T3-H1-CNY-000050,v2|true_oos|T3|H1|CNY|TradingSystemLab/results/true_oos_v2/T3/H1/trades.csv|324|T3-H1-CNY-000050,SHORT,2026-09-10 18:00:00+03:00,2026-09-11 11:00:00+03:00,2026-09-10,2026-09-11,2026,9,2026,9,3,4,18,11,-0.958974133803,-0.930717846176,0.0282562876268,0.902461558549,0.268434732454,ATR_TRAILING_STOP,12.525,12.5888768667,,0 days 17:00:00,1020,17,SOURCE,SOURCE,SOURCE,UNAVAILABLE,DERIVED
v2,quarterly,true_oos,T3,H1,CNY,V2_TRUE_OOS,TradingSystemLab/results/true_oos_v2/T3/H1/trades.csv,325,T3-H1-CNY-000051,v2|true_oos|T3|H1|CNY|TradingSystemLab/results/true_oos_v2/T3/H1/trades.csv|325|T3-H1-CNY-000051,SHORT,2026-09-14 10:00:00+03:00,2026-09-14 12:00:00+03:00,2026-09-14,2026-09-14,2026,9,2026,9,0,0,10,12,-1.06243294521,-1.03121647261,0.0312164726056,1,0.0780411815139,ATR_TRAILING_STOP,12.482,12.5460687379,,0 days 02:00:00,120,2,SOURCE,SOURCE,SOURCE,UNAVAILABLE,DERIVED
v2,quarterly,true_oos,T3,H1,GD,V2_TRUE_OOS,TradingSystemLab/results/true_oos_v2/T3/H1/trades.csv,8,T3-H1-GD-000001,v2|true_oos|T3|H1|GD|TradingSystemLab/results/true_oos_v2/T3/H1/trades.csv|8|T3-H1-GD-000001,LONG,2025-03-03 20:00:00+03:00,2025-03-04 19:00:00+03:00,2025-03-03,2025-03-04,2025,3,2025,3,0,1,20,19,0.462522138922,0.462650236765,0.00012809784332,0.752454683679,1.97215945319,ATR_TRAILING_STOP,2739.39727281,2746.62266119,,0 days 23:00:00,1380,23,SOURCE,SOURCE,SOURCE,UNAVAILABLE,DERIVED
v2,quarterly,true_oos,T3,H1,GD,V2_TRUE_OOS,TradingSystemLab/results/true_oos_v2/T3/H1/trades.csv,17,T3-H1-GD-000002,v2|true_oos|T3|H1|GD|TradingSystemLab/results/true_oos_v2/T3/H1/trades.csv|17|T3-H1-GD-000002,LONG,2025-03-28 10:00:00+03:00,2025-03-28 17:00:00+03:00,2025-03-28,2025-03-28,2025,3,2025,3,4,4,10,17,-1.0002472794,-1.0001236397,0.000123639701755,1,0.0407619090565,ATR_TRAILING_STOP,2916.65849379,2900.48245995,,0 days 07:00:00,420,7,SOURCE,SOURCE,SOURCE,UNAVAILABLE,DERIVED
v2,quarterly,true_oos,T3,H1,GD,V2_TRUE_OOS,TradingSystemLab/results/true_oos_v2/T3/H1/trades.csv,19,T3-H1-GD-000003,v2|true_oos|T3|H1|GD|TradingSystemLab/results/true_oos_v2/T3/H1/trades.csv|19|T3-H1-GD-000003,LONG,2025-03-31 09:00:00+03:00,2025-04-01 20:00:00+03:00,2025-03-31,2025-04-01,2025,3,2025,4,0,1,9,20,-0.187827159182,-0.18771424233,0.000112916852433,0.648809381901,1.10616681504,ATR_TRAILING_STOP,2938.88854819,2935.56572575,,1 days 11:00:00,2100,35,SOURCE,SOURCE,SOURCE,UNAVAILABLE,DERIVED
v2,quarterly,true_oos,T3,H1,GD,V2_TRUE_OOS,TradingSystemLab/results/true_oos_v2/T3/H1/trades.csv,20,T3-H1-GD-000004,v2|true_oos|T3|H1|GD|TradingSystemLab/results/true_oos_v2/T3/H1/trades.csv|20|T3-H1-GD-000004,LONG,2025-04-02 20:00:00+03:00,2025-04-03 00:00:00+03:00,2025-04-02,2025-04-03,2025,4,2025,4,2,3,20,0,-1.0002358338,-1.0001179169,0.000117916898014,1,0.0111071993978,ATR_TRAILING_STOP,2955.561089,2938.59999153,,0 days 04:00:00,240,4,SOURCE,SOURCE,SOURCE,UNAVAILABLE,DERIVED
v2,quarterly,true_oos,T3,H1,GD,V2_TRUE_OOS,TradingSystemLab/results/true_oos_v2/T3/H1/trades.csv,26,T3-H1-GD-000005,v2|true_oos|T3|H1|GD|TradingSystemLab/results/true_oos_v2/T3/H1/trades.csv|26|T3-H1-GD-000005,LONG,2025-04-09 20:00:00+03:00,2025-04-09 21:00:00+03:00,2025-04-09,2025-04-09,2025,4,2025,4,2,2,20,21,-1.00012324138,-1.00006162069,6.16206905547e-05,1,0,ATR_TRAILING_STOP,2904.1305394,2871.67390865,,0 days 01:00:00,60,1,SOURCE,SOURCE,SOURCE,UNAVAILABLE,DERIVED
v2,quarterly,true_oos,T3,H1,GD,V2_TRUE_OOS,TradingSystemLab/results/true_oos_v2/T3/H1/trades.csv,28,T3-H1-GD-000006,v2|true_oos|T3|H1|GD|TradingSystemLab/results/true_oos_v2/T3/H1/trades.csv|28|T3-H1-GD-000006,LONG,2025-04-09 23:00:00+03:00,2025-04-14 17:00:00+03:00,2025-04-09,2025-04-14,2025,4,2025,4,2,0,23,17,2.38782460106,2.387876677,5.20759336352e-05,0.291865359529,3.30617230795,ATR_TRAILING_STOP,2909.688053,3001.39754667,,4 days 18:00:00,6840,114,SOURCE,SOURCE,SOURCE,UNAVAILABLE,DERIVED
v2,quarterly,true_oos,T3,H1,GD,V2_TRUE_OOS,TradingSystemLab/results/true_oos_v2/T3/H1/trades.csv,33,T3-H1-GD-000007,v2|true_oos|T3|H1|GD|TradingSystemLab/results/true_oos_v2/T3/H1/trades.csv|33|T3-H1-GD-000007,LONG,2025-04-25 00:00:00+03:00,2025-04-25 09:00:00+03:00,2025-04-25,2025-04-25,2025,4,2025,4,4,4,0,9,-1.76116200638,-1.76109511718,6.68891970531e-05,1.76102822799,0,ATR_TRAILING_STOP,3146.96562521,3094.31053872,,0 days 09:00:00,540,9,SOURCE,SOURCE,SOURCE,UNAVAILABLE,DERIVED
v2,quarterly,true_oos,T3,H1,GD,V2_TRUE_OOS,TradingSystemLab/results/true_oos_v2/T3/H1/trades.csv,34,T3-H1-GD-000008,v2|true_oos|T3|H1|GD|TradingSystemLab/results/true_oos_v2/T3/H1/trades.csv|34|T3-H1-GD-000008,LONG,2025-04-28 18:00:00+03:00,2025-04-29 16:00:00+03:00,2025-04-28,2025-04-29,2025,4,2025,4,0,1,18,16,-0.564668482695,-0.564603633813,6.48488819623e-05,0.607790764037,0.687200612604,ATR_TRAILING_STOP,3124.9239611,3107.51305846,,0 days 22:00:00,1320,22,SOURCE,SOURCE,SOURCE,UNAVAILABLE,DERIVED
v2,quarterly,true_oos,T3,H1,GD,V2_TRUE_OOS,TradingSystemLab/results/true_oos_v2/T3/H1/trades.csv,57,T3-H1-GD-000009,v2|true_oos|T3|H1|GD|TradingSystemLab/results/true_oos_v2/T3/H1/trades.csv|57|T3-H1-GD-000009,LONG,2025-07-22 20:00:00+03:00,2025-07-23 14:00:00+03:00,2025-07-22,2025-07-23,2025,7,2025,7,1,2,20,14,-1.00026583015,-1.00013291507,0.000132915073267,1,0.0627879230502,ATR_TRAILING_STOP,3240.60425606,3225.55705373,,0 days 18:00:00,1080,18,SOURCE,SOURCE,SOURCE,UNAVAILABLE,DERIVED
v2,quarterly,true_oos,T3,H1,GD,V2_TRUE_OOS,TradingSystemLab/results/true_oos_v2/T3/H1/trades.csv,61,T3-H1-GD-000010,v2|true_oos|T3|H1|GD|TradingSystemLab/results/true_oos_v2/T3/H1/trades.csv|61|T3-H1-GD-000010,SHORT,2025-07-30 23:00:00+03:00,2025-07-31 09:00:00+03:00,2025-07-30,2025-07-31,2025,7,2025,7,2,3,23,9,-1.39001025584,-1.38990248876,0.000107767083213,1.38979472168,0.117088932595,ATR_TRAILING_STOP,3089.72247773,3115.51504221,,0 days 10:00:00,600,10,SOURCE,SOURCE,SOURCE,UNAVAILABLE,DERIVED
v2,quarterly,true_oos,T3,H1,GD,V2_TRUE_OOS,TradingSystemLab/results/true_oos_v2/T3/H1/trades.csv,65,T3-H1-GD-000011,v2|true_oos|T3|H1|GD|TradingSystemLab/results/true_oos_v2/T3/H1/trades.csv|65|T3-H1-GD-000011,LONG,2025-08-04 17:00:00+03:00,2025-08-05 13:00:00+03:00,2025-08-04,2025-08-05,2025,8,2025,8,0,1,17,13,-1.00019635492,-1.00009817746,9.81774606102e-05,1,0.0742050837791,ATR_TRAILING_STOP,3194.59334432,3174.22206982,,0 days 20:00:00,1200,20,SOURCE,SOURCE,SOURCE,UNAVAILABLE,DERIVED
v2,quarterly,true_oos,T3,H1,GD,V2_TRUE_OOS,TradingSystemLab/results/true_oos_v2/T3/H1/trades.csv,67,T3-H1-GD-000012,v2|true_oos|T3|H1|GD|TradingSystemLab/results/true_oos_v2/T3/H1/trades.csv|67|T3-H1-GD-000012,LONG,2025-08-05 18:00:00+03:00,2025-08-06 12:00:00+03:00,2025-08-05,2025-08-06,2025,8,2025,8,1,2,18,12,-0.837950830384,-0.837836639098,0.000114191286437,0.837722447812,0.377600784523,ATR_TRAILING_STOP,3197.8056051,3183.1333394,,0 days 18:00:00,1080,18,SOURCE,SOURCE,SOURCE,UNAVAILABLE,DERIVED
v2,quarterly,true_oos,T3,H1,GD,V2_TRUE_OOS,TradingSystemLab/results/true_oos_v2/T3/H1/trades.csv,68,T3-H1-GD-000013,v2|true_oos|T3|H1|GD|TradingSystemLab/results/true_oos_v2/T3/H1/trades.csv|68|T3-H1-GD-000013,LONG,2025-08-07 11:00:00+03:00,2025-08-07 12:00:00+03:00,2025-08-07,2025-08-07,2025,8,2025,8,3,3,11,12,-1.00025511195,-1.00012755598,0.000127555977202,1,0,ATR_TRAILING_STOP,3220.57486533,3204.89547465,,0 days 01:00:00,60,1,SOURCE,SOURCE,SOURCE,UNAVAILABLE,DERIVED
v2,quarterly,true_oos,T3,H1,GD,V2_TRUE_OOS,TradingSystemLab/results/true_oos_v2/T3/H1/trades.csv,71,T3-H1-GD-000014,v2|true_oos|T3|H1|GD|TradingSystemLab/results/true_oos_v2/T3/H1/trades.csv|71|T3-H1-GD-000014,LONG,2025-08-08 00:00:00+03:00,2025-08-08 15:00:00+03:00,2025-08-08,2025-08-08,2025,8,2025,8,4,4,0,15,-0.625881237134,-0.625768388195,0.000112848939641,0.625655539255,0.932904984929,ATR_TRAILING_STOP,3225.29877824,3214.21040574,,0 days 15:00:00,900,15,SOURCE,SOURCE,SOURCE,UNAVAILABLE,DERIVED
v2,quarterly,true_oos,T3,H1,GD,V2_TRUE_OOS,TradingSystemLab/results/true_oos_v2/T3/H1/trades.csv,74,T3-H1-GD-000015,v2|true_oos|T3|H1|GD|TradingSystemLab/results/true_oos_v2/T3/H1/trades.csv|74|T3-H1-GD-000015,LONG,2025-08-28 20:00:00+03:00,2025-09-01 11:00:00+03:00,2025-08-28,2025-09-01,2025,8,2025,9,3,0,20,11,4.48916514432,4.48931239309,0.000147248767903,0.493869152501,5.49516380952,ATR_TRAILING_STOP,3230.02269115,3291.00058191,,3 days 15:00:00,5220,87,SOURCE,SOURCE,SOURCE,UNAVAILABLE,DERIVED
v2,quarterly,true_oos,T3,H1,GD,V2_TRUE_OOS,TradingSystemLab/results/true_oos_v2/T3/H1/trades.csv,75,T3-H1-GD-000016,v2|true_oos|T3|H1|GD|TradingSystemLab/results/true_oos_v2/T3/H1/trades.csv|75|T3-H1-GD-000016,LONG,2025-09-02 09:00:00+03:00,2025-09-02 11:00:00+03:00,2025-09-02,2025-09-02,2025,9,2025,9,1,1,9,11,-1.00032785963,-1.00016392982,0.000163929815213,1,0.340731674963,ATR_TRAILING_STOP,3306.7390368,3294.53869364,,0 days 02:00:00,120,2,SOURCE,SOURCE,SOURCE,UNAVAILABLE,DERIVED
v2,quarterly,true_oos,T3,H1,GD,V2_TRUE_OOS,TradingSystemLab/results/true_oos_v2/T3/H1/trades.csv,76,T3-H1-GD-000017,v2|true_oos|T3|H1|GD|TradingSystemLab/results/true_oos_v2/T3/H1/trades.csv|76|T3-H1-GD-000017,LONG,2025-09-02 18:00:00+03:00,2025-09-04 09:00:00+03:00,2025-09-02,2025-09-04,2025,9,2025,9,1,3,18,9,0.557445114684,0.557546010127,0.000100895443231,0.0714931930218,3.01224653265,ATR_TRAILING_STOP,3324.12303631,3335.17699252,,1 days 15:00:00,2340,39,SOURCE,SOURCE,SOURCE,UNAVAILABLE,DERIVED
v2,quarterly,true_oos,T3,H1,GD,V2_TRUE_OOS,TradingSystemLab/results/true_oos_v2/T3/H1/trades.csv,79,T3-H1-GD-000018,v2|true_oos|T3|H1|GD|TradingSystemLab/results/true_oos_v2/T3/H1/trades.csv|79|T3-H1-GD-000018,LONG,2025-09-05 16:00:00+03:00,2025-09-08 09:00:00+03:00,2025-09-05,2025-09-08,2025,9,2025,9,4,0,16,9,0.221720136714,0.221812243953,9.21072380626e-05,0.335032059641,0.735330104926,ATR_TRAILING_STOP,3382.51059987,3387.32899104,,2 days 17:00:00,3900,65,SOURCE,SOURCE,SOURCE,UNAVAILABLE,DERIVED
v2,quarterly,true_oos,T3,H1,GD,V2_TRUE_OOS,TradingSystemLab/results/true_oos_v2/T3/H1/trades.csv,80,T3-H1-GD-000019,v2|true_oos|T3|H1|GD|TradingSystemLab/results/true_oos_v2/T3/H1/trades.csv|80|T3-H1-GD-000019,LONG,2025-09-08 14:00:00+03:00,2025-09-09 18:00:00+03:00,2025-09-08,2025-09-09,2025,9,2025,9,0,1,14,18,2.11581177956,2.1160002245,0.000188444937583,0.320471090431,4.68243871019,ATR_TRAILING_STOP,3412.64916424,3435.10865502,,1 days 04:00:00,1680,28,SOURCE,SOURCE,SOURCE,UNAVAILABLE,DERIVED
v2,quarterly,true_oos,T3,H1,GD,V2_TRUE_OOS,TradingSystemLab/results/true_oos_v2/T3/H1/trades.csv,86,T3-H1-GD-000020,v2|true_oos|T3|H1|GD|TradingSystemLab/results/true_oos_v2/T3/H1/trades.csv|86|T3-H1-GD-000020,LONG,2025-09-12 09:00:00+03:00,2025-09-14 14:00:00+03:00,2025-09-12,2025-09-14,2025,9,2025,9,4,6,9,14,-0.283720709262,-0.283606834977,0.000113874284549,0.677794575612,0.252828135347,ATR_TRAILING_STOP,3451.00733706,3446.02828561,,2 days 05:00:00,3180,53,SOURCE,SOURCE,SOURCE,UNAVAILABLE,DERIVED
v2,quarterly,true_oos,T3,H1,GD,V2_TRUE_OOS,TradingSystemLab/results/true_oos_v2/T3/H1/trades.csv,94,T3-H1-GD-000021,v2|true_oos|T3|H1|GD|TradingSystemLab/results/true_oos_v2/T3/H1/trades.csv|94|T3-H1-GD-000021,LONG,2025-09-22 19:00:00+03:00,2025-09-23 22:00:00+03:00,2025-09-22,2025-09-23,2025,9,2025,9,0,1,19,22,1.71153621002,1.71167581602,0.00013960599582,0.0655719499538,3.46219895756,ATR_TRAILING_STOP,3503.8153583,3528.33888126,,1 days 03:00:00,1620,27,SOURCE,SOURCE,SOURCE,UNAVAILABLE,DERIVED
v2,quarterly,true_oos,T3,H1,GD,V2_TRUE_OOS,TradingSystemLab/results/true_oos_v2/T3/H1/trades.csv,98,T3-H1-GD-000022,v2|true_oos|T3|H1|GD|TradingSystemLab/results/true_oos_v2/T3/H1/trades.csv|98|T3-H1-GD-000022,LONG,2025-09-26 17:00:00+03:00,2025-09-28 12:00:00+03:00,2025-09-26,2025-09-28,2025,9,2025,9,4,6,17,12,0.0213778097137,0.0214688091407,9.09994269769e-05,0.166692973051,0.786448898498,ATR_TRAILING_STOP,3531.71511865,3532.18896358,,1 days 19:00:00,2580,43,SOURCE,SOURCE,SOURCE,UNAVAILABLE,DERIVED
v2,quarterly,true_oos,T3,H1,GD,V2_TRUE_OOS,TradingSystemLab/results/true_oos_v2/T3/H1/trades.csv,99,T3-H1-GD-000023,v2|true_oos|T3|H1|GD|TradingSystemLab/results/true_oos_v2/T3/H1/trades.csv|99|T3-H1-GD-000023,LONG,2025-09-29 15:00:00+03:00,2025-09-30 12:00:00+03:00,2025-09-29,2025-09-30,2025,9,2025,9,0,1,15,12,0.364982435852,0.365099936355,0.000117500502305,0.982366973587,2.25723647302,ATR_TRAILING_STOP,3589.20553392,3595.42197436,,0 days 21:00:00,1260,21,SOURCE,SOURCE,SOURCE,UNAVAILABLE,DERIVED
v2,quarterly,true_oos,T3,H1,GD,V2_TRUE_OOS,TradingSystemLab/results/true_oos_v2/T3/H1/trades.csv,101,T3-H1-GD-000024,v2|true_oos|T3|H1|GD|TradingSystemLab/results/true_oos_v2/T3/H1/trades.csv|101|T3-H1-GD-000024,LONG,2025-10-01 11:00:00+03:00,2025-10-01 22:00:00+03:00,2025-10-01,2025-10-01,2025,10,2025,10,2,2,11,22,-0.829474309704,-0.829401676682,7.26330218241e-05,0.829329043661,0.593604779556,ATR_TRAILING_STOP,3634.57787147,3611.74172827,,0 days 11:00:00,660,11,SOURCE,SOURCE,SOURCE,UNAVAILABLE,DERIVED
v2,quarterly,true_oos,T3,H1,GD,V2_TRUE_OOS,TradingSystemLab/results/true_oos_v2/T3/H1/trades.csv,109,T3-H1-GD-000025,v2|true_oos|T3|H1|GD|TradingSystemLab/results/true_oos_v2/T3/H1/trades.csv|109|T3-H1-GD-000025,LONG,2025-10-04 15:00:00+03:00,2025-10-09 10:00:00+03:00,2025-10-04,2025-10-09,2025,10,2025,10,5,3,15,10,8.16055471586,8.16068674181,0.000132025945991,0.204638458531,10.647401009,ATR_TRAILING_STOP,3648.105028,3771.72949752,,4 days 19:00:00,6900,115,SOURCE,SOURCE,SOURCE,UNAVAILABLE,DERIVED
v2,quarterly,true_oos,T3,H1,GD,V2_TRUE_OOS,TradingSystemLab/results/true_oos_v2/T3/H1/trades.csv,115,T3-H1-GD-000026,v2|true_oos|T3|H1|GD|TradingSystemLab/results/true_oos_v2/T3/H1/trades.csv|115|T3-H1-GD-000026,LONG,2025-10-11 11:00:00+03:00,2025-10-14 10:00:00+03:00,2025-10-11,2025-10-14,2025,10,2025,10,5,1,11,10,1.66301532743,1.66307465371,5.93262763492e-05,0.0696628321881,2.53851360493,ATR_TRAILING_STOP,3781.02812867,3837.09549317,,2 days 23:00:00,4260,71,SOURCE,SOURCE,SOURCE,UNAVAILABLE,DERIVED
v2,quarterly,true_oos,T3,H1,GD,V2_TRUE_OOS,TradingSystemLab/results/true_oos_v2/T3/H1/trades.csv,116,T3-H1-GD-000027,v2|true_oos|T3|H1|GD|TradingSystemLab/results/true_oos_v2/T3/H1/trades.csv|116|T3-H1-GD-000027,LONG,2025-10-14 12:00:00+03:00,2025-10-14 16:00:00+03:00,2025-10-14,2025-10-14,2025,10,2025,10,1,1,12,16,-1.00014621312,-1.00007310656,7.31065602512e-05,1,0.137350539478,ATR_TRAILING_STOP,3891.87566139,3864.51833541,,0 days 04:00:00,240,4,SOURCE,SOURCE,SOURCE,UNAVAILABLE,DERIVED
v2,quarterly,true_oos,T3,H1,GD,V2_TRUE_OOS,TradingSystemLab/results/true_oos_v2/T3/H1/trades.csv,118,T3-H1-GD-000028,v2|true_oos|T3|H1|GD|TradingSystemLab/results/true_oos_v2/T3/H1/trades.csv|118|T3-H1-GD-000028,LONG,2025-10-15 09:00:00+03:00,2025-10-15 13:00:00+03:00,2025-10-15,2025-10-15,2025,10,2025,10,2,2,9,13,-0.484383471347,-0.484322864223,6.06071238106e-05,0.484262257099,0.953635718946,ATR_TRAILING_STOP,3932.64500817,3916.66463403,,0 days 04:00:00,240,4,SOURCE,SOURCE,SOURCE,UNAVAILABLE,DERIVED
v2,quarterly,true_oos,T3,H1,GD,V2_TRUE_OOS,TradingSystemLab/results/true_oos_v2/T3/H1/trades.csv,122,T3-H1-GD-000029,v2|true_oos|T3|H1|GD|TradingSystemLab/results/true_oos_v2/T3/H1/trades.csv|122|T3-H1-GD-000029,LONG,2025-10-15 23:00:00+03:00,2025-10-17 11:00:00+03:00,2025-10-15,2025-10-17,2025,10,2025,10,2,4,23,11,2.87889625948,2.87895846782,6.22083397395e-05,0.324328876344,4.55813555942,ATR_TRAILING_STOP,3964.30231201,4056.86291363,,1 days 12:00:00,2160,36,SOURCE,SOURCE,SOURCE,UNAVAILABLE,DERIVED
v2,quarterly,true_oos,T3,H1,GD,V2_TRUE_OOS,TradingSystemLab/results/true_oos_v2/T3/H1/trades.csv,124,T3-H1-GD-000030,v2|true_oos|T3|H1|GD|TradingSystemLab/results/true_oos_v2/T3/H1/trades.csv|124|T3-H1-GD-000030,LONG,2025-10-20 11:00:00+03:00,2025-10-21 10:00:00+03:00,2025-10-20,2025-10-21,2025,10,2025,10,0,1,11,10,2.03748557472,2.03755198011,6.64053905818e-05,0.177783814063,3.98298123786,ATR_TRAILING_STOP,3997.36869465,4058.73776025,,0 days 23:00:00,1380,23,SOURCE,SOURCE,SOURCE,UNAVAILABLE,DERIVED
v2,quarterly,true_oos,T3,H1,GD,V2_TRUE_OOS,TradingSystemLab/results/true_oos_v2/T3/H1/trades.csv,132,T3-H1-GD-000031,v2|true_oos|T3|H1|GD|TradingSystemLab/results/true_oos_v2/T3/H1/trades.csv|132|T3-H1-GD-000031,LONG,2025-10-23 17:00:00+03:00,2025-10-24 10:00:00+03:00,2025-10-23,2025-10-24,2025,10,2025,10,3,4,17,10,-1.00007099744,-1.00003549872,3.54987182667e-05,1,0.158398223209,ATR_TRAILING_STOP,3891.03021411,3834.69015177,,0 days 17:00:00,1020,17,SOURCE,SOURCE,SOURCE,UNAVAILABLE,DERIVED
v2,quarterly,true_oos,T3,H1,GD,V2_TRUE_OOS,TradingSystemLab/results/true_oos_v2/T3/H1/trades.csv,143,T3-H1-GD-000032,v2|true_oos|T3|H1|GD|TradingSystemLab/results/true_oos_v2/T3/H1/trades.csv|143|T3-H1-GD-000032,LONG,2025-11-19 09:00:00+03:00,2025-11-19 20:00:00+03:00,2025-11-19,2025-11-19,2025,11,2025,11,2,2,9,20,-0.331186804439,-0.331134265798,5.25386413711e-05,0.331081727156,1.10799858769,ATR_TRAILING_STOP,3848.66391135,3836.06055053,,0 days 11:00:00,660,11,SOURCE,SOURCE,SOURCE,UNAVAILABLE,DERIVED
v2,quarterly,true_oos,T3,H1,GD,V2_TRUE_OOS,TradingSystemLab/results/true_oos_v2/T3/H1/trades.csv,155,T3-H1-GD-000033,v2|true_oos|T3|H1|GD|TradingSystemLab/results/true_oos_v2/T3/H1/trades.csv|155|T3-H1-GD-000033,LONG,2025-12-12 15:00:00+03:00,2025-12-12 19:00:00+03:00,2025-12-12,2025-12-12,2025,12,2025,12,4,4,15,19,-1.00014751332,-1.00007375666,7.37566581207e-05,1,0.519644718692,ATR_TRAILING_STOP,4079.94071266,4052.82451663,,0 days 04:00:00,240,4,SOURCE,SOURCE,SOURCE,UNAVAILABLE,DERIVED
v2,quarterly,true_oos,T3,H1,GD,V2_TRUE_OOS,TradingSystemLab/results/true_oos_v2/T3/H1/trades.csv,157,T3-H1-GD-000034,v2|true_oos|T3|H1|GD|TradingSystemLab/results/true_oos_v2/T3/H1/trades.csv|157|T3-H1-GD-000034,LONG,2025-12-15 12:00:00+03:00,2025-12-15 18:00:00+03:00,2025-12-15,2025-12-15,2025,12,2025,12,0,0,12,18,-1.0001965134,-1.0000982567,9.82566998851e-05,1,0.13383638555,ATR_TRAILING_STOP,4089.33457137,4068.97972531,,0 days 06:00:00,360,6,SOURCE,SOURCE,SOURCE,UNAVAILABLE,DERIVED
v2,quarterly,true_oos,T3,H1,GD,V2_TRUE_OOS,TradingSystemLab/results/true_oos_v2/T3/H1/trades.csv,159,T3-H1-GD-000035,v2|true_oos|T3|H1|GD|TradingSystemLab/results/true_oos_v2/T3/H1/trades.csv|159|T3-H1-GD-000035,LONG,2025-12-17 17:00:00+03:00,2025-12-18 17:00:00+03:00,2025-12-17,2025-12-18,2025,12,2025,12,2,3,17,17,-0.800114173024,-0.800038647355,7.55256687458e-05,0.799963121687,0.333454406568,ATR_TRAILING_STOP,4075.61953766,4054.43566375,,1 days 00:00:00,1440,24,SOURCE,SOURCE,SOURCE,UNAVAILABLE,DERIVED
v2,quarterly,true_oos,T3,H1,GD,V2_TRUE_OOS,TradingSystemLab/results/true_oos_v2/T3/H1/trades.csv,165,T3-H1-GD-000036,v2|true_oos|T3|H1|GD|TradingSystemLab/results/true_oos_v2/T3/H1/trades.csv|165|T3-H1-GD-000036,LONG,2025-12-26 19:00:00+03:00,2025-12-26 21:00:00+03:00,2025-12-26,2025-12-26,2025,12,2025,12,4,4,19,21,-1.00016725381,-1.00008362691,8.36269069958e-05,1,0.299241934944,ATR_TRAILING_STOP,4245.25473157,4221.33898398,,0 days 02:00:00,120,2,SOURCE,SOURCE,SOURCE,UNAVAILABLE,DERIVED
v2,quarterly,true_oos,T3,H1,GD,V2_TRUE_OOS,TradingSystemLab/results/true_oos_v2/T3/H1/trades.csv,166,T3-H1-GD-000037,v2|true_oos|T3|H1|GD|TradingSystemLab/results/true_oos_v2/T3/H1/trades.csv|166|T3-H1-GD-000037,LONG,2025-12-28 16:00:00+03:00,2025-12-29 09:00:00+03:00,2025-12-28,2025-12-29,2025,12,2025,12,6,0,16,9,-2.67911365893,-2.67899790425,0.000115754683239,2.67888214956,0.0107585628497,ATR_TRAILING_STOP,4265.88803025,4219.6025224,,0 days 17:00:00,1020,17,SOURCE,SOURCE,SOURCE,UNAVAILABLE,DERIVED
v2,quarterly,true_oos,T3,H1,GD,V2_TRUE_OOS,TradingSystemLab/results/true_oos_v2/T3/H1/trades.csv,168,T3-H1-GD-000038,v2|true_oos|T3|H1|GD|TradingSystemLab/results/true_oos_v2/T3/H1/trades.csv|168|T3-H1-GD-000038,LONG,2026-01-05 10:00:00+03:00,2026-01-08 09:00:00+03:00,2026-01-05,2026-01-08,2026,1,2026,1,0,3,10,9,0.199936531631,0.199977523262,4.09916315598e-05,0.388607400365,1.40584441897,ATR_TRAILING_STOP,4128.89036245,4138.64935507,,2 days 23:00:00,4260,71,SOURCE,SOURCE,SOURCE,UNAVAILABLE,DERIVED
v2,quarterly,true_oos,T3,H1,GD,V2_TRUE_OOS,TradingSystemLab/results/true_oos_v2/T3/H1/trades.csv,174,T3-H1-GD-000039,v2|true_oos|T3|H1|GD|TradingSystemLab/results/true_oos_v2/T3/H1/trades.csv|174|T3-H1-GD-000039,LONG,2026-01-12 17:00:00+03:00,2026-01-13 10:00:00+03:00,2026-01-12,2026-01-13,2026,1,2026,1,0,1,17,10,-1.00011849345,-1.00005924672,5.92467239407e-05,1,0.390965450016,ATR_TRAILING_STOP,4311.4299958,4277.67285503,,0 days 17:00:00,1020,17,SOURCE,SOURCE,SOURCE,UNAVAILABLE,DERIVED
v2,quarterly,true_oos,T3,H1,GD,V2_TRUE_OOS,TradingSystemLab/results/true_oos_v2/T3/H1/trades.csv,176,T3-H1-GD-000040,v2|true_oos|T3|H1|GD|TradingSystemLab/results/true_oos_v2/T3/H1/trades.csv|176|T3-H1-GD-000040,LONG,2026-01-14 10:00:00+03:00,2026-01-15 10:00:00+03:00,2026-01-14,2026-01-15,2026,1,2026,1,2,3,10,10,-1.00010661451,-1.00005330726,5.33072561186e-05,1,0.161022060625,ATR_TRAILING_STOP,4329.83266759,4292.31432308,,1 days 00:00:00,1440,24,SOURCE,SOURCE,SOURCE,UNAVAILABLE,DERIVED
v2,quarterly,true_oos,T3,H1,GD,V2_TRUE_OOS,TradingSystemLab/results/true_oos_v2/T3/H1/trades.csv,182,T3-H1-GD-000041,v2|true_oos|T3|H1|GD|TradingSystemLab/results/true_oos_v2/T3/H1/trades.csv|182|T3-H1-GD-000041,LONG,2026-01-22 20:00:00+03:00,2026-01-26 17:00:00+03:00,2026-01-22,2026-01-26,2026,1,2026,1,3,0,20,17,3.48614802548,3.48618950205,4.14765717652e-05,0.169617719406,4.42355302313,ATR_TRAILING_STOP,4549.08470174,4717.19073511,,3 days 21:00:00,5580,93,SOURCE,SOURCE,SOURCE,UNAVAILABLE,DERIVED
v2,quarterly,true_oos,T3,H1,GD,V2_TRUE_OOS,TradingSystemLab/results/true_oos_v2/T3/H1/trades.csv,184,T3-H1-GD-000042,v2|true_oos|T3|H1|GD|TradingSystemLab/results/true_oos_v2/T3/H1/trades.csv|184|T3-H1-GD-000042,LONG,2026-01-28 00:00:00+03:00,2026-01-28 15:00:00+03:00,2026-01-28,2026-01-28,2026,1,2026,1,2,2,0,15,0.974004978345,0.974043468273,3.84899278848e-05,0,2.61862837115,ATR_TRAILING_STOP,4812.48455964,4863.09946134,,0 days 15:00:00,900,15,SOURCE,SOURCE,SOURCE,UNAVAILABLE,DERIVED
v2,quarterly,true_oos,T3,H1,GD,V2_TRUE_OOS,TradingSystemLab/results/true_oos_v2/T3/H1/trades.csv,187,T3-H1-GD-000043,v2|true_oos|T3|H1|GD|TradingSystemLab/results/true_oos_v2/T3/H1/trades.csv|187|T3-H1-GD-000043,LONG,2026-01-28 23:00:00+03:00,2026-01-29 19:00:00+03:00,2026-01-28,2026-01-29,2026,1,2026,1,2,3,23,19,1.67348353079,1.6735127333,2.92025109252e-05,0.0393553598464,3.48227080572,ATR_TRAILING_STOP,4962.49421759,5077.11052166,,0 days 20:00:00,1200,20,SOURCE,SOURCE,SOURCE,UNAVAILABLE,DERIVED
v2,quarterly,true_oos,T3,H1,GD,V2_TRUE_OOS,TradingSystemLab/results/true_oos_v2/T3/H1/trades.csv,191,T3-H1-GD-000044,v2|true_oos|T3|H1|GD|TradingSystemLab/results/true_oos_v2/T3/H1/trades.csv|191|T3-H1-GD-000044,LONG,2026-02-03 20:00:00+03:00,2026-02-04 19:00:00+03:00,2026-02-03,2026-02-04,2026,2,2026,2,1,2,20,19,-0.197366122746,-0.197348645316,1.74774301945e-05,0.669253240439,1.07454130716,ATR_TRAILING_STOP,4622.50950334,4599.92824675,,0 days 23:00:00,1380,23,SOURCE,SOURCE,SOURCE,UNAVAILABLE,DERIVED
v2,quarterly,true_oos,T3,H1,GD,V2_TRUE_OOS,TradingSystemLab/results/true_oos_v2/T3/H1/trades.csv,205,T3-H1-GD-000045,v2|true_oos|T3|H1|GD|TradingSystemLab/results/true_oos_v2/T3/H1/trades.csv|205|T3-H1-GD-000045,LONG,2026-03-10 12:00:00+03:00,2026-03-10 22:00:00+03:00,2026-03-10,2026-03-10,2026,3,2026,3,1,1,12,22,-0.341048206394,-0.341008353994,3.98523997353e-05,0.396327261009,1.04637804893,ATR_TRAILING_STOP,4820.38469652,4803.27312965,,0 days 10:00:00,600,10,SOURCE,SOURCE,SOURCE,UNAVAILABLE,DERIVED
v2,quarterly,true_oos,T3,H1,GD,V2_TRUE_OOS,TradingSystemLab/results/true_oos_v2/T3/H1/trades.csv,214,T3-H1-GD-000046,v2|true_oos|T3|H1|GD|TradingSystemLab/results/true_oos_v2/T3/H1/trades.csv|214|T3-H1-GD-000046,SHORT,2026-03-19 11:00:00+03:00,2026-03-23 12:00:00+03:00,2026-03-19,2026-03-23,2026,3,2026,3,3,0,11,12,1.91943369559,1.91946729966,3.36040771624e-05,0.196765164576,4.04095661424,ATR_TRAILING_STOP,4400.93389952,4286.69175596,,4 days 01:00:00,5820,97,SOURCE,SOURCE,SOURCE,UNAVAILABLE,DERIVED
v2,quarterly,true_oos,T3,H1,GD,V2_TRUE_OOS,TradingSystemLab/results/true_oos_v2/T3/H1/trades.csv,218,T3-H1-GD-000047,v2|true_oos|T3|H1|GD|TradingSystemLab/results/true_oos_v2/T3/H1/trades.csv|218|T3-H1-GD-000047,SHORT,2026-03-26 12:00:00+03:00,2026-03-27 18:00:00+03:00,2026-03-26,2026-03-27,2026,3,2026,3,3,4,12,18,-0.577292144211,-0.577266741584,2.54026275343e-05,0.761158472912,0.694807487609,ATR_TRAILING_STOP,4465.58728692,4511.0346595,,1 days 06:00:00,1800,30,SOURCE,SOURCE,SOURCE,UNAVAILABLE,DERIVED
v2,quarterly,true_oos,T3,H1,GD,V2_TRUE_OOS,TradingSystemLab/results/true_oos_v2/T3/H1/trades.csv,238,T3-H1-GD-000048,v2|true_oos|T3|H1|GD|TradingSystemLab/results/true_oos_v2/T3/H1/trades.csv|238|T3-H1-GD-000048,LONG,2026-05-07 16:00:00+03:00,2026-05-07 21:00:00+03:00,2026-05-07,2026-05-07,2026,5,2026,5,3,3,16,21,-1.00010417769,-1.00005208884,5.20888431667e-05,1,0.426133489921,ATR_TRAILING_STOP,4674.15089217,4635.75495403,,0 days 05:00:00,300,5,SOURCE,SOURCE,SOURCE,UNAVAILABLE,DERIVED
v2,quarterly,true_oos,T3,H1,GD,V2_TRUE_OOS,TradingSystemLab/results/true_oos_v2/T3/H1/trades.csv,256,T3-H1-GD-000049,v2|true_oos|T3|H1|GD|TradingSystemLab/results/true_oos_v2/T3/H1/trades.csv|256|T3-H1-GD-000049,SHORT,2026-06-06 14:00:00+03:00,2026-06-08 15:00:00+03:00,2026-06-06,2026-06-08,2026,6,2026,6,5,0,14,15,-0.282462167469,-0.282403206977,5.89604917683e-05,0.860093517984,0.801979091093,ATR_TRAILING_STOP,4240.85901662,4250.43642136,,2 days 01:00:00,2940,49,SOURCE,SOURCE,SOURCE,UNAVAILABLE,DERIVED
v2,quarterly,true_oos,T3,H1,GD,V2_TRUE_OOS,TradingSystemLab/results/true_oos_v2/T3/H1/trades.csv,260,T3-H1-GD-000050,v2|true_oos|T3|H1|GD|TradingSystemLab/results/true_oos_v2/T3/H1/trades.csv|260|T3-H1-GD-000050,SHORT,2026-06-09 19:00:00+03:00,2026-06-11 21:00:00+03:00,2026-06-09,2026-06-11,2026,6,2026,6,1,3,19,21,3.69836892367,3.69842107219,5.2148518515e-05,0.208170823581,5.68486249088,ATR_TRAILING_STOP,4207.34690614,4065.50305991,,2 days 02:00:00,3000,50,SOURCE,SOURCE,SOURCE,UNAVAILABLE,DERIVED
v2,quarterly,true_oos,T3,H1,GD,V2_TRUE_OOS,TradingSystemLab/results/true_oos_v2/T3/H1/trades.csv,264,T3-H1-GD-000051,v2|true_oos|T3|H1|GD|TradingSystemLab/results/true_oos_v2/T3/H1/trades.csv|264|T3-H1-GD-000051,SHORT,2026-06-17 23:00:00+03:00,2026-06-18 09:00:00+03:00,2026-06-17,2026-06-18,2026,6,2026,6,2,3,23,9,-1.3744539584,-1.37441484522,3.91131759576e-05,1.37437573205,0.0134931698799,ATR_TRAILING_STOP,4170.7792797,4241.05614669,,0 days 10:00:00,600,10,SOURCE,SOURCE,SOURCE,UNAVAILABLE,DERIVED
v2,quarterly,true_oos,T3,H1,GD,V2_TRUE_OOS,TradingSystemLab/results/true_oos_v2/T3/H1/trades.csv,282,T3-H1-GD-000052,v2|true_oos|T3|H1|GD|TradingSystemLab/results/true_oos_v2/T3/H1/trades.csv|282|T3-H1-GD-000052,SHORT,2026-07-16 16:00:00+03:00,2026-07-17 19:00:00+03:00,2026-07-16,2026-07-17,2026,7,2026,7,3,4,16,19,-0.679743620537,-0.679687117234,5.65033027619e-05,0.68086479828,0.791046238666,ATR_TRAILING_STOP,4011,4035.05631461,,1 days 03:00:00,1620,27,SOURCE,SOURCE,SOURCE,UNAVAILABLE,DERIVED
v2,quarterly,true_oos,T3,H1,GD,V2_TRUE_OOS,TradingSystemLab/results/true_oos_v2/T3/H1/trades.csv,285,T3-H1-GD-000053,v2|true_oos|T3|H1|GD|TradingSystemLab/results/true_oos_v2/T3/H1/trades.csv|285|T3-H1-GD-000053,SHORT,2026-07-20 09:00:00+03:00,2026-07-20 12:00:00+03:00,2026-07-20,2026-07-20,2026,7,2026,7,0,0,9,12,-1.00020282846,-1.00010141423,0.00010141423121,1,0.268747712705,ATR_TRAILING_STOP,4026.4,4046.12109808,,0 days 03:00:00,180,3,SOURCE,SOURCE,SOURCE,UNAVAILABLE,DERIVED
v2,quarterly,true_oos,T3,H1,GD,V2_TRUE_OOS,TradingSystemLab/results/true_oos_v2/T3/H1/trades.csv,286,T3-H1-GD-000054,v2|true_oos|T3|H1|GD|TradingSystemLab/results/true_oos_v2/T3/H1/trades.csv|286|T3-H1-GD-000054,LONG,2026-07-22 17:00:00+03:00,2026-07-23 08:00:00+03:00,2026-07-22,2026-07-23,2026,7,2026,7,2,3,17,8,-0.88841640578,-0.888357316664,5.90891158238e-05,0.888298227548,0.351580239152,ATR_TRAILING_STOP,4170.7,4140.63360909,,0 days 15:00:00,900,15,SOURCE,SOURCE,SOURCE,UNAVAILABLE,DERIVED
v2,quarterly,true_oos,T3,H1,GD,V2_TRUE_OOS,TradingSystemLab/results/true_oos_v2/T3/H1/trades.csv,296,T3-H1-GD-000055,v2|true_oos|T3|H1|GD|TradingSystemLab/results/true_oos_v2/T3/H1/trades.csv|296|T3-H1-GD-000055,LONG,2026-08-06 12:00:00+03:00,2026-08-06 17:00:00+03:00,2026-08-06,2026-08-06,2026,8,2026,8,3,3,12,17,-1.00010503065,-1.00005251532,5.25153244221e-05,1,0.162797505709,ATR_TRAILING_STOP,4293.8,4255.71587842,,0 days 05:00:00,300,5,SOURCE,SOURCE,SOURCE,UNAVAILABLE,DERIVED
v2,quarterly,true_oos,T3,H1,GD,V2_TRUE_OOS,TradingSystemLab/results/true_oos_v2/T3/H1/trades.csv,297,T3-H1-GD-000056,v2|true_oos|T3|H1|GD|TradingSystemLab/results/true_oos_v2/T3/H1/trades.csv|297|T3-H1-GD-000056,LONG,2026-08-07 10:00:00+03:00,2026-08-10 07:00:00+03:00,2026-08-07,2026-08-10,2026,8,2026,8,4,0,10,7,0.791339247741,0.791390640081,5.13923397676e-05,0.382872931268,1.68309912739,ATR_TRAILING_STOP,4315.1,4345.9,,2 days 21:00:00,4140,69,SOURCE,SOURCE,SOURCE,UNAVAILABLE,DERIVED
v2,quarterly,true_oos,T3,H1,GD,V2_TRUE_OOS,TradingSystemLab/results/true_oos_v2/T3/H1/trades.csv,307,T3-H1-GD-000057,v2|true_oos|T3|H1|GD|TradingSystemLab/results/true_oos_v2/T3/H1/trades.csv|307|T3-H1-GD-000057,LONG,2026-08-19 17:00:00+03:00,2026-08-20 15:00:00+03:00,2026-08-19,2026-08-20,2026,8,2026,8,2,3,17,15,0.366644374407,0.366691804025,4.74296180731e-05,0.101973678857,1.70509476973,ATR_TRAILING_STOP,4473.1,4488.56456617,,0 days 22:00:00,1320,22,SOURCE,SOURCE,SOURCE,UNAVAILABLE,DERIVED
v2,quarterly,true_oos,T3,H1,GD,V2_TRUE_OOS,TradingSystemLab/results/true_oos_v2/T3/H1/trades.csv,309,T3-H1-GD-000058,v2|true_oos|T3|H1|GD|TradingSystemLab/results/true_oos_v2/T3/H1/trades.csv|309|T3-H1-GD-000058,LONG,2026-08-21 08:00:00+03:00,2026-08-24 12:00:00+03:00,2026-08-21,2026-08-24,2026,8,2026,8,4,0,8,12,2.26378986567,2.26384164678,5.17811078706e-05,0.292563259469,3.05249630897,ATR_TRAILING_STOP,4557.3,4644.74090349,,3 days 04:00:00,4560,76,SOURCE,SOURCE,SOURCE,UNAVAILABLE,DERIVED
v2,quarterly,true_oos,T3,H1,GD,V2_TRUE_OOS,TradingSystemLab/results/true_oos_v2/T3/H1/trades.csv,320,T3-H1-GD-000059,v2|true_oos|T3|H1|GD|TradingSystemLab/results/true_oos_v2/T3/H1/trades.csv|320|T3-H1-GD-000059,SHORT,2026-09-01 13:00:00+03:00,2026-09-02 17:00:00+03:00,2026-09-01,2026-09-02,2026,9,2026,9,1,2,13,17,0.37795614125,0.378013631441,5.74901908832e-05,0.666886214246,1.93167041368,ATR_TRAILING_STOP,4372.2,4359.04745638,,1 days 04:00:00,1680,28,SOURCE,SOURCE,SOURCE,UNAVAILABLE,DERIVED
v2,quarterly,true_oos,T3,H1,GD,V2_TRUE_OOS,TradingSystemLab/results/true_oos_v2/T3/H1/trades.csv,328,T3-H1-GD-000060,v2|true_oos|T3|H1|GD|TradingSystemLab/results/true_oos_v2/T3/H1/trades.csv|328|T3-H1-GD-000060,SHORT,2026-09-14 13:00:00+03:00,2026-09-14 20:00:00+03:00,2026-09-14,2026-09-14,2026,9,2026,9,0,0,13,20,-0.720905788721,-0.720854462029,5.13266917498e-05,0.720803135337,0.841757744697,ATR_TRAILING_STOP,4293.1,4321.18687296,,0 days 07:00:00,420,7,SOURCE,SOURCE,SOURCE,UNAVAILABLE,DERIVED
v2,quarterly,true_oos,T3,H1,MIX,V2_TRUE_OOS,TradingSystemLab/results/true_oos_v2/T3/H1/trades.csv,2,T3-H1-MIX-000001,v2|true_oos|T3|H1|MIX|TradingSystemLab/results/true_oos_v2/T3/H1/trades.csv|2|T3-H1-MIX-000001,LONG,2025-02-17 22:00:00+03:00,2025-02-18 12:00:00+03:00,2025-02-17,2025-02-18,2025,2,2025,2,0,1,22,12,-0.788908789935,-0.788908437624,3.52310782074e-07,0.788908085313,0.659526094451,ATR_TRAILING_STOP,409937.99939,405459.521152,,0 days 14:00:00,840,14,SOURCE,SOURCE,SOURCE,UNAVAILABLE,DERIVED
v2,quarterly,true_oos,T3,H1,MIX,V2_TRUE_OOS,TradingSystemLab/results/true_oos_v2/T3/H1/trades.csv,4,T3-H1-MIX-000002,v2|true_oos|T3|H1|MIX|TradingSystemLab/results/true_oos_v2/T3/H1/trades.csv|4|T3-H1-MIX-000002,LONG,2025-02-20 16:00:00+03:00,2025-02-21 14:00:00+03:00,2025-02-20,2025-02-21,2025,2,2025,2,3,4,16,14,-0.843171637886,-0.843171260144,3.7774238154e-07,0.889620282943,0.302242788436,ATR_TRAILING_STOP,408549.095511,404084.83138,,0 days 22:00:00,1320,22,SOURCE,SOURCE,SOURCE,UNAVAILABLE,DERIVED
v2,quarterly,true_oos,T3,H1,MIX,V2_TRUE_OOS,TradingSystemLab/results/true_oos_v2/T3/H1/trades.csv,11,T3-H1-MIX-000003,v2|true_oos|T3|H1|MIX|TradingSystemLab/results/true_oos_v2/T3/H1/trades.csv|11|T3-H1-MIX-000003,LONG,2025-03-04 19:00:00+03:00,2025-03-05 11:00:00+03:00,2025-03-04,2025-03-05,2025,3,2025,3,1,2,19,11,-0.513880009704,-0.513879699554,3.10150577492e-07,0.513879389403,0.777257722728,ATR_TRAILING_STOP,399823.15592,396509.414617,,0 days 16:00:00,960,16,SOURCE,SOURCE,SOURCE,UNAVAILABLE,DERIVED
v2,quarterly,true_oos,T3,H1,MIX,V2_TRUE_OOS,TradingSystemLab/results/true_oos_v2/T3/H1/trades.csv,18,T3-H1-MIX-000004,v2|true_oos|T3|H1|MIX|TradingSystemLab/results/true_oos_v2/T3/H1/trades.csv|18|T3-H1-MIX-000004,SHORT,2025-03-31 12:00:00+03:00,2025-03-31 19:00:00+03:00,2025-03-31,2025-03-31,2025,3,2025,3,0,0,12,19,-1.00000079573,-1.00000039786,3.97864013398e-07,1,0.00566231555971,ATR_TRAILING_STOP,351952.071754,356978.914928,,0 days 07:00:00,420,7,SOURCE,SOURCE,SOURCE,UNAVAILABLE,DERIVED
v2,quarterly,true_oos,T3,H1,MIX,V2_TRUE_OOS,TradingSystemLab/results/true_oos_v2/T3/H1/trades.csv,21,T3-H1-MIX-000005,v2|true_oos|T3|H1|MIX|TradingSystemLab/results/true_oos_v2/T3/H1/trades.csv|21|T3-H1-MIX-000005,SHORT,2025-04-01 20:00:00+03:00,2025-04-03 13:00:00+03:00,2025-04-01,2025-04-03,2025,4,2025,4,1,3,20,13,-0.309240940883,-0.309240575824,3.65058973917e-07,0.389658093962,1.04947913307,ATR_TRAILING_STOP,347938.708057,349632.90123,,1 days 17:00:00,2460,41,SOURCE,SOURCE,SOURCE,UNAVAILABLE,DERIVED
v2,quarterly,true_oos,T3,H1,MIX,V2_TRUE_OOS,TradingSystemLab/results/true_oos_v2/T3/H1/trades.csv,23,T3-H1-MIX-000006,v2|true_oos|T3|H1|MIX|TradingSystemLab/results/true_oos_v2/T3/H1/trades.csv|23|T3-H1-MIX-000006,SHORT,2025-04-03 17:00:00+03:00,2025-04-07 12:00:00+03:00,2025-04-03,2025-04-07,2025,4,2025,4,3,0,17,12,4.05164747199,4.0516478392,3.67207762534e-07,0.0261301117647,6.16670637646,ATR_TRAILING_STOP,341477.47714,319410.14295,,3 days 19:00:00,5460,91,SOURCE,SOURCE,SOURCE,UNAVAILABLE,DERIVED
v2,quarterly,true_oos,T3,H1,MIX,V2_TRUE_OOS,TradingSystemLab/results/true_oos_v2/T3/H1/trades.csv,27,T3-H1-MIX-000007,v2|true_oos|T3|H1|MIX|TradingSystemLab/results/true_oos_v2/T3/H1/trades.csv|27|T3-H1-MIX-000007,SHORT,2025-04-08 23:00:00+03:00,2025-04-09 21:00:00+03:00,2025-04-08,2025-04-09,2025,4,2025,4,1,2,23,21,-0.163195616661,-0.163195348244,2.68416968631e-07,0.366725078348,1.26825756262,ATR_TRAILING_STOP,313127.759108,314343.740949,,0 days 22:00:00,1320,22,SOURCE,SOURCE,SOURCE,UNAVAILABLE,DERIVED
v2,quarterly,true_oos,T3,H1,MIX,V2_TRUE_OOS,TradingSystemLab/results/true_oos_v2/T3/H1/trades.csv,36,T3-H1-MIX-000008,v2|true_oos|T3|H1|MIX|TradingSystemLab/results/true_oos_v2/T3/H1/trades.csv|36|T3-H1-MIX-000008,SHORT,2025-05-05 12:00:00+03:00,2025-05-06 11:00:00+03:00,2025-05-05,2025-05-06,2025,5,2025,5,0,1,12,11,0.378571998109,0.378572486616,4.88506672658e-07,0.340663802664,1.84236546338,ATR_TRAILING_STOP,321154.486502,319604.567141,,0 days 23:00:00,1380,23,SOURCE,SOURCE,SOURCE,UNAVAILABLE,DERIVED
v2,quarterly,true_oos,T3,H1,MIX,V2_TRUE_OOS,TradingSystemLab/results/true_oos_v2/T3/H1/trades.csv,42,T3-H1-MIX-000009,v2|true_oos|T3|H1|MIX|TradingSystemLab/results/true_oos_v2/T3/H1/trades.csv|42|T3-H1-MIX-000009,SHORT,2025-06-06 19:00:00+03:00,2025-06-11 11:00:00+03:00,2025-06-06,2025-06-11,2025,6,2025,6,4,2,19,11,1.14227870922,1.14227911279,4.03568890997e-07,0.287175307889,1.90110053822,ATR_TRAILING_STOP,318962.791433,313301.901599,,4 days 16:00:00,6720,112,SOURCE,SOURCE,SOURCE,UNAVAILABLE,DERIVED
v2,quarterly,true_oos,T3,H1,MIX,V2_TRUE_OOS,TradingSystemLab/results/true_oos_v2/T3/H1/trades.csv,51,T3-H1-MIX-000010,v2|true_oos|T3|H1|MIX|TradingSystemLab/results/true_oos_v2/T3/H1/trades.csv|51|T3-H1-MIX-000010,SHORT,2025-07-08 20:00:00+03:00,2025-07-10 11:00:00+03:00,2025-07-08,2025-07-10,2025,7,2025,7,1,3,20,11,0.776174324447,0.776175055447,7.30999348846e-07,0.111507263973,2.27069337546,ATR_TRAILING_STOP,307328.216077,305204.614223,,1 days 15:00:00,2340,39,SOURCE,SOURCE,SOURCE,UNAVAILABLE,DERIVED
v2,quarterly,true_oos,T3,H1,MIX,V2_TRUE_OOS,TradingSystemLab/results/true_oos_v2/T3/H1/trades.csv,53,T3-H1-MIX-000011,v2|true_oos|T3|H1|MIX|TradingSystemLab/results/true_oos_v2/T3/H1/trades.csv|53|T3-H1-MIX-000011,SHORT,2025-07-11 12:00:00+03:00,2025-07-14 11:00:00+03:00,2025-07-11,2025-07-14,2025,7,2025,7,4,0,12,11,2.99388187432,2.99388265055,7.76233606459e-07,0.12917163949,5.16686557962,ATR_TRAILING_STOP,302668.786396,294954.914175,,2 days 23:00:00,4260,71,SOURCE,SOURCE,SOURCE,UNAVAILABLE,DERIVED
v2,quarterly,true_oos,T3,H1,MIX,V2_TRUE_OOS,TradingSystemLab/results/true_oos_v2/T3/H1/trades.csv,63,T3-H1-MIX-000012,v2|true_oos|T3|H1|MIX|TradingSystemLab/results/true_oos_v2/T3/H1/trades.csv|63|T3-H1-MIX-000012,SHORT,2025-07-30 16:00:00+03:00,2025-08-01 09:00:00+03:00,2025-07-30,2025-08-01,2025,7,2025,8,2,4,16,9,-1.00529876474,-1.00529803248,7.32260886638e-07,1.00529730022,0.345253618256,ATR_TRAILING_STOP,310351.29843,313097.033778,,1 days 17:00:00,2460,41,SOURCE,SOURCE,SOURCE,UNAVAILABLE,DERIVED
v2,quarterly,true_oos,T3,H1,MIX,V2_TRUE_OOS,TradingSystemLab/results/true_oos_v2/T3/H1/trades.csv,72,T3-H1-MIX-000013,v2|true_oos|T3|H1|MIX|TradingSystemLab/results/true_oos_v2/T3/H1/trades.csv|72|T3-H1-MIX-000013,LONG,2025-08-07 12:00:00+03:00,2025-08-11 20:00:00+03:00,2025-08-07,2025-08-11,2025,8,2025,8,3,0,12,20,0.832796006258,0.832796347223,3.40964853837e-07,0.898373019233,1.72582185274,ATR_TRAILING_STOP,330070.670475,334955.61201,,4 days 08:00:00,6240,104,SOURCE,SOURCE,SOURCE,UNAVAILABLE,DERIVED
v2,quarterly,true_oos,T3,H1,MIX,V2_TRUE_OOS,TradingSystemLab/results/true_oos_v2/T3/H1/trades.csv,73,T3-H1-MIX-000014,v2|true_oos|T3|H1|MIX|TradingSystemLab/results/true_oos_v2/T3/H1/trades.csv|73|T3-H1-MIX-000014,LONG,2025-08-13 10:00:00+03:00,2025-08-13 12:00:00+03:00,2025-08-13,2025-08-13,2025,8,2025,8,2,2,10,12,-1.00000173947,-1.00000086973,8.69733449501e-07,1,0,ATR_TRAILING_STOP,339195.386935,336895.831823,,0 days 02:00:00,120,2,SOURCE,SOURCE,SOURCE,UNAVAILABLE,DERIVED
v2,quarterly,true_oos,T3,H1,MIX,V2_TRUE_OOS,TradingSystemLab/results/true_oos_v2/T3/H1/trades.csv,87,T3-H1-MIX-000015,v2|true_oos|T3|H1|MIX|TradingSystemLab/results/true_oos_v2/T3/H1/trades.csv|87|T3-H1-MIX-000015,SHORT,2025-09-12 16:00:00+03:00,2025-09-14 19:00:00+03:00,2025-09-12,2025-09-14,2025,9,2025,9,4,6,16,19,0.653723902055,0.653724676582,7.74526845032e-07,0.214812700648,1.29961683892,ATR_TRAILING_STOP,317201.76945,315513.705427,,2 days 03:00:00,3060,51,SOURCE,SOURCE,SOURCE,UNAVAILABLE,DERIVED
v2,quarterly,true_oos,T3,H1,MIX,V2_TRUE_OOS,TradingSystemLab/results/true_oos_v2/T3/H1/trades.csv,88,T3-H1-MIX-000016,v2|true_oos|T3|H1|MIX|TradingSystemLab/results/true_oos_v2/T3/H1/trades.csv|88|T3-H1-MIX-000016,SHORT,2025-09-15 12:00:00+03:00,2025-09-16 10:00:00+03:00,2025-09-15,2025-09-16,2025,9,2025,9,0,1,12,10,-0.90713338247,-0.907132043462,1.33900818148e-06,0.907130704454,0.724171321781,ATR_TRAILING_STOP,312570.074469,313925.003762,,0 days 22:00:00,1320,22,SOURCE,SOURCE,SOURCE,UNAVAILABLE,DERIVED
v2,quarterly,true_oos,T3,H1,MIX,V2_TRUE_OOS,TradingSystemLab/results/true_oos_v2/T3/H1/trades.csv,92,T3-H1-MIX-000017,v2|true_oos|T3|H1|MIX|TradingSystemLab/results/true_oos_v2/T3/H1/trades.csv|92|T3-H1-MIX-000017,SHORT,2025-09-18 16:00:00+03:00,2025-09-22 18:00:00+03:00,2025-09-18,2025-09-22,2025,9,2025,9,3,0,16,18,2.57783083526,2.57783163135,7.96095184055e-07,0.734129200926,4.2132632401,ATR_TRAILING_STOP,308964.563406,302488.371918,,4 days 02:00:00,5880,98,SOURCE,SOURCE,SOURCE,UNAVAILABLE,DERIVED
v2,quarterly,true_oos,T3,H1,MIX,V2_TRUE_OOS,TradingSystemLab/results/true_oos_v2/T3/H1/trades.csv,95,T3-H1-MIX-000018,v2|true_oos|T3|H1|MIX|TradingSystemLab/results/true_oos_v2/T3/H1/trades.csv|95|T3-H1-MIX-000018,SHORT,2025-09-23 23:00:00+03:00,2025-09-24 12:00:00+03:00,2025-09-23,2025-09-24,2025,9,2025,9,1,2,23,12,-1.00000112977,-1.00000056489,5.64887232233e-07,1,0.392575790647,ATR_TRAILING_STOP,296027.557723,299568.087383,,0 days 13:00:00,780,13,SOURCE,SOURCE,SOURCE,UNAVAILABLE,DERIVED
v2,quarterly,true_oos,T3,H1,MIX,V2_TRUE_OOS,TradingSystemLab/results/true_oos_v2/T3/H1/trades.csv,96,T3-H1-MIX-000019,v2|true_oos|T3|H1|MIX|TradingSystemLab/results/true_oos_v2/T3/H1/trades.csv|96|T3-H1-MIX-000019,SHORT,2025-09-25 19:00:00+03:00,2025-09-26 18:00:00+03:00,2025-09-25,2025-09-26,2025,9,2025,9,3,4,19,18,-0.817395274764,-0.817394633099,6.41665340231e-07,0.817393991433,0.428782445924,ATR_TRAILING_STOP,297203.649149,299751.375947,,0 days 23:00:00,1380,23,SOURCE,SOURCE,SOURCE,UNAVAILABLE,DERIVED
v2,quarterly,true_oos,T3,H1,MIX,V2_TRUE_OOS,TradingSystemLab/results/true_oos_v2/T3/H1/trades.csv,111,T3-H1-MIX-000020,v2|true_oos|T3|H1|MIX|TradingSystemLab/results/true_oos_v2/T3/H1/trades.csv|111|T3-H1-MIX-000020,SHORT,2025-10-08 13:00:00+03:00,2025-10-09 13:00:00+03:00,2025-10-08,2025-10-09,2025,10,2025,10,2,3,13,13,2.00414809776,2.0041487758,6.78037934851e-07,0.163111623032,4.18653165782,ATR_TRAILING_STOP,289478.86683,283567.2523,,1 days 00:00:00,1440,24,SOURCE,SOURCE,SOURCE,UNAVAILABLE,DERIVED
v2,quarterly,true_oos,T3,H1,MIX,V2_TRUE_OOS,TradingSystemLab/results/true_oos_v2/T3/H1/trades.csv,112,T3-H1-MIX-000021,v2|true_oos|T3|H1|MIX|TradingSystemLab/results/true_oos_v2/T3/H1/trades.csv|112|T3-H1-MIX-000021,SHORT,2025-10-11 00:00:00+03:00,2025-10-12 12:00:00+03:00,2025-10-11,2025-10-12,2025,10,2025,10,5,6,0,12,-0.139875965164,-0.139875461314,5.03849968365e-07,0.141409615687,0.774385990669,ATR_TRAILING_STOP,282449.047626,283004.272262,,1 days 12:00:00,2160,36,SOURCE,SOURCE,SOURCE,UNAVAILABLE,DERIVED
v2,quarterly,true_oos,T3,H1,MIX,V2_TRUE_OOS,TradingSystemLab/results/true_oos_v2/T3/H1/trades.csv,119,T3-H1-MIX-000022,v2|true_oos|T3|H1|MIX|TradingSystemLab/results/true_oos_v2/T3/H1/trades.csv|119|T3-H1-MIX-000022,SHORT,2025-10-14 16:00:00+03:00,2025-10-15 16:00:00+03:00,2025-10-14,2025-10-15,2025,10,2025,10,1,2,16,16,-0.636727445729,-0.636726843356,6.02373562606e-07,0.636726240982,0.644042165509,ATR_TRAILING_STOP,279348.442958,281462.500681,,1 days 00:00:00,1440,24,SOURCE,SOURCE,SOURCE,UNAVAILABLE,DERIVED
v2,quarterly,true_oos,T3,H1,MIX,V2_TRUE_OOS,TradingSystemLab/results/true_oos_v2/T3/H1/trades.csv,133,T3-H1-MIX-000023,v2|true_oos|T3|H1|MIX|TradingSystemLab/results/true_oos_v2/T3/H1/trades.csv|133|T3-H1-MIX-000023,SHORT,2025-10-23 09:00:00+03:00,2025-10-24 14:00:00+03:00,2025-10-23,2025-10-24,2025,10,2025,10,3,4,9,14,-0.319051443864,-0.319051071407,3.72456071106e-07,0.319050698951,0.657063587526,ATR_TRAILING_STOP,282074.836718,283788.062646,,1 days 05:00:00,1740,29,SOURCE,SOURCE,SOURCE,UNAVAILABLE,DERIVED
v2,quarterly,true_oos,T3,H1,MIX,V2_TRUE_OOS,TradingSystemLab/results/true_oos_v2/T3/H1/trades.csv,138,T3-H1-MIX-000024,v2|true_oos|T3|H1|MIX|TradingSystemLab/results/true_oos_v2/T3/H1/trades.csv|138|T3-H1-MIX-000024,SHORT,2025-10-27 15:00:00+03:00,2025-10-28 12:00:00+03:00,2025-10-27,2025-10-28,2025,10,2025,10,0,1,15,12,-0.831644806838,-0.831644310043,4.96795151954e-07,0.831643813248,0.418288871236,ATR_TRAILING_STOP,269405.124541,272753.159682,,0 days 21:00:00,1260,21,SOURCE,SOURCE,SOURCE,UNAVAILABLE,DERIVED
v2,quarterly,true_oos,T3,H1,MIX,V2_TRUE_OOS,TradingSystemLab/results/true_oos_v2/T3/H1/trades.csv,144,T3-H1-MIX-000025,v2|true_oos|T3|H1|MIX|TradingSystemLab/results/true_oos_v2/T3/H1/trades.csv|144|T3-H1-MIX-000025,LONG,2025-11-20 21:00:00+03:00,2025-11-21 15:00:00+03:00,2025-11-20,2025-11-21,2025,11,2025,11,3,4,21,15,-1.00000079085,-1.00000039543,3.95427286483e-07,1,0.184966504994,ATR_TRAILING_STOP,293087.329159,288029.509255,,0 days 18:00:00,1080,18,SOURCE,SOURCE,SOURCE,UNAVAILABLE,DERIVED
v2,quarterly,true_oos,T3,H1,MIX,V2_TRUE_OOS,TradingSystemLab/results/true_oos_v2/T3/H1/trades.csv,154,T3-H1-MIX-000026,v2|true_oos|T3|H1|MIX|TradingSystemLab/results/true_oos_v2/T3/H1/trades.csv|154|T3-H1-MIX-000026,LONG,2025-12-09 23:00:00+03:00,2025-12-12 10:00:00+03:00,2025-12-09,2025-12-12,2025,12,2025,12,1,4,23,10,0.959424821958,0.959425583739,7.61780181601e-07,0.70248518921,2.27035068397,ATR_TRAILING_STOP,293301.163964,295820.069991,,2 days 11:00:00,3540,59,SOURCE,SOURCE,SOURCE,UNAVAILABLE,DERIVED
v2,quarterly,true_oos,T3,H1,MIX,V2_TRUE_OOS,TradingSystemLab/results/true_oos_v2/T3/H1/trades.csv,180,T3-H1-MIX-000027,v2|true_oos|T3|H1|MIX|TradingSystemLab/results/true_oos_v2/T3/H1/trades.csv|180|T3-H1-MIX-000027,LONG,2026-01-25 13:00:00+03:00,2026-01-26 10:00:00+03:00,2026-01-25,2026-01-26,2026,1,2026,1,6,0,13,10,-1.00000197665,-1.00000098833,9.88326091634e-07,1,0.0384000325343,ATR_TRAILING_STOP,297281.890479,295258.266883,,0 days 21:00:00,1260,21,SOURCE,SOURCE,SOURCE,UNAVAILABLE,DERIVED
v2,quarterly,true_oos,T3,H1,MIX,V2_TRUE_OOS,TradingSystemLab/results/true_oos_v2/T3/H1/trades.csv,204,T3-H1-MIX-000028,v2|true_oos|T3|H1|MIX|TradingSystemLab/results/true_oos_v2/T3/H1/trades.csv|204|T3-H1-MIX-000028,LONG,2026-03-09 09:00:00+03:00,2026-03-09 13:00:00+03:00,2026-03-09,2026-03-09,2026,3,2026,3,0,0,9,13,-0.812210891365,-0.812209827518,1.06384698068e-06,0.826685827993,0.964466799325,ATR_TRAILING_STOP,301633.494348,300106.56655,,0 days 04:00:00,240,4,SOURCE,SOURCE,SOURCE,UNAVAILABLE,DERIVED
v2,quarterly,true_oos,T3,H1,MIX,V2_TRUE_OOS,TradingSystemLab/results/true_oos_v2/T3/H1/trades.csv,217,T3-H1-MIX-000029,v2|true_oos|T3|H1|MIX|TradingSystemLab/results/true_oos_v2/T3/H1/trades.csv|217|T3-H1-MIX-000029,SHORT,2026-03-26 23:00:00+03:00,2026-03-27 00:00:00+03:00,2026-03-26,2026-03-27,2026,3,2026,3,3,4,23,0,-1.00000288659,-1.00000144329,1.4432936315e-06,1,0,ATR_TRAILING_STOP,289609.608065,290995.327475,,0 days 01:00:00,60,1,SOURCE,SOURCE,SOURCE,UNAVAILABLE,DERIVED
v2,quarterly,true_oos,T3,H1,MIX,V2_TRUE_OOS,TradingSystemLab/results/true_oos_v2/T3/H1/trades.csv,219,T3-H1-MIX-000030,v2|true_oos|T3|H1|MIX|TradingSystemLab/results/true_oos_v2/T3/H1/trades.csv|219|T3-H1-MIX-000030,SHORT,2026-03-27 14:00:00+03:00,2026-03-29 16:00:00+03:00,2026-03-27,2026-03-29,2026,3,2026,3,4,6,14,16,1.00918432437,1.00918549382,1.16944772247e-06,0.456843712176,1.84211174265,ATR_TRAILING_STOP,288954.325687,287228.40559,,2 days 02:00:00,3000,50,SOURCE,SOURCE,SOURCE,UNAVAILABLE,DERIVED
v2,quarterly,true_oos,T3,H1,MIX,V2_TRUE_OOS,TradingSystemLab/results/true_oos_v2/T3/H1/trades.csv,221,T3-H1-MIX-000031,v2|true_oos|T3|H1|MIX|TradingSystemLab/results/true_oos_v2/T3/H1/trades.csv|221|T3-H1-MIX-000031,SHORT,2026-03-31 17:00:00+03:00,2026-04-01 11:00:00+03:00,2026-03-31,2026-04-01,2026,3,2026,4,1,2,17,11,-0.85950467855,-0.859503556045,1.12250493477e-06,0.85950243354,0.396069532586,ATR_TRAILING_STOP,284896.615575,286428.016296,,0 days 18:00:00,1080,18,SOURCE,SOURCE,SOURCE,UNAVAILABLE,DERIVED
v2,quarterly,true_oos,T3,H1,MIX,V2_TRUE_OOS,TradingSystemLab/results/true_oos_v2/T3/H1/trades.csv,224,T3-H1-MIX-000032,v2|true_oos|T3|H1|MIX|TradingSystemLab/results/true_oos_v2/T3/H1/trades.csv|224|T3-H1-MIX-000032,SHORT,2026-04-10 11:00:00+03:00,2026-04-10 15:00:00+03:00,2026-04-10,2026-04-10,2026,4,2026,4,4,4,11,15,-1.00000241484,-1.00000120742,1.20741915983e-06,1,0.410815643569,ATR_TRAILING_STOP,279377.121695,281033.54729,,0 days 04:00:00,240,4,SOURCE,SOURCE,SOURCE,UNAVAILABLE,DERIVED
v2,quarterly,true_oos,T3,H1,MIX,V2_TRUE_OOS,TradingSystemLab/results/true_oos_v2/T3/H1/trades.csv,225,T3-H1-MIX-000033,v2|true_oos|T3|H1|MIX|TradingSystemLab/results/true_oos_v2/T3/H1/trades.csv|225|T3-H1-MIX-000033,SHORT,2026-04-10 18:00:00+03:00,2026-04-12 11:00:00+03:00,2026-04-10,2026-04-12,2026,4,2026,4,4,6,18,11,-0.541149907111,-0.541148752189,1.15492142665e-06,0.541147597268,0.334738310831,ATR_TRAILING_STOP,278343.791791,279280.907658,,1 days 17:00:00,2460,41,SOURCE,SOURCE,SOURCE,UNAVAILABLE,DERIVED
v2,quarterly,true_oos,T3,H1,MIX,V2_TRUE_OOS,TradingSystemLab/results/true_oos_v2/T3/H1/trades.csv,228,T3-H1-MIX-000034,v2|true_oos|T3|H1|MIX|TradingSystemLab/results/true_oos_v2/T3/H1/trades.csv|228|T3-H1-MIX-000034,SHORT,2026-04-13 17:00:00+03:00,2026-04-14 14:00:00+03:00,2026-04-13,2026-04-14,2026,4,2026,4,0,1,17,14,-0.867890668137,-0.867889307519,1.36061836044e-06,0.960173022595,0.771567607443,ATR_TRAILING_STOP,277285.258718,278560.98448,,0 days 21:00:00,1260,21,SOURCE,SOURCE,SOURCE,UNAVAILABLE,DERIVED
v2,quarterly,true_oos,T3,H1,MIX,V2_TRUE_OOS,TradingSystemLab/results/true_oos_v2/T3/H1/trades.csv,230,T3-H1-MIX-000035,v2|true_oos|T3|H1|MIX|TradingSystemLab/results/true_oos_v2/T3/H1/trades.csv|230|T3-H1-MIX-000035,SHORT,2026-04-17 17:00:00+03:00,2026-04-19 11:00:00+03:00,2026-04-17,2026-04-19,2026,4,2026,4,4,6,17,11,-0.426171922297,-0.42617097319,9.4910691296e-07,0.550171531172,0.454489525751,ATR_TRAILING_STOP,277688.509413,278586.553707,,1 days 18:00:00,2520,42,SOURCE,SOURCE,SOURCE,UNAVAILABLE,DERIVED
v2,quarterly,true_oos,T3,H1,MIX,V2_TRUE_OOS,TradingSystemLab/results/true_oos_v2/T3/H1/trades.csv,234,T3-H1-MIX-000036,v2|true_oos|T3|H1|MIX|TradingSystemLab/results/true_oos_v2/T3/H1/trades.csv|234|T3-H1-MIX-000036,SHORT,2026-04-29 15:00:00+03:00,2026-04-29 22:00:00+03:00,2026-04-29,2026-04-29,2026,4,2026,4,2,2,15,22,1.07632615755,1.07632731766,1.16010486723e-06,0.0438574774926,3.07002342448,ATR_TRAILING_STOP,272899.907417,271044.336411,,0 days 07:00:00,420,7,SOURCE,SOURCE,SOURCE,UNAVAILABLE,DERIVED
v2,quarterly,true_oos,T3,H1,MIX,V2_TRUE_OOS,TradingSystemLab/results/true_oos_v2/T3/H1/trades.csv,237,T3-H1-MIX-000037,v2|true_oos|T3|H1|MIX|TradingSystemLab/results/true_oos_v2/T3/H1/trades.csv|237|T3-H1-MIX-000037,SHORT,2026-05-05 12:00:00+03:00,2026-05-05 13:00:00+03:00,2026-05-05,2026-05-05,2026,5,2026,5,1,1,12,13,-1.00000187407,-1.00000093703,9.3703494745e-07,1,0,ATR_TRAILING_STOP,266019.442444,268153.834556,,0 days 01:00:00,60,1,SOURCE,SOURCE,SOURCE,UNAVAILABLE,DERIVED
v2,quarterly,true_oos,T3,H1,MIX,V2_TRUE_OOS,TradingSystemLab/results/true_oos_v2/T3/H1/trades.csv,239,T3-H1-MIX-000038,v2|true_oos|T3|H1|MIX|TradingSystemLab/results/true_oos_v2/T3/H1/trades.csv|239|T3-H1-MIX-000038,SHORT,2026-05-08 00:00:00+03:00,2026-05-08 22:00:00+03:00,2026-05-08,2026-05-08,2026,5,2026,5,4,4,0,22,-0.458145736027,-0.458144599114,1.13691350574e-06,0.4581434622,0.802307031105,ATR_TRAILING_STOP,266372.286802,267178.229312,,0 days 22:00:00,1320,22,SOURCE,SOURCE,SOURCE,UNAVAILABLE,DERIVED
v2,quarterly,true_oos,T3,H1,MIX,V2_TRUE_OOS,TradingSystemLab/results/true_oos_v2/T3/H1/trades.csv,243,T3-H1-MIX-000039,v2|true_oos|T3|H1|MIX|TradingSystemLab/results/true_oos_v2/T3/H1/trades.csv|243|T3-H1-MIX-000039,SHORT,2026-05-21 11:00:00+03:00,2026-05-21 14:00:00+03:00,2026-05-21,2026-05-21,2026,5,2026,5,3,3,11,14,-1.00000246166,-1.00000123083,1.23083193854e-06,1,0.279187781553,ATR_TRAILING_STOP,266246.27096,267871.18817,,0 days 03:00:00,180,3,SOURCE,SOURCE,SOURCE,UNAVAILABLE,DERIVED
v2,quarterly,true_oos,T3,H1,MIX,V2_TRUE_OOS,TradingSystemLab/results/true_oos_v2/T3/H1/trades.csv,245,T3-H1-MIX-000040,v2|true_oos|T3|H1|MIX|TradingSystemLab/results/true_oos_v2/T3/H1/trades.csv|245|T3-H1-MIX-000040,SHORT,2026-05-26 20:00:00+03:00,2026-05-27 15:00:00+03:00,2026-05-26,2026-05-27,2026,5,2026,5,1,2,20,15,-1.00000156335,-1.00000078167,7.81674676424e-07,1,0.236408142031,ATR_TRAILING_STOP,260827.589754,263386.19893,,0 days 19:00:00,1140,19,SOURCE,SOURCE,SOURCE,UNAVAILABLE,DERIVED
v2,quarterly,true_oos,T3,H1,MIX,V2_TRUE_OOS,TradingSystemLab/results/true_oos_v2/T3/H1/trades.csv,249,T3-H1-MIX-000041,v2|true_oos|T3|H1|MIX|TradingSystemLab/results/true_oos_v2/T3/H1/trades.csv|249|T3-H1-MIX-000041,SHORT,2026-05-29 11:00:00+03:00,2026-06-01 09:00:00+03:00,2026-05-29,2026-06-01,2026,5,2026,6,4,0,11,9,-0.247061227978,-0.247060138789,1.08918867173e-06,0.754902651558,0.384314077157,ATR_TRAILING_STOP,259945.47886,260399.135891,,2 days 22:00:00,4200,70,SOURCE,SOURCE,SOURCE,UNAVAILABLE,DERIVED
v2,quarterly,true_oos,T3,H1,MIX,V2_TRUE_OOS,TradingSystemLab/results/true_oos_v2/T3/H1/trades.csv,253,T3-H1-MIX-000042,v2|true_oos|T3|H1|MIX|TradingSystemLab/results/true_oos_v2/T3/H1/trades.csv|253|T3-H1-MIX-000042,SHORT,2026-06-04 00:00:00+03:00,2026-06-04 15:00:00+03:00,2026-06-04,2026-06-04,2026,6,2026,6,3,3,0,15,-1.00000205714,-1.00000102857,1.02857024843e-06,1,0.0648080729517,ATR_TRAILING_STOP,262364.983026,264309.429702,,0 days 15:00:00,900,15,SOURCE,SOURCE,SOURCE,UNAVAILABLE,DERIVED
v2,quarterly,true_oos,T3,H1,MIX,V2_TRUE_OOS,TradingSystemLab/results/true_oos_v2/T3/H1/trades.csv,255,T3-H1-MIX-000043,v2|true_oos|T3|H1|MIX|TradingSystemLab/results/true_oos_v2/T3/H1/trades.csv|255|T3-H1-MIX-000043,SHORT,2026-06-04 17:00:00+03:00,2026-06-07 17:00:00+03:00,2026-06-04,2026-06-07,2026,6,2026,6,3,6,17,17,0.912617734874,0.912618632358,8.97483952566e-07,0.203574952722,1.39109551027,ATR_TRAILING_STOP,261608.887974,259575.159066,,3 days 00:00:00,4320,72,SOURCE,SOURCE,SOURCE,UNAVAILABLE,DERIVED
v2,quarterly,true_oos,T3,H1,MIX,V2_TRUE_OOS,TradingSystemLab/results/true_oos_v2/T3/H1/trades.csv,257,T3-H1-MIX-000044,v2|true_oos|T3|H1|MIX|TradingSystemLab/results/true_oos_v2/T3/H1/trades.csv|257|T3-H1-MIX-000044,SHORT,2026-06-09 11:00:00+03:00,2026-06-09 14:00:00+03:00,2026-06-09,2026-06-09,2026,6,2026,6,1,1,11,14,-0.968107994641,-0.968106949396,1.04524511912e-06,0.968105904151,0.803476407019,ATR_TRAILING_STOP,252913.794877,254766.194638,,0 days 03:00:00,180,3,SOURCE,SOURCE,SOURCE,UNAVAILABLE,DERIVED
v2,quarterly,true_oos,T3,H1,MIX,V2_TRUE_OOS,TradingSystemLab/results/true_oos_v2/T3/H1/trades.csv,262,T3-H1-MIX-000045,v2|true_oos|T3|H1|MIX|TradingSystemLab/results/true_oos_v2/T3/H1/trades.csv|262|T3-H1-MIX-000045,SHORT,2026-06-16 16:00:00+03:00,2026-06-17 12:00:00+03:00,2026-06-16,2026-06-17,2026,6,2026,6,1,2,16,12,-0.213461851492,-0.213460972023,8.79469549254e-07,0.299233158539,1.05285740967,ATR_TRAILING_STOP,252157.699825,252643.129009,,0 days 20:00:00,1200,20,SOURCE,SOURCE,SOURCE,UNAVAILABLE,DERIVED
v2,quarterly,true_oos,T3,H1,MIX,V2_TRUE_OOS,TradingSystemLab/results/true_oos_v2/T3/H1/trades.csv,265,T3-H1-MIX-000046,v2|true_oos|T3|H1|MIX|TradingSystemLab/results/true_oos_v2/T3/H1/trades.csv|265|T3-H1-MIX-000046,SHORT,2026-06-18 11:00:00+03:00,2026-06-19 17:00:00+03:00,2026-06-18,2026-06-19,2026,6,2026,6,3,4,11,17,2.30049207415,2.30049307561,1.00146276496e-06,0.176680242969,4.10680604764,ATR_TRAILING_STOP,248301.61506,243707.34724,,1 days 06:00:00,1800,30,SOURCE,SOURCE,SOURCE,UNAVAILABLE,DERIVED
v2,quarterly,true_oos,T3,H1,MIX,V2_TRUE_OOS,TradingSystemLab/results/true_oos_v2/T3/H1/trades.csv,268,T3-H1-MIX-000047,v2|true_oos|T3|H1|MIX|TradingSystemLab/results/true_oos_v2/T3/H1/trades.csv|268|T3-H1-MIX-000047,SHORT,2026-06-22 13:00:00+03:00,2026-06-23 13:00:00+03:00,2026-06-22,2026-06-23,2026,6,2026,6,0,1,13,13,1.98268718759,1.98268789071,7.03122878303e-07,0.158202647618,3.95506619046,ATR_TRAILING_STOP,238250,232610.335426,,1 days 00:00:00,1440,24,SOURCE,SOURCE,SOURCE,UNAVAILABLE,DERIVED
v2,quarterly,true_oos,T3,H1,MIX,V2_TRUE_OOS,TradingSystemLab/results/true_oos_v2/T3/H1/trades.csv,269,T3-H1-MIX-000048,v2|true_oos|T3|H1|MIX|TradingSystemLab/results/true_oos_v2/T3/H1/trades.csv|269|T3-H1-MIX-000048,SHORT,2026-06-24 18:00:00+03:00,2026-06-26 16:00:00+03:00,2026-06-24,2026-06-26,2026,6,2026,6,2,4,18,16,-0.464607842704,-0.464607342031,5.00673769142e-07,0.926246472913,1.02012280463,ATR_TRAILING_STOP,223300,225155.926434,,1 days 22:00:00,2760,46,SOURCE,SOURCE,SOURCE,UNAVAILABLE,DERIVED
v2,quarterly,true_oos,T3,H1,MIX,V2_TRUE_OOS,TradingSystemLab/results/true_oos_v2/T3/H1/trades.csv,272,T3-H1-MIX-000049,v2|true_oos|T3|H1|MIX|TradingSystemLab/results/true_oos_v2/T3/H1/trades.csv|272|T3-H1-MIX-000049,SHORT,2026-06-29 09:00:00+03:00,2026-06-29 12:00:00+03:00,2026-06-29,2026-06-29,2026,6,2026,6,0,0,9,12,0.508698697599,0.508699992518,1.29491939815e-06,0.0323729849537,2.50890633391,ATR_TRAILING_STOP,228175,227389.312044,,0 days 03:00:00,180,3,SOURCE,SOURCE,SOURCE,UNAVAILABLE,DERIVED
v2,quarterly,true_oos,T3,H1,MIX,V2_TRUE_OOS,TradingSystemLab/results/true_oos_v2/T3/H1/trades.csv,275,T3-H1-MIX-000050,v2|true_oos|T3|H1|MIX|TradingSystemLab/results/true_oos_v2/T3/H1/trades.csv|275|T3-H1-MIX-000050,SHORT,2026-07-02 15:00:00+03:00,2026-07-05 11:00:00+03:00,2026-07-02,2026-07-05,2026,7,2026,7,3,6,15,11,1.10948267241,1.10948328375,6.11332232575e-07,0.145191405236,2.13966281401,ATR_TRAILING_STOP,226100,222470.27516,,2 days 20:00:00,4080,68,SOURCE,SOURCE,SOURCE,UNAVAILABLE,DERIVED
v2,quarterly,true_oos,T3,H1,MIX,V2_TRUE_OOS,TradingSystemLab/results/true_oos_v2/T3/H1/trades.csv,278,T3-H1-MIX-000051,v2|true_oos|T3|H1|MIX|TradingSystemLab/results/true_oos_v2/T3/H1/trades.csv|278|T3-H1-MIX-000051,SHORT,2026-07-07 11:00:00+03:00,2026-07-07 13:00:00+03:00,2026-07-07,2026-07-07,2026,7,2026,7,1,1,11,13,-1.00000108244,-1.00000054122,5.41217674868e-07,1,0.52092201206,ATR_TRAILING_STOP,212200,215895.370815,,0 days 02:00:00,120,2,SOURCE,SOURCE,SOURCE,UNAVAILABLE,DERIVED
v2,quarterly,true_oos,T3,H1,MIX,V2_TRUE_OOS,TradingSystemLab/results/true_oos_v2/T3/H1/trades.csv,280,T3-H1-MIX-000052,v2|true_oos|T3|H1|MIX|TradingSystemLab/results/true_oos_v2/T3/H1/trades.csv|280|T3-H1-MIX-000052,SHORT,2026-07-09 21:00:00+03:00,2026-07-12 12:00:00+03:00,2026-07-09,2026-07-12,2026,7,2026,7,3,6,21,12,0.129665913495,0.129666426841,5.13345889831e-07,0.526179537076,0.763602011123,ATR_TRAILING_STOP,215250,214744.816486,,2 days 15:00:00,3780,63,SOURCE,SOURCE,SOURCE,UNAVAILABLE,DERIVED
v2,quarterly,true_oos,T3,H1,MIX,V2_TRUE_OOS,TradingSystemLab/results/true_oos_v2/T3/H1/trades.csv,283,T3-H1-MIX-000053,v2|true_oos|T3|H1|MIX|TradingSystemLab/results/true_oos_v2/T3/H1/trades.csv|283|T3-H1-MIX-000053,SHORT,2026-07-17 19:00:00+03:00,2026-07-19 11:00:00+03:00,2026-07-17,2026-07-19,2026,7,2026,7,4,6,19,11,-0.246984695087,-0.246984227865,4.6722217558e-07,0.455541621191,0.724194372149,ATR_TRAILING_STOP,194725,195782.243314,,1 days 16:00:00,2400,40,SOURCE,SOURCE,SOURCE,UNAVAILABLE,DERIVED
v2,quarterly,true_oos,T3,H1,MIX,V2_TRUE_OOS,TradingSystemLab/results/true_oos_v2/T3/H1/trades.csv,288,T3-H1-MIX-000054,v2|true_oos|T3|H1|MIX|TradingSystemLab/results/true_oos_v2/T3/H1/trades.csv|288|T3-H1-MIX-000054,SHORT,2026-07-24 11:00:00+03:00,2026-07-24 14:00:00+03:00,2026-07-24,2026-07-24,2026,7,2026,7,4,4,11,14,-1.00000121366,-1.00000060683,6.06832285534e-07,1,0.0910248428301,ATR_TRAILING_STOP,213000,216295.803548,,0 days 03:00:00,180,3,SOURCE,SOURCE,SOURCE,UNAVAILABLE,DERIVED
v2,quarterly,true_oos,T3,H1,MIX,V2_TRUE_OOS,TradingSystemLab/results/true_oos_v2/T3/H1/trades.csv,289,T3-H1-MIX-000055,v2|true_oos|T3|H1|MIX|TradingSystemLab/results/true_oos_v2/T3/H1/trades.csv|289|T3-H1-MIX-000055,LONG,2026-07-25 12:00:00+03:00,2026-07-26 15:00:00+03:00,2026-07-25,2026-07-26,2026,7,2026,7,5,6,12,15,-0.853882401555,-0.853881901842,4.99712473965e-07,0.85388140213,0,ATR_TRAILING_STOP,224675,221257.509156,,1 days 03:00:00,1620,27,SOURCE,SOURCE,SOURCE,UNAVAILABLE,DERIVED
v2,quarterly,true_oos,T3,H1,MIX,V2_TRUE_OOS,TradingSystemLab/results/true_oos_v2/T3/H1/trades.csv,304,T3-H1-MIX-000056,v2|true_oos|T3|H1|MIX|TradingSystemLab/results/true_oos_v2/T3/H1/trades.csv|304|T3-H1-MIX-000056,SHORT,2026-08-14 13:00:00+03:00,2026-08-17 11:00:00+03:00,2026-08-14,2026-08-17,2026,8,2026,8,4,0,13,11,1.81093160685,1.81093228913,6.82285360273e-07,0,3.65875524447,ATR_TRAILING_STOP,221075,215766.567262,,2 days 22:00:00,4200,70,SOURCE,SOURCE,SOURCE,UNAVAILABLE,DERIVED
v2,quarterly,true_oos,T3,H1,MIX,V2_TRUE_OOS,TradingSystemLab/results/true_oos_v2/T3/H1/trades.csv,308,T3-H1-MIX-000057,v2|true_oos|T3|H1|MIX|TradingSystemLab/results/true_oos_v2/T3/H1/trades.csv|308|T3-H1-MIX-000057,SHORT,2026-08-20 18:00:00+03:00,2026-08-21 13:00:00+03:00,2026-08-20,2026-08-21,2026,8,2026,8,3,4,18,13,-0.659617308193,-0.659616702644,6.05549669056e-07,0.659616097094,0.635827152509,ATR_TRAILING_STOP,214025,216203.569755,,0 days 19:00:00,1140,19,SOURCE,SOURCE,SOURCE,UNAVAILABLE,DERIVED
v2,quarterly,true_oos,T3,H1,MIX,V2_TRUE_OOS,TradingSystemLab/results/true_oos_v2/T3/H1/trades.csv,311,T3-H1-MIX-000058,v2|true_oos|T3|H1|MIX|TradingSystemLab/results/true_oos_v2/T3/H1/trades.csv|311|T3-H1-MIX-000058,SHORT,2026-08-26 19:00:00+03:00,2026-08-27 12:00:00+03:00,2026-08-26,2026-08-27,2026,8,2026,8,2,3,19,12,-0.80083008384,-0.800829505659,5.78181852567e-07,0.800828927477,0.419181843111,ATR_TRAILING_STOP,207750,210520.162792,,0 days 17:00:00,1020,17,SOURCE,SOURCE,SOURCE,UNAVAILABLE,DERIVED
v2,quarterly,true_oos,T3,H1,NG,V2_TRUE_OOS,TradingSystemLab/results/true_oos_v2/T3/H1/trades.csv,3,T3-H1-NG-000001,v2|true_oos|T3|H1|NG|TradingSystemLab/results/true_oos_v2/T3/H1/trades.csv|3|T3-H1-NG-000001,LONG,2025-02-18 19:00:00+03:00,2025-02-20 12:00:00+03:00,2025-02-18,2025-02-20,2025,2,2025,2,1,3,19,12,7.45000819734,7.48152034625,0.0315121489171,0,10.240731057,ATR_TRAILING_STOP,3.73473838967,4.21157242057,,1 days 17:00:00,2460,41,SOURCE,SOURCE,SOURCE,UNAVAILABLE,DERIVED
v2,quarterly,true_oos,T3,H1,NG,V2_TRUE_OOS,TradingSystemLab/results/true_oos_v2/T3/H1/trades.csv,6,T3-H1-NG-000002,v2|true_oos|T3|H1|NG|TradingSystemLab/results/true_oos_v2/T3/H1/trades.csv|6|T3-H1-NG-000002,LONG,2025-02-25 22:00:00+03:00,2025-02-26 17:00:00+03:00,2025-02-25,2025-02-26,2025,2,2025,2,1,2,22,17,-0.502044638109,-0.482225707308,0.0198189308012,0.462406776506,0.755282960768,ATR_TRAILING_STOP,4.11971142315,4.07304828262,,0 days 19:00:00,1140,19,SOURCE,SOURCE,SOURCE,UNAVAILABLE,DERIVED
v2,quarterly,true_oos,T3,H1,NG,V2_TRUE_OOS,TradingSystemLab/results/true_oos_v2/T3/H1/trades.csv,10,T3-H1-NG-000003,v2|true_oos|T3|H1|NG|TradingSystemLab/results/true_oos_v2/T3/H1/trades.csv|10|T3-H1-NG-000003,LONG,2025-03-04 20:00:00+03:00,2025-03-04 23:00:00+03:00,2025-03-04,2025-03-04,2025,3,2025,3,1,1,20,23,-1.02560292616,-1.01280146308,0.0128014630806,1,0.0582160837036,ATR_TRAILING_STOP,4.51022025864,4.35398811647,,0 days 03:00:00,180,3,SOURCE,SOURCE,SOURCE,UNAVAILABLE,DERIVED
v2,quarterly,true_oos,T3,H1,NG,V2_TRUE_OOS,TradingSystemLab/results/true_oos_v2/T3/H1/trades.csv,13,T3-H1-NG-000004,v2|true_oos|T3|H1|NG|TradingSystemLab/results/true_oos_v2/T3/H1/trades.csv|13|T3-H1-NG-000004,LONG,2025-03-07 23:00:00+03:00,2025-03-10 17:00:00+03:00,2025-03-07,2025-03-10,2025,3,2025,3,4,0,23,17,0.568583878069,0.583464765154,0.0148808870854,0.225574989018,2.07528989896,ATR_TRAILING_STOP,4.42937382783,4.50979183635,,2 days 18:00:00,3960,66,SOURCE,SOURCE,SOURCE,UNAVAILABLE,DERIVED
v2,quarterly,true_oos,T3,H1,NG,V2_TRUE_OOS,TradingSystemLab/results/true_oos_v2/T3/H1/trades.csv,32,T3-H1-NG-000005,v2|true_oos|T3|H1|NG|TradingSystemLab/results/true_oos_v2/T3/H1/trades.csv|32|T3-H1-NG-000005,SHORT,2025-04-15 15:00:00+03:00,2025-04-17 18:00:00+03:00,2025-04-15,2025-04-17,2025,4,2025,4,1,3,15,18,-0.504703611672,-0.482733738904,0.0219698727677,0.920919222779,0.79886968723,ATR_TRAILING_STOP,3.31197703242,3.35392209701,,2 days 03:00:00,3060,51,SOURCE,SOURCE,SOURCE,UNAVAILABLE,DERIVED
v2,quarterly,true_oos,T3,H1,NG,V2_TRUE_OOS,TradingSystemLab/results/true_oos_v2/T3/H1/trades.csv,35,T3-H1-NG-000006,v2|true_oos|T3|H1|NG|TradingSystemLab/results/true_oos_v2/T3/H1/trades.csv|35|T3-H1-NG-000006,SHORT,2025-04-30 18:00:00+03:00,2025-04-30 19:00:00+03:00,2025-04-30,2025-04-30,2025,4,2025,4,2,2,18,19,-1.05205340747,-1.02602670374,0.026026703737,1,0,ATR_TRAILING_STOP,3.08752701561,3.16437116845,,0 days 01:00:00,60,1,SOURCE,SOURCE,SOURCE,UNAVAILABLE,DERIVED
v2,quarterly,true_oos,T3,H1,NG,V2_TRUE_OOS,TradingSystemLab/results/true_oos_v2/T3/H1/trades.csv,37,T3-H1-NG-000007,v2|true_oos|T3|H1|NG|TradingSystemLab/results/true_oos_v2/T3/H1/trades.csv|37|T3-H1-NG-000007,SHORT,2025-05-06 20:00:00+03:00,2025-05-07 09:00:00+03:00,2025-05-06,2025-05-07,2025,5,2025,5,1,2,20,9,-1.19340661617,-1.17277309904,0.0206335171369,1.1521395819,0.154909523617,ATR_TRAILING_STOP,3.22923418259,3.34091069166,,0 days 13:00:00,780,13,SOURCE,SOURCE,SOURCE,UNAVAILABLE,DERIVED
v2,quarterly,true_oos,T3,H1,NG,V2_TRUE_OOS,TradingSystemLab/results/true_oos_v2/T3/H1/trades.csv,47,T3-H1-NG-000008,v2|true_oos|T3|H1|NG|TradingSystemLab/results/true_oos_v2/T3/H1/trades.csv|47|T3-H1-NG-000008,LONG,2025-06-18 15:00:00+03:00,2025-06-20 16:00:00+03:00,2025-06-18,2025-06-20,2025,6,2025,6,2,4,15,16,2.15259512906,2.18541380549,0.0328186764354,0.0278633750965,3.39933176177,ATR_TRAILING_STOP,3.30349679743,3.438677903,,2 days 01:00:00,2940,49,SOURCE,SOURCE,SOURCE,UNAVAILABLE,DERIVED
v2,quarterly,true_oos,T3,H1,NG,V2_TRUE_OOS,TradingSystemLab/results/true_oos_v2/T3/H1/trades.csv,48,T3-H1-NG-000009,v2|true_oos|T3|H1|NG|TradingSystemLab/results/true_oos_v2/T3/H1/trades.csv|48|T3-H1-NG-000009,SHORT,2025-06-24 20:00:00+03:00,2025-06-27 09:00:00+03:00,2025-06-24,2025-06-27,2025,6,2025,6,1,4,20,9,2.03907586557,2.06773037304,0.0286545074663,0.0851478431674,3.68320648858,ATR_TRAILING_STOP,3.02756864036,2.88124716664,,2 days 13:00:00,3660,61,SOURCE,SOURCE,SOURCE,UNAVAILABLE,DERIVED
v2,quarterly,true_oos,T3,H1,NG,V2_TRUE_OOS,TradingSystemLab/results/true_oos_v2/T3/H1/trades.csv,49,T3-H1-NG-000010,v2|true_oos|T3|H1|NG|TradingSystemLab/results/true_oos_v2/T3/H1/trades.csv|49|T3-H1-NG-000010,SHORT,2025-06-30 16:00:00+03:00,2025-07-01 22:00:00+03:00,2025-06-30,2025-07-01,2025,6,2025,7,0,1,16,22,1.42874709522,1.46425554253,0.035508447313,0.299231319981,3.23454807789,ATR_TRAILING_STOP,2.84432867927,2.75985503408,,1 days 06:00:00,1800,30,SOURCE,SOURCE,SOURCE,UNAVAILABLE,DERIVED
v2,quarterly,true_oos,T3,H1,NG,V2_TRUE_OOS,TradingSystemLab/results/true_oos_v2/T3/H1/trades.csv,50,T3-H1-NG-000011,v2|true_oos|T3|H1|NG|TradingSystemLab/results/true_oos_v2/T3/H1/trades.csv|50|T3-H1-NG-000011,SHORT,2025-07-03 21:00:00+03:00,2025-07-07 16:00:00+03:00,2025-07-03,2025-07-07,2025,7,2025,7,3,0,21,16,0.562471533672,0.591340202828,0.0288686691563,0.324370138429,1.54075815754,ATR_TRAILING_STOP,2.74400670272,2.7010390918,,3 days 19:00:00,5460,91,SOURCE,SOURCE,SOURCE,UNAVAILABLE,DERIVED
v2,quarterly,true_oos,T3,H1,NG,V2_TRUE_OOS,TradingSystemLab/results/true_oos_v2/T3/H1/trades.csv,52,T3-H1-NG-000012,v2|true_oos|T3|H1|NG|TradingSystemLab/results/true_oos_v2/T3/H1/trades.csv|52|T3-H1-NG-000012,SHORT,2025-07-09 19:00:00+03:00,2025-07-10 12:00:00+03:00,2025-07-09,2025-07-10,2025,7,2025,7,2,3,19,12,-1.07228282139,-1.0361414107,0.0361414106968,1,0.174037332316,ATR_TRAILING_STOP,2.5554013868,2.61073956982,,0 days 17:00:00,1020,17,SOURCE,SOURCE,SOURCE,UNAVAILABLE,DERIVED
v2,quarterly,true_oos,T3,H1,NG,V2_TRUE_OOS,TradingSystemLab/results/true_oos_v2/T3/H1/trades.csv,56,T3-H1-NG-000013,v2|true_oos|T3|H1|NG|TradingSystemLab/results/true_oos_v2/T3/H1/trades.csv|56|T3-H1-NG-000013,SHORT,2025-07-21 13:00:00+03:00,2025-07-21 16:00:00+03:00,2025-07-21,2025-07-21,2025,7,2025,7,0,0,13,16,-1.0631943325,-1.03159716625,0.0315971662525,1,0.253591213757,ATR_TRAILING_STOP,2.7102985186,2.77359533401,,0 days 03:00:00,180,3,SOURCE,SOURCE,SOURCE,UNAVAILABLE,DERIVED
v2,quarterly,true_oos,T3,H1,NG,V2_TRUE_OOS,TradingSystemLab/results/true_oos_v2/T3/H1/trades.csv,91,T3-H1-NG-000014,v2|true_oos|T3|H1|NG|TradingSystemLab/results/true_oos_v2/T3/H1/trades.csv|91|T3-H1-NG-000014,SHORT,2025-09-19 14:00:00+03:00,2025-09-22 12:00:00+03:00,2025-09-19,2025-09-22,2025,9,2025,9,4,0,14,12,-0.643650296924,-0.58198365602,0.0616666409044,0.785749281713,0.942899138056,ATR_TRAILING_STOP,2.12097786612,2.1378530196,,2 days 22:00:00,4200,70,SOURCE,SOURCE,SOURCE,UNAVAILABLE,DERIVED
v2,quarterly,true_oos,T3,H1,NG,V2_TRUE_OOS,TradingSystemLab/results/true_oos_v2/T3/H1/trades.csv,93,T3-H1-NG-000015,v2|true_oos|T3|H1|NG|TradingSystemLab/results/true_oos_v2/T3/H1/trades.csv|93|T3-H1-NG-000015,SHORT,2025-09-22 19:00:00+03:00,2025-09-23 20:00:00+03:00,2025-09-22,2025-09-23,2025,9,2025,9,0,1,19,20,-0.422533351823,-0.377743501455,0.0447898503685,0.332953651086,0.831601844177,ATR_TRAILING_STOP,2.06054492314,2.07541229369,,1 days 01:00:00,1500,25,SOURCE,SOURCE,SOURCE,UNAVAILABLE,DERIVED
v2,quarterly,true_oos,T3,H1,NG,V2_TRUE_OOS,TradingSystemLab/results/true_oos_v2/T3/H1/trades.csv,103,T3-H1-NG-000016,v2|true_oos|T3|H1|NG|TradingSystemLab/results/true_oos_v2/T3/H1/trades.csv|103|T3-H1-NG-000016,LONG,2025-10-02 16:00:00+03:00,2025-10-02 21:00:00+03:00,2025-10-02,2025-10-02,2025,10,2025,10,3,3,16,21,-0.90541050789,-0.857747877795,0.0476626300956,0.920427871582,1.09203306798,ATR_TRAILING_STOP,2.29771869547,2.26372622606,,0 days 05:00:00,300,5,SOURCE,SOURCE,SOURCE,UNAVAILABLE,DERIVED
v2,quarterly,true_oos,T3,H1,NG,V2_TRUE_OOS,TradingSystemLab/results/true_oos_v2/T3/H1/trades.csv,108,T3-H1-NG-000017,v2|true_oos|T3|H1|NG|TradingSystemLab/results/true_oos_v2/T3/H1/trades.csv|108|T3-H1-NG-000017,LONG,2025-10-07 22:00:00+03:00,2025-10-08 17:00:00+03:00,2025-10-07,2025-10-08,2025,10,2025,10,1,2,22,17,-0.770014861457,-0.73186995425,0.0381449072074,0.693725047042,0.611775933752,ATR_TRAILING_STOP,2.29117248836,2.25479934721,,0 days 19:00:00,1140,19,SOURCE,SOURCE,SOURCE,UNAVAILABLE,DERIVED
v2,quarterly,true_oos,T3,H1,NG,V2_TRUE_OOS,TradingSystemLab/results/true_oos_v2/T3/H1/trades.csv,114,T3-H1-NG-000018,v2|true_oos|T3|H1|NG|TradingSystemLab/results/true_oos_v2/T3/H1/trades.csv|114|T3-H1-NG-000018,SHORT,2025-10-09 23:00:00+03:00,2025-10-13 10:00:00+03:00,2025-10-09,2025-10-13,2025,10,2025,10,3,0,23,10,1.49984860899,1.54312334291,0.0432747339214,0.0849856112587,2.03965467021,ATR_TRAILING_STOP,2.12686268991,2.05354517028,,3 days 11:00:00,4980,83,SOURCE,SOURCE,SOURCE,UNAVAILABLE,DERIVED
v2,quarterly,true_oos,T3,H1,NG,V2_TRUE_OOS,TradingSystemLab/results/true_oos_v2/T3/H1/trades.csv,126,T3-H1-NG-000019,v2|true_oos|T3|H1|NG|TradingSystemLab/results/true_oos_v2/T3/H1/trades.csv|126|T3-H1-NG-000019,LONG,2025-10-21 13:00:00+03:00,2025-10-21 16:00:00+03:00,2025-10-21,2025-10-21,2025,10,2025,10,1,1,13,16,-0.731405168645,-0.683477955456,0.0479272131889,0.635550742267,0.972598537532,ATR_TRAILING_STOP,2.24862214214,2.22210064423,,0 days 03:00:00,180,3,SOURCE,SOURCE,SOURCE,UNAVAILABLE,DERIVED
v2,quarterly,true_oos,T3,H1,NG,V2_TRUE_OOS,TradingSystemLab/results/true_oos_v2/T3/H1/trades.csv,127,T3-H1-NG-000020,v2|true_oos|T3|H1|NG|TradingSystemLab/results/true_oos_v2/T3/H1/trades.csv|127|T3-H1-NG-000020,LONG,2025-10-22 09:00:00+03:00,2025-10-22 10:00:00+03:00,2025-10-22,2025-10-22,2025,10,2025,10,2,2,9,10,-1.06879664672,-1.03439832336,0.0343983233586,1,0,ATR_TRAILING_STOP,2.32586738604,2.26772501732,,0 days 01:00:00,60,1,SOURCE,SOURCE,SOURCE,UNAVAILABLE,DERIVED
v2,quarterly,true_oos,T3,H1,NG,V2_TRUE_OOS,TradingSystemLab/results/true_oos_v2/T3/H1/trades.csv,137,T3-H1-NG-000021,v2|true_oos|T3|H1|NG|TradingSystemLab/results/true_oos_v2/T3/H1/trades.csv|137|T3-H1-NG-000021,LONG,2025-10-27 18:00:00+03:00,2025-10-28 11:00:00+03:00,2025-10-27,2025-10-28,2025,10,2025,10,0,1,18,11,-0.948618466393,-0.918192932952,0.0304255334408,0.887767399511,0.607474122137,ATR_TRAILING_STOP,2.22963814153,2.1712814063,,0 days 17:00:00,1020,17,SOURCE,SOURCE,SOURCE,UNAVAILABLE,DERIVED
v2,quarterly,true_oos,T3,H1,NG,V2_TRUE_OOS,TradingSystemLab/results/true_oos_v2/T3/H1/trades.csv,141,T3-H1-NG-000022,v2|true_oos|T3|H1|NG|TradingSystemLab/results/true_oos_v2/T3/H1/trades.csv|141|T3-H1-NG-000022,LONG,2025-11-11 20:00:00+03:00,2025-11-13 11:00:00+03:00,2025-11-11,2025-11-13,2025,11,2025,11,1,3,20,11,-0.8552081335,-0.818104206736,0.0371039267639,0.781000279972,0.529383730968,ATR_TRAILING_STOP,2.58015154346,2.53805355825,,1 days 15:00:00,2340,39,SOURCE,SOURCE,SOURCE,UNAVAILABLE,DERIVED
v2,quarterly,true_oos,T3,H1,NG,V2_TRUE_OOS,TradingSystemLab/results/true_oos_v2/T3/H1/trades.csv,142,T3-H1-NG-000023,v2|true_oos|T3|H1|NG|TradingSystemLab/results/true_oos_v2/T3/H1/trades.csv|142|T3-H1-NG-000023,LONG,2025-11-13 20:00:00+03:00,2025-11-14 10:00:00+03:00,2025-11-13,2025-11-14,2025,11,2025,11,3,4,20,10,-0.982707258353,-0.943829795638,0.0388774627146,0.904952332923,0.610156602365,ATR_TRAILING_STOP,2.63665121229,2.59009712827,,0 days 14:00:00,840,14,SOURCE,SOURCE,SOURCE,UNAVAILABLE,DERIVED
v2,quarterly,true_oos,T3,H1,NG,V2_TRUE_OOS,TradingSystemLab/results/true_oos_v2/T3/H1/trades.csv,150,T3-H1-NG-000024,v2|true_oos|T3|H1|NG|TradingSystemLab/results/true_oos_v2/T3/H1/trades.csv|150|T3-H1-NG-000024,LONG,2025-12-03 20:00:00+03:00,2025-12-04 18:00:00+03:00,2025-12-03,2025-12-04,2025,12,2025,12,2,3,20,18,-1.07632094718,-1.03816047359,0.0381604735922,1,0.259514734824,ATR_TRAILING_STOP,2.83642367247,2.78401342145,,0 days 22:00:00,1320,22,SOURCE,SOURCE,SOURCE,UNAVAILABLE,DERIVED
v2,quarterly,true_oos,T3,H1,NG,V2_TRUE_OOS,TradingSystemLab/results/true_oos_v2/T3/H1/trades.csv,153,T3-H1-NG-000025,v2|true_oos|T3|H1|NG|TradingSystemLab/results/true_oos_v2/T3/H1/trades.csv|153|T3-H1-NG-000025,LONG,2025-12-04 22:00:00+03:00,2025-12-05 23:00:00+03:00,2025-12-04,2025-12-05,2025,12,2025,12,3,4,22,23,2.0361146413,2.06952924898,0.0334146076839,0.359796543571,3.90095199872,ATR_TRAILING_STOP,2.86702644536,2.99289617734,,1 days 01:00:00,1500,25,SOURCE,SOURCE,SOURCE,UNAVAILABLE,DERIVED
v2,quarterly,true_oos,T3,H1,NG,V2_TRUE_OOS,TradingSystemLab/results/true_oos_v2/T3/H1/trades.csv,156,T3-H1-NG-000026,v2|true_oos|T3|H1|NG|TradingSystemLab/results/true_oos_v2/T3/H1/trades.csv|156|T3-H1-NG-000026,SHORT,2025-12-11 16:00:00+03:00,2025-12-15 09:00:00+03:00,2025-12-11,2025-12-15,2025,12,2025,12,3,0,16,9,2.40593751278,2.43860164847,0.0326641356905,0.379482760863,3.23948698298,ATR_TRAILING_STOP,2.50546035085,2.35414664045,,3 days 17:00:00,5340,89,SOURCE,SOURCE,SOURCE,UNAVAILABLE,DERIVED
v2,quarterly,true_oos,T3,H1,NG,V2_TRUE_OOS,TradingSystemLab/results/true_oos_v2/T3/H1/trades.csv,169,T3-H1-NG-000027,v2|true_oos|T3|H1|NG|TradingSystemLab/results/true_oos_v2/T3/H1/trades.csv|169|T3-H1-NG-000027,SHORT,2026-01-05 16:00:00+03:00,2026-01-08 09:00:00+03:00,2026-01-05,2026-01-08,2026,1,2026,1,0,3,16,9,-0.97213728022,-0.948540260969,0.0235970192516,0.924943241717,0.977582287994,ATR_TRAILING_STOP,2.20971702879,2.28811195078,,2 days 17:00:00,3900,65,SOURCE,SOURCE,SOURCE,UNAVAILABLE,DERIVED
v2,quarterly,true_oos,T3,H1,NG,V2_TRUE_OOS,TradingSystemLab/results/true_oos_v2/T3/H1/trades.csv,173,T3-H1-NG-000028,v2|true_oos|T3|H1|NG|TradingSystemLab/results/true_oos_v2/T3/H1/trades.csv|173|T3-H1-NG-000028,SHORT,2026-01-09 23:00:00+03:00,2026-01-12 19:00:00+03:00,2026-01-09,2026-01-12,2026,1,2026,1,4,0,23,19,-1.05403928717,-1.02701964359,0.0270196435861,1,0.284149162958,ATR_TRAILING_STOP,2.03061968668,2.10463990806,,2 days 20:00:00,4080,68,SOURCE,SOURCE,SOURCE,UNAVAILABLE,DERIVED
v2,quarterly,true_oos,T3,H1,NG,V2_TRUE_OOS,TradingSystemLab/results/true_oos_v2/T3/H1/trades.csv,177,T3-H1-NG-000029,v2|true_oos|T3|H1|NG|TradingSystemLab/results/true_oos_v2/T3/H1/trades.csv|177|T3-H1-NG-000029,SHORT,2026-01-15 19:00:00+03:00,2026-01-16 11:00:00+03:00,2026-01-15,2026-01-16,2026,1,2026,1,3,4,19,11,-1.05315960327,-1.02657980164,0.0265798016366,1,0.110115362544,ATR_TRAILING_STOP,1.95286212178,2.02810722809,,0 days 16:00:00,960,16,SOURCE,SOURCE,SOURCE,UNAVAILABLE,DERIVED
v2,quarterly,true_oos,T3,H1,NG,V2_TRUE_OOS,TradingSystemLab/results/true_oos_v2/T3/H1/trades.csv,178,T3-H1-NG-000030,v2|true_oos|T3|H1|NG|TradingSystemLab/results/true_oos_v2/T3/H1/trades.csv|178|T3-H1-NG-000030,LONG,2026-01-20 15:00:00+03:00,2026-01-20 19:00:00+03:00,2026-01-20,2026-01-20,2026,1,2026,1,1,1,15,19,-0.379106396056,-0.349897044183,0.0292093518728,0.781905074645,1.50795978682,ATR_TRAILING_STOP,2.43597879551,2.41402091752,,0 days 04:00:00,240,4,SOURCE,SOURCE,SOURCE,UNAVAILABLE,DERIVED
v2,quarterly,true_oos,T3,H1,NG,V2_TRUE_OOS,TradingSystemLab/results/true_oos_v2/T3/H1/trades.csv,179,T3-H1-NG-000031,v2|true_oos|T3|H1|NG|TradingSystemLab/results/true_oos_v2/T3/H1/trades.csv|179|T3-H1-NG-000031,LONG,2026-01-21 09:00:00+03:00,2026-01-22 21:00:00+03:00,2026-01-21,2026-01-22,2026,1,2026,1,2,3,9,21,4.65226254273,4.66877599628,0.0165134535562,0.0684122835094,7.74111300325,ATR_TRAILING_STOP,2.66160320514,3.22905439685,,1 days 12:00:00,2160,36,SOURCE,SOURCE,SOURCE,UNAVAILABLE,DERIVED
v2,quarterly,true_oos,T3,H1,NG,V2_TRUE_OOS,TradingSystemLab/results/true_oos_v2/T3/H1/trades.csv,181,T3-H1-NG-000032,v2|true_oos|T3|H1|NG|TradingSystemLab/results/true_oos_v2/T3/H1/trades.csv|181|T3-H1-NG-000032,LONG,2026-01-24 11:00:00+03:00,2026-01-26 16:00:00+03:00,2026-01-24,2026-01-26,2026,1,2026,1,5,0,11,16,1.04105667462,1.04876675936,0.00771008473269,0.122851929097,1.99265828996,ATR_TRAILING_STOP,3.4901674213,3.76421806554,,2 days 05:00:00,3180,53,SOURCE,SOURCE,SOURCE,UNAVAILABLE,DERIVED
v2,quarterly,true_oos,T3,H1,NG,V2_TRUE_OOS,TradingSystemLab/results/true_oos_v2/T3/H1/trades.csv,183,T3-H1-NG-000033,v2|true_oos|T3|H1|NG|TradingSystemLab/results/true_oos_v2/T3/H1/trades.csv|183|T3-H1-NG-000033,LONG,2026-01-26 20:00:00+03:00,2026-01-26 22:00:00+03:00,2026-01-26,2026-01-26,2026,1,2026,1,0,0,20,22,-0.148991872472,-0.141540114445,0.00745175802788,0.134088356417,1.61955590526,ATR_TRAILING_STOP,4.28431435463,4.24832597285,,0 days 02:00:00,120,2,SOURCE,SOURCE,SOURCE,UNAVAILABLE,DERIVED
v2,quarterly,true_oos,T3,H1,NG,V2_TRUE_OOS,TradingSystemLab/results/true_oos_v2/T3/H1/trades.csv,190,T3-H1-NG-000034,v2|true_oos|T3|H1|NG|TradingSystemLab/results/true_oos_v2/T3/H1/trades.csv|190|T3-H1-NG-000034,LONG,2026-01-28 19:00:00+03:00,2026-02-01 11:00:00+03:00,2026-01-28,2026-02-01,2026,1,2026,2,2,6,19,11,1.90400958221,1.91200041746,0.00799083525789,0.775274971535,2.58582566726,ATR_TRAILING_STOP,4.56706338215,5.04761170801,,3 days 16:00:00,5280,88,SOURCE,SOURCE,SOURCE,UNAVAILABLE,DERIVED
v2,quarterly,true_oos,T3,H1,NG,V2_TRUE_OOS,TradingSystemLab/results/true_oos_v2/T3/H1/trades.csv,226,T3-H1-NG-000035,v2|true_oos|T3|H1|NG|TradingSystemLab/results/true_oos_v2/T3/H1/trades.csv|226|T3-H1-NG-000035,SHORT,2026-04-09 19:00:00+03:00,2026-04-12 11:00:00+03:00,2026-04-09,2026-04-12,2026,4,2026,4,3,6,19,11,-0.236284260725,-0.202707270592,0.0335769901325,0.499037091401,0.738574895274,ATR_TRAILING_STOP,3.21861703766,3.22869121524,,2 days 16:00:00,3840,64,SOURCE,SOURCE,SOURCE,UNAVAILABLE,DERIVED
v2,quarterly,true_oos,T3,H1,NG,V2_TRUE_OOS,TradingSystemLab/results/true_oos_v2/T3/H1/trades.csv,229,T3-H1-NG-000036,v2|true_oos|T3|H1|NG|TradingSystemLab/results/true_oos_v2/T3/H1/trades.csv|229|T3-H1-NG-000036,SHORT,2026-04-13 20:00:00+03:00,2026-04-14 17:00:00+03:00,2026-04-13,2026-04-14,2026,4,2026,4,0,1,20,17,-0.227589971784,-0.189865384734,0.0377245870493,0.358835607287,1.16621572368,ATR_TRAILING_STOP,3.16867913017,3.17674499965,,0 days 21:00:00,1260,21,SOURCE,SOURCE,SOURCE,UNAVAILABLE,DERIVED
v2,quarterly,true_oos,T3,H1,NG,V2_TRUE_OOS,TradingSystemLab/results/true_oos_v2/T3/H1/trades.csv,235,T3-H1-NG-000037,v2|true_oos|T3|H1|NG|TradingSystemLab/results/true_oos_v2/T3/H1/trades.csv|235|T3-H1-NG-000037,SHORT,2026-04-29 16:00:00+03:00,2026-04-30 16:00:00+03:00,2026-04-29,2026-04-30,2026,4,2026,4,2,3,16,16,-0.561713181412,-0.516344644911,0.0453685365008,0.793942613293,0.868374733289,ATR_TRAILING_STOP,2.92247505973,2.94323729474,,1 days 00:00:00,1440,24,SOURCE,SOURCE,SOURCE,UNAVAILABLE,DERIVED
v2,quarterly,true_oos,T3,H1,NG,V2_TRUE_OOS,TradingSystemLab/results/true_oos_v2/T3/H1/trades.csv,248,T3-H1-NG-000038,v2|true_oos|T3|H1|NG|TradingSystemLab/results/true_oos_v2/T3/H1/trades.csv|248|T3-H1-NG-000038,LONG,2026-05-29 00:00:00+03:00,2026-05-29 23:00:00+03:00,2026-05-29,2026-05-29,2026,5,2026,5,4,4,0,23,-0.497843815645,-0.46823324834,0.0296105673047,0.438622681036,1.20718822211,ATR_TRAILING_STOP,3.45594246571,3.42631637469,,0 days 23:00:00,1380,23,SOURCE,SOURCE,SOURCE,UNAVAILABLE,DERIVED
v2,quarterly,true_oos,T3,H1,NG,V2_TRUE_OOS,TradingSystemLab/results/true_oos_v2/T3/H1/trades.csv,251,T3-H1-NG-000039,v2|true_oos|T3|H1|NG|TradingSystemLab/results/true_oos_v2/T3/H1/trades.csv|251|T3-H1-NG-000039,LONG,2026-06-03 12:00:00+03:00,2026-06-03 16:00:00+03:00,2026-06-03,2026-06-03,2026,6,2026,6,2,2,12,16,-1.06827447715,-1.03413723857,0.0341372385726,1,0.24979864704,ATR_TRAILING_STOP,3.39531189614,3.33672484916,,0 days 04:00:00,240,4,SOURCE,SOURCE,SOURCE,UNAVAILABLE,DERIVED
v2,quarterly,true_oos,T3,H1,NG,V2_TRUE_OOS,TradingSystemLab/results/true_oos_v2/T3/H1/trades.csv,290,T3-H1-NG-000040,v2|true_oos|T3|H1|NG|TradingSystemLab/results/true_oos_v2/T3/H1/trades.csv|290|T3-H1-NG-000040,SHORT,2026-07-24 21:00:00+03:00,2026-07-27 16:00:00+03:00,2026-07-24,2026-07-27,2026,7,2026,7,4,0,21,16,1.38844572607,1.42258426281,0.034138536743,0.429527007367,2.45188333372,ATR_TRAILING_STOP,3.01231201329,2.92697017157,,2 days 19:00:00,4020,67,SOURCE,SOURCE,SOURCE,UNAVAILABLE,DERIVED
v2,quarterly,true_oos,T3,H1,NG,V2_TRUE_OOS,TradingSystemLab/results/true_oos_v2/T3/H1/trades.csv,291,T3-H1-NG-000041,v2|true_oos|T3|H1|NG|TradingSystemLab/results/true_oos_v2/T3/H1/trades.csv|291|T3-H1-NG-000041,SHORT,2026-07-28 17:00:00+03:00,2026-07-29 17:00:00+03:00,2026-07-28,2026-07-29,2026,7,2026,7,1,2,17,17,0.32769949532,0.371253328653,0.0435538333328,0.0913315247985,1.51969253948,ATR_TRAILING_STOP,2.83511718898,2.81606916816,,1 days 00:00:00,1440,24,SOURCE,SOURCE,SOURCE,UNAVAILABLE,DERIVED
v2,quarterly,true_oos,T3,H1,NG,V2_TRUE_OOS,TradingSystemLab/results/true_oos_v2/T3/H1/trades.csv,301,T3-H1-NG-000042,v2|true_oos|T3|H1|NG|TradingSystemLab/results/true_oos_v2/T3/H1/trades.csv|301|T3-H1-NG-000042,SHORT,2026-08-13 17:00:00+03:00,2026-08-14 14:00:00+03:00,2026-08-13,2026-08-14,2026,8,2026,8,3,4,17,14,-0.511909836417,-0.459590427409,0.052319409008,0.781328956699,0.942983223602,ATR_TRAILING_STOP,2.83124744808,2.84681608795,,0 days 21:00:00,1260,21,SOURCE,SOURCE,SOURCE,UNAVAILABLE,DERIVED
v2,quarterly,true_oos,T3,H1,Si,V2_TRUE_OOS,TradingSystemLab/results/true_oos_v2/T3/H1/trades.csv,5,T3-H1-Si-000001,v2|true_oos|T3|H1|Si|TradingSystemLab/results/true_oos_v2/T3/H1/trades.csv|5|T3-H1-Si-000001,SHORT,2025-02-19 13:00:00+03:00,2025-02-21 14:00:00+03:00,2025-02-19,2025-02-21,2025,2,2025,2,2,4,13,14,2.3957986976,2.39580071803,2.02042972919e-06,0.716608555717,4.04970024013,ATR_TRAILING_STOP,112348.639905,109977.062508,,2 days 01:00:00,2940,49,SOURCE,SOURCE,SOURCE,UNAVAILABLE,DERIVED
v2,quarterly,true_oos,T3,H1,Si,V2_TRUE_OOS,TradingSystemLab/results/true_oos_v2/T3/H1/trades.csv,7,T3-H1-Si-000002,v2|true_oos|T3|H1|Si|TradingSystemLab/results/true_oos_v2/T3/H1/trades.csv|7|T3-H1-Si-000002,SHORT,2025-03-01 00:00:00+03:00,2025-03-03 10:00:00+03:00,2025-03-01,2025-03-03,2025,3,2025,3,5,0,0,10,-1.00000315059,-1.00000157529,1.57529301851e-06,1,0,ATR_TRAILING_STOP,109207.699702,110477.30477,,2 days 10:00:00,3480,58,SOURCE,SOURCE,SOURCE,UNAVAILABLE,DERIVED
v2,quarterly,true_oos,T3,H1,Si,V2_TRUE_OOS,TradingSystemLab/results/true_oos_v2/T3/H1/trades.csv,15,T3-H1-Si-000003,v2|true_oos|T3|H1|Si|TradingSystemLab/results/true_oos_v2/T3/H1/trades.csv|15|T3-H1-Si-000003,SHORT,2025-03-13 20:00:00+03:00,2025-03-18 14:00:00+03:00,2025-03-13,2025-03-18,2025,3,2025,3,3,1,20,14,3.58738810371,3.58738967528,1.57157845016e-06,0.586141864259,4.86536057261,ATR_TRAILING_STOP,105063.657526,100498.322278,,4 days 18:00:00,6840,114,SOURCE,SOURCE,SOURCE,UNAVAILABLE,DERIVED
v2,quarterly,true_oos,T3,H1,Si,V2_TRUE_OOS,TradingSystemLab/results/true_oos_v2/T3/H1/trades.csv,30,T3-H1-Si-000004,v2|true_oos|T3|H1|Si|TradingSystemLab/results/true_oos_v2/T3/H1/trades.csv|30|T3-H1-Si-000004,SHORT,2025-04-14 12:00:00+03:00,2025-04-14 20:00:00+03:00,2025-04-14,2025-04-14,2025,4,2025,4,0,0,12,20,-0.946320821438,-0.946318908498,1.91294044664e-06,0.946316995557,0.348439521164,ATR_TRAILING_STOP,100143.714162,101133.098852,,0 days 08:00:00,480,8,SOURCE,SOURCE,SOURCE,UNAVAILABLE,DERIVED
v2,quarterly,true_oos,T3,H1,Si,V2_TRUE_OOS,TradingSystemLab/results/true_oos_v2/T3/H1/trades.csv,40,T3-H1-Si-000005,v2|true_oos|T3|H1|Si|TradingSystemLab/results/true_oos_v2/T3/H1/trades.csv|40|T3-H1-Si-000005,SHORT,2025-05-23 22:00:00+03:00,2025-05-26 11:00:00+03:00,2025-05-23,2025-05-26,2025,5,2025,5,4,0,22,11,-1.00000693773,-1.00000346886,3.46886274734e-06,1,0.205950673685,ATR_TRAILING_STOP,92720.5802273,93297.1380636,,2 days 13:00:00,3660,61,SOURCE,SOURCE,SOURCE,UNAVAILABLE,DERIVED
v2,quarterly,true_oos,T3,H1,Si,V2_TRUE_OOS,TradingSystemLab/results/true_oos_v2/T3/H1/trades.csv,41,T3-H1-Si-000006,v2|true_oos|T3|H1|Si|TradingSystemLab/results/true_oos_v2/T3/H1/trades.csv|41|T3-H1-Si-000006,SHORT,2025-06-10 17:00:00+03:00,2025-06-11 10:00:00+03:00,2025-06-10,2025-06-11,2025,6,2025,6,1,2,17,10,-0.122076950203,-0.122074228077,2.72212575861e-06,0.164754148915,1.041873856,ATR_TRAILING_STOP,90711.1808721,90800.8692383,,0 days 17:00:00,1020,17,SOURCE,SOURCE,SOURCE,UNAVAILABLE,DERIVED
v2,quarterly,true_oos,T3,H1,Si,V2_TRUE_OOS,TradingSystemLab/results/true_oos_v2/T3/H1/trades.csv,44,T3-H1-Si-000007,v2|true_oos|T3|H1|Si|TradingSystemLab/results/true_oos_v2/T3/H1/trades.csv|44|T3-H1-Si-000007,SHORT,2025-06-16 10:00:00+03:00,2025-06-16 11:00:00+03:00,2025-06-16,2025-06-16,2025,6,2025,6,0,0,10,11,-1.00000666894,-1.00000333447,3.33446776225e-06,1,0,ATR_TRAILING_STOP,90163.5820805,90763.3779528,,0 days 01:00:00,60,1,SOURCE,SOURCE,SOURCE,UNAVAILABLE,DERIVED
v2,quarterly,true_oos,T3,H1,Si,V2_TRUE_OOS,TradingSystemLab/results/true_oos_v2/T3/H1/trades.csv,55,T3-H1-Si-000008,v2|true_oos|T3|H1|Si|TradingSystemLab/results/true_oos_v2/T3/H1/trades.csv|55|T3-H1-Si-000008,SHORT,2025-07-15 13:00:00+03:00,2025-07-17 11:00:00+03:00,2025-07-15,2025-07-17,2025,7,2025,7,1,3,13,11,0.00441483985963,0.00441978055997,4.94070034488e-06,0.321541169332,0.937603241667,ATR_TRAILING_STOP,88432.3427985,88430.5516673,,1 days 22:00:00,2760,46,SOURCE,SOURCE,SOURCE,UNAVAILABLE,DERIVED
v2,quarterly,true_oos,T3,H1,Si,V2_TRUE_OOS,TradingSystemLab/results/true_oos_v2/T3/H1/trades.csv,59,T3-H1-Si-000009,v2|true_oos|T3|H1|Si|TradingSystemLab/results/true_oos_v2/T3/H1/trades.csv|59|T3-H1-Si-000009,LONG,2025-07-29 10:00:00+03:00,2025-07-29 15:00:00+03:00,2025-07-29,2025-07-29,2025,7,2025,7,1,1,10,15,-0.540755459828,-0.54075233292,3.12690771073e-06,0.540749206012,1.2090258542,ATR_TRAILING_STOP,91811.0379983,91465.1696478,,0 days 05:00:00,300,5,SOURCE,SOURCE,SOURCE,UNAVAILABLE,DERIVED
v2,quarterly,true_oos,T3,H1,Si,V2_TRUE_OOS,TradingSystemLab/results/true_oos_v2/T3/H1/trades.csv,64,T3-H1-Si-000010,v2|true_oos|T3|H1|Si|TradingSystemLab/results/true_oos_v2/T3/H1/trades.csv|64|T3-H1-Si-000010,SHORT,2025-08-04 11:00:00+03:00,2025-08-05 11:00:00+03:00,2025-08-04,2025-08-05,2025,8,2025,8,0,1,11,11,-0.405789350677,-0.405785458916,3.89176072739e-06,0.405781567155,0.659794872032,ATR_TRAILING_STOP,88805.3227477,89013.8564144,,1 days 00:00:00,1440,24,SOURCE,SOURCE,SOURCE,UNAVAILABLE,DERIVED
v2,quarterly,true_oos,T3,H1,Si,V2_TRUE_OOS,TradingSystemLab/results/true_oos_v2/T3/H1/trades.csv,81,T3-H1-Si-000011,v2|true_oos|T3|H1|Si|TradingSystemLab/results/true_oos_v2/T3/H1/trades.csv|81|T3-H1-Si-000011,LONG,2025-09-08 21:00:00+03:00,2025-09-10 17:00:00+03:00,2025-09-08,2025-09-10,2025,9,2025,9,0,2,21,17,4.21702887959,4.21703421154,5.33194808975e-06,0.131219850071,6.52600054355,ATR_TRAILING_STOP,91028.9832661,92610.783941,,1 days 20:00:00,2640,44,SOURCE,SOURCE,SOURCE,UNAVAILABLE,DERIVED
v2,quarterly,true_oos,T3,H1,Si,V2_TRUE_OOS,TradingSystemLab/results/true_oos_v2/T3/H1/trades.csv,83,T3-H1-Si-000012,v2|true_oos|T3|H1|Si|TradingSystemLab/results/true_oos_v2/T3/H1/trades.csv|83|T3-H1-Si-000012,LONG,2025-09-11 10:00:00+03:00,2025-09-11 12:00:00+03:00,2025-09-11,2025-09-11,2025,9,2025,9,3,3,10,12,-0.879174110843,-0.879170291475,3.81936866412e-06,0.879166472106,0.804180283285,ATR_TRAILING_STOP,93643.1242591,93182.7515905,,0 days 02:00:00,120,2,SOURCE,SOURCE,SOURCE,UNAVAILABLE,DERIVED
v2,quarterly,true_oos,T3,H1,Si,V2_TRUE_OOS,TradingSystemLab/results/true_oos_v2/T3/H1/trades.csv,90,T3-H1-Si-000013,v2|true_oos|T3|H1|Si|TradingSystemLab/results/true_oos_v2/T3/H1/trades.csv|90|T3-H1-Si-000013,LONG,2025-09-16 17:00:00+03:00,2025-09-19 11:00:00+03:00,2025-09-16,2025-09-19,2025,9,2025,9,1,4,17,11,-0.696930620117,-0.696927774326,2.84579099091e-06,0.891782063231,0.0280140962272,ATR_TRAILING_STOP,91251.0211831,90761.2277086,,2 days 18:00:00,3960,66,SOURCE,SOURCE,SOURCE,UNAVAILABLE,DERIVED
v2,quarterly,true_oos,T3,H1,Si,V2_TRUE_OOS,TradingSystemLab/results/true_oos_v2/T3/H1/trades.csv,100,T3-H1-Si-000014,v2|true_oos|T3|H1|Si|TradingSystemLab/results/true_oos_v2/T3/H1/trades.csv|100|T3-H1-Si-000014,SHORT,2025-09-30 16:00:00+03:00,2025-10-01 15:00:00+03:00,2025-09-30,2025-10-01,2025,9,2025,10,1,2,16,15,1.43375757439,1.43376174915,4.17475650734e-06,0.0743974442567,3.25379410617,ATR_TRAILING_STOP,88616.4813965,87929.6073614,,0 days 23:00:00,1380,23,SOURCE,SOURCE,SOURCE,UNAVAILABLE,DERIVED
v2,quarterly,true_oos,T3,H1,Si,V2_TRUE_OOS,TradingSystemLab/results/true_oos_v2/T3/H1/trades.csv,104,T3-H1-Si-000015,v2|true_oos|T3|H1|Si|TradingSystemLab/results/true_oos_v2/T3/H1/trades.csv|104|T3-H1-Si-000015,SHORT,2025-10-02 10:00:00+03:00,2025-10-03 10:00:00+03:00,2025-10-02,2025-10-03,2025,10,2025,10,3,4,10,10,-0.393036798154,-0.393033372902,3.42525116384e-06,0.915610043649,1.08975548332,ATR_TRAILING_STOP,86828.1130607,87057.6027705,,1 days 00:00:00,1440,24,SOURCE,SOURCE,SOURCE,UNAVAILABLE,DERIVED
v2,quarterly,true_oos,T3,H1,Si,V2_TRUE_OOS,TradingSystemLab/results/true_oos_v2/T3/H1/trades.csv,107,T3-H1-Si-000016,v2|true_oos|T3|H1|Si|TradingSystemLab/results/true_oos_v2/T3/H1/trades.csv|107|T3-H1-Si-000016,SHORT,2025-10-07 10:00:00+03:00,2025-10-08 10:00:00+03:00,2025-10-07,2025-10-08,2025,10,2025,10,1,2,10,10,-0.274518918805,-0.274515350812,3.56799273488e-06,0.353454662463,0.994909420267,ATR_TRAILING_STOP,87762.1319278,87916.0065588,,1 days 00:00:00,1440,24,SOURCE,SOURCE,SOURCE,UNAVAILABLE,DERIVED
v2,quarterly,true_oos,T3,H1,Si,V2_TRUE_OOS,TradingSystemLab/results/true_oos_v2/T3/H1/trades.csv,121,T3-H1-Si-000017,v2|true_oos|T3|H1|Si|TradingSystemLab/results/true_oos_v2/T3/H1/trades.csv|121|T3-H1-Si-000017,SHORT,2025-10-13 12:00:00+03:00,2025-10-16 11:00:00+03:00,2025-10-13,2025-10-16,2025,10,2025,10,0,3,12,11,4.13513749154,4.1351410582,3.56665298249e-06,0.1514236899,5.51668282585,ATR_TRAILING_STOP,86534.5942249,84215.8126416,,2 days 23:00:00,4260,71,SOURCE,SOURCE,SOURCE,UNAVAILABLE,DERIVED
v2,quarterly,true_oos,T3,H1,Si,V2_TRUE_OOS,TradingSystemLab/results/true_oos_v2/T3/H1/trades.csv,129,T3-H1-Si-000018,v2|true_oos|T3|H1|Si|TradingSystemLab/results/true_oos_v2/T3/H1/trades.csv|129|T3-H1-Si-000018,SHORT,2025-10-22 20:00:00+03:00,2025-10-23 10:00:00+03:00,2025-10-22,2025-10-23,2025,10,2025,10,2,3,20,10,-1.00000518771,-1.00000259385,2.59385407659e-06,1,0.087010860457,ATR_TRAILING_STOP,86682.4019244,87453.4553225,,0 days 14:00:00,840,14,SOURCE,SOURCE,SOURCE,UNAVAILABLE,DERIVED
v2,quarterly,true_oos,T3,H1,Si,V2_TRUE_OOS,TradingSystemLab/results/true_oos_v2/T3/H1/trades.csv,130,T3-H1-Si-000019,v2|true_oos|T3|H1|Si|TradingSystemLab/results/true_oos_v2/T3/H1/trades.csv|130|T3-H1-Si-000019,SHORT,2025-10-23 11:00:00+03:00,2025-10-23 16:00:00+03:00,2025-10-23,2025-10-23,2025,10,2025,10,3,3,11,16,-1.00000503623,-1.00000251811,2.51811359298e-06,1,0.146502908066,ATR_TRAILING_STOP,86473.7938946,87268.0392398,,0 days 05:00:00,300,5,SOURCE,SOURCE,SOURCE,UNAVAILABLE,DERIVED
v2,quarterly,true_oos,T3,H1,Si,V2_TRUE_OOS,TradingSystemLab/results/true_oos_v2/T3/H1/trades.csv,136,T3-H1-Si-000020,v2|true_oos|T3|H1|Si|TradingSystemLab/results/true_oos_v2/T3/H1/trades.csv|136|T3-H1-Si-000020,SHORT,2025-10-24 17:00:00+03:00,2025-10-27 19:00:00+03:00,2025-10-24,2025-10-27,2025,10,2025,10,4,0,17,19,0.509579145043,0.509581514574,2.3695313392e-06,0.0223554240083,1.64684956861,ATR_TRAILING_STOP,85309.1530851,84879.0394371,,3 days 02:00:00,4440,74,SOURCE,SOURCE,SOURCE,UNAVAILABLE,DERIVED
v2,quarterly,true_oos,T3,H1,Si,V2_TRUE_OOS,TradingSystemLab/results/true_oos_v2/T3/H1/trades.csv,147,T3-H1-Si-000021,v2|true_oos|T3|H1|Si|TradingSystemLab/results/true_oos_v2/T3/H1/trades.csv|147|T3-H1-Si-000021,SHORT,2025-11-21 11:00:00+03:00,2025-11-25 11:00:00+03:00,2025-11-21,2025-11-25,2025,11,2025,11,4,1,11,11,-0.0955952376878,-0.0955916453329,3.59235487393e-06,0.792700765175,1.08078441618,ATR_TRAILING_STOP,83222.0245057,83275.2419946,,4 days 00:00:00,5760,96,SOURCE,SOURCE,SOURCE,UNAVAILABLE,DERIVED
v2,quarterly,true_oos,T3,H1,Si,V2_TRUE_OOS,TradingSystemLab/results/true_oos_v2/T3/H1/trades.csv,148,T3-H1-Si-000022,v2|true_oos|T3|H1|Si|TradingSystemLab/results/true_oos_v2/T3/H1/trades.csv|148|T3-H1-Si-000022,SHORT,2025-12-03 19:00:00+03:00,2025-12-04 12:00:00+03:00,2025-12-03,2025-12-04,2025,12,2025,12,2,3,19,12,-0.110748820749,-0.110745378687,3.44206153469e-06,0.110741936626,1.32422761196,ATR_TRAILING_STOP,80680.9900122,80745.3362974,,0 days 17:00:00,1020,17,SOURCE,SOURCE,SOURCE,UNAVAILABLE,DERIVED
v2,quarterly,true_oos,T3,H1,Si,V2_TRUE_OOS,TradingSystemLab/results/true_oos_v2/T3/H1/trades.csv,152,T3-H1-Si-000023,v2|true_oos|T3|H1|Si|TradingSystemLab/results/true_oos_v2/T3/H1/trades.csv|152|T3-H1-Si-000023,SHORT,2025-12-04 20:00:00+03:00,2025-12-05 11:00:00+03:00,2025-12-04,2025-12-05,2025,12,2025,12,3,4,20,11,-0.299960248257,-0.299957183487,3.06477043822e-06,0.299954118716,1.16461909315,ATR_TRAILING_STOP,79565.6184359,79761.3617222,,0 days 15:00:00,900,15,SOURCE,SOURCE,SOURCE,UNAVAILABLE,DERIVED
v2,quarterly,true_oos,T3,H1,Si,V2_TRUE_OOS,TradingSystemLab/results/true_oos_v2/T3/H1/trades.csv,162,T3-H1-Si-000024,v2|true_oos|T3|H1|Si|TradingSystemLab/results/true_oos_v2/T3/H1/trades.csv|162|T3-H1-Si-000024,SHORT,2025-12-22 18:00:00+03:00,2025-12-24 13:00:00+03:00,2025-12-22,2025-12-24,2025,12,2025,12,0,2,18,13,0.146224285664,0.146226959679,2.67401504615e-06,0.550999892686,1.19899732149,ATR_TRAILING_STOP,80889.2669129,80779.8960746,,1 days 19:00:00,2580,43,SOURCE,SOURCE,SOURCE,UNAVAILABLE,DERIVED
v2,quarterly,true_oos,T3,H1,Si,V2_TRUE_OOS,TradingSystemLab/results/true_oos_v2/T3/H1/trades.csv,164,T3-H1-Si-000025,v2|true_oos|T3|H1|Si|TradingSystemLab/results/true_oos_v2/T3/H1/trades.csv|164|T3-H1-Si-000025,SHORT,2025-12-25 16:00:00+03:00,2025-12-26 11:00:00+03:00,2025-12-25,2025-12-26,2025,12,2025,12,3,4,16,11,-0.545698570945,-0.545695385422,3.18552311009e-06,0.545692199899,0.598623761541,ATR_TRAILING_STOP,79967.2997585,80309.9073498,,0 days 19:00:00,1140,19,SOURCE,SOURCE,SOURCE,UNAVAILABLE,DERIVED
v2,quarterly,true_oos,T3,H1,Si,V2_TRUE_OOS,TradingSystemLab/results/true_oos_v2/T3/H1/trades.csv,170,T3-H1-Si-000026,v2|true_oos|T3|H1|Si|TradingSystemLab/results/true_oos_v2/T3/H1/trades.csv|170|T3-H1-Si-000026,SHORT,2026-01-06 18:00:00+03:00,2026-01-08 11:00:00+03:00,2026-01-06,2026-01-08,2026,1,2026,1,1,3,18,11,-0.911997590427,-0.911993948871,3.64155673865e-06,0.911990307314,0.148606039363,ATR_TRAILING_STOP,81409.1959312,81910.0752928,,1 days 17:00:00,2460,41,SOURCE,SOURCE,SOURCE,UNAVAILABLE,DERIVED
v2,quarterly,true_oos,T3,H1,Si,V2_TRUE_OOS,TradingSystemLab/results/true_oos_v2/T3/H1/trades.csv,185,T3-H1-Si-000027,v2|true_oos|T3|H1|Si|TradingSystemLab/results/true_oos_v2/T3/H1/trades.csv|185|T3-H1-Si-000027,SHORT,2026-01-27 19:00:00+03:00,2026-01-28 15:00:00+03:00,2026-01-27,2026-01-28,2026,1,2026,1,1,2,19,15,-0.538695839824,-0.538691947809,3.89201483437e-06,0.538688055794,0.864723847155,ATR_TRAILING_STOP,77848.2867248,78125.1037868,,0 days 20:00:00,1200,20,SOURCE,SOURCE,SOURCE,UNAVAILABLE,DERIVED
v2,quarterly,true_oos,T3,H1,Si,V2_TRUE_OOS,TradingSystemLab/results/true_oos_v2/T3/H1/trades.csv,189,T3-H1-Si-000028,v2|true_oos|T3|H1|Si|TradingSystemLab/results/true_oos_v2/T3/H1/trades.csv|189|T3-H1-Si-000028,SHORT,2026-01-29 17:00:00+03:00,2026-01-30 10:00:00+03:00,2026-01-29,2026-01-30,2026,1,2026,1,3,4,17,10,-0.120271791258,-0.12026774338,4.04787817118e-06,0.120263695502,1.17670501907,ATR_TRAILING_STOP,77313.2434909,77372.6641011,,0 days 17:00:00,1020,17,SOURCE,SOURCE,SOURCE,UNAVAILABLE,DERIVED
v2,quarterly,true_oos,T3,H1,Si,V2_TRUE_OOS,TradingSystemLab/results/true_oos_v2/T3/H1/trades.csv,193,T3-H1-Si-000029,v2|true_oos|T3|H1|Si|TradingSystemLab/results/true_oos_v2/T3/H1/trades.csv|193|T3-H1-Si-000029,SHORT,2026-02-04 17:00:00+03:00,2026-02-05 13:00:00+03:00,2026-02-04,2026-02-05,2026,2,2026,2,2,3,17,13,-0.601886774555,-0.601882954071,3.82048412584e-06,0.823808992264,0.785313244962,ATR_TRAILING_STOP,77694.1217252,78009.2017589,,0 days 20:00:00,1200,20,SOURCE,SOURCE,SOURCE,UNAVAILABLE,DERIVED
v2,quarterly,true_oos,T3,H1,Si,V2_TRUE_OOS,TradingSystemLab/results/true_oos_v2/T3/H1/trades.csv,202,T3-H1-Si-000030,v2|true_oos|T3|H1|Si|TradingSystemLab/results/true_oos_v2/T3/H1/trades.csv|202|T3-H1-Si-000030,LONG,2026-03-05 12:00:00+03:00,2026-03-06 15:00:00+03:00,2026-03-05,2026-03-06,2026,3,2026,3,3,4,12,15,0.347809922989,0.347814155945,4.2329562918e-06,0.424386167645,1.62290388732,ATR_TRAILING_STOP,79199.4976036,79363.8358887,,1 days 03:00:00,1620,27,SOURCE,SOURCE,SOURCE,UNAVAILABLE,DERIVED
v2,quarterly,true_oos,T3,H1,Si,V2_TRUE_OOS,TradingSystemLab/results/true_oos_v2/T3/H1/trades.csv,210,T3-H1-Si-000031,v2|true_oos|T3|H1|Si|TradingSystemLab/results/true_oos_v2/T3/H1/trades.csv|210|T3-H1-Si-000031,LONG,2026-03-10 12:00:00+03:00,2026-03-18 14:00:00+03:00,2026-03-10,2026-03-18,2026,3,2026,3,1,2,12,14,6.43966493068,6.43966838122,3.45053820958e-06,0.436339894263,7.69766156094,ATR_TRAILING_STOP,79301.2666556,83033.8274567,,8 days 02:00:00,11640,194,SOURCE,SOURCE,SOURCE,UNAVAILABLE,DERIVED
v2,quarterly,true_oos,T3,H1,Si,V2_TRUE_OOS,TradingSystemLab/results/true_oos_v2/T3/H1/trades.csv,213,T3-H1-Si-000032,v2|true_oos|T3|H1|Si|TradingSystemLab/results/true_oos_v2/T3/H1/trades.csv|213|T3-H1-Si-000032,LONG,2026-03-18 15:00:00+03:00,2026-03-19 18:00:00+03:00,2026-03-18,2026-03-19,2026,3,2026,3,2,3,15,18,2.53666856248,2.53667193093,3.36844853376e-06,0.00339409716895,4.36141486211,ATR_TRAILING_STOP,83853.6684085,85359.8070797,,1 days 03:00:00,1620,27,SOURCE,SOURCE,SOURCE,UNAVAILABLE,DERIVED
v2,quarterly,true_oos,T3,H1,Si,V2_TRUE_OOS,TradingSystemLab/results/true_oos_v2/T3/H1/trades.csv,215,T3-H1-Si-000033,v2|true_oos|T3|H1|Si|TradingSystemLab/results/true_oos_v2/T3/H1/trades.csv|215|T3-H1-Si-000033,LONG,2026-03-25 18:00:00+03:00,2026-03-26 13:00:00+03:00,2026-03-25,2026-03-26,2026,3,2026,3,2,3,18,13,0.457775231064,0.457778251795,3.0207304674e-06,0.038769548033,1.9198680186,ATR_TRAILING_STOP,83311.2695448,83614.3626393,,0 days 19:00:00,1140,19,SOURCE,SOURCE,SOURCE,UNAVAILABLE,DERIVED
v2,quarterly,true_oos,T3,H1,Si,V2_TRUE_OOS,TradingSystemLab/results/true_oos_v2/T3/H1/trades.csv,222,T3-H1-Si-000034,v2|true_oos|T3|H1|Si|TradingSystemLab/results/true_oos_v2/T3/H1/trades.csv|222|T3-H1-Si-000034,LONG,2026-03-30 18:00:00+03:00,2026-04-01 11:00:00+03:00,2026-03-30,2026-04-01,2026,3,2026,4,0,2,18,11,-0.294195972106,-0.29419325846,2.71364635105e-06,0.884638278607,0.814981721236,ATR_TRAILING_STOP,84407.8487397,84191.0256856,,1 days 17:00:00,2460,41,SOURCE,SOURCE,SOURCE,UNAVAILABLE,DERIVED
v2,quarterly,true_oos,T3,H1,Si,V2_TRUE_OOS,TradingSystemLab/results/true_oos_v2/T3/H1/trades.csv,231,T3-H1-Si-000035,v2|true_oos|T3|H1|Si|TradingSystemLab/results/true_oos_v2/T3/H1/trades.csv|231|T3-H1-Si-000035,SHORT,2026-04-20 10:00:00+03:00,2026-04-21 14:00:00+03:00,2026-04-20,2026-04-21,2026,4,2026,4,0,1,10,14,0.999907355025,0.999911362864,4.0078393148e-06,0.604917829342,2.30650641732,ATR_TRAILING_STOP,78434.1617024,77935.1819319,,1 days 04:00:00,1680,28,SOURCE,SOURCE,SOURCE,UNAVAILABLE,DERIVED
v2,quarterly,true_oos,T3,H1,Si,V2_TRUE_OOS,TradingSystemLab/results/true_oos_v2/T3/H1/trades.csv,242,T3-H1-Si-000036,v2|true_oos|T3|H1|Si|TradingSystemLab/results/true_oos_v2/T3/H1/trades.csv|242|T3-H1-Si-000036,SHORT,2026-05-19 11:00:00+03:00,2026-05-20 11:00:00+03:00,2026-05-19,2026-05-20,2026,5,2026,5,1,2,11,11,1.71669141513,1.71669649266,5.07753231033e-06,0.570867822167,3.3261522424,ATR_TRAILING_STOP,73748.0311354,73071.835903,,1 days 00:00:00,1440,24,SOURCE,SOURCE,SOURCE,UNAVAILABLE,DERIVED
v2,quarterly,true_oos,T3,H1,Si,V2_TRUE_OOS,TradingSystemLab/results/true_oos_v2/T3/H1/trades.csv,247,T3-H1-Si-000037,v2|true_oos|T3|H1|Si|TradingSystemLab/results/true_oos_v2/T3/H1/trades.csv|247|T3-H1-Si-000037,SHORT,2026-05-26 19:00:00+03:00,2026-05-28 10:00:00+03:00,2026-05-26,2026-05-28,2026,5,2026,5,1,3,19,10,-0.118022537892,-0.118018752148,3.78574392183e-06,0.443123552898,0.827941375151,ATR_TRAILING_STOP,73662.8100931,73725.1571344,,1 days 15:00:00,2340,39,SOURCE,SOURCE,SOURCE,UNAVAILABLE,DERIVED
v2,quarterly,true_oos,T3,H1,Si,V2_TRUE_OOS,TradingSystemLab/results/true_oos_v2/T3/H1/trades.csv,254,T3-H1-Si-000038,v2|true_oos|T3|H1|Si|TradingSystemLab/results/true_oos_v2/T3/H1/trades.csv|254|T3-H1-Si-000038,LONG,2026-06-03 16:00:00+03:00,2026-06-04 17:00:00+03:00,2026-06-03,2026-06-04,2026,6,2026,6,2,3,16,17,-0.557805566334,-0.557802841324,2.72501061046e-06,0.853368850279,0.681296114895,ATR_TRAILING_STOP,76606.5297109,76197.1367242,,1 days 01:00:00,1500,25,SOURCE,SOURCE,SOURCE,UNAVAILABLE,DERIVED
v2,quarterly,true_oos,T3,H1,Si,V2_TRUE_OOS,TradingSystemLab/results/true_oos_v2/T3/H1/trades.csv,259,T3-H1-Si-000039,v2|true_oos|T3|H1|Si|TradingSystemLab/results/true_oos_v2/T3/H1/trades.csv|259|T3-H1-Si-000039,SHORT,2026-06-09 11:00:00+03:00,2026-06-10 11:00:00+03:00,2026-06-09,2026-06-10,2026,6,2026,6,1,2,11,11,0.262128038502,0.26213164656,3.60805789145e-06,0.146332011331,1.65595972316,ATR_TRAILING_STOP,74537.6092261,74392.3037668,,1 days 00:00:00,1440,24,SOURCE,SOURCE,SOURCE,UNAVAILABLE,DERIVED
v2,quarterly,true_oos,T3,H1,Si,V2_TRUE_OOS,TradingSystemLab/results/true_oos_v2/T3/H1/trades.csv,267,T3-H1-Si-000040,v2|true_oos|T3|H1|Si|TradingSystemLab/results/true_oos_v2/T3/H1/trades.csv|267|T3-H1-Si-000040,LONG,2026-06-22 20:00:00+03:00,2026-06-23 12:00:00+03:00,2026-06-22,2026-06-23,2026,6,2026,6,0,1,20,12,-0.43488429254,-0.434881063797,3.22874260999e-06,0.434877835055,0.813643137717,ATR_TRAILING_STOP,76408,76138.6209335,,0 days 16:00:00,960,16,SOURCE,SOURCE,SOURCE,UNAVAILABLE,DERIVED
v2,quarterly,true_oos,T3,H1,Si,V2_TRUE_OOS,TradingSystemLab/results/true_oos_v2/T3/H1/trades.csv,271,T3-H1-Si-000041,v2|true_oos|T3|H1|Si|TradingSystemLab/results/true_oos_v2/T3/H1/trades.csv|271|T3-H1-Si-000041,LONG,2026-06-25 19:00:00+03:00,2026-06-26 20:00:00+03:00,2026-06-25,2026-06-26,2026,6,2026,6,3,4,19,20,3.21411779762,3.21412133032,3.53270027875e-06,0.158971512544,5.54280673736,ATR_TRAILING_STOP,77862,79681.6419789,,1 days 01:00:00,1500,25,SOURCE,SOURCE,SOURCE,UNAVAILABLE,DERIVED
v2,quarterly,true_oos,T3,H1,Si,V2_TRUE_OOS,TradingSystemLab/results/true_oos_v2/T3/H1/trades.csv,274,T3-H1-Si-000042,v2|true_oos|T3|H1|Si|TradingSystemLab/results/true_oos_v2/T3/H1/trades.csv|274|T3-H1-Si-000042,LONG,2026-06-30 16:00:00+03:00,2026-07-01 11:00:00+03:00,2026-06-30,2026-07-01,2026,6,2026,7,1,2,16,11,-0.148841339246,-0.148839151266,2.18797962827e-06,0.378520475691,0.972556944767,ATR_TRAILING_STOP,80380,80243.9503208,,0 days 19:00:00,1140,19,SOURCE,SOURCE,SOURCE,UNAVAILABLE,DERIVED
v2,quarterly,true_oos,T3,H1,Si,V2_TRUE_OOS,TradingSystemLab/results/true_oos_v2/T3/H1/trades.csv,277,T3-H1-Si-000043,v2|true_oos|T3|H1|Si|TradingSystemLab/results/true_oos_v2/T3/H1/trades.csv|277|T3-H1-Si-000043,LONG,2026-07-06 11:00:00+03:00,2026-07-06 13:00:00+03:00,2026-07-06,2026-07-06,2026,7,2026,7,0,0,11,13,-1.00000570647,-1.00000285324,2.8532364068e-06,1,0.149794911357,ATR_TRAILING_STOP,79420,78719.0416093,,0 days 02:00:00,120,2,SOURCE,SOURCE,SOURCE,UNAVAILABLE,DERIVED
v2,quarterly,true_oos,T3,H1,Si,V2_TRUE_OOS,TradingSystemLab/results/true_oos_v2/T3/H1/trades.csv,294,T3-H1-Si-000044,v2|true_oos|T3|H1|Si|TradingSystemLab/results/true_oos_v2/T3/H1/trades.csv|294|T3-H1-Si-000044,LONG,2026-08-03 11:00:00+03:00,2026-08-04 20:00:00+03:00,2026-08-03,2026-08-04,2026,8,2026,8,0,1,11,20,1.9645042778,1.96450955586,5.27805408015e-06,0.0818098382423,3.87936974891,ATR_TRAILING_STOP,80608,81352.4087552,,1 days 09:00:00,1980,33,SOURCE,SOURCE,SOURCE,UNAVAILABLE,DERIVED
v2,quarterly,true_oos,T3,H1,Si,V2_TRUE_OOS,TradingSystemLab/results/true_oos_v2/T3/H1/trades.csv,295,T3-H1-Si-000045,v2|true_oos|T3|H1|Si|TradingSystemLab/results/true_oos_v2/T3/H1/trades.csv|295|T3-H1-Si-000045,LONG,2026-08-05 14:00:00+03:00,2026-08-05 16:00:00+03:00,2026-08-05,2026-08-05,2026,8,2026,8,2,2,14,16,-1.00000723976,-1.00000361988,3.61987779241e-06,1,0.0271490834431,ATR_TRAILING_STOP,82082,81529.4951601,,0 days 02:00:00,120,2,SOURCE,SOURCE,SOURCE,UNAVAILABLE,DERIVED
v2,quarterly,true_oos,T3,H1,Si,V2_TRUE_OOS,TradingSystemLab/results/true_oos_v2/T3/H1/trades.csv,299,T3-H1-Si-000046,v2|true_oos|T3|H1|Si|TradingSystemLab/results/true_oos_v2/T3/H1/trades.csv|299|T3-H1-Si-000046,LONG,2026-08-06 10:00:00+03:00,2026-08-10 09:00:00+03:00,2026-08-06,2026-08-10,2026,8,2026,8,3,0,10,9,2.65508938957,2.65509445477,5.06520711466e-06,0.516651125695,3.33037367789,ATR_TRAILING_STOP,82104,83152.3676027,,3 days 23:00:00,5700,95,SOURCE,SOURCE,SOURCE,UNAVAILABLE,DERIVED
v2,quarterly,true_oos,T3,H1,Si,V2_TRUE_OOS,TradingSystemLab/results/true_oos_v2/T3/H1/trades.csv,303,T3-H1-Si-000047,v2|true_oos|T3|H1|Si|TradingSystemLab/results/true_oos_v2/T3/H1/trades.csv|303|T3-H1-Si-000047,LONG,2026-08-17 08:00:00+03:00,2026-08-17 09:00:00+03:00,2026-08-17,2026-08-17,2026,8,2026,8,0,0,8,9,-1.00000970398,-1.00000485199,4.85198945943e-06,1,0,ATR_TRAILING_STOP,85347,84934.7979504,,0 days 01:00:00,60,1,SOURCE,SOURCE,SOURCE,UNAVAILABLE,DERIVED
v2,quarterly,true_oos,T3,H1,Si,V2_TRUE_OOS,TradingSystemLab/results/true_oos_v2/T3/H1/trades.csv,306,T3-H1-Si-000048,v2|true_oos|T3|H1|Si|TradingSystemLab/results/true_oos_v2/T3/H1/trades.csv|306|T3-H1-Si-000048,LONG,2026-08-17 11:00:00+03:00,2026-08-18 00:00:00+03:00,2026-08-17,2026-08-18,2026,8,2026,8,0,1,11,0,-0.187921864621,-0.187918100979,3.76364242441e-06,0.187914337337,1.05193805762,ATR_TRAILING_STOP,85475,85375.1423004,,0 days 13:00:00,780,13,SOURCE,SOURCE,SOURCE,UNAVAILABLE,DERIVED
v2,quarterly,true_oos,T3,H1,Si,V2_TRUE_OOS,TradingSystemLab/results/true_oos_v2/T3/H1/trades.csv,310,T3-H1-Si-000049,v2|true_oos|T3|H1|Si|TradingSystemLab/results/true_oos_v2/T3/H1/trades.csv|310|T3-H1-Si-000049,LONG,2026-08-24 18:00:00+03:00,2026-08-25 18:00:00+03:00,2026-08-24,2026-08-25,2026,8,2026,8,0,1,18,18,0.0958530787273,0.0958571094028,4.03067544687e-06,0.231763838195,1.45708917404,ATR_TRAILING_STOP,84535,84582.5657945,,1 days 00:00:00,1440,24,SOURCE,SOURCE,SOURCE,UNAVAILABLE,DERIVED
v2,quarterly,true_oos,T3,H1,Si,V2_TRUE_OOS,TradingSystemLab/results/true_oos_v2/T3/H1/trades.csv,313,T3-H1-Si-000050,v2|true_oos|T3|H1|Si|TradingSystemLab/results/true_oos_v2/T3/H1/trades.csv|313|T3-H1-Si-000050,LONG,2026-08-26 16:00:00+03:00,2026-08-28 10:00:00+03:00,2026-08-26,2026-08-28,2026,8,2026,8,2,4,16,10,2.1967129383,2.19671696204,4.02373924199e-06,0.655869496444,3.66361457983,ATR_TRAILING_STOP,85201,86292.8803897,,1 days 18:00:00,2520,42,SOURCE,SOURCE,SOURCE,UNAVAILABLE,DERIVED
v2,quarterly,true_oos,T3,H1,Si,V2_TRUE_OOS,TradingSystemLab/results/true_oos_v2/T3/H1/trades.csv,316,T3-H1-Si-000051,v2|true_oos|T3|H1|Si|TradingSystemLab/results/true_oos_v2/T3/H1/trades.csv|316|T3-H1-Si-000051,LONG,2026-08-28 19:00:00+03:00,2026-08-31 08:00:00+03:00,2026-08-28,2026-08-31,2026,8,2026,8,4,0,19,8,-0.508925414673,-0.508922510267,2.90440656293e-06,0.50891960586,0,ATR_TRAILING_STOP,87158,86807.5534665,,2 days 13:00:00,3660,61,SOURCE,SOURCE,SOURCE,UNAVAILABLE,DERIVED
v2,quarterly,true_oos,T3,H1,Si,V2_TRUE_OOS,TradingSystemLab/results/true_oos_v2/T3/H1/trades.csv,318,T3-H1-Si-000052,v2|true_oos|T3|H1|Si|TradingSystemLab/results/true_oos_v2/T3/H1/trades.csv|318|T3-H1-Si-000052,LONG,2026-09-01 14:00:00+03:00,2026-09-02 11:00:00+03:00,2026-09-01,2026-09-02,2026,9,2026,9,1,2,14,11,-0.86568217033,-0.865678489612,3.68071861352e-06,0.865674808893,0.382794735806,ATR_TRAILING_STOP,87200,86729.6164147,,0 days 21:00:00,1260,21,SOURCE,SOURCE,SOURCE,UNAVAILABLE,DERIVED
v2,quarterly,true_oos,T3,H1,Si,V2_TRUE_OOS,TradingSystemLab/results/true_oos_v2/T3/H1/trades.csv,326,T3-H1-Si-000053,v2|true_oos|T3|H1|Si|TradingSystemLab/results/true_oos_v2/T3/H1/trades.csv|326|T3-H1-Si-000053,SHORT,2026-09-11 17:00:00+03:00,2026-09-14 13:00:00+03:00,2026-09-11,2026-09-14,2026,9,2026,9,4,0,17,13,-0.762132461764,-0.762128818589,3.64317416794e-06,0.762125175415,0.506401209343,ATR_TRAILING_STOP,83912,84330.3852543,,2 days 20:00:00,4080,68,SOURCE,SOURCE,SOURCE,UNAVAILABLE,DERIVED
v2,quarterly,true_oos,T3,M30,BR,V2_TRUE_OOS,TradingSystemLab/results/true_oos_v2/T3/M30/trades.csv,6,T3-M30-BR-000001,v2|true_oos|T3|M30|BR|TradingSystemLab/results/true_oos_v2/T3/M30/trades.csv|6|T3-M30-BR-000001,SHORT,2025-01-23 23:30:00+03:00,2025-01-24 13:00:00+03:00,2025-01-23,2025-01-24,2025,1,2025,1,3,4,23,13,-1.00938978889,-1.00469489444,0.00469489444455,1,0.131437531699,ATR_TRAILING_STOP,54.5569006768,54.9828953447,,0 days 13:30:00,810,13.5,SOURCE,SOURCE,SOURCE,UNAVAILABLE,DERIVED
v2,quarterly,true_oos,T3,M30,BR,V2_TRUE_OOS,TradingSystemLab/results/true_oos_v2/T3/M30/trades.csv,14,T3-M30-BR-000002,v2|true_oos|T3|M30|BR|TradingSystemLab/results/true_oos_v2/T3/M30/trades.csv|14|T3-M30-BR-000002,SHORT,2025-01-28 19:30:00+03:00,2025-01-29 12:00:00+03:00,2025-01-28,2025-01-29,2025,1,2025,1,1,2,19,12,-0.806829619609,-0.80241266682,0.00441695278881,0.834680163439,0.401883041656,ATR_TRAILING_STOP,53.9549900343,54.316323176,,0 days 16:30:00,990,16.5,SOURCE,SOURCE,SOURCE,UNAVAILABLE,DERIVED
v2,quarterly,true_oos,T3,M30,BR,V2_TRUE_OOS,TradingSystemLab/results/true_oos_v2/T3/M30/trades.csv,23,T3-M30-BR-000003,v2|true_oos|T3|M30|BR|TradingSystemLab/results/true_oos_v2/T3/M30/trades.csv|23|T3-M30-BR-000003,SHORT,2025-02-06 22:00:00+03:00,2025-02-07 11:00:00+03:00,2025-02-06,2025-02-07,2025,2,2025,2,3,4,22,11,-1.00926762826,-1.00463381413,0.00463381413026,1,0.0163308280662,ATR_TRAILING_STOP,52.3213634934,52.7529733819,,0 days 13:00:00,780,13,SOURCE,SOURCE,SOURCE,UNAVAILABLE,DERIVED
v2,quarterly,true_oos,T3,M30,BR,V2_TRUE_OOS,TradingSystemLab/results/true_oos_v2/T3/M30/trades.csv,33,T3-M30-BR-000004,v2|true_oos|T3|M30|BR|TradingSystemLab/results/true_oos_v2/T3/M30/trades.csv|33|T3-M30-BR-000004,SHORT,2025-02-13 16:00:00+03:00,2025-02-13 18:00:00+03:00,2025-02-13,2025-02-13,2025,2,2025,2,3,3,16,18,-1.01263862943,-1.00631931471,0.00631931471276,1,0.0890839720102,ATR_TRAILING_STOP,52.3354605872,52.6519506009,,0 days 02:00:00,120,2,SOURCE,SOURCE,SOURCE,UNAVAILABLE,DERIVED
v2,quarterly,true_oos,T3,M30,BR,V2_TRUE_OOS,TradingSystemLab/results/true_oos_v2/T3/M30/trades.csv,42,T3-M30-BR-000005,v2|true_oos|T3|M30|BR|TradingSystemLab/results/true_oos_v2/T3/M30/trades.csv|42|T3-M30-BR-000005,SHORT,2025-02-14 18:30:00+03:00,2025-02-17 13:30:00+03:00,2025-02-14,2025-02-17,2025,2,2025,2,4,0,18,13,-0.522131338719,-0.516976658348,0.00515468037052,0.511821977978,0.599494603047,ATR_TRAILING_STOP,52.814761775,53.0133471154,,2 days 19:00:00,4020,67,SOURCE,SOURCE,SOURCE,UNAVAILABLE,DERIVED
v2,quarterly,true_oos,T3,M30,BR,V2_TRUE_OOS,TradingSystemLab/results/true_oos_v2/T3/M30/trades.csv,49,T3-M30-BR-000006,v2|true_oos|T3|M30|BR|TradingSystemLab/results/true_oos_v2/T3/M30/trades.csv|49|T3-M30-BR-000006,SHORT,2025-02-21 18:00:00+03:00,2025-02-24 13:30:00+03:00,2025-02-21,2025-02-24,2025,2,2025,2,4,0,18,13,1.4739553098,1.48005827466,0.00610296486034,0.129051101783,2.66705610352,ATR_TRAILING_STOP,53.1319463847,52.6449171215,,2 days 19:30:00,4050,67.5,SOURCE,SOURCE,SOURCE,UNAVAILABLE,DERIVED
v2,quarterly,true_oos,T3,M30,BR,V2_TRUE_OOS,TradingSystemLab/results/true_oos_v2/T3/M30/trades.csv,51,T3-M30-BR-000007,v2|true_oos|T3|M30|BR|TradingSystemLab/results/true_oos_v2/T3/M30/trades.csv|51|T3-M30-BR-000007,SHORT,2025-02-26 16:00:00+03:00,2025-02-27 13:00:00+03:00,2025-02-26,2025-02-27,2025,2,2025,2,2,3,16,13,-0.817364445416,-0.810489566595,0.00687487882153,0.969158113417,0.726868585063,ATR_TRAILING_STOP,51.3134212895,51.5472042284,,0 days 21:00:00,1260,21,SOURCE,SOURCE,SOURCE,UNAVAILABLE,DERIVED
v2,quarterly,true_oos,T3,M30,BR,V2_TRUE_OOS,TradingSystemLab/results/true_oos_v2/T3/M30/trades.csv,56,T3-M30-BR-000008,v2|true_oos|T3|M30|BR|TradingSystemLab/results/true_oos_v2/T3/M30/trades.csv|56|T3-M30-BR-000008,SHORT,2025-03-04 09:00:00+03:00,2025-03-04 21:00:00+03:00,2025-03-04,2025-03-04,2025,3,2025,3,1,1,9,21,0.361551928786,0.366380302911,0.00482837412506,0.306674354072,1.92523344501,ATR_TRAILING_STOP,50.1980497418,50.0442883855,,0 days 12:00:00,720,12,SOURCE,SOURCE,SOURCE,UNAVAILABLE,DERIVED
v2,quarterly,true_oos,T3,M30,BR,V2_TRUE_OOS,TradingSystemLab/results/true_oos_v2/T3/M30/trades.csv,58,T3-M30-BR-000009,v2|true_oos|T3|M30|BR|TradingSystemLab/results/true_oos_v2/T3/M30/trades.csv|58|T3-M30-BR-000009,SHORT,2025-03-05 15:00:00+03:00,2025-03-05 22:00:00+03:00,2025-03-05,2025-03-05,2025,3,2025,3,2,2,15,22,1.31635383563,1.3219743143,0.00562047867029,0.475979869867,3.15336663787,ATR_TRAILING_STOP,49.5487849342,49.0763715079,,0 days 07:00:00,420,7,SOURCE,SOURCE,SOURCE,UNAVAILABLE,DERIVED
v2,quarterly,true_oos,T3,M30,BR,V2_TRUE_OOS,TradingSystemLab/results/true_oos_v2/T3/M30/trades.csv,59,T3-M30-BR-000010,v2|true_oos|T3|M30|BR|TradingSystemLab/results/true_oos_v2/T3/M30/trades.csv|59|T3-M30-BR-000010,SHORT,2025-03-06 20:00:00+03:00,2025-03-06 20:30:00+03:00,2025-03-06,2025-03-06,2025,3,2025,3,3,3,20,20,-1.00879787077,-1.00439893538,0.00439893538374,1,0,ATR_TRAILING_STOP,48.6525172107,49.1071726729,,0 days 00:30:00,30,0.5,SOURCE,SOURCE,SOURCE,UNAVAILABLE,DERIVED
v2,quarterly,true_oos,T3,M30,BR,V2_TRUE_OOS,TradingSystemLab/results/true_oos_v2/T3/M30/trades.csv,60,T3-M30-BR-000011,v2|true_oos|T3|M30|BR|TradingSystemLab/results/true_oos_v2/T3/M30/trades.csv|60|T3-M30-BR-000011,SHORT,2025-03-10 09:30:00+03:00,2025-03-10 13:00:00+03:00,2025-03-10,2025-03-10,2025,3,2025,3,0,0,9,13,-1.00961879145,-1.00480939572,0.00480939572398,1,0.0339409933615,ATR_TRAILING_STOP,49.4499837679,49.8658364269,,0 days 03:30:00,210,3.5,SOURCE,SOURCE,SOURCE,UNAVAILABLE,DERIVED
v2,quarterly,true_oos,T3,M30,BR,V2_TRUE_OOS,TradingSystemLab/results/true_oos_v2/T3/M30/trades.csv,79,T3-M30-BR-000012,v2|true_oos|T3|M30|BR|TradingSystemLab/results/true_oos_v2/T3/M30/trades.csv|79|T3-M30-BR-000012,LONG,2025-03-31 17:30:00+03:00,2025-04-01 14:00:00+03:00,2025-03-31,2025-04-01,2025,3,2025,4,0,1,17,14,0.857057234542,0.863177700185,0.00612046564319,0,1.51177286068,ATR_TRAILING_STOP,52.5551632823,52.8392260372,,0 days 20:30:00,1230,20.5,SOURCE,SOURCE,SOURCE,UNAVAILABLE,DERIVED
v2,quarterly,true_oos,T3,M30,BR,V2_TRUE_OOS,TradingSystemLab/results/true_oos_v2/T3/M30/trades.csv,83,T3-M30-BR-000013,v2|true_oos|T3|M30|BR|TradingSystemLab/results/true_oos_v2/T3/M30/trades.csv|83|T3-M30-BR-000013,LONG,2025-04-02 19:00:00+03:00,2025-04-02 23:30:00+03:00,2025-04-02,2025-04-02,2025,4,2025,4,2,2,19,23,-0.502896328551,-0.496662066236,0.00623426231516,0.490427803921,0.923928582285,ATR_TRAILING_STOP,52.6610216749,52.5036886083,,0 days 04:30:00,270,4.5,SOURCE,SOURCE,SOURCE,UNAVAILABLE,DERIVED
v2,quarterly,true_oos,T3,M30,BR,V2_TRUE_OOS,TradingSystemLab/results/true_oos_v2/T3/M30/trades.csv,87,T3-M30-BR-000014,v2|true_oos|T3|M30|BR|TradingSystemLab/results/true_oos_v2/T3/M30/trades.csv|87|T3-M30-BR-000014,SHORT,2025-04-03 14:30:00+03:00,2025-04-04 18:30:00+03:00,2025-04-03,2025-04-04,2025,4,2025,4,3,4,14,18,6.70166642384,6.70548155523,0.00381513139134,0,9.28886455745,ATR_TRAILING_STOP,50.2192214203,46.702017949,,1 days 04:00:00,1680,28,SOURCE,SOURCE,SOURCE,UNAVAILABLE,DERIVED
v2,quarterly,true_oos,T3,M30,BR,V2_TRUE_OOS,TradingSystemLab/results/true_oos_v2/T3/M30/trades.csv,90,T3-M30-BR-000015,v2|true_oos|T3|M30|BR|TradingSystemLab/results/true_oos_v2/T3/M30/trades.csv|90|T3-M30-BR-000015,SHORT,2025-04-07 09:30:00+03:00,2025-04-07 16:00:00+03:00,2025-04-07,2025-04-07,2025,4,2025,4,0,0,9,16,-0.559675162572,-0.557378011185,0.00229715138649,0.555080859799,0.842998877732,ATR_TRAILING_STOP,45.0603890906,45.5436666517,,0 days 06:30:00,390,6.5,SOURCE,SOURCE,SOURCE,UNAVAILABLE,DERIVED
v2,quarterly,true_oos,T3,M30,BR,V2_TRUE_OOS,TradingSystemLab/results/true_oos_v2/T3/M30/trades.csv,94,T3-M30-BR-000016,v2|true_oos|T3|M30|BR|TradingSystemLab/results/true_oos_v2/T3/M30/trades.csv|94|T3-M30-BR-000016,SHORT,2025-04-08 20:00:00+03:00,2025-04-09 17:00:00+03:00,2025-04-08,2025-04-09,2025,4,2025,4,1,2,20,17,2.29054121694,2.29309200067,0.00255078372752,0.450036441848,4.16733745151,ATR_TRAILING_STOP,44.6298982943,42.829947354,,0 days 21:00:00,1260,21,SOURCE,SOURCE,SOURCE,UNAVAILABLE,DERIVED
v2,quarterly,true_oos,T3,M30,BR,V2_TRUE_OOS,TradingSystemLab/results/true_oos_v2/T3/M30/trades.csv,97,T3-M30-BR-000017,v2|true_oos|T3|M30|BR|TradingSystemLab/results/true_oos_v2/T3/M30/trades.csv|97|T3-M30-BR-000017,SHORT,2025-04-10 16:30:00+03:00,2025-04-11 09:00:00+03:00,2025-04-10,2025-04-11,2025,4,2025,4,3,4,16,9,-0.588093282394,-0.585887761503,0.00220552089112,0.583682240612,0.778242987482,ATR_TRAILING_STOP,44.5734404849,45.1027324476,,0 days 16:30:00,990,16.5,SOURCE,SOURCE,SOURCE,UNAVAILABLE,DERIVED
v2,quarterly,true_oos,T3,M30,BR,V2_TRUE_OOS,TradingSystemLab/results/true_oos_v2/T3/M30/trades.csv,108,T3-M30-BR-000018,v2|true_oos|T3|M30|BR|TradingSystemLab/results/true_oos_v2/T3/M30/trades.csv|108|T3-M30-BR-000018,SHORT,2025-04-25 14:00:00+03:00,2025-04-25 17:30:00+03:00,2025-04-25,2025-04-25,2025,4,2025,4,4,4,14,17,-1.00836920765,-1.00418460382,0.00418460382357,1,0.132892630252,ATR_TRAILING_STOP,46.3306898011,46.808632298,,0 days 03:30:00,210,3.5,SOURCE,SOURCE,SOURCE,UNAVAILABLE,DERIVED
v2,quarterly,true_oos,T3,M30,BR,V2_TRUE_OOS,TradingSystemLab/results/true_oos_v2/T3/M30/trades.csv,113,T3-M30-BR-000019,v2|true_oos|T3|M30|BR|TradingSystemLab/results/true_oos_v2/T3/M30/trades.csv|113|T3-M30-BR-000019,SHORT,2025-05-05 09:00:00+03:00,2025-05-05 13:00:00+03:00,2025-05-05,2025-05-05,2025,5,2025,5,0,0,9,13,-1.00659563419,-1.0032978171,0.00329781709716,1,0.211946555672,ATR_TRAILING_STOP,42.6315987578,43.2380605296,,0 days 04:00:00,240,4,SOURCE,SOURCE,SOURCE,UNAVAILABLE,DERIVED
v2,quarterly,true_oos,T3,M30,BR,V2_TRUE_OOS,TradingSystemLab/results/true_oos_v2/T3/M30/trades.csv,119,T3-M30-BR-000020,v2|true_oos|T3|M30|BR|TradingSystemLab/results/true_oos_v2/T3/M30/trades.csv|119|T3-M30-BR-000020,LONG,2025-05-12 10:30:00+03:00,2025-05-12 18:00:00+03:00,2025-05-12,2025-05-12,2025,5,2025,5,0,0,10,18,-0.595791316042,-0.592243856157,0.00354745988543,0.848632361125,0.721970814688,ATR_TRAILING_STOP,46.9376044615,46.6057070389,,0 days 07:30:00,450,7.5,SOURCE,SOURCE,SOURCE,UNAVAILABLE,DERIVED
v2,quarterly,true_oos,T3,M30,BR,V2_TRUE_OOS,TradingSystemLab/results/true_oos_v2/T3/M30/trades.csv,122,T3-M30-BR-000021,v2|true_oos|T3|M30|BR|TradingSystemLab/results/true_oos_v2/T3/M30/trades.csv|122|T3-M30-BR-000021,LONG,2025-05-13 13:30:00+03:00,2025-05-14 11:30:00+03:00,2025-05-13,2025-05-14,2025,5,2025,5,1,2,13,11,1.2412550993,1.24640101946,0.00514592015277,0.312348379755,2.40691986752,ATR_TRAILING_STOP,46.723375322,47.2097983143,,0 days 22:00:00,1320,22,SOURCE,SOURCE,SOURCE,UNAVAILABLE,DERIVED
v2,quarterly,true_oos,T3,M30,BR,V2_TRUE_OOS,TradingSystemLab/results/true_oos_v2/T3/M30/trades.csv,144,T3-M30-BR-000022,v2|true_oos|T3|M30|BR|TradingSystemLab/results/true_oos_v2/T3/M30/trades.csv|144|T3-M30-BR-000022,LONG,2025-06-11 15:00:00+03:00,2025-06-13 10:30:00+03:00,2025-06-11,2025-06-13,2025,6,2025,6,2,4,15,10,8.66651868295,8.67187124693,0.00535256398623,0.438940688192,12.0613267364,ATR_TRAILING_STOP,48.2692606029,51.5115287321,,1 days 19:30:00,2610,43.5,SOURCE,SOURCE,SOURCE,UNAVAILABLE,DERIVED
v2,quarterly,true_oos,T3,M30,BR,V2_TRUE_OOS,TradingSystemLab/results/true_oos_v2/T3/M30/trades.csv,146,T3-M30-BR-000023,v2|true_oos|T3|M30|BR|TradingSystemLab/results/true_oos_v2/T3/M30/trades.csv|146|T3-M30-BR-000023,LONG,2025-06-13 13:00:00+03:00,2025-06-13 18:00:00+03:00,2025-06-13,2025-06-13,2025,6,2025,6,4,4,13,18,-0.915033704064,-0.913130415729,0.00190328833446,0.911227127395,0.468241403656,ATR_TRAILING_STOP,53.26804206,52.3105128082,,0 days 05:00:00,300,5,SOURCE,SOURCE,SOURCE,UNAVAILABLE,DERIVED
v2,quarterly,true_oos,T3,M30,BR,V2_TRUE_OOS,TradingSystemLab/results/true_oos_v2/T3/M30/trades.csv,150,T3-M30-BR-000024,v2|true_oos|T3|M30|BR|TradingSystemLab/results/true_oos_v2/T3/M30/trades.csv|150|T3-M30-BR-000024,LONG,2025-06-17 11:00:00+03:00,2025-06-18 17:30:00+03:00,2025-06-17,2025-06-18,2025,6,2025,6,1,2,11,17,1.45213594013,1.45451862677,0.00238268663506,0.33132001498,2.71852319983,ATR_TRAILING_STOP,52.7189605019,53.9418668564,,1 days 06:30:00,1830,30.5,SOURCE,SOURCE,SOURCE,UNAVAILABLE,DERIVED
v2,quarterly,true_oos,T3,M30,BR,V2_TRUE_OOS,TradingSystemLab/results/true_oos_v2/T3/M30/trades.csv,151,T3-M30-BR-000025,v2|true_oos|T3|M30|BR|TradingSystemLab/results/true_oos_v2/T3/M30/trades.csv|151|T3-M30-BR-000025,LONG,2025-06-19 10:00:00+03:00,2025-06-19 21:00:00+03:00,2025-06-19,2025-06-19,2025,6,2025,6,3,3,10,21,0.257676082604,0.260084821677,0.00240873907245,0.609767457149,1.44283003945,ATR_TRAILING_STOP,55.0365125326,55.2544635459,,0 days 11:00:00,660,11,SOURCE,SOURCE,SOURCE,UNAVAILABLE,DERIVED
v2,quarterly,true_oos,T3,M30,BR,V2_TRUE_OOS,TradingSystemLab/results/true_oos_v2/T3/M30/trades.csv,156,T3-M30-BR-000026,v2|true_oos|T3|M30|BR|TradingSystemLab/results/true_oos_v2/T3/M30/trades.csv|156|T3-M30-BR-000026,SHORT,2025-06-24 17:30:00+03:00,2025-06-25 10:30:00+03:00,2025-06-24,2025-06-25,2025,6,2025,6,1,2,17,10,-0.428537170532,-0.426694851884,0.00184231864837,0.479516708782,0.525497763049,ATR_TRAILING_STOP,48.2621296736,48.7233447122,,0 days 17:00:00,1020,17,SOURCE,SOURCE,SOURCE,UNAVAILABLE,DERIVED
v2,quarterly,true_oos,T3,M30,BR,V2_TRUE_OOS,TradingSystemLab/results/true_oos_v2/T3/M30/trades.csv,176,T3-M30-BR-000027,v2|true_oos|T3|M30|BR|TradingSystemLab/results/true_oos_v2/T3/M30/trades.csv|176|T3-M30-BR-000027,LONG,2025-07-11 18:00:00+03:00,2025-07-14 16:30:00+03:00,2025-07-11,2025-07-14,2025,7,2025,7,4,0,18,16,1.1814239034,1.18654750206,0.00512359866309,0.0185365362992,2.63218815449,ATR_TRAILING_STOP,50.7008914591,51.1660610319,,2 days 22:30:00,4230,70.5,SOURCE,SOURCE,SOURCE,UNAVAILABLE,DERIVED
v2,quarterly,true_oos,T3,M30,BR,V2_TRUE_OOS,TradingSystemLab/results/true_oos_v2/T3/M30/trades.csv,189,T3-M30-BR-000028,v2|true_oos|T3|M30|BR|TradingSystemLab/results/true_oos_v2/T3/M30/trades.csv|189|T3-M30-BR-000028,LONG,2025-07-29 19:00:00+03:00,2025-07-30 12:00:00+03:00,2025-07-29,2025-07-30,2025,7,2025,7,1,2,19,12,2.50089352704,2.50656575657,0.00567222952937,0.389906863158,4.26845408088,ATR_TRAILING_STOP,51.3521088462,52.2379115003,,0 days 17:00:00,1020,17,SOURCE,SOURCE,SOURCE,UNAVAILABLE,DERIVED
v2,quarterly,true_oos,T3,M30,BR,V2_TRUE_OOS,TradingSystemLab/results/true_oos_v2/T3/M30/trades.csv,191,T3-M30-BR-000029,v2|true_oos|T3|M30|BR|TradingSystemLab/results/true_oos_v2/T3/M30/trades.csv|191|T3-M30-BR-000029,LONG,2025-07-30 21:00:00+03:00,2025-07-31 12:30:00+03:00,2025-07-30,2025-07-31,2025,7,2025,7,2,3,21,12,-1.00895270146,-1.00447635073,0.00447635072759,1,0.226728244128,ATR_TRAILING_STOP,53.1248672888,52.6780747737,,0 days 15:30:00,930,15.5,SOURCE,SOURCE,SOURCE,UNAVAILABLE,DERIVED
v2,quarterly,true_oos,T3,M30,BR,V2_TRUE_OOS,TradingSystemLab/results/true_oos_v2/T3/M30/trades.csv,193,T3-M30-BR-000030,v2|true_oos|T3|M30|BR|TradingSystemLab/results/true_oos_v2/T3/M30/trades.csv|193|T3-M30-BR-000030,SHORT,2025-08-04 14:30:00+03:00,2025-08-04 18:00:00+03:00,2025-08-04,2025-08-04,2025,8,2025,8,0,0,14,18,-0.819377367639,-0.81575675479,0.0036206128492,0.812136141941,0.557687949823,ATR_TRAILING_STOP,50.2362304186,50.6848484708,,0 days 03:30:00,210,3.5,SOURCE,SOURCE,SOURCE,UNAVAILABLE,DERIVED
v2,quarterly,true_oos,T3,M30,BR,V2_TRUE_OOS,TradingSystemLab/results/true_oos_v2/T3/M30/trades.csv,196,T3-M30-BR-000031,v2|true_oos|T3|M30|BR|TradingSystemLab/results/true_oos_v2/T3/M30/trades.csv|196|T3-M30-BR-000031,SHORT,2025-08-05 12:30:00+03:00,2025-08-06 10:30:00+03:00,2025-08-05,2025-08-06,2025,8,2025,8,1,2,12,10,-0.282987441515,-0.278092671206,0.00489477030979,0.323120642745,0.969361928236,ATR_TRAILING_STOP,50.0015159533,50.1131444398,,0 days 22:00:00,1320,22,SOURCE,SOURCE,SOURCE,UNAVAILABLE,DERIVED
v2,quarterly,true_oos,T3,M30,BR,V2_TRUE_OOS,TradingSystemLab/results/true_oos_v2/T3/M30/trades.csv,198,T3-M30-BR-000032,v2|true_oos|T3|M30|BR|TradingSystemLab/results/true_oos_v2/T3/M30/trades.csv|198|T3-M30-BR-000032,SHORT,2025-08-06 21:30:00+03:00,2025-08-07 09:30:00+03:00,2025-08-06,2025-08-07,2025,8,2025,8,2,3,21,9,-0.561499686645,-0.558111109422,0.00338857722279,0.554722532199,0.758066149472,ATR_TRAILING_STOP,49.1506760163,49.4780833591,,0 days 12:00:00,720,12,SOURCE,SOURCE,SOURCE,UNAVAILABLE,DERIVED
v2,quarterly,true_oos,T3,M30,BR,V2_TRUE_OOS,TradingSystemLab/results/true_oos_v2/T3/M30/trades.csv,202,T3-M30-BR-000033,v2|true_oos|T3|M30|BR|TradingSystemLab/results/true_oos_v2/T3/M30/trades.csv|202|T3-M30-BR-000033,SHORT,2025-08-07 19:00:00+03:00,2025-08-08 12:00:00+03:00,2025-08-07,2025-08-08,2025,8,2025,8,3,4,19,12,-0.0758438866622,-0.0716050473501,0.00423883931212,0.652914217581,1.05709920942,ATR_TRAILING_STOP,48.9086267238,48.9404119382,,0 days 17:00:00,1020,17,SOURCE,SOURCE,SOURCE,UNAVAILABLE,DERIVED
v2,quarterly,true_oos,T3,M30,BR,V2_TRUE_OOS,TradingSystemLab/results/true_oos_v2/T3/M30/trades.csv,210,T3-M30-BR-000034,v2|true_oos|T3|M30|BR|TradingSystemLab/results/true_oos_v2/T3/M30/trades.csv|210|T3-M30-BR-000034,LONG,2025-08-20 22:00:00+03:00,2025-08-21 16:00:00+03:00,2025-08-20,2025-08-21,2025,8,2025,8,2,3,22,16,0.0987032861755,0.105153343774,0.00645005759807,0.141930170701,1.30102656476,ATR_TRAILING_STOP,49.1726804974,49.2072858942,,0 days 18:00:00,1080,18,SOURCE,SOURCE,SOURCE,UNAVAILABLE,DERIVED
v2,quarterly,true_oos,T3,M30,BR,V2_TRUE_OOS,TradingSystemLab/results/true_oos_v2/T3/M30/trades.csv,211,T3-M30-BR-000035,v2|true_oos|T3|M30|BR|TradingSystemLab/results/true_oos_v2/T3/M30/trades.csv|211|T3-M30-BR-000035,LONG,2025-08-22 09:30:00+03:00,2025-08-22 13:00:00+03:00,2025-08-22,2025-08-22,2025,8,2025,8,4,4,9,13,-1.01684568068,-1.00842284034,0.00842284033961,1,0.37068046262,ATR_TRAILING_STOP,49.7227925256,49.4853429339,,0 days 03:30:00,210,3.5,SOURCE,SOURCE,SOURCE,UNAVAILABLE,DERIVED
v2,quarterly,true_oos,T3,M30,BR,V2_TRUE_OOS,TradingSystemLab/results/true_oos_v2/T3/M30/trades.csv,214,T3-M30-BR-000036,v2|true_oos|T3|M30|BR|TradingSystemLab/results/true_oos_v2/T3/M30/trades.csv|214|T3-M30-BR-000036,SHORT,2025-08-27 12:00:00+03:00,2025-08-27 15:00:00+03:00,2025-08-27,2025-08-27,2025,8,2025,8,2,2,12,15,-1.01556759095,-1.00778379547,0.0077837954741,1,0.228371174168,ATR_TRAILING_STOP,49.1506760163,49.4076200748,,0 days 03:00:00,180,3,SOURCE,SOURCE,SOURCE,UNAVAILABLE,DERIVED
v2,quarterly,true_oos,T3,M30,BR,V2_TRUE_OOS,TradingSystemLab/results/true_oos_v2/T3/M30/trades.csv,215,T3-M30-BR-000037,v2|true_oos|T3|M30|BR|TradingSystemLab/results/true_oos_v2/T3/M30/trades.csv|215|T3-M30-BR-000037,LONG,2025-08-27 21:30:00+03:00,2025-08-28 09:00:00+03:00,2025-08-27,2025-08-28,2025,8,2025,8,2,3,21,9,-1.19123340918,-1.18440170592,0.00683170325905,1.17757000266,0.150328085446,ATR_TRAILING_STOP,49.8841587206,49.5394218495,,0 days 11:30:00,690,11.5,SOURCE,SOURCE,SOURCE,UNAVAILABLE,DERIVED
v2,quarterly,true_oos,T3,M30,BR,V2_TRUE_OOS,TradingSystemLab/results/true_oos_v2/T3/M30/trades.csv,219,T3-M30-BR-000038,v2|true_oos|T3|M30|BR|TradingSystemLab/results/true_oos_v2/T3/M30/trades.csv|219|T3-M30-BR-000038,LONG,2025-09-02 09:00:00+03:00,2025-09-02 16:00:00+03:00,2025-09-02,2025-09-02,2025,9,2025,9,1,1,9,16,0.873579188033,0.879911606805,0.00633241877147,0.0234994129326,2.32644188033,ATR_TRAILING_STOP,50.6547336975,50.9346406517,,0 days 07:00:00,420,7,SOURCE,SOURCE,SOURCE,UNAVAILABLE,DERIVED
v2,quarterly,true_oos,T3,M30,BR,V2_TRUE_OOS,TradingSystemLab/results/true_oos_v2/T3/M30/trades.csv,222,T3-M30-BR-000039,v2|true_oos|T3|M30|BR|TradingSystemLab/results/true_oos_v2/T3/M30/trades.csv|222|T3-M30-BR-000039,SHORT,2025-09-04 14:00:00+03:00,2025-09-04 18:00:00+03:00,2025-09-04,2025-09-04,2025,9,2025,9,3,3,14,18,-1.01180076424,-1.00590038212,0.00590038211907,1,0.591195728483,ATR_TRAILING_STOP,49.452379579,49.7913406767,,0 days 04:00:00,240,4,SOURCE,SOURCE,SOURCE,UNAVAILABLE,DERIVED
v2,quarterly,true_oos,T3,M30,BR,V2_TRUE_OOS,TradingSystemLab/results/true_oos_v2/T3/M30/trades.csv,224,T3-M30-BR-000040,v2|true_oos|T3|M30|BR|TradingSystemLab/results/true_oos_v2/T3/M30/trades.csv|224|T3-M30-BR-000040,SHORT,2025-09-05 16:00:00+03:00,2025-09-06 13:00:00+03:00,2025-09-05,2025-09-06,2025,9,2025,9,4,5,16,13,0.170763097105,0.1756898354,0.00492673829505,0.347376535555,1.04212960667,ATR_TRAILING_STOP,48.8289367027,48.7556157496,,0 days 21:00:00,1260,21,SOURCE,SOURCE,SOURCE,UNAVAILABLE,DERIVED
v2,quarterly,true_oos,T3,M30,BR,V2_TRUE_OOS,TradingSystemLab/results/true_oos_v2/T3/M30/trades.csv,233,T3-M30-BR-000041,v2|true_oos|T3|M30|BR|TradingSystemLab/results/true_oos_v2/T3/M30/trades.csv|233|T3-M30-BR-000041,LONG,2025-09-10 18:30:00+03:00,2025-09-11 11:30:00+03:00,2025-09-10,2025-09-11,2025,9,2025,9,2,3,18,11,-0.166384283194,-0.160945245274,0.00543903792011,0.155506207354,0.908284672793,ATR_TRAILING_STOP,49.9496494922,49.8924679797,,0 days 17:00:00,1020,17,SOURCE,SOURCE,SOURCE,UNAVAILABLE,DERIVED
v2,quarterly,true_oos,T3,M30,BR,V2_TRUE_OOS,TradingSystemLab/results/true_oos_v2/T3/M30/trades.csv,240,T3-M30-BR-000042,v2|true_oos|T3|M30|BR|TradingSystemLab/results/true_oos_v2/T3/M30/trades.csv|240|T3-M30-BR-000042,LONG,2025-09-16 16:00:00+03:00,2025-09-17 11:00:00+03:00,2025-09-16,2025-09-17,2025,9,2025,9,1,2,16,11,-0.025424886462,-0.0195699506148,0.00585493584716,0.673552139251,1.1732843716,ATR_TRAILING_STOP,50.5359826735,50.5312977324,,0 days 19:00:00,1140,19,SOURCE,SOURCE,SOURCE,UNAVAILABLE,DERIVED
v2,quarterly,true_oos,T3,M30,BR,V2_TRUE_OOS,TradingSystemLab/results/true_oos_v2/T3/M30/trades.csv,246,T3-M30-BR-000043,v2|true_oos|T3|M30|BR|TradingSystemLab/results/true_oos_v2/T3/M30/trades.csv|246|T3-M30-BR-000043,SHORT,2025-09-22 13:30:00+03:00,2025-09-22 20:30:00+03:00,2025-09-22,2025-09-22,2025,9,2025,9,0,0,13,20,-0.533471242032,-0.526479652961,0.00699158907156,0.519488063889,0.985931804879,ATR_TRAILING_STOP,49.2668311039,49.4154348215,,0 days 07:00:00,420,7,SOURCE,SOURCE,SOURCE,UNAVAILABLE,DERIVED
v2,quarterly,true_oos,T3,M30,BR,V2_TRUE_OOS,TradingSystemLab/results/true_oos_v2/T3/M30/trades.csv,250,T3-M30-BR-000044,v2|true_oos|T3|M30|BR|TradingSystemLab/results/true_oos_v2/T3/M30/trades.csv|250|T3-M30-BR-000044,LONG,2025-09-24 13:30:00+03:00,2025-09-25 11:00:00+03:00,2025-09-24,2025-09-25,2025,9,2025,9,2,3,13,11,1.62673033254,1.63307722978,0.00634689724021,0.117765710443,2.73216448227,ATR_TRAILING_STOP,50.5656704295,51.0822769113,,0 days 21:30:00,1290,21.5,SOURCE,SOURCE,SOURCE,UNAVAILABLE,DERIVED
v2,quarterly,true_oos,T3,M30,BR,V2_TRUE_OOS,TradingSystemLab/results/true_oos_v2/T3/M30/trades.csv,251,T3-M30-BR-000045,v2|true_oos|T3|M30|BR|TradingSystemLab/results/true_oos_v2/T3/M30/trades.csv|251|T3-M30-BR-000045,LONG,2025-09-25 20:30:00+03:00,2025-09-26 13:30:00+03:00,2025-09-25,2025-09-26,2025,9,2025,9,3,4,20,13,-0.396260616162,-0.391063954642,0.0051966615199,0.385867293122,0.809955401251,ATR_TRAILING_STOP,51.4191934149,51.2706875745,,0 days 17:00:00,1020,17,SOURCE,SOURCE,SOURCE,UNAVAILABLE,DERIVED
v2,quarterly,true_oos,T3,M30,BR,V2_TRUE_OOS,TradingSystemLab/results/true_oos_v2/T3/M30/trades.csv,252,T3-M30-BR-000046,v2|true_oos|T3|M30|BR|TradingSystemLab/results/true_oos_v2/T3/M30/trades.csv|252|T3-M30-BR-000046,LONG,2025-09-26 18:00:00+03:00,2025-09-26 20:30:00+03:00,2025-09-26,2025-09-26,2025,9,2025,9,4,4,18,20,-1.00989466836,-1.00494733418,0.00494733417883,1,0.128515843765,ATR_TRAILING_STOP,52.4211551803,52.0168970632,,0 days 02:30:00,150,2.5,SOURCE,SOURCE,SOURCE,UNAVAILABLE,DERIVED
v2,quarterly,true_oos,T3,M30,BR,V2_TRUE_OOS,TradingSystemLab/results/true_oos_v2/T3/M30/trades.csv,268,T3-M30-BR-000047,v2|true_oos|T3|M30|BR|TradingSystemLab/results/true_oos_v2/T3/M30/trades.csv|268|T3-M30-BR-000047,SHORT,2025-10-02 18:00:00+03:00,2025-10-03 09:30:00+03:00,2025-10-02,2025-10-03,2025,10,2025,10,3,4,18,9,-0.122152079031,-0.117462989278,0.00468908975308,0.176059420283,1.00353869561,ATR_TRAILING_STOP,48.5702936114,48.6183941621,,0 days 15:30:00,930,15.5,SOURCE,SOURCE,SOURCE,UNAVAILABLE,DERIVED
v2,quarterly,true_oos,T3,M30,BR,V2_TRUE_OOS,TradingSystemLab/results/true_oos_v2/T3/M30/trades.csv,275,T3-M30-BR-000048,v2|true_oos|T3|M30|BR|TradingSystemLab/results/true_oos_v2/T3/M30/trades.csv|275|T3-M30-BR-000048,LONG,2025-10-08 15:00:00+03:00,2025-10-08 16:30:00+03:00,2025-10-08,2025-10-08,2025,10,2025,10,2,2,15,16,-1.01348842294,-1.00674421147,0.00674421147127,1,0.303866726658,ATR_TRAILING_STOP,49.8468783229,49.5503277168,,0 days 01:30:00,90,1.5,SOURCE,SOURCE,SOURCE,UNAVAILABLE,DERIVED
v2,quarterly,true_oos,T3,M30,BR,V2_TRUE_OOS,TradingSystemLab/results/true_oos_v2/T3/M30/trades.csv,281,T3-M30-BR-000049,v2|true_oos|T3|M30|BR|TradingSystemLab/results/true_oos_v2/T3/M30/trades.csv|281|T3-M30-BR-000049,SHORT,2025-10-10 14:00:00+03:00,2025-10-10 18:00:00+03:00,2025-10-10,2025-10-10,2025,10,2025,10,4,4,14,18,0.46506525803,0.470952967006,0.00588770897635,0.486339717143,2.27695413026,ATR_TRAILING_STOP,48.367541922,48.2055635776,,0 days 04:00:00,240,4,SOURCE,SOURCE,SOURCE,UNAVAILABLE,DERIVED
v2,quarterly,true_oos,T3,M30,BR,V2_TRUE_OOS,TradingSystemLab/results/true_oos_v2/T3/M30/trades.csv,284,T3-M30-BR-000050,v2|true_oos|T3|M30|BR|TradingSystemLab/results/true_oos_v2/T3/M30/trades.csv|284|T3-M30-BR-000050,SHORT,2025-10-10 18:30:00+03:00,2025-10-11 16:00:00+03:00,2025-10-10,2025-10-11,2025,10,2025,10,4,5,18,16,0.969687307996,0.973481830621,0.00379452262489,0.427414373855,1.72390464122,ATR_TRAILING_STOP,47.4664233021,46.9513248563,,0 days 21:30:00,1290,21.5,SOURCE,SOURCE,SOURCE,UNAVAILABLE,DERIVED
v2,quarterly,true_oos,T3,M30,BR,V2_TRUE_OOS,TradingSystemLab/results/true_oos_v2/T3/M30/trades.csv,287,T3-M30-BR-000051,v2|true_oos|T3|M30|BR|TradingSystemLab/results/true_oos_v2/T3/M30/trades.csv|287|T3-M30-BR-000051,SHORT,2025-10-14 10:30:00+03:00,2025-10-14 17:00:00+03:00,2025-10-14,2025-10-14,2025,10,2025,10,1,1,10,17,0.262706937171,0.268086707328,0.00537977015691,0.0403984254921,2.10071812559,ATR_TRAILING_STOP,47.023373314,46.9217085701,,0 days 06:30:00,390,6.5,SOURCE,SOURCE,SOURCE,UNAVAILABLE,DERIVED
v2,quarterly,true_oos,T3,M30,BR,V2_TRUE_OOS,TradingSystemLab/results/true_oos_v2/T3/M30/trades.csv,291,T3-M30-BR-000052,v2|true_oos|T3|M30|BR|TradingSystemLab/results/true_oos_v2/T3/M30/trades.csv|291|T3-M30-BR-000052,SHORT,2025-10-15 19:30:00+03:00,2025-10-15 23:30:00+03:00,2025-10-15,2025-10-15,2025,10,2025,10,2,2,19,23,-1.01024390946,-1.00512195473,0.00512195473113,1,0.11538721946,ATR_TRAILING_STOP,46.5202487512,46.910724674,,0 days 04:00:00,240,4,SOURCE,SOURCE,SOURCE,UNAVAILABLE,DERIVED
v2,quarterly,true_oos,T3,M30,BR,V2_TRUE_OOS,TradingSystemLab/results/true_oos_v2/T3/M30/trades.csv,296,T3-M30-BR-000053,v2|true_oos|T3|M30|BR|TradingSystemLab/results/true_oos_v2/T3/M30/trades.csv|296|T3-M30-BR-000053,SHORT,2025-10-16 20:30:00+03:00,2025-10-17 14:30:00+03:00,2025-10-16,2025-10-17,2025,10,2025,10,3,4,20,14,0.278174707563,0.282723513389,0.00454880582608,0.290346798656,1.63960545123,ATR_TRAILING_STOP,45.9795775793,45.8532708825,,0 days 18:00:00,1080,18,SOURCE,SOURCE,SOURCE,UNAVAILABLE,DERIVED
v2,quarterly,true_oos,T3,M30,BR,V2_TRUE_OOS,TradingSystemLab/results/true_oos_v2/T3/M30/trades.csv,303,T3-M30-BR-000054,v2|true_oos|T3|M30|BR|TradingSystemLab/results/true_oos_v2/T3/M30/trades.csv|303|T3-M30-BR-000054,SHORT,2025-10-21 17:00:00+03:00,2025-10-21 17:30:00+03:00,2025-10-21,2025-10-21,2025,10,2025,10,1,1,17,17,-1.00962042677,-1.00481021338,0.00481021338351,1,0,ATR_TRAILING_STOP,45.4689436947,45.8847256654,,0 days 00:30:00,30,0.5,SOURCE,SOURCE,SOURCE,UNAVAILABLE,DERIVED
v2,quarterly,true_oos,T3,M30,BR,V2_TRUE_OOS,TradingSystemLab/results/true_oos_v2/T3/M30/trades.csv,307,T3-M30-BR-000055,v2|true_oos|T3|M30|BR|TradingSystemLab/results/true_oos_v2/T3/M30/trades.csv|307|T3-M30-BR-000055,LONG,2025-10-22 19:00:00+03:00,2025-10-24 21:00:00+03:00,2025-10-22,2025-10-24,2025,10,2025,10,2,4,19,21,4.73663102569,4.74087292599,0.00424190030425,0.923760042392,6.10000165925,ATR_TRAILING_STOP,47.2711809344,49.5084399391,,2 days 02:00:00,3000,50,SOURCE,SOURCE,SOURCE,UNAVAILABLE,DERIVED
v2,quarterly,true_oos,T3,M30,BR,V2_TRUE_OOS,TradingSystemLab/results/true_oos_v2/T3/M30/trades.csv,341,T3-M30-BR-000056,v2|true_oos|T3|M30|BR|TradingSystemLab/results/true_oos_v2/T3/M30/trades.csv|341|T3-M30-BR-000056,SHORT,2025-12-04 18:00:00+03:00,2025-12-04 19:00:00+03:00,2025-12-04,2025-12-04,2025,12,2025,12,3,3,18,19,-1.01446521694,-1.00723260847,0.00723260846966,1,0,ATR_TRAILING_STOP,48.1183739086,48.3948993154,,0 days 01:00:00,60,1,SOURCE,SOURCE,SOURCE,UNAVAILABLE,DERIVED
v2,quarterly,true_oos,T3,M30,BR,V2_TRUE_OOS,TradingSystemLab/results/true_oos_v2/T3/M30/trades.csv,352,T3-M30-BR-000057,v2|true_oos|T3|M30|BR|TradingSystemLab/results/true_oos_v2/T3/M30/trades.csv|352|T3-M30-BR-000057,SHORT,2025-12-11 13:30:00+03:00,2025-12-11 23:00:00+03:00,2025-12-11,2025-12-11,2025,12,2025,12,3,3,13,23,-0.450622390567,-0.44448932543,0.00613306513725,0.777357360219,0.871582494791,ATR_TRAILING_STOP,47.1351121173,47.2780606269,,0 days 09:30:00,570,9.5,SOURCE,SOURCE,SOURCE,UNAVAILABLE,DERIVED
v2,quarterly,true_oos,T3,M30,BR,V2_TRUE_OOS,TradingSystemLab/results/true_oos_v2/T3/M30/trades.csv,358,T3-M30-BR-000058,v2|true_oos|T3|M30|BR|TradingSystemLab/results/true_oos_v2/T3/M30/trades.csv|358|T3-M30-BR-000058,SHORT,2025-12-16 13:00:00+03:00,2025-12-17 09:00:00+03:00,2025-12-16,2025-12-17,2025,12,2025,12,1,2,13,9,0.127043065928,0.134427430922,0.00738436499375,0.397073028564,2.58097468566,ATR_TRAILING_STOP,45.944443542,45.9060348783,,0 days 20:00:00,1200,20,SOURCE,SOURCE,SOURCE,UNAVAILABLE,DERIVED
v2,quarterly,true_oos,T3,M30,BR,V2_TRUE_OOS,TradingSystemLab/results/true_oos_v2/T3/M30/trades.csv,360,T3-M30-BR-000059,v2|true_oos|T3|M30|BR|TradingSystemLab/results/true_oos_v2/T3/M30/trades.csv|360|T3-M30-BR-000059,SHORT,2025-12-18 15:00:00+03:00,2025-12-18 16:30:00+03:00,2025-12-18,2025-12-18,2025,12,2025,12,3,3,15,16,-1.01272299524,-1.00636149762,0.00636149762012,1,0.122168311424,ATR_TRAILING_STOP,45.8292175508,46.1436089284,,0 days 01:30:00,90,1.5,SOURCE,SOURCE,SOURCE,UNAVAILABLE,DERIVED
v2,quarterly,true_oos,T3,M30,BR,V2_TRUE_OOS,TradingSystemLab/results/true_oos_v2/T3/M30/trades.csv,362,T3-M30-BR-000060,v2|true_oos|T3|M30|BR|TradingSystemLab/results/true_oos_v2/T3/M30/trades.csv|362|T3-M30-BR-000060,SHORT,2025-12-19 11:00:00+03:00,2025-12-19 14:30:00+03:00,2025-12-19,2025-12-19,2025,12,2025,12,4,4,11,14,-1.01420289078,-1.00710144539,0.0071014453918,1,0.218205622384,ATR_TRAILING_STOP,45.8215358181,46.1031686252,,0 days 03:30:00,210,3.5,SOURCE,SOURCE,SOURCE,UNAVAILABLE,DERIVED
v2,quarterly,true_oos,T3,M30,BR,V2_TRUE_OOS,TradingSystemLab/results/true_oos_v2/T3/M30/trades.csv,372,T3-M30-BR-000061,v2|true_oos|T3|M30|BR|TradingSystemLab/results/true_oos_v2/T3/M30/trades.csv|372|T3-M30-BR-000061,LONG,2025-12-23 21:30:00+03:00,2025-12-24 17:00:00+03:00,2025-12-23,2025-12-24,2025,12,2025,12,1,2,21,17,-0.0589887671779,-0.0512042027959,0.00778456438196,0.0896984146662,1.13617991911,ATR_TRAILING_STOP,47.9032853917,47.8921300756,,0 days 19:30:00,1170,19.5,SOURCE,SOURCE,SOURCE,UNAVAILABLE,DERIVED
v2,quarterly,true_oos,T3,M30,BR,V2_TRUE_OOS,TradingSystemLab/results/true_oos_v2/T3/M30/trades.csv,375,T3-M30-BR-000062,v2|true_oos|T3|M30|BR|TradingSystemLab/results/true_oos_v2/T3/M30/trades.csv|375|T3-M30-BR-000062,LONG,2025-12-30 13:00:00+03:00,2025-12-30 19:30:00+03:00,2025-12-30,2025-12-30,2025,12,2025,12,1,1,13,19,-1.0166040334,-1.0083020167,0.00830201669836,1,0.127547747026,ATR_TRAILING_STOP,47.8571949953,47.616289674,,0 days 06:30:00,390,6.5,SOURCE,SOURCE,SOURCE,UNAVAILABLE,DERIVED
v2,quarterly,true_oos,T3,M30,BR,V2_TRUE_OOS,TradingSystemLab/results/true_oos_v2/T3/M30/trades.csv,377,T3-M30-BR-000063,v2|true_oos|T3|M30|BR|TradingSystemLab/results/true_oos_v2/T3/M30/trades.csv|377|T3-M30-BR-000063,LONG,2026-01-05 15:00:00+03:00,2026-01-05 16:30:00+03:00,2026-01-05,2026-01-05,2026,1,2026,1,0,0,15,16,-1.4554847832,-1.44696613405,0.00851864915499,1.43844748489,0.669394519914,ATR_TRAILING_STOP,47.9337333558,47.596016082,,0 days 01:30:00,90,1.5,SOURCE,SOURCE,SOURCE,UNAVAILABLE,DERIVED
v2,quarterly,true_oos,T3,M30,BR,V2_TRUE_OOS,TradingSystemLab/results/true_oos_v2/T3/M30/trades.csv,380,T3-M30-BR-000064,v2|true_oos|T3|M30|BR|TradingSystemLab/results/true_oos_v2/T3/M30/trades.csv|380|T3-M30-BR-000064,LONG,2026-01-05 19:00:00+03:00,2026-01-06 11:30:00+03:00,2026-01-05,2026-01-06,2026,1,2026,1,0,1,19,11,-0.861729262689,-0.855789177466,0.0059400852228,0.886865370891,0.280062748702,ATR_TRAILING_STOP,48.4602186238,48.1740782537,,0 days 16:30:00,990,16.5,SOURCE,SOURCE,SOURCE,UNAVAILABLE,DERIVED
v2,quarterly,true_oos,T3,M30,BR,V2_TRUE_OOS,TradingSystemLab/results/true_oos_v2/T3/M30/trades.csv,381,T3-M30-BR-000065,v2|true_oos|T3|M30|BR|TradingSystemLab/results/true_oos_v2/T3/M30/trades.csv|381|T3-M30-BR-000065,LONG,2026-01-06 12:00:00+03:00,2026-01-06 18:00:00+03:00,2026-01-06,2026-01-06,2026,1,2026,1,1,1,12,18,-0.587483110377,-0.580807350245,0.00667576013195,0.574131590113,0.996702953465,ATR_TRAILING_STOP,48.6566683507,48.4846634917,,0 days 06:00:00,360,6,SOURCE,SOURCE,SOURCE,UNAVAILABLE,DERIVED
v2,quarterly,true_oos,T3,M30,BR,V2_TRUE_OOS,TradingSystemLab/results/true_oos_v2/T3/M30/trades.csv,384,T3-M30-BR-000066,v2|true_oos|T3|M30|BR|TradingSystemLab/results/true_oos_v2/T3/M30/trades.csv|384|T3-M30-BR-000066,LONG,2026-01-08 17:00:00+03:00,2026-01-09 12:30:00+03:00,2026-01-08,2026-01-09,2026,1,2026,1,3,4,17,12,2.68581216605,2.69208479805,0.00627263199728,0.566838147601,4.4854149071,ATR_TRAILING_STOP,47.9730233012,48.8333822163,,0 days 19:30:00,1170,19.5,SOURCE,SOURCE,SOURCE,UNAVAILABLE,DERIVED
v2,quarterly,true_oos,T3,M30,BR,V2_TRUE_OOS,TradingSystemLab/results/true_oos_v2/T3/M30/trades.csv,386,T3-M30-BR-000067,v2|true_oos|T3|M30|BR|TradingSystemLab/results/true_oos_v2/T3/M30/trades.csv|386|T3-M30-BR-000067,LONG,2026-01-09 17:30:00+03:00,2026-01-10 00:00:00+03:00,2026-01-09,2026-01-10,2026,1,2026,1,4,5,17,0,0.0689049576014,0.0733581673765,0.00445320977512,0.0699865475208,1.46971749794,ATR_TRAILING_STOP,49.4896151926,49.5245613915,,0 days 06:30:00,390,6.5,SOURCE,SOURCE,SOURCE,UNAVAILABLE,DERIVED
v2,quarterly,true_oos,T3,M30,BR,V2_TRUE_OOS,TradingSystemLab/results/true_oos_v2/T3/M30/trades.csv,391,T3-M30-BR-000068,v2|true_oos|T3|M30|BR|TradingSystemLab/results/true_oos_v2/T3/M30/trades.csv|391|T3-M30-BR-000068,LONG,2026-01-12 22:30:00+03:00,2026-01-13 22:30:00+03:00,2026-01-12,2026-01-13,2026,1,2026,1,0,1,22,22,1.7182112476,1.72251502342,0.0043037758207,0.304371210412,3.36499282622,ATR_TRAILING_STOP,50.1654022531,50.9678691432,,1 days 00:00:00,1440,24,SOURCE,SOURCE,SOURCE,UNAVAILABLE,DERIVED
v2,quarterly,true_oos,T3,M30,BR,V2_TRUE_OOS,TradingSystemLab/results/true_oos_v2/T3/M30/trades.csv,393,T3-M30-BR-000069,v2|true_oos|T3|M30|BR|TradingSystemLab/results/true_oos_v2/T3/M30/trades.csv|393|T3-M30-BR-000069,LONG,2026-01-14 14:00:00+03:00,2026-01-14 23:30:00+03:00,2026-01-14,2026-01-14,2026,1,2026,1,2,2,14,23,-0.670043341103,-0.666601314727,0.00344202637599,0.906088089524,0.743803655579,ATR_TRAILING_STOP,52.0670356091,51.6817048674,,0 days 09:30:00,570,9.5,SOURCE,SOURCE,SOURCE,UNAVAILABLE,DERIVED
v2,quarterly,true_oos,T3,M30,BR,V2_TRUE_OOS,TradingSystemLab/results/true_oos_v2/T3/M30/trades.csv,397,T3-M30-BR-000070,v2|true_oos|T3|M30|BR|TradingSystemLab/results/true_oos_v2/T3/M30/trades.csv|397|T3-M30-BR-000070,LONG,2026-01-16 12:00:00+03:00,2026-01-17 14:00:00+03:00,2026-01-16,2026-01-17,2026,1,2026,1,4,5,12,14,0.216483739645,0.220689268109,0.00420552846467,0.165234983644,1.09055089205,ATR_TRAILING_STOP,50.3932839362,50.5002359155,,1 days 02:00:00,1560,26,SOURCE,SOURCE,SOURCE,UNAVAILABLE,DERIVED
v2,quarterly,true_oos,T3,M30,BR,V2_TRUE_OOS,TradingSystemLab/results/true_oos_v2/T3/M30/trades.csv,415,T3-M30-BR-000071,v2|true_oos|T3|M30|BR|TradingSystemLab/results/true_oos_v2/T3/M30/trades.csv|415|T3-M30-BR-000071,LONG,2026-01-28 17:00:00+03:00,2026-01-28 20:30:00+03:00,2026-01-28,2026-01-28,2026,1,2026,1,2,2,17,20,-1.00774432517,-1.00387216259,0.0038721625866,1,0.243419290408,ATR_TRAILING_STOP,53.7407872821,53.2242800448,,0 days 03:30:00,210,3.5,SOURCE,SOURCE,SOURCE,UNAVAILABLE,DERIVED
v2,quarterly,true_oos,T3,M30,BR,V2_TRUE_OOS,TradingSystemLab/results/true_oos_v2/T3/M30/trades.csv,417,T3-M30-BR-000072,v2|true_oos|T3|M30|BR|TradingSystemLab/results/true_oos_v2/T3/M30/trades.csv|417|T3-M30-BR-000072,LONG,2026-01-29 00:00:00+03:00,2026-01-29 18:30:00+03:00,2026-01-29,2026-01-29,2026,1,2026,1,3,3,0,18,3.06516086694,3.06920654564,0.00404567869581,0,5.18191653563,ATR_TRAILING_STOP,53.9136630417,55.4329395119,,0 days 18:30:00,1110,18.5,SOURCE,SOURCE,SOURCE,UNAVAILABLE,DERIVED
v2,quarterly,true_oos,T3,M30,BR,V2_TRUE_OOS,TradingSystemLab/results/true_oos_v2/T3/M30/trades.csv,420,T3-M30-BR-000073,v2|true_oos|T3|M30|BR|TradingSystemLab/results/true_oos_v2/T3/M30/trades.csv|420|T3-M30-BR-000073,LONG,2026-02-03 15:00:00+03:00,2026-02-04 12:00:00+03:00,2026-02-03,2026-02-04,2026,2,2026,2,1,2,15,12,1.03199285133,1.03579761928,0.00380476795191,0.288854935412,2.87250185771,ATR_TRAILING_STOP,56.0874171516,56.6338906292,,0 days 21:00:00,1260,21,SOURCE,SOURCE,SOURCE,UNAVAILABLE,DERIVED
v2,quarterly,true_oos,T3,M30,BR,V2_TRUE_OOS,TradingSystemLab/results/true_oos_v2/T3/M30/trades.csv,422,T3-M30-BR-000074,v2|true_oos|T3|M30|BR|TradingSystemLab/results/true_oos_v2/T3/M30/trades.csv|422|T3-M30-BR-000074,LONG,2026-02-04 20:30:00+03:00,2026-02-04 23:00:00+03:00,2026-02-04,2026-02-04,2026,2,2026,2,2,2,20,23,-0.727587887948,-0.724852286103,0.00273560184498,0.722116684258,0.957657232121,ATR_TRAILING_STOP,58.1794128582,57.6514729567,,0 days 02:30:00,150,2.5,SOURCE,SOURCE,SOURCE,UNAVAILABLE,DERIVED
v2,quarterly,true_oos,T3,M30,BR,V2_TRUE_OOS,TradingSystemLab/results/true_oos_v2/T3/M30/trades.csv,423,T3-M30-BR-000075,v2|true_oos|T3|M30|BR|TradingSystemLab/results/true_oos_v2/T3/M30/trades.csv|423|T3-M30-BR-000075,LONG,2026-02-06 12:30:00+03:00,2026-02-06 13:30:00+03:00,2026-02-06,2026-02-06,2026,2,2026,2,4,4,12,13,-1.00601442643,-1.00300721322,0.00300721321678,1,0.0887853628419,ATR_TRAILING_STOP,57.934784328,57.2697167535,,0 days 01:00:00,60,1,SOURCE,SOURCE,SOURCE,UNAVAILABLE,DERIVED
v2,quarterly,true_oos,T3,M30,BR,V2_TRUE_OOS,TradingSystemLab/results/true_oos_v2/T3/M30/trades.csv,427,T3-M30-BR-000076,v2|true_oos|T3|M30|BR|TradingSystemLab/results/true_oos_v2/T3/M30/trades.csv|427|T3-M30-BR-000076,LONG,2026-02-11 11:30:00+03:00,2026-02-11 18:30:00+03:00,2026-02-11,2026-02-11,2026,2,2026,2,2,2,11,18,0.462334080995,0.467224779891,0.00489069889639,0.144393644469,2.12464934005,ATR_TRAILING_STOP,58.7361536511,58.9292203227,,0 days 07:00:00,420,7,SOURCE,SOURCE,SOURCE,UNAVAILABLE,DERIVED
v2,quarterly,true_oos,T3,M30,BR,V2_TRUE_OOS,TradingSystemLab/results/true_oos_v2/T3/M30/trades.csv,431,T3-M30-BR-000077,v2|true_oos|T3|M30|BR|TradingSystemLab/results/true_oos_v2/T3/M30/trades.csv|431|T3-M30-BR-000077,LONG,2026-02-19 11:00:00+03:00,2026-02-19 18:30:00+03:00,2026-02-19,2026-02-19,2026,2,2026,2,3,3,11,18,-0.331225515664,-0.327255457651,0.00397005801292,0.323285399638,1.37306095583,ATR_TRAILING_STOP,59.9508608356,59.7879990343,,0 days 07:30:00,450,7.5,SOURCE,SOURCE,SOURCE,UNAVAILABLE,DERIVED
v2,quarterly,true_oos,T3,M30,BR,V2_TRUE_OOS,TradingSystemLab/results/true_oos_v2/T3/M30/trades.csv,434,T3-M30-BR-000078,v2|true_oos|T3|M30|BR|TradingSystemLab/results/true_oos_v2/T3/M30/trades.csv|434|T3-M30-BR-000078,LONG,2026-02-20 09:00:00+03:00,2026-02-20 12:00:00+03:00,2026-02-20,2026-02-20,2026,2,2026,2,4,4,9,12,-0.873698901531,-0.869671041445,0.00402786008588,0.883398855541,0.611583823066,ATR_TRAILING_STOP,60.7691010919,60.3392732612,,0 days 03:00:00,180,3,SOURCE,SOURCE,SOURCE,UNAVAILABLE,DERIVED
v2,quarterly,true_oos,T3,M30,BR,V2_TRUE_OOS,TradingSystemLab/results/true_oos_v2/T3/M30/trades.csv,444,T3-M30-BR-000079,v2|true_oos|T3|M30|BR|TradingSystemLab/results/true_oos_v2/T3/M30/trades.csv|444|T3-M30-BR-000079,LONG,2026-03-02 23:30:00+03:00,2026-03-03 16:30:00+03:00,2026-03-02,2026-03-03,2026,3,2026,3,0,1,23,16,1.66314308615,1.66488399346,0.00174090730215,0.437100928938,3.57876385568,ATR_TRAILING_STOP,63.1457421613,65.060404589,,0 days 17:00:00,1020,17,SOURCE,SOURCE,SOURCE,UNAVAILABLE,DERIVED
v2,quarterly,true_oos,T3,M30,BR,V2_TRUE_OOS,TradingSystemLab/results/true_oos_v2/T3/M30/trades.csv,445,T3-M30-BR-000080,v2|true_oos|T3|M30|BR|TradingSystemLab/results/true_oos_v2/T3/M30/trades.csv|445|T3-M30-BR-000080,LONG,2026-03-05 09:00:00+03:00,2026-03-05 10:00:00+03:00,2026-03-05,2026-03-05,2026,3,2026,3,3,3,9,10,-1.00305106427,-1.00152553214,0.00152553213705,1,0.113710631257,ATR_TRAILING_STOP,66.6921978592,65.3811799191,,0 days 01:00:00,60,1,SOURCE,SOURCE,SOURCE,UNAVAILABLE,DERIVED
v2,quarterly,true_oos,T3,M30,BR,V2_TRUE_OOS,TradingSystemLab/results/true_oos_v2/T3/M30/trades.csv,448,T3-M30-BR-000081,v2|true_oos|T3|M30|BR|TradingSystemLab/results/true_oos_v2/T3/M30/trades.csv|448|T3-M30-BR-000081,LONG,2026-03-05 19:00:00+03:00,2026-03-09 10:30:00+03:00,2026-03-05,2026-03-09,2026,3,2026,3,3,0,19,10,15.0220942887,15.0238532447,0.00175895600991,0.524438635889,19.8872651136,ATR_TRAILING_STOP,66.8569668187,83.9416603711,,3 days 15:30:00,5250,87.5,SOURCE,SOURCE,SOURCE,UNAVAILABLE,DERIVED
v2,quarterly,true_oos,T3,M30,BR,V2_TRUE_OOS,TradingSystemLab/results/true_oos_v2/T3/M30/trades.csv,454,T3-M30-BR-000082,v2|true_oos|T3|M30|BR|TradingSystemLab/results/true_oos_v2/T3/M30/trades.csv|454|T3-M30-BR-000082,LONG,2026-03-11 12:30:00+03:00,2026-03-13 14:00:00+03:00,2026-03-11,2026-03-13,2026,3,2026,3,2,4,12,14,1.56411745669,1.56471293284,0.000595476144357,0.815297110654,2.40150552938,ATR_TRAILING_STOP,73.1181872765,78.3755210045,,2 days 01:30:00,2970,49.5,SOURCE,SOURCE,SOURCE,UNAVAILABLE,DERIVED
v2,quarterly,true_oos,T3,M30,BR,V2_TRUE_OOS,TradingSystemLab/results/true_oos_v2/T3/M30/trades.csv,461,T3-M30-BR-000083,v2|true_oos|T3|M30|BR|TradingSystemLab/results/true_oos_v2/T3/M30/trades.csv|461|T3-M30-BR-000083,LONG,2026-03-19 12:00:00+03:00,2026-03-19 13:30:00+03:00,2026-03-19,2026-03-19,2026,3,2026,3,3,3,12,13,-0.730230529908,-0.729310733069,0.000919796838758,0.72839093623,0.981492364172,ATR_TRAILING_STOP,91.5173877447,89.9335794394,,0 days 01:30:00,90,1.5,SOURCE,SOURCE,SOURCE,UNAVAILABLE,DERIVED
v2,quarterly,true_oos,T3,M30,BR,V2_TRUE_OOS,TradingSystemLab/results/true_oos_v2/T3/M30/trades.csv,466,T3-M30-BR-000084,v2|true_oos|T3|M30|BR|TradingSystemLab/results/true_oos_v2/T3/M30/trades.csv|466|T3-M30-BR-000084,LONG,2026-03-23 09:00:00+03:00,2026-03-23 14:30:00+03:00,2026-03-23,2026-03-23,2026,3,2026,3,0,0,9,14,-0.634541222419,-0.633789061221,0.000752161198485,0.633036900022,0.587205494753,ATR_TRAILING_STOP,88.1827778518,86.4995298956,,0 days 05:30:00,330,5.5,SOURCE,SOURCE,SOURCE,UNAVAILABLE,DERIVED
v2,quarterly,true_oos,T3,M30,BR,V2_TRUE_OOS,TradingSystemLab/results/true_oos_v2/T3/M30/trades.csv,469,T3-M30-BR-000085,v2|true_oos|T3|M30|BR|TradingSystemLab/results/true_oos_v2/T3/M30/trades.csv|469|T3-M30-BR-000085,LONG,2026-03-31 14:30:00+03:00,2026-04-01 09:30:00+03:00,2026-03-31,2026-04-01,2026,3,2026,4,1,2,14,9,1.04830975272,1.04962091772,0.00131116500001,0.020575170731,1.97007259749,ATR_TRAILING_STOP,90.5209278473,92.1239786955,,0 days 19:00:00,1140,19,SOURCE,SOURCE,SOURCE,UNAVAILABLE,DERIVED
v2,quarterly,true_oos,T3,M30,BR,V2_TRUE_OOS,TradingSystemLab/results/true_oos_v2/T3/M30/trades.csv,473,T3-M30-BR-000086,v2|true_oos|T3|M30|BR|TradingSystemLab/results/true_oos_v2/T3/M30/trades.csv|473|T3-M30-BR-000086,LONG,2026-04-02 09:00:00+03:00,2026-04-02 18:00:00+03:00,2026-04-02,2026-04-02,2026,4,2026,4,3,3,9,18,-0.525372434384,-0.524537467719,0.000834966665051,0.523702501054,0.497001894313,ATR_TRAILING_STOP,96.8041075114,95.549680184,,0 days 09:00:00,540,9,SOURCE,SOURCE,SOURCE,UNAVAILABLE,DERIVED
v2,quarterly,true_oos,T3,M30,BR,V2_TRUE_OOS,TradingSystemLab/results/true_oos_v2/T3/M30/trades.csv,476,T3-M30-BR-000087,v2|true_oos|T3|M30|BR|TradingSystemLab/results/true_oos_v2/T3/M30/trades.csv|476|T3-M30-BR-000087,LONG,2026-04-06 20:30:00+03:00,2026-04-07 12:30:00+03:00,2026-04-06,2026-04-07,2026,4,2026,4,0,1,20,12,-0.571930970117,-0.570762062472,0.0011689076447,0.65915569694,0.701006852302,ATR_TRAILING_STOP,99.0776390239,98.1030656136,,0 days 16:00:00,960,16,SOURCE,SOURCE,SOURCE,UNAVAILABLE,DERIVED
v2,quarterly,true_oos,T3,M30,BR,V2_TRUE_OOS,TradingSystemLab/results/true_oos_v2/T3/M30/trades.csv,477,T3-M30-BR-000088,v2|true_oos|T3|M30|BR|TradingSystemLab/results/true_oos_v2/T3/M30/trades.csv|477|T3-M30-BR-000088,SHORT,2026-04-08 15:00:00+03:00,2026-04-08 18:30:00+03:00,2026-04-08,2026-04-08,2026,4,2026,4,2,2,15,18,-0.836398835837,-0.835666456923,0.000732378914371,0.834934078008,0.698156364601,ATR_TRAILING_STOP,83.3956421344,85.6757025284,,0 days 03:30:00,210,3.5,SOURCE,SOURCE,SOURCE,UNAVAILABLE,DERIVED
v2,quarterly,true_oos,T3,M30,BR,V2_TRUE_OOS,TradingSystemLab/results/true_oos_v2/T3/M30/trades.csv,490,T3-M30-BR-000089,v2|true_oos|T3|M30|BR|TradingSystemLab/results/true_oos_v2/T3/M30/trades.csv|490|T3-M30-BR-000089,SHORT,2026-04-17 16:00:00+03:00,2026-04-17 20:30:00+03:00,2026-04-17,2026-04-17,2026,4,2026,4,4,4,16,20,0.248948350348,0.249995631116,0.00104728076727,0.374964697141,2.09511524528,ATR_TRAILING_STOP,81.6860180443,81.2065994973,,0 days 04:30:00,270,4.5,SOURCE,SOURCE,SOURCE,UNAVAILABLE,DERIVED
v2,quarterly,true_oos,T3,M30,BR,V2_TRUE_OOS,TradingSystemLab/results/true_oos_v2/T3/M30/trades.csv,492,T3-M30-BR-000090,v2|true_oos|T3|M30|BR|TradingSystemLab/results/true_oos_v2/T3/M30/trades.csv|492|T3-M30-BR-000090,LONG,2026-04-22 18:00:00+03:00,2026-04-23 15:30:00+03:00,2026-04-22,2026-04-23,2026,4,2026,4,2,3,18,15,0.416374285734,0.417419268946,0.00104498321156,0.42558662559,1.57607354751,ATR_TRAILING_STOP,90.8248986517,91.6258000395,,0 days 21:30:00,1290,21.5,SOURCE,SOURCE,SOURCE,UNAVAILABLE,DERIVED
v2,quarterly,true_oos,T3,M30,BR,V2_TRUE_OOS,TradingSystemLab/results/true_oos_v2/T3/M30/trades.csv,493,T3-M30-BR-000091,v2|true_oos|T3|M30|BR|TradingSystemLab/results/true_oos_v2/T3/M30/trades.csv|493|T3-M30-BR-000091,LONG,2026-04-23 20:30:00+03:00,2026-04-24 14:30:00+03:00,2026-04-23,2026-04-24,2026,4,2026,4,3,4,20,14,-0.418221129676,-0.417044306926,0.00117682274995,0.77422226413,0.890092262844,ATR_TRAILING_STOP,94.7453978741,94.0386347117,,0 days 18:00:00,1080,18,SOURCE,SOURCE,SOURCE,UNAVAILABLE,DERIVED
v2,quarterly,true_oos,T3,M30,BR,V2_TRUE_OOS,TradingSystemLab/results/true_oos_v2/T3/M30/trades.csv,501,T3-M30-BR-000092,v2|true_oos|T3|M30|BR|TradingSystemLab/results/true_oos_v2/T3/M30/trades.csv|501|T3-M30-BR-000092,LONG,2026-04-29 11:00:00+03:00,2026-04-30 10:30:00+03:00,2026-04-29,2026-04-30,2026,4,2026,4,2,3,11,10,6.24149814277,6.24318637539,0.00168823261808,0.0604448827978,8.69650751253,ATR_TRAILING_STOP,101.288514156,108.686635175,,0 days 23:30:00,1410,23.5,SOURCE,SOURCE,SOURCE,UNAVAILABLE,DERIVED
v2,quarterly,true_oos,T3,M30,BR,V2_TRUE_OOS,TradingSystemLab/results/true_oos_v2/T3/M30/trades.csv,505,T3-M30-BR-000093,v2|true_oos|T3|M30|BR|TradingSystemLab/results/true_oos_v2/T3/M30/trades.csv|505|T3-M30-BR-000093,LONG,2026-05-04 19:30:00+03:00,2026-05-05 15:30:00+03:00,2026-05-04,2026-05-05,2026,5,2026,5,0,1,19,15,-0.577303770658,-0.576889866781,0.000413903877749,0.576475962903,0.129464680994,ATR_TRAILING_STOP,108.699001508,105.913446726,,0 days 20:00:00,1200,20,SOURCE,SOURCE,SOURCE,UNAVAILABLE,DERIVED
v2,quarterly,true_oos,T3,M30,BR,V2_TRUE_OOS,TradingSystemLab/results/true_oos_v2/T3/M30/trades.csv,509,T3-M30-BR-000094,v2|true_oos|T3|M30|BR|TradingSystemLab/results/true_oos_v2/T3/M30/trades.csv|509|T3-M30-BR-000094,SHORT,2026-05-07 10:30:00+03:00,2026-05-07 19:30:00+03:00,2026-05-07,2026-05-07,2026,5,2026,5,3,3,10,19,-0.28300433992,-0.282151068919,0.00085327100187,0.841120458279,1.15654063013,ATR_TRAILING_STOP,94.23486859,94.8942084651,,0 days 09:00:00,540,9,SOURCE,SOURCE,SOURCE,UNAVAILABLE,DERIVED
v2,quarterly,true_oos,T3,M30,BR,V2_TRUE_OOS,TradingSystemLab/results/true_oos_v2/T3/M30/trades.csv,514,T3-M30-BR-000095,v2|true_oos|T3|M30|BR|TradingSystemLab/results/true_oos_v2/T3/M30/trades.csv|514|T3-M30-BR-000095,LONG,2026-05-18 21:30:00+03:00,2026-05-18 22:30:00+03:00,2026-05-18,2026-05-18,2026,5,2026,5,0,0,21,22,-1.00240170634,-1.00120085317,0.00120085317062,1,0.0796756874979,ATR_TRAILING_STOP,106.585304495,104.919821946,,0 days 01:00:00,60,1,SOURCE,SOURCE,SOURCE,UNAVAILABLE,DERIVED
v2,quarterly,true_oos,T3,M30,BR,V2_TRUE_OOS,TradingSystemLab/results/true_oos_v2/T3/M30/trades.csv,523,T3-M30-BR-000096,v2|true_oos|T3|M30|BR|TradingSystemLab/results/true_oos_v2/T3/M30/trades.csv|523|T3-M30-BR-000096,SHORT,2026-05-21 21:00:00+03:00,2026-05-22 09:30:00+03:00,2026-05-21,2026-05-22,2026,5,2026,5,3,4,21,9,-1.00157839833,-1.00078919916,0.00078919916457,1,0.123426505011,ATR_TRAILING_STOP,97.760856431,100.295070974,,0 days 12:30:00,750,12.5,SOURCE,SOURCE,SOURCE,UNAVAILABLE,DERIVED
v2,quarterly,true_oos,T3,M30,BR,V2_TRUE_OOS,TradingSystemLab/results/true_oos_v2/T3/M30/trades.csv,524,T3-M30-BR-000097,v2|true_oos|T3|M30|BR|TradingSystemLab/results/true_oos_v2/T3/M30/trades.csv|524|T3-M30-BR-000097,SHORT,2026-05-22 20:30:00+03:00,2026-05-22 21:30:00+03:00,2026-05-22,2026-05-22,2026,5,2026,5,4,4,20,21,-1.0020162274,-1.0010081137,0.00100811370112,1,0.0668875714181,ATR_TRAILING_STOP,96.68031177,98.6642149724,,0 days 01:00:00,60,1,SOURCE,SOURCE,SOURCE,UNAVAILABLE,DERIVED
v2,quarterly,true_oos,T3,M30,BR,V2_TRUE_OOS,TradingSystemLab/results/true_oos_v2/T3/M30/trades.csv,534,T3-M30-BR-000098,v2|true_oos|T3|M30|BR|TradingSystemLab/results/true_oos_v2/T3/M30/trades.csv|534|T3-M30-BR-000098,SHORT,2026-05-29 09:30:00+03:00,2026-05-30 17:00:00+03:00,2026-05-29,2026-05-30,2026,5,2026,5,4,5,9,17,0.512372743173,0.513731619761,0.00135887658853,0.972444531748,0.811443781458,ATR_TRAILING_STOP,87.8463852436,87.0882729901,,1 days 07:30:00,1890,31.5,SOURCE,SOURCE,SOURCE,UNAVAILABLE,DERIVED
v2,quarterly,true_oos,T3,M30,BR,V2_TRUE_OOS,TradingSystemLab/results/true_oos_v2/T3/M30/trades.csv,543,T3-M30-BR-000099,v2|true_oos|T3|M30|BR|TradingSystemLab/results/true_oos_v2/T3/M30/trades.csv|543|T3-M30-BR-000099,SHORT,2026-06-04 11:30:00+03:00,2026-06-05 09:30:00+03:00,2026-06-04,2026-06-05,2026,6,2026,6,3,4,11,9,0.862851734493,0.864796735365,0.00194500087239,0.326378988258,2.1577277557,ATR_TRAILING_STOP,90.2599242206,89.3686734777,,0 days 22:00:00,1320,22,SOURCE,SOURCE,SOURCE,UNAVAILABLE,DERIVED
v2,quarterly,true_oos,T3,M30,BR,V2_TRUE_OOS,TradingSystemLab/results/true_oos_v2/T3/M30/trades.csv,550,T3-M30-BR-000100,v2|true_oos|T3|M30|BR|TradingSystemLab/results/true_oos_v2/T3/M30/trades.csv|550|T3-M30-BR-000100,SHORT,2026-06-09 09:00:00+03:00,2026-06-09 20:00:00+03:00,2026-06-09,2026-06-09,2026,6,2026,6,1,1,9,20,1.56693474603,1.56892306454,0.00198831851143,0.0926799618716,3.35501461975,ATR_TRAILING_STOP,87.4072556799,85.8271150998,,0 days 11:00:00,660,11,SOURCE,SOURCE,SOURCE,UNAVAILABLE,DERIVED
v2,quarterly,true_oos,T3,M30,BR,V2_TRUE_OOS,TradingSystemLab/results/true_oos_v2/T3/M30/trades.csv,554,T3-M30-BR-000101,v2|true_oos|T3|M30|BR|TradingSystemLab/results/true_oos_v2/T3/M30/trades.csv|554|T3-M30-BR-000101,SHORT,2026-06-13 10:00:00+03:00,2026-06-14 14:00:00+03:00,2026-06-13,2026-06-14,2026,6,2026,6,5,6,10,14,0.910974225184,0.912622015097,0.00164778991319,0.184337194004,1.99698626838,ATR_TRAILING_STOP,80.8628984394,79.7532062417,,1 days 04:00:00,1680,28,SOURCE,SOURCE,SOURCE,UNAVAILABLE,DERIVED
v2,quarterly,true_oos,T3,M30,BR,V2_TRUE_OOS,TradingSystemLab/results/true_oos_v2/T3/M30/trades.csv,557,T3-M30-BR-000102,v2|true_oos|T3|M30|BR|TradingSystemLab/results/true_oos_v2/T3/M30/trades.csv|557|T3-M30-BR-000102,SHORT,2026-06-18 00:00:00+03:00,2026-06-18 14:00:00+03:00,2026-06-18,2026-06-18,2026,6,2026,6,3,3,0,14,-0.0928342619671,-0.0909732936626,0.0018609683045,0.0891123253581,1.39657654208,ATR_TRAILING_STOP,73.5727455019,73.6685153494,,0 days 14:00:00,840,14,SOURCE,SOURCE,SOURCE,UNAVAILABLE,DERIVED
v2,quarterly,true_oos,T3,M30,BR,V2_TRUE_OOS,TradingSystemLab/results/true_oos_v2/T3/M30/trades.csv,570,T3-M30-BR-000103,v2|true_oos|T3|M30|BR|TradingSystemLab/results/true_oos_v2/T3/M30/trades.csv|570|T3-M30-BR-000103,SHORT,2026-06-26 11:30:00+03:00,2026-06-26 15:00:00+03:00,2026-06-26,2026-06-26,2026,6,2026,6,4,4,11,15,-1.00436111823,-1.00218055911,0.00218055911288,1,0.0203281450411,ATR_TRAILING_STOP,67.4945105719,68.4117065279,,0 days 03:30:00,210,3.5,SOURCE,SOURCE,SOURCE,UNAVAILABLE,DERIVED
v2,quarterly,true_oos,T3,M30,BR,V2_TRUE_OOS,TradingSystemLab/results/true_oos_v2/T3/M30/trades.csv,574,T3-M30-BR-000104,v2|true_oos|T3|M30|BR|TradingSystemLab/results/true_oos_v2/T3/M30/trades.csv|574|T3-M30-BR-000104,SHORT,2026-06-26 17:30:00+03:00,2026-06-27 00:00:00+03:00,2026-06-26,2026-06-27,2026,6,2026,6,4,5,17,0,-0.553982196711,-0.55196980972,0.00201238699113,0.549957422729,0.665993116602,ATR_TRAILING_STOP,67.2894167553,67.8359889853,,0 days 06:30:00,390,6.5,SOURCE,SOURCE,SOURCE,UNAVAILABLE,DERIVED
v2,quarterly,true_oos,T3,M30,BR,V2_TRUE_OOS,TradingSystemLab/results/true_oos_v2/T3/M30/trades.csv,584,T3-M30-BR-000105,v2|true_oos|T3|M30|BR|TradingSystemLab/results/true_oos_v2/T3/M30/trades.csv|584|T3-M30-BR-000105,LONG,2026-07-07 22:00:00+03:00,2026-07-08 15:30:00+03:00,2026-07-07,2026-07-08,2026,7,2026,7,1,2,22,15,3.06405165984,3.06675074542,0.00269908558462,0.012485184548,5.2812330638,ATR_TRAILING_STOP,69.6354236622,71.9098604926,,0 days 17:30:00,1050,17.5,SOURCE,SOURCE,SOURCE,UNAVAILABLE,DERIVED
v2,quarterly,true_oos,T3,M30,BR,V2_TRUE_OOS,TradingSystemLab/results/true_oos_v2/T3/M30/trades.csv,585,T3-M30-BR-000106,v2|true_oos|T3|M30|BR|TradingSystemLab/results/true_oos_v2/T3/M30/trades.csv|585|T3-M30-BR-000106,LONG,2026-07-08 17:30:00+03:00,2026-07-08 21:00:00+03:00,2026-07-08,2026-07-08,2026,7,2026,7,2,2,17,21,-0.929842094442,-0.928411495482,0.00143059896065,0.926980896521,0.569107969013,ATR_TRAILING_STOP,73.9465844735,72.6506505017,,0 days 03:30:00,210,3.5,SOURCE,SOURCE,SOURCE,UNAVAILABLE,DERIVED
v2,quarterly,true_oos,T3,M30,BR,V2_TRUE_OOS,TradingSystemLab/results/true_oos_v2/T3/M30/trades.csv,586,T3-M30-BR-000107,v2|true_oos|T3|M30|BR|TradingSystemLab/results/true_oos_v2/T3/M30/trades.csv|586|T3-M30-BR-000107,LONG,2026-07-10 14:30:00+03:00,2026-07-10 15:30:00+03:00,2026-07-10,2026-07-10,2026,7,2026,7,4,4,14,15,-1.00453449881,-1.0022672494,0.00226724940333,1,0.314629080807,ATR_TRAILING_STOP,71.3191817473,70.4370555917,,0 days 01:00:00,60,1,SOURCE,SOURCE,SOURCE,UNAVAILABLE,DERIVED
v2,quarterly,true_oos,T3,M30,BR,V2_TRUE_OOS,TradingSystemLab/results/true_oos_v2/T3/M30/trades.csv,589,T3-M30-BR-000108,v2|true_oos|T3|M30|BR|TradingSystemLab/results/true_oos_v2/T3/M30/trades.csv|589|T3-M30-BR-000108,LONG,2026-07-13 19:30:00+03:00,2026-07-14 17:00:00+03:00,2026-07-13,2026-07-14,2026,7,2026,7,0,1,19,17,4.51600769718,4.51792176799,0.00191407081174,0.115101150168,6.54305769034,ATR_TRAILING_STOP,74.2518812691,78.9746280046,,0 days 21:30:00,1290,21.5,SOURCE,SOURCE,SOURCE,UNAVAILABLE,DERIVED
v2,quarterly,true_oos,T3,M30,BR,V2_TRUE_OOS,TradingSystemLab/results/true_oos_v2/T3/M30/trades.csv,590,T3-M30-BR-000109,v2|true_oos|T3|M30|BR|TradingSystemLab/results/true_oos_v2/T3/M30/trades.csv|590|T3-M30-BR-000109,LONG,2026-07-15 10:30:00+03:00,2026-07-15 12:00:00+03:00,2026-07-15,2026-07-15,2026,7,2026,7,2,2,10,12,-1.00374973683,-1.00187486842,0.00187486841524,1,0.476992766198,ATR_TRAILING_STOP,79.7657264269,78.6989848979,,0 days 01:30:00,90,1.5,SOURCE,SOURCE,SOURCE,UNAVAILABLE,DERIVED
v2,quarterly,true_oos,T3,M30,BR,V2_TRUE_OOS,TradingSystemLab/results/true_oos_v2/T3/M30/trades.csv,598,T3-M30-BR-000110,v2|true_oos|T3|M30|BR|TradingSystemLab/results/true_oos_v2/T3/M30/trades.csv|598|T3-M30-BR-000110,LONG,2026-07-20 21:30:00+03:00,2026-07-21 09:00:00+03:00,2026-07-20,2026-07-21,2026,7,2026,7,0,1,21,9,-0.785812655529,-0.784227199179,0.00158545635053,0.782641742828,0.344691408221,ATR_TRAILING_STOP,82.7909401293,81.8036638254,,0 days 11:30:00,690,11.5,SOURCE,SOURCE,SOURCE,UNAVAILABLE,DERIVED
v2,quarterly,true_oos,T3,M30,BR,V2_TRUE_OOS,TradingSystemLab/results/true_oos_v2/T3/M30/trades.csv,600,T3-M30-BR-000111,v2|true_oos|T3|M30|BR|TradingSystemLab/results/true_oos_v2/T3/M30/trades.csv|600|T3-M30-BR-000111,LONG,2026-07-21 13:00:00+03:00,2026-07-22 16:30:00+03:00,2026-07-21,2026-07-22,2026,7,2026,7,1,2,13,16,2.78350763121,2.78523729279,0.00172966158445,0.792090208935,4.32049204874,ATR_TRAILING_STOP,83.3552766303,86.5778341288,,1 days 03:30:00,1650,27.5,SOURCE,SOURCE,SOURCE,UNAVAILABLE,DERIVED
v2,quarterly,true_oos,T3,M30,BR,V2_TRUE_OOS,TradingSystemLab/results/true_oos_v2/T3/M30/trades.csv,603,T3-M30-BR-000112,v2|true_oos|T3|M30|BR|TradingSystemLab/results/true_oos_v2/T3/M30/trades.csv|603|T3-M30-BR-000112,LONG,2026-07-23 07:00:00+03:00,2026-07-23 23:00:00+03:00,2026-07-23,2026-07-23,2026,7,2026,7,3,3,7,23,2.24690262328,2.24840283147,0.00150020818248,0.50658543662,4.00410680726,ATR_TRAILING_STOP,89.1096586574,92.1091130877,,0 days 16:00:00,960,16,SOURCE,SOURCE,SOURCE,UNAVAILABLE,DERIVED
v2,quarterly,true_oos,T3,M30,BR,V2_TRUE_OOS,TradingSystemLab/results/true_oos_v2/T3/M30/trades.csv,607,T3-M30-BR-000113,v2|true_oos|T3|M30|BR|TradingSystemLab/results/true_oos_v2/T3/M30/trades.csv|607|T3-M30-BR-000113,SHORT,2026-07-27 12:30:00+03:00,2026-07-27 15:30:00+03:00,2026-07-27,2026-07-27,2026,7,2026,7,0,0,12,15,-0.95704270016,-0.955703521446,0.00133917871354,0.954364342733,0.569907897639,ATR_TRAILING_STOP,81.9675639228,83.3928618806,,0 days 03:00:00,180,3,SOURCE,SOURCE,SOURCE,UNAVAILABLE,DERIVED
v2,quarterly,true_oos,T3,M30,BR,V2_TRUE_OOS,TradingSystemLab/results/true_oos_v2/T3/M30/trades.csv,608,T3-M30-BR-000114,v2|true_oos|T3|M30|BR|TradingSystemLab/results/true_oos_v2/T3/M30/trades.csv|608|T3-M30-BR-000114,SHORT,2026-07-27 23:30:00+03:00,2026-07-28 15:00:00+03:00,2026-07-27,2026-07-28,2026,7,2026,7,0,1,23,15,0.478817119049,0.480393042592,0.00157592354346,0.269721259035,2.05571337967,ATR_TRAILING_STOP,81.1996962247,80.5880308071,,0 days 15:30:00,930,15.5,SOURCE,SOURCE,SOURCE,UNAVAILABLE,DERIVED
v2,quarterly,true_oos,T3,M30,BR,V2_TRUE_OOS,TradingSystemLab/results/true_oos_v2/T3/M30/trades.csv,609,T3-M30-BR-000115,v2|true_oos|T3|M30|BR|TradingSystemLab/results/true_oos_v2/T3/M30/trades.csv|609|T3-M30-BR-000115,SHORT,2026-07-28 18:30:00+03:00,2026-07-29 07:00:00+03:00,2026-07-28,2026-07-29,2026,7,2026,7,1,2,18,7,-1.71783302294,-1.71662897801,0.00120404492392,1.71542493309,1.17517747039,ATR_TRAILING_STOP,78.3965165555,81.2459533149,,0 days 12:30:00,750,12.5,SOURCE,SOURCE,SOURCE,UNAVAILABLE,DERIVED
v2,quarterly,true_oos,T3,M30,BR,V2_TRUE_OOS,TradingSystemLab/results/true_oos_v2/T3/M30/trades.csv,630,T3-M30-BR-000116,v2|true_oos|T3|M30|BR|TradingSystemLab/results/true_oos_v2/T3/M30/trades.csv|630|T3-M30-BR-000116,LONG,2026-08-11 10:00:00+03:00,2026-08-11 14:30:00+03:00,2026-08-11,2026-08-11,2026,8,2026,8,1,1,10,14,-0.523621618143,-0.521470971643,0.00215064650078,0.519320325142,1.01503724082,ATR_TRAILING_STOP,88.6605105811,88.1775671267,,0 days 04:30:00,270,4.5,SOURCE,SOURCE,SOURCE,UNAVAILABLE,DERIVED
v2,quarterly,true_oos,T3,M30,BR,V2_TRUE_OOS,TradingSystemLab/results/true_oos_v2/T3/M30/trades.csv,634,T3-M30-BR-000117,v2|true_oos|T3|M30|BR|TradingSystemLab/results/true_oos_v2/T3/M30/trades.csv|634|T3-M30-BR-000117,LONG,2026-08-12 07:00:00+03:00,2026-08-12 12:00:00+03:00,2026-08-12,2026-08-12,2026,8,2026,8,2,2,7,12,-1.00390675094,-1.00195337547,0.00195337546912,1,0.232909021336,ATR_TRAILING_STOP,89.4951494793,88.4712807805,,0 days 05:00:00,300,5,SOURCE,SOURCE,SOURCE,UNAVAILABLE,DERIVED
v2,quarterly,true_oos,T3,M30,BR,V2_TRUE_OOS,TradingSystemLab/results/true_oos_v2/T3/M30/trades.csv,647,T3-M30-BR-000118,v2|true_oos|T3|M30|BR|TradingSystemLab/results/true_oos_v2/T3/M30/trades.csv|647|T3-M30-BR-000118,LONG,2026-08-18 09:30:00+03:00,2026-08-18 10:30:00+03:00,2026-08-18,2026-08-18,2026,8,2026,8,1,1,9,10,-1.00466197707,-1.00233098854,0.00233098853558,1,0.173708366348,ATR_TRAILING_STOP,91.2935975815,90.4355925036,,0 days 01:00:00,60,1,SOURCE,SOURCE,SOURCE,UNAVAILABLE,DERIVED
v2,quarterly,true_oos,T3,M30,BR,V2_TRUE_OOS,TradingSystemLab/results/true_oos_v2/T3/M30/trades.csv,651,T3-M30-BR-000119,v2|true_oos|T3|M30|BR|TradingSystemLab/results/true_oos_v2/T3/M30/trades.csv|651|T3-M30-BR-000119,LONG,2026-08-20 12:00:00+03:00,2026-08-20 17:30:00+03:00,2026-08-20,2026-08-20,2026,8,2026,8,3,3,12,17,-0.266532854329,-0.264270454759,0.00226239957025,0.262008055189,1.12398016943,ATR_TRAILING_STOP,93.1715351025,92.9399154906,,0 days 05:30:00,330,5.5,SOURCE,SOURCE,SOURCE,UNAVAILABLE,DERIVED
v2,quarterly,true_oos,T3,M30,BR,V2_TRUE_OOS,TradingSystemLab/results/true_oos_v2/T3/M30/trades.csv,657,T3-M30-BR-000120,v2|true_oos|T3|M30|BR|TradingSystemLab/results/true_oos_v2/T3/M30/trades.csv|657|T3-M30-BR-000120,LONG,2026-08-21 20:30:00+03:00,2026-08-22 15:00:00+03:00,2026-08-21,2026-08-22,2026,8,2026,8,4,5,20,15,-0.687858875773,-0.685921591197,0.00193728457667,0.981709360657,0.153993625201,ATR_TRAILING_STOP,94.1353443063,93.4292174783,,0 days 18:30:00,1110,18.5,SOURCE,SOURCE,SOURCE,UNAVAILABLE,DERIVED
v2,quarterly,true_oos,T3,M30,BR,V2_TRUE_OOS,TradingSystemLab/results/true_oos_v2/T3/M30/trades.csv,663,T3-M30-BR-000121,v2|true_oos|T3|M30|BR|TradingSystemLab/results/true_oos_v2/T3/M30/trades.csv|663|T3-M30-BR-000121,SHORT,2026-08-25 19:00:00+03:00,2026-08-26 16:30:00+03:00,2026-08-25,2026-08-26,2026,8,2026,8,1,2,19,16,1.39512611414,1.39678774868,0.00166163453955,0.189868398159,2.71594360844,ATR_TRAILING_STOP,88.1537655358,86.4705441656,,0 days 21:30:00,1290,21.5,SOURCE,SOURCE,SOURCE,UNAVAILABLE,DERIVED
v2,quarterly,true_oos,T3,M30,BR,V2_TRUE_OOS,TradingSystemLab/results/true_oos_v2/T3/M30/trades.csv,665,T3-M30-BR-000122,v2|true_oos|T3|M30|BR|TradingSystemLab/results/true_oos_v2/T3/M30/trades.csv|665|T3-M30-BR-000122,SHORT,2026-08-27 10:00:00+03:00,2026-08-27 11:30:00+03:00,2026-08-27,2026-08-27,2026,8,2026,8,3,3,10,11,-1.00535082972,-1.00267541486,0.00267541486187,1,0.544959629859,ATR_TRAILING_STOP,86.1565938865,86.9041415018,,0 days 01:30:00,90,1.5,SOURCE,SOURCE,SOURCE,UNAVAILABLE,DERIVED
v2,quarterly,true_oos,T3,M30,BR,V2_TRUE_OOS,TradingSystemLab/results/true_oos_v2/T3/M30/trades.csv,672,T3-M30-BR-000123,v2|true_oos|T3|M30|BR|TradingSystemLab/results/true_oos_v2/T3/M30/trades.csv|672|T3-M30-BR-000123,LONG,2026-08-31 12:30:00+03:00,2026-08-31 14:30:00+03:00,2026-08-31,2026-08-31,2026,8,2026,8,0,0,12,14,-2.02029924697,-2.01864606061,0.00165318636355,2.01699287424,0.380232863616,ATR_TRAILING_STOP,91.2,88.7598723547,,0 days 02:00:00,120,2,SOURCE,SOURCE,SOURCE,UNAVAILABLE,DERIVED
v2,quarterly,true_oos,T3,M30,BR,V2_TRUE_OOS,TradingSystemLab/results/true_oos_v2/T3/M30/trades.csv,677,T3-M30-BR-000124,v2|true_oos|T3|M30|BR|TradingSystemLab/results/true_oos_v2/T3/M30/trades.csv|677|T3-M30-BR-000124,LONG,2026-09-01 08:00:00+03:00,2026-09-02 11:00:00+03:00,2026-09-01,2026-09-02,2026,9,2026,9,1,2,8,11,2.5166387164,2.51829656317,0.00165784676414,0.596824835091,3.57265977672,ATR_TRAILING_STOP,91.62,94.6600329686,,1 days 03:00:00,1620,27,SOURCE,SOURCE,SOURCE,UNAVAILABLE,DERIVED
v2,quarterly,true_oos,T3,M30,BR,V2_TRUE_OOS,TradingSystemLab/results/true_oos_v2/T3/M30/trades.csv,684,T3-M30-BR-000125,v2|true_oos|T3|M30|BR|TradingSystemLab/results/true_oos_v2/T3/M30/trades.csv|684|T3-M30-BR-000125,LONG,2026-09-04 21:30:00+03:00,2026-09-06 15:00:00+03:00,2026-09-04,2026-09-06,2026,9,2026,9,4,6,21,15,0.248015531292,0.249754870535,0.00173933924337,0.452228203275,0.730522482213,ATR_TRAILING_STOP,96.32,96.6091836204,,1 days 17:30:00,2490,41.5,SOURCE,SOURCE,SOURCE,UNAVAILABLE,DERIVED
v2,quarterly,true_oos,T3,M30,BR,V2_TRUE_OOS,TradingSystemLab/results/true_oos_v2/T3/M30/trades.csv,687,T3-M30-BR-000126,v2|true_oos|T3|M30|BR|TradingSystemLab/results/true_oos_v2/T3/M30/trades.csv|687|T3-M30-BR-000126,LONG,2026-09-08 23:30:00+03:00,2026-09-10 09:00:00+03:00,2026-09-08,2026-09-10,2026,9,2026,9,1,3,23,9,0.967626468788,0.969380283442,0.00175381465378,0.464760883253,2.087039438,ATR_TRAILING_STOP,99.35,100.457453511,,1 days 09:30:00,2010,33.5,SOURCE,SOURCE,SOURCE,UNAVAILABLE,DERIVED
v2,quarterly,true_oos,T3,M30,BR,V2_TRUE_OOS,TradingSystemLab/results/true_oos_v2/T3/M30/trades.csv,688,T3-M30-BR-000127,v2|true_oos|T3|M30|BR|TradingSystemLab/results/true_oos_v2/T3/M30/trades.csv|688|T3-M30-BR-000127,LONG,2026-09-10 12:00:00+03:00,2026-09-10 14:00:00+03:00,2026-09-10,2026-09-10,2026,9,2026,9,3,3,12,14,-1.0041208911,-1.00206044555,0.00206044555165,1,0.339973516022,ATR_TRAILING_STOP,102.36,101.389336156,,0 days 02:00:00,120,2,SOURCE,SOURCE,SOURCE,UNAVAILABLE,DERIVED
v2,quarterly,true_oos,T3,M30,BR,V2_TRUE_OOS,TradingSystemLab/results/true_oos_v2/T3/M30/trades.csv,693,T3-M30-BR-000128,v2|true_oos|T3|M30|BR|TradingSystemLab/results/true_oos_v2/T3/M30/trades.csv|693|T3-M30-BR-000128,LONG,2026-09-10 15:00:00+03:00,2026-09-11 08:30:00+03:00,2026-09-10,2026-09-11,2026,9,2026,9,3,4,15,8,2.85693277301,2.85860416159,0.0016713885787,0.142068029189,4.67988802035,ATR_TRAILING_STOP,103.4,106.822633835,,0 days 17:30:00,1050,17.5,SOURCE,SOURCE,SOURCE,UNAVAILABLE,DERIVED
v2,quarterly,true_oos,T3,M30,BR,V2_TRUE_OOS,TradingSystemLab/results/true_oos_v2/T3/M30/trades.csv,696,T3-M30-BR-000129,v2|true_oos|T3|M30|BR|TradingSystemLab/results/true_oos_v2/T3/M30/trades.csv|696|T3-M30-BR-000129,LONG,2026-09-14 07:00:00+03:00,2026-09-14 18:30:00+03:00,2026-09-14,2026-09-14,2026,9,2026,9,0,0,7,18,-0.120012040829,-0.118867918403,0.00114412242595,0.65214978279,1.20704915938,ATR_TRAILING_STOP,107.65,107.444211191,,0 days 11:30:00,690,11.5,SOURCE,SOURCE,SOURCE,UNAVAILABLE,DERIVED
v2,quarterly,true_oos,T3,M30,CNY,V2_TRUE_OOS,TradingSystemLab/results/true_oos_v2/T3/M30/trades.csv,4,T3-M30-CNY-000001,v2|true_oos|T3|M30|CNY|TradingSystemLab/results/true_oos_v2/T3/M30/trades.csv|4|T3-M30-CNY-000001,SHORT,2025-01-21 16:30:00+03:00,2025-01-22 20:00:00+03:00,2025-01-21,2025-01-22,2025,1,2025,1,1,2,16,20,0.345619274193,0.366457891681,0.0208386174879,0.654458162672,1.5102880677,ATR_TRAILING_STOP,16.9242242429,16.887053206,,1 days 03:30:00,1650,27.5,SOURCE,SOURCE,SOURCE,UNAVAILABLE,DERIVED
v2,quarterly,true_oos,T3,M30,CNY,V2_TRUE_OOS,TradingSystemLab/results/true_oos_v2/T3/M30/trades.csv,8,T3-M30-CNY-000002,v2|true_oos|T3|M30|CNY|TradingSystemLab/results/true_oos_v2/T3/M30/trades.csv|8|T3-M30-CNY-000002,SHORT,2025-01-24 11:30:00+03:00,2025-01-24 17:30:00+03:00,2025-01-24,2025-01-24,2025,1,2025,1,4,4,11,17,-0.147032813911,-0.120408406231,0.0266244076801,0.321602630727,1.46329196981,ATR_TRAILING_STOP,16.8275903167,16.8346352808,,0 days 06:00:00,360,6,SOURCE,SOURCE,SOURCE,UNAVAILABLE,DERIVED
v2,quarterly,true_oos,T3,M30,CNY,V2_TRUE_OOS,TradingSystemLab/results/true_oos_v2/T3/M30/trades.csv,11,T3-M30-CNY-000003,v2|true_oos|T3|M30|CNY|TradingSystemLab/results/true_oos_v2/T3/M30/trades.csv|11|T3-M30-CNY-000003,SHORT,2025-01-27 10:30:00+03:00,2025-01-27 16:00:00+03:00,2025-01-27,2025-01-27,2025,1,2025,1,0,0,10,16,0.451063528825,0.477247634564,0.0261841057389,0.205584676419,2.15073199946,ATR_TRAILING_STOP,16.6536492496,16.6151960181,,0 days 05:30:00,330,5.5,SOURCE,SOURCE,SOURCE,UNAVAILABLE,DERIVED
v2,quarterly,true_oos,T3,M30,CNY,V2_TRUE_OOS,TradingSystemLab/results/true_oos_v2/T3/M30/trades.csv,12,T3-M30-CNY-000004,v2|true_oos|T3|M30|CNY|TradingSystemLab/results/true_oos_v2/T3/M30/trades.csv|12|T3-M30-CNY-000004,SHORT,2025-01-28 17:30:00+03:00,2025-01-29 10:30:00+03:00,2025-01-28,2025-01-29,2025,1,2025,1,1,2,17,10,-0.584676357888,-0.563606362519,0.021069995369,0.54253636715,0.521744571525,ATR_TRAILING_STOP,16.5920451217,16.6435436017,,0 days 17:00:00,1020,17,SOURCE,SOURCE,SOURCE,UNAVAILABLE,DERIVED
v2,quarterly,true_oos,T3,M30,CNY,V2_TRUE_OOS,TradingSystemLab/results/true_oos_v2/T3/M30/trades.csv,20,T3-M30-CNY-000005,v2|true_oos|T3|M30|CNY|TradingSystemLab/results/true_oos_v2/T3/M30/trades.csv|20|T3-M30-CNY-000005,SHORT,2025-02-05 22:00:00+03:00,2025-02-06 11:00:00+03:00,2025-02-05,2025-02-06,2025,2,2025,2,2,3,22,11,-0.0735538841197,-0.0545568068512,0.0189970772684,0.206523243227,1.6407124323,ATR_TRAILING_STOP,16.0412317426,16.0449754479,,0 days 13:00:00,780,13,SOURCE,SOURCE,SOURCE,UNAVAILABLE,DERIVED
v2,quarterly,true_oos,T3,M30,CNY,V2_TRUE_OOS,TradingSystemLab/results/true_oos_v2/T3/M30/trades.csv,24,T3-M30-CNY-000006,v2|true_oos|T3|M30|CNY|TradingSystemLab/results/true_oos_v2/T3/M30/trades.csv|24|T3-M30-CNY-000006,SHORT,2025-02-07 12:30:00+03:00,2025-02-07 17:00:00+03:00,2025-02-07,2025-02-07,2025,2,2025,2,4,4,12,17,-0.800029418444,-0.780672167485,0.0193572509587,0.761314916526,0.794991042918,ATR_TRAILING_STOP,16.3190542803,16.3977136848,,0 days 04:30:00,270,4.5,SOURCE,SOURCE,SOURCE,UNAVAILABLE,DERIVED
v2,quarterly,true_oos,T3,M30,CNY,V2_TRUE_OOS,TradingSystemLab/results/true_oos_v2/T3/M30/trades.csv,30,T3-M30-CNY-000007,v2|true_oos|T3|M30|CNY|TradingSystemLab/results/true_oos_v2/T3/M30/trades.csv|30|T3-M30-CNY-000007,SHORT,2025-02-12 20:00:00+03:00,2025-02-12 22:30:00+03:00,2025-02-12,2025-02-12,2025,2,2025,2,2,2,20,22,2.84347114661,2.85958357701,0.0161124303973,0.0194625926159,5.44952593244,ATR_TRAILING_STOP,15.5725572007,15.2156034778,,0 days 02:30:00,150,2.5,SOURCE,SOURCE,SOURCE,UNAVAILABLE,DERIVED
v2,quarterly,true_oos,T3,M30,CNY,V2_TRUE_OOS,TradingSystemLab/results/true_oos_v2/T3/M30/trades.csv,35,T3-M30-CNY-000008,v2|true_oos|T3|M30|CNY|TradingSystemLab/results/true_oos_v2/T3/M30/trades.csv|35|T3-M30-CNY-000008,SHORT,2025-02-14 09:30:00+03:00,2025-02-14 10:30:00+03:00,2025-02-14,2025-02-14,2025,2,2025,2,4,4,9,10,-1.03000902303,-1.01500451152,0.0150045115174,1,0.4621699235,ATR_TRAILING_STOP,15.0181200494,15.1514132924,,0 days 01:00:00,60,1,SOURCE,SOURCE,SOURCE,UNAVAILABLE,DERIVED
v2,quarterly,true_oos,T3,M30,CNY,V2_TRUE_OOS,TradingSystemLab/results/true_oos_v2/T3/M30/trades.csv,46,T3-M30-CNY-000009,v2|true_oos|T3|M30|CNY|TradingSystemLab/results/true_oos_v2/T3/M30/trades.csv|46|T3-M30-CNY-000009,SHORT,2025-02-20 20:00:00+03:00,2025-02-21 10:30:00+03:00,2025-02-20,2025-02-21,2025,2,2025,2,3,4,20,10,-0.475017363025,-0.458849853777,0.0161675092487,0.442682344528,0.64446108166,ATR_TRAILING_STOP,14.667822067,14.722584039,,0 days 14:30:00,870,14.5,SOURCE,SOURCE,SOURCE,UNAVAILABLE,DERIVED
v2,quarterly,true_oos,T3,M30,CNY,V2_TRUE_OOS,TradingSystemLab/results/true_oos_v2/T3/M30/trades.csv,62,T3-M30-CNY-000010,v2|true_oos|T3|M30|CNY|TradingSystemLab/results/true_oos_v2/T3/M30/trades.csv|62|T3-M30-CNY-000010,SHORT,2025-03-10 18:00:00+03:00,2025-03-11 09:30:00+03:00,2025-03-10,2025-03-11,2025,3,2025,3,0,1,18,9,0.00317456593987,0.0208361310068,0.0176615650669,0.224005211659,1.05602456925,ATR_TRAILING_STOP,14.4721383666,14.4677788779,,0 days 15:30:00,930,15.5,SOURCE,SOURCE,SOURCE,UNAVAILABLE,DERIVED
v2,quarterly,true_oos,T3,M30,CNY,V2_TRUE_OOS,TradingSystemLab/results/true_oos_v2/T3/M30/trades.csv,64,T3-M30-CNY-000011,v2|true_oos|T3|M30|CNY|TradingSystemLab/results/true_oos_v2/T3/M30/trades.csv|64|T3-M30-CNY-000011,SHORT,2025-03-11 13:00:00+03:00,2025-03-11 18:30:00+03:00,2025-03-11,2025-03-11,2025,3,2025,3,1,1,13,18,-0.569127282281,-0.549274224383,0.0198530578978,0.529421166485,1.12710637193,ATR_TRAILING_STOP,14.3416825662,14.3950165331,,0 days 05:30:00,330,5.5,SOURCE,SOURCE,SOURCE,UNAVAILABLE,DERIVED
v2,quarterly,true_oos,T3,M30,CNY,V2_TRUE_OOS,TradingSystemLab/results/true_oos_v2/T3/M30/trades.csv,66,T3-M30-CNY-000012,v2|true_oos|T3|M30|CNY|TradingSystemLab/results/true_oos_v2/T3/M30/trades.csv|66|T3-M30-CNY-000012,SHORT,2025-03-13 11:30:00+03:00,2025-03-13 17:30:00+03:00,2025-03-13,2025-03-13,2025,3,2025,3,3,3,11,17,-0.571808738521,-0.553449378582,0.018359359939,0.535090018643,0.997952080891,ATR_TRAILING_STOP,14.4069104664,14.4652011716,,0 days 06:00:00,360,6,SOURCE,SOURCE,SOURCE,UNAVAILABLE,DERIVED
v2,quarterly,true_oos,T3,M30,CNY,V2_TRUE_OOS,TradingSystemLab/results/true_oos_v2/T3/M30/trades.csv,69,T3-M30-CNY-000013,v2|true_oos|T3|M30|CNY|TradingSystemLab/results/true_oos_v2/T3/M30/trades.csv|69|T3-M30-CNY-000013,SHORT,2025-03-13 19:30:00+03:00,2025-03-14 10:30:00+03:00,2025-03-13,2025-03-14,2025,3,2025,3,3,4,19,10,-0.968598761319,-0.958425032103,0.0101737292165,0.948251302886,0.0368672774204,ATR_TRAILING_STOP,14.1351275491,14.321539293,,0 days 15:00:00,900,15,SOURCE,SOURCE,SOURCE,UNAVAILABLE,DERIVED
v2,quarterly,true_oos,T3,M30,CNY,V2_TRUE_OOS,TradingSystemLab/results/true_oos_v2/T3/M30/trades.csv,100,T3-M30-CNY-000014,v2|true_oos|T3|M30|CNY|TradingSystemLab/results/true_oos_v2/T3/M30/trades.csv|100|T3-M30-CNY-000014,SHORT,2025-04-14 11:00:00+03:00,2025-04-14 20:00:00+03:00,2025-04-14,2025-04-14,2025,4,2025,4,0,0,11,20,-0.689939048263,-0.671563889461,0.0183751588024,0.653188730658,0.435007461178,ATR_TRAILING_STOP,13.3935236312,13.4646183888,,0 days 09:00:00,540,9,SOURCE,SOURCE,SOURCE,UNAVAILABLE,DERIVED
v2,quarterly,true_oos,T3,M30,CNY,V2_TRUE_OOS,TradingSystemLab/results/true_oos_v2/T3/M30/trades.csv,101,T3-M30-CNY-000015,v2|true_oos|T3|M30|CNY|TradingSystemLab/results/true_oos_v2/T3/M30/trades.csv|101|T3-M30-CNY-000015,SHORT,2025-04-15 11:30:00+03:00,2025-04-15 16:00:00+03:00,2025-04-15,2025-04-15,2025,4,2025,4,1,1,11,16,-0.732366485251,-0.711692063938,0.0206744213131,0.691017642625,0.692377751519,ATR_TRAILING_STOP,13.3369377838,13.403785376,,0 days 04:30:00,270,4.5,SOURCE,SOURCE,SOURCE,UNAVAILABLE,DERIVED
v2,quarterly,true_oos,T3,M30,CNY,V2_TRUE_OOS,TradingSystemLab/results/true_oos_v2/T3/M30/trades.csv,102,T3-M30-CNY-000016,v2|true_oos|T3|M30|CNY|TradingSystemLab/results/true_oos_v2/T3/M30/trades.csv|102|T3-M30-CNY-000016,SHORT,2025-04-21 10:30:00+03:00,2025-04-21 12:30:00+03:00,2025-04-21,2025-04-21,2025,4,2025,4,0,0,10,12,-1.03600984167,-1.01800492084,0.0180049208358,1,0.0727731216088,ATR_TRAILING_STOP,13.1140588339,13.2251395778,,0 days 02:00:00,120,2,SOURCE,SOURCE,SOURCE,UNAVAILABLE,DERIVED
v2,quarterly,true_oos,T3,M30,CNY,V2_TRUE_OOS,TradingSystemLab/results/true_oos_v2/T3/M30/trades.csv,105,T3-M30-CNY-000017,v2|true_oos|T3|M30|CNY|TradingSystemLab/results/true_oos_v2/T3/M30/trades.csv|105|T3-M30-CNY-000017,LONG,2025-04-23 19:30:00+03:00,2025-04-24 10:30:00+03:00,2025-04-23,2025-04-24,2025,4,2025,4,2,3,19,10,-0.933508249852,-0.915919085228,0.017589164624,0.898329920604,0.12187319816,ATR_TRAILING_STOP,13.6291055264,13.5269596952,,0 days 15:00:00,900,15,SOURCE,SOURCE,SOURCE,UNAVAILABLE,DERIVED
v2,quarterly,true_oos,T3,M30,CNY,V2_TRUE_OOS,TradingSystemLab/results/true_oos_v2/T3/M30/trades.csv,112,T3-M30-CNY-000018,v2|true_oos|T3|M30|CNY|TradingSystemLab/results/true_oos_v2/T3/M30/trades.csv|112|T3-M30-CNY-000018,LONG,2025-05-05 09:30:00+03:00,2025-05-05 10:30:00+03:00,2025-05-05,2025-05-05,2025,5,2025,5,0,0,9,10,-1.06376149859,-1.03188074929,0.0318807492939,1,0.0184081552443,ATR_TRAILING_STOP,13.5979255697,13.5351917869,,0 days 01:00:00,60,1,SOURCE,SOURCE,SOURCE,UNAVAILABLE,DERIVED
v2,quarterly,true_oos,T3,M30,CNY,V2_TRUE_OOS,TradingSystemLab/results/true_oos_v2/T3/M30/trades.csv,116,T3-M30-CNY-000019,v2|true_oos|T3|M30|CNY|TradingSystemLab/results/true_oos_v2/T3/M30/trades.csv|116|T3-M30-CNY-000019,SHORT,2025-05-05 18:30:00+03:00,2025-05-06 12:30:00+03:00,2025-05-05,2025-05-06,2025,5,2025,5,0,1,18,12,-0.513449789273,-0.493244381028,0.0202054082449,0.473038972783,0.490002920239,ATR_TRAILING_STOP,13.2353142211,13.2821372269,,0 days 18:00:00,1080,18,SOURCE,SOURCE,SOURCE,UNAVAILABLE,DERIVED
v2,quarterly,true_oos,T3,M30,CNY,V2_TRUE_OOS,TradingSystemLab/results/true_oos_v2/T3/M30/trades.csv,124,T3-M30-CNY-000020,v2|true_oos|T3|M30|CNY|TradingSystemLab/results/true_oos_v2/T3/M30/trades.csv|124|T3-M30-CNY-000020,SHORT,2025-05-22 09:30:00+03:00,2025-05-22 10:00:00+03:00,2025-05-22,2025-05-22,2025,5,2025,5,3,3,9,10,-1.08939896979,-1.04469948489,0.0446994848942,1,0,ATR_TRAILING_STOP,12.8934895104,12.9382327553,,0 days 00:30:00,30,0.5,SOURCE,SOURCE,SOURCE,UNAVAILABLE,DERIVED
v2,quarterly,true_oos,T3,M30,CNY,V2_TRUE_OOS,TradingSystemLab/results/true_oos_v2/T3/M30/trades.csv,126,T3-M30-CNY-000021,v2|true_oos|T3|M30|CNY|TradingSystemLab/results/true_oos_v2/T3/M30/trades.csv|126|T3-M30-CNY-000021,SHORT,2025-05-22 14:30:00+03:00,2025-05-22 15:30:00+03:00,2025-05-22,2025-05-22,2025,5,2025,5,3,3,14,15,-1.06310850851,-1.03155425426,0.0315542542574,1,0.0182196348535,ATR_TRAILING_STOP,12.8576903009,12.9210731964,,0 days 01:00:00,60,1,SOURCE,SOURCE,SOURCE,UNAVAILABLE,DERIVED
v2,quarterly,true_oos,T3,M30,CNY,V2_TRUE_OOS,TradingSystemLab/results/true_oos_v2/T3/M30/trades.csv,133,T3-M30-CNY-000022,v2|true_oos|T3|M30|CNY|TradingSystemLab/results/true_oos_v2/T3/M30/trades.csv|133|T3-M30-CNY-000022,SHORT,2025-05-29 13:30:00+03:00,2025-05-29 16:00:00+03:00,2025-05-29,2025-05-29,2025,5,2025,5,3,3,13,16,-1.06754982302,-1.03377491151,0.0337749115081,1,0.253524141254,ATR_TRAILING_STOP,12.6763846266,12.7356001778,,0 days 02:30:00,150,2.5,SOURCE,SOURCE,SOURCE,UNAVAILABLE,DERIVED
v2,quarterly,true_oos,T3,M30,CNY,V2_TRUE_OOS,TradingSystemLab/results/true_oos_v2/T3/M30/trades.csv,135,T3-M30-CNY-000023,v2|true_oos|T3|M30|CNY|TradingSystemLab/results/true_oos_v2/T3/M30/trades.csv|135|T3-M30-CNY-000023,SHORT,2025-05-29 22:30:00+03:00,2025-05-30 09:30:00+03:00,2025-05-29,2025-05-30,2025,5,2025,5,3,4,22,9,-1.08088795242,-1.04044397621,0.040443976209,1,0.233526190332,ATR_TRAILING_STOP,12.656752802,12.706203924,,0 days 11:00:00,660,11,SOURCE,SOURCE,SOURCE,UNAVAILABLE,DERIVED
v2,quarterly,true_oos,T3,M30,CNY,V2_TRUE_OOS,TradingSystemLab/results/true_oos_v2/T3/M30/trades.csv,139,T3-M30-CNY-000024,v2|true_oos|T3|M30|CNY|TradingSystemLab/results/true_oos_v2/T3/M30/trades.csv|139|T3-M30-CNY-000024,SHORT,2025-06-02 19:30:00+03:00,2025-06-03 10:30:00+03:00,2025-06-02,2025-06-03,2025,6,2025,6,0,1,19,10,-1.06749141282,-1.03374570641,0.0337457064085,1,0.0194849938021,ATR_TRAILING_STOP,12.6833135059,12.7425803049,,0 days 15:00:00,900,15,SOURCE,SOURCE,SOURCE,UNAVAILABLE,DERIVED
v2,quarterly,true_oos,T3,M30,CNY,V2_TRUE_OOS,TradingSystemLab/results/true_oos_v2/T3/M30/trades.csv,141,T3-M30-CNY-000025,v2|true_oos|T3|M30|CNY|TradingSystemLab/results/true_oos_v2/T3/M30/trades.csv|141|T3-M30-CNY-000025,SHORT,2025-06-05 14:00:00+03:00,2025-06-05 20:00:00+03:00,2025-06-05,2025-06-05,2025,6,2025,6,3,3,14,20,-0.664359790149,-0.626970939413,0.0373888507367,0.589582088676,0.863542776141,ATR_TRAILING_STOP,12.8022592667,12.8337971223,,0 days 06:00:00,360,6,SOURCE,SOURCE,SOURCE,UNAVAILABLE,DERIVED
v2,quarterly,true_oos,T3,M30,CNY,V2_TRUE_OOS,TradingSystemLab/results/true_oos_v2/T3/M30/trades.csv,145,T3-M30-CNY-000026,v2|true_oos|T3|M30|CNY|TradingSystemLab/results/true_oos_v2/T3/M30/trades.csv|145|T3-M30-CNY-000026,SHORT,2025-06-13 10:30:00+03:00,2025-06-13 11:30:00+03:00,2025-06-13,2025-06-13,2025,6,2025,6,4,4,10,11,-1.05554960829,-1.02777480414,0.0277748041448,1,0.224522975483,ATR_TRAILING_STOP,12.6082506471,12.6802583556,,0 days 01:00:00,60,1,SOURCE,SOURCE,SOURCE,UNAVAILABLE,DERIVED
v2,quarterly,true_oos,T3,M30,CNY,V2_TRUE_OOS,TradingSystemLab/results/true_oos_v2/T3/M30/trades.csv,158,T3-M30-CNY-000027,v2|true_oos|T3|M30|CNY|TradingSystemLab/results/true_oos_v2/T3/M30/trades.csv|158|T3-M30-CNY-000027,SHORT,2025-06-25 10:30:00+03:00,2025-06-26 09:30:00+03:00,2025-06-25,2025-06-26,2025,6,2025,6,2,3,10,9,-0.174504982289,-0.128955948044,0.0455490342446,0.827184140927,0.701853210484,ATR_TRAILING_STOP,12.4931859923,12.4968482835,,0 days 23:00:00,1380,23,SOURCE,SOURCE,SOURCE,UNAVAILABLE,DERIVED
v2,quarterly,true_oos,T3,M30,CNY,V2_TRUE_OOS,TradingSystemLab/results/true_oos_v2/T3/M30/trades.csv,168,T3-M30-CNY-000028,v2|true_oos|T3|M30|CNY|TradingSystemLab/results/true_oos_v2/T3/M30/trades.csv|168|T3-M30-CNY-000028,SHORT,2025-07-07 12:30:00+03:00,2025-07-08 10:30:00+03:00,2025-07-07,2025-07-08,2025,7,2025,7,0,1,12,10,3.04139202899,3.10004767676,0.0586556477704,0.12911565802,4.84183717575,ATR_TRAILING_STOP,12.4832803739,12.375577077,,0 days 22:00:00,1320,22,SOURCE,SOURCE,SOURCE,UNAVAILABLE,DERIVED
v2,quarterly,true_oos,T3,M30,CNY,V2_TRUE_OOS,TradingSystemLab/results/true_oos_v2/T3/M30/trades.csv,170,T3-M30-CNY-000029,v2|true_oos|T3|M30|CNY|TradingSystemLab/results/true_oos_v2/T3/M30/trades.csv|170|T3-M30-CNY-000029,SHORT,2025-07-09 11:00:00+03:00,2025-07-09 13:30:00+03:00,2025-07-09,2025-07-09,2025,7,2025,7,2,2,11,13,-1.11123411454,-1.05561705727,0.0556170572679,1,0.0612134825822,ATR_TRAILING_STOP,12.3479035898,12.3838637807,,0 days 02:30:00,150,2.5,SOURCE,SOURCE,SOURCE,UNAVAILABLE,DERIVED
v2,quarterly,true_oos,T3,M30,CNY,V2_TRUE_OOS,TradingSystemLab/results/true_oos_v2/T3/M30/trades.csv,172,T3-M30-CNY-000030,v2|true_oos|T3|M30|CNY|TradingSystemLab/results/true_oos_v2/T3/M30/trades.csv|172|T3-M30-CNY-000030,SHORT,2025-07-09 17:30:00+03:00,2025-07-09 18:30:00+03:00,2025-07-09,2025-07-09,2025,7,2025,7,2,2,17,18,-1.10684145177,-1.05342072588,0.0534207258845,1,0.176388440926,ATR_TRAILING_STOP,12.3247904803,12.3622291329,,0 days 01:00:00,60,1,SOURCE,SOURCE,SOURCE,UNAVAILABLE,DERIVED
v2,quarterly,true_oos,T3,M30,CNY,V2_TRUE_OOS,TradingSystemLab/results/true_oos_v2/T3/M30/trades.csv,178,T3-M30-CNY-000031,v2|true_oos|T3|M30|CNY|TradingSystemLab/results/true_oos_v2/T3/M30/trades.csv|178|T3-M30-CNY-000031,SHORT,2025-07-14 20:00:00+03:00,2025-07-16 09:30:00+03:00,2025-07-14,2025-07-16,2025,7,2025,7,0,2,20,9,-0.324746862307,-0.287177128757,0.0375697335504,0.537552083167,0.372151442192,ATR_TRAILING_STOP,12.3523060868,12.3655937719,,1 days 13:30:00,2250,37.5,SOURCE,SOURCE,SOURCE,UNAVAILABLE,DERIVED
v2,quarterly,true_oos,T3,M30,CNY,V2_TRUE_OOS,TradingSystemLab/results/true_oos_v2/T3/M30/trades.csv,181,T3-M30-CNY-000032,v2|true_oos|T3|M30|CNY|TradingSystemLab/results/true_oos_v2/T3/M30/trades.csv|181|T3-M30-CNY-000032,LONG,2025-07-24 12:00:00+03:00,2025-07-24 13:00:00+03:00,2025-07-24,2025-07-24,2025,7,2025,7,3,3,12,13,0.190407724242,0.241906778368,0.0514990541259,0.0283405542076,2.15388211978,ATR_TRAILING_STOP,12.538311587,12.5497061975,,0 days 01:00:00,60,1,SOURCE,SOURCE,SOURCE,UNAVAILABLE,DERIVED
v2,quarterly,true_oos,T3,M30,CNY,V2_TRUE_OOS,TradingSystemLab/results/true_oos_v2/T3/M30/trades.csv,186,T3-M30-CNY-000033,v2|true_oos|T3|M30|CNY|TradingSystemLab/results/true_oos_v2/T3/M30/trades.csv|186|T3-M30-CNY-000033,LONG,2025-07-28 11:30:00+03:00,2025-07-29 14:30:00+03:00,2025-07-28,2025-07-29,2025,7,2025,7,0,1,11,14,7.11002592265,7.15553019154,0.045504268886,0.22537396052,10.2670359792,ATR_TRAILING_STOP,12.5537203267,12.8702196194,,1 days 03:00:00,1620,27,SOURCE,SOURCE,SOURCE,UNAVAILABLE,DERIVED
v2,quarterly,true_oos,T3,M30,CNY,V2_TRUE_OOS,TradingSystemLab/results/true_oos_v2/T3/M30/trades.csv,204,T3-M30-CNY-000034,v2|true_oos|T3|M30|CNY|TradingSystemLab/results/true_oos_v2/T3/M30/trades.csv|204|T3-M30-CNY-000034,SHORT,2025-08-08 23:30:00+03:00,2025-08-11 10:30:00+03:00,2025-08-08,2025-08-11,2025,8,2025,8,4,0,23,10,-0.521601065956,-0.477718486603,0.043882579353,0.43383590725,1.20745578733,ATR_TRAILING_STOP,12.3842241904,12.4039967705,,2 days 11:00:00,3540,59,SOURCE,SOURCE,SOURCE,UNAVAILABLE,DERIVED
v2,quarterly,true_oos,T3,M30,CNY,V2_TRUE_OOS,TradingSystemLab/results/true_oos_v2/T3/M30/trades.csv,228,T3-M30-CNY-000035,v2|true_oos|T3|M30|CNY|TradingSystemLab/results/true_oos_v2/T3/M30/trades.csv|228|T3-M30-CNY-000035,LONG,2025-09-08 10:30:00+03:00,2025-09-10 15:30:00+03:00,2025-09-08,2025-09-10,2025,9,2025,9,0,2,10,15,12.8459788553,12.90506388,0.0590850246312,0.260121646401,15.7373596073,ATR_TRAILING_STOP,12.6692858741,13.1081161525,,2 days 05:00:00,3180,53,SOURCE,SOURCE,SOURCE,UNAVAILABLE,DERIVED
v2,quarterly,true_oos,T3,M30,CNY,V2_TRUE_OOS,TradingSystemLab/results/true_oos_v2/T3/M30/trades.csv,231,T3-M30-CNY-000036,v2|true_oos|T3|M30|CNY|TradingSystemLab/results/true_oos_v2/T3/M30/trades.csv|231|T3-M30-CNY-000036,LONG,2025-09-11 00:00:00+03:00,2025-09-11 11:00:00+03:00,2025-09-11,2025-09-11,2025,9,2025,9,3,3,0,11,0.569279623435,0.61196002606,0.0426804026254,0.35231314965,2.46619204755,ATR_TRAILING_STOP,13.1854786528,13.216155047,,0 days 11:00:00,660,11,SOURCE,SOURCE,SOURCE,UNAVAILABLE,DERIVED
v2,quarterly,true_oos,T3,M30,CNY,V2_TRUE_OOS,TradingSystemLab/results/true_oos_v2/T3/M30/trades.csv,253,T3-M30-CNY-000037,v2|true_oos|T3|M30|CNY|TradingSystemLab/results/true_oos_v2/T3/M30/trades.csv|253|T3-M30-CNY-000037,SHORT,2025-09-29 14:30:00+03:00,2025-09-30 10:30:00+03:00,2025-09-29,2025-09-30,2025,9,2025,9,0,1,14,10,-0.0780511791705,-0.0338530313541,0.0441981478164,0.650254176333,1.11472144514,ATR_TRAILING_STOP,12.5968381624,12.596370038,,0 days 20:00:00,1200,20,SOURCE,SOURCE,SOURCE,UNAVAILABLE,DERIVED
v2,quarterly,true_oos,T3,M30,CNY,V2_TRUE_OOS,TradingSystemLab/results/true_oos_v2/T3/M30/trades.csv,257,T3-M30-CNY-000038,v2|true_oos|T3|M30|CNY|TradingSystemLab/results/true_oos_v2/T3/M30/trades.csv|257|T3-M30-CNY-000038,SHORT,2025-09-30 12:00:00+03:00,2025-10-01 15:00:00+03:00,2025-09-30,2025-10-01,2025,9,2025,10,1,2,12,15,3.95327388834,3.99721936549,0.0439454771516,0.369449612846,6.00355620875,ATR_TRAILING_STOP,12.527480415,12.3435632019,,1 days 03:00:00,1620,27,SOURCE,SOURCE,SOURCE,UNAVAILABLE,DERIVED
v2,quarterly,true_oos,T3,M30,CNY,V2_TRUE_OOS,TradingSystemLab/results/true_oos_v2/T3/M30/trades.csv,260,T3-M30-CNY-000039,v2|true_oos|T3|M30|CNY|TradingSystemLab/results/true_oos_v2/T3/M30/trades.csv|260|T3-M30-CNY-000039,SHORT,2025-10-02 09:30:00+03:00,2025-10-02 10:30:00+03:00,2025-10-02,2025-10-02,2025,10,2025,10,3,3,9,10,-1.00800960467,-0.969125926918,0.0388836777493,0.930242249169,0.63335919199,ATR_TRAILING_STOP,12.2321845508,12.2800319924,,0 days 01:00:00,60,1,SOURCE,SOURCE,SOURCE,UNAVAILABLE,DERIVED
v2,quarterly,true_oos,T3,M30,CNY,V2_TRUE_OOS,TradingSystemLab/results/true_oos_v2/T3/M30/trades.csv,273,T3-M30-CNY-000040,v2|true_oos|T3|M30|CNY|TradingSystemLab/results/true_oos_v2/T3/M30/trades.csv|273|T3-M30-CNY-000040,SHORT,2025-10-06 18:30:00+03:00,2025-10-07 17:30:00+03:00,2025-10-06,2025-10-07,2025,10,2025,10,0,1,18,17,1.29459374406,1.32138038496,0.0267866408937,0.0562988204309,2.5615963296,ATR_TRAILING_STOP,12.4476139179,12.3469542621,,0 days 23:00:00,1380,23,SOURCE,SOURCE,SOURCE,UNAVAILABLE,DERIVED
v2,quarterly,true_oos,T3,M30,CNY,V2_TRUE_OOS,TradingSystemLab/results/true_oos_v2/T3/M30/trades.csv,277,T3-M30-CNY-000041,v2|true_oos|T3|M30|CNY|TradingSystemLab/results/true_oos_v2/T3/M30/trades.csv|277|T3-M30-CNY-000041,SHORT,2025-10-08 18:00:00+03:00,2025-10-09 10:00:00+03:00,2025-10-08,2025-10-09,2025,10,2025,10,2,3,18,10,-0.974352212168,-0.94389833367,0.0304538784985,0.913444455171,0.128012873567,ATR_TRAILING_STOP,12.198556552,12.2585452629,,0 days 16:00:00,960,16,SOURCE,SOURCE,SOURCE,UNAVAILABLE,DERIVED
v2,quarterly,true_oos,T3,M30,CNY,V2_TRUE_OOS,TradingSystemLab/results/true_oos_v2/T3/M30/trades.csv,292,T3-M30-CNY-000042,v2|true_oos|T3|M30|CNY|TradingSystemLab/results/true_oos_v2/T3/M30/trades.csv|292|T3-M30-CNY-000042,SHORT,2025-10-15 10:00:00+03:00,2025-10-16 10:30:00+03:00,2025-10-15,2025-10-16,2025,10,2025,10,2,3,10,10,1.15082091941,1.1903349826,0.0395140631986,0.76820028332,2.74060641617,ATR_TRAILING_STOP,11.9022098129,11.8399611376,,1 days 00:30:00,1470,24.5,SOURCE,SOURCE,SOURCE,UNAVAILABLE,DERIVED
v2,quarterly,true_oos,T3,M30,CNY,V2_TRUE_OOS,TradingSystemLab/results/true_oos_v2/T3/M30/trades.csv,299,T3-M30-CNY-000043,v2|true_oos|T3|M30|CNY|TradingSystemLab/results/true_oos_v2/T3/M30/trades.csv|299|T3-M30-CNY-000043,SHORT,2025-10-20 18:30:00+03:00,2025-10-21 09:30:00+03:00,2025-10-20,2025-10-21,2025,10,2025,10,0,1,18,9,-0.770203175802,-0.744498733172,0.0257044426301,0.718794290542,0.229603318834,ATR_TRAILING_STOP,12.144961929,12.20088956,,0 days 15:00:00,900,15,SOURCE,SOURCE,SOURCE,UNAVAILABLE,DERIVED
v2,quarterly,true_oos,T3,M30,CNY,V2_TRUE_OOS,TradingSystemLab/results/true_oos_v2/T3/M30/trades.csv,300,T3-M30-CNY-000044,v2|true_oos|T3|M30|CNY|TradingSystemLab/results/true_oos_v2/T3/M30/trades.csv|300|T3-M30-CNY-000044,LONG,2025-10-21 14:00:00+03:00,2025-10-21 15:00:00+03:00,2025-10-21,2025-10-21,2025,10,2025,10,1,1,14,15,-1.05160973005,-1.02580486502,0.0258048650238,1,0.0813530596082,ATR_TRAILING_STOP,12.3099492979,12.2324445329,,0 days 01:00:00,60,1,SOURCE,SOURCE,SOURCE,UNAVAILABLE,DERIVED
v2,quarterly,true_oos,T3,M30,CNY,V2_TRUE_OOS,TradingSystemLab/results/true_oos_v2/T3/M30/trades.csv,309,T3-M30-CNY-000045,v2|true_oos|T3|M30|CNY|TradingSystemLab/results/true_oos_v2/T3/M30/trades.csv|309|T3-M30-CNY-000045,SHORT,2025-10-27 10:30:00+03:00,2025-10-27 13:00:00+03:00,2025-10-27,2025-10-27,2025,10,2025,10,0,0,10,13,-1.05854803227,-1.02927401613,0.0292740161343,1,0.123053322302,ATR_TRAILING_STOP,11.8160380661,11.8843580394,,0 days 02:30:00,150,2.5,SOURCE,SOURCE,SOURCE,UNAVAILABLE,DERIVED
v2,quarterly,true_oos,T3,M30,CNY,V2_TRUE_OOS,TradingSystemLab/results/true_oos_v2/T3/M30/trades.csv,314,T3-M30-CNY-000046,v2|true_oos|T3|M30|CNY|TradingSystemLab/results/true_oos_v2/T3/M30/trades.csv|314|T3-M30-CNY-000046,SHORT,2025-11-01 10:00:00+03:00,2025-11-01 14:30:00+03:00,2025-11-01,2025-11-01,2025,11,2025,11,5,5,10,14,-0.635614480649,-0.60084325154,0.0347712291088,0.566072022431,0.968315672269,ATR_TRAILING_STOP,12.0430270578,12.0755868514,,0 days 04:30:00,270,4.5,SOURCE,SOURCE,SOURCE,UNAVAILABLE,DERIVED
v2,quarterly,true_oos,T3,M30,CNY,V2_TRUE_OOS,TradingSystemLab/results/true_oos_v2/T3/M30/trades.csv,329,T3-M30-CNY-000047,v2|true_oos|T3|M30|CNY|TradingSystemLab/results/true_oos_v2/T3/M30/trades.csv|329|T3-M30-CNY-000047,SHORT,2025-11-20 17:00:00+03:00,2025-11-21 16:00:00+03:00,2025-11-20,2025-11-21,2025,11,2025,11,3,4,17,16,3.27627264994,3.3203705516,0.0440979016651,0,5.282917401,ATR_TRAILING_STOP,11.927430812,11.7748399482,,0 days 23:00:00,1380,23,SOURCE,SOURCE,SOURCE,UNAVAILABLE,DERIVED
v2,quarterly,true_oos,T3,M30,CNY,V2_TRUE_OOS,TradingSystemLab/results/true_oos_v2/T3/M30/trades.csv,333,T3-M30-CNY-000048,v2|true_oos|T3|M30|CNY|TradingSystemLab/results/true_oos_v2/T3/M30/trades.csv|333|T3-M30-CNY-000048,SHORT,2025-11-24 10:30:00+03:00,2025-11-25 10:30:00+03:00,2025-11-24,2025-11-25,2025,11,2025,11,0,1,10,10,0.0765250120859,0.114628872038,0.038103859952,0.660699473885,1.22129296688,ATR_TRAILING_STOP,11.7288154443,11.7207987902,,1 days 00:00:00,1440,24,SOURCE,SOURCE,SOURCE,UNAVAILABLE,DERIVED
v2,quarterly,true_oos,T3,M30,CNY,V2_TRUE_OOS,TradingSystemLab/results/true_oos_v2/T3/M30/trades.csv,338,T3-M30-CNY-000049,v2|true_oos|T3|M30|CNY|TradingSystemLab/results/true_oos_v2/T3/M30/trades.csv|338|T3-M30-CNY-000049,SHORT,2025-12-03 18:30:00+03:00,2025-12-04 11:00:00+03:00,2025-12-03,2025-12-04,2025,12,2025,12,2,3,18,11,0.402778446768,0.4358288005,0.0330503537317,0.138927156809,2.11863914134,ATR_TRAILING_STOP,11.491317703,11.4629440791,,0 days 16:30:00,990,16.5,SOURCE,SOURCE,SOURCE,UNAVAILABLE,DERIVED
v2,quarterly,true_oos,T3,M30,CNY,V2_TRUE_OOS,TradingSystemLab/results/true_oos_v2/T3/M30/trades.csv,342,T3-M30-CNY-000050,v2|true_oos|T3|M30|CNY|TradingSystemLab/results/true_oos_v2/T3/M30/trades.csv|342|T3-M30-CNY-000050,SHORT,2025-12-04 17:30:00+03:00,2025-12-05 10:30:00+03:00,2025-12-04,2025-12-05,2025,12,2025,12,3,4,17,10,0.714649412046,0.742359592872,0.0277101808265,0.495038898513,2.03839546447,ATR_TRAILING_STOP,11.3389408336,11.2833605558,,0 days 17:00:00,1020,17,SOURCE,SOURCE,SOURCE,UNAVAILABLE,DERIVED
v2,quarterly,true_oos,T3,M30,CNY,V2_TRUE_OOS,TradingSystemLab/results/true_oos_v2/T3/M30/trades.csv,345,T3-M30-CNY-000051,v2|true_oos|T3|M30|CNY|TradingSystemLab/results/true_oos_v2/T3/M30/trades.csv|345|T3-M30-CNY-000051,SHORT,2025-12-08 17:00:00+03:00,2025-12-08 21:30:00+03:00,2025-12-08,2025-12-08,2025,12,2025,12,0,0,17,21,-1.05891124034,-1.02945562017,0.0294556201717,1,0.201202129123,ATR_TRAILING_STOP,11.3536530831,11.4215518402,,0 days 04:30:00,270,4.5,SOURCE,SOURCE,SOURCE,UNAVAILABLE,DERIVED
v2,quarterly,true_oos,T3,M30,CNY,V2_TRUE_OOS,TradingSystemLab/results/true_oos_v2/T3/M30/trades.csv,350,T3-M30-CNY-000052,v2|true_oos|T3|M30|CNY|TradingSystemLab/results/true_oos_v2/T3/M30/trades.csv|350|T3-M30-CNY-000052,LONG,2025-12-11 17:30:00+03:00,2025-12-11 20:00:00+03:00,2025-12-11,2025-12-11,2025,12,2025,12,3,3,17,20,-1.05155204931,-1.02577602466,0.0257760246567,1,0.297961168081,ATR_TRAILING_STOP,11.8811923137,11.8036008299,,0 days 02:30:00,150,2.5,SOURCE,SOURCE,SOURCE,UNAVAILABLE,DERIVED
v2,quarterly,true_oos,T3,M30,CNY,V2_TRUE_OOS,TradingSystemLab/results/true_oos_v2/T3/M30/trades.csv,361,T3-M30-CNY-000053,v2|true_oos|T3|M30|CNY|TradingSystemLab/results/true_oos_v2/T3/M30/trades.csv|361|T3-M30-CNY-000053,LONG,2025-12-18 20:30:00+03:00,2025-12-19 12:00:00+03:00,2025-12-18,2025-12-19,2025,12,2025,12,3,4,20,12,0.0142581908266,0.0421016732388,0.0278434824121,0.478625776281,1.36549118527,ATR_TRAILING_STOP,11.9499914904,11.9550156576,,0 days 15:30:00,930,15.5,SOURCE,SOURCE,SOURCE,UNAVAILABLE,DERIVED
v2,quarterly,true_oos,T3,M30,CNY,V2_TRUE_OOS,TradingSystemLab/results/true_oos_v2/T3/M30/trades.csv,364,T3-M30-CNY-000054,v2|true_oos|T3|M30|CNY|TradingSystemLab/results/true_oos_v2/T3/M30/trades.csv|364|T3-M30-CNY-000054,SHORT,2025-12-22 17:30:00+03:00,2025-12-23 10:30:00+03:00,2025-12-22,2025-12-23,2025,12,2025,12,0,1,17,10,-0.618809594215,-0.592119584232,0.0266900099822,0.56542957425,0.445303686812,ATR_TRAILING_STOP,11.5940601141,11.6364302425,,0 days 17:00:00,1020,17,SOURCE,SOURCE,SOURCE,UNAVAILABLE,DERIVED
v2,quarterly,true_oos,T3,M30,CNY,V2_TRUE_OOS,TradingSystemLab/results/true_oos_v2/T3/M30/trades.csv,367,T3-M30-CNY-000055,v2|true_oos|T3|M30|CNY|TradingSystemLab/results/true_oos_v2/T3/M30/trades.csv|367|T3-M30-CNY-000055,SHORT,2025-12-23 16:00:00+03:00,2025-12-24 09:30:00+03:00,2025-12-23,2025-12-24,2025,12,2025,12,1,2,16,9,-0.665920534347,-0.637029066297,0.0288914680505,0.613497101397,0.36517684607,ATR_TRAILING_STOP,11.5546245355,11.5967226108,,0 days 17:30:00,1050,17.5,SOURCE,SOURCE,SOURCE,UNAVAILABLE,DERIVED
v2,quarterly,true_oos,T3,M30,CNY,V2_TRUE_OOS,TradingSystemLab/results/true_oos_v2/T3/M30/trades.csv,379,T3-M30-CNY-000056,v2|true_oos|T3|M30|CNY|TradingSystemLab/results/true_oos_v2/T3/M30/trades.csv|379|T3-M30-CNY-000056,LONG,2026-01-05 10:30:00+03:00,2026-01-06 10:30:00+03:00,2026-01-05,2026-01-06,2026,1,2026,1,0,1,10,10,1.05252896555,1.08460773015,0.0320787646014,0,2.12462626016,ATR_TRAILING_STOP,11.7386572357,11.8082787756,,1 days 00:00:00,1440,24,SOURCE,SOURCE,SOURCE,UNAVAILABLE,DERIVED
v2,quarterly,true_oos,T3,M30,CNY,V2_TRUE_OOS,TradingSystemLab/results/true_oos_v2/T3/M30/trades.csv,395,T3-M30-CNY-000057,v2|true_oos|T3|M30|CNY|TradingSystemLab/results/true_oos_v2/T3/M30/trades.csv|395|T3-M30-CNY-000057,SHORT,2026-01-16 10:00:00+03:00,2026-01-16 10:30:00+03:00,2026-01-16,2026-01-16,2026,1,2026,1,4,4,10,10,-1.09698421179,-1.04849210589,0.0484921058941,1,0,ATR_TRAILING_STOP,11.4969879206,11.5382317471,,0 days 00:30:00,30,0.5,SOURCE,SOURCE,SOURCE,UNAVAILABLE,DERIVED
v2,quarterly,true_oos,T3,M30,CNY,V2_TRUE_OOS,TradingSystemLab/results/true_oos_v2/T3/M30/trades.csv,404,T3-M30-CNY-000058,v2|true_oos|T3|M30|CNY|TradingSystemLab/results/true_oos_v2/T3/M30/trades.csv|404|T3-M30-CNY-000058,SHORT,2026-01-21 18:30:00+03:00,2026-01-23 10:30:00+03:00,2026-01-21,2026-01-23,2026,1,2026,1,2,4,18,10,2.96075162886,2.99748132701,0.0367296981535,0.148559681969,4.23395093613,ATR_TRAILING_STOP,11.3574466424,11.19222824,,1 days 16:00:00,2400,40,SOURCE,SOURCE,SOURCE,UNAVAILABLE,DERIVED
v2,quarterly,true_oos,T3,M30,CNY,V2_TRUE_OOS,TradingSystemLab/results/true_oos_v2/T3/M30/trades.csv,412,T3-M30-CNY-000059,v2|true_oos|T3|M30|CNY|TradingSystemLab/results/true_oos_v2/T3/M30/trades.csv|412|T3-M30-CNY-000059,SHORT,2026-01-27 13:30:00+03:00,2026-01-28 11:00:00+03:00,2026-01-27,2026-01-28,2026,1,2026,1,1,2,13,11,0.0823033106483,0.116889317349,0.0345860067004,0.751904166843,1.31146075612,ATR_TRAILING_STOP,11.2805978225,11.2718384809,,0 days 21:30:00,1290,21.5,SOURCE,SOURCE,SOURCE,UNAVAILABLE,DERIVED
v2,quarterly,true_oos,T3,M30,CNY,V2_TRUE_OOS,TradingSystemLab/results/true_oos_v2/T3/M30/trades.csv,424,T3-M30-CNY-000060,v2|true_oos|T3|M30|CNY|TradingSystemLab/results/true_oos_v2/T3/M30/trades.csv|424|T3-M30-CNY-000060,LONG,2026-02-09 09:30:00+03:00,2026-02-09 11:00:00+03:00,2026-02-09,2026-02-09,2026,2,2026,2,0,0,9,11,-1.07536923717,-1.03768461858,0.0376846185849,1,0.304844049016,ATR_TRAILING_STOP,11.4150832573,11.3620112063,,0 days 01:30:00,90,1.5,SOURCE,SOURCE,SOURCE,UNAVAILABLE,DERIVED
v2,quarterly,true_oos,T3,M30,CNY,V2_TRUE_OOS,TradingSystemLab/results/true_oos_v2/T3/M30/trades.csv,425,T3-M30-CNY-000061,v2|true_oos|T3|M30|CNY|TradingSystemLab/results/true_oos_v2/T3/M30/trades.csv|425|T3-M30-CNY-000061,LONG,2026-02-09 13:30:00+03:00,2026-02-09 19:30:00+03:00,2026-02-09,2026-02-09,2026,2,2026,2,0,0,13,19,-0.789557606112,-0.759680604318,0.0298770017941,0.729803602524,0.422949639598,ATR_TRAILING_STOP,11.4433959804,11.394542109,,0 days 06:00:00,360,6,SOURCE,SOURCE,SOURCE,UNAVAILABLE,DERIVED
v2,quarterly,true_oos,T3,M30,CNY,V2_TRUE_OOS,TradingSystemLab/results/true_oos_v2/T3/M30/trades.csv,432,T3-M30-CNY-000062,v2|true_oos|T3|M30|CNY|TradingSystemLab/results/true_oos_v2/T3/M30/trades.csv|432|T3-M30-CNY-000062,SHORT,2026-02-19 18:00:00+03:00,2026-02-20 10:30:00+03:00,2026-02-19,2026-02-20,2026,2,2026,2,3,4,18,10,-0.778665082772,-0.741156305345,0.037508777427,0.703647527918,0.132746953692,ATR_TRAILING_STOP,11.1916149785,11.2291340647,,0 days 16:30:00,990,16.5,SOURCE,SOURCE,SOURCE,UNAVAILABLE,DERIVED
v2,quarterly,true_oos,T3,M30,CNY,V2_TRUE_OOS,TradingSystemLab/results/true_oos_v2/T3/M30/trades.csv,436,T3-M30-CNY-000063,v2|true_oos|T3|M30|CNY|TradingSystemLab/results/true_oos_v2/T3/M30/trades.csv|436|T3-M30-CNY-000063,LONG,2026-02-25 20:30:00+03:00,2026-02-26 10:30:00+03:00,2026-02-25,2026-02-26,2026,2,2026,2,2,3,20,10,-0.439594026808,-0.407192895478,0.0324011313303,0.374791764147,0.786312222731,ATR_TRAILING_STOP,11.5151889569,11.4920544706,,0 days 14:00:00,840,14,SOURCE,SOURCE,SOURCE,UNAVAILABLE,DERIVED
v2,quarterly,true_oos,T3,M30,CNY,V2_TRUE_OOS,TradingSystemLab/results/true_oos_v2/T3/M30/trades.csv,437,T3-M30-CNY-000064,v2|true_oos|T3|M30|CNY|TradingSystemLab/results/true_oos_v2/T3/M30/trades.csv|437|T3-M30-CNY-000064,LONG,2026-02-27 12:30:00+03:00,2026-02-27 14:30:00+03:00,2026-02-27,2026-02-27,2026,2,2026,2,4,4,12,14,-1.08687627356,-1.04343813678,0.0434381367824,1,0.0878465670855,ATR_TRAILING_STOP,11.4433959804,11.3973534899,,0 days 02:00:00,120,2,SOURCE,SOURCE,SOURCE,UNAVAILABLE,DERIVED
v2,quarterly,true_oos,T3,M30,CNY,V2_TRUE_OOS,TradingSystemLab/results/true_oos_v2/T3/M30/trades.csv,446,T3-M30-CNY-000065,v2|true_oos|T3|M30|CNY|TradingSystemLab/results/true_oos_v2/T3/M30/trades.csv|446|T3-M30-CNY-000065,LONG,2026-03-05 12:00:00+03:00,2026-03-06 12:00:00+03:00,2026-03-05,2026-03-06,2026,3,2026,3,3,4,12,12,0.471377853333,0.511118259937,0.0397404066041,0.743408709913,2.06948911138,ATR_TRAILING_STOP,11.5485575234,11.5762803735,,1 days 00:00:00,1440,24,SOURCE,SOURCE,SOURCE,UNAVAILABLE,DERIVED
v2,quarterly,true_oos,T3,M30,CNY,V2_TRUE_OOS,TradingSystemLab/results/true_oos_v2/T3/M30/trades.csv,451,T3-M30-CNY-000066,v2|true_oos|T3|M30|CNY|TradingSystemLab/results/true_oos_v2/T3/M30/trades.csv|451|T3-M30-CNY-000066,LONG,2026-03-10 10:00:00+03:00,2026-03-11 10:30:00+03:00,2026-03-10,2026-03-11,2026,3,2026,3,1,2,10,10,1.50669497719,1.5446391517,0.0379441745077,0.498783492317,2.93514901248,ATR_TRAILING_STOP,11.5384458366,11.6218622422,,1 days 00:30:00,1470,24.5,SOURCE,SOURCE,SOURCE,UNAVAILABLE,DERIVED
v2,quarterly,true_oos,T3,M30,CNY,V2_TRUE_OOS,TradingSystemLab/results/true_oos_v2/T3/M30/trades.csv,456,T3-M30-CNY-000067,v2|true_oos|T3|M30|CNY|TradingSystemLab/results/true_oos_v2/T3/M30/trades.csv|456|T3-M30-CNY-000067,LONG,2026-03-16 12:30:00+03:00,2026-03-18 13:00:00+03:00,2026-03-16,2026-03-18,2026,3,2026,3,0,2,12,13,6.23378445254,6.27167380567,0.0378893531311,0.363969009239,7.93069314868,ATR_TRAILING_STOP,11.8680868271,12.2011388661,,2 days 00:30:00,2910,48.5,SOURCE,SOURCE,SOURCE,UNAVAILABLE,DERIVED
v2,quarterly,true_oos,T3,M30,CNY,V2_TRUE_OOS,TradingSystemLab/results/true_oos_v2/T3/M30/trades.csv,458,T3-M30-CNY-000068,v2|true_oos|T3|M30|CNY|TradingSystemLab/results/true_oos_v2/T3/M30/trades.csv|458|T3-M30-CNY-000068,LONG,2026-03-19 10:30:00+03:00,2026-03-19 11:30:00+03:00,2026-03-19,2026-03-19,2026,3,2026,3,3,3,10,11,0.37776329513,0.411658024403,0.0338947292729,0,2.96234990833,ATR_TRAILING_STOP,12.3858051926,12.4120955783,,0 days 01:00:00,60,1,SOURCE,SOURCE,SOURCE,UNAVAILABLE,DERIVED
v2,quarterly,true_oos,T3,M30,CNY,V2_TRUE_OOS,TradingSystemLab/results/true_oos_v2/T3/M30/trades.csv,459,T3-M30-CNY-000069,v2|true_oos|T3|M30|CNY|TradingSystemLab/results/true_oos_v2/T3/M30/trades.csv|459|T3-M30-CNY-000069,LONG,2026-03-19 12:00:00+03:00,2026-03-19 12:30:00+03:00,2026-03-19,2026-03-19,2026,3,2026,3,3,3,12,12,-1.0340750713,-1.01703753565,0.0170375356504,1,0,ATR_TRAILING_STOP,12.604217628,12.4868297592,,0 days 00:30:00,30,0.5,SOURCE,SOURCE,SOURCE,UNAVAILABLE,DERIVED
v2,quarterly,true_oos,T3,M30,CNY,V2_TRUE_OOS,TradingSystemLab/results/true_oos_v2/T3/M30/trades.csv,486,T3-M30-CNY-000070,v2|true_oos|T3|M30|CNY|TradingSystemLab/results/true_oos_v2/T3/M30/trades.csv|486|T3-M30-CNY-000070,SHORT,2026-04-16 21:30:00+03:00,2026-04-17 09:30:00+03:00,2026-04-16,2026-04-17,2026,4,2026,4,3,4,21,9,-1.06789451114,-1.03394725557,0.0339472555721,1,0.034751261255,ATR_TRAILING_STOP,11.5553446202,11.6142595448,,0 days 12:00:00,720,12,SOURCE,SOURCE,SOURCE,UNAVAILABLE,DERIVED
v2,quarterly,true_oos,T3,M30,CNY,V2_TRUE_OOS,TradingSystemLab/results/true_oos_v2/T3/M30/trades.csv,488,T3-M30-CNY-000071,v2|true_oos|T3|M30|CNY|TradingSystemLab/results/true_oos_v2/T3/M30/trades.csv|488|T3-M30-CNY-000071,SHORT,2026-04-17 17:30:00+03:00,2026-04-17 18:00:00+03:00,2026-04-17,2026-04-17,2026,4,2026,4,4,4,17,18,-1.07031575822,-1.03515787911,0.0351578791082,1,0,ATR_TRAILING_STOP,11.529752521,11.5866387739,,0 days 00:30:00,30,0.5,SOURCE,SOURCE,SOURCE,UNAVAILABLE,DERIVED
v2,quarterly,true_oos,T3,M30,CNY,V2_TRUE_OOS,TradingSystemLab/results/true_oos_v2/T3/M30/trades.csv,495,T3-M30-CNY-000072,v2|true_oos|T3|M30|CNY|TradingSystemLab/results/true_oos_v2/T3/M30/trades.csv|495|T3-M30-CNY-000072,SHORT,2026-04-24 17:00:00+03:00,2026-04-27 12:30:00+03:00,2026-04-24,2026-04-27,2026,4,2026,4,4,0,17,12,0.126829284615,0.161439212845,0.0346099282301,0,1.24003700207,ATR_TRAILING_STOP,11.4253367564,11.4140076869,,2 days 19:30:00,4050,67.5,SOURCE,SOURCE,SOURCE,UNAVAILABLE,DERIVED
v2,quarterly,true_oos,T3,M30,CNY,V2_TRUE_OOS,TradingSystemLab/results/true_oos_v2/T3/M30/trades.csv,515,T3-M30-CNY-000073,v2|true_oos|T3|M30|CNY|TradingSystemLab/results/true_oos_v2/T3/M30/trades.csv|515|T3-M30-CNY-000073,SHORT,2026-05-19 10:30:00+03:00,2026-05-20 10:30:00+03:00,2026-05-19,2026-05-20,2026,5,2026,5,1,2,10,10,3.69555320569,3.74447745296,0.0489242472704,0.125207418829,5.38391900963,ATR_TRAILING_STOP,10.8326237395,10.677551279,,1 days 00:00:00,1440,24,SOURCE,SOURCE,SOURCE,UNAVAILABLE,DERIVED
v2,quarterly,true_oos,T3,M30,CNY,V2_TRUE_OOS,TradingSystemLab/results/true_oos_v2/T3/M30/trades.csv,520,T3-M30-CNY-000074,v2|true_oos|T3|M30|CNY|TradingSystemLab/results/true_oos_v2/T3/M30/trades.csv|520|T3-M30-CNY-000074,SHORT,2026-05-21 10:30:00+03:00,2026-05-21 17:30:00+03:00,2026-05-21,2026-05-21,2026,5,2026,5,3,3,10,17,-0.869592958684,-0.83137175776,0.0382212009243,0.793150556835,0.586896458823,ATR_TRAILING_STOP,10.7333263947,10.7748295677,,0 days 07:00:00,420,7,SOURCE,SOURCE,SOURCE,UNAVAILABLE,DERIVED
v2,quarterly,true_oos,T3,M30,CNY,V2_TRUE_OOS,TradingSystemLab/results/true_oos_v2/T3/M30/trades.csv,527,T3-M30-CNY-000075,v2|true_oos|T3|M30|CNY|TradingSystemLab/results/true_oos_v2/T3/M30/trades.csv|527|T3-M30-CNY-000075,SHORT,2026-05-26 13:30:00+03:00,2026-05-27 12:00:00+03:00,2026-05-26,2026-05-27,2026,5,2026,5,1,2,13,12,0.66603854112,0.69878642419,0.0327478830703,0.821325329932,1.75998284985,ATR_TRAILING_STOP,10.8561684707,10.811491732,,0 days 22:30:00,1350,22.5,SOURCE,SOURCE,SOURCE,UNAVAILABLE,DERIVED
v2,quarterly,true_oos,T3,M30,CNY,V2_TRUE_OOS,TradingSystemLab/results/true_oos_v2/T3/M30/trades.csv,536,T3-M30-CNY-000076,v2|true_oos|T3|M30|CNY|TradingSystemLab/results/true_oos_v2/T3/M30/trades.csv|536|T3-M30-CNY-000076,LONG,2026-06-02 11:30:00+03:00,2026-06-03 10:00:00+03:00,2026-06-02,2026-06-03,2026,6,2026,6,1,2,11,10,0.860275263847,0.899336256952,0.0390609931057,0.279902786659,1.97931256281,ATR_TRAILING_STOP,11.0496447405,11.0976925332,,0 days 22:30:00,1350,22.5,SOURCE,SOURCE,SOURCE,UNAVAILABLE,DERIVED
v2,quarterly,true_oos,T3,M30,CNY,V2_TRUE_OOS,TradingSystemLab/results/true_oos_v2/T3/M30/trades.csv,540,T3-M30-CNY-000077,v2|true_oos|T3|M30|CNY|TradingSystemLab/results/true_oos_v2/T3/M30/trades.csv|540|T3-M30-CNY-000077,LONG,2026-06-03 13:30:00+03:00,2026-06-03 22:00:00+03:00,2026-06-03,2026-06-03,2026,6,2026,6,2,2,13,22,-0.292628950559,-0.270636459049,0.0219924915101,0.50655062148,0.956817840574,ATR_TRAILING_STOP,11.2021736516,11.1795619373,,0 days 08:30:00,510,8.5,SOURCE,SOURCE,SOURCE,UNAVAILABLE,DERIVED
v2,quarterly,true_oos,T3,M30,CNY,V2_TRUE_OOS,TradingSystemLab/results/true_oos_v2/T3/M30/trades.csv,548,T3-M30-CNY-000078,v2|true_oos|T3|M30|CNY|TradingSystemLab/results/true_oos_v2/T3/M30/trades.csv|548|T3-M30-CNY-000078,SHORT,2026-06-09 12:00:00+03:00,2026-06-09 16:00:00+03:00,2026-06-09,2026-06-09,2026,6,2026,6,1,1,12,16,-1.0648822897,-1.03244114485,0.0324411448508,1,0.182652139213,ATR_TRAILING_STOP,10.8377421593,10.8993922647,,0 days 04:00:00,240,4,SOURCE,SOURCE,SOURCE,UNAVAILABLE,DERIVED
v2,quarterly,true_oos,T3,M30,CNY,V2_TRUE_OOS,TradingSystemLab/results/true_oos_v2/T3/M30/trades.csv,561,T3-M30-CNY-000079,v2|true_oos|T3|M30|CNY|TradingSystemLab/results/true_oos_v2/T3/M30/trades.csv|561|T3-M30-CNY-000079,LONG,2026-06-22 18:30:00+03:00,2026-06-23 11:00:00+03:00,2026-06-22,2026-06-23,2026,6,2026,6,0,1,18,11,0.826835861507,0.859584320172,0.032748458665,0.0163742293325,2.12864981322,ATR_TRAILING_STOP,11.205,11.2594961696,,0 days 16:30:00,990,16.5,SOURCE,SOURCE,SOURCE,UNAVAILABLE,DERIVED
v2,quarterly,true_oos,T3,M30,CNY,V2_TRUE_OOS,TradingSystemLab/results/true_oos_v2/T3/M30/trades.csv,568,T3-M30-CNY-000080,v2|true_oos|T3|M30|CNY|TradingSystemLab/results/true_oos_v2/T3/M30/trades.csv|568|T3-M30-CNY-000080,LONG,2026-06-25 14:00:00+03:00,2026-06-26 11:00:00+03:00,2026-06-25,2026-06-26,2026,6,2026,6,3,4,14,11,2.01203817215,2.04852961925,0.0364914470941,0.255440129658,3.66739043295,ATR_TRAILING_STOP,11.367,11.4812745072,,0 days 21:00:00,1260,21,SOURCE,SOURCE,SOURCE,UNAVAILABLE,DERIVED
v2,quarterly,true_oos,T3,M30,CNY,V2_TRUE_OOS,TradingSystemLab/results/true_oos_v2/T3/M30/trades.csv,572,T3-M30-CNY-000081,v2|true_oos|T3|M30|CNY|TradingSystemLab/results/true_oos_v2/T3/M30/trades.csv|572|T3-M30-CNY-000081,LONG,2026-06-26 12:00:00+03:00,2026-06-26 19:00:00+03:00,2026-06-26,2026-06-26,2026,6,2026,6,4,4,12,19,1.87381710642,1.90173478651,0.0279176800918,0.181464920597,4.10389897349,ATR_TRAILING_STOP,11.6,11.7382387405,,0 days 07:00:00,420,7,SOURCE,SOURCE,SOURCE,UNAVAILABLE,DERIVED
v2,quarterly,true_oos,T3,M30,CNY,V2_TRUE_OOS,TradingSystemLab/results/true_oos_v2/T3/M30/trades.csv,576,T3-M30-CNY-000082,v2|true_oos|T3|M30|CNY|TradingSystemLab/results/true_oos_v2/T3/M30/trades.csv|576|T3-M30-CNY-000082,LONG,2026-06-30 10:30:00+03:00,2026-07-01 10:30:00+03:00,2026-06-30,2026-07-01,2026,6,2026,7,1,2,10,10,2.08998090671,2.11410424398,0.0241233372649,0.168863360854,3.20840385623,ATR_TRAILING_STOP,11.696,11.8732746082,,1 days 00:00:00,1440,24,SOURCE,SOURCE,SOURCE,UNAVAILABLE,DERIVED
v2,quarterly,true_oos,T3,M30,CNY,V2_TRUE_OOS,TradingSystemLab/results/true_oos_v2/T3/M30/trades.csv,582,T3-M30-CNY-000083,v2|true_oos|T3|M30|CNY|TradingSystemLab/results/true_oos_v2/T3/M30/trades.csv|582|T3-M30-CNY-000083,LONG,2026-07-03 18:00:00+03:00,2026-07-06 09:30:00+03:00,2026-07-03,2026-07-06,2026,7,2026,7,4,0,18,9,-0.580824081953,-0.557264743633,0.0235593383193,0.533705405314,0.34161040563,ATR_TRAILING_STOP,11.711,11.665692666,,2 days 15:30:00,3810,63.5,SOURCE,SOURCE,SOURCE,UNAVAILABLE,DERIVED
v2,quarterly,true_oos,T3,M30,CNY,V2_TRUE_OOS,TradingSystemLab/results/true_oos_v2/T3/M30/trades.csv,583,T3-M30-CNY-000084,v2|true_oos|T3|M30|CNY|TradingSystemLab/results/true_oos_v2/T3/M30/trades.csv|583|T3-M30-CNY-000084,SHORT,2026-07-07 09:30:00+03:00,2026-07-07 10:30:00+03:00,2026-07-07,2026-07-07,2026,7,2026,7,1,1,9,10,-1.05702152548,-1.02851076274,0.0285107627401,1,0.185319957811,ATR_TRAILING_STOP,11.315,11.3851489475,,0 days 01:00:00,60,1,SOURCE,SOURCE,SOURCE,UNAVAILABLE,DERIVED
v2,quarterly,true_oos,T3,M30,CNY,V2_TRUE_OOS,TradingSystemLab/results/true_oos_v2/T3/M30/trades.csv,596,T3-M30-CNY-000085,v2|true_oos|T3|M30|CNY|TradingSystemLab/results/true_oos_v2/T3/M30/trades.csv|596|T3-M30-CNY-000085,LONG,2026-07-16 14:00:00+03:00,2026-07-17 09:30:00+03:00,2026-07-16,2026-07-17,2026,7,2026,7,3,4,14,9,-0.317997859382,-0.291306693961,0.0266911654212,0.373676315896,0.667279135529,ATR_TRAILING_STOP,11.745,11.7251720514,,0 days 19:30:00,1170,19.5,SOURCE,SOURCE,SOURCE,UNAVAILABLE,DERIVED
v2,quarterly,true_oos,T3,M30,CNY,V2_TRUE_OOS,TradingSystemLab/results/true_oos_v2/T3/M30/trades.csv,610,T3-M30-CNY-000086,v2|true_oos|T3|M30|CNY|TradingSystemLab/results/true_oos_v2/T3/M30/trades.csv|610|T3-M30-CNY-000086,LONG,2026-07-28 18:00:00+03:00,2026-07-29 10:30:00+03:00,2026-07-28,2026-07-29,2026,7,2026,7,1,2,18,10,0.912160847695,0.959098334414,0.0469374867188,0.281624920313,2.32340559258,ATR_TRAILING_STOP,11.795,11.8378670511,,0 days 16:30:00,990,16.5,SOURCE,SOURCE,SOURCE,UNAVAILABLE,DERIVED
v2,quarterly,true_oos,T3,M30,CNY,V2_TRUE_OOS,TradingSystemLab/results/true_oos_v2/T3/M30/trades.csv,614,T3-M30-CNY-000087,v2|true_oos|T3|M30|CNY|TradingSystemLab/results/true_oos_v2/T3/M30/trades.csv|614|T3-M30-CNY-000087,LONG,2026-07-29 17:30:00+03:00,2026-07-30 10:00:00+03:00,2026-07-29,2026-07-30,2026,7,2026,7,2,3,17,10,-0.0595925901147,-0.020010953168,0.0395816369467,0.0395816369467,0.949959286721,ATR_TRAILING_STOP,11.925,11.9259888769,,0 days 16:30:00,990,16.5,SOURCE,SOURCE,SOURCE,UNAVAILABLE,DERIVED
v2,quarterly,true_oos,T3,M30,CNY,V2_TRUE_OOS,TradingSystemLab/results/true_oos_v2/T3/M30/trades.csv,617,T3-M30-CNY-000088,v2|true_oos|T3|M30|CNY|TradingSystemLab/results/true_oos_v2/T3/M30/trades.csv|617|T3-M30-CNY-000088,LONG,2026-07-30 13:30:00+03:00,2026-07-30 16:30:00+03:00,2026-07-30,2026-07-30,2026,7,2026,7,3,3,13,16,-1.08803844256,-1.04401922128,0.0440192212821,1,0.506221044744,ATR_TRAILING_STOP,12.007,11.9615653026,,0 days 03:00:00,180,3,SOURCE,SOURCE,SOURCE,UNAVAILABLE,DERIVED
v2,quarterly,true_oos,T3,M30,CNY,V2_TRUE_OOS,TradingSystemLab/results/true_oos_v2/T3/M30/trades.csv,618,T3-M30-CNY-000089,v2|true_oos|T3|M30|CNY|TradingSystemLab/results/true_oos_v2/T3/M30/trades.csv|618|T3-M30-CNY-000089,LONG,2026-07-31 12:30:00+03:00,2026-07-31 16:00:00+03:00,2026-07-31,2026-07-31,2026,7,2026,7,4,4,12,16,-1.07592605393,-1.03796302697,0.0379630269663,1,0.0189815134832,ATR_TRAILING_STOP,11.921,11.868317162,,0 days 03:30:00,210,3.5,SOURCE,SOURCE,SOURCE,UNAVAILABLE,DERIVED
v2,quarterly,true_oos,T3,M30,CNY,V2_TRUE_OOS,TradingSystemLab/results/true_oos_v2/T3/M30/trades.csv,622,T3-M30-CNY-000090,v2|true_oos|T3|M30|CNY|TradingSystemLab/results/true_oos_v2/T3/M30/trades.csv|622|T3-M30-CNY-000090,LONG,2026-08-03 10:30:00+03:00,2026-08-04 10:30:00+03:00,2026-08-03,2026-08-04,2026,8,2026,8,0,1,10,10,3.1006113043,3.15296733163,0.0523560273293,0.130890068323,4.63350841864,ATR_TRAILING_STOP,11.919,12.0414433374,,1 days 00:00:00,1440,24,SOURCE,SOURCE,SOURCE,UNAVAILABLE,DERIVED
v2,quarterly,true_oos,T3,M30,CNY,V2_TRUE_OOS,TradingSystemLab/results/true_oos_v2/T3/M30/trades.csv,624,T3-M30-CNY-000091,v2|true_oos|T3|M30|CNY|TradingSystemLab/results/true_oos_v2/T3/M30/trades.csv|624|T3-M30-CNY-000091,LONG,2026-08-05 12:30:00+03:00,2026-08-05 16:30:00+03:00,2026-08-05,2026-08-05,2026,8,2026,8,2,2,12,16,-1.06518621097,-1.03259310549,0.0325931054871,1,0.521489687794,ATR_TRAILING_STOP,12.136,12.0746373293,,0 days 04:00:00,240,4,SOURCE,SOURCE,SOURCE,UNAVAILABLE,DERIVED
v2,quarterly,true_oos,T3,M30,CNY,V2_TRUE_OOS,TradingSystemLab/results/true_oos_v2/T3/M30/trades.csv,628,T3-M30-CNY-000092,v2|true_oos|T3|M30|CNY|TradingSystemLab/results/true_oos_v2/T3/M30/trades.csv|628|T3-M30-CNY-000092,LONG,2026-08-07 12:00:00+03:00,2026-08-07 16:30:00+03:00,2026-08-07,2026-08-07,2026,8,2026,8,4,4,12,16,-0.326975264766,-0.285298488663,0.0416767761027,0.395929372976,1.31281844723,ATR_TRAILING_STOP,12.301,12.2893089943,,0 days 04:30:00,270,4.5,SOURCE,SOURCE,SOURCE,UNAVAILABLE,DERIVED
v2,quarterly,true_oos,T3,M30,CNY,V2_TRUE_OOS,TradingSystemLab/results/true_oos_v2/T3/M30/trades.csv,632,T3-M30-CNY-000093,v2|true_oos|T3|M30|CNY|TradingSystemLab/results/true_oos_v2/T3/M30/trades.csv|632|T3-M30-CNY-000093,LONG,2026-08-11 13:00:00+03:00,2026-08-12 09:00:00+03:00,2026-08-11,2026-08-12,2026,8,2026,8,1,2,13,9,0.37381859296,0.410336912188,0.0365183192286,0.146073276915,1.278141173,ATR_TRAILING_STOP,12.324,12.3484729353,,0 days 20:00:00,1200,20,SOURCE,SOURCE,SOURCE,UNAVAILABLE,DERIVED
v2,quarterly,true_oos,T3,M30,CNY,V2_TRUE_OOS,TradingSystemLab/results/true_oos_v2/T3/M30/trades.csv,635,T3-M30-CNY-000094,v2|true_oos|T3|M30|CNY|TradingSystemLab/results/true_oos_v2/T3/M30/trades.csv|635|T3-M30-CNY-000094,LONG,2026-08-12 12:00:00+03:00,2026-08-12 15:30:00+03:00,2026-08-12,2026-08-12,2026,8,2026,8,2,2,12,15,-0.999431341564,-0.955372916106,0.0440584254571,0.911314490649,0.594788743671,ATR_TRAILING_STOP,12.414,12.3726315452,,0 days 03:30:00,210,3.5,SOURCE,SOURCE,SOURCE,UNAVAILABLE,DERIVED
v2,quarterly,true_oos,T3,M30,CNY,V2_TRUE_OOS,TradingSystemLab/results/true_oos_v2/T3/M30/trades.csv,639,T3-M30-CNY-000095,v2|true_oos|T3|M30|CNY|TradingSystemLab/results/true_oos_v2/T3/M30/trades.csv|639|T3-M30-CNY-000095,LONG,2026-08-13 12:00:00+03:00,2026-08-14 09:30:00+03:00,2026-08-13,2026-08-14,2026,8,2026,8,3,4,12,9,1.39982514599,1.44413969676,0.0443145507721,0.132943652316,2.63671577094,ATR_TRAILING_STOP,12.53,12.5971767725,,0 days 21:30:00,1290,21.5,SOURCE,SOURCE,SOURCE,UNAVAILABLE,DERIVED
v2,quarterly,true_oos,T3,M30,CNY,V2_TRUE_OOS,TradingSystemLab/results/true_oos_v2/T3/M30/trades.csv,641,T3-M30-CNY-000096,v2|true_oos|T3|M30|CNY|TradingSystemLab/results/true_oos_v2/T3/M30/trades.csv|641|T3-M30-CNY-000096,LONG,2026-08-17 07:30:00+03:00,2026-08-17 09:00:00+03:00,2026-08-17,2026-08-17,2026,8,2026,8,0,0,7,9,-1.10672709034,-1.05336354517,0.053363545172,1,0.453590133962,ATR_TRAILING_STOP,12.675,12.6375212307,,0 days 01:30:00,90,1.5,SOURCE,SOURCE,SOURCE,UNAVAILABLE,DERIVED
v2,quarterly,true_oos,T3,M30,CNY,V2_TRUE_OOS,TradingSystemLab/results/true_oos_v2/T3/M30/trades.csv,645,T3-M30-CNY-000097,v2|true_oos|T3|M30|CNY|TradingSystemLab/results/true_oos_v2/T3/M30/trades.csv|645|T3-M30-CNY-000097,LONG,2026-08-17 11:00:00+03:00,2026-08-17 18:30:00+03:00,2026-08-17,2026-08-17,2026,8,2026,8,0,0,11,18,-0.00587986783738,0.0285958622922,0.0344757301296,0.0861893253239,1.44798066544,ATR_TRAILING_STOP,12.705,12.7086588981,,0 days 07:30:00,450,7.5,SOURCE,SOURCE,SOURCE,UNAVAILABLE,DERIVED
v2,quarterly,true_oos,T3,M30,CNY,V2_TRUE_OOS,TradingSystemLab/results/true_oos_v2/T3/M30/trades.csv,648,T3-M30-CNY-000098,v2|true_oos|T3|M30|CNY|TradingSystemLab/results/true_oos_v2/T3/M30/trades.csv|648|T3-M30-CNY-000098,LONG,2026-08-18 12:30:00+03:00,2026-08-18 18:00:00+03:00,2026-08-18,2026-08-18,2026,8,2026,8,1,1,12,18,-1.07590470463,-1.03795235231,0.037952352314,1,0.227714113884,ATR_TRAILING_STOP,12.751,12.6983023442,,0 days 05:30:00,330,5.5,SOURCE,SOURCE,SOURCE,UNAVAILABLE,DERIVED
v2,quarterly,true_oos,T3,M30,CNY,V2_TRUE_OOS,TradingSystemLab/results/true_oos_v2/T3/M30/trades.csv,653,T3-M30-CNY-000099,v2|true_oos|T3|M30|CNY|TradingSystemLab/results/true_oos_v2/T3/M30/trades.csv|653|T3-M30-CNY-000099,SHORT,2026-08-20 18:00:00+03:00,2026-08-21 11:30:00+03:00,2026-08-20,2026-08-21,2026,8,2026,8,3,4,18,11,-0.197104897391,-0.164485917842,0.0326189795484,0.375118264807,0.799164998936,ATR_TRAILING_STOP,12.411,12.419085289,,0 days 17:30:00,1050,17.5,SOURCE,SOURCE,SOURCE,UNAVAILABLE,DERIVED
v2,quarterly,true_oos,T3,M30,CNY,V2_TRUE_OOS,TradingSystemLab/results/true_oos_v2/T3/M30/trades.csv,660,T3-M30-CNY-000100,v2|true_oos|T3|M30|CNY|TradingSystemLab/results/true_oos_v2/T3/M30/trades.csv|660|T3-M30-CNY-000100,LONG,2026-08-24 20:00:00+03:00,2026-08-25 13:30:00+03:00,2026-08-24,2026-08-25,2026,8,2026,8,0,1,20,13,0.288169952164,0.326022673709,0.0378527215447,0.283895411585,1.5708879441,ATR_TRAILING_STOP,12.602,12.6212258512,,0 days 17:30:00,1050,17.5,SOURCE,SOURCE,SOURCE,UNAVAILABLE,DERIVED
v2,quarterly,true_oos,T3,M30,CNY,V2_TRUE_OOS,TradingSystemLab/results/true_oos_v2/T3/M30/trades.csv,667,T3-M30-CNY-000101,v2|true_oos|T3|M30|CNY|TradingSystemLab/results/true_oos_v2/T3/M30/trades.csv|667|T3-M30-CNY-000101,LONG,2026-08-26 16:00:00+03:00,2026-08-27 18:30:00+03:00,2026-08-26,2026-08-27,2026,8,2026,8,2,3,16,18,4.05265307659,4.09266708569,0.0400140091038,0.880308200284,6.18216440654,ATR_TRAILING_STOP,12.67,12.8765617111,,1 days 02:30:00,1590,26.5,SOURCE,SOURCE,SOURCE,UNAVAILABLE,DERIVED
v2,quarterly,true_oos,T3,M30,CNY,V2_TRUE_OOS,TradingSystemLab/results/true_oos_v2/T3/M30/trades.csv,671,T3-M30-CNY-000102,v2|true_oos|T3|M30|CNY|TradingSystemLab/results/true_oos_v2/T3/M30/trades.csv|671|T3-M30-CNY-000102,LONG,2026-08-28 17:30:00+03:00,2026-08-29 13:30:00+03:00,2026-08-28,2026-08-29,2026,8,2026,8,4,5,17,13,0.374354184623,0.403150660364,0.0287964757403,0.230371805922,1.20945198109,ATR_TRAILING_STOP,12.934,12.964,,0 days 20:00:00,1200,20,SOURCE,SOURCE,SOURCE,UNAVAILABLE,DERIVED
v2,quarterly,true_oos,T3,M30,CNY,V2_TRUE_OOS,TradingSystemLab/results/true_oos_v2/T3/M30/trades.csv,675,T3-M30-CNY-000103,v2|true_oos|T3|M30|CNY|TradingSystemLab/results/true_oos_v2/T3/M30/trades.csv|675|T3-M30-CNY-000103,LONG,2026-09-01 10:30:00+03:00,2026-09-01 20:30:00+03:00,2026-09-01,2026-09-01,2026,9,2026,9,1,1,10,20,0.269514136157,0.307391772812,0.0378776366557,0.246204638262,2.06433119773,ATR_TRAILING_STOP,12.924,12.9422307789,,0 days 10:00:00,600,10,SOURCE,SOURCE,SOURCE,UNAVAILABLE,DERIVED
v2,quarterly,true_oos,T3,M30,CNY,V2_TRUE_OOS,TradingSystemLab/results/true_oos_v2/T3/M30/trades.csv,680,T3-M30-CNY-000104,v2|true_oos|T3|M30|CNY|TradingSystemLab/results/true_oos_v2/T3/M30/trades.csv|680|T3-M30-CNY-000104,LONG,2026-09-02 13:30:00+03:00,2026-09-03 07:00:00+03:00,2026-09-02,2026-09-03,2026,9,2026,9,2,3,13,7,0.156090568486,0.187308682183,0.0312181136971,0.187308682183,1.0926339794,ATR_TRAILING_STOP,12.999,13.013,,0 days 17:30:00,1050,17.5,SOURCE,SOURCE,SOURCE,UNAVAILABLE,DERIVED
v2,quarterly,true_oos,T3,M30,CNY,V2_TRUE_OOS,TradingSystemLab/results/true_oos_v2/T3/M30/trades.csv,689,T3-M30-CNY-000105,v2|true_oos|T3|M30|CNY|TradingSystemLab/results/true_oos_v2/T3/M30/trades.csv|689|T3-M30-CNY-000105,SHORT,2026-09-09 16:00:00+03:00,2026-09-10 15:00:00+03:00,2026-09-09,2026-09-10,2026,9,2026,9,2,3,16,15,1.74059090166,1.77836267705,0.0377717753827,0.396603641518,3.19171501984,ATR_TRAILING_STOP,12.696,12.5998364263,,0 days 23:00:00,1380,23,SOURCE,SOURCE,SOURCE,UNAVAILABLE,DERIVED
v2,quarterly,true_oos,T3,M30,CNY,V2_TRUE_OOS,TradingSystemLab/results/true_oos_v2/T3/M30/trades.csv,694,T3-M30-CNY-000106,v2|true_oos|T3|M30|CNY|TradingSystemLab/results/true_oos_v2/T3/M30/trades.csv|694|T3-M30-CNY-000106,SHORT,2026-09-10 17:30:00+03:00,2026-09-11 09:00:00+03:00,2026-09-10,2026-09-11,2026,9,2026,9,3,4,17,9,-0.763813949907,-0.724014583993,0.0397993659141,0.684215218079,0.378093976184,ATR_TRAILING_STOP,12.525,12.5593832221,,0 days 15:30:00,930,15.5,SOURCE,SOURCE,SOURCE,UNAVAILABLE,DERIVED
v2,quarterly,true_oos,T3,M30,CNY,V2_TRUE_OOS,TradingSystemLab/results/true_oos_v2/T3/M30/trades.csv,699,T3-M30-CNY-000107,v2|true_oos|T3|M30|CNY|TradingSystemLab/results/true_oos_v2/T3/M30/trades.csv|699|T3-M30-CNY-000107,SHORT,2026-09-15 12:00:00+03:00,2026-09-15 19:30:00+03:00,2026-09-15,2026-09-15,2026,9,2026,9,1,1,12,19,-0.854240363444,-0.816981544062,0.0372588193825,0.87558225549,0.540252881047,ATR_TRAILING_STOP,12.533,12.5748543978,,0 days 07:30:00,450,7.5,SOURCE,SOURCE,SOURCE,UNAVAILABLE,DERIVED
v2,quarterly,true_oos,T3,M30,GD,V2_TRUE_OOS,TradingSystemLab/results/true_oos_v2/T3/M30/trades.csv,2,T3-M30-GD-000001,v2|true_oos|T3|M30|GD|TradingSystemLab/results/true_oos_v2/T3/M30/trades.csv|2|T3-M30-GD-000001,LONG,2025-01-22 12:30:00+03:00,2025-01-22 17:00:00+03:00,2025-01-22,2025-01-22,2025,1,2025,1,2,2,12,17,-1.00044083183,-1.00022041591,0.000220415914143,1,0.219269935599,ATR_TRAILING_STOP,2647.40188124,2638.32812625,,0 days 04:30:00,270,4.5,SOURCE,SOURCE,SOURCE,UNAVAILABLE,DERIVED
v2,quarterly,true_oos,T3,M30,GD,V2_TRUE_OOS,TradingSystemLab/results/true_oos_v2/T3/M30/trades.csv,9,T3-M30-GD-000002,v2|true_oos|T3|M30|GD|TradingSystemLab/results/true_oos_v2/T3/M30/trades.csv|9|T3-M30-GD-000002,LONG,2025-01-24 18:30:00+03:00,2025-01-24 19:30:00+03:00,2025-01-24,2025-01-24,2025,1,2025,1,4,4,18,19,-1.00039790111,-1.00019895055,0.000198950553316,1,0.0376983193732,ATR_TRAILING_STOP,2658.10783309,2648.05508397,,0 days 01:00:00,60,1,SOURCE,SOURCE,SOURCE,UNAVAILABLE,DERIVED
v2,quarterly,true_oos,T3,M30,GD,V2_TRUE_OOS,TradingSystemLab/results/true_oos_v2/T3/M30/trades.csv,16,T3-M30-GD-000003,v2|true_oos|T3|M30|GD|TradingSystemLab/results/true_oos_v2/T3/M30/trades.csv|16|T3-M30-GD-000003,LONG,2025-02-03 16:00:00+03:00,2025-02-03 19:00:00+03:00,2025-02-03,2025-02-03,2025,2,2025,2,0,0,16,19,-0.226110936963,-0.225929611854,0.000181325109285,0.257689100367,1.3829315053,ATR_TRAILING_STOP,2671.08761542,2668.59763168,,0 days 03:00:00,180,3,SOURCE,SOURCE,SOURCE,UNAVAILABLE,DERIVED
v2,quarterly,true_oos,T3,M30,GD,V2_TRUE_OOS,TradingSystemLab/results/true_oos_v2/T3/M30/trades.csv,18,T3-M30-GD-000004,v2|true_oos|T3|M30|GD|TradingSystemLab/results/true_oos_v2/T3/M30/trades.csv|18|T3-M30-GD-000004,LONG,2025-02-04 16:30:00+03:00,2025-02-05 17:00:00+03:00,2025-02-04,2025-02-05,2025,2,2025,2,1,2,16,17,1.71920955154,1.71939054564,0.00018099409609,0.617324839043,2.96658880985,ATR_TRAILING_STOP,2688.52031578,2707.52172607,,1 days 00:30:00,1470,24.5,SOURCE,SOURCE,SOURCE,UNAVAILABLE,DERIVED
v2,quarterly,true_oos,T3,M30,GD,V2_TRUE_OOS,TradingSystemLab/results/true_oos_v2/T3/M30/trades.csv,19,T3-M30-GD-000005,v2|true_oos|T3|M30|GD|TradingSystemLab/results/true_oos_v2/T3/M30/trades.csv|19|T3-M30-GD-000005,LONG,2025-02-05 18:30:00+03:00,2025-02-05 19:30:00+03:00,2025-02-05,2025-02-05,2025,2,2025,2,2,2,18,19,-1.00036721949,-1.00018360974,0.000183609743215,1,0.356612388856,ATR_TRAILING_STOP,2721.86982951,2710.97716137,,0 days 01:00:00,60,1,SOURCE,SOURCE,SOURCE,UNAVAILABLE,DERIVED
v2,quarterly,true_oos,T3,M30,GD,V2_TRUE_OOS,TradingSystemLab/results/true_oos_v2/T3/M30/trades.csv,27,T3-M30-GD-000006,v2|true_oos|T3|M30|GD|TradingSystemLab/results/true_oos_v2/T3/M30/trades.csv|27|T3-M30-GD-000006,LONG,2025-02-10 10:00:00+03:00,2025-02-11 10:30:00+03:00,2025-02-10,2025-02-11,2025,2,2025,2,0,1,10,10,1.71994195285,1.72011220391,0.000170251061822,0.0161300855795,3.08891138848,ATR_TRAILING_STOP,2733.33372486,2753.54249697,,1 days 00:30:00,1470,24.5,SOURCE,SOURCE,SOURCE,UNAVAILABLE,DERIVED
v2,quarterly,true_oos,T3,M30,GD,V2_TRUE_OOS,TradingSystemLab/results/true_oos_v2/T3/M30/trades.csv,38,T3-M30-GD-000007,v2|true_oos|T3|M30|GD|TradingSystemLab/results/true_oos_v2/T3/M30/trades.csv|38|T3-M30-GD-000007,LONG,2025-02-12 20:00:00+03:00,2025-02-14 16:30:00+03:00,2025-02-12,2025-02-14,2025,2,2025,2,2,4,20,16,1.52463263932,1.52476874197,0.000136102644025,0.6898698843,2.37908399352,ATR_TRAILING_STOP,2748.96630942,2771.37446843,,1 days 20:30:00,2670,44.5,SOURCE,SOURCE,SOURCE,UNAVAILABLE,DERIVED
v2,quarterly,true_oos,T3,M30,GD,V2_TRUE_OOS,TradingSystemLab/results/true_oos_v2/T3/M30/trades.csv,45,T3-M30-GD-000008,v2|true_oos|T3|M30|GD|TradingSystemLab/results/true_oos_v2/T3/M30/trades.csv|45|T3-M30-GD-000008,LONG,2025-02-20 10:00:00+03:00,2025-02-20 15:30:00+03:00,2025-02-20,2025-02-20,2025,2,2025,2,3,3,10,15,-0.488154659207,-0.487972012771,0.000182646435557,0.487789366336,0.856570754615,ATR_TRAILING_STOP,2788.75834285,2783.41699179,,0 days 05:30:00,330,5.5,SOURCE,SOURCE,SOURCE,UNAVAILABLE,DERIVED
v2,quarterly,true_oos,T3,M30,GD,V2_TRUE_OOS,TradingSystemLab/results/true_oos_v2/T3/M30/trades.csv,50,T3-M30-GD-000009,v2|true_oos|T3|M30|GD|TradingSystemLab/results/true_oos_v2/T3/M30/trades.csv|50|T3-M30-GD-000009,SHORT,2025-02-26 17:00:00+03:00,2025-02-26 18:30:00+03:00,2025-02-26,2025-02-26,2025,2,2025,2,2,2,17,18,-0.760826145161,-0.760635039626,0.000191105535263,0.760443934091,0.896242032056,ATR_TRAILING_STOP,2748.68208061,2756.640447,,0 days 01:30:00,90,1.5,SOURCE,SOURCE,SOURCE,UNAVAILABLE,DERIVED
v2,quarterly,true_oos,T3,M30,GD,V2_TRUE_OOS,TradingSystemLab/results/true_oos_v2/T3/M30/trades.csv,54,T3-M30-GD-000010,v2|true_oos|T3|M30|GD|TradingSystemLab/results/true_oos_v2/T3/M30/trades.csv|54|T3-M30-GD-000010,SHORT,2025-02-27 09:00:00+03:00,2025-02-28 19:30:00+03:00,2025-02-27,2025-02-28,2025,2,2025,2,3,4,9,19,2.29438442339,2.29454126989,0.00015684649697,0.527533469764,3.70759438609,ATR_TRAILING_STOP,2738.3551005,2709.09466867,,1 days 10:30:00,2070,34.5,SOURCE,SOURCE,SOURCE,UNAVAILABLE,DERIVED
v2,quarterly,true_oos,T3,M30,GD,V2_TRUE_OOS,TradingSystemLab/results/true_oos_v2/T3/M30/trades.csv,63,T3-M30-GD-000011,v2|true_oos|T3|M30|GD|TradingSystemLab/results/true_oos_v2/T3/M30/trades.csv|63|T3-M30-GD-000011,SHORT,2025-03-10 20:30:00+03:00,2025-03-11 10:00:00+03:00,2025-03-10,2025-03-11,2025,3,2025,3,0,1,20,10,-0.340055419034,-0.339896623585,0.000158795449576,0.339737828135,1.0832218008,ATR_TRAILING_STOP,2738.07087169,2742.34980826,,0 days 13:30:00,810,13.5,SOURCE,SOURCE,SOURCE,UNAVAILABLE,DERIVED
v2,quarterly,true_oos,T3,M30,GD,V2_TRUE_OOS,TradingSystemLab/results/true_oos_v2/T3/M30/trades.csv,71,T3-M30-GD-000012,v2|true_oos|T3|M30|GD|TradingSystemLab/results/true_oos_v2/T3/M30/trades.csv|71|T3-M30-GD-000012,LONG,2025-03-13 18:00:00+03:00,2025-03-14 14:00:00+03:00,2025-03-13,2025-03-14,2025,3,2025,3,3,4,18,14,1.77007927138,1.77024858735,0.000169315968373,0.192497904962,3.12809095563,ATR_TRAILING_STOP,2809.41230306,2830.3248953,,0 days 20:00:00,1200,20,SOURCE,SOURCE,SOURCE,UNAVAILABLE,DERIVED
v2,quarterly,true_oos,T3,M30,GD,V2_TRUE_OOS,TradingSystemLab/results/true_oos_v2/T3/M30/trades.csv,73,T3-M30-GD-000013,v2|true_oos|T3|M30|GD|TradingSystemLab/results/true_oos_v2/T3/M30/trades.csv|73|T3-M30-GD-000013,LONG,2025-03-19 22:00:00+03:00,2025-03-20 13:30:00+03:00,2025-03-19,2025-03-20,2025,3,2025,3,2,3,22,13,-0.774656299861,-0.774483803987,0.000172495873412,0.774311308114,0.531139882717,ATR_TRAILING_STOP,2883.40653665,2874.42879947,,0 days 15:30:00,930,15.5,SOURCE,SOURCE,SOURCE,UNAVAILABLE,DERIVED
v2,quarterly,true_oos,T3,M30,GD,V2_TRUE_OOS,TradingSystemLab/results/true_oos_v2/T3/M30/trades.csv,75,T3-M30-GD-000014,v2|true_oos|T3|M30|GD|TradingSystemLab/results/true_oos_v2/T3/M30/trades.csv|75|T3-M30-GD-000014,LONG,2025-03-28 09:00:00+03:00,2025-03-28 13:30:00+03:00,2025-03-28,2025-03-28,2025,3,2025,3,4,4,9,13,-1.00034525929,-1.00017262964,0.000172629643557,1,0.333347926019,ATR_TRAILING_STOP,2913.45585883,2901.87036309,,0 days 04:30:00,270,4.5,SOURCE,SOURCE,SOURCE,UNAVAILABLE,DERIVED
v2,quarterly,true_oos,T3,M30,GD,V2_TRUE_OOS,TradingSystemLab/results/true_oos_v2/T3/M30/trades.csv,78,T3-M30-GD-000015,v2|true_oos|T3|M30|GD|TradingSystemLab/results/true_oos_v2/T3/M30/trades.csv|78|T3-M30-GD-000015,LONG,2025-03-29 00:00:00+03:00,2025-03-31 17:00:00+03:00,2025-03-29,2025-03-31,2025,3,2025,3,5,0,0,17,1.39428843121,1.39448204605,0.000193614840213,0,3.09126948764,ATR_TRAILING_STOP,2917.03527437,2931.44197646,,2 days 17:00:00,3900,65,SOURCE,SOURCE,SOURCE,UNAVAILABLE,DERIVED
v2,quarterly,true_oos,T3,M30,GD,V2_TRUE_OOS,TradingSystemLab/results/true_oos_v2/T3/M30/trades.csv,81,T3-M30-GD-000016,v2|true_oos|T3|M30|GD|TradingSystemLab/results/true_oos_v2/T3/M30/trades.csv|81|T3-M30-GD-000016,LONG,2025-04-01 00:00:00+03:00,2025-04-01 19:00:00+03:00,2025-04-01,2025-04-01,2025,4,2025,4,1,1,0,19,-0.775139281669,-0.774940978264,0.000198303405057,0.8125459894,0.719149898664,ATR_TRAILING_STOP,2951.22811229,2943.41440203,,0 days 19:00:00,1140,19,SOURCE,SOURCE,SOURCE,UNAVAILABLE,DERIVED
v2,quarterly,true_oos,T3,M30,GD,V2_TRUE_OOS,TradingSystemLab/results/true_oos_v2/T3/M30/trades.csv,84,T3-M30-GD-000017,v2|true_oos|T3|M30|GD|TradingSystemLab/results/true_oos_v2/T3/M30/trades.csv|84|T3-M30-GD-000017,LONG,2025-04-02 19:30:00+03:00,2025-04-02 23:30:00+03:00,2025-04-02,2025-04-02,2025,4,2025,4,2,2,19,23,-1.00032096297,-1.00016048148,0.000160481484432,1,0.113374326152,ATR_TRAILING_STOP,2957.16240647,2944.69990959,,0 days 04:00:00,240,4,SOURCE,SOURCE,SOURCE,UNAVAILABLE,DERIVED
v2,quarterly,true_oos,T3,M30,GD,V2_TRUE_OOS,TradingSystemLab/results/true_oos_v2/T3/M30/trades.csv,86,T3-M30-GD-000018,v2|true_oos|T3|M30|GD|TradingSystemLab/results/true_oos_v2/T3/M30/trades.csv|86|T3-M30-GD-000018,LONG,2025-04-04 14:30:00+03:00,2025-04-04 15:00:00+03:00,2025-04-04,2025-04-04,2025,4,2025,4,4,4,14,15,-1.00018605699,-1.00009302849,9.30284944655e-05,1,0,ATR_TRAILING_STOP,2947.17772102,2925.67893174,,0 days 00:30:00,30,0.5,SOURCE,SOURCE,SOURCE,UNAVAILABLE,DERIVED
v2,quarterly,true_oos,T3,M30,GD,V2_TRUE_OOS,TradingSystemLab/results/true_oos_v2/T3/M30/trades.csv,91,T3-M30-GD-000019,v2|true_oos|T3|M30|GD|TradingSystemLab/results/true_oos_v2/T3/M30/trades.csv|91|T3-M30-GD-000019,SHORT,2025-04-04 20:30:00+03:00,2025-04-08 09:00:00+03:00,2025-04-04,2025-04-08,2025,4,2025,4,4,1,20,9,0.592315586384,0.592382142875,6.65564913604e-05,0.802470195968,1.91527066303,ATR_TRAILING_STOP,2850.91028204,2833.10739949,,3 days 12:30:00,5070,84.5,SOURCE,SOURCE,SOURCE,UNAVAILABLE,DERIVED
v2,quarterly,true_oos,T3,M30,GD,V2_TRUE_OOS,TradingSystemLab/results/true_oos_v2/T3/M30/trades.csv,99,T3-M30-GD-000020,v2|true_oos|T3|M30|GD|TradingSystemLab/results/true_oos_v2/T3/M30/trades.csv|99|T3-M30-GD-000020,LONG,2025-04-10 17:30:00+03:00,2025-04-14 11:30:00+03:00,2025-04-10,2025-04-14,2025,4,2025,4,3,0,17,11,2.81399451383,2.8140785657,8.40518627095e-05,0,3.72903768395,ATR_TRAILING_STOP,2947.93128219,3014.89381048,,3 days 18:00:00,5400,90,SOURCE,SOURCE,SOURCE,UNAVAILABLE,DERIVED
v2,quarterly,true_oos,T3,M30,GD,V2_TRUE_OOS,TradingSystemLab/results/true_oos_v2/T3/M30/trades.csv,106,T3-M30-GD-000021,v2|true_oos|T3|M30|GD|TradingSystemLab/results/true_oos_v2/T3/M30/trades.csv|106|T3-M30-GD-000021,LONG,2025-04-24 10:30:00+03:00,2025-04-24 17:30:00+03:00,2025-04-24,2025-04-24,2025,4,2025,4,3,3,10,17,-0.628009134535,-0.627934458214,7.46763209635e-05,0.627859781893,0.559214681661,ATR_TRAILING_STOP,3124.07620479,3107.26070628,,0 days 07:00:00,420,7,SOURCE,SOURCE,SOURCE,UNAVAILABLE,DERIVED
v2,quarterly,true_oos,T3,M30,GD,V2_TRUE_OOS,TradingSystemLab/results/true_oos_v2/T3/M30/trades.csv,118,T3-M30-GD-000022,v2|true_oos|T3|M30|GD|TradingSystemLab/results/true_oos_v2/T3/M30/trades.csv|118|T3-M30-GD-000022,LONG,2025-05-06 10:30:00+03:00,2025-05-07 09:00:00+03:00,2025-05-06,2025-05-07,2025,5,2025,5,1,2,10,9,1.37382612939,1.3739374825,0.00011135310979,0.356623361915,3.31974394253,ATR_TRAILING_STOP,3172.30411942,3196.98324762,,0 days 22:30:00,1350,22.5,SOURCE,SOURCE,SOURCE,UNAVAILABLE,DERIVED
v2,quarterly,true_oos,T3,M30,GD,V2_TRUE_OOS,TradingSystemLab/results/true_oos_v2/T3/M30/trades.csv,120,T3-M30-GD-000023,v2|true_oos|T3|M30|GD|TradingSystemLab/results/true_oos_v2/T3/M30/trades.csv|120|T3-M30-GD-000023,SHORT,2025-05-12 10:30:00+03:00,2025-05-13 09:00:00+03:00,2025-05-12,2025-05-13,2025,5,2025,5,0,1,10,9,-0.596471537681,-0.596402348316,6.91893645896e-05,0.596333158952,0.658247530646,ATR_TRAILING_STOP,3045.23486777,3062.47257945,,0 days 22:30:00,1350,22.5,SOURCE,SOURCE,SOURCE,UNAVAILABLE,DERIVED
v2,quarterly,true_oos,T3,M30,GD,V2_TRUE_OOS,TradingSystemLab/results/true_oos_v2/T3/M30/trades.csv,123,T3-M30-GD-000024,v2|true_oos|T3|M30|GD|TradingSystemLab/results/true_oos_v2/T3/M30/trades.csv|123|T3-M30-GD-000024,SHORT,2025-05-16 14:00:00+03:00,2025-05-16 20:30:00+03:00,2025-05-16,2025-05-16,2025,5,2025,5,4,4,14,20,-0.627196530856,-0.627103301071,9.322978495e-05,0.627010071287,0.895742904766,ATR_TRAILING_STOP,2993.23914731,3006.69000041,,0 days 06:30:00,390,6.5,SOURCE,SOURCE,SOURCE,UNAVAILABLE,DERIVED
v2,quarterly,true_oos,T3,M30,GD,V2_TRUE_OOS,TradingSystemLab/results/true_oos_v2/T3/M30/trades.csv,129,T3-M30-GD-000025,v2|true_oos|T3|M30|GD|TradingSystemLab/results/true_oos_v2/T3/M30/trades.csv|129|T3-M30-GD-000025,LONG,2025-05-23 16:00:00+03:00,2025-05-26 09:30:00+03:00,2025-05-23,2025-05-26,2025,5,2025,5,4,0,16,9,-0.603086427912,-0.602977928942,0.000108498970417,0.965797213646,0.587654389255,ATR_TRAILING_STOP,3158.74001843,3147.62711243,,2 days 17:30:00,3930,65.5,SOURCE,SOURCE,SOURCE,UNAVAILABLE,DERIVED
v2,quarterly,true_oos,T3,M30,GD,V2_TRUE_OOS,TradingSystemLab/results/true_oos_v2/T3/M30/trades.csv,138,T3-M30-GD-000026,v2|true_oos|T3|M30|GD|TradingSystemLab/results/true_oos_v2/T3/M30/trades.csv|138|T3-M30-GD-000026,LONG,2025-06-02 22:00:00+03:00,2025-06-03 09:30:00+03:00,2025-06-02,2025-06-03,2025,6,2025,6,0,1,22,9,-0.904821322281,-0.904679749287,0.000141572994301,0.904538176293,0.433403387171,ATR_TRAILING_STOP,3180.02812138,3167.24972136,,0 days 11:30:00,690,11.5,SOURCE,SOURCE,SOURCE,UNAVAILABLE,DERIVED
v2,quarterly,true_oos,T3,M30,GD,V2_TRUE_OOS,TradingSystemLab/results/true_oos_v2/T3/M30/trades.csv,147,T3-M30-GD-000027,v2|true_oos|T3|M30|GD|TradingSystemLab/results/true_oos_v2/T3/M30/trades.csv|147|T3-M30-GD-000027,LONG,2025-06-13 15:30:00+03:00,2025-06-16 09:30:00+03:00,2025-06-13,2025-06-16,2025,6,2025,6,4,0,15,9,-0.249210173082,-0.249095469403,0.000114703679134,0.502410634631,1.0318325937,ATR_TRAILING_STOP,3229.10379233,3224.76250585,,2 days 18:00:00,3960,66,SOURCE,SOURCE,SOURCE,UNAVAILABLE,DERIVED
v2,quarterly,true_oos,T3,M30,GD,V2_TRUE_OOS,TradingSystemLab/results/true_oos_v2/T3/M30/trades.csv,155,T3-M30-GD-000028,v2|true_oos|T3|M30|GD|TradingSystemLab/results/true_oos_v2/T3/M30/trades.csv|155|T3-M30-GD-000028,SHORT,2025-06-24 15:30:00+03:00,2025-06-24 20:00:00+03:00,2025-06-24,2025-06-24,2025,6,2025,6,1,1,15,20,-0.357006678249,-0.356875224611,0.00013145363727,0.356743770974,1.21711204689,ATR_TRAILING_STOP,3132.23769391,3137.66536832,,0 days 04:30:00,270,4.5,SOURCE,SOURCE,SOURCE,UNAVAILABLE,DERIVED
v2,quarterly,true_oos,T3,M30,GD,V2_TRUE_OOS,TradingSystemLab/results/true_oos_v2/T3/M30/trades.csv,157,T3-M30-GD-000029,v2|true_oos|T3|M30|GD|TradingSystemLab/results/true_oos_v2/T3/M30/trades.csv|157|T3-M30-GD-000029,SHORT,2025-06-25 16:30:00+03:00,2025-06-25 18:00:00+03:00,2025-06-25,2025-06-25,2025,6,2025,6,2,2,16,18,-1.00035134336,-1.00017567168,0.000175671677639,1,0.149374387057,ATR_TRAILING_STOP,3128.26960707,3139.65448155,,0 days 01:30:00,90,1.5,SOURCE,SOURCE,SOURCE,UNAVAILABLE,DERIVED
v2,quarterly,true_oos,T3,M30,GD,V2_TRUE_OOS,TradingSystemLab/results/true_oos_v2/T3/M30/trades.csv,161,T3-M30-GD-000030,v2|true_oos|T3|M30|GD|TradingSystemLab/results/true_oos_v2/T3/M30/trades.csv|161|T3-M30-GD-000030,SHORT,2025-06-27 16:00:00+03:00,2025-06-30 09:00:00+03:00,2025-06-27,2025-06-30,2025,6,2025,6,4,0,16,9,-0.864910079534,-0.864775495051,0.00013458448273,0.864640910568,0.858283256814,ATR_TRAILING_STOP,3090.10039076,3102.94943387,,2 days 17:00:00,3900,65,SOURCE,SOURCE,SOURCE,UNAVAILABLE,DERIVED
v2,quarterly,true_oos,T3,M30,GD,V2_TRUE_OOS,TradingSystemLab/results/true_oos_v2/T3/M30/trades.csv,171,T3-M30-GD-000031,v2|true_oos|T3|M30|GD|TradingSystemLab/results/true_oos_v2/T3/M30/trades.csv|171|T3-M30-GD-000031,SHORT,2025-07-09 09:30:00+03:00,2025-07-09 16:30:00+03:00,2025-07-09,2025-07-09,2025,7,2025,7,2,2,9,16,-1.00034618719,-1.00017309359,0.000173093593989,1,0.310718044029,ATR_TRAILING_STOP,3103.89421646,3115.44865908,,0 days 07:00:00,420,7,SOURCE,SOURCE,SOURCE,UNAVAILABLE,DERIVED
v2,quarterly,true_oos,T3,M30,GD,V2_TRUE_OOS,TradingSystemLab/results/true_oos_v2/T3/M30/trades.csv,175,T3-M30-GD-000032,v2|true_oos|T3|M30|GD|TradingSystemLab/results/true_oos_v2/T3/M30/trades.csv|175|T3-M30-GD-000032,LONG,2025-07-14 10:30:00+03:00,2025-07-14 12:00:00+03:00,2025-07-14,2025-07-14,2025,7,2025,7,0,0,10,12,-1.00038358826,-1.00019179413,0.000191794129773,1,0.0271805629692,ATR_TRAILING_STOP,3186.56269238,3176.13484455,,0 days 01:30:00,90,1.5,SOURCE,SOURCE,SOURCE,UNAVAILABLE,DERIVED
v2,quarterly,true_oos,T3,M30,GD,V2_TRUE_OOS,TradingSystemLab/results/true_oos_v2/T3/M30/trades.csv,180,T3-M30-GD-000033,v2|true_oos|T3|M30|GD|TradingSystemLab/results/true_oos_v2/T3/M30/trades.csv|180|T3-M30-GD-000033,LONG,2025-07-22 18:00:00+03:00,2025-07-23 11:00:00+03:00,2025-07-22,2025-07-23,2025,7,2025,7,1,2,18,11,-0.488556692142,-0.488383422855,0.000173269286382,0.488210153569,0.687547575791,ATR_TRAILING_STOP,3233.61286496,3227.97758863,,0 days 17:00:00,1020,17,SOURCE,SOURCE,SOURCE,UNAVAILABLE,DERIVED
v2,quarterly,true_oos,T3,M30,GD,V2_TRUE_OOS,TradingSystemLab/results/true_oos_v2/T3/M30/trades.csv,183,T3-M30-GD-000034,v2|true_oos|T3|M30|GD|TradingSystemLab/results/true_oos_v2/T3/M30/trades.csv|183|T3-M30-GD-000034,SHORT,2025-07-25 11:30:00+03:00,2025-07-25 22:30:00+03:00,2025-07-25,2025-07-25,2025,7,2025,7,4,4,11,22,0.677323541821,0.677523197839,0.000199656018847,0.386694634422,2.15039943045,ATR_TRAILING_STOP,3156.99099756,3150.20209275,,0 days 11:00:00,660,11,SOURCE,SOURCE,SOURCE,UNAVAILABLE,DERIVED
v2,quarterly,true_oos,T3,M30,GD,V2_TRUE_OOS,TradingSystemLab/results/true_oos_v2/T3/M30/trades.csv,190,T3-M30-GD-000035,v2|true_oos|T3|M30|GD|TradingSystemLab/results/true_oos_v2/T3/M30/trades.csv|190|T3-M30-GD-000035,SHORT,2025-07-30 22:00:00+03:00,2025-07-31 09:00:00+03:00,2025-07-30,2025-07-31,2025,7,2025,7,2,3,22,9,-1.20083189248,-1.20068327267,0.000148619811981,1.20053465286,0.898645822024,ATR_TRAILING_STOP,3099.35926006,3115.51504221,,0 days 11:00:00,660,11,SOURCE,SOURCE,SOURCE,UNAVAILABLE,DERIVED
v2,quarterly,true_oos,T3,M30,GD,V2_TRUE_OOS,TradingSystemLab/results/true_oos_v2/T3/M30/trades.csv,194,T3-M30-GD-000036,v2|true_oos|T3|M30|GD|TradingSystemLab/results/true_oos_v2/T3/M30/trades.csv|194|T3-M30-GD-000036,LONG,2025-08-01 23:00:00+03:00,2025-08-05 09:30:00+03:00,2025-08-01,2025-08-05,2025,8,2025,8,4,1,23,9,0.838180492797,0.83830890976,0.000128416962297,0.333646800312,1.66823400156,ATR_TRAILING_STOP,3170.50138848,3183.55943489,,3 days 10:30:00,4950,82.5,SOURCE,SOURCE,SOURCE,UNAVAILABLE,DERIVED
v2,quarterly,true_oos,T3,M30,GD,V2_TRUE_OOS,TradingSystemLab/results/true_oos_v2/T3/M30/trades.csv,203,T3-M30-GD-000037,v2|true_oos|T3|M30|GD|TradingSystemLab/results/true_oos_v2/T3/M30/trades.csv|203|T3-M30-GD-000037,LONG,2025-08-08 10:00:00+03:00,2025-08-08 13:30:00+03:00,2025-08-08,2025-08-08,2025,8,2025,8,4,4,10,13,-1.0003266585,-1.00016332925,0.000163329249706,1,0.501509548292,ATR_TRAILING_STOP,3235.69138664,3223.44618253,,0 days 03:30:00,210,3.5,SOURCE,SOURCE,SOURCE,UNAVAILABLE,DERIVED
v2,quarterly,true_oos,T3,M30,GD,V2_TRUE_OOS,TradingSystemLab/results/true_oos_v2/T3/M30/trades.csv,208,T3-M30-GD-000038,v2|true_oos|T3|M30|GD|TradingSystemLab/results/true_oos_v2/T3/M30/trades.csv|208|T3-M30-GD-000038,SHORT,2025-08-12 00:00:00+03:00,2025-08-12 18:30:00+03:00,2025-08-12,2025-08-12,2025,8,2025,8,1,1,0,18,-1.00032296751,-1.00016148376,0.000161483756141,1,0.938287296425,ATR_TRAILING_STOP,3162.5652148,3174.95036144,,0 days 18:30:00,1110,18.5,SOURCE,SOURCE,SOURCE,UNAVAILABLE,DERIVED
v2,quarterly,true_oos,T3,M30,GD,V2_TRUE_OOS,TradingSystemLab/results/true_oos_v2/T3/M30/trades.csv,216,T3-M30-GD-000039,v2|true_oos|T3|M30|GD|TradingSystemLab/results/true_oos_v2/T3/M30/trades.csv|216|T3-M30-GD-000039,LONG,2025-08-27 19:30:00+03:00,2025-08-28 16:30:00+03:00,2025-08-27,2025-08-28,2025,8,2025,8,2,3,19,16,0.746470299747,0.746699849108,0.000229549360981,0.0867496951804,2.10368010813,ATR_TRAILING_STOP,3207.15895266,3213.66674162,,0 days 21:00:00,1260,21,SOURCE,SOURCE,SOURCE,UNAVAILABLE,DERIVED
v2,quarterly,true_oos,T3,M30,GD,V2_TRUE_OOS,TradingSystemLab/results/true_oos_v2/T3/M30/trades.csv,217,T3-M30-GD-000040,v2|true_oos|T3|M30|GD|TradingSystemLab/results/true_oos_v2/T3/M30/trades.csv|217|T3-M30-GD-000040,LONG,2025-08-28 17:30:00+03:00,2025-08-29 10:30:00+03:00,2025-08-28,2025-08-29,2025,8,2025,8,3,4,17,10,-0.151348102345,-0.151136584154,0.000211518190369,0.569540300771,1.05914512073,ATR_TRAILING_STOP,3225.86564779,3224.43858314,,0 days 17:00:00,1020,17,SOURCE,SOURCE,SOURCE,UNAVAILABLE,DERIVED
v2,quarterly,true_oos,T3,M30,GD,V2_TRUE_OOS,TradingSystemLab/results/true_oos_v2/T3/M30/trades.csv,218,T3-M30-GD-000041,v2|true_oos|T3|M30|GD|TradingSystemLab/results/true_oos_v2/T3/M30/trades.csv|218|T3-M30-GD-000041,LONG,2025-08-29 17:00:00+03:00,2025-08-31 17:30:00+03:00,2025-08-29,2025-08-31,2025,8,2025,8,4,6,17,17,2.59315750289,2.593379923,0.000222420109827,0,2.89991330981,ATR_TRAILING_STOP,3245.13921246,3268.46086575,,2 days 00:30:00,2910,48.5,SOURCE,SOURCE,SOURCE,UNAVAILABLE,DERIVED
v2,quarterly,true_oos,T3,M30,GD,V2_TRUE_OOS,TradingSystemLab/results/true_oos_v2/T3/M30/trades.csv,221,T3-M30-GD-000042,v2|true_oos|T3|M30|GD|TradingSystemLab/results/true_oos_v2/T3/M30/trades.csv|221|T3-M30-GD-000042,LONG,2025-09-02 17:30:00+03:00,2025-09-04 00:00:00+03:00,2025-09-02,2025-09-04,2025,9,2025,9,1,3,17,0,2.9669903016,2.96711304528,0.000122743683735,0.38268811164,4.1167963525,ATR_TRAILING_STOP,3316.75373217,3365.10222064,,1 days 06:30:00,1830,30.5,SOURCE,SOURCE,SOURCE,UNAVAILABLE,DERIVED
v2,quarterly,true_oos,T3,M30,GD,V2_TRUE_OOS,TradingSystemLab/results/true_oos_v2/T3/M30/trades.csv,225,T3-M30-GD-000043,v2|true_oos|T3|M30|GD|TradingSystemLab/results/true_oos_v2/T3/M30/trades.csv|225|T3-M30-GD-000043,LONG,2025-09-05 16:00:00+03:00,2025-09-06 16:00:00+03:00,2025-09-05,2025-09-06,2025,9,2025,9,4,5,16,16,0.385613143059,0.38574917536,0.000136032301001,0.494805651983,1.08600201539,ATR_TRAILING_STOP,3382.51059987,3388.18403485,,1 days 00:00:00,1440,24,SOURCE,SOURCE,SOURCE,UNAVAILABLE,DERIVED
v2,quarterly,true_oos,T3,M30,GD,V2_TRUE_OOS,TradingSystemLab/results/true_oos_v2/T3/M30/trades.csv,227,T3-M30-GD-000044,v2|true_oos|T3|M30|GD|TradingSystemLab/results/true_oos_v2/T3/M30/trades.csv|227|T3-M30-GD-000044,LONG,2025-09-09 16:30:00+03:00,2025-09-09 17:30:00+03:00,2025-09-09,2025-09-09,2025,9,2025,9,1,1,16,17,-0.992922209717,-0.992779132135,0.000143077581796,0.992636054553,0.540708828589,ATR_TRAILING_STOP,3454.78646739,3440.91097352,,0 days 01:00:00,60,1,SOURCE,SOURCE,SOURCE,UNAVAILABLE,DERIVED
v2,quarterly,true_oos,T3,M30,GD,V2_TRUE_OOS,TradingSystemLab/results/true_oos_v2/T3/M30/trades.csv,230,T3-M30-GD-000045,v2|true_oos|T3|M30|GD|TradingSystemLab/results/true_oos_v2/T3/M30/trades.csv|230|T3-M30-GD-000045,LONG,2025-09-10 13:00:00+03:00,2025-09-10 23:00:00+03:00,2025-09-10,2025-09-10,2025,9,2025,9,2,2,13,23,-0.937481707355,-0.937331446874,0.000150260480549,0.937181186394,0.347810537704,ATR_TRAILING_STOP,3452.23555442,3439.76146698,,0 days 10:00:00,600,10,SOURCE,SOURCE,SOURCE,UNAVAILABLE,DERIVED
v2,quarterly,true_oos,T3,M30,GD,V2_TRUE_OOS,TradingSystemLab/results/true_oos_v2/T3/M30/trades.csv,237,T3-M30-GD-000046,v2|true_oos|T3|M30|GD|TradingSystemLab/results/true_oos_v2/T3/M30/trades.csv|237|T3-M30-GD-000046,LONG,2025-09-12 17:30:00+03:00,2025-09-13 13:30:00+03:00,2025-09-12,2025-09-13,2025,9,2025,9,4,5,17,13,-0.711981136696,-0.711797428481,0.000183708215343,0.859143393979,0.0520692966048,ATR_TRAILING_STOP,3453.84168481,3446.09446764,,0 days 20:00:00,1200,20,SOURCE,SOURCE,SOURCE,UNAVAILABLE,DERIVED
v2,quarterly,true_oos,T3,M30,GD,V2_TRUE_OOS,TradingSystemLab/results/true_oos_v2/T3/M30/trades.csv,239,T3-M30-GD-000047,v2|true_oos|T3|M30|GD|TradingSystemLab/results/true_oos_v2/T3/M30/trades.csv|239|T3-M30-GD-000047,LONG,2025-09-16 10:00:00+03:00,2025-09-16 18:30:00+03:00,2025-09-16,2025-09-16,2025,9,2025,9,1,1,10,18,-0.96056025874,-0.960366891771,0.000193366969351,0.960173524801,0.74902795272,ATR_TRAILING_STOP,3494.56181409,3484.63071233,,0 days 08:30:00,510,8.5,SOURCE,SOURCE,SOURCE,UNAVAILABLE,DERIVED
v2,quarterly,true_oos,T3,M30,GD,V2_TRUE_OOS,TradingSystemLab/results/true_oos_v2/T3/M30/trades.csv,242,T3-M30-GD-000048,v2|true_oos|T3|M30|GD|TradingSystemLab/results/true_oos_v2/T3/M30/trades.csv|242|T3-M30-GD-000048,LONG,2025-09-17 19:30:00+03:00,2025-09-17 21:30:00+03:00,2025-09-17,2025-09-17,2025,9,2025,9,2,2,19,21,-1.00038874711,-1.00019437355,0.000194373553797,1,0,ATR_TRAILING_STOP,3485.86981434,3475.58034871,,0 days 02:00:00,120,2,SOURCE,SOURCE,SOURCE,UNAVAILABLE,DERIVED
v2,quarterly,true_oos,T3,M30,GD,V2_TRUE_OOS,TradingSystemLab/results/true_oos_v2/T3/M30/trades.csv,248,T3-M30-GD-000049,v2|true_oos|T3|M30|GD|TradingSystemLab/results/true_oos_v2/T3/M30/trades.csv|248|T3-M30-GD-000049,LONG,2025-09-23 12:00:00+03:00,2025-09-23 17:30:00+03:00,2025-09-23,2025-09-23,2025,9,2025,9,1,1,12,17,-0.452812166043,-0.452647770465,0.000164395577547,0.452483374888,1.19683934105,ATR_TRAILING_STOP,3538.85445127,3533.34963925,,0 days 05:30:00,330,5.5,SOURCE,SOURCE,SOURCE,UNAVAILABLE,DERIVED
v2,quarterly,true_oos,T3,M30,GD,V2_TRUE_OOS,TradingSystemLab/results/true_oos_v2/T3/M30/trades.csv,258,T3-M30-GD-000050,v2|true_oos|T3|M30|GD|TradingSystemLab/results/true_oos_v2/T3/M30/trades.csv|258|T3-M30-GD-000050,LONG,2025-09-30 22:30:00+03:00,2025-10-01 16:00:00+03:00,2025-09-30,2025-10-01,2025,9,2025,10,1,2,22,16,0.668321729078,0.668423158705,0.000101429627076,0.190563117046,2.01996904068,ATR_TRAILING_STOP,3611.09322471,3624.27526249,,0 days 17:30:00,1050,17.5,SOURCE,SOURCE,SOURCE,UNAVAILABLE,DERIVED
v2,quarterly,true_oos,T3,M30,GD,V2_TRUE_OOS,TradingSystemLab/results/true_oos_v2/T3/M30/trades.csv,265,T3-M30-GD-000051,v2|true_oos|T3|M30|GD|TradingSystemLab/results/true_oos_v2/T3/M30/trades.csv|265|T3-M30-GD-000051,LONG,2025-10-02 13:00:00+03:00,2025-10-02 17:30:00+03:00,2025-10-02,2025-10-02,2025,10,2025,10,3,3,13,17,-0.549306471497,-0.549182738068,0.00012373342866,0.549059004639,1.02866589611,ATR_TRAILING_STOP,3637.39602908,3628.52115976,,0 days 04:30:00,270,4.5,SOURCE,SOURCE,SOURCE,UNAVAILABLE,DERIVED
v2,quarterly,true_oos,T3,M30,GD,V2_TRUE_OOS,TradingSystemLab/results/true_oos_v2/T3/M30/trades.csv,271,T3-M30-GD-000052,v2|true_oos|T3|M30|GD|TradingSystemLab/results/true_oos_v2/T3/M30/trades.csv|271|T3-M30-GD-000052,LONG,2025-10-03 13:00:00+03:00,2025-10-05 15:00:00+03:00,2025-10-03,2025-10-05,2025,10,2025,10,4,6,13,15,1.52675502167,1.52689343094,0.000138409271738,0.806122228128,1.81377501329,ATR_TRAILING_STOP,3623.68099537,3645.74645126,,2 days 02:00:00,3000,50,SOURCE,SOURCE,SOURCE,UNAVAILABLE,DERIVED
v2,quarterly,true_oos,T3,M30,GD,V2_TRUE_OOS,TradingSystemLab/results/true_oos_v2/T3/M30/trades.csv,274,T3-M30-GD-000053,v2|true_oos|T3|M30|GD|TradingSystemLab/results/true_oos_v2/T3/M30/trades.csv|274|T3-M30-GD-000053,LONG,2025-10-07 15:00:00+03:00,2025-10-07 19:00:00+03:00,2025-10-07,2025-10-07,2025,10,2025,10,1,1,15,19,-0.552750983632,-0.55262416342,0.00012682021192,0.552497343208,1.07815469228,ATR_TRAILING_STOP,3723.63165199,3714.91857172,,0 days 04:00:00,240,4,SOURCE,SOURCE,SOURCE,UNAVAILABLE,DERIVED
v2,quarterly,true_oos,T3,M30,GD,V2_TRUE_OOS,TradingSystemLab/results/true_oos_v2/T3/M30/trades.csv,276,T3-M30-GD-000054,v2|true_oos|T3|M30|GD|TradingSystemLab/results/true_oos_v2/T3/M30/trades.csv|276|T3-M30-GD-000054,LONG,2025-10-08 09:00:00+03:00,2025-10-09 09:30:00+03:00,2025-10-08,2025-10-09,2025,10,2025,10,2,3,9,9,0.366743088721,0.366843783998,0.000100695276542,0.373637294028,1.75940599213,ATR_TRAILING_STOP,3774.45242758,3781.74064391,,1 days 00:30:00,1470,24.5,SOURCE,SOURCE,SOURCE,UNAVAILABLE,DERIVED
v2,quarterly,true_oos,T3,M30,GD,V2_TRUE_OOS,TradingSystemLab/results/true_oos_v2/T3/M30/trades.csv,280,T3-M30-GD-000055,v2|true_oos|T3|M30|GD|TradingSystemLab/results/true_oos_v2/T3/M30/trades.csv|280|T3-M30-GD-000055,LONG,2025-10-09 16:00:00+03:00,2025-10-09 17:00:00+03:00,2025-10-09,2025-10-09,2025,10,2025,10,3,3,16,17,-1.00023994679,-1.0001199734,0.000119973395611,1,0.332468872378,ATR_TRAILING_STOP,3803.29157381,3786.62121127,,0 days 01:00:00,60,1,SOURCE,SOURCE,SOURCE,UNAVAILABLE,DERIVED
v2,quarterly,true_oos,T3,M30,GD,V2_TRUE_OOS,TradingSystemLab/results/true_oos_v2/T3/M30/trades.csv,282,T3-M30-GD-000056,v2|true_oos|T3|M30|GD|TradingSystemLab/results/true_oos_v2/T3/M30/trades.csv|282|T3-M30-GD-000056,LONG,2025-10-10 18:30:00+03:00,2025-10-10 19:30:00+03:00,2025-10-10,2025-10-10,2025,10,2025,10,4,4,18,19,-1.00014844877,-1.00007422439,7.42243869385e-05,1,0.191744685921,ATR_TRAILING_STOP,3769.56762105,3742.62229914,,0 days 01:00:00,60,1,SOURCE,SOURCE,SOURCE,UNAVAILABLE,DERIVED
v2,quarterly,true_oos,T3,M30,GD,V2_TRUE_OOS,TradingSystemLab/results/true_oos_v2/T3/M30/trades.csv,286,T3-M30-GD-000057,v2|true_oos|T3|M30|GD|TradingSystemLab/results/true_oos_v2/T3/M30/trades.csv|286|T3-M30-GD-000057,LONG,2025-10-11 10:30:00+03:00,2025-10-13 22:30:00+03:00,2025-10-11,2025-10-13,2025,10,2025,10,5,0,10,22,2.54936642617,2.54944386813,7.74419590907e-05,0.0436487292912,3.48462355508,ATR_TRAILING_STOP,3776.61301508,3842.45642452,,2 days 12:00:00,3600,60,SOURCE,SOURCE,SOURCE,UNAVAILABLE,DERIVED
v2,quarterly,true_oos,T3,M30,GD,V2_TRUE_OOS,TradingSystemLab/results/true_oos_v2/T3/M30/trades.csv,288,T3-M30-GD-000058,v2|true_oos|T3|M30|GD|TradingSystemLab/results/true_oos_v2/T3/M30/trades.csv|288|T3-M30-GD-000058,LONG,2025-10-15 09:00:00+03:00,2025-10-15 12:30:00+03:00,2025-10-15,2025-10-15,2025,10,2025,10,2,2,9,12,-0.131453223611,-0.131374663173,7.85604383071e-05,0.131296102734,1.23612597588,ATR_TRAILING_STOP,3932.64500817,3929.30245801,,0 days 03:30:00,210,3.5,SOURCE,SOURCE,SOURCE,UNAVAILABLE,DERIVED
v2,quarterly,true_oos,T3,M30,GD,V2_TRUE_OOS,TradingSystemLab/results/true_oos_v2/T3/M30/trades.csv,294,T3-M30-GD-000059,v2|true_oos|T3|M30|GD|TradingSystemLab/results/true_oos_v2/T3/M30/trades.csv|294|T3-M30-GD-000059,LONG,2025-10-15 22:30:00+03:00,2025-10-17 10:30:00+03:00,2025-10-15,2025-10-17,2025,10,2025,10,2,4,22,10,4.21834133374,4.21842331978,8.19860426338e-05,0.438994221152,5.99573686257,ATR_TRAILING_STOP,3964.58412777,4067.49201721,,1 days 12:00:00,2160,36,SOURCE,SOURCE,SOURCE,UNAVAILABLE,DERIVED
v2,quarterly,true_oos,T3,M30,GD,V2_TRUE_OOS,TradingSystemLab/results/true_oos_v2/T3/M30/trades.csv,305,T3-M30-GD-000060,v2|true_oos|T3|M30|GD|TradingSystemLab/results/true_oos_v2/T3/M30/trades.csv|305|T3-M30-GD-000060,SHORT,2025-10-22 14:00:00+03:00,2025-10-22 22:30:00+03:00,2025-10-22,2025-10-22,2025,10,2025,10,2,2,14,22,-0.89910710722,-0.899071895272,3.52119479785e-05,0.899036683324,0.425047242279,ATR_TRAILING_STOP,3789.10684716,3840.17114408,,0 days 08:30:00,510,8.5,SOURCE,SOURCE,SOURCE,UNAVAILABLE,DERIVED
v2,quarterly,true_oos,T3,M30,GD,V2_TRUE_OOS,TradingSystemLab/results/true_oos_v2/T3/M30/trades.csv,319,T3-M30-GD-000061,v2|true_oos|T3|M30|GD|TradingSystemLab/results/true_oos_v2/T3/M30/trades.csv|319|T3-M30-GD-000061,LONG,2025-11-10 21:30:00+03:00,2025-11-11 18:00:00+03:00,2025-11-10,2025-11-11,2025,11,2025,11,0,1,21,18,0.539957210489,0.540079329208,0.00012211871908,0.487545546707,1.9387105269,ATR_TRAILING_STOP,3869.51827767,3878.36542989,,0 days 20:30:00,1230,20.5,SOURCE,SOURCE,SOURCE,UNAVAILABLE,DERIVED
v2,quarterly,true_oos,T3,M30,GD,V2_TRUE_OOS,TradingSystemLab/results/true_oos_v2/T3/M30/trades.csv,320,T3-M30-GD-000062,v2|true_oos|T3|M30|GD|TradingSystemLab/results/true_oos_v2/T3/M30/trades.csv|320|T3-M30-GD-000062,LONG,2025-11-12 15:30:00+03:00,2025-11-13 17:30:00+03:00,2025-11-12,2025-11-13,2025,11,2025,11,2,3,15,17,4.00844995256,4.00856044355,0.000110490989079,0.565675523061,5.70346238389,ATR_TRAILING_STOP,3890.84233693,3963.40338409,,1 days 02:00:00,1560,26,SOURCE,SOURCE,SOURCE,UNAVAILABLE,DERIVED
v2,quarterly,true_oos,T3,M30,GD,V2_TRUE_OOS,TradingSystemLab/results/true_oos_v2/T3/M30/trades.csv,325,T3-M30-GD-000063,v2|true_oos|T3|M30|GD|TradingSystemLab/results/true_oos_v2/T3/M30/trades.csv|325|T3-M30-GD-000063,LONG,2025-11-19 15:30:00+03:00,2025-11-19 19:30:00+03:00,2025-11-19,2025-11-19,2025,11,2025,11,2,2,15,19,-0.982046663027,-0.981959940996,8.67220317264e-05,0.981873218964,0.676163245482,ATR_TRAILING_STOP,3875.24853148,3852.60438444,,0 days 04:00:00,240,4,SOURCE,SOURCE,SOURCE,UNAVAILABLE,DERIVED
v2,quarterly,true_oos,T3,M30,GD,V2_TRUE_OOS,TradingSystemLab/results/true_oos_v2/T3/M30/trades.csv,330,T3-M30-GD-000064,v2|true_oos|T3|M30|GD|TradingSystemLab/results/true_oos_v2/T3/M30/trades.csv|330|T3-M30-GD-000064,SHORT,2025-11-21 09:30:00+03:00,2025-11-21 16:00:00+03:00,2025-11-21,2025-11-21,2025,11,2025,11,4,4,9,16,-1.00012259466,-1.00006129733,6.12973318409e-05,1,0.23608557446,ATR_TRAILING_STOP,3793.42802217,3826.05586974,,0 days 06:30:00,390,6.5,SOURCE,SOURCE,SOURCE,UNAVAILABLE,DERIVED
v2,quarterly,true_oos,T3,M30,GD,V2_TRUE_OOS,TradingSystemLab/results/true_oos_v2/T3/M30/trades.csv,337,T3-M30-GD-000065,v2|true_oos|T3|M30|GD|TradingSystemLab/results/true_oos_v2/T3/M30/trades.csv|337|T3-M30-GD-000065,LONG,2025-12-03 16:30:00+03:00,2025-12-03 18:00:00+03:00,2025-12-03,2025-12-03,2025,12,2025,12,2,2,16,18,-0.630429557799,-0.630303473648,0.000126084151022,0.630177389497,1.12519586464,ATR_TRAILING_STOP,3974.54161799,3964.54547836,,0 days 01:30:00,90,1.5,SOURCE,SOURCE,SOURCE,UNAVAILABLE,DERIVED
v2,quarterly,true_oos,T3,M30,GD,V2_TRUE_OOS,TradingSystemLab/results/true_oos_v2/T3/M30/trades.csv,355,T3-M30-GD-000066,v2|true_oos|T3|M30|GD|TradingSystemLab/results/true_oos_v2/T3/M30/trades.csv|355|T3-M30-GD-000066,LONG,2025-12-11 20:00:00+03:00,2025-12-12 18:30:00+03:00,2025-12-11,2025-12-12,2025,12,2025,12,3,4,20,18,1.77961068328,1.77970100071,9.03174302775e-05,0.521783944842,3.24948375406,ATR_TRAILING_STOP,4022.07454304,4061.48645528,,0 days 22:30:00,1350,22.5,SOURCE,SOURCE,SOURCE,UNAVAILABLE,DERIVED
v2,quarterly,true_oos,T3,M30,GD,V2_TRUE_OOS,TradingSystemLab/results/true_oos_v2/T3/M30/trades.csv,366,T3-M30-GD-000067,v2|true_oos|T3|M30|GD|TradingSystemLab/results/true_oos_v2/T3/M30/trades.csv|366|T3-M30-GD-000067,LONG,2025-12-22 19:00:00+03:00,2025-12-23 17:30:00+03:00,2025-12-22,2025-12-23,2025,12,2025,12,0,1,19,17,2.59007770176,2.59020669624,0.000128994485501,0.203814818475,4.05231815556,ATR_TRAILING_STOP,4143.3894372,4183.55139731,,0 days 22:30:00,1350,22.5,SOURCE,SOURCE,SOURCE,UNAVAILABLE,DERIVED
v2,quarterly,true_oos,T3,M30,GD,V2_TRUE_OOS,TradingSystemLab/results/true_oos_v2/T3/M30/trades.csv,373,T3-M30-GD-000068,v2|true_oos|T3|M30|GD|TradingSystemLab/results/true_oos_v2/T3/M30/trades.csv|373|T3-M30-GD-000068,SHORT,2025-12-29 18:30:00+03:00,2025-12-30 09:00:00+03:00,2025-12-29,2025-12-30,2025,12,2025,12,0,1,18,9,-1.15568060888,-1.15563251106,4.80978249599e-05,1.15558441323,0.0670551883887,ATR_TRAILING_STOP,4034.6463766,4082.69779739,,0 days 14:30:00,870,14.5,SOURCE,SOURCE,SOURCE,UNAVAILABLE,DERIVED
v2,quarterly,true_oos,T3,M30,GD,V2_TRUE_OOS,TradingSystemLab/results/true_oos_v2/T3/M30/trades.csv,376,T3-M30-GD-000069,v2|true_oos|T3|M30|GD|TradingSystemLab/results/true_oos_v2/T3/M30/trades.csv|376|T3-M30-GD-000069,SHORT,2025-12-30 23:00:00+03:00,2026-01-05 09:00:00+03:00,2025-12-30,2026-01-05,2025,12,2026,1,1,0,23,9,-1.76757472555,-1.76750544908,6.92764620081e-05,1.76743617262,0.334814866945,ATR_TRAILING_STOP,4065.41043904,4116.43602902,,5 days 10:00:00,7800,130,SOURCE,SOURCE,SOURCE,UNAVAILABLE,DERIVED
v2,quarterly,true_oos,T3,M30,GD,V2_TRUE_OOS,TradingSystemLab/results/true_oos_v2/T3/M30/trades.csv,382,T3-M30-GD-000070,v2|true_oos|T3|M30|GD|TradingSystemLab/results/true_oos_v2/T3/M30/trades.csv|382|T3-M30-GD-000070,LONG,2026-01-06 09:30:00+03:00,2026-01-08 09:00:00+03:00,2026-01-06,2026-01-08,2026,1,2026,1,1,3,9,9,-1.40486181909,-1.40477291658,8.89025111338e-05,1.40468401407,1.21050710624,ATR_TRAILING_STOP,4170.24990259,4138.64935507,,1 days 23:30:00,2850,47.5,SOURCE,SOURCE,SOURCE,UNAVAILABLE,DERIVED
v2,quarterly,true_oos,T3,M30,GD,V2_TRUE_OOS,TradingSystemLab/results/true_oos_v2/T3/M30/trades.csv,388,T3-M30-GD-000071,v2|true_oos|T3|M30|GD|TradingSystemLab/results/true_oos_v2/T3/M30/trades.csv|388|T3-M30-GD-000071,LONG,2026-01-12 16:30:00+03:00,2026-01-13 09:30:00+03:00,2026-01-12,2026-01-13,2026,1,2026,1,0,1,16,9,-0.412602697232,-0.412515688469,8.70087624031e-05,0.772292919843,1.04320195455,ATR_TRAILING_STOP,4300.64863253,4291.16846827,,0 days 17:00:00,1020,17,SOURCE,SOURCE,SOURCE,UNAVAILABLE,DERIVED
v2,quarterly,true_oos,T3,M30,GD,V2_TRUE_OOS,TradingSystemLab/results/true_oos_v2/T3/M30/trades.csv,389,T3-M30-GD-000072,v2|true_oos|T3|M30|GD|TradingSystemLab/results/true_oos_v2/T3/M30/trades.csv|389|T3-M30-GD-000072,LONG,2026-01-13 18:00:00+03:00,2026-01-13 18:30:00+03:00,2026-01-13,2026-01-13,2026,1,2026,1,1,1,18,18,-1.00017561274,-1.00008780637,8.78063708938e-05,1,0,ATR_TRAILING_STOP,4323.79138645,4301.01399593,,0 days 00:30:00,30,0.5,SOURCE,SOURCE,SOURCE,UNAVAILABLE,DERIVED
v2,quarterly,true_oos,T3,M30,GD,V2_TRUE_OOS,TradingSystemLab/results/true_oos_v2/T3/M30/trades.csv,392,T3-M30-GD-000073,v2|true_oos|T3|M30|GD|TradingSystemLab/results/true_oos_v2/T3/M30/trades.csv|392|T3-M30-GD-000073,LONG,2026-01-14 10:00:00+03:00,2026-01-14 18:00:00+03:00,2026-01-14,2026-01-14,2026,1,2026,1,2,2,10,18,-0.891071352631,-0.891000753555,7.05990765102e-05,0.890930154478,0.19685024757,ATR_TRAILING_STOP,4329.83266759,4304.59352288,,0 days 08:00:00,480,8,SOURCE,SOURCE,SOURCE,UNAVAILABLE,DERIVED
v2,quarterly,true_oos,T3,M30,GD,V2_TRUE_OOS,TradingSystemLab/results/true_oos_v2/T3/M30/trades.csv,399,T3-M30-GD-000074,v2|true_oos|T3|M30|GD|TradingSystemLab/results/true_oos_v2/T3/M30/trades.csv|399|T3-M30-GD-000074,LONG,2026-01-20 20:00:00+03:00,2026-01-21 10:30:00+03:00,2026-01-20,2026-01-21,2026,1,2026,1,1,2,20,10,3.0492037398,3.04929081772,8.7077925089e-05,0.287310908557,5.30918185952,ATR_TRAILING_STOP,4428.81673558,4498.85464455,,0 days 14:30:00,870,14.5,SOURCE,SOURCE,SOURCE,UNAVAILABLE,DERIVED
v2,quarterly,true_oos,T3,M30,GD,V2_TRUE_OOS,TradingSystemLab/results/true_oos_v2/T3/M30/trades.csv,406,T3-M30-GD-000075,v2|true_oos|T3|M30|GD|TradingSystemLab/results/true_oos_v2/T3/M30/trades.csv|406|T3-M30-GD-000075,LONG,2026-01-22 18:30:00+03:00,2026-01-23 11:30:00+03:00,2026-01-22,2026-01-23,2026,1,2026,1,3,4,18,11,1.93265668,1.93272057439,6.38943850721e-05,0.0237540888474,3.37011135522,ATR_TRAILING_STOP,4523.71132094,4584.21067363,,0 days 17:00:00,1020,17,SOURCE,SOURCE,SOURCE,UNAVAILABLE,DERIVED
v2,quarterly,true_oos,T3,M30,GD,V2_TRUE_OOS,TradingSystemLab/results/true_oos_v2/T3/M30/trades.csv,410,T3-M30-GD-000076,v2|true_oos|T3|M30|GD|TradingSystemLab/results/true_oos_v2/T3/M30/trades.csv|410|T3-M30-GD-000076,LONG,2026-01-23 19:30:00+03:00,2026-01-26 10:30:00+03:00,2026-01-23,2026-01-26,2026,1,2026,1,4,0,19,10,2.48932716323,2.48938747888,6.03156489227e-05,0.776417773356,3.49528145623,ATR_TRAILING_STOP,4646.48874235,4729.03606925,,2 days 15:00:00,3780,63,SOURCE,SOURCE,SOURCE,UNAVAILABLE,DERIVED
v2,quarterly,true_oos,T3,M30,GD,V2_TRUE_OOS,TradingSystemLab/results/true_oos_v2/T3/M30/trades.csv,414,T3-M30-GD-000077,v2|true_oos|T3|M30|GD|TradingSystemLab/results/true_oos_v2/T3/M30/trades.csv|414|T3-M30-GD-000077,LONG,2026-01-27 23:30:00+03:00,2026-01-28 14:30:00+03:00,2026-01-27,2026-01-28,2026,1,2026,1,1,2,23,14,2.54147991861,2.54153489372,5.49751029659e-05,0.224819728157,4.21281513332,ATR_TRAILING_STOP,4795.29014407,4887.75344952,,0 days 15:00:00,900,15,SOURCE,SOURCE,SOURCE,UNAVAILABLE,DERIVED
v2,quarterly,true_oos,T3,M30,GD,V2_TRUE_OOS,TradingSystemLab/results/true_oos_v2/T3/M30/trades.csv,416,T3-M30-GD-000078,v2|true_oos|T3|M30|GD|TradingSystemLab/results/true_oos_v2/T3/M30/trades.csv|416|T3-M30-GD-000078,LONG,2026-01-28 23:00:00+03:00,2026-01-29 12:00:00+03:00,2026-01-28,2026-01-29,2026,1,2026,1,2,3,23,12,2.75569087644,2.75572878934,3.79129057544e-05,0.0510941012097,4.52094702428,ATR_TRAILING_STOP,4962.49421759,5107.86775979,,0 days 13:00:00,780,13,SOURCE,SOURCE,SOURCE,UNAVAILABLE,DERIVED
v2,quarterly,true_oos,T3,M30,GD,V2_TRUE_OOS,TradingSystemLab/results/true_oos_v2/T3/M30/trades.csv,419,T3-M30-GD-000079,v2|true_oos|T3|M30|GD|TradingSystemLab/results/true_oos_v2/T3/M30/trades.csv|419|T3-M30-GD-000079,SHORT,2026-02-02 10:30:00+03:00,2026-02-02 11:30:00+03:00,2026-02-02,2026-02-02,2026,2,2026,2,0,0,10,11,-1.0000557806,-1.0000278903,2.78902994768e-05,1,0.680453066761,ATR_TRAILING_STOP,4231.59214191,4303.30166233,,0 days 01:00:00,60,1,SOURCE,SOURCE,SOURCE,UNAVAILABLE,DERIVED
v2,quarterly,true_oos,T3,M30,GD,V2_TRUE_OOS,TradingSystemLab/results/true_oos_v2/T3/M30/trades.csv,421,T3-M30-GD-000080,v2|true_oos|T3|M30|GD|TradingSystemLab/results/true_oos_v2/T3/M30/trades.csv|421|T3-M30-GD-000080,LONG,2026-02-04 10:30:00+03:00,2026-02-04 18:00:00+03:00,2026-02-04,2026-02-04,2026,2,2026,2,2,2,10,18,-1.00004964101,-1.0000248205,2.48205035966e-05,1,0.076127263574,ATR_TRAILING_STOP,4739.3385864,4658.76004406,,0 days 07:30:00,450,7.5,SOURCE,SOURCE,SOURCE,UNAVAILABLE,DERIVED
v2,quarterly,true_oos,T3,M30,GD,V2_TRUE_OOS,TradingSystemLab/results/true_oos_v2/T3/M30/trades.csv,435,T3-M30-GD-000081,v2|true_oos|T3|M30|GD|TradingSystemLab/results/true_oos_v2/T3/M30/trades.csv|435|T3-M30-GD-000081,LONG,2026-02-25 20:00:00+03:00,2026-02-26 00:00:00+03:00,2026-02-25,2026-02-26,2026,2,2026,2,2,3,20,0,-1.00013772212,-1.00006886106,6.88610587768e-05,1,0.230404993462,ATR_TRAILING_STOP,4857.56181125,4828.51781984,,0 days 04:00:00,240,4,SOURCE,SOURCE,SOURCE,UNAVAILABLE,DERIVED
v2,quarterly,true_oos,T3,M30,GD,V2_TRUE_OOS,TradingSystemLab/results/true_oos_v2/T3/M30/trades.csv,438,T3-M30-GD-000082,v2|true_oos|T3|M30|GD|TradingSystemLab/results/true_oos_v2/T3/M30/trades.csv|438|T3-M30-GD-000082,LONG,2026-02-28 11:00:00+03:00,2026-03-02 09:00:00+03:00,2026-02-28,2026-03-02,2026,2,2026,3,5,0,11,9,-0.0310624779824,-0.0310112306021,5.12473802853e-05,0.442965913789,0.607291978582,ATR_TRAILING_STOP,5005.15495675,5003.94670052,,1 days 22:00:00,2760,46,SOURCE,SOURCE,SOURCE,UNAVAILABLE,DERIVED
v2,quarterly,true_oos,T3,M30,GD,V2_TRUE_OOS,TradingSystemLab/results/true_oos_v2/T3/M30/trades.csv,441,T3-M30-GD-000083,v2|true_oos|T3|M30|GD|TradingSystemLab/results/true_oos_v2/T3/M30/trades.csv|441|T3-M30-GD-000083,LONG,2026-03-02 10:30:00+03:00,2026-03-02 13:30:00+03:00,2026-03-02,2026-03-02,2026,3,2026,3,0,0,10,13,-1.00017378655,-1.00008689328,8.68932770007e-05,1,0.399767114432,ATR_TRAILING_STOP,5042.2391287,5019.22238829,,0 days 03:00:00,180,3,SOURCE,SOURCE,SOURCE,UNAVAILABLE,DERIVED
v2,quarterly,true_oos,T3,M30,GD,V2_TRUE_OOS,TradingSystemLab/results/true_oos_v2/T3/M30/trades.csv,455,T3-M30-GD-000084,v2|true_oos|T3|M30|GD|TradingSystemLab/results/true_oos_v2/T3/M30/trades.csv|455|T3-M30-GD-000084,SHORT,2026-03-13 18:00:00+03:00,2026-03-16 09:00:00+03:00,2026-03-13,2026-03-16,2026,3,2026,3,4,0,18,9,1.11850263016,1.11856105526,5.84251003982e-05,0.570170123486,1.8707010242,ATR_TRAILING_STOP,4703.09089953,4664.79847135,,2 days 15:00:00,3780,63,SOURCE,SOURCE,SOURCE,UNAVAILABLE,DERIVED
v2,quarterly,true_oos,T3,M30,GD,V2_TRUE_OOS,TradingSystemLab/results/true_oos_v2/T3/M30/trades.csv,464,T3-M30-GD-000085,v2|true_oos|T3|M30|GD|TradingSystemLab/results/true_oos_v2/T3/M30/trades.csv|464|T3-M30-GD-000085,SHORT,2026-03-18 14:00:00+03:00,2026-03-23 09:30:00+03:00,2026-03-18,2026-03-23,2026,3,2026,3,2,0,14,9,12.2324667414,12.2325549012,8.8159778389e-05,0.249911372458,12.7524888576,ATR_TRAILING_STOP,4627.24958547,4349.73883659,,4 days 19:30:00,6930,115.5,SOURCE,SOURCE,SOURCE,UNAVAILABLE,DERIVED
v2,quarterly,true_oos,T3,M30,GD,V2_TRUE_OOS,TradingSystemLab/results/true_oos_v2/T3/M30/trades.csv,465,T3-M30-GD-000086,v2|true_oos|T3|M30|GD|TradingSystemLab/results/true_oos_v2/T3/M30/trades.csv|465|T3-M30-GD-000086,SHORT,2026-03-23 10:30:00+03:00,2026-03-23 11:00:00+03:00,2026-03-23,2026-03-23,2026,3,2026,3,0,0,10,11,-1.00010836125,-1.00005418062,5.41806243918e-05,1,0,ATR_TRAILING_STOP,4229.03121292,4265.94477792,,0 days 00:30:00,30,0.5,SOURCE,SOURCE,SOURCE,UNAVAILABLE,DERIVED
v2,quarterly,true_oos,T3,M30,GD,V2_TRUE_OOS,TradingSystemLab/results/true_oos_v2/T3/M30/trades.csv,471,T3-M30-GD-000087,v2|true_oos|T3|M30|GD|TradingSystemLab/results/true_oos_v2/T3/M30/trades.csv|471|T3-M30-GD-000087,LONG,2026-03-31 20:00:00+03:00,2026-04-02 09:00:00+03:00,2026-03-31,2026-04-02,2026,3,2026,4,1,3,20,9,-1.07364600566,-1.07359823461,4.77710464346e-05,1.07355046356,3.31246820666,ATR_TRAILING_STOP,4629.20523811,4584.25958405,,1 days 13:00:00,2220,37,SOURCE,SOURCE,SOURCE,UNAVAILABLE,DERIVED
v2,quarterly,true_oos,T3,M30,GD,V2_TRUE_OOS,TradingSystemLab/results/true_oos_v2/T3/M30/trades.csv,479,T3-M30-GD-000088,v2|true_oos|T3|M30|GD|TradingSystemLab/results/true_oos_v2/T3/M30/trades.csv|479|T3-M30-GD-000088,LONG,2026-04-09 17:00:00+03:00,2026-04-10 09:30:00+03:00,2026-04-09,2026-04-10,2026,4,2026,4,3,4,17,9,0.0109475028505,0.0110092231756,6.17203250668e-05,0.465385129358,1.23798527875,ATR_TRAILING_STOP,4737.72533705,4738.08408252,,0 days 16:30:00,990,16.5,SOURCE,SOURCE,SOURCE,UNAVAILABLE,DERIVED
v2,quarterly,true_oos,T3,M30,GD,V2_TRUE_OOS,TradingSystemLab/results/true_oos_v2/T3/M30/trades.csv,499,T3-M30-GD-000089,v2|true_oos|T3|M30|GD|TradingSystemLab/results/true_oos_v2/T3/M30/trades.csv|499|T3-M30-GD-000089,SHORT,2026-04-28 14:00:00+03:00,2026-04-29 19:00:00+03:00,2026-04-28,2026-04-29,2026,4,2026,4,1,2,14,19,2.09977358475,2.09985824822,8.46634681496e-05,0.27120786383,3.91373809649,ATR_TRAILING_STOP,4538.22971465,4488.62288994,,1 days 05:00:00,1740,29,SOURCE,SOURCE,SOURCE,UNAVAILABLE,DERIVED
v2,quarterly,true_oos,T3,M30,GD,V2_TRUE_OOS,TradingSystemLab/results/true_oos_v2/T3/M30/trades.csv,503,T3-M30-GD-000090,v2|true_oos|T3|M30|GD|TradingSystemLab/results/true_oos_v2/T3/M30/trades.csv|503|T3-M30-GD-000090,SHORT,2026-05-01 10:00:00+03:00,2026-05-01 15:30:00+03:00,2026-05-01,2026-05-01,2026,5,2026,5,4,4,10,15,-0.0995866421812,-0.0994998976574,8.67445237851e-05,0.23084936986,1.34662132418,ATR_TRAILING_STOP,4534.08998335,4536.38207394,,0 days 05:30:00,330,5.5,SOURCE,SOURCE,SOURCE,UNAVAILABLE,DERIVED
v2,quarterly,true_oos,T3,M30,GD,V2_TRUE_OOS,TradingSystemLab/results/true_oos_v2/T3/M30/trades.csv,506,T3-M30-GD-000091,v2|true_oos|T3|M30|GD|TradingSystemLab/results/true_oos_v2/T3/M30/trades.csv|506|T3-M30-GD-000091,LONG,2026-05-06 14:00:00+03:00,2026-05-06 15:30:00+03:00,2026-05-06,2026-05-06,2026,5,2026,5,2,2,14,15,-1.0001260989,-1.00006304945,6.30494494215e-05,1,0.052823002873,ATR_TRAILING_STOP,4646.35555347,4614.63442001,,0 days 01:30:00,90,1.5,SOURCE,SOURCE,SOURCE,UNAVAILABLE,DERIVED
v2,quarterly,true_oos,T3,M30,GD,V2_TRUE_OOS,TradingSystemLab/results/true_oos_v2/T3/M30/trades.csv,510,T3-M30-GD-000092,v2|true_oos|T3|M30|GD|TradingSystemLab/results/true_oos_v2/T3/M30/trades.csv|510|T3-M30-GD-000092,LONG,2026-05-07 10:00:00+03:00,2026-05-07 19:30:00+03:00,2026-05-07,2026-05-07,2026,5,2026,5,3,3,10,19,-0.572612361075,-0.572540304153,7.20569214724e-05,0.632104049113,0.951707220013,ATR_TRAILING_STOP,4664.09725902,4648.20792499,,0 days 09:30:00,570,9.5,SOURCE,SOURCE,SOURCE,UNAVAILABLE,DERIVED
v2,quarterly,true_oos,T3,M30,GD,V2_TRUE_OOS,TradingSystemLab/results/true_oos_v2/T3/M30/trades.csv,511,T3-M30-GD-000093,v2|true_oos|T3|M30|GD|TradingSystemLab/results/true_oos_v2/T3/M30/trades.csv|511|T3-M30-GD-000093,LONG,2026-05-08 17:00:00+03:00,2026-05-08 18:00:00+03:00,2026-05-08,2026-05-08,2026,5,2026,5,4,4,17,18,-1.00012837602,-1.00006418801,6.41880090962e-05,1,0.060103584409,ATR_TRAILING_STOP,4676.812148,4645.65368043,,0 days 01:00:00,60,1,SOURCE,SOURCE,SOURCE,UNAVAILABLE,DERIVED
v2,quarterly,true_oos,T3,M30,GD,V2_TRUE_OOS,TradingSystemLab/results/true_oos_v2/T3/M30/trades.csv,522,T3-M30-GD-000094,v2|true_oos|T3|M30|GD|TradingSystemLab/results/true_oos_v2/T3/M30/trades.csv|522|T3-M30-GD-000094,SHORT,2026-05-21 14:00:00+03:00,2026-05-21 20:30:00+03:00,2026-05-21,2026-05-21,2026,5,2026,5,3,3,14,20,-0.6834425064,-0.683364264807,7.82415927822e-05,0.683286023215,0.883010833073,ATR_TRAILING_STOP,4441.73454946,4459.20060553,,0 days 06:30:00,390,6.5,SOURCE,SOURCE,SOURCE,UNAVAILABLE,DERIVED
v2,quarterly,true_oos,T3,M30,GD,V2_TRUE_OOS,TradingSystemLab/results/true_oos_v2/T3/M30/trades.csv,529,T3-M30-GD-000095,v2|true_oos|T3|M30|GD|TradingSystemLab/results/true_oos_v2/T3/M30/trades.csv|529|T3-M30-GD-000095,SHORT,2026-05-27 14:00:00+03:00,2026-05-27 15:30:00+03:00,2026-05-27,2026-05-27,2026,5,2026,5,2,2,14,15,-0.82047888423,-0.820391332143,8.75520866263e-05,0.820303780057,0.724884225897,ATR_TRAILING_STOP,4373.133288,4391.87193403,,0 days 01:30:00,90,1.5,SOURCE,SOURCE,SOURCE,UNAVAILABLE,DERIVED
v2,quarterly,true_oos,T3,M30,GD,V2_TRUE_OOS,TradingSystemLab/results/true_oos_v2/T3/M30/trades.csv,530,T3-M30-GD-000096,v2|true_oos|T3|M30|GD|TradingSystemLab/results/true_oos_v2/T3/M30/trades.csv|530|T3-M30-GD-000096,SHORT,2026-05-27 16:30:00+03:00,2026-05-27 17:30:00+03:00,2026-05-27,2026-05-27,2026,5,2026,5,2,2,16,17,-1.00013096091,-1.00006548045,6.54804548624e-05,1,0.0129081661049,ATR_TRAILING_STOP,4338.24126709,4368.78473237,,0 days 01:00:00,60,1,SOURCE,SOURCE,SOURCE,UNAVAILABLE,DERIVED
v2,quarterly,true_oos,T3,M30,GD,V2_TRUE_OOS,TradingSystemLab/results/true_oos_v2/T3/M30/trades.csv,531,T3-M30-GD-000097,v2|true_oos|T3|M30|GD|TradingSystemLab/results/true_oos_v2/T3/M30/trades.csv|531|T3-M30-GD-000097,SHORT,2026-05-28 09:00:00+03:00,2026-05-28 16:00:00+03:00,2026-05-28,2026-05-28,2026,5,2026,5,3,3,9,16,-0.536045125345,-0.535977620569,6.75047763557e-05,0.535910115792,0.758511581369,ATR_TRAILING_STOP,4329.76467444,4345.64236916,,0 days 07:00:00,420,7,SOURCE,SOURCE,SOURCE,UNAVAILABLE,DERIVED
v2,quarterly,true_oos,T3,M30,GD,V2_TRUE_OOS,TradingSystemLab/results/true_oos_v2/T3/M30/trades.csv,533,T3-M30-GD-000098,v2|true_oos|T3|M30|GD|TradingSystemLab/results/true_oos_v2/T3/M30/trades.csv|533|T3-M30-GD-000098,LONG,2026-05-29 18:00:00+03:00,2026-05-29 23:00:00+03:00,2026-05-29,2026-05-29,2026,5,2026,5,4,4,18,23,-0.447832789965,-0.447768082044,6.47079215774e-05,0.447703374122,0.892911359959,ATR_TRAILING_STOP,4480.17491149,4466.33724329,,0 days 05:00:00,300,5,SOURCE,SOURCE,SOURCE,UNAVAILABLE,DERIVED
v2,quarterly,true_oos,T3,M30,GD,V2_TRUE_OOS,TradingSystemLab/results/true_oos_v2/T3/M30/trades.csv,544,T3-M30-GD-000099,v2|true_oos|T3|M30|GD|TradingSystemLab/results/true_oos_v2/T3/M30/trades.csv|544|T3-M30-GD-000099,SHORT,2026-06-05 09:00:00+03:00,2026-06-05 10:30:00+03:00,2026-06-05,2026-06-05,2026,6,2026,6,4,4,9,10,-0.860122138091,-0.860029714429,9.24236616614e-05,0.859937290768,0.683230579602,ATR_TRAILING_STOP,4371.35911745,4389.96771346,,0 days 01:30:00,90,1.5,SOURCE,SOURCE,SOURCE,UNAVAILABLE,DERIVED
v2,quarterly,true_oos,T3,M30,GD,V2_TRUE_OOS,TradingSystemLab/results/true_oos_v2/T3/M30/trades.csv,546,T3-M30-GD-000100,v2|true_oos|T3|M30|GD|TradingSystemLab/results/true_oos_v2/T3/M30/trades.csv|546|T3-M30-GD-000100,SHORT,2026-06-05 16:00:00+03:00,2026-06-07 11:30:00+03:00,2026-06-05,2026-06-07,2026,6,2026,6,4,6,16,11,2.91049771871,2.91057203728,7.43185691884e-05,0.483463996192,3.61499215335,ATR_TRAILING_STOP,4335.58001125,4257.25109864,,1 days 19:30:00,2610,43.5,SOURCE,SOURCE,SOURCE,UNAVAILABLE,DERIVED
v2,quarterly,true_oos,T3,M30,GD,V2_TRUE_OOS,TradingSystemLab/results/true_oos_v2/T3/M30/trades.csv,552,T3-M30-GD-000101,v2|true_oos|T3|M30|GD|TradingSystemLab/results/true_oos_v2/T3/M30/trades.csv|552|T3-M30-GD-000101,SHORT,2026-06-09 18:00:00+03:00,2026-06-11 21:00:00+03:00,2026-06-09,2026-06-11,2026,6,2026,6,1,3,18,21,6.36343655981,6.36350340715,6.68473364989e-05,0.0362384538072,8.17341853596,ATR_TRAILING_STOP,4233.86089943,4043.46976083,,2 days 03:00:00,3060,51,SOURCE,SOURCE,SOURCE,UNAVAILABLE,DERIVED
v2,quarterly,true_oos,T3,M30,GD,V2_TRUE_OOS,TradingSystemLab/results/true_oos_v2/T3/M30/trades.csv,563,T3-M30-GD-000102,v2|true_oos|T3|M30|GD|TradingSystemLab/results/true_oos_v2/T3/M30/trades.csv|563|T3-M30-GD-000102,SHORT,2026-06-23 11:00:00+03:00,2026-06-23 13:30:00+03:00,2026-06-23,2026-06-23,2026,6,2026,6,1,1,11,13,-1.00014060475,-1.00007030237,7.0302372519e-05,1,0.256603659694,ATR_TRAILING_STOP,4106.5,4134.94854204,,0 days 02:30:00,150,2.5,SOURCE,SOURCE,SOURCE,UNAVAILABLE,DERIVED
v2,quarterly,true_oos,T3,M30,GD,V2_TRUE_OOS,TradingSystemLab/results/true_oos_v2/T3/M30/trades.csv,564,T3-M30-GD-000103,v2|true_oos|T3|M30|GD|TradingSystemLab/results/true_oos_v2/T3/M30/trades.csv|564|T3-M30-GD-000103,SHORT,2026-06-24 09:00:00+03:00,2026-06-24 17:00:00+03:00,2026-06-24,2026-06-24,2026,6,2026,6,2,2,9,17,2.19464813336,2.19472618429,7.80509379734e-05,0.928806161883,4.23426338506,ATR_TRAILING_STOP,4085.4,4029.15969611,,0 days 08:00:00,480,8,SOURCE,SOURCE,SOURCE,UNAVAILABLE,DERIVED
v2,quarterly,true_oos,T3,M30,GD,V2_TRUE_OOS,TradingSystemLab/results/true_oos_v2/T3/M30/trades.csv,578,T3-M30-GD-000104,v2|true_oos|T3|M30|GD|TradingSystemLab/results/true_oos_v2/T3/M30/trades.csv|578|T3-M30-GD-000104,SHORT,2026-07-01 09:00:00+03:00,2026-07-01 14:00:00+03:00,2026-07-01,2026-07-01,2026,7,2026,7,2,2,9,14,-0.501925697389,-0.501844235659,8.14617296107e-05,0.50176277393,0.944956063485,ATR_TRAILING_STOP,3988.8,4001.1189816,,0 days 05:00:00,300,5,SOURCE,SOURCE,SOURCE,UNAVAILABLE,DERIVED
v2,quarterly,true_oos,T3,M30,GD,V2_TRUE_OOS,TradingSystemLab/results/true_oos_v2/T3/M30/trades.csv,580,T3-M30-GD-000105,v2|true_oos|T3|M30|GD|TradingSystemLab/results/true_oos_v2/T3/M30/trades.csv|580|T3-M30-GD-000105,LONG,2026-07-02 16:00:00+03:00,2026-07-04 16:00:00+03:00,2026-07-02,2026-07-04,2026,7,2026,7,3,5,16,16,1.80492969198,1.80498851644,5.88244622705e-05,0.420594905234,2.15003409599,ATR_TRAILING_STOP,4130.1,4191.47063634,,2 days 00:00:00,2880,48,SOURCE,SOURCE,SOURCE,UNAVAILABLE,DERIVED
v2,quarterly,true_oos,T3,M30,GD,V2_TRUE_OOS,TradingSystemLab/results/true_oos_v2/T3/M30/trades.csv,588,T3-M30-GD-000106,v2|true_oos|T3|M30|GD|TradingSystemLab/results/true_oos_v2/T3/M30/trades.csv|588|T3-M30-GD-000106,SHORT,2026-07-13 20:00:00+03:00,2026-07-14 07:30:00+03:00,2026-07-13,2026-07-14,2026,7,2026,7,0,1,20,7,-0.998231903715,-0.998153790671,7.81130442418e-05,0.998075677626,0.269490002634,ATR_TRAILING_STOP,4017.5,4043.05464807,,0 days 11:30:00,690,11.5,SOURCE,SOURCE,SOURCE,UNAVAILABLE,DERIVED
v2,quarterly,true_oos,T3,M30,GD,V2_TRUE_OOS,TradingSystemLab/results/true_oos_v2/T3/M30/trades.csv,591,T3-M30-GD-000107,v2|true_oos|T3|M30|GD|TradingSystemLab/results/true_oos_v2/T3/M30/trades.csv|591|T3-M30-GD-000107,SHORT,2026-07-15 08:30:00+03:00,2026-07-15 16:00:00+03:00,2026-07-15,2026-07-15,2026,7,2026,7,2,2,8,16,-0.740279205393,-0.74018440307,9.48023225995e-05,0.740089600747,0.564073819467,ATR_TRAILING_STOP,4052.1,4067.71332213,,0 days 07:30:00,450,7.5,SOURCE,SOURCE,SOURCE,UNAVAILABLE,DERIVED
v2,quarterly,true_oos,T3,M30,GD,V2_TRUE_OOS,TradingSystemLab/results/true_oos_v2/T3/M30/trades.csv,599,T3-M30-GD-000108,v2|true_oos|T3|M30|GD|TradingSystemLab/results/true_oos_v2/T3/M30/trades.csv|599|T3-M30-GD-000108,LONG,2026-07-21 21:30:00+03:00,2026-07-22 16:00:00+03:00,2026-07-21,2026-07-22,2026,7,2026,7,1,2,21,16,1.07151418545,1.07161085636,9.66709098663e-05,0.261011456639,2.47960883807,ATR_TRAILING_STOP,4101.3,4123.47228593,,0 days 18:30:00,1110,18.5,SOURCE,SOURCE,SOURCE,UNAVAILABLE,DERIVED
v2,quarterly,true_oos,T3,M30,GD,V2_TRUE_OOS,TradingSystemLab/results/true_oos_v2/T3/M30/trades.csv,601,T3-M30-GD-000109,v2|true_oos|T3|M30|GD|TradingSystemLab/results/true_oos_v2/T3/M30/trades.csv|601|T3-M30-GD-000109,LONG,2026-07-22 17:00:00+03:00,2026-07-22 22:30:00+03:00,2026-07-22,2026-07-22,2026,7,2026,7,2,2,17,22,-0.818040660408,-0.817961157198,7.95032100274e-05,0.817881653988,0.473044099663,ATR_TRAILING_STOP,4170.7,4150.12519167,,0 days 05:30:00,330,5.5,SOURCE,SOURCE,SOURCE,UNAVAILABLE,DERIVED
v2,quarterly,true_oos,T3,M30,GD,V2_TRUE_OOS,TradingSystemLab/results/true_oos_v2/T3/M30/trades.csv,613,T3-M30-GD-000110,v2|true_oos|T3|M30|GD|TradingSystemLab/results/true_oos_v2/T3/M30/trades.csv|613|T3-M30-GD-000110,SHORT,2026-07-29 15:30:00+03:00,2026-07-29 20:00:00+03:00,2026-07-29,2026-07-29,2026,7,2026,7,2,2,15,20,-0.689563915477,-0.68943057623,0.000133339247382,0.800035484294,1.06004701669,ATR_TRAILING_STOP,4030,4040.33899996,,0 days 04:30:00,270,4.5,SOURCE,SOURCE,SOURCE,UNAVAILABLE,DERIVED
v2,quarterly,true_oos,T3,M30,GD,V2_TRUE_OOS,TradingSystemLab/results/true_oos_v2/T3/M30/trades.csv,626,T3-M30-GD-000111,v2|true_oos|T3|M30|GD|TradingSystemLab/results/true_oos_v2/T3/M30/trades.csv|626|T3-M30-GD-000111,LONG,2026-08-05 15:00:00+03:00,2026-08-06 16:30:00+03:00,2026-08-05,2026-08-06,2026,8,2026,8,2,3,15,16,2.27587755939,2.27595757994,8.00205531809e-05,0.204052410611,3.70095058462,ATR_TRAILING_STOP,4207.5,4264.38632508,,1 days 01:30:00,1530,25.5,SOURCE,SOURCE,SOURCE,UNAVAILABLE,DERIVED
v2,quarterly,true_oos,T3,M30,GD,V2_TRUE_OOS,TradingSystemLab/results/true_oos_v2/T3/M30/trades.csv,629,T3-M30-GD-000112,v2|true_oos|T3|M30|GD|TradingSystemLab/results/true_oos_v2/T3/M30/trades.csv|629|T3-M30-GD-000112,LONG,2026-08-07 09:00:00+03:00,2026-08-08 16:30:00+03:00,2026-08-07,2026-08-08,2026,8,2026,8,4,5,9,16,2.35688142924,2.3569565644,7.51351563825e-05,0.0976757032973,3.15567656807,ATR_TRAILING_STOP,4296.6,4359.34111383,,1 days 07:30:00,1890,31.5,SOURCE,SOURCE,SOURCE,UNAVAILABLE,DERIVED
v2,quarterly,true_oos,T3,M30,GD,V2_TRUE_OOS,TradingSystemLab/results/true_oos_v2/T3/M30/trades.csv,636,T3-M30-GD-000113,v2|true_oos|T3|M30|GD|TradingSystemLab/results/true_oos_v2/T3/M30/trades.csv|636|T3-M30-GD-000113,LONG,2026-08-12 11:00:00+03:00,2026-08-12 16:00:00+03:00,2026-08-12,2026-08-12,2026,8,2026,8,2,2,11,16,-0.411930867036,-0.411844597796,8.62692391091e-05,0.411758328557,1.05248471713,ATR_TRAILING_STOP,4413.6,4404.05411011,,0 days 05:00:00,300,5,SOURCE,SOURCE,SOURCE,UNAVAILABLE,DERIVED
v2,quarterly,true_oos,T3,M30,GD,V2_TRUE_OOS,TradingSystemLab/results/true_oos_v2/T3/M30/trades.csv,637,T3-M30-GD-000114,v2|true_oos|T3|M30|GD|TradingSystemLab/results/true_oos_v2/T3/M30/trades.csv|637|T3-M30-GD-000114,LONG,2026-08-12 16:00:00+03:00,2026-08-12 20:00:00+03:00,2026-08-12,2026-08-12,2026,8,2026,8,2,2,16,20,-1.00012669749,-1.00006334874,6.33487441626e-05,1,0.126697488325,ATR_TRAILING_STOP,4444,4412.42873483,,0 days 04:00:00,240,4,SOURCE,SOURCE,SOURCE,UNAVAILABLE,DERIVED
v2,quarterly,true_oos,T3,M30,GD,V2_TRUE_OOS,TradingSystemLab/results/true_oos_v2/T3/M30/trades.csv,650,T3-M30-GD-000115,v2|true_oos|T3|M30|GD|TradingSystemLab/results/true_oos_v2/T3/M30/trades.csv|650|T3-M30-GD-000115,LONG,2026-08-19 22:30:00+03:00,2026-08-20 13:00:00+03:00,2026-08-19,2026-08-20,2026,8,2026,8,2,3,22,13,-0.647733334407,-0.647676784409,5.65499985427e-05,0.86804247763,0.412814989362,ATR_TRAILING_STOP,4521.7,4498.79565867,,0 days 14:30:00,870,14.5,SOURCE,SOURCE,SOURCE,UNAVAILABLE,DERIVED
v2,quarterly,true_oos,T3,M30,GD,V2_TRUE_OOS,TradingSystemLab/results/true_oos_v2/T3/M30/trades.csv,656,T3-M30-GD-000116,v2|true_oos|T3|M30|GD|TradingSystemLab/results/true_oos_v2/T3/M30/trades.csv|656|T3-M30-GD-000116,LONG,2026-08-20 18:00:00+03:00,2026-08-21 16:00:00+03:00,2026-08-20,2026-08-21,2026,8,2026,8,3,4,18,16,1.64900092657,1.6490669823,6.60557324531e-05,0.475601273662,2.9295717343,ATR_TRAILING_STOP,4529.8,4579.73156466,,0 days 22:00:00,1320,22,SOURCE,SOURCE,SOURCE,UNAVAILABLE,DERIVED
v2,quarterly,true_oos,T3,M30,GD,V2_TRUE_OOS,TradingSystemLab/results/true_oos_v2/T3/M30/trades.csv,658,T3-M30-GD-000117,v2|true_oos|T3|M30|GD|TradingSystemLab/results/true_oos_v2/T3/M30/trades.csv|658|T3-M30-GD-000117,LONG,2026-08-21 19:00:00+03:00,2026-08-22 16:00:00+03:00,2026-08-21,2026-08-22,2026,8,2026,8,4,5,19,16,-0.0760172270495,-0.0759531983743,6.40286751881e-05,0.342553412256,0.595466679249,ATR_TRAILING_STOP,4627.9,4625.52952554,,0 days 21:00:00,1260,21,SOURCE,SOURCE,SOURCE,UNAVAILABLE,DERIVED
v2,quarterly,true_oos,T3,M30,GD,V2_TRUE_OOS,TradingSystemLab/results/true_oos_v2/T3/M30/trades.csv,662,T3-M30-GD-000118,v2|true_oos|T3|M30|GD|TradingSystemLab/results/true_oos_v2/T3/M30/trades.csv|662|T3-M30-GD-000118,LONG,2026-08-25 22:30:00+03:00,2026-08-26 09:00:00+03:00,2026-08-25,2026-08-26,2026,8,2026,8,1,2,22,9,-0.953046248963,-0.952969475162,7.67738003622e-05,0.952892701362,0.26486961125,ATR_TRAILING_STOP,4668.9,4644.07661763,,0 days 10:30:00,630,10.5,SOURCE,SOURCE,SOURCE,UNAVAILABLE,DERIVED
v2,quarterly,true_oos,T3,M30,GD,V2_TRUE_OOS,TradingSystemLab/results/true_oos_v2/T3/M30/trades.csv,674,T3-M30-GD-000119,v2|true_oos|T3|M30|GD|TradingSystemLab/results/true_oos_v2/T3/M30/trades.csv|674|T3-M30-GD-000119,SHORT,2026-09-01 12:00:00+03:00,2026-09-01 17:30:00+03:00,2026-09-01,2026-09-01,2026,9,2026,9,1,1,12,17,0.105820362819,0.105899257885,7.88950660891e-05,0.587768242364,1.77908374031,ATR_TRAILING_STOP,4380.5,4377.81344029,,0 days 05:30:00,330,5.5,SOURCE,SOURCE,SOURCE,UNAVAILABLE,DERIVED
v2,quarterly,true_oos,T3,M30,GD,V2_TRUE_OOS,TradingSystemLab/results/true_oos_v2/T3/M30/trades.csv,678,T3-M30-GD-000120,v2|true_oos|T3|M30|GD|TradingSystemLab/results/true_oos_v2/T3/M30/trades.csv|678|T3-M30-GD-000120,SHORT,2026-09-01 23:00:00+03:00,2026-09-02 15:00:00+03:00,2026-09-01,2026-09-02,2026,9,2026,9,1,2,23,15,-0.232579852043,-0.232505809077,7.40429663245e-05,0.259150382136,1.09953804992,ATR_TRAILING_STOP,4334.7,4340.97829428,,0 days 16:00:00,960,16,SOURCE,SOURCE,SOURCE,UNAVAILABLE,DERIVED
v2,quarterly,true_oos,T3,M30,GD,V2_TRUE_OOS,TradingSystemLab/results/true_oos_v2/T3/M30/trades.csv,682,T3-M30-GD-000121,v2|true_oos|T3|M30|GD|TradingSystemLab/results/true_oos_v2/T3/M30/trades.csv|682|T3-M30-GD-000121,SHORT,2026-09-04 16:00:00+03:00,2026-09-04 17:00:00+03:00,2026-09-04,2026-09-04,2026,9,2026,9,4,4,16,17,-0.818127196649,-0.818063525747,6.36709021533e-05,0.817999854845,0.900943265469,ATR_TRAILING_STOP,4405.3,4430.99462116,,0 days 01:00:00,60,1,SOURCE,SOURCE,SOURCE,UNAVAILABLE,DERIVED
v2,quarterly,true_oos,T3,M30,GD,V2_TRUE_OOS,TradingSystemLab/results/true_oos_v2/T3/M30/trades.csv,685,T3-M30-GD-000122,v2|true_oos|T3|M30|GD|TradingSystemLab/results/true_oos_v2/T3/M30/trades.csv|685|T3-M30-GD-000122,SHORT,2026-09-08 22:00:00+03:00,2026-09-09 08:30:00+03:00,2026-09-08,2026-09-09,2026,9,2026,9,1,2,22,8,-0.341156162154,-0.341075252361,8.09097928207e-05,0.340994342569,1.08014573416,ATR_TRAILING_STOP,4386,4394.42900051,,0 days 10:30:00,630,10.5,SOURCE,SOURCE,SOURCE,UNAVAILABLE,DERIVED
v2,quarterly,true_oos,T3,M30,GD,V2_TRUE_OOS,TradingSystemLab/results/true_oos_v2/T3/M30/trades.csv,692,T3-M30-GD-000123,v2|true_oos|T3|M30|GD|TradingSystemLab/results/true_oos_v2/T3/M30/trades.csv|692|T3-M30-GD-000123,SHORT,2026-09-11 07:00:00+03:00,2026-09-11 08:00:00+03:00,2026-09-11,2026-09-11,2026,9,2026,9,4,4,7,8,-1.00015023332,-1.00007511666,7.51166589339e-05,1,0.127698320188,ATR_TRAILING_STOP,4315.2,4341.82525235,,0 days 01:00:00,60,1,SOURCE,SOURCE,SOURCE,UNAVAILABLE,DERIVED
v2,quarterly,true_oos,T3,M30,GD,V2_TRUE_OOS,TradingSystemLab/results/true_oos_v2/T3/M30/trades.csv,697,T3-M30-GD-000124,v2|true_oos|T3|M30|GD|TradingSystemLab/results/true_oos_v2/T3/M30/trades.csv|697|T3-M30-GD-000124,SHORT,2026-09-14 10:30:00+03:00,2026-09-14 19:00:00+03:00,2026-09-14,2026-09-14,2026,9,2026,9,0,0,10,19,0.863371566132,0.863453988448,8.24223163262e-05,0.160723516836,2.59218184846,ATR_TRAILING_STOP,4323.2,4302.24605332,,0 days 08:30:00,510,8.5,SOURCE,SOURCE,SOURCE,UNAVAILABLE,DERIVED
v2,quarterly,true_oos,T3,M30,MIX,V2_TRUE_OOS,TradingSystemLab/results/true_oos_v2/T3/M30/trades.csv,3,T3-M30-MIX-000001,v2|true_oos|T3|M30|MIX|TradingSystemLab/results/true_oos_v2/T3/M30/trades.csv|3|T3-M30-MIX-000001,LONG,2025-01-21 18:30:00+03:00,2025-01-22 19:30:00+03:00,2025-01-21,2025-01-22,2025,1,2025,1,1,2,18,19,0.333799708475,0.33380035355,6.45075366333e-07,0.613529388791,1.52895419111,ATR_TRAILING_STOP,367546.237503,368581.158432,,1 days 01:00:00,1500,25,SOURCE,SOURCE,SOURCE,UNAVAILABLE,DERIVED
v2,quarterly,true_oos,T3,M30,MIX,V2_TRUE_OOS,TradingSystemLab/results/true_oos_v2/T3/M30/trades.csv,22,T3-M30-MIX-000002,v2|true_oos|T3|M30|MIX|TradingSystemLab/results/true_oos_v2/T3/M30/trades.csv|22|T3-M30-MIX-000002,LONG,2025-02-06 10:30:00+03:00,2025-02-07 10:30:00+03:00,2025-02-06,2025-02-07,2025,2,2025,2,3,4,10,10,0.458371599999,0.458372635221,1.03522180051e-06,0.922082509972,1.60973726317,ATR_TRAILING_STOP,367002.753376,367888.309825,,1 days 00:00:00,1440,24,SOURCE,SOURCE,SOURCE,UNAVAILABLE,DERIVED
v2,quarterly,true_oos,T3,M30,MIX,V2_TRUE_OOS,TradingSystemLab/results/true_oos_v2/T3/M30/trades.csv,29,T3-M30-MIX-000003,v2|true_oos|T3|M30|MIX|TradingSystemLab/results/true_oos_v2/T3/M30/trades.csv|29|T3-M30-MIX-000003,LONG,2025-02-12 12:30:00+03:00,2025-02-12 15:30:00+03:00,2025-02-12,2025-02-12,2025,2,2025,2,2,2,12,15,-1.00000223794,-1.00000111897,1.11896793307e-06,1,0.185820955827,ATR_TRAILING_STOP,376664.693408,374877.332089,,0 days 03:00:00,180,3,SOURCE,SOURCE,SOURCE,UNAVAILABLE,DERIVED
v2,quarterly,true_oos,T3,M30,MIX,V2_TRUE_OOS,TradingSystemLab/results/true_oos_v2/T3/M30/trades.csv,32,T3-M30-MIX-000004,v2|true_oos|T3|M30|MIX|TradingSystemLab/results/true_oos_v2/T3/M30/trades.csv|32|T3-M30-MIX-000004,LONG,2025-02-12 20:00:00+03:00,2025-02-13 11:00:00+03:00,2025-02-12,2025-02-13,2025,2,2025,2,2,3,20,11,4.07606899031,4.07606963316,6.42847573694e-07,0,7.5019102937,ATR_TRAILING_STOP,378234.758663,390916.054954,,0 days 15:00:00,900,15,SOURCE,SOURCE,SOURCE,UNAVAILABLE,DERIVED
v2,quarterly,true_oos,T3,M30,MIX,V2_TRUE_OOS,TradingSystemLab/results/true_oos_v2/T3/M30/trades.csv,37,T3-M30-MIX-000005,v2|true_oos|T3|M30|MIX|TradingSystemLab/results/true_oos_v2/T3/M30/trades.csv|37|T3-M30-MIX-000005,LONG,2025-02-13 23:30:00+03:00,2025-02-14 14:00:00+03:00,2025-02-13,2025-02-14,2025,2,2025,2,3,4,23,14,-0.400718082793,-0.400717605507,4.77286213491e-07,0.400717128221,1.13126123638,ATR_TRAILING_STOP,400849.737048,399170.588911,,0 days 14:30:00,870,14.5,SOURCE,SOURCE,SOURCE,UNAVAILABLE,DERIVED
v2,quarterly,true_oos,T3,M30,MIX,V2_TRUE_OOS,TradingSystemLab/results/true_oos_v2/T3/M30/trades.csv,43,T3-M30-MIX-000006,v2|true_oos|T3|M30|MIX|TradingSystemLab/results/true_oos_v2/T3/M30/trades.csv|43|T3-M30-MIX-000006,LONG,2025-02-17 10:00:00+03:00,2025-02-18 10:00:00+03:00,2025-02-17,2025-02-18,2025,2,2025,2,0,1,10,10,1.44655646757,1.44655688792,4.20356366135e-07,0.431529912646,2.51937316648,ATR_TRAILING_STOP,401695.156801,408577.685174,,1 days 00:00:00,1440,24,SOURCE,SOURCE,SOURCE,UNAVAILABLE,DERIVED
v2,quarterly,true_oos,T3,M30,MIX,V2_TRUE_OOS,TradingSystemLab/results/true_oos_v2/T3/M30/trades.csv,52,T3-M30-MIX-000007,v2|true_oos|T3|M30|MIX|TradingSystemLab/results/true_oos_v2/T3/M30/trades.csv|52|T3-M30-MIX-000007,SHORT,2025-02-27 11:30:00+03:00,2025-02-27 16:00:00+03:00,2025-02-27,2025-02-27,2025,2,2025,2,3,3,11,16,-0.549583702836,-0.549583277775,4.25061137002e-07,0.549582852714,0.904804758381,ATR_TRAILING_STOP,395958.379908,398544.280169,,0 days 04:30:00,270,4.5,SOURCE,SOURCE,SOURCE,UNAVAILABLE,DERIVED
v2,quarterly,true_oos,T3,M30,MIX,V2_TRUE_OOS,TradingSystemLab/results/true_oos_v2/T3/M30/trades.csv,53,T3-M30-MIX-000008,v2|true_oos|T3|M30|MIX|TradingSystemLab/results/true_oos_v2/T3/M30/trades.csv|53|T3-M30-MIX-000008,SHORT,2025-02-28 11:00:00+03:00,2025-02-28 18:30:00+03:00,2025-02-28,2025-02-28,2025,2,2025,2,4,4,11,18,-1.00000085741,-1.0000004287,4.28702727092e-07,1,0.34948969091,ATR_TRAILING_STOP,387957.085819,392622.323229,,0 days 07:30:00,450,7.5,SOURCE,SOURCE,SOURCE,UNAVAILABLE,DERIVED
v2,quarterly,true_oos,T3,M30,MIX,V2_TRUE_OOS,TradingSystemLab/results/true_oos_v2/T3/M30/trades.csv,55,T3-M30-MIX-000009,v2|true_oos|T3|M30|MIX|TradingSystemLab/results/true_oos_v2/T3/M30/trades.csv|55|T3-M30-MIX-000009,SHORT,2025-03-03 11:00:00+03:00,2025-03-03 22:30:00+03:00,2025-03-03,2025-03-03,2025,3,2025,3,0,0,11,22,-0.575609884192,-0.575609547356,3.36835985794e-07,0.57560921052,0.564450452436,ATR_TRAILING_STOP,385662.375062,389080.11684,,0 days 11:30:00,690,11.5,SOURCE,SOURCE,SOURCE,UNAVAILABLE,DERIVED
v2,quarterly,true_oos,T3,M30,MIX,V2_TRUE_OOS,TradingSystemLab/results/true_oos_v2/T3/M30/trades.csv,68,T3-M30-MIX-000010,v2|true_oos|T3|M30|MIX|TradingSystemLab/results/true_oos_v2/T3/M30/trades.csv|68|T3-M30-MIX-000010,SHORT,2025-03-13 15:00:00+03:00,2025-03-13 19:00:00+03:00,2025-03-13,2025-03-13,2025,3,2025,3,3,3,15,19,-0.979803960849,-0.979803384713,5.7613600412e-07,0.979802808577,0.582752549925,ATR_TRAILING_STOP,378295.145788,381696.435767,,0 days 04:00:00,240,4,SOURCE,SOURCE,SOURCE,UNAVAILABLE,DERIVED
v2,quarterly,true_oos,T3,M30,MIX,V2_TRUE_OOS,TradingSystemLab/results/true_oos_v2/T3/M30/trades.csv,74,T3-M30-MIX-000011,v2|true_oos|T3|M30|MIX|TradingSystemLab/results/true_oos_v2/T3/M30/trades.csv|74|T3-M30-MIX-000011,SHORT,2025-03-26 14:30:00+03:00,2025-03-28 11:00:00+03:00,2025-03-26,2025-03-28,2025,3,2025,3,2,4,14,11,5.13675843732,5.1367593051,8.67771888859e-07,0.345798430838,6.79246917717,ATR_TRAILING_STOP,375434.518919,363595.554696,,1 days 20:30:00,2670,44.5,SOURCE,SOURCE,SOURCE,UNAVAILABLE,DERIVED
v2,quarterly,true_oos,T3,M30,MIX,V2_TRUE_OOS,TradingSystemLab/results/true_oos_v2/T3/M30/trades.csv,76,T3-M30-MIX-000012,v2|true_oos|T3|M30|MIX|TradingSystemLab/results/true_oos_v2/T3/M30/trades.csv|76|T3-M30-MIX-000012,SHORT,2025-03-28 13:00:00+03:00,2025-03-31 10:30:00+03:00,2025-03-28,2025-03-31,2025,3,2025,3,4,0,13,10,0.575926044909,0.575926693188,6.48279200228e-07,0.322915983253,2.00207909617,ATR_TRAILING_STOP,359580.309136,357803.521168,,2 days 21:30:00,4170,69.5,SOURCE,SOURCE,SOURCE,UNAVAILABLE,DERIVED
v2,quarterly,true_oos,T3,M30,MIX,V2_TRUE_OOS,TradingSystemLab/results/true_oos_v2/T3/M30/trades.csv,77,T3-M30-MIX-000013,v2|true_oos|T3|M30|MIX|TradingSystemLab/results/true_oos_v2/T3/M30/trades.csv|77|T3-M30-MIX-000013,SHORT,2025-03-31 11:00:00+03:00,2025-03-31 13:30:00+03:00,2025-03-31,2025-03-31,2025,3,2025,3,0,0,11,13,-1.00000111363,-1.00000055681,5.56814951848e-07,1,0.396223566289,ATR_TRAILING_STOP,352464.416056,356056.273626,,0 days 02:30:00,150,2.5,SOURCE,SOURCE,SOURCE,UNAVAILABLE,DERIVED
v2,quarterly,true_oos,T3,M30,MIX,V2_TRUE_OOS,TradingSystemLab/results/true_oos_v2/T3/M30/trades.csv,80,T3-M30-MIX-000014,v2|true_oos|T3|M30|MIX|TradingSystemLab/results/true_oos_v2/T3/M30/trades.csv|80|T3-M30-MIX-000014,SHORT,2025-04-01 15:00:00+03:00,2025-04-01 18:00:00+03:00,2025-04-01,2025-04-01,2025,4,2025,4,1,1,15,18,-0.351981857003,-0.351981176572,6.80430485686e-07,0.351980496142,1.3654075049,ATR_TRAILING_STOP,352464.416056,353498.997849,,0 days 03:00:00,180,3,SOURCE,SOURCE,SOURCE,UNAVAILABLE,DERIVED
v2,quarterly,true_oos,T3,M30,MIX,V2_TRUE_OOS,TradingSystemLab/results/true_oos_v2/T3/M30/trades.csv,82,T3-M30-MIX-000015,v2|true_oos|T3|M30|MIX|TradingSystemLab/results/true_oos_v2/T3/M30/trades.csv|82|T3-M30-MIX-000015,SHORT,2025-04-01 20:00:00+03:00,2025-04-02 16:30:00+03:00,2025-04-01,2025-04-02,2025,4,2025,4,1,2,20,16,-0.043976120307,-0.0439756268334,4.9347358106e-07,0.287943429745,1.27116489717,ATR_TRAILING_STOP,347938.708057,348116.934957,,0 days 20:30:00,1230,20.5,SOURCE,SOURCE,SOURCE,UNAVAILABLE,DERIVED
v2,quarterly,true_oos,T3,M30,MIX,V2_TRUE_OOS,TradingSystemLab/results/true_oos_v2/T3/M30/trades.csv,85,T3-M30-MIX-000016,v2|true_oos|T3|M30|MIX|TradingSystemLab/results/true_oos_v2/T3/M30/trades.csv|85|T3-M30-MIX-000016,SHORT,2025-04-03 16:30:00+03:00,2025-04-04 00:00:00+03:00,2025-04-03,2025-04-04,2025,4,2025,4,3,4,16,0,0.55082589542,0.550826381975,4.86554568155e-07,0.200811676515,1.91117319718,ATR_TRAILING_STOP,342075.212158,339811.018563,,0 days 07:30:00,450,7.5,SOURCE,SOURCE,SOURCE,UNAVAILABLE,DERIVED
v2,quarterly,true_oos,T3,M30,MIX,V2_TRUE_OOS,TradingSystemLab/results/true_oos_v2/T3/M30/trades.csv,88,T3-M30-MIX-000017,v2|true_oos|T3|M30|MIX|TradingSystemLab/results/true_oos_v2/T3/M30/trades.csv|88|T3-M30-MIX-000017,SHORT,2025-04-04 13:00:00+03:00,2025-04-07 10:30:00+03:00,2025-04-04,2025-04-07,2025,4,2025,4,4,0,13,10,4.51332534074,4.5133258481,5.07360820536e-07,0.22384017183,6.65743994925,ATR_TRAILING_STOP,334133.875481,316342.488473,,2 days 21:30:00,4170,69.5,SOURCE,SOURCE,SOURCE,UNAVAILABLE,DERIVED
v2,quarterly,true_oos,T3,M30,MIX,V2_TRUE_OOS,TradingSystemLab/results/true_oos_v2/T3/M30/trades.csv,95,T3-M30-MIX-000018,v2|true_oos|T3|M30|MIX|TradingSystemLab/results/true_oos_v2/T3/M30/trades.csv|95|T3-M30-MIX-000018,SHORT,2025-04-08 20:00:00+03:00,2025-04-09 17:00:00+03:00,2025-04-08,2025-04-09,2025,4,2025,4,1,2,20,17,0.557161396323,0.557161790508,3.941851675e-07,0.807834097666,2.01958524417,ATR_TRAILING_STOP,313924.739133,311097.833249,,0 days 21:00:00,1260,21,SOURCE,SOURCE,SOURCE,UNAVAILABLE,DERIVED
v2,quarterly,true_oos,T3,M30,MIX,V2_TRUE_OOS,TradingSystemLab/results/true_oos_v2/T3/M30/trades.csv,96,T3-M30-MIX-000019,v2|true_oos|T3|M30|MIX|TradingSystemLab/results/true_oos_v2/T3/M30/trades.csv|96|T3-M30-MIX-000019,SHORT,2025-04-10 19:30:00+03:00,2025-04-10 22:00:00+03:00,2025-04-10,2025-04-10,2025,4,2025,4,3,3,19,22,-1.00000070511,-1.00000035255,3.52554692919e-07,1,0.0551923129953,ATR_TRAILING_STOP,318279.665698,323952.544375,,0 days 02:30:00,150,2.5,SOURCE,SOURCE,SOURCE,UNAVAILABLE,DERIVED
v2,quarterly,true_oos,T3,M30,MIX,V2_TRUE_OOS,TradingSystemLab/results/true_oos_v2/T3/M30/trades.csv,107,T3-M30-MIX-000020,v2|true_oos|T3|M30|MIX|TradingSystemLab/results/true_oos_v2/T3/M30/trades.csv|107|T3-M30-MIX-000020,LONG,2025-04-23 20:00:00+03:00,2025-04-24 17:30:00+03:00,2025-04-23,2025-04-24,2025,4,2025,4,2,3,20,17,-0.424377530336,-0.424377037885,4.9245100365e-07,0.525634303392,0.602727334556,ATR_TRAILING_STOP,341534.404284,339810.87629,,0 days 21:30:00,1290,21.5,SOURCE,SOURCE,SOURCE,UNAVAILABLE,DERIVED
v2,quarterly,true_oos,T3,M30,MIX,V2_TRUE_OOS,TradingSystemLab/results/true_oos_v2/T3/M30/trades.csv,109,T3-M30-MIX-000021,v2|true_oos|T3|M30|MIX|TradingSystemLab/results/true_oos_v2/T3/M30/trades.csv|109|T3-M30-MIX-000021,LONG,2025-04-28 14:30:00+03:00,2025-04-28 20:30:00+03:00,2025-04-28,2025-04-28,2025,4,2025,4,0,0,14,20,-0.842904151167,-0.842903663467,4.87700480332e-07,0.842903175766,0.395628389954,ATR_TRAILING_STOP,352435.952483,348979.309688,,0 days 06:00:00,360,6,SOURCE,SOURCE,SOURCE,UNAVAILABLE,DERIVED
v2,quarterly,true_oos,T3,M30,MIX,V2_TRUE_OOS,TradingSystemLab/results/true_oos_v2/T3/M30/trades.csv,110,T3-M30-MIX-000022,v2|true_oos|T3|M30|MIX|TradingSystemLab/results/true_oos_v2/T3/M30/trades.csv|110|T3-M30-MIX-000022,SHORT,2025-04-30 12:00:00+03:00,2025-04-30 14:30:00+03:00,2025-04-30,2025-04-30,2025,4,2025,4,2,2,12,14,-1.00000127613,-1.00000063806,6.38063581779e-07,1,0.435877653734,ATR_TRAILING_STOP,334674.683355,337809.167217,,0 days 02:30:00,150,2.5,SOURCE,SOURCE,SOURCE,UNAVAILABLE,DERIVED
v2,quarterly,true_oos,T3,M30,MIX,V2_TRUE_OOS,TradingSystemLab/results/true_oos_v2/T3/M30/trades.csv,115,T3-M30-MIX-000023,v2|true_oos|T3|M30|MIX|TradingSystemLab/results/true_oos_v2/T3/M30/trades.csv|115|T3-M30-MIX-000023,SHORT,2025-05-02 09:30:00+03:00,2025-05-06 10:30:00+03:00,2025-05-02,2025-05-06,2025,5,2025,5,4,1,9,10,3.45325738231,3.45325788651,5.04192975537e-07,0.0645800995041,4.47037799901,ATR_TRAILING_STOP,331344.445393,317646.283942,,4 days 01:00:00,5820,97,SOURCE,SOURCE,SOURCE,UNAVAILABLE,DERIVED
v2,quarterly,true_oos,T3,M30,MIX,V2_TRUE_OOS,TradingSystemLab/results/true_oos_v2/T3/M30/trades.csv,131,T3-M30-MIX-000024,v2|true_oos|T3|M30|MIX|TradingSystemLab/results/true_oos_v2/T3/M30/trades.csv|131|T3-M30-MIX-000024,SHORT,2025-05-23 16:00:00+03:00,2025-05-27 10:00:00+03:00,2025-05-23,2025-05-27,2025,5,2025,5,4,1,16,10,2.17759140517,2.17759218366,7.78491596934e-07,0.97498068232,3.30163912877,ATR_TRAILING_STOP,314437.083434,308842.693024,,3 days 18:00:00,5400,90,SOURCE,SOURCE,SOURCE,UNAVAILABLE,DERIVED
v2,quarterly,true_oos,T3,M30,MIX,V2_TRUE_OOS,TradingSystemLab/results/true_oos_v2/T3/M30/trades.csv,134,T3-M30-MIX-000025,v2|true_oos|T3|M30|MIX|TradingSystemLab/results/true_oos_v2/T3/M30/trades.csv|134|T3-M30-MIX-000025,LONG,2025-05-29 14:00:00+03:00,2025-05-29 16:30:00+03:00,2025-05-29,2025-05-29,2025,5,2025,5,3,3,14,16,-1.00000181619,-1.00000090809,9.08093120779e-07,1,0.336018464832,ATR_TRAILING_STOP,322207.638678,320005.221377,,0 days 02:30:00,150,2.5,SOURCE,SOURCE,SOURCE,UNAVAILABLE,DERIVED
v2,quarterly,true_oos,T3,M30,MIX,V2_TRUE_OOS,TradingSystemLab/results/true_oos_v2/T3/M30/trades.csv,137,T3-M30-MIX-000026,v2|true_oos|T3|M30|MIX|TradingSystemLab/results/true_oos_v2/T3/M30/trades.csv|137|T3-M30-MIX-000026,SHORT,2025-06-02 14:30:00+03:00,2025-06-02 15:30:00+03:00,2025-06-02,2025-06-02,2025,6,2025,6,0,0,14,15,-1.00000178949,-1.00000089474,8.94743568632e-07,1,0.165539388787,ATR_TRAILING_STOP,315347.917749,317583.195062,,0 days 01:00:00,60,1,SOURCE,SOURCE,SOURCE,UNAVAILABLE,DERIVED
v2,quarterly,true_oos,T3,M30,MIX,V2_TRUE_OOS,TradingSystemLab/results/true_oos_v2/T3/M30/trades.csv,154,T3-M30-MIX-000027,v2|true_oos|T3|M30|MIX|TradingSystemLab/results/true_oos_v2/T3/M30/trades.csv|154|T3-M30-MIX-000027,SHORT,2025-06-24 09:30:00+03:00,2025-06-24 17:30:00+03:00,2025-06-24,2025-06-24,2025,6,2025,6,1,1,9,17,-0.428412866962,-0.42841181345,1.05351235933e-06,0.428410759937,1.09570686539,ATR_TRAILING_STOP,308409.869396,309223.169319,,0 days 08:00:00,480,8,SOURCE,SOURCE,SOURCE,UNAVAILABLE,DERIVED
v2,quarterly,true_oos,T3,M30,MIX,V2_TRUE_OOS,TradingSystemLab/results/true_oos_v2/T3/M30/trades.csv,162,T3-M30-MIX-000028,v2|true_oos|T3|M30|MIX|TradingSystemLab/results/true_oos_v2/T3/M30/trades.csv|162|T3-M30-MIX-000028,LONG,2025-06-27 20:00:00+03:00,2025-06-30 11:30:00+03:00,2025-06-27,2025-06-30,2025,6,2025,6,4,0,20,11,-0.753843534318,-0.753842485627,1.04869058507e-06,0.753841436936,0.39264911026,ATR_TRAILING_STOP,317756.46346,316318.782131,,2 days 15:30:00,3810,63.5,SOURCE,SOURCE,SOURCE,UNAVAILABLE,DERIVED
v2,quarterly,true_oos,T3,M30,MIX,V2_TRUE_OOS,TradingSystemLab/results/true_oos_v2/T3/M30/trades.csv,163,T3-M30-MIX-000029,v2|true_oos|T3|M30|MIX|TradingSystemLab/results/true_oos_v2/T3/M30/trades.csv|163|T3-M30-MIX-000029,LONG,2025-06-30 14:30:00+03:00,2025-07-01 12:30:00+03:00,2025-06-30,2025-07-01,2025,6,2025,7,0,1,14,12,0.261295638051,0.26129671448,1.07642864271e-06,0.268689833993,1.29866753097,ATR_TRAILING_STOP,319198.667885,319684.158108,,0 days 22:00:00,1320,22,SOURCE,SOURCE,SOURCE,UNAVAILABLE,DERIVED
v2,quarterly,true_oos,T3,M30,MIX,V2_TRUE_OOS,TradingSystemLab/results/true_oos_v2/T3/M30/trades.csv,166,T3-M30-MIX-000030,v2|true_oos|T3|M30|MIX|TradingSystemLab/results/true_oos_v2/T3/M30/trades.csv|166|T3-M30-MIX-000030,LONG,2025-07-03 12:00:00+03:00,2025-07-03 18:30:00+03:00,2025-07-03,2025-07-03,2025,7,2025,7,3,3,12,18,-1.00000192806,-1.00000096403,9.64028714282e-07,1,0.347581619448,ATR_TRAILING_STOP,319559.218991,317484.591991,,0 days 06:30:00,390,6.5,SOURCE,SOURCE,SOURCE,UNAVAILABLE,DERIVED
v2,quarterly,true_oos,T3,M30,MIX,V2_TRUE_OOS,TradingSystemLab/results/true_oos_v2/T3/M30/trades.csv,173,T3-M30-MIX-000031,v2|true_oos|T3|M30|MIX|TradingSystemLab/results/true_oos_v2/T3/M30/trades.csv|173|T3-M30-MIX-000031,SHORT,2025-07-07 17:00:00+03:00,2025-07-09 22:30:00+03:00,2025-07-07,2025-07-09,2025,7,2025,7,0,2,17,22,3.15941486392,3.15941589397,1.03005181326e-06,0.385670410089,4.75660172443,ATR_TRAILING_STOP,310351.29843,304216.816876,,2 days 05:30:00,3210,53.5,SOURCE,SOURCE,SOURCE,UNAVAILABLE,DERIVED
v2,quarterly,true_oos,T3,M30,MIX,V2_TRUE_OOS,TradingSystemLab/results/true_oos_v2/T3/M30/trades.csv,174,T3-M30-MIX-000032,v2|true_oos|T3|M30|MIX|TradingSystemLab/results/true_oos_v2/T3/M30/trades.csv|174|T3-M30-MIX-000032,SHORT,2025-07-11 12:00:00+03:00,2025-07-14 10:00:00+03:00,2025-07-11,2025-07-14,2025,7,2025,7,4,0,12,10,4.87508465422,4.87508575076,1.09653537899e-06,0.182472481847,7.29889927389,ATR_TRAILING_STOP,302668.786396,293776.98602,,2 days 22:00:00,4200,70,SOURCE,SOURCE,SOURCE,UNAVAILABLE,DERIVED
v2,quarterly,true_oos,T3,M30,MIX,V2_TRUE_OOS,TradingSystemLab/results/true_oos_v2/T3/M30/trades.csv,187,T3-M30-MIX-000033,v2|true_oos|T3|M30|MIX|TradingSystemLab/results/true_oos_v2/T3/M30/trades.csv|187|T3-M30-MIX-000033,SHORT,2025-07-28 15:30:00+03:00,2025-07-29 14:30:00+03:00,2025-07-28,2025-07-29,2025,7,2025,7,0,1,15,14,-0.482240394061,-0.482239639325,7.54735489649e-07,0.638437063906,0.523309068776,ATR_TRAILING_STOP,312292.727464,313570.629169,,0 days 23:00:00,1380,23,SOURCE,SOURCE,SOURCE,UNAVAILABLE,DERIVED
v2,quarterly,true_oos,T3,M30,MIX,V2_TRUE_OOS,TradingSystemLab/results/true_oos_v2/T3/M30/trades.csv,199,T3-M30-MIX-000034,v2|true_oos|T3|M30|MIX|TradingSystemLab/results/true_oos_v2/T3/M30/trades.csv|199|T3-M30-MIX-000034,LONG,2025-08-06 22:00:00+03:00,2025-08-07 10:30:00+03:00,2025-08-06,2025-08-07,2025,8,2025,8,2,3,22,10,-0.829943110684,-0.829942596612,5.14072269674e-07,0.905360167127,0.791299043709,ATR_TRAILING_STOP,325244.832591,322015.939957,,0 days 12:30:00,750,12.5,SOURCE,SOURCE,SOURCE,UNAVAILABLE,DERIVED
v2,quarterly,true_oos,T3,M30,MIX,V2_TRUE_OOS,TradingSystemLab/results/true_oos_v2/T3/M30/trades.csv,200,T3-M30-MIX-000035,v2|true_oos|T3|M30|MIX|TradingSystemLab/results/true_oos_v2/T3/M30/trades.csv|200|T3-M30-MIX-000035,LONG,2025-08-07 12:00:00+03:00,2025-08-07 19:30:00+03:00,2025-08-07,2025-08-07,2025,8,2025,8,3,3,12,19,-0.820029244934,-0.820028853917,3.91016559988e-07,0.820028462901,0.281962906577,ATR_TRAILING_STOP,330070.670475,325876.329126,,0 days 07:30:00,450,7.5,SOURCE,SOURCE,SOURCE,UNAVAILABLE,DERIVED
v2,quarterly,true_oos,T3,M30,MIX,V2_TRUE_OOS,TradingSystemLab/results/true_oos_v2/T3/M30/trades.csv,207,T3-M30-MIX-000036,v2|true_oos|T3|M30|MIX|TradingSystemLab/results/true_oos_v2/T3/M30/trades.csv|207|T3-M30-MIX-000036,LONG,2025-08-08 15:30:00+03:00,2025-08-11 19:00:00+03:00,2025-08-08,2025-08-11,2025,8,2025,8,4,0,15,19,2.52094247275,2.52094319705,7.24294753698e-07,0.662907235876,3.68616599343,ATR_TRAILING_STOP,330015.201074,336976.300567,,3 days 03:30:00,4530,75.5,SOURCE,SOURCE,SOURCE,UNAVAILABLE,DERIVED
v2,quarterly,true_oos,T3,M30,MIX,V2_TRUE_OOS,TradingSystemLab/results/true_oos_v2/T3/M30/trades.csv,209,T3-M30-MIX-000037,v2|true_oos|T3|M30|MIX|TradingSystemLab/results/true_oos_v2/T3/M30/trades.csv|209|T3-M30-MIX-000037,SHORT,2025-08-20 20:00:00+03:00,2025-08-21 14:30:00+03:00,2025-08-20,2025-08-21,2025,8,2025,8,2,3,20,14,-0.0144124808721,-0.0144114317459,1.04912622759e-06,0.552846832174,1.39666568128,ATR_TRAILING_STOP,330542.160384,330569.631592,,0 days 18:30:00,1110,18.5,SOURCE,SOURCE,SOURCE,UNAVAILABLE,DERIVED
v2,quarterly,true_oos,T3,M30,MIX,V2_TRUE_OOS,TradingSystemLab/results/true_oos_v2/T3/M30/trades.csv,212,T3-M30-MIX-000038,v2|true_oos|T3|M30|MIX|TradingSystemLab/results/true_oos_v2/T3/M30/trades.csv|212|T3-M30-MIX-000038,SHORT,2025-08-21 18:30:00+03:00,2025-08-22 13:30:00+03:00,2025-08-21,2025-08-22,2025,8,2025,8,3,4,18,13,-0.156285080025,-0.15628421991,8.60115787594e-07,0.156283359794,0.966129676939,ATR_TRAILING_STOP,325799.526601,326162.927347,,0 days 19:00:00,1140,19,SOURCE,SOURCE,SOURCE,UNAVAILABLE,DERIVED
v2,quarterly,true_oos,T3,M30,MIX,V2_TRUE_OOS,TradingSystemLab/results/true_oos_v2/T3/M30/trades.csv,213,T3-M30-MIX-000039,v2|true_oos|T3|M30|MIX|TradingSystemLab/results/true_oos_v2/T3/M30/trades.csv|213|T3-M30-MIX-000039,SHORT,2025-08-26 17:00:00+03:00,2025-08-27 00:00:00+03:00,2025-08-26,2025-08-27,2025,8,2025,8,1,2,17,0,-0.840800019686,-0.840798845627,1.17405855335e-06,0.840797671569,0.341902704458,ATR_TRAILING_STOP,324606.93448,326039.22705,,0 days 07:00:00,420,7,SOURCE,SOURCE,SOURCE,UNAVAILABLE,DERIVED
v2,quarterly,true_oos,T3,M30,MIX,V2_TRUE_OOS,TradingSystemLab/results/true_oos_v2/T3/M30/trades.csv,220,T3-M30-MIX-000040,v2|true_oos|T3|M30|MIX|TradingSystemLab/results/true_oos_v2/T3/M30/trades.csv|220|T3-M30-MIX-000040,SHORT,2025-09-02 16:00:00+03:00,2025-09-02 22:30:00+03:00,2025-09-02,2025-09-02,2025,9,2025,9,1,1,16,22,0.0319676485758,0.0319687700879,1.12151209718e-06,0.108866807371,1.35305889161,ATR_TRAILING_STOP,320640.87231,320583.860189,,0 days 06:30:00,390,6.5,SOURCE,SOURCE,SOURCE,UNAVAILABLE,DERIVED
v2,quarterly,true_oos,T3,M30,MIX,V2_TRUE_OOS,TradingSystemLab/results/true_oos_v2/T3/M30/trades.csv,223,T3-M30-MIX-000041,v2|true_oos|T3|M30|MIX|TradingSystemLab/results/true_oos_v2/T3/M30/trades.csv|223|T3-M30-MIX-000041,SHORT,2025-09-04 17:30:00+03:00,2025-09-04 21:30:00+03:00,2025-09-04,2025-09-04,2025,9,2025,9,3,3,17,21,-0.825659547004,-0.825658345887,1.20111725311e-06,0.825657144769,0.616283604363,ATR_TRAILING_STOP,321500.648025,322875.463253,,0 days 04:00:00,240,4,SOURCE,SOURCE,SOURCE,UNAVAILABLE,DERIVED
v2,quarterly,true_oos,T3,M30,MIX,V2_TRUE_OOS,TradingSystemLab/results/true_oos_v2/T3/M30/trades.csv,234,T3-M30-MIX-000042,v2|true_oos|T3|M30|MIX|TradingSystemLab/results/true_oos_v2/T3/M30/trades.csv|234|T3-M30-MIX-000042,SHORT,2025-09-11 11:00:00+03:00,2025-09-11 17:30:00+03:00,2025-09-11,2025-09-11,2025,9,2025,9,3,3,11,17,-1.00000291167,-1.00000145583,1.45583260712e-06,1,0.42395935381,ATR_TRAILING_STOP,322970.587151,324344.371465,,0 days 06:30:00,390,6.5,SOURCE,SOURCE,SOURCE,UNAVAILABLE,DERIVED
v2,quarterly,true_oos,T3,M30,MIX,V2_TRUE_OOS,TradingSystemLab/results/true_oos_v2/T3/M30/trades.csv,238,T3-M30-MIX-000043,v2|true_oos|T3|M30|MIX|TradingSystemLab/results/true_oos_v2/T3/M30/trades.csv|238|T3-M30-MIX-000043,SHORT,2025-09-12 10:30:00+03:00,2025-09-14 14:30:00+03:00,2025-09-12,2025-09-14,2025,9,2025,9,4,6,10,14,6.7093923456,6.70939406607,1.72046791513e-06,0.453308292046,7.49151598434,ATR_TRAILING_STOP,322554.566644,314755.065441,,2 days 04:00:00,3120,52,SOURCE,SOURCE,SOURCE,UNAVAILABLE,DERIVED
v2,quarterly,true_oos,T3,M30,MIX,V2_TRUE_OOS,TradingSystemLab/results/true_oos_v2/T3/M30/trades.csv,244,T3-M30-MIX-000044,v2|true_oos|T3|M30|MIX|TradingSystemLab/results/true_oos_v2/T3/M30/trades.csv|244|T3-M30-MIX-000044,SHORT,2025-09-19 18:30:00+03:00,2025-09-22 15:00:00+03:00,2025-09-19,2025-09-22,2025,9,2025,9,4,0,18,15,1.16232013675,1.16232104711,9.10361629724e-07,0.121666875798,2.65233789239,ATR_TRAILING_STOP,304206.739002,301653.200014,,2 days 20:30:00,4110,68.5,SOURCE,SOURCE,SOURCE,UNAVAILABLE,DERIVED
v2,quarterly,true_oos,T3,M30,MIX,V2_TRUE_OOS,TradingSystemLab/results/true_oos_v2/T3/M30/trades.csv,249,T3-M30-MIX-000045,v2|true_oos|T3|M30|MIX|TradingSystemLab/results/true_oos_v2/T3/M30/trades.csv|249|T3-M30-MIX-000045,SHORT,2025-09-23 22:00:00+03:00,2025-09-24 11:30:00+03:00,2025-09-23,2025-09-24,2025,9,2025,9,1,2,22,11,0.645764342432,0.645765234601,8.92169520365e-07,0,2.50394674852,ATR_TRAILING_STOP,300250.795115,298803.164117,,0 days 13:30:00,810,13.5,SOURCE,SOURCE,SOURCE,UNAVAILABLE,DERIVED
v2,quarterly,true_oos,T3,M30,MIX,V2_TRUE_OOS,TradingSystemLab/results/true_oos_v2/T3/M30/trades.csv,255,T3-M30-MIX-000046,v2|true_oos|T3|M30|MIX|TradingSystemLab/results/true_oos_v2/T3/M30/trades.csv|255|T3-M30-MIX-000046,SHORT,2025-09-30 12:30:00+03:00,2025-09-30 14:00:00+03:00,2025-09-30,2025-09-30,2025,9,2025,9,1,1,12,14,-1.00000178928,-1.00000089464,8.94639120567e-07,1,0.370653401854,ATR_TRAILING_STOP,292365.636693,294601.174972,,0 days 01:30:00,90,1.5,SOURCE,SOURCE,SOURCE,UNAVAILABLE,DERIVED
v2,quarterly,true_oos,T3,M30,MIX,V2_TRUE_OOS,TradingSystemLab/results/true_oos_v2/T3/M30/trades.csv,263,T3-M30-MIX-000047,v2|true_oos|T3|M30|MIX|TradingSystemLab/results/true_oos_v2/T3/M30/trades.csv|263|T3-M30-MIX-000047,SHORT,2025-10-01 15:30:00+03:00,2025-10-02 16:00:00+03:00,2025-10-01,2025-10-02,2025,10,2025,10,2,3,15,16,0.0989333489755,0.0989341969296,8.47954098793e-07,0.861279970676,1.4845746863,ATR_TRAILING_STOP,292071.613837,291838.263836,,1 days 00:30:00,1470,24.5,SOURCE,SOURCE,SOURCE,UNAVAILABLE,DERIVED
v2,quarterly,true_oos,T3,M30,MIX,V2_TRUE_OOS,TradingSystemLab/results/true_oos_v2/T3/M30/trades.csv,269,T3-M30-MIX-000048,v2|true_oos|T3|M30|MIX|TradingSystemLab/results/true_oos_v2/T3/M30/trades.csv|269|T3-M30-MIX-000048,SHORT,2025-10-02 21:30:00+03:00,2025-10-03 10:30:00+03:00,2025-10-02,2025-10-03,2025,10,2025,10,3,4,21,10,-0.967676693655,-0.967675771858,9.21797026051e-07,0.967674850061,0.357266020217,ATR_TRAILING_STOP,289131.385272,291230.925242,,0 days 13:00:00,780,13,SOURCE,SOURCE,SOURCE,UNAVAILABLE,DERIVED
v2,quarterly,true_oos,T3,M30,MIX,V2_TRUE_OOS,TradingSystemLab/results/true_oos_v2/T3/M30/trades.csv,270,T3-M30-MIX-000049,v2|true_oos|T3|M30|MIX|TradingSystemLab/results/true_oos_v2/T3/M30/trades.csv|270|T3-M30-MIX-000049,SHORT,2025-10-03 17:30:00+03:00,2025-10-05 14:30:00+03:00,2025-10-03,2025-10-05,2025,10,2025,10,4,6,17,14,2.0816091865,2.0816101617,9.75204060416e-07,0.208532569778,2.95855583373,ATR_TRAILING_STOP,287019.766576,282750.6885,,1 days 21:00:00,2700,45,SOURCE,SOURCE,SOURCE,UNAVAILABLE,DERIVED
v2,quarterly,true_oos,T3,M30,MIX,V2_TRUE_OOS,TradingSystemLab/results/true_oos_v2/T3/M30/trades.csv,278,T3-M30-MIX-000050,v2|true_oos|T3|M30|MIX|TradingSystemLab/results/true_oos_v2/T3/M30/trades.csv|278|T3-M30-MIX-000050,SHORT,2025-10-08 12:30:00+03:00,2025-10-09 10:30:00+03:00,2025-10-08,2025-10-09,2025,10,2025,10,2,3,12,10,2.93747600879,2.93747696827,9.59481160051e-07,0.0256463083062,4.61633549512,ATR_TRAILING_STOP,289906.536439,283783.481501,,0 days 22:00:00,1320,22,SOURCE,SOURCE,SOURCE,UNAVAILABLE,DERIVED
v2,quarterly,true_oos,T3,M30,MIX,V2_TRUE_OOS,TradingSystemLab/results/true_oos_v2/T3/M30/trades.csv,279,T3-M30-MIX-000051,v2|true_oos|T3|M30|MIX|TradingSystemLab/results/true_oos_v2/T3/M30/trades.csv|279|T3-M30-MIX-000051,SHORT,2025-10-09 11:30:00+03:00,2025-10-09 12:30:00+03:00,2025-10-09,2025-10-09,2025,10,2025,10,3,3,11,12,-1.0000011822,-1.0000005911,5.91099279486e-07,1,0.379192796919,ATR_TRAILING_STOP,278412.915688,281796.442059,,0 days 01:00:00,60,1,SOURCE,SOURCE,SOURCE,UNAVAILABLE,DERIVED
v2,quarterly,true_oos,T3,M30,MIX,V2_TRUE_OOS,TradingSystemLab/results/true_oos_v2/T3/M30/trades.csv,283,T3-M30-MIX-000052,v2|true_oos|T3|M30|MIX|TradingSystemLab/results/true_oos_v2/T3/M30/trades.csv|283|T3-M30-MIX-000052,SHORT,2025-10-10 14:00:00+03:00,2025-10-11 14:30:00+03:00,2025-10-10,2025-10-11,2025,10,2025,10,4,5,14,14,1.47505977328,1.47506040049,6.27213584872e-07,0.24309267112,2.447691723,ATR_TRAILING_STOP,287180.14268,282476.606075,,1 days 00:30:00,1470,24.5,SOURCE,SOURCE,SOURCE,UNAVAILABLE,DERIVED
v2,quarterly,true_oos,T3,M30,MIX,V2_TRUE_OOS,TradingSystemLab/results/true_oos_v2/T3/M30/trades.csv,289,T3-M30-MIX-000053,v2|true_oos|T3|M30|MIX|TradingSystemLab/results/true_oos_v2/T3/M30/trades.csv|289|T3-M30-MIX-000053,SHORT,2025-10-14 16:00:00+03:00,2025-10-15 13:30:00+03:00,2025-10-14,2025-10-15,2025,10,2025,10,1,2,16,13,-0.34808942395,-0.348088629041,7.94908547243e-07,0.414324090216,0.849895569675,ATR_TRAILING_STOP,279348.442958,280224.23637,,0 days 21:30:00,1290,21.5,SOURCE,SOURCE,SOURCE,UNAVAILABLE,DERIVED
v2,quarterly,true_oos,T3,M30,MIX,V2_TRUE_OOS,TradingSystemLab/results/true_oos_v2/T3/M30/trades.csv,295,T3-M30-MIX-000054,v2|true_oos|T3|M30|MIX|TradingSystemLab/results/true_oos_v2/T3/M30/trades.csv|295|T3-M30-MIX-000054,LONG,2025-10-17 00:00:00+03:00,2025-10-17 10:30:00+03:00,2025-10-17,2025-10-17,2025,10,2025,10,4,4,0,10,-1.00000087765,-1.00000043883,4.38826020572e-07,1,0,ATR_TRAILING_STOP,300437.90057,295880.285692,,0 days 10:30:00,630,10.5,SOURCE,SOURCE,SOURCE,UNAVAILABLE,DERIVED
v2,quarterly,true_oos,T3,M30,MIX,V2_TRUE_OOS,TradingSystemLab/results/true_oos_v2/T3/M30/trades.csv,298,T3-M30-MIX-000055,v2|true_oos|T3|M30|MIX|TradingSystemLab/results/true_oos_v2/T3/M30/trades.csv|298|T3-M30-MIX-000055,LONG,2025-10-17 21:00:00+03:00,2025-10-19 11:00:00+03:00,2025-10-17,2025-10-19,2025,10,2025,10,4,6,21,11,0.0999169641293,0.0999175249861,5.60856781138e-07,0.854506239251,0.599653501229,ATR_TRAILING_STOP,300518.088621,300874.393793,,1 days 14:00:00,2280,38,SOURCE,SOURCE,SOURCE,UNAVAILABLE,DERIVED
v2,quarterly,true_oos,T3,M30,MIX,V2_TRUE_OOS,TradingSystemLab/results/true_oos_v2/T3/M30/trades.csv,306,T3-M30-MIX-000056,v2|true_oos|T3|M30|MIX|TradingSystemLab/results/true_oos_v2/T3/M30/trades.csv|306|T3-M30-MIX-000056,SHORT,2025-10-22 22:30:00+03:00,2025-10-23 19:00:00+03:00,2025-10-22,2025-10-23,2025,10,2025,10,2,3,22,19,0.524677237329,0.524677832757,5.95428489908e-07,0.724151466891,1.88597689729,ATR_TRAILING_STOP,284881.418529,283119.062723,,0 days 20:30:00,1230,20.5,SOURCE,SOURCE,SOURCE,UNAVAILABLE,DERIVED
v2,quarterly,true_oos,T3,M30,MIX,V2_TRUE_OOS,TradingSystemLab/results/true_oos_v2/T3/M30/trades.csv,311,T3-M30-MIX-000057,v2|true_oos|T3|M30|MIX|TradingSystemLab/results/true_oos_v2/T3/M30/trades.csv|311|T3-M30-MIX-000057,SHORT,2025-10-24 14:00:00+03:00,2025-10-28 09:30:00+03:00,2025-10-24,2025-10-28,2025,10,2025,10,4,1,14,9,2.29774798308,2.2977485814,5.98322391627e-07,0.463790300082,3.25452848506,ATR_TRAILING_STOP,278600.021142,270919.382036,,3 days 19:30:00,5490,91.5,SOURCE,SOURCE,SOURCE,UNAVAILABLE,DERIVED
v2,quarterly,true_oos,T3,M30,MIX,V2_TRUE_OOS,TradingSystemLab/results/true_oos_v2/T3/M30/trades.csv,322,T3-M30-MIX-000058,v2|true_oos|T3|M30|MIX|TradingSystemLab/results/true_oos_v2/T3/M30/trades.csv|322|T3-M30-MIX-000058,SHORT,2025-11-14 11:30:00+03:00,2025-11-14 23:00:00+03:00,2025-11-14,2025-11-14,2025,11,2025,11,4,4,11,23,-0.10852320726,-0.108521874144,1.33311681731e-06,0.26725010085,1.08681707679,ATR_TRAILING_STOP,274430.242451,274593.0497,,0 days 11:30:00,690,11.5,SOURCE,SOURCE,SOURCE,UNAVAILABLE,DERIVED
v2,quarterly,true_oos,T3,M30,MIX,V2_TRUE_OOS,TradingSystemLab/results/true_oos_v2/T3/M30/trades.csv,324,T3-M30-MIX-000059,v2|true_oos|T3|M30|MIX|TradingSystemLab/results/true_oos_v2/T3/M30/trades.csv|324|T3-M30-MIX-000059,LONG,2025-11-19 11:00:00+03:00,2025-11-19 12:00:00+03:00,2025-11-19,2025-11-19,2025,11,2025,11,2,2,11,12,-1.00000187569,-1.00000093784,9.37843583716e-07,1,0.263213474397,ATR_TRAILING_STOP,280016.676723,277884.124947,,0 days 01:00:00,60,1,SOURCE,SOURCE,SOURCE,UNAVAILABLE,DERIVED
v2,quarterly,true_oos,T3,M30,MIX,V2_TRUE_OOS,TradingSystemLab/results/true_oos_v2/T3/M30/trades.csv,326,T3-M30-MIX-000060,v2|true_oos|T3|M30|MIX|TradingSystemLab/results/true_oos_v2/T3/M30/trades.csv|326|T3-M30-MIX-000060,LONG,2025-11-19 14:30:00+03:00,2025-11-19 22:30:00+03:00,2025-11-19,2025-11-19,2025,11,2025,11,2,2,14,22,1.30812089641,1.30812166637,7.69966535474e-07,0.267549171045,3.20029969981,ATR_TRAILING_STOP,281700.62581,285098.494097,,0 days 08:00:00,480,8,SOURCE,SOURCE,SOURCE,UNAVAILABLE,DERIVED
v2,quarterly,true_oos,T3,M30,MIX,V2_TRUE_OOS,TradingSystemLab/results/true_oos_v2/T3/M30/trades.csv,327,T3-M30-MIX-000061,v2|true_oos|T3|M30|MIX|TradingSystemLab/results/true_oos_v2/T3/M30/trades.csv|327|T3-M30-MIX-000061,LONG,2025-11-20 21:00:00+03:00,2025-11-20 21:30:00+03:00,2025-11-20,2025-11-20,2025,11,2025,11,3,3,21,21,-1.00000101917,-1.00000050959,5.09586068184e-07,1,0,ATR_TRAILING_STOP,293087.329159,289162.575079,,0 days 00:30:00,30,0.5,SOURCE,SOURCE,SOURCE,UNAVAILABLE,DERIVED
v2,quarterly,true_oos,T3,M30,MIX,V2_TRUE_OOS,TradingSystemLab/results/true_oos_v2/T3/M30/trades.csv,332,T3-M30-MIX-000062,v2|true_oos|T3|M30|MIX|TradingSystemLab/results/true_oos_v2/T3/M30/trades.csv|332|T3-M30-MIX-000062,LONG,2025-11-21 20:30:00+03:00,2025-11-24 12:00:00+03:00,2025-11-21,2025-11-24,2025,11,2025,11,4,0,20,12,-0.796443955686,-0.796443397192,5.58493557341e-07,0.796442838698,0.298563401867,ATR_TRAILING_STOP,292739.847601,289887.736495,,2 days 15:30:00,3810,63.5,SOURCE,SOURCE,SOURCE,UNAVAILABLE,DERIVED
v2,quarterly,true_oos,T3,M30,MIX,V2_TRUE_OOS,TradingSystemLab/results/true_oos_v2/T3/M30/trades.csv,347,T3-M30-MIX-000063,v2|true_oos|T3|M30|MIX|TradingSystemLab/results/true_oos_v2/T3/M30/trades.csv|347|T3-M30-MIX-000063,LONG,2025-12-09 17:00:00+03:00,2025-12-09 18:00:00+03:00,2025-12-09,2025-12-09,2025,12,2025,12,1,1,17,18,-1.00000242662,-1.00000121331,1.21331042156e-06,1,0.0324309996258,ATR_TRAILING_STOP,292365.636693,290717.253918,,0 days 01:00:00,60,1,SOURCE,SOURCE,SOURCE,UNAVAILABLE,DERIVED
v2,quarterly,true_oos,T3,M30,MIX,V2_TRUE_OOS,TradingSystemLab/results/true_oos_v2/T3/M30/trades.csv,348,T3-M30-MIX-000064,v2|true_oos|T3|M30|MIX|TradingSystemLab/results/true_oos_v2/T3/M30/trades.csv|348|T3-M30-MIX-000064,LONG,2025-12-09 22:30:00+03:00,2025-12-10 09:30:00+03:00,2025-12-09,2025-12-10,2025,12,2025,12,1,2,22,9,-1.00000213382,-1.00000106691,1.06691020723e-06,1,0.270919261226,ATR_TRAILING_STOP,294049.58578,292175.013781,,0 days 11:00:00,660,11,SOURCE,SOURCE,SOURCE,UNAVAILABLE,DERIVED
v2,quarterly,true_oos,T3,M30,MIX,V2_TRUE_OOS,TradingSystemLab/results/true_oos_v2/T3/M30/trades.csv,359,T3-M30-MIX-000065,v2|true_oos|T3|M30|MIX|TradingSystemLab/results/true_oos_v2/T3/M30/trades.csv|359|T3-M30-MIX-000065,LONG,2025-12-16 16:00:00+03:00,2025-12-17 10:30:00+03:00,2025-12-16,2025-12-17,2025,12,2025,12,1,2,16,10,-0.598464703438,-0.598463440214,1.2632245168e-06,0.598462176989,0.388299466229,ATR_TRAILING_STOP,297444.213304,296496.698165,,0 days 18:30:00,1110,18.5,SOURCE,SOURCE,SOURCE,UNAVAILABLE,DERIVED
v2,quarterly,true_oos,T3,M30,MIX,V2_TRUE_OOS,TradingSystemLab/results/true_oos_v2/T3/M30/trades.csv,369,T3-M30-MIX-000066,v2|true_oos|T3|M30|MIX|TradingSystemLab/results/true_oos_v2/T3/M30/trades.csv|369|T3-M30-MIX-000066,SHORT,2025-12-24 10:00:00+03:00,2025-12-24 14:00:00+03:00,2025-12-24,2025-12-24,2025,12,2025,12,2,2,10,14,-0.905887490631,-0.905885746893,1.74373845174e-06,0.905884003155,1.0614249186,ATR_TRAILING_STOP,288993.121206,290032.134829,,0 days 04:00:00,240,4,SOURCE,SOURCE,SOURCE,UNAVAILABLE,DERIVED
v2,quarterly,true_oos,T3,M30,MIX,V2_TRUE_OOS,TradingSystemLab/results/true_oos_v2/T3/M30/trades.csv,400,T3-M30-MIX-000067,v2|true_oos|T3|M30|MIX|TradingSystemLab/results/true_oos_v2/T3/M30/trades.csv|400|T3-M30-MIX-000067,LONG,2026-01-20 22:30:00+03:00,2026-01-21 10:30:00+03:00,2026-01-20,2026-01-21,2026,1,2026,1,1,2,22,10,-1.00000359664,-1.00000179832,1.79832042056e-06,1,0.0698712330283,ATR_TRAILING_STOP,292282.726511,291170.577654,,0 days 12:00:00,720,12,SOURCE,SOURCE,SOURCE,UNAVAILABLE,DERIVED
v2,quarterly,true_oos,T3,M30,MIX,V2_TRUE_OOS,TradingSystemLab/results/true_oos_v2/T3/M30/trades.csv,403,T3-M30-MIX-000068,v2|true_oos|T3|M30|MIX|TradingSystemLab/results/true_oos_v2/T3/M30/trades.csv|403|T3-M30-MIX-000068,LONG,2026-01-21 14:00:00+03:00,2026-01-22 16:30:00+03:00,2026-01-21,2026-01-22,2026,1,2026,1,2,3,14,16,0.47234815103,0.472349485864,1.33483311332e-06,0,1.65961855426,ATR_TRAILING_STOP,294665.747677,295373.477829,,1 days 02:30:00,1590,26.5,SOURCE,SOURCE,SOURCE,UNAVAILABLE,DERIVED
v2,quarterly,true_oos,T3,M30,MIX,V2_TRUE_OOS,TradingSystemLab/results/true_oos_v2/T3/M30/trades.csv,407,T3-M30-MIX-000069,v2|true_oos|T3|M30|MIX|TradingSystemLab/results/true_oos_v2/T3/M30/trades.csv|407|T3-M30-MIX-000069,LONG,2026-01-23 21:00:00+03:00,2026-01-24 12:30:00+03:00,2026-01-23,2026-01-24,2026,1,2026,1,4,5,21,12,-0.775995600632,-0.775993997597,1.60303588712e-06,0.775992394561,0.477508556141,ATR_TRAILING_STOP,296193.989512,295225.836022,,0 days 15:30:00,930,15.5,SOURCE,SOURCE,SOURCE,UNAVAILABLE,DERIVED
v2,quarterly,true_oos,T3,M30,MIX,V2_TRUE_OOS,TradingSystemLab/results/true_oos_v2/T3/M30/trades.csv,409,T3-M30-MIX-000070,v2|true_oos|T3|M30|MIX|TradingSystemLab/results/true_oos_v2/T3/M30/trades.csv|409|T3-M30-MIX-000070,LONG,2026-01-25 13:00:00+03:00,2026-01-26 09:00:00+03:00,2026-01-25,2026-01-26,2026,1,2026,1,6,0,13,9,-1.08558705644,-1.08558568232,1.3741167872e-06,1.08558430821,0.0533893922068,ATR_TRAILING_STOP,297281.890479,295701.843836,,0 days 20:00:00,1200,20,SOURCE,SOURCE,SOURCE,UNAVAILABLE,DERIVED
v2,quarterly,true_oos,T3,M30,MIX,V2_TRUE_OOS,TradingSystemLab/results/true_oos_v2/T3/M30/trades.csv,426,T3-M30-MIX-000071,v2|true_oos|T3|M30|MIX|TradingSystemLab/results/true_oos_v2/T3/M30/trades.csv|426|T3-M30-MIX-000071,SHORT,2026-02-10 19:00:00+03:00,2026-02-11 09:00:00+03:00,2026-02-10,2026-02-11,2026,2,2026,2,1,2,19,9,-0.694309713626,-0.694307984291,1.72933570054e-06,0.694306254955,0.60471835109,ATR_TRAILING_STOP,286195.661576,286998.636099,,0 days 14:00:00,840,14,SOURCE,SOURCE,SOURCE,UNAVAILABLE,DERIVED
v2,quarterly,true_oos,T3,M30,MIX,V2_TRUE_OOS,TradingSystemLab/results/true_oos_v2/T3/M30/trades.csv,430,T3-M30-MIX-000072,v2|true_oos|T3|M30|MIX|TradingSystemLab/results/true_oos_v2/T3/M30/trades.csv|430|T3-M30-MIX-000072,LONG,2026-02-13 14:00:00+03:00,2026-02-16 18:00:00+03:00,2026-02-13,2026-02-16,2026,2,2026,2,4,0,14,18,0.0160398959258,0.0160410410965,1.14517071379e-06,0.637747500777,0.860217559188,ATR_TRAILING_STOP,292489.945743,292517.962852,,3 days 04:00:00,4560,76,SOURCE,SOURCE,SOURCE,UNAVAILABLE,DERIVED
v2,quarterly,true_oos,T3,M30,MIX,V2_TRUE_OOS,TradingSystemLab/results/true_oos_v2/T3/M30/trades.csv,440,T3-M30-MIX-000073,v2|true_oos|T3|M30|MIX|TradingSystemLab/results/true_oos_v2/T3/M30/trades.csv|440|T3-M30-MIX-000073,LONG,2026-03-01 18:30:00+03:00,2026-03-02 09:30:00+03:00,2026-03-01,2026-03-02,2026,3,2026,3,6,0,18,9,-1.00000460153,-1.00000230077,2.30076728137e-06,1,0.327774719723,ATR_TRAILING_STOP,296038.575088,295169.299862,,0 days 15:00:00,900,15,SOURCE,SOURCE,SOURCE,UNAVAILABLE,DERIVED
v2,quarterly,true_oos,T3,M30,MIX,V2_TRUE_OOS,TradingSystemLab/results/true_oos_v2/T3/M30/trades.csv,442,T3-M30-MIX-000074,v2|true_oos|T3|M30|MIX|TradingSystemLab/results/true_oos_v2/T3/M30/trades.csv|442|T3-M30-MIX-000074,LONG,2026-03-02 11:30:00+03:00,2026-03-02 15:00:00+03:00,2026-03-02,2026-03-02,2026,3,2026,3,0,0,11,15,-1.00000282427,-1.00000141214,1.41213734225e-06,1,0.1280221317,ATR_TRAILING_STOP,297359.597691,295943.304856,,0 days 03:30:00,210,3.5,SOURCE,SOURCE,SOURCE,UNAVAILABLE,DERIVED
v2,quarterly,true_oos,T3,M30,MIX,V2_TRUE_OOS,TradingSystemLab/results/true_oos_v2/T3/M30/trades.csv,453,T3-M30-MIX-000075,v2|true_oos|T3|M30|MIX|TradingSystemLab/results/true_oos_v2/T3/M30/trades.csv|453|T3-M30-MIX-000075,LONG,2026-03-11 12:30:00+03:00,2026-03-11 17:00:00+03:00,2026-03-11,2026-03-11,2026,3,2026,3,2,2,12,17,-1.0000028001,-1.00000140005,1.40005163175e-06,1,0.217588217751,ATR_TRAILING_STOP,298706.522698,297278.003953,,0 days 04:30:00,270,4.5,SOURCE,SOURCE,SOURCE,UNAVAILABLE,DERIVED
v2,quarterly,true_oos,T3,M30,MIX,V2_TRUE_OOS,TradingSystemLab/results/true_oos_v2/T3/M30/trades.csv,468,T3-M30-MIX-000076,v2|true_oos|T3|M30|MIX|TradingSystemLab/results/true_oos_v2/T3/M30/trades.csv|468|T3-M30-MIX-000076,SHORT,2026-03-27 16:00:00+03:00,2026-03-29 11:30:00+03:00,2026-03-27,2026-03-29,2026,3,2026,3,4,6,16,11,1.09057304726,1.09057459954,1.55228447381e-06,0.117367460987,1.62358321032,ATR_TRAILING_STOP,287895.792614,286490.668527,,1 days 19:30:00,2610,43.5,SOURCE,SOURCE,SOURCE,UNAVAILABLE,DERIVED
v2,quarterly,true_oos,T3,M30,MIX,V2_TRUE_OOS,TradingSystemLab/results/true_oos_v2/T3/M30/trades.csv,470,T3-M30-MIX-000077,v2|true_oos|T3|M30|MIX|TradingSystemLab/results/true_oos_v2/T3/M30/trades.csv|470|T3-M30-MIX-000077,SHORT,2026-03-31 14:00:00+03:00,2026-04-01 10:30:00+03:00,2026-03-31,2026-04-01,2026,3,2026,4,1,2,14,10,0.259927077122,0.259928592425,1.51530301318e-06,0.0572856555235,1.43214138809,ATR_TRAILING_STOP,286081.164489,285738.091051,,0 days 20:30:00,1230,20.5,SOURCE,SOURCE,SOURCE,UNAVAILABLE,DERIVED
v2,quarterly,true_oos,T3,M30,MIX,V2_TRUE_OOS,TradingSystemLab/results/true_oos_v2/T3/M30/trades.csv,474,T3-M30-MIX-000078,v2|true_oos|T3|M30|MIX|TradingSystemLab/results/true_oos_v2/T3/M30/trades.csv|474|T3-M30-MIX-000078,SHORT,2026-04-02 18:00:00+03:00,2026-04-03 09:00:00+03:00,2026-04-02,2026-04-03,2026,4,2026,4,3,4,18,9,-0.990440098288,-0.990438426028,1.67225978001e-06,0.990436753768,0.189658101785,ATR_TRAILING_STOP,284543.771217,285728.320132,,0 days 15:00:00,900,15,SOURCE,SOURCE,SOURCE,UNAVAILABLE,DERIVED
v2,quarterly,true_oos,T3,M30,MIX,V2_TRUE_OOS,TradingSystemLab/results/true_oos_v2/T3/M30/trades.csv,475,T3-M30-MIX-000079,v2|true_oos|T3|M30|MIX|TradingSystemLab/results/true_oos_v2/T3/M30/trades.csv|475|T3-M30-MIX-000079,SHORT,2026-04-03 12:30:00+03:00,2026-04-04 10:30:00+03:00,2026-04-03,2026-04-04,2026,4,2026,4,4,5,12,10,-0.0212208631673,-0.0212191794508,1.68371653904e-06,0.424349914684,0.891134820836,ATR_TRAILING_STOP,283233.20646,283258.409629,,0 days 22:00:00,1320,22,SOURCE,SOURCE,SOURCE,UNAVAILABLE,DERIVED
v2,quarterly,true_oos,T3,M30,MIX,V2_TRUE_OOS,TradingSystemLab/results/true_oos_v2/T3/M30/trades.csv,478,T3-M30-MIX-000080,v2|true_oos|T3|M30|MIX|TradingSystemLab/results/true_oos_v2/T3/M30/trades.csv|478|T3-M30-MIX-000080,SHORT,2026-04-08 12:00:00+03:00,2026-04-09 22:30:00+03:00,2026-04-08,2026-04-09,2026,4,2026,4,2,3,12,22,1.64817183664,1.64817342366,1.58702369609e-06,0.499975318308,2.75986375706,ATR_TRAILING_STOP,283233.20646,281156.142312,,1 days 10:30:00,2070,34.5,SOURCE,SOURCE,SOURCE,UNAVAILABLE,DERIVED
v2,quarterly,true_oos,T3,M30,MIX,V2_TRUE_OOS,TradingSystemLab/results/true_oos_v2/T3/M30/trades.csv,480,T3-M30-MIX-000081,v2|true_oos|T3|M30|MIX|TradingSystemLab/results/true_oos_v2/T3/M30/trades.csv|480|T3-M30-MIX-000081,SHORT,2026-04-10 18:00:00+03:00,2026-04-12 10:00:00+03:00,2026-04-10,2026-04-12,2026,4,2026,4,4,6,18,10,-0.547229257846,-0.547227649506,1.60833993837e-06,0.608028934629,0.466155516549,ATR_TRAILING_STOP,278343.791791,279024.277338,,1 days 16:00:00,2400,40,SOURCE,SOURCE,SOURCE,UNAVAILABLE,DERIVED
v2,quarterly,true_oos,T3,M30,MIX,V2_TRUE_OOS,TradingSystemLab/results/true_oos_v2/T3/M30/trades.csv,481,T3-M30-MIX-000082,v2|true_oos|T3|M30|MIX|TradingSystemLab/results/true_oos_v2/T3/M30/trades.csv|481|T3-M30-MIX-000082,SHORT,2026-04-14 11:30:00+03:00,2026-04-14 14:00:00+03:00,2026-04-14,2026-04-14,2026,4,2026,4,1,1,11,14,-0.832644505633,-0.832642936275,1.56935798843e-06,0.832641366917,0.593291904896,ATR_TRAILING_STOP,276907.211192,277968.334751,,0 days 02:30:00,150,2.5,SOURCE,SOURCE,SOURCE,UNAVAILABLE,DERIVED
v2,quarterly,true_oos,T3,M30,MIX,V2_TRUE_OOS,TradingSystemLab/results/true_oos_v2/T3/M30/trades.csv,484,T3-M30-MIX-000083,v2|true_oos|T3|M30|MIX|TradingSystemLab/results/true_oos_v2/T3/M30/trades.csv|484|T3-M30-MIX-000083,SHORT,2026-04-15 10:30:00+03:00,2026-04-15 14:00:00+03:00,2026-04-15,2026-04-15,2026,4,2026,4,2,2,10,14,-0.965227321348,-0.965225481472,1.83987596807e-06,0.965223641596,0.602819150118,ATR_TRAILING_STOP,277335.665055,278384.891914,,0 days 03:30:00,210,3.5,SOURCE,SOURCE,SOURCE,UNAVAILABLE,DERIVED
v2,quarterly,true_oos,T3,M30,MIX,V2_TRUE_OOS,TradingSystemLab/results/true_oos_v2/T3/M30/trades.csv,491,T3-M30-MIX-000084,v2|true_oos|T3|M30|MIX|TradingSystemLab/results/true_oos_v2/T3/M30/trades.csv|491|T3-M30-MIX-000084,LONG,2026-04-22 20:00:00+03:00,2026-04-23 14:00:00+03:00,2026-04-22,2026-04-23,2026,4,2026,4,2,3,20,14,-0.994187235749,-0.994185266087,1.9696618279e-06,0.994183296425,0.248208593681,ATR_TRAILING_STOP,282477.111408,281467.614974,,0 days 18:00:00,1080,18,SOURCE,SOURCE,SOURCE,UNAVAILABLE,DERIVED
v2,quarterly,true_oos,T3,M30,MIX,V2_TRUE_OOS,TradingSystemLab/results/true_oos_v2/T3/M30/trades.csv,498,T3-M30-MIX-000085,v2|true_oos|T3|M30|MIX|TradingSystemLab/results/true_oos_v2/T3/M30/trades.csv|498|T3-M30-MIX-000085,SHORT,2026-04-28 12:00:00+03:00,2026-04-28 15:30:00+03:00,2026-04-28,2026-04-28,2026,4,2026,4,1,1,12,15,-0.608064096018,-0.60806203713,2.05888736896e-06,0.608059978243,0.985919216386,ATR_TRAILING_STOP,276781.19535,277371.863871,,0 days 03:30:00,210,3.5,SOURCE,SOURCE,SOURCE,UNAVAILABLE,DERIVED
v2,quarterly,true_oos,T3,M30,MIX,V2_TRUE_OOS,TradingSystemLab/results/true_oos_v2/T3/M30/trades.csv,500,T3-M30-MIX-000086,v2|true_oos|T3|M30|MIX|TradingSystemLab/results/true_oos_v2/T3/M30/trades.csv|500|T3-M30-MIX-000086,SHORT,2026-04-28 16:00:00+03:00,2026-04-29 20:30:00+03:00,2026-04-28,2026-04-29,2026,4,2026,4,1,2,16,20,4.41415446372,4.41415612368,1.65996769104e-06,0.334691562024,6.69383124047,ATR_TRAILING_STOP,275672.255941,270353.890038,,1 days 04:30:00,1710,28.5,SOURCE,SOURCE,SOURCE,UNAVAILABLE,DERIVED
v2,quarterly,true_oos,T3,M30,MIX,V2_TRUE_OOS,TradingSystemLab/results/true_oos_v2/T3/M30/trades.csv,504,T3-M30-MIX-000087,v2|true_oos|T3|M30|MIX|TradingSystemLab/results/true_oos_v2/T3/M30/trades.csv|504|T3-M30-MIX-000087,SHORT,2026-05-05 11:30:00+03:00,2026-05-05 12:30:00+03:00,2026-05-05,2026-05-05,2026,5,2026,5,1,1,11,12,-1.00000216445,-1.00000108222,1.08222261236e-06,1,0.095464035603,ATR_TRAILING_STOP,265389.363234,267237.411849,,0 days 01:00:00,60,1,SOURCE,SOURCE,SOURCE,UNAVAILABLE,DERIVED
v2,quarterly,true_oos,T3,M30,MIX,V2_TRUE_OOS,TradingSystemLab/results/true_oos_v2/T3/M30/trades.csv,507,T3-M30-MIX-000088,v2|true_oos|T3|M30|MIX|TradingSystemLab/results/true_oos_v2/T3/M30/trades.csv|507|T3-M30-MIX-000088,SHORT,2026-05-06 13:00:00+03:00,2026-05-06 18:00:00+03:00,2026-05-06,2026-05-06,2026,5,2026,5,2,2,13,18,-1.0000021238,-1.0000010619,1.06189769075e-06,1,0.481737353789,ATR_TRAILING_STOP,267657.64839,269541.069003,,0 days 05:00:00,300,5,SOURCE,SOURCE,SOURCE,UNAVAILABLE,DERIVED
v2,quarterly,true_oos,T3,M30,MIX,V2_TRUE_OOS,TradingSystemLab/results/true_oos_v2/T3/M30/trades.csv,512,T3-M30-MIX-000089,v2|true_oos|T3|M30|MIX|TradingSystemLab/results/true_oos_v2/T3/M30/trades.csv|512|T3-M30-MIX-000089,LONG,2026-05-12 13:30:00+03:00,2026-05-13 10:00:00+03:00,2026-05-12,2026-05-13,2026,5,2026,5,1,2,13,10,0.145860557961,0.145862132696,1.57473489102e-06,0.535792166656,1.4486232654,ATR_TRAILING_STOP,274084.456332,274269.71127,,0 days 20:30:00,1230,20.5,SOURCE,SOURCE,SOURCE,UNAVAILABLE,DERIVED
v2,quarterly,true_oos,T3,M30,MIX,V2_TRUE_OOS,TradingSystemLab/results/true_oos_v2/T3/M30/trades.csv,513,T3-M30-MIX-000090,v2|true_oos|T3|M30|MIX|TradingSystemLab/results/true_oos_v2/T3/M30/trades.csv|513|T3-M30-MIX-000090,SHORT,2026-05-15 18:00:00+03:00,2026-05-16 14:30:00+03:00,2026-05-15,2026-05-16,2026,5,2026,5,4,5,18,14,-0.407623004581,-0.407621598201,1.4063800833e-06,0.567123745142,0.37217495775,ATR_TRAILING_STOP,268086.102253,268665.775126,,0 days 20:30:00,1230,20.5,SOURCE,SOURCE,SOURCE,UNAVAILABLE,DERIVED
v2,quarterly,true_oos,T3,M30,MIX,V2_TRUE_OOS,TradingSystemLab/results/true_oos_v2/T3/M30/trades.csv,518,T3-M30-MIX-000091,v2|true_oos|T3|M30|MIX|TradingSystemLab/results/true_oos_v2/T3/M30/trades.csv|518|T3-M30-MIX-000091,SHORT,2026-05-20 12:30:00+03:00,2026-05-20 16:00:00+03:00,2026-05-20,2026-05-20,2026,5,2026,5,2,2,12,16,-1.00000267052,-1.00000133526,1.33526110903e-06,1,0.117784837053,ATR_TRAILING_STOP,268111.305421,269609.139805,,0 days 03:30:00,210,3.5,SOURCE,SOURCE,SOURCE,UNAVAILABLE,DERIVED
v2,quarterly,true_oos,T3,M30,MIX,V2_TRUE_OOS,TradingSystemLab/results/true_oos_v2/T3/M30/trades.csv,519,T3-M30-MIX-000092,v2|true_oos|T3|M30|MIX|TradingSystemLab/results/true_oos_v2/T3/M30/trades.csv|519|T3-M30-MIX-000092,SHORT,2026-05-20 23:30:00+03:00,2026-05-21 14:00:00+03:00,2026-05-20,2026-05-21,2026,5,2026,5,2,3,23,14,0.0783209936324,0.0783228319149,1.83828249773e-06,0.440140161862,1.73739537577,ATR_TRAILING_STOP,267531.632548,267446.417495,,0 days 14:30:00,870,14.5,SOURCE,SOURCE,SOURCE,UNAVAILABLE,DERIVED
v2,quarterly,true_oos,T3,M30,MIX,V2_TRUE_OOS,TradingSystemLab/results/true_oos_v2/T3/M30/trades.csv,526,T3-M30-MIX-000093,v2|true_oos|T3|M30|MIX|TradingSystemLab/results/true_oos_v2/T3/M30/trades.csv|526|T3-M30-MIX-000093,SHORT,2026-05-26 19:30:00+03:00,2026-05-27 10:30:00+03:00,2026-05-26,2026-05-27,2026,5,2026,5,1,2,19,10,-0.706124275047,-0.706123282973,9.92073936217e-07,0.725098787864,0.525071536039,ATR_TRAILING_STOP,261306.449954,262729.977506,,0 days 15:00:00,900,15,SOURCE,SOURCE,SOURCE,UNAVAILABLE,DERIVED
v2,quarterly,true_oos,T3,M30,MIX,V2_TRUE_OOS,TradingSystemLab/results/true_oos_v2/T3/M30/trades.csv,538,T3-M30-MIX-000094,v2|true_oos|T3|M30|MIX|TradingSystemLab/results/true_oos_v2/T3/M30/trades.csv|538|T3-M30-MIX-000094,LONG,2026-06-02 18:00:00+03:00,2026-06-03 10:30:00+03:00,2026-06-02,2026-06-03,2026,6,2026,6,1,2,18,10,-0.536343904785,-0.536342684246,1.22053903833e-06,0.536341463707,0.430660312875,ATR_TRAILING_STOP,266019.442444,265140.582454,,0 days 16:30:00,990,16.5,SOURCE,SOURCE,SOURCE,UNAVAILABLE,DERIVED
v2,quarterly,true_oos,T3,M30,MIX,V2_TRUE_OOS,TradingSystemLab/results/true_oos_v2/T3/M30/trades.csv,545,T3-M30-MIX-000095,v2|true_oos|T3|M30|MIX|TradingSystemLab/results/true_oos_v2/T3/M30/trades.csv|545|T3-M30-MIX-000095,SHORT,2026-06-04 17:00:00+03:00,2026-06-06 14:00:00+03:00,2026-06-04,2026-06-06,2026,6,2026,6,3,5,17,14,1.19720643916,1.19720765593,1.2167723468e-06,0.275998665229,1.88599087906,ATR_TRAILING_STOP,261608.887974,259641.044317,,1 days 21:00:00,2700,45,SOURCE,SOURCE,SOURCE,UNAVAILABLE,DERIVED
v2,quarterly,true_oos,T3,M30,MIX,V2_TRUE_OOS,TradingSystemLab/results/true_oos_v2/T3/M30/trades.csv,547,T3-M30-MIX-000096,v2|true_oos|T3|M30|MIX|TradingSystemLab/results/true_oos_v2/T3/M30/trades.csv|547|T3-M30-MIX-000096,SHORT,2026-06-08 18:30:00+03:00,2026-06-09 13:00:00+03:00,2026-06-08,2026-06-09,2026,6,2026,6,0,1,18,13,0.521151064986,0.521152484412,1.41942667621e-06,0.429288594596,2.36108727028,ATR_TRAILING_STOP,254703.219833,253968.903771,,0 days 18:30:00,1110,18.5,SOURCE,SOURCE,SOURCE,UNAVAILABLE,DERIVED
v2,quarterly,true_oos,T3,M30,MIX,V2_TRUE_OOS,TradingSystemLab/results/true_oos_v2/T3/M30/trades.csv,551,T3-M30-MIX-000097,v2|true_oos|T3|M30|MIX|TradingSystemLab/results/true_oos_v2/T3/M30/trades.csv|551|T3-M30-MIX-000097,SHORT,2026-06-10 09:30:00+03:00,2026-06-10 14:30:00+03:00,2026-06-10,2026-06-10,2026,6,2026,6,2,2,9,14,-0.420469508512,-0.420468212375,1.29613760398e-06,0.420466916237,1.37200452062,ATR_TRAILING_STOP,253669.889929,254318.68974,,0 days 05:00:00,300,5,SOURCE,SOURCE,SOURCE,UNAVAILABLE,DERIVED
v2,quarterly,true_oos,T3,M30,MIX,V2_TRUE_OOS,TradingSystemLab/results/true_oos_v2/T3/M30/trades.csv,553,T3-M30-MIX-000098,v2|true_oos|T3|M30|MIX|TradingSystemLab/results/true_oos_v2/T3/M30/trades.csv|553|T3-M30-MIX-000098,SHORT,2026-06-11 15:00:00+03:00,2026-06-12 23:00:00+03:00,2026-06-11,2026-06-12,2026,6,2026,6,3,4,15,23,-0.0979130355075,-0.0979119169893,1.11851815217e-06,0.493328523549,0.324187315475,ATR_TRAILING_STOP,253543.874087,253718.946433,,1 days 08:00:00,1920,32,SOURCE,SOURCE,SOURCE,UNAVAILABLE,DERIVED
v2,quarterly,true_oos,T3,M30,MIX,V2_TRUE_OOS,TradingSystemLab/results/true_oos_v2/T3/M30/trades.csv,555,T3-M30-MIX-000099,v2|true_oos|T3|M30|MIX|TradingSystemLab/results/true_oos_v2/T3/M30/trades.csv|555|T3-M30-MIX-000099,SHORT,2026-06-16 16:00:00+03:00,2026-06-17 11:00:00+03:00,2026-06-16,2026-06-17,2026,6,2026,6,1,2,16,11,0.247828631357,0.247829724807,1.09345043122e-06,0.372038607267,1.30902472927,ATR_TRAILING_STOP,252157.699825,251704.399317,,0 days 19:00:00,1140,19,SOURCE,SOURCE,SOURCE,UNAVAILABLE,DERIVED
v2,quarterly,true_oos,T3,M30,MIX,V2_TRUE_OOS,TradingSystemLab/results/true_oos_v2/T3/M30/trades.csv,558,T3-M30-MIX-000100,v2|true_oos|T3|M30|MIX|TradingSystemLab/results/true_oos_v2/T3/M30/trades.csv|558|T3-M30-MIX-000100,SHORT,2026-06-18 09:00:00+03:00,2026-06-19 12:30:00+03:00,2026-06-18,2026-06-19,2026,6,2026,6,3,4,9,12,3.29047195093,3.29047371189,1.76095736576e-06,0.221908525157,4.63788817578,ATR_TRAILING_STOP,249914.617838,246177.474013,,1 days 03:30:00,1650,27.5,SOURCE,SOURCE,SOURCE,UNAVAILABLE,DERIVED
v2,quarterly,true_oos,T3,M30,MIX,V2_TRUE_OOS,TradingSystemLab/results/true_oos_v2/T3/M30/trades.csv,559,T3-M30-MIX-000101,v2|true_oos|T3|M30|MIX|TradingSystemLab/results/true_oos_v2/T3/M30/trades.csv|559|T3-M30-MIX-000101,SHORT,2026-06-22 10:30:00+03:00,2026-06-22 11:00:00+03:00,2026-06-22,2026-06-22,2026,6,2026,6,0,0,10,11,-1.00000244663,-1.00000122331,1.22331291226e-06,1,0,ATR_TRAILING_STOP,239500,241134.904676,,0 days 00:30:00,30,0.5,SOURCE,SOURCE,SOURCE,UNAVAILABLE,DERIVED
v2,quarterly,true_oos,T3,M30,MIX,V2_TRUE_OOS,TradingSystemLab/results/true_oos_v2/T3/M30/trades.csv,560,T3-M30-MIX-000102,v2|true_oos|T3|M30|MIX|TradingSystemLab/results/true_oos_v2/T3/M30/trades.csv|560|T3-M30-MIX-000102,SHORT,2026-06-22 13:00:00+03:00,2026-06-23 09:30:00+03:00,2026-06-22,2026-06-23,2026,6,2026,6,0,1,13,9,3.06202887195,3.06202976052,8.88568912818e-07,0.199928005384,4.73162946075,ATR_TRAILING_STOP,238250,231357.950087,,0 days 20:30:00,1230,20.5,SOURCE,SOURCE,SOURCE,UNAVAILABLE,DERIVED
v2,quarterly,true_oos,T3,M30,MIX,V2_TRUE_OOS,TradingSystemLab/results/true_oos_v2/T3/M30/trades.csv,565,T3-M30-MIX-000103,v2|true_oos|T3|M30|MIX|TradingSystemLab/results/true_oos_v2/T3/M30/trades.csv|565|T3-M30-MIX-000103,SHORT,2026-06-24 11:00:00+03:00,2026-06-25 10:30:00+03:00,2026-06-24,2026-06-25,2026,6,2026,6,2,3,11,10,1.43476495869,1.43476589944,9.40748112535e-07,0.881951355502,3.10446877137,ATR_TRAILING_STOP,228600,225549.732195,,0 days 23:30:00,1410,23.5,SOURCE,SOURCE,SOURCE,UNAVAILABLE,DERIVED
v2,quarterly,true_oos,T3,M30,MIX,V2_TRUE_OOS,TradingSystemLab/results/true_oos_v2/T3/M30/trades.csv,566,T3-M30-MIX-000104,v2|true_oos|T3|M30|MIX|TradingSystemLab/results/true_oos_v2/T3/M30/trades.csv|566|T3-M30-MIX-000104,SHORT,2026-06-25 13:30:00+03:00,2026-06-25 19:00:00+03:00,2026-06-25,2026-06-25,2026,6,2026,6,3,3,13,19,-1.0000012095,-1.00000060475,6.04749491422e-07,1,0.241899796569,ATR_TRAILING_STOP,221625,224932.154497,,0 days 05:30:00,330,5.5,SOURCE,SOURCE,SOURCE,UNAVAILABLE,DERIVED
v2,quarterly,true_oos,T3,M30,MIX,V2_TRUE_OOS,TradingSystemLab/results/true_oos_v2/T3/M30/trades.csv,567,T3-M30-MIX-000105,v2|true_oos|T3|M30|MIX|TradingSystemLab/results/true_oos_v2/T3/M30/trades.csv|567|T3-M30-MIX-000105,SHORT,2026-06-26 09:30:00+03:00,2026-06-26 10:30:00+03:00,2026-06-26,2026-06-26,2026,6,2026,6,4,4,9,10,-1.00000155785,-1.00000077893,7.78925166694e-07,1,0.116838775004,ATR_TRAILING_STOP,220800,223367.640751,,0 days 01:00:00,60,1,SOURCE,SOURCE,SOURCE,UNAVAILABLE,DERIVED
v2,quarterly,true_oos,T3,M30,MIX,V2_TRUE_OOS,TradingSystemLab/results/true_oos_v2/T3/M30/trades.csv,571,T3-M30-MIX-000106,v2|true_oos|T3|M30|MIX|TradingSystemLab/results/true_oos_v2/T3/M30/trades.csv|571|T3-M30-MIX-000106,SHORT,2026-06-26 11:30:00+03:00,2026-06-26 15:00:00+03:00,2026-06-26,2026-06-26,2026,6,2026,6,4,4,11,15,-1.00000136195,-1.00000068097,6.80973639387e-07,1,0.0936338754157,ATR_TRAILING_STOP,219500,222436.971249,,0 days 03:30:00,210,3.5,SOURCE,SOURCE,SOURCE,UNAVAILABLE,DERIVED
v2,quarterly,true_oos,T3,M30,MIX,V2_TRUE_OOS,TradingSystemLab/results/true_oos_v2/T3/M30/trades.csv,581,T3-M30-MIX-000107,v2|true_oos|T3|M30|MIX|TradingSystemLab/results/true_oos_v2/T3/M30/trades.csv|581|T3-M30-MIX-000107,SHORT,2026-07-04 12:00:00+03:00,2026-07-05 10:00:00+03:00,2026-07-04,2026-07-05,2026,7,2026,7,5,6,12,10,-0.699019597956,-0.699018562374,1.03558152117e-06,0.699017526793,0.245950611279,ATR_TRAILING_STOP,220525,221875,,0 days 22:00:00,1320,22,SOURCE,SOURCE,SOURCE,UNAVAILABLE,DERIVED
v2,quarterly,true_oos,T3,M30,MIX,V2_TRUE_OOS,TradingSystemLab/results/true_oos_v2/T3/M30/trades.csv,592,T3-M30-MIX-000108,v2|true_oos|T3|M30|MIX|TradingSystemLab/results/true_oos_v2/T3/M30/trades.csv|592|T3-M30-MIX-000108,SHORT,2026-07-16 10:30:00+03:00,2026-07-16 11:30:00+03:00,2026-07-16,2026-07-16,2026,7,2026,7,3,3,10,11,-0.706773829928,-0.706772787302,1.0426263853e-06,0.706771744675,0.873199597686,ATR_TRAILING_STOP,205300,206655.752654,,0 days 01:00:00,60,1,SOURCE,SOURCE,SOURCE,UNAVAILABLE,DERIVED
v2,quarterly,true_oos,T3,M30,MIX,V2_TRUE_OOS,TradingSystemLab/results/true_oos_v2/T3/M30/trades.csv,595,T3-M30-MIX-000109,v2|true_oos|T3|M30|MIX|TradingSystemLab/results/true_oos_v2/T3/M30/trades.csv|595|T3-M30-MIX-000109,SHORT,2026-07-16 18:30:00+03:00,2026-07-17 08:00:00+03:00,2026-07-16,2026-07-17,2026,7,2026,7,3,4,18,8,0.619140273628,0.619140988847,7.15218929721e-07,0,2.08307513281,ATR_TRAILING_STOP,202350,200618.66522,,0 days 13:30:00,810,13.5,SOURCE,SOURCE,SOURCE,UNAVAILABLE,DERIVED
v2,quarterly,true_oos,T3,M30,MIX,V2_TRUE_OOS,TradingSystemLab/results/true_oos_v2/T3/M30/trades.csv,597,T3-M30-MIX-000110,v2|true_oos|T3|M30|MIX|TradingSystemLab/results/true_oos_v2/T3/M30/trades.csv|597|T3-M30-MIX-000110,SHORT,2026-07-17 18:00:00+03:00,2026-07-18 10:30:00+03:00,2026-07-17,2026-07-18,2026,7,2026,7,4,5,18,10,0.302624133791,0.302624757511,6.23719879487e-07,0.140336972885,1.66065417913,ATR_TRAILING_STOP,196950,195979.611237,,0 days 16:30:00,990,16.5,SOURCE,SOURCE,SOURCE,UNAVAILABLE,DERIVED
v2,quarterly,true_oos,T3,M30,MIX,V2_TRUE_OOS,TradingSystemLab/results/true_oos_v2/T3/M30/trades.csv,602,T3-M30-MIX-000111,v2|true_oos|T3|M30|MIX|TradingSystemLab/results/true_oos_v2/T3/M30/trades.csv|602|T3-M30-MIX-000111,LONG,2026-07-22 12:30:00+03:00,2026-07-23 10:30:00+03:00,2026-07-22,2026-07-23,2026,7,2026,7,2,3,12,10,0.418324988301,0.418325524237,5.35935670178e-07,0.247870247457,1.40013193834,ATR_TRAILING_STOP,214725,216286.105496,,0 days 22:00:00,1320,22,SOURCE,SOURCE,SOURCE,UNAVAILABLE,DERIVED
v2,quarterly,true_oos,T3,M30,MIX,V2_TRUE_OOS,TradingSystemLab/results/true_oos_v2/T3/M30/trades.csv,606,T3-M30-MIX-000112,v2|true_oos|T3|M30|MIX|TradingSystemLab/results/true_oos_v2/T3/M30/trades.csv|606|T3-M30-MIX-000112,LONG,2026-07-24 17:00:00+03:00,2026-07-26 10:30:00+03:00,2026-07-24,2026-07-26,2026,7,2026,7,4,6,17,10,0.151458730349,0.151459211608,4.81258676287e-07,0.727903747885,0.571494678091,ATR_TRAILING_STOP,222575,223204.431532,,1 days 17:30:00,2490,41.5,SOURCE,SOURCE,SOURCE,UNAVAILABLE,DERIVED
v2,quarterly,true_oos,T3,M30,MIX,V2_TRUE_OOS,TradingSystemLab/results/true_oos_v2/T3/M30/trades.csv,621,T3-M30-MIX-000113,v2|true_oos|T3|M30|MIX|TradingSystemLab/results/true_oos_v2/T3/M30/trades.csv|621|T3-M30-MIX-000113,LONG,2026-07-31 13:00:00+03:00,2026-08-04 08:30:00+03:00,2026-07-31,2026-08-04,2026,7,2026,8,4,1,13,8,1.61297641978,1.61297721443,7.9465372729e-07,0.774787384108,2.38396118187,ATR_TRAILING_STOP,225575,229634.574513,,3 days 19:30:00,5490,91.5,SOURCE,SOURCE,SOURCE,UNAVAILABLE,DERIVED
v2,quarterly,true_oos,T3,M30,MIX,V2_TRUE_OOS,TradingSystemLab/results/true_oos_v2/T3/M30/trades.csv,640,T3-M30-MIX-000114,v2|true_oos|T3|M30|MIX|TradingSystemLab/results/true_oos_v2/T3/M30/trades.csv|640|T3-M30-MIX-000114,SHORT,2026-08-13 16:00:00+03:00,2026-08-14 10:30:00+03:00,2026-08-13,2026-08-14,2026,8,2026,8,3,4,16,10,0.267376523719,0.267377487579,9.63860504987e-07,0.108434306811,1.31325993804,ATR_TRAILING_STOP,227325,226770.192639,,0 days 18:30:00,1110,18.5,SOURCE,SOURCE,SOURCE,UNAVAILABLE,DERIVED
v2,quarterly,true_oos,T3,M30,MIX,V2_TRUE_OOS,TradingSystemLab/results/true_oos_v2/T3/M30/trades.csv,643,T3-M30-MIX-000115,v2|true_oos|T3|M30|MIX|TradingSystemLab/results/true_oos_v2/T3/M30/trades.csv|643|T3-M30-MIX-000115,SHORT,2026-08-14 11:30:00+03:00,2026-08-17 09:30:00+03:00,2026-08-14,2026-08-17,2026,8,2026,8,4,0,11,9,4.32818719739,4.32818812253,9.25144361476e-07,0.208157481332,5.96718113152,ATR_TRAILING_STOP,223925,214568.213691,,2 days 22:00:00,4200,70,SOURCE,SOURCE,SOURCE,UNAVAILABLE,DERIVED
v2,quarterly,true_oos,T3,M30,MIX,V2_TRUE_OOS,TradingSystemLab/results/true_oos_v2/T3/M30/trades.csv,655,T3-M30-MIX-000116,v2|true_oos|T3|M30|MIX|TradingSystemLab/results/true_oos_v2/T3/M30/trades.csv|655|T3-M30-MIX-000116,SHORT,2026-08-20 18:00:00+03:00,2026-08-21 12:00:00+03:00,2026-08-20,2026-08-21,2026,8,2026,8,3,4,18,12,-0.370884705533,-0.370883895552,8.09981084426e-07,0.374616251547,0.850480138648,ATR_TRAILING_STOP,214025,214940.782091,,0 days 18:00:00,1080,18,SOURCE,SOURCE,SOURCE,UNAVAILABLE,DERIVED
v2,quarterly,true_oos,T3,M30,MIX,V2_TRUE_OOS,TradingSystemLab/results/true_oos_v2/T3/M30/trades.csv,659,T3-M30-MIX-000117,v2|true_oos|T3|M30|MIX|TradingSystemLab/results/true_oos_v2/T3/M30/trades.csv|659|T3-M30-MIX-000117,SHORT,2026-08-25 11:30:00+03:00,2026-08-25 12:00:00+03:00,2026-08-25,2026-08-25,2026,8,2026,8,1,1,11,12,-1.00000183756,-1.00000091878,9.1878147063e-07,1,0,ATR_TRAILING_STOP,208250,210426.796185,,0 days 00:30:00,30,0.5,SOURCE,SOURCE,SOURCE,UNAVAILABLE,DERIVED
v2,quarterly,true_oos,T3,M30,MIX,V2_TRUE_OOS,TradingSystemLab/results/true_oos_v2/T3/M30/trades.csv,664,T3-M30-MIX-000118,v2|true_oos|T3|M30|MIX|TradingSystemLab/results/true_oos_v2/T3/M30/trades.csv|664|T3-M30-MIX-000118,SHORT,2026-08-26 13:30:00+03:00,2026-08-26 16:30:00+03:00,2026-08-26,2026-08-26,2026,8,2026,8,2,2,13,16,-0.677615656677,-0.677614796565,8.60111951593e-07,0.677613936453,0.752597957644,ATR_TRAILING_STOP,209850,211425.641253,,0 days 03:00:00,180,3,SOURCE,SOURCE,SOURCE,UNAVAILABLE,DERIVED
v2,quarterly,true_oos,T3,M30,MIX,V2_TRUE_OOS,TradingSystemLab/results/true_oos_v2/T3/M30/trades.csv,666,T3-M30-MIX-000119,v2|true_oos|T3|M30|MIX|TradingSystemLab/results/true_oos_v2/T3/M30/trades.csv|666|T3-M30-MIX-000119,SHORT,2026-08-26 19:00:00+03:00,2026-08-27 11:30:00+03:00,2026-08-26,2026-08-27,2026,8,2026,8,2,3,19,11,-0.553572461854,-0.553571673898,7.87956033758e-07,0.553570885942,0.571268124475,ATR_TRAILING_STOP,207750,209155.080645,,0 days 16:30:00,990,16.5,SOURCE,SOURCE,SOURCE,UNAVAILABLE,DERIVED
v2,quarterly,true_oos,T3,M30,MIX,V2_TRUE_OOS,TradingSystemLab/results/true_oos_v2/T3/M30/trades.csv,673,T3-M30-MIX-000120,v2|true_oos|T3|M30|MIX|TradingSystemLab/results/true_oos_v2/T3/M30/trades.csv|673|T3-M30-MIX-000120,LONG,2026-09-01 13:00:00+03:00,2026-09-01 16:00:00+03:00,2026-09-01,2026-09-01,2026,9,2026,9,1,1,13,16,-0.960421639939,-0.960420680473,9.5946621127e-07,0.960419721007,0.53969974384,ATR_TRAILING_STOP,220575,218573.012416,,0 days 03:00:00,180,3,SOURCE,SOURCE,SOURCE,UNAVAILABLE,DERIVED
v2,quarterly,true_oos,T3,M30,MIX,V2_TRUE_OOS,TradingSystemLab/results/true_oos_v2/T3/M30/trades.csv,681,T3-M30-MIX-000121,v2|true_oos|T3|M30|MIX|TradingSystemLab/results/true_oos_v2/T3/M30/trades.csv|681|T3-M30-MIX-000121,LONG,2026-09-02 19:00:00+03:00,2026-09-03 11:30:00+03:00,2026-09-02,2026-09-03,2026,9,2026,9,2,3,19,11,-0.390389836522,-0.390388880225,9.56296824603e-07,0.418379860764,0.549870674147,ATR_TRAILING_STOP,219625,218808.542361,,0 days 16:30:00,990,16.5,SOURCE,SOURCE,SOURCE,UNAVAILABLE,DERIVED
v2,quarterly,true_oos,T3,M30,MIX,V2_TRUE_OOS,TradingSystemLab/results/true_oos_v2/T3/M30/trades.csv,683,T3-M30-MIX-000122,v2|true_oos|T3|M30|MIX|TradingSystemLab/results/true_oos_v2/T3/M30/trades.csv|683|T3-M30-MIX-000122,LONG,2026-09-03 14:00:00+03:00,2026-09-06 10:30:00+03:00,2026-09-03,2026-09-06,2026,9,2026,9,3,6,14,10,2.20650000119,2.20650102146,1.0202655803e-06,0.369846272857,2.95877018286,ATR_TRAILING_STOP,221950,226275.348388,,2 days 20:30:00,4110,68.5,SOURCE,SOURCE,SOURCE,UNAVAILABLE,DERIVED
v2,quarterly,true_oos,T3,M30,MIX,V2_TRUE_OOS,TradingSystemLab/results/true_oos_v2/T3/M30/trades.csv,686,T3-M30-MIX-000123,v2|true_oos|T3|M30|MIX|TradingSystemLab/results/true_oos_v2/T3/M30/trades.csv|686|T3-M30-MIX-000123,LONG,2026-09-09 11:00:00+03:00,2026-09-09 12:30:00+03:00,2026-09-09,2026-09-09,2026,9,2026,9,2,2,11,12,-1.00000264997,-1.00000132498,1.3249849786e-06,1,0.414057805811,ATR_TRAILING_STOP,228850,227340.548925,,0 days 01:30:00,90,1.5,SOURCE,SOURCE,SOURCE,UNAVAILABLE,DERIVED
v2,quarterly,true_oos,T3,M30,MIX,V2_TRUE_OOS,TradingSystemLab/results/true_oos_v2/T3/M30/trades.csv,698,T3-M30-MIX-000124,v2|true_oos|T3|M30|MIX|TradingSystemLab/results/true_oos_v2/T3/M30/trades.csv|698|T3-M30-MIX-000124,LONG,2026-09-14 07:30:00+03:00,2026-09-14 19:30:00+03:00,2026-09-14,2026-09-14,2026,9,2026,9,0,0,7,19,2.7295973461,2.72959861001,1.26390963031e-06,0.252781926062,4.96084529897,ATR_TRAILING_STOP,230900,235219.29595,,0 days 12:00:00,720,12,SOURCE,SOURCE,SOURCE,UNAVAILABLE,DERIVED
v2,quarterly,true_oos,T3,M30,NG,V2_TRUE_OOS,TradingSystemLab/results/true_oos_v2/T3/M30/trades.csv,17,T3-M30-NG-000001,v2|true_oos|T3|M30|NG|TradingSystemLab/results/true_oos_v2/T3/M30/trades.csv|17|T3-M30-NG-000001,LONG,2025-02-03 19:00:00+03:00,2025-02-04 09:00:00+03:00,2025-02-03,2025-02-04,2025,2,2025,2,0,1,19,9,-0.978453996377,-0.940818717053,0.0376352793238,0.903183437729,1.20424458364,ATR_TRAILING_STOP,3.34076598659,3.29276934865,,0 days 14:00:00,840,14,SOURCE,SOURCE,SOURCE,UNAVAILABLE,DERIVED
v2,quarterly,true_oos,T3,M30,NG,V2_TRUE_OOS,TradingSystemLab/results/true_oos_v2/T3/M30/trades.csv,25,T3-M30-NG-000002,v2|true_oos|T3|M30|NG|TradingSystemLab/results/true_oos_v2/T3/M30/trades.csv|25|T3-M30-NG-000002,LONG,2025-02-06 22:00:00+03:00,2025-02-07 17:30:00+03:00,2025-02-06,2025-02-07,2025,2,2025,2,3,4,22,17,-0.788499120647,-0.760545112213,0.0279540084345,0.732591103778,0.153736277497,ATR_TRAILING_STOP,3.41876052324,3.36634649428,,0 days 19:30:00,1170,19.5,SOURCE,SOURCE,SOURCE,UNAVAILABLE,DERIVED
v2,quarterly,true_oos,T3,M30,NG,V2_TRUE_OOS,TradingSystemLab/results/true_oos_v2/T3/M30/trades.csv,26,T3-M30-NG-000003,v2|true_oos|T3|M30|NG|TradingSystemLab/results/true_oos_v2/T3/M30/trades.csv|26|T3-M30-NG-000003,LONG,2025-02-10 11:30:00+03:00,2025-02-10 17:30:00+03:00,2025-02-10,2025-02-10,2025,2,2025,2,0,0,11,17,-0.990561817826,-0.950929650451,0.0396321673751,0.911297483076,0.396293914222,ATR_TRAILING_STOP,3.42775989285,3.38177212365,,0 days 06:00:00,360,6,SOURCE,SOURCE,SOURCE,UNAVAILABLE,DERIVED
v2,quarterly,true_oos,T3,M30,NG,V2_TRUE_OOS,TradingSystemLab/results/true_oos_v2/T3/M30/trades.csv,28,T3-M30-NG-000004,v2|true_oos|T3|M30|NG|TradingSystemLab/results/true_oos_v2/T3/M30/trades.csv|28|T3-M30-NG-000004,LONG,2025-02-10 19:30:00+03:00,2025-02-11 22:30:00+03:00,2025-02-10,2025-02-11,2025,2,2025,2,0,1,19,22,0.782942279758,0.818622991814,0.0356807120562,0.356782128748,2.10501455961,ATR_TRAILING_STOP,3.44975835191,3.49764437518,,1 days 03:00:00,1620,27,SOURCE,SOURCE,SOURCE,UNAVAILABLE,DERIVED
v2,quarterly,true_oos,T3,M30,NG,V2_TRUE_OOS,TradingSystemLab/results/true_oos_v2/T3/M30/trades.csv,34,T3-M30-NG-000005,v2|true_oos|T3|M30|NG|TradingSystemLab/results/true_oos_v2/T3/M30/trades.csv|34|T3-M30-NG-000005,LONG,2025-02-13 10:00:00+03:00,2025-02-13 20:00:00+03:00,2025-02-13,2025-02-13,2025,2,2025,2,3,3,10,20,0.114118785428,0.152984919602,0.0388661341746,0.718973119723,1.7682852404,ATR_TRAILING_STOP,3.67874231208,3.68861471425,,0 days 10:00:00,600,10,SOURCE,SOURCE,SOURCE,UNAVAILABLE,DERIVED
v2,quarterly,true_oos,T3,M30,NG,V2_TRUE_OOS,TradingSystemLab/results/true_oos_v2/T3/M30/trades.csv,39,T3-M30-NG-000006,v2|true_oos|T3|M30|NG|TradingSystemLab/results/true_oos_v2/T3/M30/trades.csv|39|T3-M30-NG-000006,LONG,2025-02-14 15:30:00+03:00,2025-02-14 17:00:00+03:00,2025-02-14,2025-02-14,2025,2,2025,2,4,4,15,17,-1.08163527505,-1.04081763752,0.0408176375244,1,0.204073892688,ATR_TRAILING_STOP,3.7387381095,3.6897396833,,0 days 01:30:00,90,1.5,SOURCE,SOURCE,SOURCE,UNAVAILABLE,DERIVED
v2,quarterly,true_oos,T3,M30,NG,V2_TRUE_OOS,TradingSystemLab/results/true_oos_v2/T3/M30/trades.csv,40,T3-M30-NG-000007,v2|true_oos|T3|M30|NG|TradingSystemLab/results/true_oos_v2/T3/M30/trades.csv|40|T3-M30-NG-000007,LONG,2025-02-14 18:00:00+03:00,2025-02-17 09:00:00+03:00,2025-02-14,2025-02-17,2025,2,2025,2,4,0,18,9,-1.94329164063,-1.90949297925,0.033798661373,1.87569431788,0.625231439294,ATR_TRAILING_STOP,3.75073726899,3.63974504375,,2 days 15:00:00,3780,63,SOURCE,SOURCE,SOURCE,UNAVAILABLE,DERIVED
v2,quarterly,true_oos,T3,M30,NG,V2_TRUE_OOS,TradingSystemLab/results/true_oos_v2/T3/M30/trades.csv,44,T3-M30-NG-000008,v2|true_oos|T3|M30|NG|TradingSystemLab/results/true_oos_v2/T3/M30/trades.csv|44|T3-M30-NG-000008,LONG,2025-02-18 20:00:00+03:00,2025-02-20 09:30:00+03:00,2025-02-18,2025-02-20,2025,2,2025,2,1,3,20,9,6.79490145003,6.82820427303,0.0333028229917,0.299704413281,9.19093534063,ATR_TRAILING_STOP,3.83273152547,4.24479912092,,1 days 13:30:00,2250,37.5,SOURCE,SOURCE,SOURCE,UNAVAILABLE,DERIVED
v2,quarterly,true_oos,T3,M30,NG,V2_TRUE_OOS,TradingSystemLab/results/true_oos_v2/T3/M30/trades.csv,48,T3-M30-NG-000009,v2|true_oos|T3|M30|NG|TradingSystemLab/results/true_oos_v2/T3/M30/trades.csv|48|T3-M30-NG-000009,LONG,2025-02-21 09:00:00+03:00,2025-02-21 15:30:00+03:00,2025-02-21,2025-02-21,2025,2,2025,2,4,4,9,15,-0.244846528797,-0.224830606485,0.020015922312,0.204814684173,0.960696976234,ATR_TRAILING_STOP,4.26370133697,4.2432361612,,0 days 06:30:00,390,6.5,SOURCE,SOURCE,SOURCE,UNAVAILABLE,DERIVED
v2,quarterly,true_oos,T3,M30,NG,V2_TRUE_OOS,TradingSystemLab/results/true_oos_v2/T3/M30/trades.csv,57,T3-M30-NG-000010,v2|true_oos|T3|M30|NG|TradingSystemLab/results/true_oos_v2/T3/M30/trades.csv|57|T3-M30-NG-000010,LONG,2025-03-04 16:00:00+03:00,2025-03-04 22:30:00+03:00,2025-03-04,2025-03-04,2025,3,2025,3,1,1,16,22,2.09866013398,2.12395473603,0.0252946020574,0.345090087285,4.48617113471,ATR_TRAILING_STOP,4.21715194696,4.38708933781,,0 days 06:30:00,390,6.5,SOURCE,SOURCE,SOURCE,UNAVAILABLE,DERIVED
v2,quarterly,true_oos,T3,M30,NG,V2_TRUE_OOS,TradingSystemLab/results/true_oos_v2/T3/M30/trades.csv,61,T3-M30-NG-000011,v2|true_oos|T3|M30|NG|TradingSystemLab/results/true_oos_v2/T3/M30/trades.csv|61|T3-M30-NG-000011,LONG,2025-03-10 10:30:00+03:00,2025-03-10 15:30:00+03:00,2025-03-10,2025-03-10,2025,3,2025,3,0,0,10,15,-1.03660583994,-1.01830291997,0.0183029199687,1,0.110979431461,ATR_TRAILING_STOP,4.69212472795,4.58285254606,,0 days 05:00:00,300,5,SOURCE,SOURCE,SOURCE,UNAVAILABLE,DERIVED
v2,quarterly,true_oos,T3,M30,NG,V2_TRUE_OOS,TradingSystemLab/results/true_oos_v2/T3/M30/trades.csv,89,T3-M30-NG-000012,v2|true_oos|T3|M30|NG|TradingSystemLab/results/true_oos_v2/T3/M30/trades.csv|89|T3-M30-NG-000012,SHORT,2025-04-07 09:00:00+03:00,2025-04-07 14:30:00+03:00,2025-04-07,2025-04-07,2025,4,2025,4,0,0,9,14,-0.415181184332,-0.389383423364,0.0257977609678,0.363585662396,0.781716302043,ATR_TRAILING_STOP,3.82104578031,3.8492331616,,0 days 05:30:00,330,5.5,SOURCE,SOURCE,SOURCE,UNAVAILABLE,DERIVED
v2,quarterly,true_oos,T3,M30,NG,V2_TRUE_OOS,TradingSystemLab/results/true_oos_v2/T3/M30/trades.csv,92,T3-M30-NG-000013,v2|true_oos|T3|M30|NG|TradingSystemLab/results/true_oos_v2/T3/M30/trades.csv|92|T3-M30-NG-000013,SHORT,2025-04-07 21:30:00+03:00,2025-04-08 15:00:00+03:00,2025-04-07,2025-04-08,2025,4,2025,4,0,1,21,15,-0.458502377256,-0.440941869917,0.0175605073387,0.423381362579,0.505507750542,ATR_TRAILING_STOP,3.70589927781,3.75411899657,,0 days 17:30:00,1050,17.5,SOURCE,SOURCE,SOURCE,UNAVAILABLE,DERIVED
v2,quarterly,true_oos,T3,M30,NG,V2_TRUE_OOS,TradingSystemLab/results/true_oos_v2/T3/M30/trades.csv,93,T3-M30-NG-000014,v2|true_oos|T3|M30|NG|TradingSystemLab/results/true_oos_v2/T3/M30/trades.csv|93|T3-M30-NG-000014,SHORT,2025-04-08 18:00:00+03:00,2025-04-09 16:30:00+03:00,2025-04-08,2025-04-09,2025,4,2025,4,1,2,18,16,1.20752415316,1.22788818895,0.0203640357879,0.287963727794,2.601957969,ATR_TRAILING_STOP,3.64731596952,3.5247221735,,0 days 22:30:00,1350,22.5,SOURCE,SOURCE,SOURCE,UNAVAILABLE,DERIVED
v2,quarterly,true_oos,T3,M30,NG,V2_TRUE_OOS,TradingSystemLab/results/true_oos_v2/T3/M30/trades.csv,98,T3-M30-NG-000015,v2|true_oos|T3|M30|NG|TradingSystemLab/results/true_oos_v2/T3/M30/trades.csv|98|T3-M30-NG-000015,SHORT,2025-04-10 17:00:00+03:00,2025-04-11 17:00:00+03:00,2025-04-10,2025-04-11,2025,4,2025,4,3,4,17,17,1.04880069052,1.06819572222,0.0193950317008,0.617087781453,2.23327006621,ATR_TRAILING_STOP,3.68064785182,3.56849637193,,1 days 00:00:00,1440,24,SOURCE,SOURCE,SOURCE,UNAVAILABLE,DERIVED
v2,quarterly,true_oos,T3,M30,NG,V2_TRUE_OOS,TradingSystemLab/results/true_oos_v2/T3/M30/trades.csv,111,T3-M30-NG-000016,v2|true_oos|T3|M30|NG|TradingSystemLab/results/true_oos_v2/T3/M30/trades.csv|111|T3-M30-NG-000016,SHORT,2025-04-30 16:30:00+03:00,2025-05-02 09:00:00+03:00,2025-04-30,2025-05-02,2025,4,2025,5,2,4,16,9,-1.72785738491,-1.69645485975,0.031402525161,1.66505233459,0.692543891378,ATR_TRAILING_STOP,3.11286538322,3.21891114393,,1 days 16:30:00,2430,40.5,SOURCE,SOURCE,SOURCE,UNAVAILABLE,DERIVED
v2,quarterly,true_oos,T3,M30,NG,V2_TRUE_OOS,TradingSystemLab/results/true_oos_v2/T3/M30/trades.csv,114,T3-M30-NG-000017,v2|true_oos|T3|M30|NG|TradingSystemLab/results/true_oos_v2/T3/M30/trades.csv|114|T3-M30-NG-000017,LONG,2025-05-02 15:00:00+03:00,2025-05-05 15:30:00+03:00,2025-05-02,2025-05-05,2025,5,2025,5,4,0,15,15,3.170041488,3.21249875089,0.0424572628917,0.597665408147,4.68171236382,ATR_TRAILING_STOP,3.27897245974,3.4323010444,,3 days 00:30:00,4350,72.5,SOURCE,SOURCE,SOURCE,UNAVAILABLE,DERIVED
v2,quarterly,true_oos,T3,M30,NG,V2_TRUE_OOS,TradingSystemLab/results/true_oos_v2/T3/M30/trades.csv,128,T3-M30-NG-000018,v2|true_oos|T3|M30|NG|TradingSystemLab/results/true_oos_v2/T3/M30/trades.csv|128|T3-M30-NG-000018,SHORT,2025-05-21 19:00:00+03:00,2025-05-23 13:00:00+03:00,2025-05-21,2025-05-23,2025,5,2025,5,2,4,19,13,0.541046378236,0.565711009988,0.0246646317519,0.648108228632,1.29621645726,ATR_TRAILING_STOP,3.1457114153,3.09783917073,,1 days 18:00:00,2520,42,SOURCE,SOURCE,SOURCE,UNAVAILABLE,DERIVED
v2,quarterly,true_oos,T3,M30,NG,V2_TRUE_OOS,TradingSystemLab/results/true_oos_v2/T3/M30/trades.csv,142,T3-M30-NG-000019,v2|true_oos|T3|M30|NG|TradingSystemLab/results/true_oos_v2/T3/M30/trades.csv|142|T3-M30-NG-000019,LONG,2025-06-06 20:00:00+03:00,2025-06-09 10:30:00+03:00,2025-06-06,2025-06-09,2025,6,2025,6,4,0,20,10,-0.854884828298,-0.816941856681,0.0379429716164,0.778998885065,0.370460442053,ATR_TRAILING_STOP,3.21604879688,3.17498723255,,2 days 14:30:00,3750,62.5,SOURCE,SOURCE,SOURCE,UNAVAILABLE,DERIVED
v2,quarterly,true_oos,T3,M30,NG,V2_TRUE_OOS,TradingSystemLab/results/true_oos_v2/T3/M30/trades.csv,148,T3-M30-NG-000020,v2|true_oos|T3|M30|NG|TradingSystemLab/results/true_oos_v2/T3/M30/trades.csv|148|T3-M30-NG-000020,LONG,2025-06-16 21:30:00+03:00,2025-06-17 16:00:00+03:00,2025-06-16,2025-06-17,2025,6,2025,6,0,1,21,16,0.209993464882,0.25277708703,0.0427836221486,0.435884529685,1.41662472147,ATR_TRAILING_STOP,3.18463543746,3.19845197259,,0 days 18:30:00,1110,18.5,SOURCE,SOURCE,SOURCE,UNAVAILABLE,DERIVED
v2,quarterly,true_oos,T3,M30,NG,V2_TRUE_OOS,TradingSystemLab/results/true_oos_v2/T3/M30/trades.csv,149,T3-M30-NG-000021,v2|true_oos|T3|M30|NG|TradingSystemLab/results/true_oos_v2/T3/M30/trades.csv|149|T3-M30-NG-000021,LONG,2025-06-17 18:00:00+03:00,2025-06-17 20:30:00+03:00,2025-06-17,2025-06-17,2025,6,2025,6,1,1,18,20,-1.08778492716,-1.04389246358,0.0438924635788,1,0.298121023622,ATR_TRAILING_STOP,3.27378145744,3.22821554847,,0 days 02:30:00,150,2.5,SOURCE,SOURCE,SOURCE,UNAVAILABLE,DERIVED
v2,quarterly,true_oos,T3,M30,NG,V2_TRUE_OOS,TradingSystemLab/results/true_oos_v2/T3/M30/trades.csv,152,T3-M30-NG-000022,v2|true_oos|T3|M30|NG|TradingSystemLab/results/true_oos_v2/T3/M30/trades.csv|152|T3-M30-NG-000022,LONG,2025-06-18 16:30:00+03:00,2025-06-20 15:30:00+03:00,2025-06-18,2025-06-20,2025,6,2025,6,2,4,16,15,2.33869212526,2.38071177132,0.0420196460662,0.356750876918,3.37129578688,ATR_TRAILING_STOP,3.3501923317,3.46550655465,,1 days 23:00:00,2820,47,SOURCE,SOURCE,SOURCE,UNAVAILABLE,DERIVED
v2,quarterly,true_oos,T3,M30,NG,V2_TRUE_OOS,TradingSystemLab/results/true_oos_v2/T3/M30/trades.csv,153,T3-M30-NG-000023,v2|true_oos|T3|M30|NG|TradingSystemLab/results/true_oos_v2/T3/M30/trades.csv|153|T3-M30-NG-000023,SHORT,2025-06-23 20:30:00+03:00,2025-06-24 14:30:00+03:00,2025-06-23,2025-06-24,2025,6,2025,6,0,1,20,14,0.416921598924,0.452778722413,0.0358571234892,0.365316553929,1.65914601576,ATR_TRAILING_STOP,3.13624188376,3.10898728002,,0 days 18:00:00,1080,18,SOURCE,SOURCE,SOURCE,UNAVAILABLE,DERIVED
v2,quarterly,true_oos,T3,M30,NG,V2_TRUE_OOS,TradingSystemLab/results/true_oos_v2/T3/M30/trades.csv,160,T3-M30-NG-000024,v2|true_oos|T3|M30|NG|TradingSystemLab/results/true_oos_v2/T3/M30/trades.csv|160|T3-M30-NG-000024,SHORT,2025-06-24 19:30:00+03:00,2025-06-26 21:00:00+03:00,2025-06-24,2025-06-26,2025,6,2025,6,1,3,19,21,3.6323749486,3.67099822167,0.0386232730773,0.0163957670158,5.06295094931,ATR_TRAILING_STOP,3.03266269864,2.8405701493,,2 days 01:30:00,2970,49.5,SOURCE,SOURCE,SOURCE,UNAVAILABLE,DERIVED
v2,quarterly,true_oos,T3,M30,NG,V2_TRUE_OOS,TradingSystemLab/results/true_oos_v2/T3/M30/trades.csv,164,T3-M30-NG-000025,v2|true_oos|T3|M30|NG|TradingSystemLab/results/true_oos_v2/T3/M30/trades.csv|164|T3-M30-NG-000025,SHORT,2025-06-30 12:30:00+03:00,2025-07-01 14:30:00+03:00,2025-06-30,2025-07-01,2025,6,2025,7,0,1,12,14,3.50599055565,3.56108790748,0.055097351829,0.0663297028608,5.06316731838,ATR_TRAILING_STOP,2.90773216846,2.77646686661,,1 days 02:00:00,1560,26,SOURCE,SOURCE,SOURCE,UNAVAILABLE,DERIVED
v2,quarterly,true_oos,T3,M30,NG,V2_TRUE_OOS,TradingSystemLab/results/true_oos_v2/T3/M30/trades.csv,165,T3-M30-NG-000026,v2|true_oos|T3|M30|NG|TradingSystemLab/results/true_oos_v2/T3/M30/trades.csv|165|T3-M30-NG-000026,SHORT,2025-07-01 16:00:00+03:00,2025-07-01 20:00:00+03:00,2025-07-01,2025-07-01,2025,7,2025,7,1,1,16,20,-0.517844048514,-0.473729838007,0.0441142105075,0.442562479226,1.18606744432,ATR_TRAILING_STOP,2.71591654928,2.73539397493,,0 days 04:00:00,240,4,SOURCE,SOURCE,SOURCE,UNAVAILABLE,DERIVED
v2,quarterly,true_oos,T3,M30,NG,V2_TRUE_OOS,TradingSystemLab/results/true_oos_v2/T3/M30/trades.csv,167,T3-M30-NG-000027,v2|true_oos|T3|M30|NG|TradingSystemLab/results/true_oos_v2/T3/M30/trades.csv|167|T3-M30-NG-000027,SHORT,2025-07-03 21:00:00+03:00,2025-07-07 15:30:00+03:00,2025-07-03,2025-07-07,2025,7,2025,7,3,0,21,15,1.16738577371,1.20608545441,0.0386996807047,0.434831987556,2.06545194089,ATR_TRAILING_STOP,2.74400670272,2.67967619081,,3 days 18:30:00,5430,90.5,SOURCE,SOURCE,SOURCE,UNAVAILABLE,DERIVED
v2,quarterly,true_oos,T3,M30,NG,V2_TRUE_OOS,TradingSystemLab/results/true_oos_v2/T3/M30/trades.csv,179,T3-M30-NG-000028,v2|true_oos|T3|M30|NG|TradingSystemLab/results/true_oos_v2/T3/M30/trades.csv|179|T3-M30-NG-000028,SHORT,2025-07-21 18:30:00+03:00,2025-07-23 00:00:00+03:00,2025-07-21,2025-07-23,2025,7,2025,7,0,2,18,0,0.785968233211,0.830687578872,0.0447193456613,0.376851984345,1.88425992172,ATR_TRAILING_STOP,2.67578775866,2.63663660779,,1 days 05:30:00,1770,29.5,SOURCE,SOURCE,SOURCE,UNAVAILABLE,DERIVED
v2,quarterly,true_oos,T3,M30,NG,V2_TRUE_OOS,TradingSystemLab/results/true_oos_v2/T3/M30/trades.csv,184,T3-M30-NG-000029,v2|true_oos|T3|M30|NG|TradingSystemLab/results/true_oos_v2/T3/M30/trades.csv|184|T3-M30-NG-000029,SHORT,2025-07-28 10:00:00+03:00,2025-07-28 15:30:00+03:00,2025-07-28,2025-07-28,2025,7,2025,7,0,0,10,15,-1.12031471054,-1.06015735527,0.0601573552723,1,0.410387125394,ATR_TRAILING_STOP,2.46390774418,2.49715388658,,0 days 05:30:00,330,5.5,SOURCE,SOURCE,SOURCE,UNAVAILABLE,DERIVED
v2,quarterly,true_oos,T3,M30,NG,V2_TRUE_OOS,TradingSystemLab/results/true_oos_v2/T3/M30/trades.csv,188,T3-M30-NG-000030,v2|true_oos|T3|M30|NG|TradingSystemLab/results/true_oos_v2/T3/M30/trades.csv|188|T3-M30-NG-000030,SHORT,2025-07-28 18:00:00+03:00,2025-07-29 14:30:00+03:00,2025-07-28,2025-07-29,2025,7,2025,7,0,1,18,14,0.604378434308,0.654342311743,0.0499638774356,0.160399198101,1.31444615063,ATR_TRAILING_STOP,2.44304077305,2.4148481577,,0 days 20:30:00,1230,20.5,SOURCE,SOURCE,SOURCE,UNAVAILABLE,DERIVED
v2,quarterly,true_oos,T3,M30,NG,V2_TRUE_OOS,TradingSystemLab/results/true_oos_v2/T3/M30/trades.csv,192,T3-M30-NG-000031,v2|true_oos|T3|M30|NG|TradingSystemLab/results/true_oos_v2/T3/M30/trades.csv|192|T3-M30-NG-000031,SHORT,2025-08-01 17:30:00+03:00,2025-08-01 18:00:00+03:00,2025-08-01,2025-08-01,2025,8,2025,8,4,4,17,18,-1.11344474085,-1.05672237043,0.0567223704266,1,0,ATR_TRAILING_STOP,2.34997391831,2.38523337565,,0 days 00:30:00,30,0.5,SOURCE,SOURCE,SOURCE,UNAVAILABLE,DERIVED
v2,quarterly,true_oos,T3,M30,NG,V2_TRUE_OOS,TradingSystemLab/results/true_oos_v2/T3/M30/trades.csv,195,T3-M30-NG-000032,v2|true_oos|T3|M30|NG|TradingSystemLab/results/true_oos_v2/T3/M30/trades.csv|195|T3-M30-NG-000032,SHORT,2025-08-04 20:00:00+03:00,2025-08-05 10:30:00+03:00,2025-08-04,2025-08-05,2025,8,2025,8,0,1,20,10,-1.10814327002,-1.05407163501,0.0540716350112,1,0.123806689182,ATR_TRAILING_STOP,2.24083255088,2.27782052063,,0 days 14:30:00,870,14.5,SOURCE,SOURCE,SOURCE,UNAVAILABLE,DERIVED
v2,quarterly,true_oos,T3,M30,NG,V2_TRUE_OOS,TradingSystemLab/results/true_oos_v2/T3/M30/trades.csv,197,T3-M30-NG-000033,v2|true_oos|T3|M30|NG|TradingSystemLab/results/true_oos_v2/T3/M30/trades.csv|197|T3-M30-NG-000033,SHORT,2025-08-06 10:00:00+03:00,2025-08-06 15:00:00+03:00,2025-08-06,2025-08-06,2025,8,2025,8,2,2,10,15,-1.13392192931,-1.0666312268,0.0672907025089,0.999340524295,0.256790184867,ATR_TRAILING_STOP,2.27136160471,2.301063792,,0 days 05:00:00,300,5,SOURCE,SOURCE,SOURCE,UNAVAILABLE,DERIVED
v2,quarterly,true_oos,T3,M30,NG,V2_TRUE_OOS,TradingSystemLab/results/true_oos_v2/T3/M30/trades.csv,201,T3-M30-NG-000034,v2|true_oos|T3|M30|NG|TradingSystemLab/results/true_oos_v2/T3/M30/trades.csv|201|T3-M30-NG-000034,SHORT,2025-08-07 19:30:00+03:00,2025-08-08 10:30:00+03:00,2025-08-07,2025-08-08,2025,8,2025,8,3,4,19,10,-1.10123801393,-1.05061900696,0.0506190069647,1,0,ATR_TRAILING_STOP,2.33547261775,2.37498346792,,0 days 15:00:00,900,15,SOURCE,SOURCE,SOURCE,UNAVAILABLE,DERIVED
v2,quarterly,true_oos,T3,M30,NG,V2_TRUE_OOS,TradingSystemLab/results/true_oos_v2/T3/M30/trades.csv,206,T3-M30-NG-000035,v2|true_oos|T3|M30|NG|TradingSystemLab/results/true_oos_v2/T3/M30/trades.csv|206|T3-M30-NG-000035,SHORT,2025-08-08 19:00:00+03:00,2025-08-11 15:30:00+03:00,2025-08-08,2025-08-11,2025,8,2025,8,4,0,19,15,0.924402350982,0.984809117826,0.0604067668433,0.391884305248,2.21299372375,ATR_TRAILING_STOP,2.31257582738,2.27796990691,,2 days 20:30:00,4110,68.5,SOURCE,SOURCE,SOURCE,UNAVAILABLE,DERIVED
v2,quarterly,true_oos,T3,M30,NG,V2_TRUE_OOS,TradingSystemLab/results/true_oos_v2/T3/M30/trades.csv,226,T3-M30-NG-000036,v2|true_oos|T3|M30|NG|TradingSystemLab/results/true_oos_v2/T3/M30/trades.csv|226|T3-M30-NG-000036,LONG,2025-09-09 13:30:00+03:00,2025-09-09 15:00:00+03:00,2025-09-09,2025-09-09,2025,9,2025,9,1,1,13,15,-1.17346659347,-1.08673329673,0.0867332967341,1,0.347331518866,ATR_TRAILING_STOP,2.29572372533,2.27266453035,,0 days 01:30:00,90,1.5,SOURCE,SOURCE,SOURCE,UNAVAILABLE,DERIVED
v2,quarterly,true_oos,T3,M30,NG,V2_TRUE_OOS,TradingSystemLab/results/true_oos_v2/T3/M30/trades.csv,236,T3-M30-NG-000037,v2|true_oos|T3|M30|NG|TradingSystemLab/results/true_oos_v2/T3/M30/trades.csv|236|T3-M30-NG-000037,SHORT,2025-09-11 18:00:00+03:00,2025-09-12 15:30:00+03:00,2025-09-11,2025-09-12,2025,9,2025,9,3,4,18,15,0.402505518423,0.463367385065,0.0608618666417,0.28804097777,1.39589089227,ATR_TRAILING_STOP,2.16684865416,2.14962179995,,0 days 21:30:00,1290,21.5,SOURCE,SOURCE,SOURCE,UNAVAILABLE,DERIVED
v2,quarterly,true_oos,T3,M30,NG,V2_TRUE_OOS,TradingSystemLab/results/true_oos_v2/T3/M30/trades.csv,241,T3-M30-NG-000038,v2|true_oos|T3|M30|NG|TradingSystemLab/results/true_oos_v2/T3/M30/trades.csv|241|T3-M30-NG-000038,LONG,2025-09-16 19:00:00+03:00,2025-09-17 19:00:00+03:00,2025-09-16,2025-09-17,2025,9,2025,9,1,2,19,19,-0.387727728217,-0.330648250095,0.0570794781216,0.706520173359,0.914320224347,ATR_TRAILING_STOP,2.27533670842,2.26575116976,,1 days 00:00:00,1440,24,SOURCE,SOURCE,SOURCE,UNAVAILABLE,DERIVED
v2,quarterly,true_oos,T3,M30,NG,V2_TRUE_OOS,TradingSystemLab/results/true_oos_v2/T3/M30/trades.csv,243,T3-M30-NG-000039,v2|true_oos|T3|M30|NG|TradingSystemLab/results/true_oos_v2/T3/M30/trades.csv|243|T3-M30-NG-000039,SHORT,2025-09-18 20:00:00+03:00,2025-09-20 00:00:00+03:00,2025-09-18,2025-09-20,2025,9,2025,9,3,5,20,0,0.460261207959,0.517501462564,0.0572402546059,0.145869754804,1.58372876645,ATR_TRAILING_STOP,2.14573352951,2.12565179783,,1 days 04:00:00,1680,28,SOURCE,SOURCE,SOURCE,UNAVAILABLE,DERIVED
v2,quarterly,true_oos,T3,M30,NG,V2_TRUE_OOS,TradingSystemLab/results/true_oos_v2/T3/M30/trades.csv,245,T3-M30-NG-000040,v2|true_oos|T3|M30|NG|TradingSystemLab/results/true_oos_v2/T3/M30/trades.csv|245|T3-M30-NG-000040,SHORT,2025-09-22 14:30:00+03:00,2025-09-22 15:30:00+03:00,2025-09-22,2025-09-22,2025,9,2025,9,0,0,14,15,-1.17432343405,-1.08716171703,0.0871617170251,1,0.0634631213811,ATR_TRAILING_STOP,2.08966923301,2.11261508663,,0 days 01:00:00,60,1,SOURCE,SOURCE,SOURCE,UNAVAILABLE,DERIVED
v2,quarterly,true_oos,T3,M30,NG,V2_TRUE_OOS,TradingSystemLab/results/true_oos_v2/T3/M30/trades.csv,247,T3-M30-NG-000041,v2|true_oos|T3|M30|NG|TradingSystemLab/results/true_oos_v2/T3/M30/trades.csv|247|T3-M30-NG-000041,SHORT,2025-09-22 18:30:00+03:00,2025-09-23 16:00:00+03:00,2025-09-22,2025-09-23,2025,9,2025,9,0,1,18,16,0.142063432466,0.200017296331,0.0579538638655,0.0843933144626,1.24480138832,ATR_TRAILING_STOP,2.06636978512,2.05746714626,,0 days 21:30:00,1290,21.5,SOURCE,SOURCE,SOURCE,UNAVAILABLE,DERIVED
v2,quarterly,true_oos,T3,M30,NG,V2_TRUE_OOS,TradingSystemLab/results/true_oos_v2/T3/M30/trades.csv,259,T3-M30-NG-000042,v2|true_oos|T3|M30|NG|TradingSystemLab/results/true_oos_v2/T3/M30/trades.csv|259|T3-M30-NG-000042,LONG,2025-09-30 16:00:00+03:00,2025-10-01 17:00:00+03:00,2025-09-30,2025-10-01,2025,9,2025,10,1,2,16,17,0.0556918348074,0.127025196559,0.0713333617515,0.95727406769,1.37754073155,ATR_TRAILING_STOP,2.18446931247,2.19003076516,,1 days 01:00:00,1500,25,SOURCE,SOURCE,SOURCE,UNAVAILABLE,DERIVED
v2,quarterly,true_oos,T3,M30,NG,V2_TRUE_OOS,TradingSystemLab/results/true_oos_v2/T3/M30/trades.csv,262,T3-M30-NG-000043,v2|true_oos|T3|M30|NG|TradingSystemLab/results/true_oos_v2/T3/M30/trades.csv|262|T3-M30-NG-000043,LONG,2025-10-01 19:30:00+03:00,2025-10-02 13:30:00+03:00,2025-10-01,2025-10-02,2025,10,2025,10,2,3,19,13,0.207992916238,0.264627048481,0.0566341322428,0.16683244161,1.31612259492,ATR_TRAILING_STOP,2.23749359006,2.24883873363,,0 days 18:00:00,1080,18,SOURCE,SOURCE,SOURCE,UNAVAILABLE,DERIVED
v2,quarterly,true_oos,T3,M30,NG,V2_TRUE_OOS,TradingSystemLab/results/true_oos_v2/T3/M30/trades.csv,264,T3-M30-NG-000044,v2|true_oos|T3|M30|NG|TradingSystemLab/results/true_oos_v2/T3/M30/trades.csv|264|T3-M30-NG-000044,LONG,2025-10-02 16:00:00+03:00,2025-10-02 16:30:00+03:00,2025-10-02,2025-10-02,2025,10,2025,10,3,3,16,16,-1.12429002295,-1.06214501148,0.0621450114756,1,0,ATR_TRAILING_STOP,2.29771869547,2.26553590312,,0 days 00:30:00,30,0.5,SOURCE,SOURCE,SOURCE,UNAVAILABLE,DERIVED
v2,quarterly,true_oos,T3,M30,NG,V2_TRUE_OOS,TradingSystemLab/results/true_oos_v2/T3/M30/trades.csv,266,T3-M30-NG-000045,v2|true_oos|T3|M30|NG|TradingSystemLab/results/true_oos_v2/T3/M30/trades.csv|266|T3-M30-NG-000045,LONG,2025-10-02 18:00:00+03:00,2025-10-02 19:30:00+03:00,2025-10-02,2025-10-02,2025,10,2025,10,3,3,18,19,-0.962457661501,-0.915472022471,0.0469856390302,0.868486383441,0.599776562323,ATR_TRAILING_STOP,2.31801193751,2.28104377441,,0 days 01:30:00,90,1.5,SOURCE,SOURCE,SOURCE,UNAVAILABLE,DERIVED
v2,quarterly,true_oos,T3,M30,NG,V2_TRUE_OOS,TradingSystemLab/results/true_oos_v2/T3/M30/trades.csv,285,T3-M30-NG-000046,v2|true_oos|T3|M30|NG|TradingSystemLab/results/true_oos_v2/T3/M30/trades.csv|285|T3-M30-NG-000046,SHORT,2025-10-09 20:30:00+03:00,2025-10-12 10:30:00+03:00,2025-10-09,2025-10-12,2025,10,2025,10,3,6,20,10,2.62080011558,2.67812737884,0.0573272632567,0.225165682983,3.13355575484,ATR_TRAILING_STOP,2.14191896626,2.04648602609,,2 days 14:00:00,3720,62,SOURCE,SOURCE,SOURCE,UNAVAILABLE,DERIVED
v2,quarterly,true_oos,T3,M30,NG,V2_TRUE_OOS,TradingSystemLab/results/true_oos_v2/T3/M30/trades.csv,290,T3-M30-NG-000047,v2|true_oos|T3|M30|NG|TradingSystemLab/results/true_oos_v2/T3/M30/trades.csv|290|T3-M30-NG-000047,SHORT,2025-10-14 18:30:00+03:00,2025-10-15 16:30:00+03:00,2025-10-14,2025-10-15,2025,10,2025,10,1,2,18,16,-0.193452386745,-0.136749367536,0.0567030192087,0.501106105097,1.02077169557,ATR_TRAILING_STOP,1.98153689207,1.98436024608,,0 days 22:00:00,1320,22,SOURCE,SOURCE,SOURCE,UNAVAILABLE,DERIVED
v2,quarterly,true_oos,T3,M30,NG,V2_TRUE_OOS,TradingSystemLab/results/true_oos_v2/T3/M30/trades.csv,297,T3-M30-NG-000048,v2|true_oos|T3|M30|NG|TradingSystemLab/results/true_oos_v2/T3/M30/trades.csv|297|T3-M30-NG-000048,SHORT,2025-10-16 19:30:00+03:00,2025-10-17 16:00:00+03:00,2025-10-16,2025-10-17,2025,10,2025,10,3,4,19,16,0.466471237443,0.520499146415,0.0540279089715,0.0176838940913,1.46776320958,ATR_TRAILING_STOP,1.95666130506,1.93539351712,,0 days 20:30:00,1230,20.5,SOURCE,SOURCE,SOURCE,UNAVAILABLE,DERIVED
v2,quarterly,true_oos,T3,M30,NG,V2_TRUE_OOS,TradingSystemLab/results/true_oos_v2/T3/M30/trades.csv,302,T3-M30-NG-000049,v2|true_oos|T3|M30|NG|TradingSystemLab/results/true_oos_v2/T3/M30/trades.csv|302|T3-M30-NG-000049,LONG,2025-10-20 16:30:00+03:00,2025-10-21 15:30:00+03:00,2025-10-20,2025-10-21,2025,10,2025,10,0,1,16,15,3.55062649602,3.62023447068,0.0696079746584,0.0227834109297,5.53636885591,ATR_TRAILING_STOP,2.13013579346,2.23615360143,,0 days 23:00:00,1380,23,SOURCE,SOURCE,SOURCE,UNAVAILABLE,DERIVED
v2,quarterly,true_oos,T3,M30,NG,V2_TRUE_OOS,TradingSystemLab/results/true_oos_v2/T3/M30/trades.csv,304,T3-M30-NG-000050,v2|true_oos|T3|M30|NG|TradingSystemLab/results/true_oos_v2/T3/M30/trades.csv|304|T3-M30-NG-000050,LONG,2025-10-22 09:00:00+03:00,2025-10-22 09:30:00+03:00,2025-10-22,2025-10-22,2025,10,2025,10,2,2,9,9,-1.08562326037,-1.04281163018,0.0428116301848,1,0,ATR_TRAILING_STOP,2.32586738604,2.27915110844,,0 days 00:30:00,30,0.5,SOURCE,SOURCE,SOURCE,UNAVAILABLE,DERIVED
v2,quarterly,true_oos,T3,M30,NG,V2_TRUE_OOS,TradingSystemLab/results/true_oos_v2/T3/M30/trades.csv,308,T3-M30-NG-000051,v2|true_oos|T3|M30|NG|TradingSystemLab/results/true_oos_v2/T3/M30/trades.csv|308|T3-M30-NG-000051,LONG,2025-10-24 22:00:00+03:00,2025-10-27 12:30:00+03:00,2025-10-24,2025-10-27,2025,10,2025,10,4,0,22,12,-1.07326397437,-1.03585090602,0.0374130683426,0.998437837681,0.0489827387952,ATR_TRAILING_STOP,2.21392724446,2.16055349663,,2 days 14:30:00,3750,62.5,SOURCE,SOURCE,SOURCE,UNAVAILABLE,DERIVED
v2,quarterly,true_oos,T3,M30,NG,V2_TRUE_OOS,TradingSystemLab/results/true_oos_v2/T3/M30/trades.csv,312,T3-M30-NG-000052,v2|true_oos|T3|M30|NG|TradingSystemLab/results/true_oos_v2/T3/M30/trades.csv|312|T3-M30-NG-000052,LONG,2025-10-27 18:00:00+03:00,2025-10-28 09:30:00+03:00,2025-10-27,2025-10-28,2025,10,2025,10,0,1,18,9,-0.635062591712,-0.594618660321,0.040443931391,0.55417472893,0.807500771195,ATR_TRAILING_STOP,2.22963814153,2.20223354905,,0 days 15:30:00,930,15.5,SOURCE,SOURCE,SOURCE,UNAVAILABLE,DERIVED
v2,quarterly,true_oos,T3,M30,NG,V2_TRUE_OOS,TradingSystemLab/results/true_oos_v2/T3/M30/trades.csv,315,T3-M30-NG-000053,v2|true_oos|T3|M30|NG|TradingSystemLab/results/true_oos_v2/T3/M30/trades.csv|315|T3-M30-NG-000053,LONG,2025-11-05 09:00:00+03:00,2025-11-05 10:00:00+03:00,2025-11-05,2025-11-05,2025,11,2025,11,2,2,9,10,-1.10544636495,-1.05272318248,0.0527231824756,1,0.346027141642,ATR_TRAILING_STOP,2.44660687167,2.4086728945,,0 days 01:00:00,60,1,SOURCE,SOURCE,SOURCE,UNAVAILABLE,DERIVED
v2,quarterly,true_oos,T3,M30,NG,V2_TRUE_OOS,TradingSystemLab/results/true_oos_v2/T3/M30/trades.csv,316,T3-M30-NG-000054,v2|true_oos|T3|M30|NG|TradingSystemLab/results/true_oos_v2/T3/M30/trades.csv|316|T3-M30-NG-000054,LONG,2025-11-05 18:30:00+03:00,2025-11-05 19:30:00+03:00,2025-11-05,2025-11-05,2025,11,2025,11,2,2,18,19,-1.10770565725,-1.05385282862,0.0538528286244,1,0.245872079442,ATR_TRAILING_STOP,2.46658150206,2.42944324858,,0 days 01:00:00,60,1,SOURCE,SOURCE,SOURCE,UNAVAILABLE,DERIVED
v2,quarterly,true_oos,T3,M30,NG,V2_TRUE_OOS,TradingSystemLab/results/true_oos_v2/T3/M30/trades.csv,317,T3-M30-NG-000055,v2|true_oos|T3|M30|NG|TradingSystemLab/results/true_oos_v2/T3/M30/trades.csv|317|T3-M30-NG-000055,LONG,2025-11-06 16:00:00+03:00,2025-11-06 17:30:00+03:00,2025-11-06,2025-11-06,2025,11,2025,11,3,3,16,17,-1.1340406478,-1.0670203239,0.0670203238985,1,0.1912437427,ATR_TRAILING_STOP,2.46201587226,2.43217417822,,0 days 01:30:00,90,1.5,SOURCE,SOURCE,SOURCE,UNAVAILABLE,DERIVED
v2,quarterly,true_oos,T3,M30,NG,V2_TRUE_OOS,TradingSystemLab/results/true_oos_v2/T3/M30/trades.csv,318,T3-M30-NG-000056,v2|true_oos|T3|M30|NG|TradingSystemLab/results/true_oos_v2/T3/M30/trades.csv|318|T3-M30-NG-000056,LONG,2025-11-06 22:00:00+03:00,2025-11-07 15:00:00+03:00,2025-11-06,2025-11-07,2025,11,2025,11,3,4,22,15,-0.377002646923,-0.33398972516,0.0430129217632,0.290976803397,0.675059954233,ATR_TRAILING_STOP,2.48370261383,2.47017287479,,0 days 17:00:00,1020,17,SOURCE,SOURCE,SOURCE,UNAVAILABLE,DERIVED
v2,quarterly,true_oos,T3,M30,NG,V2_TRUE_OOS,TradingSystemLab/results/true_oos_v2/T3/M30/trades.csv,321,T3-M30-NG-000057,v2|true_oos|T3|M30|NG|TradingSystemLab/results/true_oos_v2/T3/M30/trades.csv|321|T3-M30-NG-000057,LONG,2025-11-13 17:30:00+03:00,2025-11-14 09:00:00+03:00,2025-11-13,2025-11-14,2025,11,2025,11,3,4,17,9,0.031875559885,0.0879780316173,0.0561024717323,0.560313068582,2.03313599171,ATR_TRAILING_STOP,2.59556054405,2.60069687758,,0 days 15:30:00,930,15.5,SOURCE,SOURCE,SOURCE,UNAVAILABLE,DERIVED
v2,quarterly,true_oos,T3,M30,NG,V2_TRUE_OOS,TradingSystemLab/results/true_oos_v2/T3/M30/trades.csv,323,T3-M30-NG-000058,v2|true_oos|T3|M30|NG|TradingSystemLab/results/true_oos_v2/T3/M30/trades.csv|323|T3-M30-NG-000058,LONG,2025-11-14 22:30:00+03:00,2025-11-15 14:30:00+03:00,2025-11-14,2025-11-15,2025,11,2025,11,4,5,22,14,-0.877506180322,-0.836285909606,0.0412202707162,0.882171077556,0.188196496545,ATR_TRAILING_STOP,2.60240898876,2.5638325493,,0 days 16:00:00,960,16,SOURCE,SOURCE,SOURCE,UNAVAILABLE,DERIVED
v2,quarterly,true_oos,T3,M30,NG,V2_TRUE_OOS,TradingSystemLab/results/true_oos_v2/T3/M30/trades.csv,328,T3-M30-NG-000059,v2|true_oos|T3|M30|NG|TradingSystemLab/results/true_oos_v2/T3/M30/trades.csv|328|T3-M30-NG-000059,LONG,2025-11-20 19:30:00+03:00,2025-11-20 21:30:00+03:00,2025-11-20,2025-11-20,2025,11,2025,11,3,3,19,21,-1.09469101503,-1.04734550751,0.0473455075147,1,0.486364635527,ATR_TRAILING_STOP,2.60982813719,2.56758548092,,0 days 02:00:00,120,2,SOURCE,SOURCE,SOURCE,UNAVAILABLE,DERIVED
v2,quarterly,true_oos,T3,M30,NG,V2_TRUE_OOS,TradingSystemLab/results/true_oos_v2/T3/M30/trades.csv,336,T3-M30-NG-000060,v2|true_oos|T3|M30|NG|TradingSystemLab/results/true_oos_v2/T3/M30/trades.csv|336|T3-M30-NG-000060,LONG,2025-12-01 22:00:00+03:00,2025-12-02 16:30:00+03:00,2025-12-01,2025-12-02,2025,12,2025,12,0,1,22,16,-0.720328567291,-0.678078712563,0.0422498547279,0.754228246838,0.538734462027,ATR_TRAILING_STOP,2.78995279512,2.75985428416,,0 days 18:30:00,1110,18.5,SOURCE,SOURCE,SOURCE,UNAVAILABLE,DERIVED
v2,quarterly,true_oos,T3,M30,NG,V2_TRUE_OOS,TradingSystemLab/results/true_oos_v2/T3/M30/trades.csv,340,T3-M30-NG-000061,v2|true_oos|T3|M30|NG|TradingSystemLab/results/true_oos_v2/T3/M30/trades.csv|340|T3-M30-NG-000061,LONG,2025-12-03 14:30:00+03:00,2025-12-04 17:00:00+03:00,2025-12-03,2025-12-04,2025,12,2025,12,2,3,14,17,0.059522988538,0.124368858176,0.0648458696377,0.643113145812,1.56184621126,ATR_TRAILING_STOP,2.80185387346,2.80768970322,,1 days 02:30:00,1590,26.5,SOURCE,SOURCE,SOURCE,UNAVAILABLE,DERIVED
v2,quarterly,true_oos,T3,M30,NG,V2_TRUE_OOS,TradingSystemLab/results/true_oos_v2/T3/M30/trades.csv,344,T3-M30-NG-000062,v2|true_oos|T3|M30|NG|TradingSystemLab/results/true_oos_v2/T3/M30/trades.csv|344|T3-M30-NG-000062,LONG,2025-12-04 22:00:00+03:00,2025-12-05 22:00:00+03:00,2025-12-04,2025-12-05,2025,12,2025,12,3,4,22,22,3.09713268147,3.14059475738,0.0434620759109,0.467984087592,5.07393273915,ATR_TRAILING_STOP,2.86702644536,3.01354760279,,1 days 00:00:00,1440,24,SOURCE,SOURCE,SOURCE,UNAVAILABLE,DERIVED
v2,quarterly,true_oos,T3,M30,NG,V2_TRUE_OOS,TradingSystemLab/results/true_oos_v2/T3/M30/trades.csv,349,T3-M30-NG-000063,v2|true_oos|T3|M30|NG|TradingSystemLab/results/true_oos_v2/T3/M30/trades.csv|349|T3-M30-NG-000063,SHORT,2025-12-09 16:00:00+03:00,2025-12-10 17:00:00+03:00,2025-12-09,2025-12-10,2025,12,2025,12,1,2,16,17,2.85112712524,2.90064167516,0.0495145499234,0.364790237751,4.2792700967,ATR_TRAILING_STOP,2.70154478455,2.58238157981,,1 days 01:00:00,1500,25,SOURCE,SOURCE,SOURCE,UNAVAILABLE,DERIVED
v2,quarterly,true_oos,T3,M30,NG,V2_TRUE_OOS,TradingSystemLab/results/true_oos_v2/T3/M30/trades.csv,353,T3-M30-NG-000064,v2|true_oos|T3|M30|NG|TradingSystemLab/results/true_oos_v2/T3/M30/trades.csv|353|T3-M30-NG-000064,SHORT,2025-12-11 13:30:00+03:00,2025-12-12 15:00:00+03:00,2025-12-11,2025-12-12,2025,12,2025,12,3,4,13,15,3.35527578275,3.40676825186,0.0514924691122,0.160499404773,4.7420278683,ATR_TRAILING_STOP,2.54683076605,2.41250973695,,1 days 01:30:00,1530,25.5,SOURCE,SOURCE,SOURCE,UNAVAILABLE,DERIVED
v2,quarterly,true_oos,T3,M30,NG,V2_TRUE_OOS,TradingSystemLab/results/true_oos_v2/T3/M30/trades.csv,357,T3-M30-NG-000065,v2|true_oos|T3|M30|NG|TradingSystemLab/results/true_oos_v2/T3/M30/trades.csv|357|T3-M30-NG-000065,SHORT,2025-12-16 18:30:00+03:00,2025-12-16 20:30:00+03:00,2025-12-16,2025-12-16,2025,12,2025,12,1,1,18,20,-1.10202202995,-1.05101101497,0.0510110149732,1,0.231270889793,ATR_TRAILING_STOP,2.18979841567,2.22900563397,,0 days 02:00:00,120,2,SOURCE,SOURCE,SOURCE,UNAVAILABLE,DERIVED
v2,quarterly,true_oos,T3,M30,NG,V2_TRUE_OOS,TradingSystemLab/results/true_oos_v2/T3/M30/trades.csv,363,T3-M30-NG-000066,v2|true_oos|T3|M30|NG|TradingSystemLab/results/true_oos_v2/T3/M30/trades.csv|363|T3-M30-NG-000066,SHORT,2025-12-18 20:30:00+03:00,2025-12-19 14:30:00+03:00,2025-12-18,2025-12-19,2025,12,2025,12,3,4,20,14,0.836797944606,0.886330208374,0.0495322637675,0.112283305096,2.17548903623,ATR_TRAILING_STOP,2.28160673434,2.24381873916,,0 days 18:00:00,1080,18,SOURCE,SOURCE,SOURCE,UNAVAILABLE,DERIVED
v2,quarterly,true_oos,T3,M30,NG,V2_TRUE_OOS,TradingSystemLab/results/true_oos_v2/T3/M30/trades.csv,370,T3-M30-NG-000067,v2|true_oos|T3|M30|NG|TradingSystemLab/results/true_oos_v2/T3/M30/trades.csv|370|T3-M30-NG-000067,LONG,2025-12-24 10:00:00+03:00,2025-12-24 15:00:00+03:00,2025-12-24,2025-12-24,2025,12,2025,12,2,2,10,15,-1.06640885354,-1.03320442677,0.0332044267708,1,0.0658614140723,ATR_TRAILING_STOP,2.53662984175,2.47639690914,,0 days 05:00:00,300,5,SOURCE,SOURCE,SOURCE,UNAVAILABLE,DERIVED
v2,quarterly,true_oos,T3,M30,NG,V2_TRUE_OOS,TradingSystemLab/results/true_oos_v2/T3/M30/trades.csv,371,T3-M30-NG-000068,v2|true_oos|T3|M30|NG|TradingSystemLab/results/true_oos_v2/T3/M30/trades.csv|371|T3-M30-NG-000068,LONG,2025-12-24 15:30:00+03:00,2025-12-24 16:00:00+03:00,2025-12-24,2025-12-24,2025,12,2025,12,2,2,15,16,-1.06471964981,-1.03235982491,0.0323598249063,1,0,ATR_TRAILING_STOP,2.56893276869,2.50712773712,,0 days 00:30:00,30,0.5,SOURCE,SOURCE,SOURCE,UNAVAILABLE,DERIVED
v2,quarterly,true_oos,T3,M30,NG,V2_TRUE_OOS,TradingSystemLab/results/true_oos_v2/T3/M30/trades.csv,374,T3-M30-NG-000069,v2|true_oos|T3|M30|NG|TradingSystemLab/results/true_oos_v2/T3/M30/trades.csv|374|T3-M30-NG-000069,LONG,2025-12-30 16:00:00+03:00,2025-12-30 18:30:00+03:00,2025-12-30,2025-12-30,2025,12,2025,12,1,1,16,18,-0.527885461767,-0.480982444663,0.0469030171044,0.434079427559,1.30038771516,ATR_TRAILING_STOP,2.61125199508,2.59274233603,,0 days 02:30:00,150,2.5,SOURCE,SOURCE,SOURCE,UNAVAILABLE,DERIVED
v2,quarterly,true_oos,T3,M30,NG,V2_TRUE_OOS,TradingSystemLab/results/true_oos_v2/T3/M30/trades.csv,378,T3-M30-NG-000070,v2|true_oos|T3|M30|NG|TradingSystemLab/results/true_oos_v2/T3/M30/trades.csv|378|T3-M30-NG-000070,SHORT,2026-01-05 15:00:00+03:00,2026-01-05 20:30:00+03:00,2026-01-05,2026-01-05,2026,1,2026,1,0,0,15,20,-0.38812643411,-0.354778978042,0.0333474560679,0.321431521974,1.02020340177,ATR_TRAILING_STOP,2.21162910005,2.23090682375,,0 days 05:30:00,330,5.5,SOURCE,SOURCE,SOURCE,UNAVAILABLE,DERIVED
v2,quarterly,true_oos,T3,M30,NG,V2_TRUE_OOS,TradingSystemLab/results/true_oos_v2/T3/M30/trades.csv,383,T3-M30-NG-000071,v2|true_oos|T3|M30|NG|TradingSystemLab/results/true_oos_v2/T3/M30/trades.csv|383|T3-M30-NG-000071,SHORT,2026-01-06 16:00:00+03:00,2026-01-08 09:00:00+03:00,2026-01-06,2026-01-08,2026,1,2026,1,1,3,16,9,-3.44480811104,-3.3888794441,0.0559286669458,3.33295077715,1.17633556841,ATR_TRAILING_STOP,2.16892617507,2.28811195078,,1 days 17:00:00,2460,41,SOURCE,SOURCE,SOURCE,UNAVAILABLE,DERIVED
v2,quarterly,true_oos,T3,M30,NG,V2_TRUE_OOS,TradingSystemLab/results/true_oos_v2/T3/M30/trades.csv,385,T3-M30-NG-000072,v2|true_oos|T3|M30|NG|TradingSystemLab/results/true_oos_v2/T3/M30/trades.csv|385|T3-M30-NG-000072,SHORT,2026-01-08 19:00:00+03:00,2026-01-09 12:30:00+03:00,2026-01-08,2026-01-09,2026,1,2026,1,3,4,19,12,-0.824997111826,-0.786762004643,0.0382351071834,0.748526897459,0.341171832757,ATR_TRAILING_STOP,2.16573938962,2.20489329568,,0 days 17:30:00,1050,17.5,SOURCE,SOURCE,SOURCE,UNAVAILABLE,DERIVED
v2,quarterly,true_oos,T3,M30,NG,V2_TRUE_OOS,TradingSystemLab/results/true_oos_v2/T3/M30/trades.csv,387,T3-M30-NG-000073,v2|true_oos|T3|M30|NG|TradingSystemLab/results/true_oos_v2/T3/M30/trades.csv|387|T3-M30-NG-000073,SHORT,2026-01-09 18:30:00+03:00,2026-01-12 11:00:00+03:00,2026-01-09,2026-01-12,2026,1,2026,1,4,0,18,11,0.140086857317,0.174397433636,0.0343105763187,0.787251206035,1.47609601132,ATR_TRAILING_STOP,2.09563010979,2.08346429783,,2 days 16:30:00,3870,64.5,SOURCE,SOURCE,SOURCE,UNAVAILABLE,DERIVED
v2,quarterly,true_oos,T3,M30,NG,V2_TRUE_OOS,TradingSystemLab/results/true_oos_v2/T3/M30/trades.csv,390,T3-M30-NG-000074,v2|true_oos|T3|M30|NG|TradingSystemLab/results/true_oos_v2/T3/M30/trades.csv|390|T3-M30-NG-000074,SHORT,2026-01-13 18:30:00+03:00,2026-01-13 19:30:00+03:00,2026-01-13,2026-01-13,2026,1,2026,1,1,1,18,19,-1.08193073957,-1.04096536978,0.0409653697837,1,0.0522191376993,ATR_TRAILING_STOP,2.12367382172,2.17249554628,,0 days 01:00:00,60,1,SOURCE,SOURCE,SOURCE,UNAVAILABLE,DERIVED
v2,quarterly,true_oos,T3,M30,NG,V2_TRUE_OOS,TradingSystemLab/results/true_oos_v2/T3/M30/trades.csv,394,T3-M30-NG-000075,v2|true_oos|T3|M30|NG|TradingSystemLab/results/true_oos_v2/T3/M30/trades.csv|394|T3-M30-NG-000075,SHORT,2026-01-15 19:00:00+03:00,2026-01-15 21:00:00+03:00,2026-01-15,2026-01-15,2026,1,2026,1,3,3,19,21,-1.07311696137,-1.03655848069,0.0365584806853,1,0.151455244465,ATR_TRAILING_STOP,1.95286212178,2.0075689904,,0 days 02:00:00,120,2,SOURCE,SOURCE,SOURCE,UNAVAILABLE,DERIVED
v2,quarterly,true_oos,T3,M30,NG,V2_TRUE_OOS,TradingSystemLab/results/true_oos_v2/T3/M30/trades.csv,396,T3-M30-NG-000076,v2|true_oos|T3|M30|NG|TradingSystemLab/results/true_oos_v2/T3/M30/trades.csv|396|T3-M30-NG-000076,SHORT,2026-01-16 20:30:00+03:00,2026-01-16 23:00:00+03:00,2026-01-16,2026-01-16,2026,1,2026,1,4,4,20,23,-1.07501510066,-1.03750755033,0.0375075503316,1,0.107575663987,ATR_TRAILING_STOP,1.95031269342,2.00363529067,,0 days 02:30:00,150,2.5,SOURCE,SOURCE,SOURCE,UNAVAILABLE,DERIVED
v2,quarterly,true_oos,T3,M30,NG,V2_TRUE_OOS,TradingSystemLab/results/true_oos_v2/T3/M30/trades.csv,398,T3-M30-NG-000077,v2|true_oos|T3|M30|NG|TradingSystemLab/results/true_oos_v2/T3/M30/trades.csv|398|T3-M30-NG-000077,LONG,2026-01-20 10:00:00+03:00,2026-01-20 18:00:00+03:00,2026-01-20,2026-01-20,2026,1,2026,1,1,1,10,18,1.01147513721,1.04550764681,0.0340325096085,0.401280933448,2.6679759359,ATR_TRAILING_STOP,2.3824408,2.44588250141,,0 days 08:00:00,480,8,SOURCE,SOURCE,SOURCE,UNAVAILABLE,DERIVED
v2,quarterly,true_oos,T3,M30,NG,V2_TRUE_OOS,TradingSystemLab/results/true_oos_v2/T3/M30/trades.csv,401,T3-M30-NG-000078,v2|true_oos|T3|M30|NG|TradingSystemLab/results/true_oos_v2/T3/M30/trades.csv|401|T3-M30-NG-000078,LONG,2026-01-21 09:00:00+03:00,2026-01-21 13:30:00+03:00,2026-01-21,2026-01-21,2026,1,2026,1,2,2,9,13,2.8342067879,2.85421553285,0.0200087449503,0.0828926503802,4.93530087648,ATR_TRAILING_STOP,2.66160320514,2.9489000131,,0 days 04:30:00,270,4.5,SOURCE,SOURCE,SOURCE,UNAVAILABLE,DERIVED
v2,quarterly,true_oos,T3,M30,NG,V2_TRUE_OOS,TradingSystemLab/results/true_oos_v2/T3/M30/trades.csv,402,T3-M30-NG-000079,v2|true_oos|T3|M30|NG|TradingSystemLab/results/true_oos_v2/T3/M30/trades.csv|402|T3-M30-NG-000079,LONG,2026-01-22 00:00:00+03:00,2026-01-22 16:00:00+03:00,2026-01-22,2026-01-22,2026,1,2026,1,3,3,0,16,0.980672750062,0.993167626575,0.0124948765133,0,2.38114573978,ATR_TRAILING_STOP,3.16766473408,3.3286367136,,0 days 16:00:00,960,16,SOURCE,SOURCE,SOURCE,UNAVAILABLE,DERIVED
v2,quarterly,true_oos,T3,M30,NG,V2_TRUE_OOS,TradingSystemLab/results/true_oos_v2/T3/M30/trades.csv,408,T3-M30-NG-000080,v2|true_oos|T3|M30|NG|TradingSystemLab/results/true_oos_v2/T3/M30/trades.csv|408|T3-M30-NG-000080,LONG,2026-01-23 17:00:00+03:00,2026-01-25 15:30:00+03:00,2026-01-23,2026-01-25,2026,1,2026,1,4,6,17,15,0.860236297105,0.870113142031,0.0098768449255,0.648392944772,1.26531050388,ATR_TRAILING_STOP,3.31744365008,3.49563617889,,1 days 22:30:00,2790,46.5,SOURCE,SOURCE,SOURCE,UNAVAILABLE,DERIVED
v2,quarterly,true_oos,T3,M30,NG,V2_TRUE_OOS,TradingSystemLab/results/true_oos_v2/T3/M30/trades.csv,411,T3-M30-NG-000081,v2|true_oos|T3|M30|NG|TradingSystemLab/results/true_oos_v2/T3/M30/trades.csv|411|T3-M30-NG-000081,LONG,2026-01-26 19:30:00+03:00,2026-01-26 21:30:00+03:00,2026-01-26,2026-01-26,2026,1,2026,1,0,0,19,21,0.346657054589,0.355280395049,0.00862334045983,0.489157098662,2.15998584016,ATR_TRAILING_STOP,4.21802921734,4.30242893163,,0 days 02:00:00,120,2,SOURCE,SOURCE,SOURCE,UNAVAILABLE,DERIVED
v2,quarterly,true_oos,T3,M30,NG,V2_TRUE_OOS,TradingSystemLab/results/true_oos_v2/T3/M30/trades.csv,418,T3-M30-NG-000082,v2|true_oos|T3|M30|NG|TradingSystemLab/results/true_oos_v2/T3/M30/trades.csv|418|T3-M30-NG-000082,LONG,2026-01-27 22:00:00+03:00,2026-01-29 19:00:00+03:00,2026-01-27,2026-01-29,2026,1,2026,1,1,3,22,19,0.0507151828619,0.0576260526284,0.00691086976654,0.863319600503,0.810122305203,ATR_TRAILING_STOP,4.43791741316,4.45659434518,,1 days 21:00:00,2700,45,SOURCE,SOURCE,SOURCE,UNAVAILABLE,DERIVED
v2,quarterly,true_oos,T3,M30,NG,V2_TRUE_OOS,TradingSystemLab/results/true_oos_v2/T3/M30/trades.csv,428,T3-M30-NG-000083,v2|true_oos|T3|M30|NG|TradingSystemLab/results/true_oos_v2/T3/M30/trades.csv|428|T3-M30-NG-000083,SHORT,2026-02-13 09:00:00+03:00,2026-02-13 19:00:00+03:00,2026-02-13,2026-02-13,2026,2,2026,2,4,4,9,19,-0.854369129024,-0.831206914782,0.0231622142422,0.80804470054,0.301455001468,ATR_TRAILING_STOP,3.73055721345,3.80032987785,,0 days 10:00:00,600,10,SOURCE,SOURCE,SOURCE,UNAVAILABLE,DERIVED
v2,quarterly,true_oos,T3,M30,NG,V2_TRUE_OOS,TradingSystemLab/results/true_oos_v2/T3/M30/trades.csv,439,T3-M30-NG-000084,v2|true_oos|T3|M30|NG|TradingSystemLab/results/true_oos_v2/T3/M30/trades.csv|439|T3-M30-NG-000084,LONG,2026-03-01 17:30:00+03:00,2026-03-02 09:00:00+03:00,2026-03-01,2026-03-02,2026,3,2026,3,6,0,17,9,-3.08581110486,-3.05563924088,0.030171863982,3.02546737689,0.0905828555956,ATR_TRAILING_STOP,3.73117063637,3.53062171578,,0 days 15:30:00,930,15.5,SOURCE,SOURCE,SOURCE,UNAVAILABLE,DERIVED
v2,quarterly,true_oos,T3,M30,NG,V2_TRUE_OOS,TradingSystemLab/results/true_oos_v2/T3/M30/trades.csv,443,T3-M30-NG-000085,v2|true_oos|T3|M30|NG|TradingSystemLab/results/true_oos_v2/T3/M30/trades.csv|443|T3-M30-NG-000085,LONG,2026-03-03 12:30:00+03:00,2026-03-03 15:00:00+03:00,2026-03-03,2026-03-03,2026,3,2026,3,1,1,12,15,-0.784499784937,-0.758200731902,0.0262990530353,0.731901678867,0.805349046818,ATR_TRAILING_STOP,3.80202324903,3.74636332258,,0 days 02:30:00,150,2.5,SOURCE,SOURCE,SOURCE,UNAVAILABLE,DERIVED
v2,quarterly,true_oos,T3,M30,NG,V2_TRUE_OOS,TradingSystemLab/results/true_oos_v2/T3/M30/trades.csv,449,T3-M30-NG-000086,v2|true_oos|T3|M30|NG|TradingSystemLab/results/true_oos_v2/T3/M30/trades.csv|449|T3-M30-NG-000086,LONG,2026-03-09 09:00:00+03:00,2026-03-09 16:30:00+03:00,2026-03-09,2026-03-09,2026,3,2026,3,0,0,9,16,-0.21063800916,-0.191344153232,0.0192938559283,0.172050297303,1.274340772,ATR_TRAILING_STOP,4.00017038614,3.98233566218,,0 days 07:30:00,450,7.5,SOURCE,SOURCE,SOURCE,UNAVAILABLE,DERIVED
v2,quarterly,true_oos,T3,M30,NG,V2_TRUE_OOS,TradingSystemLab/results/true_oos_v2/T3/M30/trades.csv,462,T3-M30-NG-000087,v2|true_oos|T3|M30|NG|TradingSystemLab/results/true_oos_v2/T3/M30/trades.csv|462|T3-M30-NG-000087,LONG,2026-03-19 12:30:00+03:00,2026-03-19 13:30:00+03:00,2026-03-19,2026-03-19,2026,3,2026,3,3,3,12,13,-1.05425060863,-1.02712530432,0.0271253043162,1,0.0488618308499,ATR_TRAILING_STOP,3.91610796434,3.84237607264,,0 days 01:00:00,60,1,SOURCE,SOURCE,SOURCE,UNAVAILABLE,DERIVED
v2,quarterly,true_oos,T3,M30,NG,V2_TRUE_OOS,TradingSystemLab/results/true_oos_v2/T3/M30/trades.csv,467,T3-M30-NG-000088,v2|true_oos|T3|M30|NG|TradingSystemLab/results/true_oos_v2/T3/M30/trades.csv|467|T3-M30-NG-000088,SHORT,2026-03-23 18:30:00+03:00,2026-03-24 20:30:00+03:00,2026-03-23,2026-03-24,2026,3,2026,3,0,1,18,20,-0.450614725035,-0.426990370911,0.0236243541239,0.68088700156,0.581590980499,ATR_TRAILING_STOP,3.52101458186,3.55516290309,,1 days 02:00:00,1560,26,SOURCE,SOURCE,SOURCE,UNAVAILABLE,DERIVED
v2,quarterly,true_oos,T3,M30,NG,V2_TRUE_OOS,TradingSystemLab/results/true_oos_v2/T3/M30/trades.csv,472,T3-M30-NG-000089,v2|true_oos|T3|M30|NG|TradingSystemLab/results/true_oos_v2/T3/M30/trades.csv|472|T3-M30-NG-000089,SHORT,2026-04-01 15:00:00+03:00,2026-04-02 09:00:00+03:00,2026-04-01,2026-04-02,2026,4,2026,4,2,3,15,9,-0.994368354557,-0.949603125604,0.0447652289527,0.904837896651,1.06451517253,ATR_TRAILING_STOP,3.44214862358,3.4825745487,,0 days 18:00:00,1080,18,SOURCE,SOURCE,SOURCE,UNAVAILABLE,DERIVED
v2,quarterly,true_oos,T3,M30,NG,V2_TRUE_OOS,TradingSystemLab/results/true_oos_v2/T3/M30/trades.csv,482,T3-M30-NG-000090,v2|true_oos|T3|M30|NG|TradingSystemLab/results/true_oos_v2/T3/M30/trades.csv|482|T3-M30-NG-000090,SHORT,2026-04-13 19:00:00+03:00,2026-04-14 16:00:00+03:00,2026-04-13,2026-04-14,2026,4,2026,4,0,1,19,16,0.682333281082,0.728709091561,0.0463758104799,0.248133314317,1.92992577802,ATR_TRAILING_STOP,3.19008109053,3.15665483257,,0 days 21:00:00,1260,21,SOURCE,SOURCE,SOURCE,UNAVAILABLE,DERIVED
v2,quarterly,true_oos,T3,M30,NG,V2_TRUE_OOS,TradingSystemLab/results/true_oos_v2/T3/M30/trades.csv,485,T3-M30-NG-000091,v2|true_oos|T3|M30|NG|TradingSystemLab/results/true_oos_v2/T3/M30/trades.csv|485|T3-M30-NG-000091,SHORT,2026-04-14 19:30:00+03:00,2026-04-15 15:30:00+03:00,2026-04-14,2026-04-15,2026,4,2026,4,1,2,19,15,-0.735595913889,-0.697026286244,0.0385696276452,0.779606439409,0.275155213909,ATR_TRAILING_STOP,3.10447324911,3.13861704042,,0 days 20:00:00,1200,20,SOURCE,SOURCE,SOURCE,UNAVAILABLE,DERIVED
v2,quarterly,true_oos,T3,M30,NG,V2_TRUE_OOS,TradingSystemLab/results/true_oos_v2/T3/M30/trades.csv,494,T3-M30-NG-000092,v2|true_oos|T3|M30|NG|TradingSystemLab/results/true_oos_v2/T3/M30/trades.csv|494|T3-M30-NG-000092,SHORT,2026-04-24 09:30:00+03:00,2026-04-25 15:30:00+03:00,2026-04-24,2026-04-25,2026,4,2026,4,4,5,9,15,1.02610012437,1.07321225475,0.0471121303818,0.392113534796,2.01658389324,ATR_TRAILING_STOP,3.064047324,3.0164874121,,1 days 06:00:00,1800,30,SOURCE,SOURCE,SOURCE,UNAVAILABLE,DERIVED
v2,quarterly,true_oos,T3,M30,NG,V2_TRUE_OOS,TradingSystemLab/results/true_oos_v2/T3/M30/trades.csv,497,T3-M30-NG-000093,v2|true_oos|T3|M30|NG|TradingSystemLab/results/true_oos_v2/T3/M30/trades.csv|497|T3-M30-NG-000093,SHORT,2026-04-28 14:00:00+03:00,2026-04-28 15:00:00+03:00,2026-04-28,2026-04-28,2026,4,2026,4,1,1,14,15,-1.09842444251,-1.04921222125,0.0492122212526,1,0.0269127038257,ATR_TRAILING_STOP,2.9684121677,3.00905247918,,0 days 01:00:00,60,1,SOURCE,SOURCE,SOURCE,UNAVAILABLE,DERIVED
v2,quarterly,true_oos,T3,M30,NG,V2_TRUE_OOS,TradingSystemLab/results/true_oos_v2/T3/M30/trades.csv,502,T3-M30-NG-000094,v2|true_oos|T3|M30|NG|TradingSystemLab/results/true_oos_v2/T3/M30/trades.csv|502|T3-M30-NG-000094,SHORT,2026-04-29 13:30:00+03:00,2026-04-30 16:00:00+03:00,2026-04-29,2026-04-30,2026,4,2026,4,2,3,13,16,0.97116566686,1.03741835389,0.0662526870328,0.326084661197,2.49998240251,ATR_TRAILING_STOP,2.94872483571,2.91540781597,,1 days 02:30:00,1590,26.5,SOURCE,SOURCE,SOURCE,UNAVAILABLE,DERIVED
v2,quarterly,true_oos,T3,M30,NG,V2_TRUE_OOS,TradingSystemLab/results/true_oos_v2/T3/M30/trades.csv,508,T3-M30-NG-000095,v2|true_oos|T3|M30|NG|TradingSystemLab/results/true_oos_v2/T3/M30/trades.csv|508|T3-M30-NG-000095,SHORT,2026-05-07 16:00:00+03:00,2026-05-07 18:00:00+03:00,2026-05-07,2026-05-07,2026,5,2026,5,3,3,16,18,-1.11312668115,-1.05656334057,0.0565633405738,1,0.309328128971,ATR_TRAILING_STOP,2.96403720504,2.9993957956,,0 days 02:00:00,120,2,SOURCE,SOURCE,SOURCE,UNAVAILABLE,DERIVED
v2,quarterly,true_oos,T3,M30,NG,V2_TRUE_OOS,TradingSystemLab/results/true_oos_v2/T3/M30/trades.csv,516,T3-M30-NG-000096,v2|true_oos|T3|M30|NG|TradingSystemLab/results/true_oos_v2/T3/M30/trades.csv|516|T3-M30-NG-000096,LONG,2026-05-19 12:30:00+03:00,2026-05-20 10:30:00+03:00,2026-05-19,2026-05-20,2026,5,2026,5,1,2,12,10,0.888992955059,0.945888758037,0.0568958029779,0.777865668067,2.42694088437,ATR_TRAILING_STOP,3.34794017883,3.3831900394,,0 days 22:00:00,1320,22,SOURCE,SOURCE,SOURCE,UNAVAILABLE,DERIVED
v2,quarterly,true_oos,T3,M30,NG,V2_TRUE_OOS,TradingSystemLab/results/true_oos_v2/T3/M30/trades.csv,532,T3-M30-NG-000097,v2|true_oos|T3|M30|NG|TradingSystemLab/results/true_oos_v2/T3/M30/trades.csv|532|T3-M30-NG-000097,LONG,2026-05-28 21:30:00+03:00,2026-05-29 18:30:00+03:00,2026-05-28,2026-05-29,2026,5,2026,5,3,4,21,18,0.222098567477,0.259787734762,0.037689167285,0.177293457873,1.87143094421,ATR_TRAILING_STOP,3.4381714367,3.4539572406,,0 days 21:00:00,1260,21,SOURCE,SOURCE,SOURCE,UNAVAILABLE,DERIVED
v2,quarterly,true_oos,T3,M30,NG,V2_TRUE_OOS,TradingSystemLab/results/true_oos_v2/T3/M30/trades.csv,535,T3-M30-NG-000098,v2|true_oos|T3|M30|NG|TradingSystemLab/results/true_oos_v2/T3/M30/trades.csv|535|T3-M30-NG-000098,LONG,2026-06-02 12:00:00+03:00,2026-06-02 13:30:00+03:00,2026-06-02,2026-06-02,2026,6,2026,6,1,1,12,13,-1.09765374613,-1.04882687307,0.0488268730667,1,0.153124196097,ATR_TRAILING_STOP,3.38694905895,3.34598800873,,0 days 01:30:00,90,1.5,SOURCE,SOURCE,SOURCE,UNAVAILABLE,DERIVED
v2,quarterly,true_oos,T3,M30,NG,V2_TRUE_OOS,TradingSystemLab/results/true_oos_v2/T3/M30/trades.csv,539,T3-M30-NG-000099,v2|true_oos|T3|M30|NG|TradingSystemLab/results/true_oos_v2/T3/M30/trades.csv|539|T3-M30-NG-000099,LONG,2026-06-03 12:00:00+03:00,2026-06-03 15:30:00+03:00,2026-06-03,2026-06-03,2026,6,2026,6,2,2,12,15,-1.1016361627,-1.05081808135,0.0508180813521,1,0.371860422745,ATR_TRAILING_STOP,3.39531189614,3.35595582548,,0 days 03:30:00,210,3.5,SOURCE,SOURCE,SOURCE,UNAVAILABLE,DERIVED
v2,quarterly,true_oos,T3,M30,NG,V2_TRUE_OOS,TradingSystemLab/results/true_oos_v2/T3/M30/trades.csv,556,T3-M30-NG-000100,v2|true_oos|T3|M30|NG|TradingSystemLab/results/true_oos_v2/T3/M30/trades.csv|556|T3-M30-NG-000100,LONG,2026-06-17 14:00:00+03:00,2026-06-17 15:30:00+03:00,2026-06-17,2026-06-17,2026,6,2026,6,2,2,14,15,-1.09267594159,-1.04633797079,0.0463379707942,1,0.532835744545,ATR_TRAILING_STOP,3.43294466346,3.38978351579,,0 days 01:30:00,90,1.5,SOURCE,SOURCE,SOURCE,UNAVAILABLE,DERIVED
v2,quarterly,true_oos,T3,M30,NG,V2_TRUE_OOS,TradingSystemLab/results/true_oos_v2/T3/M30/trades.csv,575,T3-M30-NG-000101,v2|true_oos|T3|M30|NG|TradingSystemLab/results/true_oos_v2/T3/M30/trades.csv|575|T3-M30-NG-000101,LONG,2026-06-30 18:30:00+03:00,2026-06-30 22:00:00+03:00,2026-06-30,2026-06-30,2026,6,2026,6,1,1,18,22,-1.08593402527,-1.04296701263,0.0429670126348,1,0.22525243358,ATR_TRAILING_STOP,3.48308406131,3.43653672471,,0 days 03:30:00,210,3.5,SOURCE,SOURCE,SOURCE,UNAVAILABLE,DERIVED
v2,quarterly,true_oos,T3,M30,NG,V2_TRUE_OOS,TradingSystemLab/results/true_oos_v2/T3/M30/trades.csv,579,T3-M30-NG-000102,v2|true_oos|T3|M30|NG|TradingSystemLab/results/true_oos_v2/T3/M30/trades.csv|579|T3-M30-NG-000102,SHORT,2026-07-02 10:00:00+03:00,2026-07-02 19:30:00+03:00,2026-07-02,2026-07-02,2026,7,2026,7,3,3,10,19,-0.587485584049,-0.528859336991,0.0586262470584,0.470233089932,0.922035581143,ATR_TRAILING_STOP,3.35516827098,3.37120999678,,0 days 09:30:00,570,9.5,SOURCE,SOURCE,SOURCE,UNAVAILABLE,DERIVED
v2,quarterly,true_oos,T3,M30,NG,V2_TRUE_OOS,TradingSystemLab/results/true_oos_v2/T3/M30/trades.csv,587,T3-M30-NG-000103,v2|true_oos|T3|M30|NG|TradingSystemLab/results/true_oos_v2/T3/M30/trades.csv|587|T3-M30-NG-000103,SHORT,2026-07-09 18:00:00+03:00,2026-07-10 21:30:00+03:00,2026-07-09,2026-07-10,2026,7,2026,7,3,4,18,21,2.21901220542,2.25585689939,0.0368446939764,0.0386312963073,3.55407926027,ATR_TRAILING_STOP,3.22096154014,3.09650934114,,1 days 03:30:00,1650,27.5,SOURCE,SOURCE,SOURCE,UNAVAILABLE,DERIVED
v2,quarterly,true_oos,T3,M30,NG,V2_TRUE_OOS,TradingSystemLab/results/true_oos_v2/T3/M30/trades.csv,593,T3-M30-NG-000104,v2|true_oos|T3|M30|NG|TradingSystemLab/results/true_oos_v2/T3/M30/trades.csv|593|T3-M30-NG-000104,SHORT,2026-07-16 10:30:00+03:00,2026-07-16 11:30:00+03:00,2026-07-16,2026-07-16,2026,7,2026,7,3,3,10,11,-1.12750236697,-1.06375118349,0.0637511834854,1,0.167106209428,ATR_TRAILING_STOP,3.02699087447,3.05836284109,,0 days 01:00:00,60,1,SOURCE,SOURCE,SOURCE,UNAVAILABLE,DERIVED
v2,quarterly,true_oos,T3,M30,NG,V2_TRUE_OOS,TradingSystemLab/results/true_oos_v2/T3/M30/trades.csv,594,T3-M30-NG-000105,v2|true_oos|T3|M30|NG|TradingSystemLab/results/true_oos_v2/T3/M30/trades.csv|594|T3-M30-NG-000105,SHORT,2026-07-16 18:00:00+03:00,2026-07-16 22:00:00+03:00,2026-07-16,2026-07-16,2026,7,2026,7,3,3,18,22,-1.06979799195,-1.03489899597,0.034898995974,1,0.27443438433,ATR_TRAILING_STOP,2.98190580083,3.03921403977,,0 days 04:00:00,240,4,SOURCE,SOURCE,SOURCE,UNAVAILABLE,DERIVED
v2,quarterly,true_oos,T3,M30,NG,V2_TRUE_OOS,TradingSystemLab/results/true_oos_v2/T3/M30/trades.csv,604,T3-M30-NG-000106,v2|true_oos|T3|M30|NG|TradingSystemLab/results/true_oos_v2/T3/M30/trades.csv|604|T3-M30-NG-000106,SHORT,2026-07-24 10:00:00+03:00,2026-07-24 15:30:00+03:00,2026-07-24,2026-07-24,2026,7,2026,7,4,4,10,15,-1.12357264778,-1.06178632389,0.0617863238878,1,0.259129391861,ATR_TRAILING_STOP,3.03013634473,3.06250596755,,0 days 05:30:00,330,5.5,SOURCE,SOURCE,SOURCE,UNAVAILABLE,DERIVED
v2,quarterly,true_oos,T3,M30,NG,V2_TRUE_OOS,TradingSystemLab/results/true_oos_v2/T3/M30/trades.csv,605,T3-M30-NG-000107,v2|true_oos|T3|M30|NG|TradingSystemLab/results/true_oos_v2/T3/M30/trades.csv|605|T3-M30-NG-000107,SHORT,2026-07-24 21:00:00+03:00,2026-07-25 16:00:00+03:00,2026-07-24,2026-07-25,2026,7,2026,7,4,5,21,16,-0.591298767176,-0.543452457691,0.047846309485,0.601996573003,0.200665524334,ATR_TRAILING_STOP,3.01231201329,3.03302860161,,0 days 19:00:00,1140,19,SOURCE,SOURCE,SOURCE,UNAVAILABLE,DERIVED
v2,quarterly,true_oos,T3,M30,NG,V2_TRUE_OOS,TradingSystemLab/results/true_oos_v2/T3/M30/trades.csv,612,T3-M30-NG-000108,v2|true_oos|T3|M30|NG|TradingSystemLab/results/true_oos_v2/T3/M30/trades.csv|612|T3-M30-NG-000108,SHORT,2026-07-28 17:00:00+03:00,2026-07-29 15:30:00+03:00,2026-07-28,2026-07-29,2026,7,2026,7,1,2,17,15,0.943913302021,0.999305719228,0.0553924172066,0.116156800415,1.93276772056,ATR_TRAILING_STOP,2.83511718898,2.7970362317,,0 days 22:30:00,1350,22.5,SOURCE,SOURCE,SOURCE,UNAVAILABLE,DERIVED
v2,quarterly,true_oos,T3,M30,NG,V2_TRUE_OOS,TradingSystemLab/results/true_oos_v2/T3/M30/trades.csv,620,T3-M30-NG-000109,v2|true_oos|T3|M30|NG|TradingSystemLab/results/true_oos_v2/T3/M30/trades.csv|620|T3-M30-NG-000109,SHORT,2026-07-31 16:30:00+03:00,2026-07-31 23:00:00+03:00,2026-07-31,2026-07-31,2026,7,2026,7,4,4,16,23,-0.447078648662,-0.392943142464,0.0541355061976,0.338807636267,0.947838208125,ATR_TRAILING_STOP,2.84051671946,2.85303374055,,0 days 06:30:00,390,6.5,SOURCE,SOURCE,SOURCE,UNAVAILABLE,DERIVED
v2,quarterly,true_oos,T3,M30,NG,V2_TRUE_OOS,TradingSystemLab/results/true_oos_v2/T3/M30/trades.csv,627,T3-M30-NG-000110,v2|true_oos|T3|M30|NG|TradingSystemLab/results/true_oos_v2/T3/M30/trades.csv|627|T3-M30-NG-000110,SHORT,2026-08-06 18:00:00+03:00,2026-08-06 19:00:00+03:00,2026-08-06,2026-08-06,2026,8,2026,8,3,3,18,19,-1.12295254857,-1.06147627429,0.0614762742858,1,0.0633155855545,ATR_TRAILING_STOP,2.71383667723,2.74636955309,,0 days 01:00:00,60,1,SOURCE,SOURCE,SOURCE,UNAVAILABLE,DERIVED
v2,quarterly,true_oos,T3,M30,NG,V2_TRUE_OOS,TradingSystemLab/results/true_oos_v2/T3/M30/trades.csv,631,T3-M30-NG-000111,v2|true_oos|T3|M30|NG|TradingSystemLab/results/true_oos_v2/T3/M30/trades.csv|631|T3-M30-NG-000111,LONG,2026-08-11 15:30:00+03:00,2026-08-11 16:00:00+03:00,2026-08-11,2026-08-11,2026,8,2026,8,1,1,15,16,-1.12948290508,-1.06474145254,0.0647414525382,1,0,ATR_TRAILING_STOP,2.90025202394,2.86935991507,,0 days 00:30:00,30,0.5,SOURCE,SOURCE,SOURCE,UNAVAILABLE,DERIVED
v2,quarterly,true_oos,T3,M30,NG,V2_TRUE_OOS,TradingSystemLab/results/true_oos_v2/T3/M30/trades.csv,638,T3-M30-NG-000112,v2|true_oos|T3|M30|NG|TradingSystemLab/results/true_oos_v2/T3/M30/trades.csv|638|T3-M30-NG-000112,LONG,2026-08-12 11:30:00+03:00,2026-08-13 07:00:00+03:00,2026-08-12,2026-08-13,2026,8,2026,8,2,3,11,7,-0.278480869058,-0.199922220563,0.0785586484949,0.647272384361,1.41590834079,ATR_TRAILING_STOP,2.88274340021,2.87965364308,,0 days 19:30:00,1170,19.5,SOURCE,SOURCE,SOURCE,UNAVAILABLE,DERIVED
v2,quarterly,true_oos,T3,M30,NG,V2_TRUE_OOS,TradingSystemLab/results/true_oos_v2/T3/M30/trades.csv,644,T3-M30-NG-000113,v2|true_oos|T3|M30|NG|TradingSystemLab/results/true_oos_v2/T3/M30/trades.csv|644|T3-M30-NG-000113,SHORT,2026-08-14 22:00:00+03:00,2026-08-17 15:30:00+03:00,2026-08-14,2026-08-17,2026,8,2026,8,4,0,22,15,1.79491628856,1.86437630664,0.0694600180854,0.0357690976624,3.07614239897,ATR_TRAILING_STOP,2.8147687434,2.75908674452,,2 days 17:30:00,3930,65.5,SOURCE,SOURCE,SOURCE,UNAVAILABLE,DERIVED
v2,quarterly,true_oos,T3,M30,NG,V2_TRUE_OOS,TradingSystemLab/results/true_oos_v2/T3/M30/trades.csv,652,T3-M30-NG-000114,v2|true_oos|T3|M30|NG|TradingSystemLab/results/true_oos_v2/T3/M30/trades.csv|652|T3-M30-NG-000114,SHORT,2026-08-20 20:00:00+03:00,2026-08-20 22:00:00+03:00,2026-08-20,2026-08-20,2026,8,2026,8,3,3,20,22,-1.11634050782,-1.05817025391,0.058170253909,1,0.0299553261066,ATR_TRAILING_STOP,2.79931995776,2.83370179153,,0 days 02:00:00,120,2,SOURCE,SOURCE,SOURCE,UNAVAILABLE,DERIVED
v2,quarterly,true_oos,T3,M30,NG,V2_TRUE_OOS,TradingSystemLab/results/true_oos_v2/T3/M30/trades.csv,668,T3-M30-NG-000115,v2|true_oos|T3|M30|NG|TradingSystemLab/results/true_oos_v2/T3/M30/trades.csv|668|T3-M30-NG-000115,LONG,2026-08-27 16:30:00+03:00,2026-08-27 18:30:00+03:00,2026-08-27,2026-08-27,2026,8,2026,8,3,3,16,18,-0.279506129417,-0.219983350135,0.0595227792824,0.160460570852,1.5178308717,ATR_TRAILING_STOP,2.945,2.9396084315,,0 days 02:00:00,120,2,SOURCE,SOURCE,SOURCE,UNAVAILABLE,DERIVED
v2,quarterly,true_oos,T3,M30,NG,V2_TRUE_OOS,TradingSystemLab/results/true_oos_v2/T3/M30/trades.csv,690,T3-M30-NG-000116,v2|true_oos|T3|M30|NG|TradingSystemLab/results/true_oos_v2/T3/M30/trades.csv|690|T3-M30-NG-000116,SHORT,2026-09-10 12:00:00+03:00,2026-09-10 15:00:00+03:00,2026-09-10,2026-09-10,2026,9,2026,9,3,3,12,15,-1.1708556202,-1.0854278101,0.0854278101011,1,0.0427139050505,ATR_TRAILING_STOP,2.793,2.81641157988,,0 days 03:00:00,180,3,SOURCE,SOURCE,SOURCE,UNAVAILABLE,DERIVED
v2,quarterly,true_oos,T3,M30,Si,V2_TRUE_OOS,TradingSystemLab/results/true_oos_v2/T3/M30/trades.csv,5,T3-M30-Si-000001,v2|true_oos|T3|M30|Si|TradingSystemLab/results/true_oos_v2/T3/M30/trades.csv|5|T3-M30-Si-000001,SHORT,2025-01-21 16:00:00+03:00,2025-01-22 20:00:00+03:00,2025-01-21,2025-01-22,2025,1,2025,1,1,2,16,20,1.7151297585,1.71513266457,2.90607201354e-06,0.288675037289,2.92925467286,ATR_TRAILING_STOP,126154.394531,124974.013892,,1 days 04:00:00,1680,28,SOURCE,SOURCE,SOURCE,UNAVAILABLE,DERIVED
v2,quarterly,true_oos,T3,M30,Si,V2_TRUE_OOS,TradingSystemLab/results/true_oos_v2/T3/M30/trades.csv,7,T3-M30-Si-000002,v2|true_oos|T3|M30|Si|TradingSystemLab/results/true_oos_v2/T3/M30/trades.csv|7|T3-M30-Si-000002,SHORT,2025-01-24 11:30:00+03:00,2025-01-24 15:30:00+03:00,2025-01-24,2025-01-24,2025,1,2025,1,4,4,11,15,-0.459575687613,-0.459571803959,3.88365360521e-06,0.563290851821,1.23781981303,ATR_TRAILING_STOP,124808.79966,125045.467482,,0 days 04:00:00,240,4,SOURCE,SOURCE,SOURCE,UNAVAILABLE,DERIVED
v2,quarterly,true_oos,T3,M30,Si,V2_TRUE_OOS,TradingSystemLab/results/true_oos_v2/T3/M30/trades.csv,10,T3-M30-Si-000003,v2|true_oos|T3|M30|Si|TradingSystemLab/results/true_oos_v2/T3/M30/trades.csv|10|T3-M30-Si-000003,SHORT,2025-01-27 14:30:00+03:00,2025-01-27 15:00:00+03:00,2025-01-27,2025-01-27,2025,1,2025,1,0,0,14,15,-1.00000706294,-1.00000353147,3.53146836611e-06,1,0,ATR_TRAILING_STOP,123370.573257,123936.909918,,0 days 00:30:00,30,0.5,SOURCE,SOURCE,SOURCE,UNAVAILABLE,DERIVED
v2,quarterly,true_oos,T3,M30,Si,V2_TRUE_OOS,TradingSystemLab/results/true_oos_v2/T3/M30/trades.csv,13,T3-M30-Si-000004,v2|true_oos|T3|M30|Si|TradingSystemLab/results/true_oos_v2/T3/M30/trades.csv|13|T3-M30-Si-000004,SHORT,2025-01-28 17:30:00+03:00,2025-01-29 10:30:00+03:00,2025-01-28,2025-01-29,2025,1,2025,1,1,2,17,10,-0.578776100026,-0.578773007084,3.09294190386e-06,0.578769914142,0.446719965067,ATR_TRAILING_STOP,124004.367943,124378.619987,,0 days 17:00:00,1020,17,SOURCE,SOURCE,SOURCE,UNAVAILABLE,DERIVED
v2,quarterly,true_oos,T3,M30,Si,V2_TRUE_OOS,TradingSystemLab/results/true_oos_v2/T3/M30/trades.csv,15,T3-M30-Si-000005,v2|true_oos|T3|M30|Si|TradingSystemLab/results/true_oos_v2/T3/M30/trades.csv|15|T3-M30-Si-000005,SHORT,2025-01-30 19:00:00+03:00,2025-01-31 10:30:00+03:00,2025-01-30,2025-01-31,2025,1,2025,1,3,4,19,10,-0.749089764963,-0.749086858227,2.90673622827e-06,0.74908395149,0.19485590114,ATR_TRAILING_STOP,122078.607167,122594.01957,,0 days 15:30:00,930,15.5,SOURCE,SOURCE,SOURCE,UNAVAILABLE,DERIVED
v2,quarterly,true_oos,T3,M30,Si,V2_TRUE_OOS,TradingSystemLab/results/true_oos_v2/T3/M30/trades.csv,21,T3-M30-Si-000006,v2|true_oos|T3|M30|Si|TradingSystemLab/results/true_oos_v2/T3/M30/trades.csv|21|T3-M30-Si-000006,SHORT,2025-02-05 23:00:00+03:00,2025-02-06 11:30:00+03:00,2025-02-05,2025-02-06,2025,2,2025,2,2,3,23,11,-0.572313737276,-0.572311100176,2.63709976351e-06,0.572308463076,0.932115666594,ATR_TRAILING_STOP,119543.428424,119977.472271,,0 days 12:30:00,750,12.5,SOURCE,SOURCE,SOURCE,UNAVAILABLE,DERIVED
v2,quarterly,true_oos,T3,M30,Si,V2_TRUE_OOS,TradingSystemLab/results/true_oos_v2/T3/M30/trades.csv,31,T3-M30-Si-000007,v2|true_oos|T3|M30|Si|TradingSystemLab/results/true_oos_v2/T3/M30/trades.csv|31|T3-M30-Si-000007,SHORT,2025-02-12 12:00:00+03:00,2025-02-12 22:30:00+03:00,2025-02-12,2025-02-12,2025,2,2025,2,2,2,12,22,4.63798797737,4.63799079202,2.81464986992e-06,0.668966298699,7.61592401596,ATR_TRAILING_STOP,117849.246476,114553.636847,,0 days 10:30:00,630,10.5,SOURCE,SOURCE,SOURCE,UNAVAILABLE,DERIVED
v2,quarterly,true_oos,T3,M30,Si,V2_TRUE_OOS,TradingSystemLab/results/true_oos_v2/T3/M30/trades.csv,36,T3-M30-Si-000008,v2|true_oos|T3|M30|Si|TradingSystemLab/results/true_oos_v2/T3/M30/trades.csv|36|T3-M30-Si-000008,SHORT,2025-02-14 00:00:00+03:00,2025-02-14 10:30:00+03:00,2025-02-14,2025-02-14,2025,2,2025,2,4,4,0,10,-0.454759099258,-0.454757033508,2.06575031677e-06,0.454754967758,1.07258736549,ATR_TRAILING_STOP,113207.919238,113648.199909,,0 days 10:30:00,630,10.5,SOURCE,SOURCE,SOURCE,UNAVAILABLE,DERIVED
v2,quarterly,true_oos,T3,M30,Si,V2_TRUE_OOS,TradingSystemLab/results/true_oos_v2/T3/M30/trades.csv,41,T3-M30-Si-000009,v2|true_oos|T3|M30|Si|TradingSystemLab/results/true_oos_v2/T3/M30/trades.csv|41|T3-M30-Si-000009,SHORT,2025-02-17 10:30:00+03:00,2025-02-17 12:30:00+03:00,2025-02-17,2025-02-17,2025,2,2025,2,0,0,10,12,-1.00000394724,-1.00000197362,1.97362087558e-06,1,0.0817876814825,ATR_TRAILING_STOP,113562.600495,114575.966347,,0 days 02:00:00,120,2,SOURCE,SOURCE,SOURCE,UNAVAILABLE,DERIVED
v2,quarterly,true_oos,T3,M30,Si,V2_TRUE_OOS,TradingSystemLab/results/true_oos_v2/T3/M30/trades.csv,47,T3-M30-Si-000010,v2|true_oos|T3|M30|Si|TradingSystemLab/results/true_oos_v2/T3/M30/trades.csv|47|T3-M30-Si-000010,SHORT,2025-02-20 20:00:00+03:00,2025-02-21 10:30:00+03:00,2025-02-20,2025-02-21,2025,2,2025,2,3,4,20,10,-0.538833715608,-0.538831445809,2.26979877492e-06,0.53882917601,0.637681087506,ATR_TRAILING_STOP,109050.469867,109525.251316,,0 days 14:30:00,870,14.5,SOURCE,SOURCE,SOURCE,UNAVAILABLE,DERIVED
v2,quarterly,true_oos,T3,M30,Si,V2_TRUE_OOS,TradingSystemLab/results/true_oos_v2/T3/M30/trades.csv,65,T3-M30-Si-000011,v2|true_oos|T3|M30|Si|TradingSystemLab/results/true_oos_v2/T3/M30/trades.csv|65|T3-M30-Si-000011,SHORT,2025-03-10 18:00:00+03:00,2025-03-11 19:30:00+03:00,2025-03-10,2025-03-11,2025,3,2025,3,0,1,18,19,0.985693997896,0.985696412659,2.41476268343e-06,0.20455236741,2.50024800165,ATR_TRAILING_STOP,107173.462528,106357.068574,,1 days 01:30:00,1530,25.5,SOURCE,SOURCE,SOURCE,UNAVAILABLE,DERIVED
v2,quarterly,true_oos,T3,M30,Si,V2_TRUE_OOS,TradingSystemLab/results/true_oos_v2/T3/M30/trades.csv,67,T3-M30-Si-000012,v2|true_oos|T3|M30|Si|TradingSystemLab/results/true_oos_v2/T3/M30/trades.csv|67|T3-M30-Si-000012,SHORT,2025-03-13 11:30:00+03:00,2025-03-13 17:30:00+03:00,2025-03-13,2025-03-13,2025,3,2025,3,3,3,11,17,-0.202394121664,-0.202391428553,2.69311095249e-06,0.365994335004,1.3638622977,ATR_TRAILING_STOP,106423.878429,106574.179503,,0 days 06:00:00,360,6,SOURCE,SOURCE,SOURCE,UNAVAILABLE,DERIVED
v2,quarterly,true_oos,T3,M30,Si,V2_TRUE_OOS,TradingSystemLab/results/true_oos_v2/T3/M30/trades.csv,70,T3-M30-Si-000013,v2|true_oos|T3|M30|Si|TradingSystemLab/results/true_oos_v2/T3/M30/trades.csv|70|T3-M30-Si-000013,SHORT,2025-03-13 19:30:00+03:00,2025-03-14 10:30:00+03:00,2025-03-13,2025-03-14,2025,3,2025,3,3,4,19,10,-1.00000409582,-1.00000204791,2.04791248065e-06,1,0.061153698376,ATR_TRAILING_STOP,104548.089926,105524.69416,,0 days 15:00:00,900,15,SOURCE,SOURCE,SOURCE,UNAVAILABLE,DERIVED
v2,quarterly,true_oos,T3,M30,Si,V2_TRUE_OOS,TradingSystemLab/results/true_oos_v2/T3/M30/trades.csv,72,T3-M30-Si-000014,v2|true_oos|T3|M30|Si|TradingSystemLab/results/true_oos_v2/T3/M30/trades.csv|72|T3-M30-Si-000014,SHORT,2025-03-18 12:00:00+03:00,2025-03-18 13:00:00+03:00,2025-03-18,2025-03-18,2025,3,2025,3,1,1,12,13,-1.00000514505,-1.00000257252,2.57252410174e-06,1,0,ATR_TRAILING_STOP,99066.9847299,99844.4312847,,0 days 01:00:00,60,1,SOURCE,SOURCE,SOURCE,UNAVAILABLE,DERIVED
v2,quarterly,true_oos,T3,M30,Si,V2_TRUE_OOS,TradingSystemLab/results/true_oos_v2/T3/M30/trades.csv,103,T3-M30-Si-000015,v2|true_oos|T3|M30|Si|TradingSystemLab/results/true_oos_v2/T3/M30/trades.csv|103|T3-M30-Si-000015,SHORT,2025-04-21 09:30:00+03:00,2025-04-21 14:30:00+03:00,2025-04-21,2025-04-21,2025,4,2025,4,0,0,9,14,-0.744642452066,-0.744639715534,2.73653168824e-06,0.744636979002,0.812356362591,ATR_TRAILING_STOP,97547.51947,98091.7389886,,0 days 05:00:00,300,5,SOURCE,SOURCE,SOURCE,UNAVAILABLE,DERIVED
v2,quarterly,true_oos,T3,M30,Si,V2_TRUE_OOS,TradingSystemLab/results/true_oos_v2/T3/M30/trades.csv,104,T3-M30-Si-000016,v2|true_oos|T3|M30|Si|TradingSystemLab/results/true_oos_v2/T3/M30/trades.csv|104|T3-M30-Si-000016,SHORT,2025-04-22 14:00:00+03:00,2025-04-22 18:30:00+03:00,2025-04-22,2025-04-22,2025,4,2025,4,1,1,14,18,-1.00000600031,-1.00000300015,3.00015396034e-06,1,0.0155641327881,ATR_TRAILING_STOP,97235.0999489,97901.7324039,,0 days 04:30:00,270,4.5,SOURCE,SOURCE,SOURCE,UNAVAILABLE,DERIVED
v2,quarterly,true_oos,T3,M30,Si,V2_TRUE_OOS,TradingSystemLab/results/true_oos_v2/T3/M30/trades.csv,117,T3-M30-Si-000017,v2|true_oos|T3|M30|Si|TradingSystemLab/results/true_oos_v2/T3/M30/trades.csv|117|T3-M30-Si-000017,SHORT,2025-05-05 10:30:00+03:00,2025-05-06 12:30:00+03:00,2025-05-05,2025-05-06,2025,5,2025,5,0,1,10,12,1.31335401616,1.31335723553,3.21937415672e-06,0.53815617407,2.56830394798,ATR_TRAILING_STOP,97945.2491186,97129.3387018,,1 days 02:00:00,1560,26,SOURCE,SOURCE,SOURCE,UNAVAILABLE,DERIVED
v2,quarterly,true_oos,T3,M30,Si,V2_TRUE_OOS,TradingSystemLab/results/true_oos_v2/T3/M30/trades.csv,121,T3-M30-Si-000018,v2|true_oos|T3|M30|Si|TradingSystemLab/results/true_oos_v2/T3/M30/trades.csv|121|T3-M30-Si-000018,SHORT,2025-05-12 12:30:00+03:00,2025-05-13 10:30:00+03:00,2025-05-12,2025-05-13,2025,5,2025,5,0,1,12,10,-0.0407009393368,-0.0406972978863,3.64145050047e-06,0.650691270543,0.72625541809,ATR_TRAILING_STOP,95524.2860401,95546.6362856,,0 days 22:00:00,1320,22,SOURCE,SOURCE,SOURCE,UNAVAILABLE,DERIVED
v2,quarterly,true_oos,T3,M30,Si,V2_TRUE_OOS,TradingSystemLab/results/true_oos_v2/T3/M30/trades.csv,125,T3-M30-Si-000019,v2|true_oos|T3|M30|Si|TradingSystemLab/results/true_oos_v2/T3/M30/trades.csv|125|T3-M30-Si-000019,SHORT,2025-05-21 16:00:00+03:00,2025-05-22 10:30:00+03:00,2025-05-21,2025-05-22,2025,5,2025,5,2,3,16,10,0.205439927886,0.205443863718,3.93583176777e-06,0.0952850339294,1.24324282365,ATR_TRAILING_STOP,93562.1531069,93457.7544376,,0 days 18:30:00,1110,18.5,SOURCE,SOURCE,SOURCE,UNAVAILABLE,DERIVED
v2,quarterly,true_oos,T3,M30,Si,V2_TRUE_OOS,TradingSystemLab/results/true_oos_v2/T3/M30/trades.csv,127,T3-M30-Si-000020,v2|true_oos|T3|M30|Si|TradingSystemLab/results/true_oos_v2/T3/M30/trades.csv|127|T3-M30-Si-000020,SHORT,2025-05-22 14:30:00+03:00,2025-05-22 15:30:00+03:00,2025-05-22,2025-05-22,2025,5,2025,5,3,3,14,15,-1.00000745856,-1.00000372928,3.72927913218e-06,1,0.015047411814,ATR_TRAILING_STOP,92863.5323328,93399.8290082,,0 days 01:00:00,60,1,SOURCE,SOURCE,SOURCE,UNAVAILABLE,DERIVED
v2,quarterly,true_oos,T3,M30,Si,V2_TRUE_OOS,TradingSystemLab/results/true_oos_v2/T3/M30/trades.csv,130,T3-M30-Si-000021,v2|true_oos|T3|M30|Si|TradingSystemLab/results/true_oos_v2/T3/M30/trades.csv|130|T3-M30-Si-000021,SHORT,2025-05-23 18:00:00+03:00,2025-05-26 10:30:00+03:00,2025-05-23,2025-05-26,2025,5,2025,5,4,0,18,10,-0.0954708902549,-0.0954665074377,4.38281721293e-06,0.0954621246205,0.866535489938,ATR_TRAILING_STOP,92997.2617219,93040.8237141,,2 days 16:30:00,3870,64.5,SOURCE,SOURCE,SOURCE,UNAVAILABLE,DERIVED
v2,quarterly,true_oos,T3,M30,Si,V2_TRUE_OOS,TradingSystemLab/results/true_oos_v2/T3/M30/trades.csv,132,T3-M30-Si-000022,v2|true_oos|T3|M30|Si|TradingSystemLab/results/true_oos_v2/T3/M30/trades.csv|132|T3-M30-Si-000022,SHORT,2025-05-29 13:30:00+03:00,2025-05-29 15:30:00+03:00,2025-05-29,2025-05-29,2025,5,2025,5,3,3,13,15,-1.00000879065,-1.00000439533,4.39532724735e-06,1,0.174815196161,ATR_TRAILING_STOP,91384.4391758,91839.467866,,0 days 02:00:00,120,2,SOURCE,SOURCE,SOURCE,UNAVAILABLE,DERIVED
v2,quarterly,true_oos,T3,M30,Si,V2_TRUE_OOS,TradingSystemLab/results/true_oos_v2/T3/M30/trades.csv,136,T3-M30-Si-000023,v2|true_oos|T3|M30|Si|TradingSystemLab/results/true_oos_v2/T3/M30/trades.csv|136|T3-M30-Si-000023,SHORT,2025-05-30 09:00:00+03:00,2025-05-30 09:30:00+03:00,2025-05-30,2025-05-30,2025,5,2025,5,4,4,9,9,-1.00001145956,-1.00000572978,5.72978232309e-06,1,0,ATR_TRAILING_STOP,91065.1026174,91414.1560172,,0 days 00:30:00,30,0.5,SOURCE,SOURCE,SOURCE,UNAVAILABLE,DERIVED
v2,quarterly,true_oos,T3,M30,Si,V2_TRUE_OOS,TradingSystemLab/results/true_oos_v2/T3/M30/trades.csv,140,T3-M30-Si-000024,v2|true_oos|T3|M30|Si|TradingSystemLab/results/true_oos_v2/T3/M30/trades.csv|140|T3-M30-Si-000024,SHORT,2025-06-02 19:30:00+03:00,2025-06-03 10:30:00+03:00,2025-06-02,2025-06-03,2025,6,2025,6,0,1,19,10,-1.00000938854,-1.00000469427,4.69426761194e-06,1,0,ATR_TRAILING_STOP,91808.6841344,92234.735686,,0 days 15:00:00,900,15,SOURCE,SOURCE,SOURCE,UNAVAILABLE,DERIVED
v2,quarterly,true_oos,T3,M30,Si,V2_TRUE_OOS,TradingSystemLab/results/true_oos_v2/T3/M30/trades.csv,143,T3-M30-Si-000025,v2|true_oos|T3|M30|Si|TradingSystemLab/results/true_oos_v2/T3/M30/trades.csv|143|T3-M30-Si-000025,SHORT,2025-06-10 09:30:00+03:00,2025-06-11 09:30:00+03:00,2025-06-10,2025-06-11,2025,6,2025,6,1,2,9,9,2.3368114154,2.33681609992,4.6845173853e-06,0.148513666588,3.43471607092,ATR_TRAILING_STOP,91412.1073253,90414.4289767,,1 days 00:00:00,1440,24,SOURCE,SOURCE,SOURCE,UNAVAILABLE,DERIVED
v2,quarterly,true_oos,T3,M30,Si,V2_TRUE_OOS,TradingSystemLab/results/true_oos_v2/T3/M30/trades.csv,159,T3-M30-Si-000026,v2|true_oos|T3|M30|Si|TradingSystemLab/results/true_oos_v2/T3/M30/trades.csv|159|T3-M30-Si-000026,SHORT,2025-06-25 10:30:00+03:00,2025-06-26 09:30:00+03:00,2025-06-25,2025-06-26,2025,6,2025,6,2,3,10,9,0.512569805043,0.512576294166,6.48912379424e-06,0.351335767245,1.31662191564,ATR_TRAILING_STOP,89723.0065524,89565.0244274,,0 days 23:00:00,1380,23,SOURCE,SOURCE,SOURCE,UNAVAILABLE,DERIVED
v2,quarterly,true_oos,T3,M30,Si,V2_TRUE_OOS,TradingSystemLab/results/true_oos_v2/T3/M30/trades.csv,169,T3-M30-Si-000027,v2|true_oos|T3|M30|Si|TradingSystemLab/results/true_oos_v2/T3/M30/trades.csv|169|T3-M30-Si-000027,SHORT,2025-07-07 12:30:00+03:00,2025-07-08 10:30:00+03:00,2025-07-07,2025-07-08,2025,7,2025,7,0,1,12,10,2.47944126135,2.47944879448,7.53313388953e-06,0.185391283432,3.92617540246,ATR_TRAILING_STOP,89148.7705602,88490.4903905,,0 days 22:00:00,1320,22,SOURCE,SOURCE,SOURCE,UNAVAILABLE,DERIVED
v2,quarterly,true_oos,T3,M30,Si,V2_TRUE_OOS,TradingSystemLab/results/true_oos_v2/T3/M30/trades.csv,177,T3-M30-Si-000028,v2|true_oos|T3|M30|Si|TradingSystemLab/results/true_oos_v2/T3/M30/trades.csv|177|T3-M30-Si-000028,SHORT,2025-07-14 20:00:00+03:00,2025-07-16 00:00:00+03:00,2025-07-14,2025-07-16,2025,7,2025,7,0,2,20,0,0.177249715216,0.177255436393,5.72117749003e-06,0.65080348073,0.891725923115,ATR_TRAILING_STOP,88564.6905224,88502.7238528,,1 days 04:00:00,1680,28,SOURCE,SOURCE,SOURCE,UNAVAILABLE,DERIVED
v2,quarterly,true_oos,T3,M30,Si,V2_TRUE_OOS,TradingSystemLab/results/true_oos_v2/T3/M30/trades.csv,182,T3-M30-Si-000029,v2|true_oos|T3|M30|Si|TradingSystemLab/results/true_oos_v2/T3/M30/trades.csv|182|T3-M30-Si-000029,LONG,2025-07-25 09:30:00+03:00,2025-07-25 14:00:00+03:00,2025-07-25,2025-07-25,2025,7,2025,7,4,4,9,14,-0.734330245062,-0.734322753006,7.49205597793e-06,0.73431526095,0.844052275054,ATR_TRAILING_STOP,89265.8053243,89069.7802911,,0 days 04:30:00,270,4.5,SOURCE,SOURCE,SOURCE,UNAVAILABLE,DERIVED
v2,quarterly,true_oos,T3,M30,Si,V2_TRUE_OOS,TradingSystemLab/results/true_oos_v2/T3/M30/trades.csv,185,T3-M30-Si-000030,v2|true_oos|T3|M30|Si|TradingSystemLab/results/true_oos_v2/T3/M30/trades.csv|185|T3-M30-Si-000030,LONG,2025-07-28 11:30:00+03:00,2025-07-29 14:00:00+03:00,2025-07-28,2025-07-29,2025,7,2025,7,0,1,11,14,8.37692883316,8.37693595959,7.12643240876e-06,0.237740469609,11.6765647041,ATR_TRAILING_STOP,89307.3690723,91658.3190584,,1 days 02:30:00,1590,26.5,SOURCE,SOURCE,SOURCE,UNAVAILABLE,DERIVED
v2,quarterly,true_oos,T3,M30,Si,V2_TRUE_OOS,TradingSystemLab/results/true_oos_v2/T3/M30/trades.csv,205,T3-M30-Si-000031,v2|true_oos|T3|M30|Si|TradingSystemLab/results/true_oos_v2/T3/M30/trades.csv|205|T3-M30-Si-000031,SHORT,2025-08-11 09:30:00+03:00,2025-08-11 12:30:00+03:00,2025-08-11,2025-08-11,2025,8,2025,8,0,0,9,12,-0.609092581163,-0.609087772837,4.80832581268e-06,0.609082964511,1.07551954404,ATR_TRAILING_STOP,88536.2521685,88789.5972987,,0 days 03:00:00,180,3,SOURCE,SOURCE,SOURCE,UNAVAILABLE,DERIVED
v2,quarterly,true_oos,T3,M30,Si,V2_TRUE_OOS,TradingSystemLab/results/true_oos_v2/T3/M30/trades.csv,229,T3-M30-Si-000032,v2|true_oos|T3|M30|Si|TradingSystemLab/results/true_oos_v2/T3/M30/trades.csv|229|T3-M30-Si-000032,LONG,2025-09-05 12:30:00+03:00,2025-09-10 15:30:00+03:00,2025-09-05,2025-09-10,2025,9,2025,9,4,2,12,15,14.4924415952,14.4924507166,9.1214220951e-06,0.419027909363,17.4644846509,ATR_TRAILING_STOP,89647.5355363,92825.2110537,,5 days 03:00:00,7380,123,SOURCE,SOURCE,SOURCE,UNAVAILABLE,DERIVED
v2,quarterly,true_oos,T3,M30,Si,V2_TRUE_OOS,TradingSystemLab/results/true_oos_v2/T3/M30/trades.csv,232,T3-M30-Si-000033,v2|true_oos|T3|M30|Si|TradingSystemLab/results/true_oos_v2/T3/M30/trades.csv|232|T3-M30-Si-000033,LONG,2025-09-11 09:30:00+03:00,2025-09-11 11:00:00+03:00,2025-09-11,2025-09-11,2025,9,2025,9,3,3,9,11,0.00530515924899,0.00531126739515,6.10814615447e-06,0.300644345786,1.75041819102,ATR_TRAILING_STOP,93491.088444,93492.8295208,,0 days 01:30:00,90,1.5,SOURCE,SOURCE,SOURCE,UNAVAILABLE,DERIVED
v2,quarterly,true_oos,T3,M30,Si,V2_TRUE_OOS,TradingSystemLab/results/true_oos_v2/T3/M30/trades.csv,235,T3-M30-Si-000034,v2|true_oos|T3|M30|Si|TradingSystemLab/results/true_oos_v2/T3/M30/trades.csv|235|T3-M30-Si-000034,LONG,2025-09-12 09:30:00+03:00,2025-09-12 10:30:00+03:00,2025-09-12,2025-09-12,2025,9,2025,9,4,4,9,10,-1.00001162239,-1.00000581119,5.81119442822e-06,1,0.041315200932,ATR_TRAILING_STOP,93680.3128758,93336.1495502,,0 days 01:00:00,60,1,SOURCE,SOURCE,SOURCE,UNAVAILABLE,DERIVED
v2,quarterly,true_oos,T3,M30,Si,V2_TRUE_OOS,TradingSystemLab/results/true_oos_v2/T3/M30/trades.csv,254,T3-M30-Si-000035,v2|true_oos|T3|M30|Si|TradingSystemLab/results/true_oos_v2/T3/M30/trades.csv|254|T3-M30-Si-000035,SHORT,2025-09-29 14:00:00+03:00,2025-09-30 10:30:00+03:00,2025-09-29,2025-09-30,2025,9,2025,9,0,1,14,10,-0.0187045113038,-0.0186982078583,6.30344544884e-06,0.343604851603,1.09028462528,ATR_TRAILING_STOP,89711.9356232,89717.8663177,,0 days 20:30:00,1230,20.5,SOURCE,SOURCE,SOURCE,UNAVAILABLE,DERIVED
v2,quarterly,true_oos,T3,M30,Si,V2_TRUE_OOS,TradingSystemLab/results/true_oos_v2/T3/M30/trades.csv,256,T3-M30-Si-000036,v2|true_oos|T3|M30|Si|TradingSystemLab/results/true_oos_v2/T3/M30/trades.csv|256|T3-M30-Si-000036,SHORT,2025-09-30 16:30:00+03:00,2025-10-01 14:00:00+03:00,2025-09-30,2025-10-01,2025,9,2025,10,1,2,16,14,1.53058028128,1.53058506466,4.78337762076e-06,0.506446980401,3.18911167857,ATR_TRAILING_STOP,88391.1008618,87751.1389063,,0 days 21:30:00,1290,21.5,SOURCE,SOURCE,SOURCE,UNAVAILABLE,DERIVED
v2,quarterly,true_oos,T3,M30,Si,V2_TRUE_OOS,TradingSystemLab/results/true_oos_v2/T3/M30/trades.csv,261,T3-M30-Si-000037,v2|true_oos|T3|M30|Si|TradingSystemLab/results/true_oos_v2/T3/M30/trades.csv|261|T3-M30-Si-000037,SHORT,2025-10-02 09:30:00+03:00,2025-10-02 10:30:00+03:00,2025-10-02,2025-10-02,2025,10,2025,10,3,3,9,10,-1.00000974001,-1.00000487001,4.87000658283e-06,1,0.352254527647,ATR_TRAILING_STOP,86843.8372841,87254.514347,,0 days 01:00:00,60,1,SOURCE,SOURCE,SOURCE,UNAVAILABLE,DERIVED
v2,quarterly,true_oos,T3,M30,Si,V2_TRUE_OOS,TradingSystemLab/results/true_oos_v2/T3/M30/trades.csv,267,T3-M30-Si-000038,v2|true_oos|T3|M30|Si|TradingSystemLab/results/true_oos_v2/T3/M30/trades.csv|267|T3-M30-Si-000038,SHORT,2025-10-02 19:30:00+03:00,2025-10-02 22:30:00+03:00,2025-10-02,2025-10-02,2025,10,2025,10,3,3,19,22,-1.00000818231,-1.00000409116,4.09115747486e-06,1,0.096495410846,ATR_TRAILING_STOP,86374.2071467,86863.066354,,0 days 03:00:00,180,3,SOURCE,SOURCE,SOURCE,UNAVAILABLE,DERIVED
v2,quarterly,true_oos,T3,M30,Si,V2_TRUE_OOS,TradingSystemLab/results/true_oos_v2/T3/M30/trades.csv,272,T3-M30-Si-000039,v2|true_oos|T3|M30|Si|TradingSystemLab/results/true_oos_v2/T3/M30/trades.csv|272|T3-M30-Si-000039,SHORT,2025-10-06 18:30:00+03:00,2025-10-07 17:00:00+03:00,2025-10-06,2025-10-07,2025,10,2025,10,0,1,18,17,0.94344666122,0.943450395067,3.73384668139e-06,0.0352271035052,2.12341151684,ATR_TRAILING_STOP,88341.8316286,87836.4792618,,0 days 22:30:00,1350,22.5,SOURCE,SOURCE,SOURCE,UNAVAILABLE,DERIVED
v2,quarterly,true_oos,T3,M30,Si,V2_TRUE_OOS,TradingSystemLab/results/true_oos_v2/T3/M30/trades.csv,293,T3-M30-Si-000040,v2|true_oos|T3|M30|Si|TradingSystemLab/results/true_oos_v2/T3/M30/trades.csv|293|T3-M30-Si-000040,SHORT,2025-10-15 11:00:00+03:00,2025-10-16 10:30:00+03:00,2025-10-15,2025-10-16,2025,10,2025,10,2,3,11,10,0.906423945264,0.906428780053,4.83478873532e-06,0.661402691969,2.28323304775,ATR_TRAILING_STOP,84385.6170336,84010.6539631,,0 days 23:30:00,1410,23.5,SOURCE,SOURCE,SOURCE,UNAVAILABLE,DERIVED
v2,quarterly,true_oos,T3,M30,Si,V2_TRUE_OOS,TradingSystemLab/results/true_oos_v2/T3/M30/trades.csv,301,T3-M30-Si-000041,v2|true_oos|T3|M30|Si|TradingSystemLab/results/true_oos_v2/T3/M30/trades.csv|301|T3-M30-Si-000041,LONG,2025-10-21 14:00:00+03:00,2025-10-21 15:00:00+03:00,2025-10-21,2025-10-21,2025,10,2025,10,1,1,14,15,-1.00000732084,-1.00000366042,3.6604200794e-06,1,0.0383715085905,ATR_TRAILING_STOP,87468.6130919,86922.2277163,,0 days 01:00:00,60,1,SOURCE,SOURCE,SOURCE,UNAVAILABLE,DERIVED
v2,quarterly,true_oos,T3,M30,Si,V2_TRUE_OOS,TradingSystemLab/results/true_oos_v2/T3/M30/trades.csv,310,T3-M30-Si-000042,v2|true_oos|T3|M30|Si|TradingSystemLab/results/true_oos_v2/T3/M30/trades.csv|310|T3-M30-Si-000042,SHORT,2025-10-27 10:30:00+03:00,2025-10-27 13:00:00+03:00,2025-10-27,2025-10-27,2025,10,2025,10,0,0,10,13,-1.00000805562,-1.00000402781,4.02780953715e-06,1,0.1224460751,ATR_TRAILING_STOP,83999.8494207,84496.3972296,,0 days 02:30:00,150,2.5,SOURCE,SOURCE,SOURCE,UNAVAILABLE,DERIVED
v2,quarterly,true_oos,T3,M30,Si,V2_TRUE_OOS,TradingSystemLab/results/true_oos_v2/T3/M30/trades.csv,313,T3-M30-Si-000043,v2|true_oos|T3|M30|Si|TradingSystemLab/results/true_oos_v2/T3/M30/trades.csv|313|T3-M30-Si-000043,SHORT,2025-10-28 18:30:00+03:00,2025-10-29 10:00:00+03:00,2025-10-28,2025-10-29,2025,10,2025,10,1,2,18,10,-0.73653482822,-0.736531456407,3.37181314233e-06,0.736528084593,0.136082466896,ATR_TRAILING_STOP,84530.2798884,84967.1534953,,0 days 15:30:00,930,15.5,SOURCE,SOURCE,SOURCE,UNAVAILABLE,DERIVED
v2,quarterly,true_oos,T3,M30,Si,V2_TRUE_OOS,TradingSystemLab/results/true_oos_v2/T3/M30/trades.csv,331,T3-M30-Si-000044,v2|true_oos|T3|M30|Si|TradingSystemLab/results/true_oos_v2/T3/M30/trades.csv|331|T3-M30-Si-000044,SHORT,2025-11-20 21:00:00+03:00,2025-11-21 17:00:00+03:00,2025-11-20,2025-11-21,2025,11,2025,11,3,4,21,17,1.96508978861,1.96509524733,5.45871944391e-06,0.223168721736,3.6508113966,ATR_TRAILING_STOP,84281.8371595,83561.8511898,,0 days 20:00:00,1200,20,SOURCE,SOURCE,SOURCE,UNAVAILABLE,DERIVED
v2,quarterly,true_oos,T3,M30,Si,V2_TRUE_OOS,TradingSystemLab/results/true_oos_v2/T3/M30/trades.csv,334,T3-M30-Si-000045,v2|true_oos|T3|M30|Si|TradingSystemLab/results/true_oos_v2/T3/M30/trades.csv|334|T3-M30-Si-000045,SHORT,2025-11-24 10:30:00+03:00,2025-11-25 11:00:00+03:00,2025-11-24,2025-11-25,2025,11,2025,11,0,1,10,11,0.194461633902,0.194466658668,5.0247659166e-06,0.653153810207,1.403753955,ATR_TRAILING_STOP,83121.3894762,83043.9842053,,1 days 00:30:00,1470,24.5,SOURCE,SOURCE,SOURCE,UNAVAILABLE,DERIVED
v2,quarterly,true_oos,T3,M30,Si,V2_TRUE_OOS,TradingSystemLab/results/true_oos_v2/T3/M30/trades.csv,335,T3-M30-Si-000046,v2|true_oos|T3|M30|Si|TradingSystemLab/results/true_oos_v2/T3/M30/trades.csv|335|T3-M30-Si-000046,SHORT,2025-11-28 18:00:00+03:00,2025-12-01 10:00:00+03:00,2025-11-28,2025-12-01,2025,11,2025,12,4,0,18,10,-0.369003423188,-0.368997705713,5.71747479563e-06,0.368991988238,0.722219567195,ATR_TRAILING_STOP,81657.988423,81787.0635835,,2 days 16:00:00,3840,64,SOURCE,SOURCE,SOURCE,UNAVAILABLE,DERIVED
v2,quarterly,true_oos,T3,M30,Si,V2_TRUE_OOS,TradingSystemLab/results/true_oos_v2/T3/M30/trades.csv,339,T3-M30-Si-000047,v2|true_oos|T3|M30|Si|TradingSystemLab/results/true_oos_v2/T3/M30/trades.csv|339|T3-M30-Si-000047,SHORT,2025-12-03 18:00:00+03:00,2025-12-04 11:00:00+03:00,2025-12-03,2025-12-04,2025,12,2025,12,2,3,18,11,1.31439208695,1.31439757433,5.48737212373e-06,0.00862846648816,3.31333113146,ATR_TRAILING_STOP,81119.1717029,80640.1070315,,0 days 17:00:00,1020,17,SOURCE,SOURCE,SOURCE,UNAVAILABLE,DERIVED
v2,quarterly,true_oos,T3,M30,Si,V2_TRUE_OOS,TradingSystemLab/results/true_oos_v2/T3/M30/trades.csv,343,T3-M30-Si-000048,v2|true_oos|T3|M30|Si|TradingSystemLab/results/true_oos_v2/T3/M30/trades.csv|343|T3-M30-Si-000048,SHORT,2025-12-04 17:30:00+03:00,2025-12-05 10:30:00+03:00,2025-12-04,2025-12-05,2025,12,2025,12,3,4,17,10,0.717968265634,0.717972142842,3.87720808488e-06,0.49992190441,2.04846048636,ATR_TRAILING_STOP,79862.2821164,79491.924888,,0 days 17:00:00,1020,17,SOURCE,SOURCE,SOURCE,UNAVAILABLE,DERIVED
v2,quarterly,true_oos,T3,M30,Si,V2_TRUE_OOS,TradingSystemLab/results/true_oos_v2/T3/M30/trades.csv,346,T3-M30-Si-000049,v2|true_oos|T3|M30|Si|TradingSystemLab/results/true_oos_v2/T3/M30/trades.csv|346|T3-M30-Si-000049,SHORT,2025-12-08 17:00:00+03:00,2025-12-08 21:30:00+03:00,2025-12-08,2025-12-08,2025,12,2025,12,0,0,17,21,-1.00000849064,-1.00000424532,4.24531752361e-06,1,0.151309794121,ATR_TRAILING_STOP,80002.751845,80473.8591271,,0 days 04:30:00,270,4.5,SOURCE,SOURCE,SOURCE,UNAVAILABLE,DERIVED
v2,quarterly,true_oos,T3,M30,Si,V2_TRUE_OOS,TradingSystemLab/results/true_oos_v2/T3/M30/trades.csv,351,T3-M30-Si-000050,v2|true_oos|T3|M30|Si|TradingSystemLab/results/true_oos_v2/T3/M30/trades.csv|351|T3-M30-Si-000050,LONG,2025-12-11 17:30:00+03:00,2025-12-11 20:00:00+03:00,2025-12-11,2025-12-11,2025,12,2025,12,3,3,17,20,-1.00000743338,-1.00000371669,3.7166886073e-06,1,0.284417936692,ATR_TRAILING_STOP,83515.5433415,82977.4299263,,0 days 02:30:00,150,2.5,SOURCE,SOURCE,SOURCE,UNAVAILABLE,DERIVED
v2,quarterly,true_oos,T3,M30,Si,V2_TRUE_OOS,TradingSystemLab/results/true_oos_v2/T3/M30/trades.csv,354,T3-M30-Si-000051,v2|true_oos|T3|M30|Si|TradingSystemLab/results/true_oos_v2/T3/M30/trades.csv|354|T3-M30-Si-000051,LONG,2025-12-12 13:00:00+03:00,2025-12-12 17:30:00+03:00,2025-12-12,2025-12-12,2025,12,2025,12,4,4,13,17,-1.00000918574,-1.00000459287,4.59287187808e-06,1,0.105921703407,ATR_TRAILING_STOP,83708.427148,83272.9697581,,0 days 04:30:00,270,4.5,SOURCE,SOURCE,SOURCE,UNAVAILABLE,DERIVED
v2,quarterly,true_oos,T3,M30,Si,V2_TRUE_OOS,TradingSystemLab/results/true_oos_v2/T3/M30/trades.csv,356,T3-M30-Si-000052,v2|true_oos|T3|M30|Si|TradingSystemLab/results/true_oos_v2/T3/M30/trades.csv|356|T3-M30-Si-000052,LONG,2025-12-15 20:00:00+03:00,2025-12-16 12:30:00+03:00,2025-12-15,2025-12-16,2025,12,2025,12,0,1,20,12,-0.954013282081,-0.954009300996,3.98108557239e-06,0.95400531991,0.0166931943249,ATR_TRAILING_STOP,83597.309303,83118.0403686,,0 days 16:30:00,990,16.5,SOURCE,SOURCE,SOURCE,UNAVAILABLE,DERIVED
v2,quarterly,true_oos,T3,M30,Si,V2_TRUE_OOS,TradingSystemLab/results/true_oos_v2/T3/M30/trades.csv,365,T3-M30-Si-000053,v2|true_oos|T3|M30|Si|TradingSystemLab/results/true_oos_v2/T3/M30/trades.csv|365|T3-M30-Si-000053,SHORT,2025-12-22 12:00:00+03:00,2025-12-23 10:30:00+03:00,2025-12-22,2025-12-23,2025,12,2025,12,0,1,12,10,0.929496213686,0.929500516814,4.30312819009e-06,0.179939593864,2.12675592266,ATR_TRAILING_STOP,81661.0995253,81229.0859859,,0 days 22:30:00,1350,22.5,SOURCE,SOURCE,SOURCE,UNAVAILABLE,DERIVED
v2,quarterly,true_oos,T3,M30,Si,V2_TRUE_OOS,TradingSystemLab/results/true_oos_v2/T3/M30/trades.csv,368,T3-M30-Si-000054,v2|true_oos|T3|M30|Si|TradingSystemLab/results/true_oos_v2/T3/M30/trades.csv|368|T3-M30-Si-000054,SHORT,2025-12-23 11:30:00+03:00,2025-12-24 09:30:00+03:00,2025-12-23,2025-12-24,2025,12,2025,12,1,2,11,9,0.268677947222,0.268682235349,4.28812691918e-06,0.730211538077,1.31135622371,ATR_TRAILING_STOP,80604.1120444,80478.7955467,,0 days 22:00:00,1320,22,SOURCE,SOURCE,SOURCE,UNAVAILABLE,DERIVED
v2,quarterly,true_oos,T3,M30,Si,V2_TRUE_OOS,TradingSystemLab/results/true_oos_v2/T3/M30/trades.csv,405,T3-M30-Si-000055,v2|true_oos|T3|M30|Si|TradingSystemLab/results/true_oos_v2/T3/M30/trades.csv|405|T3-M30-Si-000055,SHORT,2026-01-22 10:30:00+03:00,2026-01-23 10:30:00+03:00,2026-01-22,2026-01-23,2026,1,2026,1,3,4,10,10,0.611819388156,0.611824391653,5.00349728859e-06,0.592387506563,1.78724571129,ATR_TRAILING_STOP,77826.1192085,77581.5585103,,1 days 00:00:00,1440,24,SOURCE,SOURCE,SOURCE,UNAVAILABLE,DERIVED
v2,quarterly,true_oos,T3,M30,Si,V2_TRUE_OOS,TradingSystemLab/results/true_oos_v2/T3/M30/trades.csv,413,T3-M30-Si-000056,v2|true_oos|T3|M30|Si|TradingSystemLab/results/true_oos_v2/T3/M30/trades.csv|413|T3-M30-Si-000056,SHORT,2026-01-27 13:30:00+03:00,2026-01-28 11:00:00+03:00,2026-01-27,2026-01-28,2026,1,2026,1,1,2,13,11,0.262324529648,0.262329165514,4.63586581044e-06,0.749721988585,1.42236975404,ATR_TRAILING_STOP,78017.56594,77904.3901873,,0 days 21:30:00,1290,21.5,SOURCE,SOURCE,SOURCE,UNAVAILABLE,DERIVED
v2,quarterly,true_oos,T3,M30,Si,V2_TRUE_OOS,TradingSystemLab/results/true_oos_v2/T3/M30/trades.csv,429,T3-M30-Si-000057,v2|true_oos|T3|M30|Si|TradingSystemLab/results/true_oos_v2/T3/M30/trades.csv|429|T3-M30-Si-000057,SHORT,2026-02-16 10:30:00+03:00,2026-02-16 13:30:00+03:00,2026-02-16,2026-02-16,2026,2,2026,2,0,0,10,13,-1.00001544833,-1.00000772417,7.72416545819e-06,1,0.334668146956,ATR_TRAILING_STOP,77110.7130012,77369.6406499,,0 days 03:00:00,180,3,SOURCE,SOURCE,SOURCE,UNAVAILABLE,DERIVED
v2,quarterly,true_oos,T3,M30,Si,V2_TRUE_OOS,TradingSystemLab/results/true_oos_v2/T3/M30/trades.csv,433,T3-M30-Si-000058,v2|true_oos|T3|M30|Si|TradingSystemLab/results/true_oos_v2/T3/M30/trades.csv|433|T3-M30-Si-000058,SHORT,2026-02-19 18:00:00+03:00,2026-02-20 10:30:00+03:00,2026-02-19,2026-02-20,2026,2,2026,2,3,4,18,10,-0.618242639922,-0.618236726444,5.91347808916e-06,0.618230812966,0.214506199349,ATR_TRAILING_STOP,76772.1545707,76981.2466832,,0 days 16:30:00,990,16.5,SOURCE,SOURCE,SOURCE,UNAVAILABLE,DERIVED
v2,quarterly,true_oos,T3,M30,Si,V2_TRUE_OOS,TradingSystemLab/results/true_oos_v2/T3/M30/trades.csv,447,T3-M30-Si-000059,v2|true_oos|T3|M30|Si|TradingSystemLab/results/true_oos_v2/T3/M30/trades.csv|447|T3-M30-Si-000059,LONG,2026-03-05 12:00:00+03:00,2026-03-06 12:00:00+03:00,2026-03-05,2026-03-06,2026,3,2026,3,3,4,12,12,0.955594239987,0.955600019985,5.77999772485e-06,0.579488875941,2.2160353497,ATR_TRAILING_STOP,79199.4976036,79530.1571801,,1 days 00:00:00,1440,24,SOURCE,SOURCE,SOURCE,UNAVAILABLE,DERIVED
v2,quarterly,true_oos,T3,M30,Si,V2_TRUE_OOS,TradingSystemLab/results/true_oos_v2/T3/M30/trades.csv,450,T3-M30-Si-000060,v2|true_oos|T3|M30|Si|TradingSystemLab/results/true_oos_v2/T3/M30/trades.csv|450|T3-M30-Si-000060,LONG,2026-03-10 10:30:00+03:00,2026-03-10 11:00:00+03:00,2026-03-10,2026-03-10,2026,3,2026,3,1,1,10,11,-1.00001064031,-1.00000532015,5.32015355884e-06,1,0,ATR_TRAILING_STOP,79149.1168848,78773.1878861,,0 days 00:30:00,30,0.5,SOURCE,SOURCE,SOURCE,UNAVAILABLE,DERIVED
v2,quarterly,true_oos,T3,M30,Si,V2_TRUE_OOS,TradingSystemLab/results/true_oos_v2/T3/M30/trades.csv,452,T3-M30-Si-000061,v2|true_oos|T3|M30|Si|TradingSystemLab/results/true_oos_v2/T3/M30/trades.csv|452|T3-M30-Si-000061,LONG,2026-03-10 12:00:00+03:00,2026-03-11 10:30:00+03:00,2026-03-10,2026-03-11,2026,3,2026,3,1,2,12,10,-0.486180832983,-0.486176299328,4.53365529142e-06,0.573306119314,0.589294736188,ATR_TRAILING_STOP,79301.2666556,79086.7943438,,0 days 22:30:00,1350,22.5,SOURCE,SOURCE,SOURCE,UNAVAILABLE,DERIVED
v2,quarterly,true_oos,T3,M30,Si,V2_TRUE_OOS,TradingSystemLab/results/true_oos_v2/T3/M30/trades.csv,457,T3-M30-Si-000062,v2|true_oos|T3|M30|Si|TradingSystemLab/results/true_oos_v2/T3/M30/trades.csv|457|T3-M30-Si-000062,LONG,2026-03-16 10:30:00+03:00,2026-03-18 13:30:00+03:00,2026-03-16,2026-03-18,2026,3,2026,3,0,2,10,13,6.92421805159,6.92422419174,6.14015843177e-06,0.13611206201,8.59362064237,ATR_TRAILING_STOP,80963.8303768,83219.2217999,,2 days 03:00:00,3060,51,SOURCE,SOURCE,SOURCE,UNAVAILABLE,DERIVED
v2,quarterly,true_oos,T3,M30,Si,V2_TRUE_OOS,TradingSystemLab/results/true_oos_v2/T3/M30/trades.csv,460,T3-M30-Si-000063,v2|true_oos|T3|M30|Si|TradingSystemLab/results/true_oos_v2/T3/M30/trades.csv|460|T3-M30-Si-000063,LONG,2026-03-18 15:00:00+03:00,2026-03-19 13:00:00+03:00,2026-03-18,2026-03-19,2026,3,2026,3,2,3,15,13,3.52489261022,3.52489660895,3.99873789111e-06,0.00402918578675,5.17750373598,ATR_TRAILING_STOP,83853.6684085,85616.6749889,,0 days 22:00:00,1320,22,SOURCE,SOURCE,SOURCE,UNAVAILABLE,DERIVED
v2,quarterly,true_oos,T3,M30,Si,V2_TRUE_OOS,TradingSystemLab/results/true_oos_v2/T3/M30/trades.csv,463,T3-M30-Si-000064,v2|true_oos|T3|M30|Si|TradingSystemLab/results/true_oos_v2/T3/M30/trades.csv|463|T3-M30-Si-000064,LONG,2026-03-20 15:00:00+03:00,2026-03-20 17:00:00+03:00,2026-03-20,2026-03-20,2026,3,2026,3,4,4,15,17,-1.00000514549,-1.00000257274,2.57274471842e-06,1,0.281329356141,ATR_TRAILING_STOP,86029.1020625,85251.7221749,,0 days 02:00:00,120,2,SOURCE,SOURCE,SOURCE,UNAVAILABLE,DERIVED
v2,quarterly,true_oos,T3,M30,Si,V2_TRUE_OOS,TradingSystemLab/results/true_oos_v2/T3/M30/trades.csv,483,T3-M30-Si-000065,v2|true_oos|T3|M30|Si|TradingSystemLab/results/true_oos_v2/T3/M30/trades.csv|483|T3-M30-Si-000065,SHORT,2026-04-14 12:00:00+03:00,2026-04-15 13:30:00+03:00,2026-04-14,2026-04-15,2026,4,2026,4,1,2,12,13,1.29356443043,1.29357040228,5.97184702665e-06,0.680613254403,2.82055943266,ATR_TRAILING_STOP,78539.9179356,78106.6930494,,1 days 01:30:00,1530,25.5,SOURCE,SOURCE,SOURCE,UNAVAILABLE,DERIVED
v2,quarterly,true_oos,T3,M30,Si,V2_TRUE_OOS,TradingSystemLab/results/true_oos_v2/T3/M30/trades.csv,487,T3-M30-Si-000066,v2|true_oos|T3|M30|Si|TradingSystemLab/results/true_oos_v2/T3/M30/trades.csv|487|T3-M30-Si-000066,SHORT,2026-04-16 21:30:00+03:00,2026-04-17 09:30:00+03:00,2026-04-16,2026-04-17,2026,4,2026,4,3,4,21,9,-1.00000920163,-1.00000460082,4.60081581192e-06,1,0.125184186162,ATR_TRAILING_STOP,78834.5979252,79269.3034387,,0 days 12:00:00,720,12,SOURCE,SOURCE,SOURCE,UNAVAILABLE,DERIVED
v2,quarterly,true_oos,T3,M30,Si,V2_TRUE_OOS,TradingSystemLab/results/true_oos_v2/T3/M30/trades.csv,489,T3-M30-Si-000067,v2|true_oos|T3|M30|Si|TradingSystemLab/results/true_oos_v2/T3/M30/trades.csv|489|T3-M30-Si-000067,SHORT,2026-04-17 17:30:00+03:00,2026-04-17 18:00:00+03:00,2026-04-17,2026-04-17,2026,4,2026,4,4,4,17,18,-1.00000943179,-1.00000471589,4.71589285614e-06,1,0,ATR_TRAILING_STOP,78571.7474815,78995.845327,,0 days 00:30:00,30,0.5,SOURCE,SOURCE,SOURCE,UNAVAILABLE,DERIVED
v2,quarterly,true_oos,T3,M30,Si,V2_TRUE_OOS,TradingSystemLab/results/true_oos_v2/T3/M30/trades.csv,496,T3-M30-Si-000068,v2|true_oos|T3|M30|Si|TradingSystemLab/results/true_oos_v2/T3/M30/trades.csv|496|T3-M30-Si-000068,SHORT,2026-04-24 12:00:00+03:00,2026-04-28 10:00:00+03:00,2026-04-24,2026-04-28,2026,4,2026,4,4,1,12,10,2.45831148217,2.45831665056,5.16839076e-06,0.610269873154,3.39893785874,ATR_TRAILING_STOP,78377.6899273,77426.3989228,,3 days 22:00:00,5640,94,SOURCE,SOURCE,SOURCE,UNAVAILABLE,DERIVED
v2,quarterly,true_oos,T3,M30,Si,V2_TRUE_OOS,TradingSystemLab/results/true_oos_v2/T3/M30/trades.csv,517,T3-M30-Si-000069,v2|true_oos|T3|M30|Si|TradingSystemLab/results/true_oos_v2/T3/M30/trades.csv|517|T3-M30-Si-000069,SHORT,2026-05-18 15:00:00+03:00,2026-05-20 10:30:00+03:00,2026-05-18,2026-05-20,2026,5,2026,5,0,2,15,10,7.77753833221,7.77754631448,7.98226737647e-06,0.725334426482,9.65883188258,ATR_TRAILING_STOP,74857.9582044,72909.250167,,1 days 19:30:00,2610,43.5,SOURCE,SOURCE,SOURCE,UNAVAILABLE,DERIVED
v2,quarterly,true_oos,T3,M30,Si,V2_TRUE_OOS,TradingSystemLab/results/true_oos_v2/T3/M30/trades.csv,521,T3-M30-Si-000070,v2|true_oos|T3|M30|Si|TradingSystemLab/results/true_oos_v2/T3/M30/trades.csv|521|T3-M30-Si-000070,SHORT,2026-05-21 10:30:00+03:00,2026-05-21 17:30:00+03:00,2026-05-21,2026-05-21,2026,5,2026,5,3,3,10,17,-0.937683848178,-0.937678813749,5.03442871789e-06,0.937673779321,0.403193524005,ATR_TRAILING_STOP,73189.4739425,73561.9784835,,0 days 07:00:00,420,7,SOURCE,SOURCE,SOURCE,UNAVAILABLE,DERIVED
v2,quarterly,true_oos,T3,M30,Si,V2_TRUE_OOS,TradingSystemLab/results/true_oos_v2/T3/M30/trades.csv,525,T3-M30-Si-000071,v2|true_oos|T3|M30|Si|TradingSystemLab/results/true_oos_v2/T3/M30/trades.csv|525|T3-M30-Si-000071,SHORT,2026-05-25 12:00:00+03:00,2026-05-25 16:00:00+03:00,2026-05-25,2026-05-25,2026,5,2026,5,0,0,12,16,-1.00000998686,-1.00000499343,4.99342881123e-06,1,0.320440668633,ATR_TRAILING_STOP,73984.1858309,74384.7122178,,0 days 04:00:00,240,4,SOURCE,SOURCE,SOURCE,UNAVAILABLE,DERIVED
v2,quarterly,true_oos,T3,M30,Si,V2_TRUE_OOS,TradingSystemLab/results/true_oos_v2/T3/M30/trades.csv,528,T3-M30-Si-000072,v2|true_oos|T3|M30|Si|TradingSystemLab/results/true_oos_v2/T3/M30/trades.csv|528|T3-M30-Si-000072,SHORT,2026-05-26 13:30:00+03:00,2026-05-27 12:00:00+03:00,2026-05-26,2026-05-27,2026,5,2026,5,1,2,13,12,0.911187390535,0.91119219229,4.80175435358e-06,0.648327496154,1.99921520677,ATR_TRAILING_STOP,74058.1125182,73678.5858174,,0 days 22:30:00,1350,22.5,SOURCE,SOURCE,SOURCE,UNAVAILABLE,DERIVED
v2,quarterly,true_oos,T3,M30,Si,V2_TRUE_OOS,TradingSystemLab/results/true_oos_v2/T3/M30/trades.csv,537,T3-M30-Si-000073,v2|true_oos|T3|M30|Si|TradingSystemLab/results/true_oos_v2/T3/M30/trades.csv|537|T3-M30-Si-000073,LONG,2026-06-02 11:30:00+03:00,2026-06-03 10:00:00+03:00,2026-06-02,2026-06-03,2026,6,2026,6,1,2,11,10,1.41737487224,1.41738078009,5.90785019232e-06,0.357890553221,2.60532190862,ATR_TRAILING_STOP,75097.1931786,75577.0248066,,0 days 22:30:00,1350,22.5,SOURCE,SOURCE,SOURCE,UNAVAILABLE,DERIVED
v2,quarterly,true_oos,T3,M30,Si,V2_TRUE_OOS,TradingSystemLab/results/true_oos_v2/T3/M30/trades.csv,541,T3-M30-Si-000074,v2|true_oos|T3|M30|Si|TradingSystemLab/results/true_oos_v2/T3/M30/trades.csv|541|T3-M30-Si-000074,LONG,2026-06-03 13:30:00+03:00,2026-06-03 22:00:00+03:00,2026-06-03,2026-06-03,2026,6,2026,6,2,2,13,22,-0.306829873838,-0.30682680138,3.07245749911e-06,0.45585054707,0.802864804355,ATR_TRAILING_STOP,76276.9398967,76077.214609,,0 days 08:30:00,510,8.5,SOURCE,SOURCE,SOURCE,UNAVAILABLE,DERIVED
v2,quarterly,true_oos,T3,M30,Si,V2_TRUE_OOS,TradingSystemLab/results/true_oos_v2/T3/M30/trades.csv,542,T3-M30-Si-000075,v2|true_oos|T3|M30|Si|TradingSystemLab/results/true_oos_v2/T3/M30/trades.csv|542|T3-M30-Si-000075,LONG,2026-06-04 10:30:00+03:00,2026-06-04 16:00:00+03:00,2026-06-04,2026-06-04,2026,6,2026,6,3,3,10,16,-0.994390034285,-0.994385532249,4.50203617045e-06,0.994381030212,0.471495878574,ATR_TRAILING_STOP,76897.1026623,76455.3554206,,0 days 05:30:00,330,5.5,SOURCE,SOURCE,SOURCE,UNAVAILABLE,DERIVED
v2,quarterly,true_oos,T3,M30,Si,V2_TRUE_OOS,TradingSystemLab/results/true_oos_v2/T3/M30/trades.csv,549,T3-M30-Si-000076,v2|true_oos|T3|M30|Si|TradingSystemLab/results/true_oos_v2/T3/M30/trades.csv|549|T3-M30-Si-000076,SHORT,2026-06-09 12:00:00+03:00,2026-06-09 16:00:00+03:00,2026-06-09,2026-06-09,2026,6,2026,6,1,1,12,16,-1.00000914561,-1.00000457281,4.57280560151e-06,1,0.147897911774,ATR_TRAILING_STOP,74037.5773273,74474.9455809,,0 days 04:00:00,240,4,SOURCE,SOURCE,SOURCE,UNAVAILABLE,DERIVED
v2,quarterly,true_oos,T3,M30,Si,V2_TRUE_OOS,TradingSystemLab/results/true_oos_v2/T3/M30/trades.csv,562,T3-M30-Si-000077,v2|true_oos|T3|M30|Si|TradingSystemLab/results/true_oos_v2/T3/M30/trades.csv|562|T3-M30-Si-000077,LONG,2026-06-22 19:00:00+03:00,2026-06-23 11:00:00+03:00,2026-06-22,2026-06-23,2026,6,2026,6,0,1,19,11,0.300052975833,0.300057420415,4.44458167591e-06,0.177783267036,1.46004508054,ATR_TRAILING_STOP,76255,76390.0236701,,0 days 16:00:00,960,16,SOURCE,SOURCE,SOURCE,UNAVAILABLE,DERIVED
v2,quarterly,true_oos,T3,M30,Si,V2_TRUE_OOS,TradingSystemLab/results/true_oos_v2/T3/M30/trades.csv,569,T3-M30-Si-000078,v2|true_oos|T3|M30|Si|TradingSystemLab/results/true_oos_v2/T3/M30/trades.csv|569|T3-M30-Si-000078,LONG,2026-06-25 14:00:00+03:00,2026-06-26 11:00:00+03:00,2026-06-25,2026-06-26,2026,6,2026,6,3,4,14,11,1.87873177402,1.87873662233,4.84831140652e-06,0.2230223247,3.3453348705,ATR_TRAILING_STOP,77407,78182.0085806,,0 days 21:00:00,1260,21,SOURCE,SOURCE,SOURCE,UNAVAILABLE,DERIVED
v2,quarterly,true_oos,T3,M30,Si,V2_TRUE_OOS,TradingSystemLab/results/true_oos_v2/T3/M30/trades.csv,573,T3-M30-Si-000079,v2|true_oos|T3|M30|Si|TradingSystemLab/results/true_oos_v2/T3/M30/trades.csv|573|T3-M30-Si-000079,LONG,2026-06-26 12:00:00+03:00,2026-06-26 19:00:00+03:00,2026-06-26,2026-06-26,2026,6,2026,6,4,4,12,19,1.89659243431,1.8965965017,4.06738830664e-06,0.180998779645,4.0470513651,ATR_TRAILING_STOP,79010,79942.5888881,,0 days 07:00:00,420,7,SOURCE,SOURCE,SOURCE,UNAVAILABLE,DERIVED
v2,quarterly,true_oos,T3,M30,Si,V2_TRUE_OOS,TradingSystemLab/results/true_oos_v2/T3/M30/trades.csv,577,T3-M30-Si-000080,v2|true_oos|T3|M30|Si|TradingSystemLab/results/true_oos_v2/T3/M30/trades.csv|577|T3-M30-Si-000080,LONG,2026-06-30 14:00:00+03:00,2026-07-01 10:30:00+03:00,2026-06-30,2026-07-01,2026,6,2026,7,1,2,14,10,0.690670460096,0.690673536454,3.07635806385e-06,0.330708491864,1.65661881738,ATR_TRAILING_STOP,80192,80641.0222519,,0 days 20:30:00,1230,20.5,SOURCE,SOURCE,SOURCE,UNAVAILABLE,DERIVED
v2,quarterly,true_oos,T3,M30,Si,V2_TRUE_OOS,TradingSystemLab/results/true_oos_v2/T3/M30/trades.csv,611,T3-M30-Si-000081,v2|true_oos|T3|M30|Si|TradingSystemLab/results/true_oos_v2/T3/M30/trades.csv|611|T3-M30-Si-000081,LONG,2026-07-28 17:30:00+03:00,2026-07-29 10:30:00+03:00,2026-07-28,2026-07-29,2026,7,2026,7,1,2,17,10,1.79411409669,1.79412127671,7.18002445892e-06,0.0215400733768,3.26332111658,ATR_TRAILING_STOP,79640,80139.7555279,,0 days 17:00:00,1020,17,SOURCE,SOURCE,SOURCE,UNAVAILABLE,DERIVED
v2,quarterly,true_oos,T3,M30,Si,V2_TRUE_OOS,TradingSystemLab/results/true_oos_v2/T3/M30/trades.csv,615,T3-M30-Si-000082,v2|true_oos|T3|M30|Si|TradingSystemLab/results/true_oos_v2/T3/M30/trades.csv|615|T3-M30-Si-000082,LONG,2026-07-29 17:30:00+03:00,2026-07-30 10:00:00+03:00,2026-07-29,2026-07-30,2026,7,2026,7,2,3,17,10,-0.164987065484,-0.164981562185,5.50329954217e-06,0.164976058885,0.764958636362,ATR_TRAILING_STOP,80710,80650.0446741,,0 days 16:30:00,990,16.5,SOURCE,SOURCE,SOURCE,UNAVAILABLE,DERIVED
v2,quarterly,true_oos,T3,M30,Si,V2_TRUE_OOS,TradingSystemLab/results/true_oos_v2/T3/M30/trades.csv,616,T3-M30-Si-000083,v2|true_oos|T3|M30|Si|TradingSystemLab/results/true_oos_v2/T3/M30/trades.csv|616|T3-M30-Si-000083,LONG,2026-07-30 13:30:00+03:00,2026-07-30 14:30:00+03:00,2026-07-30,2026-07-30,2026,7,2026,7,3,3,13,14,-1.00001239396,-1.00000619698,6.19698142401e-06,1,0.498857004633,ATR_TRAILING_STOP,81118,80795.2622244,,0 days 01:00:00,60,1,SOURCE,SOURCE,SOURCE,UNAVAILABLE,DERIVED
v2,quarterly,true_oos,T3,M30,Si,V2_TRUE_OOS,TradingSystemLab/results/true_oos_v2/T3/M30/trades.csv,619,T3-M30-Si-000084,v2|true_oos|T3|M30|Si|TradingSystemLab/results/true_oos_v2/T3/M30/trades.csv|619|T3-M30-Si-000084,LONG,2026-07-31 12:30:00+03:00,2026-07-31 16:30:00+03:00,2026-07-31,2026-07-31,2026,7,2026,7,4,4,12,16,-1.00001061223,-1.00000530612,5.30611605531e-06,1,0.0159183481659,ATR_TRAILING_STOP,80433,80056.0764689,,0 days 04:00:00,240,4,SOURCE,SOURCE,SOURCE,UNAVAILABLE,DERIVED
v2,quarterly,true_oos,T3,M30,Si,V2_TRUE_OOS,TradingSystemLab/results/true_oos_v2/T3/M30/trades.csv,623,T3-M30-Si-000085,v2|true_oos|T3|M30|Si|TradingSystemLab/results/true_oos_v2/T3/M30/trades.csv|623|T3-M30-Si-000085,LONG,2026-08-03 18:30:00+03:00,2026-08-04 10:30:00+03:00,2026-08-03,2026-08-04,2026,8,2026,8,0,1,18,10,-0.528849304569,-0.528843709783,5.59478521699e-06,0.528838114998,0.497935884312,ATR_TRAILING_STOP,81522,81332.9532021,,0 days 16:00:00,960,16,SOURCE,SOURCE,SOURCE,UNAVAILABLE,DERIVED
v2,quarterly,true_oos,T3,M30,Si,V2_TRUE_OOS,TradingSystemLab/results/true_oos_v2/T3/M30/trades.csv,625,T3-M30-Si-000086,v2|true_oos|T3|M30|Si|TradingSystemLab/results/true_oos_v2/T3/M30/trades.csv|625|T3-M30-Si-000086,LONG,2026-08-05 12:30:00+03:00,2026-08-05 16:30:00+03:00,2026-08-05,2026-08-05,2026,8,2026,8,2,2,12,16,-1.00000949589,-1.00000474794,4.74794332605e-06,1,0.472420360942,ATR_TRAILING_STOP,81900,81478.7649804,,0 days 04:00:00,240,4,SOURCE,SOURCE,SOURCE,UNAVAILABLE,DERIVED
v2,quarterly,true_oos,T3,M30,Si,V2_TRUE_OOS,TradingSystemLab/results/true_oos_v2/T3/M30/trades.csv,633,T3-M30-Si-000087,v2|true_oos|T3|M30|Si|TradingSystemLab/results/true_oos_v2/T3/M30/trades.csv|633|T3-M30-Si-000087,LONG,2026-08-11 13:00:00+03:00,2026-08-12 10:00:00+03:00,2026-08-11,2026-08-12,2026,8,2026,8,1,2,13,10,-0.00541230554028,-0.005406993066,5.31247427378e-06,0.215155208088,0.921714286501,ATR_TRAILING_STOP,83203,83200.9664163,,0 days 21:00:00,1260,21,SOURCE,SOURCE,SOURCE,UNAVAILABLE,DERIVED
v2,quarterly,true_oos,T3,M30,Si,V2_TRUE_OOS,TradingSystemLab/results/true_oos_v2/T3/M30/trades.csv,642,T3-M30-Si-000088,v2|true_oos|T3|M30|Si|TradingSystemLab/results/true_oos_v2/T3/M30/trades.csv|642|T3-M30-Si-000088,LONG,2026-08-17 07:30:00+03:00,2026-08-17 09:00:00+03:00,2026-08-17,2026-08-17,2026,8,2026,8,0,0,7,9,-1.00001409591,-1.00000704795,7.04795486367e-06,1,0.408781382093,ATR_TRAILING_STOP,85284,85000.2297377,,0 days 01:30:00,90,1.5,SOURCE,SOURCE,SOURCE,UNAVAILABLE,DERIVED
v2,quarterly,true_oos,T3,M30,Si,V2_TRUE_OOS,TradingSystemLab/results/true_oos_v2/T3/M30/trades.csv,646,T3-M30-Si-000089,v2|true_oos|T3|M30|Si|TradingSystemLab/results/true_oos_v2/T3/M30/trades.csv|646|T3-M30-Si-000089,LONG,2026-08-17 11:00:00+03:00,2026-08-17 22:30:00+03:00,2026-08-17,2026-08-17,2026,8,2026,8,0,0,11,22,0.307375594829,0.307380435542,4.84071301189e-06,0.106495686262,1.35297928682,ATR_TRAILING_STOP,85475,85602,,0 days 11:30:00,690,11.5,SOURCE,SOURCE,SOURCE,UNAVAILABLE,DERIVED
v2,quarterly,true_oos,T3,M30,Si,V2_TRUE_OOS,TradingSystemLab/results/true_oos_v2/T3/M30/trades.csv,649,T3-M30-Si-000090,v2|true_oos|T3|M30|Si|TradingSystemLab/results/true_oos_v2/T3/M30/trades.csv|649|T3-M30-Si-000090,LONG,2026-08-18 12:30:00+03:00,2026-08-18 19:00:00+03:00,2026-08-18,2026-08-18,2026,8,2026,8,1,1,12,19,-1.00001159243,-1.00000579621,5.79621361802e-06,1,0.0666564566072,ATR_TRAILING_STOP,85861,85515.9471548,,0 days 06:30:00,390,6.5,SOURCE,SOURCE,SOURCE,UNAVAILABLE,DERIVED
v2,quarterly,true_oos,T3,M30,Si,V2_TRUE_OOS,TradingSystemLab/results/true_oos_v2/T3/M30/trades.csv,654,T3-M30-Si-000091,v2|true_oos|T3|M30|Si|TradingSystemLab/results/true_oos_v2/T3/M30/trades.csv|654|T3-M30-Si-000091,SHORT,2026-08-20 12:30:00+03:00,2026-08-21 11:30:00+03:00,2026-08-20,2026-08-21,2026,8,2026,8,3,4,12,11,0.349366849212,0.349371237719,4.38850683567e-06,0.743851908646,1.31874630412,ATR_TRAILING_STOP,83561,83401.7769935,,0 days 23:00:00,1380,23,SOURCE,SOURCE,SOURCE,UNAVAILABLE,DERIVED
v2,quarterly,true_oos,T3,M30,Si,V2_TRUE_OOS,TradingSystemLab/results/true_oos_v2/T3/M30/trades.csv,661,T3-M30-Si-000092,v2|true_oos|T3|M30|Si|TradingSystemLab/results/true_oos_v2/T3/M30/trades.csv|661|T3-M30-Si-000092,LONG,2026-08-24 21:30:00+03:00,2026-08-25 13:30:00+03:00,2026-08-24,2026-08-25,2026,8,2026,8,0,1,21,13,0.295884776823,0.295890570846,5.79402377013e-06,0.396890628254,1.68026689334,ATR_TRAILING_STOP,84678,84780.1384712,,0 days 16:00:00,960,16,SOURCE,SOURCE,SOURCE,UNAVAILABLE,DERIVED
v2,quarterly,true_oos,T3,M30,Si,V2_TRUE_OOS,TradingSystemLab/results/true_oos_v2/T3/M30/trades.csv,669,T3-M30-Si-000093,v2|true_oos|T3|M30|Si|TradingSystemLab/results/true_oos_v2/T3/M30/trades.csv|669|T3-M30-Si-000093,LONG,2026-08-26 16:00:00+03:00,2026-08-27 18:30:00+03:00,2026-08-26,2026-08-27,2026,8,2026,8,2,3,16,18,3.33002788955,3.33003376057,5.87102208749e-06,0.956976600261,5.34556561066,ATR_TRAILING_STOP,85201,86335.3986045,,1 days 02:30:00,1590,26.5,SOURCE,SOURCE,SOURCE,UNAVAILABLE,DERIVED
v2,quarterly,true_oos,T3,M30,Si,V2_TRUE_OOS,TradingSystemLab/results/true_oos_v2/T3/M30/trades.csv,670,T3-M30-Si-000094,v2|true_oos|T3|M30|Si|TradingSystemLab/results/true_oos_v2/T3/M30/trades.csv|670|T3-M30-Si-000094,LONG,2026-08-28 17:30:00+03:00,2026-08-29 13:00:00+03:00,2026-08-28,2026-08-29,2026,8,2026,8,4,5,17,13,0.330137654533,0.330141703951,4.04941797007e-06,0.234866242264,1.1500347035,ATR_TRAILING_STOP,86760,86923.0583732,,0 days 19:30:00,1170,19.5,SOURCE,SOURCE,SOURCE,UNAVAILABLE,DERIVED
v2,quarterly,true_oos,T3,M30,Si,V2_TRUE_OOS,TradingSystemLab/results/true_oos_v2/T3/M30/trades.csv,676,T3-M30-Si-000095,v2|true_oos|T3|M30|Si|TradingSystemLab/results/true_oos_v2/T3/M30/trades.csv|676|T3-M30-Si-000095,LONG,2026-09-01 10:30:00+03:00,2026-09-02 07:30:00+03:00,2026-09-01,2026-09-02,2026,9,2026,9,1,2,10,7,0.626049033833,0.62605443361,5.39977660808e-06,0.178192628067,1.85212337657,ATR_TRAILING_STOP,86722,86953.8836051,,0 days 21:00:00,1260,21,SOURCE,SOURCE,SOURCE,UNAVAILABLE,DERIVED
v2,quarterly,true_oos,T3,M30,Si,V2_TRUE_OOS,TradingSystemLab/results/true_oos_v2/T3/M30/trades.csv,679,T3-M30-Si-000096,v2|true_oos|T3|M30|Si|TradingSystemLab/results/true_oos_v2/T3/M30/trades.csv|679|T3-M30-Si-000096,LONG,2026-09-02 14:30:00+03:00,2026-09-03 00:00:00+03:00,2026-09-02,2026-09-03,2026,9,2026,9,2,3,14,0,-0.764447534953,-0.764443082099,4.45285473385e-06,0.79706099736,0.151397060951,ATR_TRAILING_STOP,87498,87154.6523388,,0 days 09:30:00,570,9.5,SOURCE,SOURCE,SOURCE,UNAVAILABLE,DERIVED
v2,quarterly,true_oos,T3,M30,Si,V2_TRUE_OOS,TradingSystemLab/results/true_oos_v2/T3/M30/trades.csv,691,T3-M30-Si-000097,v2|true_oos|T3|M30|Si|TradingSystemLab/results/true_oos_v2/T3/M30/trades.csv|691|T3-M30-Si-000097,SHORT,2026-09-09 16:00:00+03:00,2026-09-10 15:00:00+03:00,2026-09-09,2026-09-10,2026,9,2026,9,2,3,16,15,1.65594780127,1.65595328292,5.48164382122e-06,0.323416985452,3.00668163594,ATR_TRAILING_STOP,85107,84502.8167227,,0 days 23:00:00,1380,23,SOURCE,SOURCE,SOURCE,UNAVAILABLE,DERIVED
v2,quarterly,true_oos,T3,M30,Si,V2_TRUE_OOS,TradingSystemLab/results/true_oos_v2/T3/M30/trades.csv,695,T3-M30-Si-000098,v2|true_oos|T3|M30|Si|TradingSystemLab/results/true_oos_v2/T3/M30/trades.csv|695|T3-M30-Si-000098,SHORT,2026-09-11 17:00:00+03:00,2026-09-11 23:30:00+03:00,2026-09-11,2026-09-11,2026,9,2026,9,4,4,17,23,-0.725589835847,-0.725584705806,5.13004028113e-06,0.725579575766,0.266762094619,ATR_TRAILING_STOP,83912,84194.8748064,,0 days 06:30:00,390,6.5,SOURCE,SOURCE,SOURCE,UNAVAILABLE,DERIVED
