run,signal_id,strategy,instrument,signal_at,available_at,ready_at,planned_execution_at,session_id,direction,direction_sign,signal_close,atr_shifted,vwap_approx,range_high_shifted,range_low_shifted,stop,take,cap,status,reason,swing_low,swing_high,architecture,scenario
VWAP_MR_USDRUBF,VWAP_MR_USDRUBF_000001,VWAP_MR,USDRUBF,2023-01-03 11:40:00,2023-01-03 11:50:00,2023-01-03 11:50:00,2023-01-03 11:55:00,2023-01-03 10:00:00--2023-01-03 14:00:00,SHORT,-1,70.19,0.1483333333333333333333333333,70.05924230382027234673872728,70.26,69.76,70.41,70.05,70.16,MODELLED,CONDITIONAL_OPEN_SCENARIO,70.02,70.26,EXIT_ONLY_FROZEN_ENTRIES,C1_T10
VWAP_MR_USDRUBF,VWAP_MR_USDRUBF_000006,VWAP_MR,USDRUBF,2023-01-04 11:50:00,2023-01-04 12:00:00,2023-01-04 12:00:00,2023-01-04 12:05:00,2023-01-04 10:00:00--2023-01-04 14:00:00,SHORT,-1,71.58,0.1608333333333333333333333333,71.46035636631656532154044593,71.77,71.07,71.82,71.46,71.54,MODELLED,CONDITIONAL_OPEN_SCENARIO,71.47,71.77,EXIT_ONLY_FROZEN_ENTRIES,C1_T10
VWAP_MR_USDRUBF,VWAP_MR_USDRUBF_000007,VWAP_MR,USDRUBF,2023-01-04 12:35:00,2023-01-04 12:45:00,2023-01-04 12:45:00,2023-01-04 12:50:00,2023-01-04 10:00:00--2023-01-04 14:00:00,SHORT,-1,71.63,0.1908333333333333333333333333,71.49684233113037507510084972,71.84,71.39,71.91,71.49,71.59,MODELLED,CONDITIONAL_OPEN_SCENARIO,71.49,71.81,EXIT_ONLY_FROZEN_ENTRIES,C1_T10
VWAP_MR_USDRUBF,VWAP_MR_USDRUBF_000011,VWAP_MR,USDRUBF,2023-01-04 16:05:00,2023-01-04 16:15:00,2023-01-04 16:15:00,2023-01-04 16:20:00,2023-01-04 14:05:00--2023-01-04 18:50:00,SHORT,-1,72,0.1208333333333333333333333333,71.89896747547754259163655134,72.11,71.82,72.18,71.89,71.97,MODELLED,CONDITIONAL_OPEN_SCENARIO,71.93,72.08,EXIT_ONLY_FROZEN_ENTRIES,C1_T10
VWAP_MR_USDRUBF,VWAP_MR_USDRUBF_000014,VWAP_MR,USDRUBF,2023-01-05 12:05:00,2023-01-05 12:15:00,2023-01-05 12:15:00,2023-01-05 12:20:00,2023-01-05 10:00:00--2023-01-05 14:00:00,SHORT,-1,71.67,0.1066666666666666666666666667,71.65729292431522319411933801,72.04,71.67,71.83,71.65,71.65,MODELLED,CONDITIONAL_OPEN_SCENARIO,71.63,71.95,EXIT_ONLY_FROZEN_ENTRIES,C1_T10
VWAP_MR_USDRUBF,VWAP_MR_USDRUBF_000016,VWAP_MR,USDRUBF,2023-01-05 17:15:00,2023-01-05 17:25:00,2023-01-05 17:25:00,2023-01-05 17:30:00,2023-01-05 14:05:00--2023-01-05 18:50:00,SHORT,-1,71.96,0.05166666666666666666666666667,71.91081925839642787808192586,72.05,71.83,72.03,71.91,71.95,MODELLED,CONDITIONAL_OPEN_SCENARIO,71.95,72.05,EXIT_ONLY_FROZEN_ENTRIES,C1_T10
VWAP_MR_USDRUBF,VWAP_MR_USDRUBF_000020,VWAP_MR,USDRUBF,2023-01-06 11:30:00,2023-01-06 11:40:00,2023-01-06 11:40:00,2023-01-06 11:45:00,2023-01-06 10:00:00--2023-01-06 14:00:00,LONG,1,71.75,0.12,71.83344673068129858253315043,71.93,71.51,71.57,71.84,71.78,MODELLED,CONDITIONAL_OPEN_SCENARIO,71.51,71.75,EXIT_ONLY_FROZEN_ENTRIES,C1_T10
VWAP_MR_USDRUBF,VWAP_MR_USDRUBF_000028,VWAP_MR,USDRUBF,2023-01-09 11:55:00,2023-01-09 12:05:00,2023-01-09 12:05:00,2023-01-09 12:10:00,2023-01-09 10:00:00--2023-01-09 14:00:00,LONG,1,70.84,0.1158333333333333333333333333,70.94778713253350171893636429,71.16,70.74,70.67,70.95,70.86,MODELLED,CONDITIONAL_OPEN_SCENARIO,70.71,70.99,EXIT_ONLY_FROZEN_ENTRIES,C1_T10
VWAP_MR_USDRUBF,VWAP_MR_USDRUBF_000029,VWAP_MR,USDRUBF,2023-01-09 16:55:00,2023-01-09 17:05:00,2023-01-09 17:05:00,2023-01-09 17:10:00,2023-01-09 14:05:00--2023-01-09 18:50:00,LONG,1,69.86,0.1083333333333333333333333333,69.95731964136780650542118435,69.95,69.52,69.70,69.96,69.88,MODELLED,CONDITIONAL_OPEN_SCENARIO,69.57,69.95,EXIT_ONLY_FROZEN_ENTRIES,C1_T10
VWAP_MR_USDRUBF,VWAP_MR_USDRUBF_000030,VWAP_MR,USDRUBF,2023-01-10 12:50:00,2023-01-10 13:00:00,2023-01-10 13:00:00,2023-01-10 13:05:00,2023-01-10 10:00:00--2023-01-10 14:00:00,LONG,1,69.71,0.095,69.75154366823256048896297416,69.85,69.5,69.57,69.76,69.73,MODELLED,CONDITIONAL_OPEN_SCENARIO,69.6,69.76,EXIT_ONLY_FROZEN_ENTRIES,C1_T10
VWAP_MR_USDRUBF,VWAP_MR_USDRUBF_000031,VWAP_MR,USDRUBF,2023-01-10 15:50:00,2023-01-10 16:00:00,2023-01-10 16:00:00,2023-01-10 16:05:00,2023-01-10 14:05:00--2023-01-10 18:50:00,LONG,1,69.62,0.04833333333333333333333333333,69.65824747231584015406836784,69.73,69.52,69.55,69.66,69.63,MODELLED,CONDITIONAL_OPEN_SCENARIO,69.56,69.63,EXIT_ONLY_FROZEN_ENTRIES,C1_T10
VWAP_MR_USDRUBF,VWAP_MR_USDRUBF_000036,VWAP_MR,USDRUBF,2023-01-11 15:10:00,2023-01-11 15:20:00,2023-01-11 15:20:00,2023-01-11 15:25:00,2023-01-11 14:05:00--2023-01-11 18:50:00,SHORT,-1,68.71,0.1208333333333333333333333333,68.61476043453401943967981708,68.78,68.43,68.89,68.61,68.68,MODELLED,CONDITIONAL_OPEN_SCENARIO,68.6,68.76,EXIT_ONLY_FROZEN_ENTRIES,C1_T10
VWAP_MR_USDRUBF,VWAP_MR_USDRUBF_000038,VWAP_MR,USDRUBF,2023-01-11 17:20:00,2023-01-11 17:30:00,2023-01-11 17:30:00,2023-01-11 17:35:00,2023-01-11 14:05:00--2023-01-11 18:50:00,SHORT,-1,68.7,0.07916666666666666666666666667,68.63171929824561403508771935,68.75,68.52,68.81,68.63,68.69,MODELLED,CONDITIONAL_OPEN_SCENARIO,68.64,68.75,EXIT_ONLY_FROZEN_ENTRIES,C1_T10
VWAP_MR_USDRUBF,VWAP_MR_USDRUBF_000040,VWAP_MR,USDRUBF,2023-01-12 11:10:00,2023-01-12 11:20:00,2023-01-12 11:20:00,2023-01-12 11:25:00,2023-01-12 10:00:00--2023-01-12 14:00:00,LONG,1,67.85,0.1316666666666666666666666667,67.96696461470046375706753065,68.35,67.72,67.66,67.97,67.88,MODELLED,CONDITIONAL_OPEN_SCENARIO,67.78,67.99,EXIT_ONLY_FROZEN_ENTRIES,C1_T10
VWAP_MR_USDRUBF,VWAP_MR_USDRUBF_000041,VWAP_MR,USDRUBF,2023-01-12 12:05:00,2023-01-12 12:15:00,2023-01-12 12:15:00,2023-01-12 12:20:00,2023-01-12 10:00:00--2023-01-12 14:00:00,LONG,1,67.82,0.08166666666666666666666666667,67.88117050204959616867567677,67.92,67.57,67.70,67.89,67.84,MODELLED,CONDITIONAL_OPEN_SCENARIO,67.69,67.87,EXIT_ONLY_FROZEN_ENTRIES,C1_T10
VWAP_MR_USDRUBF,VWAP_MR_USDRUBF_000045,VWAP_MR,USDRUBF,2023-01-12 16:35:00,2023-01-12 16:45:00,2023-01-12 16:45:00,2023-01-12 16:50:00,2023-01-12 14:05:00--2023-01-12 18:50:00,LONG,1,67.8,0.06666666666666666666666666667,67.80066195709052851909994765,67.9,67.73,67.70,67.81,67.81,MODELLED,CONDITIONAL_OPEN_SCENARIO,67.73,67.9,EXIT_ONLY_FROZEN_ENTRIES,C1_T10
VWAP_MR_USDRUBF,VWAP_MR_USDRUBF_000048,VWAP_MR,USDRUBF,2023-01-13 12:20:00,2023-01-13 12:30:00,2023-01-13 12:30:00,2023-01-13 12:35:00,2023-01-13 10:00:00--2023-01-13 14:00:00,LONG,1,67.47,0.08833333333333333333333333333,67.52627373193539246245395293,67.39,67.15,67.34,67.53,67.49,MODELLED,CONDITIONAL_OPEN_SCENARIO,67.28,67.47,EXIT_ONLY_FROZEN_ENTRIES,C1_T10
VWAP_MR_USDRUBF,VWAP_MR_USDRUBF_000049,VWAP_MR,USDRUBF,2023-01-13 12:45:00,2023-01-13 12:55:00,2023-01-13 12:55:00,2023-01-13 13:00:00,2023-01-13 10:00:00--2023-01-13 14:00:00,LONG,1,67.49,0.06416666666666666666666666667,67.52430176491994177583697231,67.51,67.23,67.40,67.53,67.50,MODELLED,CONDITIONAL_OPEN_SCENARIO,67.44,67.55,EXIT_ONLY_FROZEN_ENTRIES,C1_T10
VWAP_MR_USDRUBF,VWAP_MR_USDRUBF_000051,VWAP_MR,USDRUBF,2023-01-13 15:35:00,2023-01-13 15:45:00,2023-01-13 15:45:00,2023-01-13 15:50:00,2023-01-13 14:05:00--2023-01-13 18:50:00,SHORT,-1,68.18,0.1466666666666666666666666667,68.05272368498556871060847030,68.28,67.89,68.40,68.05,68.15,MODELLED,CONDITIONAL_OPEN_SCENARIO,68.08,68.24,EXIT_ONLY_FROZEN_ENTRIES,C1_T10
VWAP_MR_USDRUBF,VWAP_MR_USDRUBF_000054,VWAP_MR,USDRUBF,2023-01-16 17:25:00,2023-01-16 17:35:00,2023-01-16 17:35:00,2023-01-16 17:40:00,2023-01-16 14:05:00--2023-01-16 18:50:00,LONG,1,68.52,0.09333333333333333333333333333,68.60110026619343389529724933,68.69,68.38,68.38,68.61,68.54,MODELLED,CONDITIONAL_OPEN_SCENARIO,68.4,68.54,EXIT_ONLY_FROZEN_ENTRIES,C1_T10
VWAP_MR_USDRUBF,VWAP_MR_USDRUBF_000056,VWAP_MR,USDRUBF,2023-01-17 12:10:00,2023-01-17 12:20:00,2023-01-17 12:20:00,2023-01-17 12:25:00,2023-01-17 10:00:00--2023-01-17 14:00:00,LONG,1,68.69,0.0825,68.74737632737632737632737630,68.84,68.53,68.57,68.75,68.71,MODELLED,CONDITIONAL_OPEN_SCENARIO,68.54,68.69,EXIT_ONLY_FROZEN_ENTRIES,C1_T10
VWAP_MR_USDRUBF,VWAP_MR_USDRUBF_000060,VWAP_MR,USDRUBF,2023-01-17 16:10:00,2023-01-17 16:20:00,2023-01-17 16:20:00,2023-01-17 16:25:00,2023-01-17 14:05:00--2023-01-17 18:50:00,SHORT,-1,68.97,0.06916666666666666666666666667,68.90672409292612894805533803,69.08,68.74,69.07,68.90,68.96,MODELLED,CONDITIONAL_OPEN_SCENARIO,68.95,69.08,EXIT_ONLY_FROZEN_ENTRIES,C1_T10
VWAP_MR_USDRUBF,VWAP_MR_USDRUBF_000062,VWAP_MR,USDRUBF,2023-01-17 17:45:00,2023-01-17 17:55:00,2023-01-17 17:55:00,2023-01-17 18:00:00,2023-01-17 14:05:00--2023-01-17 18:50:00,LONG,1,69.01,0.1308333333333333333333333333,69.07031150355653666911945058,69.43,68.94,68.82,69.08,69.04,MODELLED,CONDITIONAL_OPEN_SCENARIO,68.93,69.05,EXIT_ONLY_FROZEN_ENTRIES,C1_T10
VWAP_MR_USDRUBF,VWAP_MR_USDRUBF_000065,VWAP_MR,USDRUBF,2023-01-18 17:55:00,2023-01-18 18:05:00,2023-01-18 18:05:00,2023-01-18 18:10:00,2023-01-18 14:05:00--2023-01-18 18:50:00,LONG,1,68.94,0.04583333333333333333333333333,68.97070433068189543816710857,69.03,68.83,68.88,68.98,68.95,MODELLED,CONDITIONAL_OPEN_SCENARIO,68.85,68.95,EXIT_ONLY_FROZEN_ENTRIES,C1_T10
VWAP_MR_USDRUBF,VWAP_MR_USDRUBF_000066,VWAP_MR,USDRUBF,2023-01-19 11:45:00,2023-01-19 11:55:00,2023-01-19 11:55:00,2023-01-19 12:00:00,2023-01-19 10:00:00--2023-01-19 14:00:00,LONG,1,68.93,0.06916666666666666666666666667,68.98401055645016997674002504,69.02,68.81,68.83,68.99,68.94,MODELLED,CONDITIONAL_OPEN_SCENARIO,68.87,68.99,EXIT_ONLY_FROZEN_ENTRIES,C1_T10
VWAP_MR_USDRUBF,VWAP_MR_USDRUBF_000069,VWAP_MR,USDRUBF,2023-01-19 12:40:00,2023-01-19 12:50:00,2023-01-19 12:50:00,2023-01-19 12:55:00,2023-01-19 10:00:00--2023-01-19 14:00:00,LONG,1,68.95,0.04916666666666666666666666667,68.97850557021401348578129580,69.02,68.87,68.88,68.98,68.96,MODELLED,CONDITIONAL_OPEN_SCENARIO,68.91,69.02,EXIT_ONLY_FROZEN_ENTRIES,C1_T10
VWAP_MR_USDRUBF,VWAP_MR_USDRUBF_000073,VWAP_MR,USDRUBF,2023-01-19 16:20:00,2023-01-19 16:30:00,2023-01-19 16:30:00,2023-01-19 16:35:00,2023-01-19 14:05:00--2023-01-19 18:50:00,SHORT,-1,68.91,0.05,68.87140864714086471408647141,68.98,68.83,68.98,68.87,68.90,MODELLED,CONDITIONAL_OPEN_SCENARIO,68.83,68.95,EXIT_ONLY_FROZEN_ENTRIES,C1_T10
VWAP_MR_USDRUBF,VWAP_MR_USDRUBF_000076,VWAP_MR,USDRUBF,2023-01-19 17:55:00,2023-01-19 18:05:00,2023-01-19 18:05:00,2023-01-19 18:10:00,2023-01-19 14:05:00--2023-01-19 18:50:00,SHORT,-1,68.88,0.04333333333333333333333333333,68.86830656743700221961091528,68.96,68.76,68.94,68.86,68.87,MODELLED,CONDITIONAL_OPEN_SCENARIO,68.87,68.96,EXIT_ONLY_FROZEN_ENTRIES,C1_T10
VWAP_MR_USDRUBF,VWAP_MR_USDRUBF_000077,VWAP_MR,USDRUBF,2023-01-20 11:20:00,2023-01-20 11:30:00,2023-01-20 11:30:00,2023-01-20 11:35:00,2023-01-20 10:00:00--2023-01-20 14:00:00,LONG,1,68.71,0.06166666666666666666666666667,68.73730493682428031783248664,68.85,68.58,68.62,68.74,68.72,MODELLED,CONDITIONAL_OPEN_SCENARIO,68.6,68.71,EXIT_ONLY_FROZEN_ENTRIES,C1_T10
VWAP_MR_USDRUBF,VWAP_MR_USDRUBF_000080,VWAP_MR,USDRUBF,2023-01-20 12:20:00,2023-01-20 12:30:00,2023-01-20 12:30:00,2023-01-20 12:35:00,2023-01-20 10:00:00--2023-01-20 14:00:00,SHORT,-1,68.76,0.04833333333333333333333333333,68.72969452736318407960199006,68.79,68.63,68.83,68.72,68.75,MODELLED,CONDITIONAL_OPEN_SCENARIO,68.73,68.79,EXIT_ONLY_FROZEN_ENTRIES,C1_T10
VWAP_MR_USDRUBF,VWAP_MR_USDRUBF_000084,VWAP_MR,USDRUBF,2023-01-20 16:20:00,2023-01-20 16:30:00,2023-01-20 16:30:00,2023-01-20 16:35:00,2023-01-20 14:05:00--2023-01-20 18:50:00,SHORT,-1,68.88,0.04166666666666666666666666667,68.86807506053268765133171913,68.97,68.82,68.94,68.86,68.87,MODELLED,CONDITIONAL_OPEN_SCENARIO,68.87,68.97,EXIT_ONLY_FROZEN_ENTRIES,C1_T10
VWAP_MR_USDRUBF,VWAP_MR_USDRUBF_000087,VWAP_MR,USDRUBF,2023-01-23 11:05:00,2023-01-23 11:15:00,2023-01-23 11:15:00,2023-01-23 11:20:00,2023-01-23 10:00:00--2023-01-23 14:00:00,LONG,1,68.62,0.06583333333333333333333333333,68.62823075660594124405054983,68.7,68.55,68.53,68.63,68.63,MODELLED,CONDITIONAL_OPEN_SCENARIO,68.55,68.68,EXIT_ONLY_FROZEN_ENTRIES,C1_T10
VWAP_MR_USDRUBF,VWAP_MR_USDRUBF_000089,VWAP_MR,USDRUBF,2023-01-23 15:25:00,2023-01-23 15:35:00,2023-01-23 15:35:00,2023-01-23 15:40:00,2023-01-23 14:05:00--2023-01-23 18:50:00,LONG,1,68.77,0.03,68.79421682506159802886307640,68.82,68.74,68.73,68.80,68.77,MODELLED,CONDITIONAL_OPEN_SCENARIO,68.74,68.78,EXIT_ONLY_FROZEN_ENTRIES,C1_T10
VWAP_MR_USDRUBF,VWAP_MR_USDRUBF_000093,VWAP_MR,USDRUBF,2023-01-24 15:10:00,2023-01-24 15:20:00,2023-01-24 15:20:00,2023-01-24 15:25:00,2023-01-24 14:05:00--2023-01-24 18:50:00,SHORT,-1,68.86,0.01916666666666666666666666667,68.84465801886792452830188679,68.9,68.82,68.88,68.84,68.86,MODELLED,CONDITIONAL_OPEN_SCENARIO,68.86,68.9,EXIT_ONLY_FROZEN_ENTRIES,C1_T10
VWAP_MR_USDRUBF,VWAP_MR_USDRUBF_000097,VWAP_MR,USDRUBF,2023-01-25 15:15:00,2023-01-25 15:25:00,2023-01-25 15:25:00,2023-01-25 15:30:00,2023-01-25 14:05:00--2023-01-25 18:50:00,LONG,1,69.08,0.04666666666666666666666666667,69.10637925338619094813346546,69.2,69.02,69.01,69.11,69.09,MODELLED,CONDITIONAL_OPEN_SCENARIO,69.02,69.09,EXIT_ONLY_FROZEN_ENTRIES,C1_T10
VWAP_MR_USDRUBF,VWAP_MR_USDRUBF_000101,VWAP_MR,USDRUBF,2023-01-25 16:20:00,2023-01-25 16:30:00,2023-01-25 16:30:00,2023-01-25 16:35:00,2023-01-25 14:05:00--2023-01-25 18:50:00,SHORT,-1,69.13,0.03416666666666666666666666667,69.10472933384282257037320088,69.2,69.04,69.18,69.10,69.13,MODELLED,CONDITIONAL_OPEN_SCENARIO,69.05,69.2,EXIT_ONLY_FROZEN_ENTRIES,C1_T10
VWAP_MR_USDRUBF,VWAP_MR_USDRUBF_000103,VWAP_MR,USDRUBF,2023-01-26 15:15:00,2023-01-26 15:25:00,2023-01-26 15:25:00,2023-01-26 15:30:00,2023-01-26 14:05:00--2023-01-26 18:50:00,LONG,1,68.98,0.07583333333333333333333333333,69.01789285714285714285714286,69.23,68.86,68.87,69.02,68.99,MODELLED,CONDITIONAL_OPEN_SCENARIO,68.88,69.05,EXIT_ONLY_FROZEN_ENTRIES,C1_T10
VWAP_MR_USDRUBF,VWAP_MR_USDRUBF_000104,VWAP_MR,USDRUBF,2023-01-27 11:20:00,2023-01-27 11:30:00,2023-01-27 11:30:00,2023-01-27 11:35:00,2023-01-27 10:00:00--2023-01-27 14:00:00,SHORT,-1,69.43,0.04583333333333333333333333333,69.38919042936742051786299574,69.46,69.32,69.49,69.38,69.42,MODELLED,CONDITIONAL_OPEN_SCENARIO,69.42,69.46,EXIT_ONLY_FROZEN_ENTRIES,C1_T10
VWAP_MR_USDRUBF,VWAP_MR_USDRUBF_000109,VWAP_MR,USDRUBF,2023-01-27 17:40:00,2023-01-27 17:50:00,2023-01-27 17:50:00,2023-01-27 17:55:00,2023-01-27 14:05:00--2023-01-27 18:50:00,SHORT,-1,69.47,0.03333333333333333333333333333,69.44219827137352910548786835,69.59,69.47,69.52,69.44,69.47,MODELLED,CONDITIONAL_OPEN_SCENARIO,69.47,69.57,EXIT_ONLY_FROZEN_ENTRIES,C1_T10
VWAP_MR_USDRUBF,VWAP_MR_USDRUBF_000112,VWAP_MR,USDRUBF,2023-01-31 11:10:00,2023-01-31 11:20:00,2023-01-31 11:20:00,2023-01-31 11:25:00,2023-01-31 10:00:00--2023-01-31 14:00:00,LONG,1,70.5,0.07833333333333333333333333333,70.51534777249515759816869165,70.75,70.32,70.39,70.52,70.51,MODELLED,CONDITIONAL_OPEN_SCENARIO,70.37,70.51,EXIT_ONLY_FROZEN_ENTRIES,C1_T10
VWAP_MR_USDRUBF,VWAP_MR_USDRUBF_000113,VWAP_MR,USDRUBF,2023-01-31 11:45:00,2023-01-31 11:55:00,2023-01-31 11:55:00,2023-01-31 12:00:00,2023-01-31 10:00:00--2023-01-31 14:00:00,LONG,1,70.47,0.0675,70.48492392277202403784682263,70.51,70.32,70.37,70.49,70.48,MODELLED,CONDITIONAL_OPEN_SCENARIO,70.32,70.47,EXIT_ONLY_FROZEN_ENTRIES,C1_T10
VWAP_MR_USDRUBF,VWAP_MR_USDRUBF_000115,VWAP_MR,USDRUBF,2023-01-31 15:35:00,2023-01-31 15:45:00,2023-01-31 15:45:00,2023-01-31 15:50:00,2023-01-31 14:05:00--2023-01-31 18:50:00,SHORT,-1,70.72,0.03,70.71170159166380396198328183,70.78,70.64,70.76,70.71,70.72,MODELLED,CONDITIONAL_OPEN_SCENARIO,70.71,70.78,EXIT_ONLY_FROZEN_ENTRIES,C1_T10
VWAP_MR_USDRUBF,VWAP_MR_USDRUBF_000126,VWAP_MR,USDRUBF,2023-02-01 17:45:00,2023-02-01 17:55:00,2023-02-01 17:55:00,2023-02-01 18:00:00,2023-02-01 14:05:00--2023-02-01 18:50:00,SHORT,-1,70.21,0.0375,70.18412663755458515283842796,70.25,70.13,70.26,70.18,70.21,MODELLED,CONDITIONAL_OPEN_SCENARIO,70.21,70.25,EXIT_ONLY_FROZEN_ENTRIES,C1_T10
VWAP_MR_USDRUBF,VWAP_MR_USDRUBF_000129,VWAP_MR,USDRUBF,2023-02-02 11:15:00,2023-02-02 11:25:00,2023-02-02 11:25:00,2023-02-02 11:30:00,2023-02-02 10:00:00--2023-02-02 14:00:00,LONG,1,70.04,0.0625,70.09364866874907035549605830,70.22,69.99,69.95,70.10,70.05,MODELLED,CONDITIONAL_OPEN_SCENARIO,70.01,70.11,EXIT_ONLY_FROZEN_ENTRIES,C1_T10
VWAP_MR_USDRUBF,VWAP_MR_USDRUBF_000132,VWAP_MR,USDRUBF,2023-02-02 12:50:00,2023-02-02 13:00:00,2023-02-02 13:00:00,2023-02-02 13:05:00,2023-02-02 10:00:00--2023-02-02 14:00:00,SHORT,-1,70.1,0.03,70.09962435677530017152658664,70.19,70.03,70.14,70.09,70.10,MODELLED,CONDITIONAL_OPEN_SCENARIO,70.1,70.16,EXIT_ONLY_FROZEN_ENTRIES,C1_T10
VWAP_MR_USDRUBF,VWAP_MR_USDRUBF_000136,VWAP_MR,USDRUBF,2023-02-03 12:10:00,2023-02-03 12:20:00,2023-02-03 12:20:00,2023-02-03 12:25:00,2023-02-03 10:00:00--2023-02-03 14:00:00,SHORT,-1,70.48,0.04833333333333333333333333333,70.44342754289215686274509805,70.53,70.32,70.55,70.44,70.47,MODELLED,CONDITIONAL_OPEN_SCENARIO,70.45,70.53,EXIT_ONLY_FROZEN_ENTRIES,C1_T10
VWAP_MR_USDRUBF,VWAP_MR_USDRUBF_000138,VWAP_MR,USDRUBF,2023-02-03 13:00:00,2023-02-03 13:10:00,2023-02-03 13:10:00,2023-02-03 13:15:00,2023-02-03 10:00:00--2023-02-03 14:00:00,LONG,1,70.42,0.0425,70.45632085374387683694891534,70.56,70.41,70.36,70.46,70.43,MODELLED,CONDITIONAL_OPEN_SCENARIO,70.41,70.44,EXIT_ONLY_FROZEN_ENTRIES,C1_T10
VWAP_MR_USDRUBF,VWAP_MR_USDRUBF_000142,VWAP_MR,USDRUBF,2023-02-03 17:50:00,2023-02-03 18:00:00,2023-02-03 18:00:00,2023-02-03 18:05:00,2023-02-03 14:05:00--2023-02-03 18:50:00,LONG,1,70.66,0.08,70.69456508515815085158150852,70.86,70.6,70.54,70.70,70.68,MODELLED,CONDITIONAL_OPEN_SCENARIO,70.61,70.69,EXIT_ONLY_FROZEN_ENTRIES,C1_T10
VWAP_MR_USDRUBF,VWAP_MR_USDRUBF_000147,VWAP_MR,USDRUBF,2023-02-06 16:40:00,2023-02-06 16:50:00,2023-02-06 16:50:00,2023-02-06 16:55:00,2023-02-06 14:05:00--2023-02-06 18:50:00,SHORT,-1,70.85,0.06166666666666666666666666667,70.80975366449511400651465794,71.03,70.76,70.94,70.80,70.84,MODELLED,CONDITIONAL_OPEN_SCENARIO,70.84,71.03,EXIT_ONLY_FROZEN_ENTRIES,C1_T10
VWAP_MR_USDRUBF,VWAP_MR_USDRUBF_000148,VWAP_MR,USDRUBF,2023-02-07 11:10:00,2023-02-07 11:20:00,2023-02-07 11:20:00,2023-02-07 11:25:00,2023-02-07 10:00:00--2023-02-07 14:00:00,SHORT,-1,71.06,0.04666666666666666666666666667,71.02324514991181657848324509,71.12,70.89,71.13,71.02,71.05,MODELLED,CONDITIONAL_OPEN_SCENARIO,71.06,71.09,EXIT_ONLY_FROZEN_ENTRIES,C1_T10
VWAP_MR_USDRUBF,VWAP_MR_USDRUBF_000151,VWAP_MR,USDRUBF,2023-02-07 12:20:00,2023-02-07 12:30:00,2023-02-07 12:30:00,2023-02-07 12:35:00,2023-02-07 10:00:00--2023-02-07 14:00:00,LONG,1,71.01,0.035,71.04049554243371541044344095,71.12,70.99,70.96,71.05,71.01,MODELLED,CONDITIONAL_OPEN_SCENARIO,70.98,71.07,EXIT_ONLY_FROZEN_ENTRIES,C1_T10
VWAP_MR_USDRUBF,VWAP_MR_USDRUBF_000153,VWAP_MR,USDRUBF,2023-02-08 12:15:00,2023-02-08 12:25:00,2023-02-08 12:25:00,2023-02-08 12:30:00,2023-02-08 10:00:00--2023-02-08 14:00:00,SHORT,-1,71.64,0.05083333333333333333333333333,71.60240831833633273345330931,71.76,71.56,71.71,71.60,71.63,MODELLED,CONDITIONAL_OPEN_SCENARIO,71.63,71.68,EXIT_ONLY_FROZEN_ENTRIES,C1_T10
VWAP_MR_USDRUBF,VWAP_MR_USDRUBF_000166,VWAP_MR,USDRUBF,2023-02-10 16:55:00,2023-02-10 17:05:00,2023-02-10 17:05:00,2023-02-10 17:10:00,2023-02-10 14:05:00--2023-02-10 18:50:00,SHORT,-1,73.07,0.0675,73.01884654471544715447154472,73.13,72.87,73.17,73.01,73.06,MODELLED,CONDITIONAL_OPEN_SCENARIO,72.96,73.15,EXIT_ONLY_FROZEN_ENTRIES,C1_T10
VWAP_MR_USDRUBF,VWAP_MR_USDRUBF_000167,VWAP_MR,USDRUBF,2023-02-13 13:00:00,2023-02-13 13:10:00,2023-02-13 13:10:00,2023-02-13 13:15:00,2023-02-13 10:00:00--2023-02-13 14:00:00,SHORT,-1,73.62,0.035,73.59160154581945511999316763,73.71,73.62,73.67,73.59,73.62,MODELLED,CONDITIONAL_OPEN_SCENARIO,73.61,73.68,EXIT_ONLY_FROZEN_ENTRIES,C1_T10
VWAP_MR_USDRUBF,VWAP_MR_USDRUBF_000169,VWAP_MR,USDRUBF,2023-02-13 15:50:00,2023-02-13 16:00:00,2023-02-13 16:00:00,2023-02-13 16:05:00,2023-02-13 14:05:00--2023-02-13 18:50:00,LONG,1,73.65,0.05,73.66280690328883099967437314,73.7,73.51,73.58,73.67,73.66,MODELLED,CONDITIONAL_OPEN_SCENARIO,73.51,73.65,EXIT_ONLY_FROZEN_ENTRIES,C1_T10
VWAP_MR_USDRUBF,VWAP_MR_USDRUBF_000170,VWAP_MR,USDRUBF,2023-02-14 11:05:00,2023-02-14 11:15:00,2023-02-14 11:15:00,2023-02-14 11:20:00,2023-02-14 10:00:00--2023-02-14 14:00:00,SHORT,-1,73.8,0.07666666666666666666666666667,73.77216359030039811798769455,73.92,73.6,73.91,73.77,73.79,MODELLED,CONDITIONAL_OPEN_SCENARIO,73.8,73.89,EXIT_ONLY_FROZEN_ENTRIES,C1_T10
VWAP_MR_USDRUBF,VWAP_MR_USDRUBF_000171,VWAP_MR,USDRUBF,2023-02-14 11:30:00,2023-02-14 11:40:00,2023-02-14 11:40:00,2023-02-14 11:45:00,2023-02-14 10:00:00--2023-02-14 14:00:00,SHORT,-1,73.85,0.06916666666666666666666666667,73.78120076280660222266061683,73.92,73.78,73.95,73.78,73.84,MODELLED,CONDITIONAL_OPEN_SCENARIO,73.83,73.94,EXIT_ONLY_FROZEN_ENTRIES,C1_T10
VWAP_MR_USDRUBF,VWAP_MR_USDRUBF_000175,VWAP_MR,USDRUBF,2023-02-14 16:15:00,2023-02-14 16:25:00,2023-02-14 16:25:00,2023-02-14 16:30:00,2023-02-14 14:05:00--2023-02-14 18:50:00,LONG,1,73.41,0.115,73.45551534806975619470285340,73.71,72.85,73.24,73.46,73.43,MODELLED,CONDITIONAL_OPEN_SCENARIO,72.85,73.48,EXIT_ONLY_FROZEN_ENTRIES,C1_T10
VWAP_MR_USDRUBF,VWAP_MR_USDRUBF_000176,VWAP_MR,USDRUBF,2023-02-14 16:45:00,2023-02-14 16:55:00,2023-02-14 16:55:00,2023-02-14 17:00:00,2023-02-14 14:05:00--2023-02-14 18:50:00,LONG,1,73.3,0.1725,73.40691041848299912816041854,73.59,72.85,73.05,73.41,73.34,MODELLED,CONDITIONAL_OPEN_SCENARIO,73.15,73.34,EXIT_ONLY_FROZEN_ENTRIES,C1_T10
VWAP_MR_USDRUBF,VWAP_MR_USDRUBF_000177,VWAP_MR,USDRUBF,2023-02-14 18:00:00,2023-02-14 18:10:00,2023-02-14 18:10:00,2023-02-14 18:15:00,2023-02-14 14:05:00--2023-02-14 18:50:00,SHORT,-1,73.48,0.07833333333333333333333333333,73.40533998798059305512803606,73.56,73.16,73.59,73.40,73.47,MODELLED,CONDITIONAL_OPEN_SCENARIO,73.43,73.5,EXIT_ONLY_FROZEN_ENTRIES,C1_T10
VWAP_MR_USDRUBF,VWAP_MR_USDRUBF_000185,VWAP_MR,USDRUBF,2023-02-17 11:05:00,2023-02-17 11:15:00,2023-02-17 11:15:00,2023-02-17 11:20:00,2023-02-17 10:00:00--2023-02-17 14:00:00,LONG,1,74.8,0.085,74.87971923407917383820998280,75.08,74.66,74.68,74.88,74.82,MODELLED,CONDITIONAL_OPEN_SCENARIO,74.74,74.82,EXIT_ONLY_FROZEN_ENTRIES,C1_T10
VWAP_MR_USDRUBF,VWAP_MR_USDRUBF_000186,VWAP_MR,USDRUBF,2023-02-17 17:10:00,2023-02-17 17:20:00,2023-02-17 17:20:00,2023-02-17 17:25:00,2023-02-17 14:05:00--2023-02-17 18:50:00,LONG,1,74.08,0.115,74.18817792563841912330961402,74.08,73.81,73.91,74.19,74.10,MODELLED,CONDITIONAL_OPEN_SCENARIO,73.96,74.1,EXIT_ONLY_FROZEN_ENTRIES,C1_T10
VWAP_MR_USDRUBF,VWAP_MR_USDRUBF_000189,VWAP_MR,USDRUBF,2023-02-21 13:10:00,2023-02-21 13:20:00,2023-02-21 13:20:00,2023-02-21 13:25:00,2023-02-21 10:00:00--2023-02-21 14:00:00,LONG,1,74.59,0.145,74.67803980726797856531724231,74.93,74.19,74.38,74.68,74.62,MODELLED,CONDITIONAL_OPEN_SCENARIO,74.26,74.69,EXIT_ONLY_FROZEN_ENTRIES,C1_T10
VWAP_MR_USDRUBF,VWAP_MR_USDRUBF_000196,VWAP_MR,USDRUBF,2023-02-22 11:45:00,2023-02-22 11:55:00,2023-02-22 11:55:00,2023-02-22 12:00:00,2023-02-22 10:00:00--2023-02-22 14:00:00,SHORT,-1,74.57,0.075,74.49992055657406101631175669,74.59,74.33,74.68,74.49,74.56,MODELLED,CONDITIONAL_OPEN_SCENARIO,74.47,74.65,EXIT_ONLY_FROZEN_ENTRIES,C1_T10
VWAP_MR_USDRUBF,VWAP_MR_USDRUBF_000198,VWAP_MR,USDRUBF,2023-02-22 13:00:00,2023-02-22 13:10:00,2023-02-22 13:10:00,2023-02-22 13:15:00,2023-02-22 10:00:00--2023-02-22 14:00:00,SHORT,-1,74.73,0.09583333333333333333333333333,74.65018927938262592553968083,74.9,74.56,74.87,74.65,74.71,MODELLED,CONDITIONAL_OPEN_SCENARIO,74.73,74.9,EXIT_ONLY_FROZEN_ENTRIES,C1_T10
VWAP_MR_USDRUBF,VWAP_MR_USDRUBF_000203,VWAP_MR,USDRUBF,2023-02-24 16:05:00,2023-02-24 16:15:00,2023-02-24 16:15:00,2023-02-24 16:20:00,2023-02-24 14:05:00--2023-02-24 18:50:00,LONG,1,76.02,0.1008333333333333333333333333,76.10846029956514736672572074,76.27,75.88,75.87,76.11,76.04,MODELLED,CONDITIONAL_OPEN_SCENARIO,75.98,76.15,EXIT_ONLY_FROZEN_ENTRIES,C1_T10
VWAP_MR_USDRUBF,VWAP_MR_USDRUBF_000205,VWAP_MR,USDRUBF,2023-02-24 17:15:00,2023-02-24 17:25:00,2023-02-24 17:25:00,2023-02-24 17:30:00,2023-02-24 14:05:00--2023-02-24 18:50:00,SHORT,-1,76.13,0.0825,76.11014477646513782719481126,76.29,75.98,76.25,76.11,76.11,MODELLED,CONDITIONAL_OPEN_SCENARIO,76.1,76.22,EXIT_ONLY_FROZEN_ENTRIES,C1_T10
VWAP_MR_USDRUBF,VWAP_MR_USDRUBF_000206,VWAP_MR,USDRUBF,2023-02-24 17:55:00,2023-02-24 18:05:00,2023-02-24 18:05:00,2023-02-24 18:10:00,2023-02-24 14:05:00--2023-02-24 18:50:00,LONG,1,76.02,0.08083333333333333333333333333,76.09071099714435573168599580,76.22,75.85,75.90,76.10,76.04,MODELLED,CONDITIONAL_OPEN_SCENARIO,75.89,76.04,EXIT_ONLY_FROZEN_ENTRIES,C1_T10
VWAP_MR_USDRUBF,VWAP_MR_USDRUBF_000208,VWAP_MR,USDRUBF,2023-02-27 11:05:00,2023-02-27 11:15:00,2023-02-27 11:15:00,2023-02-27 11:20:00,2023-02-27 10:00:00--2023-02-27 14:00:00,LONG,1,75.4,0.1083333333333333333333333333,75.43009262783910671234614897,75.76,75.27,75.24,75.44,75.42,MODELLED,CONDITIONAL_OPEN_SCENARIO,75.28,75.46,EXIT_ONLY_FROZEN_ENTRIES,C1_T10
VWAP_MR_USDRUBF,VWAP_MR_USDRUBF_000211,VWAP_MR,USDRUBF,2023-02-27 17:20:00,2023-02-27 17:30:00,2023-02-27 17:30:00,2023-02-27 17:35:00,2023-02-27 14:05:00--2023-02-27 18:50:00,LONG,1,74.69,0.1141666666666666666666666667,74.72728280340349305866547240,74.69,74.36,74.52,74.73,74.71,MODELLED,CONDITIONAL_OPEN_SCENARIO,74.47,74.7,EXIT_ONLY_FROZEN_ENTRIES,C1_T10
VWAP_MR_USDRUBF,VWAP_MR_USDRUBF_000216,VWAP_MR,USDRUBF,2023-02-28 15:20:00,2023-02-28 15:30:00,2023-02-28 15:30:00,2023-02-28 15:35:00,2023-02-28 14:05:00--2023-02-28 18:50:00,LONG,1,74.89,0.06083333333333333333333333333,74.91216810683424980361351136,75.01,74.8,74.80,74.92,74.90,MODELLED,CONDITIONAL_OPEN_SCENARIO,74.8,74.92,EXIT_ONLY_FROZEN_ENTRIES,C1_T10
VWAP_MR_USDRUBF,VWAP_MR_USDRUBF_000217,VWAP_MR,USDRUBF,2023-02-28 15:35:00,2023-02-28 15:45:00,2023-02-28 15:45:00,2023-02-28 15:50:00,2023-02-28 14:05:00--2023-02-28 18:50:00,LONG,1,74.88,0.06666666666666666666666666667,74.88532867633888590363603795,74.95,74.78,74.78,74.89,74.89,MODELLED,CONDITIONAL_OPEN_SCENARIO,74.78,74.88,EXIT_ONLY_FROZEN_ENTRIES,C1_T10
VWAP_MR_USDRUBF,VWAP_MR_USDRUBF_000218,VWAP_MR,USDRUBF,2023-02-28 16:30:00,2023-02-28 16:40:00,2023-02-28 16:40:00,2023-02-28 16:45:00,2023-02-28 14:05:00--2023-02-28 18:50:00,LONG,1,74.84,0.05333333333333333333333333333,74.86837388483373884833738847,74.9,74.74,74.76,74.87,74.85,MODELLED,CONDITIONAL_OPEN_SCENARIO,74.74,74.85,EXIT_ONLY_FROZEN_ENTRIES,C1_T10
VWAP_MR_USDRUBF,VWAP_MR_USDRUBF_000219,VWAP_MR,USDRUBF,2023-02-28 17:20:00,2023-02-28 17:30:00,2023-02-28 17:30:00,2023-02-28 17:35:00,2023-02-28 14:05:00--2023-02-28 18:50:00,SHORT,-1,74.9,0.04333333333333333333333333333,74.87057067812798471824259789,74.96,74.74,74.96,74.87,74.89,MODELLED,CONDITIONAL_OPEN_SCENARIO,74.86,74.96,EXIT_ONLY_FROZEN_ENTRIES,C1_T10
VWAP_MR_USDRUBF,VWAP_MR_USDRUBF_000223,VWAP_MR,USDRUBF,2023-03-01 12:10:00,2023-03-01 12:20:00,2023-03-01 12:20:00,2023-03-01 12:25:00,2023-03-01 10:00:00--2023-03-01 14:00:00,SHORT,-1,75.13,0.07166666666666666666666666667,75.09702437971952535059331175,75.25,74.98,75.23,75.09,75.12,MODELLED,CONDITIONAL_OPEN_SCENARIO,75.04,75.2,EXIT_ONLY_FROZEN_ENTRIES,C1_T10
VWAP_MR_USDRUBF,VWAP_MR_USDRUBF_000227,VWAP_MR,USDRUBF,2023-03-01 16:25:00,2023-03-01 16:35:00,2023-03-01 16:35:00,2023-03-01 16:40:00,2023-03-01 14:05:00--2023-03-01 18:50:00,LONG,1,75.08,0.06666666666666666666666666667,75.11692107795957651588065447,75.18,74.93,74.98,75.12,75.09,MODELLED,CONDITIONAL_OPEN_SCENARIO,74.93,75.08,EXIT_ONLY_FROZEN_ENTRIES,C1_T10
VWAP_MR_USDRUBF,VWAP_MR_USDRUBF_000228,VWAP_MR,USDRUBF,2023-03-01 16:45:00,2023-03-01 16:55:00,2023-03-01 16:55:00,2023-03-01 17:00:00,2023-03-01 14:05:00--2023-03-01 18:50:00,LONG,1,75.04,0.07166666666666666666666666667,75.10829993462380262073278189,75.13,74.93,74.94,75.11,75.05,MODELLED,CONDITIONAL_OPEN_SCENARIO,74.95,75.1,EXIT_ONLY_FROZEN_ENTRIES,C1_T10
VWAP_MR_USDRUBF,VWAP_MR_USDRUBF_000230,VWAP_MR,USDRUBF,2023-03-01 18:00:00,2023-03-01 18:10:00,2023-03-01 18:10:00,2023-03-01 18:15:00,2023-03-01 14:05:00--2023-03-01 18:50:00,LONG,1,75.06,0.065,75.07000436598329536826119966,75.05,74.86,74.97,75.08,75.07,MODELLED,CONDITIONAL_OPEN_SCENARIO,74.94,75.09,EXIT_ONLY_FROZEN_ENTRIES,C1_T10
VWAP_MR_USDRUBF,VWAP_MR_USDRUBF_000238,VWAP_MR,USDRUBF,2023-03-03 15:10:00,2023-03-03 15:20:00,2023-03-03 15:20:00,2023-03-03 15:25:00,2023-03-03 14:05:00--2023-03-03 18:50:00,LONG,1,75.32,0.04083333333333333333333333333,75.35778574273197929111907605,75.43,75.3,75.26,75.36,75.33,MODELLED,CONDITIONAL_OPEN_SCENARIO,75.28,75.37,EXIT_ONLY_FROZEN_ENTRIES,C1_T10
VWAP_MR_USDRUBF,VWAP_MR_USDRUBF_000243,VWAP_MR,USDRUBF,2023-03-03 17:25:00,2023-03-03 17:35:00,2023-03-03 17:35:00,2023-03-03 17:40:00,2023-03-03 14:05:00--2023-03-03 18:50:00,SHORT,-1,75.45,0.03833333333333333333333333333,75.42130190993516733835640436,75.55,75.37,75.50,75.42,75.45,MODELLED,CONDITIONAL_OPEN_SCENARIO,75.45,75.5,EXIT_ONLY_FROZEN_ENTRIES,C1_T10
VWAP_MR_USDRUBF,VWAP_MR_USDRUBF_000247,VWAP_MR,USDRUBF,2023-03-06 17:00:00,2023-03-06 17:10:00,2023-03-06 17:10:00,2023-03-06 17:15:00,2023-03-06 14:05:00--2023-03-06 18:50:00,LONG,1,75.35,0.05666666666666666666666666667,75.36752616508688783570300160,75.48,75.25,75.27,75.37,75.36,MODELLED,CONDITIONAL_OPEN_SCENARIO,75.25,75.35,EXIT_ONLY_FROZEN_ENTRIES,C1_T10
VWAP_MR_USDRUBF,VWAP_MR_USDRUBF_000249,VWAP_MR,USDRUBF,2023-03-07 15:10:00,2023-03-07 15:20:00,2023-03-07 15:20:00,2023-03-07 15:25:00,2023-03-07 14:05:00--2023-03-07 18:50:00,SHORT,-1,75.49,0.03583333333333333333333333333,75.46900234741784037558685444,75.52,75.42,75.54,75.46,75.49,MODELLED,CONDITIONAL_OPEN_SCENARIO,75.48,75.52,EXIT_ONLY_FROZEN_ENTRIES,C1_T10
VWAP_MR_USDRUBF,VWAP_MR_USDRUBF_000250,VWAP_MR,USDRUBF,2023-03-07 15:50:00,2023-03-07 16:00:00,2023-03-07 16:00:00,2023-03-07 16:05:00,2023-03-07 14:05:00--2023-03-07 18:50:00,SHORT,-1,75.54,0.03333333333333333333333333333,75.50722033898305084745762716,75.61,75.46,75.59,75.50,75.54,MODELLED,CONDITIONAL_OPEN_SCENARIO,75.5,75.61,EXIT_ONLY_FROZEN_ENTRIES,C1_T10
VWAP_MR_USDRUBF,VWAP_MR_USDRUBF_000251,VWAP_MR,USDRUBF,2023-03-07 16:30:00,2023-03-07 16:40:00,2023-03-07 16:40:00,2023-03-07 16:45:00,2023-03-07 14:05:00--2023-03-07 18:50:00,SHORT,-1,75.55,0.04,75.51971621916612093429382233,75.62,75.5,75.61,75.51,75.54,MODELLED,CONDITIONAL_OPEN_SCENARIO,75.55,75.62,EXIT_ONLY_FROZEN_ENTRIES,C1_T10
VWAP_MR_USDRUBF,VWAP_MR_USDRUBF_000253,VWAP_MR,USDRUBF,2023-03-09 11:45:00,2023-03-09 11:55:00,2023-03-09 11:55:00,2023-03-09 12:00:00,2023-03-09 10:00:00--2023-03-09 14:00:00,LONG,1,75.89,0.05583333333333333333333333333,75.93493485201484166019501250,76.02,75.8,75.81,75.94,75.90,MODELLED,CONDITIONAL_OPEN_SCENARIO,75.83,75.91,EXIT_ONLY_FROZEN_ENTRIES,C1_T10
VWAP_MR_USDRUBF,VWAP_MR_USDRUBF_000258,VWAP_MR,USDRUBF,2023-03-10 12:05:00,2023-03-10 12:15:00,2023-03-10 12:15:00,2023-03-10 12:20:00,2023-03-10 10:00:00--2023-03-10 14:00:00,SHORT,-1,75.97,0.05666666666666666666666666667,75.96519461753815587465004966,76.05,75.88,76.05,75.96,75.96,MODELLED,CONDITIONAL_OPEN_SCENARIO,75.96,76.05,EXIT_ONLY_FROZEN_ENTRIES,C1_T10
VWAP_MR_USDRUBF,VWAP_MR_USDRUBF_000260,VWAP_MR,USDRUBF,2023-03-10 15:35:00,2023-03-10 15:45:00,2023-03-10 15:45:00,2023-03-10 15:50:00,2023-03-10 14:05:00--2023-03-10 18:50:00,SHORT,-1,76.06,0.0325,76.03264023494860499265785612,76.1,75.98,76.10,76.03,76.06,MODELLED,CONDITIONAL_OPEN_SCENARIO,76.04,76.1,EXIT_ONLY_FROZEN_ENTRIES,C1_T10
VWAP_MR_USDRUBF,VWAP_MR_USDRUBF_000262,VWAP_MR,USDRUBF,2023-03-10 16:15:00,2023-03-10 16:25:00,2023-03-10 16:25:00,2023-03-10 16:30:00,2023-03-10 14:05:00--2023-03-10 18:50:00,SHORT,-1,76.06,0.03333333333333333333333333333,76.03948069518160058278697056,76.1,76.01,76.11,76.03,76.06,MODELLED,CONDITIONAL_OPEN_SCENARIO,76.04,76.1,EXIT_ONLY_FROZEN_ENTRIES,C1_T10
VWAP_MR_USDRUBF,VWAP_MR_USDRUBF_000265,VWAP_MR,USDRUBF,2023-03-13 11:20:00,2023-03-13 11:30:00,2023-03-13 11:30:00,2023-03-13 11:35:00,2023-03-13 10:00:00--2023-03-13 14:00:00,SHORT,-1,75.58,0.08166666666666666666666666667,75.52983486160638478519273222,75.7,75.37,75.70,75.52,75.56,MODELLED,CONDITIONAL_OPEN_SCENARIO,75.58,75.67,EXIT_ONLY_FROZEN_ENTRIES,C1_T10
VWAP_MR_USDRUBF,VWAP_MR_USDRUBF_000267,VWAP_MR,USDRUBF,2023-03-13 12:30:00,2023-03-13 12:40:00,2023-03-13 12:40:00,2023-03-13 12:45:00,2023-03-13 10:00:00--2023-03-13 14:00:00,SHORT,-1,75.6,0.05166666666666666666666666667,75.57512556324870864930212113,75.73,75.54,75.67,75.57,75.59,MODELLED,CONDITIONAL_OPEN_SCENARIO,75.6,75.73,EXIT_ONLY_FROZEN_ENTRIES,C1_T10
VWAP_MR_USDRUBF,VWAP_MR_USDRUBF_000271,VWAP_MR,USDRUBF,2023-03-13 16:55:00,2023-03-13 17:05:00,2023-03-13 17:05:00,2023-03-13 17:10:00,2023-03-13 14:15:00--2023-03-13 18:50:00,LONG,1,75.19,0.05083333333333333333333333333,75.22440255900494469082938269,75.33,75.08,75.12,75.23,75.20,MODELLED,CONDITIONAL_OPEN_SCENARIO,75.08,75.2,EXIT_ONLY_FROZEN_ENTRIES,C1_T10
VWAP_MR_USDRUBF,VWAP_MR_USDRUBF_000273,VWAP_MR,USDRUBF,2023-03-14 12:00:00,2023-03-14 12:10:00,2023-03-14 12:10:00,2023-03-14 12:15:00,2023-03-14 10:00:00--2023-03-14 14:00:00,LONG,1,75.16,0.0525,75.18665644520159000567859171,75.26,75.01,75.09,75.19,75.17,MODELLED,CONDITIONAL_OPEN_SCENARIO,75.08,75.16,EXIT_ONLY_FROZEN_ENTRIES,C1_T10
VWAP_MR_USDRUBF,VWAP_MR_USDRUBF_000276,VWAP_MR,USDRUBF,2023-03-14 17:10:00,2023-03-14 17:20:00,2023-03-14 17:20:00,2023-03-14 17:25:00,2023-03-14 14:15:00--2023-03-14 18:50:00,LONG,1,75.33,0.05416666666666666666666666667,75.34249978270317253368100827,75.4,75.24,75.25,75.35,75.34,MODELLED,CONDITIONAL_OPEN_SCENARIO,75.26,75.33,EXIT_ONLY_FROZEN_ENTRIES,C1_T10
VWAP_MR_USDRUBF,VWAP_MR_USDRUBF_000278,VWAP_MR,USDRUBF,2023-03-15 11:40:00,2023-03-15 11:50:00,2023-03-15 11:50:00,2023-03-15 11:55:00,2023-03-15 10:00:00--2023-03-15 14:00:00,SHORT,-1,75.8,0.07333333333333333333333333333,75.72908173052652834570144884,75.99,75.55,75.91,75.72,75.79,MODELLED,CONDITIONAL_OPEN_SCENARIO,75.79,75.99,EXIT_ONLY_FROZEN_ENTRIES,C1_T10
VWAP_MR_USDRUBF,VWAP_MR_USDRUBF_000280,VWAP_MR,USDRUBF,2023-03-15 12:40:00,2023-03-15 12:50:00,2023-03-15 12:50:00,2023-03-15 12:55:00,2023-03-15 10:00:00--2023-03-15 14:00:00,SHORT,-1,75.79,0.03333333333333333333333333333,75.76470315522646921486225069,75.91,75.76,75.84,75.76,75.79,MODELLED,CONDITIONAL_OPEN_SCENARIO,75.77,75.91,EXIT_ONLY_FROZEN_ENTRIES,C1_T10
VWAP_MR_USDRUBF,VWAP_MR_USDRUBF_000283,VWAP_MR,USDRUBF,2023-03-15 17:00:00,2023-03-15 17:10:00,2023-03-15 17:10:00,2023-03-15 17:15:00,2023-03-15 14:15:00--2023-03-15 18:50:00,LONG,1,75.96,0.0575,76.00965786414216907490450090,76.2,75.89,75.88,76.01,75.97,MODELLED,CONDITIONAL_OPEN_SCENARIO,75.89,75.97,EXIT_ONLY_FROZEN_ENTRIES,C1_T10
VWAP_MR_USDRUBF,VWAP_MR_USDRUBF_000285,VWAP_MR,USDRUBF,2023-03-15 17:50:00,2023-03-15 18:00:00,2023-03-15 18:00:00,2023-03-15 18:05:00,2023-03-15 14:15:00--2023-03-15 18:50:00,SHORT,-1,76.05,0.05416666666666666666666666667,76.00531942633637548891786173,76.1,75.87,76.13,76.00,76.04,MODELLED,CONDITIONAL_OPEN_SCENARIO,76,76.1,EXIT_ONLY_FROZEN_ENTRIES,C1_T10
VWAP_MR_USDRUBF,VWAP_MR_USDRUBF_000286,VWAP_MR,USDRUBF,2023-03-16 11:05:00,2023-03-16 11:15:00,2023-03-16 11:15:00,2023-03-16 11:20:00,2023-03-16 10:00:00--2023-03-16 14:00:00,LONG,1,76.25,0.08083333333333333333333333333,76.30355175180529553356512438,76.49,76.07,76.13,76.31,76.27,MODELLED,CONDITIONAL_OPEN_SCENARIO,76.07,76.25,EXIT_ONLY_FROZEN_ENTRIES,C1_T10
VWAP_MR_USDRUBF,VWAP_MR_USDRUBF_000288,VWAP_MR,USDRUBF,2023-03-16 12:35:00,2023-03-16 12:45:00,2023-03-16 12:45:00,2023-03-16 12:50:00,2023-03-16 10:00:00--2023-03-16 14:00:00,SHORT,-1,76.47,0.1758333333333333333333333333,76.38250582592876580518094204,77.43,76.06,76.73,76.38,76.43,MODELLED,CONDITIONAL_OPEN_SCENARIO,76.16,77.43,EXIT_ONLY_FROZEN_ENTRIES,C1_T10
VWAP_MR_USDRUBF,VWAP_MR_USDRUBF_000289,VWAP_MR,USDRUBF,2023-03-16 15:50:00,2023-03-16 16:00:00,2023-03-16 16:00:00,2023-03-16 16:05:00,2023-03-16 14:15:00--2023-03-16 18:50:00,SHORT,-1,76.32,0.05333333333333333333333333333,76.30758629989212513484358144,76.42,76.22,76.40,76.30,76.31,MODELLED,CONDITIONAL_OPEN_SCENARIO,76.3,76.42,EXIT_ONLY_FROZEN_ENTRIES,C1_T10
VWAP_MR_USDRUBF,VWAP_MR_USDRUBF_000294,VWAP_MR,USDRUBF,2023-03-17 12:55:00,2023-03-17 13:05:00,2023-03-17 13:05:00,2023-03-17 13:10:00,2023-03-17 10:00:00--2023-03-17 14:00:00,SHORT,-1,76.63,0.06833333333333333333333333333,76.57903122386395316420407025,76.69,76.39,76.73,76.57,76.62,MODELLED,CONDITIONAL_OPEN_SCENARIO,76.6,76.67,EXIT_ONLY_FROZEN_ENTRIES,C1_T10
VWAP_MR_USDRUBF,VWAP_MR_USDRUBF_000295,VWAP_MR,USDRUBF,2023-03-17 16:25:00,2023-03-17 16:35:00,2023-03-17 16:35:00,2023-03-17 16:40:00,2023-03-17 14:15:00--2023-03-17 18:50:00,SHORT,-1,76.91,0.05166666666666666666666666667,76.87240465293668954996186117,77,76.84,76.98,76.87,76.90,MODELLED,CONDITIONAL_OPEN_SCENARIO,76.91,76.99,EXIT_ONLY_FROZEN_ENTRIES,C1_T10
VWAP_MR_USDRUBF,VWAP_MR_USDRUBF_000301,VWAP_MR,USDRUBF,2023-03-21 11:40:00,2023-03-21 11:50:00,2023-03-21 11:50:00,2023-03-21 11:55:00,2023-03-21 10:00:00--2023-03-21 14:00:00,LONG,1,76.93,0.06416666666666666666666666667,76.97475131440588853838065192,77.06,76.9,76.84,76.98,76.94,MODELLED,CONDITIONAL_OPEN_SCENARIO,76.87,76.96,EXIT_ONLY_FROZEN_ENTRIES,C1_T10
VWAP_MR_USDRUBF,VWAP_MR_USDRUBF_000303,VWAP_MR,USDRUBF,2023-03-21 12:50:00,2023-03-21 13:00:00,2023-03-21 13:00:00,2023-03-21 13:05:00,2023-03-21 10:00:00--2023-03-21 14:00:00,LONG,1,76.86,0.06333333333333333333333333333,76.90576335515703577189486667,76.93,76.7,76.77,76.91,76.87,MODELLED,CONDITIONAL_OPEN_SCENARIO,76.73,76.88,EXIT_ONLY_FROZEN_ENTRIES,C1_T10
VWAP_MR_USDRUBF,VWAP_MR_USDRUBF_000305,VWAP_MR,USDRUBF,2023-03-21 16:25:00,2023-03-21 16:35:00,2023-03-21 16:35:00,2023-03-21 16:40:00,2023-03-21 14:05:00--2023-03-21 18:50:00,LONG,1,76.76,0.0875,76.83174603174603174603174602,76.92,76.68,76.63,76.84,76.78,MODELLED,CONDITIONAL_OPEN_SCENARIO,76.7,76.78,EXIT_ONLY_FROZEN_ENTRIES,C1_T10
VWAP_MR_USDRUBF,VWAP_MR_USDRUBF_000309,VWAP_MR,USDRUBF,2023-03-21 18:00:00,2023-03-21 18:10:00,2023-03-21 18:10:00,2023-03-21 18:15:00,2023-03-21 14:05:00--2023-03-21 18:50:00,SHORT,-1,76.82,0.075,76.80979833012202954399486191,76.91,76.68,76.93,76.80,76.81,MODELLED,CONDITIONAL_OPEN_SCENARIO,76.82,76.91,EXIT_ONLY_FROZEN_ENTRIES,C1_T10
VWAP_MR_USDRUBF,VWAP_MR_USDRUBF_000311,VWAP_MR,USDRUBF,2023-03-22 11:30:00,2023-03-22 11:40:00,2023-03-22 11:40:00,2023-03-22 11:45:00,2023-03-22 10:00:00--2023-03-22 14:00:00,SHORT,-1,77.08,0.0825,77.02566498146275699359622514,77.2,76.89,77.20,77.02,77.06,MODELLED,CONDITIONAL_OPEN_SCENARIO,77.03,77.2,EXIT_ONLY_FROZEN_ENTRIES,C1_T10
VWAP_MR_USDRUBF,VWAP_MR_USDRUBF_000313,VWAP_MR,USDRUBF,2023-03-22 11:55:00,2023-03-22 12:05:00,2023-03-22 12:05:00,2023-03-22 12:10:00,2023-03-22 10:00:00--2023-03-22 14:00:00,SHORT,-1,77.14,0.08583333333333333333333333333,77.06772895223013987859593560,77.22,76.97,77.26,77.06,77.12,MODELLED,CONDITIONAL_OPEN_SCENARIO,77.12,77.22,EXIT_ONLY_FROZEN_ENTRIES,C1_T10
VWAP_MR_USDRUBF,VWAP_MR_USDRUBF_000324,VWAP_MR,USDRUBF,2023-03-23 11:10:00,2023-03-23 11:20:00,2023-03-23 11:20:00,2023-03-23 11:25:00,2023-03-23 10:00:00--2023-03-23 14:00:00,LONG,1,76.64,0.06166666666666666666666666667,76.65369277420309148731602694,76.74,76.57,76.55,76.66,76.65,MODELLED,CONDITIONAL_OPEN_SCENARIO,76.58,76.73,EXIT_ONLY_FROZEN_ENTRIES,C1_T10
VWAP_MR_USDRUBF,VWAP_MR_USDRUBF_000326,VWAP_MR,USDRUBF,2023-03-23 11:45:00,2023-03-23 11:55:00,2023-03-23 11:55:00,2023-03-23 12:00:00,2023-03-23 10:00:00--2023-03-23 14:00:00,LONG,1,76.56,0.05916666666666666666666666667,76.61278878726287262872628728,76.74,76.46,76.48,76.62,76.57,MODELLED,CONDITIONAL_OPEN_SCENARIO,76.43,76.6,EXIT_ONLY_FROZEN_ENTRIES,C1_T10
VWAP_MR_USDRUBF,VWAP_MR_USDRUBF_000333,VWAP_MR,USDRUBF,2023-03-24 11:35:00,2023-03-24 11:45:00,2023-03-24 11:45:00,2023-03-24 11:50:00,2023-03-24 10:00:00--2023-03-24 14:00:00,SHORT,-1,76.4,0.07333333333333333333333333333,76.34203021234145646287587289,76.48,76.2,76.51,76.34,76.39,MODELLED,CONDITIONAL_OPEN_SCENARIO,76.33,76.51,EXIT_ONLY_FROZEN_ENTRIES,C1_T10
VWAP_MR_USDRUBF,VWAP_MR_USDRUBF_000334,VWAP_MR,USDRUBF,2023-03-24 16:55:00,2023-03-24 17:05:00,2023-03-24 17:05:00,2023-03-24 17:10:00,2023-03-24 14:05:00--2023-03-24 18:50:00,SHORT,-1,76.75,0.0575,76.72037408407250289240262244,76.86,76.76,76.83,76.72,76.74,MODELLED,CONDITIONAL_OPEN_SCENARIO,76.74,76.84,EXIT_ONLY_FROZEN_ENTRIES,C1_T10
VWAP_MR_USDRUBF,VWAP_MR_USDRUBF_000335,VWAP_MR,USDRUBF,2023-03-27 11:15:00,2023-03-27 11:25:00,2023-03-27 11:25:00,2023-03-27 11:30:00,2023-03-27 10:00:00--2023-03-27 14:00:00,LONG,1,76.69,0.085,76.71244419159081057650628522,76.81,76.58,76.57,76.72,76.71,MODELLED,CONDITIONAL_OPEN_SCENARIO,76.58,76.71,EXIT_ONLY_FROZEN_ENTRIES,C1_T10
VWAP_MR_USDRUBF,VWAP_MR_USDRUBF_000338,VWAP_MR,USDRUBF,2023-03-27 15:20:00,2023-03-27 15:30:00,2023-03-27 15:30:00,2023-03-27 15:35:00,2023-03-27 14:05:00--2023-03-27 18:50:00,SHORT,-1,76.7,0.03666666666666666666666666667,76.67951500405515004055150039,76.77,76.58,76.75,76.67,76.70,MODELLED,CONDITIONAL_OPEN_SCENARIO,76.61,76.78,EXIT_ONLY_FROZEN_ENTRIES,C1_T10
VWAP_MR_USDRUBF,VWAP_MR_USDRUBF_000339,VWAP_MR,USDRUBF,2023-03-27 16:50:00,2023-03-27 17:00:00,2023-03-27 17:00:00,2023-03-27 17:05:00,2023-03-27 14:05:00--2023-03-27 18:50:00,SHORT,-1,76.71,0.0425,76.68722344969804094859331266,76.76,76.57,76.77,76.68,76.70,MODELLED,CONDITIONAL_OPEN_SCENARIO,76.68,76.74,EXIT_ONLY_FROZEN_ENTRIES,C1_T10
VWAP_MR_USDRUBF,VWAP_MR_USDRUBF_000341,VWAP_MR,USDRUBF,2023-03-28 11:10:00,2023-03-28 11:20:00,2023-03-28 11:20:00,2023-03-28 11:25:00,2023-03-28 10:00:00--2023-03-28 14:00:00,SHORT,-1,76.66,0.03833333333333333333333333333,76.63368215075718904202824569,76.69,76.56,76.71,76.63,76.66,MODELLED,CONDITIONAL_OPEN_SCENARIO,76.64,76.69,EXIT_ONLY_FROZEN_ENTRIES,C1_T10
VWAP_MR_USDRUBF,VWAP_MR_USDRUBF_000343,VWAP_MR,USDRUBF,2023-03-28 12:00:00,2023-03-28 12:10:00,2023-03-28 12:10:00,2023-03-28 12:15:00,2023-03-28 10:00:00--2023-03-28 14:00:00,SHORT,-1,76.68,0.03,76.65009574116870254209310003,76.71,76.64,76.72,76.65,76.68,MODELLED,CONDITIONAL_OPEN_SCENARIO,76.67,76.71,EXIT_ONLY_FROZEN_ENTRIES,C1_T10
VWAP_MR_USDRUBF,VWAP_MR_USDRUBF_000348,VWAP_MR,USDRUBF,2023-03-28 16:10:00,2023-03-28 16:20:00,2023-03-28 16:20:00,2023-03-28 16:25:00,2023-03-28 14:05:00--2023-03-28 18:50:00,SHORT,-1,76.97,0.0825,76.91359869138495092693565976,77.17,76.62,77.09,76.91,76.95,MODELLED,CONDITIONAL_OPEN_SCENARIO,76.92,77.17,EXIT_ONLY_FROZEN_ENTRIES,C1_T10
VWAP_MR_USDRUBF,VWAP_MR_USDRUBF_000350,VWAP_MR,USDRUBF,2023-03-29 11:20:00,2023-03-29 11:30:00,2023-03-29 11:30:00,2023-03-29 11:35:00,2023-03-29 10:00:00--2023-03-29 14:00:00,LONG,1,76.99,0.07833333333333333333333333333,77.01997078503439826595042881,77.19,76.93,76.88,77.02,77.00,MODELLED,CONDITIONAL_OPEN_SCENARIO,76.93,76.99,EXIT_ONLY_FROZEN_ENTRIES,C1_T10
VWAP_MR_USDRUBF,VWAP_MR_USDRUBF_000353,VWAP_MR,USDRUBF,2023-03-29 12:40:00,2023-03-29 12:50:00,2023-03-29 12:50:00,2023-03-29 12:55:00,2023-03-29 10:00:00--2023-03-29 14:00:00,SHORT,-1,77.04,0.03583333333333333333333333333,77.01961158657011191573403555,77.1,77,77.09,77.01,77.04,MODELLED,CONDITIONAL_OPEN_SCENARIO,77.03,77.07,EXIT_ONLY_FROZEN_ENTRIES,C1_T10
VWAP_MR_USDRUBF,VWAP_MR_USDRUBF_000357,VWAP_MR,USDRUBF,2023-03-29 17:50:00,2023-03-29 18:00:00,2023-03-29 18:00:00,2023-03-29 18:05:00,2023-03-29 14:05:00--2023-03-29 18:50:00,SHORT,-1,77.14,0.03333333333333333333333333333,77.12991160582746767064986084,77.18,77.08,77.19,77.12,77.14,MODELLED,CONDITIONAL_OPEN_SCENARIO,77.1,77.18,EXIT_ONLY_FROZEN_ENTRIES,C1_T10
VWAP_MR_USDRUBF,VWAP_MR_USDRUBF_000359,VWAP_MR,USDRUBF,2023-03-30 11:50:00,2023-03-30 12:00:00,2023-03-30 12:00:00,2023-03-30 12:05:00,2023-03-30 10:00:00--2023-03-30 14:00:00,LONG,1,77.08,0.04583333333333333333333333333,77.12007908566763610388285116,77.25,77.04,77.02,77.13,77.09,MODELLED,CONDITIONAL_OPEN_SCENARIO,77.04,77.14,EXIT_ONLY_FROZEN_ENTRIES,C1_T10
VWAP_MR_USDRUBF,VWAP_MR_USDRUBF_000360,VWAP_MR,USDRUBF,2023-03-30 12:05:00,2023-03-30 12:15:00,2023-03-30 12:15:00,2023-03-30 12:20:00,2023-03-30 10:00:00--2023-03-30 14:00:00,LONG,1,77.06,0.05416666666666666666666666667,77.10546691745961495906173932,77.24,77.04,76.98,77.11,77.07,MODELLED,CONDITIONAL_OPEN_SCENARIO,77.02,77.13,EXIT_ONLY_FROZEN_ENTRIES,C1_T10
VWAP_MR_USDRUBF,VWAP_MR_USDRUBF_000363,VWAP_MR,USDRUBF,2023-03-30 16:10:00,2023-03-30 16:20:00,2023-03-30 16:20:00,2023-03-30 16:25:00,2023-03-30 14:05:00--2023-03-30 18:50:00,LONG,1,77.16,0.02916666666666666666666666667,77.18244532803180914512922465,77.22,77.1,77.12,77.19,77.16,MODELLED,CONDITIONAL_OPEN_SCENARIO,77.11,77.16,EXIT_ONLY_FROZEN_ENTRIES,C1_T10
VWAP_MR_USDRUBF,VWAP_MR_USDRUBF_000364,VWAP_MR,USDRUBF,2023-03-30 18:00:00,2023-03-30 18:10:00,2023-03-30 18:10:00,2023-03-30 18:15:00,2023-03-30 14:05:00--2023-03-30 18:50:00,SHORT,-1,77.21,0.04416666666666666666666666667,77.19867611609295149937325236,77.31,77.11,77.27,77.19,77.20,MODELLED,CONDITIONAL_OPEN_SCENARIO,77.21,77.31,EXIT_ONLY_FROZEN_ENTRIES,C1_T10
VWAP_MR_USDRUBF,VWAP_MR_USDRUBF_000366,VWAP_MR,USDRUBF,2023-03-31 15:35:00,2023-03-31 15:45:00,2023-03-31 15:45:00,2023-03-31 15:50:00,2023-03-31 14:05:00--2023-03-31 18:50:00,SHORT,-1,77.77,0.07583333333333333333333333333,77.72806614469687245967569416,77.88,77.62,77.88,77.72,77.76,MODELLED,CONDITIONAL_OPEN_SCENARIO,77.76,77.88,EXIT_ONLY_FROZEN_ENTRIES,C1_T10
VWAP_MR_USDRUBF,VWAP_MR_USDRUBF_000369,VWAP_MR,USDRUBF,2023-03-31 17:00:00,2023-03-31 17:10:00,2023-03-31 17:10:00,2023-03-31 17:15:00,2023-03-31 14:05:00--2023-03-31 18:50:00,LONG,1,77.65,0.1016666666666666666666666667,77.74458979905326185773848708,77.98,77.63,77.50,77.75,77.67,MODELLED,CONDITIONAL_OPEN_SCENARIO,77.62,77.72,EXIT_ONLY_FROZEN_ENTRIES,C1_T10
VWAP_MR_USDRUBF,VWAP_MR_USDRUBF_000371,VWAP_MR,USDRUBF,2023-03-31 17:20:00,2023-03-31 17:30:00,2023-03-31 17:30:00,2023-03-31 17:35:00,2023-03-31 14:05:00--2023-03-31 18:50:00,LONG,1,77.73,0.09833333333333333333333333333,77.73884569768131411967028403,77.98,77.55,77.59,77.74,77.75,MODELLED,CONDITIONAL_OPEN_SCENARIO,77.55,77.77,EXIT_ONLY_FROZEN_ENTRIES,C1_T10
VWAP_MR_USDRUBF,VWAP_MR_USDRUBF_000372,VWAP_MR,USDRUBF,2023-03-31 18:00:00,2023-03-31 18:10:00,2023-03-31 18:10:00,2023-03-31 18:15:00,2023-03-31 14:05:00--2023-03-31 18:50:00,LONG,1,77.69,0.1016666666666666666666666667,77.71323673708025115025801365,77.77,77.38,77.54,77.72,77.71,MODELLED,CONDITIONAL_OPEN_SCENARIO,77.5,77.69,EXIT_ONLY_FROZEN_ENTRIES,C1_T10
VWAP_MR_USDRUBF,VWAP_MR_USDRUBF_000373,VWAP_MR,USDRUBF,2023-04-03 11:20:00,2023-04-03 11:30:00,2023-04-03 11:30:00,2023-04-03 11:35:00,2023-04-03 10:00:00--2023-04-03 14:00:00,SHORT,-1,77.72,0.07916666666666666666666666667,77.66321164123366170884038376,77.84,77.61,77.83,77.66,77.71,MODELLED,CONDITIONAL_OPEN_SCENARIO,77.64,77.78,EXIT_ONLY_FROZEN_ENTRIES,C1_T10
VWAP_MR_USDRUBF,VWAP_MR_USDRUBF_000376,VWAP_MR,USDRUBF,2023-04-04 11:40:00,2023-04-04 11:50:00,2023-04-04 11:50:00,2023-04-04 11:55:00,2023-04-04 10:00:00--2023-04-04 14:00:00,LONG,1,79.38,0.09,79.46234468246576287557349340,79.62,79.29,79.25,79.47,79.40,MODELLED,CONDITIONAL_OPEN_SCENARIO,79.29,79.42,EXIT_ONLY_FROZEN_ENTRIES,C1_T10
VWAP_MR_USDRUBF,VWAP_MR_USDRUBF_000380,VWAP_MR,USDRUBF,2023-04-04 15:40:00,2023-04-04 15:50:00,2023-04-04 15:50:00,2023-04-04 15:55:00,2023-04-04 14:05:00--2023-04-04 18:50:00,LONG,1,79.13,0.09166666666666666666666666667,79.14751466444967899866056993,79.38,78.87,79.00,79.15,79.15,MODELLED,CONDITIONAL_OPEN_SCENARIO,78.97,79.14,EXIT_ONLY_FROZEN_ENTRIES,C1_T10
VWAP_MR_USDRUBF,VWAP_MR_USDRUBF_000381,VWAP_MR,USDRUBF,2023-04-04 16:50:00,2023-04-04 17:00:00,2023-04-04 17:00:00,2023-04-04 17:05:00,2023-04-04 14:05:00--2023-04-04 18:50:00,LONG,1,79.11,0.06083333333333333333333333333,79.13913354303688876179582497,79.22,79.02,79.02,79.14,79.12,MODELLED,CONDITIONAL_OPEN_SCENARIO,79.02,79.14,EXIT_ONLY_FROZEN_ENTRIES,C1_T10
VWAP_MR_USDRUBF,VWAP_MR_USDRUBF_000383,VWAP_MR,USDRUBF,2023-04-05 11:40:00,2023-04-05 11:50:00,2023-04-05 11:50:00,2023-04-05 11:55:00,2023-04-05 10:00:00--2023-04-05 14:00:00,LONG,1,79.53,0.08,79.60758156840297653119633661,79.78,79.51,79.41,79.61,79.55,MODELLED,CONDITIONAL_OPEN_SCENARIO,79.51,79.56,EXIT_ONLY_FROZEN_ENTRIES,C1_T10
VWAP_MR_USDRUBF,VWAP_MR_USDRUBF_000384,VWAP_MR,USDRUBF,2023-04-05 13:10:00,2023-04-05 13:20:00,2023-04-05 13:20:00,2023-04-05 13:25:00,2023-04-05 10:00:00--2023-04-05 14:00:00,LONG,1,79.54,0.0375,79.57648605395518975765889347,79.5,79.38,79.49,79.58,79.54,MODELLED,CONDITIONAL_OPEN_SCENARIO,79.47,79.55,EXIT_ONLY_FROZEN_ENTRIES,C1_T10
VWAP_MR_USDRUBF,VWAP_MR_USDRUBF_000385,VWAP_MR,USDRUBF,2023-04-05 16:20:00,2023-04-05 16:30:00,2023-04-05 16:30:00,2023-04-05 16:35:00,2023-04-05 14:05:00--2023-04-05 18:50:00,SHORT,-1,79.68,0.0625,79.65280064568200161420500403,79.77,79.42,79.77,79.65,79.67,MODELLED,CONDITIONAL_OPEN_SCENARIO,79.68,79.77,EXIT_ONLY_FROZEN_ENTRIES,C1_T10
VWAP_MR_USDRUBF,VWAP_MR_USDRUBF_000386,VWAP_MR,USDRUBF,2023-04-06 11:05:00,2023-04-06 11:15:00,2023-04-06 11:15:00,2023-04-06 11:20:00,2023-04-06 10:00:00--2023-04-06 14:00:00,SHORT,-1,80.32,0.08583333333333333333333333333,80.26099566036190944075984603,80.42,80.15,80.44,80.26,80.30,MODELLED,CONDITIONAL_OPEN_SCENARIO,80.24,80.36,EXIT_ONLY_FROZEN_ENTRIES,C1_T10
VWAP_MR_USDRUBF,VWAP_MR_USDRUBF_000388,VWAP_MR,USDRUBF,2023-04-06 15:30:00,2023-04-06 15:40:00,2023-04-06 15:40:00,2023-04-06 15:45:00,2023-04-06 14:05:00--2023-04-06 18:50:00,SHORT,-1,80.88,0.0725,80.87746302616609783845278725,80.98,80.76,80.98,80.87,80.87,MODELLED,CONDITIONAL_OPEN_SCENARIO,80.87,80.98,EXIT_ONLY_FROZEN_ENTRIES,C1_T10
VWAP_MR_USDRUBF,VWAP_MR_USDRUBF_000393,VWAP_MR,USDRUBF,2023-04-07 15:35:00,2023-04-07 15:45:00,2023-04-07 15:45:00,2023-04-07 15:50:00,2023-04-07 14:05:00--2023-04-07 18:50:00,LONG,1,81.34,0.1908333333333333333333333333,81.39254857684480499567896073,81.6,80.79,81.06,81.40,81.38,MODELLED,CONDITIONAL_OPEN_SCENARIO,80.93,81.35,EXIT_ONLY_FROZEN_ENTRIES,C1_T10
VWAP_MR_USDRUBF,VWAP_MR_USDRUBF_000395,VWAP_MR,USDRUBF,2023-04-07 16:40:00,2023-04-07 16:50:00,2023-04-07 16:50:00,2023-04-07 16:55:00,2023-04-07 14:05:00--2023-04-07 18:50:00,LONG,1,81.15,0.1891666666666666666666666667,81.33017554103526576764446921,81.58,80.8,80.87,81.34,81.19,MODELLED,CONDITIONAL_OPEN_SCENARIO,80.8,81.58,EXIT_ONLY_FROZEN_ENTRIES,C1_T10
VWAP_MR_USDRUBF,VWAP_MR_USDRUBF_000396,VWAP_MR,USDRUBF,2023-04-07 17:15:00,2023-04-07 17:25:00,2023-04-07 17:25:00,2023-04-07 17:30:00,2023-04-07 14:05:00--2023-04-07 18:50:00,LONG,1,81.07,0.245,81.30624627900683309654285912,81.58,80.8,80.71,81.31,81.13,MODELLED,CONDITIONAL_OPEN_SCENARIO,80.85,81.1,EXIT_ONLY_FROZEN_ENTRIES,C1_T10
VWAP_MR_USDRUBF,VWAP_MR_USDRUBF_000401,VWAP_MR,USDRUBF,2023-04-10 15:55:00,2023-04-10 16:05:00,2023-04-10 16:05:00,2023-04-10 16:10:00,2023-04-10 14:05:00--2023-04-10 18:50:00,LONG,1,81.51,0.07166666666666666666666666667,81.53791192809288796700283721,81.63,81.36,81.41,81.54,81.52,MODELLED,CONDITIONAL_OPEN_SCENARIO,81.39,81.51,EXIT_ONLY_FROZEN_ENTRIES,C1_T10
VWAP_MR_USDRUBF,VWAP_MR_USDRUBF_000402,VWAP_MR,USDRUBF,2023-04-10 17:25:00,2023-04-10 17:35:00,2023-04-10 17:35:00,2023-04-10 17:40:00,2023-04-10 14:05:00--2023-04-10 18:50:00,SHORT,-1,81.62,0.08333333333333333333333333333,81.59866176307624113475177311,81.9,81.49,81.74,81.59,81.60,MODELLED,CONDITIONAL_OPEN_SCENARIO,81.61,81.79,EXIT_ONLY_FROZEN_ENTRIES,C1_T10
VWAP_MR_USDRUBF,VWAP_MR_USDRUBF_000405,VWAP_MR,USDRUBF,2023-04-11 11:15:00,2023-04-11 11:25:00,2023-04-11 11:25:00,2023-04-11 11:30:00,2023-04-11 10:00:00--2023-04-11 14:00:00,SHORT,-1,82.01,0.08666666666666666666666666667,81.92397339035400332620574957,82.07,81.75,82.14,81.92,81.99,MODELLED,CONDITIONAL_OPEN_SCENARIO,81.9,82.03,EXIT_ONLY_FROZEN_ENTRIES,C1_T10
VWAP_MR_USDRUBF,VWAP_MR_USDRUBF_000407,VWAP_MR,USDRUBF,2023-04-11 12:45:00,2023-04-11 12:55:00,2023-04-11 12:55:00,2023-04-11 13:00:00,2023-04-11 10:00:00--2023-04-11 14:00:00,SHORT,-1,82.33,0.1125,82.21954468740147257923922918,82.62,82.16,82.49,82.21,82.31,MODELLED,CONDITIONAL_OPEN_SCENARIO,82.32,82.52,EXIT_ONLY_FROZEN_ENTRIES,C1_T10
VWAP_MR_USDRUBF,VWAP_MR_USDRUBF_000412,VWAP_MR,USDRUBF,2023-04-11 17:35:00,2023-04-11 17:45:00,2023-04-11 17:45:00,2023-04-11 17:50:00,2023-04-11 14:05:00--2023-04-11 18:50:00,LONG,1,82.12,0.07166666666666666666666666667,82.14089574155653450807635830,82.17,81.92,82.02,82.15,82.13,MODELLED,CONDITIONAL_OPEN_SCENARIO,81.99,82.12,EXIT_ONLY_FROZEN_ENTRIES,C1_T10
VWAP_MR_USDRUBF,VWAP_MR_USDRUBF_000415,VWAP_MR,USDRUBF,2023-04-12 11:50:00,2023-04-12 12:00:00,2023-04-12 12:00:00,2023-04-12 12:05:00,2023-04-12 10:00:00--2023-04-12 14:00:00,LONG,1,82.08,0.07083333333333333333333333333,82.12473792697290930506478208,82.15,81.96,81.98,82.13,82.09,MODELLED,CONDITIONAL_OPEN_SCENARIO,81.99,82.08,EXIT_ONLY_FROZEN_ENTRIES,C1_T10
VWAP_MR_USDRUBF,VWAP_MR_USDRUBF_000418,VWAP_MR,USDRUBF,2023-04-12 15:10:00,2023-04-12 15:20:00,2023-04-12 15:20:00,2023-04-12 15:25:00,2023-04-12 14:05:00--2023-04-12 18:50:00,SHORT,-1,82.19,0.02583333333333333333333333333,82.17178681454097350585335799,82.22,82.14,82.22,82.17,82.19,MODELLED,CONDITIONAL_OPEN_SCENARIO,82.19,82.22,EXIT_ONLY_FROZEN_ENTRIES,C1_T10
VWAP_MR_USDRUBF,VWAP_MR_USDRUBF_000420,VWAP_MR,USDRUBF,2023-04-12 17:50:00,2023-04-12 18:00:00,2023-04-12 18:00:00,2023-04-12 18:05:00,2023-04-12 14:05:00--2023-04-12 18:50:00,LONG,1,82.21,0.05333333333333333333333333333,82.24727566807313642756680734,82.34,82.15,82.13,82.25,82.22,MODELLED,CONDITIONAL_OPEN_SCENARIO,82.15,82.21,EXIT_ONLY_FROZEN_ENTRIES,C1_T10
VWAP_MR_USDRUBF,VWAP_MR_USDRUBF_000421,VWAP_MR,USDRUBF,2023-04-13 11:35:00,2023-04-13 11:45:00,2023-04-13 11:45:00,2023-04-13 11:50:00,2023-04-13 10:00:00--2023-04-13 14:00:00,LONG,1,81.63,0.09666666666666666666666666667,81.71285745007680491551459293,81.93,81.49,81.49,81.72,81.65,MODELLED,CONDITIONAL_OPEN_SCENARIO,81.51,81.63,EXIT_ONLY_FROZEN_ENTRIES,C1_T10
VWAP_MR_USDRUBF,VWAP_MR_USDRUBF_000422,VWAP_MR,USDRUBF,2023-04-13 12:45:00,2023-04-13 12:55:00,2023-04-13 12:55:00,2023-04-13 13:00:00,2023-04-13 10:00:00--2023-04-13 14:00:00,LONG,1,81.6,0.06083333333333333333333333333,81.64874590847827482189846614,81.63,81.42,81.51,81.65,81.61,MODELLED,CONDITIONAL_OPEN_SCENARIO,81.44,81.6,EXIT_ONLY_FROZEN_ENTRIES,C1_T10
VWAP_MR_USDRUBF,VWAP_MR_USDRUBF_000427,VWAP_MR,USDRUBF,2023-04-13 17:20:00,2023-04-13 17:30:00,2023-04-13 17:30:00,2023-04-13 17:35:00,2023-04-13 14:05:00--2023-04-13 18:50:00,LONG,1,81.44,0.075,81.48017586038021459418547707,81.61,81.22,81.33,81.49,81.45,MODELLED,CONDITIONAL_OPEN_SCENARIO,81.22,81.48,EXIT_ONLY_FROZEN_ENTRIES,C1_T10
VWAP_MR_USDRUBF,VWAP_MR_USDRUBF_000431,VWAP_MR,USDRUBF,2023-04-17 13:10:00,2023-04-17 13:20:00,2023-04-17 13:20:00,2023-04-17 13:25:00,2023-04-17 10:00:00--2023-04-17 14:00:00,LONG,1,81.41,0.09333333333333333333333333333,81.47783025744190792734482055,81.38,81.04,81.27,81.48,81.43,MODELLED,CONDITIONAL_OPEN_SCENARIO,81.25,81.42,EXIT_ONLY_FROZEN_ENTRIES,C1_T10
VWAP_MR_USDRUBF,VWAP_MR_USDRUBF_000434,VWAP_MR,USDRUBF,2023-04-17 17:05:00,2023-04-17 17:15:00,2023-04-17 17:15:00,2023-04-17 17:20:00,2023-04-17 14:05:00--2023-04-17 18:50:00,SHORT,-1,81.39,0.0625,81.34275517106340560361707430,81.48,81.31,81.48,81.34,81.38,MODELLED,CONDITIONAL_OPEN_SCENARIO,81.38,81.45,EXIT_ONLY_FROZEN_ENTRIES,C1_T10
VWAP_MR_USDRUBF,VWAP_MR_USDRUBF_000440,VWAP_MR,USDRUBF,2023-04-18 16:00:00,2023-04-18 16:10:00,2023-04-18 16:10:00,2023-04-18 16:15:00,2023-04-18 14:05:00--2023-04-18 18:50:00,SHORT,-1,81.49,0.03666666666666666666666666667,81.45473135106937923839332293,81.56,81.37,81.54,81.45,81.49,MODELLED,CONDITIONAL_OPEN_SCENARIO,81.44,81.56,EXIT_ONLY_FROZEN_ENTRIES,C1_T10
VWAP_MR_USDRUBF,VWAP_MR_USDRUBF_000443,VWAP_MR,USDRUBF,2023-04-18 17:10:00,2023-04-18 17:20:00,2023-04-18 17:20:00,2023-04-18 17:25:00,2023-04-18 14:05:00--2023-04-18 18:50:00,SHORT,-1,81.52,0.03916666666666666666666666667,81.49733714130286957704338360,81.6,81.46,81.57,81.49,81.52,MODELLED,CONDITIONAL_OPEN_SCENARIO,81.52,81.56,EXIT_ONLY_FROZEN_ENTRIES,C1_T10
VWAP_MR_USDRUBF,VWAP_MR_USDRUBF_000446,VWAP_MR,USDRUBF,2023-04-19 15:15:00,2023-04-19 15:25:00,2023-04-19 15:25:00,2023-04-19 15:30:00,2023-04-19 14:05:00--2023-04-19 18:50:00,SHORT,-1,81.67,0.04166666666666666666666666667,81.65951370468611847922192747,81.73,81.6,81.73,81.65,81.66,MODELLED,CONDITIONAL_OPEN_SCENARIO,81.66,81.73,EXIT_ONLY_FROZEN_ENTRIES,C1_T10
VWAP_MR_USDRUBF,VWAP_MR_USDRUBF_000447,VWAP_MR,USDRUBF,2023-04-19 16:10:00,2023-04-19 16:20:00,2023-04-19 16:20:00,2023-04-19 16:25:00,2023-04-19 14:05:00--2023-04-19 18:50:00,SHORT,-1,81.83,0.05416666666666666666666666667,81.78142364731780790174950758,81.9,81.67,81.91,81.78,81.82,MODELLED,CONDITIONAL_OPEN_SCENARIO,81.77,81.9,EXIT_ONLY_FROZEN_ENTRIES,C1_T10
VWAP_MR_USDRUBF,VWAP_MR_USDRUBF_000450,VWAP_MR,USDRUBF,2023-04-19 17:45:00,2023-04-19 17:55:00,2023-04-19 17:55:00,2023-04-19 18:00:00,2023-04-19 14:05:00--2023-04-19 18:50:00,LONG,1,81.74,0.08333333333333333333333333333,81.78906761753829899630216589,81.87,81.61,81.62,81.79,81.76,MODELLED,CONDITIONAL_OPEN_SCENARIO,81.61,81.76,EXIT_ONLY_FROZEN_ENTRIES,C1_T10
VWAP_MR_USDRUBF,VWAP_MR_USDRUBF_000453,VWAP_MR,USDRUBF,2023-04-21 17:40:00,2023-04-21 17:50:00,2023-04-21 17:50:00,2023-04-21 17:55:00,2023-04-21 14:05:00--2023-04-21 18:50:00,SHORT,-1,81.56,0.05083333333333333333333333333,81.52442072492772959750945077,81.61,81.44,81.63,81.52,81.55,MODELLED,CONDITIONAL_OPEN_SCENARIO,81.53,81.59,EXIT_ONLY_FROZEN_ENTRIES,C1_T10
VWAP_MR_USDRUBF,VWAP_MR_USDRUBF_000455,VWAP_MR,USDRUBF,2023-04-24 11:05:00,2023-04-24 11:15:00,2023-04-24 11:15:00,2023-04-24 11:20:00,2023-04-24 10:00:00--2023-04-24 14:00:00,LONG,1,81.23,0.0625,81.28182004089979550102249489,81.48,81.17,81.14,81.29,81.24,MODELLED,CONDITIONAL_OPEN_SCENARIO,81.18,81.29,EXIT_ONLY_FROZEN_ENTRIES,C1_T10
VWAP_MR_USDRUBF,VWAP_MR_USDRUBF_000457,VWAP_MR,USDRUBF,2023-04-24 12:55:00,2023-04-24 13:05:00,2023-04-24 13:05:00,2023-04-24 13:10:00,2023-04-24 10:00:00--2023-04-24 14:00:00,SHORT,-1,81.15,0.11,81.09034453278618449175002137,81.31,80.75,81.31,81.09,81.13,MODELLED,CONDITIONAL_OPEN_SCENARIO,81.05,81.23,EXIT_ONLY_FROZEN_ENTRIES,C1_T10
VWAP_MR_USDRUBF,VWAP_MR_USDRUBF_000460,VWAP_MR,USDRUBF,2023-04-24 16:40:00,2023-04-24 16:50:00,2023-04-24 16:50:00,2023-04-24 16:55:00,2023-04-24 14:05:00--2023-04-24 18:50:00,SHORT,-1,81.23,0.05333333333333333333333333333,81.18352029448803642352029445,81.24,81.09,81.31,81.18,81.22,MODELLED,CONDITIONAL_OPEN_SCENARIO,81.19,81.24,EXIT_ONLY_FROZEN_ENTRIES,C1_T10
VWAP_MR_USDRUBF,VWAP_MR_USDRUBF_000464,VWAP_MR,USDRUBF,2023-04-25 11:50:00,2023-04-25 12:00:00,2023-04-25 12:00:00,2023-04-25 12:05:00,2023-04-25 10:00:00--2023-04-25 14:00:00,SHORT,-1,81.55,0.05416666666666666666666666667,81.51163121299738400110147321,81.66,81.37,81.63,81.51,81.54,MODELLED,CONDITIONAL_OPEN_SCENARIO,81.55,81.65,EXIT_ONLY_FROZEN_ENTRIES,C1_T10
VWAP_MR_USDRUBF,VWAP_MR_USDRUBF_000466,VWAP_MR,USDRUBF,2023-04-25 17:45:00,2023-04-25 17:55:00,2023-04-25 17:55:00,2023-04-25 18:00:00,2023-04-25 14:05:00--2023-04-25 18:50:00,SHORT,-1,81.52,0.04083333333333333333333333333,81.48287407557491642184175870,81.55,81.45,81.58,81.48,81.51,MODELLED,CONDITIONAL_OPEN_SCENARIO,81.47,81.54,EXIT_ONLY_FROZEN_ENTRIES,C1_T10
VWAP_MR_USDRUBF,VWAP_MR_USDRUBF_000467,VWAP_MR,USDRUBF,2023-04-26 11:30:00,2023-04-26 11:40:00,2023-04-26 11:40:00,2023-04-26 11:45:00,2023-04-26 10:00:00--2023-04-26 14:00:00,SHORT,-1,81.47,0.03916666666666666666666666667,81.43907760696425263937766253,81.5,81.38,81.52,81.43,81.47,MODELLED,CONDITIONAL_OPEN_SCENARIO,81.42,81.48,EXIT_ONLY_FROZEN_ENTRIES,C1_T10
VWAP_MR_USDRUBF,VWAP_MR_USDRUBF_000469,VWAP_MR,USDRUBF,2023-04-26 15:45:00,2023-04-26 15:55:00,2023-04-26 15:55:00,2023-04-26 16:00:00,2023-04-26 14:05:00--2023-04-26 18:50:00,LONG,1,81.55,0.04833333333333333333333333333,81.58971530703434188688880379,81.66,81.48,81.48,81.59,81.56,MODELLED,CONDITIONAL_OPEN_SCENARIO,81.48,81.58,EXIT_ONLY_FROZEN_ENTRIES,C1_T10
VWAP_MR_USDRUBF,VWAP_MR_USDRUBF_000473,VWAP_MR,USDRUBF,2023-04-27 18:00:00,2023-04-27 18:10:00,2023-04-27 18:10:00,2023-04-27 18:15:00,2023-04-27 14:05:00--2023-04-27 18:50:00,LONG,1,81.31,0.06333333333333333333333333333,81.31891544117647058823529413,81.3,81.12,81.22,81.32,81.32,MODELLED,CONDITIONAL_OPEN_SCENARIO,81.15,81.31,EXIT_ONLY_FROZEN_ENTRIES,C1_T10
VWAP_MR_USDRUBF,VWAP_MR_USDRUBF_000476,VWAP_MR,USDRUBF,2023-04-28 15:55:00,2023-04-28 16:05:00,2023-04-28 16:05:00,2023-04-28 16:10:00,2023-04-28 14:05:00--2023-04-28 18:50:00,LONG,1,79.27,0.14,79.38691087091021581686501441,79.46,79.02,79.06,79.39,79.30,MODELLED,CONDITIONAL_OPEN_SCENARIO,79.09,79.38,EXIT_ONLY_FROZEN_ENTRIES,C1_T10
VWAP_MR_USDRUBF,VWAP_MR_USDRUBF_000477,VWAP_MR,USDRUBF,2023-05-02 11:15:00,2023-05-02 11:25:00,2023-05-02 11:25:00,2023-05-02 11:30:00,2023-05-02 10:00:00--2023-05-02 14:00:00,LONG,1,79.93,0.1333333333333333333333333333,80.05052390014552781820217172,80.34,79.83,79.73,80.06,79.96,MODELLED,CONDITIONAL_OPEN_SCENARIO,79.81,79.97,EXIT_ONLY_FROZEN_ENTRIES,C1_T10
VWAP_MR_USDRUBF,VWAP_MR_USDRUBF_000478,VWAP_MR,USDRUBF,2023-05-02 13:05:00,2023-05-02 13:15:00,2023-05-02 13:15:00,2023-05-02 13:20:00,2023-05-02 10:00:00--2023-05-02 14:00:00,LONG,1,79.83,0.1275,79.89777975554764447608876235,79.88,79.46,79.64,79.90,79.86,MODELLED,CONDITIONAL_OPEN_SCENARIO,79.59,79.83,EXIT_ONLY_FROZEN_ENTRIES,C1_T10
VWAP_MR_USDRUBF,VWAP_MR_USDRUBF_000479,VWAP_MR,USDRUBF,2023-05-02 15:10:00,2023-05-02 15:20:00,2023-05-02 15:20:00,2023-05-02 15:25:00,2023-05-02 14:05:00--2023-05-02 18:50:00,LONG,1,79.52,0.05583333333333333333333333333,79.57499484403196700180458882,79.65,79.48,79.44,79.58,79.53,MODELLED,CONDITIONAL_OPEN_SCENARIO,79.48,79.61,EXIT_ONLY_FROZEN_ENTRIES,C1_T10
VWAP_MR_USDRUBF,VWAP_MR_USDRUBF_000480,VWAP_MR,USDRUBF,2023-05-02 16:05:00,2023-05-02 16:15:00,2023-05-02 16:15:00,2023-05-02 16:20:00,2023-05-02 14:05:00--2023-05-02 18:50:00,SHORT,-1,79.65,0.06916666666666666666666666667,79.59530336257309941520467838,79.72,79.48,79.75,79.59,79.64,MODELLED,CONDITIONAL_OPEN_SCENARIO,79.64,79.72,EXIT_ONLY_FROZEN_ENTRIES,C1_T10
VWAP_MR_USDRUBF,VWAP_MR_USDRUBF_000484,VWAP_MR,USDRUBF,2023-05-03 11:45:00,2023-05-03 11:55:00,2023-05-03 11:55:00,2023-05-03 12:00:00,2023-05-03 10:00:00--2023-05-03 14:00:00,LONG,1,79.13,0.1233333333333333333333333333,79.23575627287560082903382286,79.48,78.81,78.95,79.24,79.16,MODELLED,CONDITIONAL_OPEN_SCENARIO,78.93,79.19,EXIT_ONLY_FROZEN_ENTRIES,C1_T10
VWAP_MR_USDRUBF,VWAP_MR_USDRUBF_000488,VWAP_MR,USDRUBF,2023-05-03 16:50:00,2023-05-03 17:00:00,2023-05-03 17:00:00,2023-05-03 17:05:00,2023-05-03 14:05:00--2023-05-03 18:50:00,SHORT,-1,79.28,0.04166666666666666666666666667,79.25900238948626045400238948,79.32,79.2,79.34,79.25,79.27,MODELLED,CONDITIONAL_OPEN_SCENARIO,79.22,79.33,EXIT_ONLY_FROZEN_ENTRIES,C1_T10
VWAP_MR_USDRUBF,VWAP_MR_USDRUBF_000490,VWAP_MR,USDRUBF,2023-05-04 16:25:00,2023-05-04 16:35:00,2023-05-04 16:35:00,2023-05-04 16:40:00,2023-05-04 14:05:00--2023-05-04 18:50:00,LONG,1,77.89,0.1266666666666666666666666667,77.98076503123062985743575075,78.14,77.58,77.70,77.99,77.92,MODELLED,CONDITIONAL_OPEN_SCENARIO,77.58,77.94,EXIT_ONLY_FROZEN_ENTRIES,C1_T10
VWAP_MR_USDRUBF,VWAP_MR_USDRUBF_000493,VWAP_MR,USDRUBF,2023-05-04 17:30:00,2023-05-04 17:40:00,2023-05-04 17:40:00,2023-05-04 17:45:00,2023-05-04 14:05:00--2023-05-04 18:50:00,LONG,1,77.87,0.09166666666666666666666666667,77.93715886991266221137866416,77.99,77.7,77.74,77.94,77.89,MODELLED,CONDITIONAL_OPEN_SCENARIO,77.68,77.89,EXIT_ONLY_FROZEN_ENTRIES,C1_T10
VWAP_MR_USDRUBF,VWAP_MR_USDRUBF_000494,VWAP_MR,USDRUBF,2023-05-05 12:05:00,2023-05-05 12:15:00,2023-05-05 12:15:00,2023-05-05 12:20:00,2023-05-05 10:00:00--2023-05-05 14:00:00,LONG,1,76.7,0.09833333333333333333333333333,76.76101723310144749879970994,76.65,76.31,76.56,76.77,76.72,MODELLED,CONDITIONAL_OPEN_SCENARIO,76.46,76.74,EXIT_ONLY_FROZEN_ENTRIES,C1_T10
VWAP_MR_USDRUBF,VWAP_MR_USDRUBF_000496,VWAP_MR,USDRUBF,2023-05-05 16:15:00,2023-05-05 16:25:00,2023-05-05 16:25:00,2023-05-05 16:30:00,2023-05-05 14:05:00--2023-05-05 18:50:00,SHORT,-1,77.29,0.1041666666666666666666666667,77.18636329866270430906389302,77.4,77.01,77.44,77.18,77.27,MODELLED,CONDITIONAL_OPEN_SCENARIO,77.21,77.4,EXIT_ONLY_FROZEN_ENTRIES,C1_T10
VWAP_MR_USDRUBF,VWAP_MR_USDRUBF_000500,VWAP_MR,USDRUBF,2023-05-08 15:20:00,2023-05-08 15:30:00,2023-05-08 15:30:00,2023-05-08 15:35:00,2023-05-08 14:05:00--2023-05-08 18:50:00,SHORT,-1,77.88,0.08166666666666666666666666667,77.82471258907363420427553444,78.05,77.48,78.00,77.82,77.86,MODELLED,CONDITIONAL_OPEN_SCENARIO,77.87,77.98,EXIT_ONLY_FROZEN_ENTRIES,C1_T10
VWAP_MR_USDRUBF,VWAP_MR_USDRUBF_000501,VWAP_MR,USDRUBF,2023-05-08 18:00:00,2023-05-08 18:10:00,2023-05-08 18:10:00,2023-05-08 18:15:00,2023-05-08 14:05:00--2023-05-08 18:50:00,SHORT,-1,78.18,0.0775,78.15715568032161918624800721,78.48,78.23,78.29,78.15,78.17,MODELLED,CONDITIONAL_OPEN_SCENARIO,78.17,78.33,EXIT_ONLY_FROZEN_ENTRIES,C1_T10
VWAP_MR_USDRUBF,VWAP_MR_USDRUBF_000504,VWAP_MR,USDRUBF,2023-05-10 17:00:00,2023-05-10 17:10:00,2023-05-10 17:10:00,2023-05-10 17:15:00,2023-05-10 14:05:00--2023-05-10 18:50:00,SHORT,-1,76.28,0.1083333333333333333333333333,76.18178372263259466294004129,76.36,75.96,76.44,76.18,76.26,MODELLED,CONDITIONAL_OPEN_SCENARIO,76.12,76.41,EXIT_ONLY_FROZEN_ENTRIES,C1_T10
VWAP_MR_USDRUBF,VWAP_MR_USDRUBF_000508,VWAP_MR,USDRUBF,2023-05-11 11:05:00,2023-05-11 11:15:00,2023-05-11 11:15:00,2023-05-11 11:20:00,2023-05-11 10:00:00--2023-05-11 14:00:00,LONG,1,75.52,0.1408333333333333333333333333,75.64626000877481627728419436,75.91,75.3,75.31,75.65,75.55,MODELLED,CONDITIONAL_OPEN_SCENARIO,75.3,75.55,EXIT_ONLY_FROZEN_ENTRIES,C1_T10
VWAP_MR_USDRUBF,VWAP_MR_USDRUBF_000513,VWAP_MR,USDRUBF,2023-05-11 17:50:00,2023-05-11 18:00:00,2023-05-11 18:00:00,2023-05-11 18:05:00,2023-05-11 14:05:00--2023-05-11 18:50:00,LONG,1,76.96,0.09166666666666666666666666667,77.01235605508034392060650262,77.24,76.92,76.83,77.02,76.98,MODELLED,CONDITIONAL_OPEN_SCENARIO,76.89,77.08,EXIT_ONLY_FROZEN_ENTRIES,C1_T10
VWAP_MR_USDRUBF,VWAP_MR_USDRUBF_000516,VWAP_MR,USDRUBF,2023-05-12 11:35:00,2023-05-12 11:45:00,2023-05-12 11:45:00,2023-05-12 11:50:00,2023-05-12 10:00:00--2023-05-12 14:00:00,SHORT,-1,77.31,0.1666666666666666666666666667,77.20547307893361212754835337,77.72,76.72,77.56,77.20,77.27,MODELLED,CONDITIONAL_OPEN_SCENARIO,77.2,77.63,EXIT_ONLY_FROZEN_ENTRIES,C1_T10
VWAP_MR_USDRUBF,VWAP_MR_USDRUBF_000517,VWAP_MR,USDRUBF,2023-05-12 12:20:00,2023-05-12 12:30:00,2023-05-12 12:30:00,2023-05-12 12:35:00,2023-05-12 10:00:00--2023-05-12 14:00:00,SHORT,-1,77.34,0.1233333333333333333333333333,77.21826901790144662010000389,77.66,77.16,77.52,77.21,77.31,MODELLED,CONDITIONAL_OPEN_SCENARIO,77.33,77.42,EXIT_ONLY_FROZEN_ENTRIES,C1_T10
VWAP_MR_USDRUBF,VWAP_MR_USDRUBF_000525,VWAP_MR,USDRUBF,2023-05-15 12:10:00,2023-05-15 12:20:00,2023-05-15 12:20:00,2023-05-15 12:25:00,2023-05-15 10:00:00--2023-05-15 14:00:00,SHORT,-1,79.06,0.1016666666666666666666666667,78.98625265638885669023608056,79.24,78.84,79.21,78.98,79.04,MODELLED,CONDITIONAL_OPEN_SCENARIO,79.01,79.24,EXIT_ONLY_FROZEN_ENTRIES,C1_T10
VWAP_MR_USDRUBF,VWAP_MR_USDRUBF_000526,VWAP_MR,USDRUBF,2023-05-15 15:10:00,2023-05-15 15:20:00,2023-05-15 15:20:00,2023-05-15 15:25:00,2023-05-15 14:05:00--2023-05-15 18:50:00,SHORT,-1,79.38,0.08833333333333333333333333333,79.35039505237914931212924400,79.47,79.12,79.51,79.35,79.36,MODELLED,CONDITIONAL_OPEN_SCENARIO,79.31,79.47,EXIT_ONLY_FROZEN_ENTRIES,C1_T10
VWAP_MR_USDRUBF,VWAP_MR_USDRUBF_000527,VWAP_MR,USDRUBF,2023-05-15 16:00:00,2023-05-15 16:10:00,2023-05-15 16:10:00,2023-05-15 16:15:00,2023-05-15 14:05:00--2023-05-15 18:50:00,SHORT,-1,79.41,0.06833333333333333333333333333,79.39938034188034188034188035,79.55,79.31,79.51,79.39,79.40,MODELLED,CONDITIONAL_OPEN_SCENARIO,79.41,79.55,EXIT_ONLY_FROZEN_ENTRIES,C1_T10
VWAP_MR_USDRUBF,VWAP_MR_USDRUBF_000528,VWAP_MR,USDRUBF,2023-05-15 16:15:00,2023-05-15 16:25:00,2023-05-15 16:25:00,2023-05-15 16:30:00,2023-05-15 14:05:00--2023-05-15 18:50:00,SHORT,-1,79.44,0.05916666666666666666666666667,79.40907410875944309171505276,79.55,79.36,79.52,79.40,79.43,MODELLED,CONDITIONAL_OPEN_SCENARIO,79.41,79.51,EXIT_ONLY_FROZEN_ENTRIES,C1_T10
VWAP_MR_USDRUBF,VWAP_MR_USDRUBF_000529,VWAP_MR,USDRUBF,2023-05-15 17:10:00,2023-05-15 17:20:00,2023-05-15 17:20:00,2023-05-15 17:25:00,2023-05-15 14:05:00--2023-05-15 18:50:00,SHORT,-1,79.48,0.06333333333333333333333333333,79.42005465870090250413118087,79.52,79.34,79.57,79.42,79.47,MODELLED,CONDITIONAL_OPEN_SCENARIO,79.45,79.52,EXIT_ONLY_FROZEN_ENTRIES,C1_T10
VWAP_MR_USDRUBF,VWAP_MR_USDRUBF_000533,VWAP_MR,USDRUBF,2023-05-16 11:10:00,2023-05-16 11:20:00,2023-05-16 11:20:00,2023-05-16 11:25:00,2023-05-16 10:00:00--2023-05-16 14:00:00,SHORT,-1,79.97,0.1341666666666666666666666667,79.88563701507289350135903143,80.1,79.64,80.17,79.88,79.94,MODELLED,CONDITIONAL_OPEN_SCENARIO,79.92,80.1,EXIT_ONLY_FROZEN_ENTRIES,C1_T10
VWAP_MR_USDRUBF,VWAP_MR_USDRUBF_000536,VWAP_MR,USDRUBF,2023-05-16 15:25:00,2023-05-16 15:35:00,2023-05-16 15:35:00,2023-05-16 15:40:00,2023-05-16 14:05:00--2023-05-16 18:50:00,SHORT,-1,80.13,0.03833333333333333333333333333,80.09346005029986457728767655,80.18,80.03,80.18,80.09,80.13,MODELLED,CONDITIONAL_OPEN_SCENARIO,80.13,80.18,EXIT_ONLY_FROZEN_ENTRIES,C1_T10
VWAP_MR_USDRUBF,VWAP_MR_USDRUBF_000538,VWAP_MR,USDRUBF,2023-05-17 12:50:00,2023-05-17 13:00:00,2023-05-17 13:00:00,2023-05-17 13:05:00,2023-05-17 10:00:00--2023-05-17 14:00:00,SHORT,-1,80.77,0.09083333333333333333333333333,80.67956892668839254961184850,80.92,80.58,80.90,80.67,80.75,MODELLED,CONDITIONAL_OPEN_SCENARIO,80.76,80.85,EXIT_ONLY_FROZEN_ENTRIES,C1_T10
VWAP_MR_USDRUBF,VWAP_MR_USDRUBF_000540,VWAP_MR,USDRUBF,2023-05-17 17:05:00,2023-05-17 17:15:00,2023-05-17 17:15:00,2023-05-17 17:20:00,2023-05-17 14:05:00--2023-05-17 18:50:00,LONG,1,80.4,0.1516666666666666666666666667,80.46023672928040467598161678,80.5,80.01,80.18,80.47,80.43,MODELLED,CONDITIONAL_OPEN_SCENARIO,80.11,80.45,EXIT_ONLY_FROZEN_ENTRIES,C1_T10
VWAP_MR_USDRUBF,VWAP_MR_USDRUBF_000541,VWAP_MR,USDRUBF,2023-05-18 12:30:00,2023-05-18 12:40:00,2023-05-18 12:40:00,2023-05-18 12:45:00,2023-05-18 10:00:00--2023-05-18 14:00:00,LONG,1,80.06,0.10,80.09278007053350341412170781,80.05,79.77,79.91,80.10,80.08,MODELLED,CONDITIONAL_OPEN_SCENARIO,79.91,80.09,EXIT_ONLY_FROZEN_ENTRIES,C1_T10
VWAP_MR_USDRUBF,VWAP_MR_USDRUBF_000544,VWAP_MR,USDRUBF,2023-05-18 15:15:00,2023-05-18 15:25:00,2023-05-18 15:25:00,2023-05-18 15:30:00,2023-05-18 14:05:00--2023-05-18 18:50:00,SHORT,-1,79.81,0.1416666666666666666666666667,79.70448548460326362738028470,79.96,79.39,80.02,79.70,79.78,MODELLED,CONDITIONAL_OPEN_SCENARIO,79.76,79.96,EXIT_ONLY_FROZEN_ENTRIES,C1_T10
VWAP_MR_USDRUBF,VWAP_MR_USDRUBF_000546,VWAP_MR,USDRUBF,2023-05-19 12:10:00,2023-05-19 12:20:00,2023-05-19 12:20:00,2023-05-19 12:25:00,2023-05-19 10:00:00--2023-05-19 14:00:00,LONG,1,79.84,0.07416666666666666666666666667,79.89804154204054503157195082,80,79.65,79.73,79.90,79.85,MODELLED,CONDITIONAL_OPEN_SCENARIO,79.65,79.85,EXIT_ONLY_FROZEN_ENTRIES,C1_T10
VWAP_MR_USDRUBF,VWAP_MR_USDRUBF_000547,VWAP_MR,USDRUBF,2023-05-19 12:40:00,2023-05-19 12:50:00,2023-05-19 12:50:00,2023-05-19 12:55:00,2023-05-19 10:00:00--2023-05-19 14:00:00,LONG,1,79.87,0.06583333333333333333333333333,79.87368723098995695839311334,79.85,79.65,79.78,79.88,79.88,MODELLED,CONDITIONAL_OPEN_SCENARIO,79.68,79.87,EXIT_ONLY_FROZEN_ENTRIES,C1_T10
VWAP_MR_USDRUBF,VWAP_MR_USDRUBF_000550,VWAP_MR,USDRUBF,2023-05-19 15:15:00,2023-05-19 15:25:00,2023-05-19 15:25:00,2023-05-19 15:30:00,2023-05-19 14:05:00--2023-05-19 18:50:00,LONG,1,79.96,0.06583333333333333333333333333,80.02151674114370830904734150,80.11,79.9,79.87,80.03,79.97,MODELLED,CONDITIONAL_OPEN_SCENARIO,79.9,80.02,EXIT_ONLY_FROZEN_ENTRIES,C1_T10
VWAP_MR_USDRUBF,VWAP_MR_USDRUBF_000551,VWAP_MR,USDRUBF,2023-05-19 16:05:00,2023-05-19 16:15:00,2023-05-19 16:15:00,2023-05-19 16:20:00,2023-05-19 14:05:00--2023-05-19 18:50:00,LONG,1,79.94,0.0975,79.97148010610079575596816977,80.02,79.75,79.80,79.98,79.96,MODELLED,CONDITIONAL_OPEN_SCENARIO,79.75,79.96,EXIT_ONLY_FROZEN_ENTRIES,C1_T10
VWAP_MR_USDRUBF,VWAP_MR_USDRUBF_000554,VWAP_MR,USDRUBF,2023-05-22 11:55:00,2023-05-22 12:05:00,2023-05-22 12:05:00,2023-05-22 12:10:00,2023-05-22 10:00:00--2023-05-22 14:00:00,LONG,1,79.84,0.0725,79.90842498794018330921369996,80.06,79.71,79.74,79.91,79.85,MODELLED,CONDITIONAL_OPEN_SCENARIO,79.76,79.84,EXIT_ONLY_FROZEN_ENTRIES,C1_T10
VWAP_MR_USDRUBF,VWAP_MR_USDRUBF_000556,VWAP_MR,USDRUBF,2023-05-22 17:35:00,2023-05-22 17:45:00,2023-05-22 17:45:00,2023-05-22 17:50:00,2023-05-22 14:05:00--2023-05-22 18:50:00,SHORT,-1,80.1,0.04333333333333333333333333333,80.06919979994998749687421853,80.19,79.93,80.16,80.06,80.09,MODELLED,CONDITIONAL_OPEN_SCENARIO,80.05,80.19,EXIT_ONLY_FROZEN_ENTRIES,C1_T10
VWAP_MR_USDRUBF,VWAP_MR_USDRUBF_000558,VWAP_MR,USDRUBF,2023-05-23 11:20:00,2023-05-23 11:30:00,2023-05-23 11:30:00,2023-05-23 11:35:00,2023-05-23 10:00:00--2023-05-23 14:00:00,SHORT,-1,80.33,0.04666666666666666666666666667,80.31325703564727954971857407,80.44,80.27,80.40,80.31,80.32,MODELLED,CONDITIONAL_OPEN_SCENARIO,80.33,80.39,EXIT_ONLY_FROZEN_ENTRIES,C1_T10
VWAP_MR_USDRUBF,VWAP_MR_USDRUBF_000560,VWAP_MR,USDRUBF,2023-05-23 12:20:00,2023-05-23 12:30:00,2023-05-23 12:30:00,2023-05-23 12:35:00,2023-05-23 10:00:00--2023-05-23 14:00:00,LONG,1,80.27,0.05833333333333333333333333333,80.29649275362318840579710143,80.37,80.19,80.19,80.30,80.28,MODELLED,CONDITIONAL_OPEN_SCENARIO,80.22,80.3,EXIT_ONLY_FROZEN_ENTRIES,C1_T10
VWAP_MR_USDRUBF,VWAP_MR_USDRUBF_000564,VWAP_MR,USDRUBF,2023-05-23 16:05:00,2023-05-23 16:15:00,2023-05-23 16:15:00,2023-05-23 16:20:00,2023-05-23 14:05:00--2023-05-23 18:50:00,LONG,1,80.21,0.04333333333333333333333333333,80.21232942199043893959148192,80.25,80.11,80.15,80.22,80.22,MODELLED,CONDITIONAL_OPEN_SCENARIO,80.16,80.25,EXIT_ONLY_FROZEN_ENTRIES,C1_T10
VWAP_MR_USDRUBF,VWAP_MR_USDRUBF_000565,VWAP_MR,USDRUBF,2023-05-23 16:45:00,2023-05-23 16:55:00,2023-05-23 16:55:00,2023-05-23 17:00:00,2023-05-23 14:05:00--2023-05-23 18:50:00,LONG,1,80.16,0.04416666666666666666666666667,80.19940506793977230995225850,80.25,80.05,80.10,80.20,80.17,MODELLED,CONDITIONAL_OPEN_SCENARIO,80.07,80.17,EXIT_ONLY_FROZEN_ENTRIES,C1_T10
VWAP_MR_USDRUBF,VWAP_MR_USDRUBF_000566,VWAP_MR,USDRUBF,2023-05-23 17:40:00,2023-05-23 17:50:00,2023-05-23 17:50:00,2023-05-23 17:55:00,2023-05-23 14:05:00--2023-05-23 18:50:00,LONG,1,80.16,0.0375,80.17348171548918246218648283,80.17,80.02,80.11,80.18,80.16,MODELLED,CONDITIONAL_OPEN_SCENARIO,80.02,80.16,EXIT_ONLY_FROZEN_ENTRIES,C1_T10
VWAP_MR_USDRUBF,VWAP_MR_USDRUBF_000570,VWAP_MR,USDRUBF,2023-05-24 12:00:00,2023-05-24 12:10:00,2023-05-24 12:10:00,2023-05-24 12:15:00,2023-05-24 10:00:00--2023-05-24 14:00:00,LONG,1,79.98,0.05416666666666666666666666667,80.03322274311816324077413152,80.07,79.9,79.90,80.04,79.99,MODELLED,CONDITIONAL_OPEN_SCENARIO,79.95,80.05,EXIT_ONLY_FROZEN_ENTRIES,C1_T10
VWAP_MR_USDRUBF,VWAP_MR_USDRUBF_000573,VWAP_MR,USDRUBF,2023-05-24 16:55:00,2023-05-24 17:05:00,2023-05-24 17:05:00,2023-05-24 17:10:00,2023-05-24 14:05:00--2023-05-24 18:50:00,LONG,1,80.13,0.05333333333333333333333333333,80.16637814610190300798035603,80.26,80.07,80.05,80.17,80.14,MODELLED,CONDITIONAL_OPEN_SCENARIO,80.07,80.13,EXIT_ONLY_FROZEN_ENTRIES,C1_T10
VWAP_MR_USDRUBF,VWAP_MR_USDRUBF_000579,VWAP_MR,USDRUBF,2023-05-25 16:05:00,2023-05-25 16:15:00,2023-05-25 16:15:00,2023-05-25 16:20:00,2023-05-25 14:05:00--2023-05-25 18:50:00,SHORT,-1,80.18,0.0425,80.16462856386849242574584906,80.26,80.09,80.24,80.16,80.17,MODELLED,CONDITIONAL_OPEN_SCENARIO,80.16,80.26,EXIT_ONLY_FROZEN_ENTRIES,C1_T10
VWAP_MR_USDRUBF,VWAP_MR_USDRUBF_000580,VWAP_MR,USDRUBF,2023-05-25 16:30:00,2023-05-25 16:40:00,2023-05-25 16:40:00,2023-05-25 16:45:00,2023-05-25 14:05:00--2023-05-25 18:50:00,LONG,1,80.14,0.0475,80.16284644194756554307116107,80.26,80.06,80.07,80.17,80.15,MODELLED,CONDITIONAL_OPEN_SCENARIO,80.06,80.2,EXIT_ONLY_FROZEN_ENTRIES,C1_T10
VWAP_MR_USDRUBF,VWAP_MR_USDRUBF_000581,VWAP_MR,USDRUBF,2023-05-25 17:20:00,2023-05-25 17:30:00,2023-05-25 17:30:00,2023-05-25 17:35:00,2023-05-25 14:05:00--2023-05-25 18:50:00,SHORT,-1,80.2,0.04333333333333333333333333333,80.16280039606267109324946126,80.24,80.06,80.26,80.16,80.19,MODELLED,CONDITIONAL_OPEN_SCENARIO,80.2,80.25,EXIT_ONLY_FROZEN_ENTRIES,C1_T10
VWAP_MR_USDRUBF,VWAP_MR_USDRUBF_000585,VWAP_MR,USDRUBF,2023-05-26 11:35:00,2023-05-26 11:45:00,2023-05-26 11:45:00,2023-05-26 11:50:00,2023-05-26 10:00:00--2023-05-26 14:00:00,SHORT,-1,79.95,0.05416666666666666666666666667,79.94011649457241196716971144,80.01,79.85,80.03,79.94,79.94,MODELLED,CONDITIONAL_OPEN_SCENARIO,79.87,80,EXIT_ONLY_FROZEN_ENTRIES,C1_T10
VWAP_MR_USDRUBF,VWAP_MR_USDRUBF_000590,VWAP_MR,USDRUBF,2023-05-29 12:55:00,2023-05-29 13:05:00,2023-05-29 13:05:00,2023-05-29 13:10:00,2023-05-29 10:00:00--2023-05-29 14:00:00,SHORT,-1,80.06,0.035,80.05034633385335413416536665,80.15,80.04,80.11,80.05,80.06,MODELLED,CONDITIONAL_OPEN_SCENARIO,80.06,80.15,EXIT_ONLY_FROZEN_ENTRIES,C1_T10
VWAP_MR_USDRUBF,VWAP_MR_USDRUBF_000591,VWAP_MR,USDRUBF,2023-05-29 15:40:00,2023-05-29 15:50:00,2023-05-29 15:50:00,2023-05-29 15:55:00,2023-05-29 14:05:00--2023-05-29 18:50:00,LONG,1,80.24,0.035,80.27171116673619802530941455,80.32,80.21,80.19,80.28,80.24,MODELLED,CONDITIONAL_OPEN_SCENARIO,80.21,80.28,EXIT_ONLY_FROZEN_ENTRIES,C1_T10
VWAP_MR_USDRUBF,VWAP_MR_USDRUBF_000595,VWAP_MR,USDRUBF,2023-05-30 11:10:00,2023-05-30 11:20:00,2023-05-30 11:20:00,2023-05-30 11:25:00,2023-05-30 10:00:00--2023-05-30 14:00:00,LONG,1,80.59,0.1275,80.65719854879008796248759283,80.89,80.24,80.40,80.66,80.62,MODELLED,CONDITIONAL_OPEN_SCENARIO,80.49,80.59,EXIT_ONLY_FROZEN_ENTRIES,C1_T10
VWAP_MR_USDRUBF,VWAP_MR_USDRUBF_000596,VWAP_MR,USDRUBF,2023-05-30 15:10:00,2023-05-30 15:20:00,2023-05-30 15:20:00,2023-05-30 15:25:00,2023-05-30 14:05:00--2023-05-30 18:50:00,LONG,1,80.81,0.04166666666666666666666666667,80.84278450363196125907990315,80.96,80.75,80.75,80.85,80.82,MODELLED,CONDITIONAL_OPEN_SCENARIO,80.76,80.82,EXIT_ONLY_FROZEN_ENTRIES,C1_T10
VWAP_MR_USDRUBF,VWAP_MR_USDRUBF_000598,VWAP_MR,USDRUBF,2023-05-30 16:55:00,2023-05-30 17:05:00,2023-05-30 17:05:00,2023-05-30 17:10:00,2023-05-30 14:05:00--2023-05-30 18:50:00,SHORT,-1,81,0.06833333333333333333333333333,80.97486658405617513424204870,81.23,80.98,81.10,80.97,80.99,MODELLED,CONDITIONAL_OPEN_SCENARIO,80.96,81.18,EXIT_ONLY_FROZEN_ENTRIES,C1_T10
VWAP_MR_USDRUBF,VWAP_MR_USDRUBF_000599,VWAP_MR,USDRUBF,2023-05-31 11:25:00,2023-05-31 11:35:00,2023-05-31 11:35:00,2023-05-31 11:40:00,2023-05-31 10:00:00--2023-05-31 14:00:00,SHORT,-1,80.97,0.08083333333333333333333333333,80.92350964530180460485376476,81.11,80.82,81.09,80.92,80.95,MODELLED,CONDITIONAL_OPEN_SCENARIO,80.95,81.05,EXIT_ONLY_FROZEN_ENTRIES,C1_T10
VWAP_MR_USDRUBF,VWAP_MR_USDRUBF_000601,VWAP_MR,USDRUBF,2023-05-31 13:05:00,2023-05-31 13:15:00,2023-05-31 13:15:00,2023-05-31 13:20:00,2023-05-31 10:00:00--2023-05-31 14:00:00,SHORT,-1,81.02,0.07333333333333333333333333333,80.97979272710597514559545097,81.25,80.92,81.13,80.97,81.01,MODELLED,CONDITIONAL_OPEN_SCENARIO,81.02,81.18,EXIT_ONLY_FROZEN_ENTRIES,C1_T10
VWAP_MR_USDRUBF,VWAP_MR_USDRUBF_000604,VWAP_MR,USDRUBF,2023-05-31 17:50:00,2023-05-31 18:00:00,2023-05-31 18:00:00,2023-05-31 18:05:00,2023-05-31 14:05:00--2023-05-31 18:50:00,SHORT,-1,81.19,0.08,81.12972923580050978694753040,81.24,80.99,81.31,81.12,81.17,MODELLED,CONDITIONAL_OPEN_SCENARIO,81.13,81.25,EXIT_ONLY_FROZEN_ENTRIES,C1_T10
VWAP_MR_USDRUBF,VWAP_MR_USDRUBF_000609,VWAP_MR,USDRUBF,2023-06-01 15:30:00,2023-06-01 15:40:00,2023-06-01 15:40:00,2023-06-01 15:45:00,2023-06-01 14:05:00--2023-06-01 18:50:00,LONG,1,80.92,0.03666666666666666666666666667,80.94071612397896385811793666,81.01,80.88,80.87,80.95,80.92,MODELLED,CONDITIONAL_OPEN_SCENARIO,80.9,80.97,EXIT_ONLY_FROZEN_ENTRIES,C1_T10
VWAP_MR_USDRUBF,VWAP_MR_USDRUBF_000615,VWAP_MR,USDRUBF,2023-06-02 11:05:00,2023-06-02 11:15:00,2023-06-02 11:15:00,2023-06-02 11:20:00,2023-06-02 10:00:00--2023-06-02 14:00:00,SHORT,-1,80.9,0.0575,80.84857566765578635014836791,80.96,80.67,80.98,80.84,80.89,MODELLED,CONDITIONAL_OPEN_SCENARIO,80.87,80.96,EXIT_ONLY_FROZEN_ENTRIES,C1_T10
VWAP_MR_USDRUBF,VWAP_MR_USDRUBF_000618,VWAP_MR,USDRUBF,2023-06-02 13:05:00,2023-06-02 13:15:00,2023-06-02 13:15:00,2023-06-02 13:20:00,2023-06-02 10:00:00--2023-06-02 14:00:00,SHORT,-1,80.85,0.04166666666666666666666666667,80.83344982750862456877156141,80.9,80.71,80.91,80.83,80.84,MODELLED,CONDITIONAL_OPEN_SCENARIO,80.82,80.9,EXIT_ONLY_FROZEN_ENTRIES,C1_T10
VWAP_MR_USDRUBF,VWAP_MR_USDRUBF_000619,VWAP_MR,USDRUBF,2023-06-02 15:50:00,2023-06-02 16:00:00,2023-06-02 16:00:00,2023-06-02 16:05:00,2023-06-02 14:05:00--2023-06-02 18:50:00,SHORT,-1,81.28,0.1058333333333333333333333333,81.23551984630914004753996940,81.5,80.94,81.43,81.23,81.26,MODELLED,CONDITIONAL_OPEN_SCENARIO,81.23,81.49,EXIT_ONLY_FROZEN_ENTRIES,C1_T10
VWAP_MR_USDRUBF,VWAP_MR_USDRUBF_000622,VWAP_MR,USDRUBF,2023-06-05 12:50:00,2023-06-05 13:00:00,2023-06-05 13:00:00,2023-06-05 13:05:00,2023-06-05 10:00:00--2023-06-05 14:00:00,SHORT,-1,81.39,0.06416666666666666666666666667,81.37410363859362224039247751,81.53,81.11,81.48,81.37,81.38,MODELLED,CONDITIONAL_OPEN_SCENARIO,81.36,81.54,EXIT_ONLY_FROZEN_ENTRIES,C1_T10
VWAP_MR_USDRUBF,VWAP_MR_USDRUBF_000623,VWAP_MR,USDRUBF,2023-06-05 15:15:00,2023-06-05 15:25:00,2023-06-05 15:25:00,2023-06-05 15:30:00,2023-06-05 14:05:00--2023-06-05 18:50:00,LONG,1,81.32,0.0275,81.32377634408602150537634409,81.37,81.26,81.28,81.33,81.32,MODELLED,CONDITIONAL_OPEN_SCENARIO,81.27,81.32,EXIT_ONLY_FROZEN_ENTRIES,C1_T10
VWAP_MR_USDRUBF,VWAP_MR_USDRUBF_000626,VWAP_MR,USDRUBF,2023-06-05 17:35:00,2023-06-05 17:45:00,2023-06-05 17:45:00,2023-06-05 17:50:00,2023-06-05 14:05:00--2023-06-05 18:50:00,LONG,1,80.92,0.09916666666666666666666666667,81.00515847149402484530725993,81.15,80.68,80.78,81.01,80.94,MODELLED,CONDITIONAL_OPEN_SCENARIO,80.86,80.93,EXIT_ONLY_FROZEN_ENTRIES,C1_T10
VWAP_MR_USDRUBF,VWAP_MR_USDRUBF_000631,VWAP_MR,USDRUBF,2023-06-06 16:05:00,2023-06-06 16:15:00,2023-06-06 16:15:00,2023-06-06 16:20:00,2023-06-06 14:05:00--2023-06-06 18:50:00,SHORT,-1,81.39,0.06416666666666666666666666667,81.34591022056539297918608271,81.47,81.25,81.48,81.34,81.38,MODELLED,CONDITIONAL_OPEN_SCENARIO,81.37,81.43,EXIT_ONLY_FROZEN_ENTRIES,C1_T10
VWAP_MR_USDRUBF,VWAP_MR_USDRUBF_000633,VWAP_MR,USDRUBF,2023-06-07 16:40:00,2023-06-07 16:50:00,2023-06-07 16:50:00,2023-06-07 16:55:00,2023-06-07 14:05:00--2023-06-07 18:50:00,SHORT,-1,81.68,0.08833333333333333333333333333,81.66752571638501102130786187,81.84,81.5,81.81,81.66,81.66,MODELLED,CONDITIONAL_OPEN_SCENARIO,81.68,81.84,EXIT_ONLY_FROZEN_ENTRIES,C1_T10
VWAP_MR_USDRUBF,VWAP_MR_USDRUBF_000637,VWAP_MR,USDRUBF,2023-06-08 15:25:00,2023-06-08 15:35:00,2023-06-08 15:35:00,2023-06-08 15:40:00,2023-06-08 14:05:00--2023-06-08 18:50:00,SHORT,-1,82.2,0.04916666666666666666666666667,82.15896174863387978142076503,82.26,82.04,82.27,82.15,82.19,MODELLED,CONDITIONAL_OPEN_SCENARIO,82.19,82.26,EXIT_ONLY_FROZEN_ENTRIES,C1_T10
VWAP_MR_USDRUBF,VWAP_MR_USDRUBF_000638,VWAP_MR,USDRUBF,2023-06-09 12:45:00,2023-06-09 12:55:00,2023-06-09 12:55:00,2023-06-09 13:00:00,2023-06-09 10:00:00--2023-06-09 14:00:00,LONG,1,82.58,0.0625,82.62897769378983251815621759,82.62,82.45,82.49,82.63,82.59,MODELLED,CONDITIONAL_OPEN_SCENARIO,82.5,82.63,EXIT_ONLY_FROZEN_ENTRIES,C1_T10
VWAP_MR_USDRUBF,VWAP_MR_USDRUBF_000639,VWAP_MR,USDRUBF,2023-06-09 17:40:00,2023-06-09 17:50:00,2023-06-09 17:50:00,2023-06-09 17:55:00,2023-06-09 14:05:00--2023-06-09 18:50:00,SHORT,-1,82.54,0.06916666666666666666666666667,82.49635282972741718616306074,82.58,82.27,82.64,82.49,82.53,MODELLED,CONDITIONAL_OPEN_SCENARIO,82.5,82.58,EXIT_ONLY_FROZEN_ENTRIES,C1_T10
VWAP_MR_USDRUBF,VWAP_MR_USDRUBF_000640,VWAP_MR,USDRUBF,2023-06-13 13:00:00,2023-06-13 13:10:00,2023-06-13 13:10:00,2023-06-13 13:15:00,2023-06-13 10:00:00--2023-06-13 14:00:00,SHORT,-1,83.78,0.105,83.69844055973442030508047229,84.18,83.77,83.93,83.69,83.76,MODELLED,CONDITIONAL_OPEN_SCENARIO,83.73,83.95,EXIT_ONLY_FROZEN_ENTRIES,C1_T10
VWAP_MR_USDRUBF,VWAP_MR_USDRUBF_000642,VWAP_MR,USDRUBF,2023-06-13 16:00:00,2023-06-13 16:10:00,2023-06-13 16:10:00,2023-06-13 16:15:00,2023-06-13 14:05:00--2023-06-13 18:50:00,SHORT,-1,83.79,0.05666666666666666666666666667,83.78632452721235744189403785,83.9,83.69,83.87,83.78,83.78,MODELLED,CONDITIONAL_OPEN_SCENARIO,83.79,83.9,EXIT_ONLY_FROZEN_ENTRIES,C1_T10
VWAP_MR_USDRUBF,VWAP_MR_USDRUBF_000645,VWAP_MR,USDRUBF,2023-06-14 15:50:00,2023-06-14 16:00:00,2023-06-14 16:00:00,2023-06-14 16:05:00,2023-06-14 14:05:00--2023-06-14 18:50:00,LONG,1,83.88,0.08166666666666666666666666667,83.92685777475331745491663831,83.96,83.7,83.76,83.93,83.90,MODELLED,CONDITIONAL_OPEN_SCENARIO,83.7,83.91,EXIT_ONLY_FROZEN_ENTRIES,C1_T10
VWAP_MR_USDRUBF,VWAP_MR_USDRUBF_000647,VWAP_MR,USDRUBF,2023-06-14 16:40:00,2023-06-14 16:50:00,2023-06-14 16:50:00,2023-06-14 16:55:00,2023-06-14 14:05:00--2023-06-14 18:50:00,SHORT,-1,84.06,0.1041666666666666666666666667,83.95825833140029382200572180,84.19,83.7,84.21,83.95,84.04,MODELLED,CONDITIONAL_OPEN_SCENARIO,84.04,84.19,EXIT_ONLY_FROZEN_ENTRIES,C1_T10
VWAP_MR_USDRUBF,VWAP_MR_USDRUBF_000651,VWAP_MR,USDRUBF,2023-06-15 11:30:00,2023-06-15 11:40:00,2023-06-15 11:40:00,2023-06-15 11:45:00,2023-06-15 10:00:00--2023-06-15 14:00:00,LONG,1,84.42,0.05166666666666666666666666667,84.43966759127708995782874413,84.55,84.27,84.35,84.44,84.43,MODELLED,CONDITIONAL_OPEN_SCENARIO,84.32,84.42,EXIT_ONLY_FROZEN_ENTRIES,C1_T10
VWAP_MR_USDRUBF,VWAP_MR_USDRUBF_000657,VWAP_MR,USDRUBF,2023-06-16 16:20:00,2023-06-16 16:30:00,2023-06-16 16:30:00,2023-06-16 16:35:00,2023-06-16 14:05:00--2023-06-16 18:50:00,SHORT,-1,83.72,0.06,83.67610471593018937987374673,83.89,83.53,83.81,83.67,83.71,MODELLED,CONDITIONAL_OPEN_SCENARIO,83.72,83.89,EXIT_ONLY_FROZEN_ENTRIES,C1_T10
VWAP_MR_USDRUBF,VWAP_MR_USDRUBF_000666,VWAP_MR,USDRUBF,2023-06-20 13:00:00,2023-06-20 13:10:00,2023-06-20 13:10:00,2023-06-20 13:15:00,2023-06-20 10:00:00--2023-06-20 14:00:00,SHORT,-1,84.1,0.03583333333333333333333333333,84.07655974039791467177359293,84.18,84,84.15,84.07,84.10,MODELLED,CONDITIONAL_OPEN_SCENARIO,84.1,84.18,EXIT_ONLY_FROZEN_ENTRIES,C1_T10
VWAP_MR_USDRUBF,VWAP_MR_USDRUBF_000668,VWAP_MR,USDRUBF,2023-06-20 15:10:00,2023-06-20 15:20:00,2023-06-20 15:20:00,2023-06-20 15:25:00,2023-06-20 14:05:00--2023-06-20 18:50:00,SHORT,-1,84.46,0.08583333333333333333333333333,84.38135829824950144028362506,84.56,84.16,84.58,84.38,84.44,MODELLED,CONDITIONAL_OPEN_SCENARIO,84.38,84.56,EXIT_ONLY_FROZEN_ENTRIES,C1_T10
VWAP_MR_USDRUBF,VWAP_MR_USDRUBF_000674,VWAP_MR,USDRUBF,2023-06-21 11:35:00,2023-06-21 11:45:00,2023-06-21 11:45:00,2023-06-21 11:50:00,2023-06-21 10:00:00--2023-06-21 14:00:00,LONG,1,84.35,0.05583333333333333333333333333,84.39422143364088005677785661,84.55,84.32,84.27,84.40,84.36,MODELLED,CONDITIONAL_OPEN_SCENARIO,84.31,84.44,EXIT_ONLY_FROZEN_ENTRIES,C1_T10
VWAP_MR_USDRUBF,VWAP_MR_USDRUBF_000676,VWAP_MR,USDRUBF,2023-06-21 13:10:00,2023-06-21 13:20:00,2023-06-21 13:20:00,2023-06-21 13:25:00,2023-06-21 10:00:00--2023-06-21 14:00:00,LONG,1,84.07,0.1208333333333333333333333333,84.15528565860463207992286707,84.37,83.88,83.89,84.16,84.10,MODELLED,CONDITIONAL_OPEN_SCENARIO,83.88,84.12,EXIT_ONLY_FROZEN_ENTRIES,C1_T10
VWAP_MR_USDRUBF,VWAP_MR_USDRUBF_000680,VWAP_MR,USDRUBF,2023-06-22 11:05:00,2023-06-22 11:15:00,2023-06-22 11:15:00,2023-06-22 11:20:00,2023-06-22 10:00:00--2023-06-22 14:00:00,LONG,1,83.41,0.09666666666666666666666666667,83.49494012977456686065957589,83.71,83.32,83.27,83.50,83.43,MODELLED,CONDITIONAL_OPEN_SCENARIO,83.32,83.42,EXIT_ONLY_FROZEN_ENTRIES,C1_T10
VWAP_MR_USDRUBF,VWAP_MR_USDRUBF_000684,VWAP_MR,USDRUBF,2023-06-22 15:30:00,2023-06-22 15:40:00,2023-06-22 15:40:00,2023-06-22 15:45:00,2023-06-22 14:05:00--2023-06-22 18:50:00,SHORT,-1,83.67,0.07916666666666666666666666667,83.63610724496952041862221502,83.77,83.55,83.78,83.63,83.66,MODELLED,CONDITIONAL_OPEN_SCENARIO,83.67,83.77,EXIT_ONLY_FROZEN_ENTRIES,C1_T10
VWAP_MR_USDRUBF,VWAP_MR_USDRUBF_000685,VWAP_MR,USDRUBF,2023-06-22 16:35:00,2023-06-22 16:45:00,2023-06-22 16:45:00,2023-06-22 16:50:00,2023-06-22 14:05:00--2023-06-22 18:50:00,SHORT,-1,83.74,0.06916666666666666666666666667,83.71362500823940412629358644,83.93,83.68,83.84,83.71,83.73,MODELLED,CONDITIONAL_OPEN_SCENARIO,83.7,83.85,EXIT_ONLY_FROZEN_ENTRIES,C1_T10
VWAP_MR_USDRUBF,VWAP_MR_USDRUBF_000689,VWAP_MR,USDRUBF,2023-06-26 11:40:00,2023-06-26 11:50:00,2023-06-26 11:50:00,2023-06-26 11:55:00,2023-06-26 10:00:00--2023-06-26 14:00:00,LONG,1,84.74,0.1025,84.80403523223214543772941412,84.84,84.49,84.59,84.81,84.76,MODELLED,CONDITIONAL_OPEN_SCENARIO,84.62,84.75,EXIT_ONLY_FROZEN_ENTRIES,C1_T10
VWAP_MR_USDRUBF,VWAP_MR_USDRUBF_000691,VWAP_MR,USDRUBF,2023-06-27 11:20:00,2023-06-27 11:30:00,2023-06-27 11:30:00,2023-06-27 11:35:00,2023-06-27 10:00:00--2023-06-27 14:00:00,SHORT,-1,84.99,0.08833333333333333333333333333,84.91306597368544271199138456,85.13,84.69,85.12,84.91,84.97,MODELLED,CONDITIONAL_OPEN_SCENARIO,84.97,85.13,EXIT_ONLY_FROZEN_ENTRIES,C1_T10
VWAP_MR_USDRUBF,VWAP_MR_USDRUBF_000693,VWAP_MR,USDRUBF,2023-06-27 12:10:00,2023-06-27 12:20:00,2023-06-27 12:20:00,2023-06-27 12:25:00,2023-06-27 10:00:00--2023-06-27 14:00:00,LONG,1,84.89,0.06833333333333333333333333333,84.94948345660974644629105410,85.13,84.86,84.79,84.95,84.90,MODELLED,CONDITIONAL_OPEN_SCENARIO,84.86,84.96,EXIT_ONLY_FROZEN_ENTRIES,C1_T10
VWAP_MR_USDRUBF,VWAP_MR_USDRUBF_000696,VWAP_MR,USDRUBF,2023-06-27 17:10:00,2023-06-27 17:20:00,2023-06-27 17:20:00,2023-06-27 17:25:00,2023-06-27 14:05:00--2023-06-27 18:50:00,LONG,1,85.07,0.04916666666666666666666666667,85.09598931984260820685778527,85.2,85.01,85.00,85.10,85.08,MODELLED,CONDITIONAL_OPEN_SCENARIO,85.01,85.08,EXIT_ONLY_FROZEN_ENTRIES,C1_T10
VWAP_MR_USDRUBF,VWAP_MR_USDRUBF_000698,VWAP_MR,USDRUBF,2023-06-28 11:05:00,2023-06-28 11:15:00,2023-06-28 11:15:00,2023-06-28 11:20:00,2023-06-28 10:00:00--2023-06-28 14:00:00,SHORT,-1,85.45,0.1266666666666666666666666667,85.35037258248009101251422072,85.48,85.05,85.64,85.35,85.42,MODELLED,CONDITIONAL_OPEN_SCENARIO,85.39,85.48,EXIT_ONLY_FROZEN_ENTRIES,C1_T10
VWAP_MR_USDRUBF,VWAP_MR_USDRUBF_000699,VWAP_MR,USDRUBF,2023-06-28 12:35:00,2023-06-28 12:45:00,2023-06-28 12:45:00,2023-06-28 12:50:00,2023-06-28 10:00:00--2023-06-28 14:00:00,SHORT,-1,85.6,0.06,85.54909820130985410414661305,85.73,85.56,85.69,85.54,85.59,MODELLED,CONDITIONAL_OPEN_SCENARIO,85.58,85.73,EXIT_ONLY_FROZEN_ENTRIES,C1_T10
VWAP_MR_USDRUBF,VWAP_MR_USDRUBF_000700,VWAP_MR,USDRUBF,2023-06-28 16:55:00,2023-06-28 17:05:00,2023-06-28 17:05:00,2023-06-28 17:10:00,2023-06-28 14:05:00--2023-06-28 18:50:00,SHORT,-1,85.99,0.07416666666666666666666666667,85.97134218289085545722713865,86.24,85.99,86.10,85.97,85.98,MODELLED,CONDITIONAL_OPEN_SCENARIO,85.96,86.16,EXIT_ONLY_FROZEN_ENTRIES,C1_T10
VWAP_MR_USDRUBF,VWAP_MR_USDRUBF_000704,VWAP_MR,USDRUBF,2023-06-29 17:30:00,2023-06-29 17:40:00,2023-06-29 17:40:00,2023-06-29 17:45:00,2023-06-29 14:05:00--2023-06-29 18:50:00,LONG,1,87.21,0.0825,87.27473130873699768537884498,87.54,87.14,87.09,87.28,87.23,MODELLED,CONDITIONAL_OPEN_SCENARIO,87.12,87.26,EXIT_ONLY_FROZEN_ENTRIES,C1_T10
VWAP_MR_USDRUBF,VWAP_MR_USDRUBF_000707,VWAP_MR,USDRUBF,2023-06-30 12:10:00,2023-06-30 12:20:00,2023-06-30 12:20:00,2023-06-30 12:25:00,2023-06-30 10:00:00--2023-06-30 14:00:00,LONG,1,87.8,0.1708333333333333333333333333,87.95155791093255833831951447,88.27,87.62,87.55,87.96,87.84,MODELLED,CONDITIONAL_OPEN_SCENARIO,87.62,87.8,EXIT_ONLY_FROZEN_ENTRIES,C1_T10
VWAP_MR_USDRUBF,VWAP_MR_USDRUBF_000709,VWAP_MR,USDRUBF,2023-06-30 12:50:00,2023-06-30 13:00:00,2023-06-30 13:00:00,2023-06-30 13:05:00,2023-06-30 10:00:00--2023-06-30 14:00:00,SHORT,-1,88.05,0.115,87.94446420135489872351202215,88.08,87.62,88.22,87.94,88.03,MODELLED,CONDITIONAL_OPEN_SCENARIO,87.96,88.08,EXIT_ONLY_FROZEN_ENTRIES,C1_T10
VWAP_MR_USDRUBF,VWAP_MR_USDRUBF_000711,VWAP_MR,USDRUBF,2023-06-30 16:55:00,2023-06-30 17:05:00,2023-06-30 17:05:00,2023-06-30 17:10:00,2023-06-30 14:05:00--2023-06-30 18:50:00,SHORT,-1,89.13,0.1408333333333333333333333333,89.11211082471943949902124904,89.37,88.94,89.34,89.11,89.10,MODELLED,CONDITIONAL_OPEN_SCENARIO,89.08,89.35,EXIT_ONLY_FROZEN_ENTRIES,C1_T10
VWAP_MR_USDRUBF,VWAP_MR_USDRUBF_000712,VWAP_MR,USDRUBF,2023-06-30 17:35:00,2023-06-30 17:45:00,2023-06-30 17:45:00,2023-06-30 17:50:00,2023-06-30 14:05:00--2023-06-30 18:50:00,SHORT,-1,89.19,0.1158333333333333333333333333,89.12862615978916206361240472,89.35,88.94,89.36,89.12,89.17,MODELLED,CONDITIONAL_OPEN_SCENARIO,89.14,89.36,EXIT_ONLY_FROZEN_ENTRIES,C1_T10
VWAP_MR_USDRUBF,VWAP_MR_USDRUBF_000713,VWAP_MR,USDRUBF,2023-07-03 11:15:00,2023-07-03 11:25:00,2023-07-03 11:25:00,2023-07-03 11:30:00,2023-07-03 10:00:00--2023-07-03 14:00:00,LONG,1,88.85,0.1341666666666666666666666667,88.96860710502729568972541347,89.28,88.8,88.65,88.97,88.88,MODELLED,CONDITIONAL_OPEN_SCENARIO,88.68,88.88,EXIT_ONLY_FROZEN_ENTRIES,C1_T10
VWAP_MR_USDRUBF,VWAP_MR_USDRUBF_000715,VWAP_MR,USDRUBF,2023-07-04 11:35:00,2023-07-04 11:45:00,2023-07-04 11:45:00,2023-07-04 11:50:00,2023-07-04 10:00:00--2023-07-04 14:00:00,SHORT,-1,89,0.1258333333333333333333333333,88.96604013949975565329423784,89.37,88.73,89.18,88.96,88.97,MODELLED,CONDITIONAL_OPEN_SCENARIO,88.98,89.37,EXIT_ONLY_FROZEN_ENTRIES,C1_T10
VWAP_MR_USDRUBF,VWAP_MR_USDRUBF_000716,VWAP_MR,USDRUBF,2023-07-04 12:15:00,2023-07-04 12:25:00,2023-07-04 12:25:00,2023-07-04 12:30:00,2023-07-04 10:00:00--2023-07-04 14:00:00,SHORT,-1,89.12,0.1391666666666666666666666667,89.00893277059631094618657314,89.37,88.87,89.32,89.00,89.09,MODELLED,CONDITIONAL_OPEN_SCENARIO,89,89.26,EXIT_ONLY_FROZEN_ENTRIES,C1_T10
VWAP_MR_USDRUBF,VWAP_MR_USDRUBF_000717,VWAP_MR,USDRUBF,2023-07-04 12:40:00,2023-07-04 12:50:00,2023-07-04 12:50:00,2023-07-04 12:55:00,2023-07-04 10:00:00--2023-07-04 14:00:00,SHORT,-1,89.17,0.125,89.05716103901986095069864345,89.43,88.87,89.35,89.05,89.14,MODELLED,CONDITIONAL_OPEN_SCENARIO,89.13,89.43,EXIT_ONLY_FROZEN_ENTRIES,C1_T10
VWAP_MR_USDRUBF,VWAP_MR_USDRUBF_000723,VWAP_MR,USDRUBF,2023-07-05 16:55:00,2023-07-05 17:05:00,2023-07-05 17:05:00,2023-07-05 17:10:00,2023-07-05 14:05:00--2023-07-05 18:50:00,LONG,1,90.43,0.1475,90.54696613754117822801927809,90.92,90.23,90.21,90.55,90.46,MODELLED,CONDITIONAL_OPEN_SCENARIO,90.28,90.52,EXIT_ONLY_FROZEN_ENTRIES,C1_T10
VWAP_MR_USDRUBF,VWAP_MR_USDRUBF_000724,VWAP_MR,USDRUBF,2023-07-05 17:40:00,2023-07-05 17:50:00,2023-07-05 17:50:00,2023-07-05 17:55:00,2023-07-05 14:05:00--2023-07-05 18:50:00,SHORT,-1,90.68,0.1308333333333333333333333333,90.55024550898203592814371253,90.77,90.28,90.87,90.55,90.65,MODELLED,CONDITIONAL_OPEN_SCENARIO,90.6,90.77,EXIT_ONLY_FROZEN_ENTRIES,C1_T10
VWAP_MR_USDRUBF,VWAP_MR_USDRUBF_000726,VWAP_MR,USDRUBF,2023-07-06 15:10:00,2023-07-06 15:20:00,2023-07-06 15:20:00,2023-07-06 15:25:00,2023-07-06 14:05:00--2023-07-06 18:50:00,SHORT,-1,91.71,0.2225,91.49126656092554581078559437,91.9,91.2,92.04,91.49,91.66,MODELLED,CONDITIONAL_OPEN_SCENARIO,91.47,91.9,EXIT_ONLY_FROZEN_ENTRIES,C1_T10
VWAP_MR_USDRUBF,VWAP_MR_USDRUBF_000728,VWAP_MR,USDRUBF,2023-07-06 16:45:00,2023-07-06 16:55:00,2023-07-06 16:55:00,2023-07-06 17:00:00,2023-07-06 14:05:00--2023-07-06 18:50:00,LONG,1,91.52,0.185,91.65500230013800828049682983,91.94,91.23,91.25,91.66,91.56,MODELLED,CONDITIONAL_OPEN_SCENARIO,91.32,91.53,EXIT_ONLY_FROZEN_ENTRIES,C1_T10
VWAP_MR_USDRUBF,VWAP_MR_USDRUBF_000729,VWAP_MR,USDRUBF,2023-07-07 12:05:00,2023-07-07 12:15:00,2023-07-07 12:15:00,2023-07-07 12:20:00,2023-07-07 10:00:00--2023-07-07 14:00:00,SHORT,-1,91.73,0.1066666666666666666666666667,91.63486801492606071774082098,91.87,91.48,91.89,91.63,91.71,MODELLED,CONDITIONAL_OPEN_SCENARIO,91.71,91.87,EXIT_ONLY_FROZEN_ENTRIES,C1_T10
VWAP_MR_USDRUBF,VWAP_MR_USDRUBF_000731,VWAP_MR,USDRUBF,2023-07-07 13:00:00,2023-07-07 13:10:00,2023-07-07 13:10:00,2023-07-07 13:15:00,2023-07-07 10:00:00--2023-07-07 14:00:00,LONG,1,91.54,0.1066666666666666666666666667,91.62382969283276450511945396,91.87,91.37,91.38,91.63,91.56,MODELLED,CONDITIONAL_OPEN_SCENARIO,91.37,91.54,EXIT_ONLY_FROZEN_ENTRIES,C1_T10
VWAP_MR_USDRUBF,VWAP_MR_USDRUBF_000735,VWAP_MR,USDRUBF,2023-07-07 16:55:00,2023-07-07 17:05:00,2023-07-07 17:05:00,2023-07-07 17:10:00,2023-07-07 14:05:00--2023-07-07 18:50:00,LONG,1,91.43,0.09583333333333333333333333333,91.47627723623853211009174305,91.6,91.17,91.29,91.48,91.45,MODELLED,CONDITIONAL_OPEN_SCENARIO,91.31,91.44,EXIT_ONLY_FROZEN_ENTRIES,C1_T10
VWAP_MR_USDRUBF,VWAP_MR_USDRUBF_000736,VWAP_MR,USDRUBF,2023-07-07 18:00:00,2023-07-07 18:10:00,2023-07-07 18:10:00,2023-07-07 18:15:00,2023-07-07 14:05:00--2023-07-07 18:50:00,LONG,1,91.26,0.1266666666666666666666666667,91.32714160609510465014449597,91.49,90.85,91.07,91.33,91.29,MODELLED,CONDITIONAL_OPEN_SCENARIO,90.85,91.3,EXIT_ONLY_FROZEN_ENTRIES,C1_T10
VWAP_MR_USDRUBF,VWAP_MR_USDRUBF_000746,VWAP_MR,USDRUBF,2023-07-11 16:40:00,2023-07-11 16:50:00,2023-07-11 16:50:00,2023-07-11 16:55:00,2023-07-11 14:05:00--2023-07-11 18:50:00,LONG,1,89.95,0.1075,90.01042185975184720479576186,90.13,89.75,89.79,90.02,89.97,MODELLED,CONDITIONAL_OPEN_SCENARIO,89.75,89.97,EXIT_ONLY_FROZEN_ENTRIES,C1_T10
VWAP_MR_USDRUBF,VWAP_MR_USDRUBF_000752,VWAP_MR,USDRUBF,2023-07-12 17:20:00,2023-07-12 17:30:00,2023-07-12 17:30:00,2023-07-12 17:35:00,2023-07-12 14:05:00--2023-07-12 18:50:00,LONG,1,90.63,0.08416666666666666666666666667,90.64965247571097487184756424,90.59,90.37,90.51,90.65,90.65,MODELLED,CONDITIONAL_OPEN_SCENARIO,90.46,90.65,EXIT_ONLY_FROZEN_ENTRIES,C1_T10
VWAP_MR_USDRUBF,VWAP_MR_USDRUBF_000756,VWAP_MR,USDRUBF,2023-07-13 11:10:00,2023-07-13 11:20:00,2023-07-13 11:20:00,2023-07-13 11:25:00,2023-07-13 10:00:00--2023-07-13 14:00:00,LONG,1,90.44,0.08833333333333333333333333333,90.51946126951297582114541783,90.69,90.3,90.31,90.52,90.46,MODELLED,CONDITIONAL_OPEN_SCENARIO,90.36,90.47,EXIT_ONLY_FROZEN_ENTRIES,C1_T10
VWAP_MR_USDRUBF,VWAP_MR_USDRUBF_000758,VWAP_MR,USDRUBF,2023-07-13 15:40:00,2023-07-13 15:50:00,2023-07-13 15:50:00,2023-07-13 15:55:00,2023-07-13 14:05:00--2023-07-13 18:50:00,SHORT,-1,89.94,0.1058333333333333333333333333,89.88255657197881559942224361,90.06,89.7,90.09,89.88,89.92,MODELLED,CONDITIONAL_OPEN_SCENARIO,89.74,90.1,EXIT_ONLY_FROZEN_ENTRIES,C1_T10
VWAP_MR_USDRUBF,VWAP_MR_USDRUBF_000761,VWAP_MR,USDRUBF,2023-07-13 17:30:00,2023-07-13 17:40:00,2023-07-13 17:40:00,2023-07-13 17:45:00,2023-07-13 14:05:00--2023-07-13 18:50:00,SHORT,-1,89.95,0.09,89.87094216227263437563866741,90.04,89.65,90.08,89.87,89.93,MODELLED,CONDITIONAL_OPEN_SCENARIO,89.82,90.04,EXIT_ONLY_FROZEN_ENTRIES,C1_T10
VWAP_MR_USDRUBF,VWAP_MR_USDRUBF_000763,VWAP_MR,USDRUBF,2023-07-14 11:05:00,2023-07-14 11:15:00,2023-07-14 11:15:00,2023-07-14 11:20:00,2023-07-14 10:00:00--2023-07-14 14:00:00,SHORT,-1,90.04,0.1183333333333333333333333333,89.92252339315845988648565731,90.16,89.68,90.21,89.92,90.02,MODELLED,CONDITIONAL_OPEN_SCENARIO,89.87,90.16,EXIT_ONLY_FROZEN_ENTRIES,C1_T10
VWAP_MR_USDRUBF,VWAP_MR_USDRUBF_000766,VWAP_MR,USDRUBF,2023-07-14 12:05:00,2023-07-14 12:15:00,2023-07-14 12:15:00,2023-07-14 12:20:00,2023-07-14 10:00:00--2023-07-14 14:00:00,SHORT,-1,90.04,0.07,89.97479457007031433580969942,90.11,89.91,90.14,89.97,90.03,MODELLED,CONDITIONAL_OPEN_SCENARIO,89.92,90.08,EXIT_ONLY_FROZEN_ENTRIES,C1_T10
VWAP_MR_USDRUBF,VWAP_MR_USDRUBF_000775,VWAP_MR,USDRUBF,2023-07-17 15:25:00,2023-07-17 15:35:00,2023-07-17 15:35:00,2023-07-17 15:40:00,2023-07-17 14:05:00--2023-07-17 18:50:00,SHORT,-1,90.37,0.04333333333333333333333333333,90.32827618381152320970375556,90.41,90.26,90.43,90.32,90.36,MODELLED,CONDITIONAL_OPEN_SCENARIO,90.3,90.4,EXIT_ONLY_FROZEN_ENTRIES,C1_T10
VWAP_MR_USDRUBF,VWAP_MR_USDRUBF_000776,VWAP_MR,USDRUBF,2023-07-17 17:15:00,2023-07-17 17:25:00,2023-07-17 17:25:00,2023-07-17 17:30:00,2023-07-17 14:05:00--2023-07-17 18:50:00,SHORT,-1,90.63,0.0675,90.58490052853494863115386900,90.78,90.48,90.73,90.58,90.62,MODELLED,CONDITIONAL_OPEN_SCENARIO,90.62,90.78,EXIT_ONLY_FROZEN_ENTRIES,C1_T10
VWAP_MR_USDRUBF,VWAP_MR_USDRUBF_000778,VWAP_MR,USDRUBF,2023-07-18 11:45:00,2023-07-18 11:55:00,2023-07-18 11:55:00,2023-07-18 12:00:00,2023-07-18 10:00:00--2023-07-18 14:00:00,LONG,1,90.56,0.0825,90.60749072011878247958426132,90.72,90.42,90.44,90.61,90.58,MODELLED,CONDITIONAL_OPEN_SCENARIO,90.42,90.58,EXIT_ONLY_FROZEN_ENTRIES,C1_T10
VWAP_MR_USDRUBF,VWAP_MR_USDRUBF_000779,VWAP_MR,USDRUBF,2023-07-18 12:35:00,2023-07-18 12:45:00,2023-07-18 12:45:00,2023-07-18 12:50:00,2023-07-18 10:00:00--2023-07-18 14:00:00,LONG,1,90.56,0.06166666666666666666666666667,90.59967058094020075185056000,90.66,90.42,90.47,90.60,90.57,MODELLED,CONDITIONAL_OPEN_SCENARIO,90.48,90.59,EXIT_ONLY_FROZEN_ENTRIES,C1_T10
VWAP_MR_USDRUBF,VWAP_MR_USDRUBF_000783,VWAP_MR,USDRUBF,2023-07-18 17:20:00,2023-07-18 17:30:00,2023-07-18 17:30:00,2023-07-18 17:35:00,2023-07-18 14:05:00--2023-07-18 18:50:00,SHORT,-1,90.79,0.06666666666666666666666666667,90.73735982687389337005705294,90.81,90.61,90.89,90.73,90.78,MODELLED,CONDITIONAL_OPEN_SCENARIO,90.75,90.81,EXIT_ONLY_FROZEN_ENTRIES,C1_T10
VWAP_MR_USDRUBF,VWAP_MR_USDRUBF_000787,VWAP_MR,USDRUBF,2023-07-19 12:10:00,2023-07-19 12:20:00,2023-07-19 12:20:00,2023-07-19 12:25:00,2023-07-19 10:00:00--2023-07-19 14:00:00,LONG,1,91.16,0.07166666666666666666666666667,91.20087801156205064999853271,91.37,91.06,91.06,91.21,91.17,MODELLED,CONDITIONAL_OPEN_SCENARIO,91.06,91.18,EXIT_ONLY_FROZEN_ENTRIES,C1_T10
VWAP_MR_USDRUBF,VWAP_MR_USDRUBF_000789,VWAP_MR,USDRUBF,2023-07-19 17:00:00,2023-07-19 17:10:00,2023-07-19 17:10:00,2023-07-19 17:15:00,2023-07-19 14:05:00--2023-07-19 18:50:00,SHORT,-1,91.18,0.06416666666666666666666666667,91.11827992862130498875009698,91.24,91.08,91.27,91.11,91.17,MODELLED,CONDITIONAL_OPEN_SCENARIO,91.17,91.23,EXIT_ONLY_FROZEN_ENTRIES,C1_T10
VWAP_MR_USDRUBF,VWAP_MR_USDRUBF_000791,VWAP_MR,USDRUBF,2023-07-20 13:05:00,2023-07-20 13:15:00,2023-07-20 13:15:00,2023-07-20 13:20:00,2023-07-20 10:00:00--2023-07-20 14:00:00,LONG,1,90.89,0.08083333333333333333333333333,90.90408015973328937004268105,90.8,90.56,90.77,90.91,90.91,MODELLED,CONDITIONAL_OPEN_SCENARIO,90.67,90.89,EXIT_ONLY_FROZEN_ENTRIES,C1_T10
VWAP_MR_USDRUBF,VWAP_MR_USDRUBF_000794,VWAP_MR,USDRUBF,2023-07-21 11:10:00,2023-07-21 11:20:00,2023-07-21 11:20:00,2023-07-21 11:25:00,2023-07-21 10:00:00--2023-07-21 14:00:00,SHORT,-1,90.51,0.08416666666666666666666666667,90.45698790218790218790218788,90.57,90.29,90.63,90.45,90.49,MODELLED,CONDITIONAL_OPEN_SCENARIO,90.49,90.57,EXIT_ONLY_FROZEN_ENTRIES,C1_T10
VWAP_MR_USDRUBF,VWAP_MR_USDRUBF_000796,VWAP_MR,USDRUBF,2023-07-21 15:30:00,2023-07-21 15:40:00,2023-07-21 15:40:00,2023-07-21 15:45:00,2023-07-21 14:05:00--2023-07-21 18:50:00,SHORT,-1,90.22,0.0825,90.19921508050134378218169950,90.37,90.1,90.34,90.19,90.20,MODELLED,CONDITIONAL_OPEN_SCENARIO,90.22,90.36,EXIT_ONLY_FROZEN_ENTRIES,C1_T10
VWAP_MR_USDRUBF,VWAP_MR_USDRUBF_000798,VWAP_MR,USDRUBF,2023-07-24 13:00:00,2023-07-24 13:10:00,2023-07-24 13:10:00,2023-07-24 13:15:00,2023-07-24 10:00:00--2023-07-24 14:00:00,LONG,1,90.4,0.08166666666666666666666666667,90.43927965794622798753532857,90.44,90.11,90.28,90.44,90.42,MODELLED,CONDITIONAL_OPEN_SCENARIO,90.28,90.4,EXIT_ONLY_FROZEN_ENTRIES,C1_T10
VWAP_MR_USDRUBF,VWAP_MR_USDRUBF_000799,VWAP_MR,USDRUBF,2023-07-24 15:15:00,2023-07-24 15:25:00,2023-07-24 15:25:00,2023-07-24 15:30:00,2023-07-24 14:05:00--2023-07-24 18:50:00,SHORT,-1,90.35,0.0625,90.32331605658136270381168335,90.42,90.23,90.44,90.32,90.34,MODELLED,CONDITIONAL_OPEN_SCENARIO,90.34,90.4,EXIT_ONLY_FROZEN_ENTRIES,C1_T10
VWAP_MR_USDRUBF,VWAP_MR_USDRUBF_000801,VWAP_MR,USDRUBF,2023-07-24 16:30:00,2023-07-24 16:40:00,2023-07-24 16:40:00,2023-07-24 16:45:00,2023-07-24 14:05:00--2023-07-24 18:50:00,SHORT,-1,90.38,0.04833333333333333333333333333,90.34836671705719324766943811,90.43,90.29,90.45,90.34,90.37,MODELLED,CONDITIONAL_OPEN_SCENARIO,90.34,90.45,EXIT_ONLY_FROZEN_ENTRIES,C1_T10
VWAP_MR_USDRUBF,VWAP_MR_USDRUBF_000806,VWAP_MR,USDRUBF,2023-07-25 15:25:00,2023-07-25 15:35:00,2023-07-25 15:35:00,2023-07-25 15:40:00,2023-07-25 14:05:00--2023-07-25 18:50:00,LONG,1,90.07,0.06416666666666666666666666667,90.10580894463448625364246803,90.21,90.01,89.98,90.11,90.08,MODELLED,CONDITIONAL_OPEN_SCENARIO,90.02,90.1,EXIT_ONLY_FROZEN_ENTRIES,C1_T10
VWAP_MR_USDRUBF,VWAP_MR_USDRUBF_000808,VWAP_MR,USDRUBF,2023-07-25 16:10:00,2023-07-25 16:20:00,2023-07-25 16:20:00,2023-07-25 16:25:00,2023-07-25 14:05:00--2023-07-25 18:50:00,LONG,1,89.98,0.06416666666666666666666666667,90.04099052540913006029285100,90.16,89.9,89.89,90.05,89.99,MODELLED,CONDITIONAL_OPEN_SCENARIO,89.9,90,EXIT_ONLY_FROZEN_ENTRIES,C1_T10
VWAP_MR_USDRUBF,VWAP_MR_USDRUBF_000815,VWAP_MR,USDRUBF,2023-07-26 11:05:00,2023-07-26 11:15:00,2023-07-26 11:15:00,2023-07-26 11:20:00,2023-07-26 10:00:00--2023-07-26 14:00:00,LONG,1,90,0.0525,90.03472764227642276422764226,90.15,89.91,89.93,90.04,90.01,MODELLED,CONDITIONAL_OPEN_SCENARIO,89.93,90,EXIT_ONLY_FROZEN_ENTRIES,C1_T10
VWAP_MR_USDRUBF,VWAP_MR_USDRUBF_000817,VWAP_MR,USDRUBF,2023-07-26 11:25:00,2023-07-26 11:35:00,2023-07-26 11:35:00,2023-07-26 11:40:00,2023-07-26 10:00:00--2023-07-26 14:00:00,LONG,1,90,0.05083333333333333333333333333,90.01394353771504190560211731,90.13,89.91,89.93,90.02,90.01,MODELLED,CONDITIONAL_OPEN_SCENARIO,89.93,90,EXIT_ONLY_FROZEN_ENTRIES,C1_T10
VWAP_MR_USDRUBF,VWAP_MR_USDRUBF_000823,VWAP_MR,USDRUBF,2023-07-26 17:55:00,2023-07-26 18:05:00,2023-07-26 18:05:00,2023-07-26 18:10:00,2023-07-26 14:05:00--2023-07-26 18:50:00,SHORT,-1,90,0.04583333333333333333333333333,89.98810910218913409554196579,90.1,89.92,90.06,89.98,89.99,MODELLED,CONDITIONAL_OPEN_SCENARIO,90,90.1,EXIT_ONLY_FROZEN_ENTRIES,C1_T10
VWAP_MR_USDRUBF,VWAP_MR_USDRUBF_000825,VWAP_MR,USDRUBF,2023-07-27 11:30:00,2023-07-27 11:40:00,2023-07-27 11:40:00,2023-07-27 11:45:00,2023-07-27 10:00:00--2023-07-27 14:00:00,LONG,1,89.8,0.0875,89.85522586120433591791073563,89.99,89.66,89.67,89.86,89.82,MODELLED,CONDITIONAL_OPEN_SCENARIO,89.66,89.83,EXIT_ONLY_FROZEN_ENTRIES,C1_T10
VWAP_MR_USDRUBF,VWAP_MR_USDRUBF_000832,VWAP_MR,USDRUBF,2023-07-28 15:10:00,2023-07-28 15:20:00,2023-07-28 15:20:00,2023-07-28 15:25:00,2023-07-28 14:05:00--2023-07-28 18:50:00,LONG,1,91.03,0.075,91.07457532446196812879907999,91.21,90.86,90.92,91.08,91.04,MODELLED,CONDITIONAL_OPEN_SCENARIO,91,91.12,EXIT_ONLY_FROZEN_ENTRIES,C1_T10
VWAP_MR_USDRUBF,VWAP_MR_USDRUBF_000835,VWAP_MR,USDRUBF,2023-07-31 11:20:00,2023-07-31 11:30:00,2023-07-31 11:30:00,2023-07-31 11:35:00,2023-07-31 10:00:00--2023-07-31 14:00:00,LONG,1,91.51,0.1458333333333333333333333333,91.63218346887906409766570242,92.07,91.41,91.30,91.64,91.54,MODELLED,CONDITIONAL_OPEN_SCENARIO,91.41,91.53,EXIT_ONLY_FROZEN_ENTRIES,C1_T10
VWAP_MR_USDRUBF,VWAP_MR_USDRUBF_000838,VWAP_MR,USDRUBF,2023-07-31 15:50:00,2023-07-31 16:00:00,2023-07-31 16:00:00,2023-07-31 16:05:00,2023-07-31 14:05:00--2023-07-31 18:50:00,SHORT,-1,91.43,0.0675,91.39569894306171155813160583,91.52,91.31,91.53,91.39,91.42,MODELLED,CONDITIONAL_OPEN_SCENARIO,91.4,91.52,EXIT_ONLY_FROZEN_ENTRIES,C1_T10
VWAP_MR_USDRUBF,VWAP_MR_USDRUBF_000839,VWAP_MR,USDRUBF,2023-07-31 16:20:00,2023-07-31 16:30:00,2023-07-31 16:30:00,2023-07-31 16:35:00,2023-07-31 14:05:00--2023-07-31 18:50:00,SHORT,-1,91.49,0.075,91.43093704298198680221152128,91.57,91.34,91.60,91.43,91.48,MODELLED,CONDITIONAL_OPEN_SCENARIO,91.41,91.57,EXIT_ONLY_FROZEN_ENTRIES,C1_T10
VWAP_MR_USDRUBF,VWAP_MR_USDRUBF_000841,VWAP_MR,USDRUBF,2023-07-31 17:55:00,2023-07-31 18:05:00,2023-07-31 18:05:00,2023-07-31 18:10:00,2023-07-31 14:05:00--2023-07-31 18:50:00,SHORT,-1,91.51,0.0525,91.46711268679475449832265927,91.7,91.44,91.58,91.46,91.50,MODELLED,CONDITIONAL_OPEN_SCENARIO,91.51,91.64,EXIT_ONLY_FROZEN_ENTRIES,C1_T10
VWAP_MR_USDRUBF,VWAP_MR_USDRUBF_000844,VWAP_MR,USDRUBF,2023-08-01 15:20:00,2023-08-01 15:30:00,2023-08-01 15:30:00,2023-08-01 15:35:00,2023-08-01 14:05:00--2023-08-01 18:50:00,SHORT,-1,91.79,0.0425,91.75694432004776832363039261,91.86,91.68,91.85,91.75,91.78,MODELLED,CONDITIONAL_OPEN_SCENARIO,91.75,91.86,EXIT_ONLY_FROZEN_ENTRIES,C1_T10
VWAP_MR_USDRUBF,VWAP_MR_USDRUBF_000845,VWAP_MR,USDRUBF,2023-08-03 11:05:00,2023-08-03 11:15:00,2023-08-03 11:15:00,2023-08-03 11:20:00,2023-08-03 10:00:00--2023-08-03 14:00:00,LONG,1,93.47,0.1116666666666666666666666667,93.56003686606398666410207091,93.83,93.33,93.31,93.57,93.49,MODELLED,CONDITIONAL_OPEN_SCENARIO,93.33,93.54,EXIT_ONLY_FROZEN_ENTRIES,C1_T10
VWAP_MR_USDRUBF,VWAP_MR_USDRUBF_000849,VWAP_MR,USDRUBF,2023-08-03 15:50:00,2023-08-03 16:00:00,2023-08-03 16:00:00,2023-08-03 16:05:00,2023-08-03 14:05:00--2023-08-03 18:50:00,LONG,1,93.79,0.1866666666666666666666666667,93.96689886651260041817981729,94.55,93.46,93.51,93.97,93.83,MODELLED,CONDITIONAL_OPEN_SCENARIO,93.46,94.22,EXIT_ONLY_FROZEN_ENTRIES,C1_T10
VWAP_MR_USDRUBF,VWAP_MR_USDRUBF_000851,VWAP_MR,USDRUBF,2023-08-07 11:05:00,2023-08-07 11:15:00,2023-08-07 11:15:00,2023-08-07 11:20:00,2023-08-07 10:00:00--2023-08-07 14:00:00,SHORT,-1,96.33,0.1691666666666666666666666667,96.21672545686357841053973650,96.79,95.76,96.58,96.21,96.29,MODELLED,CONDITIONAL_OPEN_SCENARIO,96.31,96.53,EXIT_ONLY_FROZEN_ENTRIES,C1_T10
VWAP_MR_USDRUBF,VWAP_MR_USDRUBF_000852,VWAP_MR,USDRUBF,2023-08-07 12:50:00,2023-08-07 13:00:00,2023-08-07 13:00:00,2023-08-07 13:05:00,2023-08-07 10:00:00--2023-08-07 14:00:00,SHORT,-1,96.48,0.1266666666666666666666666667,96.40309249400339320189551278,96.84,96.5,96.67,96.40,96.45,MODELLED,CONDITIONAL_OPEN_SCENARIO,96.48,96.78,EXIT_ONLY_FROZEN_ENTRIES,C1_T10
VWAP_MR_USDRUBF,VWAP_MR_USDRUBF_000854,VWAP_MR,USDRUBF,2023-08-07 16:05:00,2023-08-07 16:15:00,2023-08-07 16:15:00,2023-08-07 16:20:00,2023-08-07 14:05:00--2023-08-07 18:50:00,SHORT,-1,96.26,0.09083333333333333333333333333,96.19466104342393002186816619,96.46,95.92,96.39,96.19,96.24,MODELLED,CONDITIONAL_OPEN_SCENARIO,96.12,96.46,EXIT_ONLY_FROZEN_ENTRIES,C1_T10
VWAP_MR_USDRUBF,VWAP_MR_USDRUBF_000855,VWAP_MR,USDRUBF,2023-08-07 16:45:00,2023-08-07 16:55:00,2023-08-07 16:55:00,2023-08-07 17:00:00,2023-08-07 14:05:00--2023-08-07 18:50:00,LONG,1,96.12,0.1083333333333333333333333333,96.19774376856515562443497352,96.46,96.06,95.96,96.20,96.14,MODELLED,CONDITIONAL_OPEN_SCENARIO,96.01,96.29,EXIT_ONLY_FROZEN_ENTRIES,C1_T10
VWAP_MR_USDRUBF,VWAP_MR_USDRUBF_000856,VWAP_MR,USDRUBF,2023-08-07 17:55:00,2023-08-07 18:05:00,2023-08-07 18:05:00,2023-08-07 18:10:00,2023-08-07 14:05:00--2023-08-07 18:50:00,LONG,1,95.53,0.2733333333333333333333333333,95.65889092191965940755091547,96.05,94.71,95.12,95.66,95.59,MODELLED,CONDITIONAL_OPEN_SCENARIO,95.26,95.53,EXIT_ONLY_FROZEN_ENTRIES,C1_T10
VWAP_MR_USDRUBF,VWAP_MR_USDRUBF_000858,VWAP_MR,USDRUBF,2023-08-08 11:20:00,2023-08-08 11:30:00,2023-08-08 11:30:00,2023-08-08 11:35:00,2023-08-08 10:00:00--2023-08-08 14:00:00,LONG,1,95.72,0.12,95.82092790171354671839637893,96.05,95.48,95.54,95.83,95.75,MODELLED,CONDITIONAL_OPEN_SCENARIO,95.57,95.72,EXIT_ONLY_FROZEN_ENTRIES,C1_T10
VWAP_MR_USDRUBF,VWAP_MR_USDRUBF_000861,VWAP_MR,USDRUBF,2023-08-08 12:25:00,2023-08-08 12:35:00,2023-08-08 12:35:00,2023-08-08 12:40:00,2023-08-08 10:00:00--2023-08-08 14:00:00,LONG,1,95.72,0.09416666666666666666666666667,95.77962236518646372718238404,95.78,95.54,95.58,95.78,95.74,MODELLED,CONDITIONAL_OPEN_SCENARIO,95.6,95.76,EXIT_ONLY_FROZEN_ENTRIES,C1_T10
VWAP_MR_USDRUBF,VWAP_MR_USDRUBF_000865,VWAP_MR,USDRUBF,2023-08-09 12:55:00,2023-08-09 13:05:00,2023-08-09 13:05:00,2023-08-09 13:10:00,2023-08-09 10:00:00--2023-08-09 14:00:00,SHORT,-1,97.08,0.105,96.98038440495730155331953664,97.22,96.87,97.23,96.98,97.06,MODELLED,CONDITIONAL_OPEN_SCENARIO,96.92,97.13,EXIT_ONLY_FROZEN_ENTRIES,C1_T10
VWAP_MR_USDRUBF,VWAP_MR_USDRUBF_000867,VWAP_MR,USDRUBF,2023-08-09 15:30:00,2023-08-09 15:40:00,2023-08-09 15:40:00,2023-08-09 15:45:00,2023-08-09 14:05:00--2023-08-09 18:50:00,SHORT,-1,97.59,0.1208333333333333333333333333,97.48584098078577573845712654,97.69,97.43,97.77,97.48,97.56,MODELLED,CONDITIONAL_OPEN_SCENARIO,97.56,97.67,EXIT_ONLY_FROZEN_ENTRIES,C1_T10
VWAP_MR_USDRUBF,VWAP_MR_USDRUBF_000868,VWAP_MR,USDRUBF,2023-08-09 15:55:00,2023-08-09 16:05:00,2023-08-09 16:05:00,2023-08-09 16:10:00,2023-08-09 14:05:00--2023-08-09 18:50:00,SHORT,-1,97.53,0.09833333333333333333333333333,97.51013905006209409800688133,97.75,97.47,97.67,97.51,97.51,MODELLED,CONDITIONAL_OPEN_SCENARIO,97.53,97.77,EXIT_ONLY_FROZEN_ENTRIES,C1_T10
VWAP_MR_USDRUBF,VWAP_MR_USDRUBF_000871,VWAP_MR,USDRUBF,2023-08-10 15:40:00,2023-08-10 15:50:00,2023-08-10 15:50:00,2023-08-10 15:55:00,2023-08-10 14:05:00--2023-08-10 18:50:00,LONG,1,96.99,0.1441666666666666666666666667,97.05593779092054104375444940,97.44,96.63,96.78,97.06,97.02,MODELLED,CONDITIONAL_OPEN_SCENARIO,96.63,97.03,EXIT_ONLY_FROZEN_ENTRIES,C1_T10
VWAP_MR_USDRUBF,VWAP_MR_USDRUBF_000873,VWAP_MR,USDRUBF,2023-08-10 16:30:00,2023-08-10 16:40:00,2023-08-10 16:40:00,2023-08-10 16:45:00,2023-08-10 14:05:00--2023-08-10 18:50:00,SHORT,-1,97.17,0.175,97.05053112915699922660479507,97.25,96.63,97.43,97.05,97.13,MODELLED,CONDITIONAL_OPEN_SCENARIO,97,97.27,EXIT_ONLY_FROZEN_ENTRIES,C1_T10
VWAP_MR_USDRUBF,VWAP_MR_USDRUBF_000874,VWAP_MR,USDRUBF,2023-08-11 11:40:00,2023-08-11 11:50:00,2023-08-11 11:50:00,2023-08-11 11:55:00,2023-08-11 10:00:00--2023-08-11 14:00:00,SHORT,-1,97.98,0.1375,97.84816381169000402776790582,98.13,97.63,98.18,97.84,97.95,MODELLED,CONDITIONAL_OPEN_SCENARIO,97.91,98.14,EXIT_ONLY_FROZEN_ENTRIES,C1_T10
VWAP_MR_USDRUBF,VWAP_MR_USDRUBF_000876,VWAP_MR,USDRUBF,2023-08-11 15:15:00,2023-08-11 15:25:00,2023-08-11 15:25:00,2023-08-11 15:30:00,2023-08-11 14:05:00--2023-08-11 18:50:00,SHORT,-1,98.42,0.08833333333333333333333333333,98.38239578044790432673323180,98.58,98.23,98.55,98.38,98.40,MODELLED,CONDITIONAL_OPEN_SCENARIO,98.4,98.52,EXIT_ONLY_FROZEN_ENTRIES,C1_T10
VWAP_MR_USDRUBF,VWAP_MR_USDRUBF_000878,VWAP_MR,USDRUBF,2023-08-11 17:15:00,2023-08-11 17:25:00,2023-08-11 17:25:00,2023-08-11 17:30:00,2023-08-11 14:05:00--2023-08-11 18:50:00,SHORT,-1,98.87,0.1816666666666666666666666667,98.72893372163367520646041725,99.34,98.69,99.14,98.72,98.83,MODELLED,CONDITIONAL_OPEN_SCENARIO,98.76,99.02,EXIT_ONLY_FROZEN_ENTRIES,C1_T10
VWAP_MR_USDRUBF,VWAP_MR_USDRUBF_000883,VWAP_MR,USDRUBF,2023-08-14 15:40:00,2023-08-14 15:50:00,2023-08-14 15:50:00,2023-08-14 15:55:00,2023-08-14 14:05:00--2023-08-14 18:50:00,SHORT,-1,101.25,0.1783333333333333333333333333,101.2035126868265554396941259,101.62,100.98,101.51,101.20,101.21,MODELLED,CONDITIONAL_OPEN_SCENARIO,101.19,101.62,EXIT_ONLY_FROZEN_ENTRIES,C1_T10
VWAP_MR_USDRUBF,VWAP_MR_USDRUBF_000885,VWAP_MR,USDRUBF,2023-08-14 16:35:00,2023-08-14 16:45:00,2023-08-14 16:45:00,2023-08-14 16:50:00,2023-08-14 14:05:00--2023-08-14 18:50:00,SHORT,-1,101.31,0.1716666666666666666666666667,101.2360922382283379918297140,101.62,101.17,101.56,101.23,101.27,MODELLED,CONDITIONAL_OPEN_SCENARIO,101.31,101.46,EXIT_ONLY_FROZEN_ENTRIES,C1_T10
VWAP_MR_USDRUBF,VWAP_MR_USDRUBF_000888,VWAP_MR,USDRUBF,2023-08-14 17:55:00,2023-08-14 18:05:00,2023-08-14 18:05:00,2023-08-14 18:10:00,2023-08-14 14:05:00--2023-08-14 18:50:00,LONG,1,99.1,0.54,99.63624947441105106217186855,101.44,97.85,98.29,99.64,99.23,MODELLED,CONDITIONAL_OPEN_SCENARIO,98.22,99.26,EXIT_ONLY_FROZEN_ENTRIES,C1_T10
VWAP_MR_USDRUBF,VWAP_MR_USDRUBF_000889,VWAP_MR,USDRUBF,2023-08-15 15:35:00,2023-08-15 15:45:00,2023-08-15 15:45:00,2023-08-15 15:50:00,2023-08-15 14:05:00--2023-08-15 18:50:00,LONG,1,98.39,0.2383333333333333333333333333,98.57861865452130183129329166,99.15,98.07,98.04,98.58,98.44,MODELLED,CONDITIONAL_OPEN_SCENARIO,98.07,98.4,EXIT_ONLY_FROZEN_ENTRIES,C1_T10
VWAP_MR_USDRUBF,VWAP_MR_USDRUBF_000890,VWAP_MR,USDRUBF,2023-08-15 16:25:00,2023-08-15 16:35:00,2023-08-15 16:35:00,2023-08-15 16:40:00,2023-08-15 14:05:00--2023-08-15 18:50:00,LONG,1,98.53,0.205,98.54515696282578255567098789,98.65,98.07,98.23,98.55,98.58,MODELLED,CONDITIONAL_OPEN_SCENARIO,98.22,98.55,EXIT_ONLY_FROZEN_ENTRIES,C1_T10
VWAP_MR_USDRUBF,VWAP_MR_USDRUBF_000894,VWAP_MR,USDRUBF,2023-08-16 11:40:00,2023-08-16 11:50:00,2023-08-16 11:50:00,2023-08-16 11:55:00,2023-08-16 10:00:00--2023-08-16 14:00:00,LONG,1,96.73,0.15,96.78954642547633869176217855,96.98,96.55,96.51,96.79,96.76,MODELLED,CONDITIONAL_OPEN_SCENARIO,96.6,96.81,EXIT_ONLY_FROZEN_ENTRIES,C1_T10
VWAP_MR_USDRUBF,VWAP_MR_USDRUBF_000895,VWAP_MR,USDRUBF,2023-08-16 12:40:00,2023-08-16 12:50:00,2023-08-16 12:50:00,2023-08-16 12:55:00,2023-08-16 10:00:00--2023-08-16 14:00:00,LONG,1,96.7,0.125,96.74462019032632722640590463,96.79,96.34,96.52,96.75,96.73,MODELLED,CONDITIONAL_OPEN_SCENARIO,96.34,96.72,EXIT_ONLY_FROZEN_ENTRIES,C1_T10
VWAP_MR_USDRUBF,VWAP_MR_USDRUBF_000897,VWAP_MR,USDRUBF,2023-08-16 15:55:00,2023-08-16 16:05:00,2023-08-16 16:05:00,2023-08-16 16:10:00,2023-08-16 14:05:00--2023-08-16 18:50:00,LONG,1,95.48,0.2408333333333333333333333333,95.61446844655508580915426339,95.74,95.06,95.12,95.62,95.54,MODELLED,CONDITIONAL_OPEN_SCENARIO,95.12,95.48,EXIT_ONLY_FROZEN_ENTRIES,C1_T10
VWAP_MR_USDRUBF,VWAP_MR_USDRUBF_000898,VWAP_MR,USDRUBF,2023-08-16 17:00:00,2023-08-16 17:10:00,2023-08-16 17:10:00,2023-08-16 17:15:00,2023-08-16 14:05:00--2023-08-16 18:50:00,LONG,1,95.24,0.2133333333333333333333333333,95.43114473080986266419502079,95.52,94.73,94.92,95.44,95.29,MODELLED,CONDITIONAL_OPEN_SCENARIO,94.77,95.27,EXIT_ONLY_FROZEN_ENTRIES,C1_T10
VWAP_MR_USDRUBF,VWAP_MR_USDRUBF_000900,VWAP_MR,USDRUBF,2023-08-17 17:40:00,2023-08-17 17:50:00,2023-08-17 17:50:00,2023-08-17 17:55:00,2023-08-17 14:05:00--2023-08-17 18:50:00,SHORT,-1,93.48,0.195,93.33478171073349283275054702,93.9,93.27,93.77,93.33,93.44,MODELLED,CONDITIONAL_OPEN_SCENARIO,93.42,93.81,EXIT_ONLY_FROZEN_ENTRIES,C1_T10
VWAP_MR_USDRUBF,VWAP_MR_USDRUBF_000903,VWAP_MR,USDRUBF,2023-08-18 11:10:00,2023-08-18 11:20:00,2023-08-18 11:20:00,2023-08-18 11:25:00,2023-08-18 10:00:00--2023-08-18 14:00:00,LONG,1,92.71,0.2033333333333333333333333333,92.85980132969088114051836401,93.54,92.54,92.41,92.86,92.76,MODELLED,CONDITIONAL_OPEN_SCENARIO,92.54,92.8,EXIT_ONLY_FROZEN_ENTRIES,C1_T10
VWAP_MR_USDRUBF,VWAP_MR_USDRUBF_000904,VWAP_MR,USDRUBF,2023-08-18 12:00:00,2023-08-18 12:10:00,2023-08-18 12:10:00,2023-08-18 12:15:00,2023-08-18 10:00:00--2023-08-18 14:00:00,SHORT,-1,93.01,0.1675,92.84806371835903404131510034,93.08,92.54,93.26,92.84,92.97,MODELLED,CONDITIONAL_OPEN_SCENARIO,92.9,93.13,EXIT_ONLY_FROZEN_ENTRIES,C1_T10
VWAP_MR_USDRUBF,VWAP_MR_USDRUBF_000906,VWAP_MR,USDRUBF,2023-08-18 17:15:00,2023-08-18 17:25:00,2023-08-18 17:25:00,2023-08-18 17:30:00,2023-08-18 14:05:00--2023-08-18 18:50:00,SHORT,-1,93.75,0.1133333333333333333333333333,93.64562456894803034605866364,93.79,93.43,93.92,93.64,93.73,MODELLED,CONDITIONAL_OPEN_SCENARIO,93.62,93.86,EXIT_ONLY_FROZEN_ENTRIES,C1_T10
VWAP_MR_USDRUBF,VWAP_MR_USDRUBF_000908,VWAP_MR,USDRUBF,2023-08-18 17:50:00,2023-08-18 18:00:00,2023-08-18 18:00:00,2023-08-18 18:05:00,2023-08-18 14:05:00--2023-08-18 18:50:00,LONG,1,93.57,0.11,93.64684739644024036374437360,93.86,93.49,93.41,93.65,93.59,MODELLED,CONDITIONAL_OPEN_SCENARIO,93.49,93.73,EXIT_ONLY_FROZEN_ENTRIES,C1_T10
VWAP_MR_USDRUBF,VWAP_MR_USDRUBF_000911,VWAP_MR,USDRUBF,2023-08-21 12:30:00,2023-08-21 12:40:00,2023-08-21 12:40:00,2023-08-21 12:45:00,2023-08-21 10:00:00--2023-08-21 14:00:00,LONG,1,93.98,0.1358333333333333333333333333,94.10021336578858702752508059,94.27,93.67,93.78,94.11,94.01,MODELLED,CONDITIONAL_OPEN_SCENARIO,93.67,93.99,EXIT_ONLY_FROZEN_ENTRIES,C1_T10
VWAP_MR_USDRUBF,VWAP_MR_USDRUBF_000912,VWAP_MR,USDRUBF,2023-08-21 13:10:00,2023-08-21 13:20:00,2023-08-21 13:20:00,2023-08-21 13:25:00,2023-08-21 10:00:00--2023-08-21 14:00:00,SHORT,-1,94.2,0.1616666666666666666666666667,94.10859819793510862886102438,94.41,93.67,94.44,94.10,94.16,MODELLED,CONDITIONAL_OPEN_SCENARIO,94.2,94.41,EXIT_ONLY_FROZEN_ENTRIES,C1_T10
VWAP_MR_USDRUBF,VWAP_MR_USDRUBF_000915,VWAP_MR,USDRUBF,2023-08-22 11:15:00,2023-08-22 11:25:00,2023-08-22 11:25:00,2023-08-22 11:30:00,2023-08-22 10:00:00--2023-08-22 14:00:00,LONG,1,93.77,0.1458333333333333333333333333,93.84963225882511452438695771,94.17,93.61,93.56,93.85,93.80,MODELLED,CONDITIONAL_OPEN_SCENARIO,93.61,93.8,EXIT_ONLY_FROZEN_ENTRIES,C1_T10
VWAP_MR_USDRUBF,VWAP_MR_USDRUBF_000916,VWAP_MR,USDRUBF,2023-08-22 12:35:00,2023-08-22 12:45:00,2023-08-22 12:45:00,2023-08-22 12:50:00,2023-08-22 10:00:00--2023-08-22 14:00:00,SHORT,-1,93.88,0.07833333333333333333333333333,93.84388343317914107327923969,93.97,93.76,93.99,93.84,93.87,MODELLED,CONDITIONAL_OPEN_SCENARIO,93.88,93.97,EXIT_ONLY_FROZEN_ENTRIES,C1_T10
VWAP_MR_USDRUBF,VWAP_MR_USDRUBF_000917,VWAP_MR,USDRUBF,2023-08-22 13:05:00,2023-08-22 13:15:00,2023-08-22 13:15:00,2023-08-22 13:20:00,2023-08-22 10:00:00--2023-08-22 14:00:00,SHORT,-1,93.87,0.06083333333333333333333333333,93.84709862844253647178666280,93.98,93.84,93.96,93.84,93.86,MODELLED,CONDITIONAL_OPEN_SCENARIO,93.82,93.98,EXIT_ONLY_FROZEN_ENTRIES,C1_T10
VWAP_MR_USDRUBF,VWAP_MR_USDRUBF_000918,VWAP_MR,USDRUBF,2023-08-22 17:25:00,2023-08-22 17:35:00,2023-08-22 17:35:00,2023-08-22 17:40:00,2023-08-22 14:05:00--2023-08-22 18:50:00,SHORT,-1,94.09,0.12,93.99482892960462873674059788,94.36,93.87,94.27,93.99,94.06,MODELLED,CONDITIONAL_OPEN_SCENARIO,94.09,94.28,EXIT_ONLY_FROZEN_ENTRIES,C1_T10
VWAP_MR_USDRUBF,VWAP_MR_USDRUBF_000920,VWAP_MR,USDRUBF,2023-08-23 11:05:00,2023-08-23 11:15:00,2023-08-23 11:15:00,2023-08-23 11:20:00,2023-08-23 10:00:00--2023-08-23 14:00:00,LONG,1,94.26,0.1583333333333333333333333333,94.40813509432030510123115511,94.69,94.19,94.03,94.41,94.29,MODELLED,CONDITIONAL_OPEN_SCENARIO,94.18,94.38,EXIT_ONLY_FROZEN_ENTRIES,C1_T10
VWAP_MR_USDRUBF,VWAP_MR_USDRUBF_000921,VWAP_MR,USDRUBF,2023-08-23 11:50:00,2023-08-23 12:00:00,2023-08-23 12:00:00,2023-08-23 12:05:00,2023-08-23 10:00:00--2023-08-23 14:00:00,LONG,1,94.09,0.1183333333333333333333333333,94.18717497723132969034608379,94.38,93.95,93.92,94.19,94.11,MODELLED,CONDITIONAL_OPEN_SCENARIO,93.96,94.2,EXIT_ONLY_FROZEN_ENTRIES,C1_T10
VWAP_MR_USDRUBF,VWAP_MR_USDRUBF_000922,VWAP_MR,USDRUBF,2023-08-23 13:10:00,2023-08-23 13:20:00,2023-08-23 13:20:00,2023-08-23 13:25:00,2023-08-23 10:00:00--2023-08-23 14:00:00,LONG,1,94.1,0.0725,94.16144295414479813924805781,94.2,94.05,94.00,94.17,94.11,MODELLED,CONDITIONAL_OPEN_SCENARIO,94.07,94.16,EXIT_ONLY_FROZEN_ENTRIES,C1_T10
VWAP_MR_USDRUBF,VWAP_MR_USDRUBF_000924,VWAP_MR,USDRUBF,2023-08-23 15:20:00,2023-08-23 15:30:00,2023-08-23 15:30:00,2023-08-23 15:35:00,2023-08-23 14:05:00--2023-08-23 18:50:00,LONG,1,93.93,0.08583333333333333333333333333,94.00082040140699358576453551,94.15,93.82,93.81,94.01,93.95,MODELLED,CONDITIONAL_OPEN_SCENARIO,93.84,93.95,EXIT_ONLY_FROZEN_ENTRIES,C1_T10
VWAP_MR_USDRUBF,VWAP_MR_USDRUBF_000925,VWAP_MR,USDRUBF,2023-08-23 15:40:00,2023-08-23 15:50:00,2023-08-23 15:50:00,2023-08-23 15:55:00,2023-08-23 14:05:00--2023-08-23 18:50:00,LONG,1,93.85,0.08916666666666666666666666667,93.93706042635037666292675108,94.15,93.82,93.72,93.94,93.87,MODELLED,CONDITIONAL_OPEN_SCENARIO,93.79,93.88,EXIT_ONLY_FROZEN_ENTRIES,C1_T10
VWAP_MR_USDRUBF,VWAP_MR_USDRUBF_000927,VWAP_MR,USDRUBF,2023-08-23 16:35:00,2023-08-23 16:45:00,2023-08-23 16:45:00,2023-08-23 16:50:00,2023-08-23 14:05:00--2023-08-23 18:50:00,LONG,1,93.84,0.0675,93.88853891981638831917179414,93.9,93.71,93.74,93.89,93.85,MODELLED,CONDITIONAL_OPEN_SCENARIO,93.74,93.84,EXIT_ONLY_FROZEN_ENTRIES,C1_T10
VWAP_MR_USDRUBF,VWAP_MR_USDRUBF_000929,VWAP_MR,USDRUBF,2023-08-24 11:40:00,2023-08-24 11:50:00,2023-08-24 11:50:00,2023-08-24 11:55:00,2023-08-24 10:00:00--2023-08-24 14:00:00,SHORT,-1,94.19,0.04916666666666666666666666667,94.15873024227634496068392425,94.34,94.12,94.26,94.15,94.18,MODELLED,CONDITIONAL_OPEN_SCENARIO,94.18,94.34,EXIT_ONLY_FROZEN_ENTRIES,C1_T10
VWAP_MR_USDRUBF,VWAP_MR_USDRUBF_000932,VWAP_MR,USDRUBF,2023-08-24 15:55:00,2023-08-24 16:05:00,2023-08-24 16:05:00,2023-08-24 16:10:00,2023-08-24 14:05:00--2023-08-24 18:50:00,SHORT,-1,94.33,0.05583333333333333333333333333,94.29665263923524522028262678,94.42,94.28,94.41,94.29,94.32,MODELLED,CONDITIONAL_OPEN_SCENARIO,94.31,94.36,EXIT_ONLY_FROZEN_ENTRIES,C1_T10
VWAP_MR_USDRUBF,VWAP_MR_USDRUBF_000934,VWAP_MR,USDRUBF,2023-08-24 16:55:00,2023-08-24 17:05:00,2023-08-24 17:05:00,2023-08-24 17:10:00,2023-08-24 14:05:00--2023-08-24 18:50:00,LONG,1,94.26,0.055,94.28869954442639141100385487,94.37,94.19,94.18,94.29,94.27,MODELLED,CONDITIONAL_OPEN_SCENARIO,94.19,94.26,EXIT_ONLY_FROZEN_ENTRIES,C1_T10
VWAP_MR_USDRUBF,VWAP_MR_USDRUBF_000936,VWAP_MR,USDRUBF,2023-08-24 17:40:00,2023-08-24 17:50:00,2023-08-24 17:50:00,2023-08-24 17:55:00,2023-08-24 14:05:00--2023-08-24 18:50:00,SHORT,-1,94.31,0.04666666666666666666666666667,94.28687879944041714358387394,94.35,94.19,94.38,94.28,94.30,MODELLED,CONDITIONAL_OPEN_SCENARIO,94.27,94.35,EXIT_ONLY_FROZEN_ENTRIES,C1_T10
VWAP_MR_USDRUBF,VWAP_MR_USDRUBF_000938,VWAP_MR,USDRUBF,2023-08-25 11:15:00,2023-08-25 11:25:00,2023-08-25 11:25:00,2023-08-25 11:30:00,2023-08-25 10:00:00--2023-08-25 14:00:00,LONG,1,94.67,0.07166666666666666666666666667,94.72256458091732634161918686,94.89,94.64,94.57,94.73,94.68,MODELLED,CONDITIONAL_OPEN_SCENARIO,94.64,94.7,EXIT_ONLY_FROZEN_ENTRIES,C1_T10
VWAP_MR_USDRUBF,VWAP_MR_USDRUBF_000939,VWAP_MR,USDRUBF,2023-08-25 12:00:00,2023-08-25 12:10:00,2023-08-25 12:10:00,2023-08-25 12:15:00,2023-08-25 10:00:00--2023-08-25 14:00:00,LONG,1,94.64,0.05416666666666666666666666667,94.67660638077480836958773571,94.73,94.52,94.56,94.68,94.65,MODELLED,CONDITIONAL_OPEN_SCENARIO,94.52,94.64,EXIT_ONLY_FROZEN_ENTRIES,C1_T10
VWAP_MR_USDRUBF,VWAP_MR_USDRUBF_000940,VWAP_MR,USDRUBF,2023-08-25 12:15:00,2023-08-25 12:25:00,2023-08-25 12:25:00,2023-08-25 12:30:00,2023-08-25 10:00:00--2023-08-25 14:00:00,LONG,1,94.64,0.05416666666666666666666666667,94.67617561445585552344054286,94.7,94.52,94.56,94.68,94.65,MODELLED,CONDITIONAL_OPEN_SCENARIO,94.55,94.7,EXIT_ONLY_FROZEN_ENTRIES,C1_T10
VWAP_MR_USDRUBF,VWAP_MR_USDRUBF_000941,VWAP_MR,USDRUBF,2023-08-28 12:25:00,2023-08-28 12:35:00,2023-08-28 12:35:00,2023-08-28 12:40:00,2023-08-28 10:00:00--2023-08-28 14:00:00,LONG,1,95.46,0.07666666666666666666666666667,95.51009609844655339225342162,95.57,95.24,95.35,95.52,95.47,MODELLED,CONDITIONAL_OPEN_SCENARIO,95.3,95.5,EXIT_ONLY_FROZEN_ENTRIES,C1_T10
VWAP_MR_USDRUBF,VWAP_MR_USDRUBF_000943,VWAP_MR,USDRUBF,2023-08-28 16:10:00,2023-08-28 16:20:00,2023-08-28 16:20:00,2023-08-28 16:25:00,2023-08-28 14:05:00--2023-08-28 18:50:00,LONG,1,95.13,0.065,95.19125311093460418321419110,95.25,95.06,95.04,95.20,95.14,MODELLED,CONDITIONAL_OPEN_SCENARIO,95.08,95.22,EXIT_ONLY_FROZEN_ENTRIES,C1_T10
VWAP_MR_USDRUBF,VWAP_MR_USDRUBF_000958,VWAP_MR,USDRUBF,2023-08-30 16:30:00,2023-08-30 16:40:00,2023-08-30 16:40:00,2023-08-30 16:45:00,2023-08-30 14:05:00--2023-08-30 18:50:00,SHORT,-1,96.07,0.04916666666666666666666666667,96.03520210965481953792261973,96.16,95.95,96.14,96.03,96.06,MODELLED,CONDITIONAL_OPEN_SCENARIO,96.04,96.16,EXIT_ONLY_FROZEN_ENTRIES,C1_T10
VWAP_MR_USDRUBF,VWAP_MR_USDRUBF_000960,VWAP_MR,USDRUBF,2023-09-01 15:25:00,2023-09-01 15:35:00,2023-09-01 15:35:00,2023-09-01 15:40:00,2023-09-01 14:05:00--2023-09-01 18:50:00,LONG,1,96.36,0.1091666666666666666666666667,96.39142234640588098326846953,96.4,96.12,96.20,96.40,96.38,MODELLED,CONDITIONAL_OPEN_SCENARIO,96.18,96.38,EXIT_ONLY_FROZEN_ENTRIES,C1_T10
VWAP_MR_USDRUBF,VWAP_MR_USDRUBF_000962,VWAP_MR,USDRUBF,2023-09-04 11:45:00,2023-09-04 11:55:00,2023-09-04 11:55:00,2023-09-04 12:00:00,2023-09-04 10:00:00--2023-09-04 14:00:00,SHORT,-1,96.51,0.0575,96.45369155703786053980606513,96.64,96.39,96.59,96.45,96.50,MODELLED,CONDITIONAL_OPEN_SCENARIO,96.47,96.64,EXIT_ONLY_FROZEN_ENTRIES,C1_T10
VWAP_MR_USDRUBF,VWAP_MR_USDRUBF_000967,VWAP_MR,USDRUBF,2023-09-05 11:25:00,2023-09-05 11:35:00,2023-09-05 11:35:00,2023-09-05 11:40:00,2023-09-05 10:00:00--2023-09-05 14:00:00,SHORT,-1,97.52,0.08916666666666666666666666667,97.47191952252599152868694648,97.62,97.27,97.65,97.47,97.50,MODELLED,CONDITIONAL_OPEN_SCENARIO,97.52,97.62,EXIT_ONLY_FROZEN_ENTRIES,C1_T10
VWAP_MR_USDRUBF,VWAP_MR_USDRUBF_000970,VWAP_MR,USDRUBF,2023-09-05 16:20:00,2023-09-05 16:30:00,2023-09-05 16:30:00,2023-09-05 16:35:00,2023-09-05 14:05:00--2023-09-05 18:50:00,SHORT,-1,97.65,0.07416666666666666666666666667,97.59455145788885502387483488,97.77,97.52,97.76,97.59,97.64,MODELLED,CONDITIONAL_OPEN_SCENARIO,97.57,97.69,EXIT_ONLY_FROZEN_ENTRIES,C1_T10
VWAP_MR_USDRUBF,VWAP_MR_USDRUBF_000973,VWAP_MR,USDRUBF,2023-09-06 11:40:00,2023-09-06 11:50:00,2023-09-06 11:50:00,2023-09-06 11:55:00,2023-09-06 10:00:00--2023-09-06 14:00:00,SHORT,-1,97.74,0.08833333333333333333333333333,97.65855528754602005839786727,97.88,97.58,97.87,97.65,97.72,MODELLED,CONDITIONAL_OPEN_SCENARIO,97.67,97.76,EXIT_ONLY_FROZEN_ENTRIES,C1_T10
VWAP_MR_USDRUBF,VWAP_MR_USDRUBF_000975,VWAP_MR,USDRUBF,2023-09-06 12:55:00,2023-09-06 13:05:00,2023-09-06 13:05:00,2023-09-06 13:10:00,2023-09-06 10:00:00--2023-09-06 14:00:00,SHORT,-1,97.78,0.08166666666666666666666666667,97.75600608264000559323218909,98.11,97.73,97.90,97.75,97.76,MODELLED,CONDITIONAL_OPEN_SCENARIO,97.76,97.94,EXIT_ONLY_FROZEN_ENTRIES,C1_T10
VWAP_MR_USDRUBF,VWAP_MR_USDRUBF_000978,VWAP_MR,USDRUBF,2023-09-06 16:05:00,2023-09-06 16:15:00,2023-09-06 16:15:00,2023-09-06 16:20:00,2023-09-06 14:05:00--2023-09-06 18:50:00,SHORT,-1,97.84,0.04416666666666666666666666667,97.80284876140808344198174707,97.9,97.73,97.90,97.80,97.83,MODELLED,CONDITIONAL_OPEN_SCENARIO,97.82,97.87,EXIT_ONLY_FROZEN_ENTRIES,C1_T10
VWAP_MR_USDRUBF,VWAP_MR_USDRUBF_000979,VWAP_MR,USDRUBF,2023-09-06 16:35:00,2023-09-06 16:45:00,2023-09-06 16:45:00,2023-09-06 16:50:00,2023-09-06 14:05:00--2023-09-06 18:50:00,SHORT,-1,97.85,0.0475,97.80970831703819580237257206,97.93,97.79,97.92,97.80,97.84,MODELLED,CONDITIONAL_OPEN_SCENARIO,97.84,97.93,EXIT_ONLY_FROZEN_ENTRIES,C1_T10
VWAP_MR_USDRUBF,VWAP_MR_USDRUBF_000983,VWAP_MR,USDRUBF,2023-09-07 12:25:00,2023-09-07 12:35:00,2023-09-07 12:35:00,2023-09-07 12:40:00,2023-09-07 10:00:00--2023-09-07 14:00:00,SHORT,-1,98.44,0.05833333333333333333333333333,98.38389327100983542701334112,98.48,98.26,98.52,98.38,98.43,MODELLED,CONDITIONAL_OPEN_SCENARIO,98.34,98.48,EXIT_ONLY_FROZEN_ENTRIES,C1_T10
VWAP_MR_USDRUBF,VWAP_MR_USDRUBF_000989,VWAP_MR,USDRUBF,2023-09-08 13:00:00,2023-09-08 13:10:00,2023-09-08 13:10:00,2023-09-08 13:15:00,2023-09-08 10:00:00--2023-09-08 14:00:00,LONG,1,97.75,0.1241666666666666666666666667,97.82073508274814176009198801,97.99,97.59,97.57,97.83,97.78,MODELLED,CONDITIONAL_OPEN_SCENARIO,97.59,97.79,EXIT_ONLY_FROZEN_ENTRIES,C1_T10
VWAP_MR_USDRUBF,VWAP_MR_USDRUBF_000991,VWAP_MR,USDRUBF,2023-09-08 16:35:00,2023-09-08 16:45:00,2023-09-08 16:45:00,2023-09-08 16:50:00,2023-09-08 14:05:00--2023-09-08 18:50:00,LONG,1,97.92,0.0725,97.98369897017879306296333569,98.11,97.89,97.82,97.99,97.93,MODELLED,CONDITIONAL_OPEN_SCENARIO,97.89,98.02,EXIT_ONLY_FROZEN_ENTRIES,C1_T10
VWAP_MR_USDRUBF,VWAP_MR_USDRUBF_000992,VWAP_MR,USDRUBF,2023-09-08 17:20:00,2023-09-08 17:30:00,2023-09-08 17:30:00,2023-09-08 17:35:00,2023-09-08 14:05:00--2023-09-08 18:50:00,LONG,1,97.94,0.09,97.95328133507568332788848971,98.05,97.72,97.81,97.96,97.96,MODELLED,CONDITIONAL_OPEN_SCENARIO,97.75,97.94,EXIT_ONLY_FROZEN_ENTRIES,C1_T10
VWAP_MR_USDRUBF,VWAP_MR_USDRUBF_000993,VWAP_MR,USDRUBF,2023-09-08 17:45:00,2023-09-08 17:55:00,2023-09-08 17:55:00,2023-09-08 18:00:00,2023-09-08 14:05:00--2023-09-08 18:50:00,LONG,1,97.87,0.08,97.94789223897264098269123405,97.95,97.72,97.75,97.95,97.89,MODELLED,CONDITIONAL_OPEN_SCENARIO,97.79,97.92,EXIT_ONLY_FROZEN_ENTRIES,C1_T10
VWAP_MR_USDRUBF,VWAP_MR_USDRUBF_000994,VWAP_MR,USDRUBF,2023-09-11 12:10:00,2023-09-11 12:20:00,2023-09-11 12:20:00,2023-09-11 12:25:00,2023-09-11 10:00:00--2023-09-11 14:00:00,LONG,1,96.4,0.1383333333333333333333333333,96.47610230686139595448424855,96.83,96.07,96.20,96.48,96.43,MODELLED,CONDITIONAL_OPEN_SCENARIO,96.22,96.42,EXIT_ONLY_FROZEN_ENTRIES,C1_T10
VWAP_MR_USDRUBF,VWAP_MR_USDRUBF_001002,VWAP_MR,USDRUBF,2023-09-13 16:15:00,2023-09-13 16:25:00,2023-09-13 16:25:00,2023-09-13 16:30:00,2023-09-13 14:05:00--2023-09-13 18:50:00,SHORT,-1,96.25,0.2033333333333333333333333333,96.07693689602980556525788798,96.55,95.95,96.55,96.07,96.20,MODELLED,CONDITIONAL_OPEN_SCENARIO,96.17,96.48,EXIT_ONLY_FROZEN_ENTRIES,C1_T10
VWAP_MR_USDRUBF,VWAP_MR_USDRUBF_001004,VWAP_MR,USDRUBF,2023-09-13 17:40:00,2023-09-13 17:50:00,2023-09-13 17:50:00,2023-09-13 17:55:00,2023-09-13 14:05:00--2023-09-13 18:50:00,SHORT,-1,96.21,0.09166666666666666666666666667,96.12903216448150331751780409,96.53,96.21,96.34,96.12,96.19,MODELLED,CONDITIONAL_OPEN_SCENARIO,96.17,96.34,EXIT_ONLY_FROZEN_ENTRIES,C1_T10
VWAP_MR_USDRUBF,VWAP_MR_USDRUBF_001007,VWAP_MR,USDRUBF,2023-09-14 12:30:00,2023-09-14 12:40:00,2023-09-14 12:40:00,2023-09-14 12:45:00,2023-09-14 10:00:00--2023-09-14 14:00:00,SHORT,-1,96.21,0.1033333333333333333333333333,96.14300825194210746865229030,96.55,96,96.36,96.14,96.19,MODELLED,CONDITIONAL_OPEN_SCENARIO,96.21,96.43,EXIT_ONLY_FROZEN_ENTRIES,C1_T10
VWAP_MR_USDRUBF,VWAP_MR_USDRUBF_001011,VWAP_MR,USDRUBF,2023-09-14 17:40:00,2023-09-14 17:50:00,2023-09-14 17:50:00,2023-09-14 17:55:00,2023-09-14 14:05:00--2023-09-14 18:50:00,SHORT,-1,96.34,0.1508333333333333333333333333,96.23158943926188703484722404,96.7,95.99,96.56,96.23,96.31,MODELLED,CONDITIONAL_OPEN_SCENARIO,96.34,96.6,EXIT_ONLY_FROZEN_ENTRIES,C1_T10
VWAP_MR_USDRUBF,VWAP_MR_USDRUBF_001012,VWAP_MR,USDRUBF,2023-09-15 11:25:00,2023-09-15 11:35:00,2023-09-15 11:35:00,2023-09-15 11:40:00,2023-09-15 10:00:00--2023-09-15 14:00:00,LONG,1,96.42,0.08416666666666666666666666667,96.48784212688099772226578546,96.59,96.25,96.30,96.49,96.44,MODELLED,CONDITIONAL_OPEN_SCENARIO,96.25,96.47,EXIT_ONLY_FROZEN_ENTRIES,C1_T10
VWAP_MR_USDRUBF,VWAP_MR_USDRUBF_001014,VWAP_MR,USDRUBF,2023-09-15 12:00:00,2023-09-15 12:10:00,2023-09-15 12:10:00,2023-09-15 12:15:00,2023-09-15 10:00:00--2023-09-15 14:00:00,LONG,1,96.41,0.09916666666666666666666666667,96.45373001254638157016630624,96.52,96.25,96.27,96.46,96.43,MODELLED,CONDITIONAL_OPEN_SCENARIO,96.29,96.43,EXIT_ONLY_FROZEN_ENTRIES,C1_T10
VWAP_MR_USDRUBF,VWAP_MR_USDRUBF_001021,VWAP_MR,USDRUBF,2023-09-18 15:10:00,2023-09-18 15:20:00,2023-09-18 15:20:00,2023-09-18 15:25:00,2023-09-18 14:05:00--2023-09-18 18:50:00,LONG,1,96.46,0.05333333333333333333333333333,96.49478235967926689576174112,96.55,96.36,96.38,96.50,96.47,MODELLED,CONDITIONAL_OPEN_SCENARIO,96.39,96.52,EXIT_ONLY_FROZEN_ENTRIES,C1_T10
VWAP_MR_USDRUBF,VWAP_MR_USDRUBF_001023,VWAP_MR,USDRUBF,2023-09-18 16:00:00,2023-09-18 16:10:00,2023-09-18 16:10:00,2023-09-18 16:15:00,2023-09-18 14:05:00--2023-09-18 18:50:00,SHORT,-1,96.53,0.06083333333333333333333333333,96.50361051309651955507714386,96.59,96.39,96.62,96.50,96.52,MODELLED,CONDITIONAL_OPEN_SCENARIO,96.5,96.68,EXIT_ONLY_FROZEN_ENTRIES,C1_T10
VWAP_MR_USDRUBF,VWAP_MR_USDRUBF_001024,VWAP_MR,USDRUBF,2023-09-18 16:55:00,2023-09-18 17:05:00,2023-09-18 17:05:00,2023-09-18 17:10:00,2023-09-18 14:05:00--2023-09-18 18:50:00,SHORT,-1,96.59,0.1075,96.52829200214707461084272676,96.69,96.42,96.75,96.52,96.57,MODELLED,CONDITIONAL_OPEN_SCENARIO,96.56,96.69,EXIT_ONLY_FROZEN_ENTRIES,C1_T10
VWAP_MR_USDRUBF,VWAP_MR_USDRUBF_001028,VWAP_MR,USDRUBF,2023-09-19 11:10:00,2023-09-19 11:20:00,2023-09-19 11:20:00,2023-09-19 11:25:00,2023-09-19 10:00:00--2023-09-19 14:00:00,SHORT,-1,96.08,0.06166666666666666666666666667,96.02099788225328250741211353,96.12,96,96.17,96.02,96.07,MODELLED,CONDITIONAL_OPEN_SCENARIO,96.07,96.11,EXIT_ONLY_FROZEN_ENTRIES,C1_T10
VWAP_MR_USDRUBF,VWAP_MR_USDRUBF_001029,VWAP_MR,USDRUBF,2023-09-19 11:50:00,2023-09-19 12:00:00,2023-09-19 12:00:00,2023-09-19 12:05:00,2023-09-19 10:00:00--2023-09-19 14:00:00,SHORT,-1,96.08,0.05166666666666666666666666667,96.04596743592397116147504227,96.27,96.04,96.15,96.04,96.07,MODELLED,CONDITIONAL_OPEN_SCENARIO,96.08,96.27,EXIT_ONLY_FROZEN_ENTRIES,C1_T10
VWAP_MR_USDRUBF,VWAP_MR_USDRUBF_001031,VWAP_MR,USDRUBF,2023-09-19 12:35:00,2023-09-19 12:45:00,2023-09-19 12:45:00,2023-09-19 12:50:00,2023-09-19 10:00:00--2023-09-19 14:00:00,SHORT,-1,96.09,0.07333333333333333333333333333,96.07003996003996003996003996,96.27,96.07,96.20,96.07,96.08,MODELLED,CONDITIONAL_OPEN_SCENARIO,96.07,96.27,EXIT_ONLY_FROZEN_ENTRIES,C1_T10
VWAP_MR_USDRUBF,VWAP_MR_USDRUBF_001032,VWAP_MR,USDRUBF,2023-09-19 13:00:00,2023-09-19 13:10:00,2023-09-19 13:10:00,2023-09-19 13:15:00,2023-09-19 10:00:00--2023-09-19 14:00:00,SHORT,-1,96.14,0.075,96.07522228852752498881098016,96.27,96.04,96.25,96.07,96.13,MODELLED,CONDITIONAL_OPEN_SCENARIO,96.12,96.21,EXIT_ONLY_FROZEN_ENTRIES,C1_T10
VWAP_MR_USDRUBF,VWAP_MR_USDRUBF_001035,VWAP_MR,USDRUBF,2023-09-19 16:00:00,2023-09-19 16:10:00,2023-09-19 16:10:00,2023-09-19 16:15:00,2023-09-19 14:05:00--2023-09-19 18:50:00,SHORT,-1,96.23,0.05916666666666666666666666667,96.17128205128205128205128205,96.26,96.04,96.31,96.17,96.22,MODELLED,CONDITIONAL_OPEN_SCENARIO,96.2,96.26,EXIT_ONLY_FROZEN_ENTRIES,C1_T10
VWAP_MR_USDRUBF,VWAP_MR_USDRUBF_001039,VWAP_MR,USDRUBF,2023-09-19 17:45:00,2023-09-19 17:55:00,2023-09-19 17:55:00,2023-09-19 18:00:00,2023-09-19 14:05:00--2023-09-19 18:50:00,SHORT,-1,96.19,0.04833333333333333333333333333,96.17137748053252951519718670,96.25,96.05,96.26,96.17,96.18,MODELLED,CONDITIONAL_OPEN_SCENARIO,96.18,96.25,EXIT_ONLY_FROZEN_ENTRIES,C1_T10
VWAP_MR_USDRUBF,VWAP_MR_USDRUBF_001045,VWAP_MR,USDRUBF,2023-09-20 17:15:00,2023-09-20 17:25:00,2023-09-20 17:25:00,2023-09-20 17:30:00,2023-09-20 14:05:00--2023-09-20 18:50:00,LONG,1,96.46,0.03833333333333333333333333333,96.48012600229095074455899199,96.54,96.4,96.41,96.49,96.46,MODELLED,CONDITIONAL_OPEN_SCENARIO,96.4,96.47,EXIT_ONLY_FROZEN_ENTRIES,C1_T10
VWAP_MR_USDRUBF,VWAP_MR_USDRUBF_001047,VWAP_MR,USDRUBF,2023-09-21 11:10:00,2023-09-21 11:20:00,2023-09-21 11:20:00,2023-09-21 11:25:00,2023-09-21 10:00:00--2023-09-21 14:00:00,LONG,1,96.06,0.08333333333333333333333333333,96.13881650793650793650793648,96.3,96,95.94,96.14,96.08,MODELLED,CONDITIONAL_OPEN_SCENARIO,96,96.14,EXIT_ONLY_FROZEN_ENTRIES,C1_T10
VWAP_MR_USDRUBF,VWAP_MR_USDRUBF_001051,VWAP_MR,USDRUBF,2023-09-22 11:15:00,2023-09-22 11:25:00,2023-09-22 11:25:00,2023-09-22 11:30:00,2023-09-22 10:00:00--2023-09-22 14:00:00,LONG,1,95.91,0.09416666666666666666666666667,95.99253320420586607636967351,96.18,95.84,95.77,96.00,95.93,MODELLED,CONDITIONAL_OPEN_SCENARIO,95.84,95.93,EXIT_ONLY_FROZEN_ENTRIES,C1_T10
VWAP_MR_USDRUBF,VWAP_MR_USDRUBF_001054,VWAP_MR,USDRUBF,2023-09-22 12:30:00,2023-09-22 12:40:00,2023-09-22 12:40:00,2023-09-22 12:45:00,2023-09-22 10:00:00--2023-09-22 14:00:00,LONG,1,95.95,0.045,95.98041286622443338861249311,95.99,95.87,95.89,95.99,95.96,MODELLED,CONDITIONAL_OPEN_SCENARIO,95.89,95.98,EXIT_ONLY_FROZEN_ENTRIES,C1_T10
VWAP_MR_USDRUBF,VWAP_MR_USDRUBF_001057,VWAP_MR,USDRUBF,2023-09-22 15:50:00,2023-09-22 16:00:00,2023-09-22 16:00:00,2023-09-22 16:05:00,2023-09-22 14:05:00--2023-09-22 18:50:00,LONG,1,95.96,0.06333333333333333333333333333,96.01715982286634460547504023,96.09,95.88,95.87,96.02,95.97,MODELLED,CONDITIONAL_OPEN_SCENARIO,95.94,96.02,EXIT_ONLY_FROZEN_ENTRIES,C1_T10
VWAP_MR_USDRUBF,VWAP_MR_USDRUBF_001064,VWAP_MR,USDRUBF,2023-09-25 12:05:00,2023-09-25 12:15:00,2023-09-25 12:15:00,2023-09-25 12:20:00,2023-09-25 10:00:00--2023-09-25 14:00:00,SHORT,-1,96.12,0.07083333333333333333333333333,96.07685523251446172338667270,96.19,95.94,96.22,96.07,96.11,MODELLED,CONDITIONAL_OPEN_SCENARIO,96.05,96.19,EXIT_ONLY_FROZEN_ENTRIES,C1_T10
VWAP_MR_USDRUBF,VWAP_MR_USDRUBF_001066,VWAP_MR,USDRUBF,2023-09-25 12:35:00,2023-09-25 12:45:00,2023-09-25 12:45:00,2023-09-25 12:50:00,2023-09-25 10:00:00--2023-09-25 14:00:00,SHORT,-1,96.15,0.08,96.11146070102573783902838086,96.26,96.01,96.27,96.11,96.13,MODELLED,CONDITIONAL_OPEN_SCENARIO,96.15,96.24,EXIT_ONLY_FROZEN_ENTRIES,C1_T10
VWAP_MR_USDRUBF,VWAP_MR_USDRUBF_001071,VWAP_MR,USDRUBF,2023-09-26 17:40:00,2023-09-26 17:50:00,2023-09-26 17:50:00,2023-09-26 17:55:00,2023-09-26 14:05:00--2023-09-26 18:50:00,SHORT,-1,96.29,0.03916666666666666666666666667,96.26751162745441454064257487,96.33,96.2,96.34,96.26,96.29,MODELLED,CONDITIONAL_OPEN_SCENARIO,96.29,96.33,EXIT_ONLY_FROZEN_ENTRIES,C1_T10
VWAP_MR_USDRUBF,VWAP_MR_USDRUBF_001076,VWAP_MR,USDRUBF,2023-09-27 11:05:00,2023-09-27 11:15:00,2023-09-27 11:15:00,2023-09-27 11:20:00,2023-09-27 10:00:00--2023-09-27 14:00:00,LONG,1,96.44,0.06166666666666666666666666667,96.45407793464397237982143642,96.54,96.36,96.35,96.46,96.45,MODELLED,CONDITIONAL_OPEN_SCENARIO,96.36,96.44,EXIT_ONLY_FROZEN_ENTRIES,C1_T10
VWAP_MR_USDRUBF,VWAP_MR_USDRUBF_001077,VWAP_MR,USDRUBF,2023-09-27 12:25:00,2023-09-27 12:35:00,2023-09-27 12:35:00,2023-09-27 12:40:00,2023-09-27 10:00:00--2023-09-27 14:00:00,LONG,1,96.43,0.03083333333333333333333333333,96.45080706411532647568484313,96.47,96.4,96.39,96.46,96.43,MODELLED,CONDITIONAL_OPEN_SCENARIO,96.4,96.45,EXIT_ONLY_FROZEN_ENTRIES,C1_T10
VWAP_MR_USDRUBF,VWAP_MR_USDRUBF_001079,VWAP_MR,USDRUBF,2023-09-27 16:00:00,2023-09-27 16:10:00,2023-09-27 16:10:00,2023-09-27 16:15:00,2023-09-27 14:05:00--2023-09-27 18:50:00,LONG,1,96.49,0.03416666666666666666666666667,96.51417235494880546075085321,96.56,96.47,96.44,96.52,96.49,MODELLED,CONDITIONAL_OPEN_SCENARIO,96.45,96.51,EXIT_ONLY_FROZEN_ENTRIES,C1_T10
VWAP_MR_USDRUBF,VWAP_MR_USDRUBF_001081,VWAP_MR,USDRUBF,2023-09-28 12:50:00,2023-09-28 13:00:00,2023-09-28 13:00:00,2023-09-28 13:05:00,2023-09-28 10:00:00--2023-09-28 14:00:00,SHORT,-1,97.09,0.0825,97.03195207027969769394741935,97.28,97.04,97.21,97.03,97.07,MODELLED,CONDITIONAL_OPEN_SCENARIO,97.06,97.2,EXIT_ONLY_FROZEN_ENTRIES,C1_T10
VWAP_MR_USDRUBF,VWAP_MR_USDRUBF_001083,VWAP_MR,USDRUBF,2023-09-28 15:50:00,2023-09-28 16:00:00,2023-09-28 16:00:00,2023-09-28 16:05:00,2023-09-28 14:05:00--2023-09-28 18:50:00,SHORT,-1,97,0.0425,96.95766263923660244548456152,97.04,96.89,97.06,96.95,96.99,MODELLED,CONDITIONAL_OPEN_SCENARIO,96.93,97.04,EXIT_ONLY_FROZEN_ENTRIES,C1_T10
VWAP_MR_USDRUBF,VWAP_MR_USDRUBF_001088,VWAP_MR,USDRUBF,2023-09-29 11:05:00,2023-09-29 11:15:00,2023-09-29 11:15:00,2023-09-29 11:20:00,2023-09-29 10:00:00--2023-09-29 14:00:00,SHORT,-1,97.16,0.08333333333333333333333333333,97.10506303323570609957977844,97.32,96.93,97.28,97.10,97.14,MODELLED,CONDITIONAL_OPEN_SCENARIO,97.1,97.32,EXIT_ONLY_FROZEN_ENTRIES,C1_T10
VWAP_MR_USDRUBF,VWAP_MR_USDRUBF_001090,VWAP_MR,USDRUBF,2023-09-29 15:15:00,2023-09-29 15:25:00,2023-09-29 15:25:00,2023-09-29 15:30:00,2023-09-29 14:05:00--2023-09-29 18:50:00,LONG,1,97.67,0.09416666666666666666666666667,97.72444277527402214432760254,97.91,97.53,97.53,97.73,97.69,MODELLED,CONDITIONAL_OPEN_SCENARIO,97.58,97.71,EXIT_ONLY_FROZEN_ENTRIES,C1_T10
VWAP_MR_USDRUBF,VWAP_MR_USDRUBF_001091,VWAP_MR,USDRUBF,2023-09-29 15:50:00,2023-09-29 16:00:00,2023-09-29 16:00:00,2023-09-29 16:05:00,2023-09-29 14:05:00--2023-09-29 18:50:00,LONG,1,97.63,0.08583333333333333333333333333,97.67636750333966111228292203,97.75,97.52,97.51,97.68,97.65,MODELLED,CONDITIONAL_OPEN_SCENARIO,97.52,97.64,EXIT_ONLY_FROZEN_ENTRIES,C1_T10
VWAP_MR_USDRUBF,VWAP_MR_USDRUBF_001093,VWAP_MR,USDRUBF,2023-09-29 17:15:00,2023-09-29 17:25:00,2023-09-29 17:25:00,2023-09-29 17:30:00,2023-09-29 14:05:00--2023-09-29 18:50:00,SHORT,-1,97.74,0.07416666666666666666666666667,97.68150423966756513926325248,97.93,97.57,97.85,97.68,97.73,MODELLED,CONDITIONAL_OPEN_SCENARIO,97.74,97.93,EXIT_ONLY_FROZEN_ENTRIES,C1_T10
VWAP_MR_USDRUBF,VWAP_MR_USDRUBF_001099,VWAP_MR,USDRUBF,2023-10-03 11:05:00,2023-10-03 11:15:00,2023-10-03 11:15:00,2023-10-03 11:20:00,2023-10-03 10:00:00--2023-10-03 14:00:00,LONG,1,99.37,0.13,99.42487192393736017897091723,99.68,99.2,99.18,99.43,99.40,MODELLED,CONDITIONAL_OPEN_SCENARIO,99.2,99.48,EXIT_ONLY_FROZEN_ENTRIES,C1_T10
VWAP_MR_USDRUBF,VWAP_MR_USDRUBF_001100,VWAP_MR,USDRUBF,2023-10-03 11:30:00,2023-10-03 11:40:00,2023-10-03 11:40:00,2023-10-03 11:45:00,2023-10-03 10:00:00--2023-10-03 14:00:00,LONG,1,99.26,0.1108333333333333333333333333,99.36240399957451334964365494,99.52,99.12,99.10,99.37,99.28,MODELLED,CONDITIONAL_OPEN_SCENARIO,99.06,99.39,EXIT_ONLY_FROZEN_ENTRIES,C1_T10
VWAP_MR_USDRUBF,VWAP_MR_USDRUBF_001101,VWAP_MR,USDRUBF,2023-10-03 11:55:00,2023-10-03 12:05:00,2023-10-03 12:05:00,2023-10-03 12:10:00,2023-10-03 10:00:00--2023-10-03 14:00:00,LONG,1,99.29,0.1208333333333333333333333333,99.32043950775131852325395557,99.48,99.06,99.11,99.33,99.32,MODELLED,CONDITIONAL_OPEN_SCENARIO,99.1,99.35,EXIT_ONLY_FROZEN_ENTRIES,C1_T10
VWAP_MR_USDRUBF,VWAP_MR_USDRUBF_001102,VWAP_MR,USDRUBF,2023-10-03 12:35:00,2023-10-03 12:45:00,2023-10-03 12:45:00,2023-10-03 12:50:00,2023-10-03 10:00:00--2023-10-03 14:00:00,LONG,1,99.24,0.08833333333333333333333333333,99.27804337708275155915479844,99.35,99.1,99.11,99.28,99.26,MODELLED,CONDITIONAL_OPEN_SCENARIO,99.1,99.25,EXIT_ONLY_FROZEN_ENTRIES,C1_T10
VWAP_MR_USDRUBF,VWAP_MR_USDRUBF_001103,VWAP_MR,USDRUBF,2023-10-03 13:10:00,2023-10-03 13:20:00,2023-10-03 13:20:00,2023-10-03 13:25:00,2023-10-03 10:00:00--2023-10-03 14:00:00,LONG,1,99.2,0.06833333333333333333333333333,99.26700464472773989524656582,99.31,99.08,99.10,99.27,99.21,MODELLED,CONDITIONAL_OPEN_SCENARIO,99.08,99.2,EXIT_ONLY_FROZEN_ENTRIES,C1_T10
VWAP_MR_USDRUBF,VWAP_MR_USDRUBF_001107,VWAP_MR,USDRUBF,2023-10-03 17:35:00,2023-10-03 17:45:00,2023-10-03 17:45:00,2023-10-03 17:50:00,2023-10-03 14:05:00--2023-10-03 18:50:00,SHORT,-1,99.22,0.08416666666666666666666666667,99.16466246553761323355651831,99.26,99.05,99.34,99.16,99.20,MODELLED,CONDITIONAL_OPEN_SCENARIO,99.15,99.27,EXIT_ONLY_FROZEN_ENTRIES,C1_T10
VWAP_MR_USDRUBF,VWAP_MR_USDRUBF_001110,VWAP_MR,USDRUBF,2023-10-04 12:10:00,2023-10-04 12:20:00,2023-10-04 12:20:00,2023-10-04 12:25:00,2023-10-04 10:00:00--2023-10-04 14:00:00,SHORT,-1,99.35,0.06916666666666666666666666667,99.32474139765874423554451926,99.5,99.16,99.45,99.32,99.34,MODELLED,CONDITIONAL_OPEN_SCENARIO,99.33,99.5,EXIT_ONLY_FROZEN_ENTRIES,C1_T10
VWAP_MR_USDRUBF,VWAP_MR_USDRUBF_001112,VWAP_MR,USDRUBF,2023-10-04 15:10:00,2023-10-04 15:20:00,2023-10-04 15:20:00,2023-10-04 15:25:00,2023-10-04 14:05:00--2023-10-04 18:50:00,LONG,1,99.44,0.0825,99.51211143908749681134069459,99.66,99.31,99.32,99.52,99.46,MODELLED,CONDITIONAL_OPEN_SCENARIO,99.31,99.51,EXIT_ONLY_FROZEN_ENTRIES,C1_T10
VWAP_MR_USDRUBF,VWAP_MR_USDRUBF_001114,VWAP_MR,USDRUBF,2023-10-04 16:50:00,2023-10-04 17:00:00,2023-10-04 17:00:00,2023-10-04 17:05:00,2023-10-04 14:05:00--2023-10-04 18:50:00,SHORT,-1,99.5,0.08,99.49183563654151889446007093,99.69,99.31,99.62,99.49,99.48,MODELLED,CONDITIONAL_OPEN_SCENARIO,99.5,99.69,EXIT_ONLY_FROZEN_ENTRIES,C1_T10
VWAP_MR_USDRUBF,VWAP_MR_USDRUBF_001122,VWAP_MR,USDRUBF,2023-10-05 12:20:00,2023-10-05 12:30:00,2023-10-05 12:30:00,2023-10-05 12:35:00,2023-10-05 10:00:00--2023-10-05 14:00:00,SHORT,-1,99.69,0.07166666666666666666666666667,99.62901431375365024654124185,99.87,99.45,99.79,99.62,99.68,MODELLED,CONDITIONAL_OPEN_SCENARIO,99.65,99.87,EXIT_ONLY_FROZEN_ENTRIES,C1_T10
VWAP_MR_USDRUBF,VWAP_MR_USDRUBF_001125,VWAP_MR,USDRUBF,2023-10-05 15:45:00,2023-10-05 15:55:00,2023-10-05 15:55:00,2023-10-05 16:00:00,2023-10-05 14:05:00--2023-10-05 18:50:00,SHORT,-1,99.73,0.05916666666666666666666666667,99.71009743649228627769400300,99.87,99.6,99.81,99.71,99.72,MODELLED,CONDITIONAL_OPEN_SCENARIO,99.73,99.88,EXIT_ONLY_FROZEN_ENTRIES,C1_T10
VWAP_MR_USDRUBF,VWAP_MR_USDRUBF_001129,VWAP_MR,USDRUBF,2023-10-06 15:30:00,2023-10-06 15:40:00,2023-10-06 15:40:00,2023-10-06 15:45:00,2023-10-06 14:05:00--2023-10-06 18:50:00,LONG,1,99.97,0.1675,100.0771298582838327882711518,100.49,99.64,99.72,100.08,100.01,MODELLED,CONDITIONAL_OPEN_SCENARIO,99.64,100.11,EXIT_ONLY_FROZEN_ENTRIES,C1_T10
VWAP_MR_USDRUBF,VWAP_MR_USDRUBF_001131,VWAP_MR,USDRUBF,2023-10-06 17:25:00,2023-10-06 17:35:00,2023-10-06 17:35:00,2023-10-06 17:40:00,2023-10-06 14:05:00--2023-10-06 18:50:00,SHORT,-1,100.25,0.105,100.1647282083522522207863272,100.58,100.26,100.40,100.16,100.23,MODELLED,CONDITIONAL_OPEN_SCENARIO,100.25,100.46,EXIT_ONLY_FROZEN_ENTRIES,C1_T10
VWAP_MR_USDRUBF,VWAP_MR_USDRUBF_001136,VWAP_MR,USDRUBF,2023-10-10 16:10:00,2023-10-10 16:20:00,2023-10-10 16:20:00,2023-10-10 16:25:00,2023-10-10 14:05:00--2023-10-10 18:50:00,SHORT,-1,99.75,0.105,99.66082541478129713423831069,99.83,99.55,99.90,99.66,99.73,MODELLED,CONDITIONAL_OPEN_SCENARIO,99.74,99.83,EXIT_ONLY_FROZEN_ENTRIES,C1_T10
VWAP_MR_USDRUBF,VWAP_MR_USDRUBF_001139,VWAP_MR,USDRUBF,2023-10-11 11:15:00,2023-10-11 11:25:00,2023-10-11 11:25:00,2023-10-11 11:30:00,2023-10-11 10:00:00--2023-10-11 14:00:00,LONG,1,99.87,0.2875,100.1171963858623438745681637,100.72,99.54,99.44,100.12,99.94,MODELLED,CONDITIONAL_OPEN_SCENARIO,99.79,99.98,EXIT_ONLY_FROZEN_ENTRIES,C1_T10
VWAP_MR_USDRUBF,VWAP_MR_USDRUBF_001146,VWAP_MR,USDRUBF,2023-10-12 11:40:00,2023-10-12 11:50:00,2023-10-12 11:50:00,2023-10-12 11:55:00,2023-10-12 10:00:00--2023-10-12 14:00:00,SHORT,-1,97.04,0.11,96.94136128972136799925449634,97.24,96.8,97.20,96.94,97.02,MODELLED,CONDITIONAL_OPEN_SCENARIO,97.02,97.15,EXIT_ONLY_FROZEN_ENTRIES,C1_T10
VWAP_MR_USDRUBF,VWAP_MR_USDRUBF_001152,VWAP_MR,USDRUBF,2023-10-13 12:45:00,2023-10-13 12:55:00,2023-10-13 12:55:00,2023-10-13 13:00:00,2023-10-13 10:00:00--2023-10-13 14:00:00,LONG,1,97.19,0.1141666666666666666666666667,97.28574780790114929296417821,97.49,96.89,97.02,97.29,97.21,MODELLED,CONDITIONAL_OPEN_SCENARIO,96.95,97.19,EXIT_ONLY_FROZEN_ENTRIES,C1_T10
VWAP_MR_USDRUBF,VWAP_MR_USDRUBF_001154,VWAP_MR,USDRUBF,2023-10-13 15:50:00,2023-10-13 16:00:00,2023-10-13 16:00:00,2023-10-13 16:05:00,2023-10-13 14:05:00--2023-10-13 18:50:00,SHORT,-1,97.23,0.09416666666666666666666666667,97.20925187677970489257054097,97.31,97.05,97.37,97.20,97.21,MODELLED,CONDITIONAL_OPEN_SCENARIO,97.2,97.33,EXIT_ONLY_FROZEN_ENTRIES,C1_T10
VWAP_MR_USDRUBF,VWAP_MR_USDRUBF_001156,VWAP_MR,USDRUBF,2023-10-13 16:45:00,2023-10-13 16:55:00,2023-10-13 16:55:00,2023-10-13 17:00:00,2023-10-13 14:05:00--2023-10-13 18:50:00,LONG,1,97.18,0.1383333333333333333333333333,97.20392877632980903204655348,97.39,96.88,96.98,97.21,97.21,MODELLED,CONDITIONAL_OPEN_SCENARIO,96.97,97.2,EXIT_ONLY_FROZEN_ENTRIES,C1_T10
VWAP_MR_USDRUBF,VWAP_MR_USDRUBF_001160,VWAP_MR,USDRUBF,2023-10-16 12:00:00,2023-10-16 12:10:00,2023-10-16 12:10:00,2023-10-16 12:15:00,2023-10-16 10:00:00--2023-10-16 14:00:00,LONG,1,97.33,0.07166666666666666666666666667,97.36085023866348448687350838,97.49,97.15,97.23,97.37,97.34,MODELLED,CONDITIONAL_OPEN_SCENARIO,97.19,97.38,EXIT_ONLY_FROZEN_ENTRIES,C1_T10
VWAP_MR_USDRUBF,VWAP_MR_USDRUBF_001161,VWAP_MR,USDRUBF,2023-10-16 12:45:00,2023-10-16 12:55:00,2023-10-16 12:55:00,2023-10-16 13:00:00,2023-10-16 10:00:00--2023-10-16 14:00:00,LONG,1,97.34,0.05416666666666666666666666667,97.35899825433060292735329666,97.4,97.19,97.26,97.36,97.35,MODELLED,CONDITIONAL_OPEN_SCENARIO,97.29,97.37,EXIT_ONLY_FROZEN_ENTRIES,C1_T10
VWAP_MR_USDRUBF,VWAP_MR_USDRUBF_001163,VWAP_MR,USDRUBF,2023-10-16 15:50:00,2023-10-16 16:00:00,2023-10-16 16:00:00,2023-10-16 16:05:00,2023-10-16 14:05:00--2023-10-16 18:50:00,SHORT,-1,97.16,0.09333333333333333333333333333,97.07097372586261475150364036,97.22,96.92,97.30,97.07,97.14,MODELLED,CONDITIONAL_OPEN_SCENARIO,97.1,97.22,EXIT_ONLY_FROZEN_ENTRIES,C1_T10
VWAP_MR_USDRUBF,VWAP_MR_USDRUBF_001166,VWAP_MR,USDRUBF,2023-10-17 11:05:00,2023-10-17 11:15:00,2023-10-17 11:15:00,2023-10-17 11:20:00,2023-10-17 10:00:00--2023-10-17 14:00:00,SHORT,-1,97.33,0.04916666666666666666666666667,97.28364193867457962413452030,97.36,97.21,97.40,97.28,97.32,MODELLED,CONDITIONAL_OPEN_SCENARIO,97.31,97.38,EXIT_ONLY_FROZEN_ENTRIES,C1_T10
VWAP_MR_USDRUBF,VWAP_MR_USDRUBF_001170,VWAP_MR,USDRUBF,2023-10-17 15:25:00,2023-10-17 15:35:00,2023-10-17 15:35:00,2023-10-17 15:40:00,2023-10-17 14:05:00--2023-10-17 18:50:00,SHORT,-1,97.36,0.0425,97.32124339556181754138781261,97.39,97.25,97.42,97.32,97.35,MODELLED,CONDITIONAL_OPEN_SCENARIO,97.31,97.39,EXIT_ONLY_FROZEN_ENTRIES,C1_T10
VWAP_MR_USDRUBF,VWAP_MR_USDRUBF_001172,VWAP_MR,USDRUBF,2023-10-17 16:05:00,2023-10-17 16:15:00,2023-10-17 16:15:00,2023-10-17 16:20:00,2023-10-17 14:05:00--2023-10-17 18:50:00,SHORT,-1,97.44,0.0575,97.38453546453546453546453546,97.5,97.26,97.52,97.38,97.43,MODELLED,CONDITIONAL_OPEN_SCENARIO,97.4,97.5,EXIT_ONLY_FROZEN_ENTRIES,C1_T10
VWAP_MR_USDRUBF,VWAP_MR_USDRUBF_001173,VWAP_MR,USDRUBF,2023-10-17 16:25:00,2023-10-17 16:35:00,2023-10-17 16:35:00,2023-10-17 16:40:00,2023-10-17 14:05:00--2023-10-17 18:50:00,SHORT,-1,97.45,0.05916666666666666666666666667,97.41382474520704155085168555,97.51,97.31,97.53,97.41,97.44,MODELLED,CONDITIONAL_OPEN_SCENARIO,97.41,97.56,EXIT_ONLY_FROZEN_ENTRIES,C1_T10
VWAP_MR_USDRUBF,VWAP_MR_USDRUBF_001177,VWAP_MR,USDRUBF,2023-10-18 11:05:00,2023-10-18 11:15:00,2023-10-18 11:15:00,2023-10-18 11:20:00,2023-10-18 10:00:00--2023-10-18 14:00:00,LONG,1,97.56,0.07916666666666666666666666667,97.61068236714975845410628021,97.73,97.5,97.45,97.62,97.57,MODELLED,CONDITIONAL_OPEN_SCENARIO,97.5,97.59,EXIT_ONLY_FROZEN_ENTRIES,C1_T10
VWAP_MR_USDRUBF,VWAP_MR_USDRUBF_001179,VWAP_MR,USDRUBF,2023-10-19 11:55:00,2023-10-19 12:05:00,2023-10-19 12:05:00,2023-10-19 12:10:00,2023-10-19 10:00:00--2023-10-19 14:00:00,LONG,1,97.39,0.05166666666666666666666666667,97.42728844660879384571952856,97.54,97.27,97.32,97.43,97.40,MODELLED,CONDITIONAL_OPEN_SCENARIO,97.32,97.39,EXIT_ONLY_FROZEN_ENTRIES,C1_T10
VWAP_MR_USDRUBF,VWAP_MR_USDRUBF_001181,VWAP_MR,USDRUBF,2023-10-19 15:20:00,2023-10-19 15:30:00,2023-10-19 15:30:00,2023-10-19 15:35:00,2023-10-19 14:05:00--2023-10-19 18:50:00,SHORT,-1,97.16,0.06666666666666666666666666667,97.12130616069337081283672991,97.22,97.04,97.26,97.12,97.15,MODELLED,CONDITIONAL_OPEN_SCENARIO,97.12,97.2,EXIT_ONLY_FROZEN_ENTRIES,C1_T10
VWAP_MR_USDRUBF,VWAP_MR_USDRUBF_001186,VWAP_MR,USDRUBF,2023-10-20 11:45:00,2023-10-20 11:55:00,2023-10-20 11:55:00,2023-10-20 12:00:00,2023-10-20 10:00:00--2023-10-20 14:00:00,LONG,1,96.15,0.1233333333333333333333333333,96.23902776985801448366311228,96.37,95.81,95.97,96.24,96.18,MODELLED,CONDITIONAL_OPEN_SCENARIO,95.96,96.19,EXIT_ONLY_FROZEN_ENTRIES,C1_T10
VWAP_MR_USDRUBF,VWAP_MR_USDRUBF_001187,VWAP_MR,USDRUBF,2023-10-20 12:25:00,2023-10-20 12:35:00,2023-10-20 12:35:00,2023-10-20 12:40:00,2023-10-20 10:00:00--2023-10-20 14:00:00,LONG,1,96.09,0.1108333333333333333333333333,96.18882260101010101010101012,96.22,95.89,95.93,96.19,96.11,MODELLED,CONDITIONAL_OPEN_SCENARIO,95.89,96.11,EXIT_ONLY_FROZEN_ENTRIES,C1_T10
VWAP_MR_USDRUBF,VWAP_MR_USDRUBF_001189,VWAP_MR,USDRUBF,2023-10-20 15:40:00,2023-10-20 15:50:00,2023-10-20 15:50:00,2023-10-20 15:55:00,2023-10-20 14:05:00--2023-10-20 18:50:00,SHORT,-1,95.61,0.1016666666666666666666666667,95.55605599782268490168061511,95.79,95.39,95.76,95.55,95.59,MODELLED,CONDITIONAL_OPEN_SCENARIO,95.53,95.79,EXIT_ONLY_FROZEN_ENTRIES,C1_T10
VWAP_MR_USDRUBF,VWAP_MR_USDRUBF_001190,VWAP_MR,USDRUBF,2023-10-20 16:00:00,2023-10-20 16:10:00,2023-10-20 16:10:00,2023-10-20 16:15:00,2023-10-20 14:05:00--2023-10-20 18:50:00,SHORT,-1,95.66,0.1308333333333333333333333333,95.59109574291866821268842140,95.87,95.41,95.85,95.59,95.63,MODELLED,CONDITIONAL_OPEN_SCENARIO,95.61,95.87,EXIT_ONLY_FROZEN_ENTRIES,C1_T10
VWAP_MR_USDRUBF,VWAP_MR_USDRUBF_001197,VWAP_MR,USDRUBF,2023-10-23 16:45:00,2023-10-23 16:55:00,2023-10-23 16:55:00,2023-10-23 17:00:00,2023-10-23 14:05:00--2023-10-23 18:50:00,LONG,1,94.53,0.095,94.59993692810457516339869281,94.72,94.39,94.39,94.60,94.55,MODELLED,CONDITIONAL_OPEN_SCENARIO,94.42,94.55,EXIT_ONLY_FROZEN_ENTRIES,C1_T10
VWAP_MR_USDRUBF,VWAP_MR_USDRUBF_001198,VWAP_MR,USDRUBF,2023-10-23 17:20:00,2023-10-23 17:30:00,2023-10-23 17:30:00,2023-10-23 17:35:00,2023-10-23 14:05:00--2023-10-23 18:50:00,LONG,1,94.53,0.08083333333333333333333333333,94.57929123038447797290241026,94.58,94.35,94.41,94.58,94.55,MODELLED,CONDITIONAL_OPEN_SCENARIO,94.35,94.54,EXIT_ONLY_FROZEN_ENTRIES,C1_T10
VWAP_MR_USDRUBF,VWAP_MR_USDRUBF_001199,VWAP_MR,USDRUBF,2023-10-24 11:10:00,2023-10-24 11:20:00,2023-10-24 11:20:00,2023-10-24 11:25:00,2023-10-24 10:00:00--2023-10-24 14:00:00,LONG,1,93.51,0.1266666666666666666666666667,93.63095585914603904594436177,93.91,93.4,93.32,93.64,93.54,MODELLED,CONDITIONAL_OPEN_SCENARIO,93.4,93.55,EXIT_ONLY_FROZEN_ENTRIES,C1_T10
VWAP_MR_USDRUBF,VWAP_MR_USDRUBF_001201,VWAP_MR,USDRUBF,2023-10-24 12:15:00,2023-10-24 12:25:00,2023-10-24 12:25:00,2023-10-24 12:30:00,2023-10-24 10:00:00--2023-10-24 14:00:00,SHORT,-1,93.67,0.11,93.59493256391330604576259813,93.76,93.32,93.83,93.59,93.65,MODELLED,CONDITIONAL_OPEN_SCENARIO,93.59,93.76,EXIT_ONLY_FROZEN_ENTRIES,C1_T10
VWAP_MR_USDRUBF,VWAP_MR_USDRUBF_001205,VWAP_MR,USDRUBF,2023-10-24 17:00:00,2023-10-24 17:10:00,2023-10-24 17:10:00,2023-10-24 17:15:00,2023-10-24 14:05:00--2023-10-24 18:50:00,LONG,1,93.49,0.06416666666666666666666666667,93.55199068352504990968723262,93.61,93.43,93.40,93.56,93.50,MODELLED,CONDITIONAL_OPEN_SCENARIO,93.43,93.57,EXIT_ONLY_FROZEN_ENTRIES,C1_T10
VWAP_MR_USDRUBF,VWAP_MR_USDRUBF_001208,VWAP_MR,USDRUBF,2023-10-25 11:50:00,2023-10-25 12:00:00,2023-10-25 12:00:00,2023-10-25 12:05:00,2023-10-25 10:00:00--2023-10-25 14:00:00,LONG,1,93.22,0.065,93.27525042920056729118459357,93.19,93.02,93.13,93.28,93.23,MODELLED,CONDITIONAL_OPEN_SCENARIO,93.11,93.22,EXIT_ONLY_FROZEN_ENTRIES,C1_T10
VWAP_MR_USDRUBF,VWAP_MR_USDRUBF_001209,VWAP_MR,USDRUBF,2023-10-25 12:35:00,2023-10-25 12:45:00,2023-10-25 12:45:00,2023-10-25 12:50:00,2023-10-25 10:00:00--2023-10-25 14:00:00,LONG,1,93.21,0.05916666666666666666666666667,93.26223852196039384887708822,93.24,93.06,93.13,93.27,93.22,MODELLED,CONDITIONAL_OPEN_SCENARIO,93.06,93.21,EXIT_ONLY_FROZEN_ENTRIES,C1_T10
VWAP_MR_USDRUBF,VWAP_MR_USDRUBF_001212,VWAP_MR,USDRUBF,2023-10-25 15:40:00,2023-10-25 15:50:00,2023-10-25 15:50:00,2023-10-25 15:55:00,2023-10-25 14:05:00--2023-10-25 18:50:00,LONG,1,93.27,0.04083333333333333333333333333,93.29843744406658313943082155,93.35,93.18,93.21,93.30,93.28,MODELLED,CONDITIONAL_OPEN_SCENARIO,93.2,93.27,EXIT_ONLY_FROZEN_ENTRIES,C1_T10
VWAP_MR_USDRUBF,VWAP_MR_USDRUBF_001213,VWAP_MR,USDRUBF,2023-10-25 16:05:00,2023-10-25 16:15:00,2023-10-25 16:15:00,2023-10-25 16:20:00,2023-10-25 14:05:00--2023-10-25 18:50:00,SHORT,-1,93.35,0.0525,93.30418381912787217387300272,93.4,93.18,93.42,93.30,93.34,MODELLED,CONDITIONAL_OPEN_SCENARIO,93.27,93.4,EXIT_ONLY_FROZEN_ENTRIES,C1_T10
VWAP_MR_USDRUBF,VWAP_MR_USDRUBF_001217,VWAP_MR,USDRUBF,2023-10-25 17:55:00,2023-10-25 18:05:00,2023-10-25 18:05:00,2023-10-25 18:10:00,2023-10-25 14:05:00--2023-10-25 18:50:00,SHORT,-1,93.36,0.08416666666666666666666666667,93.27639122115604295179346590,93.37,93.06,93.48,93.27,93.34,MODELLED,CONDITIONAL_OPEN_SCENARIO,93.22,93.41,EXIT_ONLY_FROZEN_ENTRIES,C1_T10
VWAP_MR_USDRUBF,VWAP_MR_USDRUBF_001220,VWAP_MR,USDRUBF,2023-10-26 11:20:00,2023-10-26 11:30:00,2023-10-26 11:30:00,2023-10-26 11:35:00,2023-10-26 10:00:00--2023-10-26 14:00:00,LONG,1,93.65,0.09083333333333333333333333333,93.73966512636202863825660337,93.91,93.46,93.52,93.74,93.67,MODELLED,CONDITIONAL_OPEN_SCENARIO,93.55,93.7,EXIT_ONLY_FROZEN_ENTRIES,C1_T10
VWAP_MR_USDRUBF,VWAP_MR_USDRUBF_001221,VWAP_MR,USDRUBF,2023-10-26 12:50:00,2023-10-26 13:00:00,2023-10-26 13:00:00,2023-10-26 13:05:00,2023-10-26 10:00:00--2023-10-26 14:00:00,LONG,1,93.66,0.05083333333333333333333333333,93.70968323320589841616602949,93.66,93.5,93.59,93.71,93.67,MODELLED,CONDITIONAL_OPEN_SCENARIO,93.6,93.67,EXIT_ONLY_FROZEN_ENTRIES,C1_T10
VWAP_MR_USDRUBF,VWAP_MR_USDRUBF_001230,VWAP_MR,USDRUBF,2023-11-01 12:10:00,2023-11-01 12:20:00,2023-11-01 12:20:00,2023-11-01 12:25:00,2023-11-01 10:00:00--2023-11-01 14:00:00,LONG,1,93.38,0.1183333333333333333333333333,93.46003134209664592786639851,93.71,93.02,93.21,93.47,93.40,MODELLED,CONDITIONAL_OPEN_SCENARIO,93.25,93.39,EXIT_ONLY_FROZEN_ENTRIES,C1_T10
VWAP_MR_USDRUBF,VWAP_MR_USDRUBF_001231,VWAP_MR,USDRUBF,2023-11-01 15:15:00,2023-11-01 15:25:00,2023-11-01 15:25:00,2023-11-01 15:30:00,2023-11-01 14:05:00--2023-11-01 18:50:00,SHORT,-1,93.4,0.1108333333333333333333333333,93.33243554327808471454880293,93.55,93.16,93.56,93.33,93.38,MODELLED,CONDITIONAL_OPEN_SCENARIO,93.36,93.55,EXIT_ONLY_FROZEN_ENTRIES,C1_T10
VWAP_MR_USDRUBF,VWAP_MR_USDRUBF_001233,VWAP_MR,USDRUBF,2023-11-01 16:35:00,2023-11-01 16:45:00,2023-11-01 16:45:00,2023-11-01 16:50:00,2023-11-01 14:05:00--2023-11-01 18:50:00,LONG,1,93.01,0.1191666666666666666666666667,93.12653388674314482811629290,93.4,92.73,92.84,93.13,93.03,MODELLED,CONDITIONAL_OPEN_SCENARIO,92.73,93.14,EXIT_ONLY_FROZEN_ENTRIES,C1_T10
VWAP_MR_USDRUBF,VWAP_MR_USDRUBF_001234,VWAP_MR,USDRUBF,2023-11-01 17:45:00,2023-11-01 17:55:00,2023-11-01 17:55:00,2023-11-01 18:00:00,2023-11-01 14:05:00--2023-11-01 18:50:00,LONG,1,92.97,0.1408333333333333333333333333,93.02397686998694273456444688,92.99,92.56,92.76,93.03,93.00,MODELLED,CONDITIONAL_OPEN_SCENARIO,92.66,93.01,EXIT_ONLY_FROZEN_ENTRIES,C1_T10
VWAP_MR_USDRUBF,VWAP_MR_USDRUBF_001238,VWAP_MR,USDRUBF,2023-11-02 12:05:00,2023-11-02 12:15:00,2023-11-02 12:15:00,2023-11-02 12:20:00,2023-11-02 10:00:00--2023-11-02 14:00:00,LONG,1,93.22,0.07833333333333333333333333333,93.29758777789196040146610490,93.44,93.11,93.11,93.30,93.23,MODELLED,CONDITIONAL_OPEN_SCENARIO,93.11,93.25,EXIT_ONLY_FROZEN_ENTRIES,C1_T10
VWAP_MR_USDRUBF,VWAP_MR_USDRUBF_001243,VWAP_MR,USDRUBF,2023-11-02 17:35:00,2023-11-02 17:45:00,2023-11-02 17:45:00,2023-11-02 17:50:00,2023-11-02 14:05:00--2023-11-02 18:50:00,SHORT,-1,93.22,0.06,93.19251598139442330174365100,93.33,93.18,93.31,93.19,93.21,MODELLED,CONDITIONAL_OPEN_SCENARIO,93.2,93.33,EXIT_ONLY_FROZEN_ENTRIES,C1_T10
VWAP_MR_USDRUBF,VWAP_MR_USDRUBF_001247,VWAP_MR,USDRUBF,2023-11-03 11:55:00,2023-11-03 12:05:00,2023-11-03 12:05:00,2023-11-03 12:10:00,2023-11-03 10:00:00--2023-11-03 14:00:00,LONG,1,92.97,0.1608333333333333333333333333,93.07213252228723814561362914,93.18,92.44,92.73,93.08,93.01,MODELLED,CONDITIONAL_OPEN_SCENARIO,92.85,92.97,EXIT_ONLY_FROZEN_ENTRIES,C1_T10
VWAP_MR_USDRUBF,VWAP_MR_USDRUBF_001249,VWAP_MR,USDRUBF,2023-11-03 15:55:00,2023-11-03 16:05:00,2023-11-03 16:05:00,2023-11-03 16:10:00,2023-11-03 14:05:00--2023-11-03 18:50:00,LONG,1,92.84,0.09166666666666666666666666667,92.87238747083847948401262521,93.06,92.63,92.71,92.88,92.86,MODELLED,CONDITIONAL_OPEN_SCENARIO,92.63,92.84,EXIT_ONLY_FROZEN_ENTRIES,C1_T10
VWAP_MR_USDRUBF,VWAP_MR_USDRUBF_001252,VWAP_MR,USDRUBF,2023-11-06 11:40:00,2023-11-06 11:50:00,2023-11-06 11:50:00,2023-11-06 11:55:00,2023-11-06 10:00:00--2023-11-06 14:00:00,LONG,1,92.35,0.08416666666666666666666666667,92.40326919097868818539209600,92.39,92.16,92.23,92.41,92.37,MODELLED,CONDITIONAL_OPEN_SCENARIO,92.16,92.35,EXIT_ONLY_FROZEN_ENTRIES,C1_T10
VWAP_MR_USDRUBF,VWAP_MR_USDRUBF_001253,VWAP_MR,USDRUBF,2023-11-06 12:35:00,2023-11-06 12:45:00,2023-11-06 12:45:00,2023-11-06 12:50:00,2023-11-06 10:00:00--2023-11-06 14:00:00,SHORT,-1,92.49,0.08166666666666666666666666667,92.41166958041958041958041958,92.58,92.16,92.61,92.41,92.47,MODELLED,CONDITIONAL_OPEN_SCENARIO,92.47,92.58,EXIT_ONLY_FROZEN_ENTRIES,C1_T10
VWAP_MR_USDRUBF,VWAP_MR_USDRUBF_001255,VWAP_MR,USDRUBF,2023-11-06 15:35:00,2023-11-06 15:45:00,2023-11-06 15:45:00,2023-11-06 15:50:00,2023-11-06 14:05:00--2023-11-06 18:50:00,SHORT,-1,92.5,0.05,92.47201807228915662650602416,92.55,92.37,92.57,92.47,92.49,MODELLED,CONDITIONAL_OPEN_SCENARIO,92.48,92.56,EXIT_ONLY_FROZEN_ENTRIES,C1_T10
VWAP_MR_USDRUBF,VWAP_MR_USDRUBF_001260,VWAP_MR,USDRUBF,2023-11-07 12:30:00,2023-11-07 12:40:00,2023-11-07 12:40:00,2023-11-07 12:45:00,2023-11-07 10:00:00--2023-11-07 14:00:00,SHORT,-1,92.62,0.1025,92.54075054972696218040781222,92.83,92.42,92.77,92.54,92.60,MODELLED,CONDITIONAL_OPEN_SCENARIO,92.55,92.75,EXIT_ONLY_FROZEN_ENTRIES,C1_T10
VWAP_MR_USDRUBF,VWAP_MR_USDRUBF_001263,VWAP_MR,USDRUBF,2023-11-07 16:35:00,2023-11-07 16:45:00,2023-11-07 16:45:00,2023-11-07 16:50:00,2023-11-07 14:05:00--2023-11-07 18:50:00,LONG,1,92.53,0.06333333333333333333333333333,92.54547474044428977437503626,92.65,92.46,92.44,92.55,92.54,MODELLED,CONDITIONAL_OPEN_SCENARIO,92.44,92.55,EXIT_ONLY_FROZEN_ENTRIES,C1_T10
VWAP_MR_USDRUBF,VWAP_MR_USDRUBF_001264,VWAP_MR,USDRUBF,2023-11-08 15:20:00,2023-11-08 15:30:00,2023-11-08 15:30:00,2023-11-08 15:35:00,2023-11-08 14:05:00--2023-11-08 18:50:00,SHORT,-1,92.16,0.0825,92.10447633023533887711288660,92.28,91.93,92.28,92.10,92.14,MODELLED,CONDITIONAL_OPEN_SCENARIO,92.1,92.25,EXIT_ONLY_FROZEN_ENTRIES,C1_T10
VWAP_MR_USDRUBF,VWAP_MR_USDRUBF_001265,VWAP_MR,USDRUBF,2023-11-08 16:45:00,2023-11-08 16:55:00,2023-11-08 16:55:00,2023-11-08 17:00:00,2023-11-08 14:05:00--2023-11-08 18:50:00,LONG,1,92.1,0.1058333333333333333333333333,92.13053722438391699092088202,92.36,91.91,91.95,92.14,92.12,MODELLED,CONDITIONAL_OPEN_SCENARIO,91.91,92.12,EXIT_ONLY_FROZEN_ENTRIES,C1_T10
VWAP_MR_USDRUBF,VWAP_MR_USDRUBF_001270,VWAP_MR,USDRUBF,2023-11-09 11:10:00,2023-11-09 11:20:00,2023-11-09 11:20:00,2023-11-09 11:25:00,2023-11-09 10:00:00--2023-11-09 14:00:00,LONG,1,91.93,0.07333333333333333333333333333,91.98878458665761330843659818,92.1,91.87,91.82,91.99,91.94,MODELLED,CONDITIONAL_OPEN_SCENARIO,91.89,91.97,EXIT_ONLY_FROZEN_ENTRIES,C1_T10
VWAP_MR_USDRUBF,VWAP_MR_USDRUBF_001274,VWAP_MR,USDRUBF,2023-11-09 17:30:00,2023-11-09 17:40:00,2023-11-09 17:40:00,2023-11-09 17:45:00,2023-11-09 14:05:00--2023-11-09 18:50:00,LONG,1,92.13,0.055,92.17888543897216274089935759,92.15,92,92.05,92.18,92.14,MODELLED,CONDITIONAL_OPEN_SCENARIO,92.04,92.15,EXIT_ONLY_FROZEN_ENTRIES,C1_T10
VWAP_MR_USDRUBF,VWAP_MR_USDRUBF_001275,VWAP_MR,USDRUBF,2023-11-09 17:50:00,2023-11-09 18:00:00,2023-11-09 18:00:00,2023-11-09 18:05:00,2023-11-09 14:05:00--2023-11-09 18:50:00,LONG,1,92.14,0.0575,92.17022770945426594926979246,92.15,92,92.06,92.18,92.15,MODELLED,CONDITIONAL_OPEN_SCENARIO,92.05,92.14,EXIT_ONLY_FROZEN_ENTRIES,C1_T10
VWAP_MR_USDRUBF,VWAP_MR_USDRUBF_001278,VWAP_MR,USDRUBF,2023-11-10 12:10:00,2023-11-10 12:20:00,2023-11-10 12:20:00,2023-11-10 12:25:00,2023-11-10 10:00:00--2023-11-10 14:00:00,LONG,1,92.15,0.0375,92.18084694875017455662616952,92.23,92.11,92.10,92.19,92.15,MODELLED,CONDITIONAL_OPEN_SCENARIO,92.11,92.19,EXIT_ONLY_FROZEN_ENTRIES,C1_T10
VWAP_MR_USDRUBF,VWAP_MR_USDRUBF_001279,VWAP_MR,USDRUBF,2023-11-10 12:50:00,2023-11-10 13:00:00,2023-11-10 13:00:00,2023-11-10 13:05:00,2023-11-10 10:00:00--2023-11-10 14:00:00,LONG,1,92.14,0.02833333333333333333333333333,92.16685920776784729118393467,92.19,92.08,92.10,92.17,92.14,MODELLED,CONDITIONAL_OPEN_SCENARIO,92.08,92.15,EXIT_ONLY_FROZEN_ENTRIES,C1_T10
VWAP_MR_USDRUBF,VWAP_MR_USDRUBF_001283,VWAP_MR,USDRUBF,2023-11-10 16:50:00,2023-11-10 17:00:00,2023-11-10 17:00:00,2023-11-10 17:05:00,2023-11-10 14:05:00--2023-11-10 18:50:00,SHORT,-1,92.39,0.06833333333333333333333333333,92.36031108112287212358902994,92.53,92.05,92.49,92.36,92.38,MODELLED,CONDITIONAL_OPEN_SCENARIO,92.38,92.53,EXIT_ONLY_FROZEN_ENTRIES,C1_T10
VWAP_MR_USDRUBF,VWAP_MR_USDRUBF_001286,VWAP_MR,USDRUBF,2023-11-13 11:30:00,2023-11-13 11:40:00,2023-11-13 11:40:00,2023-11-13 11:45:00,2023-11-13 10:00:00--2023-11-13 14:00:00,LONG,1,92.39,0.03916666666666666666666666667,92.42342348589921405455386036,92.43,92.35,92.34,92.43,92.39,MODELLED,CONDITIONAL_OPEN_SCENARIO,92.36,92.4,EXIT_ONLY_FROZEN_ENTRIES,C1_T10
VWAP_MR_USDRUBF,VWAP_MR_USDRUBF_001287,VWAP_MR,USDRUBF,2023-11-13 16:00:00,2023-11-13 16:10:00,2023-11-13 16:10:00,2023-11-13 16:15:00,2023-11-13 14:05:00--2023-11-13 18:50:00,SHORT,-1,92.09,0.05583333333333333333333333333,92.06156178815489749430523917,92.18,91.9,92.17,92.06,92.08,MODELLED,CONDITIONAL_OPEN_SCENARIO,92.08,92.18,EXIT_ONLY_FROZEN_ENTRIES,C1_T10
VWAP_MR_USDRUBF,VWAP_MR_USDRUBF_001288,VWAP_MR,USDRUBF,2023-11-13 16:30:00,2023-11-13 16:40:00,2023-11-13 16:40:00,2023-11-13 16:45:00,2023-11-13 14:05:00--2023-11-13 18:50:00,LONG,1,92.02,0.04916666666666666666666666667,92.05985120892746435213887166,92.18,92,91.95,92.06,92.03,MODELLED,CONDITIONAL_OPEN_SCENARIO,92,92.1,EXIT_ONLY_FROZEN_ENTRIES,C1_T10
VWAP_MR_USDRUBF,VWAP_MR_USDRUBF_001293,VWAP_MR,USDRUBF,2023-11-14 13:05:00,2023-11-14 13:15:00,2023-11-14 13:15:00,2023-11-14 13:20:00,2023-11-14 10:00:00--2023-11-14 14:00:00,LONG,1,91.52,0.02416666666666666666666666667,91.54387319111776447105788423,91.59,91.5,91.49,91.55,91.52,MODELLED,CONDITIONAL_OPEN_SCENARIO,91.5,91.53,EXIT_ONLY_FROZEN_ENTRIES,C1_T10
VWAP_MR_USDRUBF,VWAP_MR_USDRUBF_001294,VWAP_MR,USDRUBF,2023-11-14 15:40:00,2023-11-14 15:50:00,2023-11-14 15:50:00,2023-11-14 15:55:00,2023-11-14 14:05:00--2023-11-14 18:50:00,LONG,1,90.98,0.075,91.04144985614467735306206330,91.09,90.87,90.87,91.05,90.99,MODELLED,CONDITIONAL_OPEN_SCENARIO,90.92,91.03,EXIT_ONLY_FROZEN_ENTRIES,C1_T10
VWAP_MR_USDRUBF,VWAP_MR_USDRUBF_001298,VWAP_MR,USDRUBF,2023-11-14 17:10:00,2023-11-14 17:20:00,2023-11-14 17:20:00,2023-11-14 17:25:00,2023-11-14 14:05:00--2023-11-14 18:50:00,LONG,1,90.87,0.1225,90.91469267543759643082442178,91.01,90.55,90.69,90.92,90.90,MODELLED,CONDITIONAL_OPEN_SCENARIO,90.7,90.89,EXIT_ONLY_FROZEN_ENTRIES,C1_T10
VWAP_MR_USDRUBF,VWAP_MR_USDRUBF_001299,VWAP_MR,USDRUBF,2023-11-15 16:00:00,2023-11-15 16:10:00,2023-11-15 16:10:00,2023-11-15 16:15:00,2023-11-15 14:05:00--2023-11-15 18:50:00,SHORT,-1,89.4,0.08166666666666666666666666667,89.35986378006190310674148011,89.64,89.37,89.52,89.35,89.38,MODELLED,CONDITIONAL_OPEN_SCENARIO,89.4,89.61,EXIT_ONLY_FROZEN_ENTRIES,C1_T10
VWAP_MR_USDRUBF,VWAP_MR_USDRUBF_001302,VWAP_MR,USDRUBF,2023-11-16 11:40:00,2023-11-16 11:50:00,2023-11-16 11:50:00,2023-11-16 11:55:00,2023-11-16 10:00:00--2023-11-16 14:00:00,LONG,1,89.01,0.1108333333333333333333333333,89.09873804128902316213494461,89.36,88.82,88.85,89.10,89.03,MODELLED,CONDITIONAL_OPEN_SCENARIO,88.87,89.01,EXIT_ONLY_FROZEN_ENTRIES,C1_T10
VWAP_MR_USDRUBF,VWAP_MR_USDRUBF_001304,VWAP_MR,USDRUBF,2023-11-16 12:25:00,2023-11-16 12:35:00,2023-11-16 12:35:00,2023-11-16 12:40:00,2023-11-16 10:00:00--2023-11-16 14:00:00,LONG,1,89.03,0.1033333333333333333333333333,89.05814917731858064298826176,89.04,88.74,88.88,89.06,89.05,MODELLED,CONDITIONAL_OPEN_SCENARIO,88.87,89.04,EXIT_ONLY_FROZEN_ENTRIES,C1_T10
VWAP_MR_USDRUBF,VWAP_MR_USDRUBF_001307,VWAP_MR,USDRUBF,2023-11-16 15:15:00,2023-11-16 15:25:00,2023-11-16 15:25:00,2023-11-16 15:30:00,2023-11-16 14:05:00--2023-11-16 18:50:00,SHORT,-1,89.2,0.06666666666666666666666666667,89.17479113924050632911392407,89.3,89.08,89.30,89.17,89.19,MODELLED,CONDITIONAL_OPEN_SCENARIO,89.15,89.29,EXIT_ONLY_FROZEN_ENTRIES,C1_T10
VWAP_MR_USDRUBF,VWAP_MR_USDRUBF_001309,VWAP_MR,USDRUBF,2023-11-16 16:35:00,2023-11-16 16:45:00,2023-11-16 16:45:00,2023-11-16 16:50:00,2023-11-16 14:05:00--2023-11-16 18:50:00,LONG,1,89.13,0.07083333333333333333333333333,89.14676654507556018759770723,89.31,88.96,89.03,89.15,89.14,MODELLED,CONDITIONAL_OPEN_SCENARIO,89.03,89.14,EXIT_ONLY_FROZEN_ENTRIES,C1_T10
VWAP_MR_USDRUBF,VWAP_MR_USDRUBF_001314,VWAP_MR,USDRUBF,2023-11-17 11:55:00,2023-11-17 12:05:00,2023-11-17 12:05:00,2023-11-17 12:10:00,2023-11-17 10:00:00--2023-11-17 14:00:00,LONG,1,89.23,0.04166666666666666666666666667,89.24679297794904731320916290,89.27,89.16,89.17,89.25,89.24,MODELLED,CONDITIONAL_OPEN_SCENARIO,89.2,89.24,EXIT_ONLY_FROZEN_ENTRIES,C1_T10
VWAP_MR_USDRUBF,VWAP_MR_USDRUBF_001321,VWAP_MR,USDRUBF,2023-11-20 16:00:00,2023-11-20 16:10:00,2023-11-20 16:10:00,2023-11-20 16:15:00,2023-11-20 14:05:00--2023-11-20 18:50:00,SHORT,-1,88.66,0.09083333333333333333333333333,88.57913219626869404291502021,88.73,88.5,88.79,88.57,88.64,MODELLED,CONDITIONAL_OPEN_SCENARIO,88.55,88.73,EXIT_ONLY_FROZEN_ENTRIES,C1_T10
VWAP_MR_USDRUBF,VWAP_MR_USDRUBF_001324,VWAP_MR,USDRUBF,2023-11-20 17:50:00,2023-11-20 18:00:00,2023-11-20 18:00:00,2023-11-20 18:05:00,2023-11-20 14:05:00--2023-11-20 18:50:00,LONG,1,88.5,0.08333333333333333333333333333,88.56834370496255383666974898,88.67,88.37,88.38,88.57,88.52,MODELLED,CONDITIONAL_OPEN_SCENARIO,88.45,88.57,EXIT_ONLY_FROZEN_ENTRIES,C1_T10
VWAP_MR_USDRUBF,VWAP_MR_USDRUBF_001325,VWAP_MR,USDRUBF,2023-11-21 12:15:00,2023-11-21 12:25:00,2023-11-21 12:25:00,2023-11-21 12:30:00,2023-11-21 10:00:00--2023-11-21 14:00:00,SHORT,-1,87.97,0.08083333333333333333333333333,87.96562205609748685689974779,88.25,87.84,88.09,87.96,87.95,MODELLED,CONDITIONAL_OPEN_SCENARIO,87.97,88.25,EXIT_ONLY_FROZEN_ENTRIES,C1_T10
VWAP_MR_USDRUBF,VWAP_MR_USDRUBF_001326,VWAP_MR,USDRUBF,2023-11-21 13:10:00,2023-11-21 13:20:00,2023-11-21 13:20:00,2023-11-21 13:25:00,2023-11-21 10:00:00--2023-11-21 14:00:00,SHORT,-1,88.06,0.0875,87.97837519613381033076005777,88.23,87.9,88.19,87.97,88.04,MODELLED,CONDITIONAL_OPEN_SCENARIO,88.06,88.15,EXIT_ONLY_FROZEN_ENTRIES,C1_T10
VWAP_MR_USDRUBF,VWAP_MR_USDRUBF_001330,VWAP_MR,USDRUBF,2023-11-21 17:00:00,2023-11-21 17:10:00,2023-11-21 17:10:00,2023-11-21 17:15:00,2023-11-21 14:05:00--2023-11-21 18:50:00,LONG,1,87.99,0.06333333333333333333333333333,88.00496716225472420323139530,88.13,87.79,87.90,88.01,88.00,MODELLED,CONDITIONAL_OPEN_SCENARIO,87.92,88,EXIT_ONLY_FROZEN_ENTRIES,C1_T10
VWAP_MR_USDRUBF,VWAP_MR_USDRUBF_001332,VWAP_MR,USDRUBF,2023-11-21 17:50:00,2023-11-21 18:00:00,2023-11-21 18:00:00,2023-11-21 18:05:00,2023-11-21 14:05:00--2023-11-21 18:50:00,LONG,1,87.98,0.04333333333333333333333333333,88.00246465802186625985252986,88,87.9,87.92,88.01,87.99,MODELLED,CONDITIONAL_OPEN_SCENARIO,87.91,87.99,EXIT_ONLY_FROZEN_ENTRIES,C1_T10
VWAP_MR_USDRUBF,VWAP_MR_USDRUBF_001333,VWAP_MR,USDRUBF,2023-11-22 11:10:00,2023-11-22 11:20:00,2023-11-22 11:20:00,2023-11-22 11:25:00,2023-11-22 10:00:00--2023-11-22 14:00:00,SHORT,-1,88.1,0.06166666666666666666666666667,88.05195677434348129212177548,88.13,87.95,88.19,88.05,88.09,MODELLED,CONDITIONAL_OPEN_SCENARIO,88.05,88.13,EXIT_ONLY_FROZEN_ENTRIES,C1_T10
VWAP_MR_USDRUBF,VWAP_MR_USDRUBF_001334,VWAP_MR,USDRUBF,2023-11-22 12:30:00,2023-11-22 12:40:00,2023-11-22 12:40:00,2023-11-22 12:45:00,2023-11-22 10:00:00--2023-11-22 14:00:00,SHORT,-1,88.25,0.08166666666666666666666666667,88.18985498726239466980207727,88.41,88.09,88.37,88.18,88.23,MODELLED,CONDITIONAL_OPEN_SCENARIO,88.25,88.35,EXIT_ONLY_FROZEN_ENTRIES,C1_T10
VWAP_MR_USDRUBF,VWAP_MR_USDRUBF_001336,VWAP_MR,USDRUBF,2023-11-22 16:00:00,2023-11-22 16:10:00,2023-11-22 16:10:00,2023-11-22 16:15:00,2023-11-22 14:05:00--2023-11-22 18:50:00,LONG,1,88.31,0.05083333333333333333333333333,88.33594024333898044047435700,88.39,88.23,88.24,88.34,88.32,MODELLED,CONDITIONAL_OPEN_SCENARIO,88.28,88.34,EXIT_ONLY_FROZEN_ENTRIES,C1_T10
VWAP_MR_USDRUBF,VWAP_MR_USDRUBF_001337,VWAP_MR,USDRUBF,2023-11-23 15:15:00,2023-11-23 15:25:00,2023-11-23 15:25:00,2023-11-23 15:30:00,2023-11-23 14:05:00--2023-11-23 18:50:00,SHORT,-1,88.34,0.0475,88.30534914498659143941768537,88.38,88.25,88.41,88.30,88.33,MODELLED,CONDITIONAL_OPEN_SCENARIO,88.31,88.39,EXIT_ONLY_FROZEN_ENTRIES,C1_T10
VWAP_MR_USDRUBF,VWAP_MR_USDRUBF_001346,VWAP_MR,USDRUBF,2023-11-24 16:25:00,2023-11-24 16:35:00,2023-11-24 16:35:00,2023-11-24 16:40:00,2023-11-24 14:05:00--2023-11-24 18:50:00,LONG,1,88.88,0.09916666666666666666666666667,88.93086737517989593711945093,89.12,88.68,88.74,88.94,88.90,MODELLED,CONDITIONAL_OPEN_SCENARIO,88.68,88.88,EXIT_ONLY_FROZEN_ENTRIES,C1_T10
VWAP_MR_USDRUBF,VWAP_MR_USDRUBF_001348,VWAP_MR,USDRUBF,2023-11-27 12:05:00,2023-11-27 12:15:00,2023-11-27 12:15:00,2023-11-27 12:20:00,2023-11-27 10:00:00--2023-11-27 14:00:00,SHORT,-1,88.78,0.06666666666666666666666666667,88.73518463591873053537001335,88.91,88.63,88.88,88.73,88.77,MODELLED,CONDITIONAL_OPEN_SCENARIO,88.77,88.91,EXIT_ONLY_FROZEN_ENTRIES,C1_T10
VWAP_MR_USDRUBF,VWAP_MR_USDRUBF_001349,VWAP_MR,USDRUBF,2023-11-27 12:25:00,2023-11-27 12:35:00,2023-11-27 12:35:00,2023-11-27 12:40:00,2023-11-27 10:00:00--2023-11-27 14:00:00,SHORT,-1,88.8,0.06,88.74372268627807033472550086,88.91,88.65,88.89,88.74,88.79,MODELLED,CONDITIONAL_OPEN_SCENARIO,88.8,88.89,EXIT_ONLY_FROZEN_ENTRIES,C1_T10
VWAP_MR_USDRUBF,VWAP_MR_USDRUBF_001351,VWAP_MR,USDRUBF,2023-11-27 15:25:00,2023-11-27 15:35:00,2023-11-27 15:35:00,2023-11-27 15:40:00,2023-11-27 14:05:00--2023-11-27 18:50:00,LONG,1,88.74,0.05833333333333333333333333333,88.75869528289559649810531817,88.84,88.6,88.66,88.76,88.75,MODELLED,CONDITIONAL_OPEN_SCENARIO,88.6,88.74,EXIT_ONLY_FROZEN_ENTRIES,C1_T10
VWAP_MR_USDRUBF,VWAP_MR_USDRUBF_001354,VWAP_MR,USDRUBF,2023-11-28 12:15:00,2023-11-28 12:25:00,2023-11-28 12:25:00,2023-11-28 12:30:00,2023-11-28 10:00:00--2023-11-28 14:00:00,LONG,1,88.71,0.02833333333333333333333333333,88.72916370198504769270430520,88.75,88.65,88.67,88.73,88.71,MODELLED,CONDITIONAL_OPEN_SCENARIO,88.7,88.73,EXIT_ONLY_FROZEN_ENTRIES,C1_T10
VWAP_MR_USDRUBF,VWAP_MR_USDRUBF_001356,VWAP_MR,USDRUBF,2023-11-28 12:55:00,2023-11-28 13:05:00,2023-11-28 13:05:00,2023-11-28 13:10:00,2023-11-28 10:00:00--2023-11-28 14:00:00,SHORT,-1,88.74,0.02666666666666666666666666667,88.73277060931899641577060930,88.78,88.7,88.78,88.73,88.74,MODELLED,CONDITIONAL_OPEN_SCENARIO,88.72,88.78,EXIT_ONLY_FROZEN_ENTRIES,C1_T10
VWAP_MR_USDRUBF,VWAP_MR_USDRUBF_001359,VWAP_MR,USDRUBF,2023-11-28 15:35:00,2023-11-28 15:45:00,2023-11-28 15:45:00,2023-11-28 15:50:00,2023-11-28 14:05:00--2023-11-28 18:50:00,SHORT,-1,88.74,0.04,88.71665438273229797315082917,88.8,88.65,88.80,88.71,88.73,MODELLED,CONDITIONAL_OPEN_SCENARIO,88.74,88.8,EXIT_ONLY_FROZEN_ENTRIES,C1_T10
VWAP_MR_USDRUBF,VWAP_MR_USDRUBF_001362,VWAP_MR,USDRUBF,2023-11-28 17:25:00,2023-11-28 17:35:00,2023-11-28 17:35:00,2023-11-28 17:40:00,2023-11-28 14:05:00--2023-11-28 18:50:00,SHORT,-1,89.06,0.1075,88.97199688020405151879255461,89.24,88.82,89.22,88.97,89.04,MODELLED,CONDITIONAL_OPEN_SCENARIO,88.98,89.16,EXIT_ONLY_FROZEN_ENTRIES,C1_T10
VWAP_MR_USDRUBF,VWAP_MR_USDRUBF_001363,VWAP_MR,USDRUBF,2023-11-29 12:30:00,2023-11-29 12:40:00,2023-11-29 12:40:00,2023-11-29 12:45:00,2023-11-29 10:00:00--2023-11-29 14:00:00,SHORT,-1,89.12,0.04416666666666666666666666667,89.08290170735599170256901229,89.25,89.01,89.18,89.08,89.11,MODELLED,CONDITIONAL_OPEN_SCENARIO,89.11,89.25,EXIT_ONLY_FROZEN_ENTRIES,C1_T10
VWAP_MR_USDRUBF,VWAP_MR_USDRUBF_001366,VWAP_MR,USDRUBF,2023-11-29 15:40:00,2023-11-29 15:50:00,2023-11-29 15:50:00,2023-11-29 15:55:00,2023-11-29 14:05:00--2023-11-29 18:50:00,LONG,1,88.69,0.1008333333333333333333333333,88.71923033844655466277087904,88.89,88.43,88.54,88.72,88.71,MODELLED,CONDITIONAL_OPEN_SCENARIO,88.53,88.73,EXIT_ONLY_FROZEN_ENTRIES,C1_T10
VWAP_MR_USDRUBF,VWAP_MR_USDRUBF_001368,VWAP_MR,USDRUBF,2023-11-29 17:35:00,2023-11-29 17:45:00,2023-11-29 17:45:00,2023-11-29 17:50:00,2023-11-29 14:05:00--2023-11-29 18:50:00,LONG,1,88.68,0.07916666666666666666666666667,88.68853896753896753896753900,88.73,88.53,88.57,88.69,88.69,MODELLED,CONDITIONAL_OPEN_SCENARIO,88.56,88.7,EXIT_ONLY_FROZEN_ENTRIES,C1_T10
VWAP_MR_USDRUBF,VWAP_MR_USDRUBF_001369,VWAP_MR,USDRUBF,2023-11-30 12:55:00,2023-11-30 13:05:00,2023-11-30 13:05:00,2023-11-30 13:10:00,2023-11-30 10:00:00--2023-11-30 14:00:00,SHORT,-1,88.66,0.07166666666666666666666666667,88.61270000000000000000000007,88.8,88.52,88.76,88.61,88.65,MODELLED,CONDITIONAL_OPEN_SCENARIO,88.64,88.72,EXIT_ONLY_FROZEN_ENTRIES,C1_T10
VWAP_MR_USDRUBF,VWAP_MR_USDRUBF_001370,VWAP_MR,USDRUBF,2023-11-30 15:25:00,2023-11-30 15:35:00,2023-11-30 15:35:00,2023-11-30 15:40:00,2023-11-30 14:05:00--2023-11-30 18:50:00,LONG,1,88.8,0.03416666666666666666666666667,88.81478703703703703703703707,88.89,88.77,88.75,88.82,88.80,MODELLED,CONDITIONAL_OPEN_SCENARIO,88.77,88.85,EXIT_ONLY_FROZEN_ENTRIES,C1_T10
VWAP_MR_USDRUBF,VWAP_MR_USDRUBF_001372,VWAP_MR,USDRUBF,2023-12-01 15:55:00,2023-12-01 16:05:00,2023-12-01 16:05:00,2023-12-01 16:10:00,2023-12-01 14:05:00--2023-12-01 18:50:00,SHORT,-1,90.22,0.09,90.14888284042898927526811830,90.36,90,90.35,90.14,90.20,MODELLED,CONDITIONAL_OPEN_SCENARIO,90.1,90.37,EXIT_ONLY_FROZEN_ENTRIES,C1_T10
VWAP_MR_USDRUBF,VWAP_MR_USDRUBF_001373,VWAP_MR,USDRUBF,2023-12-04 13:05:00,2023-12-04 13:15:00,2023-12-04 13:15:00,2023-12-04 13:20:00,2023-12-04 10:00:00--2023-12-04 14:00:00,LONG,1,90.76,0.07333333333333333333333333333,90.77037346856973562677541350,90.84,90.57,90.65,90.78,90.77,MODELLED,CONDITIONAL_OPEN_SCENARIO,90.64,90.76,EXIT_ONLY_FROZEN_ENTRIES,C1_T10
VWAP_MR_USDRUBF,VWAP_MR_USDRUBF_001376,VWAP_MR,USDRUBF,2023-12-04 17:35:00,2023-12-04 17:45:00,2023-12-04 17:45:00,2023-12-04 17:50:00,2023-12-04 14:05:00--2023-12-04 18:50:00,SHORT,-1,91.02,0.07916666666666666666666666667,90.98948930740285384300137851,91.25,90.91,91.13,90.98,91.01,MODELLED,CONDITIONAL_OPEN_SCENARIO,91.02,91.25,EXIT_ONLY_FROZEN_ENTRIES,C1_T10
VWAP_MR_USDRUBF,VWAP_MR_USDRUBF_001382,VWAP_MR,USDRUBF,2023-12-06 16:30:00,2023-12-06 16:40:00,2023-12-06 16:40:00,2023-12-06 16:45:00,2023-12-06 14:05:00--2023-12-06 18:50:00,SHORT,-1,92.42,0.09,92.34617672001975245026998599,92.49,92.22,92.55,92.34,92.40,MODELLED,CONDITIONAL_OPEN_SCENARIO,92.34,92.5,EXIT_ONLY_FROZEN_ENTRIES,C1_T10
VWAP_MR_USDRUBF,VWAP_MR_USDRUBF_001385,VWAP_MR,USDRUBF,2023-12-07 15:55:00,2023-12-07 16:05:00,2023-12-07 16:05:00,2023-12-07 16:10:00,2023-12-07 14:05:00--2023-12-07 18:50:00,SHORT,-1,92.69,0.08916666666666666666666666667,92.60807841948360365822848769,92.83,92.42,92.82,92.60,92.67,MODELLED,CONDITIONAL_OPEN_SCENARIO,92.69,92.83,EXIT_ONLY_FROZEN_ENTRIES,C1_T10
VWAP_MR_USDRUBF,VWAP_MR_USDRUBF_001386,VWAP_MR,USDRUBF,2023-12-07 16:40:00,2023-12-07 16:50:00,2023-12-07 16:50:00,2023-12-07 16:55:00,2023-12-07 14:05:00--2023-12-07 18:50:00,SHORT,-1,92.69,0.08166666666666666666666666667,92.66032358794866515681833779,92.84,92.64,92.81,92.66,92.67,MODELLED,CONDITIONAL_OPEN_SCENARIO,92.6,92.84,EXIT_ONLY_FROZEN_ENTRIES,C1_T10
VWAP_MR_USDRUBF,VWAP_MR_USDRUBF_001389,VWAP_MR,USDRUBF,2023-12-08 12:35:00,2023-12-08 12:45:00,2023-12-08 12:45:00,2023-12-08 12:50:00,2023-12-08 10:00:00--2023-12-08 14:00:00,LONG,1,91.87,0.04916666666666666666666666667,91.90866009415932503612548364,91.94,91.78,91.80,91.91,91.88,MODELLED,CONDITIONAL_OPEN_SCENARIO,91.8,91.88,EXIT_ONLY_FROZEN_ENTRIES,C1_T10
VWAP_MR_USDRUBF,VWAP_MR_USDRUBF_001390,VWAP_MR,USDRUBF,2023-12-08 15:30:00,2023-12-08 15:40:00,2023-12-08 15:40:00,2023-12-08 15:45:00,2023-12-08 14:05:00--2023-12-08 18:50:00,SHORT,-1,91.33,0.1375,91.26536947880403920697232301,91.54,90.89,91.53,91.26,91.30,MODELLED,CONDITIONAL_OPEN_SCENARIO,91.27,91.51,EXIT_ONLY_FROZEN_ENTRIES,C1_T10
VWAP_MR_USDRUBF,VWAP_MR_USDRUBF_001391,VWAP_MR,USDRUBF,2023-12-08 16:40:00,2023-12-08 16:50:00,2023-12-08 16:50:00,2023-12-08 16:55:00,2023-12-08 14:05:00--2023-12-08 18:50:00,SHORT,-1,91.32,0.135,91.31022547508988186954288644,91.56,91.16,91.52,91.31,91.29,MODELLED,CONDITIONAL_OPEN_SCENARIO,91.32,91.52,EXIT_ONLY_FROZEN_ENTRIES,C1_T10
VWAP_MR_USDRUBF,VWAP_MR_USDRUBF_001394,VWAP_MR,USDRUBF,2023-12-11 15:45:00,2023-12-11 15:55:00,2023-12-11 15:55:00,2023-12-11 16:00:00,2023-12-11 14:05:00--2023-12-11 18:50:00,SHORT,-1,90.93,0.125,90.85621257353033795614001942,91.2,90.5,91.11,90.85,90.90,MODELLED,CONDITIONAL_OPEN_SCENARIO,90.93,91.2,EXIT_ONLY_FROZEN_ENTRIES,C1_T10
VWAP_MR_USDRUBF,VWAP_MR_USDRUBF_001398,VWAP_MR,USDRUBF,2023-12-12 16:45:00,2023-12-12 16:55:00,2023-12-12 16:55:00,2023-12-12 17:00:00,2023-12-12 14:05:00--2023-12-12 18:50:00,SHORT,-1,90.13,0.06833333333333333333333333333,90.07707960164991682049178471,90.25,90.07,90.23,90.07,90.12,MODELLED,CONDITIONAL_OPEN_SCENARIO,90.13,90.23,EXIT_ONLY_FROZEN_ENTRIES,C1_T10
VWAP_MR_USDRUBF,VWAP_MR_USDRUBF_001403,VWAP_MR,USDRUBF,2023-12-13 11:15:00,2023-12-13 11:25:00,2023-12-13 11:25:00,2023-12-13 11:30:00,2023-12-13 10:00:00--2023-12-13 14:00:00,LONG,1,89.91,0.0475,89.94607770625028534903894445,89.99,89.87,89.84,89.95,89.92,MODELLED,CONDITIONAL_OPEN_SCENARIO,89.86,89.97,EXIT_ONLY_FROZEN_ENTRIES,C1_T10
VWAP_MR_USDRUBF,VWAP_MR_USDRUBF_001404,VWAP_MR,USDRUBF,2023-12-13 12:30:00,2023-12-13 12:40:00,2023-12-13 12:40:00,2023-12-13 12:45:00,2023-12-13 10:00:00--2023-12-13 14:00:00,SHORT,-1,90.01,0.06666666666666666666666666667,89.98345466752991391506606244,90.17,89.81,90.11,89.98,90.00,MODELLED,CONDITIONAL_OPEN_SCENARIO,90.01,90.17,EXIT_ONLY_FROZEN_ENTRIES,C1_T10
VWAP_MR_USDRUBF,VWAP_MR_USDRUBF_001406,VWAP_MR,USDRUBF,2023-12-13 15:10:00,2023-12-13 15:20:00,2023-12-13 15:20:00,2023-12-13 15:25:00,2023-12-13 14:05:00--2023-12-13 18:50:00,LONG,1,89.75,0.06666666666666666666666666667,89.81186370716510903426791277,89.99,89.69,89.65,89.82,89.76,MODELLED,CONDITIONAL_OPEN_SCENARIO,89.7,89.83,EXIT_ONLY_FROZEN_ENTRIES,C1_T10
VWAP_MR_USDRUBF,VWAP_MR_USDRUBF_001407,VWAP_MR,USDRUBF,2023-12-13 16:50:00,2023-12-13 17:00:00,2023-12-13 17:00:00,2023-12-13 17:05:00,2023-12-13 14:05:00--2023-12-13 18:50:00,LONG,1,89.76,0.0725,89.78495417083878918585843025,89.86,89.58,89.66,89.79,89.77,MODELLED,CONDITIONAL_OPEN_SCENARIO,89.58,89.77,EXIT_ONLY_FROZEN_ENTRIES,C1_T10
VWAP_MR_USDRUBF,VWAP_MR_USDRUBF_001409,VWAP_MR,USDRUBF,2023-12-14 15:30:00,2023-12-14 15:40:00,2023-12-14 15:40:00,2023-12-14 15:45:00,2023-12-14 14:05:00--2023-12-14 18:50:00,SHORT,-1,89.91,0.07916666666666666666666666667,89.83989368355222013758599122,89.94,89.67,90.02,89.83,89.90,MODELLED,CONDITIONAL_OPEN_SCENARIO,89.79,89.94,EXIT_ONLY_FROZEN_ENTRIES,C1_T10
VWAP_MR_USDRUBF,VWAP_MR_USDRUBF_001410,VWAP_MR,USDRUBF,2023-12-14 16:15:00,2023-12-14 16:25:00,2023-12-14 16:25:00,2023-12-14 16:30:00,2023-12-14 14:05:00--2023-12-14 18:50:00,SHORT,-1,89.95,0.08333333333333333333333333333,89.88014141998521518336386718,90.13,89.77,90.07,89.88,89.93,MODELLED,CONDITIONAL_OPEN_SCENARIO,89.91,90.13,EXIT_ONLY_FROZEN_ENTRIES,C1_T10
VWAP_MR_USDRUBF,VWAP_MR_USDRUBF_001413,VWAP_MR,USDRUBF,2023-12-15 12:50:00,2023-12-15 13:00:00,2023-12-15 13:00:00,2023-12-15 13:05:00,2023-12-15 10:00:00--2023-12-15 14:00:00,LONG,1,89.73,0.08083333333333333333333333333,89.80987393348424168553021066,89.98,89.68,89.61,89.81,89.75,MODELLED,CONDITIONAL_OPEN_SCENARIO,89.66,89.8,EXIT_ONLY_FROZEN_ENTRIES,C1_T10
VWAP_MR_USDRUBF,VWAP_MR_USDRUBF_001417,VWAP_MR,USDRUBF,2023-12-18 13:05:00,2023-12-18 13:15:00,2023-12-18 13:15:00,2023-12-18 13:20:00,2023-12-18 10:00:00--2023-12-18 14:00:00,SHORT,-1,90.44,0.045,90.42011218788196263314126074,90.54,90.34,90.50,90.42,90.43,MODELLED,CONDITIONAL_OPEN_SCENARIO,90.44,90.54,EXIT_ONLY_FROZEN_ENTRIES,C1_T10
VWAP_MR_USDRUBF,VWAP_MR_USDRUBF_001420,VWAP_MR,USDRUBF,2023-12-19 17:05:00,2023-12-19 17:15:00,2023-12-19 17:15:00,2023-12-19 17:20:00,2023-12-19 14:05:00--2023-12-19 18:50:00,SHORT,-1,90.47,0.065,90.43797702039762458042860831,90.58,90.38,90.56,90.43,90.46,MODELLED,CONDITIONAL_OPEN_SCENARIO,90.47,90.58,EXIT_ONLY_FROZEN_ENTRIES,C1_T10
VWAP_MR_USDRUBF,VWAP_MR_USDRUBF_001422,VWAP_MR,USDRUBF,2023-12-20 16:30:00,2023-12-20 16:40:00,2023-12-20 16:40:00,2023-12-20 16:45:00,2023-12-20 14:05:00--2023-12-20 18:50:00,SHORT,-1,90.94,0.0825,90.87152399080838220667421196,91.03,90.77,91.06,90.87,90.92,MODELLED,CONDITIONAL_OPEN_SCENARIO,90.9,90.98,EXIT_ONLY_FROZEN_ENTRIES,C1_T10
VWAP_MR_USDRUBF,VWAP_MR_USDRUBF_001427,VWAP_MR,USDRUBF,2023-12-21 11:25:00,2023-12-21 11:35:00,2023-12-21 11:35:00,2023-12-21 11:40:00,2023-12-21 10:00:00--2023-12-21 14:00:00,SHORT,-1,91.13,0.0775,91.09768719902630047097422869,91.28,90.87,91.24,91.09,91.12,MODELLED,CONDITIONAL_OPEN_SCENARIO,91.13,91.28,EXIT_ONLY_FROZEN_ENTRIES,C1_T10
VWAP_MR_USDRUBF,VWAP_MR_USDRUBF_001428,VWAP_MR,USDRUBF,2023-12-21 13:05:00,2023-12-21 13:15:00,2023-12-21 13:15:00,2023-12-21 13:20:00,2023-12-21 10:00:00--2023-12-21 14:00:00,SHORT,-1,91.98,0.2383333333333333333333333333,91.74837945496446859336546504,92.77,91.47,92.33,91.74,91.93,MODELLED,CONDITIONAL_OPEN_SCENARIO,91.98,92.07,EXIT_ONLY_FROZEN_ENTRIES,C1_T10
VWAP_MR_USDRUBF,VWAP_MR_USDRUBF_001430,VWAP_MR,USDRUBF,2023-12-21 15:50:00,2023-12-21 16:00:00,2023-12-21 16:00:00,2023-12-21 16:05:00,2023-12-21 14:05:00--2023-12-21 18:50:00,SHORT,-1,92.23,0.1266666666666666666666666667,92.12345917847550245438547746,92.41,91.94,92.42,92.12,92.20,MODELLED,CONDITIONAL_OPEN_SCENARIO,92.12,92.41,EXIT_ONLY_FROZEN_ENTRIES,C1_T10
VWAP_MR_USDRUBF,VWAP_MR_USDRUBF_001431,VWAP_MR,USDRUBF,2023-12-21 16:45:00,2023-12-21 16:55:00,2023-12-21 16:55:00,2023-12-21 17:00:00,2023-12-21 14:05:00--2023-12-21 18:50:00,LONG,1,92.05,0.09916666666666666666666666667,92.11959301713158474340927154,92.41,91.91,91.91,92.12,92.07,MODELLED,CONDITIONAL_OPEN_SCENARIO,91.91,92.1,EXIT_ONLY_FROZEN_ENTRIES,C1_T10
VWAP_MR_USDRUBF,VWAP_MR_USDRUBF_001432,VWAP_MR,USDRUBF,2023-12-22 11:35:00,2023-12-22 11:45:00,2023-12-22 11:45:00,2023-12-22 11:50:00,2023-12-22 10:00:00--2023-12-22 14:00:00,LONG,1,92.12,0.08583333333333333333333333333,92.16856739011490060186029541,92.41,91.94,92.00,92.17,92.14,MODELLED,CONDITIONAL_OPEN_SCENARIO,91.98,92.16,EXIT_ONLY_FROZEN_ENTRIES,C1_T10
VWAP_MR_USDRUBF,VWAP_MR_USDRUBF_001433,VWAP_MR,USDRUBF,2023-12-22 15:15:00,2023-12-22 15:25:00,2023-12-22 15:25:00,2023-12-22 15:30:00,2023-12-22 14:05:00--2023-12-22 18:50:00,LONG,1,91.85,0.07416666666666666666666666667,91.89015975566780218489369200,92.02,91.77,91.74,91.90,91.86,MODELLED,CONDITIONAL_OPEN_SCENARIO,91.79,91.88,EXIT_ONLY_FROZEN_ENTRIES,C1_T10
VWAP_MR_USDRUBF,VWAP_MR_USDRUBF_001434,VWAP_MR,USDRUBF,2023-12-22 15:55:00,2023-12-22 16:05:00,2023-12-22 16:05:00,2023-12-22 16:10:00,2023-12-22 14:05:00--2023-12-22 18:50:00,SHORT,-1,91.94,0.08,91.88465891804525575204411480,91.98,91.79,92.06,91.88,91.92,MODELLED,CONDITIONAL_OPEN_SCENARIO,91.83,91.99,EXIT_ONLY_FROZEN_ENTRIES,C1_T10
VWAP_MR_USDRUBF,VWAP_MR_USDRUBF_001435,VWAP_MR,USDRUBF,2023-12-22 17:15:00,2023-12-22 17:25:00,2023-12-22 17:25:00,2023-12-22 17:30:00,2023-12-22 14:05:00--2023-12-22 18:50:00,SHORT,-1,92.01,0.06666666666666666666666666667,91.96855505515305789439331635,92.16,91.97,92.11,91.96,92.00,MODELLED,CONDITIONAL_OPEN_SCENARIO,92.01,92.11,EXIT_ONLY_FROZEN_ENTRIES,C1_T10
VWAP_MR_USDRUBF,VWAP_MR_USDRUBF_001438,VWAP_MR,USDRUBF,2023-12-25 11:15:00,2023-12-25 11:25:00,2023-12-25 11:25:00,2023-12-25 11:30:00,2023-12-25 10:00:00--2023-12-25 14:00:00,SHORT,-1,92.13,0.095,92.08238361266294227188081937,92.23,91.82,92.27,92.08,92.11,MODELLED,CONDITIONAL_OPEN_SCENARIO,92.13,92.21,EXIT_ONLY_FROZEN_ENTRIES,C1_T10
VWAP_MR_USDRUBF,VWAP_MR_USDRUBF_001440,VWAP_MR,USDRUBF,2023-12-25 16:15:00,2023-12-25 16:25:00,2023-12-25 16:25:00,2023-12-25 16:30:00,2023-12-25 14:05:00--2023-12-25 18:50:00,LONG,1,91.92,0.05583333333333333333333333333,91.97023321956769055745164958,92.06,91.9,91.84,91.98,91.93,MODELLED,CONDITIONAL_OPEN_SCENARIO,91.89,91.98,EXIT_ONLY_FROZEN_ENTRIES,C1_T10
VWAP_MR_USDRUBF,VWAP_MR_USDRUBF_001441,VWAP_MR,USDRUBF,2023-12-25 17:35:00,2023-12-25 17:45:00,2023-12-25 17:45:00,2023-12-25 17:50:00,2023-12-25 14:05:00--2023-12-25 18:50:00,LONG,1,91.78,0.07333333333333333333333333333,91.81750438727194463759478156,91.78,91.57,91.67,91.82,91.79,MODELLED,CONDITIONAL_OPEN_SCENARIO,91.68,91.8,EXIT_ONLY_FROZEN_ENTRIES,C1_T10
VWAP_MR_USDRUBF,VWAP_MR_USDRUBF_001446,VWAP_MR,USDRUBF,2023-12-26 15:30:00,2023-12-26 15:40:00,2023-12-26 15:40:00,2023-12-26 15:45:00,2023-12-26 14:05:00--2023-12-26 18:50:00,SHORT,-1,91.77,0.06083333333333333333333333333,91.76884152249134948096885815,91.85,91.66,91.86,91.76,91.76,MODELLED,CONDITIONAL_OPEN_SCENARIO,91.74,91.88,EXIT_ONLY_FROZEN_ENTRIES,C1_T10
VWAP_MR_USDRUBF,VWAP_MR_USDRUBF_001447,VWAP_MR,USDRUBF,2023-12-26 16:05:00,2023-12-26 16:15:00,2023-12-26 16:15:00,2023-12-26 16:20:00,2023-12-26 14:05:00--2023-12-26 18:50:00,SHORT,-1,91.79,0.06916666666666666666666666667,91.77501381925697390410078417,91.88,91.7,91.89,91.77,91.78,MODELLED,CONDITIONAL_OPEN_SCENARIO,91.7,91.86,EXIT_ONLY_FROZEN_ENTRIES,C1_T10
VWAP_MR_USDRUBF,VWAP_MR_USDRUBF_001450,VWAP_MR,USDRUBF,2023-12-27 11:10:00,2023-12-27 11:20:00,2023-12-27 11:20:00,2023-12-27 11:25:00,2023-12-27 10:00:00--2023-12-27 14:00:00,SHORT,-1,91.77,0.07416666666666666666666666667,91.72275726630007855459544384,91.88,91.49,91.88,91.72,91.76,MODELLED,CONDITIONAL_OPEN_SCENARIO,91.77,91.88,EXIT_ONLY_FROZEN_ENTRIES,C1_T10
VWAP_MR_USDRUBF,VWAP_MR_USDRUBF_001453,VWAP_MR,USDRUBF,2023-12-27 12:25:00,2023-12-27 12:35:00,2023-12-27 12:35:00,2023-12-27 12:40:00,2023-12-27 10:00:00--2023-12-27 14:00:00,SHORT,-1,91.81,0.05333333333333333333333333333,91.78132980616768598517943239,91.92,91.76,91.89,91.78,91.80,MODELLED,CONDITIONAL_OPEN_SCENARIO,91.81,91.87,EXIT_ONLY_FROZEN_ENTRIES,C1_T10
VWAP_MR_USDRUBF,VWAP_MR_USDRUBF_001455,VWAP_MR,USDRUBF,2023-12-27 16:05:00,2023-12-27 16:15:00,2023-12-27 16:15:00,2023-12-27 16:20:00,2023-12-27 14:05:00--2023-12-27 18:50:00,LONG,1,91.73,0.06166666666666666666666666667,91.78501807203299740613173448,91.85,91.62,91.64,91.79,91.74,MODELLED,CONDITIONAL_OPEN_SCENARIO,91.68,91.79,EXIT_ONLY_FROZEN_ENTRIES,C1_T10
VWAP_MR_USDRUBF,VWAP_MR_USDRUBF_001456,VWAP_MR,USDRUBF,2023-12-27 16:30:00,2023-12-27 16:40:00,2023-12-27 16:40:00,2023-12-27 16:45:00,2023-12-27 14:05:00--2023-12-27 18:50:00,LONG,1,91.69,0.0675,91.75471818844904184072674225,91.8,91.6,91.59,91.76,91.70,MODELLED,CONDITIONAL_OPEN_SCENARIO,91.6,91.71,EXIT_ONLY_FROZEN_ENTRIES,C1_T10
VWAP_MR_USDRUBF,VWAP_MR_USDRUBF_001458,VWAP_MR,USDRUBF,2023-12-27 17:15:00,2023-12-27 17:25:00,2023-12-27 17:25:00,2023-12-27 17:30:00,2023-12-27 14:05:00--2023-12-27 18:50:00,LONG,1,91.68,0.07083333333333333333333333333,91.71117186553236869531496168,91.71,91.48,91.58,91.72,91.69,MODELLED,CONDITIONAL_OPEN_SCENARIO,91.48,91.69,EXIT_ONLY_FROZEN_ENTRIES,C1_T10
VWAP_MR_USDRUBF,VWAP_MR_USDRUBF_001459,VWAP_MR,USDRUBF,2023-12-27 17:45:00,2023-12-27 17:55:00,2023-12-27 17:55:00,2023-12-27 18:00:00,2023-12-27 14:05:00--2023-12-27 18:50:00,LONG,1,91.63,0.07416666666666666666666666667,91.69726160259188179698301659,91.71,91.48,91.52,91.70,91.64,MODELLED,CONDITIONAL_OPEN_SCENARIO,91.52,91.66,EXIT_ONLY_FROZEN_ENTRIES,C1_T10
VWAP_MR_USDRUBF,VWAP_MR_USDRUBF_001460,VWAP_MR,USDRUBF,2023-12-28 11:15:00,2023-12-28 11:25:00,2023-12-28 11:25:00,2023-12-28 11:30:00,2023-12-28 10:00:00--2023-12-28 14:00:00,LONG,1,90.68,0.09166666666666666666666666667,90.72094984509754668006363557,90.87,90.5,90.55,90.73,90.70,MODELLED,CONDITIONAL_OPEN_SCENARIO,90.5,90.69,EXIT_ONLY_FROZEN_ENTRIES,C1_T10
VWAP_MR_USDRUBF,VWAP_MR_USDRUBF_001462,VWAP_MR,USDRUBF,2023-12-28 17:15:00,2023-12-28 17:25:00,2023-12-28 17:25:00,2023-12-28 17:30:00,2023-12-28 14:05:00--2023-12-28 18:50:00,LONG,1,89.88,0.1041666666666666666666666667,89.97278429568284640748408867,89.91,89.61,89.73,89.98,89.90,MODELLED,CONDITIONAL_OPEN_SCENARIO,89.73,89.89,EXIT_ONLY_FROZEN_ENTRIES,C1_T10
VWAP_MR_CNYRUBF,VWAP_MR_CNYRUBF_000001,VWAP_MR,CNYRUBF,2023-01-03 11:20:00,2023-01-03 11:30:00,2023-01-03 11:30:00,2023-01-03 11:35:00,2023-01-03 10:00:00--2023-01-03 14:00:00,SHORT,-1,9.98,0.01833333333333333333333333333,9.975149561629706034038164002,10,9.93,10.00,9.97,9.98,MODELLED,CONDITIONAL_OPEN_SCENARIO,9.98,10,EXIT_ONLY_FROZEN_ENTRIES,C1_T10
VWAP_MR_CNYRUBF,VWAP_MR_CNYRUBF_000003,VWAP_MR,CNYRUBF,2023-01-03 15:30:00,2023-01-03 15:40:00,2023-01-03 15:40:00,2023-01-03 15:45:00,2023-01-03 14:05:00--2023-01-03 18:50:00,SHORT,-1,10.13,0.01583333333333333333333333333,10.12371053597650513950073421,10.15,10.09,10.15,10.12,10.13,MODELLED,CONDITIONAL_OPEN_SCENARIO,10.12,10.15,EXIT_ONLY_FROZEN_ENTRIES,C1_T10
VWAP_MR_CNYRUBF,VWAP_MR_CNYRUBF_000006,VWAP_MR,CNYRUBF,2023-01-04 12:35:00,2023-01-04 12:45:00,2023-01-04 12:45:00,2023-01-04 12:50:00,2023-01-04 10:00:00--2023-01-04 14:00:00,SHORT,-1,10.22,0.02166666666666666666666666667,10.20709758203799654576856649,10.26,10.19,10.25,10.20,10.22,MODELLED,CONDITIONAL_OPEN_SCENARIO,10.21,10.24,EXIT_ONLY_FROZEN_ENTRIES,C1_T10
VWAP_MR_CNYRUBF,VWAP_MR_CNYRUBF_000012,VWAP_MR,CNYRUBF,2023-01-04 16:40:00,2023-01-04 16:50:00,2023-01-04 16:50:00,2023-01-04 16:55:00,2023-01-04 14:05:00--2023-01-04 18:50:00,LONG,1,10.25,0.0175,10.25916526296088339883960322,10.29,10.21,10.23,10.26,10.25,MODELLED,CONDITIONAL_OPEN_SCENARIO,10.21,10.27,EXIT_ONLY_FROZEN_ENTRIES,C1_T10
VWAP_MR_CNYRUBF,VWAP_MR_CNYRUBF_000013,VWAP_MR,CNYRUBF,2023-01-04 17:20:00,2023-01-04 17:30:00,2023-01-04 17:30:00,2023-01-04 17:35:00,2023-01-04 14:05:00--2023-01-04 18:50:00,LONG,1,10.24,0.01833333333333333333333333333,10.25826174061634553061104237,10.27,10.21,10.22,10.26,10.24,MODELLED,CONDITIONAL_OPEN_SCENARIO,10.23,10.24,EXIT_ONLY_FROZEN_ENTRIES,C1_T10
VWAP_MR_CNYRUBF,VWAP_MR_CNYRUBF_000017,VWAP_MR,CNYRUBF,2023-01-05 12:50:00,2023-01-05 13:00:00,2023-01-05 13:00:00,2023-01-05 13:05:00,2023-01-05 10:00:00--2023-01-05 14:00:00,SHORT,-1,10.29,0.01416666666666666666666666667,10.28031156275360784728838079,10.32,10.29,10.31,10.28,10.29,MODELLED,CONDITIONAL_OPEN_SCENARIO,10.29,10.31,EXIT_ONLY_FROZEN_ENTRIES,C1_T10
VWAP_MR_CNYRUBF,VWAP_MR_CNYRUBF_000019,VWAP_MR,CNYRUBF,2023-01-05 15:45:00,2023-01-05 15:55:00,2023-01-05 15:55:00,2023-01-05 16:00:00,2023-01-05 14:05:00--2023-01-05 18:50:00,LONG,1,10.34,0.015,10.34824228395061728395061728,10.37,10.32,10.32,10.35,10.34,MODELLED,CONDITIONAL_OPEN_SCENARIO,10.32,10.34,EXIT_ONLY_FROZEN_ENTRIES,C1_T10
VWAP_MR_CNYRUBF,VWAP_MR_CNYRUBF_000020,VWAP_MR,CNYRUBF,2023-01-05 16:30:00,2023-01-05 16:40:00,2023-01-05 16:40:00,2023-01-05 16:45:00,2023-01-05 14:05:00--2023-01-05 18:50:00,SHORT,-1,10.35,0.01666666666666666666666666667,10.34295459891790167019524818,10.36,10.31,10.37,10.34,10.35,MODELLED,CONDITIONAL_OPEN_SCENARIO,10.34,10.37,EXIT_ONLY_FROZEN_ENTRIES,C1_T10
VWAP_MR_CNYRUBF,VWAP_MR_CNYRUBF_000021,VWAP_MR,CNYRUBF,2023-01-05 17:05:00,2023-01-05 17:15:00,2023-01-05 17:15:00,2023-01-05 17:20:00,2023-01-05 14:05:00--2023-01-05 18:50:00,SHORT,-1,10.36,0.01833333333333333333333333333,10.34449929296824784676693662,10.37,10.31,10.38,10.34,10.36,MODELLED,CONDITIONAL_OPEN_SCENARIO,10.35,10.37,EXIT_ONLY_FROZEN_ENTRIES,C1_T10
VWAP_MR_CNYRUBF,VWAP_MR_CNYRUBF_000027,VWAP_MR,CNYRUBF,2023-01-06 12:00:00,2023-01-06 12:10:00,2023-01-06 12:10:00,2023-01-06 12:15:00,2023-01-06 10:00:00--2023-01-06 14:00:00,SHORT,-1,10.41,0.01416666666666666666666666667,10.40456433239962651727357609,10.42,10.37,10.43,10.40,10.41,MODELLED,CONDITIONAL_OPEN_SCENARIO,10.39,10.42,EXIT_ONLY_FROZEN_ENTRIES,C1_T10
VWAP_MR_CNYRUBF,VWAP_MR_CNYRUBF_000031,VWAP_MR,CNYRUBF,2023-01-09 11:25:00,2023-01-09 11:35:00,2023-01-09 11:35:00,2023-01-09 11:40:00,2023-01-09 10:00:00--2023-01-09 14:00:00,SHORT,-1,10.41,0.02083333333333333333333333333,10.39107533578293994311930415,10.45,10.37,10.44,10.39,10.41,MODELLED,CONDITIONAL_OPEN_SCENARIO,10.4,10.43,EXIT_ONLY_FROZEN_ENTRIES,C1_T10
VWAP_MR_CNYRUBF,VWAP_MR_CNYRUBF_000039,VWAP_MR,CNYRUBF,2023-01-10 12:50:00,2023-01-10 13:00:00,2023-01-10 13:00:00,2023-01-10 13:05:00,2023-01-10 10:00:00--2023-01-10 14:00:00,LONG,1,10.21,0.015,10.21905927946652810253745561,10.24,10.19,10.19,10.22,10.21,MODELLED,CONDITIONAL_OPEN_SCENARIO,10.2,10.22,EXIT_ONLY_FROZEN_ENTRIES,C1_T10
VWAP_MR_CNYRUBF,VWAP_MR_CNYRUBF_000040,VWAP_MR,CNYRUBF,2023-01-10 15:30:00,2023-01-10 15:40:00,2023-01-10 15:40:00,2023-01-10 15:45:00,2023-01-10 14:05:00--2023-01-10 18:50:00,LONG,1,10.21,0.01083333333333333333333333333,10.21112037387899456864974106,10.23,10.19,10.20,10.22,10.21,MODELLED,CONDITIONAL_OPEN_SCENARIO,10.19,10.22,EXIT_ONLY_FROZEN_ENTRIES,C1_T10
VWAP_MR_CNYRUBF,VWAP_MR_CNYRUBF_000042,VWAP_MR,CNYRUBF,2023-01-10 17:45:00,2023-01-10 17:55:00,2023-01-10 17:55:00,2023-01-10 18:00:00,2023-01-10 14:05:00--2023-01-10 18:50:00,SHORT,-1,10.26,0.01833333333333333333333333333,10.24990638528138528138528138,10.29,10.22,10.28,10.24,10.26,MODELLED,CONDITIONAL_OPEN_SCENARIO,10.26,10.28,EXIT_ONLY_FROZEN_ENTRIES,C1_T10
VWAP_MR_CNYRUBF,VWAP_MR_CNYRUBF_000043,VWAP_MR,CNYRUBF,2023-01-11 11:35:00,2023-01-11 11:45:00,2023-01-11 11:45:00,2023-01-11 11:50:00,2023-01-11 10:00:00--2023-01-11 14:00:00,LONG,1,10.24,0.0175,10.24944966046648951874815471,10.26,10.22,10.22,10.25,10.24,MODELLED,CONDITIONAL_OPEN_SCENARIO,10.22,10.25,EXIT_ONLY_FROZEN_ENTRIES,C1_T10
VWAP_MR_CNYRUBF,VWAP_MR_CNYRUBF_000045,VWAP_MR,CNYRUBF,2023-01-11 15:45:00,2023-01-11 15:55:00,2023-01-11 15:55:00,2023-01-11 16:00:00,2023-01-11 14:05:00--2023-01-11 18:50:00,SHORT,-1,10.09,0.02166666666666666666666666667,10.08620924257228675858574892,10.11,10.05,10.12,10.08,10.09,MODELLED,CONDITIONAL_OPEN_SCENARIO,10.08,10.11,EXIT_ONLY_FROZEN_ENTRIES,C1_T10
VWAP_MR_CNYRUBF,VWAP_MR_CNYRUBF_000046,VWAP_MR,CNYRUBF,2023-01-11 16:20:00,2023-01-11 16:30:00,2023-01-11 16:30:00,2023-01-11 16:35:00,2023-01-11 14:05:00--2023-01-11 18:50:00,LONG,1,10.08,0.01916666666666666666666666667,10.08457699215426788921448152,10.11,10.05,10.06,10.09,10.08,MODELLED,CONDITIONAL_OPEN_SCENARIO,10.05,10.08,EXIT_ONLY_FROZEN_ENTRIES,C1_T10
VWAP_MR_CNYRUBF,VWAP_MR_CNYRUBF_000049,VWAP_MR,CNYRUBF,2023-01-12 12:45:00,2023-01-12 12:55:00,2023-01-12 12:55:00,2023-01-12 13:00:00,2023-01-12 10:00:00--2023-01-12 14:00:00,SHORT,-1,10.01,0.01416666666666666666666666667,9.996515902610221539811362145,10.04,9.98,10.03,9.99,10.01,MODELLED,CONDITIONAL_OPEN_SCENARIO,10,10.03,EXIT_ONLY_FROZEN_ENTRIES,C1_T10
VWAP_MR_CNYRUBF,VWAP_MR_CNYRUBF_000052,VWAP_MR,CNYRUBF,2023-01-12 15:10:00,2023-01-12 15:20:00,2023-01-12 15:20:00,2023-01-12 15:25:00,2023-01-12 14:05:00--2023-01-12 18:50:00,LONG,1,10,0.01,10.00099252384635215261665377,10.02,9.99,9.99,10.01,10.00,MODELLED,CONDITIONAL_OPEN_SCENARIO,9.99,10.01,EXIT_ONLY_FROZEN_ENTRIES,C1_T10
VWAP_MR_CNYRUBF,VWAP_MR_CNYRUBF_000055,VWAP_MR,CNYRUBF,2023-01-13 11:50:00,2023-01-13 12:00:00,2023-01-13 12:00:00,2023-01-13 12:05:00,2023-01-13 10:00:00--2023-01-13 14:00:00,SHORT,-1,10.01,0.01166666666666666666666666667,10.00791112956810631229235881,10.02,9.99,10.02,10.00,10.01,MODELLED,CONDITIONAL_OPEN_SCENARIO,10,10.02,EXIT_ONLY_FROZEN_ENTRIES,C1_T10
VWAP_MR_CNYRUBF,VWAP_MR_CNYRUBF_000058,VWAP_MR,CNYRUBF,2023-01-13 17:35:00,2023-01-13 17:45:00,2023-01-13 17:45:00,2023-01-13 17:50:00,2023-01-13 14:05:00--2023-01-13 18:50:00,SHORT,-1,10.15,0.02583333333333333333333333333,10.13779715398040005369848302,10.24,10.16,10.18,10.13,10.15,MODELLED,CONDITIONAL_OPEN_SCENARIO,10.15,10.21,EXIT_ONLY_FROZEN_ENTRIES,C1_T10
VWAP_MR_CNYRUBF,VWAP_MR_CNYRUBF_000059,VWAP_MR,CNYRUBF,2023-01-16 11:25:00,2023-01-16 11:35:00,2023-01-16 11:35:00,2023-01-16 11:40:00,2023-01-16 10:00:00--2023-01-16 14:00:00,LONG,1,10.13,0.02,10.14138849765258215962441314,10.16,10.08,10.10,10.15,10.13,MODELLED,CONDITIONAL_OPEN_SCENARIO,10.08,10.14,EXIT_ONLY_FROZEN_ENTRIES,C1_T10
VWAP_MR_CNYRUBF,VWAP_MR_CNYRUBF_000070,VWAP_MR,CNYRUBF,2023-01-17 17:05:00,2023-01-17 17:15:00,2023-01-17 17:15:00,2023-01-17 17:20:00,2023-01-17 14:05:00--2023-01-17 18:50:00,SHORT,-1,10.18,0.0175,10.17606466666666666666666666,10.24,10.14,10.20,10.17,10.18,MODELLED,CONDITIONAL_OPEN_SCENARIO,10.18,10.24,EXIT_ONLY_FROZEN_ENTRIES,C1_T10
VWAP_MR_CNYRUBF,VWAP_MR_CNYRUBF_000073,VWAP_MR,CNYRUBF,2023-01-18 11:45:00,2023-01-18 11:55:00,2023-01-18 11:55:00,2023-01-18 12:00:00,2023-01-18 10:00:00--2023-01-18 14:00:00,LONG,1,10.17,0.0125,10.17346355088713167315787403,10.19,10.15,10.16,10.18,10.17,MODELLED,CONDITIONAL_OPEN_SCENARIO,10.15,10.17,EXIT_ONLY_FROZEN_ENTRIES,C1_T10
VWAP_MR_CNYRUBF,VWAP_MR_CNYRUBF_000074,VWAP_MR,CNYRUBF,2023-01-18 12:25:00,2023-01-18 12:35:00,2023-01-18 12:35:00,2023-01-18 12:40:00,2023-01-18 10:00:00--2023-01-18 14:00:00,LONG,1,10.17,0.01166666666666666666666666667,10.17339839562308232597685853,10.19,10.15,10.16,10.18,10.17,MODELLED,CONDITIONAL_OPEN_SCENARIO,10.16,10.19,EXIT_ONLY_FROZEN_ENTRIES,C1_T10
VWAP_MR_CNYRUBF,VWAP_MR_CNYRUBF_000079,VWAP_MR,CNYRUBF,2023-01-19 12:45:00,2023-01-19 12:55:00,2023-01-19 12:55:00,2023-01-19 13:00:00,2023-01-19 10:00:00--2023-01-19 14:00:00,LONG,1,10.16,0.008333333333333333333333333333,10.16035949797915337162305892,10.17,10.14,10.15,10.17,10.16,MODELLED,CONDITIONAL_OPEN_SCENARIO,10.14,10.16,EXIT_ONLY_FROZEN_ENTRIES,C1_T10
VWAP_MR_CNYRUBF,VWAP_MR_CNYRUBF_000082,VWAP_MR,CNYRUBF,2023-01-25 16:45:00,2023-01-25 16:55:00,2023-01-25 16:55:00,2023-01-25 17:00:00,2023-01-25 14:05:00--2023-01-25 18:50:00,SHORT,-1,10.19,0.01333333333333333333333333333,10.18648672205586717838415362,10.21,10.17,10.21,10.18,10.19,MODELLED,CONDITIONAL_OPEN_SCENARIO,10.19,10.2,EXIT_ONLY_FROZEN_ENTRIES,C1_T10
VWAP_MR_CNYRUBF,VWAP_MR_CNYRUBF_000083,VWAP_MR,CNYRUBF,2023-01-26 12:50:00,2023-01-26 13:00:00,2023-01-26 13:00:00,2023-01-26 13:05:00,2023-01-26 10:00:00--2023-01-26 14:00:00,LONG,1,10.26,0.01416666666666666666666666667,10.26907002382730538070343895,10.25,10.21,10.24,10.27,10.26,MODELLED,CONDITIONAL_OPEN_SCENARIO,10.24,10.26,EXIT_ONLY_FROZEN_ENTRIES,C1_T10
VWAP_MR_CNYRUBF,VWAP_MR_CNYRUBF_000084,VWAP_MR,CNYRUBF,2023-01-26 16:00:00,2023-01-26 16:10:00,2023-01-26 16:10:00,2023-01-26 16:15:00,2023-01-26 14:05:00--2023-01-26 18:50:00,SHORT,-1,10.26,0.01833333333333333333333333333,10.24402017850213426464881645,10.27,10.22,10.28,10.24,10.26,MODELLED,CONDITIONAL_OPEN_SCENARIO,10.26,10.27,EXIT_ONLY_FROZEN_ENTRIES,C1_T10
VWAP_MR_CNYRUBF,VWAP_MR_CNYRUBF_000088,VWAP_MR,CNYRUBF,2023-01-26 16:55:00,2023-01-26 17:05:00,2023-01-26 17:05:00,2023-01-26 17:10:00,2023-01-26 14:05:00--2023-01-26 18:50:00,SHORT,-1,10.28,0.009166666666666666666666666667,10.27120003918495297805642634,10.3,10.26,10.29,10.27,10.28,MODELLED,CONDITIONAL_OPEN_SCENARIO,10.28,10.29,EXIT_ONLY_FROZEN_ENTRIES,C1_T10
VWAP_MR_CNYRUBF,VWAP_MR_CNYRUBF_000089,VWAP_MR,CNYRUBF,2023-01-30 15:40:00,2023-01-30 15:50:00,2023-01-30 15:50:00,2023-01-30 15:55:00,2023-01-30 14:05:00--2023-01-30 18:50:00,SHORT,-1,10.36,0.0175,10.34694763729246487867177522,10.38,10.33,10.38,10.34,10.36,MODELLED,CONDITIONAL_OPEN_SCENARIO,10.36,10.38,EXIT_ONLY_FROZEN_ENTRIES,C1_T10
VWAP_MR_CNYRUBF,VWAP_MR_CNYRUBF_000092,VWAP_MR,CNYRUBF,2023-01-31 12:30:00,2023-01-31 12:40:00,2023-01-31 12:40:00,2023-01-31 12:45:00,2023-01-31 10:00:00--2023-01-31 14:00:00,SHORT,-1,10.44,0.015,10.43174175685879687893279637,10.45,10.4,10.46,10.43,10.44,MODELLED,CONDITIONAL_OPEN_SCENARIO,10.42,10.45,EXIT_ONLY_FROZEN_ENTRIES,C1_T10
VWAP_MR_CNYRUBF,VWAP_MR_CNYRUBF_000093,VWAP_MR,CNYRUBF,2023-01-31 16:35:00,2023-01-31 16:45:00,2023-01-31 16:45:00,2023-01-31 16:50:00,2023-01-31 14:05:00--2023-01-31 18:50:00,LONG,1,10.43,0.01416666666666666666666666667,10.44037238544311449643332125,10.46,10.41,10.41,10.45,10.43,MODELLED,CONDITIONAL_OPEN_SCENARIO,10.41,10.44,EXIT_ONLY_FROZEN_ENTRIES,C1_T10
VWAP_MR_CNYRUBF,VWAP_MR_CNYRUBF_000094,VWAP_MR,CNYRUBF,2023-01-31 17:10:00,2023-01-31 17:20:00,2023-01-31 17:20:00,2023-01-31 17:25:00,2023-01-31 14:05:00--2023-01-31 18:50:00,LONG,1,10.4,0.01333333333333333333333333333,10.41322666318355973528387322,10.44,10.41,10.38,10.42,10.40,MODELLED,CONDITIONAL_OPEN_SCENARIO,10.37,10.42,EXIT_ONLY_FROZEN_ENTRIES,C1_T10
VWAP_MR_CNYRUBF,VWAP_MR_CNYRUBF_000100,VWAP_MR,CNYRUBF,2023-02-06 17:10:00,2023-02-06 17:20:00,2023-02-06 17:20:00,2023-02-06 17:25:00,2023-02-06 14:05:00--2023-02-06 18:50:00,SHORT,-1,10.44,0.01583333333333333333333333333,10.42552960861341481158155100,10.45,10.41,10.46,10.42,10.44,MODELLED,CONDITIONAL_OPEN_SCENARIO,10.43,10.45,EXIT_ONLY_FROZEN_ENTRIES,C1_T10
VWAP_MR_CNYRUBF,VWAP_MR_CNYRUBF_000104,VWAP_MR,CNYRUBF,2023-02-07 16:30:00,2023-02-07 16:40:00,2023-02-07 16:40:00,2023-02-07 16:45:00,2023-02-07 14:05:00--2023-02-07 18:50:00,SHORT,-1,10.47,0.01,10.46048713501011853136744724,10.47,10.44,10.48,10.46,10.47,MODELLED,CONDITIONAL_OPEN_SCENARIO,10.45,10.47,EXIT_ONLY_FROZEN_ENTRIES,C1_T10
VWAP_MR_CNYRUBF,VWAP_MR_CNYRUBF_000108,VWAP_MR,CNYRUBF,2023-02-08 16:30:00,2023-02-08 16:40:00,2023-02-08 16:40:00,2023-02-08 16:45:00,2023-02-08 14:05:00--2023-02-08 18:50:00,SHORT,-1,10.62,0.01583333333333333333333333333,10.61222139427057459844345090,10.65,10.6,10.64,10.61,10.62,MODELLED,CONDITIONAL_OPEN_SCENARIO,10.62,10.64,EXIT_ONLY_FROZEN_ENTRIES,C1_T10
VWAP_MR_CNYRUBF,VWAP_MR_CNYRUBF_000115,VWAP_MR,CNYRUBF,2023-02-10 11:05:00,2023-02-10 11:15:00,2023-02-10 11:15:00,2023-02-10 11:20:00,2023-02-10 10:00:00--2023-02-10 14:00:00,LONG,1,10.68,0.01666666666666666666666666667,10.69541611721611721611721612,10.73,10.67,10.66,10.70,10.68,MODELLED,CONDITIONAL_OPEN_SCENARIO,10.67,10.69,EXIT_ONLY_FROZEN_ENTRIES,C1_T10
VWAP_MR_CNYRUBF,VWAP_MR_CNYRUBF_000120,VWAP_MR,CNYRUBF,2023-02-10 15:50:00,2023-02-10 16:00:00,2023-02-10 16:00:00,2023-02-10 16:05:00,2023-02-10 14:05:00--2023-02-10 18:50:00,SHORT,-1,10.72,0.008333333333333333333333333333,10.71958893871449925261584455,10.73,10.71,10.73,10.71,10.72,MODELLED,CONDITIONAL_OPEN_SCENARIO,10.72,10.73,EXIT_ONLY_FROZEN_ENTRIES,C1_T10
VWAP_MR_CNYRUBF,VWAP_MR_CNYRUBF_000122,VWAP_MR,CNYRUBF,2023-02-13 11:05:00,2023-02-13 11:15:00,2023-02-13 11:15:00,2023-02-13 11:20:00,2023-02-13 10:00:00--2023-02-13 14:00:00,SHORT,-1,10.77,0.01,10.76957795004306632213608957,10.78,10.74,10.78,10.76,10.77,MODELLED,CONDITIONAL_OPEN_SCENARIO,10.76,10.78,EXIT_ONLY_FROZEN_ENTRIES,C1_T10
VWAP_MR_CNYRUBF,VWAP_MR_CNYRUBF_000123,VWAP_MR,CNYRUBF,2023-02-13 15:50:00,2023-02-13 16:00:00,2023-02-13 16:00:00,2023-02-13 16:05:00,2023-02-13 14:05:00--2023-02-13 18:50:00,LONG,1,10.79,0.01166666666666666666666666667,10.79369374215528061681907836,10.81,10.77,10.78,10.80,10.79,MODELLED,CONDITIONAL_OPEN_SCENARIO,10.77,10.79,EXIT_ONLY_FROZEN_ENTRIES,C1_T10
VWAP_MR_CNYRUBF,VWAP_MR_CNYRUBF_000125,VWAP_MR,CNYRUBF,2023-02-14 12:50:00,2023-02-14 13:00:00,2023-02-14 13:00:00,2023-02-14 13:05:00,2023-02-14 10:00:00--2023-02-14 14:00:00,SHORT,-1,10.84,0.01,10.83604087766756837992185152,10.86,10.83,10.85,10.83,10.84,MODELLED,CONDITIONAL_OPEN_SCENARIO,10.83,10.85,EXIT_ONLY_FROZEN_ENTRIES,C1_T10
VWAP_MR_CNYRUBF,VWAP_MR_CNYRUBF_000141,VWAP_MR,CNYRUBF,2023-02-16 17:15:00,2023-02-16 17:25:00,2023-02-16 17:25:00,2023-02-16 17:30:00,2023-02-16 14:05:00--2023-02-16 18:50:00,LONG,1,10.88,0.0125,10.88261200966722439115077152,10.9,10.87,10.87,10.89,10.88,MODELLED,CONDITIONAL_OPEN_SCENARIO,10.87,10.89,EXIT_ONLY_FROZEN_ENTRIES,C1_T10
VWAP_MR_CNYRUBF,VWAP_MR_CNYRUBF_000142,VWAP_MR,CNYRUBF,2023-02-17 15:15:00,2023-02-17 15:25:00,2023-02-17 15:25:00,2023-02-17 15:30:00,2023-02-17 14:05:00--2023-02-17 18:50:00,LONG,1,10.82,0.01083333333333333333333333333,10.82817215021601861083416418,10.85,10.81,10.81,10.83,10.82,MODELLED,CONDITIONAL_OPEN_SCENARIO,10.81,10.82,EXIT_ONLY_FROZEN_ENTRIES,C1_T10
VWAP_MR_CNYRUBF,VWAP_MR_CNYRUBF_000143,VWAP_MR,CNYRUBF,2023-02-17 16:45:00,2023-02-17 16:55:00,2023-02-17 16:55:00,2023-02-17 17:00:00,2023-02-17 14:05:00--2023-02-17 18:50:00,LONG,1,10.76,0.01833333333333333333333333333,10.77770827090200779142942763,10.78,10.74,10.74,10.78,10.76,MODELLED,CONDITIONAL_OPEN_SCENARIO,10.74,10.76,EXIT_ONLY_FROZEN_ENTRIES,C1_T10
VWAP_MR_CNYRUBF,VWAP_MR_CNYRUBF_000145,VWAP_MR,CNYRUBF,2023-02-17 18:00:00,2023-02-17 18:10:00,2023-02-17 18:10:00,2023-02-17 18:15:00,2023-02-17 14:05:00--2023-02-17 18:50:00,SHORT,-1,10.78,0.008333333333333333333333333333,10.77758761261261261261261261,10.79,10.76,10.79,10.77,10.78,MODELLED,CONDITIONAL_OPEN_SCENARIO,10.77,10.8,EXIT_ONLY_FROZEN_ENTRIES,C1_T10
VWAP_MR_CNYRUBF,VWAP_MR_CNYRUBF_000146,VWAP_MR,CNYRUBF,2023-02-20 12:35:00,2023-02-20 12:45:00,2023-02-20 12:45:00,2023-02-20 12:50:00,2023-02-20 10:00:00--2023-02-20 14:00:00,SHORT,-1,10.78,0.01416666666666666666666666667,10.76601893242177228503812779,10.81,10.74,10.80,10.76,10.78,MODELLED,CONDITIONAL_OPEN_SCENARIO,10.78,10.8,EXIT_ONLY_FROZEN_ENTRIES,C1_T10
VWAP_MR_CNYRUBF,VWAP_MR_CNYRUBF_000152,VWAP_MR,CNYRUBF,2023-02-22 11:15:00,2023-02-22 11:25:00,2023-02-22 11:25:00,2023-02-22 11:30:00,2023-02-22 10:00:00--2023-02-22 14:00:00,SHORT,-1,10.82,0.0125,10.81193672839506172839506173,10.83,10.79,10.83,10.81,10.82,MODELLED,CONDITIONAL_OPEN_SCENARIO,10.81,10.83,EXIT_ONLY_FROZEN_ENTRIES,C1_T10
VWAP_MR_CNYRUBF,VWAP_MR_CNYRUBF_000156,VWAP_MR,CNYRUBF,2023-02-24 11:55:00,2023-02-24 12:05:00,2023-02-24 12:05:00,2023-02-24 12:10:00,2023-02-24 10:00:00--2023-02-24 14:00:00,SHORT,-1,10.89,0.01583333333333333333333333333,10.87630681512559840783174654,10.91,10.84,10.91,10.87,10.89,MODELLED,CONDITIONAL_OPEN_SCENARIO,10.89,10.9,EXIT_ONLY_FROZEN_ENTRIES,C1_T10
VWAP_MR_CNYRUBF,VWAP_MR_CNYRUBF_000163,VWAP_MR,CNYRUBF,2023-02-28 11:20:00,2023-02-28 11:30:00,2023-02-28 11:30:00,2023-02-28 11:35:00,2023-02-28 10:00:00--2023-02-28 14:00:00,SHORT,-1,10.75,0.01583333333333333333333333333,10.74318495718401010220591137,10.77,10.74,10.77,10.74,10.75,MODELLED,CONDITIONAL_OPEN_SCENARIO,10.74,10.76,EXIT_ONLY_FROZEN_ENTRIES,C1_T10
VWAP_MR_CNYRUBF,VWAP_MR_CNYRUBF_000164,VWAP_MR,CNYRUBF,2023-02-28 16:20:00,2023-02-28 16:30:00,2023-02-28 16:30:00,2023-02-28 16:35:00,2023-02-28 14:05:00--2023-02-28 18:50:00,LONG,1,10.77,0.01416666666666666666666666667,10.77596031489269923433624501,10.78,10.75,10.75,10.78,10.77,MODELLED,CONDITIONAL_OPEN_SCENARIO,10.75,10.77,EXIT_ONLY_FROZEN_ENTRIES,C1_T10
VWAP_MR_CNYRUBF,VWAP_MR_CNYRUBF_000166,VWAP_MR,CNYRUBF,2023-02-28 17:20:00,2023-02-28 17:30:00,2023-02-28 17:30:00,2023-02-28 17:35:00,2023-02-28 14:05:00--2023-02-28 18:50:00,SHORT,-1,10.78,0.01416666666666666666666666667,10.77504753039406504753039406,10.79,10.75,10.80,10.77,10.78,MODELLED,CONDITIONAL_OPEN_SCENARIO,10.77,10.79,EXIT_ONLY_FROZEN_ENTRIES,C1_T10
VWAP_MR_CNYRUBF,VWAP_MR_CNYRUBF_000169,VWAP_MR,CNYRUBF,2023-03-01 12:15:00,2023-03-01 12:25:00,2023-03-01 12:25:00,2023-03-01 12:30:00,2023-03-01 10:00:00--2023-03-01 14:00:00,SHORT,-1,10.91,0.01583333333333333333333333333,10.89854364405368501681819695,10.93,10.87,10.93,10.89,10.91,MODELLED,CONDITIONAL_OPEN_SCENARIO,10.91,10.93,EXIT_ONLY_FROZEN_ENTRIES,C1_T10
VWAP_MR_CNYRUBF,VWAP_MR_CNYRUBF_000173,VWAP_MR,CNYRUBF,2023-03-01 16:50:00,2023-03-01 17:00:00,2023-03-01 17:00:00,2023-03-01 17:05:00,2023-03-01 14:05:00--2023-03-01 18:50:00,LONG,1,10.91,0.0125,10.91803830320386611777340254,10.93,10.9,10.90,10.92,10.91,MODELLED,CONDITIONAL_OPEN_SCENARIO,10.9,10.91,EXIT_ONLY_FROZEN_ENTRIES,C1_T10
VWAP_MR_CNYRUBF,VWAP_MR_CNYRUBF_000177,VWAP_MR,CNYRUBF,2023-03-02 11:20:00,2023-03-02 11:30:00,2023-03-02 11:30:00,2023-03-02 11:35:00,2023-03-02 10:00:00--2023-03-02 14:00:00,LONG,1,10.89,0.0125,10.90169672290091138258677526,10.95,10.88,10.88,10.91,10.89,MODELLED,CONDITIONAL_OPEN_SCENARIO,10.88,10.91,EXIT_ONLY_FROZEN_ENTRIES,C1_T10
VWAP_MR_CNYRUBF,VWAP_MR_CNYRUBF_000181,VWAP_MR,CNYRUBF,2023-03-03 11:40:00,2023-03-03 11:50:00,2023-03-03 11:50:00,2023-03-03 11:55:00,2023-03-03 10:00:00--2023-03-03 14:00:00,LONG,1,10.91,0.01083333333333333333333333333,10.91981143281365998515219005,10.94,10.9,10.90,10.92,10.91,MODELLED,CONDITIONAL_OPEN_SCENARIO,10.9,10.92,EXIT_ONLY_FROZEN_ENTRIES,C1_T10
VWAP_MR_CNYRUBF,VWAP_MR_CNYRUBF_000184,VWAP_MR,CNYRUBF,2023-03-03 12:35:00,2023-03-03 12:45:00,2023-03-03 12:45:00,2023-03-03 12:50:00,2023-03-03 10:00:00--2023-03-03 14:00:00,LONG,1,10.91,0.01,10.91236363636363636363636364,10.92,10.89,10.90,10.92,10.91,MODELLED,CONDITIONAL_OPEN_SCENARIO,10.89,10.92,EXIT_ONLY_FROZEN_ENTRIES,C1_T10
VWAP_MR_CNYRUBF,VWAP_MR_CNYRUBF_000185,VWAP_MR,CNYRUBF,2023-03-06 11:30:00,2023-03-06 11:40:00,2023-03-06 11:40:00,2023-03-06 11:45:00,2023-03-06 10:00:00--2023-03-06 14:00:00,LONG,1,10.9,0.01166666666666666666666666667,10.91077441546971598568307535,10.93,10.88,10.89,10.92,10.90,MODELLED,CONDITIONAL_OPEN_SCENARIO,10.88,10.9,EXIT_ONLY_FROZEN_ENTRIES,C1_T10
VWAP_MR_CNYRUBF,VWAP_MR_CNYRUBF_000186,VWAP_MR,CNYRUBF,2023-03-06 16:20:00,2023-03-06 16:30:00,2023-03-06 16:30:00,2023-03-06 16:35:00,2023-03-06 14:05:00--2023-03-06 18:50:00,LONG,1,10.85,0.01083333333333333333333333333,10.85897765685547036029351142,10.87,10.84,10.84,10.86,10.85,MODELLED,CONDITIONAL_OPEN_SCENARIO,10.84,10.85,EXIT_ONLY_FROZEN_ENTRIES,C1_T10
VWAP_MR_CNYRUBF,VWAP_MR_CNYRUBF_000200,VWAP_MR,CNYRUBF,2023-03-16 17:35:00,2023-03-16 17:45:00,2023-03-16 17:45:00,2023-03-16 17:50:00,2023-03-16 14:15:00--2023-03-16 18:50:00,SHORT,-1,11.1,0.01583333333333333333333333333,11.09353728689467628909109925,11.12,11.05,11.12,11.09,11.10,MODELLED,CONDITIONAL_OPEN_SCENARIO,11.09,11.11,EXIT_ONLY_FROZEN_ENTRIES,C1_T10
VWAP_MR_CNYRUBF,VWAP_MR_CNYRUBF_000202,VWAP_MR,CNYRUBF,2023-03-16 17:55:00,2023-03-16 18:05:00,2023-03-16 18:05:00,2023-03-16 18:10:00,2023-03-16 14:15:00--2023-03-16 18:50:00,SHORT,-1,11.11,0.01666666666666666666666666667,11.10093054438187181550013408,11.12,11.07,11.13,11.10,11.11,MODELLED,CONDITIONAL_OPEN_SCENARIO,11.1,11.12,EXIT_ONLY_FROZEN_ENTRIES,C1_T10
VWAP_MR_CNYRUBF,VWAP_MR_CNYRUBF_000206,VWAP_MR,CNYRUBF,2023-03-17 11:15:00,2023-03-17 11:25:00,2023-03-17 11:25:00,2023-03-17 11:30:00,2023-03-17 10:00:00--2023-03-17 14:00:00,SHORT,-1,11.15,0.01666666666666666666666666667,11.13359456858761894579279376,11.17,11.1,11.17,11.13,11.15,MODELLED,CONDITIONAL_OPEN_SCENARIO,11.13,11.17,EXIT_ONLY_FROZEN_ENTRIES,C1_T10
VWAP_MR_CNYRUBF,VWAP_MR_CNYRUBF_000210,VWAP_MR,CNYRUBF,2023-03-17 16:25:00,2023-03-17 16:35:00,2023-03-17 16:35:00,2023-03-17 16:40:00,2023-03-17 14:15:00--2023-03-17 18:50:00,SHORT,-1,11.18,0.01416666666666666666666666667,11.16846582278481012658227848,11.2,11.14,11.20,11.16,11.18,MODELLED,CONDITIONAL_OPEN_SCENARIO,11.18,11.2,EXIT_ONLY_FROZEN_ENTRIES,C1_T10
VWAP_MR_CNYRUBF,VWAP_MR_CNYRUBF_000218,VWAP_MR,CNYRUBF,2023-03-23 15:25:00,2023-03-23 15:35:00,2023-03-23 15:35:00,2023-03-23 15:40:00,2023-03-23 14:05:00--2023-03-23 18:50:00,LONG,1,11.11,0.015,11.11871511199099413842630333,11.13,11.1,11.09,11.12,11.11,MODELLED,CONDITIONAL_OPEN_SCENARIO,11.1,11.11,EXIT_ONLY_FROZEN_ENTRIES,C1_T10
VWAP_MR_CNYRUBF,VWAP_MR_CNYRUBF_000219,VWAP_MR,CNYRUBF,2023-03-23 16:00:00,2023-03-23 16:10:00,2023-03-23 16:10:00,2023-03-23 16:15:00,2023-03-23 14:05:00--2023-03-23 18:50:00,LONG,1,11.11,0.01416666666666666666666666667,11.11126350718965370543690973,11.13,11.07,11.09,11.12,11.11,MODELLED,CONDITIONAL_OPEN_SCENARIO,11.08,11.11,EXIT_ONLY_FROZEN_ENTRIES,C1_T10
VWAP_MR_CNYRUBF,VWAP_MR_CNYRUBF_000220,VWAP_MR,CNYRUBF,2023-03-23 16:45:00,2023-03-23 16:55:00,2023-03-23 16:55:00,2023-03-23 17:00:00,2023-03-23 14:05:00--2023-03-23 18:50:00,SHORT,-1,11.12,0.01166666666666666666666666667,11.11215803300431045476573061,11.14,11.08,11.13,11.11,11.12,MODELLED,CONDITIONAL_OPEN_SCENARIO,11.11,11.14,EXIT_ONLY_FROZEN_ENTRIES,C1_T10
VWAP_MR_CNYRUBF,VWAP_MR_CNYRUBF_000221,VWAP_MR,CNYRUBF,2023-03-23 17:30:00,2023-03-23 17:40:00,2023-03-23 17:40:00,2023-03-23 17:45:00,2023-03-23 14:05:00--2023-03-23 18:50:00,SHORT,-1,11.12,0.0125,11.11266370801839909391396806,11.14,11.1,11.13,11.11,11.12,MODELLED,CONDITIONAL_OPEN_SCENARIO,11.11,11.13,EXIT_ONLY_FROZEN_ENTRIES,C1_T10
VWAP_MR_CNYRUBF,VWAP_MR_CNYRUBF_000233,VWAP_MR,CNYRUBF,2023-03-31 15:35:00,2023-03-31 15:45:00,2023-03-31 15:45:00,2023-03-31 15:50:00,2023-03-31 14:05:00--2023-03-31 18:50:00,SHORT,-1,11.3,0.01833333333333333333333333333,11.29748563537274049961776529,11.32,11.28,11.32,11.29,11.30,MODELLED,CONDITIONAL_OPEN_SCENARIO,11.29,11.32,EXIT_ONLY_FROZEN_ENTRIES,C1_T10
VWAP_MR_CNYRUBF,VWAP_MR_CNYRUBF_000238,VWAP_MR,CNYRUBF,2023-04-03 16:15:00,2023-04-03 16:25:00,2023-04-03 16:25:00,2023-04-03 16:30:00,2023-04-03 14:05:00--2023-04-03 18:50:00,SHORT,-1,11.39,0.01583333333333333333333333333,11.38320220915731337965437378,11.42,11.37,11.41,11.38,11.39,MODELLED,CONDITIONAL_OPEN_SCENARIO,11.39,11.42,EXIT_ONLY_FROZEN_ENTRIES,C1_T10
VWAP_MR_CNYRUBF,VWAP_MR_CNYRUBF_000241,VWAP_MR,CNYRUBF,2023-04-03 17:10:00,2023-04-03 17:20:00,2023-04-03 17:20:00,2023-04-03 17:25:00,2023-04-03 14:05:00--2023-04-03 18:50:00,SHORT,-1,11.39,0.01083333333333333333333333333,11.38439369582348305752561073,11.41,11.38,11.40,11.38,11.39,MODELLED,CONDITIONAL_OPEN_SCENARIO,11.39,11.4,EXIT_ONLY_FROZEN_ENTRIES,C1_T10
VWAP_MR_CNYRUBF,VWAP_MR_CNYRUBF_000245,VWAP_MR,CNYRUBF,2023-04-05 11:25:00,2023-04-05 11:35:00,2023-04-05 11:35:00,2023-04-05 11:40:00,2023-04-05 10:00:00--2023-04-05 14:00:00,LONG,1,11.55,0.01416666666666666666666666667,11.56388327721661054994388328,11.59,11.55,11.53,11.57,11.55,MODELLED,CONDITIONAL_OPEN_SCENARIO,11.55,11.57,EXIT_ONLY_FROZEN_ENTRIES,C1_T10
VWAP_MR_CNYRUBF,VWAP_MR_CNYRUBF_000251,VWAP_MR,CNYRUBF,2023-04-06 16:00:00,2023-04-06 16:10:00,2023-04-06 16:10:00,2023-04-06 16:15:00,2023-04-06 14:05:00--2023-04-06 18:50:00,LONG,1,11.73,0.02333333333333333333333333333,11.73915110269661771478278668,11.79,11.7,11.70,11.74,11.73,MODELLED,CONDITIONAL_OPEN_SCENARIO,11.69,11.76,EXIT_ONLY_FROZEN_ENTRIES,C1_T10
VWAP_MR_CNYRUBF,VWAP_MR_CNYRUBF_000254,VWAP_MR,CNYRUBF,2023-04-07 15:35:00,2023-04-07 15:45:00,2023-04-07 15:45:00,2023-04-07 15:50:00,2023-04-07 14:05:00--2023-04-07 18:50:00,LONG,1,11.82,0.03666666666666666666666666667,11.84680264891477706123015048,11.88,11.74,11.77,11.85,11.82,MODELLED,CONDITIONAL_OPEN_SCENARIO,11.75,11.82,EXIT_ONLY_FROZEN_ENTRIES,C1_T10
VWAP_MR_CNYRUBF,VWAP_MR_CNYRUBF_000256,VWAP_MR,CNYRUBF,2023-04-07 16:40:00,2023-04-07 16:50:00,2023-04-07 16:50:00,2023-04-07 16:55:00,2023-04-07 14:05:00--2023-04-07 18:50:00,LONG,1,11.81,0.03,11.83942503639010189228529840,11.88,11.76,11.77,11.84,11.81,MODELLED,CONDITIONAL_OPEN_SCENARIO,11.76,11.88,EXIT_ONLY_FROZEN_ENTRIES,C1_T10
VWAP_MR_CNYRUBF,VWAP_MR_CNYRUBF_000259,VWAP_MR,CNYRUBF,2023-04-10 12:30:00,2023-04-10 12:40:00,2023-04-10 12:40:00,2023-04-10 12:45:00,2023-04-10 10:00:00--2023-04-10 14:00:00,SHORT,-1,11.88,0.0175,11.87532808128657981909616739,11.92,11.87,11.90,11.87,11.88,MODELLED,CONDITIONAL_OPEN_SCENARIO,11.88,11.91,EXIT_ONLY_FROZEN_ENTRIES,C1_T10
VWAP_MR_CNYRUBF,VWAP_MR_CNYRUBF_000263,VWAP_MR,CNYRUBF,2023-04-10 17:05:00,2023-04-10 17:15:00,2023-04-10 17:15:00,2023-04-10 17:20:00,2023-04-10 14:05:00--2023-04-10 18:50:00,SHORT,-1,11.86,0.01416666666666666666666666667,11.85607461602324616023246160,11.89,11.82,11.88,11.85,11.86,MODELLED,CONDITIONAL_OPEN_SCENARIO,11.86,11.89,EXIT_ONLY_FROZEN_ENTRIES,C1_T10
VWAP_MR_CNYRUBF,VWAP_MR_CNYRUBF_000273,VWAP_MR,CNYRUBF,2023-04-13 12:45:00,2023-04-13 12:55:00,2023-04-13 12:55:00,2023-04-13 13:00:00,2023-04-13 10:00:00--2023-04-13 14:00:00,LONG,1,11.86,0.01333333333333333333333333333,11.86125771818265597640770435,11.86,11.83,11.84,11.87,11.86,MODELLED,CONDITIONAL_OPEN_SCENARIO,11.83,11.86,EXIT_ONLY_FROZEN_ENTRIES,C1_T10
VWAP_MR_CNYRUBF,VWAP_MR_CNYRUBF_000277,VWAP_MR,CNYRUBF,2023-04-24 11:25:00,2023-04-24 11:35:00,2023-04-24 11:35:00,2023-04-24 11:40:00,2023-04-24 10:00:00--2023-04-24 14:00:00,LONG,1,11.78,0.006666666666666666666666666667,11.78329921733895243829018663,11.79,11.77,11.77,11.79,11.78,MODELLED,CONDITIONAL_OPEN_SCENARIO,11.77,11.78,EXIT_ONLY_FROZEN_ENTRIES,C1_T10
VWAP_MR_CNYRUBF,VWAP_MR_CNYRUBF_000283,VWAP_MR,CNYRUBF,2023-04-27 11:25:00,2023-04-27 11:35:00,2023-04-27 11:35:00,2023-04-27 11:40:00,2023-04-27 10:00:00--2023-04-27 14:00:00,LONG,1,11.79,0.01083333333333333333333333333,11.79463484210291725167702971,11.8,11.77,11.78,11.80,11.79,MODELLED,CONDITIONAL_OPEN_SCENARIO,11.77,11.79,EXIT_ONLY_FROZEN_ENTRIES,C1_T10
VWAP_MR_CNYRUBF,VWAP_MR_CNYRUBF_000287,VWAP_MR,CNYRUBF,2023-04-28 15:10:00,2023-04-28 15:20:00,2023-04-28 15:20:00,2023-04-28 15:25:00,2023-04-28 14:05:00--2023-04-28 18:50:00,LONG,1,11.45,0.0275,11.47655523423944476576055524,11.51,11.43,11.41,11.48,11.45,MODELLED,CONDITIONAL_OPEN_SCENARIO,11.44,11.47,EXIT_ONLY_FROZEN_ENTRIES,C1_T10
VWAP_MR_CNYRUBF,VWAP_MR_CNYRUBF_000289,VWAP_MR,CNYRUBF,2023-05-02 13:00:00,2023-05-02 13:10:00,2023-05-02 13:10:00,2023-05-02 13:15:00,2023-05-02 10:00:00--2023-05-02 14:00:00,LONG,1,11.49,0.01583333333333333333333333333,11.49961973927556497812260364,11.51,11.44,11.47,11.50,11.49,MODELLED,CONDITIONAL_OPEN_SCENARIO,11.47,11.49,EXIT_ONLY_FROZEN_ENTRIES,C1_T10
VWAP_MR_CNYRUBF,VWAP_MR_CNYRUBF_000292,VWAP_MR,CNYRUBF,2023-05-02 16:05:00,2023-05-02 16:15:00,2023-05-02 16:15:00,2023-05-02 16:20:00,2023-05-02 14:05:00--2023-05-02 18:50:00,SHORT,-1,11.48,0.01166666666666666666666666667,11.46896654105287198812378669,11.49,11.46,11.49,11.46,11.48,MODELLED,CONDITIONAL_OPEN_SCENARIO,11.48,11.49,EXIT_ONLY_FROZEN_ENTRIES,C1_T10
VWAP_MR_CNYRUBF,VWAP_MR_CNYRUBF_000296,VWAP_MR,CNYRUBF,2023-05-04 16:25:00,2023-05-04 16:35:00,2023-05-04 16:35:00,2023-05-04 16:40:00,2023-05-04 14:05:00--2023-05-04 18:50:00,LONG,1,11.26,0.0225,11.28046498509146587154484649,11.31,11.22,11.23,11.29,11.26,MODELLED,CONDITIONAL_OPEN_SCENARIO,11.22,11.27,EXIT_ONLY_FROZEN_ENTRIES,C1_T10
VWAP_MR_CNYRUBF,VWAP_MR_CNYRUBF_000311,VWAP_MR,CNYRUBF,2023-05-11 15:40:00,2023-05-11 15:50:00,2023-05-11 15:50:00,2023-05-11 15:55:00,2023-05-11 14:05:00--2023-05-11 18:50:00,SHORT,-1,11.08,0.02,11.06276455310124621726594705,11.12,11.04,11.11,11.06,11.08,MODELLED,CONDITIONAL_OPEN_SCENARIO,11.08,11.12,EXIT_ONLY_FROZEN_ENTRIES,C1_T10
VWAP_MR_CNYRUBF,VWAP_MR_CNYRUBF_000313,VWAP_MR,CNYRUBF,2023-05-12 11:20:00,2023-05-12 11:30:00,2023-05-12 11:30:00,2023-05-12 11:35:00,2023-05-12 10:00:00--2023-05-12 14:00:00,SHORT,-1,11.13,0.02416666666666666666666666667,11.11789073983341499265066144,11.16,10.98,11.16,11.11,11.13,MODELLED,CONDITIONAL_OPEN_SCENARIO,11.12,11.16,EXIT_ONLY_FROZEN_ENTRIES,C1_T10
VWAP_MR_CNYRUBF,VWAP_MR_CNYRUBF_000318,VWAP_MR,CNYRUBF,2023-05-15 15:55:00,2023-05-15 16:05:00,2023-05-15 16:05:00,2023-05-15 16:10:00,2023-05-15 14:05:00--2023-05-15 18:50:00,SHORT,-1,11.41,0.01333333333333333333333333333,11.40400753623188405797101449,11.42,11.38,11.43,11.40,11.41,MODELLED,CONDITIONAL_OPEN_SCENARIO,11.4,11.42,EXIT_ONLY_FROZEN_ENTRIES,C1_T10
VWAP_MR_CNYRUBF,VWAP_MR_CNYRUBF_000319,VWAP_MR,CNYRUBF,2023-05-16 11:35:00,2023-05-16 11:45:00,2023-05-16 11:45:00,2023-05-16 11:50:00,2023-05-16 10:00:00--2023-05-16 14:00:00,SHORT,-1,11.48,0.015,11.46946800308404009252120278,11.49,11.43,11.50,11.46,11.48,MODELLED,CONDITIONAL_OPEN_SCENARIO,11.47,11.49,EXIT_ONLY_FROZEN_ENTRIES,C1_T10
VWAP_MR_CNYRUBF,VWAP_MR_CNYRUBF_000321,VWAP_MR,CNYRUBF,2023-05-16 12:25:00,2023-05-16 12:35:00,2023-05-16 12:35:00,2023-05-16 12:40:00,2023-05-16 10:00:00--2023-05-16 14:00:00,SHORT,-1,11.49,0.0175,11.47844239076552652078464698,11.52,11.47,11.51,11.47,11.49,MODELLED,CONDITIONAL_OPEN_SCENARIO,11.48,11.51,EXIT_ONLY_FROZEN_ENTRIES,C1_T10
VWAP_MR_CNYRUBF,VWAP_MR_CNYRUBF_000323,VWAP_MR,CNYRUBF,2023-05-17 11:10:00,2023-05-17 11:20:00,2023-05-17 11:20:00,2023-05-17 11:25:00,2023-05-17 10:00:00--2023-05-17 14:00:00,SHORT,-1,11.51,0.01583333333333333333333333333,11.50814464878240818851583150,11.53,11.48,11.53,11.50,11.51,MODELLED,CONDITIONAL_OPEN_SCENARIO,11.51,11.53,EXIT_ONLY_FROZEN_ENTRIES,C1_T10
VWAP_MR_CNYRUBF,VWAP_MR_CNYRUBF_000327,VWAP_MR,CNYRUBF,2023-05-17 16:20:00,2023-05-17 16:30:00,2023-05-17 16:30:00,2023-05-17 16:35:00,2023-05-17 14:05:00--2023-05-17 18:50:00,LONG,1,11.47,0.02083333333333333333333333333,11.48349495293183622547351707,11.52,11.43,11.44,11.49,11.47,MODELLED,CONDITIONAL_OPEN_SCENARIO,11.45,11.47,EXIT_ONLY_FROZEN_ENTRIES,C1_T10
VWAP_MR_CNYRUBF,VWAP_MR_CNYRUBF_000330,VWAP_MR,CNYRUBF,2023-05-18 12:10:00,2023-05-18 12:20:00,2023-05-18 12:20:00,2023-05-18 12:25:00,2023-05-18 10:00:00--2023-05-18 14:00:00,LONG,1,11.35,0.0175,11.36704147640791476407914764,11.38,11.33,11.33,11.37,11.35,MODELLED,CONDITIONAL_OPEN_SCENARIO,11.33,11.36,EXIT_ONLY_FROZEN_ENTRIES,C1_T10
VWAP_MR_CNYRUBF,VWAP_MR_CNYRUBF_000331,VWAP_MR,CNYRUBF,2023-05-18 12:30:00,2023-05-18 12:40:00,2023-05-18 12:40:00,2023-05-18 12:45:00,2023-05-18 10:00:00--2023-05-18 14:00:00,LONG,1,11.36,0.01583333333333333333333333333,11.36609779367918902802623733,11.37,11.33,11.34,11.37,11.36,MODELLED,CONDITIONAL_OPEN_SCENARIO,11.33,11.36,EXIT_ONLY_FROZEN_ENTRIES,C1_T10
VWAP_MR_CNYRUBF,VWAP_MR_CNYRUBF_000333,VWAP_MR,CNYRUBF,2023-05-19 15:15:00,2023-05-19 15:25:00,2023-05-19 15:25:00,2023-05-19 15:30:00,2023-05-19 14:05:00--2023-05-19 18:50:00,LONG,1,11.4,0.01333333333333333333333333333,11.40056264276928483570549991,11.41,11.38,11.38,11.41,11.40,MODELLED,CONDITIONAL_OPEN_SCENARIO,11.38,11.4,EXIT_ONLY_FROZEN_ENTRIES,C1_T10
VWAP_MR_CNYRUBF,VWAP_MR_CNYRUBF_000334,VWAP_MR,CNYRUBF,2023-05-19 15:35:00,2023-05-19 15:45:00,2023-05-19 15:45:00,2023-05-19 15:50:00,2023-05-19 14:05:00--2023-05-19 18:50:00,LONG,1,11.39,0.015,11.39996217110818387543486338,11.41,11.37,11.37,11.40,11.39,MODELLED,CONDITIONAL_OPEN_SCENARIO,11.38,11.4,EXIT_ONLY_FROZEN_ENTRIES,C1_T10
VWAP_MR_CNYRUBF,VWAP_MR_CNYRUBF_000335,VWAP_MR,CNYRUBF,2023-05-19 16:05:00,2023-05-19 16:15:00,2023-05-19 16:15:00,2023-05-19 16:20:00,2023-05-19 14:05:00--2023-05-19 18:50:00,LONG,1,11.39,0.01833333333333333333333333333,11.39852578616352201257861635,11.4,11.36,11.37,11.40,11.39,MODELLED,CONDITIONAL_OPEN_SCENARIO,11.36,11.39,EXIT_ONLY_FROZEN_ENTRIES,C1_T10
VWAP_MR_CNYRUBF,VWAP_MR_CNYRUBF_000336,VWAP_MR,CNYRUBF,2023-05-22 11:25:00,2023-05-22 11:35:00,2023-05-22 11:35:00,2023-05-22 11:40:00,2023-05-22 10:00:00--2023-05-22 14:00:00,LONG,1,11.35,0.01666666666666666666666666667,11.35806340579710144927536232,11.38,11.33,11.33,11.36,11.35,MODELLED,CONDITIONAL_OPEN_SCENARIO,11.33,11.36,EXIT_ONLY_FROZEN_ENTRIES,C1_T10
VWAP_MR_CNYRUBF,VWAP_MR_CNYRUBF_000347,VWAP_MR,CNYRUBF,2023-05-30 17:05:00,2023-05-30 17:15:00,2023-05-30 17:15:00,2023-05-30 17:20:00,2023-05-30 14:05:00--2023-05-30 18:50:00,LONG,1,11.42,0.01583333333333333333333333333,11.43180445939535084314486566,11.45,11.4,11.40,11.44,11.42,MODELLED,CONDITIONAL_OPEN_SCENARIO,11.4,11.43,EXIT_ONLY_FROZEN_ENTRIES,C1_T10
VWAP_MR_CNYRUBF,VWAP_MR_CNYRUBF_000348,VWAP_MR,CNYRUBF,2023-05-30 17:25:00,2023-05-30 17:35:00,2023-05-30 17:35:00,2023-05-30 17:40:00,2023-05-30 14:05:00--2023-05-30 18:50:00,LONG,1,11.42,0.0175,11.43066477669583795554459920,11.45,11.39,11.40,11.44,11.42,MODELLED,CONDITIONAL_OPEN_SCENARIO,11.39,11.42,EXIT_ONLY_FROZEN_ENTRIES,C1_T10
VWAP_MR_CNYRUBF,VWAP_MR_CNYRUBF_000354,VWAP_MR,CNYRUBF,2023-06-02 11:10:00,2023-06-02 11:20:00,2023-06-02 11:20:00,2023-06-02 11:25:00,2023-06-02 10:00:00--2023-06-02 14:00:00,SHORT,-1,11.4,0.0125,11.39472007495900679315999063,11.42,11.37,11.41,11.39,11.40,MODELLED,CONDITIONAL_OPEN_SCENARIO,11.39,11.42,EXIT_ONLY_FROZEN_ENTRIES,C1_T10
VWAP_MR_CNYRUBF,VWAP_MR_CNYRUBF_000361,VWAP_MR,CNYRUBF,2023-06-08 17:25:00,2023-06-08 17:35:00,2023-06-08 17:35:00,2023-06-08 17:40:00,2023-06-08 14:05:00--2023-06-08 18:50:00,SHORT,-1,11.59,0.01333333333333333333333333333,11.58039885016169601149838304,11.62,11.55,11.61,11.58,11.59,MODELLED,CONDITIONAL_OPEN_SCENARIO,11.59,11.62,EXIT_ONLY_FROZEN_ENTRIES,C1_T10
VWAP_MR_CNYRUBF,VWAP_MR_CNYRUBF_000364,VWAP_MR,CNYRUBF,2023-06-13 15:35:00,2023-06-13 15:45:00,2023-06-13 15:45:00,2023-06-13 15:50:00,2023-06-13 14:05:00--2023-06-13 18:50:00,SHORT,-1,11.7,0.0125,11.69702650657000453103760761,11.71,11.68,11.71,11.69,11.70,MODELLED,CONDITIONAL_OPEN_SCENARIO,11.7,11.71,EXIT_ONLY_FROZEN_ENTRIES,C1_T10
VWAP_MR_CNYRUBF,VWAP_MR_CNYRUBF_000366,VWAP_MR,CNYRUBF,2023-06-14 11:10:00,2023-06-14 11:20:00,2023-06-14 11:20:00,2023-06-14 11:25:00,2023-06-14 10:00:00--2023-06-14 14:00:00,LONG,1,11.81,0.0175,11.81692778740612362796071635,11.84,11.79,11.79,11.82,11.81,MODELLED,CONDITIONAL_OPEN_SCENARIO,11.79,11.82,EXIT_ONLY_FROZEN_ENTRIES,C1_T10
VWAP_MR_CNYRUBF,VWAP_MR_CNYRUBF_000370,VWAP_MR,CNYRUBF,2023-06-15 12:40:00,2023-06-15 12:50:00,2023-06-15 12:50:00,2023-06-15 12:55:00,2023-06-15 10:00:00--2023-06-15 14:00:00,LONG,1,11.73,0.01833333333333333333333333333,11.74143911995177817962628089,11.81,11.68,11.71,11.75,11.73,MODELLED,CONDITIONAL_OPEN_SCENARIO,11.68,11.73,EXIT_ONLY_FROZEN_ENTRIES,C1_T10
VWAP_MR_CNYRUBF,VWAP_MR_CNYRUBF_000372,VWAP_MR,CNYRUBF,2023-06-15 13:00:00,2023-06-15 13:10:00,2023-06-15 13:10:00,2023-06-15 13:15:00,2023-06-15 10:00:00--2023-06-15 14:00:00,LONG,1,11.72,0.02083333333333333333333333333,11.74033974114960030452988199,11.79,11.68,11.69,11.75,11.72,MODELLED,CONDITIONAL_OPEN_SCENARIO,11.71,11.73,EXIT_ONLY_FROZEN_ENTRIES,C1_T10
VWAP_MR_CNYRUBF,VWAP_MR_CNYRUBF_000376,VWAP_MR,CNYRUBF,2023-06-19 11:40:00,2023-06-19 11:50:00,2023-06-19 11:50:00,2023-06-19 11:55:00,2023-06-19 10:00:00--2023-06-19 14:00:00,LONG,1,11.72,0.01333333333333333333333333333,11.72539447731755424063116371,11.74,11.69,11.70,11.73,11.72,MODELLED,CONDITIONAL_OPEN_SCENARIO,11.69,11.72,EXIT_ONLY_FROZEN_ENTRIES,C1_T10
VWAP_MR_CNYRUBF,VWAP_MR_CNYRUBF_000378,VWAP_MR,CNYRUBF,2023-06-20 13:00:00,2023-06-20 13:10:00,2023-06-20 13:10:00,2023-06-20 13:15:00,2023-06-20 10:00:00--2023-06-20 14:00:00,SHORT,-1,11.73,0.01166666666666666666666666667,11.72646903403086028323821602,11.75,11.71,11.74,11.72,11.73,MODELLED,CONDITIONAL_OPEN_SCENARIO,11.73,11.75,EXIT_ONLY_FROZEN_ENTRIES,C1_T10
VWAP_MR_CNYRUBF,VWAP_MR_CNYRUBF_000379,VWAP_MR,CNYRUBF,2023-06-20 16:35:00,2023-06-20 16:45:00,2023-06-20 16:45:00,2023-06-20 16:50:00,2023-06-20 14:05:00--2023-06-20 18:50:00,LONG,1,11.76,0.015,11.77328972020984261803647265,11.78,11.75,11.74,11.78,11.76,MODELLED,CONDITIONAL_OPEN_SCENARIO,11.75,11.77,EXIT_ONLY_FROZEN_ENTRIES,C1_T10
VWAP_MR_CNYRUBF,VWAP_MR_CNYRUBF_000380,VWAP_MR,CNYRUBF,2023-06-20 18:00:00,2023-06-20 18:10:00,2023-06-20 18:10:00,2023-06-20 18:15:00,2023-06-20 14:05:00--2023-06-20 18:50:00,SHORT,-1,11.78,0.01333333333333333333333333333,11.77403473532925836782047064,11.8,11.75,11.80,11.77,11.78,MODELLED,CONDITIONAL_OPEN_SCENARIO,11.77,11.79,EXIT_ONLY_FROZEN_ENTRIES,C1_T10
VWAP_MR_CNYRUBF,VWAP_MR_CNYRUBF_000386,VWAP_MR,CNYRUBF,2023-06-21 13:10:00,2023-06-21 13:20:00,2023-06-21 13:20:00,2023-06-21 13:25:00,2023-06-21 10:00:00--2023-06-21 14:00:00,LONG,1,11.71,0.01833333333333333333333333333,11.71130571286636860407352210,11.74,11.67,11.69,11.72,11.71,MODELLED,CONDITIONAL_OPEN_SCENARIO,11.67,11.71,EXIT_ONLY_FROZEN_ENTRIES,C1_T10
VWAP_MR_CNYRUBF,VWAP_MR_CNYRUBF_000388,VWAP_MR,CNYRUBF,2023-06-21 16:35:00,2023-06-21 16:45:00,2023-06-21 16:45:00,2023-06-21 16:50:00,2023-06-21 14:05:00--2023-06-21 18:50:00,LONG,1,11.7,0.01416666666666666666666666667,11.70480142895146885569870406,11.72,11.69,11.68,11.71,11.70,MODELLED,CONDITIONAL_OPEN_SCENARIO,11.69,11.71,EXIT_ONLY_FROZEN_ENTRIES,C1_T10
VWAP_MR_CNYRUBF,VWAP_MR_CNYRUBF_000389,VWAP_MR,CNYRUBF,2023-06-21 17:05:00,2023-06-21 17:15:00,2023-06-21 17:15:00,2023-06-21 17:20:00,2023-06-21 14:05:00--2023-06-21 18:50:00,LONG,1,11.69,0.015,11.70125493689680772086117297,11.72,11.68,11.67,11.71,11.69,MODELLED,CONDITIONAL_OPEN_SCENARIO,11.68,11.7,EXIT_ONLY_FROZEN_ENTRIES,C1_T10
VWAP_MR_CNYRUBF,VWAP_MR_CNYRUBF_000393,VWAP_MR,CNYRUBF,2023-06-22 17:50:00,2023-06-22 18:00:00,2023-06-22 18:00:00,2023-06-22 18:05:00,2023-06-22 14:05:00--2023-06-22 18:50:00,SHORT,-1,11.66,0.01083333333333333333333333333,11.65764478968505601352779539,11.67,11.65,11.67,11.65,11.66,MODELLED,CONDITIONAL_OPEN_SCENARIO,11.66,11.67,EXIT_ONLY_FROZEN_ENTRIES,C1_T10
VWAP_MR_CNYRUBF,VWAP_MR_CNYRUBF_000394,VWAP_MR,CNYRUBF,2023-06-23 11:30:00,2023-06-23 11:40:00,2023-06-23 11:40:00,2023-06-23 11:45:00,2023-06-23 10:00:00--2023-06-23 14:00:00,SHORT,-1,11.62,0.015,11.60753201069368228507105670,11.63,11.58,11.64,11.60,11.62,MODELLED,CONDITIONAL_OPEN_SCENARIO,11.61,11.63,EXIT_ONLY_FROZEN_ENTRIES,C1_T10
VWAP_MR_CNYRUBF,VWAP_MR_CNYRUBF_000396,VWAP_MR,CNYRUBF,2023-06-23 17:10:00,2023-06-23 17:20:00,2023-06-23 17:20:00,2023-06-23 17:25:00,2023-06-23 14:05:00--2023-06-23 18:50:00,SHORT,-1,11.74,0.01083333333333333333333333333,11.73003130844921525575343580,11.75,11.69,11.75,11.73,11.74,MODELLED,CONDITIONAL_OPEN_SCENARIO,11.72,11.76,EXIT_ONLY_FROZEN_ENTRIES,C1_T10
VWAP_MR_CNYRUBF,VWAP_MR_CNYRUBF_000398,VWAP_MR,CNYRUBF,2023-06-26 11:20:00,2023-06-26 11:30:00,2023-06-26 11:30:00,2023-06-26 11:35:00,2023-06-26 10:00:00--2023-06-26 14:00:00,LONG,1,11.73,0.02083333333333333333333333333,11.74158687250956128231312949,11.79,11.7,11.70,11.75,11.73,MODELLED,CONDITIONAL_OPEN_SCENARIO,11.71,11.74,EXIT_ONLY_FROZEN_ENTRIES,C1_T10
VWAP_MR_CNYRUBF,VWAP_MR_CNYRUBF_000400,VWAP_MR,CNYRUBF,2023-06-26 16:55:00,2023-06-26 17:05:00,2023-06-26 17:05:00,2023-06-26 17:10:00,2023-06-26 14:05:00--2023-06-26 18:50:00,LONG,1,11.75,0.01416666666666666666666666667,11.75700710408684546615581099,11.78,11.74,11.73,11.76,11.75,MODELLED,CONDITIONAL_OPEN_SCENARIO,11.74,11.76,EXIT_ONLY_FROZEN_ENTRIES,C1_T10
VWAP_MR_CNYRUBF,VWAP_MR_CNYRUBF_000414,VWAP_MR,CNYRUBF,2023-06-30 16:25:00,2023-06-30 16:35:00,2023-06-30 16:35:00,2023-06-30 16:40:00,2023-06-30 14:05:00--2023-06-30 18:50:00,SHORT,-1,12.28,0.025,12.25900458317849622197448284,12.31,12.21,12.31,12.25,12.28,MODELLED,CONDITIONAL_OPEN_SCENARIO,12.28,12.31,EXIT_ONLY_FROZEN_ENTRIES,C1_T10
VWAP_MR_CNYRUBF,VWAP_MR_CNYRUBF_000415,VWAP_MR,CNYRUBF,2023-07-03 12:20:00,2023-07-03 12:30:00,2023-07-03 12:30:00,2023-07-03 12:35:00,2023-07-03 10:00:00--2023-07-03 14:00:00,SHORT,-1,12.3,0.0225,12.28569653299916457811194654,12.34,12.25,12.33,12.28,12.30,MODELLED,CONDITIONAL_OPEN_SCENARIO,12.29,12.34,EXIT_ONLY_FROZEN_ENTRIES,C1_T10
VWAP_MR_CNYRUBF,VWAP_MR_CNYRUBF_000420,VWAP_MR,CNYRUBF,2023-07-05 15:20:00,2023-07-05 15:30:00,2023-07-05 15:30:00,2023-07-05 15:35:00,2023-07-05 14:05:00--2023-07-05 18:50:00,SHORT,-1,12.5,0.01416666666666666666666666667,12.49459790879728472108173208,12.52,12.47,12.52,12.49,12.50,MODELLED,CONDITIONAL_OPEN_SCENARIO,12.48,12.52,EXIT_ONLY_FROZEN_ENTRIES,C1_T10
VWAP_MR_CNYRUBF,VWAP_MR_CNYRUBF_000422,VWAP_MR,CNYRUBF,2023-07-05 16:20:00,2023-07-05 16:30:00,2023-07-05 16:30:00,2023-07-05 16:35:00,2023-07-05 14:05:00--2023-07-05 18:50:00,LONG,1,12.49,0.02333333333333333333333333333,12.50423351761258932240915298,12.55,12.47,12.46,12.51,12.49,MODELLED,CONDITIONAL_OPEN_SCENARIO,12.47,12.51,EXIT_ONLY_FROZEN_ENTRIES,C1_T10
VWAP_MR_CNYRUBF,VWAP_MR_CNYRUBF_000424,VWAP_MR,CNYRUBF,2023-07-05 16:55:00,2023-07-05 17:05:00,2023-07-05 17:05:00,2023-07-05 17:10:00,2023-07-05 14:05:00--2023-07-05 18:50:00,LONG,1,12.48,0.0225,12.49922261556615873993125032,12.55,12.47,12.45,12.50,12.48,MODELLED,CONDITIONAL_OPEN_SCENARIO,12.46,12.5,EXIT_ONLY_FROZEN_ENTRIES,C1_T10
VWAP_MR_CNYRUBF,VWAP_MR_CNYRUBF_000427,VWAP_MR,CNYRUBF,2023-07-05 17:30:00,2023-07-05 17:40:00,2023-07-05 17:40:00,2023-07-05 17:45:00,2023-07-05 14:05:00--2023-07-05 18:50:00,SHORT,-1,12.51,0.01916666666666666666666666667,12.49966459382650046427867976,12.52,12.46,12.53,12.49,12.51,MODELLED,CONDITIONAL_OPEN_SCENARIO,12.49,12.52,EXIT_ONLY_FROZEN_ENTRIES,C1_T10
VWAP_MR_CNYRUBF,VWAP_MR_CNYRUBF_000431,VWAP_MR,CNYRUBF,2023-07-06 15:10:00,2023-07-06 15:20:00,2023-07-06 15:20:00,2023-07-06 15:25:00,2023-07-06 14:05:00--2023-07-06 18:50:00,SHORT,-1,12.66,0.03416666666666666666666666667,12.62726772584708725384338527,12.69,12.58,12.71,12.62,12.66,MODELLED,CONDITIONAL_OPEN_SCENARIO,12.63,12.69,EXIT_ONLY_FROZEN_ENTRIES,C1_T10
VWAP_MR_CNYRUBF,VWAP_MR_CNYRUBF_000433,VWAP_MR,CNYRUBF,2023-07-06 16:20:00,2023-07-06 16:30:00,2023-07-06 16:30:00,2023-07-06 16:35:00,2023-07-06 14:05:00--2023-07-06 18:50:00,LONG,1,12.62,0.04,12.64472603649626221272176129,12.75,12.55,12.56,12.65,12.63,MODELLED,CONDITIONAL_OPEN_SCENARIO,12.55,12.62,EXIT_ONLY_FROZEN_ENTRIES,C1_T10
VWAP_MR_CNYRUBF,VWAP_MR_CNYRUBF_000434,VWAP_MR,CNYRUBF,2023-07-07 11:45:00,2023-07-07 11:55:00,2023-07-07 11:55:00,2023-07-07 12:00:00,2023-07-07 10:00:00--2023-07-07 14:00:00,SHORT,-1,12.66,0.02166666666666666666666666667,12.63961577201090176561203934,12.68,12.62,12.69,12.63,12.66,MODELLED,CONDITIONAL_OPEN_SCENARIO,12.66,12.68,EXIT_ONLY_FROZEN_ENTRIES,C1_T10
VWAP_MR_CNYRUBF,VWAP_MR_CNYRUBF_000443,VWAP_MR,CNYRUBF,2023-07-10 16:25:00,2023-07-10 16:35:00,2023-07-10 16:35:00,2023-07-10 16:40:00,2023-07-10 14:05:00--2023-07-10 18:50:00,LONG,1,12.53,0.02333333333333333333333333333,12.54002686770028290107944937,12.59,12.47,12.50,12.55,12.53,MODELLED,CONDITIONAL_OPEN_SCENARIO,12.47,12.53,EXIT_ONLY_FROZEN_ENTRIES,C1_T10
VWAP_MR_CNYRUBF,VWAP_MR_CNYRUBF_000444,VWAP_MR,CNYRUBF,2023-07-10 16:45:00,2023-07-10 16:55:00,2023-07-10 16:55:00,2023-07-10 17:00:00,2023-07-10 14:05:00--2023-07-10 18:50:00,LONG,1,12.51,0.03083333333333333333333333333,12.52719870065517810934317018,12.56,12.47,12.47,12.53,12.51,MODELLED,CONDITIONAL_OPEN_SCENARIO,12.48,12.54,EXIT_ONLY_FROZEN_ENTRIES,C1_T10
VWAP_MR_CNYRUBF,VWAP_MR_CNYRUBF_000446,VWAP_MR,CNYRUBF,2023-07-11 12:35:00,2023-07-11 12:45:00,2023-07-11 12:45:00,2023-07-11 12:50:00,2023-07-11 10:00:00--2023-07-11 14:00:00,LONG,1,12.54,0.0175,12.54849688208616780045351474,12.61,12.52,12.52,12.55,12.54,MODELLED,CONDITIONAL_OPEN_SCENARIO,12.52,12.55,EXIT_ONLY_FROZEN_ENTRIES,C1_T10
VWAP_MR_CNYRUBF,VWAP_MR_CNYRUBF_000447,VWAP_MR,CNYRUBF,2023-07-11 15:30:00,2023-07-11 15:40:00,2023-07-11 15:40:00,2023-07-11 15:45:00,2023-07-11 14:05:00--2023-07-11 18:50:00,LONG,1,12.5,0.01083333333333333333333333333,12.50673450422823157699098597,12.53,12.47,12.49,12.51,12.50,MODELLED,CONDITIONAL_OPEN_SCENARIO,12.47,12.5,EXIT_ONLY_FROZEN_ENTRIES,C1_T10
VWAP_MR_CNYRUBF,VWAP_MR_CNYRUBF_000451,VWAP_MR,CNYRUBF,2023-07-12 12:15:00,2023-07-12 12:25:00,2023-07-12 12:25:00,2023-07-12 12:30:00,2023-07-12 10:00:00--2023-07-12 14:00:00,SHORT,-1,12.58,0.01333333333333333333333333333,12.57241050436101630640879788,12.6,12.56,12.60,12.57,12.58,MODELLED,CONDITIONAL_OPEN_SCENARIO,12.58,12.6,EXIT_ONLY_FROZEN_ENTRIES,C1_T10
VWAP_MR_CNYRUBF,VWAP_MR_CNYRUBF_000454,VWAP_MR,CNYRUBF,2023-07-12 15:50:00,2023-07-12 16:00:00,2023-07-12 16:00:00,2023-07-12 16:05:00,2023-07-12 14:05:00--2023-07-12 18:50:00,SHORT,-1,12.62,0.01666666666666666666666666667,12.61143601523980277902285970,12.64,12.6,12.64,12.61,12.62,MODELLED,CONDITIONAL_OPEN_SCENARIO,12.61,12.64,EXIT_ONLY_FROZEN_ENTRIES,C1_T10
VWAP_MR_CNYRUBF,VWAP_MR_CNYRUBF_000457,VWAP_MR,CNYRUBF,2023-07-13 15:45:00,2023-07-13 15:55:00,2023-07-13 15:55:00,2023-07-13 16:00:00,2023-07-13 14:05:00--2023-07-13 18:50:00,SHORT,-1,12.54,0.01833333333333333333333333333,12.52942356036818577535189913,12.56,12.5,12.56,12.52,12.54,MODELLED,CONDITIONAL_OPEN_SCENARIO,12.54,12.56,EXIT_ONLY_FROZEN_ENTRIES,C1_T10
VWAP_MR_CNYRUBF,VWAP_MR_CNYRUBF_000459,VWAP_MR,CNYRUBF,2023-07-14 11:40:00,2023-07-14 11:50:00,2023-07-14 11:50:00,2023-07-14 11:55:00,2023-07-14 10:00:00--2023-07-14 14:00:00,SHORT,-1,12.6,0.01,12.59807996641152343119206795,12.62,12.57,12.61,12.59,12.60,MODELLED,CONDITIONAL_OPEN_SCENARIO,12.6,12.61,EXIT_ONLY_FROZEN_ENTRIES,C1_T10
VWAP_MR_CNYRUBF,VWAP_MR_CNYRUBF_000460,VWAP_MR,CNYRUBF,2023-07-14 15:30:00,2023-07-14 15:40:00,2023-07-14 15:40:00,2023-07-14 15:45:00,2023-07-14 14:05:00--2023-07-14 18:50:00,LONG,1,12.62,0.01,12.62439136125654450261780105,12.64,12.61,12.61,12.63,12.62,MODELLED,CONDITIONAL_OPEN_SCENARIO,12.61,12.62,EXIT_ONLY_FROZEN_ENTRIES,C1_T10
VWAP_MR_CNYRUBF,VWAP_MR_CNYRUBF_000467,VWAP_MR,CNYRUBF,2023-07-17 17:10:00,2023-07-17 17:20:00,2023-07-17 17:20:00,2023-07-17 17:25:00,2023-07-17 14:05:00--2023-07-17 18:50:00,SHORT,-1,12.64,0.01,12.63176245210727969348659004,12.65,12.61,12.65,12.63,12.64,MODELLED,CONDITIONAL_OPEN_SCENARIO,12.63,12.65,EXIT_ONLY_FROZEN_ENTRIES,C1_T10
VWAP_MR_CNYRUBF,VWAP_MR_CNYRUBF_000468,VWAP_MR,CNYRUBF,2023-07-18 13:10:00,2023-07-18 13:20:00,2023-07-18 13:20:00,2023-07-18 13:25:00,2023-07-18 10:00:00--2023-07-18 14:00:00,LONG,1,12.64,0.0075,12.64038989757914338919925513,12.66,12.63,12.63,12.65,12.64,MODELLED,CONDITIONAL_OPEN_SCENARIO,12.63,12.64,EXIT_ONLY_FROZEN_ENTRIES,C1_T10
VWAP_MR_CNYRUBF,VWAP_MR_CNYRUBF_000470,VWAP_MR,CNYRUBF,2023-07-20 11:20:00,2023-07-20 11:30:00,2023-07-20 11:30:00,2023-07-20 11:35:00,2023-07-20 10:00:00--2023-07-20 14:00:00,SHORT,-1,12.69,0.009166666666666666666666666667,12.68782498268298314477026091,12.7,12.66,12.70,12.68,12.69,MODELLED,CONDITIONAL_OPEN_SCENARIO,12.68,12.71,EXIT_ONLY_FROZEN_ENTRIES,C1_T10
VWAP_MR_CNYRUBF,VWAP_MR_CNYRUBF_000472,VWAP_MR,CNYRUBF,2023-07-20 16:45:00,2023-07-20 16:55:00,2023-07-20 16:55:00,2023-07-20 17:00:00,2023-07-20 14:05:00--2023-07-20 18:50:00,SHORT,-1,12.61,0.01,12.60760777298396997439405102,12.64,12.6,12.62,12.60,12.61,MODELLED,CONDITIONAL_OPEN_SCENARIO,12.61,12.64,EXIT_ONLY_FROZEN_ENTRIES,C1_T10
VWAP_MR_CNYRUBF,VWAP_MR_CNYRUBF_000479,VWAP_MR,CNYRUBF,2023-07-24 13:00:00,2023-07-24 13:10:00,2023-07-24 13:10:00,2023-07-24 13:15:00,2023-07-24 10:00:00--2023-07-24 14:00:00,LONG,1,12.55,0.01666666666666666666666666667,12.56213376328675504598112982,12.56,12.53,12.53,12.57,12.55,MODELLED,CONDITIONAL_OPEN_SCENARIO,12.54,12.56,EXIT_ONLY_FROZEN_ENTRIES,C1_T10
VWAP_MR_CNYRUBF,VWAP_MR_CNYRUBF_000484,VWAP_MR,CNYRUBF,2023-07-27 16:25:00,2023-07-27 16:35:00,2023-07-27 16:35:00,2023-07-27 16:40:00,2023-07-27 14:05:00--2023-07-27 18:50:00,SHORT,-1,12.64,0.0175,12.63204887044721069617335178,12.66,12.62,12.66,12.63,12.64,MODELLED,CONDITIONAL_OPEN_SCENARIO,12.63,12.66,EXIT_ONLY_FROZEN_ENTRIES,C1_T10
VWAP_MR_CNYRUBF,VWAP_MR_CNYRUBF_000486,VWAP_MR,CNYRUBF,2023-07-28 12:15:00,2023-07-28 12:25:00,2023-07-28 12:25:00,2023-07-28 12:30:00,2023-07-28 10:00:00--2023-07-28 14:00:00,SHORT,-1,12.7,0.01416666666666666666666666667,12.69601905932984936981248078,12.71,12.68,12.72,12.69,12.70,MODELLED,CONDITIONAL_OPEN_SCENARIO,12.69,12.72,EXIT_ONLY_FROZEN_ENTRIES,C1_T10
VWAP_MR_CNYRUBF,VWAP_MR_CNYRUBF_000487,VWAP_MR,CNYRUBF,2023-07-28 16:15:00,2023-07-28 16:25:00,2023-07-28 16:25:00,2023-07-28 16:30:00,2023-07-28 14:05:00--2023-07-28 18:50:00,SHORT,-1,12.75,0.01666666666666666666666666667,12.73524127557160048134777377,12.76,12.71,12.77,12.73,12.75,MODELLED,CONDITIONAL_OPEN_SCENARIO,12.73,12.77,EXIT_ONLY_FROZEN_ENTRIES,C1_T10
VWAP_MR_CNYRUBF,VWAP_MR_CNYRUBF_000491,VWAP_MR,CNYRUBF,2023-07-28 17:40:00,2023-07-28 17:50:00,2023-07-28 17:50:00,2023-07-28 17:55:00,2023-07-28 14:05:00--2023-07-28 18:50:00,SHORT,-1,12.78,0.02083333333333333333333333333,12.76516677236746294599863764,12.82,12.75,12.81,12.76,12.78,MODELLED,CONDITIONAL_OPEN_SCENARIO,12.77,12.81,EXIT_ONLY_FROZEN_ENTRIES,C1_T10
VWAP_MR_CNYRUBF,VWAP_MR_CNYRUBF_000496,VWAP_MR,CNYRUBF,2023-07-31 16:05:00,2023-07-31 16:15:00,2023-07-31 16:15:00,2023-07-31 16:20:00,2023-07-31 14:05:00--2023-07-31 18:50:00,SHORT,-1,12.8,0.01333333333333333333333333333,12.79783247382403500546960463,12.82,12.78,12.82,12.79,12.80,MODELLED,CONDITIONAL_OPEN_SCENARIO,12.8,12.82,EXIT_ONLY_FROZEN_ENTRIES,C1_T10
VWAP_MR_CNYRUBF,VWAP_MR_CNYRUBF_000498,VWAP_MR,CNYRUBF,2023-08-01 17:00:00,2023-08-01 17:10:00,2023-08-01 17:10:00,2023-08-01 17:15:00,2023-08-01 14:05:00--2023-08-01 18:50:00,SHORT,-1,12.84,0.0125,12.83030006018399105837847133,12.86,12.81,12.85,12.83,12.84,MODELLED,CONDITIONAL_OPEN_SCENARIO,12.83,12.86,EXIT_ONLY_FROZEN_ENTRIES,C1_T10
VWAP_MR_CNYRUBF,VWAP_MR_CNYRUBF_000500,VWAP_MR,CNYRUBF,2023-08-01 17:25:00,2023-08-01 17:35:00,2023-08-01 17:35:00,2023-08-01 17:40:00,2023-08-01 14:05:00--2023-08-01 18:50:00,SHORT,-1,12.84,0.015,12.83138402494603022307507796,12.86,12.82,12.86,12.83,12.84,MODELLED,CONDITIONAL_OPEN_SCENARIO,12.84,12.85,EXIT_ONLY_FROZEN_ENTRIES,C1_T10
VWAP_MR_CNYRUBF,VWAP_MR_CNYRUBF_000504,VWAP_MR,CNYRUBF,2023-08-02 15:25:00,2023-08-02 15:35:00,2023-08-02 15:35:00,2023-08-02 15:40:00,2023-08-02 14:05:00--2023-08-02 18:50:00,LONG,1,12.95,0.01833333333333333333333333333,12.96186026343444236988970850,12.98,12.92,12.93,12.97,12.95,MODELLED,CONDITIONAL_OPEN_SCENARIO,12.93,12.95,EXIT_ONLY_FROZEN_ENTRIES,C1_T10
VWAP_MR_CNYRUBF,VWAP_MR_CNYRUBF_000509,VWAP_MR,CNYRUBF,2023-08-03 16:15:00,2023-08-03 16:25:00,2023-08-03 16:25:00,2023-08-03 16:30:00,2023-08-03 14:05:00--2023-08-03 18:50:00,LONG,1,13.1,0.03416666666666666666666666667,13.10887200519957865483314284,13.18,13.02,13.05,13.11,13.10,MODELLED,CONDITIONAL_OPEN_SCENARIO,13.06,13.1,EXIT_ONLY_FROZEN_ENTRIES,C1_T10
VWAP_MR_CNYRUBF,VWAP_MR_CNYRUBF_000512,VWAP_MR,CNYRUBF,2023-08-03 17:45:00,2023-08-03 17:55:00,2023-08-03 17:55:00,2023-08-03 18:00:00,2023-08-03 14:05:00--2023-08-03 18:50:00,SHORT,-1,13.12,0.01416666666666666666666666667,13.10775173064820641913152926,13.14,13.08,13.14,13.10,13.12,MODELLED,CONDITIONAL_OPEN_SCENARIO,13.12,13.14,EXIT_ONLY_FROZEN_ENTRIES,C1_T10
VWAP_MR_CNYRUBF,VWAP_MR_CNYRUBF_000518,VWAP_MR,CNYRUBF,2023-08-07 11:05:00,2023-08-07 11:15:00,2023-08-07 11:15:00,2023-08-07 11:20:00,2023-08-07 10:00:00--2023-08-07 14:00:00,SHORT,-1,13.41,0.02666666666666666666666666667,13.40416223843405686150890150,13.47,13.33,13.45,13.40,13.41,MODELLED,CONDITIONAL_OPEN_SCENARIO,13.41,13.45,EXIT_ONLY_FROZEN_ENTRIES,C1_T10
VWAP_MR_CNYRUBF,VWAP_MR_CNYRUBF_000520,VWAP_MR,CNYRUBF,2023-08-07 11:35:00,2023-08-07 11:45:00,2023-08-07 11:45:00,2023-08-07 11:50:00,2023-08-07 10:00:00--2023-08-07 14:00:00,SHORT,-1,13.43,0.03083333333333333333333333333,13.41567367923413308119607612,13.47,13.36,13.47,13.41,13.43,MODELLED,CONDITIONAL_OPEN_SCENARIO,13.43,13.47,EXIT_ONLY_FROZEN_ENTRIES,C1_T10
VWAP_MR_CNYRUBF,VWAP_MR_CNYRUBF_000525,VWAP_MR,CNYRUBF,2023-08-07 15:25:00,2023-08-07 15:35:00,2023-08-07 15:35:00,2023-08-07 15:40:00,2023-08-07 14:05:00--2023-08-07 18:50:00,LONG,1,13.38,0.0175,13.38074734506260897131082581,13.42,13.35,13.36,13.39,13.38,MODELLED,CONDITIONAL_OPEN_SCENARIO,13.35,13.39,EXIT_ONLY_FROZEN_ENTRIES,C1_T10
VWAP_MR_CNYRUBF,VWAP_MR_CNYRUBF_000528,VWAP_MR,CNYRUBF,2023-08-08 11:35:00,2023-08-08 11:45:00,2023-08-08 11:45:00,2023-08-08 11:50:00,2023-08-08 10:00:00--2023-08-08 14:00:00,LONG,1,13.28,0.01916666666666666666666666667,13.29537239622358759178780160,13.33,13.25,13.26,13.30,13.28,MODELLED,CONDITIONAL_OPEN_SCENARIO,13.25,13.28,EXIT_ONLY_FROZEN_ENTRIES,C1_T10
VWAP_MR_CNYRUBF,VWAP_MR_CNYRUBF_000531,VWAP_MR,CNYRUBF,2023-08-09 11:15:00,2023-08-09 11:25:00,2023-08-09 11:25:00,2023-08-09 11:30:00,2023-08-09 10:00:00--2023-08-09 14:00:00,SHORT,-1,13.48,0.02583333333333333333333333333,13.46851943346508563899868248,13.51,13.43,13.51,13.46,13.48,MODELLED,CONDITIONAL_OPEN_SCENARIO,13.48,13.5,EXIT_ONLY_FROZEN_ENTRIES,C1_T10
VWAP_MR_CNYRUBF,VWAP_MR_CNYRUBF_000532,VWAP_MR,CNYRUBF,2023-08-09 15:15:00,2023-08-09 15:25:00,2023-08-09 15:25:00,2023-08-09 15:30:00,2023-08-09 14:05:00--2023-08-09 18:50:00,SHORT,-1,13.54,0.01833333333333333333333333333,13.52264122796686687865583167,13.56,13.48,13.56,13.52,13.54,MODELLED,CONDITIONAL_OPEN_SCENARIO,13.53,13.56,EXIT_ONLY_FROZEN_ENTRIES,C1_T10
VWAP_MR_CNYRUBF,VWAP_MR_CNYRUBF_000533,VWAP_MR,CNYRUBF,2023-08-09 16:25:00,2023-08-09 16:35:00,2023-08-09 16:35:00,2023-08-09 16:40:00,2023-08-09 14:05:00--2023-08-09 18:50:00,SHORT,-1,13.55,0.01916666666666666666666666667,13.53277274455853074737713353,13.57,13.52,13.57,13.53,13.55,MODELLED,CONDITIONAL_OPEN_SCENARIO,13.54,13.57,EXIT_ONLY_FROZEN_ENTRIES,C1_T10
VWAP_MR_CNYRUBF,VWAP_MR_CNYRUBF_000538,VWAP_MR,CNYRUBF,2023-08-10 15:30:00,2023-08-10 15:40:00,2023-08-10 15:40:00,2023-08-10 15:45:00,2023-08-10 14:05:00--2023-08-10 18:50:00,LONG,1,13.42,0.01583333333333333333333333333,13.42628654318232537380049096,13.5,13.39,13.40,13.43,13.42,MODELLED,CONDITIONAL_OPEN_SCENARIO,13.39,13.43,EXIT_ONLY_FROZEN_ENTRIES,C1_T10
VWAP_MR_CNYRUBF,VWAP_MR_CNYRUBF_000540,VWAP_MR,CNYRUBF,2023-08-11 12:30:00,2023-08-11 12:40:00,2023-08-11 12:40:00,2023-08-11 12:45:00,2023-08-11 10:00:00--2023-08-11 14:00:00,SHORT,-1,13.54,0.015,13.53005219713522699684389416,13.56,13.52,13.56,13.53,13.54,MODELLED,CONDITIONAL_OPEN_SCENARIO,13.54,13.56,EXIT_ONLY_FROZEN_ENTRIES,C1_T10
VWAP_MR_CNYRUBF,VWAP_MR_CNYRUBF_000541,VWAP_MR,CNYRUBF,2023-08-11 13:05:00,2023-08-11 13:15:00,2023-08-11 13:15:00,2023-08-11 13:20:00,2023-08-11 10:00:00--2023-08-11 14:00:00,SHORT,-1,13.54,0.015,13.53317806686249825150370681,13.56,13.52,13.56,13.53,13.54,MODELLED,CONDITIONAL_OPEN_SCENARIO,13.54,13.56,EXIT_ONLY_FROZEN_ENTRIES,C1_T10
VWAP_MR_CNYRUBF,VWAP_MR_CNYRUBF_000543,VWAP_MR,CNYRUBF,2023-08-11 15:50:00,2023-08-11 16:00:00,2023-08-11 16:00:00,2023-08-11 16:05:00,2023-08-11 14:05:00--2023-08-11 18:50:00,SHORT,-1,13.61,0.02166666666666666666666666667,13.59591140993404030465362050,13.62,13.55,13.64,13.59,13.61,MODELLED,CONDITIONAL_OPEN_SCENARIO,13.58,13.62,EXIT_ONLY_FROZEN_ENTRIES,C1_T10
VWAP_MR_CNYRUBF,VWAP_MR_CNYRUBF_000545,VWAP_MR,CNYRUBF,2023-08-14 11:15:00,2023-08-14 11:25:00,2023-08-14 11:25:00,2023-08-14 11:30:00,2023-08-14 10:00:00--2023-08-14 14:00:00,SHORT,-1,13.89,0.02166666666666666666666666667,13.87828590001421983870640096,13.91,13.86,13.92,13.87,13.89,MODELLED,CONDITIONAL_OPEN_SCENARIO,13.88,13.91,EXIT_ONLY_FROZEN_ENTRIES,C1_T10
VWAP_MR_CNYRUBF,VWAP_MR_CNYRUBF_000550,VWAP_MR,CNYRUBF,2023-08-14 15:55:00,2023-08-14 16:05:00,2023-08-14 16:05:00,2023-08-14 16:10:00,2023-08-14 14:05:00--2023-08-14 18:50:00,SHORT,-1,13.92,0.02583333333333333333333333333,13.90139592813189794433551601,13.95,13.88,13.95,13.90,13.92,MODELLED,CONDITIONAL_OPEN_SCENARIO,13.9,13.95,EXIT_ONLY_FROZEN_ENTRIES,C1_T10
VWAP_MR_CNYRUBF,VWAP_MR_CNYRUBF_000552,VWAP_MR,CNYRUBF,2023-08-15 11:55:00,2023-08-15 12:05:00,2023-08-15 12:05:00,2023-08-15 12:10:00,2023-08-15 10:00:00--2023-08-15 14:00:00,SHORT,-1,13.37,0.06083333333333333333333333333,13.30934930545232314222948979,13.55,13.3,13.46,13.30,13.36,MODELLED,CONDITIONAL_OPEN_SCENARIO,13.37,13.43,EXIT_ONLY_FROZEN_ENTRIES,C1_T10
VWAP_MR_CNYRUBF,VWAP_MR_CNYRUBF_000554,VWAP_MR,CNYRUBF,2023-08-15 16:25:00,2023-08-15 16:35:00,2023-08-15 16:35:00,2023-08-15 16:40:00,2023-08-15 14:05:00--2023-08-15 18:50:00,LONG,1,13.48,0.03,13.48350980521915602320605298,13.5,13.42,13.44,13.49,13.48,MODELLED,CONDITIONAL_OPEN_SCENARIO,13.44,13.48,EXIT_ONLY_FROZEN_ENTRIES,C1_T10
VWAP_MR_CNYRUBF,VWAP_MR_CNYRUBF_000557,VWAP_MR,CNYRUBF,2023-08-16 11:40:00,2023-08-16 11:50:00,2023-08-16 11:50:00,2023-08-16 11:55:00,2023-08-16 10:00:00--2023-08-16 14:00:00,LONG,1,13.24,0.01916666666666666666666666667,13.25619887784763063611167444,13.29,13.23,13.22,13.26,13.24,MODELLED,CONDITIONAL_OPEN_SCENARIO,13.23,13.27,EXIT_ONLY_FROZEN_ENTRIES,C1_T10
VWAP_MR_CNYRUBF,VWAP_MR_CNYRUBF_000559,VWAP_MR,CNYRUBF,2023-08-16 12:40:00,2023-08-16 12:50:00,2023-08-16 12:50:00,2023-08-16 12:55:00,2023-08-16 10:00:00--2023-08-16 14:00:00,LONG,1,13.23,0.0175,13.24216297839104399895860452,13.26,13.2,13.21,13.25,13.23,MODELLED,CONDITIONAL_OPEN_SCENARIO,13.2,13.24,EXIT_ONLY_FROZEN_ENTRIES,C1_T10
VWAP_MR_CNYRUBF,VWAP_MR_CNYRUBF_000560,VWAP_MR,CNYRUBF,2023-08-16 15:55:00,2023-08-16 16:05:00,2023-08-16 16:05:00,2023-08-16 16:10:00,2023-08-16 14:05:00--2023-08-16 18:50:00,LONG,1,13.04,0.03416666666666666666666666667,13.06462966387516621315791791,13.11,13,12.99,13.07,13.04,MODELLED,CONDITIONAL_OPEN_SCENARIO,13.01,13.05,EXIT_ONLY_FROZEN_ENTRIES,C1_T10
VWAP_MR_CNYRUBF,VWAP_MR_CNYRUBF_000566,VWAP_MR,CNYRUBF,2023-08-18 15:50:00,2023-08-18 16:00:00,2023-08-18 16:00:00,2023-08-18 16:05:00,2023-08-18 14:05:00--2023-08-18 18:50:00,SHORT,-1,12.82,0.02083333333333333333333333333,12.81482230823363828289936664,12.85,12.79,12.85,12.81,12.82,MODELLED,CONDITIONAL_OPEN_SCENARIO,12.82,12.85,EXIT_ONLY_FROZEN_ENTRIES,C1_T10
VWAP_MR_CNYRUBF,VWAP_MR_CNYRUBF_000567,VWAP_MR,CNYRUBF,2023-08-18 17:45:00,2023-08-18 17:55:00,2023-08-18 17:55:00,2023-08-18 18:00:00,2023-08-18 14:05:00--2023-08-18 18:50:00,SHORT,-1,12.82,0.01416666666666666666666666667,12.81870481927710843373493976,12.86,12.82,12.84,12.81,12.82,MODELLED,CONDITIONAL_OPEN_SCENARIO,12.82,12.86,EXIT_ONLY_FROZEN_ENTRIES,C1_T10
VWAP_MR_CNYRUBF,VWAP_MR_CNYRUBF_000572,VWAP_MR,CNYRUBF,2023-08-21 15:25:00,2023-08-21 15:35:00,2023-08-21 15:35:00,2023-08-21 15:40:00,2023-08-21 14:05:00--2023-08-21 18:50:00,LONG,1,12.89,0.01833333333333333333333333333,12.89662936088222030910507112,12.92,12.88,12.87,12.90,12.89,MODELLED,CONDITIONAL_OPEN_SCENARIO,12.88,12.91,EXIT_ONLY_FROZEN_ENTRIES,C1_T10
VWAP_MR_CNYRUBF,VWAP_MR_CNYRUBF_000574,VWAP_MR,CNYRUBF,2023-08-21 17:30:00,2023-08-21 17:40:00,2023-08-21 17:40:00,2023-08-21 17:45:00,2023-08-21 14:05:00--2023-08-21 18:50:00,LONG,1,12.82,0.02166666666666666666666666667,12.84119946829306435217765267,12.84,12.76,12.79,12.85,12.82,MODELLED,CONDITIONAL_OPEN_SCENARIO,12.79,12.82,EXIT_ONLY_FROZEN_ENTRIES,C1_T10
VWAP_MR_CNYRUBF,VWAP_MR_CNYRUBF_000578,VWAP_MR,CNYRUBF,2023-08-23 11:55:00,2023-08-23 12:05:00,2023-08-23 12:05:00,2023-08-23 12:10:00,2023-08-23 10:00:00--2023-08-23 14:00:00,LONG,1,12.94,0.01916666666666666666666666667,12.95556737588652482269503546,12.96,12.9,12.92,12.96,12.94,MODELLED,CONDITIONAL_OPEN_SCENARIO,12.92,12.95,EXIT_ONLY_FROZEN_ENTRIES,C1_T10
VWAP_MR_CNYRUBF,VWAP_MR_CNYRUBF_000579,VWAP_MR,CNYRUBF,2023-08-23 12:35:00,2023-08-23 12:45:00,2023-08-23 12:45:00,2023-08-23 12:50:00,2023-08-23 10:00:00--2023-08-23 14:00:00,LONG,1,12.94,0.01666666666666666666666666667,12.95211212814645308924485127,12.95,12.92,12.92,12.96,12.94,MODELLED,CONDITIONAL_OPEN_SCENARIO,12.93,12.94,EXIT_ONLY_FROZEN_ENTRIES,C1_T10
VWAP_MR_CNYRUBF,VWAP_MR_CNYRUBF_000581,VWAP_MR,CNYRUBF,2023-08-23 16:30:00,2023-08-23 16:40:00,2023-08-23 16:40:00,2023-08-23 16:45:00,2023-08-23 14:05:00--2023-08-23 18:50:00,LONG,1,12.88,0.01083333333333333333333333333,12.89017405913978494623655914,12.9,12.87,12.87,12.90,12.88,MODELLED,CONDITIONAL_OPEN_SCENARIO,12.87,12.89,EXIT_ONLY_FROZEN_ENTRIES,C1_T10
VWAP_MR_CNYRUBF,VWAP_MR_CNYRUBF_000585,VWAP_MR,CNYRUBF,2023-08-24 12:25:00,2023-08-24 12:35:00,2023-08-24 12:35:00,2023-08-24 12:40:00,2023-08-24 10:00:00--2023-08-24 14:00:00,LONG,1,12.95,0.01083333333333333333333333333,12.95118805159538357094365241,12.97,12.94,12.94,12.96,12.95,MODELLED,CONDITIONAL_OPEN_SCENARIO,12.94,12.95,EXIT_ONLY_FROZEN_ENTRIES,C1_T10
VWAP_MR_CNYRUBF,VWAP_MR_CNYRUBF_000589,VWAP_MR,CNYRUBF,2023-08-25 11:30:00,2023-08-25 11:40:00,2023-08-25 11:40:00,2023-08-25 11:45:00,2023-08-25 10:00:00--2023-08-25 14:00:00,LONG,1,12.97,0.01416666666666666666666666667,12.98122954967110811266655423,13.01,12.96,12.95,12.99,12.97,MODELLED,CONDITIONAL_OPEN_SCENARIO,12.96,12.98,EXIT_ONLY_FROZEN_ENTRIES,C1_T10
VWAP_MR_CNYRUBF,VWAP_MR_CNYRUBF_000591,VWAP_MR,CNYRUBF,2023-08-25 17:30:00,2023-08-25 17:40:00,2023-08-25 17:40:00,2023-08-25 17:45:00,2023-08-25 14:05:00--2023-08-25 18:50:00,SHORT,-1,13.06,0.01833333333333333333333333333,13.05881153665513855087314803,13.11,13.02,13.08,13.05,13.06,MODELLED,CONDITIONAL_OPEN_SCENARIO,13.05,13.09,EXIT_ONLY_FROZEN_ENTRIES,C1_T10
VWAP_MR_CNYRUBF,VWAP_MR_CNYRUBF_000593,VWAP_MR,CNYRUBF,2023-08-28 17:40:00,2023-08-28 17:50:00,2023-08-28 17:50:00,2023-08-28 17:55:00,2023-08-28 14:05:00--2023-08-28 18:50:00,SHORT,-1,13.05,0.01333333333333333333333333333,13.04355407160081617510665925,13.08,13.03,13.07,13.04,13.05,MODELLED,CONDITIONAL_OPEN_SCENARIO,13.05,13.07,EXIT_ONLY_FROZEN_ENTRIES,C1_T10
VWAP_MR_CNYRUBF,VWAP_MR_CNYRUBF_000596,VWAP_MR,CNYRUBF,2023-08-29 11:25:00,2023-08-29 11:35:00,2023-08-29 11:35:00,2023-08-29 11:40:00,2023-08-29 10:00:00--2023-08-29 14:00:00,LONG,1,13.08,0.01916666666666666666666666667,13.09625582444010220952953555,13.13,13.07,13.06,13.10,13.08,MODELLED,CONDITIONAL_OPEN_SCENARIO,13.07,13.11,EXIT_ONLY_FROZEN_ENTRIES,C1_T10
VWAP_MR_CNYRUBF,VWAP_MR_CNYRUBF_000597,VWAP_MR,CNYRUBF,2023-08-29 17:00:00,2023-08-29 17:10:00,2023-08-29 17:10:00,2023-08-29 17:15:00,2023-08-29 14:05:00--2023-08-29 18:50:00,LONG,1,13.13,0.015,13.13914940690390510462481674,13.16,13.11,13.11,13.14,13.13,MODELLED,CONDITIONAL_OPEN_SCENARIO,13.11,13.13,EXIT_ONLY_FROZEN_ENTRIES,C1_T10
VWAP_MR_CNYRUBF,VWAP_MR_CNYRUBF_000607,VWAP_MR,CNYRUBF,2023-09-01 16:20:00,2023-09-01 16:30:00,2023-09-01 16:30:00,2023-09-01 16:35:00,2023-09-01 14:05:00--2023-09-01 18:50:00,LONG,1,13.27,0.02,13.27610777844431113777244550,13.3,13.25,13.24,13.28,13.27,MODELLED,CONDITIONAL_OPEN_SCENARIO,13.25,13.27,EXIT_ONLY_FROZEN_ENTRIES,C1_T10
VWAP_MR_CNYRUBF,VWAP_MR_CNYRUBF_000613,VWAP_MR,CNYRUBF,2023-09-05 17:15:00,2023-09-05 17:25:00,2023-09-05 17:25:00,2023-09-05 17:30:00,2023-09-05 14:05:00--2023-09-05 18:50:00,SHORT,-1,13.37,0.008333333333333333333333333333,13.36392543373938722775932078,13.38,13.35,13.38,13.36,13.37,MODELLED,CONDITIONAL_OPEN_SCENARIO,13.36,13.38,EXIT_ONLY_FROZEN_ENTRIES,C1_T10
VWAP_MR_CNYRUBF,VWAP_MR_CNYRUBF_000615,VWAP_MR,CNYRUBF,2023-09-06 12:55:00,2023-09-06 13:05:00,2023-09-06 13:05:00,2023-09-06 13:10:00,2023-09-06 10:00:00--2023-09-06 14:00:00,SHORT,-1,13.39,0.01416666666666666666666666667,13.38098811227103315492907990,13.42,13.38,13.41,13.38,13.39,MODELLED,CONDITIONAL_OPEN_SCENARIO,13.38,13.4,EXIT_ONLY_FROZEN_ENTRIES,C1_T10
VWAP_MR_CNYRUBF,VWAP_MR_CNYRUBF_000617,VWAP_MR,CNYRUBF,2023-09-06 17:30:00,2023-09-06 17:40:00,2023-09-06 17:40:00,2023-09-06 17:45:00,2023-09-06 14:05:00--2023-09-06 18:50:00,SHORT,-1,13.39,0.015,13.38407005921911070962561478,13.41,13.37,13.41,13.38,13.39,MODELLED,CONDITIONAL_OPEN_SCENARIO,13.38,13.41,EXIT_ONLY_FROZEN_ENTRIES,C1_T10
VWAP_MR_CNYRUBF,VWAP_MR_CNYRUBF_000620,VWAP_MR,CNYRUBF,2023-09-07 15:45:00,2023-09-07 15:55:00,2023-09-07 15:55:00,2023-09-07 16:00:00,2023-09-07 14:05:00--2023-09-07 18:50:00,SHORT,-1,13.34,0.01833333333333333333333333333,13.32477688555173172964392070,13.39,13.33,13.36,13.32,13.34,MODELLED,CONDITIONAL_OPEN_SCENARIO,13.33,13.36,EXIT_ONLY_FROZEN_ENTRIES,C1_T10
VWAP_MR_CNYRUBF,VWAP_MR_CNYRUBF_000621,VWAP_MR,CNYRUBF,2023-09-07 16:20:00,2023-09-07 16:30:00,2023-09-07 16:30:00,2023-09-07 16:35:00,2023-09-07 14:05:00--2023-09-07 18:50:00,SHORT,-1,13.34,0.02333333333333333333333333333,13.32785226022072113005987541,13.39,13.3,13.37,13.32,13.34,MODELLED,CONDITIONAL_OPEN_SCENARIO,13.34,13.38,EXIT_ONLY_FROZEN_ENTRIES,C1_T10
VWAP_MR_CNYRUBF,VWAP_MR_CNYRUBF_000622,VWAP_MR,CNYRUBF,2023-09-08 11:05:00,2023-09-08 11:15:00,2023-09-08 11:15:00,2023-09-08 11:20:00,2023-09-08 10:00:00--2023-09-08 14:00:00,LONG,1,13.32,0.01583333333333333333333333333,13.33284324095620901205838798,13.38,13.3,13.30,13.34,13.32,MODELLED,CONDITIONAL_OPEN_SCENARIO,13.3,13.34,EXIT_ONLY_FROZEN_ENTRIES,C1_T10
VWAP_MR_CNYRUBF,VWAP_MR_CNYRUBF_000625,VWAP_MR,CNYRUBF,2023-09-08 15:20:00,2023-09-08 15:30:00,2023-09-08 15:30:00,2023-09-08 15:35:00,2023-09-08 14:05:00--2023-09-08 18:50:00,LONG,1,13.32,0.0125,13.32257734967892586106246351,13.34,13.31,13.31,13.33,13.32,MODELLED,CONDITIONAL_OPEN_SCENARIO,13.31,13.32,EXIT_ONLY_FROZEN_ENTRIES,C1_T10
VWAP_MR_CNYRUBF,VWAP_MR_CNYRUBF_000626,VWAP_MR,CNYRUBF,2023-09-08 16:00:00,2023-09-08 16:10:00,2023-09-08 16:10:00,2023-09-08 16:15:00,2023-09-08 14:05:00--2023-09-08 18:50:00,LONG,1,13.32,0.0075,13.32274089590718659361907831,13.33,13.31,13.31,13.33,13.32,MODELLED,CONDITIONAL_OPEN_SCENARIO,13.31,13.33,EXIT_ONLY_FROZEN_ENTRIES,C1_T10
VWAP_MR_CNYRUBF,VWAP_MR_CNYRUBF_000631,VWAP_MR,CNYRUBF,2023-09-11 17:00:00,2023-09-11 17:10:00,2023-09-11 17:10:00,2023-09-11 17:15:00,2023-09-11 14:05:00--2023-09-11 18:50:00,LONG,1,13.11,0.02083333333333333333333333333,13.12773752282977375228297737,13.16,13.07,13.08,13.13,13.11,MODELLED,CONDITIONAL_OPEN_SCENARIO,13.07,13.12,EXIT_ONLY_FROZEN_ENTRIES,C1_T10
VWAP_MR_CNYRUBF,VWAP_MR_CNYRUBF_000638,VWAP_MR,CNYRUBF,2023-09-13 17:30:00,2023-09-13 17:40:00,2023-09-13 17:40:00,2023-09-13 17:45:00,2023-09-13 14:05:00--2023-09-13 18:50:00,SHORT,-1,13.23,0.0175,13.21257859796181379078809145,13.27,13.22,13.25,13.21,13.23,MODELLED,CONDITIONAL_OPEN_SCENARIO,13.22,13.27,EXIT_ONLY_FROZEN_ENTRIES,C1_T10
VWAP_MR_CNYRUBF,VWAP_MR_CNYRUBF_000642,VWAP_MR,CNYRUBF,2023-09-14 12:30:00,2023-09-14 12:40:00,2023-09-14 12:40:00,2023-09-14 12:45:00,2023-09-14 10:00:00--2023-09-14 14:00:00,SHORT,-1,13.21,0.02166666666666666666666666667,13.20418542873317946261376998,13.27,13.19,13.24,13.20,13.21,MODELLED,CONDITIONAL_OPEN_SCENARIO,13.21,13.25,EXIT_ONLY_FROZEN_ENTRIES,C1_T10
VWAP_MR_CNYRUBF,VWAP_MR_CNYRUBF_000644,VWAP_MR,CNYRUBF,2023-09-14 15:15:00,2023-09-14 15:25:00,2023-09-14 15:25:00,2023-09-14 15:30:00,2023-09-14 14:05:00--2023-09-14 18:50:00,LONG,1,13.14,0.0175,13.15710827861465173168533539,13.21,13.13,13.12,13.16,13.14,MODELLED,CONDITIONAL_OPEN_SCENARIO,13.13,13.16,EXIT_ONLY_FROZEN_ENTRIES,C1_T10
VWAP_MR_CNYRUBF,VWAP_MR_CNYRUBF_000645,VWAP_MR,CNYRUBF,2023-09-14 16:30:00,2023-09-14 16:40:00,2023-09-14 16:40:00,2023-09-14 16:45:00,2023-09-14 14:05:00--2023-09-14 18:50:00,SHORT,-1,13.18,0.02166666666666666666666666667,13.17447934884972420287905287,13.24,13.13,13.21,13.17,13.18,MODELLED,CONDITIONAL_OPEN_SCENARIO,13.18,13.24,EXIT_ONLY_FROZEN_ENTRIES,C1_T10
VWAP_MR_CNYRUBF,VWAP_MR_CNYRUBF_000646,VWAP_MR,CNYRUBF,2023-09-15 11:10:00,2023-09-15 11:20:00,2023-09-15 11:20:00,2023-09-15 11:25:00,2023-09-15 10:00:00--2023-09-15 14:00:00,LONG,1,13.26,0.0175,13.27605071717795621439846270,13.32,13.24,13.24,13.28,13.26,MODELLED,CONDITIONAL_OPEN_SCENARIO,13.24,13.27,EXIT_ONLY_FROZEN_ENTRIES,C1_T10
VWAP_MR_CNYRUBF,VWAP_MR_CNYRUBF_000647,VWAP_MR,CNYRUBF,2023-09-15 11:25:00,2023-09-15 11:35:00,2023-09-15 11:35:00,2023-09-15 11:40:00,2023-09-15 10:00:00--2023-09-15 14:00:00,LONG,1,13.26,0.01583333333333333333333333333,13.26336178994243510372542631,13.29,13.23,13.24,13.27,13.26,MODELLED,CONDITIONAL_OPEN_SCENARIO,13.23,13.27,EXIT_ONLY_FROZEN_ENTRIES,C1_T10
VWAP_MR_CNYRUBF,VWAP_MR_CNYRUBF_000648,VWAP_MR,CNYRUBF,2023-09-15 11:45:00,2023-09-15 11:55:00,2023-09-15 11:55:00,2023-09-15 12:00:00,2023-09-15 10:00:00--2023-09-15 14:00:00,LONG,1,13.25,0.0175,13.26242092843054381515919978,13.28,13.23,13.23,13.27,13.25,MODELLED,CONDITIONAL_OPEN_SCENARIO,13.24,13.26,EXIT_ONLY_FROZEN_ENTRIES,C1_T10
VWAP_MR_CNYRUBF,VWAP_MR_CNYRUBF_000652,VWAP_MR,CNYRUBF,2023-09-15 15:45:00,2023-09-15 15:55:00,2023-09-15 15:55:00,2023-09-15 16:00:00,2023-09-15 14:05:00--2023-09-15 18:50:00,LONG,1,13.29,0.0325,13.30831173571819675123197663,13.37,13.28,13.25,13.31,13.29,MODELLED,CONDITIONAL_OPEN_SCENARIO,13.28,13.31,EXIT_ONLY_FROZEN_ENTRIES,C1_T10
VWAP_MR_CNYRUBF,VWAP_MR_CNYRUBF_000654,VWAP_MR,CNYRUBF,2023-09-15 17:20:00,2023-09-15 17:30:00,2023-09-15 17:30:00,2023-09-15 17:35:00,2023-09-15 14:05:00--2023-09-15 18:50:00,LONG,1,13.29,0.02166666666666666666666666667,13.30503053638955646863236598,13.34,13.28,13.26,13.31,13.29,MODELLED,CONDITIONAL_OPEN_SCENARIO,13.28,13.3,EXIT_ONLY_FROZEN_ENTRIES,C1_T10
VWAP_MR_CNYRUBF,VWAP_MR_CNYRUBF_000656,VWAP_MR,CNYRUBF,2023-09-18 16:05:00,2023-09-18 16:15:00,2023-09-18 16:15:00,2023-09-18 16:20:00,2023-09-18 14:05:00--2023-09-18 18:50:00,SHORT,-1,13.24,0.01333333333333333333333333333,13.22883802275522755227552276,13.26,13.21,13.26,13.22,13.24,MODELLED,CONDITIONAL_OPEN_SCENARIO,13.23,13.26,EXIT_ONLY_FROZEN_ENTRIES,C1_T10
VWAP_MR_CNYRUBF,VWAP_MR_CNYRUBF_000657,VWAP_MR,CNYRUBF,2023-09-18 16:30:00,2023-09-18 16:40:00,2023-09-18 16:40:00,2023-09-18 16:45:00,2023-09-18 14:05:00--2023-09-18 18:50:00,SHORT,-1,13.24,0.01333333333333333333333333333,13.23409970419821433417460447,13.26,13.22,13.26,13.23,13.24,MODELLED,CONDITIONAL_OPEN_SCENARIO,13.24,13.26,EXIT_ONLY_FROZEN_ENTRIES,C1_T10
VWAP_MR_CNYRUBF,VWAP_MR_CNYRUBF_000658,VWAP_MR,CNYRUBF,2023-09-18 16:45:00,2023-09-18 16:55:00,2023-09-18 16:55:00,2023-09-18 17:00:00,2023-09-18 14:05:00--2023-09-18 18:50:00,SHORT,-1,13.25,0.01583333333333333333333333333,13.23492459736456808199121523,13.26,13.22,13.27,13.23,13.25,MODELLED,CONDITIONAL_OPEN_SCENARIO,13.22,13.26,EXIT_ONLY_FROZEN_ENTRIES,C1_T10
VWAP_MR_CNYRUBF,VWAP_MR_CNYRUBF_000661,VWAP_MR,CNYRUBF,2023-09-19 11:05:00,2023-09-19 11:15:00,2023-09-19 11:15:00,2023-09-19 11:20:00,2023-09-19 10:00:00--2023-09-19 14:00:00,SHORT,-1,13.16,0.01666666666666666666666666667,13.14853440825845556463164874,13.18,13.14,13.18,13.14,13.16,MODELLED,CONDITIONAL_OPEN_SCENARIO,13.16,13.17,EXIT_ONLY_FROZEN_ENTRIES,C1_T10
VWAP_MR_CNYRUBF,VWAP_MR_CNYRUBF_000662,VWAP_MR,CNYRUBF,2023-09-19 11:50:00,2023-09-19 12:00:00,2023-09-19 12:00:00,2023-09-19 12:05:00,2023-09-19 10:00:00--2023-09-19 14:00:00,SHORT,-1,13.16,0.01333333333333333333333333333,13.14945881673111970484953550,13.19,13.15,13.18,13.14,13.16,MODELLED,CONDITIONAL_OPEN_SCENARIO,13.16,13.19,EXIT_ONLY_FROZEN_ENTRIES,C1_T10
VWAP_MR_CNYRUBF,VWAP_MR_CNYRUBF_000667,VWAP_MR,CNYRUBF,2023-09-20 11:30:00,2023-09-20 11:40:00,2023-09-20 11:40:00,2023-09-20 11:45:00,2023-09-20 10:00:00--2023-09-20 14:00:00,LONG,1,13.21,0.01333333333333333333333333333,13.21906925669279412321557045,13.22,13.2,13.19,13.22,13.21,MODELLED,CONDITIONAL_OPEN_SCENARIO,13.2,13.22,EXIT_ONLY_FROZEN_ENTRIES,C1_T10
VWAP_MR_CNYRUBF,VWAP_MR_CNYRUBF_000670,VWAP_MR,CNYRUBF,2023-09-20 17:35:00,2023-09-20 17:45:00,2023-09-20 17:45:00,2023-09-20 17:50:00,2023-09-20 14:05:00--2023-09-20 18:50:00,LONG,1,13.21,0.01666666666666666666666666667,13.22468031942297784647089129,13.24,13.2,13.19,13.23,13.21,MODELLED,CONDITIONAL_OPEN_SCENARIO,13.19,13.23,EXIT_ONLY_FROZEN_ENTRIES,C1_T10
VWAP_MR_CNYRUBF,VWAP_MR_CNYRUBF_000678,VWAP_MR,CNYRUBF,2023-09-22 17:45:00,2023-09-22 17:55:00,2023-09-22 17:55:00,2023-09-22 18:00:00,2023-09-22 14:05:00--2023-09-22 18:50:00,SHORT,-1,13.15,0.015,13.14418602310384341416581498,13.17,13.14,13.17,13.14,13.15,MODELLED,CONDITIONAL_OPEN_SCENARIO,13.15,13.17,EXIT_ONLY_FROZEN_ENTRIES,C1_T10
VWAP_MR_CNYRUBF,VWAP_MR_CNYRUBF_000684,VWAP_MR,CNYRUBF,2023-09-28 12:45:00,2023-09-28 12:55:00,2023-09-28 12:55:00,2023-09-28 13:00:00,2023-09-28 10:00:00--2023-09-28 14:00:00,SHORT,-1,13.284,0.01175,13.27546434937611408199643494,13.306,13.273,13.301,13.275,13.282,MODELLED,CONDITIONAL_OPEN_SCENARIO,13.279,13.296,EXIT_ONLY_FROZEN_ENTRIES,C1_T10
VWAP_MR_CNYRUBF,VWAP_MR_CNYRUBF_000688,VWAP_MR,CNYRUBF,2023-09-28 17:20:00,2023-09-28 17:30:00,2023-09-28 17:30:00,2023-09-28 17:35:00,2023-09-28 14:05:00--2023-09-28 18:50:00,LONG,1,13.309,0.007333333333333333333333333333,13.31169716706042611157227083,13.331,13.304,13.298,13.312,13.310,MODELLED,CONDITIONAL_OPEN_SCENARIO,13.304,13.317,EXIT_ONLY_FROZEN_ENTRIES,C1_T10
VWAP_MR_CNYRUBF,VWAP_MR_CNYRUBF_000689,VWAP_MR,CNYRUBF,2023-09-28 17:50:00,2023-09-28 18:00:00,2023-09-28 18:00:00,2023-09-28 18:05:00,2023-09-28 14:05:00--2023-09-28 18:50:00,SHORT,-1,13.316,0.008666666666666666666666666667,13.31200596388584164794790089,13.329,13.303,13.329,13.312,13.314,MODELLED,CONDITIONAL_OPEN_SCENARIO,13.309,13.327,EXIT_ONLY_FROZEN_ENTRIES,C1_T10
VWAP_MR_CNYRUBF,VWAP_MR_CNYRUBF_000691,VWAP_MR,CNYRUBF,2023-09-29 11:05:00,2023-09-29 11:15:00,2023-09-29 11:15:00,2023-09-29 11:20:00,2023-09-29 10:00:00--2023-09-29 14:00:00,SHORT,-1,13.336,0.009083333333333333333333333333,13.32828725003514919481306036,13.344,13.307,13.349,13.328,13.334,MODELLED,CONDITIONAL_OPEN_SCENARIO,13.333,13.344,EXIT_ONLY_FROZEN_ENTRIES,C1_T10
VWAP_MR_CNYRUBF,VWAP_MR_CNYRUBF_000693,VWAP_MR,CNYRUBF,2023-09-29 16:00:00,2023-09-29 16:10:00,2023-09-29 16:10:00,2023-09-29 16:15:00,2023-09-29 14:05:00--2023-09-29 18:50:00,SHORT,-1,13.428,0.0125,13.41761270610812312198570815,13.435,13.403,13.446,13.417,13.425,MODELLED,CONDITIONAL_OPEN_SCENARIO,13.418,13.438,EXIT_ONLY_FROZEN_ENTRIES,C1_T10
VWAP_MR_CNYRUBF,VWAP_MR_CNYRUBF_000695,VWAP_MR,CNYRUBF,2023-09-29 17:15:00,2023-09-29 17:25:00,2023-09-29 17:25:00,2023-09-29 17:30:00,2023-09-29 14:05:00--2023-09-29 18:50:00,SHORT,-1,13.444,0.009583333333333333333333333333,13.43782327822733350336587137,13.473,13.427,13.458,13.437,13.442,MODELLED,CONDITIONAL_OPEN_SCENARIO,13.444,13.473,EXIT_ONLY_FROZEN_ENTRIES,C1_T10
VWAP_MR_CNYRUBF,VWAP_MR_CNYRUBF_000696,VWAP_MR,CNYRUBF,2023-09-29 17:40:00,2023-09-29 17:50:00,2023-09-29 17:50:00,2023-09-29 17:55:00,2023-09-29 14:05:00--2023-09-29 18:50:00,SHORT,-1,13.45,0.0135,13.44155755342776037300151494,13.473,13.431,13.470,13.441,13.447,MODELLED,CONDITIONAL_OPEN_SCENARIO,13.442,13.46,EXIT_ONLY_FROZEN_ENTRIES,C1_T10
VWAP_MR_CNYRUBF,VWAP_MR_CNYRUBF_000699,VWAP_MR,CNYRUBF,2023-10-02 11:55:00,2023-10-02 12:05:00,2023-10-02 12:05:00,2023-10-02 12:10:00,2023-10-02 10:00:00--2023-10-02 14:00:00,SHORT,-1,13.478,0.016,13.46286077637532745891879019,13.491,13.426,13.502,13.462,13.474,MODELLED,CONDITIONAL_OPEN_SCENARIO,13.472,13.491,EXIT_ONLY_FROZEN_ENTRIES,C1_T10
VWAP_MR_CNYRUBF,VWAP_MR_CNYRUBF_000702,VWAP_MR,CNYRUBF,2023-10-02 15:50:00,2023-10-02 16:00:00,2023-10-02 16:00:00,2023-10-02 16:05:00,2023-10-02 14:05:00--2023-10-02 18:50:00,LONG,1,13.556,0.009166666666666666666666666667,13.56355087854302937027061691,13.568,13.533,13.543,13.564,13.558,MODELLED,CONDITIONAL_OPEN_SCENARIO,13.533,13.565,EXIT_ONLY_FROZEN_ENTRIES,C1_T10
VWAP_MR_CNYRUBF,VWAP_MR_CNYRUBF_000707,VWAP_MR,CNYRUBF,2023-10-03 11:30:00,2023-10-03 11:40:00,2023-10-03 11:40:00,2023-10-03 11:45:00,2023-10-03 10:00:00--2023-10-03 14:00:00,LONG,1,13.569,0.01341666666666666666666666667,13.57989251240172639194827988,13.597,13.551,13.549,13.580,13.572,MODELLED,CONDITIONAL_OPEN_SCENARIO,13.542,13.579,EXIT_ONLY_FROZEN_ENTRIES,C1_T10
VWAP_MR_CNYRUBF,VWAP_MR_CNYRUBF_000708,VWAP_MR,CNYRUBF,2023-10-03 11:55:00,2023-10-03 12:05:00,2023-10-03 12:05:00,2023-10-03 12:10:00,2023-10-03 10:00:00--2023-10-03 14:00:00,LONG,1,13.574,0.01375,13.57821676911891070130213498,13.589,13.542,13.554,13.579,13.577,MODELLED,CONDITIONAL_OPEN_SCENARIO,13.548,13.582,EXIT_ONLY_FROZEN_ENTRIES,C1_T10
VWAP_MR_CNYRUBF,VWAP_MR_CNYRUBF_000709,VWAP_MR,CNYRUBF,2023-10-03 12:40:00,2023-10-03 12:50:00,2023-10-03 12:50:00,2023-10-03 12:55:00,2023-10-03 10:00:00--2023-10-03 14:00:00,LONG,1,13.573,0.01016666666666666666666666667,13.57466289143220473692576698,13.582,13.548,13.558,13.575,13.575,MODELLED,CONDITIONAL_OPEN_SCENARIO,13.548,13.574,EXIT_ONLY_FROZEN_ENTRIES,C1_T10
VWAP_MR_CNYRUBF,VWAP_MR_CNYRUBF_000710,VWAP_MR,CNYRUBF,2023-10-03 15:55:00,2023-10-03 16:05:00,2023-10-03 16:05:00,2023-10-03 16:10:00,2023-10-03 14:05:00--2023-10-03 18:50:00,SHORT,-1,13.544,0.009583333333333333333333333333,13.54237866218628583429591515,13.567,13.529,13.558,13.542,13.542,MODELLED,CONDITIONAL_OPEN_SCENARIO,13.543,13.565,EXIT_ONLY_FROZEN_ENTRIES,C1_T10
VWAP_MR_CNYRUBF,VWAP_MR_CNYRUBF_000714,VWAP_MR,CNYRUBF,2023-10-04 15:45:00,2023-10-04 15:55:00,2023-10-04 15:55:00,2023-10-04 16:00:00,2023-10-04 14:05:00--2023-10-04 18:50:00,LONG,1,13.601,0.0105,13.60593778394750126198889450,13.614,13.589,13.586,13.606,13.603,MODELLED,CONDITIONAL_OPEN_SCENARIO,13.593,13.613,EXIT_ONLY_FROZEN_ENTRIES,C1_T10
VWAP_MR_CNYRUBF,VWAP_MR_CNYRUBF_000716,VWAP_MR,CNYRUBF,2023-10-04 16:50:00,2023-10-04 17:00:00,2023-10-04 17:00:00,2023-10-04 17:05:00,2023-10-04 14:05:00--2023-10-04 18:50:00,SHORT,-1,13.609,0.01016666666666666666666666667,13.60588638040430869116128080,13.63,13.584,13.624,13.605,13.607,MODELLED,CONDITIONAL_OPEN_SCENARIO,13.607,13.63,EXIT_ONLY_FROZEN_ENTRIES,C1_T10
VWAP_MR_CNYRUBF,VWAP_MR_CNYRUBF_000718,VWAP_MR,CNYRUBF,2023-10-05 12:30:00,2023-10-05 12:40:00,2023-10-05 12:40:00,2023-10-05 12:45:00,2023-10-05 10:00:00--2023-10-05 14:00:00,SHORT,-1,13.629,0.009666666666666666666666666667,13.62816398724397540848867410,13.657,13.605,13.643,13.628,13.627,MODELLED,CONDITIONAL_OPEN_SCENARIO,13.622,13.638,EXIT_ONLY_FROZEN_ENTRIES,C1_T10
VWAP_MR_CNYRUBF,VWAP_MR_CNYRUBF_000719,VWAP_MR,CNYRUBF,2023-10-05 13:10:00,2023-10-05 13:20:00,2023-10-05 13:20:00,2023-10-05 13:25:00,2023-10-05 10:00:00--2023-10-05 14:00:00,SHORT,-1,13.634,0.010,13.62910077758215962441314555,13.657,13.622,13.649,13.629,13.632,MODELLED,CONDITIONAL_OPEN_SCENARIO,13.633,13.647,EXIT_ONLY_FROZEN_ENTRIES,C1_T10
VWAP_MR_CNYRUBF,VWAP_MR_CNYRUBF_000720,VWAP_MR,CNYRUBF,2023-10-05 16:40:00,2023-10-05 16:50:00,2023-10-05 16:50:00,2023-10-05 16:55:00,2023-10-05 14:05:00--2023-10-05 18:50:00,SHORT,-1,13.646,0.006083333333333333333333333333,13.64386882514848616543531797,13.659,13.63,13.655,13.643,13.645,MODELLED,CONDITIONAL_OPEN_SCENARIO,13.645,13.659,EXIT_ONLY_FROZEN_ENTRIES,C1_T10
VWAP_MR_CNYRUBF,VWAP_MR_CNYRUBF_000721,VWAP_MR,CNYRUBF,2023-10-06 13:05:00,2023-10-06 13:15:00,2023-10-06 13:15:00,2023-10-06 13:20:00,2023-10-06 10:00:00--2023-10-06 14:00:00,LONG,1,13.75,0.0165,13.75856025588113908378043748,13.75,13.682,13.726,13.759,13.754,MODELLED,CONDITIONAL_OPEN_SCENARIO,13.724,13.75,EXIT_ONLY_FROZEN_ENTRIES,C1_T10
VWAP_MR_CNYRUBF,VWAP_MR_CNYRUBF_000723,VWAP_MR,CNYRUBF,2023-10-06 17:25:00,2023-10-06 17:35:00,2023-10-06 17:35:00,2023-10-06 17:40:00,2023-10-06 14:05:00--2023-10-06 18:50:00,SHORT,-1,13.719,0.01233333333333333333333333333,13.70740814360564836352529311,13.746,13.709,13.737,13.707,13.716,MODELLED,CONDITIONAL_OPEN_SCENARIO,13.716,13.739,EXIT_ONLY_FROZEN_ENTRIES,C1_T10
VWAP_MR_CNYRUBF,VWAP_MR_CNYRUBF_000724,VWAP_MR,CNYRUBF,2023-10-09 11:05:00,2023-10-09 11:15:00,2023-10-09 11:15:00,2023-10-09 11:20:00,2023-10-09 10:00:00--2023-10-09 14:00:00,SHORT,-1,13.862,0.02283333333333333333333333333,13.84063991305263474585194880,13.871,13.78,13.896,13.840,13.857,MODELLED,CONDITIONAL_OPEN_SCENARIO,13.835,13.865,EXIT_ONLY_FROZEN_ENTRIES,C1_T10
VWAP_MR_CNYRUBF,VWAP_MR_CNYRUBF_000725,VWAP_MR,CNYRUBF,2023-10-09 12:00:00,2023-10-09 12:10:00,2023-10-09 12:10:00,2023-10-09 12:15:00,2023-10-09 10:00:00--2023-10-09 14:00:00,SHORT,-1,13.846,0.01725,13.84297693143331842290242188,13.883,13.818,13.871,13.842,13.842,MODELLED,CONDITIONAL_OPEN_SCENARIO,13.844,13.868,EXIT_ONLY_FROZEN_ENTRIES,C1_T10
VWAP_MR_CNYRUBF,VWAP_MR_CNYRUBF_000728,VWAP_MR,CNYRUBF,2023-10-09 15:35:00,2023-10-09 15:45:00,2023-10-09 15:45:00,2023-10-09 15:50:00,2023-10-09 14:05:00--2023-10-09 18:50:00,LONG,1,13.981,0.01925,13.99734798609846415346324288,14.032,13.972,13.953,13.998,13.985,MODELLED,CONDITIONAL_OPEN_SCENARIO,13.972,14,EXIT_ONLY_FROZEN_ENTRIES,C1_T10
VWAP_MR_CNYRUBF,VWAP_MR_CNYRUBF_000729,VWAP_MR,CNYRUBF,2023-10-10 15:15:00,2023-10-10 15:25:00,2023-10-10 15:25:00,2023-10-10 15:30:00,2023-10-10 14:05:00--2023-10-10 18:50:00,SHORT,-1,13.669,0.01525,13.65601411758496938990922525,13.688,13.629,13.691,13.656,13.666,MODELLED,CONDITIONAL_OPEN_SCENARIO,13.657,13.688,EXIT_ONLY_FROZEN_ENTRIES,C1_T10
VWAP_MR_CNYRUBF,VWAP_MR_CNYRUBF_000731,VWAP_MR,CNYRUBF,2023-10-10 15:40:00,2023-10-10 15:50:00,2023-10-10 15:50:00,2023-10-10 15:55:00,2023-10-10 14:05:00--2023-10-10 18:50:00,SHORT,-1,13.669,0.01416666666666666666666666667,13.65905189701897018970189702,13.688,13.629,13.690,13.659,13.666,MODELLED,CONDITIONAL_OPEN_SCENARIO,13.654,13.677,EXIT_ONLY_FROZEN_ENTRIES,C1_T10
VWAP_MR_CNYRUBF,VWAP_MR_CNYRUBF_000733,VWAP_MR,CNYRUBF,2023-10-10 16:25:00,2023-10-10 16:35:00,2023-10-10 16:35:00,2023-10-10 16:40:00,2023-10-10 14:05:00--2023-10-10 18:50:00,SHORT,-1,13.676,0.01266666666666666666666666667,13.66727578773398483814177415,13.692,13.654,13.695,13.667,13.673,MODELLED,CONDITIONAL_OPEN_SCENARIO,13.668,13.691,EXIT_ONLY_FROZEN_ENTRIES,C1_T10
VWAP_MR_CNYRUBF,VWAP_MR_CNYRUBF_000735,VWAP_MR,CNYRUBF,2023-10-11 11:15:00,2023-10-11 11:25:00,2023-10-11 11:25:00,2023-10-11 11:30:00,2023-10-11 10:00:00--2023-10-11 14:00:00,LONG,1,13.694,0.03875,13.72701722999421355389904353,13.824,13.651,13.636,13.728,13.703,MODELLED,CONDITIONAL_OPEN_SCENARIO,13.685,13.71,EXIT_ONLY_FROZEN_ENTRIES,C1_T10
VWAP_MR_CNYRUBF,VWAP_MR_CNYRUBF_000742,VWAP_MR,CNYRUBF,2023-10-12 11:40:00,2023-10-12 11:50:00,2023-10-12 11:50:00,2023-10-12 11:55:00,2023-10-12 10:00:00--2023-10-12 14:00:00,SHORT,-1,13.295,0.01366666666666666666666666667,13.28959963973496586299851359,13.33,13.279,13.315,13.289,13.292,MODELLED,CONDITIONAL_OPEN_SCENARIO,13.292,13.315,EXIT_ONLY_FROZEN_ENTRIES,C1_T10
VWAP_MR_CNYRUBF,VWAP_MR_CNYRUBF_000745,VWAP_MR,CNYRUBF,2023-10-12 12:40:00,2023-10-12 12:50:00,2023-10-12 12:50:00,2023-10-12 12:55:00,2023-10-12 10:00:00--2023-10-12 14:00:00,LONG,1,13.284,0.01241666666666666666666666667,13.29073379725187238308663089,13.314,13.271,13.266,13.291,13.287,MODELLED,CONDITIONAL_OPEN_SCENARIO,13.271,13.291,EXIT_ONLY_FROZEN_ENTRIES,C1_T10
VWAP_MR_CNYRUBF,VWAP_MR_CNYRUBF_000748,VWAP_MR,CNYRUBF,2023-10-12 16:30:00,2023-10-12 16:40:00,2023-10-12 16:40:00,2023-10-12 16:45:00,2023-10-12 14:05:00--2023-10-12 18:50:00,LONG,1,13.318,0.01383333333333333333333333333,13.32308319813973610209820462,13.36,13.297,13.298,13.324,13.321,MODELLED,CONDITIONAL_OPEN_SCENARIO,13.297,13.326,EXIT_ONLY_FROZEN_ENTRIES,C1_T10
VWAP_MR_CNYRUBF,VWAP_MR_CNYRUBF_000750,VWAP_MR,CNYRUBF,2023-10-12 17:30:00,2023-10-12 17:40:00,2023-10-12 17:40:00,2023-10-12 17:45:00,2023-10-12 14:05:00--2023-10-12 18:50:00,LONG,1,13.315,0.0105,13.32103400314619858065159053,13.329,13.297,13.300,13.322,13.317,MODELLED,CONDITIONAL_OPEN_SCENARIO,13.297,13.318,EXIT_ONLY_FROZEN_ENTRIES,C1_T10
VWAP_MR_CNYRUBF,VWAP_MR_CNYRUBF_000755,VWAP_MR,CNYRUBF,2023-10-13 11:15:00,2023-10-13 11:25:00,2023-10-13 11:25:00,2023-10-13 11:30:00,2023-10-13 10:00:00--2023-10-13 14:00:00,LONG,1,13.333,0.01075,13.34184866307929754306928628,13.351,13.314,13.317,13.342,13.335,MODELLED,CONDITIONAL_OPEN_SCENARIO,13.326,13.342,EXIT_ONLY_FROZEN_ENTRIES,C1_T10
VWAP_MR_CNYRUBF,VWAP_MR_CNYRUBF_000760,VWAP_MR,CNYRUBF,2023-10-13 15:50:00,2023-10-13 16:00:00,2023-10-13 16:00:00,2023-10-13 16:05:00,2023-10-13 14:05:00--2023-10-13 18:50:00,SHORT,-1,13.311,0.01016666666666666666666666667,13.30601164680390032502708559,13.319,13.287,13.326,13.306,13.309,MODELLED,CONDITIONAL_OPEN_SCENARIO,13.307,13.32,EXIT_ONLY_FROZEN_ENTRIES,C1_T10
VWAP_MR_CNYRUBF,VWAP_MR_CNYRUBF_000761,VWAP_MR,CNYRUBF,2023-10-13 16:10:00,2023-10-13 16:20:00,2023-10-13 16:20:00,2023-10-13 16:25:00,2023-10-13 14:05:00--2023-10-13 18:50:00,SHORT,-1,13.313,0.0105,13.30521865930487718553125221,13.324,13.294,13.328,13.305,13.311,MODELLED,CONDITIONAL_OPEN_SCENARIO,13.266,13.324,EXIT_ONLY_FROZEN_ENTRIES,C1_T10
VWAP_MR_CNYRUBF,VWAP_MR_CNYRUBF_000762,VWAP_MR,CNYRUBF,2023-10-13 16:45:00,2023-10-13 16:55:00,2023-10-13 16:55:00,2023-10-13 17:00:00,2023-10-13 14:05:00--2023-10-13 18:50:00,LONG,1,13.3,0.018,13.30583436539453905005496848,13.324,13.266,13.273,13.306,13.304,MODELLED,CONDITIONAL_OPEN_SCENARIO,13.271,13.306,EXIT_ONLY_FROZEN_ENTRIES,C1_T10
VWAP_MR_CNYRUBF,VWAP_MR_CNYRUBF_000763,VWAP_MR,CNYRUBF,2023-10-16 12:00:00,2023-10-16 12:10:00,2023-10-16 12:10:00,2023-10-16 12:15:00,2023-10-16 10:00:00--2023-10-16 14:00:00,LONG,1,13.302,0.0075,13.30634831079936294940869506,13.325,13.288,13.291,13.307,13.303,MODELLED,CONDITIONAL_OPEN_SCENARIO,13.288,13.31,EXIT_ONLY_FROZEN_ENTRIES,C1_T10
VWAP_MR_CNYRUBF,VWAP_MR_CNYRUBF_000764,VWAP_MR,CNYRUBF,2023-10-16 13:05:00,2023-10-16 13:15:00,2023-10-16 13:15:00,2023-10-16 13:20:00,2023-10-16 10:00:00--2023-10-16 14:00:00,LONG,1,13.3,0.00575,13.30529488856193122990572721,13.309,13.292,13.292,13.306,13.301,MODELLED,CONDITIONAL_OPEN_SCENARIO,13.298,13.303,EXIT_ONLY_FROZEN_ENTRIES,C1_T10
VWAP_MR_CNYRUBF,VWAP_MR_CNYRUBF_000769,VWAP_MR,CNYRUBF,2023-10-16 17:00:00,2023-10-16 17:10:00,2023-10-16 17:10:00,2023-10-16 17:15:00,2023-10-16 14:05:00--2023-10-16 18:50:00,SHORT,-1,13.277,0.0065,13.27241772200623580584318103,13.298,13.273,13.286,13.272,13.276,MODELLED,CONDITIONAL_OPEN_SCENARIO,13.276,13.282,EXIT_ONLY_FROZEN_ENTRIES,C1_T10
VWAP_MR_CNYRUBF,VWAP_MR_CNYRUBF_000771,VWAP_MR,CNYRUBF,2023-10-17 12:35:00,2023-10-17 12:45:00,2023-10-17 12:45:00,2023-10-17 12:50:00,2023-10-17 10:00:00--2023-10-17 14:00:00,SHORT,-1,13.299,0.00675,13.29449686520376175548589342,13.319,13.287,13.309,13.294,13.298,MODELLED,CONDITIONAL_OPEN_SCENARIO,13.299,13.314,EXIT_ONLY_FROZEN_ENTRIES,C1_T10
VWAP_MR_CNYRUBF,VWAP_MR_CNYRUBF_000773,VWAP_MR,CNYRUBF,2023-10-17 17:25:00,2023-10-17 17:35:00,2023-10-17 17:35:00,2023-10-17 17:40:00,2023-10-17 14:05:00--2023-10-17 18:50:00,SHORT,-1,13.301,0.006416666666666666666666666667,13.29583694276473069891717057,13.309,13.295,13.310,13.295,13.300,MODELLED,CONDITIONAL_OPEN_SCENARIO,13.299,13.307,EXIT_ONLY_FROZEN_ENTRIES,C1_T10
VWAP_MR_CNYRUBF,VWAP_MR_CNYRUBF_000775,VWAP_MR,CNYRUBF,2023-10-18 15:25:00,2023-10-18 15:35:00,2023-10-18 15:35:00,2023-10-18 15:40:00,2023-10-18 14:05:00--2023-10-18 18:50:00,LONG,1,13.263,0.0045,13.26341018162534800477263688,13.27,13.252,13.257,13.264,13.264,MODELLED,CONDITIONAL_OPEN_SCENARIO,13.257,13.264,EXIT_ONLY_FROZEN_ENTRIES,C1_T10
VWAP_MR_CNYRUBF,VWAP_MR_CNYRUBF_000782,VWAP_MR,CNYRUBF,2023-10-20 11:45:00,2023-10-20 11:55:00,2023-10-20 11:55:00,2023-10-20 12:00:00,2023-10-20 10:00:00--2023-10-20 14:00:00,LONG,1,13.092,0.01508333333333333333333333333,13.10274965363637957945318392,13.127,13.053,13.070,13.103,13.095,MODELLED,CONDITIONAL_OPEN_SCENARIO,13.068,13.097,EXIT_ONLY_FROZEN_ENTRIES,C1_T10
VWAP_MR_CNYRUBF,VWAP_MR_CNYRUBF_000783,VWAP_MR,CNYRUBF,2023-10-20 16:00:00,2023-10-20 16:10:00,2023-10-20 16:10:00,2023-10-20 16:15:00,2023-10-20 14:05:00--2023-10-20 18:50:00,SHORT,-1,13.048,0.0145,13.03456872789364556653250396,13.077,13.019,13.069,13.034,13.045,MODELLED,CONDITIONAL_OPEN_SCENARIO,13.045,13.077,EXIT_ONLY_FROZEN_ENTRIES,C1_T10
VWAP_MR_CNYRUBF,VWAP_MR_CNYRUBF_000789,VWAP_MR,CNYRUBF,2023-10-23 17:15:00,2023-10-23 17:25:00,2023-10-23 17:25:00,2023-10-23 17:30:00,2023-10-23 14:05:00--2023-10-23 18:50:00,LONG,1,12.902,0.00825,12.90574887666928515318146112,12.91,12.882,12.890,12.906,12.904,MODELLED,CONDITIONAL_OPEN_SCENARIO,12.891,12.909,EXIT_ONLY_FROZEN_ENTRIES,C1_T10
VWAP_MR_CNYRUBF,VWAP_MR_CNYRUBF_000792,VWAP_MR,CNYRUBF,2023-10-24 12:15:00,2023-10-24 12:25:00,2023-10-24 12:25:00,2023-10-24 12:30:00,2023-10-24 10:00:00--2023-10-24 14:00:00,SHORT,-1,12.78,0.01375,12.77419839838502586482013375,12.798,12.736,12.800,12.774,12.777,MODELLED,CONDITIONAL_OPEN_SCENARIO,12.775,12.798,EXIT_ONLY_FROZEN_ENTRIES,C1_T10
VWAP_MR_CNYRUBF,VWAP_MR_CNYRUBF_000794,VWAP_MR,CNYRUBF,2023-10-24 16:10:00,2023-10-24 16:20:00,2023-10-24 16:20:00,2023-10-24 16:25:00,2023-10-24 14:05:00--2023-10-24 18:50:00,LONG,1,12.767,0.0085,12.77474589295177530471648119,12.788,12.762,12.755,12.775,12.769,MODELLED,CONDITIONAL_OPEN_SCENARIO,12.762,12.781,EXIT_ONLY_FROZEN_ENTRIES,C1_T10
VWAP_MR_CNYRUBF,VWAP_MR_CNYRUBF_000796,VWAP_MR,CNYRUBF,2023-10-25 12:50:00,2023-10-25 13:00:00,2023-10-25 13:00:00,2023-10-25 13:05:00,2023-10-25 10:00:00--2023-10-25 14:00:00,LONG,1,12.716,0.007583333333333333333333333333,12.72290053996721627615466204,12.719,12.695,12.705,12.723,12.717,MODELLED,CONDITIONAL_OPEN_SCENARIO,12.708,12.716,EXIT_ONLY_FROZEN_ENTRIES,C1_T10
VWAP_MR_CNYRUBF,VWAP_MR_CNYRUBF_000798,VWAP_MR,CNYRUBF,2023-10-25 15:20:00,2023-10-25 15:30:00,2023-10-25 15:30:00,2023-10-25 15:35:00,2023-10-25 14:05:00--2023-10-25 18:50:00,LONG,1,12.714,0.004666666666666666666666666667,12.71832198341785398052000322,12.729,12.707,12.707,12.719,12.715,MODELLED,CONDITIONAL_OPEN_SCENARIO,12.707,12.717,EXIT_ONLY_FROZEN_ENTRIES,C1_T10
VWAP_MR_CNYRUBF,VWAP_MR_CNYRUBF_000800,VWAP_MR,CNYRUBF,2023-10-25 16:10:00,2023-10-25 16:20:00,2023-10-25 16:20:00,2023-10-25 16:25:00,2023-10-25 14:05:00--2023-10-25 18:50:00,SHORT,-1,12.725,0.006916666666666666666666666667,12.71936562531800142464638242,12.734,12.707,12.735,12.719,12.724,MODELLED,CONDITIONAL_OPEN_SCENARIO,12.723,12.734,EXIT_ONLY_FROZEN_ENTRIES,C1_T10
VWAP_MR_CNYRUBF,VWAP_MR_CNYRUBF_000804,VWAP_MR,CNYRUBF,2023-10-26 12:50:00,2023-10-26 13:00:00,2023-10-26 13:00:00,2023-10-26 13:05:00,2023-10-26 10:00:00--2023-10-26 14:00:00,LONG,1,12.766,0.00575,12.77128593622656886715566422,12.77,12.746,12.758,12.772,12.767,MODELLED,CONDITIONAL_OPEN_SCENARIO,12.761,12.77,EXIT_ONLY_FROZEN_ENTRIES,C1_T10
VWAP_MR_CNYRUBF,VWAP_MR_CNYRUBF_000806,VWAP_MR,CNYRUBF,2023-10-26 15:45:00,2023-10-26 15:55:00,2023-10-26 15:55:00,2023-10-26 16:00:00,2023-10-26 14:05:00--2023-10-26 18:50:00,SHORT,-1,12.77,0.004666666666666666666666666667,12.76851875304432537749634680,12.777,12.761,12.777,12.768,12.769,MODELLED,CONDITIONAL_OPEN_SCENARIO,12.767,12.777,EXIT_ONLY_FROZEN_ENTRIES,C1_T10
VWAP_MR_CNYRUBF,VWAP_MR_CNYRUBF_000812,VWAP_MR,CNYRUBF,2023-10-30 16:40:00,2023-10-30 16:50:00,2023-10-30 16:50:00,2023-10-30 16:55:00,2023-10-30 14:05:00--2023-10-30 18:50:00,SHORT,-1,12.693,0.01058333333333333333333333333,12.68493300463170476617361422,12.713,12.684,12.708,12.684,12.691,MODELLED,CONDITIONAL_OPEN_SCENARIO,12.693,12.713,EXIT_ONLY_FROZEN_ENTRIES,C1_T10
VWAP_MR_CNYRUBF,VWAP_MR_CNYRUBF_000818,VWAP_MR,CNYRUBF,2023-11-01 12:10:00,2023-11-01 12:20:00,2023-11-01 12:20:00,2023-11-01 12:25:00,2023-11-01 10:00:00--2023-11-01 14:00:00,LONG,1,12.726,0.01425,12.73438331849902609548134102,12.77,12.683,12.705,12.735,12.729,MODELLED,CONDITIONAL_OPEN_SCENARIO,12.7,12.726,EXIT_ONLY_FROZEN_ENTRIES,C1_T10
VWAP_MR_CNYRUBF,VWAP_MR_CNYRUBF_000819,VWAP_MR,CNYRUBF,2023-11-01 15:20:00,2023-11-01 15:30:00,2023-11-01 15:30:00,2023-11-01 15:35:00,2023-11-01 14:05:00--2023-11-01 18:50:00,SHORT,-1,12.72,0.01358333333333333333333333333,12.71271493020861719199442881,12.745,12.695,12.740,12.712,12.717,MODELLED,CONDITIONAL_OPEN_SCENARIO,12.719,12.745,EXIT_ONLY_FROZEN_ENTRIES,C1_T10
VWAP_MR_CNYRUBF,VWAP_MR_CNYRUBF_000820,VWAP_MR,CNYRUBF,2023-11-01 16:35:00,2023-11-01 16:45:00,2023-11-01 16:45:00,2023-11-01 16:50:00,2023-11-01 14:05:00--2023-11-01 18:50:00,LONG,1,12.683,0.015,12.69508008759580791490692946,12.727,12.643,12.661,12.696,12.686,MODELLED,CONDITIONAL_OPEN_SCENARIO,12.643,12.703,EXIT_ONLY_FROZEN_ENTRIES,C1_T10
VWAP_MR_CNYRUBF,VWAP_MR_CNYRUBF_000821,VWAP_MR,CNYRUBF,2023-11-01 17:45:00,2023-11-01 17:55:00,2023-11-01 17:55:00,2023-11-01 18:00:00,2023-11-01 14:05:00--2023-11-01 18:50:00,LONG,1,12.671,0.0185,12.67975562664870629174384016,12.681,12.626,12.644,12.680,12.675,MODELLED,CONDITIONAL_OPEN_SCENARIO,12.64,12.686,EXIT_ONLY_FROZEN_ENTRIES,C1_T10
VWAP_MR_CNYRUBF,VWAP_MR_CNYRUBF_000825,VWAP_MR,CNYRUBF,2023-11-02 12:05:00,2023-11-02 12:15:00,2023-11-02 12:15:00,2023-11-02 12:20:00,2023-11-02 10:00:00--2023-11-02 14:00:00,LONG,1,12.71,0.009583333333333333333333333333,12.71951691923306718809407420,12.73,12.698,12.696,12.720,12.712,MODELLED,CONDITIONAL_OPEN_SCENARIO,12.698,12.717,EXIT_ONLY_FROZEN_ENTRIES,C1_T10
VWAP_MR_CNYRUBF,VWAP_MR_CNYRUBF_000832,VWAP_MR,CNYRUBF,2023-11-02 16:55:00,2023-11-02 17:05:00,2023-11-02 17:05:00,2023-11-02 17:10:00,2023-11-02 14:05:00--2023-11-02 18:50:00,SHORT,-1,12.727,0.0055,12.72412909796687036396479496,12.736,12.716,12.735,12.724,12.726,MODELLED,CONDITIONAL_OPEN_SCENARIO,12.727,12.736,EXIT_ONLY_FROZEN_ENTRIES,C1_T10
VWAP_MR_CNYRUBF,VWAP_MR_CNYRUBF_000833,VWAP_MR,CNYRUBF,2023-11-02 17:10:00,2023-11-02 17:20:00,2023-11-02 17:20:00,2023-11-02 17:25:00,2023-11-02 14:05:00--2023-11-02 18:50:00,SHORT,-1,12.731,0.00675,12.72448677477477477477477477,12.737,12.719,12.741,12.724,12.730,MODELLED,CONDITIONAL_OPEN_SCENARIO,12.719,12.737,EXIT_ONLY_FROZEN_ENTRIES,C1_T10
VWAP_MR_CNYRUBF,VWAP_MR_CNYRUBF_000836,VWAP_MR,CNYRUBF,2023-11-03 11:55:00,2023-11-03 12:05:00,2023-11-03 12:05:00,2023-11-03 12:10:00,2023-11-03 10:00:00--2023-11-03 14:00:00,LONG,1,12.681,0.02166666666666666666666666667,12.70152317156333465931692902,12.714,12.603,12.649,12.702,12.686,MODELLED,CONDITIONAL_OPEN_SCENARIO,12.658,12.681,EXIT_ONLY_FROZEN_ENTRIES,C1_T10
VWAP_MR_CNYRUBF,VWAP_MR_CNYRUBF_000838,VWAP_MR,CNYRUBF,2023-11-03 15:55:00,2023-11-03 16:05:00,2023-11-03 16:05:00,2023-11-03 16:10:00,2023-11-03 14:05:00--2023-11-03 18:50:00,LONG,1,12.694,0.007083333333333333333333333333,12.69444206079340546110252448,12.706,12.677,12.684,12.695,12.695,MODELLED,CONDITIONAL_OPEN_SCENARIO,12.677,12.694,EXIT_ONLY_FROZEN_ENTRIES,C1_T10
VWAP_MR_CNYRUBF,VWAP_MR_CNYRUBF_000841,VWAP_MR,CNYRUBF,2023-11-06 11:05:00,2023-11-06 11:15:00,2023-11-06 11:15:00,2023-11-06 11:20:00,2023-11-06 10:00:00--2023-11-06 14:00:00,LONG,1,12.645,0.01675,12.66158743221997625693842846,12.702,12.63,12.620,12.662,12.649,MODELLED,CONDITIONAL_OPEN_SCENARIO,12.637,12.651,EXIT_ONLY_FROZEN_ENTRIES,C1_T10
VWAP_MR_CNYRUBF,VWAP_MR_CNYRUBF_000844,VWAP_MR,CNYRUBF,2023-11-06 17:10:00,2023-11-06 17:20:00,2023-11-06 17:20:00,2023-11-06 17:25:00,2023-11-06 14:05:00--2023-11-06 18:50:00,LONG,1,12.674,0.0055,12.67604210322079937912301125,12.682,12.67,12.666,12.677,12.675,MODELLED,CONDITIONAL_OPEN_SCENARIO,12.667,12.678,EXIT_ONLY_FROZEN_ENTRIES,C1_T10
VWAP_MR_CNYRUBF,VWAP_MR_CNYRUBF_000846,VWAP_MR,CNYRUBF,2023-11-07 12:30:00,2023-11-07 12:40:00,2023-11-07 12:40:00,2023-11-07 12:45:00,2023-11-07 10:00:00--2023-11-07 14:00:00,SHORT,-1,12.685,0.01466666666666666666666666667,12.67283757755107338473119955,12.715,12.65,12.707,12.672,12.682,MODELLED,CONDITIONAL_OPEN_SCENARIO,12.679,12.702,EXIT_ONLY_FROZEN_ENTRIES,C1_T10
VWAP_MR_CNYRUBF,VWAP_MR_CNYRUBF_000849,VWAP_MR,CNYRUBF,2023-11-07 17:15:00,2023-11-07 17:25:00,2023-11-07 17:25:00,2023-11-07 17:30:00,2023-11-07 14:05:00--2023-11-07 18:50:00,LONG,1,12.682,0.0055,12.68431595096661074079112441,12.692,12.675,12.674,12.685,12.683,MODELLED,CONDITIONAL_OPEN_SCENARIO,12.677,12.685,EXIT_ONLY_FROZEN_ENTRIES,C1_T10
VWAP_MR_CNYRUBF,VWAP_MR_CNYRUBF_000851,VWAP_MR,CNYRUBF,2023-11-08 11:10:00,2023-11-08 11:20:00,2023-11-08 11:20:00,2023-11-08 11:25:00,2023-11-08 10:00:00--2023-11-08 14:00:00,LONG,1,12.692,0.00575,12.69656594618438464931627702,12.705,12.69,12.684,12.697,12.693,MODELLED,CONDITIONAL_OPEN_SCENARIO,12.688,12.698,EXIT_ONLY_FROZEN_ENTRIES,C1_T10
VWAP_MR_CNYRUBF,VWAP_MR_CNYRUBF_000854,VWAP_MR,CNYRUBF,2023-11-08 15:20:00,2023-11-08 15:30:00,2023-11-08 15:30:00,2023-11-08 15:35:00,2023-11-08 14:05:00--2023-11-08 18:50:00,SHORT,-1,12.65,0.009833333333333333333333333333,12.64182625727606278793897763,12.667,12.618,12.664,12.641,12.648,MODELLED,CONDITIONAL_OPEN_SCENARIO,12.64,12.658,EXIT_ONLY_FROZEN_ENTRIES,C1_T10
VWAP_MR_CNYRUBF,VWAP_MR_CNYRUBF_000855,VWAP_MR,CNYRUBF,2023-11-08 16:45:00,2023-11-08 16:55:00,2023-11-08 16:55:00,2023-11-08 17:00:00,2023-11-08 14:05:00--2023-11-08 18:50:00,LONG,1,12.636,0.01091666666666666666666666667,12.64281938496162308325355638,12.663,12.616,12.620,12.643,12.638,MODELLED,CONDITIONAL_OPEN_SCENARIO,12.616,12.642,EXIT_ONLY_FROZEN_ENTRIES,C1_T10
VWAP_MR_CNYRUBF,VWAP_MR_CNYRUBF_000856,VWAP_MR,CNYRUBF,2023-11-08 17:00:00,2023-11-08 17:10:00,2023-11-08 17:10:00,2023-11-08 17:15:00,2023-11-08 14:05:00--2023-11-08 18:50:00,LONG,1,12.632,0.01266666666666666666666666667,12.64256881503032693919818532,12.657,12.616,12.613,12.643,12.635,MODELLED,CONDITIONAL_OPEN_SCENARIO,12.62,12.64,EXIT_ONLY_FROZEN_ENTRIES,C1_T10
VWAP_MR_CNYRUBF,VWAP_MR_CNYRUBF_000859,VWAP_MR,CNYRUBF,2023-11-09 12:50:00,2023-11-09 13:00:00,2023-11-09 13:00:00,2023-11-09 13:05:00,2023-11-09 10:00:00--2023-11-09 14:00:00,SHORT,-1,12.609,0.006333333333333333333333333333,12.60383490077474416870365000,12.613,12.594,12.618,12.603,12.608,MODELLED,CONDITIONAL_OPEN_SCENARIO,12.604,12.613,EXIT_ONLY_FROZEN_ENTRIES,C1_T10
VWAP_MR_CNYRUBF,VWAP_MR_CNYRUBF_000863,VWAP_MR,CNYRUBF,2023-11-10 11:05:00,2023-11-10 11:15:00,2023-11-10 11:15:00,2023-11-10 11:20:00,2023-11-10 10:00:00--2023-11-10 14:00:00,LONG,1,12.605,0.005416666666666666666666666667,12.60726179912958972408839312,12.621,12.592,12.597,12.608,12.606,MODELLED,CONDITIONAL_OPEN_SCENARIO,12.591,12.605,EXIT_ONLY_FROZEN_ENTRIES,C1_T10
VWAP_MR_CNYRUBF,VWAP_MR_CNYRUBF_000865,VWAP_MR,CNYRUBF,2023-11-10 15:20:00,2023-11-10 15:30:00,2023-11-10 15:30:00,2023-11-10 15:35:00,2023-11-10 14:05:00--2023-11-10 18:50:00,LONG,1,12.606,0.003166666666666666666666666667,12.60691150848234754699679046,12.613,12.603,12.602,12.607,12.606,MODELLED,CONDITIONAL_OPEN_SCENARIO,12.603,12.606,EXIT_ONLY_FROZEN_ENTRIES,C1_T10
VWAP_MR_CNYRUBF,VWAP_MR_CNYRUBF_000872,VWAP_MR,CNYRUBF,2023-11-13 16:30:00,2023-11-13 16:40:00,2023-11-13 16:40:00,2023-11-13 16:45:00,2023-11-13 14:05:00--2023-11-13 18:50:00,LONG,1,12.595,0.00625,12.59760866182572614107883817,12.612,12.588,12.586,12.598,12.596,MODELLED,CONDITIONAL_OPEN_SCENARIO,12.588,12.599,EXIT_ONLY_FROZEN_ENTRIES,C1_T10
VWAP_MR_CNYRUBF,VWAP_MR_CNYRUBF_000873,VWAP_MR,CNYRUBF,2023-11-13 17:05:00,2023-11-13 17:15:00,2023-11-13 17:15:00,2023-11-13 17:20:00,2023-11-13 14:05:00--2023-11-13 18:50:00,LONG,1,12.59,0.00725,12.59379030064255897940997139,12.607,12.584,12.580,12.594,12.591,MODELLED,CONDITIONAL_OPEN_SCENARIO,12.584,12.594,EXIT_ONLY_FROZEN_ENTRIES,C1_T10
VWAP_MR_CNYRUBF,VWAP_MR_CNYRUBF_000874,VWAP_MR,CNYRUBF,2023-11-14 11:15:00,2023-11-14 11:25:00,2023-11-14 11:25:00,2023-11-14 11:30:00,2023-11-14 10:00:00--2023-11-14 14:00:00,SHORT,-1,12.523,0.005833333333333333333333333333,12.51732837896566710126032160,12.526,12.508,12.531,12.517,12.522,MODELLED,CONDITIONAL_OPEN_SCENARIO,12.521,12.524,EXIT_ONLY_FROZEN_ENTRIES,C1_T10
VWAP_MR_CNYRUBF,VWAP_MR_CNYRUBF_000878,VWAP_MR,CNYRUBF,2023-11-14 15:10:00,2023-11-14 15:20:00,2023-11-14 15:20:00,2023-11-14 15:25:00,2023-11-14 14:05:00--2023-11-14 18:50:00,LONG,1,12.46,0.01133333333333333333333333333,12.47085830749799058445286485,12.499,12.438,12.443,12.471,12.462,MODELLED,CONDITIONAL_OPEN_SCENARIO,12.438,12.46,EXIT_ONLY_FROZEN_ENTRIES,C1_T10
VWAP_MR_CNYRUBF,VWAP_MR_CNYRUBF_000881,VWAP_MR,CNYRUBF,2023-11-14 17:30:00,2023-11-14 17:40:00,2023-11-14 17:40:00,2023-11-14 17:45:00,2023-11-14 14:05:00--2023-11-14 18:50:00,SHORT,-1,12.473,0.0135,12.46032695995987135227641556,12.488,12.424,12.493,12.460,12.470,MODELLED,CONDITIONAL_OPEN_SCENARIO,12.47,12.488,EXIT_ONLY_FROZEN_ENTRIES,C1_T10
VWAP_MR_CNYRUBF,VWAP_MR_CNYRUBF_000885,VWAP_MR,CNYRUBF,2023-11-15 17:25:00,2023-11-15 17:35:00,2023-11-15 17:35:00,2023-11-15 17:40:00,2023-11-15 14:05:00--2023-11-15 18:50:00,SHORT,-1,12.323,0.0095,12.31434375647745106748393592,12.355,12.317,12.337,12.314,12.321,MODELLED,CONDITIONAL_OPEN_SCENARIO,12.317,12.341,EXIT_ONLY_FROZEN_ENTRIES,C1_T10
VWAP_MR_CNYRUBF,VWAP_MR_CNYRUBF_000887,VWAP_MR,CNYRUBF,2023-11-16 12:25:00,2023-11-16 12:35:00,2023-11-16 12:35:00,2023-11-16 12:40:00,2023-11-16 10:00:00--2023-11-16 14:00:00,LONG,1,12.257,0.0115,12.26594652454157516024782617,12.25,12.219,12.240,12.266,12.259,MODELLED,CONDITIONAL_OPEN_SCENARIO,12.241,12.258,EXIT_ONLY_FROZEN_ENTRIES,C1_T10
VWAP_MR_CNYRUBF,VWAP_MR_CNYRUBF_000892,VWAP_MR,CNYRUBF,2023-11-16 16:35:00,2023-11-16 16:45:00,2023-11-16 16:45:00,2023-11-16 16:50:00,2023-11-16 14:05:00--2023-11-16 18:50:00,LONG,1,12.274,0.008416666666666666666666666667,12.27549294275967827747003413,12.288,12.25,12.262,12.276,12.276,MODELLED,CONDITIONAL_OPEN_SCENARIO,12.26,12.278,EXIT_ONLY_FROZEN_ENTRIES,C1_T10
VWAP_MR_CNYRUBF,VWAP_MR_CNYRUBF_000898,VWAP_MR,CNYRUBF,2023-11-20 12:10:00,2023-11-20 12:20:00,2023-11-20 12:20:00,2023-11-20 12:25:00,2023-11-20 10:00:00--2023-11-20 14:00:00,LONG,1,12.328,0.01775,12.33136819586594421031507124,12.346,12.274,12.302,12.332,12.332,MODELLED,CONDITIONAL_OPEN_SCENARIO,12.274,12.332,EXIT_ONLY_FROZEN_ENTRIES,C1_T10
VWAP_MR_CNYRUBF,VWAP_MR_CNYRUBF_000899,VWAP_MR,CNYRUBF,2023-11-20 12:30:00,2023-11-20 12:40:00,2023-11-20 12:40:00,2023-11-20 12:45:00,2023-11-20 10:00:00--2023-11-20 14:00:00,LONG,1,12.327,0.02041666666666666666666666667,12.33076135047244204385267066,12.343,12.274,12.297,12.331,12.332,MODELLED,CONDITIONAL_OPEN_SCENARIO,12.299,12.339,EXIT_ONLY_FROZEN_ENTRIES,C1_T10
VWAP_MR_CNYRUBF,VWAP_MR_CNYRUBF_000900,VWAP_MR,CNYRUBF,2023-11-20 16:00:00,2023-11-20 16:10:00,2023-11-20 16:10:00,2023-11-20 16:15:00,2023-11-20 14:05:00--2023-11-20 18:50:00,SHORT,-1,12.329,0.01041666666666666666666666667,12.31896335060800054195034381,12.335,12.31,12.344,12.318,12.327,MODELLED,CONDITIONAL_OPEN_SCENARIO,12.314,12.335,EXIT_ONLY_FROZEN_ENTRIES,C1_T10
VWAP_MR_CNYRUBF,VWAP_MR_CNYRUBF_000901,VWAP_MR,CNYRUBF,2023-11-20 16:35:00,2023-11-20 16:45:00,2023-11-20 16:45:00,2023-11-20 16:50:00,2023-11-20 14:05:00--2023-11-20 18:50:00,SHORT,-1,12.331,0.009166666666666666666666666667,12.32306822769479208720226081,12.346,12.314,12.344,12.323,12.329,MODELLED,CONDITIONAL_OPEN_SCENARIO,12.331,12.345,EXIT_ONLY_FROZEN_ENTRIES,C1_T10
VWAP_MR_CNYRUBF,VWAP_MR_CNYRUBF_000905,VWAP_MR,CNYRUBF,2023-11-21 11:50:00,2023-11-21 12:00:00,2023-11-21 12:00:00,2023-11-21 12:05:00,2023-11-21 10:00:00--2023-11-21 14:00:00,LONG,1,12.317,0.07941666666666666666666666667,12.39558494740006011421701234,12.871,12.289,12.198,12.396,12.336,MODELLED,CONDITIONAL_OPEN_SCENARIO,12.307,12.317,EXIT_ONLY_FROZEN_ENTRIES,C1_T10
VWAP_MR_CNYRUBF,VWAP_MR_CNYRUBF_000906,VWAP_MR,CNYRUBF,2023-11-21 15:50:00,2023-11-21 16:00:00,2023-11-21 16:00:00,2023-11-21 16:05:00,2023-11-21 14:05:00--2023-11-21 18:50:00,SHORT,-1,12.32,0.007666666666666666666666666667,12.31942181314330958036421220,12.332,12.302,12.331,12.319,12.319,MODELLED,CONDITIONAL_OPEN_SCENARIO,12.32,12.332,EXIT_ONLY_FROZEN_ENTRIES,C1_T10
VWAP_MR_CNYRUBF,VWAP_MR_CNYRUBF_000907,VWAP_MR,CNYRUBF,2023-11-21 16:50:00,2023-11-21 17:00:00,2023-11-21 17:00:00,2023-11-21 17:05:00,2023-11-21 14:05:00--2023-11-21 18:50:00,LONG,1,12.314,0.006416666666666666666666666667,12.31779458262212468503617004,12.328,12.3,12.305,12.318,12.315,MODELLED,CONDITIONAL_OPEN_SCENARIO,12.309,12.315,EXIT_ONLY_FROZEN_ENTRIES,C1_T10
VWAP_MR_CNYRUBF,VWAP_MR_CNYRUBF_000910,VWAP_MR,CNYRUBF,2023-11-21 17:40:00,2023-11-21 17:50:00,2023-11-21 17:50:00,2023-11-21 17:55:00,2023-11-21 14:05:00--2023-11-21 18:50:00,SHORT,-1,12.318,0.00475,12.31761920941718190088935926,12.323,12.309,12.325,12.317,12.317,MODELLED,CONDITIONAL_OPEN_SCENARIO,12.312,12.323,EXIT_ONLY_FROZEN_ENTRIES,C1_T10
VWAP_MR_CNYRUBF,VWAP_MR_CNYRUBF_000912,VWAP_MR,CNYRUBF,2023-11-22 12:10:00,2023-11-22 12:20:00,2023-11-22 12:20:00,2023-11-22 12:25:00,2023-11-22 10:00:00--2023-11-22 14:00:00,SHORT,-1,12.318,0.006833333333333333333333333333,12.31360468804516763409141371,12.328,12.3,12.328,12.313,12.317,MODELLED,CONDITIONAL_OPEN_SCENARIO,12.315,12.326,EXIT_ONLY_FROZEN_ENTRIES,C1_T10
VWAP_MR_CNYRUBF,VWAP_MR_CNYRUBF_000914,VWAP_MR,CNYRUBF,2023-11-22 13:05:00,2023-11-22 13:15:00,2023-11-22 13:15:00,2023-11-22 13:20:00,2023-11-22 10:00:00--2023-11-22 14:00:00,SHORT,-1,12.322,0.005333333333333333333333333333,12.31840477470399316324139547,12.33,12.309,12.330,12.318,12.321,MODELLED,CONDITIONAL_OPEN_SCENARIO,12.317,12.33,EXIT_ONLY_FROZEN_ENTRIES,C1_T10
VWAP_MR_CNYRUBF,VWAP_MR_CNYRUBF_000917,VWAP_MR,CNYRUBF,2023-11-23 15:15:00,2023-11-23 15:25:00,2023-11-23 15:25:00,2023-11-23 15:30:00,2023-11-23 14:05:00--2023-11-23 18:50:00,SHORT,-1,12.351,0.004083333333333333333333333333,12.34768991619356582860232496,12.355,12.339,12.357,12.347,12.350,MODELLED,CONDITIONAL_OPEN_SCENARIO,12.348,12.355,EXIT_ONLY_FROZEN_ENTRIES,C1_T10
VWAP_MR_CNYRUBF,VWAP_MR_CNYRUBF_000918,VWAP_MR,CNYRUBF,2023-11-23 15:40:00,2023-11-23 15:50:00,2023-11-23 15:50:00,2023-11-23 15:55:00,2023-11-23 14:05:00--2023-11-23 18:50:00,SHORT,-1,12.36,0.004333333333333333333333333333,12.35739689740962973803600176,12.361,12.342,12.366,12.357,12.359,MODELLED,CONDITIONAL_OPEN_SCENARIO,12.355,12.361,EXIT_ONLY_FROZEN_ENTRIES,C1_T10
VWAP_MR_CNYRUBF,VWAP_MR_CNYRUBF_000920,VWAP_MR,CNYRUBF,2023-11-23 16:25:00,2023-11-23 16:35:00,2023-11-23 16:35:00,2023-11-23 16:40:00,2023-11-23 14:05:00--2023-11-23 18:50:00,SHORT,-1,12.359,0.006083333333333333333333333333,12.35863237056799288558945211,12.373,12.35,12.368,12.358,12.358,MODELLED,CONDITIONAL_OPEN_SCENARIO,12.359,12.37,EXIT_ONLY_FROZEN_ENTRIES,C1_T10
VWAP_MR_CNYRUBF,VWAP_MR_CNYRUBF_000923,VWAP_MR,CNYRUBF,2023-11-24 12:15:00,2023-11-24 12:25:00,2023-11-24 12:25:00,2023-11-24 12:30:00,2023-11-24 10:00:00--2023-11-24 14:00:00,LONG,1,12.379,0.01441666666666666666666666667,12.39213991908129450406789753,12.384,12.333,12.358,12.393,12.382,MODELLED,CONDITIONAL_OPEN_SCENARIO,12.343,12.382,EXIT_ONLY_FROZEN_ENTRIES,C1_T10
VWAP_MR_CNYRUBF,VWAP_MR_CNYRUBF_000924,VWAP_MR,CNYRUBF,2023-11-24 15:10:00,2023-11-24 15:20:00,2023-11-24 15:20:00,2023-11-24 15:25:00,2023-11-24 14:05:00--2023-11-24 18:50:00,SHORT,-1,12.424,0.006083333333333333333333333333,12.42372729157244082617216946,12.439,12.416,12.433,12.423,12.423,MODELLED,CONDITIONAL_OPEN_SCENARIO,12.424,12.434,EXIT_ONLY_FROZEN_ENTRIES,C1_T10
VWAP_MR_CNYRUBF,VWAP_MR_CNYRUBF_000926,VWAP_MR,CNYRUBF,2023-11-24 16:25:00,2023-11-24 16:35:00,2023-11-24 16:35:00,2023-11-24 16:40:00,2023-11-24 14:05:00--2023-11-24 18:50:00,LONG,1,12.405,0.01333333333333333333333333333,12.41725671740092412501415002,12.447,12.376,12.385,12.418,12.408,MODELLED,CONDITIONAL_OPEN_SCENARIO,12.376,12.405,EXIT_ONLY_FROZEN_ENTRIES,C1_T10
VWAP_MR_CNYRUBF,VWAP_MR_CNYRUBF_000932,VWAP_MR,CNYRUBF,2023-11-27 15:15:00,2023-11-27 15:25:00,2023-11-27 15:25:00,2023-11-27 15:30:00,2023-11-27 14:05:00--2023-11-27 18:50:00,LONG,1,12.378,0.007416666666666666666666666667,12.38191279790604766496762639,12.411,12.362,12.367,12.382,12.379,MODELLED,CONDITIONAL_OPEN_SCENARIO,12.362,12.386,EXIT_ONLY_FROZEN_ENTRIES,C1_T10
VWAP_MR_CNYRUBF,VWAP_MR_CNYRUBF_000935,VWAP_MR,CNYRUBF,2023-11-28 11:20:00,2023-11-28 11:30:00,2023-11-28 11:30:00,2023-11-28 11:35:00,2023-11-28 10:00:00--2023-11-28 14:00:00,LONG,1,12.382,0.00725,12.38468664935882306663519786,12.404,12.373,12.372,12.385,12.383,MODELLED,CONDITIONAL_OPEN_SCENARIO,12.373,12.383,EXIT_ONLY_FROZEN_ENTRIES,C1_T10
VWAP_MR_CNYRUBF,VWAP_MR_CNYRUBF_000942,VWAP_MR,CNYRUBF,2023-11-29 13:05:00,2023-11-29 13:15:00,2023-11-29 13:15:00,2023-11-29 13:20:00,2023-11-29 10:00:00--2023-11-29 14:00:00,LONG,1,12.476,0.005416666666666666666666666667,12.48053911650177929312689807,12.497,12.472,12.468,12.481,12.477,MODELLED,CONDITIONAL_OPEN_SCENARIO,12.472,12.48,EXIT_ONLY_FROZEN_ENTRIES,C1_T10
VWAP_MR_CNYRUBF,VWAP_MR_CNYRUBF_000944,VWAP_MR,CNYRUBF,2023-11-29 17:35:00,2023-11-29 17:45:00,2023-11-29 17:45:00,2023-11-29 17:50:00,2023-11-29 14:05:00--2023-11-29 18:50:00,LONG,1,12.415,0.01033333333333333333333333333,12.41774397867255010112152969,12.422,12.384,12.400,12.418,12.417,MODELLED,CONDITIONAL_OPEN_SCENARIO,12.396,12.415,EXIT_ONLY_FROZEN_ENTRIES,C1_T10
VWAP_MR_CNYRUBF,VWAP_MR_CNYRUBF_000948,VWAP_MR,CNYRUBF,2023-11-30 15:10:00,2023-11-30 15:20:00,2023-11-30 15:20:00,2023-11-30 15:25:00,2023-11-30 14:05:00--2023-11-30 18:50:00,SHORT,-1,12.415,0.004083333333333333333333333333,12.41112350936967632027257240,12.418,12.4,12.421,12.411,12.414,MODELLED,CONDITIONAL_OPEN_SCENARIO,12.412,12.417,EXIT_ONLY_FROZEN_ENTRIES,C1_T10
VWAP_MR_CNYRUBF,VWAP_MR_CNYRUBF_000950,VWAP_MR,CNYRUBF,2023-11-30 16:55:00,2023-11-30 17:05:00,2023-11-30 17:05:00,2023-11-30 17:10:00,2023-11-30 14:05:00--2023-11-30 18:50:00,SHORT,-1,12.434,0.009833333333333333333333333333,12.43100405057625601432247958,12.463,12.422,12.448,12.431,12.432,MODELLED,CONDITIONAL_OPEN_SCENARIO,12.434,12.452,EXIT_ONLY_FROZEN_ENTRIES,C1_T10
VWAP_MR_CNYRUBF,VWAP_MR_CNYRUBF_000951,VWAP_MR,CNYRUBF,2023-12-01 15:25:00,2023-12-01 15:35:00,2023-12-01 15:35:00,2023-12-01 15:40:00,2023-12-01 14:05:00--2023-12-01 18:50:00,LONG,1,12.582,0.00675,12.58512714833972968463207075,12.592,12.57,12.572,12.586,12.583,MODELLED,CONDITIONAL_OPEN_SCENARIO,12.575,12.583,EXIT_ONLY_FROZEN_ENTRIES,C1_T10
VWAP_MR_CNYRUBF,VWAP_MR_CNYRUBF_000952,VWAP_MR,CNYRUBF,2023-12-01 15:55:00,2023-12-01 16:05:00,2023-12-01 16:05:00,2023-12-01 16:10:00,2023-12-01 14:05:00--2023-12-01 18:50:00,SHORT,-1,12.591,0.009833333333333333333333333333,12.59021704801016916006649066,12.609,12.57,12.605,12.590,12.589,MODELLED,CONDITIONAL_OPEN_SCENARIO,12.576,12.609,EXIT_ONLY_FROZEN_ENTRIES,C1_T10
VWAP_MR_CNYRUBF,VWAP_MR_CNYRUBF_000953,VWAP_MR,CNYRUBF,2023-12-04 11:45:00,2023-12-04 11:55:00,2023-12-04 11:55:00,2023-12-04 12:00:00,2023-12-04 10:00:00--2023-12-04 14:00:00,LONG,1,12.697,0.008083333333333333333333333333,12.70026819092374196074887413,12.717,12.687,12.685,12.701,12.699,MODELLED,CONDITIONAL_OPEN_SCENARIO,12.687,12.708,EXIT_ONLY_FROZEN_ENTRIES,C1_T10
VWAP_MR_CNYRUBF,VWAP_MR_CNYRUBF_000954,VWAP_MR,CNYRUBF,2023-12-04 12:20:00,2023-12-04 12:30:00,2023-12-04 12:30:00,2023-12-04 12:35:00,2023-12-04 10:00:00--2023-12-04 14:00:00,LONG,1,12.693,0.006916666666666666666666666667,12.69954367432150313152400835,12.71,12.684,12.683,12.700,12.694,MODELLED,CONDITIONAL_OPEN_SCENARIO,12.684,12.697,EXIT_ONLY_FROZEN_ENTRIES,C1_T10
VWAP_MR_CNYRUBF,VWAP_MR_CNYRUBF_000955,VWAP_MR,CNYRUBF,2023-12-04 12:50:00,2023-12-04 13:00:00,2023-12-04 13:00:00,2023-12-04 13:05:00,2023-12-04 10:00:00--2023-12-04 14:00:00,LONG,1,12.694,0.007666666666666666666666666667,12.69837509321401938851603281,12.707,12.674,12.683,12.699,12.695,MODELLED,CONDITIONAL_OPEN_SCENARIO,12.674,12.694,EXIT_ONLY_FROZEN_ENTRIES,C1_T10
VWAP_MR_CNYRUBF,VWAP_MR_CNYRUBF_000958,VWAP_MR,CNYRUBF,2023-12-04 15:10:00,2023-12-04 15:20:00,2023-12-04 15:20:00,2023-12-04 15:25:00,2023-12-04 14:05:00--2023-12-04 18:50:00,LONG,1,12.711,0.012,12.71923734996469757590021183,12.738,12.699,12.693,12.720,12.714,MODELLED,CONDITIONAL_OPEN_SCENARIO,12.699,12.711,EXIT_ONLY_FROZEN_ENTRIES,C1_T10
VWAP_MR_CNYRUBF,VWAP_MR_CNYRUBF_000959,VWAP_MR,CNYRUBF,2023-12-04 17:35:00,2023-12-04 17:45:00,2023-12-04 17:45:00,2023-12-04 17:50:00,2023-12-04 14:05:00--2023-12-04 18:50:00,SHORT,-1,12.742,0.01233333333333333333333333333,12.73010442323481116584564859,12.77,12.722,12.760,12.730,12.739,MODELLED,CONDITIONAL_OPEN_SCENARIO,12.74,12.768,EXIT_ONLY_FROZEN_ENTRIES,C1_T10
VWAP_MR_CNYRUBF,VWAP_MR_CNYRUBF_000961,VWAP_MR,CNYRUBF,2023-12-05 11:20:00,2023-12-05 11:30:00,2023-12-05 11:30:00,2023-12-05 11:35:00,2023-12-05 10:00:00--2023-12-05 14:00:00,LONG,1,12.782,0.008833333333333333333333333333,12.78876474578361545339623224,12.809,12.766,12.769,12.789,12.784,MODELLED,CONDITIONAL_OPEN_SCENARIO,12.766,12.784,EXIT_ONLY_FROZEN_ENTRIES,C1_T10
VWAP_MR_CNYRUBF,VWAP_MR_CNYRUBF_000962,VWAP_MR,CNYRUBF,2023-12-05 12:50:00,2023-12-05 13:00:00,2023-12-05 13:00:00,2023-12-05 13:05:00,2023-12-05 10:00:00--2023-12-05 14:00:00,SHORT,-1,12.814,0.009333333333333333333333333333,12.80515019239030096972023435,12.835,12.79,12.828,12.805,12.812,MODELLED,CONDITIONAL_OPEN_SCENARIO,12.808,12.827,EXIT_ONLY_FROZEN_ENTRIES,C1_T10
VWAP_MR_CNYRUBF,VWAP_MR_CNYRUBF_000969,VWAP_MR,CNYRUBF,2023-12-07 12:10:00,2023-12-07 12:20:00,2023-12-07 12:20:00,2023-12-07 12:25:00,2023-12-07 10:00:00--2023-12-07 14:00:00,SHORT,-1,12.934,0.01158333333333333333333333333,12.92765266082737415196265110,12.966,12.923,12.951,12.927,12.932,MODELLED,CONDITIONAL_OPEN_SCENARIO,12.932,12.945,EXIT_ONLY_FROZEN_ENTRIES,C1_T10
VWAP_MR_CNYRUBF,VWAP_MR_CNYRUBF_000972,VWAP_MR,CNYRUBF,2023-12-07 16:00:00,2023-12-07 16:10:00,2023-12-07 16:10:00,2023-12-07 16:15:00,2023-12-07 14:05:00--2023-12-07 18:50:00,SHORT,-1,12.931,0.01125,12.91990735660214398211654727,12.948,12.898,12.947,12.919,12.929,MODELLED,CONDITIONAL_OPEN_SCENARIO,12.931,12.946,EXIT_ONLY_FROZEN_ENTRIES,C1_T10
VWAP_MR_CNYRUBF,VWAP_MR_CNYRUBF_000973,VWAP_MR,CNYRUBF,2023-12-07 16:40:00,2023-12-07 16:50:00,2023-12-07 16:50:00,2023-12-07 16:55:00,2023-12-07 14:05:00--2023-12-07 18:50:00,SHORT,-1,12.925,0.007666666666666666666666666667,12.92265220454168738604342780,12.948,12.926,12.936,12.922,12.924,MODELLED,CONDITIONAL_OPEN_SCENARIO,12.916,12.943,EXIT_ONLY_FROZEN_ENTRIES,C1_T10
VWAP_MR_CNYRUBF,VWAP_MR_CNYRUBF_000977,VWAP_MR,CNYRUBF,2023-12-08 12:05:00,2023-12-08 12:15:00,2023-12-08 12:15:00,2023-12-08 12:20:00,2023-12-08 10:00:00--2023-12-08 14:00:00,SHORT,-1,12.822,0.00675,12.82179190000366018813367007,12.835,12.816,12.832,12.821,12.821,MODELLED,CONDITIONAL_OPEN_SCENARIO,12.82,12.832,EXIT_ONLY_FROZEN_ENTRIES,C1_T10
VWAP_MR_CNYRUBF,VWAP_MR_CNYRUBF_000980,VWAP_MR,CNYRUBF,2023-12-08 16:15:00,2023-12-08 16:25:00,2023-12-08 16:25:00,2023-12-08 16:30:00,2023-12-08 14:05:00--2023-12-08 18:50:00,SHORT,-1,12.732,0.01883333333333333333333333333,12.72467632804743573141204495,12.772,12.699,12.760,12.724,12.728,MODELLED,CONDITIONAL_OPEN_SCENARIO,12.732,12.765,EXIT_ONLY_FROZEN_ENTRIES,C1_T10
VWAP_MR_CNYRUBF,VWAP_MR_CNYRUBF_000981,VWAP_MR,CNYRUBF,2023-12-11 11:30:00,2023-12-11 11:40:00,2023-12-11 11:40:00,2023-12-11 11:45:00,2023-12-11 10:00:00--2023-12-11 14:00:00,LONG,1,12.673,0.01608333333333333333333333333,12.68777059625857451489899744,12.727,12.646,12.649,12.688,12.677,MODELLED,CONDITIONAL_OPEN_SCENARIO,12.65,12.682,EXIT_ONLY_FROZEN_ENTRIES,C1_T10
VWAP_MR_CNYRUBF,VWAP_MR_CNYRUBF_000984,VWAP_MR,CNYRUBF,2023-12-11 15:50:00,2023-12-11 16:00:00,2023-12-11 16:00:00,2023-12-11 16:05:00,2023-12-11 14:05:00--2023-12-11 18:50:00,SHORT,-1,12.636,0.01458333333333333333333333333,12.62408646293300689313455457,12.671,12.59,12.657,12.624,12.633,MODELLED,CONDITIONAL_OPEN_SCENARIO,12.631,12.66,EXIT_ONLY_FROZEN_ENTRIES,C1_T10
VWAP_MR_CNYRUBF,VWAP_MR_CNYRUBF_000988,VWAP_MR,CNYRUBF,2023-12-11 18:00:00,2023-12-11 18:10:00,2023-12-11 18:10:00,2023-12-11 18:15:00,2023-12-11 14:05:00--2023-12-11 18:50:00,SHORT,-1,12.637,0.0105,12.62685142588473570950650103,12.659,12.607,12.652,12.626,12.635,MODELLED,CONDITIONAL_OPEN_SCENARIO,12.637,12.659,EXIT_ONLY_FROZEN_ENTRIES,C1_T10
VWAP_MR_CNYRUBF,VWAP_MR_CNYRUBF_000992,VWAP_MR,CNYRUBF,2023-12-12 17:40:00,2023-12-12 17:50:00,2023-12-12 17:50:00,2023-12-12 17:55:00,2023-12-12 14:05:00--2023-12-12 18:50:00,SHORT,-1,12.556,0.00875,12.54842115379409296407590893,12.56,12.529,12.569,12.548,12.554,MODELLED,CONDITIONAL_OPEN_SCENARIO,12.537,12.56,EXIT_ONLY_FROZEN_ENTRIES,C1_T10
VWAP_MR_CNYRUBF,VWAP_MR_CNYRUBF_000995,VWAP_MR,CNYRUBF,2023-12-13 12:55:00,2023-12-13 13:05:00,2023-12-13 13:05:00,2023-12-13 13:10:00,2023-12-13 10:00:00--2023-12-13 14:00:00,SHORT,-1,12.497,0.01116666666666666666666666667,12.49103191472895742912213327,12.53,12.482,12.513,12.491,12.495,MODELLED,CONDITIONAL_OPEN_SCENARIO,12.497,12.507,EXIT_ONLY_FROZEN_ENTRIES,C1_T10
VWAP_MR_CNYRUBF,VWAP_MR_CNYRUBF_000997,VWAP_MR,CNYRUBF,2023-12-13 15:30:00,2023-12-13 15:40:00,2023-12-13 15:40:00,2023-12-13 15:45:00,2023-12-13 14:05:00--2023-12-13 18:50:00,LONG,1,12.497,0.007583333333333333333333333333,12.49746433537832310838445807,12.501,12.478,12.486,12.498,12.498,MODELLED,CONDITIONAL_OPEN_SCENARIO,12.485,12.497,EXIT_ONLY_FROZEN_ENTRIES,C1_T10
VWAP_MR_CNYRUBF,VWAP_MR_CNYRUBF_000999,VWAP_MR,CNYRUBF,2023-12-14 15:40:00,2023-12-14 15:50:00,2023-12-14 15:50:00,2023-12-14 15:55:00,2023-12-14 14:05:00--2023-12-14 18:50:00,SHORT,-1,12.568,0.011,12.56065805658056580565805658,12.58,12.538,12.584,12.560,12.566,MODELLED,CONDITIONAL_OPEN_SCENARIO,12.562,12.58,EXIT_ONLY_FROZEN_ENTRIES,C1_T10
VWAP_MR_CNYRUBF,VWAP_MR_CNYRUBF_001000,VWAP_MR,CNYRUBF,2023-12-14 16:25:00,2023-12-14 16:35:00,2023-12-14 16:35:00,2023-12-14 16:40:00,2023-12-14 14:05:00--2023-12-14 18:50:00,SHORT,-1,12.575,0.01158333333333333333333333333,12.56740781705210508675587181,12.602,12.554,12.592,12.567,12.573,MODELLED,CONDITIONAL_OPEN_SCENARIO,12.571,12.585,EXIT_ONLY_FROZEN_ENTRIES,C1_T10
VWAP_MR_CNYRUBF,VWAP_MR_CNYRUBF_001001,VWAP_MR,CNYRUBF,2023-12-14 16:55:00,2023-12-14 17:05:00,2023-12-14 17:05:00,2023-12-14 17:10:00,2023-12-14 14:05:00--2023-12-14 18:50:00,SHORT,-1,12.584,0.0125,12.57343910678693287388939563,12.602,12.567,12.602,12.573,12.581,MODELLED,CONDITIONAL_OPEN_SCENARIO,12.581,12.6,EXIT_ONLY_FROZEN_ENTRIES,C1_T10
VWAP_MR_CNYRUBF,VWAP_MR_CNYRUBF_001006,VWAP_MR,CNYRUBF,2023-12-15 17:35:00,2023-12-15 17:45:00,2023-12-15 17:45:00,2023-12-15 17:50:00,2023-12-15 14:05:00--2023-12-15 18:50:00,SHORT,-1,12.655,0.013,12.64203328088807307372929505,12.687,12.65,12.674,12.642,12.652,MODELLED,CONDITIONAL_OPEN_SCENARIO,12.655,12.674,EXIT_ONLY_FROZEN_ENTRIES,C1_T10
VWAP_MR_CNYRUBF,VWAP_MR_CNYRUBF_001012,VWAP_MR,CNYRUBF,2023-12-19 11:05:00,2023-12-19 11:15:00,2023-12-19 11:15:00,2023-12-19 11:20:00,2023-12-19 10:00:00--2023-12-19 14:00:00,SHORT,-1,12.545,0.01275,12.53378349400171379605826907,12.587,12.509,12.564,12.533,12.542,MODELLED,CONDITIONAL_OPEN_SCENARIO,12.543,12.587,EXIT_ONLY_FROZEN_ENTRIES,C1_T10
VWAP_MR_CNYRUBF,VWAP_MR_CNYRUBF_001014,VWAP_MR,CNYRUBF,2023-12-19 12:00:00,2023-12-19 12:10:00,2023-12-19 12:10:00,2023-12-19 12:15:00,2023-12-19 10:00:00--2023-12-19 14:00:00,SHORT,-1,12.551,0.01191666666666666666666666667,12.53953961405467429563815107,12.582,12.54,12.568,12.539,12.549,MODELLED,CONDITIONAL_OPEN_SCENARIO,12.549,12.562,EXIT_ONLY_FROZEN_ENTRIES,C1_T10
VWAP_MR_CNYRUBF,VWAP_MR_CNYRUBF_001018,VWAP_MR,CNYRUBF,2023-12-19 17:30:00,2023-12-19 17:40:00,2023-12-19 17:40:00,2023-12-19 17:45:00,2023-12-19 14:05:00--2023-12-19 18:50:00,SHORT,-1,12.646,0.009916666666666666666666666667,12.64145962488984252270201923,12.665,12.634,12.660,12.641,12.644,MODELLED,CONDITIONAL_OPEN_SCENARIO,12.644,12.664,EXIT_ONLY_FROZEN_ENTRIES,C1_T10
VWAP_MR_CNYRUBF,VWAP_MR_CNYRUBF_001024,VWAP_MR,CNYRUBF,2023-12-22 11:35:00,2023-12-22 11:45:00,2023-12-22 11:45:00,2023-12-22 11:50:00,2023-12-22 10:00:00--2023-12-22 14:00:00,LONG,1,12.865,0.01333333333333333333333333333,12.87677222369110015500982420,12.901,12.838,12.845,12.877,12.868,MODELLED,CONDITIONAL_OPEN_SCENARIO,12.848,12.869,EXIT_ONLY_FROZEN_ENTRIES,C1_T10
VWAP_MR_CNYRUBF,VWAP_MR_CNYRUBF_001030,VWAP_MR,CNYRUBF,2023-12-25 12:40:00,2023-12-25 12:50:00,2023-12-25 12:50:00,2023-12-25 12:55:00,2023-12-25 10:00:00--2023-12-25 14:00:00,LONG,1,12.829,0.006166666666666666666666666667,12.83230109159584513692162417,12.84,12.818,12.820,12.833,12.830,MODELLED,CONDITIONAL_OPEN_SCENARIO,12.818,12.832,EXIT_ONLY_FROZEN_ENTRIES,C1_T10
VWAP_MR_CNYRUBF,VWAP_MR_CNYRUBF_001031,VWAP_MR,CNYRUBF,2023-12-25 13:00:00,2023-12-25 13:10:00,2023-12-25 13:10:00,2023-12-25 13:15:00,2023-12-25 10:00:00--2023-12-25 14:00:00,LONG,1,12.827,0.0075,12.83200137041015894003250420,12.84,12.818,12.816,12.833,12.828,MODELLED,CONDITIONAL_OPEN_SCENARIO,12.819,12.834,EXIT_ONLY_FROZEN_ENTRIES,C1_T10
VWAP_MR_CNYRUBF,VWAP_MR_CNYRUBF_001033,VWAP_MR,CNYRUBF,2023-12-25 15:40:00,2023-12-25 15:50:00,2023-12-25 15:50:00,2023-12-25 15:55:00,2023-12-25 14:05:00--2023-12-25 18:50:00,SHORT,-1,12.834,0.005166666666666666666666666667,12.83369554338983796143614098,12.842,12.821,12.841,12.833,12.833,MODELLED,CONDITIONAL_OPEN_SCENARIO,12.831,12.842,EXIT_ONLY_FROZEN_ENTRIES,C1_T10
VWAP_MR_CNYRUBF,VWAP_MR_CNYRUBF_001035,VWAP_MR,CNYRUBF,2023-12-26 15:20:00,2023-12-26 15:30:00,2023-12-26 15:30:00,2023-12-26 15:35:00,2023-12-26 14:05:00--2023-12-26 18:50:00,LONG,1,12.78,0.00575,12.78323728748806112702960840,12.792,12.77,12.772,12.784,12.781,MODELLED,CONDITIONAL_OPEN_SCENARIO,12.77,12.78,EXIT_ONLY_FROZEN_ENTRIES,C1_T10
VWAP_MR_CNYRUBF,VWAP_MR_CNYRUBF_001037,VWAP_MR,CNYRUBF,2023-12-27 11:30:00,2023-12-27 11:40:00,2023-12-27 11:40:00,2023-12-27 11:45:00,2023-12-27 10:00:00--2023-12-27 14:00:00,SHORT,-1,12.816,0.009166666666666666666666666667,12.80883826242069203170291691,12.827,12.787,12.829,12.808,12.814,MODELLED,CONDITIONAL_OPEN_SCENARIO,12.806,12.827,EXIT_ONLY_FROZEN_ENTRIES,C1_T10
VWAP_MR_CNYRUBF,VWAP_MR_CNYRUBF_001040,VWAP_MR,CNYRUBF,2023-12-27 16:25:00,2023-12-27 16:35:00,2023-12-27 16:35:00,2023-12-27 16:40:00,2023-12-27 14:05:00--2023-12-27 18:50:00,LONG,1,12.782,0.009083333333333333333333333333,12.78934323718643822742716692,12.798,12.775,12.769,12.790,12.784,MODELLED,CONDITIONAL_OPEN_SCENARIO,12.775,12.787,EXIT_ONLY_FROZEN_ENTRIES,C1_T10
VWAP_MR_CNYRUBF,VWAP_MR_CNYRUBF_001043,VWAP_MR,CNYRUBF,2023-12-27 17:45:00,2023-12-27 17:55:00,2023-12-27 17:55:00,2023-12-27 18:00:00,2023-12-27 14:05:00--2023-12-27 18:50:00,LONG,1,12.78,0.008166666666666666666666666667,12.78388698019429420291277703,12.789,12.764,12.768,12.784,12.782,MODELLED,CONDITIONAL_OPEN_SCENARIO,12.77,12.784,EXIT_ONLY_FROZEN_ENTRIES,C1_T10
VWAP_MR_CNYRUBF,VWAP_MR_CNYRUBF_001052,VWAP_MR,CNYRUBF,2023-12-29 12:35:00,2023-12-29 12:45:00,2023-12-29 12:45:00,2023-12-29 12:50:00,2023-12-29 10:00:00--2023-12-29 14:00:00,SHORT,-1,12.558,0.0175,12.55445563277465525680625180,12.595,12.501,12.584,12.554,12.554,MODELLED,CONDITIONAL_OPEN_SCENARIO,12.558,12.595,EXIT_ONLY_FROZEN_ENTRIES,C1_T10
VWAP_MR_GLDRUBF,VWAP_MR_GLDRUBF_000001,VWAP_MR,GLDRUBF,2023-07-11 12:25:00,2023-07-11 12:35:00,2023-07-11 12:35:00,2023-07-11 12:40:00,2023-07-11 10:00:00--2023-07-11 14:00:00,LONG,1,5500,5.591666666666666666666666667,5505.502861445783132530120480,5520.5,5497.1,5491.7,5505.6,5501.3,MODELLED,CONDITIONAL_OPEN_SCENARIO,5500,5509.9,EXIT_ONLY_FROZEN_ENTRIES,C1_T10
VWAP_MR_GLDRUBF,VWAP_MR_GLDRUBF_000008,VWAP_MR,GLDRUBF,2023-07-13 11:40:00,2023-07-13 11:50:00,2023-07-13 11:50:00,2023-07-13 11:55:00,2023-07-13 10:00:00--2023-07-13 14:00:00,LONG,1,5527.9,7.183333333333333333333333333,5534.808780124559978337395073,5554.4,5513.3,5517.2,5534.9,5529.6,MODELLED,CONDITIONAL_OPEN_SCENARIO,5513.3,5542.1,EXIT_ONLY_FROZEN_ENTRIES,C1_T10
VWAP_MR_GLDRUBF,VWAP_MR_GLDRUBF_000012,VWAP_MR,GLDRUBF,2023-07-25 11:05:00,2023-07-25 11:15:00,2023-07-25 11:15:00,2023-07-25 11:20:00,2023-07-25 10:00:00--2023-07-25 14:00:00,LONG,1,5589.9,3.975,5592.582818768533054247339958,5600,5583.9,5584.0,5592.6,5590.8,MODELLED,CONDITIONAL_OPEN_SCENARIO,5587,5589.9,EXIT_ONLY_FROZEN_ENTRIES,C1_T10
VWAP_MR_GLDRUBF,VWAP_MR_GLDRUBF_000013,VWAP_MR,GLDRUBF,2023-07-27 16:20:00,2023-07-27 16:30:00,2023-07-27 16:30:00,2023-07-27 16:35:00,2023-07-27 14:05:00--2023-07-27 18:50:00,LONG,1,5618.6,7.916666666666666666666666667,5626.263136033229491173416407,5639.9,5611,5606.8,5626.3,5620.5,MODELLED,CONDITIONAL_OPEN_SCENARIO,5611,5618.6,EXIT_ONLY_FROZEN_ENTRIES,C1_T10
VWAP_MR_GLDRUBF,VWAP_MR_GLDRUBF_000015,VWAP_MR,GLDRUBF,2023-07-28 15:20:00,2023-07-28 15:30:00,2023-07-28 15:30:00,2023-07-28 15:35:00,2023-07-28 14:05:00--2023-07-28 18:50:00,SHORT,-1,5632.5,4.941666666666666666666666667,5629.977318295739348370927318,5641,5623.9,5639.9,5629.9,5631.3,MODELLED,CONDITIONAL_OPEN_SCENARIO,5632.5,5641,EXIT_ONLY_FROZEN_ENTRIES,C1_T10
VWAP_MR_GLDRUBF,VWAP_MR_GLDRUBF_000017,VWAP_MR,GLDRUBF,2023-07-31 11:10:00,2023-07-31 11:20:00,2023-07-31 11:20:00,2023-07-31 11:25:00,2023-07-31 10:00:00--2023-07-31 14:00:00,LONG,1,5665.4,11.09166666666666666666666667,5672.164767616191904047976012,5710.1,5651.7,5648.8,5672.2,5668.1,MODELLED,CONDITIONAL_OPEN_SCENARIO,5651.7,5668.2,EXIT_ONLY_FROZEN_ENTRIES,C1_T10
VWAP_MR_GLDRUBF,VWAP_MR_GLDRUBF_000024,VWAP_MR,GLDRUBF,2023-08-01 17:50:00,2023-08-01 18:00:00,2023-08-01 18:00:00,2023-08-01 18:05:00,2023-08-01 14:05:00--2023-08-01 18:50:00,LONG,1,5707.3,5.525,5710.110831854918194362310271,5720.2,5701,5699.1,5710.2,5708.6,MODELLED,CONDITIONAL_OPEN_SCENARIO,5701,5710.5,EXIT_ONLY_FROZEN_ENTRIES,C1_T10
VWAP_MR_GLDRUBF,VWAP_MR_GLDRUBF_000028,VWAP_MR,GLDRUBF,2023-08-02 17:35:00,2023-08-02 17:45:00,2023-08-02 17:45:00,2023-08-02 17:50:00,2023-08-02 14:05:00--2023-08-02 18:50:00,LONG,1,5770.7,8.183333333333333333333333333,5776.416301559107953424116835,5784.5,5757.5,5758.5,5776.5,5772.7,MODELLED,CONDITIONAL_OPEN_SCENARIO,5757.5,5770.7,EXIT_ONLY_FROZEN_ENTRIES,C1_T10
VWAP_MR_GLDRUBF,VWAP_MR_GLDRUBF_000030,VWAP_MR,GLDRUBF,2023-08-03 12:40:00,2023-08-03 12:50:00,2023-08-03 12:50:00,2023-08-03 12:55:00,2023-08-03 10:00:00--2023-08-03 14:00:00,SHORT,-1,5749.8,6.141666666666666666666666667,5744.417463524130190796857463,5760,5725.1,5759.0,5744.4,5748.3,MODELLED,CONDITIONAL_OPEN_SCENARIO,5749.8,5760,EXIT_ONLY_FROZEN_ENTRIES,C1_T10
VWAP_MR_GLDRUBF,VWAP_MR_GLDRUBF_000035,VWAP_MR,GLDRUBF,2023-08-04 17:40:00,2023-08-04 17:50:00,2023-08-04 17:50:00,2023-08-04 17:55:00,2023-08-04 14:05:00--2023-08-04 18:50:00,SHORT,-1,5885.7,6.816666666666666666666666667,5878.916125575913425479481410,5895,5851,5895.9,5878.9,5884.0,MODELLED,CONDITIONAL_OPEN_SCENARIO,5880.5,5895,EXIT_ONLY_FROZEN_ENTRIES,C1_T10
VWAP_MR_GLDRUBF,VWAP_MR_GLDRUBF_000045,VWAP_MR,GLDRUBF,2023-08-09 17:35:00,2023-08-09 17:45:00,2023-08-09 17:45:00,2023-08-09 17:50:00,2023-08-09 14:05:00--2023-08-09 18:50:00,LONG,1,5968.2,6.175,5968.939933665008291873963514,5979.9,5955.7,5959.0,5969.0,5969.7,MODELLED,CONDITIONAL_OPEN_SCENARIO,5955.7,5968.2,EXIT_ONLY_FROZEN_ENTRIES,C1_T10
VWAP_MR_GLDRUBF,VWAP_MR_GLDRUBF_000047,VWAP_MR,GLDRUBF,2023-08-11 17:35:00,2023-08-11 17:45:00,2023-08-11 17:45:00,2023-08-11 17:50:00,2023-08-11 14:05:00--2023-08-11 18:50:00,SHORT,-1,6055.1,7.3,6049.637449088960342979635580,6068.1,6050,6066.0,6049.6,6053.3,MODELLED,CONDITIONAL_OPEN_SCENARIO,6055.1,6066.1,EXIT_ONLY_FROZEN_ENTRIES,C1_T10
VWAP_MR_GLDRUBF,VWAP_MR_GLDRUBF_000051,VWAP_MR,GLDRUBF,2023-08-15 16:20:00,2023-08-15 16:30:00,2023-08-15 16:30:00,2023-08-15 16:35:00,2023-08-15 14:05:00--2023-08-15 18:50:00,SHORT,-1,5992.1,10.65,5985.220188902007083825265643,6007,5960.5,6008.0,5985.2,5989.5,MODELLED,CONDITIONAL_OPEN_SCENARIO,5992.1,6006,EXIT_ONLY_FROZEN_ENTRIES,C1_T10
VWAP_MR_GLDRUBF,VWAP_MR_GLDRUBF_000054,VWAP_MR,GLDRUBF,2023-08-16 16:00:00,2023-08-16 16:10:00,2023-08-16 16:10:00,2023-08-16 16:15:00,2023-08-16 14:05:00--2023-08-16 18:50:00,LONG,1,5772.8,18.76666666666666666666666667,5786.582737509565977916256694,5811,5749.6,5744.7,5786.6,5777.4,MODELLED,CONDITIONAL_OPEN_SCENARIO,5750,5772.8,EXIT_ONLY_FROZEN_ENTRIES,C1_T10
VWAP_MR_GLDRUBF,VWAP_MR_GLDRUBF_000061,VWAP_MR,GLDRUBF,2023-08-17 17:35:00,2023-08-17 17:45:00,2023-08-17 17:45:00,2023-08-17 17:50:00,2023-08-17 14:05:00--2023-08-17 18:50:00,LONG,1,5659,8.283333333333333333333333333,5660.639699863574351978171896,5680,5642,5646.6,5660.7,5661.0,MODELLED,CONDITIONAL_OPEN_SCENARIO,5642,5659,EXIT_ONLY_FROZEN_ENTRIES,C1_T10
VWAP_MR_GLDRUBF,VWAP_MR_GLDRUBF_000065,VWAP_MR,GLDRUBF,2023-08-18 11:20:00,2023-08-18 11:30:00,2023-08-18 11:30:00,2023-08-18 11:35:00,2023-08-18 10:00:00--2023-08-18 14:00:00,LONG,1,5597.5,11.23333333333333333333333333,5606.076111330958976388339272,5636.2,5580.1,5580.7,5606.1,5600.3,MODELLED,CONDITIONAL_OPEN_SCENARIO,5580.1,5597.5,EXIT_ONLY_FROZEN_ENTRIES,C1_T10
VWAP_MR_GLDRUBF,VWAP_MR_GLDRUBF_000069,VWAP_MR,GLDRUBF,2023-08-18 16:10:00,2023-08-18 16:20:00,2023-08-18 16:20:00,2023-08-18 16:25:00,2023-08-18 14:05:00--2023-08-18 18:50:00,LONG,1,5659.9,7.625,5665.303818497396479047855195,5672.5,5642,5648.5,5665.4,5661.8,MODELLED,CONDITIONAL_OPEN_SCENARIO,5642,5659.9,EXIT_ONLY_FROZEN_ENTRIES,C1_T10
VWAP_MR_GLDRUBF,VWAP_MR_GLDRUBF_000072,VWAP_MR,GLDRUBF,2023-08-21 11:50:00,2023-08-21 12:00:00,2023-08-21 12:00:00,2023-08-21 12:05:00,2023-08-21 10:00:00--2023-08-21 14:00:00,SHORT,-1,5696.7,7.958333333333333333333333333,5689.525655012810976113728406,5713.8,5693.7,5708.6,5689.5,5694.8,MODELLED,CONDITIONAL_OPEN_SCENARIO,5696.4,5713.8,EXIT_ONLY_FROZEN_ENTRIES,C1_T10
VWAP_MR_GLDRUBF,VWAP_MR_GLDRUBF_000075,VWAP_MR,GLDRUBF,2023-08-21 15:40:00,2023-08-21 15:50:00,2023-08-21 15:50:00,2023-08-21 15:55:00,2023-08-21 14:05:00--2023-08-21 18:50:00,LONG,1,5715.7,4.591666666666666666666666667,5719.483308042488619119878602,5724.9,5711.5,5708.9,5719.5,5716.8,MODELLED,CONDITIONAL_OPEN_SCENARIO,5711.5,5717,EXIT_ONLY_FROZEN_ENTRIES,C1_T10
VWAP_MR_GLDRUBF,VWAP_MR_GLDRUBF_000076,VWAP_MR,GLDRUBF,2023-08-22 17:35:00,2023-08-22 17:45:00,2023-08-22 17:45:00,2023-08-22 17:50:00,2023-08-22 14:05:00--2023-08-22 18:50:00,SHORT,-1,5713.9,4.766666666666666666666666667,5712.106615776081424936386765,5723,5705.8,5721.0,5712.1,5712.8,MODELLED,CONDITIONAL_OPEN_SCENARIO,5713.9,5719.1,EXIT_ONLY_FROZEN_ENTRIES,C1_T10
VWAP_MR_GLDRUBF,VWAP_MR_GLDRUBF_000085,VWAP_MR,GLDRUBF,2023-08-31 13:10:00,2023-08-31 13:20:00,2023-08-31 13:20:00,2023-08-31 13:25:00,2023-08-31 10:00:00--2023-08-31 14:00:00,LONG,1,6024.9,3.691666666666666666666666667,6028.455378350865286732270105,6040.2,6021.3,6019.4,6028.5,6025.8,MODELLED,CONDITIONAL_OPEN_SCENARIO,6024.9,6026.4,EXIT_ONLY_FROZEN_ENTRIES,C1_T10
VWAP_MR_GLDRUBF,VWAP_MR_GLDRUBF_000092,VWAP_MR,GLDRUBF,2023-09-06 11:15:00,2023-09-06 11:25:00,2023-09-06 11:25:00,2023-09-06 11:30:00,2023-09-06 10:00:00--2023-09-06 14:00:00,LONG,1,6060,5.991666666666666666666666667,6060.168052848169807234134720,6070.8,6050.8,6051.1,6060.2,6061.4,MODELLED,CONDITIONAL_OPEN_SCENARIO,6050.1,6060,EXIT_ONLY_FROZEN_ENTRIES,C1_T10
VWAP_MR_GLDRUBF,VWAP_MR_GLDRUBF_000093,VWAP_MR,GLDRUBF,2023-09-06 15:25:00,2023-09-06 15:35:00,2023-09-06 15:35:00,2023-09-06 15:40:00,2023-09-06 14:05:00--2023-09-06 18:50:00,LONG,1,6083.6,2.958333333333333333333333333,6084.807724719101123595505617,6094.5,6075.1,6079.2,6084.9,6084.3,MODELLED,CONDITIONAL_OPEN_SCENARIO,6075.1,6083.6,EXIT_ONLY_FROZEN_ENTRIES,C1_T10
VWAP_MR_GLDRUBF,VWAP_MR_GLDRUBF_000099,VWAP_MR,GLDRUBF,2023-09-08 16:35:00,2023-09-08 16:45:00,2023-09-08 16:45:00,2023-09-08 16:50:00,2023-09-08 14:05:00--2023-09-08 18:50:00,LONG,1,6052.5,5.641666666666666666666666667,6057.205500821018062397372744,6066.1,6045.2,6044.1,6057.3,6053.9,MODELLED,CONDITIONAL_OPEN_SCENARIO,6045.2,6056.7,EXIT_ONLY_FROZEN_ENTRIES,C1_T10
VWAP_MR_GLDRUBF,VWAP_MR_GLDRUBF_000100,VWAP_MR,GLDRUBF,2023-09-11 12:30:00,2023-09-11 12:40:00,2023-09-11 12:40:00,2023-09-11 12:45:00,2023-09-11 10:00:00--2023-09-11 14:00:00,SHORT,-1,5955,6.3,5948.956406954282034771410175,5960,5933,5964.4,5948.9,5953.5,MODELLED,CONDITIONAL_OPEN_SCENARIO,5955,5959.9,EXIT_ONLY_FROZEN_ENTRIES,C1_T10
VWAP_MR_GLDRUBF,VWAP_MR_GLDRUBF_000107,VWAP_MR,GLDRUBF,2023-09-14 11:35:00,2023-09-14 11:45:00,2023-09-14 11:45:00,2023-09-14 11:50:00,2023-09-14 10:00:00--2023-09-14 14:00:00,SHORT,-1,5880.8,6.925,5874.334306151645207439198856,5880.8,5855.1,5891.1,5874.3,5879.1,MODELLED,CONDITIONAL_OPEN_SCENARIO,5871.9,5880.8,EXIT_ONLY_FROZEN_ENTRIES,C1_T10
VWAP_MR_GLDRUBF,VWAP_MR_GLDRUBF_000108,VWAP_MR,GLDRUBF,2023-09-14 12:50:00,2023-09-14 13:00:00,2023-09-14 13:00:00,2023-09-14 13:05:00,2023-09-14 10:00:00--2023-09-14 14:00:00,SHORT,-1,5878.4,4.291666666666666666666666667,5877.890842260029405587061543,5906.5,5884.9,5884.8,5877.8,5877.4,MODELLED,CONDITIONAL_OPEN_SCENARIO,5878.4,5889.5,EXIT_ONLY_FROZEN_ENTRIES,C1_T10
VWAP_MR_GLDRUBF,VWAP_MR_GLDRUBF_000110,VWAP_MR,GLDRUBF,2023-09-20 12:15:00,2023-09-20 12:25:00,2023-09-20 12:25:00,2023-09-20 12:30:00,2023-09-20 10:00:00--2023-09-20 14:00:00,SHORT,-1,5970.2,5.566666666666666666666666667,5966.259508547008547008547010,5974.9,5957.9,5978.5,5966.2,5968.9,MODELLED,CONDITIONAL_OPEN_SCENARIO,5969.1,5974.9,EXIT_ONLY_FROZEN_ENTRIES,C1_T10
VWAP_MR_GLDRUBF,VWAP_MR_GLDRUBF_000114,VWAP_MR,GLDRUBF,2023-09-22 16:45:00,2023-09-22 16:55:00,2023-09-22 16:55:00,2023-09-22 17:00:00,2023-09-22 14:05:00--2023-09-22 18:50:00,SHORT,-1,5865,4.575,5863.976468950153160679476470,5871.3,5842.4,5871.8,5863.9,5863.9,MODELLED,CONDITIONAL_OPEN_SCENARIO,5860,5871.3,EXIT_ONLY_FROZEN_ENTRIES,C1_T10
VWAP_MR_GLDRUBF,VWAP_MR_GLDRUBF_000115,VWAP_MR,GLDRUBF,2023-09-25 11:20:00,2023-09-25 11:30:00,2023-09-25 11:30:00,2023-09-25 11:35:00,2023-09-25 10:00:00--2023-09-25 14:00:00,LONG,1,5852,7.258333333333333333333333333,5858.443320848938826466916354,5873,5840,5841.2,5858.5,5853.8,MODELLED,CONDITIONAL_OPEN_SCENARIO,5840,5853.5,EXIT_ONLY_FROZEN_ENTRIES,C1_T10
VWAP_MR_GLDRUBF,VWAP_MR_GLDRUBF_000120,VWAP_MR,GLDRUBF,2023-09-26 11:05:00,2023-09-26 11:15:00,2023-09-26 11:15:00,2023-09-26 11:20:00,2023-09-26 10:00:00--2023-09-26 14:00:00,SHORT,-1,5860,4.133333333333333333333333333,5857.839173312751908069633823,5862.5,5843.1,5866.2,5857.8,5859.0,MODELLED,CONDITIONAL_OPEN_SCENARIO,5857.4,5862,EXIT_ONLY_FROZEN_ENTRIES,C1_T10
VWAP_MR_GLDRUBF,VWAP_MR_GLDRUBF_000124,VWAP_MR,GLDRUBF,2023-09-29 11:45:00,2023-09-29 11:55:00,2023-09-29 11:55:00,2023-09-29 12:00:00,2023-09-29 10:00:00--2023-09-29 14:00:00,SHORT,-1,5834,6.133333333333333333333333333,5830.465082159624413145539905,5837.6,5813.5,5843.2,5830.4,5832.5,MODELLED,CONDITIONAL_OPEN_SCENARIO,5834,5837.6,EXIT_ONLY_FROZEN_ENTRIES,C1_T10
VWAP_MR_GLDRUBF,VWAP_MR_GLDRUBF_000131,VWAP_MR,GLDRUBF,2023-10-02 12:20:00,2023-10-02 12:30:00,2023-10-02 12:30:00,2023-10-02 12:35:00,2023-10-02 10:00:00--2023-10-02 14:00:00,SHORT,-1,5808,5.1,5804.239163576431808817470133,5816.5,5793,5815.6,5804.2,5806.8,MODELLED,CONDITIONAL_OPEN_SCENARIO,5807.4,5816.8,EXIT_ONLY_FROZEN_ENTRIES,C1_T10
VWAP_MR_GLDRUBF,VWAP_MR_GLDRUBF_000132,VWAP_MR,GLDRUBF,2023-10-02 13:00:00,2023-10-02 13:10:00,2023-10-02 13:10:00,2023-10-02 13:15:00,2023-10-02 10:00:00--2023-10-02 14:00:00,SHORT,-1,5810,4.966666666666666666666666667,5807.502248181617809124972455,5823,5803.4,5817.4,5807.5,5808.8,MODELLED,CONDITIONAL_OPEN_SCENARIO,5810,5823,EXIT_ONLY_FROZEN_ENTRIES,C1_T10
VWAP_MR_GLDRUBF,VWAP_MR_GLDRUBF_000133,VWAP_MR,GLDRUBF,2023-10-02 17:20:00,2023-10-02 17:30:00,2023-10-02 17:30:00,2023-10-02 17:35:00,2023-10-02 14:05:00--2023-10-02 18:50:00,LONG,1,5819,7.083333333333333333333333333,5824.770916728440820360761056,5835,5812,5808.4,5824.8,5820.7,MODELLED,CONDITIONAL_OPEN_SCENARIO,5812,5820.7,EXIT_ONLY_FROZEN_ENTRIES,C1_T10
VWAP_MR_GLDRUBF,VWAP_MR_GLDRUBF_000134,VWAP_MR,GLDRUBF,2023-10-02 18:00:00,2023-10-02 18:10:00,2023-10-02 18:10:00,2023-10-02 18:15:00,2023-10-02 14:05:00--2023-10-02 18:50:00,SHORT,-1,5829.6,5.325,5825.076501305483028720626635,5837.6,5812,5837.5,5825.0,5828.3,MODELLED,CONDITIONAL_OPEN_SCENARIO,5829.6,5837.6,EXIT_ONLY_FROZEN_ENTRIES,C1_T10
VWAP_MR_GLDRUBF,VWAP_MR_GLDRUBF_000137,VWAP_MR,GLDRUBF,2023-10-04 17:10:00,2023-10-04 17:20:00,2023-10-04 17:20:00,2023-10-04 17:25:00,2023-10-04 14:05:00--2023-10-04 18:50:00,LONG,1,5814,5.3,5818.412868873492430074416220,5824,5801.3,5806.1,5818.5,5815.3,MODELLED,CONDITIONAL_OPEN_SCENARIO,5801.3,5817,EXIT_ONLY_FROZEN_ENTRIES,C1_T10
VWAP_MR_GLDRUBF,VWAP_MR_GLDRUBF_000139,VWAP_MR,GLDRUBF,2023-10-05 12:35:00,2023-10-05 12:45:00,2023-10-05 12:45:00,2023-10-05 12:50:00,2023-10-05 10:00:00--2023-10-05 14:00:00,SHORT,-1,5825.9,4.558333333333333333333333333,5821.595988663614562895138435,5828.5,5811.1,5832.7,5821.5,5824.8,MODELLED,CONDITIONAL_OPEN_SCENARIO,5825.9,5828.1,EXIT_ONLY_FROZEN_ENTRIES,C1_T10
VWAP_MR_GLDRUBF,VWAP_MR_GLDRUBF_000142,VWAP_MR,GLDRUBF,2023-10-05 17:30:00,2023-10-05 17:40:00,2023-10-05 17:40:00,2023-10-05 17:45:00,2023-10-05 14:05:00--2023-10-05 18:50:00,LONG,1,5803.7,5.35,5808.619833720030935808197988,5824.9,5798,5795.7,5808.7,5805.0,MODELLED,CONDITIONAL_OPEN_SCENARIO,5798,5803.9,EXIT_ONLY_FROZEN_ENTRIES,C1_T10
VWAP_MR_GLDRUBF,VWAP_MR_GLDRUBF_000148,VWAP_MR,GLDRUBF,2023-10-09 11:35:00,2023-10-09 11:45:00,2023-10-09 11:45:00,2023-10-09 11:50:00,2023-10-09 10:00:00--2023-10-09 14:00:00,SHORT,-1,5911,8.358333333333333333333333333,5907.283275695116890302946467,5916.7,5899.6,5923.5,5907.2,5909.0,MODELLED,CONDITIONAL_OPEN_SCENARIO,5899.6,5916.5,EXIT_ONLY_FROZEN_ENTRIES,C1_T10
VWAP_MR_GLDRUBF,VWAP_MR_GLDRUBF_000150,VWAP_MR,GLDRUBF,2023-10-10 11:20:00,2023-10-10 11:30:00,2023-10-10 11:30:00,2023-10-10 11:35:00,2023-10-10 10:00:00--2023-10-10 14:00:00,LONG,1,5890,10.76666666666666666666666667,5895.845384615384615384615385,5910,5881.5,5873.9,5895.9,5892.6,MODELLED,CONDITIONAL_OPEN_SCENARIO,5880.8,5896.5,EXIT_ONLY_FROZEN_ENTRIES,C1_T10
VWAP_MR_GLDRUBF,VWAP_MR_GLDRUBF_000151,VWAP_MR,GLDRUBF,2023-10-10 11:55:00,2023-10-10 12:05:00,2023-10-10 12:05:00,2023-10-10 12:10:00,2023-10-10 10:00:00--2023-10-10 14:00:00,LONG,1,5892.4,10.65,5894.960428677014042867701406,5910,5873.6,5876.5,5895.0,5895.0,MODELLED,CONDITIONAL_OPEN_SCENARIO,5873.6,5905,EXIT_ONLY_FROZEN_ENTRIES,C1_T10
VWAP_MR_GLDRUBF,VWAP_MR_GLDRUBF_000154,VWAP_MR,GLDRUBF,2023-10-10 15:40:00,2023-10-10 15:50:00,2023-10-10 15:50:00,2023-10-10 15:55:00,2023-10-10 14:05:00--2023-10-10 18:50:00,SHORT,-1,5881.7,8.575,5877.778605935127674258109042,5889.4,5862,5894.5,5877.7,5879.6,MODELLED,CONDITIONAL_OPEN_SCENARIO,5881.7,5888.9,EXIT_ONLY_FROZEN_ENTRIES,C1_T10
VWAP_MR_GLDRUBF,VWAP_MR_GLDRUBF_000156,VWAP_MR,GLDRUBF,2023-10-11 11:15:00,2023-10-11 11:25:00,2023-10-11 11:25:00,2023-10-11 11:30:00,2023-10-11 10:00:00--2023-10-11 14:00:00,LONG,1,5944.5,10.09166666666666666666666667,5952.243785060525538824918809,5970,5929,5929.4,5952.3,5947.0,MODELLED,CONDITIONAL_OPEN_SCENARIO,5936,5944.5,EXIT_ONLY_FROZEN_ENTRIES,C1_T10
VWAP_MR_GLDRUBF,VWAP_MR_GLDRUBF_000162,VWAP_MR,GLDRUBF,2023-10-11 16:35:00,2023-10-11 16:45:00,2023-10-11 16:45:00,2023-10-11 16:50:00,2023-10-11 14:05:00--2023-10-11 18:50:00,LONG,1,5937.8,8.075,5940.545526890001283532280839,5944,5922,5925.7,5940.6,5939.8,MODELLED,CONDITIONAL_OPEN_SCENARIO,5925,5937.8,EXIT_ONLY_FROZEN_ENTRIES,C1_T10
VWAP_MR_GLDRUBF,VWAP_MR_GLDRUBF_000167,VWAP_MR,GLDRUBF,2023-10-12 15:45:00,2023-10-12 15:55:00,2023-10-12 15:55:00,2023-10-12 16:00:00,2023-10-12 14:05:00--2023-10-12 18:50:00,LONG,1,5790,7.558333333333333333333333333,5792.614092321349312028406571,5799.5,5785.2,5778.7,5792.7,5791.8,MODELLED,CONDITIONAL_OPEN_SCENARIO,5782.4,5792,EXIT_ONLY_FROZEN_ENTRIES,C1_T10
VWAP_MR_GLDRUBF,VWAP_MR_GLDRUBF_000168,VWAP_MR,GLDRUBF,2023-10-12 16:35:00,2023-10-12 16:45:00,2023-10-12 16:45:00,2023-10-12 16:50:00,2023-10-12 14:05:00--2023-10-12 18:50:00,LONG,1,5780.2,6.383333333333333333333333333,5784.961297111153625406542952,5792,5769.4,5770.7,5785.0,5781.7,MODELLED,CONDITIONAL_OPEN_SCENARIO,5769.4,5784.3,EXIT_ONLY_FROZEN_ENTRIES,C1_T10
VWAP_MR_GLDRUBF,VWAP_MR_GLDRUBF_000171,VWAP_MR,GLDRUBF,2023-10-13 12:35:00,2023-10-13 12:45:00,2023-10-13 12:45:00,2023-10-13 12:50:00,2023-10-13 10:00:00--2023-10-13 14:00:00,LONG,1,5773,7.875,5778.526526526526526526526527,5793.9,5758,5761.2,5778.6,5774.9,MODELLED,CONDITIONAL_OPEN_SCENARIO,5761,5773,EXIT_ONLY_FROZEN_ENTRIES,C1_T10
VWAP_MR_GLDRUBF,VWAP_MR_GLDRUBF_000174,VWAP_MR,GLDRUBF,2023-10-13 17:30:00,2023-10-13 17:40:00,2023-10-13 17:40:00,2023-10-13 17:45:00,2023-10-13 14:05:00--2023-10-13 18:50:00,SHORT,-1,5826,8.866666666666666666666666667,5818.969106801420376946189566,5835,5800.6,5839.3,5818.9,5823.8,MODELLED,CONDITIONAL_OPEN_SCENARIO,5822.9,5835,EXIT_ONLY_FROZEN_ENTRIES,C1_T10
VWAP_MR_GLDRUBF,VWAP_MR_GLDRUBF_000175,VWAP_MR,GLDRUBF,2023-10-16 11:25:00,2023-10-16 11:35:00,2023-10-16 11:35:00,2023-10-16 11:40:00,2023-10-16 10:00:00--2023-10-16 14:00:00,SHORT,-1,5866.3,8.341666666666666666666666667,5861.128905676214458084146472,5874.1,5854.6,5878.8,5861.1,5864.3,MODELLED,CONDITIONAL_OPEN_SCENARIO,5862,5874.1,EXIT_ONLY_FROZEN_ENTRIES,C1_T10
VWAP_MR_GLDRUBF,VWAP_MR_GLDRUBF_000177,VWAP_MR,GLDRUBF,2023-10-16 15:50:00,2023-10-16 16:00:00,2023-10-16 16:00:00,2023-10-16 16:05:00,2023-10-16 14:05:00--2023-10-16 18:50:00,SHORT,-1,5883.5,6.15,5879.051960784313725490196080,5891.6,5865,5892.7,5879.0,5882.0,MODELLED,CONDITIONAL_OPEN_SCENARIO,5883,5891.4,EXIT_ONLY_FROZEN_ENTRIES,C1_T10
VWAP_MR_GLDRUBF,VWAP_MR_GLDRUBF_000179,VWAP_MR,GLDRUBF,2023-10-16 17:05:00,2023-10-16 17:15:00,2023-10-16 17:15:00,2023-10-16 17:20:00,2023-10-16 14:05:00--2023-10-16 18:50:00,SHORT,-1,5885.3,5.6,5881.541598771991970716731615,5891.4,5877,5893.7,5881.5,5883.9,MODELLED,CONDITIONAL_OPEN_SCENARIO,5885.3,5891.3,EXIT_ONLY_FROZEN_ENTRIES,C1_T10
VWAP_MR_GLDRUBF,VWAP_MR_GLDRUBF_000180,VWAP_MR,GLDRUBF,2023-10-17 12:15:00,2023-10-17 12:25:00,2023-10-17 12:25:00,2023-10-17 12:30:00,2023-10-17 10:00:00--2023-10-17 14:00:00,SHORT,-1,5901.3,6.658333333333333333333333333,5897.226108562691131498470946,5904.2,5886.6,5911.2,5897.2,5899.7,MODELLED,CONDITIONAL_OPEN_SCENARIO,5890.5,5904.2,EXIT_ONLY_FROZEN_ENTRIES,C1_T10
VWAP_MR_GLDRUBF,VWAP_MR_GLDRUBF_000181,VWAP_MR,GLDRUBF,2023-10-17 16:00:00,2023-10-17 16:10:00,2023-10-17 16:10:00,2023-10-17 16:15:00,2023-10-17 14:05:00--2023-10-17 18:50:00,SHORT,-1,5912.8,3.933333333333333333333333333,5911.488820354664610639938319,5915,5904,5918.7,5911.4,5911.9,MODELLED,CONDITIONAL_OPEN_SCENARIO,5912.8,5917,EXIT_ONLY_FROZEN_ENTRIES,C1_T10
VWAP_MR_GLDRUBF,VWAP_MR_GLDRUBF_000183,VWAP_MR,GLDRUBF,2023-10-18 11:15:00,2023-10-18 11:25:00,2023-10-18 11:25:00,2023-10-18 11:30:00,2023-10-18 10:00:00--2023-10-18 14:00:00,LONG,1,5940.6,9.066666666666666666666666667,5948.577233560090702947845805,5960,5930,5927.0,5948.6,5942.8,MODELLED,CONDITIONAL_OPEN_SCENARIO,5930,5940.8,EXIT_ONLY_FROZEN_ENTRIES,C1_T10
VWAP_MR_GLDRUBF,VWAP_MR_GLDRUBF_000185,VWAP_MR,GLDRUBF,2023-10-18 17:50:00,2023-10-18 18:00:00,2023-10-18 18:00:00,2023-10-18 18:05:00,2023-10-18 14:05:00--2023-10-18 18:50:00,SHORT,-1,5952.5,7.525,5945.520032347504621072088727,5974,5955,5963.7,5945.5,5950.7,MODELLED,CONDITIONAL_OPEN_SCENARIO,5952.5,5963,EXIT_ONLY_FROZEN_ENTRIES,C1_T10
VWAP_MR_GLDRUBF,VWAP_MR_GLDRUBF_000186,VWAP_MR,GLDRUBF,2023-10-19 11:25:00,2023-10-19 11:35:00,2023-10-19 11:35:00,2023-10-19 11:40:00,2023-10-19 10:00:00--2023-10-19 14:00:00,LONG,1,5954.2,7.4,5959.294343204252088078967346,5966,5947.3,5943.1,5959.3,5956.0,MODELLED,CONDITIONAL_OPEN_SCENARIO,5947.3,5963.9,EXIT_ONLY_FROZEN_ENTRIES,C1_T10
VWAP_MR_GLDRUBF,VWAP_MR_GLDRUBF_000191,VWAP_MR,GLDRUBF,2023-10-20 15:15:00,2023-10-20 15:25:00,2023-10-20 15:25:00,2023-10-20 15:30:00,2023-10-20 14:05:00--2023-10-20 18:50:00,LONG,1,5914.9,5.658333333333333333333333333,5919.407119845360824742268038,5934.9,5900,5906.5,5919.5,5916.3,MODELLED,CONDITIONAL_OPEN_SCENARIO,5909.2,5915,EXIT_ONLY_FROZEN_ENTRIES,C1_T10
VWAP_MR_GLDRUBF,VWAP_MR_GLDRUBF_000193,VWAP_MR,GLDRUBF,2023-10-20 15:55:00,2023-10-20 16:05:00,2023-10-20 16:05:00,2023-10-20 16:10:00,2023-10-20 14:05:00--2023-10-20 18:50:00,SHORT,-1,5924.6,5.5,5919.178931662190390928081167,5929.3,5907.1,5932.8,5919.1,5923.3,MODELLED,CONDITIONAL_OPEN_SCENARIO,5923.6,5929.3,EXIT_ONLY_FROZEN_ENTRIES,C1_T10
VWAP_MR_GLDRUBF,VWAP_MR_GLDRUBF_000195,VWAP_MR,GLDRUBF,2023-10-20 16:25:00,2023-10-20 16:35:00,2023-10-20 16:35:00,2023-10-20 16:40:00,2023-10-20 14:05:00--2023-10-20 18:50:00,LONG,1,5917.7,6.216666666666666666666666667,5918.652026248115633590493924,5929.3,5905.3,5908.4,5918.7,5919.2,MODELLED,CONDITIONAL_OPEN_SCENARIO,5905.3,5923.9,EXIT_ONLY_FROZEN_ENTRIES,C1_T10
VWAP_MR_GLDRUBF,VWAP_MR_GLDRUBF_000196,VWAP_MR,GLDRUBF,2023-10-20 17:15:00,2023-10-20 17:25:00,2023-10-20 17:25:00,2023-10-20 17:30:00,2023-10-20 14:05:00--2023-10-20 18:50:00,SHORT,-1,5924,5.625,5918.465356590858909251490393,5928.6,5905.3,5932.4,5918.4,5922.6,MODELLED,CONDITIONAL_OPEN_SCENARIO,5919.3,5928.6,EXIT_ONLY_FROZEN_ENTRIES,C1_T10
VWAP_MR_GLDRUBF,VWAP_MR_GLDRUBF_000199,VWAP_MR,GLDRUBF,2023-10-23 12:30:00,2023-10-23 12:40:00,2023-10-23 12:40:00,2023-10-23 12:45:00,2023-10-23 10:00:00--2023-10-23 14:00:00,LONG,1,5862,11.025,5871.525395244615959168430227,5880.1,5841,5845.5,5871.6,5864.7,MODELLED,CONDITIONAL_OPEN_SCENARIO,5847,5865,EXIT_ONLY_FROZEN_ENTRIES,C1_T10
VWAP_MR_GLDRUBF,VWAP_MR_GLDRUBF_000203,VWAP_MR,GLDRUBF,2023-10-23 16:45:00,2023-10-23 16:55:00,2023-10-23 16:55:00,2023-10-23 17:00:00,2023-10-23 14:05:00--2023-10-23 18:50:00,LONG,1,5859,6.158333333333333333333333333,5859.855497512437810945273631,5862.9,5841.2,5849.8,5859.9,5860.5,MODELLED,CONDITIONAL_OPEN_SCENARIO,5841.2,5860,EXIT_ONLY_FROZEN_ENTRIES,C1_T10
VWAP_MR_GLDRUBF,VWAP_MR_GLDRUBF_000206,VWAP_MR,GLDRUBF,2023-10-24 12:20:00,2023-10-24 12:30:00,2023-10-24 12:30:00,2023-10-24 12:35:00,2023-10-24 10:00:00--2023-10-24 14:00:00,LONG,1,5843.4,5.816666666666666666666666667,5846.333848220282068502350573,5855.8,5840.1,5834.7,5846.4,5844.8,MODELLED,CONDITIONAL_OPEN_SCENARIO,5840.1,5850,EXIT_ONLY_FROZEN_ENTRIES,C1_T10
VWAP_MR_GLDRUBF,VWAP_MR_GLDRUBF_000207,VWAP_MR,GLDRUBF,2023-10-24 15:45:00,2023-10-24 15:55:00,2023-10-24 15:55:00,2023-10-24 16:00:00,2023-10-24 14:05:00--2023-10-24 18:50:00,SHORT,-1,5827.6,3.433333333333333333333333333,5825.948845878136200716845880,5837.8,5827.1,5832.7,5825.9,5826.8,MODELLED,CONDITIONAL_OPEN_SCENARIO,5827.6,5835.8,EXIT_ONLY_FROZEN_ENTRIES,C1_T10
VWAP_MR_GLDRUBF,VWAP_MR_GLDRUBF_000211,VWAP_MR,GLDRUBF,2023-10-25 11:50:00,2023-10-25 12:00:00,2023-10-25 12:00:00,2023-10-25 12:05:00,2023-10-25 10:00:00--2023-10-25 14:00:00,LONG,1,5808,6.258333333333333333333333333,5810.236448494890914112123723,5824,5792.9,5798.7,5810.3,5809.5,MODELLED,CONDITIONAL_OPEN_SCENARIO,5803.8,5808,EXIT_ONLY_FROZEN_ENTRIES,C1_T10
VWAP_MR_GLDRUBF,VWAP_MR_GLDRUBF_000215,VWAP_MR,GLDRUBF,2023-10-26 12:15:00,2023-10-26 12:25:00,2023-10-26 12:25:00,2023-10-26 12:30:00,2023-10-26 10:00:00--2023-10-26 14:00:00,LONG,1,5859,3.825,5862.803749043611323641928080,5868.1,5852,5853.3,5862.9,5859.9,MODELLED,CONDITIONAL_OPEN_SCENARIO,5858.3,5863.3,EXIT_ONLY_FROZEN_ENTRIES,C1_T10
VWAP_MR_GLDRUBF,VWAP_MR_GLDRUBF_000219,VWAP_MR,GLDRUBF,2023-10-27 15:35:00,2023-10-27 15:45:00,2023-10-27 15:45:00,2023-10-27 15:50:00,2023-10-27 14:05:00--2023-10-27 18:50:00,SHORT,-1,5839.6,5.625,5835.013771645021645021645022,5847.5,5820.5,5848.0,5835.0,5838.2,MODELLED,CONDITIONAL_OPEN_SCENARIO,5835.2,5847.5,EXIT_ONLY_FROZEN_ENTRIES,C1_T10
VWAP_MR_GLDRUBF,VWAP_MR_GLDRUBF_000222,VWAP_MR,GLDRUBF,2023-10-30 15:55:00,2023-10-30 16:05:00,2023-10-30 16:05:00,2023-10-30 16:10:00,2023-10-30 14:05:00--2023-10-30 18:50:00,SHORT,-1,5831.9,4.691666666666666666666666667,5827.360379882289994649545212,5838.3,5821,5838.9,5827.3,5830.8,MODELLED,CONDITIONAL_OPEN_SCENARIO,5830,5838.3,EXIT_ONLY_FROZEN_ENTRIES,C1_T10
VWAP_MR_GLDRUBF,VWAP_MR_GLDRUBF_000227,VWAP_MR,GLDRUBF,2023-11-01 12:35:00,2023-11-01 12:45:00,2023-11-01 12:45:00,2023-11-01 12:50:00,2023-11-01 10:00:00--2023-11-01 14:00:00,LONG,1,5788.8,5.083333333333333333333333333,5792.770585406899867772568821,5795.9,5777.6,5781.2,5792.8,5790.0,MODELLED,CONDITIONAL_OPEN_SCENARIO,5786.7,5792.4,EXIT_ONLY_FROZEN_ENTRIES,C1_T10
VWAP_MR_GLDRUBF,VWAP_MR_GLDRUBF_000229,VWAP_MR,GLDRUBF,2023-11-01 15:20:00,2023-11-01 15:30:00,2023-11-01 15:30:00,2023-11-01 15:35:00,2023-11-01 14:05:00--2023-11-01 18:50:00,SHORT,-1,5789.1,3.083333333333333333333333333,5786.279379844961240310077519,5791.9,5782,5793.7,5786.2,5788.4,MODELLED,CONDITIONAL_OPEN_SCENARIO,5789.1,5791.9,EXIT_ONLY_FROZEN_ENTRIES,C1_T10
VWAP_MR_GLDRUBF,VWAP_MR_GLDRUBF_000230,VWAP_MR,GLDRUBF,2023-11-02 11:25:00,2023-11-02 11:35:00,2023-11-02 11:35:00,2023-11-02 11:40:00,2023-11-02 10:00:00--2023-11-02 14:00:00,SHORT,-1,5766.1,7.658333333333333333333333333,5759.530524616626311541565777,5774.9,5749.6,5777.5,5759.5,5764.2,MODELLED,CONDITIONAL_OPEN_SCENARIO,5761.6,5774.9,EXIT_ONLY_FROZEN_ENTRIES,C1_T10
VWAP_MR_GLDRUBF,VWAP_MR_GLDRUBF_000232,VWAP_MR,GLDRUBF,2023-11-03 11:15:00,2023-11-03 11:25:00,2023-11-03 11:25:00,2023-11-03 11:30:00,2023-11-03 10:00:00--2023-11-03 14:00:00,LONG,1,5784.9,9.008333333333333333333333333,5792.276469529210550004500856,5809.8,5764.5,5771.4,5792.3,5787.1,MODELLED,CONDITIONAL_OPEN_SCENARIO,5775.3,5784.9,EXIT_ONLY_FROZEN_ENTRIES,C1_T10
VWAP_MR_GLDRUBF,VWAP_MR_GLDRUBF_000236,VWAP_MR,GLDRUBF,2023-11-07 11:40:00,2023-11-07 11:50:00,2023-11-07 11:50:00,2023-11-07 11:55:00,2023-11-07 10:00:00--2023-11-07 14:00:00,LONG,1,5738,2.108333333333333333333333333,5739.657453265355668851663023,5739,5734,5734.9,5739.7,5738.5,MODELLED,CONDITIONAL_OPEN_SCENARIO,5735,5738,EXIT_ONLY_FROZEN_ENTRIES,C1_T10
VWAP_MR_GLDRUBF,VWAP_MR_GLDRUBF_000237,VWAP_MR,GLDRUBF,2023-11-07 15:30:00,2023-11-07 15:40:00,2023-11-07 15:40:00,2023-11-07 15:45:00,2023-11-07 14:05:00--2023-11-07 18:50:00,LONG,1,5729.9,4.175,5730.346874060715359182446650,5742.7,5723.7,5723.7,5730.4,5730.9,MODELLED,CONDITIONAL_OPEN_SCENARIO,5725,5731.4,EXIT_ONLY_FROZEN_ENTRIES,C1_T10
VWAP_MR_GLDRUBF,VWAP_MR_GLDRUBF_000239,VWAP_MR,GLDRUBF,2023-11-07 15:55:00,2023-11-07 16:05:00,2023-11-07 16:05:00,2023-11-07 16:10:00,2023-11-07 14:05:00--2023-11-07 18:50:00,LONG,1,5724.8,5.108333333333333333333333333,5729.040656100258016955399926,5734.1,5719.1,5717.2,5729.1,5726.0,MODELLED,CONDITIONAL_OPEN_SCENARIO,5717.1,5729.9,EXIT_ONLY_FROZEN_ENTRIES,C1_T10
VWAP_MR_GLDRUBF,VWAP_MR_GLDRUBF_000241,VWAP_MR,GLDRUBF,2023-11-07 16:50:00,2023-11-07 17:00:00,2023-11-07 17:00:00,2023-11-07 17:05:00,2023-11-07 14:05:00--2023-11-07 18:50:00,SHORT,-1,5729.7,3.658333333333333333333333333,5728.525477239353891336270192,5734.7,5717.1,5735.1,5728.5,5728.8,MODELLED,CONDITIONAL_OPEN_SCENARIO,5726,5734.7,EXIT_ONLY_FROZEN_ENTRIES,C1_T10
VWAP_MR_GLDRUBF,VWAP_MR_GLDRUBF_000243,VWAP_MR,GLDRUBF,2023-11-08 11:45:00,2023-11-08 11:55:00,2023-11-08 11:55:00,2023-11-08 12:00:00,2023-11-08 10:00:00--2023-11-08 14:00:00,LONG,1,5732.3,3.141666666666666666666666667,5735.379699364636603130326983,5737.6,5727.7,5727.6,5735.4,5733.0,MODELLED,CONDITIONAL_OPEN_SCENARIO,5727.7,5732.3,EXIT_ONLY_FROZEN_ENTRIES,C1_T10
VWAP_MR_GLDRUBF,VWAP_MR_GLDRUBF_000245,VWAP_MR,GLDRUBF,2023-11-08 15:45:00,2023-11-08 15:55:00,2023-11-08 15:55:00,2023-11-08 16:00:00,2023-11-08 14:05:00--2023-11-08 18:50:00,LONG,1,5705,3.3,5707.887237963602856484680949,5717.4,5703,5700.1,5707.9,5705.8,MODELLED,CONDITIONAL_OPEN_SCENARIO,5701,5711.3,EXIT_ONLY_FROZEN_ENTRIES,C1_T10
VWAP_MR_GLDRUBF,VWAP_MR_GLDRUBF_000251,VWAP_MR,GLDRUBF,2023-11-09 11:45:00,2023-11-09 11:55:00,2023-11-09 11:55:00,2023-11-09 12:00:00,2023-11-09 10:00:00--2023-11-09 14:00:00,LONG,1,5640,7.266666666666666666666666667,5646.871130667687009757030800,5665,5628,5629.1,5646.9,5641.8,MODELLED,CONDITIONAL_OPEN_SCENARIO,5631.9,5640,EXIT_ONLY_FROZEN_ENTRIES,C1_T10
VWAP_MR_GLDRUBF,VWAP_MR_GLDRUBF_000252,VWAP_MR,GLDRUBF,2023-11-09 12:25:00,2023-11-09 12:35:00,2023-11-09 12:35:00,2023-11-09 12:40:00,2023-11-09 10:00:00--2023-11-09 14:00:00,LONG,1,5644.9,6.6,5646.305208864705548942923539,5656.8,5631.9,5635.0,5646.4,5646.5,MODELLED,CONDITIONAL_OPEN_SCENARIO,5633,5644.9,EXIT_ONLY_FROZEN_ENTRIES,C1_T10
VWAP_MR_GLDRUBF,VWAP_MR_GLDRUBF_000256,VWAP_MR,GLDRUBF,2023-11-14 15:40:00,2023-11-14 15:50:00,2023-11-14 15:50:00,2023-11-14 15:55:00,2023-11-14 14:05:00--2023-11-14 18:50:00,LONG,1,5626.9,2.941666666666666666666666667,5629.462847630238934586760674,5626.6,5613.8,5622.5,5629.5,5627.6,MODELLED,CONDITIONAL_OPEN_SCENARIO,5625,5626.9,EXIT_ONLY_FROZEN_ENTRIES,C1_T10
VWAP_MR_GLDRUBF,VWAP_MR_GLDRUBF_000261,VWAP_MR,GLDRUBF,2023-11-15 12:00:00,2023-11-15 12:10:00,2023-11-15 12:10:00,2023-11-15 12:15:00,2023-11-15 10:00:00--2023-11-15 14:00:00,LONG,1,5623.1,5.625,5627.147591478412229916373406,5634,5620,5614.7,5627.2,5624.5,MODELLED,CONDITIONAL_OPEN_SCENARIO,5620,5629.8,EXIT_ONLY_FROZEN_ENTRIES,C1_T10
VWAP_MR_GLDRUBF,VWAP_MR_GLDRUBF_000269,VWAP_MR,GLDRUBF,2023-11-17 15:20:00,2023-11-17 15:30:00,2023-11-17 15:30:00,2023-11-17 15:35:00,2023-11-17 14:05:00--2023-11-17 18:50:00,LONG,1,5568.7,5.408333333333333333333333333,5569.048905565978736710444027,5572.9,5560,5560.6,5569.1,5570.0,MODELLED,CONDITIONAL_OPEN_SCENARIO,5563,5572.7,EXIT_ONLY_FROZEN_ENTRIES,C1_T10
VWAP_MR_GLDRUBF,VWAP_MR_GLDRUBF_000274,VWAP_MR,GLDRUBF,2023-11-20 15:45:00,2023-11-20 15:55:00,2023-11-20 15:55:00,2023-11-20 16:00:00,2023-11-20 14:05:00--2023-11-20 18:50:00,SHORT,-1,5511.7,2.591666666666666666666666667,5509.381861575178997613365159,5512.4,5502.6,5515.5,5509.3,5511.1,MODELLED,CONDITIONAL_OPEN_SCENARIO,5508.5,5512.5,EXIT_ONLY_FROZEN_ENTRIES,C1_T10
VWAP_MR_GLDRUBF,VWAP_MR_GLDRUBF_000279,VWAP_MR,GLDRUBF,2023-11-22 17:30:00,2023-11-22 17:40:00,2023-11-22 17:40:00,2023-11-22 17:45:00,2023-11-22 14:05:00--2023-11-22 18:50:00,SHORT,-1,5548,3.358333333333333333333333333,5545.993483600635746279439387,5562.2,5541.1,5553.0,5545.9,5547.2,MODELLED,CONDITIONAL_OPEN_SCENARIO,5541.1,5550.9,EXIT_ONLY_FROZEN_ENTRIES,C1_T10
VWAP_MR_GLDRUBF,VWAP_MR_GLDRUBF_000283,VWAP_MR,GLDRUBF,2023-11-24 12:50:00,2023-11-24 13:00:00,2023-11-24 13:00:00,2023-11-24 13:05:00,2023-11-24 10:00:00--2023-11-24 14:00:00,SHORT,-1,5573.6,4.65,5572.012247159878082571349404,5583.3,5557.3,5580.5,5572.0,5572.5,MODELLED,CONDITIONAL_OPEN_SCENARIO,5573.6,5583.3,EXIT_ONLY_FROZEN_ENTRIES,C1_T10
VWAP_MR_GLDRUBF,VWAP_MR_GLDRUBF_000285,VWAP_MR,GLDRUBF,2023-11-24 16:30:00,2023-11-24 16:40:00,2023-11-24 16:40:00,2023-11-24 16:45:00,2023-11-24 14:05:00--2023-11-24 18:50:00,LONG,1,5568.2,4.65,5572.475212418300653594771240,5579.1,5560.2,5561.3,5572.5,5569.3,MODELLED,CONDITIONAL_OPEN_SCENARIO,5560.2,5568.2,EXIT_ONLY_FROZEN_ENTRIES,C1_T10
VWAP_MR_GLDRUBF,VWAP_MR_GLDRUBF_000289,VWAP_MR,GLDRUBF,2023-11-27 12:00:00,2023-11-27 12:10:00,2023-11-27 12:10:00,2023-11-27 12:15:00,2023-11-27 10:00:00--2023-11-27 14:00:00,LONG,1,5596.8,2.941666666666666666666666667,5599.364187449422496873390717,5607.6,5590.9,5592.4,5599.4,5597.5,MODELLED,CONDITIONAL_OPEN_SCENARIO,5590.9,5596.8,EXIT_ONLY_FROZEN_ENTRIES,C1_T10
VWAP_MR_GLDRUBF,VWAP_MR_GLDRUBF_000292,VWAP_MR,GLDRUBF,2023-11-27 17:00:00,2023-11-27 17:10:00,2023-11-27 17:10:00,2023-11-27 17:15:00,2023-11-27 14:05:00--2023-11-27 18:50:00,LONG,1,5605.3,4.416666666666666666666666667,5608.439310954063604240282686,5618.6,5600.4,5598.7,5608.5,5606.4,MODELLED,CONDITIONAL_OPEN_SCENARIO,5601.9,5610.4,EXIT_ONLY_FROZEN_ENTRIES,C1_T10
VWAP_MR_GLDRUBF,VWAP_MR_GLDRUBF_000296,VWAP_MR,GLDRUBF,2023-12-01 16:05:00,2023-12-01 16:15:00,2023-12-01 16:15:00,2023-12-01 16:20:00,2023-12-01 14:05:00--2023-12-01 18:50:00,LONG,1,5781.5,2.633333333333333333333333333,5781.865637450199203187250999,5776.3,5770.3,5777.6,5781.9,5782.1,MODELLED,CONDITIONAL_OPEN_SCENARIO,5773.1,5781.5,EXIT_ONLY_FROZEN_ENTRIES,C1_T10
VWAP_MR_GLDRUBF,VWAP_MR_GLDRUBF_000297,VWAP_MR,GLDRUBF,2023-12-04 16:45:00,2023-12-04 16:55:00,2023-12-04 16:55:00,2023-12-04 17:00:00,2023-12-04 14:05:00--2023-12-04 18:50:00,LONG,1,5889.2,4.725,5892.606398730830248545742993,5901.7,5885.4,5882.2,5892.7,5890.3,MODELLED,CONDITIONAL_OPEN_SCENARIO,5885.1,5893.6,EXIT_ONLY_FROZEN_ENTRIES,C1_T10
VWAP_MR_GLDRUBF,VWAP_MR_GLDRUBF_000300,VWAP_MR,GLDRUBF,2023-12-05 18:00:00,2023-12-05 18:10:00,2023-12-05 18:10:00,2023-12-05 18:15:00,2023-12-05 14:05:00--2023-12-05 18:50:00,LONG,1,5870.8,3.766666666666666666666666667,5872.344742085454947974319238,5884.6,5861.9,5865.2,5872.4,5871.7,MODELLED,CONDITIONAL_OPEN_SCENARIO,5861.9,5871,EXIT_ONLY_FROZEN_ENTRIES,C1_T10
VWAP_MR_GLDRUBF,VWAP_MR_GLDRUBF_000303,VWAP_MR,GLDRUBF,2023-12-06 13:10:00,2023-12-06 13:20:00,2023-12-06 13:20:00,2023-12-06 13:25:00,2023-12-06 10:00:00--2023-12-06 14:00:00,LONG,1,5906.4,2.958333333333333333333333333,5907.011849390919158361018825,5911,5902.8,5902.0,5907.1,5907.1,MODELLED,CONDITIONAL_OPEN_SCENARIO,5902.8,5908.9,EXIT_ONLY_FROZEN_ENTRIES,C1_T10
VWAP_MR_GLDRUBF,VWAP_MR_GLDRUBF_000305,VWAP_MR,GLDRUBF,2023-12-07 11:50:00,2023-12-07 12:00:00,2023-12-07 12:00:00,2023-12-07 12:05:00,2023-12-07 10:00:00--2023-12-07 14:00:00,SHORT,-1,5874,5.283333333333333333333333333,5870.547023102310231023102313,5885,5860.9,5881.9,5870.5,5872.7,MODELLED,CONDITIONAL_OPEN_SCENARIO,5871.9,5881.1,EXIT_ONLY_FROZEN_ENTRIES,C1_T10
VWAP_MR_GLDRUBF,VWAP_MR_GLDRUBF_000311,VWAP_MR,GLDRUBF,2023-12-08 16:05:00,2023-12-08 16:15:00,2023-12-08 16:15:00,2023-12-08 16:20:00,2023-12-08 14:05:00--2023-12-08 18:50:00,LONG,1,5783.4,5.375,5784.645460152973106340981987,5790,5768.5,5775.4,5784.7,5784.7,MODELLED,CONDITIONAL_OPEN_SCENARIO,5777.6,5790,EXIT_ONLY_FROZEN_ENTRIES,C1_T10
VWAP_MR_GLDRUBF,VWAP_MR_GLDRUBF_000312,VWAP_MR,GLDRUBF,2023-12-08 16:50:00,2023-12-08 17:00:00,2023-12-08 17:00:00,2023-12-08 17:05:00,2023-12-08 14:05:00--2023-12-08 18:50:00,LONG,1,5770.3,6.891666666666666666666666667,5774.626857576743681527280617,5790,5760.1,5760.0,5774.7,5772.0,MODELLED,CONDITIONAL_OPEN_SCENARIO,5762.2,5770.3,EXIT_ONLY_FROZEN_ENTRIES,C1_T10
VWAP_MR_GLDRUBF,VWAP_MR_GLDRUBF_000314,VWAP_MR,GLDRUBF,2023-12-11 16:20:00,2023-12-11 16:30:00,2023-12-11 16:30:00,2023-12-11 16:35:00,2023-12-11 14:05:00--2023-12-11 18:50:00,LONG,1,5642,6.675,5643.360025135344160866202631,5660.7,5623.6,5632.0,5643.4,5643.6,MODELLED,CONDITIONAL_OPEN_SCENARIO,5625.3,5643.2,EXIT_ONLY_FROZEN_ENTRIES,C1_T10
VWAP_MR_GLDRUBF,VWAP_MR_GLDRUBF_000318,VWAP_MR,GLDRUBF,2023-12-13 12:50:00,2023-12-13 13:00:00,2023-12-13 13:00:00,2023-12-13 13:05:00,2023-12-13 10:00:00--2023-12-13 14:00:00,SHORT,-1,5576,2.383333333333333333333333333,5574.272674754477180820335067,5577.1,5568.6,5579.5,5574.2,5575.5,MODELLED,CONDITIONAL_OPEN_SCENARIO,5573.9,5577.4,EXIT_ONLY_FROZEN_ENTRIES,C1_T10
VWAP_MR_GLDRUBF,VWAP_MR_GLDRUBF_000323,VWAP_MR,GLDRUBF,2023-12-15 17:15:00,2023-12-15 17:25:00,2023-12-15 17:25:00,2023-12-15 17:30:00,2023-12-15 14:05:00--2023-12-15 18:50:00,LONG,1,5722.9,2.791666666666666666666666667,5723.014367816091954022988505,5734.4,5717.1,5718.8,5723.1,5723.5,MODELLED,CONDITIONAL_OPEN_SCENARIO,5719.9,5722.9,EXIT_ONLY_FROZEN_ENTRIES,C1_T10
VWAP_MR_GLDRUBF,VWAP_MR_GLDRUBF_000325,VWAP_MR,GLDRUBF,2023-12-18 18:00:00,2023-12-18 18:10:00,2023-12-18 18:10:00,2023-12-18 18:15:00,2023-12-18 14:05:00--2023-12-18 18:50:00,LONG,1,5688.1,8.683333333333333333333333333,5693.416194270536900018971731,5716.9,5670.8,5675.1,5693.5,5690.2,MODELLED,CONDITIONAL_OPEN_SCENARIO,5675,5688.1,EXIT_ONLY_FROZEN_ENTRIES,C1_T10
VWAP_MR_GLDRUBF,VWAP_MR_GLDRUBF_000328,VWAP_MR,GLDRUBF,2023-12-19 11:55:00,2023-12-19 12:05:00,2023-12-19 12:05:00,2023-12-19 12:10:00,2023-12-19 10:00:00--2023-12-19 14:00:00,SHORT,-1,5680.1,6.15,5675.236879694618889299347373,5691.9,5667.2,5689.3,5675.2,5678.6,MODELLED,CONDITIONAL_OPEN_SCENARIO,5680.1,5690,EXIT_ONLY_FROZEN_ENTRIES,C1_T10
VWAP_MR_GLDRUBF,VWAP_MR_GLDRUBF_000332,VWAP_MR,GLDRUBF,2023-12-20 12:50:00,2023-12-20 13:00:00,2023-12-20 13:00:00,2023-12-20 13:05:00,2023-12-20 10:00:00--2023-12-20 14:00:00,SHORT,-1,5729.5,3.533333333333333333333333333,5729.334280936454849498327759,5738.9,5725.7,5734.8,5729.3,5728.7,MODELLED,CONDITIONAL_OPEN_SCENARIO,5729.5,5738.9,EXIT_ONLY_FROZEN_ENTRIES,C1_T10
VWAP_MR_GLDRUBF,VWAP_MR_GLDRUBF_000333,VWAP_MR,GLDRUBF,2023-12-20 17:05:00,2023-12-20 17:15:00,2023-12-20 17:15:00,2023-12-20 17:20:00,2023-12-20 14:05:00--2023-12-20 18:50:00,SHORT,-1,5726,2.916666666666666666666666667,5725.855426281429771831167989,5731.8,5719,5730.3,5725.8,5725.3,MODELLED,CONDITIONAL_OPEN_SCENARIO,5723.2,5731.8,EXIT_ONLY_FROZEN_ENTRIES,C1_T10
VWAP_MR_GLDRUBF,VWAP_MR_GLDRUBF_000335,VWAP_MR,GLDRUBF,2023-12-21 12:35:00,2023-12-21 12:45:00,2023-12-21 12:45:00,2023-12-21 12:50:00,2023-12-21 10:00:00--2023-12-21 14:00:00,SHORT,-1,5734.5,9.741666666666666666666666667,5731.448586644817697664891438,5753.4,5700.1,5749.1,5731.4,5732.1,MODELLED,CONDITIONAL_OPEN_SCENARIO,5728.8,5753.4,EXIT_ONLY_FROZEN_ENTRIES,C1_T10
VWAP_MR_GLDRUBF,VWAP_MR_GLDRUBF_000336,VWAP_MR,GLDRUBF,2023-12-21 16:15:00,2023-12-21 16:25:00,2023-12-21 16:25:00,2023-12-21 16:30:00,2023-12-21 14:05:00--2023-12-21 18:50:00,SHORT,-1,5759.5,14.45,5749.233463919141267727023427,5787,5734.5,5781.1,5749.2,5755.9,MODELLED,CONDITIONAL_OPEN_SCENARIO,5756.8,5766.9,EXIT_ONLY_FROZEN_ENTRIES,C1_T10
VWAP_MR_GLDRUBF,VWAP_MR_GLDRUBF_000337,VWAP_MR,GLDRUBF,2023-12-22 11:15:00,2023-12-22 11:25:00,2023-12-22 11:25:00,2023-12-22 11:30:00,2023-12-22 10:00:00--2023-12-22 14:00:00,LONG,1,5817.9,6.133333333333333333333333333,5823.101277924104965369232274,5835.8,5809.6,5808.7,5823.2,5819.4,MODELLED,CONDITIONAL_OPEN_SCENARIO,5811.6,5817.9,EXIT_ONLY_FROZEN_ENTRIES,C1_T10
VWAP_MR_GLDRUBF,VWAP_MR_GLDRUBF_000339,VWAP_MR,GLDRUBF,2023-12-22 11:50:00,2023-12-22 12:00:00,2023-12-22 12:00:00,2023-12-22 12:05:00,2023-12-22 10:00:00--2023-12-22 14:00:00,SHORT,-1,5826.4,5.825,5824.707685103892303189932692,5836.6,5809.6,5835.1,5824.7,5825.0,MODELLED,CONDITIONAL_OPEN_SCENARIO,5826.2,5836.6,EXIT_ONLY_FROZEN_ENTRIES,C1_T10
VWAP_MR_GLDRUBF,VWAP_MR_GLDRUBF_000342,VWAP_MR,GLDRUBF,2023-12-22 17:45:00,2023-12-22 17:55:00,2023-12-22 17:55:00,2023-12-22 18:00:00,2023-12-22 14:05:00--2023-12-22 18:50:00,SHORT,-1,5824.5,7.316666666666666666666666667,5821.806773702712629204050578,5846.2,5809,5835.4,5821.8,5822.7,MODELLED,CONDITIONAL_OPEN_SCENARIO,5824.5,5832.4,EXIT_ONLY_FROZEN_ENTRIES,C1_T10
VWAP_MR_GLDRUBF,VWAP_MR_GLDRUBF_000343,VWAP_MR,GLDRUBF,2023-12-26 12:40:00,2023-12-26 12:50:00,2023-12-26 12:50:00,2023-12-26 12:55:00,2023-12-26 10:00:00--2023-12-26 14:00:00,LONG,1,5869.7,2.575,5869.712301013024602026049204,5872.6,5864,5865.9,5869.8,5870.3,MODELLED,CONDITIONAL_OPEN_SCENARIO,5865.8,5869.7,EXIT_ONLY_FROZEN_ENTRIES,C1_T10
VWAP_MR_GLDRUBF,VWAP_MR_GLDRUBF_000351,VWAP_MR,GLDRUBF,2023-12-27 15:15:00,2023-12-27 15:25:00,2023-12-27 15:25:00,2023-12-27 15:30:00,2023-12-27 14:05:00--2023-12-27 18:50:00,LONG,1,5925.4,3.508333333333333333333333333,5927.762823164426059979317477,5934,5918.9,5920.2,5927.8,5926.2,MODELLED,CONDITIONAL_OPEN_SCENARIO,5918.5,5926.2,EXIT_ONLY_FROZEN_ENTRIES,C1_T10
VWAP_MR_GLDRUBF,VWAP_MR_GLDRUBF_000352,VWAP_MR,GLDRUBF,2023-12-27 16:10:00,2023-12-27 16:20:00,2023-12-27 16:20:00,2023-12-27 16:25:00,2023-12-27 14:05:00--2023-12-27 18:50:00,LONG,1,5925.7,3.7,5928.638089566460219151977132,5933,5918.5,5920.2,5928.7,5926.6,MODELLED,CONDITIONAL_OPEN_SCENARIO,5924.5,5928.9,EXIT_ONLY_FROZEN_ENTRIES,C1_T10
VWAP_MR_GLDRUBF,VWAP_MR_GLDRUBF_000358,VWAP_MR,GLDRUBF,2023-12-29 15:15:00,2023-12-29 15:25:00,2023-12-29 15:25:00,2023-12-29 15:30:00,2023-12-29 14:05:00--2023-12-29 18:50:00,SHORT,-1,5901.2,5.1,5896.806069553805774278215221,5905.5,5876.8,5908.8,5896.8,5900.0,MODELLED,CONDITIONAL_OPEN_SCENARIO,5899.2,5903.3,EXIT_ONLY_FROZEN_ENTRIES,C1_T10
VWAP_MR_GLDRUBF,VWAP_MR_GLDRUBF_000360,VWAP_MR,GLDRUBF,2023-12-29 15:45:00,2023-12-29 15:55:00,2023-12-29 15:55:00,2023-12-29 16:00:00,2023-12-29 14:05:00--2023-12-29 18:50:00,SHORT,-1,5897.2,3.875,5896.950057971014492753623187,5905.5,5891.9,5903.0,5896.9,5896.3,MODELLED,CONDITIONAL_OPEN_SCENARIO,5892.7,5902,EXIT_ONLY_FROZEN_ENTRIES,C1_T10
VWAP_MR_IMOEXF,VWAP_MR_IMOEXF_000019,VWAP_MR,IMOEXF,2023-12-12 17:55:00,2023-12-12 18:05:00,2023-12-12 18:05:00,2023-12-12 18:10:00,2023-12-12 14:05:00--2023-12-12 18:50:00,LONG,1,3034,3.583333333333333333333333333,3037.316957082929977412068409,3041,3023,3029.0,3037.5,3034.5,MODELLED,CONDITIONAL_OPEN_SCENARIO,3027.5,3034,EXIT_ONLY_FROZEN_ENTRIES,C1_T10
VWAP_MR_IMOEXF,VWAP_MR_IMOEXF_000023,VWAP_MR,IMOEXF,2023-12-14 11:10:00,2023-12-14 11:20:00,2023-12-14 11:20:00,2023-12-14 11:25:00,2023-12-14 10:00:00--2023-12-14 14:00:00,LONG,1,3055,7.166666666666666666666666667,3060.497921252139887503056982,3070,3050.5,3044.5,3060.5,3056.5,MODELLED,CONDITIONAL_OPEN_SCENARIO,3050.5,3058,EXIT_ONLY_FROZEN_ENTRIES,C1_T10
VWAP_MR_IMOEXF,VWAP_MR_IMOEXF_000025,VWAP_MR,IMOEXF,2023-12-14 15:10:00,2023-12-14 15:20:00,2023-12-14 15:20:00,2023-12-14 15:25:00,2023-12-14 14:05:00--2023-12-14 18:50:00,LONG,1,3046.5,3.5,3046.677634716261325703385790,3055,3038.5,3041.5,3047.0,3047.0,MODELLED,CONDITIONAL_OPEN_SCENARIO,3038.5,3047,EXIT_ONLY_FROZEN_ENTRIES,C1_T10
VWAP_MR_IMOEXF,VWAP_MR_IMOEXF_000026,VWAP_MR,IMOEXF,2023-12-14 15:30:00,2023-12-14 15:40:00,2023-12-14 15:40:00,2023-12-14 15:45:00,2023-12-14 14:05:00--2023-12-14 18:50:00,LONG,1,3045,3.708333333333333333333333333,3046.481283422459893048128342,3050,3038.5,3039.5,3046.5,3045.5,MODELLED,CONDITIONAL_OPEN_SCENARIO,3041.5,3050,EXIT_ONLY_FROZEN_ENTRIES,C1_T10
VWAP_MR_IMOEXF,VWAP_MR_IMOEXF_000027,VWAP_MR,IMOEXF,2023-12-14 16:15:00,2023-12-14 16:25:00,2023-12-14 16:25:00,2023-12-14 16:30:00,2023-12-14 14:05:00--2023-12-14 18:50:00,LONG,1,3041,3.208333333333333333333333333,3043.197951739618406285072951,3050,3032,3036.5,3043.5,3041.5,MODELLED,CONDITIONAL_OPEN_SCENARIO,3032,3041,EXIT_ONLY_FROZEN_ENTRIES,C1_T10
VWAP_MR_IMOEXF,VWAP_MR_IMOEXF_000028,VWAP_MR,IMOEXF,2023-12-15 11:05:00,2023-12-15 11:15:00,2023-12-15 11:15:00,2023-12-15 11:20:00,2023-12-15 10:00:00--2023-12-15 14:00:00,SHORT,-1,3013,8.083333333333333333333333333,3005.809367167919799498746867,3015,2991,3025.0,3005.5,3011.0,MODELLED,CONDITIONAL_OPEN_SCENARIO,3004.5,3015,EXIT_ONLY_FROZEN_ENTRIES,C1_T10
VWAP_MR_IMOEXF,VWAP_MR_IMOEXF_000030,VWAP_MR,IMOEXF,2023-12-15 12:30:00,2023-12-15 12:40:00,2023-12-15 12:40:00,2023-12-15 12:45:00,2023-12-15 10:00:00--2023-12-15 14:00:00,LONG,1,3004.5,3.25,3007.083333333333333333333334,3015,3000,3000.0,3007.5,3005.0,MODELLED,CONDITIONAL_OPEN_SCENARIO,3000,3004.5,EXIT_ONLY_FROZEN_ENTRIES,C1_T10
VWAP_MR_IMOEXF,VWAP_MR_IMOEXF_000036,VWAP_MR,IMOEXF,2023-12-18 11:40:00,2023-12-18 11:50:00,2023-12-18 11:50:00,2023-12-18 11:55:00,2023-12-18 10:00:00--2023-12-18 14:00:00,SHORT,-1,3077,3.166666666666666666666666667,3073.871412087119573056396942,3079,3068.5,3081.5,3073.5,3076.5,MODELLED,CONDITIONAL_OPEN_SCENARIO,3073,3078,EXIT_ONLY_FROZEN_ENTRIES,C1_T10
VWAP_MR_IMOEXF,VWAP_MR_IMOEXF_000038,VWAP_MR,IMOEXF,2023-12-19 12:20:00,2023-12-19 12:30:00,2023-12-19 12:30:00,2023-12-19 12:35:00,2023-12-19 10:00:00--2023-12-19 14:00:00,SHORT,-1,3095,2.458333333333333333333333333,3093.208669897684437264404955,3097.5,3087,3098.5,3093.0,3094.5,MODELLED,CONDITIONAL_OPEN_SCENARIO,3094,3096.5,EXIT_ONLY_FROZEN_ENTRIES,C1_T10
VWAP_MR_IMOEXF,VWAP_MR_IMOEXF_000045,VWAP_MR,IMOEXF,2023-12-21 11:35:00,2023-12-21 11:45:00,2023-12-21 11:45:00,2023-12-21 11:50:00,2023-12-21 10:00:00--2023-12-21 14:00:00,LONG,1,3093,5.875,3096.004690310974042662554614,3105,3085.5,3084.5,3096.5,3094.0,MODELLED,CONDITIONAL_OPEN_SCENARIO,3085.5,3097,EXIT_ONLY_FROZEN_ENTRIES,C1_T10
VWAP_MR_IMOEXF,VWAP_MR_IMOEXF_000048,VWAP_MR,IMOEXF,2023-12-21 16:00:00,2023-12-21 16:10:00,2023-12-21 16:10:00,2023-12-21 16:15:00,2023-12-21 14:05:00--2023-12-21 18:50:00,LONG,1,3070,4.166666666666666666666666667,3072.940310974042662554613211,3085,3057,3064.0,3073.0,3071.0,MODELLED,CONDITIONAL_OPEN_SCENARIO,3057,3070,EXIT_ONLY_FROZEN_ENTRIES,C1_T10
VWAP_MR_IMOEXF,VWAP_MR_IMOEXF_000050,VWAP_MR,IMOEXF,2023-12-21 17:05:00,2023-12-21 17:15:00,2023-12-21 17:15:00,2023-12-21 17:20:00,2023-12-21 14:05:00--2023-12-21 18:50:00,LONG,1,3068.5,4.166666666666666666666666667,3072.350203977562468128505864,3077,3063.5,3062.5,3072.5,3069.5,MODELLED,CONDITIONAL_OPEN_SCENARIO,3063.5,3072.5,EXIT_ONLY_FROZEN_ENTRIES,C1_T10
VWAP_MR_IMOEXF,VWAP_MR_IMOEXF_000059,VWAP_MR,IMOEXF,2023-12-26 11:15:00,2023-12-26 11:25:00,2023-12-26 11:25:00,2023-12-26 11:30:00,2023-12-26 10:00:00--2023-12-26 14:00:00,LONG,1,3091.5,2.166666666666666666666666667,3093.142364840673111349803077,3099,3089.5,3088.5,3093.5,3092.0,MODELLED,CONDITIONAL_OPEN_SCENARIO,3089.5,3091.5,EXIT_ONLY_FROZEN_ENTRIES,C1_T10
MOMENTUM_USDRUBF,MOMENTUM_USDRUBF_000001,MOMENTUM,USDRUBF,2023-01-03 11:35:00,2023-01-03 11:45:00,2023-01-03 11:45:00,2023-01-03 11:50:00,2023-01-03 10:00:00--2023-01-03 14:00:00,LONG,1,70.26,0.1591666666666666666666666667,70.05676438829500053989849908,70.2,69.76,70.03,70.74,70.29,MODELLED,CONDITIONAL_OPEN_SCENARIO,70.01,70.26,EXIT_ONLY_FROZEN_ENTRIES,C1_T10
MOMENTUM_USDRUBF,MOMENTUM_USDRUBF_000008,MOMENTUM,USDRUBF,2023-01-03 15:20:00,2023-01-03 15:30:00,2023-01-03 15:30:00,2023-01-03 15:35:00,2023-01-03 14:05:00--2023-01-03 18:50:00,LONG,1,71.32,0.08833333333333333333333333333,71.11298873037587127874405577,71.27,70.92,71.19,71.59,71.34,MODELLED,CONDITIONAL_OPEN_SCENARIO,71.12,71.33,EXIT_ONLY_FROZEN_ENTRIES,C1_T10
MOMENTUM_USDRUBF,MOMENTUM_USDRUBF_000019,MOMENTUM,USDRUBF,2023-01-04 11:45:00,2023-01-04 11:55:00,2023-01-04 11:55:00,2023-01-04 12:00:00,2023-01-04 10:00:00--2023-01-04 14:00:00,LONG,1,71.7,0.1466666666666666666666666667,71.45579300922236137993851760,71.65,71.07,71.48,72.14,71.73,MODELLED,CONDITIONAL_OPEN_SCENARIO,71.43,71.77,EXIT_ONLY_FROZEN_ENTRIES,C1_T10
MOMENTUM_USDRUBF,MOMENTUM_USDRUBF_000020,MOMENTUM,USDRUBF,2023-01-04 15:10:00,2023-01-04 15:20:00,2023-01-04 15:20:00,2023-01-04 15:25:00,2023-01-04 14:05:00--2023-01-04 18:50:00,LONG,1,72.03,0.12,71.79971627311001281347245102,71.94,71.61,71.85,72.39,72.06,MODELLED,CONDITIONAL_OPEN_SCENARIO,71.77,72.03,EXIT_ONLY_FROZEN_ENTRIES,C1_T10
MOMENTUM_USDRUBF,MOMENTUM_USDRUBF_000023,MOMENTUM,USDRUBF,2023-01-04 17:50:00,2023-01-04 18:00:00,2023-01-04 18:00:00,2023-01-04 18:05:00,2023-01-04 14:05:00--2023-01-04 18:50:00,LONG,1,72.05,0.07333333333333333333333333333,71.89509131424696022864893668,72,71.82,71.94,72.27,72.06,MODELLED,CONDITIONAL_OPEN_SCENARIO,71.9,72.05,EXIT_ONLY_FROZEN_ENTRIES,C1_T10
MOMENTUM_USDRUBF,MOMENTUM_USDRUBF_000030,MOMENTUM,USDRUBF,2023-01-05 16:45:00,2023-01-05 16:55:00,2023-01-05 16:55:00,2023-01-05 17:00:00,2023-01-05 14:05:00--2023-01-05 18:50:00,LONG,1,71.98,0.06,71.89658746322697442860375655,71.96,71.71,71.89,72.16,71.99,MODELLED,CONDITIONAL_OPEN_SCENARIO,71.89,71.98,EXIT_ONLY_FROZEN_ENTRIES,C1_T10
MOMENTUM_USDRUBF,MOMENTUM_USDRUBF_000038,MOMENTUM,USDRUBF,2023-01-06 13:10:00,2023-01-06 13:20:00,2023-01-06 13:20:00,2023-01-06 13:25:00,2023-01-06 10:00:00--2023-01-06 14:00:00,LONG,1,71.8,0.09416666666666666666666666667,71.77446415897799858055358409,71.79,71.58,71.66,72.09,71.82,MODELLED,CONDITIONAL_OPEN_SCENARIO,71.65,71.8,EXIT_ONLY_FROZEN_ENTRIES,C1_T10
MOMENTUM_USDRUBF,MOMENTUM_USDRUBF_000043,MOMENTUM,USDRUBF,2023-01-06 15:50:00,2023-01-06 16:00:00,2023-01-06 16:00:00,2023-01-06 16:05:00,2023-01-06 14:05:00--2023-01-06 18:50:00,LONG,1,72.28,0.06666666666666666666666666667,72.05206793724880072604693372,72.26,71.91,72.18,72.48,72.29,MODELLED,CONDITIONAL_OPEN_SCENARIO,72.19,72.28,EXIT_ONLY_FROZEN_ENTRIES,C1_T10
MOMENTUM_USDRUBF,MOMENTUM_USDRUBF_000046,MOMENTUM,USDRUBF,2023-01-06 17:25:00,2023-01-06 17:35:00,2023-01-06 17:35:00,2023-01-06 17:40:00,2023-01-06 14:05:00--2023-01-06 18:50:00,LONG,1,72.4,0.0875,72.16107704573457998115532359,72.39,72.1,72.27,72.67,72.42,MODELLED,CONDITIONAL_OPEN_SCENARIO,72.31,72.45,EXIT_ONLY_FROZEN_ENTRIES,C1_T10
MOMENTUM_USDRUBF,MOMENTUM_USDRUBF_000051,MOMENTUM,USDRUBF,2023-01-09 11:50:00,2023-01-09 12:00:00,2023-01-09 12:00:00,2023-01-09 12:05:00,2023-01-09 10:00:00--2023-01-09 14:00:00,SHORT,-1,70.76,0.1066666666666666666666666667,70.95158390903857225100748419,71.21,70.88,70.92,70.44,70.74,MODELLED,CONDITIONAL_OPEN_SCENARIO,70.74,71.03,EXIT_ONLY_FROZEN_ENTRIES,C1_T10
MOMENTUM_USDRUBF,MOMENTUM_USDRUBF_000058,MOMENTUM,USDRUBF,2023-01-09 15:45:00,2023-01-09 15:55:00,2023-01-09 15:55:00,2023-01-09 16:00:00,2023-01-09 14:05:00--2023-01-09 18:50:00,SHORT,-1,69.77,0.08166666666666666666666666667,70.06520008548378479457177971,70.09,69.83,69.89,69.52,69.75,MODELLED,CONDITIONAL_OPEN_SCENARIO,69.76,69.93,EXIT_ONLY_FROZEN_ENTRIES,C1_T10
MOMENTUM_USDRUBF,MOMENTUM_USDRUBF_000060,MOMENTUM,USDRUBF,2023-01-09 17:10:00,2023-01-09 17:20:00,2023-01-09 17:20:00,2023-01-09 17:25:00,2023-01-09 14:05:00--2023-01-09 18:50:00,LONG,1,69.99,0.1125,69.95556375442739079102715469,69.95,69.52,69.83,70.33,70.01,MODELLED,CONDITIONAL_OPEN_SCENARIO,69.83,70.02,EXIT_ONLY_FROZEN_ENTRIES,C1_T10
MOMENTUM_USDRUBF,MOMENTUM_USDRUBF_000063,MOMENTUM,USDRUBF,2023-01-10 15:20:00,2023-01-10 15:30:00,2023-01-10 15:30:00,2023-01-10 15:35:00,2023-01-10 14:05:00--2023-01-10 18:50:00,SHORT,-1,69.55,0.045,69.68138406231276213301378071,69.75,69.6,69.61,69.41,69.54,MODELLED,CONDITIONAL_OPEN_SCENARIO,69.55,69.67,EXIT_ONLY_FROZEN_ENTRIES,C1_T10
MOMENTUM_USDRUBF,MOMENTUM_USDRUBF_000075,MOMENTUM,USDRUBF,2023-01-11 16:10:00,2023-01-11 16:20:00,2023-01-11 16:20:00,2023-01-11 16:25:00,2023-01-11 14:05:00--2023-01-11 18:50:00,SHORT,-1,68.61,0.06416666666666666666666666667,68.63534896443923407581086366,68.82,68.62,68.70,68.41,68.60,MODELLED,CONDITIONAL_OPEN_SCENARIO,68.61,68.82,EXIT_ONLY_FROZEN_ENTRIES,C1_T10
MOMENTUM_USDRUBF,MOMENTUM_USDRUBF_000077,MOMENTUM,USDRUBF,2023-01-11 17:15:00,2023-01-11 17:25:00,2023-01-11 17:25:00,2023-01-11 17:30:00,2023-01-11 14:05:00--2023-01-11 18:50:00,LONG,1,68.75,0.08,68.63077402079830624571891156,68.72,68.52,68.63,68.99,68.77,MODELLED,CONDITIONAL_OPEN_SCENARIO,68.64,68.75,EXIT_ONLY_FROZEN_ENTRIES,C1_T10
MOMENTUM_USDRUBF,MOMENTUM_USDRUBF_000078,MOMENTUM,USDRUBF,2023-01-11 18:00:00,2023-01-11 18:10:00,2023-01-11 18:10:00,2023-01-11 18:15:00,2023-01-11 14:05:00--2023-01-11 18:50:00,LONG,1,68.76,0.06083333333333333333333333333,68.63814355505449079293498691,68.75,68.61,68.67,68.95,68.77,MODELLED,CONDITIONAL_OPEN_SCENARIO,68.64,68.76,EXIT_ONLY_FROZEN_ENTRIES,C1_T10
MOMENTUM_USDRUBF,MOMENTUM_USDRUBF_000079,MOMENTUM,USDRUBF,2023-01-12 15:35:00,2023-01-12 15:45:00,2023-01-12 15:45:00,2023-01-12 15:50:00,2023-01-12 14:05:00--2023-01-12 18:50:00,LONG,1,67.87,0.055,67.77678723404255319148936170,67.83,67.65,67.79,68.04,67.88,MODELLED,CONDITIONAL_OPEN_SCENARIO,67.71,67.87,EXIT_ONLY_FROZEN_ENTRIES,C1_T10
MOMENTUM_USDRUBF,MOMENTUM_USDRUBF_000080,MOMENTUM,USDRUBF,2023-01-12 16:45:00,2023-01-12 16:55:00,2023-01-12 16:55:00,2023-01-12 17:00:00,2023-01-12 14:05:00--2023-01-12 18:50:00,SHORT,-1,67.69,0.06,67.79849150260811038196197203,67.9,67.73,67.78,67.51,67.68,MODELLED,CONDITIONAL_OPEN_SCENARIO,67.69,67.82,EXIT_ONLY_FROZEN_ENTRIES,C1_T10
MOMENTUM_USDRUBF,MOMENTUM_USDRUBF_000085,MOMENTUM,USDRUBF,2023-01-13 12:20:00,2023-01-13 12:30:00,2023-01-13 12:30:00,2023-01-13 12:35:00,2023-01-13 10:00:00--2023-01-13 14:00:00,LONG,1,67.47,0.08833333333333333333333333333,67.52627373193539246245395293,67.39,67.15,67.34,67.74,67.49,MODELLED,CONDITIONAL_OPEN_SCENARIO,67.28,67.47,EXIT_ONLY_FROZEN_ENTRIES,C1_T10
MOMENTUM_USDRUBF,MOMENTUM_USDRUBF_000092,MOMENTUM,USDRUBF,2023-01-13 16:50:00,2023-01-13 17:00:00,2023-01-13 17:00:00,2023-01-13 17:05:00,2023-01-13 14:05:00--2023-01-13 18:50:00,LONG,1,68.96,0.1216666666666666666666666667,68.31218048713738368910782705,68.89,68.25,68.78,69.33,68.99,MODELLED,CONDITIONAL_OPEN_SCENARIO,68.69,68.96,EXIT_ONLY_FROZEN_ENTRIES,C1_T10
MOMENTUM_USDRUBF,MOMENTUM_USDRUBF_000093,MOMENTUM,USDRUBF,2023-01-13 17:35:00,2023-01-13 17:45:00,2023-01-13 17:45:00,2023-01-13 17:50:00,2023-01-13 14:05:00--2023-01-13 18:50:00,SHORT,-1,68.59,0.1166666666666666666666666667,68.39225260416666666666666668,68.96,68.69,68.76,68.24,68.57,MODELLED,CONDITIONAL_OPEN_SCENARIO,68.59,68.96,EXIT_ONLY_FROZEN_ENTRIES,C1_T10
MOMENTUM_USDRUBF,MOMENTUM_USDRUBF_000094,MOMENTUM,USDRUBF,2023-01-16 11:40:00,2023-01-16 11:50:00,2023-01-16 11:50:00,2023-01-16 11:55:00,2023-01-16 10:00:00--2023-01-16 14:00:00,LONG,1,68.5,0.1508333333333333333333333333,68.27770842965017722299275697,68.44,67.89,68.28,68.96,68.53,MODELLED,CONDITIONAL_OPEN_SCENARIO,68.23,68.5,EXIT_ONLY_FROZEN_ENTRIES,C1_T10
MOMENTUM_USDRUBF,MOMENTUM_USDRUBF_000098,MOMENTUM,USDRUBF,2023-01-17 11:50:00,2023-01-17 12:00:00,2023-01-17 12:00:00,2023-01-17 12:05:00,2023-01-17 10:00:00--2023-01-17 14:00:00,SHORT,-1,68.61,0.08166666666666666666666666667,68.76115006412997007268063271,68.91,68.66,68.73,68.36,68.59,MODELLED,CONDITIONAL_OPEN_SCENARIO,68.6,68.77,EXIT_ONLY_FROZEN_ENTRIES,C1_T10
MOMENTUM_USDRUBF,MOMENTUM_USDRUBF_000100,MOMENTUM,USDRUBF,2023-01-17 13:10:00,2023-01-17 13:20:00,2023-01-17 13:20:00,2023-01-17 13:25:00,2023-01-17 10:00:00--2023-01-17 14:00:00,LONG,1,68.79,0.0475,68.74008855936566779940273911,68.78,68.61,68.72,68.94,68.80,MODELLED,CONDITIONAL_OPEN_SCENARIO,68.7,68.79,EXIT_ONLY_FROZEN_ENTRIES,C1_T10
MOMENTUM_USDRUBF,MOMENTUM_USDRUBF_000106,MOMENTUM,USDRUBF,2023-01-17 15:55:00,2023-01-17 16:05:00,2023-01-17 16:05:00,2023-01-17 16:10:00,2023-01-17 14:05:00--2023-01-17 18:50:00,LONG,1,69.05,0.0625,68.87808902275769745649263721,69.04,68.7,68.96,69.24,69.06,MODELLED,CONDITIONAL_OPEN_SCENARIO,68.9,69.07,EXIT_ONLY_FROZEN_ENTRIES,C1_T10
MOMENTUM_USDRUBF,MOMENTUM_USDRUBF_000111,MOMENTUM,USDRUBF,2023-01-17 17:30:00,2023-01-17 17:40:00,2023-01-17 17:40:00,2023-01-17 17:45:00,2023-01-17 14:05:00--2023-01-17 18:50:00,SHORT,-1,68.95,0.1325,69.07484245867768595041322314,69.43,68.97,69.14,68.55,68.92,MODELLED,CONDITIONAL_OPEN_SCENARIO,68.95,69.12,EXIT_ONLY_FROZEN_ENTRIES,C1_T10
MOMENTUM_USDRUBF,MOMENTUM_USDRUBF_000116,MOMENTUM,USDRUBF,2023-01-18 12:25:00,2023-01-18 12:35:00,2023-01-18 12:35:00,2023-01-18 12:40:00,2023-01-18 10:00:00--2023-01-18 14:00:00,SHORT,-1,68.73,0.06666666666666666666666666667,68.93105568058681337000916895,68.93,68.74,68.83,68.53,68.72,MODELLED,CONDITIONAL_OPEN_SCENARIO,68.71,68.93,EXIT_ONLY_FROZEN_ENTRIES,C1_T10
MOMENTUM_USDRUBF,MOMENTUM_USDRUBF_000117,MOMENTUM,USDRUBF,2023-01-18 15:15:00,2023-01-18 15:25:00,2023-01-18 15:25:00,2023-01-18 15:30:00,2023-01-18 14:05:00--2023-01-18 18:50:00,LONG,1,69.03,0.05666666666666666666666666667,68.91245480225988700564971751,68.99,68.8,68.95,69.20,69.04,MODELLED,CONDITIONAL_OPEN_SCENARIO,68.88,69.03,EXIT_ONLY_FROZEN_ENTRIES,C1_T10
MOMENTUM_USDRUBF,MOMENTUM_USDRUBF_000118,MOMENTUM,USDRUBF,2023-01-18 15:35:00,2023-01-18 15:45:00,2023-01-18 15:45:00,2023-01-18 15:50:00,2023-01-18 14:05:00--2023-01-18 18:50:00,LONG,1,69.05,0.05583333333333333333333333333,68.94504734299516908212560388,69.04,68.8,68.97,69.22,69.06,MODELLED,CONDITIONAL_OPEN_SCENARIO,68.94,69.07,EXIT_ONLY_FROZEN_ENTRIES,C1_T10
MOMENTUM_USDRUBF,MOMENTUM_USDRUBF_000126,MOMENTUM,USDRUBF,2023-01-19 11:05:00,2023-01-19 11:15:00,2023-01-19 11:15:00,2023-01-19 11:20:00,2023-01-19 10:00:00--2023-01-19 14:00:00,SHORT,-1,68.85,0.06666666666666666666666666667,68.99552540913006029285099050,69.08,68.9,68.95,68.65,68.84,MODELLED,CONDITIONAL_OPEN_SCENARIO,68.83,69.02,EXIT_ONLY_FROZEN_ENTRIES,C1_T10
MOMENTUM_USDRUBF,MOMENTUM_USDRUBF_000130,MOMENTUM,USDRUBF,2023-01-19 17:20:00,2023-01-19 17:30:00,2023-01-19 17:30:00,2023-01-19 17:35:00,2023-01-19 14:05:00--2023-01-19 18:50:00,SHORT,-1,68.81,0.02416666666666666666666666667,68.87295828549559892843474937,68.94,68.85,68.84,68.73,68.81,MODELLED,CONDITIONAL_OPEN_SCENARIO,68.81,68.92,EXIT_ONLY_FROZEN_ENTRIES,C1_T10
MOMENTUM_USDRUBF,MOMENTUM_USDRUBF_000132,MOMENTUM,USDRUBF,2023-01-20 12:15:00,2023-01-20 12:25:00,2023-01-20 12:25:00,2023-01-20 12:30:00,2023-01-20 10:00:00--2023-01-20 14:00:00,LONG,1,68.79,0.05083333333333333333333333333,68.72897194368479692089537122,68.78,68.61,68.72,68.95,68.80,MODELLED,CONDITIONAL_OPEN_SCENARIO,68.69,68.79,EXIT_ONLY_FROZEN_ENTRIES,C1_T10
MOMENTUM_USDRUBF,MOMENTUM_USDRUBF_000134,MOMENTUM,USDRUBF,2023-01-20 16:00:00,2023-01-20 16:10:00,2023-01-20 16:10:00,2023-01-20 16:15:00,2023-01-20 14:05:00--2023-01-20 18:50:00,LONG,1,68.95,0.0375,68.85667664172901080631753950,68.92,68.76,68.90,69.07,68.95,MODELLED,CONDITIONAL_OPEN_SCENARIO,68.85,68.96,EXIT_ONLY_FROZEN_ENTRIES,C1_T10
MOMENTUM_USDRUBF,MOMENTUM_USDRUBF_000136,MOMENTUM,USDRUBF,2023-01-23 12:30:00,2023-01-23 12:40:00,2023-01-23 12:40:00,2023-01-23 12:45:00,2023-01-23 10:00:00--2023-01-23 14:00:00,LONG,1,68.67,0.04083333333333333333333333333,68.61839483714483714483714483,68.66,68.57,68.61,68.80,68.68,MODELLED,CONDITIONAL_OPEN_SCENARIO,68.58,68.67,EXIT_ONLY_FROZEN_ENTRIES,C1_T10
MOMENTUM_USDRUBF,MOMENTUM_USDRUBF_000137,MOMENTUM,USDRUBF,2023-01-23 12:55:00,2023-01-23 13:05:00,2023-01-23 13:05:00,2023-01-23 13:10:00,2023-01-23 10:00:00--2023-01-23 14:00:00,LONG,1,68.75,0.04333333333333333333333333333,68.62821256038647342995169081,68.72,68.57,68.69,68.88,68.76,MODELLED,CONDITIONAL_OPEN_SCENARIO,68.61,68.75,EXIT_ONLY_FROZEN_ENTRIES,C1_T10
MOMENTUM_USDRUBF,MOMENTUM_USDRUBF_000139,MOMENTUM,USDRUBF,2023-01-23 16:10:00,2023-01-23 16:20:00,2023-01-23 16:20:00,2023-01-23 16:25:00,2023-01-23 14:05:00--2023-01-23 18:50:00,SHORT,-1,68.7,0.0325,68.78610049539985845718329796,68.8,68.71,68.74,68.60,68.70,MODELLED,CONDITIONAL_OPEN_SCENARIO,68.7,68.76,EXIT_ONLY_FROZEN_ENTRIES,C1_T10
MOMENTUM_USDRUBF,MOMENTUM_USDRUBF_000146,MOMENTUM,USDRUBF,2023-01-24 11:30:00,2023-01-24 11:40:00,2023-01-24 11:40:00,2023-01-24 11:45:00,2023-01-24 10:00:00--2023-01-24 14:00:00,LONG,1,68.85,0.04083333333333333333333333333,68.81381560283687943262411348,68.84,68.77,68.79,68.98,68.86,MODELLED,CONDITIONAL_OPEN_SCENARIO,68.81,68.85,EXIT_ONLY_FROZEN_ENTRIES,C1_T10
MOMENTUM_USDRUBF,MOMENTUM_USDRUBF_000158,MOMENTUM,USDRUBF,2023-01-24 17:05:00,2023-01-24 17:15:00,2023-01-24 17:15:00,2023-01-24 17:20:00,2023-01-24 14:05:00--2023-01-24 18:50:00,LONG,1,69.07,0.03583333333333333333333333333,68.91572779136104319478402606,69.05,68.87,69.02,69.18,69.07,MODELLED,CONDITIONAL_OPEN_SCENARIO,69.02,69.08,EXIT_ONLY_FROZEN_ENTRIES,C1_T10
MOMENTUM_USDRUBF,MOMENTUM_USDRUBF_000159,MOMENTUM,USDRUBF,2023-01-24 17:35:00,2023-01-24 17:45:00,2023-01-24 17:45:00,2023-01-24 17:50:00,2023-01-24 14:05:00--2023-01-24 18:50:00,LONG,1,69.1,0.03583333333333333333333333333,68.96183942748518394274851838,69.09,68.97,69.05,69.21,69.10,MODELLED,CONDITIONAL_OPEN_SCENARIO,69.04,69.1,EXIT_ONLY_FROZEN_ENTRIES,C1_T10
MOMENTUM_USDRUBF,MOMENTUM_USDRUBF_000162,MOMENTUM,USDRUBF,2023-01-25 16:10:00,2023-01-25 16:20:00,2023-01-25 16:20:00,2023-01-25 16:25:00,2023-01-25 14:05:00--2023-01-25 18:50:00,LONG,1,69.14,0.0275,69.10111471422780705310093231,69.09,69.02,69.10,69.23,69.14,MODELLED,CONDITIONAL_OPEN_SCENARIO,69.04,69.17,EXIT_ONLY_FROZEN_ENTRIES,C1_T10
MOMENTUM_USDRUBF,MOMENTUM_USDRUBF_000173,MOMENTUM,USDRUBF,2023-01-26 13:10:00,2023-01-26 13:20:00,2023-01-26 13:20:00,2023-01-26 13:25:00,2023-01-26 10:00:00--2023-01-26 14:00:00,LONG,1,69.18,0.0525,69.25367592258684938093520857,69.14,68.94,69.11,69.34,69.19,MODELLED,CONDITIONAL_OPEN_SCENARIO,69.11,69.18,EXIT_ONLY_FROZEN_ENTRIES,C1_T10
MOMENTUM_USDRUBF,MOMENTUM_USDRUBF_000179,MOMENTUM,USDRUBF,2023-01-26 16:30:00,2023-01-26 16:40:00,2023-01-26 16:40:00,2023-01-26 16:45:00,2023-01-26 14:05:00--2023-01-26 18:50:00,LONG,1,69.32,0.05,69.04606396437427255705682912,69.28,68.98,69.25,69.47,69.33,MODELLED,CONDITIONAL_OPEN_SCENARIO,69.21,69.32,EXIT_ONLY_FROZEN_ENTRIES,C1_T10
MOMENTUM_USDRUBF,MOMENTUM_USDRUBF_000181,MOMENTUM,USDRUBF,2023-01-27 15:40:00,2023-01-27 15:50:00,2023-01-27 15:50:00,2023-01-27 15:55:00,2023-01-27 14:05:00--2023-01-27 18:50:00,LONG,1,69.46,0.03,69.39723095525997581620314389,69.42,69.33,69.42,69.55,69.46,MODELLED,CONDITIONAL_OPEN_SCENARIO,69.38,69.46,EXIT_ONLY_FROZEN_ENTRIES,C1_T10
MOMENTUM_USDRUBF,MOMENTUM_USDRUBF_000183,MOMENTUM,USDRUBF,2023-01-27 16:35:00,2023-01-27 16:45:00,2023-01-27 16:45:00,2023-01-27 16:50:00,2023-01-27 14:05:00--2023-01-27 18:50:00,LONG,1,69.55,0.04083333333333333333333333333,69.43116424116424116424116424,69.52,69.39,69.49,69.68,69.56,MODELLED,CONDITIONAL_OPEN_SCENARIO,69.48,69.57,EXIT_ONLY_FROZEN_ENTRIES,C1_T10
MOMENTUM_USDRUBF,MOMENTUM_USDRUBF_000190,MOMENTUM,USDRUBF,2023-01-30 12:35:00,2023-01-30 12:45:00,2023-01-30 12:45:00,2023-01-30 12:50:00,2023-01-30 10:00:00--2023-01-30 14:00:00,LONG,1,69.64,0.03166666666666666666666666667,69.55204562737642585551330798,69.63,69.42,69.60,69.74,69.64,MODELLED,CONDITIONAL_OPEN_SCENARIO,69.56,69.64,EXIT_ONLY_FROZEN_ENTRIES,C1_T10
MOMENTUM_USDRUBF,MOMENTUM_USDRUBF_000194,MOMENTUM,USDRUBF,2023-01-30 15:50:00,2023-01-30 16:00:00,2023-01-30 16:00:00,2023-01-30 16:05:00,2023-01-30 14:05:00--2023-01-30 18:50:00,LONG,1,70.18,0.09333333333333333333333333333,69.95337986463620981387478847,70.14,69.83,70.04,70.46,70.20,MODELLED,CONDITIONAL_OPEN_SCENARIO,70.04,70.2,EXIT_ONLY_FROZEN_ENTRIES,C1_T10
MOMENTUM_USDRUBF,MOMENTUM_USDRUBF_000197,MOMENTUM,USDRUBF,2023-01-31 12:05:00,2023-01-31 12:15:00,2023-01-31 12:15:00,2023-01-31 12:20:00,2023-01-31 10:00:00--2023-01-31 14:00:00,LONG,1,70.52,0.05916666666666666666666666667,70.48385666987076791626615399,70.51,70.32,70.44,70.70,70.53,MODELLED,CONDITIONAL_OPEN_SCENARIO,70.39,70.56,EXIT_ONLY_FROZEN_ENTRIES,C1_T10
MOMENTUM_USDRUBF,MOMENTUM_USDRUBF_000204,MOMENTUM,USDRUBF,2023-01-31 15:20:00,2023-01-31 15:30:00,2023-01-31 15:30:00,2023-01-31 15:35:00,2023-01-31 14:05:00--2023-01-31 18:50:00,LONG,1,70.75,0.0325,70.70081042988019732205778721,70.72,70.64,70.71,70.85,70.75,MODELLED,CONDITIONAL_OPEN_SCENARIO,70.67,70.76,EXIT_ONLY_FROZEN_ENTRIES,C1_T10
MOMENTUM_USDRUBF,MOMENTUM_USDRUBF_000213,MOMENTUM,USDRUBF,2023-02-01 12:25:00,2023-02-01 12:35:00,2023-02-01 12:35:00,2023-02-01 12:40:00,2023-02-01 10:00:00--2023-02-01 14:00:00,LONG,1,70.3,0.06916666666666666666666666667,70.23705362583790371724558196,70.28,70.05,70.20,70.51,70.31,MODELLED,CONDITIONAL_OPEN_SCENARIO,70.2,70.31,EXIT_ONLY_FROZEN_ENTRIES,C1_T10
MOMENTUM_USDRUBF,MOMENTUM_USDRUBF_000214,MOMENTUM,USDRUBF,2023-02-01 15:10:00,2023-02-01 15:20:00,2023-02-01 15:20:00,2023-02-01 15:25:00,2023-02-01 14:05:00--2023-02-01 18:50:00,LONG,1,70.2,0.07916666666666666666666666667,70.08208637128435221536735838,70.18,69.97,70.09,70.44,70.21,MODELLED,CONDITIONAL_OPEN_SCENARIO,70.1,70.2,EXIT_ONLY_FROZEN_ENTRIES,C1_T10
MOMENTUM_USDRUBF,MOMENTUM_USDRUBF_000215,MOMENTUM,USDRUBF,2023-02-01 17:50:00,2023-02-01 18:00:00,2023-02-01 18:00:00,2023-02-01 18:05:00,2023-02-01 14:05:00--2023-02-01 18:50:00,LONG,1,70.26,0.03583333333333333333333333333,70.18711711711711711711711713,70.25,70.13,70.21,70.37,70.26,MODELLED,CONDITIONAL_OPEN_SCENARIO,70.21,70.26,EXIT_ONLY_FROZEN_ENTRIES,C1_T10
MOMENTUM_USDRUBF,MOMENTUM_USDRUBF_000221,MOMENTUM,USDRUBF,2023-02-02 17:05:00,2023-02-02 17:15:00,2023-02-02 17:15:00,2023-02-02 17:20:00,2023-02-02 14:05:00--2023-02-02 18:50:00,LONG,1,70.33,0.04583333333333333333333333333,70.17831185031185031185031185,70.31,70.01,70.27,70.47,70.34,MODELLED,CONDITIONAL_OPEN_SCENARIO,70.23,70.33,EXIT_ONLY_FROZEN_ENTRIES,C1_T10
MOMENTUM_USDRUBF,MOMENTUM_USDRUBF_000228,MOMENTUM,USDRUBF,2023-02-03 12:00:00,2023-02-03 12:10:00,2023-02-03 12:10:00,2023-02-03 12:15:00,2023-02-03 10:00:00--2023-02-03 14:00:00,LONG,1,70.5,0.04583333333333333333333333333,70.43692249240121580547112462,70.49,70.32,70.44,70.64,70.51,MODELLED,CONDITIONAL_OPEN_SCENARIO,70.41,70.5,EXIT_ONLY_FROZEN_ENTRIES,C1_T10
MOMENTUM_USDRUBF,MOMENTUM_USDRUBF_000231,MOMENTUM,USDRUBF,2023-02-03 12:55:00,2023-02-03 13:05:00,2023-02-03 13:05:00,2023-02-03 13:10:00,2023-02-03 10:00:00--2023-02-03 14:00:00,SHORT,-1,70.41,0.045,70.45645310397285120823825406,70.56,70.43,70.47,70.27,70.40,MODELLED,CONDITIONAL_OPEN_SCENARIO,70.41,70.46,EXIT_ONLY_FROZEN_ENTRIES,C1_T10
MOMENTUM_USDRUBF,MOMENTUM_USDRUBF_000238,MOMENTUM,USDRUBF,2023-02-06 11:45:00,2023-02-06 11:55:00,2023-02-06 11:55:00,2023-02-06 12:00:00,2023-02-06 10:00:00--2023-02-06 14:00:00,LONG,1,70.64,0.04916666666666666666666666667,70.56102699423718531998786777,70.62,70.45,70.57,70.79,70.65,MODELLED,CONDITIONAL_OPEN_SCENARIO,70.52,70.64,EXIT_ONLY_FROZEN_ENTRIES,C1_T10
MOMENTUM_USDRUBF,MOMENTUM_USDRUBF_000248,MOMENTUM,USDRUBF,2023-02-07 12:15:00,2023-02-07 12:25:00,2023-02-07 12:25:00,2023-02-07 12:30:00,2023-02-07 10:00:00--2023-02-07 14:00:00,SHORT,-1,70.99,0.03333333333333333333333333333,71.04125501297475819768813393,71.12,71.02,71.04,70.89,70.99,MODELLED,CONDITIONAL_OPEN_SCENARIO,70.99,71.07,EXIT_ONLY_FROZEN_ENTRIES,C1_T10
MOMENTUM_USDRUBF,MOMENTUM_USDRUBF_000254,MOMENTUM,USDRUBF,2023-02-07 15:55:00,2023-02-07 16:05:00,2023-02-07 16:05:00,2023-02-07 16:10:00,2023-02-07 14:05:00--2023-02-07 18:50:00,LONG,1,71.1,0.055,70.89748277171848716696510931,71.08,70.82,71.02,71.27,71.11,MODELLED,CONDITIONAL_OPEN_SCENARIO,71.03,71.1,EXIT_ONLY_FROZEN_ENTRIES,C1_T10
MOMENTUM_USDRUBF,MOMENTUM_USDRUBF_000257,MOMENTUM,USDRUBF,2023-02-07 16:30:00,2023-02-07 16:40:00,2023-02-07 16:40:00,2023-02-07 16:45:00,2023-02-07 14:05:00--2023-02-07 18:50:00,LONG,1,71.27,0.0525,70.93861195402298850574712643,71.21,70.94,71.20,71.43,71.28,MODELLED,CONDITIONAL_OPEN_SCENARIO,71.15,71.28,EXIT_ONLY_FROZEN_ENTRIES,C1_T10
MOMENTUM_USDRUBF,MOMENTUM_USDRUBF_000259,MOMENTUM,USDRUBF,2023-02-07 17:40:00,2023-02-07 17:50:00,2023-02-07 17:50:00,2023-02-07 17:55:00,2023-02-07 14:05:00--2023-02-07 18:50:00,LONG,1,71.34,0.0525,71.04103117738187451587916343,71.3,71.18,71.27,71.50,71.35,MODELLED,CONDITIONAL_OPEN_SCENARIO,71.22,71.35,EXIT_ONLY_FROZEN_ENTRIES,C1_T10
MOMENTUM_USDRUBF,MOMENTUM_USDRUBF_000260,MOMENTUM,USDRUBF,2023-02-08 11:05:00,2023-02-08 11:15:00,2023-02-08 11:15:00,2023-02-08 11:20:00,2023-02-08 10:00:00--2023-02-08 14:00:00,LONG,1,71.76,0.1175,71.51391737089201877934272296,71.72,71.16,71.59,72.12,71.78,MODELLED,CONDITIONAL_OPEN_SCENARIO,71.58,71.78,EXIT_ONLY_FROZEN_ENTRIES,C1_T10
MOMENTUM_USDRUBF,MOMENTUM_USDRUBF_000261,MOMENTUM,USDRUBF,2023-02-08 12:30:00,2023-02-08 12:40:00,2023-02-08 12:40:00,2023-02-08 12:45:00,2023-02-08 10:00:00--2023-02-08 14:00:00,LONG,1,71.73,0.0475,71.60493101706113248610625313,71.7,71.56,71.66,71.88,71.74,MODELLED,CONDITIONAL_OPEN_SCENARIO,71.66,71.74,EXIT_ONLY_FROZEN_ENTRIES,C1_T10
MOMENTUM_USDRUBF,MOMENTUM_USDRUBF_000272,MOMENTUM,USDRUBF,2023-02-08 15:55:00,2023-02-08 16:05:00,2023-02-08 16:05:00,2023-02-08 16:10:00,2023-02-08 14:05:00--2023-02-08 18:50:00,LONG,1,72.2,0.08333333333333333333333333333,71.98977929984779299847792999,72.16,71.69,72.08,72.45,72.22,MODELLED,CONDITIONAL_OPEN_SCENARIO,72.03,72.2,EXIT_ONLY_FROZEN_ENTRIES,C1_T10
MOMENTUM_USDRUBF,MOMENTUM_USDRUBF_000275,MOMENTUM,USDRUBF,2023-02-08 17:00:00,2023-02-08 17:10:00,2023-02-08 17:10:00,2023-02-08 17:15:00,2023-02-08 14:05:00--2023-02-08 18:50:00,SHORT,-1,71.96,0.05833333333333333333333333333,72.03774423579748038982647968,72.24,72.03,72.04,71.78,71.95,MODELLED,CONDITIONAL_OPEN_SCENARIO,71.96,72.19,EXIT_ONLY_FROZEN_ENTRIES,C1_T10
MOMENTUM_USDRUBF,MOMENTUM_USDRUBF_000276,MOMENTUM,USDRUBF,2023-02-08 17:40:00,2023-02-08 17:50:00,2023-02-08 17:50:00,2023-02-08 17:55:00,2023-02-08 14:05:00--2023-02-08 18:50:00,LONG,1,72.31,0.0775,72.04945977011494252873563221,72.19,71.93,72.20,72.55,72.32,MODELLED,CONDITIONAL_OPEN_SCENARIO,72.07,72.31,EXIT_ONLY_FROZEN_ENTRIES,C1_T10
MOMENTUM_USDRUBF,MOMENTUM_USDRUBF_000281,MOMENTUM,USDRUBF,2023-02-09 16:00:00,2023-02-09 16:10:00,2023-02-09 16:10:00,2023-02-09 16:15:00,2023-02-09 14:05:00--2023-02-09 18:50:00,LONG,1,72.88,0.05916666666666666666666666667,72.80508136218755242408991779,72.87,72.7,72.80,73.06,72.89,MODELLED,CONDITIONAL_OPEN_SCENARIO,72.78,72.91,EXIT_ONLY_FROZEN_ENTRIES,C1_T10
MOMENTUM_USDRUBF,MOMENTUM_USDRUBF_000282,MOMENTUM,USDRUBF,2023-02-09 16:45:00,2023-02-09 16:55:00,2023-02-09 16:55:00,2023-02-09 17:00:00,2023-02-09 14:05:00--2023-02-09 18:50:00,SHORT,-1,72.73,0.05833333333333333333333333333,72.81296103486354314560656255,72.94,72.78,72.81,72.55,72.72,MODELLED,CONDITIONAL_OPEN_SCENARIO,72.68,72.85,EXIT_ONLY_FROZEN_ENTRIES,C1_T10
MOMENTUM_USDRUBF,MOMENTUM_USDRUBF_000293,MOMENTUM,USDRUBF,2023-02-10 16:15:00,2023-02-10 16:25:00,2023-02-10 16:25:00,2023-02-10 16:30:00,2023-02-10 14:05:00--2023-02-10 18:50:00,SHORT,-1,72.93,0.03916666666666666666666666667,73.02286730360934182590233546,73.07,72.96,72.98,72.81,72.93,MODELLED,CONDITIONAL_OPEN_SCENARIO,72.93,73.07,EXIT_ONLY_FROZEN_ENTRIES,C1_T10
MOMENTUM_USDRUBF,MOMENTUM_USDRUBF_000295,MOMENTUM,USDRUBF,2023-02-10 16:50:00,2023-02-10 17:00:00,2023-02-10 17:00:00,2023-02-10 17:05:00,2023-02-10 14:05:00--2023-02-10 18:50:00,LONG,1,73.13,0.0625,73.01472517134793710522779196,73.07,72.87,73.04,73.32,73.14,MODELLED,CONDITIONAL_OPEN_SCENARIO,72.9,73.13,EXIT_ONLY_FROZEN_ENTRIES,C1_T10
MOMENTUM_USDRUBF,MOMENTUM_USDRUBF_000302,MOMENTUM,USDRUBF,2023-02-13 15:35:00,2023-02-13 15:45:00,2023-02-13 15:45:00,2023-02-13 15:50:00,2023-02-13 14:05:00--2023-02-13 18:50:00,SHORT,-1,73.57,0.04583333333333333333333333333,73.68299922898997686969930605,73.72,73.58,73.63,73.43,73.56,MODELLED,CONDITIONAL_OPEN_SCENARIO,73.57,73.65,EXIT_ONLY_FROZEN_ENTRIES,C1_T10
MOMENTUM_USDRUBF,MOMENTUM_USDRUBF_000327,MOMENTUM,USDRUBF,2023-02-15 16:55:00,2023-02-15 17:05:00,2023-02-15 17:05:00,2023-02-15 17:10:00,2023-02-15 14:05:00--2023-02-15 18:50:00,LONG,1,74.26,0.0425,74.21752868490732568402471317,74.25,74.16,74.20,74.39,74.27,MODELLED,CONDITIONAL_OPEN_SCENARIO,74.19,74.26,EXIT_ONLY_FROZEN_ENTRIES,C1_T10
MOMENTUM_USDRUBF,MOMENTUM_USDRUBF_000330,MOMENTUM,USDRUBF,2023-02-15 17:50:00,2023-02-15 18:00:00,2023-02-15 18:00:00,2023-02-15 18:05:00,2023-02-15 14:05:00--2023-02-15 18:50:00,LONG,1,74.36,0.06583333333333333333333333333,74.22449312937516204303863107,74.32,74.07,74.27,74.56,74.37,MODELLED,CONDITIONAL_OPEN_SCENARIO,74.26,74.36,EXIT_ONLY_FROZEN_ENTRIES,C1_T10
MOMENTUM_USDRUBF,MOMENTUM_USDRUBF_000337,MOMENTUM,USDRUBF,2023-02-17 11:35:00,2023-02-17 11:45:00,2023-02-17 11:45:00,2023-02-17 11:50:00,2023-02-17 10:00:00--2023-02-17 14:00:00,SHORT,-1,74.63,0.07833333333333333333333333333,74.85374261189818527428792065,74.94,74.65,74.74,74.39,74.62,MODELLED,CONDITIONAL_OPEN_SCENARIO,74.62,74.76,EXIT_ONLY_FROZEN_ENTRIES,C1_T10
MOMENTUM_USDRUBF,MOMENTUM_USDRUBF_000345,MOMENTUM,USDRUBF,2023-02-17 17:15:00,2023-02-17 17:25:00,2023-02-17 17:25:00,2023-02-17 17:30:00,2023-02-17 14:05:00--2023-02-17 18:50:00,LONG,1,74.11,0.1125,74.18464236080309884975901120,74.1,73.81,73.95,74.45,74.13,MODELLED,CONDITIONAL_OPEN_SCENARIO,73.98,74.12,EXIT_ONLY_FROZEN_ENTRIES,C1_T10
MOMENTUM_USDRUBF,MOMENTUM_USDRUBF_000356,MOMENTUM,USDRUBF,2023-02-20 15:10:00,2023-02-20 15:20:00,2023-02-20 15:20:00,2023-02-20 15:25:00,2023-02-20 14:05:00--2023-02-20 18:50:00,SHORT,-1,74.04,0.0775,74.19356220120028481334553961,74.34,74.14,74.15,73.80,74.03,MODELLED,CONDITIONAL_OPEN_SCENARIO,74,74.23,EXIT_ONLY_FROZEN_ENTRIES,C1_T10
MOMENTUM_USDRUBF,MOMENTUM_USDRUBF_000358,MOMENTUM,USDRUBF,2023-02-20 16:10:00,2023-02-20 16:20:00,2023-02-20 16:20:00,2023-02-20 16:25:00,2023-02-20 14:05:00--2023-02-20 18:50:00,LONG,1,74.24,0.1125,74.11235114503816793893129769,74.16,73.84,74.08,74.58,74.26,MODELLED,CONDITIONAL_OPEN_SCENARIO,74.07,74.24,EXIT_ONLY_FROZEN_ENTRIES,C1_T10
MOMENTUM_USDRUBF,MOMENTUM_USDRUBF_000364,MOMENTUM,USDRUBF,2023-02-21 11:05:00,2023-02-21 11:15:00,2023-02-21 11:15:00,2023-02-21 11:20:00,2023-02-21 10:00:00--2023-02-21 14:00:00,SHORT,-1,74.68,0.09166666666666666666666666667,74.79501715854495538778311598,74.98,74.69,74.81,74.40,74.66,MODELLED,CONDITIONAL_OPEN_SCENARIO,74.67,74.87,EXIT_ONLY_FROZEN_ENTRIES,C1_T10
MOMENTUM_USDRUBF,MOMENTUM_USDRUBF_000366,MOMENTUM,USDRUBF,2023-02-21 12:10:00,2023-02-21 12:20:00,2023-02-21 12:20:00,2023-02-21 12:25:00,2023-02-21 10:00:00--2023-02-21 14:00:00,LONG,1,74.88,0.06,74.78278407700464964515865894,74.87,74.59,74.79,75.06,74.89,MODELLED,CONDITIONAL_OPEN_SCENARIO,74.75,74.89,EXIT_ONLY_FROZEN_ENTRIES,C1_T10
MOMENTUM_USDRUBF,MOMENTUM_USDRUBF_000372,MOMENTUM,USDRUBF,2023-02-21 15:35:00,2023-02-21 15:45:00,2023-02-21 15:45:00,2023-02-21 15:50:00,2023-02-21 14:05:00--2023-02-21 18:50:00,LONG,1,74.94,0.09833333333333333333333333333,74.67658419639432297660145761,74.88,74.46,74.80,75.24,74.96,MODELLED,CONDITIONAL_OPEN_SCENARIO,74.6,74.95,EXIT_ONLY_FROZEN_ENTRIES,C1_T10
MOMENTUM_USDRUBF,MOMENTUM_USDRUBF_000373,MOMENTUM,USDRUBF,2023-02-21 16:45:00,2023-02-21 16:55:00,2023-02-21 16:55:00,2023-02-21 17:00:00,2023-02-21 14:05:00--2023-02-21 18:50:00,SHORT,-1,74.6,0.06666666666666666666666666667,74.73421873858072060220711833,74.96,74.68,74.70,74.40,74.59,MODELLED,CONDITIONAL_OPEN_SCENARIO,74.59,74.77,EXIT_ONLY_FROZEN_ENTRIES,C1_T10
MOMENTUM_USDRUBF,MOMENTUM_USDRUBF_000374,MOMENTUM,USDRUBF,2023-02-21 17:55:00,2023-02-21 18:05:00,2023-02-21 18:05:00,2023-02-21 18:10:00,2023-02-21 14:05:00--2023-02-21 18:50:00,LONG,1,74.78,0.08333333333333333333333333333,74.72091052730242896548030315,74.76,74.57,74.66,75.03,74.80,MODELLED,CONDITIONAL_OPEN_SCENARIO,74.64,74.84,EXIT_ONLY_FROZEN_ENTRIES,C1_T10
MOMENTUM_USDRUBF,MOMENTUM_USDRUBF_000379,MOMENTUM,USDRUBF,2023-02-22 11:40:00,2023-02-22 11:50:00,2023-02-22 11:50:00,2023-02-22 11:55:00,2023-02-22 10:00:00--2023-02-22 14:00:00,LONG,1,74.59,0.07666666666666666666666666667,74.49210537011634405324391608,74.53,74.33,74.48,74.82,74.60,MODELLED,CONDITIONAL_OPEN_SCENARIO,74.35,74.59,EXIT_ONLY_FROZEN_ENTRIES,C1_T10
MOMENTUM_USDRUBF,MOMENTUM_USDRUBF_000390,MOMENTUM,USDRUBF,2023-02-22 17:50:00,2023-02-22 18:00:00,2023-02-22 18:00:00,2023-02-22 18:05:00,2023-02-22 14:05:00--2023-02-22 18:50:00,LONG,1,75.06,0.05416666666666666666666666667,74.89083513526500408437845373,75,74.76,74.98,75.23,75.07,MODELLED,CONDITIONAL_OPEN_SCENARIO,74.91,75.08,EXIT_ONLY_FROZEN_ENTRIES,C1_T10
MOMENTUM_USDRUBF,MOMENTUM_USDRUBF_000394,MOMENTUM,USDRUBF,2023-02-24 11:55:00,2023-02-24 12:05:00,2023-02-24 12:05:00,2023-02-24 12:10:00,2023-02-24 10:00:00--2023-02-24 14:00:00,LONG,1,75.27,0.09166666666666666666666666667,74.98635773165525870317214981,75.26,74.8,75.14,75.55,75.29,MODELLED,CONDITIONAL_OPEN_SCENARIO,75.15,75.3,EXIT_ONLY_FROZEN_ENTRIES,C1_T10
MOMENTUM_USDRUBF,MOMENTUM_USDRUBF_000404,MOMENTUM,USDRUBF,2023-02-24 16:35:00,2023-02-24 16:45:00,2023-02-24 16:45:00,2023-02-24 16:50:00,2023-02-24 14:05:00--2023-02-24 18:50:00,LONG,1,76.18,0.08833333333333333333333333333,76.10543926274748088510810671,76.17,75.88,76.05,76.45,76.20,MODELLED,CONDITIONAL_OPEN_SCENARIO,76,76.18,EXIT_ONLY_FROZEN_ENTRIES,C1_T10
MOMENTUM_USDRUBF,MOMENTUM_USDRUBF_000406,MOMENTUM,USDRUBF,2023-02-27 12:10:00,2023-02-27 12:20:00,2023-02-27 12:20:00,2023-02-27 12:25:00,2023-02-27 10:00:00--2023-02-27 14:00:00,LONG,1,75.5,0.05666666666666666666666666667,75.42360012946779488602210201,75.48,75.32,75.42,75.67,75.51,MODELLED,CONDITIONAL_OPEN_SCENARIO,75.42,75.5,EXIT_ONLY_FROZEN_ENTRIES,C1_T10
MOMENTUM_USDRUBF,MOMENTUM_USDRUBF_000410,MOMENTUM,USDRUBF,2023-02-27 15:55:00,2023-02-27 16:05:00,2023-02-27 16:05:00,2023-02-27 16:10:00,2023-02-27 14:05:00--2023-02-27 18:50:00,SHORT,-1,74.66,0.07666666666666666666666666667,74.91244776467841718221080891,74.97,74.83,74.77,74.43,74.65,MODELLED,CONDITIONAL_OPEN_SCENARIO,74.66,74.96,EXIT_ONLY_FROZEN_ENTRIES,C1_T10
MOMENTUM_USDRUBF,MOMENTUM_USDRUBF_000413,MOMENTUM,USDRUBF,2023-02-27 17:55:00,2023-02-27 18:05:00,2023-02-27 18:05:00,2023-02-27 18:10:00,2023-02-27 14:05:00--2023-02-27 18:50:00,LONG,1,74.82,0.1125,74.71595230367382266116443325,74.75,74.46,74.66,75.16,74.84,MODELLED,CONDITIONAL_OPEN_SCENARIO,74.61,74.82,EXIT_ONLY_FROZEN_ENTRIES,C1_T10
MOMENTUM_USDRUBF,MOMENTUM_USDRUBF_000417,MOMENTUM,USDRUBF,2023-02-28 12:15:00,2023-02-28 12:25:00,2023-02-28 12:25:00,2023-02-28 12:30:00,2023-02-28 10:00:00--2023-02-28 14:00:00,SHORT,-1,74.4,0.04833333333333333333333333333,74.63820776777998068222256113,74.74,74.45,74.47,74.25,74.39,MODELLED,CONDITIONAL_OPEN_SCENARIO,74.39,74.55,EXIT_ONLY_FROZEN_ENTRIES,C1_T10
MOMENTUM_USDRUBF,MOMENTUM_USDRUBF_000423,MOMENTUM,USDRUBF,2023-02-28 18:00:00,2023-02-28 18:10:00,2023-02-28 18:10:00,2023-02-28 18:15:00,2023-02-28 14:05:00--2023-02-28 18:50:00,LONG,1,75.05,0.06416666666666666666666666667,74.88686650992685475444096132,74.97,74.81,74.96,75.25,75.06,MODELLED,CONDITIONAL_OPEN_SCENARIO,74.87,75.08,EXIT_ONLY_FROZEN_ENTRIES,C1_T10
MOMENTUM_USDRUBF,MOMENTUM_USDRUBF_000424,MOMENTUM,USDRUBF,2023-03-01 11:10:00,2023-03-01 11:20:00,2023-03-01 11:20:00,2023-03-01 11:25:00,2023-03-01 10:00:00--2023-03-01 14:00:00,LONG,1,75.19,0.05166666666666666666666666667,75.08094098360655737704918030,75.18,75.03,75.12,75.35,75.20,MODELLED,CONDITIONAL_OPEN_SCENARIO,75.09,75.19,EXIT_ONLY_FROZEN_ENTRIES,C1_T10
MOMENTUM_USDRUBF,MOMENTUM_USDRUBF_000429,MOMENTUM,USDRUBF,2023-03-01 16:15:00,2023-03-01 16:25:00,2023-03-01 16:25:00,2023-03-01 16:30:00,2023-03-01 14:05:00--2023-03-01 18:50:00,SHORT,-1,74.99,0.065,75.12278365400758873107014538,75.18,75.03,75.08,74.79,74.98,MODELLED,CONDITIONAL_OPEN_SCENARIO,74.99,75.13,EXIT_ONLY_FROZEN_ENTRIES,C1_T10
MOMENTUM_USDRUBF,MOMENTUM_USDRUBF_000431,MOMENTUM,USDRUBF,2023-03-01 18:00:00,2023-03-01 18:10:00,2023-03-01 18:10:00,2023-03-01 18:15:00,2023-03-01 14:05:00--2023-03-01 18:50:00,LONG,1,75.06,0.065,75.07000436598329536826119966,75.05,74.86,74.97,75.26,75.07,MODELLED,CONDITIONAL_OPEN_SCENARIO,74.94,75.09,EXIT_ONLY_FROZEN_ENTRIES,C1_T10
MOMENTUM_USDRUBF,MOMENTUM_USDRUBF_000434,MOMENTUM,USDRUBF,2023-03-02 11:25:00,2023-03-02 11:35:00,2023-03-02 11:35:00,2023-03-02 11:40:00,2023-03-02 10:00:00--2023-03-02 14:00:00,SHORT,-1,75.3,0.0525,75.44548050901134335233488801,75.53,75.37,75.37,75.14,75.29,MODELLED,CONDITIONAL_OPEN_SCENARIO,75.28,75.47,EXIT_ONLY_FROZEN_ENTRIES,C1_T10
MOMENTUM_USDRUBF,MOMENTUM_USDRUBF_000435,MOMENTUM,USDRUBF,2023-03-02 13:10:00,2023-03-02 13:20:00,2023-03-02 13:20:00,2023-03-02 13:25:00,2023-03-02 10:00:00--2023-03-02 14:00:00,LONG,1,75.5,0.0475,75.43397848532041298955990080,75.48,75.37,75.43,75.65,75.51,MODELLED,CONDITIONAL_OPEN_SCENARIO,75.37,75.54,EXIT_ONLY_FROZEN_ENTRIES,C1_T10
MOMENTUM_USDRUBF,MOMENTUM_USDRUBF_000442,MOMENTUM,USDRUBF,2023-03-03 11:25:00,2023-03-03 11:35:00,2023-03-03 11:35:00,2023-03-03 11:40:00,2023-03-03 10:00:00--2023-03-03 14:00:00,SHORT,-1,75.29,0.06,75.45858196984279756175810072,75.6,75.32,75.38,75.11,75.28,MODELLED,CONDITIONAL_OPEN_SCENARIO,75.29,75.38,EXIT_ONLY_FROZEN_ENTRIES,C1_T10
MOMENTUM_USDRUBF,MOMENTUM_USDRUBF_000445,MOMENTUM,USDRUBF,2023-03-03 13:00:00,2023-03-03 13:10:00,2023-03-03 13:10:00,2023-03-03 13:15:00,2023-03-03 10:00:00--2023-03-03 14:00:00,LONG,1,75.38,0.05333333333333333333333333333,75.35258536876323402224806894,75.36,75.2,75.30,75.54,75.39,MODELLED,CONDITIONAL_OPEN_SCENARIO,75.28,75.4,EXIT_ONLY_FROZEN_ENTRIES,C1_T10
MOMENTUM_USDRUBF,MOMENTUM_USDRUBF_000448,MOMENTUM,USDRUBF,2023-03-03 15:45:00,2023-03-03 15:55:00,2023-03-03 15:55:00,2023-03-03 16:00:00,2023-03-03 14:05:00--2023-03-03 18:50:00,LONG,1,75.39,0.0325,75.35186915887850467289719621,75.38,75.27,75.35,75.49,75.39,MODELLED,CONDITIONAL_OPEN_SCENARIO,75.36,75.39,EXIT_ONLY_FROZEN_ENTRIES,C1_T10
MOMENTUM_USDRUBF,MOMENTUM_USDRUBF_000457,MOMENTUM,USDRUBF,2023-03-06 12:35:00,2023-03-06 12:45:00,2023-03-06 12:45:00,2023-03-06 12:50:00,2023-03-06 10:00:00--2023-03-06 14:00:00,SHORT,-1,75.18,0.05833333333333333333333333333,75.48500692520775623268698059,75.43,75.21,75.26,75.00,75.17,MODELLED,CONDITIONAL_OPEN_SCENARIO,75.18,75.32,EXIT_ONLY_FROZEN_ENTRIES,C1_T10
MOMENTUM_USDRUBF,MOMENTUM_USDRUBF_000461,MOMENTUM,USDRUBF,2023-03-06 16:35:00,2023-03-06 16:45:00,2023-03-06 16:45:00,2023-03-06 16:50:00,2023-03-06 14:05:00--2023-03-06 18:50:00,SHORT,-1,75.26,0.05,75.37266794014645017510347025,75.49,75.31,75.33,75.11,75.25,MODELLED,CONDITIONAL_OPEN_SCENARIO,75.25,75.41,EXIT_ONLY_FROZEN_ENTRIES,C1_T10
MOMENTUM_USDRUBF,MOMENTUM_USDRUBF_000462,MOMENTUM,USDRUBF,2023-03-07 15:30:00,2023-03-07 15:40:00,2023-03-07 15:40:00,2023-03-07 15:45:00,2023-03-07 14:05:00--2023-03-07 18:50:00,LONG,1,75.59,0.02833333333333333333333333333,75.48354660347551342812006321,75.52,75.42,75.55,75.68,75.59,MODELLED,CONDITIONAL_OPEN_SCENARIO,75.5,75.6,EXIT_ONLY_FROZEN_ENTRIES,C1_T10
MOMENTUM_USDRUBF,MOMENTUM_USDRUBF_000470,MOMENTUM,USDRUBF,2023-03-09 15:10:00,2023-03-09 15:20:00,2023-03-09 15:20:00,2023-03-09 15:25:00,2023-03-09 14:05:00--2023-03-09 18:50:00,SHORT,-1,75.69,0.04083333333333333333333333333,75.76290246421720525306182674,75.82,75.7,75.75,75.56,75.68,MODELLED,CONDITIONAL_OPEN_SCENARIO,75.69,75.72,EXIT_ONLY_FROZEN_ENTRIES,C1_T10
MOMENTUM_USDRUBF,MOMENTUM_USDRUBF_000472,MOMENTUM,USDRUBF,2023-03-09 16:30:00,2023-03-09 16:40:00,2023-03-09 16:40:00,2023-03-09 16:45:00,2023-03-09 14:05:00--2023-03-09 18:50:00,SHORT,-1,75.68,0.03666666666666666666666666667,75.75253383695310040919106074,75.83,75.72,75.73,75.57,75.68,MODELLED,CONDITIONAL_OPEN_SCENARIO,75.66,75.8,EXIT_ONLY_FROZEN_ENTRIES,C1_T10
MOMENTUM_USDRUBF,MOMENTUM_USDRUBF_000475,MOMENTUM,USDRUBF,2023-03-10 15:25:00,2023-03-10 15:35:00,2023-03-10 15:35:00,2023-03-10 15:40:00,2023-03-10 14:05:00--2023-03-10 18:50:00,LONG,1,76.08,0.03166666666666666666666666667,76.02398162868751104045221696,76.06,75.98,76.04,76.18,76.08,MODELLED,CONDITIONAL_OPEN_SCENARIO,76.02,76.08,EXIT_ONLY_FROZEN_ENTRIES,C1_T10
MOMENTUM_USDRUBF,MOMENTUM_USDRUBF_000483,MOMENTUM,USDRUBF,2023-03-13 15:45:00,2023-03-13 15:55:00,2023-03-13 15:55:00,2023-03-13 16:00:00,2023-03-13 14:15:00--2023-03-13 18:50:00,SHORT,-1,75.15,0.07833333333333333333333333333,75.22811465513884020718931340,75.5,75.19,75.26,74.91,75.14,MODELLED,CONDITIONAL_OPEN_SCENARIO,75.13,75.36,EXIT_ONLY_FROZEN_ENTRIES,C1_T10
MOMENTUM_USDRUBF,MOMENTUM_USDRUBF_000484,MOMENTUM,USDRUBF,2023-03-13 16:50:00,2023-03-13 17:00:00,2023-03-13 17:00:00,2023-03-13 17:05:00,2023-03-13 14:15:00--2023-03-13 18:50:00,SHORT,-1,75.13,0.0475,75.22633964566093783152981117,75.33,75.15,75.20,74.98,75.12,MODELLED,CONDITIONAL_OPEN_SCENARIO,75.08,75.26,EXIT_ONLY_FROZEN_ENTRIES,C1_T10
MOMENTUM_USDRUBF,MOMENTUM_USDRUBF_000485,MOMENTUM,USDRUBF,2023-03-13 17:55:00,2023-03-13 18:05:00,2023-03-13 18:05:00,2023-03-13 18:10:00,2023-03-13 14:15:00--2023-03-13 18:50:00,SHORT,-1,75.03,0.06083333333333333333333333333,75.20326150851581508515815089,75.25,75.07,75.12,74.84,75.02,MODELLED,CONDITIONAL_OPEN_SCENARIO,75.03,75.21,EXIT_ONLY_FROZEN_ENTRIES,C1_T10
MOMENTUM_USDRUBF,MOMENTUM_USDRUBF_000489,MOMENTUM,USDRUBF,2023-03-14 11:30:00,2023-03-14 11:40:00,2023-03-14 11:40:00,2023-03-14 11:45:00,2023-03-14 10:00:00--2023-03-14 14:00:00,SHORT,-1,75.05,0.03916666666666666666666666667,75.19875506298126140561712735,75.32,75.06,75.10,74.93,75.05,MODELLED,CONDITIONAL_OPEN_SCENARIO,75.01,75.15,EXIT_ONLY_FROZEN_ENTRIES,C1_T10
MOMENTUM_USDRUBF,MOMENTUM_USDRUBF_000493,MOMENTUM,USDRUBF,2023-03-14 12:35:00,2023-03-14 12:45:00,2023-03-14 12:45:00,2023-03-14 12:50:00,2023-03-14 10:00:00--2023-03-14 14:00:00,LONG,1,75.34,0.05583333333333333333333333333,75.19599251289794891153894552,75.31,75.05,75.26,75.51,75.35,MODELLED,CONDITIONAL_OPEN_SCENARIO,75.2,75.34,EXIT_ONLY_FROZEN_ENTRIES,C1_T10
MOMENTUM_USDRUBF,MOMENTUM_USDRUBF_000499,MOMENTUM,USDRUBF,2023-03-14 18:00:00,2023-03-14 18:10:00,2023-03-14 18:10:00,2023-03-14 18:15:00,2023-03-14 14:15:00--2023-03-14 18:50:00,LONG,1,75.34,0.035,75.31805570627599927654187014,75.33,75.2,75.29,75.45,75.34,MODELLED,CONDITIONAL_OPEN_SCENARIO,75.22,75.37,EXIT_ONLY_FROZEN_ENTRIES,C1_T10
MOMENTUM_USDRUBF,MOMENTUM_USDRUBF_000504,MOMENTUM,USDRUBF,2023-03-15 15:50:00,2023-03-15 16:00:00,2023-03-15 16:00:00,2023-03-15 16:05:00,2023-03-15 14:15:00--2023-03-15 18:50:00,LONG,1,76.12,0.04333333333333333333333333333,76.00338428048724005372608955,76.1,75.96,76.06,76.25,76.13,MODELLED,CONDITIONAL_OPEN_SCENARIO,76,76.12,EXIT_ONLY_FROZEN_ENTRIES,C1_T10
MOMENTUM_USDRUBF,MOMENTUM_USDRUBF_000506,MOMENTUM,USDRUBF,2023-03-15 16:50:00,2023-03-15 17:00:00,2023-03-15 17:00:00,2023-03-15 17:05:00,2023-03-15 14:15:00--2023-03-15 18:50:00,SHORT,-1,75.91,0.06666666666666666666666666667,76.01662819260706146970907690,76.2,75.95,76.01,75.71,75.90,MODELLED,CONDITIONAL_OPEN_SCENARIO,75.91,76.01,EXIT_ONLY_FROZEN_ENTRIES,C1_T10
MOMENTUM_USDRUBF,MOMENTUM_USDRUBF_000508,MOMENTUM,USDRUBF,2023-03-15 17:40:00,2023-03-15 17:50:00,2023-03-15 17:50:00,2023-03-15 17:55:00,2023-03-15 14:15:00--2023-03-15 18:50:00,LONG,1,76.1,0.05,76.00283657361878104748215947,76.03,75.87,76.03,76.25,76.11,MODELLED,CONDITIONAL_OPEN_SCENARIO,75.89,76.1,EXIT_ONLY_FROZEN_ENTRIES,C1_T10
MOMENTUM_USDRUBF,MOMENTUM_USDRUBF_000515,MOMENTUM,USDRUBF,2023-03-16 16:30:00,2023-03-16 16:40:00,2023-03-16 16:40:00,2023-03-16 16:45:00,2023-03-16 14:15:00--2023-03-16 18:50:00,LONG,1,76.44,0.06166666666666666666666666667,76.31914618806565424144807485,76.42,76.3,76.35,76.63,76.45,MODELLED,CONDITIONAL_OPEN_SCENARIO,76.3,76.45,EXIT_ONLY_FROZEN_ENTRIES,C1_T10
MOMENTUM_USDRUBF,MOMENTUM_USDRUBF_000520,MOMENTUM,USDRUBF,2023-03-16 17:45:00,2023-03-16 17:55:00,2023-03-16 17:55:00,2023-03-16 18:00:00,2023-03-16 14:15:00--2023-03-16 18:50:00,LONG,1,76.88,0.09,76.51896498326589739747240117,76.87,76.39,76.75,77.15,76.90,MODELLED,CONDITIONAL_OPEN_SCENARIO,76.76,76.91,EXIT_ONLY_FROZEN_ENTRIES,C1_T10
MOMENTUM_USDRUBF,MOMENTUM_USDRUBF_000521,MOMENTUM,USDRUBF,2023-03-17 11:05:00,2023-03-17 11:15:00,2023-03-17 11:15:00,2023-03-17 11:20:00,2023-03-17 10:00:00--2023-03-17 14:00:00,LONG,1,76.68,0.05833333333333333333333333333,76.54431764542551714563376371,76.6,76.43,76.60,76.86,76.69,MODELLED,CONDITIONAL_OPEN_SCENARIO,76.52,76.68,EXIT_ONLY_FROZEN_ENTRIES,C1_T10
MOMENTUM_USDRUBF,MOMENTUM_USDRUBF_000524,MOMENTUM,USDRUBF,2023-03-17 13:10:00,2023-03-17 13:20:00,2023-03-17 13:20:00,2023-03-17 13:25:00,2023-03-17 10:00:00--2023-03-17 14:00:00,LONG,1,76.76,0.06,76.58111636621198619964813668,76.69,76.52,76.67,76.94,76.77,MODELLED,CONDITIONAL_OPEN_SCENARIO,76.62,76.76,EXIT_ONLY_FROZEN_ENTRIES,C1_T10
MOMENTUM_USDRUBF,MOMENTUM_USDRUBF_000525,MOMENTUM,USDRUBF,2023-03-17 15:50:00,2023-03-17 16:00:00,2023-03-17 16:00:00,2023-03-17 16:05:00,2023-03-17 14:15:00--2023-03-17 18:50:00,LONG,1,76.97,0.03833333333333333333333333333,76.85132722744436410380011248,76.93,76.82,76.92,77.09,76.97,MODELLED,CONDITIONAL_OPEN_SCENARIO,76.86,76.97,EXIT_ONLY_FROZEN_ENTRIES,C1_T10
MOMENTUM_USDRUBF,MOMENTUM_USDRUBF_000531,MOMENTUM,USDRUBF,2023-03-20 11:45:00,2023-03-20 11:55:00,2023-03-20 11:55:00,2023-03-20 12:00:00,2023-03-20 10:00:00--2023-03-20 14:00:00,SHORT,-1,77.52,0.08083333333333333333333333333,77.51858089719954349925379685,77.82,77.53,77.64,77.27,77.50,MODELLED,CONDITIONAL_OPEN_SCENARIO,77.46,77.6,EXIT_ONLY_FROZEN_ENTRIES,C1_T10
MOMENTUM_USDRUBF,MOMENTUM_USDRUBF_000537,MOMENTUM,USDRUBF,2023-03-20 15:20:00,2023-03-20 15:30:00,2023-03-20 15:30:00,2023-03-20 15:35:00,2023-03-20 14:15:00--2023-03-20 18:50:00,SHORT,-1,76.9,0.04583333333333333333333333333,77.04265945236924085915723891,77.16,76.96,76.96,76.76,76.89,MODELLED,CONDITIONAL_OPEN_SCENARIO,76.86,77,EXIT_ONLY_FROZEN_ENTRIES,C1_T10
MOMENTUM_USDRUBF,MOMENTUM_USDRUBF_000544,MOMENTUM,USDRUBF,2023-03-21 12:15:00,2023-03-21 12:25:00,2023-03-21 12:25:00,2023-03-21 12:30:00,2023-03-21 10:00:00--2023-03-21 14:00:00,SHORT,-1,76.83,0.04416666666666666666666666667,76.96364495994037637413825226,77.06,76.87,76.89,76.69,76.82,MODELLED,CONDITIONAL_OPEN_SCENARIO,76.79,76.93,EXIT_ONLY_FROZEN_ENTRIES,C1_T10
MOMENTUM_USDRUBF,MOMENTUM_USDRUBF_000549,MOMENTUM,USDRUBF,2023-03-21 16:05:00,2023-03-21 16:15:00,2023-03-21 16:15:00,2023-03-21 16:20:00,2023-03-21 14:05:00--2023-03-21 18:50:00,SHORT,-1,76.68,0.09333333333333333333333333333,76.83990196078431372549019604,76.93,76.7,76.82,76.40,76.66,MODELLED,CONDITIONAL_OPEN_SCENARIO,76.68,76.91,EXIT_ONLY_FROZEN_ENTRIES,C1_T10
MOMENTUM_USDRUBF,MOMENTUM_USDRUBF_000553,MOMENTUM,USDRUBF,2023-03-22 11:15:00,2023-03-22 11:25:00,2023-03-22 11:25:00,2023-03-22 11:30:00,2023-03-22 10:00:00--2023-03-22 14:00:00,LONG,1,77.18,0.09166666666666666666666666667,76.99950921773791728948679621,77.15,76.83,77.05,77.46,77.20,MODELLED,CONDITIONAL_OPEN_SCENARIO,77.03,77.19,EXIT_ONLY_FROZEN_ENTRIES,C1_T10
MOMENTUM_USDRUBF,MOMENTUM_USDRUBF_000560,MOMENTUM,USDRUBF,2023-03-22 16:30:00,2023-03-22 16:40:00,2023-03-22 16:40:00,2023-03-22 16:45:00,2023-03-22 14:05:00--2023-03-22 18:50:00,LONG,1,77.19,0.04666666666666666666666666667,77.06575126768081131571924206,77.18,76.99,77.12,77.33,77.20,MODELLED,CONDITIONAL_OPEN_SCENARIO,77.09,77.19,EXIT_ONLY_FROZEN_ENTRIES,C1_T10
MOMENTUM_USDRUBF,MOMENTUM_USDRUBF_000565,MOMENTUM,USDRUBF,2023-03-23 11:40:00,2023-03-23 11:50:00,2023-03-23 11:50:00,2023-03-23 11:55:00,2023-03-23 10:00:00--2023-03-23 14:00:00,SHORT,-1,76.48,0.05416666666666666666666666667,76.62365569861707200762994757,76.74,76.54,76.56,76.31,76.47,MODELLED,CONDITIONAL_OPEN_SCENARIO,76.46,76.6,EXIT_ONLY_FROZEN_ENTRIES,C1_T10
MOMENTUM_USDRUBF,MOMENTUM_USDRUBF_000568,MOMENTUM,USDRUBF,2023-03-23 18:00:00,2023-03-23 18:10:00,2023-03-23 18:10:00,2023-03-23 18:15:00,2023-03-23 14:05:00--2023-03-23 18:50:00,LONG,1,76.15,0.0625,76.05253450324467598939767843,76.13,75.95,76.06,76.34,76.16,MODELLED,CONDITIONAL_OPEN_SCENARIO,76.05,76.16,EXIT_ONLY_FROZEN_ENTRIES,C1_T10
MOMENTUM_USDRUBF,MOMENTUM_USDRUBF_000573,MOMENTUM,USDRUBF,2023-03-24 16:00:00,2023-03-24 16:10:00,2023-03-24 16:10:00,2023-03-24 16:15:00,2023-03-24 14:05:00--2023-03-24 18:50:00,LONG,1,76.81,0.045,76.70289664130636481722026349,76.8,76.64,76.75,76.95,76.82,MODELLED,CONDITIONAL_OPEN_SCENARIO,76.76,76.81,EXIT_ONLY_FROZEN_ENTRIES,C1_T10
MOMENTUM_USDRUBF,MOMENTUM_USDRUBF_000575,MOMENTUM,USDRUBF,2023-03-24 16:55:00,2023-03-24 17:05:00,2023-03-24 17:05:00,2023-03-24 17:10:00,2023-03-24 14:05:00--2023-03-24 18:50:00,SHORT,-1,76.75,0.0575,76.72037408407250289240262244,76.86,76.76,76.83,76.57,76.74,MODELLED,CONDITIONAL_OPEN_SCENARIO,76.74,76.84,EXIT_ONLY_FROZEN_ENTRIES,C1_T10
MOMENTUM_USDRUBF,MOMENTUM_USDRUBF_000576,MOMENTUM,USDRUBF,2023-03-24 17:15:00,2023-03-24 17:25:00,2023-03-24 17:25:00,2023-03-24 17:30:00,2023-03-24 14:05:00--2023-03-24 18:50:00,LONG,1,76.9,0.06166666666666666666666666667,76.72635439520257422846277607,76.86,76.74,76.81,77.09,76.91,MODELLED,CONDITIONAL_OPEN_SCENARIO,76.75,76.9,EXIT_ONLY_FROZEN_ENTRIES,C1_T10
MOMENTUM_USDRUBF,MOMENTUM_USDRUBF_000588,MOMENTUM,USDRUBF,2023-03-28 15:20:00,2023-03-28 15:30:00,2023-03-28 15:30:00,2023-03-28 15:35:00,2023-03-28 14:05:00--2023-03-28 18:50:00,LONG,1,76.68,0.02333333333333333333333333333,76.64310142711518858307849136,76.67,76.61,76.65,76.75,76.68,MODELLED,CONDITIONAL_OPEN_SCENARIO,76.62,76.68,EXIT_ONLY_FROZEN_ENTRIES,C1_T10
MOMENTUM_USDRUBF,MOMENTUM_USDRUBF_000593,MOMENTUM,USDRUBF,2023-03-28 17:40:00,2023-03-28 17:50:00,2023-03-28 17:50:00,2023-03-28 17:55:00,2023-03-28 14:05:00--2023-03-28 18:50:00,LONG,1,76.95,0.06166666666666666666666666667,76.91658758842245080777190869,76.94,76.79,76.86,77.14,76.96,MODELLED,CONDITIONAL_OPEN_SCENARIO,76.85,76.96,EXIT_ONLY_FROZEN_ENTRIES,C1_T10
MOMENTUM_USDRUBF,MOMENTUM_USDRUBF_000612,MOMENTUM,USDRUBF,2023-03-31 16:50:00,2023-03-31 17:00:00,2023-03-31 17:00:00,2023-03-31 17:05:00,2023-03-31 14:05:00--2023-03-31 18:50:00,SHORT,-1,77.65,0.1016666666666666666666666667,77.74708123791102514506769824,77.98,77.68,77.80,77.34,77.63,MODELLED,CONDITIONAL_OPEN_SCENARIO,77.63,77.78,EXIT_ONLY_FROZEN_ENTRIES,C1_T10
MOMENTUM_USDRUBF,MOMENTUM_USDRUBF_000615,MOMENTUM,USDRUBF,2023-04-03 11:40:00,2023-04-03 11:50:00,2023-04-03 11:50:00,2023-04-03 11:55:00,2023-04-03 10:00:00--2023-04-03 14:00:00,LONG,1,77.89,0.05416666666666666666666666667,77.67246270437999761308031987,77.83,77.64,77.81,78.06,77.90,MODELLED,CONDITIONAL_OPEN_SCENARIO,77.74,77.89,EXIT_ONLY_FROZEN_ENTRIES,C1_T10
MOMENTUM_USDRUBF,MOMENTUM_USDRUBF_000616,MOMENTUM,USDRUBF,2023-04-03 12:15:00,2023-04-03 12:25:00,2023-04-03 12:25:00,2023-04-03 12:30:00,2023-04-03 10:00:00--2023-04-03 14:00:00,LONG,1,77.92,0.05166666666666666666666666667,77.69527402284396940165566386,77.9,77.69,77.85,78.08,77.93,MODELLED,CONDITIONAL_OPEN_SCENARIO,77.78,77.93,EXIT_ONLY_FROZEN_ENTRIES,C1_T10
MOMENTUM_USDRUBF,MOMENTUM_USDRUBF_000624,MOMENTUM,USDRUBF,2023-04-03 15:35:00,2023-04-03 15:45:00,2023-04-03 15:45:00,2023-04-03 15:50:00,2023-04-03 14:05:00--2023-04-03 18:50:00,LONG,1,78.58,0.0825,78.35696305196755782517272448,78.57,78.23,78.46,78.83,78.60,MODELLED,CONDITIONAL_OPEN_SCENARIO,78.39,78.58,EXIT_ONLY_FROZEN_ENTRIES,C1_T10
MOMENTUM_USDRUBF,MOMENTUM_USDRUBF_000626,MOMENTUM,USDRUBF,2023-04-03 17:50:00,2023-04-03 18:00:00,2023-04-03 18:00:00,2023-04-03 18:05:00,2023-04-03 14:05:00--2023-04-03 18:50:00,LONG,1,78.72,0.05,78.45042821415811769509518702,78.6,78.42,78.65,78.87,78.73,MODELLED,CONDITIONAL_OPEN_SCENARIO,78.55,78.72,EXIT_ONLY_FROZEN_ENTRIES,C1_T10
MOMENTUM_USDRUBF,MOMENTUM_USDRUBF_000632,MOMENTUM,USDRUBF,2023-04-04 11:35:00,2023-04-04 11:45:00,2023-04-04 11:45:00,2023-04-04 11:50:00,2023-04-04 10:00:00--2023-04-04 14:00:00,SHORT,-1,79.3,0.08916666666666666666666666667,79.46366977931661595495400973,79.62,79.31,79.43,79.03,79.28,MODELLED,CONDITIONAL_OPEN_SCENARIO,79.29,79.48,EXIT_ONLY_FROZEN_ENTRIES,C1_T10
MOMENTUM_USDRUBF,MOMENTUM_USDRUBF_000633,MOMENTUM,USDRUBF,2023-04-04 13:00:00,2023-04-04 13:10:00,2023-04-04 13:10:00,2023-04-04 13:15:00,2023-04-04 10:00:00--2023-04-04 14:00:00,LONG,1,79.51,0.06666666666666666666666666667,79.45488000461520710741894543,79.48,79.3,79.41,79.71,79.52,MODELLED,CONDITIONAL_OPEN_SCENARIO,79.42,79.51,EXIT_ONLY_FROZEN_ENTRIES,C1_T10
MOMENTUM_USDRUBF,MOMENTUM_USDRUBF_000636,MOMENTUM,USDRUBF,2023-04-04 16:25:00,2023-04-04 16:35:00,2023-04-04 16:35:00,2023-04-04 16:40:00,2023-04-04 14:05:00--2023-04-04 18:50:00,LONG,1,79.19,0.07416666666666666666666666667,79.14207490557379363902714531,79.18,78.93,79.08,79.42,79.20,MODELLED,CONDITIONAL_OPEN_SCENARIO,79.12,79.2,EXIT_ONLY_FROZEN_ENTRIES,C1_T10
MOMENTUM_USDRUBF,MOMENTUM_USDRUBF_000637,MOMENTUM,USDRUBF,2023-04-04 16:45:00,2023-04-04 16:55:00,2023-04-04 16:55:00,2023-04-04 17:00:00,2023-04-04 14:05:00--2023-04-04 18:50:00,SHORT,-1,79.04,0.0625,79.14036181527519493654366903,79.22,79.05,79.13,78.85,79.03,MODELLED,CONDITIONAL_OPEN_SCENARIO,79.02,79.16,EXIT_ONLY_FROZEN_ENTRIES,C1_T10
MOMENTUM_USDRUBF,MOMENTUM_USDRUBF_000642,MOMENTUM,USDRUBF,2023-04-05 11:50:00,2023-04-05 12:00:00,2023-04-05 12:00:00,2023-04-05 12:05:00,2023-04-05 10:00:00--2023-04-05 14:00:00,SHORT,-1,79.45,0.0725,79.60348331047096479195244630,79.78,79.51,79.55,79.23,79.44,MODELLED,CONDITIONAL_OPEN_SCENARIO,79.45,79.58,EXIT_ONLY_FROZEN_ENTRIES,C1_T10
MOMENTUM_USDRUBF,MOMENTUM_USDRUBF_000644,MOMENTUM,USDRUBF,2023-04-05 13:10:00,2023-04-05 13:20:00,2023-04-05 13:20:00,2023-04-05 13:25:00,2023-04-05 10:00:00--2023-04-05 14:00:00,LONG,1,79.54,0.0375,79.57648605395518975765889347,79.5,79.38,79.49,79.66,79.54,MODELLED,CONDITIONAL_OPEN_SCENARIO,79.47,79.55,EXIT_ONLY_FROZEN_ENTRIES,C1_T10
MOMENTUM_USDRUBF,MOMENTUM_USDRUBF_000645,MOMENTUM,USDRUBF,2023-04-05 15:35:00,2023-04-05 15:45:00,2023-04-05 15:45:00,2023-04-05 15:50:00,2023-04-05 14:05:00--2023-04-05 18:50:00,LONG,1,79.73,0.05333333333333333333333333333,79.56013898229096615108720013,79.65,79.42,79.65,79.89,79.74,MODELLED,CONDITIONAL_OPEN_SCENARIO,79.5,79.73,EXIT_ONLY_FROZEN_ENTRIES,C1_T10
MOMENTUM_USDRUBF,MOMENTUM_USDRUBF_000646,MOMENTUM,USDRUBF,2023-04-05 17:35:00,2023-04-05 17:45:00,2023-04-05 17:45:00,2023-04-05 17:50:00,2023-04-05 14:05:00--2023-04-05 18:50:00,LONG,1,79.87,0.045,79.68032646048109965635738831,79.8,79.61,79.81,80.01,79.88,MODELLED,CONDITIONAL_OPEN_SCENARIO,79.76,79.89,EXIT_ONLY_FROZEN_ENTRIES,C1_T10
MOMENTUM_USDRUBF,MOMENTUM_USDRUBF_000648,MOMENTUM,USDRUBF,2023-04-06 11:40:00,2023-04-06 11:50:00,2023-04-06 11:50:00,2023-04-06 11:55:00,2023-04-06 10:00:00--2023-04-06 14:00:00,LONG,1,80.44,0.05833333333333333333333333333,80.27535958005249343832020996,80.37,80.18,80.36,80.62,80.45,MODELLED,CONDITIONAL_OPEN_SCENARIO,80.28,80.48,EXIT_ONLY_FROZEN_ENTRIES,C1_T10
MOMENTUM_USDRUBF,MOMENTUM_USDRUBF_000650,MOMENTUM,USDRUBF,2023-04-06 12:05:00,2023-04-06 12:15:00,2023-04-06 12:15:00,2023-04-06 12:20:00,2023-04-06 10:00:00--2023-04-06 14:00:00,LONG,1,80.72,0.065,80.38968425639806671420648126,80.56,80.28,80.63,80.92,80.73,MODELLED,CONDITIONAL_OPEN_SCENARIO,80.43,80.72,EXIT_ONLY_FROZEN_ENTRIES,C1_T10
MOMENTUM_USDRUBF,MOMENTUM_USDRUBF_000655,MOMENTUM,USDRUBF,2023-04-06 15:55:00,2023-04-06 16:05:00,2023-04-06 16:05:00,2023-04-06 16:10:00,2023-04-06 14:05:00--2023-04-06 18:50:00,SHORT,-1,80.67,0.09166666666666666666666666667,80.88705888253586116962584010,81.1,80.8,80.80,80.39,80.65,MODELLED,CONDITIONAL_OPEN_SCENARIO,80.61,81,EXIT_ONLY_FROZEN_ENTRIES,C1_T10
MOMENTUM_USDRUBF,MOMENTUM_USDRUBF_000656,MOMENTUM,USDRUBF,2023-04-06 16:55:00,2023-04-06 17:05:00,2023-04-06 17:05:00,2023-04-06 17:10:00,2023-04-06 14:05:00--2023-04-06 18:50:00,LONG,1,80.94,0.1008333333333333333333333333,80.86824779093814626809550668,80.92,80.54,80.79,81.25,80.96,MODELLED,CONDITIONAL_OPEN_SCENARIO,80.81,80.94,EXIT_ONLY_FROZEN_ENTRIES,C1_T10
MOMENTUM_USDRUBF,MOMENTUM_USDRUBF_000666,MOMENTUM,USDRUBF,2023-04-07 12:15:00,2023-04-07 12:25:00,2023-04-07 12:25:00,2023-04-07 12:30:00,2023-04-07 10:00:00--2023-04-07 14:00:00,LONG,1,82.64,0.065,82.40162865634287501955263570,82.58,82.29,82.55,82.84,82.65,MODELLED,CONDITIONAL_OPEN_SCENARIO,82.46,82.65,EXIT_ONLY_FROZEN_ENTRIES,C1_T10
MOMENTUM_USDRUBF,MOMENTUM_USDRUBF_000671,MOMENTUM,USDRUBF,2023-04-07 12:50:00,2023-04-07 13:00:00,2023-04-07 13:00:00,2023-04-07 13:05:00,2023-04-07 10:00:00--2023-04-07 14:00:00,LONG,1,83.15,0.1141666666666666666666666667,82.55189176809318152074335826,83.08,82.38,82.98,83.50,83.17,MODELLED,CONDITIONAL_OPEN_SCENARIO,82.84,83.18,EXIT_ONLY_FROZEN_ENTRIES,C1_T10
MOMENTUM_USDRUBF,MOMENTUM_USDRUBF_000678,MOMENTUM,USDRUBF,2023-04-10 11:10:00,2023-04-10 11:20:00,2023-04-10 11:20:00,2023-04-10 11:25:00,2023-04-10 10:00:00--2023-04-10 14:00:00,LONG,1,81.88,0.1183333333333333333333333333,81.47187008945935433683391674,81.8,81.28,81.71,82.24,81.90,MODELLED,CONDITIONAL_OPEN_SCENARIO,81.59,81.91,EXIT_ONLY_FROZEN_ENTRIES,C1_T10
MOMENTUM_USDRUBF,MOMENTUM_USDRUBF_000679,MOMENTUM,USDRUBF,2023-04-10 12:30:00,2023-04-10 12:40:00,2023-04-10 12:40:00,2023-04-10 12:45:00,2023-04-10 10:00:00--2023-04-10 14:00:00,SHORT,-1,81.65,0.1241666666666666666666666667,81.68248482095540919070330838,82.02,81.73,81.83,81.27,81.62,MODELLED,CONDITIONAL_OPEN_SCENARIO,81.59,81.88,EXIT_ONLY_FROZEN_ENTRIES,C1_T10
MOMENTUM_USDRUBF,MOMENTUM_USDRUBF_000680,MOMENTUM,USDRUBF,2023-04-10 15:20:00,2023-04-10 15:30:00,2023-04-10 15:30:00,2023-04-10 15:35:00,2023-04-10 14:05:00--2023-04-10 18:50:00,SHORT,-1,81.4,0.05833333333333333333333333333,81.57938800242375277721672388,81.67,81.47,81.48,81.22,81.39,MODELLED,CONDITIONAL_OPEN_SCENARIO,81.36,81.57,EXIT_ONLY_FROZEN_ENTRIES,C1_T10
MOMENTUM_USDRUBF,MOMENTUM_USDRUBF_000694,MOMENTUM,USDRUBF,2023-04-11 15:15:00,2023-04-11 15:25:00,2023-04-11 15:25:00,2023-04-11 15:30:00,2023-04-11 14:05:00--2023-04-11 18:50:00,SHORT,-1,82.13,0.06,82.21525796795210424370487760,82.28,82.14,82.22,81.95,82.12,MODELLED,CONDITIONAL_OPEN_SCENARIO,82.11,82.24,EXIT_ONLY_FROZEN_ENTRIES,C1_T10
MOMENTUM_USDRUBF,MOMENTUM_USDRUBF_000700,MOMENTUM,USDRUBF,2023-04-12 13:10:00,2023-04-12 13:20:00,2023-04-12 13:20:00,2023-04-12 13:25:00,2023-04-12 10:00:00--2023-04-12 14:00:00,LONG,1,82.17,0.02916666666666666666666666667,82.11291969623525609953142668,82.16,81.98,82.13,82.26,82.17,MODELLED,CONDITIONAL_OPEN_SCENARIO,82.13,82.17,EXIT_ONLY_FROZEN_ENTRIES,C1_T10
MOMENTUM_USDRUBF,MOMENTUM_USDRUBF_000707,MOMENTUM,USDRUBF,2023-04-13 11:15:00,2023-04-13 11:25:00,2023-04-13 11:25:00,2023-04-13 11:30:00,2023-04-13 10:00:00--2023-04-13 14:00:00,SHORT,-1,81.56,0.08833333333333333333333333333,81.77613592824799721351445489,81.99,81.61,81.69,81.29,81.54,MODELLED,CONDITIONAL_OPEN_SCENARIO,81.55,81.71,EXIT_ONLY_FROZEN_ENTRIES,C1_T10
MOMENTUM_USDRUBF,MOMENTUM_USDRUBF_000709,MOMENTUM,USDRUBF,2023-04-13 13:05:00,2023-04-13 13:15:00,2023-04-13 13:15:00,2023-04-13 13:20:00,2023-04-13 10:00:00--2023-04-13 14:00:00,LONG,1,81.7,0.05916666666666666666666666667,81.64643503027405991077119192,81.62,81.42,81.62,81.88,81.71,MODELLED,CONDITIONAL_OPEN_SCENARIO,81.54,81.73,EXIT_ONLY_FROZEN_ENTRIES,C1_T10
MOMENTUM_USDRUBF,MOMENTUM_USDRUBF_000712,MOMENTUM,USDRUBF,2023-04-13 17:10:00,2023-04-13 17:20:00,2023-04-13 17:20:00,2023-04-13 17:25:00,2023-04-13 14:05:00--2023-04-13 18:50:00,SHORT,-1,81.36,0.06083333333333333333333333333,81.50963772775991425509110399,81.61,81.45,81.45,81.17,81.35,MODELLED,CONDITIONAL_OPEN_SCENARIO,81.36,81.53,EXIT_ONLY_FROZEN_ENTRIES,C1_T10
MOMENTUM_USDRUBF,MOMENTUM_USDRUBF_000714,MOMENTUM,USDRUBF,2023-04-14 13:00:00,2023-04-14 13:10:00,2023-04-14 13:10:00,2023-04-14 13:15:00,2023-04-14 10:00:00--2023-04-14 14:00:00,SHORT,-1,81.44,0.0425,81.47904910027426583717974446,81.57,81.45,81.50,81.31,81.43,MODELLED,CONDITIONAL_OPEN_SCENARIO,81.44,81.51,EXIT_ONLY_FROZEN_ENTRIES,C1_T10
MOMENTUM_USDRUBF,MOMENTUM_USDRUBF_000720,MOMENTUM,USDRUBF,2023-04-14 17:20:00,2023-04-14 17:30:00,2023-04-14 17:30:00,2023-04-14 17:35:00,2023-04-14 14:05:00--2023-04-14 18:50:00,LONG,1,81.76,0.04833333333333333333333333333,81.49412896756527440317790889,81.71,81.48,81.69,81.91,81.77,MODELLED,CONDITIONAL_OPEN_SCENARIO,81.64,81.77,EXIT_ONLY_FROZEN_ENTRIES,C1_T10
MOMENTUM_USDRUBF,MOMENTUM_USDRUBF_000731,MOMENTUM,USDRUBF,2023-04-17 12:10:00,2023-04-17 12:20:00,2023-04-17 12:20:00,2023-04-17 12:25:00,2023-04-17 10:00:00--2023-04-17 14:00:00,SHORT,-1,81.13,0.09166666666666666666666666667,81.66516364709148965708732471,81.95,81.16,81.26,80.85,81.11,MODELLED,CONDITIONAL_OPEN_SCENARIO,81.04,81.47,EXIT_ONLY_FROZEN_ENTRIES,C1_T10
MOMENTUM_USDRUBF,MOMENTUM_USDRUBF_000732,MOMENTUM,USDRUBF,2023-04-17 13:05:00,2023-04-17 13:15:00,2023-04-17 13:15:00,2023-04-17 13:20:00,2023-04-17 10:00:00--2023-04-17 14:00:00,LONG,1,81.38,0.09916666666666666666666666667,81.47947901505925683904119761,81.34,81.04,81.24,81.68,81.40,MODELLED,CONDITIONAL_OPEN_SCENARIO,81.2,81.38,EXIT_ONLY_FROZEN_ENTRIES,C1_T10
MOMENTUM_USDRUBF,MOMENTUM_USDRUBF_000734,MOMENTUM,USDRUBF,2023-04-17 16:00:00,2023-04-17 16:10:00,2023-04-17 16:10:00,2023-04-17 16:15:00,2023-04-17 14:05:00--2023-04-17 18:50:00,LONG,1,81.43,0.04833333333333333333333333333,81.31578348018756118926160663,81.38,81.25,81.36,81.58,81.44,MODELLED,CONDITIONAL_OPEN_SCENARIO,81.26,81.44,EXIT_ONLY_FROZEN_ENTRIES,C1_T10
MOMENTUM_USDRUBF,MOMENTUM_USDRUBF_000737,MOMENTUM,USDRUBF,2023-04-18 11:25:00,2023-04-18 11:35:00,2023-04-18 11:35:00,2023-04-18 11:40:00,2023-04-18 10:00:00--2023-04-18 14:00:00,SHORT,-1,81.43,0.06083333333333333333333333333,81.59226714628297362110311751,81.63,81.45,81.52,81.24,81.42,MODELLED,CONDITIONAL_OPEN_SCENARIO,81.43,81.6,EXIT_ONLY_FROZEN_ENTRIES,C1_T10
MOMENTUM_USDRUBF,MOMENTUM_USDRUBF_000738,MOMENTUM,USDRUBF,2023-04-18 15:20:00,2023-04-18 15:30:00,2023-04-18 15:30:00,2023-04-18 15:35:00,2023-04-18 14:05:00--2023-04-18 18:50:00,SHORT,-1,81.38,0.03166666666666666666666666667,81.43433770014556040756914121,81.48,81.39,81.42,81.28,81.38,MODELLED,CONDITIONAL_OPEN_SCENARIO,81.38,81.45,EXIT_ONLY_FROZEN_ENTRIES,C1_T10
MOMENTUM_USDRUBF,MOMENTUM_USDRUBF_000739,MOMENTUM,USDRUBF,2023-04-18 15:50:00,2023-04-18 16:00:00,2023-04-18 16:00:00,2023-04-18 16:05:00,2023-04-18 14:05:00--2023-04-18 18:50:00,LONG,1,81.49,0.02833333333333333333333333333,81.43810940170940170940170941,81.46,81.37,81.45,81.58,81.49,MODELLED,CONDITIONAL_OPEN_SCENARIO,81.43,81.5,EXIT_ONLY_FROZEN_ENTRIES,C1_T10
MOMENTUM_USDRUBF,MOMENTUM_USDRUBF_000740,MOMENTUM,USDRUBF,2023-04-18 16:20:00,2023-04-18 16:30:00,2023-04-18 16:30:00,2023-04-18 16:35:00,2023-04-18 14:05:00--2023-04-18 18:50:00,LONG,1,81.59,0.0425,81.46852737570799244808055381,81.58,81.37,81.53,81.72,81.60,MODELLED,CONDITIONAL_OPEN_SCENARIO,81.46,81.59,EXIT_ONLY_FROZEN_ENTRIES,C1_T10
MOMENTUM_USDRUBF,MOMENTUM_USDRUBF_000742,MOMENTUM,USDRUBF,2023-04-19 15:10:00,2023-04-19 15:20:00,2023-04-19 15:20:00,2023-04-19 15:25:00,2023-04-19 14:05:00--2023-04-19 18:50:00,LONG,1,81.72,0.03916666666666666666666666667,81.65710888610763454317897368,81.7,81.6,81.67,81.84,81.72,MODELLED,CONDITIONAL_OPEN_SCENARIO,81.64,81.73,EXIT_ONLY_FROZEN_ENTRIES,C1_T10
MOMENTUM_USDRUBF,MOMENTUM_USDRUBF_000745,MOMENTUM,USDRUBF,2023-04-19 16:00:00,2023-04-19 16:10:00,2023-04-19 16:10:00,2023-04-19 16:15:00,2023-04-19 14:05:00--2023-04-19 18:50:00,LONG,1,81.86,0.0475,81.77231018147851614625033359,81.85,81.64,81.79,82.01,81.87,MODELLED,CONDITIONAL_OPEN_SCENARIO,81.77,81.9,EXIT_ONLY_FROZEN_ENTRIES,C1_T10
MOMENTUM_USDRUBF,MOMENTUM_USDRUBF_000746,MOMENTUM,USDRUBF,2023-04-19 17:05:00,2023-04-19 17:15:00,2023-04-19 17:15:00,2023-04-19 17:20:00,2023-04-19 14:05:00--2023-04-19 18:50:00,SHORT,-1,81.69,0.06666666666666666666666666667,81.79564549116826774093585380,81.91,81.77,81.79,81.49,81.68,MODELLED,CONDITIONAL_OPEN_SCENARIO,81.64,81.87,EXIT_ONLY_FROZEN_ENTRIES,C1_T10
MOMENTUM_USDRUBF,MOMENTUM_USDRUBF_000752,MOMENTUM,USDRUBF,2023-04-20 16:05:00,2023-04-20 16:15:00,2023-04-20 16:15:00,2023-04-20 16:20:00,2023-04-20 14:05:00--2023-04-20 18:50:00,SHORT,-1,81.33,0.055,81.45879610999329309188464119,81.54,81.34,81.41,81.16,81.32,MODELLED,CONDITIONAL_OPEN_SCENARIO,81.32,81.39,EXIT_ONLY_FROZEN_ENTRIES,C1_T10
MOMENTUM_USDRUBF,MOMENTUM_USDRUBF_000755,MOMENTUM,USDRUBF,2023-04-20 17:50:00,2023-04-20 18:00:00,2023-04-20 18:00:00,2023-04-20 18:05:00,2023-04-20 14:05:00--2023-04-20 18:50:00,LONG,1,81.4,0.04666666666666666666666666667,81.40889345711759504862953139,81.37,81.25,81.33,81.54,81.41,MODELLED,CONDITIONAL_OPEN_SCENARIO,81.33,81.44,EXIT_ONLY_FROZEN_ENTRIES,C1_T10
MOMENTUM_USDRUBF,MOMENTUM_USDRUBF_000766,MOMENTUM,USDRUBF,2023-04-24 11:55:00,2023-04-24 12:05:00,2023-04-24 12:05:00,2023-04-24 12:10:00,2023-04-24 10:00:00--2023-04-24 14:00:00,LONG,1,81.3,0.0425,81.27497864551555826723611959,81.29,81.18,81.24,81.43,81.31,MODELLED,CONDITIONAL_OPEN_SCENARIO,81.25,81.3,EXIT_ONLY_FROZEN_ENTRIES,C1_T10
MOMENTUM_USDRUBF,MOMENTUM_USDRUBF_000779,MOMENTUM,USDRUBF,2023-04-25 17:15:00,2023-04-25 17:25:00,2023-04-25 17:25:00,2023-04-25 17:30:00,2023-04-25 14:05:00--2023-04-25 18:50:00,LONG,1,81.54,0.03416666666666666666666666667,81.47653522035401798314584090,81.53,81.43,81.49,81.65,81.54,MODELLED,CONDITIONAL_OPEN_SCENARIO,81.48,81.55,EXIT_ONLY_FROZEN_ENTRIES,C1_T10
MOMENTUM_USDRUBF,MOMENTUM_USDRUBF_000780,MOMENTUM,USDRUBF,2023-04-26 11:40:00,2023-04-26 11:50:00,2023-04-26 11:50:00,2023-04-26 11:55:00,2023-04-26 10:00:00--2023-04-26 14:00:00,LONG,1,81.51,0.03666666666666666666666666667,81.44203668672972198337632559,81.5,81.38,81.46,81.62,81.51,MODELLED,CONDITIONAL_OPEN_SCENARIO,81.46,81.51,EXIT_ONLY_FROZEN_ENTRIES,C1_T10
MOMENTUM_USDRUBF,MOMENTUM_USDRUBF_000786,MOMENTUM,USDRUBF,2023-04-26 15:30:00,2023-04-26 15:40:00,2023-04-26 15:40:00,2023-04-26 15:45:00,2023-04-26 14:05:00--2023-04-26 18:50:00,SHORT,-1,81.53,0.03916666666666666666666666667,81.60578150707469562356038174,81.67,81.54,81.58,81.41,81.53,MODELLED,CONDITIONAL_OPEN_SCENARIO,81.53,81.6,EXIT_ONLY_FROZEN_ENTRIES,C1_T10
MOMENTUM_USDRUBF,MOMENTUM_USDRUBF_000787,MOMENTUM,USDRUBF,2023-04-26 17:15:00,2023-04-26 17:25:00,2023-04-26 17:25:00,2023-04-26 17:30:00,2023-04-26 14:05:00--2023-04-26 18:50:00,SHORT,-1,81.51,0.03583333333333333333333333333,81.58331200682448283216037539,81.63,81.52,81.56,81.40,81.51,MODELLED,CONDITIONAL_OPEN_SCENARIO,81.51,81.59,EXIT_ONLY_FROZEN_ENTRIES,C1_T10
MOMENTUM_USDRUBF,MOMENTUM_USDRUBF_000790,MOMENTUM,USDRUBF,2023-04-27 11:15:00,2023-04-27 11:25:00,2023-04-27 11:25:00,2023-04-27 11:30:00,2023-04-27 10:00:00--2023-04-27 14:00:00,SHORT,-1,81.55,0.03166666666666666666666666667,81.62302713047393898457728244,81.66,81.57,81.59,81.45,81.55,MODELLED,CONDITIONAL_OPEN_SCENARIO,81.53,81.66,EXIT_ONLY_FROZEN_ENTRIES,C1_T10
MOMENTUM_USDRUBF,MOMENTUM_USDRUBF_000792,MOMENTUM,USDRUBF,2023-04-27 11:55:00,2023-04-27 12:05:00,2023-04-27 12:05:00,2023-04-27 12:10:00,2023-04-27 10:00:00--2023-04-27 14:00:00,SHORT,-1,81.46,0.03416666666666666666666666667,81.60102750809061488673139156,81.66,81.47,81.51,81.35,81.46,MODELLED,CONDITIONAL_OPEN_SCENARIO,81.44,81.58,EXIT_ONLY_FROZEN_ENTRIES,C1_T10
MOMENTUM_USDRUBF,MOMENTUM_USDRUBF_000794,MOMENTUM,USDRUBF,2023-04-27 15:25:00,2023-04-27 15:35:00,2023-04-27 15:35:00,2023-04-27 15:40:00,2023-04-27 14:05:00--2023-04-27 18:50:00,LONG,1,81.52,0.02833333333333333333333333333,81.43298432601880877742946715,81.5,81.37,81.48,81.61,81.52,MODELLED,CONDITIONAL_OPEN_SCENARIO,81.46,81.52,EXIT_ONLY_FROZEN_ENTRIES,C1_T10
MOMENTUM_USDRUBF,MOMENTUM_USDRUBF_000797,MOMENTUM,USDRUBF,2023-04-27 16:45:00,2023-04-27 16:55:00,2023-04-27 16:55:00,2023-04-27 17:00:00,2023-04-27 14:05:00--2023-04-27 18:50:00,SHORT,-1,81.28,0.05833333333333333333333333333,81.40412276683463124141090245,81.51,81.3,81.36,81.10,81.27,MODELLED,CONDITIONAL_OPEN_SCENARIO,81.25,81.38,EXIT_ONLY_FROZEN_ENTRIES,C1_T10
MOMENTUM_USDRUBF,MOMENTUM_USDRUBF_000810,MOMENTUM,USDRUBF,2023-04-28 12:50:00,2023-04-28 13:00:00,2023-04-28 13:00:00,2023-04-28 13:05:00,2023-04-28 10:00:00--2023-04-28 14:00:00,SHORT,-1,80.54,0.06333333333333333333333333333,81.06668359327771732559545400,81.11,80.71,80.63,80.35,80.53,MODELLED,CONDITIONAL_OPEN_SCENARIO,80.5,80.74,EXIT_ONLY_FROZEN_ENTRIES,C1_T10
MOMENTUM_USDRUBF,MOMENTUM_USDRUBF_000814,MOMENTUM,USDRUBF,2023-04-28 15:25:00,2023-04-28 15:35:00,2023-04-28 15:35:00,2023-04-28 15:40:00,2023-04-28 14:05:00--2023-04-28 18:50:00,SHORT,-1,79.15,0.1316666666666666666666666667,79.43794340044742729306487698,79.62,79.21,79.34,78.75,79.12,MODELLED,CONDITIONAL_OPEN_SCENARIO,79.13,79.43,EXIT_ONLY_FROZEN_ENTRIES,C1_T10
MOMENTUM_USDRUBF,MOMENTUM_USDRUBF_000819,MOMENTUM,USDRUBF,2023-04-28 16:55:00,2023-04-28 17:05:00,2023-04-28 17:05:00,2023-04-28 17:10:00,2023-04-28 14:05:00--2023-04-28 18:50:00,LONG,1,79.85,0.1483333333333333333333333333,79.43009424506319886489371398,79.8,79.02,79.63,80.30,79.88,MODELLED,CONDITIONAL_OPEN_SCENARIO,79.73,79.87,EXIT_ONLY_FROZEN_ENTRIES,C1_T10
MOMENTUM_USDRUBF,MOMENTUM_USDRUBF_000821,MOMENTUM,USDRUBF,2023-04-28 17:30:00,2023-04-28 17:40:00,2023-04-28 17:40:00,2023-04-28 17:45:00,2023-04-28 14:05:00--2023-04-28 18:50:00,LONG,1,80.33,0.115,79.54373975903614457831325304,80.03,79.57,80.16,80.68,80.35,MODELLED,CONDITIONAL_OPEN_SCENARIO,79.82,80.39,EXIT_ONLY_FROZEN_ENTRIES,C1_T10
MOMENTUM_USDRUBF,MOMENTUM_USDRUBF_000826,MOMENTUM,USDRUBF,2023-05-02 15:40:00,2023-05-02 15:50:00,2023-05-02 15:50:00,2023-05-02 15:55:00,2023-05-02 14:05:00--2023-05-02 18:50:00,LONG,1,79.68,0.0525,79.57437627348879329861897218,79.63,79.48,79.61,79.84,79.69,MODELLED,CONDITIONAL_OPEN_SCENARIO,79.51,79.71,EXIT_ONLY_FROZEN_ENTRIES,C1_T10
MOMENTUM_USDRUBF,MOMENTUM_USDRUBF_000829,MOMENTUM,USDRUBF,2023-05-03 11:05:00,2023-05-03 11:15:00,2023-05-03 11:15:00,2023-05-03 11:20:00,2023-05-03 10:00:00--2023-05-03 14:00:00,SHORT,-1,79.13,0.09833333333333333333333333333,79.40493183239524702939337086,79.72,79.17,79.27,78.83,79.11,MODELLED,CONDITIONAL_OPEN_SCENARIO,79.13,79.45,EXIT_ONLY_FROZEN_ENTRIES,C1_T10
MOMENTUM_USDRUBF,MOMENTUM_USDRUBF_000830,MOMENTUM,USDRUBF,2023-05-03 11:25:00,2023-05-03 11:35:00,2023-05-03 11:35:00,2023-05-03 11:40:00,2023-05-03 10:00:00--2023-05-03 14:00:00,SHORT,-1,78.85,0.09166666666666666666666666667,79.30085083333333333333333333,79.5,79.07,78.98,78.57,78.83,MODELLED,CONDITIONAL_OPEN_SCENARIO,78.81,79.23,EXIT_ONLY_FROZEN_ENTRIES,C1_T10
MOMENTUM_USDRUBF,MOMENTUM_USDRUBF_000831,MOMENTUM,USDRUBF,2023-05-03 13:10:00,2023-05-03 13:20:00,2023-05-03 13:20:00,2023-05-03 13:25:00,2023-05-03 10:00:00--2023-05-03 14:00:00,LONG,1,79.32,0.0575,79.22613827186736103730470836,79.26,79.13,79.24,79.50,79.33,MODELLED,CONDITIONAL_OPEN_SCENARIO,79.17,79.32,EXIT_ONLY_FROZEN_ENTRIES,C1_T10
MOMENTUM_USDRUBF,MOMENTUM_USDRUBF_000832,MOMENTUM,USDRUBF,2023-05-03 15:20:00,2023-05-03 15:30:00,2023-05-03 15:30:00,2023-05-03 15:35:00,2023-05-03 14:05:00--2023-05-03 18:50:00,SHORT,-1,79.12,0.04583333333333333333333333333,79.22505058572949946751863682,79.28,79.18,79.18,78.98,79.11,MODELLED,CONDITIONAL_OPEN_SCENARIO,79.06,79.23,EXIT_ONLY_FROZEN_ENTRIES,C1_T10
MOMENTUM_USDRUBF,MOMENTUM_USDRUBF_000833,MOMENTUM,USDRUBF,2023-05-03 16:45:00,2023-05-03 16:55:00,2023-05-03 16:55:00,2023-05-03 17:00:00,2023-05-03 14:05:00--2023-05-03 18:50:00,LONG,1,79.3,0.0375,79.24871219340038821245809068,79.29,79.2,79.25,79.42,79.30,MODELLED,CONDITIONAL_OPEN_SCENARIO,79.22,79.32,EXIT_ONLY_FROZEN_ENTRIES,C1_T10
MOMENTUM_USDRUBF,MOMENTUM_USDRUBF_000839,MOMENTUM,USDRUBF,2023-05-04 12:10:00,2023-05-04 12:20:00,2023-05-04 12:20:00,2023-05-04 12:25:00,2023-05-04 10:00:00--2023-05-04 14:00:00,SHORT,-1,78.27,0.09333333333333333333333333333,78.79179324727435917742403849,78.89,78.44,78.41,77.99,78.25,MODELLED,CONDITIONAL_OPEN_SCENARIO,78.27,78.6,EXIT_ONLY_FROZEN_ENTRIES,C1_T10
MOMENTUM_USDRUBF,MOMENTUM_USDRUBF_000840,MOMENTUM,USDRUBF,2023-05-04 12:40:00,2023-05-04 12:50:00,2023-05-04 12:50:00,2023-05-04 12:55:00,2023-05-04 10:00:00--2023-05-04 14:00:00,SHORT,-1,78.17,0.1033333333333333333333333333,78.75589762331128409409299671,78.72,78.22,78.32,77.86,78.15,MODELLED,CONDITIONAL_OPEN_SCENARIO,78.17,78.45,EXIT_ONLY_FROZEN_ENTRIES,C1_T10
MOMENTUM_USDRUBF,MOMENTUM_USDRUBF_000845,MOMENTUM,USDRUBF,2023-05-05 11:05:00,2023-05-05 11:15:00,2023-05-05 11:15:00,2023-05-05 11:20:00,2023-05-05 10:00:00--2023-05-05 14:00:00,SHORT,-1,76.54,0.1675,76.90422830965996433622332904,77.35,76.57,76.79,76.03,76.50,MODELLED,CONDITIONAL_OPEN_SCENARIO,76.54,76.78,EXIT_ONLY_FROZEN_ENTRIES,C1_T10
MOMENTUM_USDRUBF,MOMENTUM_USDRUBF_000851,MOMENTUM,USDRUBF,2023-05-05 12:45:00,2023-05-05 12:55:00,2023-05-05 12:55:00,2023-05-05 13:00:00,2023-05-05 10:00:00--2023-05-05 14:00:00,LONG,1,76.94,0.1058333333333333333333333333,76.76973045535283091455279167,76.91,76.31,76.79,77.26,76.96,MODELLED,CONDITIONAL_OPEN_SCENARIO,76.8,76.97,EXIT_ONLY_FROZEN_ENTRIES,C1_T10
MOMENTUM_USDRUBF,MOMENTUM_USDRUBF_000859,MOMENTUM,USDRUBF,2023-05-08 12:00:00,2023-05-08 12:10:00,2023-05-08 12:10:00,2023-05-08 12:15:00,2023-05-08 10:00:00--2023-05-08 14:00:00,LONG,1,77.88,0.1116666666666666666666666667,77.31872221105078535201197587,77.87,77.53,77.72,78.22,77.90,MODELLED,CONDITIONAL_OPEN_SCENARIO,77.66,77.88,EXIT_ONLY_FROZEN_ENTRIES,C1_T10
MOMENTUM_USDRUBF,MOMENTUM_USDRUBF_000863,MOMENTUM,USDRUBF,2023-05-08 15:50:00,2023-05-08 16:00:00,2023-05-08 16:00:00,2023-05-08 16:05:00,2023-05-08 14:05:00--2023-05-08 18:50:00,LONG,1,78.1,0.07,77.85120243531202435312024352,78.05,77.85,78.00,78.31,78.11,MODELLED,CONDITIONAL_OPEN_SCENARIO,77.86,78.1,EXIT_ONLY_FROZEN_ENTRIES,C1_T10
MOMENTUM_USDRUBF,MOMENTUM_USDRUBF_000871,MOMENTUM,USDRUBF,2023-05-10 12:15:00,2023-05-10 12:25:00,2023-05-10 12:25:00,2023-05-10 12:30:00,2023-05-10 10:00:00--2023-05-10 14:00:00,SHORT,-1,76.71,0.0975,77.02417790141950210428703909,77.02,76.73,76.85,76.41,76.69,MODELLED,CONDITIONAL_OPEN_SCENARIO,76.7,76.89,EXIT_ONLY_FROZEN_ENTRIES,C1_T10
MOMENTUM_USDRUBF,MOMENTUM_USDRUBF_000878,MOMENTUM,USDRUBF,2023-05-10 16:50:00,2023-05-10 17:00:00,2023-05-10 17:00:00,2023-05-10 17:05:00,2023-05-10 14:05:00--2023-05-10 18:50:00,LONG,1,76.27,0.09916666666666666666666666667,76.16979988117491921343592866,76.24,75.96,76.13,76.57,76.29,MODELLED,CONDITIONAL_OPEN_SCENARIO,76.05,76.27,EXIT_ONLY_FROZEN_ENTRIES,C1_T10
MOMENTUM_USDRUBF,MOMENTUM_USDRUBF_000889,MOMENTUM,USDRUBF,2023-05-11 15:10:00,2023-05-11 15:20:00,2023-05-11 15:20:00,2023-05-11 15:25:00,2023-05-11 14:05:00--2023-05-11 18:50:00,LONG,1,77.26,0.1133333333333333333333333333,76.86902573058563278612178365,77.23,76.58,77.09,77.60,77.28,MODELLED,CONDITIONAL_OPEN_SCENARIO,76.94,77.33,EXIT_ONLY_FROZEN_ENTRIES,C1_T10
MOMENTUM_USDRUBF,MOMENTUM_USDRUBF_000892,MOMENTUM,USDRUBF,2023-05-11 17:45:00,2023-05-11 17:55:00,2023-05-11 17:55:00,2023-05-11 18:00:00,2023-05-11 14:05:00--2023-05-11 18:50:00,SHORT,-1,76.92,0.095,77.01303949500027931400480416,77.24,76.98,77.06,76.63,76.90,MODELLED,CONDITIONAL_OPEN_SCENARIO,76.92,77.1,EXIT_ONLY_FROZEN_ENTRIES,C1_T10
MOMENTUM_USDRUBF,MOMENTUM_USDRUBF_000893,MOMENTUM,USDRUBF,2023-05-12 11:10:00,2023-05-12 11:20:00,2023-05-12 11:20:00,2023-05-12 11:25:00,2023-05-12 10:00:00--2023-05-12 14:00:00,LONG,1,77.68,0.1641666666666666666666666667,77.07713922343783518739848609,77.53,76.57,77.44,78.18,77.72,MODELLED,CONDITIONAL_OPEN_SCENARIO,77.29,77.69,EXIT_ONLY_FROZEN_ENTRIES,C1_T10
MOMENTUM_USDRUBF,MOMENTUM_USDRUBF_000894,MOMENTUM,USDRUBF,2023-05-12 15:10:00,2023-05-12 15:20:00,2023-05-12 15:20:00,2023-05-12 15:25:00,2023-05-12 14:05:00--2023-05-12 18:50:00,SHORT,-1,77.52,0.1316666666666666666666666667,77.79602897703277783192021571,78.14,77.55,77.71,77.12,77.49,MODELLED,CONDITIONAL_OPEN_SCENARIO,77.52,77.83,EXIT_ONLY_FROZEN_ENTRIES,C1_T10
MOMENTUM_USDRUBF,MOMENTUM_USDRUBF_000901,MOMENTUM,USDRUBF,2023-05-12 17:45:00,2023-05-12 17:55:00,2023-05-12 17:55:00,2023-05-12 18:00:00,2023-05-12 14:05:00--2023-05-12 18:50:00,LONG,1,77.76,0.07833333333333333333333333333,77.69251508707396976837749302,77.74,77.42,77.65,78.00,77.77,MODELLED,CONDITIONAL_OPEN_SCENARIO,77.62,77.76,EXIT_ONLY_FROZEN_ENTRIES,C1_T10
MOMENTUM_USDRUBF,MOMENTUM_USDRUBF_000904,MOMENTUM,USDRUBF,2023-05-15 12:05:00,2023-05-15 12:15:00,2023-05-15 12:15:00,2023-05-15 12:20:00,2023-05-15 10:00:00--2023-05-15 14:00:00,LONG,1,79.24,0.1091666666666666666666666667,78.98455922703041705863907185,79.23,78.84,79.08,79.57,79.26,MODELLED,CONDITIONAL_OPEN_SCENARIO,79.1,79.24,EXIT_ONLY_FROZEN_ENTRIES,C1_T10
MOMENTUM_USDRUBF,MOMENTUM_USDRUBF_000911,MOMENTUM,USDRUBF,2023-05-15 15:45:00,2023-05-15 15:55:00,2023-05-15 15:55:00,2023-05-15 16:00:00,2023-05-15 14:05:00--2023-05-15 18:50:00,LONG,1,79.52,0.06666666666666666666666666667,79.38745473093598571792909972,79.49,79.31,79.42,79.72,79.53,MODELLED,CONDITIONAL_OPEN_SCENARIO,79.41,79.53,EXIT_ONLY_FROZEN_ENTRIES,C1_T10
MOMENTUM_USDRUBF,MOMENTUM_USDRUBF_000916,MOMENTUM,USDRUBF,2023-05-16 11:55:00,2023-05-16 12:05:00,2023-05-16 12:05:00,2023-05-16 12:10:00,2023-05-16 10:00:00--2023-05-16 14:00:00,LONG,1,80.21,0.08833333333333333333333333333,79.90674071237073918039065486,80.1,79.82,80.08,80.48,80.23,MODELLED,CONDITIONAL_OPEN_SCENARIO,79.99,80.21,EXIT_ONLY_FROZEN_ENTRIES,C1_T10
MOMENTUM_USDRUBF,MOMENTUM_USDRUBF_000921,MOMENTUM,USDRUBF,2023-05-16 15:40:00,2023-05-16 15:50:00,2023-05-16 15:50:00,2023-05-16 15:55:00,2023-05-16 14:05:00--2023-05-16 18:50:00,LONG,1,80.23,0.03,80.10052730696798493408662903,80.18,80.1,80.19,80.32,80.23,MODELLED,CONDITIONAL_OPEN_SCENARIO,80.13,80.23,EXIT_ONLY_FROZEN_ENTRIES,C1_T10
MOMENTUM_USDRUBF,MOMENTUM_USDRUBF_000923,MOMENTUM,USDRUBF,2023-05-16 16:00:00,2023-05-16 16:10:00,2023-05-16 16:10:00,2023-05-16 16:15:00,2023-05-16 14:05:00--2023-05-16 18:50:00,LONG,1,80.31,0.04083333333333333333333333333,80.11696672252813023701220974,80.27,80.12,80.25,80.44,80.32,MODELLED,CONDITIONAL_OPEN_SCENARIO,80.2,80.35,EXIT_ONLY_FROZEN_ENTRIES,C1_T10
MOMENTUM_USDRUBF,MOMENTUM_USDRUBF_000929,MOMENTUM,USDRUBF,2023-05-17 12:05:00,2023-05-17 12:15:00,2023-05-17 12:15:00,2023-05-17 12:20:00,2023-05-17 10:00:00--2023-05-17 14:00:00,LONG,1,80.9,0.07416666666666666666666666667,80.64261992859461213891593637,80.83,80.55,80.79,81.13,80.91,MODELLED,CONDITIONAL_OPEN_SCENARIO,80.62,80.9,EXIT_ONLY_FROZEN_ENTRIES,C1_T10
MOMENTUM_USDRUBF,MOMENTUM_USDRUBF_000934,MOMENTUM,USDRUBF,2023-05-17 16:05:00,2023-05-17 16:15:00,2023-05-17 16:15:00,2023-05-17 16:20:00,2023-05-17 14:05:00--2023-05-17 18:50:00,SHORT,-1,80.27,0.0975,80.64470100762783689612957905,80.88,80.34,80.41,79.97,80.25,MODELLED,CONDITIONAL_OPEN_SCENARIO,80.15,80.59,EXIT_ONLY_FROZEN_ENTRIES,C1_T10
MOMENTUM_USDRUBF,MOMENTUM_USDRUBF_000939,MOMENTUM,USDRUBF,2023-05-18 11:35:00,2023-05-18 11:45:00,2023-05-18 11:45:00,2023-05-18 11:50:00,2023-05-18 10:00:00--2023-05-18 14:00:00,SHORT,-1,79.84,0.07916666666666666666666666667,80.16315579978160555144598261,80.37,79.91,79.95,79.60,79.83,MODELLED,CONDITIONAL_OPEN_SCENARIO,79.84,80.03,EXIT_ONLY_FROZEN_ENTRIES,C1_T10
MOMENTUM_USDRUBF,MOMENTUM_USDRUBF_000940,MOMENTUM,USDRUBF,2023-05-18 12:30:00,2023-05-18 12:40:00,2023-05-18 12:40:00,2023-05-18 12:45:00,2023-05-18 10:00:00--2023-05-18 14:00:00,LONG,1,80.06,0.10,80.09278007053350341412170781,80.05,79.77,79.91,80.36,80.08,MODELLED,CONDITIONAL_OPEN_SCENARIO,79.91,80.09,EXIT_ONLY_FROZEN_ENTRIES,C1_T10
MOMENTUM_USDRUBF,MOMENTUM_USDRUBF_000944,MOMENTUM,USDRUBF,2023-05-18 15:30:00,2023-05-18 15:40:00,2023-05-18 15:40:00,2023-05-18 15:45:00,2023-05-18 14:05:00--2023-05-18 18:50:00,LONG,1,79.99,0.1516666666666666666666666667,79.71686129016139509318942685,79.96,79.39,79.77,80.45,80.02,MODELLED,CONDITIONAL_OPEN_SCENARIO,79.81,80,EXIT_ONLY_FROZEN_ENTRIES,C1_T10
MOMENTUM_USDRUBF,MOMENTUM_USDRUBF_000955,MOMENTUM,USDRUBF,2023-05-19 12:40:00,2023-05-19 12:50:00,2023-05-19 12:50:00,2023-05-19 12:55:00,2023-05-19 10:00:00--2023-05-19 14:00:00,LONG,1,79.87,0.06583333333333333333333333333,79.87368723098995695839311334,79.85,79.65,79.78,80.07,79.88,MODELLED,CONDITIONAL_OPEN_SCENARIO,79.68,79.87,EXIT_ONLY_FROZEN_ENTRIES,C1_T10
MOMENTUM_USDRUBF,MOMENTUM_USDRUBF_000958,MOMENTUM,USDRUBF,2023-05-19 16:15:00,2023-05-19 16:25:00,2023-05-19 16:25:00,2023-05-19 16:30:00,2023-05-19 14:05:00--2023-05-19 18:50:00,LONG,1,80,0.09833333333333333333333333333,79.97183873885514924408838353,79.99,79.75,79.86,80.30,80.02,MODELLED,CONDITIONAL_OPEN_SCENARIO,79.87,80.01,EXIT_ONLY_FROZEN_ENTRIES,C1_T10
MOMENTUM_USDRUBF,MOMENTUM_USDRUBF_000967,MOMENTUM,USDRUBF,2023-05-22 16:20:00,2023-05-22 16:30:00,2023-05-22 16:30:00,2023-05-22 16:35:00,2023-05-22 14:05:00--2023-05-22 18:50:00,SHORT,-1,79.95,0.04083333333333333333333333333,80.06342431497738760308592709,80.09,79.96,80.01,79.82,79.94,MODELLED,CONDITIONAL_OPEN_SCENARIO,79.94,79.99,EXIT_ONLY_FROZEN_ENTRIES,C1_T10
MOMENTUM_USDRUBF,MOMENTUM_USDRUBF_000971,MOMENTUM,USDRUBF,2023-05-23 12:00:00,2023-05-23 12:10:00,2023-05-23 12:10:00,2023-05-23 12:15:00,2023-05-23 10:00:00--2023-05-23 14:00:00,SHORT,-1,80.22,0.0425,80.31166379310344827586206894,80.4,80.27,80.28,80.09,80.21,MODELLED,CONDITIONAL_OPEN_SCENARIO,80.19,80.35,EXIT_ONLY_FROZEN_ENTRIES,C1_T10
MOMENTUM_USDRUBF,MOMENTUM_USDRUBF_000978,MOMENTUM,USDRUBF,2023-05-24 12:20:00,2023-05-24 12:30:00,2023-05-24 12:30:00,2023-05-24 12:35:00,2023-05-24 10:00:00--2023-05-24 14:00:00,SHORT,-1,79.93,0.03583333333333333333333333333,80.02609033245844269466316709,80.07,79.94,79.98,79.82,79.93,MODELLED,CONDITIONAL_OPEN_SCENARIO,79.93,79.98,EXIT_ONLY_FROZEN_ENTRIES,C1_T10
MOMENTUM_USDRUBF,MOMENTUM_USDRUBF_000979,MOMENTUM,USDRUBF,2023-05-24 17:30:00,2023-05-24 17:40:00,2023-05-24 17:40:00,2023-05-24 17:45:00,2023-05-24 14:05:00--2023-05-24 18:50:00,SHORT,-1,80.05,0.0325,80.15549065725859140206454982,80.26,80.07,80.09,79.95,80.05,MODELLED,CONDITIONAL_OPEN_SCENARIO,80.05,80.12,EXIT_ONLY_FROZEN_ENTRIES,C1_T10
MOMENTUM_USDRUBF,MOMENTUM_USDRUBF_000983,MOMENTUM,USDRUBF,2023-05-25 11:25:00,2023-05-25 11:35:00,2023-05-25 11:35:00,2023-05-25 11:40:00,2023-05-25 10:00:00--2023-05-25 14:00:00,SHORT,-1,79.98,0.06,80.09843019372077488309953241,80.24,80.03,80.07,79.80,79.97,MODELLED,CONDITIONAL_OPEN_SCENARIO,79.96,80.12,EXIT_ONLY_FROZEN_ENTRIES,C1_T10
MOMENTUM_USDRUBF,MOMENTUM_USDRUBF_000986,MOMENTUM,USDRUBF,2023-05-25 12:30:00,2023-05-25 12:40:00,2023-05-25 12:40:00,2023-05-25 12:45:00,2023-05-25 10:00:00--2023-05-25 14:00:00,SHORT,-1,79.82,0.055,80.01320339952602762114897443,80.04,79.86,79.90,79.65,79.81,MODELLED,CONDITIONAL_OPEN_SCENARIO,79.76,79.95,EXIT_ONLY_FROZEN_ENTRIES,C1_T10
MOMENTUM_USDRUBF,MOMENTUM_USDRUBF_000989,MOMENTUM,USDRUBF,2023-05-25 17:40:00,2023-05-25 17:50:00,2023-05-25 17:50:00,2023-05-25 17:55:00,2023-05-25 14:05:00--2023-05-25 18:50:00,LONG,1,80.26,0.03583333333333333333333333333,80.16559943977591036414565827,80.25,80.12,80.21,80.37,80.26,MODELLED,CONDITIONAL_OPEN_SCENARIO,80.16,80.27,EXIT_ONLY_FROZEN_ENTRIES,C1_T10
MOMENTUM_USDRUBF,MOMENTUM_USDRUBF_000994,MOMENTUM,USDRUBF,2023-05-26 12:15:00,2023-05-26 12:25:00,2023-05-26 12:25:00,2023-05-26 12:30:00,2023-05-26 10:00:00--2023-05-26 14:00:00,LONG,1,80.19,0.055,79.96534360102676934360102680,80.17,79.85,80.11,80.36,80.20,MODELLED,CONDITIONAL_OPEN_SCENARIO,80.02,80.19,EXIT_ONLY_FROZEN_ENTRIES,C1_T10
MOMENTUM_USDRUBF,MOMENTUM_USDRUBF_000998,MOMENTUM,USDRUBF,2023-05-29 15:30:00,2023-05-29 15:40:00,2023-05-29 15:40:00,2023-05-29 15:45:00,2023-05-29 14:05:00--2023-05-29 18:50:00,SHORT,-1,80.22,0.03666666666666666666666666667,80.27431420704026196323584134,80.34,80.23,80.27,80.11,80.22,MODELLED,CONDITIONAL_OPEN_SCENARIO,80.21,80.28,EXIT_ONLY_FROZEN_ENTRIES,C1_T10
MOMENTUM_USDRUBF,MOMENTUM_USDRUBF_001023,MOMENTUM,USDRUBF,2023-06-01 13:10:00,2023-06-01 13:20:00,2023-06-01 13:20:00,2023-06-01 13:25:00,2023-06-01 10:00:00--2023-06-01 14:00:00,LONG,1,80.95,0.0475,80.88543425702064348149525760,80.93,80.78,80.88,81.10,80.96,MODELLED,CONDITIONAL_OPEN_SCENARIO,80.8,80.95,EXIT_ONLY_FROZEN_ENTRIES,C1_T10
MOMENTUM_USDRUBF,MOMENTUM_USDRUBF_001032,MOMENTUM,USDRUBF,2023-06-02 11:40:00,2023-06-02 11:50:00,2023-06-02 11:50:00,2023-06-02 11:55:00,2023-06-02 10:00:00--2023-06-02 14:00:00,SHORT,-1,80.75,0.04916666666666666666666666667,80.86772963051631952757162234,80.96,80.78,80.82,80.60,80.74,MODELLED,CONDITIONAL_OPEN_SCENARIO,80.75,80.95,EXIT_ONLY_FROZEN_ENTRIES,C1_T10
MOMENTUM_USDRUBF,MOMENTUM_USDRUBF_001044,MOMENTUM,USDRUBF,2023-06-05 11:45:00,2023-06-05 11:55:00,2023-06-05 11:55:00,2023-06-05 12:00:00,2023-06-05 10:00:00--2023-06-05 14:00:00,SHORT,-1,81.15,0.05083333333333333333333333333,81.43143997339541070834718987,81.48,81.21,81.22,80.99,81.14,MODELLED,CONDITIONAL_OPEN_SCENARIO,81.12,81.26,EXIT_ONLY_FROZEN_ENTRIES,C1_T10
MOMENTUM_USDRUBF,MOMENTUM_USDRUBF_001048,MOMENTUM,USDRUBF,2023-06-05 15:35:00,2023-06-05 15:45:00,2023-06-05 15:45:00,2023-06-05 15:50:00,2023-06-05 14:05:00--2023-06-05 18:50:00,SHORT,-1,81.19,0.0275,81.29629337999416739574219890,81.37,81.26,81.23,81.10,81.19,MODELLED,CONDITIONAL_OPEN_SCENARIO,81.18,81.33,EXIT_ONLY_FROZEN_ENTRIES,C1_T10
MOMENTUM_USDRUBF,MOMENTUM_USDRUBF_001050,MOMENTUM,USDRUBF,2023-06-05 16:30:00,2023-06-05 16:40:00,2023-06-05 16:40:00,2023-06-05 16:45:00,2023-06-05 14:05:00--2023-06-05 18:50:00,SHORT,-1,81.07,0.04333333333333333333333333333,81.21381510962156123446446024,81.32,81.09,81.13,80.94,81.06,MODELLED,CONDITIONAL_OPEN_SCENARIO,81.07,81.17,EXIT_ONLY_FROZEN_ENTRIES,C1_T10
MOMENTUM_USDRUBF,MOMENTUM_USDRUBF_001054,MOMENTUM,USDRUBF,2023-06-06 11:10:00,2023-06-06 11:20:00,2023-06-06 11:20:00,2023-06-06 11:25:00,2023-06-06 10:00:00--2023-06-06 14:00:00,LONG,1,81.44,0.07833333333333333333333333333,81.10924756586483390607101948,81.39,80.88,81.33,81.68,81.45,MODELLED,CONDITIONAL_OPEN_SCENARIO,81.25,81.44,EXIT_ONLY_FROZEN_ENTRIES,C1_T10
MOMENTUM_USDRUBF,MOMENTUM_USDRUBF_001056,MOMENTUM,USDRUBF,2023-06-06 13:00:00,2023-06-06 13:10:00,2023-06-06 13:10:00,2023-06-06 13:15:00,2023-06-06 10:00:00--2023-06-06 14:00:00,SHORT,-1,81.32,0.05333333333333333333333333333,81.24264295507702234051133158,81.51,81.33,81.40,81.16,81.31,MODELLED,CONDITIONAL_OPEN_SCENARIO,81.29,81.4,EXIT_ONLY_FROZEN_ENTRIES,C1_T10
MOMENTUM_USDRUBF,MOMENTUM_USDRUBF_001060,MOMENTUM,USDRUBF,2023-06-06 15:35:00,2023-06-06 15:45:00,2023-06-06 15:45:00,2023-06-06 15:50:00,2023-06-06 14:05:00--2023-06-06 18:50:00,LONG,1,81.41,0.06083333333333333333333333333,81.32035997559487492373398420,81.39,81.25,81.32,81.60,81.42,MODELLED,CONDITIONAL_OPEN_SCENARIO,81.31,81.42,EXIT_ONLY_FROZEN_ENTRIES,C1_T10
MOMENTUM_USDRUBF,MOMENTUM_USDRUBF_001068,MOMENTUM,USDRUBF,2023-06-08 15:15:00,2023-06-08 15:25:00,2023-06-08 15:25:00,2023-06-08 15:30:00,2023-06-08 14:05:00--2023-06-08 18:50:00,LONG,1,82.24,0.045,82.14347209920283436669619132,82.22,82.04,82.18,82.38,82.25,MODELLED,CONDITIONAL_OPEN_SCENARIO,82.12,82.26,EXIT_ONLY_FROZEN_ENTRIES,C1_T10
MOMENTUM_USDRUBF,MOMENTUM_USDRUBF_001071,MOMENTUM,USDRUBF,2023-06-08 16:00:00,2023-06-08 16:10:00,2023-06-08 16:10:00,2023-06-08 16:15:00,2023-06-08 14:05:00--2023-06-08 18:50:00,LONG,1,82.36,0.04583333333333333333333333333,82.24543788783514810912071187,82.32,82.1,82.30,82.50,82.37,MODELLED,CONDITIONAL_OPEN_SCENARIO,82.26,82.37,EXIT_ONLY_FROZEN_ENTRIES,C1_T10
MOMENTUM_USDRUBF,MOMENTUM_USDRUBF_001078,MOMENTUM,USDRUBF,2023-06-09 11:45:00,2023-06-09 11:55:00,2023-06-09 11:55:00,2023-06-09 12:00:00,2023-06-09 10:00:00--2023-06-09 14:00:00,SHORT,-1,82.57,0.04666666666666666666666666667,82.67472905012148951799740070,82.78,82.63,82.64,82.43,82.56,MODELLED,CONDITIONAL_OPEN_SCENARIO,82.55,82.68,EXIT_ONLY_FROZEN_ENTRIES,C1_T10
MOMENTUM_USDRUBF,MOMENTUM_USDRUBF_001081,MOMENTUM,USDRUBF,2023-06-09 15:10:00,2023-06-09 15:20:00,2023-06-09 15:20:00,2023-06-09 15:25:00,2023-06-09 14:05:00--2023-06-09 18:50:00,SHORT,-1,82.54,0.05166666666666666666666666667,82.64834206505129884304736955,82.76,82.59,82.61,82.38,82.53,MODELLED,CONDITIONAL_OPEN_SCENARIO,82.5,82.66,EXIT_ONLY_FROZEN_ENTRIES,C1_T10
MOMENTUM_USDRUBF,MOMENTUM_USDRUBF_001084,MOMENTUM,USDRUBF,2023-06-09 17:35:00,2023-06-09 17:45:00,2023-06-09 17:45:00,2023-06-09 17:50:00,2023-06-09 14:05:00--2023-06-09 18:50:00,LONG,1,82.57,0.0675,82.49589620167237495757351351,82.53,82.27,82.47,82.78,82.58,MODELLED,CONDITIONAL_OPEN_SCENARIO,82.46,82.58,EXIT_ONLY_FROZEN_ENTRIES,C1_T10
MOMENTUM_USDRUBF,MOMENTUM_USDRUBF_001085,MOMENTUM,USDRUBF,2023-06-13 11:05:00,2023-06-13 11:15:00,2023-06-13 11:15:00,2023-06-13 11:20:00,2023-06-13 10:00:00--2023-06-13 14:00:00,LONG,1,83.72,0.1216666666666666666666666667,83.41982155874615701562549523,83.7,83.02,83.54,84.09,83.75,MODELLED,CONDITIONAL_OPEN_SCENARIO,83.54,83.72,EXIT_ONLY_FROZEN_ENTRIES,C1_T10
MOMENTUM_USDRUBF,MOMENTUM_USDRUBF_001090,MOMENTUM,USDRUBF,2023-06-13 12:00:00,2023-06-13 12:10:00,2023-06-13 12:10:00,2023-06-13 12:15:00,2023-06-13 10:00:00--2023-06-13 14:00:00,LONG,1,84.1,0.07916666666666666666666666667,83.62201840858341048962474805,83.98,83.61,83.99,84.34,84.11,MODELLED,CONDITIONAL_OPEN_SCENARIO,83.87,84.18,EXIT_ONLY_FROZEN_ENTRIES,C1_T10
MOMENTUM_USDRUBF,MOMENTUM_USDRUBF_001098,MOMENTUM,USDRUBF,2023-06-13 17:10:00,2023-06-13 17:20:00,2023-06-13 17:20:00,2023-06-13 17:25:00,2023-06-13 14:05:00--2023-06-13 18:50:00,LONG,1,84.13,0.0575,83.84155957725402169846614292,84.05,83.78,84.05,84.31,84.14,MODELLED,CONDITIONAL_OPEN_SCENARIO,83.98,84.15,EXIT_ONLY_FROZEN_ENTRIES,C1_T10
MOMENTUM_USDRUBF,MOMENTUM_USDRUBF_001102,MOMENTUM,USDRUBF,2023-06-14 12:05:00,2023-06-14 12:15:00,2023-06-14 12:15:00,2023-06-14 12:20:00,2023-06-14 10:00:00--2023-06-14 14:00:00,SHORT,-1,84.45,0.05083333333333333333333333333,84.65048862266425557564798073,84.65,84.46,84.52,84.29,84.44,MODELLED,CONDITIONAL_OPEN_SCENARIO,84.45,84.57,EXIT_ONLY_FROZEN_ENTRIES,C1_T10
MOMENTUM_USDRUBF,MOMENTUM_USDRUBF_001109,MOMENTUM,USDRUBF,2023-06-14 15:15:00,2023-06-14 15:25:00,2023-06-14 15:25:00,2023-06-14 15:30:00,2023-06-14 14:05:00--2023-06-14 18:50:00,SHORT,-1,83.82,0.07,83.98113945999504582610849641,84.18,83.85,83.92,83.61,83.81,MODELLED,CONDITIONAL_OPEN_SCENARIO,83.82,83.96,EXIT_ONLY_FROZEN_ENTRIES,C1_T10
MOMENTUM_USDRUBF,MOMENTUM_USDRUBF_001115,MOMENTUM,USDRUBF,2023-06-14 16:25:00,2023-06-14 16:35:00,2023-06-14 16:35:00,2023-06-14 16:40:00,2023-06-14 14:05:00--2023-06-14 18:50:00,LONG,1,84.16,0.1025,83.94637581943407186125632728,84.1,83.7,84.01,84.47,84.18,MODELLED,CONDITIONAL_OPEN_SCENARIO,83.95,84.17,EXIT_ONLY_FROZEN_ENTRIES,C1_T10
MOMENTUM_USDRUBF,MOMENTUM_USDRUBF_001124,MOMENTUM,USDRUBF,2023-06-15 12:15:00,2023-06-15 12:25:00,2023-06-15 12:25:00,2023-06-15 12:30:00,2023-06-15 10:00:00--2023-06-15 14:00:00,SHORT,-1,83.62,0.07416666666666666666666666667,84.24907553366174055829228244,84.46,83.94,83.73,83.39,83.61,MODELLED,CONDITIONAL_OPEN_SCENARIO,83.57,84.22,EXIT_ONLY_FROZEN_ENTRIES,C1_T10
MOMENTUM_USDRUBF,MOMENTUM_USDRUBF_001125,MOMENTUM,USDRUBF,2023-06-15 15:20:00,2023-06-15 15:30:00,2023-06-15 15:30:00,2023-06-15 15:35:00,2023-06-15 14:05:00--2023-06-15 18:50:00,SHORT,-1,83.32,0.09583333333333333333333333333,83.52044981648591218919888509,83.72,83.4,83.46,83.03,83.30,MODELLED,CONDITIONAL_OPEN_SCENARIO,83.3,83.72,EXIT_ONLY_FROZEN_ENTRIES,C1_T10
MOMENTUM_USDRUBF,MOMENTUM_USDRUBF_001126,MOMENTUM,USDRUBF,2023-06-15 17:20:00,2023-06-15 17:30:00,2023-06-15 17:30:00,2023-06-15 17:35:00,2023-06-15 14:05:00--2023-06-15 18:50:00,LONG,1,83.58,0.07166666666666666666666666667,83.48089577329490874159462043,83.51,83.26,83.48,83.80,83.59,MODELLED,CONDITIONAL_OPEN_SCENARIO,83.34,83.58,EXIT_ONLY_FROZEN_ENTRIES,C1_T10
MOMENTUM_USDRUBF,MOMENTUM_USDRUBF_001130,MOMENTUM,USDRUBF,2023-06-16 11:05:00,2023-06-16 11:15:00,2023-06-16 11:15:00,2023-06-16 11:20:00,2023-06-16 10:00:00--2023-06-16 14:00:00,SHORT,-1,83.59,0.0975,83.80930297700475539052830434,83.96,83.62,83.73,83.29,83.57,MODELLED,CONDITIONAL_OPEN_SCENARIO,83.56,83.83,EXIT_ONLY_FROZEN_ENTRIES,C1_T10
MOMENTUM_USDRUBF,MOMENTUM_USDRUBF_001138,MOMENTUM,USDRUBF,2023-06-16 17:10:00,2023-06-16 17:20:00,2023-06-16 17:20:00,2023-06-16 17:25:00,2023-06-16 14:05:00--2023-06-16 18:50:00,LONG,1,83.92,0.085,83.72269963502185858099707216,83.9,83.66,83.80,84.18,83.94,MODELLED,CONDITIONAL_OPEN_SCENARIO,83.77,83.92,EXIT_ONLY_FROZEN_ENTRIES,C1_T10
MOMENTUM_USDRUBF,MOMENTUM_USDRUBF_001148,MOMENTUM,USDRUBF,2023-06-19 13:10:00,2023-06-19 13:20:00,2023-06-19 13:20:00,2023-06-19 13:25:00,2023-06-19 10:00:00--2023-06-19 14:00:00,LONG,1,84.03,0.06666666666666666666666666667,83.91570128269758583991486024,83.99,83.82,83.93,84.23,84.04,MODELLED,CONDITIONAL_OPEN_SCENARIO,83.86,84.06,EXIT_ONLY_FROZEN_ENTRIES,C1_T10
MOMENTUM_USDRUBF,MOMENTUM_USDRUBF_001151,MOMENTUM,USDRUBF,2023-06-19 17:10:00,2023-06-19 17:20:00,2023-06-19 17:20:00,2023-06-19 17:25:00,2023-06-19 14:05:00--2023-06-19 18:50:00,LONG,1,84.09,0.065,83.94659684875931691669025378,84.05,83.85,84.00,84.29,84.10,MODELLED,CONDITIONAL_OPEN_SCENARIO,83.95,84.1,EXIT_ONLY_FROZEN_ENTRIES,C1_T10
MOMENTUM_USDRUBF,MOMENTUM_USDRUBF_001155,MOMENTUM,USDRUBF,2023-06-20 12:25:00,2023-06-20 12:35:00,2023-06-20 12:35:00,2023-06-20 12:40:00,2023-06-20 10:00:00--2023-06-20 14:00:00,SHORT,-1,84.02,0.05083333333333333333333333333,84.06058290888511601584606677,84.18,84.03,84.09,83.86,84.01,MODELLED,CONDITIONAL_OPEN_SCENARIO,84,84.08,EXIT_ONLY_FROZEN_ENTRIES,C1_T10
MOMENTUM_USDRUBF,MOMENTUM_USDRUBF_001156,MOMENTUM,USDRUBF,2023-06-20 12:45:00,2023-06-20 12:55:00,2023-06-20 12:55:00,2023-06-20 13:00:00,2023-06-20 10:00:00--2023-06-20 14:00:00,LONG,1,84.15,0.03083333333333333333333333333,84.06322254998361193051458537,84.1,84,84.11,84.25,84.15,MODELLED,CONDITIONAL_OPEN_SCENARIO,84.03,84.17,EXIT_ONLY_FROZEN_ENTRIES,C1_T10
MOMENTUM_USDRUBF,MOMENTUM_USDRUBF_001169,MOMENTUM,USDRUBF,2023-06-21 12:40:00,2023-06-21 12:50:00,2023-06-21 12:50:00,2023-06-21 12:55:00,2023-06-21 10:00:00--2023-06-21 14:00:00,SHORT,-1,83.94,0.0975,84.24857501064484080049202820,84.39,84.01,84.08,83.64,83.92,MODELLED,CONDITIONAL_OPEN_SCENARIO,83.93,84.1,EXIT_ONLY_FROZEN_ENTRIES,C1_T10
MOMENTUM_USDRUBF,MOMENTUM_USDRUBF_001171,MOMENTUM,USDRUBF,2023-06-21 16:15:00,2023-06-21 16:25:00,2023-06-21 16:25:00,2023-06-21 16:30:00,2023-06-21 14:05:00--2023-06-21 18:50:00,SHORT,-1,84.03,0.07333333333333333333333333333,84.09184790546371904667064995,84.26,84.05,84.14,83.81,84.02,MODELLED,CONDITIONAL_OPEN_SCENARIO,84.03,84.26,EXIT_ONLY_FROZEN_ENTRIES,C1_T10
MOMENTUM_USDRUBF,MOMENTUM_USDRUBF_001175,MOMENTUM,USDRUBF,2023-06-21 17:25:00,2023-06-21 17:35:00,2023-06-21 17:35:00,2023-06-21 17:40:00,2023-06-21 14:05:00--2023-06-21 18:50:00,SHORT,-1,83.7,0.08,84.00283197188449848024316114,84.08,83.73,83.82,83.46,83.68,MODELLED,CONDITIONAL_OPEN_SCENARIO,83.68,83.91,EXIT_ONLY_FROZEN_ENTRIES,C1_T10
MOMENTUM_USDRUBF,MOMENTUM_USDRUBF_001181,MOMENTUM,USDRUBF,2023-06-22 15:45:00,2023-06-22 15:55:00,2023-06-22 15:55:00,2023-06-22 16:00:00,2023-06-22 14:05:00--2023-06-22 18:50:00,LONG,1,83.79,0.06416666666666666666666666667,83.64601873767258382642998027,83.77,83.6,83.70,83.99,83.80,MODELLED,CONDITIONAL_OPEN_SCENARIO,83.68,83.79,EXIT_ONLY_FROZEN_ENTRIES,C1_T10
MOMENTUM_USDRUBF,MOMENTUM_USDRUBF_001191,MOMENTUM,USDRUBF,2023-06-23 12:15:00,2023-06-23 12:25:00,2023-06-23 12:25:00,2023-06-23 12:30:00,2023-06-23 10:00:00--2023-06-23 14:00:00,LONG,1,84.07,0.07416666666666666666666666667,83.77231686721553725986911550,84.03,83.66,83.96,84.30,84.08,MODELLED,CONDITIONAL_OPEN_SCENARIO,83.91,84.08,EXIT_ONLY_FROZEN_ENTRIES,C1_T10
MOMENTUM_USDRUBF,MOMENTUM_USDRUBF_001196,MOMENTUM,USDRUBF,2023-06-23 15:20:00,2023-06-23 15:30:00,2023-06-23 15:30:00,2023-06-23 15:35:00,2023-06-23 14:05:00--2023-06-23 18:50:00,SHORT,-1,84.4,0.0975,84.57739891436800708984158636,84.78,84.41,84.54,84.10,84.38,MODELLED,CONDITIONAL_OPEN_SCENARIO,84.34,84.63,EXIT_ONLY_FROZEN_ENTRIES,C1_T10
MOMENTUM_USDRUBF,MOMENTUM_USDRUBF_001199,MOMENTUM,USDRUBF,2023-06-23 17:05:00,2023-06-23 17:15:00,2023-06-23 17:15:00,2023-06-23 17:20:00,2023-06-23 14:05:00--2023-06-23 18:50:00,LONG,1,84.65,0.09083333333333333333333333333,84.51009373942470389170896786,84.56,84.25,84.52,84.93,84.67,MODELLED,CONDITIONAL_OPEN_SCENARIO,84.49,84.66,EXIT_ONLY_FROZEN_ENTRIES,C1_T10
MOMENTUM_USDRUBF,MOMENTUM_USDRUBF_001205,MOMENTUM,USDRUBF,2023-06-26 12:15:00,2023-06-26 12:25:00,2023-06-26 12:25:00,2023-06-26 12:30:00,2023-06-26 10:00:00--2023-06-26 14:00:00,SHORT,-1,84.4,0.07833333333333333333333333333,84.78153238110269360269360267,84.84,84.48,84.51,84.16,84.39,MODELLED,CONDITIONAL_OPEN_SCENARIO,84.37,84.59,EXIT_ONLY_FROZEN_ENTRIES,C1_T10
MOMENTUM_USDRUBF,MOMENTUM_USDRUBF_001217,MOMENTUM,USDRUBF,2023-06-26 16:15:00,2023-06-26 16:25:00,2023-06-26 16:25:00,2023-06-26 16:30:00,2023-06-26 14:05:00--2023-06-26 18:50:00,LONG,1,85.24,0.115,84.67642238373160077818155121,85.22,84.47,85.07,85.59,85.26,MODELLED,CONDITIONAL_OPEN_SCENARIO,85.06,85.26,EXIT_ONLY_FROZEN_ENTRIES,C1_T10
MOMENTUM_USDRUBF,MOMENTUM_USDRUBF_001220,MOMENTUM,USDRUBF,2023-06-26 17:45:00,2023-06-26 17:55:00,2023-06-26 17:55:00,2023-06-26 18:00:00,2023-06-26 14:05:00--2023-06-26 18:50:00,LONG,1,85.27,0.08333333333333333333333333333,84.77997499791649304108675723,85.25,84.91,85.15,85.52,85.29,MODELLED,CONDITIONAL_OPEN_SCENARIO,85.11,85.27,EXIT_ONLY_FROZEN_ENTRIES,C1_T10
MOMENTUM_USDRUBF,MOMENTUM_USDRUBF_001226,MOMENTUM,USDRUBF,2023-06-27 12:20:00,2023-06-27 12:30:00,2023-06-27 12:30:00,2023-06-27 12:35:00,2023-06-27 10:00:00--2023-06-27 14:00:00,SHORT,-1,84.85,0.06666666666666666666666666667,84.94442741958623855843447821,85.11,84.86,84.95,84.65,84.84,MODELLED,CONDITIONAL_OPEN_SCENARIO,84.83,84.93,EXIT_ONLY_FROZEN_ENTRIES,C1_T10
MOMENTUM_USDRUBF,MOMENTUM_USDRUBF_001227,MOMENTUM,USDRUBF,2023-06-27 13:05:00,2023-06-27 13:15:00,2023-06-27 13:15:00,2023-06-27 13:20:00,2023-06-27 10:00:00--2023-06-27 14:00:00,LONG,1,84.97,0.03416666666666666666666666667,84.94192998808968981409559321,84.95,84.83,84.92,85.08,84.97,MODELLED,CONDITIONAL_OPEN_SCENARIO,84.9,85.03,EXIT_ONLY_FROZEN_ENTRIES,C1_T10
MOMENTUM_USDRUBF,MOMENTUM_USDRUBF_001230,MOMENTUM,USDRUBF,2023-06-27 15:45:00,2023-06-27 15:55:00,2023-06-27 15:55:00,2023-06-27 16:00:00,2023-06-27 14:05:00--2023-06-27 18:50:00,LONG,1,85.15,0.05833333333333333333333333333,85.06025513893192851978101438,85.12,84.97,85.07,85.33,85.16,MODELLED,CONDITIONAL_OPEN_SCENARIO,85.08,85.15,EXIT_ONLY_FROZEN_ENTRIES,C1_T10
MOMENTUM_USDRUBF,MOMENTUM_USDRUBF_001231,MOMENTUM,USDRUBF,2023-06-27 16:30:00,2023-06-27 16:40:00,2023-06-27 16:40:00,2023-06-27 16:45:00,2023-06-27 14:05:00--2023-06-27 18:50:00,LONG,1,85.16,0.05,85.07666008771929824561403509,85.15,85.02,85.09,85.31,85.17,MODELLED,CONDITIONAL_OPEN_SCENARIO,85.08,85.16,EXIT_ONLY_FROZEN_ENTRIES,C1_T10
MOMENTUM_USDRUBF,MOMENTUM_USDRUBF_001236,MOMENTUM,USDRUBF,2023-06-28 11:35:00,2023-06-28 11:45:00,2023-06-28 11:45:00,2023-06-28 11:50:00,2023-06-28 10:00:00--2023-06-28 14:00:00,LONG,1,85.69,0.08333333333333333333333333333,85.48659844220819830575928134,85.68,85.36,85.57,85.94,85.71,MODELLED,CONDITIONAL_OPEN_SCENARIO,85.55,85.7,EXIT_ONLY_FROZEN_ENTRIES,C1_T10
MOMENTUM_USDRUBF,MOMENTUM_USDRUBF_001237,MOMENTUM,USDRUBF,2023-06-28 12:40:00,2023-06-28 12:50:00,2023-06-28 12:50:00,2023-06-28 12:55:00,2023-06-28 10:00:00--2023-06-28 14:00:00,SHORT,-1,85.55,0.06416666666666666666666666667,85.54921819982394366197183099,85.73,85.56,85.64,85.35,85.54,MODELLED,CONDITIONAL_OPEN_SCENARIO,85.51,85.72,EXIT_ONLY_FROZEN_ENTRIES,C1_T10
MOMENTUM_USDRUBF,MOMENTUM_USDRUBF_001239,MOMENTUM,USDRUBF,2023-06-28 15:35:00,2023-06-28 15:45:00,2023-06-28 15:45:00,2023-06-28 15:50:00,2023-06-28 14:05:00--2023-06-28 18:50:00,LONG,1,86,0.09666666666666666666666666667,85.85807845140781108083560402,85.99,85.77,85.86,86.29,86.02,MODELLED,CONDITIONAL_OPEN_SCENARIO,85.77,86,EXIT_ONLY_FROZEN_ENTRIES,C1_T10
MOMENTUM_USDRUBF,MOMENTUM_USDRUBF_001245,MOMENTUM,USDRUBF,2023-06-29 15:30:00,2023-06-29 15:40:00,2023-06-29 15:40:00,2023-06-29 15:45:00,2023-06-29 14:05:00--2023-06-29 18:50:00,LONG,1,87.4,0.06083333333333333333333333333,87.15409398814563928873835732,87.25,87.08,87.31,87.59,87.41,MODELLED,CONDITIONAL_OPEN_SCENARIO,87.16,87.42,EXIT_ONLY_FROZEN_ENTRIES,C1_T10
MOMENTUM_USDRUBF,MOMENTUM_USDRUBF_001252,MOMENTUM,USDRUBF,2023-06-30 11:50:00,2023-06-30 12:00:00,2023-06-30 12:00:00,2023-06-30 12:05:00,2023-06-30 10:00:00--2023-06-30 14:00:00,SHORT,-1,87.69,0.1733333333333333333333333333,88.00594047717670449838455801,88.41,87.7,87.95,87.17,87.65,MODELLED,CONDITIONAL_OPEN_SCENARIO,87.63,87.9,EXIT_ONLY_FROZEN_ENTRIES,C1_T10
MOMENTUM_USDRUBF,MOMENTUM_USDRUBF_001253,MOMENTUM,USDRUBF,2023-06-30 12:40:00,2023-06-30 12:50:00,2023-06-30 12:50:00,2023-06-30 12:55:00,2023-06-30 10:00:00--2023-06-30 14:00:00,LONG,1,88.05,0.1266666666666666666666666667,87.94274032783320731966455654,88.03,87.62,87.86,88.43,88.08,MODELLED,CONDITIONAL_OPEN_SCENARIO,87.7,88.06,EXIT_ONLY_FROZEN_ENTRIES,C1_T10
MOMENTUM_USDRUBF,MOMENTUM_USDRUBF_001262,MOMENTUM,USDRUBF,2023-06-30 15:40:00,2023-06-30 15:50:00,2023-06-30 15:50:00,2023-06-30 15:55:00,2023-06-30 14:05:00--2023-06-30 18:50:00,LONG,1,89.39,0.13,89.03208981521272024065320155,89.18,88.78,89.20,89.78,89.42,MODELLED,CONDITIONAL_OPEN_SCENARIO,88.87,89.39,EXIT_ONLY_FROZEN_ENTRIES,C1_T10
MOMENTUM_USDRUBF,MOMENTUM_USDRUBF_001273,MOMENTUM,USDRUBF,2023-07-03 16:15:00,2023-07-03 16:25:00,2023-07-03 16:25:00,2023-07-03 16:30:00,2023-07-03 14:05:00--2023-07-03 18:50:00,SHORT,-1,88.67,0.09333333333333333333333333333,89.16289066760636646614144154,89.31,88.78,88.81,88.39,88.65,MODELLED,CONDITIONAL_OPEN_SCENARIO,88.67,88.95,EXIT_ONLY_FROZEN_ENTRIES,C1_T10
MOMENTUM_USDRUBF,MOMENTUM_USDRUBF_001275,MOMENTUM,USDRUBF,2023-07-03 17:50:00,2023-07-03 18:00:00,2023-07-03 18:00:00,2023-07-03 18:05:00,2023-07-03 14:05:00--2023-07-03 18:50:00,SHORT,-1,88.57,0.0925,89.01912193649854042980424923,88.92,88.61,88.70,88.29,88.55,MODELLED,CONDITIONAL_OPEN_SCENARIO,88.57,88.72,EXIT_ONLY_FROZEN_ENTRIES,C1_T10
MOMENTUM_USDRUBF,MOMENTUM_USDRUBF_001277,MOMENTUM,USDRUBF,2023-07-04 11:20:00,2023-07-04 11:30:00,2023-07-04 11:30:00,2023-07-04 11:35:00,2023-07-04 10:00:00--2023-07-04 14:00:00,LONG,1,89.25,0.10,88.88932817013952916589833422,89.11,88.6,89.10,89.55,89.27,MODELLED,CONDITIONAL_OPEN_SCENARIO,88.99,89.33,EXIT_ONLY_FROZEN_ENTRIES,C1_T10
MOMENTUM_USDRUBF,MOMENTUM_USDRUBF_001278,MOMENTUM,USDRUBF,2023-07-04 12:30:00,2023-07-04 12:40:00,2023-07-04 12:40:00,2023-07-04 12:45:00,2023-07-04 10:00:00--2023-07-04 14:00:00,LONG,1,89.38,0.145,89.02766294598997255446322740,89.37,88.87,89.17,89.82,89.41,MODELLED,CONDITIONAL_OPEN_SCENARIO,89.06,89.41,EXIT_ONLY_FROZEN_ENTRIES,C1_T10
MOMENTUM_USDRUBF,MOMENTUM_USDRUBF_001284,MOMENTUM,USDRUBF,2023-07-04 15:50:00,2023-07-04 16:00:00,2023-07-04 16:00:00,2023-07-04 16:05:00,2023-07-04 14:05:00--2023-07-04 18:50:00,SHORT,-1,89.36,0.1283333333333333333333333333,89.67913150619064791441279003,90.07,89.5,89.55,88.97,89.33,MODELLED,CONDITIONAL_OPEN_SCENARIO,89.3,89.88,EXIT_ONLY_FROZEN_ENTRIES,C1_T10
MOMENTUM_USDRUBF,MOMENTUM_USDRUBF_001287,MOMENTUM,USDRUBF,2023-07-04 17:00:00,2023-07-04 17:10:00,2023-07-04 17:10:00,2023-07-04 17:15:00,2023-07-04 14:05:00--2023-07-04 18:50:00,SHORT,-1,88.86,0.14,89.46853186646433990895295905,89.7,89.05,89.07,88.44,88.83,MODELLED,CONDITIONAL_OPEN_SCENARIO,88.82,89.19,EXIT_ONLY_FROZEN_ENTRIES,C1_T10
MOMENTUM_USDRUBF,MOMENTUM_USDRUBF_001298,MOMENTUM,USDRUBF,2023-07-05 15:35:00,2023-07-05 15:45:00,2023-07-05 15:45:00,2023-07-05 15:50:00,2023-07-05 14:05:00--2023-07-05 18:50:00,LONG,1,90.74,0.1108333333333333333333333333,90.55543404789494013132483580,90.7,90.35,90.58,91.08,90.76,MODELLED,CONDITIONAL_OPEN_SCENARIO,90.45,90.74,EXIT_ONLY_FROZEN_ENTRIES,C1_T10
MOMENTUM_USDRUBF,MOMENTUM_USDRUBF_001304,MOMENTUM,USDRUBF,2023-07-06 11:55:00,2023-07-06 12:05:00,2023-07-06 12:05:00,2023-07-06 12:10:00,2023-07-06 10:00:00--2023-07-06 14:00:00,SHORT,-1,92.66,0.2658333333333333333333333333,93.10559431424949463802377771,93.49,92.72,93.05,91.86,92.60,MODELLED,CONDITIONAL_OPEN_SCENARIO,92.65,93.09,EXIT_ONLY_FROZEN_ENTRIES,C1_T10
MOMENTUM_USDRUBF,MOMENTUM_USDRUBF_001312,MOMENTUM,USDRUBF,2023-07-06 16:05:00,2023-07-06 16:15:00,2023-07-06 16:15:00,2023-07-06 16:20:00,2023-07-06 14:05:00--2023-07-06 18:50:00,SHORT,-1,91.47,0.2308333333333333333333333333,91.67250920254887404107894089,92.45,91.5,91.81,90.77,91.42,MODELLED,CONDITIONAL_OPEN_SCENARIO,91.45,91.68,EXIT_ONLY_FROZEN_ENTRIES,C1_T10
MOMENTUM_USDRUBF,MOMENTUM_USDRUBF_001319,MOMENTUM,USDRUBF,2023-07-07 11:50:00,2023-07-07 12:00:00,2023-07-07 12:00:00,2023-07-07 12:05:00,2023-07-07 10:00:00--2023-07-07 14:00:00,LONG,1,91.79,0.09916666666666666666666666667,91.60672005483108778385008030,91.75,91.48,91.65,92.09,91.81,MODELLED,CONDITIONAL_OPEN_SCENARIO,91.64,91.79,EXIT_ONLY_FROZEN_ENTRIES,C1_T10
MOMENTUM_USDRUBF,MOMENTUM_USDRUBF_001328,MOMENTUM,USDRUBF,2023-07-07 17:20:00,2023-07-07 17:30:00,2023-07-07 17:30:00,2023-07-07 17:35:00,2023-07-07 14:05:00--2023-07-07 18:50:00,SHORT,-1,91.04,0.1133333333333333333333333333,91.43847986341267450035151142,91.54,91.13,91.21,90.70,91.02,MODELLED,CONDITIONAL_OPEN_SCENARIO,91.04,91.34,EXIT_ONLY_FROZEN_ENTRIES,C1_T10
MOMENTUM_USDRUBF,MOMENTUM_USDRUBF_001338,MOMENTUM,USDRUBF,2023-07-10 17:35:00,2023-07-10 17:45:00,2023-07-10 17:45:00,2023-07-10 17:50:00,2023-07-10 14:05:00--2023-07-10 18:50:00,LONG,1,90.82,0.1533333333333333333333333333,90.79969669548099286389001341,90.7,90.23,90.59,91.28,90.85,MODELLED,CONDITIONAL_OPEN_SCENARIO,90.56,90.84,EXIT_ONLY_FROZEN_ENTRIES,C1_T10
MOMENTUM_USDRUBF,MOMENTUM_USDRUBF_001340,MOMENTUM,USDRUBF,2023-07-11 12:20:00,2023-07-11 12:30:00,2023-07-11 12:30:00,2023-07-11 12:35:00,2023-07-11 10:00:00--2023-07-11 14:00:00,SHORT,-1,90.32,0.1283333333333333333333333333,90.58114298214723991847275132,91,90.48,90.51,89.93,90.29,MODELLED,CONDITIONAL_OPEN_SCENARIO,90.28,90.71,EXIT_ONLY_FROZEN_ENTRIES,C1_T10
MOMENTUM_USDRUBF,MOMENTUM_USDRUBF_001344,MOMENTUM,USDRUBF,2023-07-11 15:15:00,2023-07-11 15:25:00,2023-07-11 15:25:00,2023-07-11 15:30:00,2023-07-11 14:05:00--2023-07-11 18:50:00,SHORT,-1,89.94,0.09916666666666666666666666667,90.12738047808764940239043825,90.34,89.97,90.08,89.64,89.92,MODELLED,CONDITIONAL_OPEN_SCENARIO,89.91,90.07,EXIT_ONLY_FROZEN_ENTRIES,C1_T10
MOMENTUM_USDRUBF,MOMENTUM_USDRUBF_001346,MOMENTUM,USDRUBF,2023-07-11 17:00:00,2023-07-11 17:10:00,2023-07-11 17:10:00,2023-07-11 17:15:00,2023-07-11 14:05:00--2023-07-11 18:50:00,LONG,1,90.08,0.11,90.01084123401053423626787058,90.05,89.75,89.92,90.41,90.10,MODELLED,CONDITIONAL_OPEN_SCENARIO,89.94,90.09,EXIT_ONLY_FROZEN_ENTRIES,C1_T10
MOMENTUM_USDRUBF,MOMENTUM_USDRUBF_001351,MOMENTUM,USDRUBF,2023-07-12 13:05:00,2023-07-12 13:15:00,2023-07-12 13:15:00,2023-07-12 13:20:00,2023-07-12 10:00:00--2023-07-12 14:00:00,SHORT,-1,90.39,0.06916666666666666666666666667,90.48502152846001770791640898,90.62,90.4,90.49,90.18,90.38,MODELLED,CONDITIONAL_OPEN_SCENARIO,90.39,90.5,EXIT_ONLY_FROZEN_ENTRIES,C1_T10
MOMENTUM_USDRUBF,MOMENTUM_USDRUBF_001353,MOMENTUM,USDRUBF,2023-07-12 15:30:00,2023-07-12 15:40:00,2023-07-12 15:40:00,2023-07-12 15:45:00,2023-07-12 14:05:00--2023-07-12 18:50:00,SHORT,-1,90.56,0.0875,90.70522544865833074988805069,90.87,90.59,90.69,90.29,90.54,MODELLED,CONDITIONAL_OPEN_SCENARIO,90.52,90.68,EXIT_ONLY_FROZEN_ENTRIES,C1_T10
MOMENTUM_USDRUBF,MOMENTUM_USDRUBF_001354,MOMENTUM,USDRUBF,2023-07-12 17:20:00,2023-07-12 17:30:00,2023-07-12 17:30:00,2023-07-12 17:35:00,2023-07-12 14:05:00--2023-07-12 18:50:00,LONG,1,90.63,0.08416666666666666666666666667,90.64965247571097487184756424,90.59,90.37,90.51,90.89,90.65,MODELLED,CONDITIONAL_OPEN_SCENARIO,90.46,90.65,EXIT_ONLY_FROZEN_ENTRIES,C1_T10
MOMENTUM_USDRUBF,MOMENTUM_USDRUBF_001359,MOMENTUM,USDRUBF,2023-07-13 12:00:00,2023-07-13 12:10:00,2023-07-13 12:10:00,2023-07-13 12:15:00,2023-07-13 10:00:00--2023-07-13 14:00:00,SHORT,-1,89.91,0.08916666666666666666666666667,90.32197653876051162462016819,90.47,89.98,90.04,89.64,89.89,MODELLED,CONDITIONAL_OPEN_SCENARIO,89.89,90.12,EXIT_ONLY_FROZEN_ENTRIES,C1_T10
MOMENTUM_USDRUBF,MOMENTUM_USDRUBF_001364,MOMENTUM,USDRUBF,2023-07-13 16:55:00,2023-07-13 17:05:00,2023-07-13 17:05:00,2023-07-13 17:10:00,2023-07-13 14:05:00--2023-07-13 18:50:00,SHORT,-1,89.73,0.085,89.86866218679315721281595178,90.04,89.76,89.85,89.47,89.71,MODELLED,CONDITIONAL_OPEN_SCENARIO,89.65,89.86,EXIT_ONLY_FROZEN_ENTRIES,C1_T10
MOMENTUM_USDRUBF,MOMENTUM_USDRUBF_001365,MOMENTUM,USDRUBF,2023-07-13 17:20:00,2023-07-13 17:30:00,2023-07-13 17:30:00,2023-07-13 17:35:00,2023-07-13 14:05:00--2023-07-13 18:50:00,LONG,1,90,0.08,89.86819170854755165309148316,89.93,89.65,89.88,90.24,90.02,MODELLED,CONDITIONAL_OPEN_SCENARIO,89.73,90,EXIT_ONLY_FROZEN_ENTRIES,C1_T10
MOMENTUM_USDRUBF,MOMENTUM_USDRUBF_001368,MOMENTUM,USDRUBF,2023-07-14 12:15:00,2023-07-14 12:25:00,2023-07-14 12:25:00,2023-07-14 12:30:00,2023-07-14 10:00:00--2023-07-14 14:00:00,LONG,1,90.14,0.06666666666666666666666666667,89.99082108019221865670450376,90.1,89.91,90.04,90.34,90.15,MODELLED,CONDITIONAL_OPEN_SCENARIO,90,90.15,EXIT_ONLY_FROZEN_ENTRIES,C1_T10
MOMENTUM_USDRUBF,MOMENTUM_USDRUBF_001378,MOMENTUM,USDRUBF,2023-07-17 15:30:00,2023-07-17 15:40:00,2023-07-17 15:40:00,2023-07-17 15:45:00,2023-07-17 14:05:00--2023-07-17 18:50:00,LONG,1,90.42,0.04166666666666666666666666667,90.33367102396514161220043575,90.41,90.27,90.36,90.55,90.43,MODELLED,CONDITIONAL_OPEN_SCENARIO,90.33,90.43,EXIT_ONLY_FROZEN_ENTRIES,C1_T10
MOMENTUM_USDRUBF,MOMENTUM_USDRUBF_001389,MOMENTUM,USDRUBF,2023-07-18 12:10:00,2023-07-18 12:20:00,2023-07-18 12:20:00,2023-07-18 12:25:00,2023-07-18 10:00:00--2023-07-18 14:00:00,LONG,1,90.65,0.06416666666666666666666666667,90.60365592937246480553567167,90.64,90.42,90.56,90.85,90.66,MODELLED,CONDITIONAL_OPEN_SCENARIO,90.55,90.65,EXIT_ONLY_FROZEN_ENTRIES,C1_T10
MOMENTUM_USDRUBF,MOMENTUM_USDRUBF_001390,MOMENTUM,USDRUBF,2023-07-18 12:55:00,2023-07-18 13:05:00,2023-07-18 13:05:00,2023-07-18 13:10:00,2023-07-18 10:00:00--2023-07-18 14:00:00,SHORT,-1,90.47,0.0575,90.59649478820137502772233310,90.66,90.48,90.55,90.29,90.46,MODELLED,CONDITIONAL_OPEN_SCENARIO,90.47,90.54,EXIT_ONLY_FROZEN_ENTRIES,C1_T10
MOMENTUM_USDRUBF,MOMENTUM_USDRUBF_001394,MOMENTUM,USDRUBF,2023-07-18 17:15:00,2023-07-18 17:25:00,2023-07-18 17:25:00,2023-07-18 17:30:00,2023-07-18 14:05:00--2023-07-18 18:50:00,LONG,1,90.81,0.06666666666666666666666666667,90.73663542082169924212205826,90.79,90.61,90.71,91.01,90.82,MODELLED,CONDITIONAL_OPEN_SCENARIO,90.69,90.81,EXIT_ONLY_FROZEN_ENTRIES,C1_T10
MOMENTUM_USDRUBF,MOMENTUM_USDRUBF_001398,MOMENTUM,USDRUBF,2023-07-19 13:10:00,2023-07-19 13:20:00,2023-07-19 13:20:00,2023-07-19 13:25:00,2023-07-19 10:00:00--2023-07-19 14:00:00,SHORT,-1,91.07,0.0575,91.19240955925166451482240958,91.21,91.08,91.15,90.89,91.06,MODELLED,CONDITIONAL_OPEN_SCENARIO,91.06,91.15,EXIT_ONLY_FROZEN_ENTRIES,C1_T10
MOMENTUM_USDRUBF,MOMENTUM_USDRUBF_001400,MOMENTUM,USDRUBF,2023-07-19 15:10:00,2023-07-19 15:20:00,2023-07-19 15:20:00,2023-07-19 15:25:00,2023-07-19 14:05:00--2023-07-19 18:50:00,LONG,1,91.07,0.05333333333333333333333333333,90.97956949891067538126361658,91.05,90.93,90.99,91.23,91.08,MODELLED,CONDITIONAL_OPEN_SCENARIO,90.96,91.07,EXIT_ONLY_FROZEN_ENTRIES,C1_T10
MOMENTUM_USDRUBF,MOMENTUM_USDRUBF_001411,MOMENTUM,USDRUBF,2023-07-20 13:05:00,2023-07-20 13:15:00,2023-07-20 13:15:00,2023-07-20 13:20:00,2023-07-20 10:00:00--2023-07-20 14:00:00,LONG,1,90.89,0.08083333333333333333333333333,90.90408015973328937004268105,90.8,90.56,90.77,91.14,90.91,MODELLED,CONDITIONAL_OPEN_SCENARIO,90.67,90.89,EXIT_ONLY_FROZEN_ENTRIES,C1_T10
MOMENTUM_USDRUBF,MOMENTUM_USDRUBF_001413,MOMENTUM,USDRUBF,2023-07-20 16:15:00,2023-07-20 16:25:00,2023-07-20 16:25:00,2023-07-20 16:30:00,2023-07-20 14:05:00--2023-07-20 18:50:00,LONG,1,90.6,0.05666666666666666666666666667,90.43423764201849290924374302,90.54,90.3,90.52,90.77,90.61,MODELLED,CONDITIONAL_OPEN_SCENARIO,90.44,90.6,EXIT_ONLY_FROZEN_ENTRIES,C1_T10
MOMENTUM_USDRUBF,MOMENTUM_USDRUBF_001414,MOMENTUM,USDRUBF,2023-07-20 16:55:00,2023-07-20 17:05:00,2023-07-20 17:05:00,2023-07-20 17:10:00,2023-07-20 14:05:00--2023-07-20 18:50:00,SHORT,-1,90.41,0.07,90.46991711138866810491654360,90.64,90.44,90.51,90.20,90.40,MODELLED,CONDITIONAL_OPEN_SCENARIO,90.39,90.57,EXIT_ONLY_FROZEN_ENTRIES,C1_T10
MOMENTUM_USDRUBF,MOMENTUM_USDRUBF_001418,MOMENTUM,USDRUBF,2023-07-21 11:05:00,2023-07-21 11:15:00,2023-07-21 11:15:00,2023-07-21 11:20:00,2023-07-21 10:00:00--2023-07-21 14:00:00,LONG,1,90.57,0.0875,90.45412582494860975873634099,90.55,90.24,90.44,90.84,90.59,MODELLED,CONDITIONAL_OPEN_SCENARIO,90.45,90.57,EXIT_ONLY_FROZEN_ENTRIES,C1_T10
MOMENTUM_USDRUBF,MOMENTUM_USDRUBF_001421,MOMENTUM,USDRUBF,2023-07-21 12:45:00,2023-07-21 12:55:00,2023-07-21 12:55:00,2023-07-21 13:00:00,2023-07-21 10:00:00--2023-07-21 14:00:00,SHORT,-1,90.24,0.05416666666666666666666666667,90.43803171423802370221999666,90.46,90.25,90.32,90.07,90.23,MODELLED,CONDITIONAL_OPEN_SCENARIO,90.24,90.3,EXIT_ONLY_FROZEN_ENTRIES,C1_T10
MOMENTUM_USDRUBF,MOMENTUM_USDRUBF_001426,MOMENTUM,USDRUBF,2023-07-21 16:00:00,2023-07-21 16:10:00,2023-07-21 16:10:00,2023-07-21 16:15:00,2023-07-21 14:05:00--2023-07-21 18:50:00,LONG,1,90.48,0.07583333333333333333333333333,90.21359158520094877080978034,90.37,90.22,90.37,90.71,90.49,MODELLED,CONDITIONAL_OPEN_SCENARIO,90.24,90.48,EXIT_ONLY_FROZEN_ENTRIES,C1_T10
MOMENTUM_USDRUBF,MOMENTUM_USDRUBF_001434,MOMENTUM,USDRUBF,2023-07-24 11:20:00,2023-07-24 11:30:00,2023-07-24 11:30:00,2023-07-24 11:35:00,2023-07-24 10:00:00--2023-07-24 14:00:00,SHORT,-1,90.44,0.07416666666666666666666666667,90.64092526900792243112214732,90.75,90.47,90.55,90.21,90.43,MODELLED,CONDITIONAL_OPEN_SCENARIO,90.43,90.53,EXIT_ONLY_FROZEN_ENTRIES,C1_T10
MOMENTUM_USDRUBF,MOMENTUM_USDRUBF_001437,MOMENTUM,USDRUBF,2023-07-24 12:15:00,2023-07-24 12:25:00,2023-07-24 12:25:00,2023-07-24 12:30:00,2023-07-24 10:00:00--2023-07-24 14:00:00,SHORT,-1,90.21,0.06,90.51114402098867716100524716,90.53,90.25,90.30,90.03,90.20,MODELLED,CONDITIONAL_OPEN_SCENARIO,90.18,90.43,EXIT_ONLY_FROZEN_ENTRIES,C1_T10
MOMENTUM_USDRUBF,MOMENTUM_USDRUBF_001442,MOMENTUM,USDRUBF,2023-07-25 11:25:00,2023-07-25 11:35:00,2023-07-25 11:35:00,2023-07-25 11:40:00,2023-07-25 10:00:00--2023-07-25 14:00:00,SHORT,-1,89.97,0.08416666666666666666666666667,90.04360456749569842014703581,90.26,90,90.09,89.71,89.95,MODELLED,CONDITIONAL_OPEN_SCENARIO,89.95,90.06,EXIT_ONLY_FROZEN_ENTRIES,C1_T10
MOMENTUM_USDRUBF,MOMENTUM_USDRUBF_001449,MOMENTUM,USDRUBF,2023-07-25 17:40:00,2023-07-25 17:50:00,2023-07-25 17:50:00,2023-07-25 17:55:00,2023-07-25 14:05:00--2023-07-25 18:50:00,LONG,1,90.15,0.05916666666666666666666666667,90.03021696116326154978833062,90.1,89.93,90.07,90.33,90.16,MODELLED,CONDITIONAL_OPEN_SCENARIO,90.01,90.18,EXIT_ONLY_FROZEN_ENTRIES,C1_T10
MOMENTUM_USDRUBF,MOMENTUM_USDRUBF_001455,MOMENTUM,USDRUBF,2023-07-26 15:10:00,2023-07-26 15:20:00,2023-07-26 15:20:00,2023-07-26 15:25:00,2023-07-26 14:05:00--2023-07-26 18:50:00,SHORT,-1,89.9,0.05,90.00671010715320011584129742,90.13,89.92,89.97,89.75,89.89,MODELLED,CONDITIONAL_OPEN_SCENARIO,89.9,90.13,EXIT_ONLY_FROZEN_ENTRIES,C1_T10
MOMENTUM_USDRUBF,MOMENTUM_USDRUBF_001456,MOMENTUM,USDRUBF,2023-07-26 17:15:00,2023-07-26 17:25:00,2023-07-26 17:25:00,2023-07-26 17:30:00,2023-07-26 14:05:00--2023-07-26 18:50:00,LONG,1,90.02,0.0425,89.97617152821813570069752695,90.01,89.91,89.96,90.15,90.03,MODELLED,CONDITIONAL_OPEN_SCENARIO,89.96,90.02,EXIT_ONLY_FROZEN_ENTRIES,C1_T10
MOMENTUM_USDRUBF,MOMENTUM_USDRUBF_001467,MOMENTUM,USDRUBF,2023-07-27 16:30:00,2023-07-27 16:40:00,2023-07-27 16:40:00,2023-07-27 16:45:00,2023-07-27 14:05:00--2023-07-27 18:50:00,LONG,1,90.55,0.0675,90.28751117039013004334778253,90.52,90.31,90.45,90.76,90.56,MODELLED,CONDITIONAL_OPEN_SCENARIO,90.48,90.59,EXIT_ONLY_FROZEN_ENTRIES,C1_T10
MOMENTUM_USDRUBF,MOMENTUM_USDRUBF_001468,MOMENTUM,USDRUBF,2023-07-27 17:40:00,2023-07-27 17:50:00,2023-07-27 17:50:00,2023-07-27 17:55:00,2023-07-27 14:05:00--2023-07-27 18:50:00,LONG,1,90.59,0.07416666666666666666666666667,90.31833585025262412140872896,90.58,90.3,90.48,90.82,90.60,MODELLED,CONDITIONAL_OPEN_SCENARIO,90.52,90.63,EXIT_ONLY_FROZEN_ENTRIES,C1_T10
MOMENTUM_USDRUBF,MOMENTUM_USDRUBF_001472,MOMENTUM,USDRUBF,2023-07-28 16:05:00,2023-07-28 16:15:00,2023-07-28 16:15:00,2023-07-28 16:20:00,2023-07-28 14:05:00--2023-07-28 18:50:00,LONG,1,91.3,0.06,91.08782558016318745363992793,91.2,90.94,91.21,91.48,91.31,MODELLED,CONDITIONAL_OPEN_SCENARIO,91.13,91.3,EXIT_ONLY_FROZEN_ENTRIES,C1_T10
MOMENTUM_USDRUBF,MOMENTUM_USDRUBF_001474,MOMENTUM,USDRUBF,2023-07-28 17:05:00,2023-07-28 17:15:00,2023-07-28 17:15:00,2023-07-28 17:20:00,2023-07-28 14:05:00--2023-07-28 18:50:00,LONG,1,91.52,0.06666666666666666666666666667,91.17228918773029172240606442,91.35,91.17,91.42,91.72,91.53,MODELLED,CONDITIONAL_OPEN_SCENARIO,91.2,91.54,EXIT_ONLY_FROZEN_ENTRIES,C1_T10
MOMENTUM_USDRUBF,MOMENTUM_USDRUBF_001476,MOMENTUM,USDRUBF,2023-07-28 18:00:00,2023-07-28 18:10:00,2023-07-28 18:10:00,2023-07-28 18:15:00,2023-07-28 14:05:00--2023-07-28 18:50:00,LONG,1,91.79,0.11,91.32358618521512620138327495,91.7,91.2,91.63,92.12,91.81,MODELLED,CONDITIONAL_OPEN_SCENARIO,91.57,91.8,EXIT_ONLY_FROZEN_ENTRIES,C1_T10
MOMENTUM_USDRUBF,MOMENTUM_USDRUBF_001477,MOMENTUM,USDRUBF,2023-07-31 11:50:00,2023-07-31 12:00:00,2023-07-31 12:00:00,2023-07-31 12:05:00,2023-07-31 10:00:00--2023-07-31 14:00:00,SHORT,-1,91.31,0.1025,91.60394664271419341622149738,91.76,91.36,91.46,91.00,91.29,MODELLED,CONDITIONAL_OPEN_SCENARIO,91.26,91.48,EXIT_ONLY_FROZEN_ENTRIES,C1_T10
MOMENTUM_USDRUBF,MOMENTUM_USDRUBF_001478,MOMENTUM,USDRUBF,2023-07-31 13:10:00,2023-07-31 13:20:00,2023-07-31 13:20:00,2023-07-31 13:25:00,2023-07-31 10:00:00--2023-07-31 14:00:00,SHORT,-1,91.22,0.1041666666666666666666666667,91.55150324263358240518821373,91.62,91.27,91.37,90.90,91.20,MODELLED,CONDITIONAL_OPEN_SCENARIO,91.19,91.38,EXIT_ONLY_FROZEN_ENTRIES,C1_T10
MOMENTUM_USDRUBF,MOMENTUM_USDRUBF_001479,MOMENTUM,USDRUBF,2023-07-31 15:40:00,2023-07-31 15:50:00,2023-07-31 15:50:00,2023-07-31 15:55:00,2023-07-31 14:05:00--2023-07-31 18:50:00,LONG,1,91.52,0.0675,91.39273586040914560770156435,91.49,91.31,91.42,91.73,91.53,MODELLED,CONDITIONAL_OPEN_SCENARIO,91.37,91.52,EXIT_ONLY_FROZEN_ENTRIES,C1_T10
MOMENTUM_USDRUBF,MOMENTUM_USDRUBF_001480,MOMENTUM,USDRUBF,2023-07-31 16:15:00,2023-07-31 16:25:00,2023-07-31 16:25:00,2023-07-31 16:30:00,2023-07-31 14:05:00--2023-07-31 18:50:00,LONG,1,91.55,0.07333333333333333333333333333,91.42998519160616896016180877,91.53,91.31,91.44,91.77,91.56,MODELLED,CONDITIONAL_OPEN_SCENARIO,91.41,91.57,EXIT_ONLY_FROZEN_ENTRIES,C1_T10
MOMENTUM_USDRUBF,MOMENTUM_USDRUBF_001487,MOMENTUM,USDRUBF,2023-08-01 11:35:00,2023-08-01 11:45:00,2023-08-01 11:45:00,2023-08-01 11:50:00,2023-08-01 10:00:00--2023-08-01 14:00:00,LONG,1,91.78,0.06,91.52370255079982706441850410,91.67,91.43,91.69,91.96,91.79,MODELLED,CONDITIONAL_OPEN_SCENARIO,91.54,91.78,EXIT_ONLY_FROZEN_ENTRIES,C1_T10
MOMENTUM_USDRUBF,MOMENTUM_USDRUBF_001490,MOMENTUM,USDRUBF,2023-08-01 15:10:00,2023-08-01 15:20:00,2023-08-01 15:20:00,2023-08-01 15:25:00,2023-08-01 14:05:00--2023-08-01 18:50:00,LONG,1,91.81,0.035,91.74332416070445789763346175,91.77,91.68,91.76,91.92,91.81,MODELLED,CONDITIONAL_OPEN_SCENARIO,91.68,91.83,EXIT_ONLY_FROZEN_ENTRIES,C1_T10
MOMENTUM_USDRUBF,MOMENTUM_USDRUBF_001494,MOMENTUM,USDRUBF,2023-08-01 16:25:00,2023-08-01 16:35:00,2023-08-01 16:35:00,2023-08-01 16:40:00,2023-08-01 14:05:00--2023-08-01 18:50:00,LONG,1,92.02,0.05416666666666666666666666667,91.86700064609114855126484768,92,91.71,91.94,92.19,92.03,MODELLED,CONDITIONAL_OPEN_SCENARIO,91.94,92.02,EXIT_ONLY_FROZEN_ENTRIES,C1_T10
MOMENTUM_USDRUBF,MOMENTUM_USDRUBF_001498,MOMENTUM,USDRUBF,2023-08-01 17:05:00,2023-08-01 17:15:00,2023-08-01 17:15:00,2023-08-01 17:20:00,2023-08-01 14:05:00--2023-08-01 18:50:00,LONG,1,92.19,0.07083333333333333333333333333,91.96252177119677757921311659,92.17,91.93,92.09,92.41,92.20,MODELLED,CONDITIONAL_OPEN_SCENARIO,92.07,92.23,EXIT_ONLY_FROZEN_ENTRIES,C1_T10
MOMENTUM_USDRUBF,MOMENTUM_USDRUBF_001501,MOMENTUM,USDRUBF,2023-08-02 11:20:00,2023-08-02 11:30:00,2023-08-02 11:30:00,2023-08-02 11:35:00,2023-08-02 10:00:00--2023-08-02 14:00:00,LONG,1,92.41,0.085,92.26690622861054072553045859,92.39,92.18,92.29,92.67,92.43,MODELLED,CONDITIONAL_OPEN_SCENARIO,92.27,92.45,EXIT_ONLY_FROZEN_ENTRIES,C1_T10
MOMENTUM_USDRUBF,MOMENTUM_USDRUBF_001506,MOMENTUM,USDRUBF,2023-08-02 12:00:00,2023-08-02 12:10:00,2023-08-02 12:10:00,2023-08-02 12:15:00,2023-08-02 10:00:00--2023-08-02 14:00:00,LONG,1,92.83,0.0925,92.43631042624580589039393564,92.73,92.18,92.70,93.11,92.85,MODELLED,CONDITIONAL_OPEN_SCENARIO,92.6,92.88,EXIT_ONLY_FROZEN_ENTRIES,C1_T10
MOMENTUM_USDRUBF,MOMENTUM_USDRUBF_001518,MOMENTUM,USDRUBF,2023-08-02 16:40:00,2023-08-02 16:50:00,2023-08-02 16:50:00,2023-08-02 16:55:00,2023-08-02 14:05:00--2023-08-02 18:50:00,LONG,1,93.71,0.14,93.08991962547126817748684592,93.67,93.01,93.50,94.13,93.74,MODELLED,CONDITIONAL_OPEN_SCENARIO,93.47,93.71,EXIT_ONLY_FROZEN_ENTRIES,C1_T10
MOMENTUM_USDRUBF,MOMENTUM_USDRUBF_001522,MOMENTUM,USDRUBF,2023-08-02 17:35:00,2023-08-02 17:45:00,2023-08-02 17:45:00,2023-08-02 17:50:00,2023-08-02 14:05:00--2023-08-02 18:50:00,LONG,1,94.03,0.1575,93.28313178248394046803482957,93.98,93.46,93.80,94.51,94.06,MODELLED,CONDITIONAL_OPEN_SCENARIO,93.72,94.03,EXIT_ONLY_FROZEN_ENTRIES,C1_T10
MOMENTUM_USDRUBF,MOMENTUM_USDRUBF_001525,MOMENTUM,USDRUBF,2023-08-03 11:25:00,2023-08-03 11:35:00,2023-08-03 11:35:00,2023-08-03 11:40:00,2023-08-03 10:00:00--2023-08-03 14:00:00,SHORT,-1,93.31,0.09666666666666666666666666667,93.54409859682484801336906094,93.74,93.33,93.45,93.02,93.29,MODELLED,CONDITIONAL_OPEN_SCENARIO,93.29,93.48,EXIT_ONLY_FROZEN_ENTRIES,C1_T10
MOMENTUM_USDRUBF,MOMENTUM_USDRUBF_001527,MOMENTUM,USDRUBF,2023-08-03 12:20:00,2023-08-03 12:30:00,2023-08-03 12:30:00,2023-08-03 12:35:00,2023-08-03 10:00:00--2023-08-03 14:00:00,LONG,1,93.72,0.1133333333333333333333333333,93.51878925532237061264044086,93.66,93.29,93.55,94.06,93.74,MODELLED,CONDITIONAL_OPEN_SCENARIO,93.39,93.75,EXIT_ONLY_FROZEN_ENTRIES,C1_T10
MOMENTUM_USDRUBF,MOMENTUM_USDRUBF_001532,MOMENTUM,USDRUBF,2023-08-03 15:45:00,2023-08-03 15:55:00,2023-08-03 15:55:00,2023-08-03 16:00:00,2023-08-03 14:05:00--2023-08-03 18:50:00,SHORT,-1,93.67,0.1491666666666666666666666667,94.00812539331499361705953212,94.55,93.82,93.89,93.22,93.64,MODELLED,CONDITIONAL_OPEN_SCENARIO,93.46,94.44,EXIT_ONLY_FROZEN_ENTRIES,C1_T10
MOMENTUM_USDRUBF,MOMENTUM_USDRUBF_001536,MOMENTUM,USDRUBF,2023-08-03 17:25:00,2023-08-03 17:35:00,2023-08-03 17:35:00,2023-08-03 17:40:00,2023-08-03 14:05:00--2023-08-03 18:50:00,LONG,1,94.29,0.08166666666666666666666666667,93.95963522361173658502788648,94.2,93.85,94.17,94.54,94.31,MODELLED,CONDITIONAL_OPEN_SCENARIO,94.07,94.31,EXIT_ONLY_FROZEN_ENTRIES,C1_T10
MOMENTUM_USDRUBF,MOMENTUM_USDRUBF_001539,MOMENTUM,USDRUBF,2023-08-04 11:50:00,2023-08-04 12:00:00,2023-08-04 12:00:00,2023-08-04 12:05:00,2023-08-04 10:00:00--2023-08-04 14:00:00,LONG,1,94.76,0.1333333333333333333333333333,94.42731920054105739406236151,94.63,94.27,94.56,95.16,94.79,MODELLED,CONDITIONAL_OPEN_SCENARIO,94.4,94.79,EXIT_ONLY_FROZEN_ENTRIES,C1_T10
MOMENTUM_USDRUBF,MOMENTUM_USDRUBF_001553,MOMENTUM,USDRUBF,2023-08-04 17:45:00,2023-08-04 17:55:00,2023-08-04 17:55:00,2023-08-04 18:00:00,2023-08-04 14:05:00--2023-08-04 18:50:00,LONG,1,95.94,0.1191666666666666666666666667,95.26463820800443151918016899,95.83,95.29,95.77,96.30,95.96,MODELLED,CONDITIONAL_OPEN_SCENARIO,95.58,95.94,EXIT_ONLY_FROZEN_ENTRIES,C1_T10
MOMENTUM_USDRUBF,MOMENTUM_USDRUBF_001555,MOMENTUM,USDRUBF,2023-08-07 11:30:00,2023-08-07 11:40:00,2023-08-07 11:40:00,2023-08-07 11:45:00,2023-08-07 10:00:00--2023-08-07 14:00:00,LONG,1,96.8,0.1825,96.27656661873951593577761799,96.79,95.86,96.53,97.35,96.84,MODELLED,CONDITIONAL_OPEN_SCENARIO,96.43,96.81,EXIT_ONLY_FROZEN_ENTRIES,C1_T10
MOMENTUM_USDRUBF,MOMENTUM_USDRUBF_001556,MOMENTUM,USDRUBF,2023-08-07 12:50:00,2023-08-07 13:00:00,2023-08-07 13:00:00,2023-08-07 13:05:00,2023-08-07 10:00:00--2023-08-07 14:00:00,SHORT,-1,96.48,0.1266666666666666666666666667,96.40309249400339320189551278,96.84,96.5,96.67,96.10,96.45,MODELLED,CONDITIONAL_OPEN_SCENARIO,96.48,96.78,EXIT_ONLY_FROZEN_ENTRIES,C1_T10
MOMENTUM_USDRUBF,MOMENTUM_USDRUBF_001559,MOMENTUM,USDRUBF,2023-08-07 15:10:00,2023-08-07 15:20:00,2023-08-07 15:20:00,2023-08-07 15:25:00,2023-08-07 14:05:00--2023-08-07 18:50:00,SHORT,-1,95.98,0.085,96.16842098299927234239597803,96.31,96.07,96.10,95.72,95.96,MODELLED,CONDITIONAL_OPEN_SCENARIO,95.94,96.27,EXIT_ONLY_FROZEN_ENTRIES,C1_T10
MOMENTUM_USDRUBF,MOMENTUM_USDRUBF_001563,MOMENTUM,USDRUBF,2023-08-07 16:40:00,2023-08-07 16:50:00,2023-08-07 16:50:00,2023-08-07 16:55:00,2023-08-07 14:05:00--2023-08-07 18:50:00,SHORT,-1,96.07,0.09583333333333333333333333333,96.20236722765292754207396956,96.46,96.12,96.21,95.78,96.05,MODELLED,CONDITIONAL_OPEN_SCENARIO,96.06,96.31,EXIT_ONLY_FROZEN_ENTRIES,C1_T10
MOMENTUM_USDRUBF,MOMENTUM_USDRUBF_001568,MOMENTUM,USDRUBF,2023-08-08 11:05:00,2023-08-08 11:15:00,2023-08-08 11:15:00,2023-08-08 11:20:00,2023-08-08 10:00:00--2023-08-08 14:00:00,SHORT,-1,95.57,0.1308333333333333333333333333,95.83224605268188247887754713,96.05,95.63,95.76,95.17,95.54,MODELLED,CONDITIONAL_OPEN_SCENARIO,95.48,95.86,EXIT_ONLY_FROZEN_ENTRIES,C1_T10
MOMENTUM_USDRUBF,MOMENTUM_USDRUBF_001574,MOMENTUM,USDRUBF,2023-08-08 15:45:00,2023-08-08 15:55:00,2023-08-08 15:55:00,2023-08-08 16:00:00,2023-08-08 14:05:00--2023-08-08 18:50:00,LONG,1,96.71,0.1491666666666666666666666667,96.34349418828843717291907668,96.68,96.15,96.49,97.16,96.74,MODELLED,CONDITIONAL_OPEN_SCENARIO,96.48,96.74,EXIT_ONLY_FROZEN_ENTRIES,C1_T10
MOMENTUM_USDRUBF,MOMENTUM_USDRUBF_001578,MOMENTUM,USDRUBF,2023-08-08 17:30:00,2023-08-08 17:40:00,2023-08-08 17:40:00,2023-08-08 17:45:00,2023-08-08 14:05:00--2023-08-08 18:50:00,LONG,1,97.14,0.1125,96.58737018357330730225873802,97.03,96.57,96.98,97.48,97.16,MODELLED,CONDITIONAL_OPEN_SCENARIO,96.8,97.21,EXIT_ONLY_FROZEN_ENTRIES,C1_T10
MOMENTUM_USDRUBF,MOMENTUM_USDRUBF_001580,MOMENTUM,USDRUBF,2023-08-09 11:35:00,2023-08-09 11:45:00,2023-08-09 11:45:00,2023-08-09 11:50:00,2023-08-09 10:00:00--2023-08-09 14:00:00,SHORT,-1,96.85,0.1616666666666666666666666667,97.01625395619698696037473104,97.32,96.9,97.09,96.36,96.81,MODELLED,CONDITIONAL_OPEN_SCENARIO,96.84,97.09,EXIT_ONLY_FROZEN_ENTRIES,C1_T10
MOMENTUM_USDRUBF,MOMENTUM_USDRUBF_001582,MOMENTUM,USDRUBF,2023-08-09 12:20:00,2023-08-09 12:30:00,2023-08-09 12:30:00,2023-08-09 12:35:00,2023-08-09 10:00:00--2023-08-09 14:00:00,LONG,1,97.18,0.1216666666666666666666666667,96.97247581793264944983302068,97.13,96.78,97.00,97.55,97.21,MODELLED,CONDITIONAL_OPEN_SCENARIO,96.87,97.2,EXIT_ONLY_FROZEN_ENTRIES,C1_T10
MOMENTUM_USDRUBF,MOMENTUM_USDRUBF_001587,MOMENTUM,USDRUBF,2023-08-09 17:30:00,2023-08-09 17:40:00,2023-08-09 17:40:00,2023-08-09 17:45:00,2023-08-09 14:05:00--2023-08-09 18:50:00,SHORT,-1,97.36,0.1091666666666666666666666667,97.55783417063849886212374945,97.9,97.37,97.52,97.03,97.34,MODELLED,CONDITIONAL_OPEN_SCENARIO,97.23,97.55,EXIT_ONLY_FROZEN_ENTRIES,C1_T10
MOMENTUM_USDRUBF,MOMENTUM_USDRUBF_001590,MOMENTUM,USDRUBF,2023-08-10 11:05:00,2023-08-10 11:15:00,2023-08-10 11:15:00,2023-08-10 11:20:00,2023-08-10 10:00:00--2023-08-10 14:00:00,LONG,1,97.06,0.175,96.65553188066013883142555048,96.87,96.38,96.80,97.59,97.10,MODELLED,CONDITIONAL_OPEN_SCENARIO,96.7,97.07,EXIT_ONLY_FROZEN_ENTRIES,C1_T10
MOMENTUM_USDRUBF,MOMENTUM_USDRUBF_001593,MOMENTUM,USDRUBF,2023-08-10 12:10:00,2023-08-10 12:20:00,2023-08-10 12:20:00,2023-08-10 12:25:00,2023-08-10 10:00:00--2023-08-10 14:00:00,LONG,1,97.62,0.1658333333333333333333333333,96.88710183057881864670569918,97.32,96.92,97.38,98.12,97.66,MODELLED,CONDITIONAL_OPEN_SCENARIO,97.16,97.67,EXIT_ONLY_FROZEN_ENTRIES,C1_T10
MOMENTUM_USDRUBF,MOMENTUM_USDRUBF_001594,MOMENTUM,USDRUBF,2023-08-10 13:10:00,2023-08-10 13:20:00,2023-08-10 13:20:00,2023-08-10 13:25:00,2023-08-10 10:00:00--2023-08-10 14:00:00,SHORT,-1,97.22,0.1175,97.00022783690616174711811937,97.7,97.31,97.39,96.86,97.20,MODELLED,CONDITIONAL_OPEN_SCENARIO,97.21,97.47,EXIT_ONLY_FROZEN_ENTRIES,C1_T10
MOMENTUM_USDRUBF,MOMENTUM_USDRUBF_001597,MOMENTUM,USDRUBF,2023-08-10 15:25:00,2023-08-10 15:35:00,2023-08-10 15:35:00,2023-08-10 15:40:00,2023-08-10 14:05:00--2023-08-10 18:50:00,SHORT,-1,96.69,0.1266666666666666666666666667,97.14533409177095183921122488,97.44,96.84,96.88,96.31,96.66,MODELLED,CONDITIONAL_OPEN_SCENARIO,96.67,97.06,EXIT_ONLY_FROZEN_ENTRIES,C1_T10
MOMENTUM_USDRUBF,MOMENTUM_USDRUBF_001598,MOMENTUM,USDRUBF,2023-08-10 16:25:00,2023-08-10 16:35:00,2023-08-10 16:35:00,2023-08-10 16:40:00,2023-08-10 14:05:00--2023-08-10 18:50:00,LONG,1,97.23,0.1825,97.04339107005388760585065437,97.17,96.63,96.96,97.78,97.27,MODELLED,CONDITIONAL_OPEN_SCENARIO,96.83,97.25,EXIT_ONLY_FROZEN_ENTRIES,C1_T10
MOMENTUM_USDRUBF,MOMENTUM_USDRUBF_001606,MOMENTUM,USDRUBF,2023-08-11 11:30:00,2023-08-11 11:40:00,2023-08-11 11:40:00,2023-08-11 11:45:00,2023-08-11 10:00:00--2023-08-11 14:00:00,LONG,1,98.02,0.1333333333333333333333333333,97.81655249644925161149349943,97.99,97.63,97.82,98.42,98.05,MODELLED,CONDITIONAL_OPEN_SCENARIO,97.74,98.04,EXIT_ONLY_FROZEN_ENTRIES,C1_T10
MOMENTUM_USDRUBF,MOMENTUM_USDRUBF_001610,MOMENTUM,USDRUBF,2023-08-11 15:55:00,2023-08-11 16:05:00,2023-08-11 16:05:00,2023-08-11 16:10:00,2023-08-11 14:05:00--2023-08-11 18:50:00,LONG,1,98.8,0.1183333333333333333333333333,98.45401080019636720667648503,98.72,98.3,98.63,99.16,98.82,MODELLED,CONDITIONAL_OPEN_SCENARIO,98.58,98.83,EXIT_ONLY_FROZEN_ENTRIES,C1_T10
MOMENTUM_USDRUBF,MOMENTUM_USDRUBF_001615,MOMENTUM,USDRUBF,2023-08-14 12:25:00,2023-08-14 12:35:00,2023-08-14 12:35:00,2023-08-14 12:40:00,2023-08-14 10:00:00--2023-08-14 14:00:00,SHORT,-1,100.52,0.1308333333333333333333333333,100.7105569729198045061937110,100.98,100.59,100.71,100.12,100.49,MODELLED,CONDITIONAL_OPEN_SCENARIO,100.51,100.93,EXIT_ONLY_FROZEN_ENTRIES,C1_T10
MOMENTUM_USDRUBF,MOMENTUM_USDRUBF_001619,MOMENTUM,USDRUBF,2023-08-14 15:35:00,2023-08-14 15:45:00,2023-08-14 15:45:00,2023-08-14 15:50:00,2023-08-14 14:05:00--2023-08-14 18:50:00,LONG,1,101.49,0.1616666666666666666666666667,101.1970112657388999337309477,101.38,100.98,101.25,101.98,101.53,MODELLED,CONDITIONAL_OPEN_SCENARIO,101.08,101.62,EXIT_ONLY_FROZEN_ENTRIES,C1_T10
MOMENTUM_USDRUBF,MOMENTUM_USDRUBF_001630,MOMENTUM,USDRUBF,2023-08-15 15:25:00,2023-08-15 15:35:00,2023-08-15 15:35:00,2023-08-15 15:40:00,2023-08-15 14:05:00--2023-08-15 18:50:00,SHORT,-1,98.15,0.2508333333333333333333333333,98.60243969030154849225753875,99.15,98.23,98.52,97.39,98.09,MODELLED,CONDITIONAL_OPEN_SCENARIO,98.13,98.59,EXIT_ONLY_FROZEN_ENTRIES,C1_T10
MOMENTUM_USDRUBF,MOMENTUM_USDRUBF_001637,MOMENTUM,USDRUBF,2023-08-16 12:25:00,2023-08-16 12:35:00,2023-08-16 12:35:00,2023-08-16 12:40:00,2023-08-16 10:00:00--2023-08-16 14:00:00,SHORT,-1,96.49,0.1041666666666666666666666667,96.77677996263996197676603555,96.82,96.59,96.64,96.17,96.47,MODELLED,CONDITIONAL_OPEN_SCENARIO,96.46,96.76,EXIT_ONLY_FROZEN_ENTRIES,C1_T10
MOMENTUM_USDRUBF,MOMENTUM_USDRUBF_001639,MOMENTUM,USDRUBF,2023-08-16 15:25:00,2023-08-16 15:35:00,2023-08-16 15:35:00,2023-08-16 15:40:00,2023-08-16 14:05:00--2023-08-16 18:50:00,SHORT,-1,95.23,0.2075,95.73691120347135089920535336,96.07,95.33,95.54,94.60,95.18,MODELLED,CONDITIONAL_OPEN_SCENARIO,95.06,95.64,EXIT_ONLY_FROZEN_ENTRIES,C1_T10
MOMENTUM_USDRUBF,MOMENTUM_USDRUBF_001654,MOMENTUM,USDRUBF,2023-08-17 16:25:00,2023-08-17 16:35:00,2023-08-17 16:35:00,2023-08-17 16:40:00,2023-08-17 14:05:00--2023-08-17 18:50:00,LONG,1,93.45,0.165,93.18629266042956911319014366,93.37,92.96,93.21,93.95,93.49,MODELLED,CONDITIONAL_OPEN_SCENARIO,93.27,93.46,EXIT_ONLY_FROZEN_ENTRIES,C1_T10
MOMENTUM_USDRUBF,MOMENTUM_USDRUBF_001661,MOMENTUM,USDRUBF,2023-08-18 12:45:00,2023-08-18 12:55:00,2023-08-18 12:55:00,2023-08-18 13:00:00,2023-08-18 10:00:00--2023-08-18 14:00:00,LONG,1,93.23,0.11,92.86434759558814021748968794,93.19,92.86,93.07,93.56,93.25,MODELLED,CONDITIONAL_OPEN_SCENARIO,93.01,93.25,EXIT_ONLY_FROZEN_ENTRIES,C1_T10
MOMENTUM_USDRUBF,MOMENTUM_USDRUBF_001665,MOMENTUM,USDRUBF,2023-08-18 17:10:00,2023-08-18 17:20:00,2023-08-18 17:20:00,2023-08-18 17:25:00,2023-08-18 14:05:00--2023-08-18 18:50:00,LONG,1,93.77,0.1133333333333333333333333333,93.63417715946112529717354935,93.75,93.43,93.60,94.11,93.79,MODELLED,CONDITIONAL_OPEN_SCENARIO,93.62,93.79,EXIT_ONLY_FROZEN_ENTRIES,C1_T10
MOMENTUM_USDRUBF,MOMENTUM_USDRUBF_001666,MOMENTUM,USDRUBF,2023-08-18 17:45:00,2023-08-18 17:55:00,2023-08-18 17:55:00,2023-08-18 18:00:00,2023-08-18 14:05:00--2023-08-18 18:50:00,SHORT,-1,93.53,0.1041666666666666666666666667,93.64800245183077741540027292,93.86,93.56,93.68,93.21,93.51,MODELLED,CONDITIONAL_OPEN_SCENARIO,93.49,93.73,EXIT_ONLY_FROZEN_ENTRIES,C1_T10
MOMENTUM_USDRUBF,MOMENTUM_USDRUBF_001671,MOMENTUM,USDRUBF,2023-08-21 12:55:00,2023-08-21 13:05:00,2023-08-21 13:05:00,2023-08-21 13:10:00,2023-08-21 10:00:00--2023-08-21 14:00:00,LONG,1,94.28,0.1541666666666666666666666667,94.10007911261801812098008213,94.27,93.67,94.05,94.75,94.31,MODELLED,CONDITIONAL_OPEN_SCENARIO,93.95,94.4,EXIT_ONLY_FROZEN_ENTRIES,C1_T10
MOMENTUM_USDRUBF,MOMENTUM_USDRUBF_001683,MOMENTUM,USDRUBF,2023-08-21 18:00:00,2023-08-21 18:10:00,2023-08-21 18:10:00,2023-08-21 18:15:00,2023-08-21 14:05:00--2023-08-21 18:50:00,LONG,1,93.49,0.1383333333333333333333333333,93.40577995142342580506584270,93.45,92.94,93.29,93.91,93.52,MODELLED,CONDITIONAL_OPEN_SCENARIO,93.26,93.49,EXIT_ONLY_FROZEN_ENTRIES,C1_T10
MOMENTUM_USDRUBF,MOMENTUM_USDRUBF_001685,MOMENTUM,USDRUBF,2023-08-22 12:00:00,2023-08-22 12:10:00,2023-08-22 12:10:00,2023-08-22 12:15:00,2023-08-22 10:00:00--2023-08-22 14:00:00,LONG,1,93.93,0.1008333333333333333333333333,93.84108926335935400567604593,93.9,93.61,93.78,94.24,93.95,MODELLED,CONDITIONAL_OPEN_SCENARIO,93.81,93.93,EXIT_ONLY_FROZEN_ENTRIES,C1_T10
MOMENTUM_USDRUBF,MOMENTUM_USDRUBF_001688,MOMENTUM,USDRUBF,2023-08-22 16:40:00,2023-08-22 16:50:00,2023-08-22 16:50:00,2023-08-22 16:55:00,2023-08-22 14:05:00--2023-08-22 18:50:00,LONG,1,94.22,0.06166666666666666666666666667,93.94744219139096406972607614,94.02,93.78,94.13,94.41,94.23,MODELLED,CONDITIONAL_OPEN_SCENARIO,93.89,94.29,EXIT_ONLY_FROZEN_ENTRIES,C1_T10
MOMENTUM_USDRUBF,MOMENTUM_USDRUBF_001690,MOMENTUM,USDRUBF,2023-08-22 17:50:00,2023-08-22 18:00:00,2023-08-22 18:00:00,2023-08-22 18:05:00,2023-08-22 14:05:00--2023-08-22 18:50:00,SHORT,-1,93.79,0.1016666666666666666666666667,93.99182199365255866750063708,94.36,93.97,93.94,93.48,93.77,MODELLED,CONDITIONAL_OPEN_SCENARIO,93.77,94.09,EXIT_ONLY_FROZEN_ENTRIES,C1_T10
MOMENTUM_USDRUBF,MOMENTUM_USDRUBF_001700,MOMENTUM,USDRUBF,2023-08-24 11:15:00,2023-08-24 11:25:00,2023-08-24 11:25:00,2023-08-24 11:30:00,2023-08-24 10:00:00--2023-08-24 14:00:00,LONG,1,94.19,0.0425,94.14899442119944211994421198,94.16,94.07,94.13,94.32,94.20,MODELLED,CONDITIONAL_OPEN_SCENARIO,94.13,94.26,EXIT_ONLY_FROZEN_ENTRIES,C1_T10
MOMENTUM_USDRUBF,MOMENTUM_USDRUBF_001702,MOMENTUM,USDRUBF,2023-08-24 12:50:00,2023-08-24 13:00:00,2023-08-24 13:00:00,2023-08-24 13:05:00,2023-08-24 10:00:00--2023-08-24 14:00:00,LONG,1,94.27,0.04666666666666666666666666667,94.16332185886402753872633386,94.25,94.16,94.20,94.41,94.28,MODELLED,CONDITIONAL_OPEN_SCENARIO,94.2,94.27,EXIT_ONLY_FROZEN_ENTRIES,C1_T10
MOMENTUM_USDRUBF,MOMENTUM_USDRUBF_001704,MOMENTUM,USDRUBF,2023-08-24 15:15:00,2023-08-24 15:25:00,2023-08-24 15:25:00,2023-08-24 15:30:00,2023-08-24 14:05:00--2023-08-24 18:50:00,LONG,1,94.35,0.04083333333333333333333333333,94.28841535306933230808663335,94.34,94.17,94.29,94.48,94.36,MODELLED,CONDITIONAL_OPEN_SCENARIO,94.3,94.42,EXIT_ONLY_FROZEN_ENTRIES,C1_T10
MOMENTUM_USDRUBF,MOMENTUM_USDRUBF_001705,MOMENTUM,USDRUBF,2023-08-24 16:25:00,2023-08-24 16:35:00,2023-08-24 16:35:00,2023-08-24 16:40:00,2023-08-24 14:05:00--2023-08-24 18:50:00,SHORT,-1,94.22,0.04583333333333333333333333333,94.30200350175087543771885944,94.37,94.28,94.28,94.08,94.21,MODELLED,CONDITIONAL_OPEN_SCENARIO,94.21,94.37,EXIT_ONLY_FROZEN_ENTRIES,C1_T10
MOMENTUM_USDRUBF,MOMENTUM_USDRUBF_001706,MOMENTUM,USDRUBF,2023-08-24 17:25:00,2023-08-24 17:35:00,2023-08-24 17:35:00,2023-08-24 17:40:00,2023-08-24 14:05:00--2023-08-24 18:50:00,LONG,1,94.35,0.05416666666666666666666666667,94.28400940671672580245894884,94.33,94.19,94.27,94.52,94.36,MODELLED,CONDITIONAL_OPEN_SCENARIO,94.22,94.35,EXIT_ONLY_FROZEN_ENTRIES,C1_T10
MOMENTUM_USDRUBF,MOMENTUM_USDRUBF_001710,MOMENTUM,USDRUBF,2023-08-25 11:25:00,2023-08-25 11:35:00,2023-08-25 11:35:00,2023-08-25 11:40:00,2023-08-25 10:00:00--2023-08-25 14:00:00,SHORT,-1,94.57,0.07083333333333333333333333333,94.71340928722485330473892713,94.89,94.6,94.67,94.35,94.56,MODELLED,CONDITIONAL_OPEN_SCENARIO,94.57,94.7,EXIT_ONLY_FROZEN_ENTRIES,C1_T10
MOMENTUM_USDRUBF,MOMENTUM_USDRUBF_001713,MOMENTUM,USDRUBF,2023-08-25 15:25:00,2023-08-25 15:35:00,2023-08-25 15:35:00,2023-08-25 15:40:00,2023-08-25 14:05:00--2023-08-25 18:50:00,LONG,1,94.7,0.04333333333333333333333333333,94.58853702568294842972954562,94.67,94.52,94.64,94.83,94.71,MODELLED,CONDITIONAL_OPEN_SCENARIO,94.62,94.7,EXIT_ONLY_FROZEN_ENTRIES,C1_T10
MOMENTUM_USDRUBF,MOMENTUM_USDRUBF_001722,MOMENTUM,USDRUBF,2023-08-25 17:05:00,2023-08-25 17:15:00,2023-08-25 17:15:00,2023-08-25 17:20:00,2023-08-25 14:05:00--2023-08-25 18:50:00,LONG,1,95.39,0.08416666666666666666666666667,94.86276453525034682809938197,95.3,94.87,95.27,95.65,95.41,MODELLED,CONDITIONAL_OPEN_SCENARIO,95.1,95.42,EXIT_ONLY_FROZEN_ENTRIES,C1_T10
MOMENTUM_USDRUBF,MOMENTUM_USDRUBF_001725,MOMENTUM,USDRUBF,2023-08-28 11:35:00,2023-08-28 11:45:00,2023-08-28 11:45:00,2023-08-28 11:50:00,2023-08-28 10:00:00--2023-08-28 14:00:00,SHORT,-1,95.35,0.08416666666666666666666666667,95.63546900429057552892439708,95.79,95.43,95.47,95.09,95.33,MODELLED,CONDITIONAL_OPEN_SCENARIO,95.31,95.57,EXIT_ONLY_FROZEN_ENTRIES,C1_T10
MOMENTUM_USDRUBF,MOMENTUM_USDRUBF_001730,MOMENTUM,USDRUBF,2023-08-28 17:25:00,2023-08-28 17:35:00,2023-08-28 17:35:00,2023-08-28 17:40:00,2023-08-28 14:05:00--2023-08-28 18:50:00,LONG,1,95.31,0.06333333333333333333333333333,95.18462244275109772185795564,95.28,95.07,95.22,95.50,95.32,MODELLED,CONDITIONAL_OPEN_SCENARIO,95.23,95.36,EXIT_ONLY_FROZEN_ENTRIES,C1_T10
MOMENTUM_USDRUBF,MOMENTUM_USDRUBF_001731,MOMENTUM,USDRUBF,2023-08-29 11:20:00,2023-08-29 11:30:00,2023-08-29 11:30:00,2023-08-29 11:35:00,2023-08-29 10:00:00--2023-08-29 14:00:00,SHORT,-1,95.33,0.09833333333333333333333333333,95.49427889806011214432487026,95.75,95.38,95.47,95.03,95.31,MODELLED,CONDITIONAL_OPEN_SCENARIO,95.32,95.59,EXIT_ONLY_FROZEN_ENTRIES,C1_T10
MOMENTUM_USDRUBF,MOMENTUM_USDRUBF_001732,MOMENTUM,USDRUBF,2023-08-29 12:05:00,2023-08-29 12:15:00,2023-08-29 12:15:00,2023-08-29 12:20:00,2023-08-29 10:00:00--2023-08-29 14:00:00,LONG,1,95.6,0.085,95.47511101308631083664167034,95.59,95.28,95.48,95.86,95.62,MODELLED,CONDITIONAL_OPEN_SCENARIO,95.48,95.61,EXIT_ONLY_FROZEN_ENTRIES,C1_T10
MOMENTUM_USDRUBF,MOMENTUM_USDRUBF_001738,MOMENTUM,USDRUBF,2023-08-29 15:55:00,2023-08-29 16:05:00,2023-08-29 16:05:00,2023-08-29 16:10:00,2023-08-29 14:05:00--2023-08-29 18:50:00,SHORT,-1,95.93,0.07916666666666666666666666667,95.99211002729608220937700704,96.22,95.94,96.04,95.69,95.92,MODELLED,CONDITIONAL_OPEN_SCENARIO,95.91,96.05,EXIT_ONLY_FROZEN_ENTRIES,C1_T10
MOMENTUM_USDRUBF,MOMENTUM_USDRUBF_001746,MOMENTUM,USDRUBF,2023-08-30 12:15:00,2023-08-30 12:25:00,2023-08-30 12:25:00,2023-08-30 12:30:00,2023-08-30 10:00:00--2023-08-30 14:00:00,SHORT,-1,95.72,0.04583333333333333333333333333,95.88854171326325206888839186,95.95,95.74,95.78,95.58,95.71,MODELLED,CONDITIONAL_OPEN_SCENARIO,95.7,95.8,EXIT_ONLY_FROZEN_ENTRIES,C1_T10
MOMENTUM_USDRUBF,MOMENTUM_USDRUBF_001748,MOMENTUM,USDRUBF,2023-08-30 13:10:00,2023-08-30 13:20:00,2023-08-30 13:20:00,2023-08-30 13:25:00,2023-08-30 10:00:00--2023-08-30 14:00:00,LONG,1,95.98,0.0675,95.87465062798514063329205731,95.91,95.65,95.88,96.19,95.99,MODELLED,CONDITIONAL_OPEN_SCENARIO,95.81,96,EXIT_ONLY_FROZEN_ENTRIES,C1_T10
MOMENTUM_USDRUBF,MOMENTUM_USDRUBF_001751,MOMENTUM,USDRUBF,2023-08-30 18:00:00,2023-08-30 18:10:00,2023-08-30 18:10:00,2023-08-30 18:15:00,2023-08-30 14:05:00--2023-08-30 18:50:00,LONG,1,96.12,0.0525,96.03457593173110414489724826,96.09,95.93,96.05,96.28,96.13,MODELLED,CONDITIONAL_OPEN_SCENARIO,96.04,96.12,EXIT_ONLY_FROZEN_ENTRIES,C1_T10
MOMENTUM_USDRUBF,MOMENTUM_USDRUBF_001759,MOMENTUM,USDRUBF,2023-09-01 16:55:00,2023-09-01 17:05:00,2023-09-01 17:05:00,2023-09-01 17:10:00,2023-09-01 14:05:00--2023-09-01 18:50:00,SHORT,-1,95.73,0.07916666666666666666666666667,96.25261887389030767359844339,96.37,95.9,95.84,95.49,95.72,MODELLED,CONDITIONAL_OPEN_SCENARIO,95.73,96,EXIT_ONLY_FROZEN_ENTRIES,C1_T10
MOMENTUM_USDRUBF,MOMENTUM_USDRUBF_001765,MOMENTUM,USDRUBF,2023-09-04 11:30:00,2023-09-04 11:40:00,2023-09-04 11:40:00,2023-09-04 11:45:00,2023-09-04 10:00:00--2023-09-04 14:00:00,LONG,1,96.58,0.05,96.43766475543285906420329868,96.55,96.34,96.51,96.73,96.59,MODELLED,CONDITIONAL_OPEN_SCENARIO,96.5,96.58,EXIT_ONLY_FROZEN_ENTRIES,C1_T10
MOMENTUM_USDRUBF,MOMENTUM_USDRUBF_001767,MOMENTUM,USDRUBF,2023-09-04 12:50:00,2023-09-04 13:00:00,2023-09-04 13:00:00,2023-09-04 13:05:00,2023-09-04 10:00:00--2023-09-04 14:00:00,LONG,1,96.6,0.03583333333333333333333333333,96.47357759821677347450543328,96.58,96.48,96.55,96.71,96.60,MODELLED,CONDITIONAL_OPEN_SCENARIO,96.51,96.6,EXIT_ONLY_FROZEN_ENTRIES,C1_T10
MOMENTUM_USDRUBF,MOMENTUM_USDRUBF_001770,MOMENTUM,USDRUBF,2023-09-04 16:30:00,2023-09-04 16:40:00,2023-09-04 16:40:00,2023-09-04 16:45:00,2023-09-04 14:05:00--2023-09-04 18:50:00,SHORT,-1,96.69,0.0675,96.80224719101123595505617974,96.91,96.71,96.79,96.48,96.68,MODELLED,CONDITIONAL_OPEN_SCENARIO,96.69,96.76,EXIT_ONLY_FROZEN_ENTRIES,C1_T10
MOMENTUM_USDRUBF,MOMENTUM_USDRUBF_001776,MOMENTUM,USDRUBF,2023-09-05 12:55:00,2023-09-05 13:05:00,2023-09-05 13:05:00,2023-09-05 13:10:00,2023-09-05 10:00:00--2023-09-05 14:00:00,LONG,1,97.57,0.06083333333333333333333333333,97.48121738935875061529511787,97.56,97.37,97.48,97.76,97.58,MODELLED,CONDITIONAL_OPEN_SCENARIO,97.37,97.59,EXIT_ONLY_FROZEN_ENTRIES,C1_T10
MOMENTUM_USDRUBF,MOMENTUM_USDRUBF_001778,MOMENTUM,USDRUBF,2023-09-05 15:30:00,2023-09-05 15:40:00,2023-09-05 15:40:00,2023-09-05 15:45:00,2023-09-05 14:05:00--2023-09-05 18:50:00,LONG,1,97.69,0.05583333333333333333333333333,97.52605126505358523920008833,97.59,97.38,97.61,97.86,97.70,MODELLED,CONDITIONAL_OPEN_SCENARIO,97.54,97.69,EXIT_ONLY_FROZEN_ENTRIES,C1_T10
MOMENTUM_USDRUBF,MOMENTUM_USDRUBF_001781,MOMENTUM,USDRUBF,2023-09-05 17:50:00,2023-09-05 18:00:00,2023-09-05 18:00:00,2023-09-05 18:05:00,2023-09-05 14:05:00--2023-09-05 18:50:00,LONG,1,97.82,0.05,97.64554777221825113176078149,97.78,97.63,97.75,97.97,97.83,MODELLED,CONDITIONAL_OPEN_SCENARIO,97.72,97.83,EXIT_ONLY_FROZEN_ENTRIES,C1_T10
MOMENTUM_USDRUBF,MOMENTUM_USDRUBF_001782,MOMENTUM,USDRUBF,2023-09-06 11:55:00,2023-09-06 12:05:00,2023-09-06 12:05:00,2023-09-06 12:10:00,2023-09-06 10:00:00--2023-09-06 14:00:00,LONG,1,97.85,0.0675,97.66993204350755606891904909,97.76,97.58,97.75,98.06,97.86,MODELLED,CONDITIONAL_OPEN_SCENARIO,97.67,97.86,EXIT_ONLY_FROZEN_ENTRIES,C1_T10
MOMENTUM_USDRUBF,MOMENTUM_USDRUBF_001786,MOMENTUM,USDRUBF,2023-09-06 12:20:00,2023-09-06 12:30:00,2023-09-06 12:30:00,2023-09-06 12:35:00,2023-09-06 10:00:00--2023-09-06 14:00:00,LONG,1,98.1,0.075,97.71785074912641807476903939,97.99,97.61,97.99,98.33,98.11,MODELLED,CONDITIONAL_OPEN_SCENARIO,97.81,98.11,EXIT_ONLY_FROZEN_ENTRIES,C1_T10
MOMENTUM_USDRUBF,MOMENTUM_USDRUBF_001787,MOMENTUM,USDRUBF,2023-09-06 16:25:00,2023-09-06 16:35:00,2023-09-06 16:35:00,2023-09-06 16:40:00,2023-09-06 14:05:00--2023-09-06 18:50:00,LONG,1,97.91,0.04416666666666666666666666667,97.80719880235446225034874622,97.9,97.77,97.85,98.05,97.92,MODELLED,CONDITIONAL_OPEN_SCENARIO,97.83,97.93,EXIT_ONLY_FROZEN_ENTRIES,C1_T10
MOMENTUM_USDRUBF,MOMENTUM_USDRUBF_001788,MOMENTUM,USDRUBF,2023-09-06 17:25:00,2023-09-06 17:35:00,2023-09-06 17:35:00,2023-09-06 17:40:00,2023-09-06 14:05:00--2023-09-06 18:50:00,LONG,1,98.06,0.06333333333333333333333333333,97.83677130361173814898419858,97.98,97.82,97.97,98.25,98.07,MODELLED,CONDITIONAL_OPEN_SCENARIO,97.84,98.1,EXIT_ONLY_FROZEN_ENTRIES,C1_T10
MOMENTUM_USDRUBF,MOMENTUM_USDRUBF_001791,MOMENTUM,USDRUBF,2023-09-06 18:00:00,2023-09-06 18:10:00,2023-09-06 18:10:00,2023-09-06 18:15:00,2023-09-06 14:05:00--2023-09-06 18:50:00,LONG,1,98.25,0.0825,97.88994050795533155450143285,98.23,97.84,98.13,98.50,98.27,MODELLED,CONDITIONAL_OPEN_SCENARIO,98.12,98.29,EXIT_ONLY_FROZEN_ENTRIES,C1_T10
MOMENTUM_USDRUBF,MOMENTUM_USDRUBF_001792,MOMENTUM,USDRUBF,2023-09-07 12:15:00,2023-09-07 12:25:00,2023-09-07 12:25:00,2023-09-07 12:30:00,2023-09-07 10:00:00--2023-09-07 14:00:00,LONG,1,98.45,0.05666666666666666666666666667,98.37328513786146603900470748,98.42,98.26,98.37,98.62,98.46,MODELLED,CONDITIONAL_OPEN_SCENARIO,98.32,98.47,EXIT_ONLY_FROZEN_ENTRIES,C1_T10
MOMENTUM_USDRUBF,MOMENTUM_USDRUBF_001797,MOMENTUM,USDRUBF,2023-09-07 15:45:00,2023-09-07 15:55:00,2023-09-07 15:55:00,2023-09-07 16:00:00,2023-09-07 14:05:00--2023-09-07 18:50:00,SHORT,-1,97.8,0.1491666666666666666666666667,97.87302084041998321881307120,98.3,97.88,98.02,97.35,97.77,MODELLED,CONDITIONAL_OPEN_SCENARIO,97.77,98.08,EXIT_ONLY_FROZEN_ENTRIES,C1_T10
MOMENTUM_USDRUBF,MOMENTUM_USDRUBF_001798,MOMENTUM,USDRUBF,2023-09-07 17:00:00,2023-09-07 17:10:00,2023-09-07 17:10:00,2023-09-07 17:15:00,2023-09-07 14:05:00--2023-09-07 18:50:00,LONG,1,98.24,0.1658333333333333333333333333,97.89227303867320128584441884,98.23,97.54,98.00,98.74,98.28,MODELLED,CONDITIONAL_OPEN_SCENARIO,98.02,98.27,EXIT_ONLY_FROZEN_ENTRIES,C1_T10
MOMENTUM_USDRUBF,MOMENTUM_USDRUBF_001802,MOMENTUM,USDRUBF,2023-09-08 11:30:00,2023-09-08 11:40:00,2023-09-08 11:40:00,2023-09-08 11:45:00,2023-09-08 10:00:00--2023-09-08 14:00:00,SHORT,-1,97.61,0.1025,97.93674241749101387279802754,98.2,97.69,97.76,97.30,97.59,MODELLED,CONDITIONAL_OPEN_SCENARIO,97.59,97.8,EXIT_ONLY_FROZEN_ENTRIES,C1_T10
MOMENTUM_USDRUBF,MOMENTUM_USDRUBF_001804,MOMENTUM,USDRUBF,2023-09-08 12:10:00,2023-09-08 12:20:00,2023-09-08 12:20:00,2023-09-08 12:25:00,2023-09-08 10:00:00--2023-09-08 14:00:00,LONG,1,97.93,0.1133333333333333333333333333,97.83175499211538120802990841,97.91,97.51,97.76,98.27,97.95,MODELLED,CONDITIONAL_OPEN_SCENARIO,97.63,97.93,EXIT_ONLY_FROZEN_ENTRIES,C1_T10
MOMENTUM_USDRUBF,MOMENTUM_USDRUBF_001805,MOMENTUM,USDRUBF,2023-09-08 15:40:00,2023-09-08 15:50:00,2023-09-08 15:50:00,2023-09-08 15:55:00,2023-09-08 14:05:00--2023-09-08 18:50:00,LONG,1,98.04,0.06333333333333333333333333333,97.93968633957493876906059889,98.01,97.89,97.95,98.23,98.05,MODELLED,CONDITIONAL_OPEN_SCENARIO,97.94,98.06,EXIT_ONLY_FROZEN_ENTRIES,C1_T10
MOMENTUM_USDRUBF,MOMENTUM_USDRUBF_001807,MOMENTUM,USDRUBF,2023-09-08 16:30:00,2023-09-08 16:40:00,2023-09-08 16:40:00,2023-09-08 16:45:00,2023-09-08 14:05:00--2023-09-08 18:50:00,SHORT,-1,97.89,0.0675,97.98494019385440296968447104,98.11,97.91,97.99,97.68,97.88,MODELLED,CONDITIONAL_OPEN_SCENARIO,97.89,98.05,EXIT_ONLY_FROZEN_ENTRIES,C1_T10
MOMENTUM_USDRUBF,MOMENTUM_USDRUBF_001815,MOMENTUM,USDRUBF,2023-09-11 11:30:00,2023-09-11 11:40:00,2023-09-11 11:40:00,2023-09-11 11:45:00,2023-09-11 10:00:00--2023-09-11 14:00:00,SHORT,-1,96.13,0.1208333333333333333333333333,96.56200880495627402936313476,96.84,96.22,96.31,95.76,96.10,MODELLED,CONDITIONAL_OPEN_SCENARIO,96.12,96.59,EXIT_ONLY_FROZEN_ENTRIES,C1_T10
MOMENTUM_USDRUBF,MOMENTUM_USDRUBF_001816,MOMENTUM,USDRUBF,2023-09-11 12:35:00,2023-09-11 12:45:00,2023-09-11 12:45:00,2023-09-11 12:50:00,2023-09-11 10:00:00--2023-09-11 14:00:00,LONG,1,96.47,0.0875,96.46877945365520681552658871,96.46,96.07,96.34,96.74,96.49,MODELLED,CONDITIONAL_OPEN_SCENARIO,96.37,96.48,EXIT_ONLY_FROZEN_ENTRIES,C1_T10
MOMENTUM_USDRUBF,MOMENTUM_USDRUBF_001829,MOMENTUM,USDRUBF,2023-09-12 12:05:00,2023-09-12 12:15:00,2023-09-12 12:15:00,2023-09-12 12:20:00,2023-09-12 10:00:00--2023-09-12 14:00:00,LONG,1,95.02,0.0975,94.65207781533770796049579113,95,94.79,94.88,95.32,95.04,MODELLED,CONDITIONAL_OPEN_SCENARIO,94.88,95.16,EXIT_ONLY_FROZEN_ENTRIES,C1_T10
MOMENTUM_USDRUBF,MOMENTUM_USDRUBF_001837,MOMENTUM,USDRUBF,2023-09-12 17:00:00,2023-09-12 17:10:00,2023-09-12 17:10:00,2023-09-12 17:15:00,2023-09-12 14:05:00--2023-09-12 18:50:00,LONG,1,94.97,0.1083333333333333333333333333,94.50203852646211895541654257,94.95,94.32,94.81,95.30,94.99,MODELLED,CONDITIONAL_OPEN_SCENARIO,94.78,95,EXIT_ONLY_FROZEN_ENTRIES,C1_T10
MOMENTUM_USDRUBF,MOMENTUM_USDRUBF_001846,MOMENTUM,USDRUBF,2023-09-14 11:50:00,2023-09-14 12:00:00,2023-09-14 12:00:00,2023-09-14 12:05:00,2023-09-14 10:00:00--2023-09-14 14:00:00,LONG,1,96.23,0.095,96.05123461735318334557269077,96.18,95.85,96.09,96.52,96.25,MODELLED,CONDITIONAL_OPEN_SCENARIO,96,96.25,EXIT_ONLY_FROZEN_ENTRIES,C1_T10
MOMENTUM_USDRUBF,MOMENTUM_USDRUBF_001850,MOMENTUM,USDRUBF,2023-09-14 12:15:00,2023-09-14 12:25:00,2023-09-14 12:25:00,2023-09-14 12:30:00,2023-09-14 10:00:00--2023-09-14 14:00:00,LONG,1,96.45,0.08666666666666666666666666667,96.12746765830409050437333064,96.43,95.96,96.32,96.71,96.47,MODELLED,CONDITIONAL_OPEN_SCENARIO,96.24,96.55,EXIT_ONLY_FROZEN_ENTRIES,C1_T10
MOMENTUM_USDRUBF,MOMENTUM_USDRUBF_001851,MOMENTUM,USDRUBF,2023-09-14 12:55:00,2023-09-14 13:05:00,2023-09-14 13:05:00,2023-09-14 13:10:00,2023-09-14 10:00:00--2023-09-14 14:00:00,SHORT,-1,96.07,0.1275,96.15118474818674021861272862,96.55,96.11,96.26,95.68,96.04,MODELLED,CONDITIONAL_OPEN_SCENARIO,96.05,96.27,EXIT_ONLY_FROZEN_ENTRIES,C1_T10
MOMENTUM_USDRUBF,MOMENTUM_USDRUBF_001853,MOMENTUM,USDRUBF,2023-09-14 17:00:00,2023-09-14 17:10:00,2023-09-14 17:10:00,2023-09-14 17:15:00,2023-09-14 14:05:00--2023-09-14 18:50:00,LONG,1,96.6,0.1733333333333333333333333333,96.10952313951332308061472684,96.47,95.99,96.34,97.12,96.64,MODELLED,CONDITIONAL_OPEN_SCENARIO,96.05,96.66,EXIT_ONLY_FROZEN_ENTRIES,C1_T10
MOMENTUM_USDRUBF,MOMENTUM_USDRUBF_001857,MOMENTUM,USDRUBF,2023-09-15 12:20:00,2023-09-15 12:30:00,2023-09-15 12:30:00,2023-09-15 12:35:00,2023-09-15 10:00:00--2023-09-15 14:00:00,LONG,1,96.54,0.09583333333333333333333333333,96.45531918691567931811589343,96.52,96.25,96.40,96.83,96.56,MODELLED,CONDITIONAL_OPEN_SCENARIO,96.39,96.54,EXIT_ONLY_FROZEN_ENTRIES,C1_T10
MOMENTUM_USDRUBF,MOMENTUM_USDRUBF_001863,MOMENTUM,USDRUBF,2023-09-15 15:35:00,2023-09-15 15:45:00,2023-09-15 15:45:00,2023-09-15 15:50:00,2023-09-15 14:05:00--2023-09-15 18:50:00,SHORT,-1,96.58,0.1908333333333333333333333333,96.74573163885060991170315929,97.17,96.65,96.86,96.00,96.54,MODELLED,CONDITIONAL_OPEN_SCENARIO,96.57,96.89,EXIT_ONLY_FROZEN_ENTRIES,C1_T10
MOMENTUM_USDRUBF,MOMENTUM_USDRUBF_001865,MOMENTUM,USDRUBF,2023-09-15 16:45:00,2023-09-15 16:55:00,2023-09-15 16:55:00,2023-09-15 17:00:00,2023-09-15 14:05:00--2023-09-15 18:50:00,LONG,1,96.95,0.105,96.72962566355482335712978214,96.83,96.49,96.80,97.27,96.97,MODELLED,CONDITIONAL_OPEN_SCENARIO,96.7,96.95,EXIT_ONLY_FROZEN_ENTRIES,C1_T10
MOMENTUM_USDRUBF,MOMENTUM_USDRUBF_001868,MOMENTUM,USDRUBF,2023-09-18 11:45:00,2023-09-18 11:55:00,2023-09-18 11:55:00,2023-09-18 12:00:00,2023-09-18 10:00:00--2023-09-18 14:00:00,SHORT,-1,96.64,0.08166666666666666666666666667,96.83541199126023034477650631,96.87,96.65,96.76,96.39,96.62,MODELLED,CONDITIONAL_OPEN_SCENARIO,96.61,96.75,EXIT_ONLY_FROZEN_ENTRIES,C1_T10
MOMENTUM_USDRUBF,MOMENTUM_USDRUBF_001875,MOMENTUM,USDRUBF,2023-09-18 15:55:00,2023-09-18 16:05:00,2023-09-18 16:05:00,2023-09-18 16:10:00,2023-09-18 14:05:00--2023-09-18 18:50:00,LONG,1,96.55,0.0575,96.48786649356269609434166394,96.54,96.39,96.47,96.73,96.56,MODELLED,CONDITIONAL_OPEN_SCENARIO,96.47,96.59,EXIT_ONLY_FROZEN_ENTRIES,C1_T10
MOMENTUM_USDRUBF,MOMENTUM_USDRUBF_001881,MOMENTUM,USDRUBF,2023-09-19 15:25:00,2023-09-19 15:35:00,2023-09-19 15:35:00,2023-09-19 15:40:00,2023-09-19 14:05:00--2023-09-19 18:50:00,SHORT,-1,96.08,0.06166666666666666666666666667,96.17629008802143130501339456,96.22,96.1,96.17,95.89,96.07,MODELLED,CONDITIONAL_OPEN_SCENARIO,96.07,96.19,EXIT_ONLY_FROZEN_ENTRIES,C1_T10
MOMENTUM_USDRUBF,MOMENTUM_USDRUBF_001882,MOMENTUM,USDRUBF,2023-09-19 15:50:00,2023-09-19 16:00:00,2023-09-19 16:00:00,2023-09-19 16:05:00,2023-09-19 14:05:00--2023-09-19 18:50:00,LONG,1,96.26,0.05833333333333333333333333333,96.16705555555555555555555555,96.23,96.04,96.18,96.44,96.27,MODELLED,CONDITIONAL_OPEN_SCENARIO,96.13,96.26,EXIT_ONLY_FROZEN_ENTRIES,C1_T10
MOMENTUM_USDRUBF,MOMENTUM_USDRUBF_001885,MOMENTUM,USDRUBF,2023-09-19 17:40:00,2023-09-19 17:50:00,2023-09-19 17:50:00,2023-09-19 17:55:00,2023-09-19 14:05:00--2023-09-19 18:50:00,LONG,1,96.23,0.04833333333333333333333333333,96.17111079419407998985865507,96.22,96.05,96.16,96.38,96.24,MODELLED,CONDITIONAL_OPEN_SCENARIO,96.17,96.25,EXIT_ONLY_FROZEN_ENTRIES,C1_T10
MOMENTUM_USDRUBF,MOMENTUM_USDRUBF_001892,MOMENTUM,USDRUBF,2023-09-20 11:40:00,2023-09-20 11:50:00,2023-09-20 11:50:00,2023-09-20 11:55:00,2023-09-20 10:00:00--2023-09-20 14:00:00,SHORT,-1,96.34,0.07333333333333333333333333333,96.50916377223450163140722029,96.59,96.35,96.45,96.12,96.33,MODELLED,CONDITIONAL_OPEN_SCENARIO,96.33,96.44,EXIT_ONLY_FROZEN_ENTRIES,C1_T10
MOMENTUM_USDRUBF,MOMENTUM_USDRUBF_001895,MOMENTUM,USDRUBF,2023-09-20 13:10:00,2023-09-20 13:20:00,2023-09-20 13:20:00,2023-09-20 13:25:00,2023-09-20 10:00:00--2023-09-20 14:00:00,SHORT,-1,96.41,0.04916666666666666666666666667,96.50263269417812977629567876,96.61,96.43,96.48,96.26,96.40,MODELLED,CONDITIONAL_OPEN_SCENARIO,96.4,96.52,EXIT_ONLY_FROZEN_ENTRIES,C1_T10
MOMENTUM_USDRUBF,MOMENTUM_USDRUBF_001898,MOMENTUM,USDRUBF,2023-09-20 17:05:00,2023-09-20 17:15:00,2023-09-20 17:15:00,2023-09-20 17:20:00,2023-09-20 14:05:00--2023-09-20 18:50:00,SHORT,-1,96.42,0.03666666666666666666666666667,96.48765046023129572810951145,96.54,96.43,96.47,96.31,96.42,MODELLED,CONDITIONAL_OPEN_SCENARIO,96.4,96.47,EXIT_ONLY_FROZEN_ENTRIES,C1_T10
MOMENTUM_USDRUBF,MOMENTUM_USDRUBF_001900,MOMENTUM,USDRUBF,2023-09-20 17:55:00,2023-09-20 18:05:00,2023-09-20 18:05:00,2023-09-20 18:10:00,2023-09-20 14:05:00--2023-09-20 18:50:00,SHORT,-1,96.16,0.08166666666666666666666666667,96.41682968521992912236814678,96.48,96.2,96.28,95.91,96.14,MODELLED,CONDITIONAL_OPEN_SCENARIO,96.1,96.36,EXIT_ONLY_FROZEN_ENTRIES,C1_T10
MOMENTUM_USDRUBF,MOMENTUM_USDRUBF_001908,MOMENTUM,USDRUBF,2023-09-21 16:00:00,2023-09-21 16:10:00,2023-09-21 16:10:00,2023-09-21 16:15:00,2023-09-21 14:05:00--2023-09-21 18:50:00,LONG,1,95.98,0.1425,95.62832584001216307204448208,95.97,95.25,95.77,96.41,96.01,MODELLED,CONDITIONAL_OPEN_SCENARIO,95.82,96.02,EXIT_ONLY_FROZEN_ENTRIES,C1_T10
MOMENTUM_USDRUBF,MOMENTUM_USDRUBF_001911,MOMENTUM,USDRUBF,2023-09-21 17:55:00,2023-09-21 18:05:00,2023-09-21 18:05:00,2023-09-21 18:10:00,2023-09-21 14:05:00--2023-09-21 18:50:00,LONG,1,96.19,0.1066666666666666666666666667,95.76345114374570519768488016,96.15,95.89,96.03,96.51,96.21,MODELLED,CONDITIONAL_OPEN_SCENARIO,95.89,96.23,EXIT_ONLY_FROZEN_ENTRIES,C1_T10
MOMENTUM_USDRUBF,MOMENTUM_USDRUBF_001918,MOMENTUM,USDRUBF,2023-09-22 17:05:00,2023-09-22 17:15:00,2023-09-22 17:15:00,2023-09-22 17:20:00,2023-09-22 14:05:00--2023-09-22 18:50:00,LONG,1,96.05,0.09916666666666666666666666667,95.96096942056949073262000816,96.03,95.68,95.91,96.35,96.07,MODELLED,CONDITIONAL_OPEN_SCENARIO,95.94,96.06,EXIT_ONLY_FROZEN_ENTRIES,C1_T10
MOMENTUM_USDRUBF,MOMENTUM_USDRUBF_001920,MOMENTUM,USDRUBF,2023-09-25 11:35:00,2023-09-25 11:45:00,2023-09-25 11:45:00,2023-09-25 11:50:00,2023-09-25 10:00:00--2023-09-25 14:00:00,LONG,1,96.13,0.08416666666666666666666666667,96.06848199591863603449410835,96.11,95.83,96.01,96.39,96.15,MODELLED,CONDITIONAL_OPEN_SCENARIO,96.01,96.14,EXIT_ONLY_FROZEN_ENTRIES,C1_T10
MOMENTUM_USDRUBF,MOMENTUM_USDRUBF_001921,MOMENTUM,USDRUBF,2023-09-25 11:55:00,2023-09-25 12:05:00,2023-09-25 12:05:00,2023-09-25 12:10:00,2023-09-25 10:00:00--2023-09-25 14:00:00,LONG,1,96.16,0.0775,96.07056096859069232034204903,96.14,95.83,96.05,96.40,96.17,MODELLED,CONDITIONAL_OPEN_SCENARIO,96.01,96.16,EXIT_ONLY_FROZEN_ENTRIES,C1_T10
MOMENTUM_USDRUBF,MOMENTUM_USDRUBF_001925,MOMENTUM,USDRUBF,2023-09-25 16:45:00,2023-09-25 16:55:00,2023-09-25 16:55:00,2023-09-25 17:00:00,2023-09-25 14:05:00--2023-09-25 18:50:00,SHORT,-1,96.03,0.06333333333333333333333333333,96.14821377768746189798821379,96.23,96.05,96.12,95.84,96.02,MODELLED,CONDITIONAL_OPEN_SCENARIO,96.02,96.23,EXIT_ONLY_FROZEN_ENTRIES,C1_T10
MOMENTUM_USDRUBF,MOMENTUM_USDRUBF_001930,MOMENTUM,USDRUBF,2023-09-26 12:00:00,2023-09-26 12:10:00,2023-09-26 12:10:00,2023-09-26 12:15:00,2023-09-26 10:00:00--2023-09-26 14:00:00,LONG,1,96.38,0.04916666666666666666666666667,96.27411314083677077195050088,96.37,96.1,96.31,96.53,96.39,MODELLED,CONDITIONAL_OPEN_SCENARIO,96.28,96.44,EXIT_ONLY_FROZEN_ENTRIES,C1_T10
MOMENTUM_USDRUBF,MOMENTUM_USDRUBF_001931,MOMENTUM,USDRUBF,2023-09-26 16:45:00,2023-09-26 16:55:00,2023-09-26 16:55:00,2023-09-26 17:00:00,2023-09-26 14:05:00--2023-09-26 18:50:00,SHORT,-1,96.22,0.03666666666666666666666666667,96.26690512700846723114874312,96.32,96.24,96.27,96.11,96.22,MODELLED,CONDITIONAL_OPEN_SCENARIO,96.22,96.29,EXIT_ONLY_FROZEN_ENTRIES,C1_T10
MOMENTUM_USDRUBF,MOMENTUM_USDRUBF_001932,MOMENTUM,USDRUBF,2023-09-26 17:25:00,2023-09-26 17:35:00,2023-09-26 17:35:00,2023-09-26 17:40:00,2023-09-26 14:05:00--2023-09-26 18:50:00,LONG,1,96.32,0.03916666666666666666666666667,96.26680655996838569452677327,96.3,96.2,96.27,96.44,96.32,MODELLED,CONDITIONAL_OPEN_SCENARIO,96.2,96.32,EXIT_ONLY_FROZEN_ENTRIES,C1_T10
MOMENTUM_USDRUBF,MOMENTUM_USDRUBF_001937,MOMENTUM,USDRUBF,2023-09-27 16:55:00,2023-09-27 17:05:00,2023-09-27 17:05:00,2023-09-27 17:10:00,2023-09-27 14:05:00--2023-09-27 18:50:00,LONG,1,96.55,0.07166666666666666666666666667,96.48171355200186763160966497,96.53,96.35,96.45,96.77,96.56,MODELLED,CONDITIONAL_OPEN_SCENARIO,96.45,96.55,EXIT_ONLY_FROZEN_ENTRIES,C1_T10
MOMENTUM_USDRUBF,MOMENTUM_USDRUBF_001940,MOMENTUM,USDRUBF,2023-09-28 11:05:00,2023-09-28 11:15:00,2023-09-28 11:15:00,2023-09-28 11:20:00,2023-09-28 10:00:00--2023-09-28 14:00:00,LONG,1,97.13,0.0725,96.91002501924557351809083910,97.07,96.64,97.03,97.35,97.14,MODELLED,CONDITIONAL_OPEN_SCENARIO,96.92,97.15,EXIT_ONLY_FROZEN_ENTRIES,C1_T10
MOMENTUM_USDRUBF,MOMENTUM_USDRUBF_001941,MOMENTUM,USDRUBF,2023-09-28 11:35:00,2023-09-28 11:45:00,2023-09-28 11:45:00,2023-09-28 11:50:00,2023-09-28 10:00:00--2023-09-28 14:00:00,LONG,1,97.18,0.07916666666666666666666666667,96.97007748971587104180618004,97.15,96.83,97.07,97.42,97.19,MODELLED,CONDITIONAL_OPEN_SCENARIO,97.02,97.18,EXIT_ONLY_FROZEN_ENTRIES,C1_T10
MOMENTUM_USDRUBF,MOMENTUM_USDRUBF_001943,MOMENTUM,USDRUBF,2023-09-28 15:45:00,2023-09-28 15:55:00,2023-09-28 15:55:00,2023-09-28 16:00:00,2023-09-28 14:05:00--2023-09-28 18:50:00,LONG,1,97.04,0.03833333333333333333333333333,96.95652486208300936724795439,96.99,96.89,96.99,97.16,97.04,MODELLED,CONDITIONAL_OPEN_SCENARIO,96.92,97.04,EXIT_ONLY_FROZEN_ENTRIES,C1_T10
MOMENTUM_USDRUBF,MOMENTUM_USDRUBF_001944,MOMENTUM,USDRUBF,2023-09-28 16:35:00,2023-09-28 16:45:00,2023-09-28 16:45:00,2023-09-28 16:50:00,2023-09-28 14:05:00--2023-09-28 18:50:00,SHORT,-1,96.88,0.0575,96.95636917477648548144631696,97.04,96.89,96.96,96.70,96.87,MODELLED,CONDITIONAL_OPEN_SCENARIO,96.85,97.02,EXIT_ONLY_FROZEN_ENTRIES,C1_T10
MOMENTUM_USDRUBF,MOMENTUM_USDRUBF_001947,MOMENTUM,USDRUBF,2023-09-28 17:45:00,2023-09-28 17:55:00,2023-09-28 17:55:00,2023-09-28 18:00:00,2023-09-28 14:05:00--2023-09-28 18:50:00,LONG,1,97.05,0.05583333333333333333333333333,96.93325845524618530753500080,96.98,96.78,96.97,97.22,97.06,MODELLED,CONDITIONAL_OPEN_SCENARIO,96.85,97.05,EXIT_ONLY_FROZEN_ENTRIES,C1_T10
MOMENTUM_USDRUBF,MOMENTUM_USDRUBF_001960,MOMENTUM,USDRUBF,2023-10-02 11:45:00,2023-10-02 11:55:00,2023-10-02 11:55:00,2023-10-02 12:00:00,2023-10-02 10:00:00--2023-10-02 14:00:00,LONG,1,98.34,0.1075,98.12764618774153935059775344,98.31,97.94,98.18,98.67,98.36,MODELLED,CONDITIONAL_OPEN_SCENARIO,98.18,98.34,EXIT_ONLY_FROZEN_ENTRIES,C1_T10
MOMENTUM_USDRUBF,MOMENTUM_USDRUBF_001966,MOMENTUM,USDRUBF,2023-10-02 15:10:00,2023-10-02 15:20:00,2023-10-02 15:20:00,2023-10-02 15:25:00,2023-10-02 14:05:00--2023-10-02 18:50:00,SHORT,-1,98.66,0.1133333333333333333333333333,98.87382107953691174259509851,99.13,98.71,98.83,98.32,98.64,MODELLED,CONDITIONAL_OPEN_SCENARIO,98.65,98.78,EXIT_ONLY_FROZEN_ENTRIES,C1_T10
MOMENTUM_USDRUBF,MOMENTUM_USDRUBF_001967,MOMENTUM,USDRUBF,2023-10-02 16:45:00,2023-10-02 16:55:00,2023-10-02 16:55:00,2023-10-02 17:00:00,2023-10-02 14:05:00--2023-10-02 18:50:00,LONG,1,98.96,0.075,98.82786324030253438896014852,98.89,98.71,98.85,99.19,98.97,MODELLED,CONDITIONAL_OPEN_SCENARIO,98.75,99,EXIT_ONLY_FROZEN_ENTRIES,C1_T10
MOMENTUM_USDRUBF,MOMENTUM_USDRUBF_001968,MOMENTUM,USDRUBF,2023-10-02 17:35:00,2023-10-02 17:45:00,2023-10-02 17:45:00,2023-10-02 17:50:00,2023-10-02 14:05:00--2023-10-02 18:50:00,LONG,1,99.06,0.1208333333333333333333333333,98.83447444280390916121774587,99.05,98.71,98.88,99.43,99.09,MODELLED,CONDITIONAL_OPEN_SCENARIO,98.76,99.06,EXIT_ONLY_FROZEN_ENTRIES,C1_T10
MOMENTUM_USDRUBF,MOMENTUM_USDRUBF_001972,MOMENTUM,USDRUBF,2023-10-03 11:25:00,2023-10-03 11:35:00,2023-10-03 11:35:00,2023-10-03 11:40:00,2023-10-03 10:00:00--2023-10-03 14:00:00,SHORT,-1,99.15,0.09833333333333333333333333333,99.39190045248868778280542988,99.53,99.2,99.29,98.85,99.13,MODELLED,CONDITIONAL_OPEN_SCENARIO,99.12,99.42,EXIT_ONLY_FROZEN_ENTRIES,C1_T10
MOMENTUM_USDRUBF,MOMENTUM_USDRUBF_001978,MOMENTUM,USDRUBF,2023-10-03 16:45:00,2023-10-03 16:55:00,2023-10-03 16:55:00,2023-10-03 17:00:00,2023-10-03 14:05:00--2023-10-03 18:50:00,SHORT,-1,99.06,0.08916666666666666666666666667,99.16513405182450187938662144,99.37,99.09,99.19,98.79,99.04,MODELLED,CONDITIONAL_OPEN_SCENARIO,99.06,99.18,EXIT_ONLY_FROZEN_ENTRIES,C1_T10
MOMENTUM_USDRUBF,MOMENTUM_USDRUBF_001989,MOMENTUM,USDRUBF,2023-10-05 12:05:00,2023-10-05 12:15:00,2023-10-05 12:15:00,2023-10-05 12:20:00,2023-10-05 10:00:00--2023-10-05 14:00:00,LONG,1,99.78,0.05583333333333333333333333333,99.57243037861517142729426492,99.75,99.42,99.70,99.95,99.79,MODELLED,CONDITIONAL_OPEN_SCENARIO,99.56,99.78,EXIT_ONLY_FROZEN_ENTRIES,C1_T10
MOMENTUM_USDRUBF,MOMENTUM_USDRUBF_001993,MOMENTUM,USDRUBF,2023-10-05 16:15:00,2023-10-05 16:25:00,2023-10-05 16:25:00,2023-10-05 16:30:00,2023-10-05 14:05:00--2023-10-05 18:50:00,LONG,1,99.9,0.0775,99.73339057448764718094729665,99.88,99.64,99.79,100.14,99.91,MODELLED,CONDITIONAL_OPEN_SCENARIO,99.79,99.92,EXIT_ONLY_FROZEN_ENTRIES,C1_T10
MOMENTUM_USDRUBF,MOMENTUM_USDRUBF_001996,MOMENTUM,USDRUBF,2023-10-05 17:35:00,2023-10-05 17:45:00,2023-10-05 17:45:00,2023-10-05 17:50:00,2023-10-05 14:05:00--2023-10-05 18:50:00,LONG,1,100.17,0.09666666666666666666666666667,99.86009744270094697836131575,100.16,99.85,100.03,100.46,100.19,MODELLED,CONDITIONAL_OPEN_SCENARIO,100,100.21,EXIT_ONLY_FROZEN_ENTRIES,C1_T10
MOMENTUM_USDRUBF,MOMENTUM_USDRUBF_002000,MOMENTUM,USDRUBF,2023-10-06 11:05:00,2023-10-06 11:15:00,2023-10-06 11:15:00,2023-10-06 11:20:00,2023-10-06 10:00:00--2023-10-06 14:00:00,SHORT,-1,100.65,0.1375,100.9094004258403551689770771,101.24,100.74,100.85,100.23,100.62,MODELLED,CONDITIONAL_OPEN_SCENARIO,100.59,101.06,EXIT_ONLY_FROZEN_ENTRIES,C1_T10
MOMENTUM_USDRUBF,MOMENTUM_USDRUBF_002001,MOMENTUM,USDRUBF,2023-10-06 11:30:00,2023-10-06 11:40:00,2023-10-06 11:40:00,2023-10-06 11:45:00,2023-10-06 10:00:00--2023-10-06 14:00:00,SHORT,-1,100.13,0.1483333333333333333333333333,100.7749740429326708707560991,101.24,100.52,100.35,99.68,100.10,MODELLED,CONDITIONAL_OPEN_SCENARIO,100.01,100.68,EXIT_ONLY_FROZEN_ENTRIES,C1_T10
MOMENTUM_USDRUBF,MOMENTUM_USDRUBF_002002,MOMENTUM,USDRUBF,2023-10-06 12:00:00,2023-10-06 12:10:00,2023-10-06 12:10:00,2023-10-06 12:15:00,2023-10-06 10:00:00--2023-10-06 14:00:00,SHORT,-1,99.96,0.1941666666666666666666666667,100.5569599762382119254473899,100.87,100.01,100.25,99.37,99.92,MODELLED,CONDITIONAL_OPEN_SCENARIO,99.92,100.25,EXIT_ONLY_FROZEN_ENTRIES,C1_T10
MOMENTUM_USDRUBF,MOMENTUM_USDRUBF_002006,MOMENTUM,USDRUBF,2023-10-06 16:15:00,2023-10-06 16:25:00,2023-10-06 16:25:00,2023-10-06 16:30:00,2023-10-06 14:05:00--2023-10-06 18:50:00,LONG,1,100.32,0.185,100.0719685562086106118748078,100.26,99.64,100.05,100.88,100.36,MODELLED,CONDITIONAL_OPEN_SCENARIO,100.06,100.4,EXIT_ONLY_FROZEN_ENTRIES,C1_T10
MOMENTUM_USDRUBF,MOMENTUM_USDRUBF_002010,MOMENTUM,USDRUBF,2023-10-09 11:25:00,2023-10-09 11:35:00,2023-10-09 11:35:00,2023-10-09 11:40:00,2023-10-09 10:00:00--2023-10-09 14:00:00,SHORT,-1,100.75,0.1225,100.8301552624347348172574883,101.1,100.81,100.93,100.38,100.72,MODELLED,CONDITIONAL_OPEN_SCENARIO,100.73,101.09,EXIT_ONLY_FROZEN_ENTRIES,C1_T10
MOMENTUM_USDRUBF,MOMENTUM_USDRUBF_002015,MOMENTUM,USDRUBF,2023-10-09 15:30:00,2023-10-09 15:40:00,2023-10-09 15:40:00,2023-10-09 15:45:00,2023-10-09 14:05:00--2023-10-09 18:50:00,SHORT,-1,101.79,0.1558333333333333333333333333,101.9207945795083896566797807,102.25,101.92,102.02,101.32,101.76,MODELLED,CONDITIONAL_OPEN_SCENARIO,101.79,102.07,EXIT_ONLY_FROZEN_ENTRIES,C1_T10
MOMENTUM_USDRUBF,MOMENTUM_USDRUBF_002023,MOMENTUM,USDRUBF,2023-10-09 17:10:00,2023-10-09 17:20:00,2023-10-09 17:20:00,2023-10-09 17:25:00,2023-10-09 14:05:00--2023-10-09 18:50:00,SHORT,-1,100.32,0.2566666666666666666666666667,101.4495070623640796959778574,101.7,100.58,100.70,99.55,100.26,MODELLED,CONDITIONAL_OPEN_SCENARIO,100.29,100.83,EXIT_ONLY_FROZEN_ENTRIES,C1_T10
MOMENTUM_USDRUBF,MOMENTUM_USDRUBF_002026,MOMENTUM,USDRUBF,2023-10-09 17:50:00,2023-10-09 18:00:00,2023-10-09 18:00:00,2023-10-09 18:05:00,2023-10-09 14:05:00--2023-10-09 18:50:00,SHORT,-1,99.38,0.2591666666666666666666666667,101.1022116174223266387135018,101.1,99.84,99.76,98.60,99.32,MODELLED,CONDITIONAL_OPEN_SCENARIO,99.36,100.52,EXIT_ONLY_FROZEN_ENTRIES,C1_T10
MOMENTUM_USDRUBF,MOMENTUM_USDRUBF_002028,MOMENTUM,USDRUBF,2023-10-10 11:25:00,2023-10-10 11:35:00,2023-10-10 11:35:00,2023-10-10 11:40:00,2023-10-10 10:00:00--2023-10-10 14:00:00,SHORT,-1,99.82,0.2541666666666666666666666667,100.2016133326138182864749159,100.75,99.83,100.20,99.05,99.76,MODELLED,CONDITIONAL_OPEN_SCENARIO,99.8,100.18,EXIT_ONLY_FROZEN_ENTRIES,C1_T10
MOMENTUM_USDRUBF,MOMENTUM_USDRUBF_002032,MOMENTUM,USDRUBF,2023-10-10 15:55:00,2023-10-10 16:05:00,2023-10-10 16:05:00,2023-10-10 16:10:00,2023-10-10 14:05:00--2023-10-10 18:50:00,LONG,1,99.81,0.1241666666666666666666666667,99.65025650496593614052368052,99.8,99.35,99.63,100.19,99.84,MODELLED,CONDITIONAL_OPEN_SCENARIO,99.62,99.83,EXIT_ONLY_FROZEN_ENTRIES,C1_T10
MOMENTUM_USDRUBF,MOMENTUM_USDRUBF_002035,MOMENTUM,USDRUBF,2023-10-10 17:35:00,2023-10-10 17:45:00,2023-10-10 17:45:00,2023-10-10 17:50:00,2023-10-10 14:05:00--2023-10-10 18:50:00,LONG,1,100.25,0.1125,99.79913570551158903723393542,100.19,99.71,100.09,100.59,100.27,MODELLED,CONDITIONAL_OPEN_SCENARIO,99.99,100.27,EXIT_ONLY_FROZEN_ENTRIES,C1_T10
MOMENTUM_USDRUBF,MOMENTUM_USDRUBF_002037,MOMENTUM,USDRUBF,2023-10-11 12:05:00,2023-10-11 12:15:00,2023-10-11 12:15:00,2023-10-11 12:20:00,2023-10-11 10:00:00--2023-10-11 14:00:00,LONG,1,100.02,0.1058333333333333333333333333,100.0839011190607228031553844,99.98,99.71,99.87,100.34,100.04,MODELLED,CONDITIONAL_OPEN_SCENARIO,99.71,100.02,EXIT_ONLY_FROZEN_ENTRIES,C1_T10
MOMENTUM_USDRUBF,MOMENTUM_USDRUBF_002038,MOMENTUM,USDRUBF,2023-10-11 13:00:00,2023-10-11 13:10:00,2023-10-11 13:10:00,2023-10-11 13:15:00,2023-10-11 10:00:00--2023-10-11 14:00:00,SHORT,-1,99.72,0.08166666666666666666666666667,100.0415920666769563204198179,100.03,99.75,99.84,99.47,99.70,MODELLED,CONDITIONAL_OPEN_SCENARIO,99.67,99.84,EXIT_ONLY_FROZEN_ENTRIES,C1_T10
MOMENTUM_USDRUBF,MOMENTUM_USDRUBF_002040,MOMENTUM,USDRUBF,2023-10-11 15:10:00,2023-10-11 15:20:00,2023-10-11 15:20:00,2023-10-11 15:25:00,2023-10-11 14:05:00--2023-10-11 18:50:00,LONG,1,100.15,0.0825,99.92461092085235920852359208,100.1,99.78,100.03,100.40,100.17,MODELLED,CONDITIONAL_OPEN_SCENARIO,99.97,100.17,EXIT_ONLY_FROZEN_ENTRIES,C1_T10
MOMENTUM_USDRUBF,MOMENTUM_USDRUBF_002045,MOMENTUM,USDRUBF,2023-10-12 12:35:00,2023-10-12 12:45:00,2023-10-12 12:45:00,2023-10-12 12:50:00,2023-10-12 10:00:00--2023-10-12 14:00:00,SHORT,-1,96.89,0.10,96.95501223646009089941781805,97.17,96.91,97.04,96.59,96.87,MODELLED,CONDITIONAL_OPEN_SCENARIO,96.84,97.07,EXIT_ONLY_FROZEN_ENTRIES,C1_T10
MOMENTUM_USDRUBF,MOMENTUM_USDRUBF_002048,MOMENTUM,USDRUBF,2023-10-12 15:50:00,2023-10-12 16:00:00,2023-10-12 16:00:00,2023-10-12 16:05:00,2023-10-12 14:05:00--2023-10-12 18:50:00,LONG,1,97.52,0.1058333333333333333333333333,97.20316792619943177243291118,97.48,97.06,97.37,97.84,97.54,MODELLED,CONDITIONAL_OPEN_SCENARIO,97.37,97.53,EXIT_ONLY_FROZEN_ENTRIES,C1_T10
MOMENTUM_USDRUBF,MOMENTUM_USDRUBF_002049,MOMENTUM,USDRUBF,2023-10-12 17:50:00,2023-10-12 18:00:00,2023-10-12 18:00:00,2023-10-12 18:05:00,2023-10-12 14:05:00--2023-10-12 18:50:00,LONG,1,97.55,0.1008333333333333333333333333,97.27746601920219960531275638,97.54,97.26,97.40,97.86,97.57,MODELLED,CONDITIONAL_OPEN_SCENARIO,97.34,97.56,EXIT_ONLY_FROZEN_ENTRIES,C1_T10
MOMENTUM_USDRUBF,MOMENTUM_USDRUBF_002058,MOMENTUM,USDRUBF,2023-10-16 11:35:00,2023-10-16 11:45:00,2023-10-16 11:45:00,2023-10-16 11:50:00,2023-10-16 10:00:00--2023-10-16 14:00:00,SHORT,-1,97.18,0.06583333333333333333333333333,97.37604871751697816691923447,97.49,97.27,97.27,96.98,97.17,MODELLED,CONDITIONAL_OPEN_SCENARIO,97.18,97.41,EXIT_ONLY_FROZEN_ENTRIES,C1_T10
MOMENTUM_USDRUBF,MOMENTUM_USDRUBF_002060,MOMENTUM,USDRUBF,2023-10-16 16:15:00,2023-10-16 16:25:00,2023-10-16 16:25:00,2023-10-16 16:30:00,2023-10-16 14:05:00--2023-10-16 18:50:00,LONG,1,97.24,0.06833333333333333333333333333,97.08205221615057680631451115,97.22,96.97,97.14,97.45,97.25,MODELLED,CONDITIONAL_OPEN_SCENARIO,97.15,97.24,EXIT_ONLY_FROZEN_ENTRIES,C1_T10
MOMENTUM_USDRUBF,MOMENTUM_USDRUBF_002062,MOMENTUM,USDRUBF,2023-10-16 17:35:00,2023-10-16 17:45:00,2023-10-16 17:45:00,2023-10-16 17:50:00,2023-10-16 14:05:00--2023-10-16 18:50:00,LONG,1,97.29,0.05166666666666666666666666667,97.10694119212346993081426291,97.28,97.09,97.22,97.45,97.30,MODELLED,CONDITIONAL_OPEN_SCENARIO,97.21,97.29,EXIT_ONLY_FROZEN_ENTRIES,C1_T10
MOMENTUM_USDRUBF,MOMENTUM_USDRUBF_002070,MOMENTUM,USDRUBF,2023-10-17 15:55:00,2023-10-17 16:05:00,2023-10-17 16:05:00,2023-10-17 16:10:00,2023-10-17 14:05:00--2023-10-17 18:50:00,LONG,1,97.46,0.05083333333333333333333333333,97.34553645961207954824453720,97.41,97.26,97.39,97.62,97.47,MODELLED,CONDITIONAL_OPEN_SCENARIO,97.31,97.46,EXIT_ONLY_FROZEN_ENTRIES,C1_T10
MOMENTUM_USDRUBF,MOMENTUM_USDRUBF_002073,MOMENTUM,USDRUBF,2023-10-17 17:25:00,2023-10-17 17:35:00,2023-10-17 17:35:00,2023-10-17 17:40:00,2023-10-17 14:05:00--2023-10-17 18:50:00,SHORT,-1,97.36,0.05916666666666666666666666667,97.42080576759966072943172180,97.56,97.37,97.44,97.18,97.35,MODELLED,CONDITIONAL_OPEN_SCENARIO,97.35,97.42,EXIT_ONLY_FROZEN_ENTRIES,C1_T10
MOMENTUM_USDRUBF,MOMENTUM_USDRUBF_002085,MOMENTUM,USDRUBF,2023-10-18 16:10:00,2023-10-18 16:20:00,2023-10-18 16:20:00,2023-10-18 16:25:00,2023-10-18 14:05:00--2023-10-18 18:50:00,LONG,1,97.44,0.05,97.28650138128014234208924474,97.4,97.18,97.37,97.59,97.45,MODELLED,CONDITIONAL_OPEN_SCENARIO,97.29,97.53,EXIT_ONLY_FROZEN_ENTRIES,C1_T10
MOMENTUM_USDRUBF,MOMENTUM_USDRUBF_002090,MOMENTUM,USDRUBF,2023-10-19 12:25:00,2023-10-19 12:35:00,2023-10-19 12:35:00,2023-10-19 12:40:00,2023-10-19 10:00:00--2023-10-19 14:00:00,LONG,1,97.42,0.03416666666666666666666666667,97.42224245702608486596946751,97.41,97.27,97.37,97.53,97.42,MODELLED,CONDITIONAL_OPEN_SCENARIO,97.38,97.43,EXIT_ONLY_FROZEN_ENTRIES,C1_T10
MOMENTUM_USDRUBF,MOMENTUM_USDRUBF_002096,MOMENTUM,USDRUBF,2023-10-20 11:10:00,2023-10-20 11:20:00,2023-10-20 11:20:00,2023-10-20 11:25:00,2023-10-20 10:00:00--2023-10-20 14:00:00,SHORT,-1,95.87,0.12,96.32216760445972699802021468,96.61,96.16,96.05,95.51,95.84,MODELLED,CONDITIONAL_OPEN_SCENARIO,95.81,96.26,EXIT_ONLY_FROZEN_ENTRIES,C1_T10
MOMENTUM_USDRUBF,MOMENTUM_USDRUBF_002099,MOMENTUM,USDRUBF,2023-10-20 15:45:00,2023-10-20 15:55:00,2023-10-20 15:55:00,2023-10-20 16:00:00,2023-10-20 14:05:00--2023-10-20 18:50:00,LONG,1,95.84,0.1008333333333333333333333333,95.57852788351157029786719839,95.79,95.41,95.69,96.15,95.86,MODELLED,CONDITIONAL_OPEN_SCENARIO,95.58,95.85,EXIT_ONLY_FROZEN_ENTRIES,C1_T10
MOMENTUM_USDRUBF,MOMENTUM_USDRUBF_002105,MOMENTUM,USDRUBF,2023-10-23 11:25:00,2023-10-23 11:35:00,2023-10-23 11:35:00,2023-10-23 11:40:00,2023-10-23 10:00:00--2023-10-23 14:00:00,SHORT,-1,94.91,0.1091666666666666666666666667,95.20951909656135008247684305,95.41,94.99,95.07,94.58,94.89,MODELLED,CONDITIONAL_OPEN_SCENARIO,94.91,95.1,EXIT_ONLY_FROZEN_ENTRIES,C1_T10
MOMENTUM_USDRUBF,MOMENTUM_USDRUBF_002109,MOMENTUM,USDRUBF,2023-10-23 11:55:00,2023-10-23 12:05:00,2023-10-23 12:05:00,2023-10-23 12:10:00,2023-10-23 10:00:00--2023-10-23 14:00:00,SHORT,-1,94.45,0.0975,95.08801696020874103065883888,95.29,94.64,94.59,94.15,94.43,MODELLED,CONDITIONAL_OPEN_SCENARIO,94.45,94.9,EXIT_ONLY_FROZEN_ENTRIES,C1_T10
MOMENTUM_USDRUBF,MOMENTUM_USDRUBF_002112,MOMENTUM,USDRUBF,2023-10-23 15:20:00,2023-10-23 15:30:00,2023-10-23 15:30:00,2023-10-23 15:35:00,2023-10-23 14:05:00--2023-10-23 18:50:00,LONG,1,94.82,0.085,94.58255341215515453225471896,94.67,94.38,94.70,95.08,94.84,MODELLED,CONDITIONAL_OPEN_SCENARIO,94.45,94.86,EXIT_ONLY_FROZEN_ENTRIES,C1_T10
MOMENTUM_USDRUBF,MOMENTUM_USDRUBF_002117,MOMENTUM,USDRUBF,2023-10-24 12:05:00,2023-10-24 12:15:00,2023-10-24 12:15:00,2023-10-24 12:20:00,2023-10-24 10:00:00--2023-10-24 14:00:00,LONG,1,93.68,0.1033333333333333333333333333,93.58631173844854626613584271,93.65,93.32,93.53,93.99,93.70,MODELLED,CONDITIONAL_OPEN_SCENARIO,93.56,93.69,EXIT_ONLY_FROZEN_ENTRIES,C1_T10
MOMENTUM_USDRUBF,MOMENTUM_USDRUBF_002121,MOMENTUM,USDRUBF,2023-10-24 17:20:00,2023-10-24 17:30:00,2023-10-24 17:30:00,2023-10-24 17:35:00,2023-10-24 14:05:00--2023-10-24 18:50:00,SHORT,-1,93.38,0.05666666666666666666666666667,93.54135174922064426740561136,93.59,93.43,93.46,93.21,93.37,MODELLED,CONDITIONAL_OPEN_SCENARIO,93.36,93.48,EXIT_ONLY_FROZEN_ENTRIES,C1_T10
MOMENTUM_USDRUBF,MOMENTUM_USDRUBF_002123,MOMENTUM,USDRUBF,2023-10-25 11:10:00,2023-10-25 11:20:00,2023-10-25 11:20:00,2023-10-25 11:25:00,2023-10-25 10:00:00--2023-10-25 14:00:00,SHORT,-1,93.1,0.08833333333333333333333333333,93.30155414786532454009024644,93.59,93.12,93.23,92.83,93.08,MODELLED,CONDITIONAL_OPEN_SCENARIO,93.08,93.19,EXIT_ONLY_FROZEN_ENTRIES,C1_T10
MOMENTUM_USDRUBF,MOMENTUM_USDRUBF_002126,MOMENTUM,USDRUBF,2023-10-25 11:55:00,2023-10-25 12:05:00,2023-10-25 12:05:00,2023-10-25 12:10:00,2023-10-25 10:00:00--2023-10-25 14:00:00,LONG,1,93.24,0.06416666666666666666666666667,93.27510358516313112517057440,93.22,93.02,93.15,93.44,93.25,MODELLED,CONDITIONAL_OPEN_SCENARIO,93.17,93.24,EXIT_ONLY_FROZEN_ENTRIES,C1_T10
MOMENTUM_USDRUBF,MOMENTUM_USDRUBF_002129,MOMENTUM,USDRUBF,2023-10-25 13:10:00,2023-10-25 13:20:00,2023-10-25 13:20:00,2023-10-25 13:25:00,2023-10-25 10:00:00--2023-10-25 14:00:00,LONG,1,93.31,0.0475,93.26232950541811879868213072,93.3,93.06,93.24,93.46,93.32,MODELLED,CONDITIONAL_OPEN_SCENARIO,93.24,93.33,EXIT_ONLY_FROZEN_ENTRIES,C1_T10
MOMENTUM_USDRUBF,MOMENTUM_USDRUBF_002132,MOMENTUM,USDRUBF,2023-10-25 15:55:00,2023-10-25 16:05:00,2023-10-25 16:05:00,2023-10-25 16:10:00,2023-10-25 14:05:00--2023-10-25 18:50:00,LONG,1,93.34,0.04666666666666666666666666667,93.29740280335584202987517905,93.33,93.18,93.27,93.48,93.35,MODELLED,CONDITIONAL_OPEN_SCENARIO,93.23,93.35,EXIT_ONLY_FROZEN_ENTRIES,C1_T10
MOMENTUM_USDRUBF,MOMENTUM_USDRUBF_002136,MOMENTUM,USDRUBF,2023-10-25 17:50:00,2023-10-25 18:00:00,2023-10-25 18:00:00,2023-10-25 18:05:00,2023-10-25 14:05:00--2023-10-25 18:50:00,LONG,1,93.37,0.085,93.27466369995491761557814528,93.32,93.06,93.25,93.63,93.39,MODELLED,CONDITIONAL_OPEN_SCENARIO,93.22,93.37,EXIT_ONLY_FROZEN_ENTRIES,C1_T10
MOMENTUM_USDRUBF,MOMENTUM_USDRUBF_002141,MOMENTUM,USDRUBF,2023-10-26 16:55:00,2023-10-26 17:05:00,2023-10-26 17:05:00,2023-10-26 17:10:00,2023-10-26 14:05:00--2023-10-26 18:50:00,LONG,1,93.75,0.0475,93.67957524097252193928931091,93.74,93.58,93.68,93.90,93.76,MODELLED,CONDITIONAL_OPEN_SCENARIO,93.58,93.75,EXIT_ONLY_FROZEN_ENTRIES,C1_T10
MOMENTUM_USDRUBF,MOMENTUM_USDRUBF_002143,MOMENTUM,USDRUBF,2023-10-27 11:35:00,2023-10-27 11:45:00,2023-10-27 11:45:00,2023-10-27 11:50:00,2023-10-27 10:00:00--2023-10-27 14:00:00,SHORT,-1,93.59,0.06166666666666666666666666667,93.85758579359071410547564974,93.88,93.61,93.68,93.40,93.58,MODELLED,CONDITIONAL_OPEN_SCENARIO,93.56,93.71,EXIT_ONLY_FROZEN_ENTRIES,C1_T10
MOMENTUM_USDRUBF,MOMENTUM_USDRUBF_002152,MOMENTUM,USDRUBF,2023-10-27 15:40:00,2023-10-27 15:50:00,2023-10-27 15:50:00,2023-10-27 15:55:00,2023-10-27 14:05:00--2023-10-27 18:50:00,LONG,1,93.26,0.09333333333333333333333333333,92.91030391639902209865298883,93.22,92.76,93.12,93.54,93.28,MODELLED,CONDITIONAL_OPEN_SCENARIO,93.07,93.32,EXIT_ONLY_FROZEN_ENTRIES,C1_T10
MOMENTUM_USDRUBF,MOMENTUM_USDRUBF_002157,MOMENTUM,USDRUBF,2023-10-27 17:35:00,2023-10-27 17:45:00,2023-10-27 17:45:00,2023-10-27 17:50:00,2023-10-27 14:05:00--2023-10-27 18:50:00,LONG,1,93.96,0.1208333333333333333333333333,93.20665020692249811888638074,93.88,93.32,93.78,94.33,93.99,MODELLED,CONDITIONAL_OPEN_SCENARIO,93.67,93.97,EXIT_ONLY_FROZEN_ENTRIES,C1_T10
MOMENTUM_USDRUBF,MOMENTUM_USDRUBF_002164,MOMENTUM,USDRUBF,2023-10-30 12:00:00,2023-10-30 12:10:00,2023-10-30 12:10:00,2023-10-30 12:15:00,2023-10-30 10:00:00--2023-10-30 14:00:00,SHORT,-1,93.31,0.07,93.51596026816523710933648824,93.61,93.32,93.41,93.10,93.30,MODELLED,CONDITIONAL_OPEN_SCENARIO,93.29,93.43,EXIT_ONLY_FROZEN_ENTRIES,C1_T10
MOMENTUM_USDRUBF,MOMENTUM_USDRUBF_002166,MOMENTUM,USDRUBF,2023-10-30 15:45:00,2023-10-30 15:55:00,2023-10-30 15:55:00,2023-10-30 16:00:00,2023-10-30 14:05:00--2023-10-30 18:50:00,LONG,1,93.22,0.0975,93.07353149327671620665251235,93.21,92.86,93.08,93.52,93.24,MODELLED,CONDITIONAL_OPEN_SCENARIO,93.11,93.23,EXIT_ONLY_FROZEN_ENTRIES,C1_T10
MOMENTUM_USDRUBF,MOMENTUM_USDRUBF_002168,MOMENTUM,USDRUBF,2023-10-30 17:25:00,2023-10-30 17:35:00,2023-10-30 17:35:00,2023-10-30 17:40:00,2023-10-30 14:05:00--2023-10-30 18:50:00,LONG,1,93.27,0.07666666666666666666666666667,93.10961024989859443062977266,93.23,93.06,93.16,93.50,93.28,MODELLED,CONDITIONAL_OPEN_SCENARIO,93.12,93.27,EXIT_ONLY_FROZEN_ENTRIES,C1_T10
MOMENTUM_USDRUBF,MOMENTUM_USDRUBF_002185,MOMENTUM,USDRUBF,2023-10-31 16:30:00,2023-10-31 16:40:00,2023-10-31 16:40:00,2023-10-31 16:45:00,2023-10-31 14:05:00--2023-10-31 18:50:00,LONG,1,93.75,0.1458333333333333333333333333,92.80491087536984917370282168,93.45,92.74,93.54,94.19,93.78,MODELLED,CONDITIONAL_OPEN_SCENARIO,93.29,93.76,EXIT_ONLY_FROZEN_ENTRIES,C1_T10
MOMENTUM_USDRUBF,MOMENTUM_USDRUBF_002194,MOMENTUM,USDRUBF,2023-11-01 13:10:00,2023-11-01 13:20:00,2023-11-01 13:20:00,2023-11-01 13:25:00,2023-11-01 10:00:00--2023-11-01 14:00:00,SHORT,-1,92.91,0.09,93.40157405656214144317938246,93.39,93,93.04,92.64,92.89,MODELLED,CONDITIONAL_OPEN_SCENARIO,92.9,93.17,EXIT_ONLY_FROZEN_ENTRIES,C1_T10
MOMENTUM_USDRUBF,MOMENTUM_USDRUBF_002199,MOMENTUM,USDRUBF,2023-11-01 16:20:00,2023-11-01 16:30:00,2023-11-01 16:30:00,2023-11-01 16:35:00,2023-11-01 14:05:00--2023-11-01 18:50:00,SHORT,-1,92.86,0.1075,93.21643930635838150289017341,93.48,92.92,93.02,92.53,92.84,MODELLED,CONDITIONAL_OPEN_SCENARIO,92.84,93.1,EXIT_ONLY_FROZEN_ENTRIES,C1_T10
MOMENTUM_USDRUBF,MOMENTUM_USDRUBF_002200,MOMENTUM,USDRUBF,2023-11-01 17:25:00,2023-11-01 17:35:00,2023-11-01 17:35:00,2023-11-01 17:40:00,2023-11-01 14:05:00--2023-11-01 18:50:00,SHORT,-1,92.59,0.14,93.04267167832674285548747808,93.14,92.64,92.80,92.17,92.56,MODELLED,CONDITIONAL_OPEN_SCENARIO,92.57,92.85,EXIT_ONLY_FROZEN_ENTRIES,C1_T10
MOMENTUM_USDRUBF,MOMENTUM_USDRUBF_002206,MOMENTUM,USDRUBF,2023-11-02 15:50:00,2023-11-02 16:00:00,2023-11-02 16:00:00,2023-11-02 16:05:00,2023-11-02 14:05:00--2023-11-02 18:50:00,SHORT,-1,93.13,0.06333333333333333333333333333,93.18298259634167998579293198,93.36,93.14,93.22,92.94,93.12,MODELLED,CONDITIONAL_OPEN_SCENARIO,93.13,93.28,EXIT_ONLY_FROZEN_ENTRIES,C1_T10
MOMENTUM_USDRUBF,MOMENTUM_USDRUBF_002210,MOMENTUM,USDRUBF,2023-11-03 15:30:00,2023-11-03 15:40:00,2023-11-03 15:40:00,2023-11-03 15:45:00,2023-11-03 14:05:00--2023-11-03 18:50:00,SHORT,-1,92.81,0.055,92.95298723328274261226676190,93.07,92.91,92.89,92.64,92.80,MODELLED,CONDITIONAL_OPEN_SCENARIO,92.78,93.01,EXIT_ONLY_FROZEN_ENTRIES,C1_T10
MOMENTUM_USDRUBF,MOMENTUM_USDRUBF_002213,MOMENTUM,USDRUBF,2023-11-03 16:45:00,2023-11-03 16:55:00,2023-11-03 16:55:00,2023-11-03 17:00:00,2023-11-03 14:05:00--2023-11-03 18:50:00,LONG,1,92.95,0.0925,92.85935658574326161052213371,92.93,92.63,92.82,93.23,92.97,MODELLED,CONDITIONAL_OPEN_SCENARIO,92.76,92.95,EXIT_ONLY_FROZEN_ENTRIES,C1_T10
MOMENTUM_USDRUBF,MOMENTUM_USDRUBF_002214,MOMENTUM,USDRUBF,2023-11-03 17:20:00,2023-11-03 17:30:00,2023-11-03 17:30:00,2023-11-03 17:35:00,2023-11-03 14:05:00--2023-11-03 18:50:00,SHORT,-1,92.6,0.08416666666666666666666666667,92.83515221084530970200652004,92.95,92.71,92.72,92.34,92.58,MODELLED,CONDITIONAL_OPEN_SCENARIO,92.6,92.82,EXIT_ONLY_FROZEN_ENTRIES,C1_T10
MOMENTUM_USDRUBF,MOMENTUM_USDRUBF_002218,MOMENTUM,USDRUBF,2023-11-06 12:00:00,2023-11-06 12:10:00,2023-11-06 12:10:00,2023-11-06 12:15:00,2023-11-06 10:00:00--2023-11-06 14:00:00,LONG,1,92.42,0.07166666666666666666666666667,92.39582956860660820267517052,92.37,92.16,92.32,92.64,92.43,MODELLED,CONDITIONAL_OPEN_SCENARIO,92.26,92.45,EXIT_ONLY_FROZEN_ENTRIES,C1_T10
MOMENTUM_USDRUBF,MOMENTUM_USDRUBF_002223,MOMENTUM,USDRUBF,2023-11-06 15:25:00,2023-11-06 15:35:00,2023-11-06 15:35:00,2023-11-06 15:40:00,2023-11-06 14:05:00--2023-11-06 18:50:00,LONG,1,92.54,0.05083333333333333333333333333,92.46640136054421768707483,92.52,92.37,92.47,92.70,92.55,MODELLED,CONDITIONAL_OPEN_SCENARIO,92.45,92.55,EXIT_ONLY_FROZEN_ENTRIES,C1_T10
MOMENTUM_USDRUBF,MOMENTUM_USDRUBF_002224,MOMENTUM,USDRUBF,2023-11-07 12:00:00,2023-11-07 12:10:00,2023-11-07 12:10:00,2023-11-07 12:15:00,2023-11-07 10:00:00--2023-11-07 14:00:00,LONG,1,92.74,0.1208333333333333333333333333,92.52993980514064098925951725,92.66,92.37,92.56,93.11,92.77,MODELLED,CONDITIONAL_OPEN_SCENARIO,92.48,92.79,EXIT_ONLY_FROZEN_ENTRIES,C1_T10
MOMENTUM_USDRUBF,MOMENTUM_USDRUBF_002225,MOMENTUM,USDRUBF,2023-11-07 15:30:00,2023-11-07 15:40:00,2023-11-07 15:40:00,2023-11-07 15:45:00,2023-11-07 14:05:00--2023-11-07 18:50:00,LONG,1,92.63,0.03833333333333333333333333333,92.56107782672540381791483110,92.62,92.49,92.58,92.75,92.63,MODELLED,CONDITIONAL_OPEN_SCENARIO,92.55,92.64,EXIT_ONLY_FROZEN_ENTRIES,C1_T10
MOMENTUM_USDRUBF,MOMENTUM_USDRUBF_002226,MOMENTUM,USDRUBF,2023-11-07 16:30:00,2023-11-07 16:40:00,2023-11-07 16:40:00,2023-11-07 16:45:00,2023-11-07 14:05:00--2023-11-07 18:50:00,SHORT,-1,92.47,0.065,92.54943130950129247840615347,92.65,92.48,92.56,92.27,92.46,MODELLED,CONDITIONAL_OPEN_SCENARIO,92.46,92.55,EXIT_ONLY_FROZEN_ENTRIES,C1_T10
MOMENTUM_USDRUBF,MOMENTUM_USDRUBF_002229,MOMENTUM,USDRUBF,2023-11-08 11:30:00,2023-11-08 11:40:00,2023-11-08 11:40:00,2023-11-08 11:45:00,2023-11-08 10:00:00--2023-11-08 14:00:00,SHORT,-1,92.42,0.045,92.57039752734189253447456016,92.59,92.45,92.48,92.28,92.41,MODELLED,CONDITIONAL_OPEN_SCENARIO,92.42,92.52,EXIT_ONLY_FROZEN_ENTRIES,C1_T10
MOMENTUM_USDRUBF,MOMENTUM_USDRUBF_002232,MOMENTUM,USDRUBF,2023-11-08 15:45:00,2023-11-08 15:55:00,2023-11-08 15:55:00,2023-11-08 16:00:00,2023-11-08 14:05:00--2023-11-08 18:50:00,LONG,1,92.31,0.08333333333333333333333333333,92.13415140086206896551724139,92.29,91.93,92.19,92.56,92.33,MODELLED,CONDITIONAL_OPEN_SCENARIO,92.23,92.34,EXIT_ONLY_FROZEN_ENTRIES,C1_T10
MOMENTUM_USDRUBF,MOMENTUM_USDRUBF_002233,MOMENTUM,USDRUBF,2023-11-08 16:30:00,2023-11-08 16:40:00,2023-11-08 16:40:00,2023-11-08 16:45:00,2023-11-08 14:05:00--2023-11-08 18:50:00,SHORT,-1,91.96,0.08166666666666666666666666667,92.14335304220514119998873782,92.36,92.03,92.08,91.71,91.94,MODELLED,CONDITIONAL_OPEN_SCENARIO,91.91,92.21,EXIT_ONLY_FROZEN_ENTRIES,C1_T10
MOMENTUM_USDRUBF,MOMENTUM_USDRUBF_002234,MOMENTUM,USDRUBF,2023-11-08 17:50:00,2023-11-08 18:00:00,2023-11-08 18:00:00,2023-11-08 18:05:00,2023-11-08 14:05:00--2023-11-08 18:50:00,SHORT,-1,91.96,0.06,92.11164359135724774491294317,92.12,91.97,92.05,91.78,91.95,MODELLED,CONDITIONAL_OPEN_SCENARIO,91.96,92.09,EXIT_ONLY_FROZEN_ENTRIES,C1_T10
MOMENTUM_USDRUBF,MOMENTUM_USDRUBF_002235,MOMENTUM,USDRUBF,2023-11-09 12:40:00,2023-11-09 12:50:00,2023-11-09 12:50:00,2023-11-09 12:55:00,2023-11-09 10:00:00--2023-11-09 14:00:00,LONG,1,92.08,0.04916666666666666666666666667,91.97496149502002258958825340,92.03,91.87,92.01,92.23,92.09,MODELLED,CONDITIONAL_OPEN_SCENARIO,91.96,92.08,EXIT_ONLY_FROZEN_ENTRIES,C1_T10
MOMENTUM_USDRUBF,MOMENTUM_USDRUBF_002238,MOMENTUM,USDRUBF,2023-11-09 16:10:00,2023-11-09 16:20:00,2023-11-09 16:20:00,2023-11-09 16:25:00,2023-11-09 14:05:00--2023-11-09 18:50:00,SHORT,-1,92.14,0.05166666666666666666666666667,92.22770334120823489706378669,92.3,92.16,92.21,91.98,92.13,MODELLED,CONDITIONAL_OPEN_SCENARIO,92.12,92.3,EXIT_ONLY_FROZEN_ENTRIES,C1_T10
MOMENTUM_USDRUBF,MOMENTUM_USDRUBF_002249,MOMENTUM,USDRUBF,2023-11-10 17:45:00,2023-11-10 17:55:00,2023-11-10 17:55:00,2023-11-10 18:00:00,2023-11-10 14:05:00--2023-11-10 18:50:00,SHORT,-1,92.34,0.05666666666666666666666666667,92.36435635902315255312400887,92.53,92.35,92.42,92.17,92.33,MODELLED,CONDITIONAL_OPEN_SCENARIO,92.34,92.43,EXIT_ONLY_FROZEN_ENTRIES,C1_T10
MOMENTUM_USDRUBF,MOMENTUM_USDRUBF_002256,MOMENTUM,USDRUBF,2023-11-13 15:50:00,2023-11-13 16:00:00,2023-11-13 16:00:00,2023-11-13 16:05:00,2023-11-13 14:05:00--2023-11-13 18:50:00,LONG,1,92.16,0.06083333333333333333333333333,92.05933155212508040176141704,92.12,91.9,92.07,92.35,92.17,MODELLED,CONDITIONAL_OPEN_SCENARIO,92.08,92.17,EXIT_ONLY_FROZEN_ENTRIES,C1_T10
MOMENTUM_USDRUBF,MOMENTUM_USDRUBF_002257,MOMENTUM,USDRUBF,2023-11-13 16:35:00,2023-11-13 16:45:00,2023-11-13 16:45:00,2023-11-13 16:50:00,2023-11-13 14:05:00--2023-11-13 18:50:00,SHORT,-1,91.99,0.04833333333333333333333333333,92.05568147370875597528273288,92.18,92,92.06,91.84,91.98,MODELLED,CONDITIONAL_OPEN_SCENARIO,91.95,92.08,EXIT_ONLY_FROZEN_ENTRIES,C1_T10
MOMENTUM_USDRUBF,MOMENTUM_USDRUBF_002258,MOMENTUM,USDRUBF,2023-11-13 17:15:00,2023-11-13 17:25:00,2023-11-13 17:25:00,2023-11-13 17:30:00,2023-11-13 14:05:00--2023-11-13 18:50:00,SHORT,-1,91.92,0.06166666666666666666666666667,92.04482232331223628691983121,92.12,91.93,92.01,91.73,91.91,MODELLED,CONDITIONAL_OPEN_SCENARIO,91.92,91.98,EXIT_ONLY_FROZEN_ENTRIES,C1_T10
MOMENTUM_USDRUBF,MOMENTUM_USDRUBF_002262,MOMENTUM,USDRUBF,2023-11-14 12:20:00,2023-11-14 12:30:00,2023-11-14 12:30:00,2023-11-14 12:35:00,2023-11-14 10:00:00--2023-11-14 14:00:00,SHORT,-1,91.52,0.035,91.55063890495469442837863890,91.65,91.54,91.57,91.41,91.52,MODELLED,CONDITIONAL_OPEN_SCENARIO,91.51,91.58,EXIT_ONLY_FROZEN_ENTRIES,C1_T10
MOMENTUM_USDRUBF,MOMENTUM_USDRUBF_002271,MOMENTUM,USDRUBF,2023-11-15 11:45:00,2023-11-15 11:55:00,2023-11-15 11:55:00,2023-11-15 12:00:00,2023-11-15 10:00:00--2023-11-15 14:00:00,SHORT,-1,89.71,0.1291666666666666666666666667,90.12544564475511308809338883,90.26,89.8,89.90,89.32,89.68,MODELLED,CONDITIONAL_OPEN_SCENARIO,89.71,89.97,EXIT_ONLY_FROZEN_ENTRIES,C1_T10
MOMENTUM_USDRUBF,MOMENTUM_USDRUBF_002275,MOMENTUM,USDRUBF,2023-11-15 12:20:00,2023-11-15 12:30:00,2023-11-15 12:30:00,2023-11-15 12:35:00,2023-11-15 10:00:00--2023-11-15 14:00:00,SHORT,-1,89.32,0.1558333333333333333333333333,90.00787344700695886617845295,90.26,89.38,89.55,88.85,89.29,MODELLED,CONDITIONAL_OPEN_SCENARIO,89.3,89.62,EXIT_ONLY_FROZEN_ENTRIES,C1_T10
MOMENTUM_USDRUBF,MOMENTUM_USDRUBF_002278,MOMENTUM,USDRUBF,2023-11-15 15:10:00,2023-11-15 15:20:00,2023-11-15 15:20:00,2023-11-15 15:25:00,2023-11-15 14:05:00--2023-11-15 18:50:00,LONG,1,89.59,0.07916666666666666666666666667,89.29146090396242105499741541,89.51,89.01,89.48,89.83,89.60,MODELLED,CONDITIONAL_OPEN_SCENARIO,89.37,89.59,EXIT_ONLY_FROZEN_ENTRIES,C1_T10
MOMENTUM_USDRUBF,MOMENTUM_USDRUBF_002280,MOMENTUM,USDRUBF,2023-11-15 16:35:00,2023-11-15 16:45:00,2023-11-15 16:45:00,2023-11-15 16:50:00,2023-11-15 14:05:00--2023-11-15 18:50:00,LONG,1,89.69,0.095,89.37923855096204969033352024,89.66,89.31,89.55,89.98,89.71,MODELLED,CONDITIONAL_OPEN_SCENARIO,89.53,89.72,EXIT_ONLY_FROZEN_ENTRIES,C1_T10
MOMENTUM_USDRUBF,MOMENTUM_USDRUBF_002292,MOMENTUM,USDRUBF,2023-11-16 17:25:00,2023-11-16 17:35:00,2023-11-16 17:35:00,2023-11-16 17:40:00,2023-11-16 14:05:00--2023-11-16 18:50:00,LONG,1,89.17,0.055,89.13481095939795412554639266,89.14,88.99,89.09,89.34,89.18,MODELLED,CONDITIONAL_OPEN_SCENARIO,89.04,89.18,EXIT_ONLY_FROZEN_ENTRIES,C1_T10
MOMENTUM_USDRUBF,MOMENTUM_USDRUBF_002305,MOMENTUM,USDRUBF,2023-11-17 17:45:00,2023-11-17 17:55:00,2023-11-17 17:55:00,2023-11-17 18:00:00,2023-11-17 14:05:00--2023-11-17 18:50:00,LONG,1,90.26,0.09583333333333333333333333333,89.61735782186402149204381066,90.23,89.48,90.12,90.55,90.28,MODELLED,CONDITIONAL_OPEN_SCENARIO,89.76,90.35,EXIT_ONLY_FROZEN_ENTRIES,C1_T10
MOMENTUM_USDRUBF,MOMENTUM_USDRUBF_002310,MOMENTUM,USDRUBF,2023-11-20 11:20:00,2023-11-20 11:30:00,2023-11-20 11:30:00,2023-11-20 11:35:00,2023-11-20 10:00:00--2023-11-20 14:00:00,SHORT,-1,88.36,0.1383333333333333333333333333,88.87033099446368830861236939,89.4,88.39,88.56,87.94,88.33,MODELLED,CONDITIONAL_OPEN_SCENARIO,88.31,88.65,EXIT_ONLY_FROZEN_ENTRIES,C1_T10
MOMENTUM_USDRUBF,MOMENTUM_USDRUBF_002312,MOMENTUM,USDRUBF,2023-11-20 15:20:00,2023-11-20 15:30:00,2023-11-20 15:30:00,2023-11-20 15:35:00,2023-11-20 14:05:00--2023-11-20 18:50:00,LONG,1,88.66,0.06,88.53680647261229424346693945,88.65,88.37,88.57,88.84,88.67,MODELLED,CONDITIONAL_OPEN_SCENARIO,88.5,88.66,EXIT_ONLY_FROZEN_ENTRIES,C1_T10
MOMENTUM_USDRUBF,MOMENTUM_USDRUBF_002313,MOMENTUM,USDRUBF,2023-11-20 15:55:00,2023-11-20 16:05:00,2023-11-20 16:05:00,2023-11-20 16:10:00,2023-11-20 14:05:00--2023-11-20 18:50:00,LONG,1,88.73,0.085,88.57247268341138072938839219,88.7,88.5,88.61,88.99,88.75,MODELLED,CONDITIONAL_OPEN_SCENARIO,88.54,88.73,EXIT_ONLY_FROZEN_ENTRIES,C1_T10
MOMENTUM_USDRUBF,MOMENTUM_USDRUBF_002319,MOMENTUM,USDRUBF,2023-11-21 12:00:00,2023-11-21 12:10:00,2023-11-21 12:10:00,2023-11-21 12:15:00,2023-11-21 10:00:00--2023-11-21 14:00:00,LONG,1,88.12,0.05916666666666666666666666667,87.94704860228178134906507995,88.11,87.83,88.04,88.30,88.13,MODELLED,CONDITIONAL_OPEN_SCENARIO,87.97,88.15,EXIT_ONLY_FROZEN_ENTRIES,C1_T10
MOMENTUM_USDRUBF,MOMENTUM_USDRUBF_002321,MOMENTUM,USDRUBF,2023-11-21 15:35:00,2023-11-21 15:45:00,2023-11-21 15:45:00,2023-11-21 15:50:00,2023-11-21 14:05:00--2023-11-21 18:50:00,LONG,1,88.16,0.06,88.02005827803301003913561345,88.08,87.9,88.07,88.34,88.17,MODELLED,CONDITIONAL_OPEN_SCENARIO,87.9,88.16,EXIT_ONLY_FROZEN_ENTRIES,C1_T10
MOMENTUM_USDRUBF,MOMENTUM_USDRUBF_002322,MOMENTUM,USDRUBF,2023-11-21 16:25:00,2023-11-21 16:35:00,2023-11-21 16:35:00,2023-11-21 16:40:00,2023-11-21 14:05:00--2023-11-21 18:50:00,SHORT,-1,87.87,0.08416666666666666666666666667,88.01286618954673606592929950,88.16,87.9,87.99,87.61,87.85,MODELLED,CONDITIONAL_OPEN_SCENARIO,87.84,88,EXIT_ONLY_FROZEN_ENTRIES,C1_T10
MOMENTUM_USDRUBF,MOMENTUM_USDRUBF_002325,MOMENTUM,USDRUBF,2023-11-22 11:45:00,2023-11-22 11:55:00,2023-11-22 11:55:00,2023-11-22 12:00:00,2023-11-22 10:00:00--2023-11-22 14:00:00,LONG,1,88.38,0.065,88.15173879792818159696874890,88.27,88.02,88.29,88.58,88.39,MODELLED,CONDITIONAL_OPEN_SCENARIO,88.09,88.39,EXIT_ONLY_FROZEN_ENTRIES,C1_T10
MOMENTUM_USDRUBF,MOMENTUM_USDRUBF_002326,MOMENTUM,USDRUBF,2023-11-22 13:00:00,2023-11-22 13:10:00,2023-11-22 13:10:00,2023-11-22 13:15:00,2023-11-22 10:00:00--2023-11-22 14:00:00,LONG,1,88.46,0.05583333333333333333333333333,88.20458431164634300285288700,88.4,88.22,88.38,88.63,88.47,MODELLED,CONDITIONAL_OPEN_SCENARIO,88.28,88.47,EXIT_ONLY_FROZEN_ENTRIES,C1_T10
MOMENTUM_USDRUBF,MOMENTUM_USDRUBF_002327,MOMENTUM,USDRUBF,2023-11-22 15:15:00,2023-11-22 15:25:00,2023-11-22 15:25:00,2023-11-22 15:30:00,2023-11-22 14:05:00--2023-11-22 18:50:00,SHORT,-1,88.26,0.05083333333333333333333333333,88.34879362927821077600813284,88.45,88.29,88.33,88.10,88.25,MODELLED,CONDITIONAL_OPEN_SCENARIO,88.26,88.39,EXIT_ONLY_FROZEN_ENTRIES,C1_T10
MOMENTUM_USDRUBF,MOMENTUM_USDRUBF_002334,MOMENTUM,USDRUBF,2023-11-23 12:15:00,2023-11-23 12:25:00,2023-11-23 12:25:00,2023-11-23 12:30:00,2023-11-23 10:00:00--2023-11-23 14:00:00,LONG,1,88.34,0.03,88.17012344034456729274898984,88.26,88.16,88.30,88.43,88.34,MODELLED,CONDITIONAL_OPEN_SCENARIO,88.21,88.34,EXIT_ONLY_FROZEN_ENTRIES,C1_T10
MOMENTUM_USDRUBF,MOMENTUM_USDRUBF_002341,MOMENTUM,USDRUBF,2023-11-23 17:00:00,2023-11-23 17:10:00,2023-11-23 17:10:00,2023-11-23 17:15:00,2023-11-23 14:05:00--2023-11-23 18:50:00,SHORT,-1,88.4,0.0925,88.41672312223858615611192939,88.62,88.45,88.53,88.12,88.38,MODELLED,CONDITIONAL_OPEN_SCENARIO,88.39,88.6,EXIT_ONLY_FROZEN_ENTRIES,C1_T10
MOMENTUM_USDRUBF,MOMENTUM_USDRUBF_002342,MOMENTUM,USDRUBF,2023-11-23 17:45:00,2023-11-23 17:55:00,2023-11-23 17:55:00,2023-11-23 18:00:00,2023-11-23 14:05:00--2023-11-23 18:50:00,SHORT,-1,88.38,0.07916666666666666666666666667,88.42455767516491353182385456,88.6,88.39,88.49,88.14,88.37,MODELLED,CONDITIONAL_OPEN_SCENARIO,88.37,88.53,EXIT_ONLY_FROZEN_ENTRIES,C1_T10
MOMENTUM_USDRUBF,MOMENTUM_USDRUBF_002350,MOMENTUM,USDRUBF,2023-11-24 13:00:00,2023-11-24 13:10:00,2023-11-24 13:10:00,2023-11-24 13:15:00,2023-11-24 10:00:00--2023-11-24 14:00:00,LONG,1,89.23,0.1066666666666666666666666667,88.90704054356401832291188279,89.11,88.43,89.07,89.55,89.25,MODELLED,CONDITIONAL_OPEN_SCENARIO,89,89.23,EXIT_ONLY_FROZEN_ENTRIES,C1_T10
MOMENTUM_USDRUBF,MOMENTUM_USDRUBF_002352,MOMENTUM,USDRUBF,2023-11-24 15:10:00,2023-11-24 15:20:00,2023-11-24 15:20:00,2023-11-24 15:25:00,2023-11-24 14:05:00--2023-11-24 18:50:00,SHORT,-1,88.93,0.04916666666666666666666666667,88.99379122033186305398025622,89.11,88.94,89.00,88.78,88.92,MODELLED,CONDITIONAL_OPEN_SCENARIO,88.91,89.03,EXIT_ONLY_FROZEN_ENTRIES,C1_T10
MOMENTUM_USDRUBF,MOMENTUM_USDRUBF_002357,MOMENTUM,USDRUBF,2023-11-24 17:35:00,2023-11-24 17:45:00,2023-11-24 17:45:00,2023-11-24 17:50:00,2023-11-24 14:05:00--2023-11-24 18:50:00,SHORT,-1,88.83,0.04583333333333333333333333333,88.92746429460627871709558417,88.98,88.85,88.89,88.69,88.82,MODELLED,CONDITIONAL_OPEN_SCENARIO,88.83,88.92,EXIT_ONLY_FROZEN_ENTRIES,C1_T10
MOMENTUM_USDRUBF,MOMENTUM_USDRUBF_002361,MOMENTUM,USDRUBF,2023-11-27 13:10:00,2023-11-27 13:20:00,2023-11-27 13:20:00,2023-11-27 13:25:00,2023-11-27 10:00:00--2023-11-27 14:00:00,LONG,1,88.93,0.05833333333333333333333333333,88.75454553994390541755572551,88.92,88.75,88.85,89.11,88.94,MODELLED,CONDITIONAL_OPEN_SCENARIO,88.85,88.94,EXIT_ONLY_FROZEN_ENTRIES,C1_T10
MOMENTUM_USDRUBF,MOMENTUM_USDRUBF_002362,MOMENTUM,USDRUBF,2023-11-27 16:30:00,2023-11-27 16:40:00,2023-11-27 16:40:00,2023-11-27 16:45:00,2023-11-27 14:05:00--2023-11-27 18:50:00,SHORT,-1,88.68,0.05583333333333333333333333333,88.75891130280911302809113026,88.84,88.69,88.76,88.51,88.67,MODELLED,CONDITIONAL_OPEN_SCENARIO,88.68,88.81,EXIT_ONLY_FROZEN_ENTRIES,C1_T10
MOMENTUM_USDRUBF,MOMENTUM_USDRUBF_002370,MOMENTUM,USDRUBF,2023-11-28 11:10:00,2023-11-28 11:20:00,2023-11-28 11:20:00,2023-11-28 11:25:00,2023-11-28 10:00:00--2023-11-28 14:00:00,SHORT,-1,88.66,0.05666666666666666666666666667,88.73487342731544641503713806,88.83,88.67,88.74,88.49,88.65,MODELLED,CONDITIONAL_OPEN_SCENARIO,88.66,88.74,EXIT_ONLY_FROZEN_ENTRIES,C1_T10
MOMENTUM_USDRUBF,MOMENTUM_USDRUBF_002373,MOMENTUM,USDRUBF,2023-11-28 15:20:00,2023-11-28 15:30:00,2023-11-28 15:30:00,2023-11-28 15:35:00,2023-11-28 14:05:00--2023-11-28 18:50:00,LONG,1,88.77,0.04,88.70883503138828856642996811,88.75,88.65,88.71,88.89,88.78,MODELLED,CONDITIONAL_OPEN_SCENARIO,88.71,88.77,EXIT_ONLY_FROZEN_ENTRIES,C1_T10
MOMENTUM_USDRUBF,MOMENTUM_USDRUBF_002383,MOMENTUM,USDRUBF,2023-11-29 15:20:00,2023-11-29 15:30:00,2023-11-29 15:30:00,2023-11-29 15:35:00,2023-11-29 14:05:00--2023-11-29 18:50:00,SHORT,-1,88.5,0.08833333333333333333333333333,88.73997622484503693640146047,89.07,88.57,88.63,88.23,88.48,MODELLED,CONDITIONAL_OPEN_SCENARIO,88.43,88.65,EXIT_ONLY_FROZEN_ENTRIES,C1_T10
MOMENTUM_USDRUBF,MOMENTUM_USDRUBF_002386,MOMENTUM,USDRUBF,2023-11-30 11:20:00,2023-11-30 11:30:00,2023-11-30 11:30:00,2023-11-30 11:35:00,2023-11-30 10:00:00--2023-11-30 14:00:00,LONG,1,88.7,0.05166666666666666666666666667,88.53957300057916074343179068,88.67,88.53,88.63,88.86,88.71,MODELLED,CONDITIONAL_OPEN_SCENARIO,88.6,88.71,EXIT_ONLY_FROZEN_ENTRIES,C1_T10
MOMENTUM_USDRUBF,MOMENTUM_USDRUBF_002387,MOMENTUM,USDRUBF,2023-11-30 11:55:00,2023-11-30 12:05:00,2023-11-30 12:05:00,2023-11-30 12:10:00,2023-11-30 10:00:00--2023-11-30 14:00:00,LONG,1,88.79,0.04833333333333333333333333333,88.59227976847669711265013886,88.71,88.54,88.72,88.94,88.80,MODELLED,CONDITIONAL_OPEN_SCENARIO,88.6,88.8,EXIT_ONLY_FROZEN_ENTRIES,C1_T10
MOMENTUM_USDRUBF,MOMENTUM_USDRUBF_002388,MOMENTUM,USDRUBF,2023-11-30 12:30:00,2023-11-30 12:40:00,2023-11-30 12:40:00,2023-11-30 12:45:00,2023-11-30 10:00:00--2023-11-30 14:00:00,SHORT,-1,88.59,0.0625,88.61187203855630465978934831,88.8,88.6,88.68,88.40,88.58,MODELLED,CONDITIONAL_OPEN_SCENARIO,88.56,88.71,EXIT_ONLY_FROZEN_ENTRIES,C1_T10
MOMENTUM_USDRUBF,MOMENTUM_USDRUBF_002389,MOMENTUM,USDRUBF,2023-11-30 15:20:00,2023-11-30 15:30:00,2023-11-30 15:30:00,2023-11-30 15:35:00,2023-11-30 14:05:00--2023-11-30 18:50:00,SHORT,-1,88.78,0.03333333333333333333333333333,88.81515218303946263643996644,88.9,88.79,88.83,88.68,88.78,MODELLED,CONDITIONAL_OPEN_SCENARIO,88.77,88.85,EXIT_ONLY_FROZEN_ENTRIES,C1_T10
MOMENTUM_USDRUBF,MOMENTUM_USDRUBF_002391,MOMENTUM,USDRUBF,2023-11-30 16:15:00,2023-11-30 16:25:00,2023-11-30 16:25:00,2023-11-30 16:30:00,2023-11-30 14:05:00--2023-11-30 18:50:00,LONG,1,88.99,0.04,88.83453541858325666973321071,88.9,88.77,88.93,89.11,89.00,MODELLED,CONDITIONAL_OPEN_SCENARIO,88.85,89.05,EXIT_ONLY_FROZEN_ENTRIES,C1_T10
MOMENTUM_USDRUBF,MOMENTUM_USDRUBF_002400,MOMENTUM,USDRUBF,2023-12-01 11:20:00,2023-12-01 11:30:00,2023-12-01 11:30:00,2023-12-01 11:35:00,2023-12-01 10:00:00--2023-12-01 14:00:00,LONG,1,89.94,0.08416666666666666666666666667,89.64828416787100796282127578,89.84,89.34,89.82,90.20,89.96,MODELLED,CONDITIONAL_OPEN_SCENARIO,89.71,90.01,EXIT_ONLY_FROZEN_ENTRIES,C1_T10
MOMENTUM_USDRUBF,MOMENTUM_USDRUBF_002406,MOMENTUM,USDRUBF,2023-12-01 15:45:00,2023-12-01 15:55:00,2023-12-01 15:55:00,2023-12-01 16:00:00,2023-12-01 14:05:00--2023-12-01 18:50:00,LONG,1,90.25,0.075,90.13771266375545851528384279,90.24,90,90.14,90.48,90.26,MODELLED,CONDITIONAL_OPEN_SCENARIO,90.03,90.25,EXIT_ONLY_FROZEN_ENTRIES,C1_T10
MOMENTUM_USDRUBF,MOMENTUM_USDRUBF_002408,MOMENTUM,USDRUBF,2023-12-01 16:40:00,2023-12-01 16:50:00,2023-12-01 16:50:00,2023-12-01 16:55:00,2023-12-01 14:05:00--2023-12-01 18:50:00,LONG,1,90.4,0.095,90.16553467872883321735096270,90.39,90.03,90.26,90.69,90.42,MODELLED,CONDITIONAL_OPEN_SCENARIO,90.25,90.41,EXIT_ONLY_FROZEN_ENTRIES,C1_T10
MOMENTUM_USDRUBF,MOMENTUM_USDRUBF_002410,MOMENTUM,USDRUBF,2023-12-04 11:40:00,2023-12-04 11:50:00,2023-12-04 11:50:00,2023-12-04 11:55:00,2023-12-04 10:00:00--2023-12-04 14:00:00,SHORT,-1,90.74,0.05166666666666666666666666667,90.79233392039450510743219451,90.92,90.76,90.81,90.58,90.73,MODELLED,CONDITIONAL_OPEN_SCENARIO,90.74,90.85,EXIT_ONLY_FROZEN_ENTRIES,C1_T10
MOMENTUM_USDRUBF,MOMENTUM_USDRUBF_002416,MOMENTUM,USDRUBF,2023-12-04 17:00:00,2023-12-04 17:10:00,2023-12-04 17:10:00,2023-12-04 17:15:00,2023-12-04 14:05:00--2023-12-04 18:50:00,LONG,1,91.12,0.05416666666666666666666666667,90.85387384406081664920118394,91.05,90.74,91.04,91.29,91.13,MODELLED,CONDITIONAL_OPEN_SCENARIO,90.98,91.15,EXIT_ONLY_FROZEN_ENTRIES,C1_T10
MOMENTUM_USDRUBF,MOMENTUM_USDRUBF_002418,MOMENTUM,USDRUBF,2023-12-05 11:05:00,2023-12-05 11:15:00,2023-12-05 11:15:00,2023-12-05 11:20:00,2023-12-05 10:00:00--2023-12-05 14:00:00,SHORT,-1,91.34,0.075,91.50122699055330634278002698,91.63,91.38,91.45,91.11,91.33,MODELLED,CONDITIONAL_OPEN_SCENARIO,91.32,91.53,EXIT_ONLY_FROZEN_ENTRIES,C1_T10
MOMENTUM_USDRUBF,MOMENTUM_USDRUBF_002421,MOMENTUM,USDRUBF,2023-12-05 12:25:00,2023-12-05 12:35:00,2023-12-05 12:35:00,2023-12-05 12:40:00,2023-12-05 10:00:00--2023-12-05 14:00:00,LONG,1,91.76,0.07416666666666666666666666667,91.46555706903634516010464636,91.69,91.36,91.65,91.99,91.77,MODELLED,CONDITIONAL_OPEN_SCENARIO,91.58,91.77,EXIT_ONLY_FROZEN_ENTRIES,C1_T10
MOMENTUM_USDRUBF,MOMENTUM_USDRUBF_002422,MOMENTUM,USDRUBF,2023-12-05 15:10:00,2023-12-05 15:20:00,2023-12-05 15:20:00,2023-12-05 15:25:00,2023-12-05 14:05:00--2023-12-05 18:50:00,LONG,1,92.11,0.08416666666666666666666666667,91.88283603727994477045219192,92.09,91.67,91.99,92.37,92.13,MODELLED,CONDITIONAL_OPEN_SCENARIO,91.84,92.11,EXIT_ONLY_FROZEN_ENTRIES,C1_T10
MOMENTUM_USDRUBF,MOMENTUM_USDRUBF_002427,MOMENTUM,USDRUBF,2023-12-05 16:20:00,2023-12-05 16:30:00,2023-12-05 16:30:00,2023-12-05 16:35:00,2023-12-05 14:05:00--2023-12-05 18:50:00,LONG,1,92.37,0.0825,92.03791147729450086223414447,92.36,92.01,92.25,92.62,92.39,MODELLED,CONDITIONAL_OPEN_SCENARIO,92.26,92.38,EXIT_ONLY_FROZEN_ENTRIES,C1_T10
MOMENTUM_USDRUBF,MOMENTUM_USDRUBF_002428,MOMENTUM,USDRUBF,2023-12-05 17:00:00,2023-12-05 17:10:00,2023-12-05 17:10:00,2023-12-05 17:15:00,2023-12-05 14:05:00--2023-12-05 18:50:00,LONG,1,92.43,0.07333333333333333333333333333,92.11156523621195128189992722,92.42,92.22,92.32,92.65,92.44,MODELLED,CONDITIONAL_OPEN_SCENARIO,92.27,92.47,EXIT_ONLY_FROZEN_ENTRIES,C1_T10
MOMENTUM_USDRUBF,MOMENTUM_USDRUBF_002429,MOMENTUM,USDRUBF,2023-12-05 17:55:00,2023-12-05 18:05:00,2023-12-05 18:05:00,2023-12-05 18:10:00,2023-12-05 14:05:00--2023-12-05 18:50:00,LONG,1,92.55,0.06916666666666666666666666667,92.16907123133804464828941826,92.48,92.29,92.45,92.76,92.56,MODELLED,CONDITIONAL_OPEN_SCENARIO,92.41,92.55,EXIT_ONLY_FROZEN_ENTRIES,C1_T10
MOMENTUM_USDRUBF,MOMENTUM_USDRUBF_002437,MOMENTUM,USDRUBF,2023-12-06 13:00:00,2023-12-06 13:10:00,2023-12-06 13:10:00,2023-12-06 13:15:00,2023-12-06 10:00:00--2023-12-06 14:00:00,LONG,1,93.4,0.08333333333333333333333333333,92.96641422361254958325407058,93.39,92.96,93.28,93.65,93.42,MODELLED,CONDITIONAL_OPEN_SCENARIO,93.31,93.44,EXIT_ONLY_FROZEN_ENTRIES,C1_T10
MOMENTUM_USDRUBF,MOMENTUM_USDRUBF_002442,MOMENTUM,USDRUBF,2023-12-06 16:45:00,2023-12-06 16:55:00,2023-12-06 16:55:00,2023-12-06 17:00:00,2023-12-06 14:05:00--2023-12-06 18:50:00,LONG,1,92.54,0.08083333333333333333333333333,92.34885912385754806177119448,92.5,92.22,92.42,92.79,92.56,MODELLED,CONDITIONAL_OPEN_SCENARIO,92.4,92.54,EXIT_ONLY_FROZEN_ENTRIES,C1_T10
MOMENTUM_USDRUBF,MOMENTUM_USDRUBF_002447,MOMENTUM,USDRUBF,2023-12-06 18:00:00,2023-12-06 18:10:00,2023-12-06 18:10:00,2023-12-06 18:15:00,2023-12-06 14:05:00--2023-12-06 18:50:00,LONG,1,93.25,0.1591666666666666666666666667,92.49098938299402695687525408,93.24,92.45,93.02,93.73,93.28,MODELLED,CONDITIONAL_OPEN_SCENARIO,92.86,93.25,EXIT_ONLY_FROZEN_ENTRIES,C1_T10
MOMENTUM_USDRUBF,MOMENTUM_USDRUBF_002452,MOMENTUM,USDRUBF,2023-12-07 18:00:00,2023-12-07 18:10:00,2023-12-07 18:10:00,2023-12-07 18:15:00,2023-12-07 14:05:00--2023-12-07 18:50:00,SHORT,-1,92.55,0.09166666666666666666666666667,92.69957660012674271229404307,92.89,92.69,92.68,92.27,92.53,MODELLED,CONDITIONAL_OPEN_SCENARIO,92.51,92.79,EXIT_ONLY_FROZEN_ENTRIES,C1_T10
MOMENTUM_USDRUBF,MOMENTUM_USDRUBF_002461,MOMENTUM,USDRUBF,2023-12-08 15:45:00,2023-12-08 15:55:00,2023-12-08 15:55:00,2023-12-08 16:00:00,2023-12-08 14:05:00--2023-12-08 18:50:00,LONG,1,91.52,0.1383333333333333333333333333,91.28944575899042868410394148,91.51,90.89,91.32,91.94,91.55,MODELLED,CONDITIONAL_OPEN_SCENARIO,91.32,91.56,EXIT_ONLY_FROZEN_ENTRIES,C1_T10
MOMENTUM_USDRUBF,MOMENTUM_USDRUBF_002462,MOMENTUM,USDRUBF,2023-12-08 16:55:00,2023-12-08 17:05:00,2023-12-08 17:05:00,2023-12-08 17:10:00,2023-12-08 14:05:00--2023-12-08 18:50:00,LONG,1,91.76,0.135,91.33845027740220989323511581,91.56,91.16,91.56,92.17,91.79,MODELLED,CONDITIONAL_OPEN_SCENARIO,91.33,91.8,EXIT_ONLY_FROZEN_ENTRIES,C1_T10
MOMENTUM_USDRUBF,MOMENTUM_USDRUBF_002471,MOMENTUM,USDRUBF,2023-12-11 15:35:00,2023-12-11 15:45:00,2023-12-11 15:45:00,2023-12-11 15:50:00,2023-12-11 14:05:00--2023-12-11 18:50:00,LONG,1,91.08,0.1125,90.83635049946658907962370286,91.07,90.5,90.92,91.42,91.10,MODELLED,CONDITIONAL_OPEN_SCENARIO,90.87,91.2,EXIT_ONLY_FROZEN_ENTRIES,C1_T10
MOMENTUM_USDRUBF,MOMENTUM_USDRUBF_002473,MOMENTUM,USDRUBF,2023-12-11 17:45:00,2023-12-11 17:55:00,2023-12-11 17:55:00,2023-12-11 18:00:00,2023-12-11 14:05:00--2023-12-11 18:50:00,LONG,1,91.14,0.075,90.87172683813825263219638097,90.98,90.74,91.03,91.37,91.15,MODELLED,CONDITIONAL_OPEN_SCENARIO,90.86,91.15,EXIT_ONLY_FROZEN_ENTRIES,C1_T10
MOMENTUM_USDRUBF,MOMENTUM_USDRUBF_002475,MOMENTUM,USDRUBF,2023-12-12 11:45:00,2023-12-12 11:55:00,2023-12-12 11:55:00,2023-12-12 12:00:00,2023-12-12 10:00:00--2023-12-12 14:00:00,SHORT,-1,90.39,0.055,90.49927439239168721380767876,90.61,90.43,90.47,90.22,90.38,MODELLED,CONDITIONAL_OPEN_SCENARIO,90.36,90.59,EXIT_ONLY_FROZEN_ENTRIES,C1_T10
MOMENTUM_USDRUBF,MOMENTUM_USDRUBF_002489,MOMENTUM,USDRUBF,2023-12-13 15:35:00,2023-12-13 15:45:00,2023-12-13 15:45:00,2023-12-13 15:50:00,2023-12-13 14:05:00--2023-12-13 18:50:00,LONG,1,89.86,0.07083333333333333333333333333,89.80866222536253827260186400,89.85,89.69,89.76,90.08,89.87,MODELLED,CONDITIONAL_OPEN_SCENARIO,89.72,89.88,EXIT_ONLY_FROZEN_ENTRIES,C1_T10
MOMENTUM_USDRUBF,MOMENTUM_USDRUBF_002490,MOMENTUM,USDRUBF,2023-12-13 16:25:00,2023-12-13 16:35:00,2023-12-13 16:35:00,2023-12-13 16:40:00,2023-12-13 14:05:00--2023-12-13 18:50:00,SHORT,-1,89.66,0.065,89.79761571306575576430401366,89.88,89.68,89.75,89.46,89.65,MODELLED,CONDITIONAL_OPEN_SCENARIO,89.6,89.79,EXIT_ONLY_FROZEN_ENTRIES,C1_T10
MOMENTUM_USDRUBF,MOMENTUM_USDRUBF_002496,MOMENTUM,USDRUBF,2023-12-14 12:20:00,2023-12-14 12:30:00,2023-12-14 12:30:00,2023-12-14 12:35:00,2023-12-14 10:00:00--2023-12-14 14:00:00,LONG,1,89.66,0.03166666666666666666666666667,89.56142996319549686079237929,89.64,89.46,89.62,89.76,89.66,MODELLED,CONDITIONAL_OPEN_SCENARIO,89.58,89.69,EXIT_ONLY_FROZEN_ENTRIES,C1_T10
MOMENTUM_USDRUBF,MOMENTUM_USDRUBF_002504,MOMENTUM,USDRUBF,2023-12-14 15:25:00,2023-12-14 15:35:00,2023-12-14 15:35:00,2023-12-14 15:40:00,2023-12-14 14:05:00--2023-12-14 18:50:00,LONG,1,89.92,0.07416666666666666666666666667,89.83522504230118443316412857,89.91,89.67,89.81,90.15,89.93,MODELLED,CONDITIONAL_OPEN_SCENARIO,89.77,89.94,EXIT_ONLY_FROZEN_ENTRIES,C1_T10
MOMENTUM_USDRUBF,MOMENTUM_USDRUBF_002513,MOMENTUM,USDRUBF,2023-12-15 12:45:00,2023-12-15 12:55:00,2023-12-15 12:55:00,2023-12-15 13:00:00,2023-12-15 10:00:00--2023-12-15 14:00:00,SHORT,-1,89.68,0.075,89.81234334141587029905386771,89.98,89.72,89.79,89.45,89.67,MODELLED,CONDITIONAL_OPEN_SCENARIO,89.68,89.8,EXIT_ONLY_FROZEN_ENTRIES,C1_T10
MOMENTUM_USDRUBF,MOMENTUM_USDRUBF_002518,MOMENTUM,USDRUBF,2023-12-15 15:10:00,2023-12-15 15:20:00,2023-12-15 15:20:00,2023-12-15 15:25:00,2023-12-15 14:05:00--2023-12-15 18:50:00,LONG,1,90.33,0.09666666666666666666666666667,89.88456758937655685366452654,90.18,89.56,90.19,90.62,90.35,MODELLED,CONDITIONAL_OPEN_SCENARIO,89.86,90.33,EXIT_ONLY_FROZEN_ENTRIES,C1_T10
MOMENTUM_USDRUBF,MOMENTUM_USDRUBF_002522,MOMENTUM,USDRUBF,2023-12-15 17:00:00,2023-12-15 17:10:00,2023-12-15 17:10:00,2023-12-15 17:15:00,2023-12-15 14:05:00--2023-12-15 18:50:00,LONG,1,90.6,0.09333333333333333333333333333,90.17374452802060039303381439,90.55,90.25,90.46,90.88,90.62,MODELLED,CONDITIONAL_OPEN_SCENARIO,90.41,90.6,EXIT_ONLY_FROZEN_ENTRIES,C1_T10
MOMENTUM_USDRUBF,MOMENTUM_USDRUBF_002528,MOMENTUM,USDRUBF,2023-12-18 11:40:00,2023-12-18 11:50:00,2023-12-18 11:50:00,2023-12-18 11:55:00,2023-12-18 10:00:00--2023-12-18 14:00:00,SHORT,-1,90.36,0.03916666666666666666666666667,90.46434050241883779215480560,90.53,90.37,90.41,90.24,90.36,MODELLED,CONDITIONAL_OPEN_SCENARIO,90.36,90.44,EXIT_ONLY_FROZEN_ENTRIES,C1_T10
MOMENTUM_USDRUBF,MOMENTUM_USDRUBF_002535,MOMENTUM,USDRUBF,2023-12-18 16:00:00,2023-12-18 16:10:00,2023-12-18 16:10:00,2023-12-18 16:15:00,2023-12-18 14:05:00--2023-12-18 18:50:00,SHORT,-1,90.53,0.07083333333333333333333333333,90.66121962369472113950243013,90.85,90.56,90.63,90.31,90.52,MODELLED,CONDITIONAL_OPEN_SCENARIO,90.49,90.67,EXIT_ONLY_FROZEN_ENTRIES,C1_T10
MOMENTUM_USDRUBF,MOMENTUM_USDRUBF_002543,MOMENTUM,USDRUBF,2023-12-20 11:15:00,2023-12-20 11:25:00,2023-12-20 11:25:00,2023-12-20 11:30:00,2023-12-20 10:00:00--2023-12-20 14:00:00,LONG,1,90.41,0.08333333333333333333333333333,90.28179003386550556361877116,90.38,90.15,90.29,90.66,90.43,MODELLED,CONDITIONAL_OPEN_SCENARIO,90.31,90.43,EXIT_ONLY_FROZEN_ENTRIES,C1_T10
MOMENTUM_USDRUBF,MOMENTUM_USDRUBF_002554,MOMENTUM,USDRUBF,2023-12-20 18:00:00,2023-12-20 18:10:00,2023-12-20 18:10:00,2023-12-20 18:15:00,2023-12-20 14:05:00--2023-12-20 18:50:00,SHORT,-1,90.84,0.04166666666666666666666666667,90.87827338524713993380302967,90.99,90.85,90.90,90.71,90.83,MODELLED,CONDITIONAL_OPEN_SCENARIO,90.84,90.91,EXIT_ONLY_FROZEN_ENTRIES,C1_T10
MOMENTUM_USDRUBF,MOMENTUM_USDRUBF_002560,MOMENTUM,USDRUBF,2023-12-21 12:20:00,2023-12-21 12:30:00,2023-12-21 12:30:00,2023-12-21 12:35:00,2023-12-21 10:00:00--2023-12-21 14:00:00,LONG,1,92.27,0.1466666666666666666666666667,91.41359297453421202505898627,92.03,91.09,92.05,92.71,92.30,MODELLED,CONDITIONAL_OPEN_SCENARIO,91.56,92.35,EXIT_ONLY_FROZEN_ENTRIES,C1_T10
MOMENTUM_USDRUBF,MOMENTUM_USDRUBF_002564,MOMENTUM,USDRUBF,2023-12-21 16:35:00,2023-12-21 16:45:00,2023-12-21 16:45:00,2023-12-21 16:50:00,2023-12-21 14:05:00--2023-12-21 18:50:00,SHORT,-1,92.02,0.1175,92.12478623994866550361948304,92.41,92.05,92.19,91.66,92.00,MODELLED,CONDITIONAL_OPEN_SCENARIO,92,92.15,EXIT_ONLY_FROZEN_ENTRIES,C1_T10
MOMENTUM_USDRUBF,MOMENTUM_USDRUBF_002566,MOMENTUM,USDRUBF,2023-12-21 17:30:00,2023-12-21 17:40:00,2023-12-21 17:40:00,2023-12-21 17:45:00,2023-12-21 14:05:00--2023-12-21 18:50:00,SHORT,-1,91.86,0.0975,92.10594640686070516429626367,92.22,91.91,92.00,91.56,91.84,MODELLED,CONDITIONAL_OPEN_SCENARIO,91.82,92.04,EXIT_ONLY_FROZEN_ENTRIES,C1_T10
MOMENTUM_USDRUBF,MOMENTUM_USDRUBF_002567,MOMENTUM,USDRUBF,2023-12-22 11:05:00,2023-12-22 11:15:00,2023-12-22 11:15:00,2023-12-22 11:20:00,2023-12-22 10:00:00--2023-12-22 14:00:00,SHORT,-1,92.03,0.1075,92.21496844277218108993809928,92.43,92.04,92.19,91.70,92.01,MODELLED,CONDITIONAL_OPEN_SCENARIO,92.01,92.25,EXIT_ONLY_FROZEN_ENTRIES,C1_T10
MOMENTUM_USDRUBF,MOMENTUM_USDRUBF_002570,MOMENTUM,USDRUBF,2023-12-22 16:00:00,2023-12-22 16:10:00,2023-12-22 16:10:00,2023-12-22 16:15:00,2023-12-22 14:05:00--2023-12-22 18:50:00,LONG,1,92.08,0.07583333333333333333333333333,91.88958810542293362770801704,91.99,91.79,91.97,92.31,92.09,MODELLED,CONDITIONAL_OPEN_SCENARIO,91.88,92.09,EXIT_ONLY_FROZEN_ENTRIES,C1_T10
MOMENTUM_USDRUBF,MOMENTUM_USDRUBF_002571,MOMENTUM,USDRUBF,2023-12-22 17:30:00,2023-12-22 17:40:00,2023-12-22 17:40:00,2023-12-22 17:45:00,2023-12-22 14:05:00--2023-12-22 18:50:00,SHORT,-1,91.96,0.0675,91.97644831234666945713720974,92.16,92,92.06,91.75,91.95,MODELLED,CONDITIONAL_OPEN_SCENARIO,91.95,92.09,EXIT_ONLY_FROZEN_ENTRIES,C1_T10
MOMENTUM_USDRUBF,MOMENTUM_USDRUBF_002576,MOMENTUM,USDRUBF,2023-12-25 12:55:00,2023-12-25 13:05:00,2023-12-25 13:05:00,2023-12-25 13:10:00,2023-12-25 10:00:00--2023-12-25 14:00:00,SHORT,-1,91.9,0.05166666666666666666666666667,92.06988616838487972508591074,92.11,91.92,91.97,91.74,91.89,MODELLED,CONDITIONAL_OPEN_SCENARIO,91.9,92.03,EXIT_ONLY_FROZEN_ENTRIES,C1_T10
MOMENTUM_USDRUBF,MOMENTUM_USDRUBF_002577,MOMENTUM,USDRUBF,2023-12-25 15:35:00,2023-12-25 15:45:00,2023-12-25 15:45:00,2023-12-25 15:50:00,2023-12-25 14:05:00--2023-12-25 18:50:00,SHORT,-1,91.94,0.04916666666666666666666666667,91.97945807770961145194274028,92.06,91.95,92.01,91.79,91.93,MODELLED,CONDITIONAL_OPEN_SCENARIO,91.94,92.03,EXIT_ONLY_FROZEN_ENTRIES,C1_T10
MOMENTUM_USDRUBF,MOMENTUM_USDRUBF_002581,MOMENTUM,USDRUBF,2023-12-25 16:45:00,2023-12-25 16:55:00,2023-12-25 16:55:00,2023-12-25 17:00:00,2023-12-25 14:05:00--2023-12-25 18:50:00,SHORT,-1,91.62,0.07583333333333333333333333333,91.90868499539070549319451220,92,91.65,91.73,91.39,91.61,MODELLED,CONDITIONAL_OPEN_SCENARIO,91.62,91.78,EXIT_ONLY_FROZEN_ENTRIES,C1_T10
MOMENTUM_USDRUBF,MOMENTUM_USDRUBF_002588,MOMENTUM,USDRUBF,2023-12-26 15:25:00,2023-12-26 15:35:00,2023-12-26 15:35:00,2023-12-26 15:40:00,2023-12-26 14:05:00--2023-12-26 18:50:00,LONG,1,91.83,0.06,91.76331535532994923857868022,91.81,91.66,91.74,92.01,91.84,MODELLED,CONDITIONAL_OPEN_SCENARIO,91.72,91.85,EXIT_ONLY_FROZEN_ENTRIES,C1_T10
MOMENTUM_USDRUBF,MOMENTUM_USDRUBF_002589,MOMENTUM,USDRUBF,2023-12-26 17:50:00,2023-12-26 18:00:00,2023-12-26 18:00:00,2023-12-26 18:05:00,2023-12-26 14:05:00--2023-12-26 18:50:00,LONG,1,91.83,0.04416666666666666666666666667,91.76956691515796947106851258,91.81,91.67,91.77,91.97,91.84,MODELLED,CONDITIONAL_OPEN_SCENARIO,91.67,91.85,EXIT_ONLY_FROZEN_ENTRIES,C1_T10
MOMENTUM_USDRUBF,MOMENTUM_USDRUBF_002590,MOMENTUM,USDRUBF,2023-12-27 11:25:00,2023-12-27 11:35:00,2023-12-27 11:35:00,2023-12-27 11:40:00,2023-12-27 10:00:00--2023-12-27 14:00:00,LONG,1,91.89,0.05416666666666666666666666667,91.73916591164923262773522222,91.88,91.63,91.81,92.06,91.90,MODELLED,CONDITIONAL_OPEN_SCENARIO,91.77,91.89,EXIT_ONLY_FROZEN_ENTRIES,C1_T10
MOMENTUM_USDRUBF,MOMENTUM_USDRUBF_002594,MOMENTUM,USDRUBF,2023-12-27 16:20:00,2023-12-27 16:30:00,2023-12-27 16:30:00,2023-12-27 16:35:00,2023-12-27 14:05:00--2023-12-27 18:50:00,SHORT,-1,91.61,0.06666666666666666666666666667,91.76506865736704446381865736,91.82,91.62,91.71,91.41,91.60,MODELLED,CONDITIONAL_OPEN_SCENARIO,91.6,91.73,EXIT_ONLY_FROZEN_ENTRIES,C1_T10
MOMENTUM_USDRUBF,MOMENTUM_USDRUBF_002595,MOMENTUM,USDRUBF,2023-12-27 17:00:00,2023-12-27 17:10:00,2023-12-27 17:10:00,2023-12-27 17:15:00,2023-12-27 14:05:00--2023-12-27 18:50:00,SHORT,-1,91.51,0.06,91.73759087091261910968227770,91.78,91.6,91.60,91.33,91.50,MODELLED,CONDITIONAL_OPEN_SCENARIO,91.5,91.71,EXIT_ONLY_FROZEN_ENTRIES,C1_T10
MOMENTUM_USDRUBF,MOMENTUM_USDRUBF_002603,MOMENTUM,USDRUBF,2023-12-28 15:10:00,2023-12-28 15:20:00,2023-12-28 15:20:00,2023-12-28 15:25:00,2023-12-28 14:05:00--2023-12-28 18:50:00,SHORT,-1,90.03,0.06833333333333333333333333333,90.17271440343751839425510626,90.38,90.1,90.13,89.82,90.02,MODELLED,CONDITIONAL_OPEN_SCENARIO,89.96,90.22,EXIT_ONLY_FROZEN_ENTRIES,C1_T10
MOMENTUM_USDRUBF,MOMENTUM_USDRUBF_002606,MOMENTUM,USDRUBF,2023-12-28 16:10:00,2023-12-28 16:20:00,2023-12-28 16:20:00,2023-12-28 16:25:00,2023-12-28 14:05:00--2023-12-28 18:50:00,SHORT,-1,89.73,0.1066666666666666666666666667,90.08636785867697594501718216,90.14,89.76,89.89,89.41,89.71,MODELLED,CONDITIONAL_OPEN_SCENARIO,89.65,89.91,EXIT_ONLY_FROZEN_ENTRIES,C1_T10
MOMENTUM_USDRUBF,MOMENTUM_USDRUBF_002607,MOMENTUM,USDRUBF,2023-12-28 17:30:00,2023-12-28 17:40:00,2023-12-28 17:40:00,2023-12-28 17:45:00,2023-12-28 14:05:00--2023-12-28 18:50:00,LONG,1,90.01,0.08916666666666666666666666667,89.96961457954633087660155779,89.91,89.68,89.88,90.28,90.03,MODELLED,CONDITIONAL_OPEN_SCENARIO,89.8,90.12,EXIT_ONLY_FROZEN_ENTRIES,C1_T10
MOMENTUM_USDRUBF,MOMENTUM_USDRUBF_002612,MOMENTUM,USDRUBF,2023-12-29 11:25:00,2023-12-29 11:35:00,2023-12-29 11:35:00,2023-12-29 11:40:00,2023-12-29 10:00:00--2023-12-29 14:00:00,SHORT,-1,89.26,0.1266666666666666666666666667,89.67151184256356670149773600,90.01,89.27,89.45,88.88,89.23,MODELLED,CONDITIONAL_OPEN_SCENARIO,89.25,89.47,EXIT_ONLY_FROZEN_ENTRIES,C1_T10
MOMENTUM_USDRUBF,MOMENTUM_USDRUBF_002619,MOMENTUM,USDRUBF,2023-12-29 17:35:00,2023-12-29 17:45:00,2023-12-29 17:45:00,2023-12-29 17:50:00,2023-12-29 14:05:00--2023-12-29 18:50:00,LONG,1,90.42,0.1058333333333333333333333333,90.26325206358026835226154510,90.41,90.18,90.27,90.74,90.44,MODELLED,CONDITIONAL_OPEN_SCENARIO,90.25,90.44,EXIT_ONLY_FROZEN_ENTRIES,C1_T10
MOMENTUM_CNYRUBF,MOMENTUM_CNYRUBF_000001,MOMENTUM,CNYRUBF,2023-01-03 15:20:00,2023-01-03 15:30:00,2023-01-03 15:30:00,2023-01-03 15:35:00,2023-01-03 14:05:00--2023-01-03 18:50:00,LONG,1,10.14,0.01416666666666666666666666667,10.12228006821145551208747116,10.13,10.09,10.12,10.19,10.14,MODELLED,CONDITIONAL_OPEN_SCENARIO,10.11,10.14,EXIT_ONLY_FROZEN_ENTRIES,C1_T10
MOMENTUM_CNYRUBF,MOMENTUM_CNYRUBF_000006,MOMENTUM,CNYRUBF,2023-01-04 11:55:00,2023-01-04 12:05:00,2023-01-04 12:05:00,2023-01-04 12:10:00,2023-01-04 10:00:00--2023-01-04 14:00:00,LONG,1,10.25,0.025,10.20118299139642620780939775,10.24,10.15,10.22,10.33,10.25,MODELLED,CONDITIONAL_OPEN_SCENARIO,10.23,10.25,EXIT_ONLY_FROZEN_ENTRIES,C1_T10
MOMENTUM_CNYRUBF,MOMENTUM_CNYRUBF_000008,MOMENTUM,CNYRUBF,2023-01-04 15:10:00,2023-01-04 15:20:00,2023-01-04 15:20:00,2023-01-04 15:25:00,2023-01-04 14:05:00--2023-01-04 18:50:00,LONG,1,10.28,0.01416666666666666666666666667,10.25370313302516692347200822,10.27,10.23,10.26,10.33,10.28,MODELLED,CONDITIONAL_OPEN_SCENARIO,10.26,10.28,EXIT_ONLY_FROZEN_ENTRIES,C1_T10
MOMENTUM_CNYRUBF,MOMENTUM_CNYRUBF_000014,MOMENTUM,CNYRUBF,2023-01-05 13:10:00,2023-01-05 13:20:00,2023-01-05 13:20:00,2023-01-05 13:25:00,2023-01-05 10:00:00--2023-01-05 14:00:00,LONG,1,10.33,0.01333333333333333333333333333,10.28420315236427320490367776,10.32,10.28,10.31,10.37,10.33,MODELLED,CONDITIONAL_OPEN_SCENARIO,10.29,10.34,EXIT_ONLY_FROZEN_ENTRIES,C1_T10
MOMENTUM_CNYRUBF,MOMENTUM_CNYRUBF_000015,MOMENTUM,CNYRUBF,2023-01-05 15:20:00,2023-01-05 15:30:00,2023-01-05 15:30:00,2023-01-05 15:35:00,2023-01-05 14:05:00--2023-01-05 18:50:00,SHORT,-1,10.32,0.015,10.35215411057003723861357777,10.38,10.33,10.34,10.27,10.32,MODELLED,CONDITIONAL_OPEN_SCENARIO,10.32,10.36,EXIT_ONLY_FROZEN_ENTRIES,C1_T10
MOMENTUM_CNYRUBF,MOMENTUM_CNYRUBF_000024,MOMENTUM,CNYRUBF,2023-01-09 11:50:00,2023-01-09 12:00:00,2023-01-09 12:00:00,2023-01-09 12:05:00,2023-01-09 10:00:00--2023-01-09 14:00:00,SHORT,-1,10.38,0.015,10.39165029893168675879643243,10.43,10.39,10.40,10.33,10.38,MODELLED,CONDITIONAL_OPEN_SCENARIO,10.38,10.42,EXIT_ONLY_FROZEN_ENTRIES,C1_T10
MOMENTUM_CNYRUBF,MOMENTUM_CNYRUBF_000033,MOMENTUM,CNYRUBF,2023-01-09 17:10:00,2023-01-09 17:20:00,2023-01-09 17:20:00,2023-01-09 17:25:00,2023-01-09 14:05:00--2023-01-09 18:50:00,LONG,1,10.26,0.02416666666666666666666666667,10.21942817294281729428172943,10.25,10.18,10.23,10.34,10.26,MODELLED,CONDITIONAL_OPEN_SCENARIO,10.22,10.26,EXIT_ONLY_FROZEN_ENTRIES,C1_T10
MOMENTUM_CNYRUBF,MOMENTUM_CNYRUBF_000036,MOMENTUM,CNYRUBF,2023-01-10 11:50:00,2023-01-10 12:00:00,2023-01-10 12:00:00,2023-01-10 12:05:00,2023-01-10 10:00:00--2023-01-10 14:00:00,SHORT,-1,10.2,0.01416666666666666666666666667,10.21966755846214823622671423,10.25,10.21,10.22,10.15,10.20,MODELLED,CONDITIONAL_OPEN_SCENARIO,10.2,10.24,EXIT_ONLY_FROZEN_ENTRIES,C1_T10
MOMENTUM_CNYRUBF,MOMENTUM_CNYRUBF_000042,MOMENTUM,CNYRUBF,2023-01-12 12:10:00,2023-01-12 12:20:00,2023-01-12 12:20:00,2023-01-12 12:25:00,2023-01-12 10:00:00--2023-01-12 14:00:00,LONG,1,10.01,0.0125,9.994391060570165047776988079,10,9.97,10.00,10.05,10.01,MODELLED,CONDITIONAL_OPEN_SCENARIO,9.99,10.02,EXIT_ONLY_FROZEN_ENTRIES,C1_T10
MOMENTUM_CNYRUBF,MOMENTUM_CNYRUBF_000045,MOMENTUM,CNYRUBF,2023-01-13 15:50:00,2023-01-13 16:00:00,2023-01-13 16:00:00,2023-01-13 16:05:00,2023-01-13 14:05:00--2023-01-13 18:50:00,LONG,1,10.16,0.01916666666666666666666666667,10.10996045816947112801667633,10.14,10.09,10.14,10.22,10.16,MODELLED,CONDITIONAL_OPEN_SCENARIO,10.11,10.16,EXIT_ONLY_FROZEN_ENTRIES,C1_T10
MOMENTUM_CNYRUBF,MOMENTUM_CNYRUBF_000048,MOMENTUM,CNYRUBF,2023-01-13 16:50:00,2023-01-13 17:00:00,2023-01-13 17:00:00,2023-01-13 17:05:00,2023-01-13 14:05:00--2023-01-13 18:50:00,LONG,1,10.22,0.02416666666666666666666666667,10.13010921900718384174012029,10.21,10.12,10.19,10.30,10.22,MODELLED,CONDITIONAL_OPEN_SCENARIO,10.17,10.23,EXIT_ONLY_FROZEN_ENTRIES,C1_T10
MOMENTUM_CNYRUBF,MOMENTUM_CNYRUBF_000049,MOMENTUM,CNYRUBF,2023-01-13 17:35:00,2023-01-13 17:45:00,2023-01-13 17:45:00,2023-01-13 17:50:00,2023-01-13 14:05:00--2023-01-13 18:50:00,SHORT,-1,10.15,0.02583333333333333333333333333,10.13779715398040005369848302,10.24,10.16,10.18,10.07,10.15,MODELLED,CONDITIONAL_OPEN_SCENARIO,10.15,10.21,EXIT_ONLY_FROZEN_ENTRIES,C1_T10
MOMENTUM_CNYRUBF,MOMENTUM_CNYRUBF_000052,MOMENTUM,CNYRUBF,2023-01-16 15:20:00,2023-01-16 15:30:00,2023-01-16 15:30:00,2023-01-16 15:35:00,2023-01-16 14:05:00--2023-01-16 18:50:00,LONG,1,10.19,0.006666666666666666666666666667,10.16998653940283896231032795,10.15,10.13,10.18,10.21,10.19,MODELLED,CONDITIONAL_OPEN_SCENARIO,10.14,10.19,EXIT_ONLY_FROZEN_ENTRIES,C1_T10
MOMENTUM_CNYRUBF,MOMENTUM_CNYRUBF_000053,MOMENTUM,CNYRUBF,2023-01-17 11:50:00,2023-01-17 12:00:00,2023-01-17 12:00:00,2023-01-17 12:05:00,2023-01-17 10:00:00--2023-01-17 14:00:00,SHORT,-1,10.11,0.01166666666666666666666666667,10.13453358544930668107329372,10.15,10.12,10.12,10.07,10.11,MODELLED,CONDITIONAL_OPEN_SCENARIO,10.11,10.14,EXIT_ONLY_FROZEN_ENTRIES,C1_T10
MOMENTUM_CNYRUBF,MOMENTUM_CNYRUBF_000061,MOMENTUM,CNYRUBF,2023-01-18 11:10:00,2023-01-18 11:20:00,2023-01-18 11:20:00,2023-01-18 11:25:00,2023-01-18 10:00:00--2023-01-18 14:00:00,SHORT,-1,10.16,0.01166666666666666666666666667,10.18901023890784982935153584,10.21,10.17,10.17,10.12,10.16,MODELLED,CONDITIONAL_OPEN_SCENARIO,10.16,10.19,EXIT_ONLY_FROZEN_ENTRIES,C1_T10
MOMENTUM_CNYRUBF,MOMENTUM_CNYRUBF_000067,MOMENTUM,CNYRUBF,2023-01-26 11:50:00,2023-01-26 12:00:00,2023-01-26 12:00:00,2023-01-26 12:05:00,2023-01-26 10:00:00--2023-01-26 14:00:00,SHORT,-1,10.22,0.01166666666666666666666666667,10.28554653410660038663352664,10.29,10.24,10.23,10.18,10.22,MODELLED,CONDITIONAL_OPEN_SCENARIO,10.22,10.25,EXIT_ONLY_FROZEN_ENTRIES,C1_T10
MOMENTUM_CNYRUBF,MOMENTUM_CNYRUBF_000069,MOMENTUM,CNYRUBF,2023-01-26 12:50:00,2023-01-26 13:00:00,2023-01-26 13:00:00,2023-01-26 13:05:00,2023-01-26 10:00:00--2023-01-26 14:00:00,LONG,1,10.26,0.01416666666666666666666666667,10.26907002382730538070343895,10.25,10.21,10.24,10.31,10.26,MODELLED,CONDITIONAL_OPEN_SCENARIO,10.24,10.26,EXIT_ONLY_FROZEN_ENTRIES,C1_T10
MOMENTUM_CNYRUBF,MOMENTUM_CNYRUBF_000071,MOMENTUM,CNYRUBF,2023-01-26 15:50:00,2023-01-26 16:00:00,2023-01-26 16:00:00,2023-01-26 16:05:00,2023-01-26 14:05:00--2023-01-26 18:50:00,LONG,1,10.27,0.01833333333333333333333333333,10.24064983637213651238896681,10.26,10.22,10.25,10.33,10.27,MODELLED,CONDITIONAL_OPEN_SCENARIO,10.24,10.27,EXIT_ONLY_FROZEN_ENTRIES,C1_T10
MOMENTUM_CNYRUBF,MOMENTUM_CNYRUBF_000075,MOMENTUM,CNYRUBF,2023-01-31 15:55:00,2023-01-31 16:05:00,2023-01-31 16:05:00,2023-01-31 16:10:00,2023-01-31 14:05:00--2023-01-31 18:50:00,SHORT,-1,10.43,0.01,10.44931822175364610788965033,10.46,10.44,10.44,10.40,10.43,MODELLED,CONDITIONAL_OPEN_SCENARIO,10.43,10.46,EXIT_ONLY_FROZEN_ENTRIES,C1_T10
MOMENTUM_CNYRUBF,MOMENTUM_CNYRUBF_000079,MOMENTUM,CNYRUBF,2023-02-02 16:40:00,2023-02-02 16:50:00,2023-02-02 16:50:00,2023-02-02 16:55:00,2023-02-02 14:05:00--2023-02-02 18:50:00,LONG,1,10.43,0.01083333333333333333333333333,10.40734150612959719789842382,10.42,10.39,10.42,10.47,10.43,MODELLED,CONDITIONAL_OPEN_SCENARIO,10.41,10.43,EXIT_ONLY_FROZEN_ENTRIES,C1_T10
MOMENTUM_CNYRUBF,MOMENTUM_CNYRUBF_000087,MOMENTUM,CNYRUBF,2023-02-08 16:00:00,2023-02-08 16:10:00,2023-02-08 16:10:00,2023-02-08 16:15:00,2023-02-08 14:05:00--2023-02-08 18:50:00,LONG,1,10.65,0.01916666666666666666666666667,10.60716354259644946940394724,10.64,10.56,10.63,10.71,10.65,MODELLED,CONDITIONAL_OPEN_SCENARIO,10.62,10.65,EXIT_ONLY_FROZEN_ENTRIES,C1_T10
MOMENTUM_CNYRUBF,MOMENTUM_CNYRUBF_000088,MOMENTUM,CNYRUBF,2023-02-08 17:40:00,2023-02-08 17:50:00,2023-02-08 17:50:00,2023-02-08 17:55:00,2023-02-08 14:05:00--2023-02-08 18:50:00,LONG,1,10.65,0.01416666666666666666666666667,10.61704433084723036956339563,10.64,10.6,10.63,10.70,10.65,MODELLED,CONDITIONAL_OPEN_SCENARIO,10.62,10.65,EXIT_ONLY_FROZEN_ENTRIES,C1_T10
MOMENTUM_CNYRUBF,MOMENTUM_CNYRUBF_000089,MOMENTUM,CNYRUBF,2023-02-10 12:10:00,2023-02-10 12:20:00,2023-02-10 12:20:00,2023-02-10 12:25:00,2023-02-10 10:00:00--2023-02-10 14:00:00,LONG,1,10.69,0.009166666666666666666666666667,10.68670731707317073170731707,10.68,10.67,10.68,10.72,10.69,MODELLED,CONDITIONAL_OPEN_SCENARIO,10.67,10.69,EXIT_ONLY_FROZEN_ENTRIES,C1_T10
MOMENTUM_CNYRUBF,MOMENTUM_CNYRUBF_000094,MOMENTUM,CNYRUBF,2023-02-14 12:10:00,2023-02-14 12:20:00,2023-02-14 12:20:00,2023-02-14 12:25:00,2023-02-14 10:00:00--2023-02-14 14:00:00,LONG,1,10.85,0.008333333333333333333333333333,10.83002346756782127100347320,10.84,10.82,10.84,10.88,10.85,MODELLED,CONDITIONAL_OPEN_SCENARIO,10.83,10.85,EXIT_ONLY_FROZEN_ENTRIES,C1_T10
MOMENTUM_CNYRUBF,MOMENTUM_CNYRUBF_000095,MOMENTUM,CNYRUBF,2023-02-15 11:20:00,2023-02-15 11:30:00,2023-02-15 11:30:00,2023-02-15 11:35:00,2023-02-15 10:00:00--2023-02-15 14:00:00,LONG,1,10.82,0.009166666666666666666666666667,10.80789473684210526315789474,10.81,10.79,10.81,10.85,10.82,MODELLED,CONDITIONAL_OPEN_SCENARIO,10.81,10.82,EXIT_ONLY_FROZEN_ENTRIES,C1_T10
MOMENTUM_CNYRUBF,MOMENTUM_CNYRUBF_000098,MOMENTUM,CNYRUBF,2023-02-15 13:00:00,2023-02-15 13:10:00,2023-02-15 13:10:00,2023-02-15 13:15:00,2023-02-15 10:00:00--2023-02-15 14:00:00,LONG,1,10.88,0.01166666666666666666666666667,10.84097220454063229365584553,10.87,10.83,10.87,10.92,10.88,MODELLED,CONDITIONAL_OPEN_SCENARIO,10.85,10.9,EXIT_ONLY_FROZEN_ENTRIES,C1_T10
MOMENTUM_CNYRUBF,MOMENTUM_CNYRUBF_000100,MOMENTUM,CNYRUBF,2023-02-15 17:45:00,2023-02-15 17:55:00,2023-02-15 17:55:00,2023-02-15 18:00:00,2023-02-15 14:05:00--2023-02-15 18:50:00,LONG,1,10.87,0.01583333333333333333333333333,10.85789932050913963058665901,10.86,10.81,10.85,10.92,10.87,MODELLED,CONDITIONAL_OPEN_SCENARIO,10.85,10.87,EXIT_ONLY_FROZEN_ENTRIES,C1_T10
MOMENTUM_CNYRUBF,MOMENTUM_CNYRUBF_000104,MOMENTUM,CNYRUBF,2023-02-17 11:35:00,2023-02-17 11:45:00,2023-02-17 11:45:00,2023-02-17 11:50:00,2023-02-17 10:00:00--2023-02-17 14:00:00,SHORT,-1,10.83,0.015,10.87501106485128089719065301,10.91,10.84,10.85,10.78,10.83,MODELLED,CONDITIONAL_OPEN_SCENARIO,10.83,10.87,EXIT_ONLY_FROZEN_ENTRIES,C1_T10
MOMENTUM_CNYRUBF,MOMENTUM_CNYRUBF_000113,MOMENTUM,CNYRUBF,2023-02-20 17:20:00,2023-02-20 17:30:00,2023-02-20 17:30:00,2023-02-20 17:35:00,2023-02-20 14:05:00--2023-02-20 18:50:00,LONG,1,10.88,0.015,10.82561852462017206663005675,10.87,10.82,10.86,10.93,10.88,MODELLED,CONDITIONAL_OPEN_SCENARIO,10.84,10.89,EXIT_ONLY_FROZEN_ENTRIES,C1_T10
MOMENTUM_CNYRUBF,MOMENTUM_CNYRUBF_000118,MOMENTUM,CNYRUBF,2023-02-22 12:55:00,2023-02-22 13:05:00,2023-02-22 13:05:00,2023-02-22 13:10:00,2023-02-22 10:00:00--2023-02-22 14:00:00,LONG,1,10.85,0.009166666666666666666666666667,10.82061893203883495145631068,10.84,10.82,10.84,10.88,10.85,MODELLED,CONDITIONAL_OPEN_SCENARIO,10.84,10.85,EXIT_ONLY_FROZEN_ENTRIES,C1_T10
MOMENTUM_CNYRUBF,MOMENTUM_CNYRUBF_000129,MOMENTUM,CNYRUBF,2023-02-28 11:35:00,2023-02-28 11:45:00,2023-02-28 11:45:00,2023-02-28 11:50:00,2023-02-28 10:00:00--2023-02-28 14:00:00,SHORT,-1,10.73,0.01333333333333333333333333333,10.74230838593327321911632101,10.76,10.74,10.75,10.69,10.73,MODELLED,CONDITIONAL_OPEN_SCENARIO,10.73,10.76,EXIT_ONLY_FROZEN_ENTRIES,C1_T10
MOMENTUM_CNYRUBF,MOMENTUM_CNYRUBF_000131,MOMENTUM,CNYRUBF,2023-02-28 17:15:00,2023-02-28 17:25:00,2023-02-28 17:25:00,2023-02-28 17:30:00,2023-02-28 14:05:00--2023-02-28 18:50:00,LONG,1,10.79,0.01333333333333333333333333333,10.77502417947177153976020831,10.78,10.75,10.77,10.83,10.79,MODELLED,CONDITIONAL_OPEN_SCENARIO,10.77,10.79,EXIT_ONLY_FROZEN_ENTRIES,C1_T10
MOMENTUM_CNYRUBF,MOMENTUM_CNYRUBF_000132,MOMENTUM,CNYRUBF,2023-02-28 18:00:00,2023-02-28 18:10:00,2023-02-28 18:10:00,2023-02-28 18:15:00,2023-02-28 14:05:00--2023-02-28 18:50:00,LONG,1,10.81,0.0175,10.77588046050357608146552871,10.79,10.76,10.79,10.87,10.81,MODELLED,CONDITIONAL_OPEN_SCENARIO,10.77,10.81,EXIT_ONLY_FROZEN_ENTRIES,C1_T10
MOMENTUM_CNYRUBF,MOMENTUM_CNYRUBF_000136,MOMENTUM,CNYRUBF,2023-03-02 11:15:00,2023-03-02 11:25:00,2023-03-02 11:25:00,2023-03-02 11:30:00,2023-03-02 10:00:00--2023-03-02 14:00:00,SHORT,-1,10.88,0.01333333333333333333333333333,10.91154670476870869798178246,10.95,10.89,10.90,10.84,10.88,MODELLED,CONDITIONAL_OPEN_SCENARIO,10.88,10.91,EXIT_ONLY_FROZEN_ENTRIES,C1_T10
MOMENTUM_CNYRUBF,MOMENTUM_CNYRUBF_000139,MOMENTUM,CNYRUBF,2023-03-03 11:10:00,2023-03-03 11:20:00,2023-03-03 11:20:00,2023-03-03 11:25:00,2023-03-03 10:00:00--2023-03-03 14:00:00,SHORT,-1,10.91,0.009166666666666666666666666667,10.92474265892223297838012262,10.94,10.92,10.92,10.88,10.91,MODELLED,CONDITIONAL_OPEN_SCENARIO,10.91,10.93,EXIT_ONLY_FROZEN_ENTRIES,C1_T10
MOMENTUM_CNYRUBF,MOMENTUM_CNYRUBF_000144,MOMENTUM,CNYRUBF,2023-03-16 12:15:00,2023-03-16 12:25:00,2023-03-16 12:25:00,2023-03-16 12:30:00,2023-03-16 10:00:00--2023-03-16 14:00:00,LONG,1,11.04,0.0075,11.02907826686587748534651189,11.03,11.01,11.03,11.07,11.04,MODELLED,CONDITIONAL_OPEN_SCENARIO,11.02,11.04,EXIT_ONLY_FROZEN_ENTRIES,C1_T10
MOMENTUM_CNYRUBF,MOMENTUM_CNYRUBF_000146,MOMENTUM,CNYRUBF,2023-03-17 11:10:00,2023-03-17 11:20:00,2023-03-17 11:20:00,2023-03-17 11:25:00,2023-03-17 10:00:00--2023-03-17 14:00:00,LONG,1,11.16,0.015,11.13332717592089536020862762,11.15,11.1,11.14,11.21,11.16,MODELLED,CONDITIONAL_OPEN_SCENARIO,11.12,11.17,EXIT_ONLY_FROZEN_ENTRIES,C1_T10
MOMENTUM_CNYRUBF,MOMENTUM_CNYRUBF_000152,MOMENTUM,CNYRUBF,2023-03-20 15:20:00,2023-03-20 15:30:00,2023-03-20 15:30:00,2023-03-20 15:35:00,2023-03-20 14:15:00--2023-03-20 18:50:00,SHORT,-1,11.15,0.01416666666666666666666666667,11.17719500480307396733909702,11.2,11.16,11.17,11.10,11.15,MODELLED,CONDITIONAL_OPEN_SCENARIO,11.15,11.18,EXIT_ONLY_FROZEN_ENTRIES,C1_T10
MOMENTUM_CNYRUBF,MOMENTUM_CNYRUBF_000159,MOMENTUM,CNYRUBF,2023-03-28 15:45:00,2023-03-28 15:55:00,2023-03-28 15:55:00,2023-03-28 16:00:00,2023-03-28 14:05:00--2023-03-28 18:50:00,LONG,1,11.17,0.01416666666666666666666666667,11.13097253155159613956941351,11.15,11.12,11.15,11.22,11.17,MODELLED,CONDITIONAL_OPEN_SCENARIO,11.14,11.17,EXIT_ONLY_FROZEN_ENTRIES,C1_T10
MOMENTUM_CNYRUBF,MOMENTUM_CNYRUBF_000160,MOMENTUM,CNYRUBF,2023-03-30 12:20:00,2023-03-30 12:30:00,2023-03-30 12:30:00,2023-03-30 12:35:00,2023-03-30 10:00:00--2023-03-30 14:00:00,SHORT,-1,11.17,0.015,11.19915016961414005142192373,11.22,11.18,11.19,11.12,11.17,MODELLED,CONDITIONAL_OPEN_SCENARIO,11.17,11.2,EXIT_ONLY_FROZEN_ENTRIES,C1_T10
MOMENTUM_CNYRUBF,MOMENTUM_CNYRUBF_000169,MOMENTUM,CNYRUBF,2023-04-04 15:10:00,2023-04-04 15:20:00,2023-04-04 15:20:00,2023-04-04 15:25:00,2023-04-04 14:05:00--2023-04-04 18:50:00,SHORT,-1,11.47,0.006666666666666666666666666667,11.48742185231781670376463757,11.54,11.5,11.48,11.45,11.47,MODELLED,CONDITIONAL_OPEN_SCENARIO,11.46,11.52,EXIT_ONLY_FROZEN_ENTRIES,C1_T10
MOMENTUM_CNYRUBF,MOMENTUM_CNYRUBF_000176,MOMENTUM,CNYRUBF,2023-04-06 15:55:00,2023-04-06 16:05:00,2023-04-06 16:05:00,2023-04-06 16:10:00,2023-04-06 14:05:00--2023-04-06 18:50:00,SHORT,-1,11.71,0.02083333333333333333333333333,11.74517223483619850794680506,11.79,11.74,11.74,11.64,11.71,MODELLED,CONDITIONAL_OPEN_SCENARIO,11.7,11.77,EXIT_ONLY_FROZEN_ENTRIES,C1_T10
MOMENTUM_CNYRUBF,MOMENTUM_CNYRUBF_000185,MOMENTUM,CNYRUBF,2023-04-07 12:50:00,2023-04-07 13:00:00,2023-04-07 13:00:00,2023-04-07 13:05:00,2023-04-07 10:00:00--2023-04-07 14:00:00,LONG,1,12.09,0.02166666666666666666666666667,11.99728922091782283884738527,12.08,11.98,12.06,12.16,12.09,MODELLED,CONDITIONAL_OPEN_SCENARIO,12.04,12.1,EXIT_ONLY_FROZEN_ENTRIES,C1_T10
MOMENTUM_CNYRUBF,MOMENTUM_CNYRUBF_000191,MOMENTUM,CNYRUBF,2023-04-10 11:10:00,2023-04-10 11:20:00,2023-04-10 11:20:00,2023-04-10 11:25:00,2023-04-10 10:00:00--2023-04-10 14:00:00,LONG,1,11.91,0.01666666666666666666666666667,11.84031200960029539370442167,11.89,11.81,11.89,11.96,11.91,MODELLED,CONDITIONAL_OPEN_SCENARIO,11.87,11.91,EXIT_ONLY_FROZEN_ENTRIES,C1_T10
MOMENTUM_CNYRUBF,MOMENTUM_CNYRUBF_000199,MOMENTUM,CNYRUBF,2023-04-12 13:00:00,2023-04-12 13:10:00,2023-04-12 13:10:00,2023-04-12 13:15:00,2023-04-12 10:00:00--2023-04-12 14:00:00,LONG,1,11.93,0.008333333333333333333333333333,11.91131451912365391756405496,11.92,11.9,11.92,11.96,11.93,MODELLED,CONDITIONAL_OPEN_SCENARIO,11.91,11.93,EXIT_ONLY_FROZEN_ENTRIES,C1_T10
MOMENTUM_CNYRUBF,MOMENTUM_CNYRUBF_000200,MOMENTUM,CNYRUBF,2023-04-13 11:20:00,2023-04-13 11:30:00,2023-04-13 11:30:00,2023-04-13 11:35:00,2023-04-13 10:00:00--2023-04-13 14:00:00,SHORT,-1,11.85,0.01,11.87491984140665402516807447,11.91,11.87,11.86,11.82,11.85,MODELLED,CONDITIONAL_OPEN_SCENARIO,11.85,11.89,EXIT_ONLY_FROZEN_ENTRIES,C1_T10
MOMENTUM_CNYRUBF,MOMENTUM_CNYRUBF_000201,MOMENTUM,CNYRUBF,2023-04-13 11:50:00,2023-04-13 12:00:00,2023-04-13 12:00:00,2023-04-13 12:05:00,2023-04-13 10:00:00--2023-04-13 14:00:00,SHORT,-1,11.84,0.01333333333333333333333333333,11.86560507455309333553010956,11.89,11.85,11.86,11.80,11.84,MODELLED,CONDITIONAL_OPEN_SCENARIO,11.84,11.87,EXIT_ONLY_FROZEN_ENTRIES,C1_T10
MOMENTUM_CNYRUBF,MOMENTUM_CNYRUBF_000210,MOMENTUM,CNYRUBF,2023-04-25 11:25:00,2023-04-25 11:35:00,2023-04-25 11:35:00,2023-04-25 11:40:00,2023-04-25 10:00:00--2023-04-25 14:00:00,LONG,1,11.79,0.008333333333333333333333333333,11.77880341880341880341880342,11.78,11.76,11.78,11.82,11.79,MODELLED,CONDITIONAL_OPEN_SCENARIO,11.77,11.79,EXIT_ONLY_FROZEN_ENTRIES,C1_T10
MOMENTUM_CNYRUBF,MOMENTUM_CNYRUBF_000219,MOMENTUM,CNYRUBF,2023-04-28 16:55:00,2023-04-28 17:05:00,2023-04-28 17:05:00,2023-04-28 17:10:00,2023-04-28 14:05:00--2023-04-28 18:50:00,LONG,1,11.54,0.02333333333333333333333333333,11.47110143665650848933391380,11.53,11.41,11.51,11.61,11.54,MODELLED,CONDITIONAL_OPEN_SCENARIO,11.51,11.54,EXIT_ONLY_FROZEN_ENTRIES,C1_T10
MOMENTUM_CNYRUBF,MOMENTUM_CNYRUBF_000225,MOMENTUM,CNYRUBF,2023-05-02 15:45:00,2023-05-02 15:55:00,2023-05-02 15:55:00,2023-05-02 16:00:00,2023-05-02 14:05:00--2023-05-02 18:50:00,LONG,1,11.49,0.01166666666666666666666666667,11.46817704605106179909329516,11.48,11.46,11.48,11.53,11.49,MODELLED,CONDITIONAL_OPEN_SCENARIO,11.46,11.49,EXIT_ONLY_FROZEN_ENTRIES,C1_T10
MOMENTUM_CNYRUBF,MOMENTUM_CNYRUBF_000229,MOMENTUM,CNYRUBF,2023-05-04 11:40:00,2023-05-04 11:50:00,2023-05-04 11:50:00,2023-05-04 11:55:00,2023-05-04 10:00:00--2023-05-04 14:00:00,SHORT,-1,11.37,0.01166666666666666666666666667,11.42367730794361990105479324,11.44,11.39,11.38,11.33,11.37,MODELLED,CONDITIONAL_OPEN_SCENARIO,11.37,11.41,EXIT_ONLY_FROZEN_ENTRIES,C1_T10
MOMENTUM_CNYRUBF,MOMENTUM_CNYRUBF_000231,MOMENTUM,CNYRUBF,2023-05-04 12:10:00,2023-05-04 12:20:00,2023-05-04 12:20:00,2023-05-04 12:25:00,2023-05-04 10:00:00--2023-05-04 14:00:00,SHORT,-1,11.33,0.0175,11.39993168520050240480348007,11.42,11.35,11.35,11.27,11.33,MODELLED,CONDITIONAL_OPEN_SCENARIO,11.33,11.38,EXIT_ONLY_FROZEN_ENTRIES,C1_T10
MOMENTUM_CNYRUBF,MOMENTUM_CNYRUBF_000232,MOMENTUM,CNYRUBF,2023-05-04 15:40:00,2023-05-04 15:50:00,2023-05-04 15:50:00,2023-05-04 15:55:00,2023-05-04 14:05:00--2023-05-04 18:50:00,SHORT,-1,11.28,0.01416666666666666666666666667,11.30620299689001979078314956,11.33,11.29,11.30,11.23,11.28,MODELLED,CONDITIONAL_OPEN_SCENARIO,11.28,11.31,EXIT_ONLY_FROZEN_ENTRIES,C1_T10
MOMENTUM_CNYRUBF,MOMENTUM_CNYRUBF_000236,MOMENTUM,CNYRUBF,2023-05-05 11:25:00,2023-05-05 11:35:00,2023-05-05 11:35:00,2023-05-05 11:40:00,2023-05-05 10:00:00--2023-05-05 14:00:00,SHORT,-1,11.07,0.02416666666666666666666666667,11.10968850750248466778173709,11.16,11.08,11.10,10.99,11.07,MODELLED,CONDITIONAL_OPEN_SCENARIO,11.06,11.1,EXIT_ONLY_FROZEN_ENTRIES,C1_T10
MOMENTUM_CNYRUBF,MOMENTUM_CNYRUBF_000242,MOMENTUM,CNYRUBF,2023-05-05 15:50:00,2023-05-05 16:00:00,2023-05-05 16:00:00,2023-05-05 16:05:00,2023-05-05 14:05:00--2023-05-05 18:50:00,SHORT,-1,11.13,0.01416666666666666666666666667,11.15222810526728634741342118,11.18,11.15,11.15,11.08,11.13,MODELLED,CONDITIONAL_OPEN_SCENARIO,11.13,11.17,EXIT_ONLY_FROZEN_ENTRIES,C1_T10
MOMENTUM_CNYRUBF,MOMENTUM_CNYRUBF_000246,MOMENTUM,CNYRUBF,2023-05-10 12:15:00,2023-05-10 12:25:00,2023-05-10 12:25:00,2023-05-10 12:30:00,2023-05-10 10:00:00--2023-05-10 14:00:00,SHORT,-1,11.06,0.01583333333333333333333333333,11.12943653701615933859451334,11.11,11.07,11.08,11.01,11.06,MODELLED,CONDITIONAL_OPEN_SCENARIO,11.06,11.09,EXIT_ONLY_FROZEN_ENTRIES,C1_T10
MOMENTUM_CNYRUBF,MOMENTUM_CNYRUBF_000248,MOMENTUM,CNYRUBF,2023-05-10 13:10:00,2023-05-10 13:20:00,2023-05-10 13:20:00,2023-05-10 13:25:00,2023-05-10 10:00:00--2023-05-10 14:00:00,SHORT,-1,10.98,0.0175,11.09420406199732407282129917,11.09,11.01,11.00,10.92,10.98,MODELLED,CONDITIONAL_OPEN_SCENARIO,10.98,11.03,EXIT_ONLY_FROZEN_ENTRIES,C1_T10
MOMENTUM_CNYRUBF,MOMENTUM_CNYRUBF_000259,MOMENTUM,CNYRUBF,2023-05-12 17:35:00,2023-05-12 17:45:00,2023-05-12 17:45:00,2023-05-12 17:50:00,2023-05-12 14:05:00--2023-05-12 18:50:00,LONG,1,11.13,0.01083333333333333333333333333,11.14538088328647864333000817,11.12,11.1,11.12,11.17,11.13,MODELLED,CONDITIONAL_OPEN_SCENARIO,11.11,11.13,EXIT_ONLY_FROZEN_ENTRIES,C1_T10
MOMENTUM_CNYRUBF,MOMENTUM_CNYRUBF_000263,MOMENTUM,CNYRUBF,2023-05-15 12:45:00,2023-05-15 12:55:00,2023-05-15 12:55:00,2023-05-15 13:00:00,2023-05-15 10:00:00--2023-05-15 14:00:00,LONG,1,11.38,0.01416666666666666666666666667,11.35109306398302994425534014,11.37,11.33,11.36,11.43,11.38,MODELLED,CONDITIONAL_OPEN_SCENARIO,11.36,11.38,EXIT_ONLY_FROZEN_ENTRIES,C1_T10
MOMENTUM_CNYRUBF,MOMENTUM_CNYRUBF_000268,MOMENTUM,CNYRUBF,2023-05-16 13:05:00,2023-05-16 13:15:00,2023-05-16 13:15:00,2023-05-16 13:20:00,2023-05-16 10:00:00--2023-05-16 14:00:00,SHORT,-1,11.47,0.01583333333333333333333333333,11.47470482734776783784951814,11.51,11.48,11.49,11.42,11.47,MODELLED,CONDITIONAL_OPEN_SCENARIO,11.44,11.51,EXIT_ONLY_FROZEN_ENTRIES,C1_T10
MOMENTUM_CNYRUBF,MOMENTUM_CNYRUBF_000277,MOMENTUM,CNYRUBF,2023-05-18 16:45:00,2023-05-18 16:55:00,2023-05-18 16:55:00,2023-05-18 17:00:00,2023-05-18 14:05:00--2023-05-18 18:50:00,LONG,1,11.42,0.01416666666666666666666666667,11.33970016616224556406148003,11.4,11.34,11.40,11.47,11.42,MODELLED,CONDITIONAL_OPEN_SCENARIO,11.38,11.42,EXIT_ONLY_FROZEN_ENTRIES,C1_T10
MOMENTUM_CNYRUBF,MOMENTUM_CNYRUBF_000287,MOMENTUM,CNYRUBF,2023-05-30 16:55:00,2023-05-30 17:05:00,2023-05-30 17:05:00,2023-05-30 17:10:00,2023-05-30 14:05:00--2023-05-30 18:50:00,SHORT,-1,11.4,0.01416666666666666666666666667,11.43224668623787919224268304,11.45,11.41,11.42,11.35,11.40,MODELLED,CONDITIONAL_OPEN_SCENARIO,11.4,11.45,EXIT_ONLY_FROZEN_ENTRIES,C1_T10
MOMENTUM_CNYRUBF,MOMENTUM_CNYRUBF_000289,MOMENTUM,CNYRUBF,2023-06-02 12:40:00,2023-06-02 12:50:00,2023-06-02 12:50:00,2023-06-02 12:55:00,2023-06-02 10:00:00--2023-06-02 14:00:00,LONG,1,11.43,0.0125,11.40153927938570584760779681,11.42,11.38,11.42,11.47,11.43,MODELLED,CONDITIONAL_OPEN_SCENARIO,11.41,11.43,EXIT_ONLY_FROZEN_ENTRIES,C1_T10
MOMENTUM_CNYRUBF,MOMENTUM_CNYRUBF_000292,MOMENTUM,CNYRUBF,2023-06-05 11:25:00,2023-06-05 11:35:00,2023-06-05 11:35:00,2023-06-05 11:40:00,2023-06-05 10:00:00--2023-06-05 14:00:00,SHORT,-1,11.41,0.01333333333333333333333333333,11.44417898347365138758964764,11.45,11.42,11.43,11.37,11.41,MODELLED,CONDITIONAL_OPEN_SCENARIO,11.41,11.44,EXIT_ONLY_FROZEN_ENTRIES,C1_T10
MOMENTUM_CNYRUBF,MOMENTUM_CNYRUBF_000300,MOMENTUM,CNYRUBF,2023-06-13 11:10:00,2023-06-13 11:20:00,2023-06-13 11:20:00,2023-06-13 11:25:00,2023-06-13 10:00:00--2023-06-13 14:00:00,LONG,1,11.69,0.01416666666666666666666666667,11.63018795834103654403155235,11.68,11.62,11.67,11.74,11.69,MODELLED,CONDITIONAL_OPEN_SCENARIO,11.67,11.69,EXIT_ONLY_FROZEN_ENTRIES,C1_T10
MOMENTUM_CNYRUBF,MOMENTUM_CNYRUBF_000301,MOMENTUM,CNYRUBF,2023-06-13 12:00:00,2023-06-13 12:10:00,2023-06-13 12:10:00,2023-06-13 12:15:00,2023-06-13 10:00:00--2023-06-13 14:00:00,LONG,1,11.74,0.0125,11.65045573800153797439724974,11.72,11.67,11.73,11.78,11.74,MODELLED,CONDITIONAL_OPEN_SCENARIO,11.7,11.75,EXIT_ONLY_FROZEN_ENTRIES,C1_T10
MOMENTUM_CNYRUBF,MOMENTUM_CNYRUBF_000303,MOMENTUM,CNYRUBF,2023-06-13 13:00:00,2023-06-13 13:10:00,2023-06-13 13:10:00,2023-06-13 13:15:00,2023-06-13 10:00:00--2023-06-13 14:00:00,SHORT,-1,11.68,0.01916666666666666666666666667,11.68197911909473791038717207,11.75,11.69,11.70,11.62,11.68,MODELLED,CONDITIONAL_OPEN_SCENARIO,11.68,11.72,EXIT_ONLY_FROZEN_ENTRIES,C1_T10
MOMENTUM_CNYRUBF,MOMENTUM_CNYRUBF_000314,MOMENTUM,CNYRUBF,2023-06-21 17:25:00,2023-06-21 17:35:00,2023-06-21 17:35:00,2023-06-21 17:40:00,2023-06-21 14:05:00--2023-06-21 18:50:00,SHORT,-1,11.66,0.01333333333333333333333333333,11.69922067776520661602284359,11.71,11.67,11.68,11.62,11.66,MODELLED,CONDITIONAL_OPEN_SCENARIO,11.65,11.69,EXIT_ONLY_FROZEN_ENTRIES,C1_T10
MOMENTUM_CNYRUBF,MOMENTUM_CNYRUBF_000316,MOMENTUM,CNYRUBF,2023-06-22 12:45:00,2023-06-22 12:55:00,2023-06-22 12:55:00,2023-06-22 13:00:00,2023-06-22 10:00:00--2023-06-22 14:00:00,LONG,1,11.64,0.008333333333333333333333333333,11.62567658092175777063236870,11.63,11.61,11.63,11.67,11.64,MODELLED,CONDITIONAL_OPEN_SCENARIO,11.62,11.64,EXIT_ONLY_FROZEN_ENTRIES,C1_T10
MOMENTUM_CNYRUBF,MOMENTUM_CNYRUBF_000317,MOMENTUM,CNYRUBF,2023-06-23 11:15:00,2023-06-23 11:25:00,2023-06-23 11:25:00,2023-06-23 11:30:00,2023-06-23 10:00:00--2023-06-23 14:00:00,LONG,1,11.63,0.01333333333333333333333333333,11.60616586686354128214593331,11.62,11.58,11.61,11.67,11.63,MODELLED,CONDITIONAL_OPEN_SCENARIO,11.61,11.63,EXIT_ONLY_FROZEN_ENTRIES,C1_T10
MOMENTUM_CNYRUBF,MOMENTUM_CNYRUBF_000319,MOMENTUM,CNYRUBF,2023-06-23 15:30:00,2023-06-23 15:40:00,2023-06-23 15:40:00,2023-06-23 15:45:00,2023-06-23 14:05:00--2023-06-23 18:50:00,SHORT,-1,11.69,0.0175,11.72295186391603329714078900,11.77,11.7,11.71,11.63,11.69,MODELLED,CONDITIONAL_OPEN_SCENARIO,11.69,11.72,EXIT_ONLY_FROZEN_ENTRIES,C1_T10
MOMENTUM_CNYRUBF,MOMENTUM_CNYRUBF_000320,MOMENTUM,CNYRUBF,2023-06-23 17:05:00,2023-06-23 17:15:00,2023-06-23 17:15:00,2023-06-23 17:20:00,2023-06-23 14:05:00--2023-06-23 18:50:00,LONG,1,11.75,0.01,11.72505388272583201267828843,11.74,11.69,11.74,11.78,11.75,MODELLED,CONDITIONAL_OPEN_SCENARIO,11.72,11.75,EXIT_ONLY_FROZEN_ENTRIES,C1_T10
MOMENTUM_CNYRUBF,MOMENTUM_CNYRUBF_000324,MOMENTUM,CNYRUBF,2023-06-26 12:20:00,2023-06-26 12:30:00,2023-06-26 12:30:00,2023-06-26 12:35:00,2023-06-26 10:00:00--2023-06-26 14:00:00,SHORT,-1,11.68,0.0125,11.73064164087844403581946750,11.73,11.69,11.69,11.64,11.68,MODELLED,CONDITIONAL_OPEN_SCENARIO,11.68,11.71,EXIT_ONLY_FROZEN_ENTRIES,C1_T10
MOMENTUM_CNYRUBF,MOMENTUM_CNYRUBF_000331,MOMENTUM,CNYRUBF,2023-06-28 17:15:00,2023-06-28 17:25:00,2023-06-28 17:25:00,2023-06-28 17:30:00,2023-06-28 14:05:00--2023-06-28 18:50:00,LONG,1,11.9,0.01333333333333333333333333333,11.84875319097816620115926359,11.88,11.85,11.88,11.94,11.90,MODELLED,CONDITIONAL_OPEN_SCENARIO,11.86,11.9,EXIT_ONLY_FROZEN_ENTRIES,C1_T10
MOMENTUM_CNYRUBF,MOMENTUM_CNYRUBF_000335,MOMENTUM,CNYRUBF,2023-06-30 15:40:00,2023-06-30 15:50:00,2023-06-30 15:50:00,2023-06-30 15:55:00,2023-06-30 14:05:00--2023-06-30 18:50:00,LONG,1,12.29,0.0225,12.23639688921109866209714625,12.26,12.21,12.26,12.36,12.29,MODELLED,CONDITIONAL_OPEN_SCENARIO,12.22,12.29,EXIT_ONLY_FROZEN_ENTRIES,C1_T10
MOMENTUM_CNYRUBF,MOMENTUM_CNYRUBF_000341,MOMENTUM,CNYRUBF,2023-07-04 11:05:00,2023-07-04 11:15:00,2023-07-04 11:15:00,2023-07-04 11:20:00,2023-07-04 10:00:00--2023-07-04 14:00:00,LONG,1,12.36,0.02083333333333333333333333333,12.31167303461850179460460808,12.35,12.28,12.33,12.43,12.36,MODELLED,CONDITIONAL_OPEN_SCENARIO,12.33,12.36,EXIT_ONLY_FROZEN_ENTRIES,C1_T10
MOMENTUM_CNYRUBF,MOMENTUM_CNYRUBF_000345,MOMENTUM,CNYRUBF,2023-07-04 15:45:00,2023-07-04 15:55:00,2023-07-04 15:55:00,2023-07-04 16:00:00,2023-07-04 14:05:00--2023-07-04 18:50:00,SHORT,-1,12.4,0.0175,12.43267095751671885268081487,12.47,12.41,12.42,12.34,12.40,MODELLED,CONDITIONAL_OPEN_SCENARIO,12.4,12.47,EXIT_ONLY_FROZEN_ENTRIES,C1_T10
MOMENTUM_CNYRUBF,MOMENTUM_CNYRUBF_000355,MOMENTUM,CNYRUBF,2023-07-05 17:25:00,2023-07-05 17:35:00,2023-07-05 17:35:00,2023-07-05 17:40:00,2023-07-05 14:05:00--2023-07-05 18:50:00,LONG,1,12.52,0.01833333333333333333333333333,12.49934901119294786290088732,12.5,12.46,12.50,12.58,12.52,MODELLED,CONDITIONAL_OPEN_SCENARIO,12.48,12.52,EXIT_ONLY_FROZEN_ENTRIES,C1_T10
MOMENTUM_CNYRUBF,MOMENTUM_CNYRUBF_000359,MOMENTUM,CNYRUBF,2023-07-06 12:55:00,2023-07-06 13:05:00,2023-07-06 13:05:00,2023-07-06 13:10:00,2023-07-06 10:00:00--2023-07-06 14:00:00,SHORT,-1,12.66,0.03833333333333333333333333333,12.80316259613794524373019294,12.84,12.68,12.71,12.54,12.66,MODELLED,CONDITIONAL_OPEN_SCENARIO,12.66,12.72,EXIT_ONLY_FROZEN_ENTRIES,C1_T10
MOMENTUM_CNYRUBF,MOMENTUM_CNYRUBF_000363,MOMENTUM,CNYRUBF,2023-07-06 17:55:00,2023-07-06 18:05:00,2023-07-06 18:05:00,2023-07-06 18:10:00,2023-07-06 14:05:00--2023-07-06 18:50:00,SHORT,-1,12.5,0.02666666666666666666666666667,12.61967073845071130548434123,12.6,12.51,12.54,12.42,12.50,MODELLED,CONDITIONAL_OPEN_SCENARIO,12.5,12.55,EXIT_ONLY_FROZEN_ENTRIES,C1_T10
MOMENTUM_CNYRUBF,MOMENTUM_CNYRUBF_000373,MOMENTUM,CNYRUBF,2023-07-11 17:35:00,2023-07-11 17:45:00,2023-07-11 17:45:00,2023-07-11 17:50:00,2023-07-11 14:05:00--2023-07-11 18:50:00,LONG,1,12.49,0.01,12.46956962025316455696202532,12.48,12.45,12.48,12.52,12.49,MODELLED,CONDITIONAL_OPEN_SCENARIO,12.48,12.49,EXIT_ONLY_FROZEN_ENTRIES,C1_T10
MOMENTUM_CNYRUBF,MOMENTUM_CNYRUBF_000382,MOMENTUM,CNYRUBF,2023-07-13 15:10:00,2023-07-13 15:20:00,2023-07-13 15:20:00,2023-07-13 15:25:00,2023-07-13 14:05:00--2023-07-13 18:50:00,SHORT,-1,12.52,0.01833333333333333333333333333,12.52850356294536817102137767,12.57,12.53,12.54,12.46,12.52,MODELLED,CONDITIONAL_OPEN_SCENARIO,12.5,12.56,EXIT_ONLY_FROZEN_ENTRIES,C1_T10
MOMENTUM_CNYRUBF,MOMENTUM_CNYRUBF_000383,MOMENTUM,CNYRUBF,2023-07-13 15:55:00,2023-07-13 16:05:00,2023-07-13 16:05:00,2023-07-13 16:10:00,2023-07-13 14:05:00--2023-07-13 18:50:00,LONG,1,12.57,0.0175,12.53066421880148754883961775,12.56,12.5,12.55,12.63,12.57,MODELLED,CONDITIONAL_OPEN_SCENARIO,12.54,12.57,EXIT_ONLY_FROZEN_ENTRIES,C1_T10
MOMENTUM_CNYRUBF,MOMENTUM_CNYRUBF_000384,MOMENTUM,CNYRUBF,2023-07-14 12:10:00,2023-07-14 12:20:00,2023-07-14 12:20:00,2023-07-14 12:25:00,2023-07-14 10:00:00--2023-07-14 14:00:00,LONG,1,12.62,0.0075,12.59922285521982644647965193,12.61,12.58,12.61,12.65,12.62,MODELLED,CONDITIONAL_OPEN_SCENARIO,12.59,12.62,EXIT_ONLY_FROZEN_ENTRIES,C1_T10
MOMENTUM_CNYRUBF,MOMENTUM_CNYRUBF_000387,MOMENTUM,CNYRUBF,2023-07-17 13:10:00,2023-07-17 13:20:00,2023-07-17 13:20:00,2023-07-17 13:25:00,2023-07-17 10:00:00--2023-07-17 14:00:00,LONG,1,12.6,0.01,12.59031287970838396111786148,12.59,12.57,12.59,12.63,12.60,MODELLED,CONDITIONAL_OPEN_SCENARIO,12.57,12.6,EXIT_ONLY_FROZEN_ENTRIES,C1_T10
MOMENTUM_CNYRUBF,MOMENTUM_CNYRUBF_000390,MOMENTUM,CNYRUBF,2023-07-17 17:00:00,2023-07-17 17:10:00,2023-07-17 17:10:00,2023-07-17 17:15:00,2023-07-17 14:05:00--2023-07-17 18:50:00,LONG,1,12.65,0.008333333333333333333333333333,12.63094422970734400883489785,12.64,12.61,12.64,12.68,12.65,MODELLED,CONDITIONAL_OPEN_SCENARIO,12.63,12.65,EXIT_ONLY_FROZEN_ENTRIES,C1_T10
MOMENTUM_CNYRUBF,MOMENTUM_CNYRUBF_000391,MOMENTUM,CNYRUBF,2023-07-18 12:50:00,2023-07-18 13:00:00,2023-07-18 13:00:00,2023-07-18 13:05:00,2023-07-18 10:00:00--2023-07-18 14:00:00,SHORT,-1,12.63,0.008333333333333333333333333333,12.64166127728375101050929669,12.66,12.64,12.64,12.60,12.63,MODELLED,CONDITIONAL_OPEN_SCENARIO,12.63,12.65,EXIT_ONLY_FROZEN_ENTRIES,C1_T10
MOMENTUM_CNYRUBF,MOMENTUM_CNYRUBF_000397,MOMENTUM,CNYRUBF,2023-07-20 16:10:00,2023-07-20 16:20:00,2023-07-20 16:20:00,2023-07-20 16:25:00,2023-07-20 14:05:00--2023-07-20 18:50:00,LONG,1,12.63,0.009166666666666666666666666667,12.60545810099132589838909542,12.62,12.6,12.62,12.66,12.63,MODELLED,CONDITIONAL_OPEN_SCENARIO,12.6,12.63,EXIT_ONLY_FROZEN_ENTRIES,C1_T10
MOMENTUM_CNYRUBF,MOMENTUM_CNYRUBF_000401,MOMENTUM,CNYRUBF,2023-07-21 16:00:00,2023-07-21 16:10:00,2023-07-21 16:10:00,2023-07-21 16:15:00,2023-07-21 14:05:00--2023-07-21 18:50:00,LONG,1,12.6,0.008333333333333333333333333333,12.57071976553745366778725972,12.59,12.57,12.59,12.63,12.60,MODELLED,CONDITIONAL_OPEN_SCENARIO,12.57,12.6,EXIT_ONLY_FROZEN_ENTRIES,C1_T10
MOMENTUM_CNYRUBF,MOMENTUM_CNYRUBF_000402,MOMENTUM,CNYRUBF,2023-07-24 11:45:00,2023-07-24 11:55:00,2023-07-24 11:55:00,2023-07-24 12:00:00,2023-07-24 10:00:00--2023-07-24 14:00:00,SHORT,-1,12.54,0.01583333333333333333333333333,12.57005311802825879103367683,12.6,12.55,12.56,12.49,12.54,MODELLED,CONDITIONAL_OPEN_SCENARIO,12.54,12.56,EXIT_ONLY_FROZEN_ENTRIES,C1_T10
MOMENTUM_CNYRUBF,MOMENTUM_CNYRUBF_000407,MOMENTUM,CNYRUBF,2023-07-28 16:05:00,2023-07-28 16:15:00,2023-07-28 16:15:00,2023-07-28 16:20:00,2023-07-28 14:05:00--2023-07-28 18:50:00,LONG,1,12.76,0.015,12.73001101363411947894117201,12.75,12.71,12.74,12.81,12.76,MODELLED,CONDITIONAL_OPEN_SCENARIO,12.72,12.76,EXIT_ONLY_FROZEN_ENTRIES,C1_T10
MOMENTUM_CNYRUBF,MOMENTUM_CNYRUBF_000411,MOMENTUM,CNYRUBF,2023-07-31 12:50:00,2023-07-31 13:00:00,2023-07-31 13:00:00,2023-07-31 13:05:00,2023-07-31 10:00:00--2023-07-31 14:00:00,SHORT,-1,12.77,0.02166666666666666666666666667,12.83373001026995305164319250,12.83,12.78,12.80,12.70,12.77,MODELLED,CONDITIONAL_OPEN_SCENARIO,12.77,12.81,EXIT_ONLY_FROZEN_ENTRIES,C1_T10
MOMENTUM_CNYRUBF,MOMENTUM_CNYRUBF_000415,MOMENTUM,CNYRUBF,2023-08-02 13:05:00,2023-08-02 13:15:00,2023-08-02 13:15:00,2023-08-02 13:20:00,2023-08-02 10:00:00--2023-08-02 14:00:00,LONG,1,13.01,0.02666666666666666666666666667,12.94258510766269698063274390,12.99,12.92,12.97,13.09,13.01,MODELLED,CONDITIONAL_OPEN_SCENARIO,12.93,13.01,EXIT_ONLY_FROZEN_ENTRIES,C1_T10
MOMENTUM_CNYRUBF,MOMENTUM_CNYRUBF_000416,MOMENTUM,CNYRUBF,2023-08-02 15:50:00,2023-08-02 16:00:00,2023-08-02 16:00:00,2023-08-02 16:05:00,2023-08-02 14:05:00--2023-08-02 18:50:00,LONG,1,12.98,0.02,12.96155494807980712644987376,12.97,12.93,12.95,13.04,12.98,MODELLED,CONDITIONAL_OPEN_SCENARIO,12.94,12.99,EXIT_ONLY_FROZEN_ENTRIES,C1_T10
MOMENTUM_CNYRUBF,MOMENTUM_CNYRUBF_000417,MOMENTUM,CNYRUBF,2023-08-02 17:50:00,2023-08-02 18:00:00,2023-08-02 18:00:00,2023-08-02 18:05:00,2023-08-02 14:05:00--2023-08-02 18:50:00,LONG,1,13.08,0.02416666666666666666666666667,12.97835843278065265603548421,13.07,13,13.05,13.16,13.08,MODELLED,CONDITIONAL_OPEN_SCENARIO,13.04,13.08,EXIT_ONLY_FROZEN_ENTRIES,C1_T10
MOMENTUM_CNYRUBF,MOMENTUM_CNYRUBF_000419,MOMENTUM,CNYRUBF,2023-08-03 11:25:00,2023-08-03 11:35:00,2023-08-03 11:35:00,2023-08-03 11:40:00,2023-08-03 10:00:00--2023-08-03 14:00:00,SHORT,-1,12.98,0.01583333333333333333333333333,13.02676750509857239972807616,13.05,12.99,13.00,12.93,12.98,MODELLED,CONDITIONAL_OPEN_SCENARIO,12.98,13.01,EXIT_ONLY_FROZEN_ENTRIES,C1_T10
MOMENTUM_CNYRUBF,MOMENTUM_CNYRUBF_000425,MOMENTUM,CNYRUBF,2023-08-03 15:45:00,2023-08-03 15:55:00,2023-08-03 15:55:00,2023-08-03 16:00:00,2023-08-03 14:05:00--2023-08-03 18:50:00,SHORT,-1,13.06,0.025,13.11492872932388139339888712,13.18,13.09,13.09,12.98,13.06,MODELLED,CONDITIONAL_OPEN_SCENARIO,13.04,13.16,EXIT_ONLY_FROZEN_ENTRIES,C1_T10
MOMENTUM_CNYRUBF,MOMENTUM_CNYRUBF_000432,MOMENTUM,CNYRUBF,2023-08-04 17:45:00,2023-08-04 17:55:00,2023-08-04 17:55:00,2023-08-04 18:00:00,2023-08-04 14:05:00--2023-08-04 18:50:00,LONG,1,13.36,0.0225,13.25613525030019020901739509,13.35,13.28,13.33,13.43,13.36,MODELLED,CONDITIONAL_OPEN_SCENARIO,13.31,13.36,EXIT_ONLY_FROZEN_ENTRIES,C1_T10
MOMENTUM_CNYRUBF,MOMENTUM_CNYRUBF_000442,MOMENTUM,CNYRUBF,2023-08-08 11:05:00,2023-08-08 11:15:00,2023-08-08 11:15:00,2023-08-08 11:20:00,2023-08-08 10:00:00--2023-08-08 14:00:00,SHORT,-1,13.26,0.02333333333333333333333333333,13.29991695906432748538011696,13.33,13.27,13.29,13.19,13.26,MODELLED,CONDITIONAL_OPEN_SCENARIO,13.25,13.3,EXIT_ONLY_FROZEN_ENTRIES,C1_T10
MOMENTUM_CNYRUBF,MOMENTUM_CNYRUBF_000444,MOMENTUM,CNYRUBF,2023-08-08 15:15:00,2023-08-08 15:25:00,2023-08-08 15:25:00,2023-08-08 15:30:00,2023-08-08 14:05:00--2023-08-08 18:50:00,LONG,1,13.35,0.02083333333333333333333333333,13.29030076968620485494375369,13.32,13.27,13.32,13.42,13.35,MODELLED,CONDITIONAL_OPEN_SCENARIO,13.29,13.35,EXIT_ONLY_FROZEN_ENTRIES,C1_T10
MOMENTUM_CNYRUBF,MOMENTUM_CNYRUBF_000445,MOMENTUM,CNYRUBF,2023-08-08 15:45:00,2023-08-08 15:55:00,2023-08-08 15:55:00,2023-08-08 16:00:00,2023-08-08 14:05:00--2023-08-08 18:50:00,LONG,1,13.37,0.02333333333333333333333333333,13.31527680279309896558768362,13.36,13.28,13.34,13.44,13.37,MODELLED,CONDITIONAL_OPEN_SCENARIO,13.33,13.38,EXIT_ONLY_FROZEN_ENTRIES,C1_T10
MOMENTUM_CNYRUBF,MOMENTUM_CNYRUBF_000452,MOMENTUM,CNYRUBF,2023-08-09 17:30:00,2023-08-09 17:40:00,2023-08-09 17:40:00,2023-08-09 17:45:00,2023-08-09 14:05:00--2023-08-09 18:50:00,SHORT,-1,13.49,0.01833333333333333333333333333,13.53076956198960653303637714,13.58,13.5,13.51,13.43,13.49,MODELLED,CONDITIONAL_OPEN_SCENARIO,13.48,13.53,EXIT_ONLY_FROZEN_ENTRIES,C1_T10
MOMENTUM_CNYRUBF,MOMENTUM_CNYRUBF_000456,MOMENTUM,CNYRUBF,2023-08-10 13:10:00,2023-08-10 13:20:00,2023-08-10 13:20:00,2023-08-10 13:25:00,2023-08-10 10:00:00--2023-08-10 14:00:00,SHORT,-1,13.48,0.0175,13.50131577925356324517456988,13.55,13.49,13.50,13.42,13.48,MODELLED,CONDITIONAL_OPEN_SCENARIO,13.48,13.51,EXIT_ONLY_FROZEN_ENTRIES,C1_T10
MOMENTUM_CNYRUBF,MOMENTUM_CNYRUBF_000460,MOMENTUM,CNYRUBF,2023-08-10 15:25:00,2023-08-10 15:35:00,2023-08-10 15:35:00,2023-08-10 15:40:00,2023-08-10 14:05:00--2023-08-10 18:50:00,SHORT,-1,13.4,0.01583333333333333333333333333,13.42692120635424100652869188,13.5,13.42,13.42,13.35,13.40,MODELLED,CONDITIONAL_OPEN_SCENARIO,13.39,13.45,EXIT_ONLY_FROZEN_ENTRIES,C1_T10
MOMENTUM_CNYRUBF,MOMENTUM_CNYRUBF_000465,MOMENTUM,CNYRUBF,2023-08-11 16:25:00,2023-08-11 16:35:00,2023-08-11 16:35:00,2023-08-11 16:40:00,2023-08-11 14:05:00--2023-08-11 18:50:00,LONG,1,13.66,0.02166666666666666666666666667,13.60710320240949044194480301,13.65,13.57,13.63,13.73,13.66,MODELLED,CONDITIONAL_OPEN_SCENARIO,13.63,13.66,EXIT_ONLY_FROZEN_ENTRIES,C1_T10
MOMENTUM_CNYRUBF,MOMENTUM_CNYRUBF_000472,MOMENTUM,CNYRUBF,2023-08-14 17:30:00,2023-08-14 17:40:00,2023-08-14 17:40:00,2023-08-14 17:45:00,2023-08-14 14:05:00--2023-08-14 18:50:00,SHORT,-1,13.53,0.04833333333333333333333333333,13.78231743144430729696759710,13.93,13.61,13.60,13.38,13.52,MODELLED,CONDITIONAL_OPEN_SCENARIO,13.53,13.69,EXIT_ONLY_FROZEN_ENTRIES,C1_T10
MOMENTUM_CNYRUBF,MOMENTUM_CNYRUBF_000476,MOMENTUM,CNYRUBF,2023-08-15 15:25:00,2023-08-15 15:35:00,2023-08-15 15:35:00,2023-08-15 15:40:00,2023-08-15 14:05:00--2023-08-15 18:50:00,SHORT,-1,13.44,0.03166666666666666666666666667,13.49022788042661859696560012,13.58,13.46,13.48,13.34,13.44,MODELLED,CONDITIONAL_OPEN_SCENARIO,13.44,13.5,EXIT_ONLY_FROZEN_ENTRIES,C1_T10
MOMENTUM_CNYRUBF,MOMENTUM_CNYRUBF_000477,MOMENTUM,CNYRUBF,2023-08-15 17:30:00,2023-08-15 17:40:00,2023-08-15 17:40:00,2023-08-15 17:45:00,2023-08-15 14:05:00--2023-08-15 18:50:00,LONG,1,13.52,0.01916666666666666666666666667,13.48157801517090450490550641,13.49,13.45,13.50,13.58,13.52,MODELLED,CONDITIONAL_OPEN_SCENARIO,13.45,13.53,EXIT_ONLY_FROZEN_ENTRIES,C1_T10
MOMENTUM_CNYRUBF,MOMENTUM_CNYRUBF_000481,MOMENTUM,CNYRUBF,2023-08-16 12:25:00,2023-08-16 12:35:00,2023-08-16 12:35:00,2023-08-16 12:40:00,2023-08-16 10:00:00--2023-08-16 14:00:00,SHORT,-1,13.22,0.01333333333333333333333333333,13.25278333195626428709135476,13.27,13.23,13.24,13.18,13.22,MODELLED,CONDITIONAL_OPEN_SCENARIO,13.21,13.25,EXIT_ONLY_FROZEN_ENTRIES,C1_T10
MOMENTUM_CNYRUBF,MOMENTUM_CNYRUBF_000482,MOMENTUM,CNYRUBF,2023-08-16 13:00:00,2023-08-16 13:10:00,2023-08-16 13:10:00,2023-08-16 13:15:00,2023-08-16 10:00:00--2023-08-16 14:00:00,SHORT,-1,13.19,0.01916666666666666666666666667,13.23872117230378241003595858,13.25,13.2,13.21,13.13,13.19,MODELLED,CONDITIONAL_OPEN_SCENARIO,13.19,13.24,EXIT_ONLY_FROZEN_ENTRIES,C1_T10
MOMENTUM_CNYRUBF,MOMENTUM_CNYRUBF_000484,MOMENTUM,CNYRUBF,2023-08-16 15:25:00,2023-08-16 15:35:00,2023-08-16 15:35:00,2023-08-16 15:40:00,2023-08-16 14:05:00--2023-08-16 18:50:00,SHORT,-1,13.02,0.02916666666666666666666666667,13.08760633164815855046162267,13.15,13.04,13.06,12.93,13.02,MODELLED,CONDITIONAL_OPEN_SCENARIO,13,13.08,EXIT_ONLY_FROZEN_ENTRIES,C1_T10
MOMENTUM_CNYRUBF,MOMENTUM_CNYRUBF_000486,MOMENTUM,CNYRUBF,2023-08-16 17:25:00,2023-08-16 17:35:00,2023-08-16 17:35:00,2023-08-16 17:40:00,2023-08-16 14:05:00--2023-08-16 18:50:00,SHORT,-1,12.9,0.03166666666666666666666666667,13.03948146784486990672557683,13.04,12.96,12.94,12.80,12.90,MODELLED,CONDITIONAL_OPEN_SCENARIO,12.9,13.01,EXIT_ONLY_FROZEN_ENTRIES,C1_T10
MOMENTUM_CNYRUBF,MOMENTUM_CNYRUBF_000493,MOMENTUM,CNYRUBF,2023-08-17 12:50:00,2023-08-17 13:00:00,2023-08-17 13:00:00,2023-08-17 13:05:00,2023-08-17 10:00:00--2023-08-17 14:00:00,SHORT,-1,12.66,0.0275,12.82153561950673191634407031,12.83,12.67,12.70,12.57,12.66,MODELLED,CONDITIONAL_OPEN_SCENARIO,12.66,12.7,EXIT_ONLY_FROZEN_ENTRIES,C1_T10
MOMENTUM_CNYRUBF,MOMENTUM_CNYRUBF_000496,MOMENTUM,CNYRUBF,2023-08-17 16:20:00,2023-08-17 16:30:00,2023-08-17 16:30:00,2023-08-17 16:35:00,2023-08-17 14:05:00--2023-08-17 18:50:00,LONG,1,12.81,0.02833333333333333333333333333,12.77870638805220883534136545,12.8,12.73,12.77,12.90,12.81,MODELLED,CONDITIONAL_OPEN_SCENARIO,12.78,12.81,EXIT_ONLY_FROZEN_ENTRIES,C1_T10
MOMENTUM_CNYRUBF,MOMENTUM_CNYRUBF_000499,MOMENTUM,CNYRUBF,2023-08-18 11:05:00,2023-08-18 11:15:00,2023-08-18 11:15:00,2023-08-18 11:20:00,2023-08-18 10:00:00--2023-08-18 14:00:00,SHORT,-1,12.68,0.0275,12.73444951754786473077040148,12.85,12.69,12.72,12.59,12.68,MODELLED,CONDITIONAL_OPEN_SCENARIO,12.68,12.71,EXIT_ONLY_FROZEN_ENTRIES,C1_T10
MOMENTUM_CNYRUBF,MOMENTUM_CNYRUBF_000503,MOMENTUM,CNYRUBF,2023-08-21 12:05:00,2023-08-21 12:15:00,2023-08-21 12:15:00,2023-08-21 12:20:00,2023-08-21 10:00:00--2023-08-21 14:00:00,SHORT,-1,12.83,0.0275,12.85238534820175762499076878,12.95,12.86,12.87,12.74,12.83,MODELLED,CONDITIONAL_OPEN_SCENARIO,12.82,12.89,EXIT_ONLY_FROZEN_ENTRIES,C1_T10
MOMENTUM_CNYRUBF,MOMENTUM_CNYRUBF_000506,MOMENTUM,CNYRUBF,2023-08-21 16:00:00,2023-08-21 16:10:00,2023-08-21 16:10:00,2023-08-21 16:15:00,2023-08-21 14:05:00--2023-08-21 18:50:00,SHORT,-1,12.86,0.0125,12.89106290543355353210736177,12.91,12.88,12.87,12.82,12.86,MODELLED,CONDITIONAL_OPEN_SCENARIO,12.86,12.9,EXIT_ONLY_FROZEN_ENTRIES,C1_T10
MOMENTUM_CNYRUBF,MOMENTUM_CNYRUBF_000514,MOMENTUM,CNYRUBF,2023-08-22 17:35:00,2023-08-22 17:45:00,2023-08-22 17:45:00,2023-08-22 17:50:00,2023-08-22 14:05:00--2023-08-22 18:50:00,SHORT,-1,12.88,0.0175,12.89163053208445230453483548,12.93,12.89,12.90,12.82,12.88,MODELLED,CONDITIONAL_OPEN_SCENARIO,12.88,12.91,EXIT_ONLY_FROZEN_ENTRIES,C1_T10
MOMENTUM_CNYRUBF,MOMENTUM_CNYRUBF_000523,MOMENTUM,CNYRUBF,2023-08-29 15:55:00,2023-08-29 16:05:00,2023-08-29 16:05:00,2023-08-29 16:10:00,2023-08-29 14:05:00--2023-08-29 18:50:00,SHORT,-1,13.13,0.0175,13.15350604174295129989015013,13.18,13.14,13.15,13.07,13.13,MODELLED,CONDITIONAL_OPEN_SCENARIO,13.13,13.16,EXIT_ONLY_FROZEN_ENTRIES,C1_T10
MOMENTUM_CNYRUBF,MOMENTUM_CNYRUBF_000529,MOMENTUM,CNYRUBF,2023-09-01 16:55:00,2023-09-01 17:05:00,2023-09-01 17:05:00,2023-09-01 17:10:00,2023-09-01 14:05:00--2023-09-01 18:50:00,SHORT,-1,13.22,0.01833333333333333333333333333,13.26682924426051827766282391,13.3,13.23,13.24,13.16,13.22,MODELLED,CONDITIONAL_OPEN_SCENARIO,13.22,13.25,EXIT_ONLY_FROZEN_ENTRIES,C1_T10
MOMENTUM_CNYRUBF,MOMENTUM_CNYRUBF_000533,MOMENTUM,CNYRUBF,2023-09-04 16:50:00,2023-09-04 17:00:00,2023-09-04 17:00:00,2023-09-04 17:05:00,2023-09-04 14:05:00--2023-09-04 18:50:00,SHORT,-1,13.29,0.01333333333333333333333333333,13.30799704229517894114167406,13.33,13.3,13.31,13.25,13.29,MODELLED,CONDITIONAL_OPEN_SCENARIO,13.29,13.31,EXIT_ONLY_FROZEN_ENTRIES,C1_T10
MOMENTUM_CNYRUBF,MOMENTUM_CNYRUBF_000536,MOMENTUM,CNYRUBF,2023-09-06 12:00:00,2023-09-06 12:10:00,2023-09-06 12:10:00,2023-09-06 12:15:00,2023-09-06 10:00:00--2023-09-06 14:00:00,LONG,1,13.4,0.01083333333333333333333333333,13.36348383866829375136894145,13.39,13.35,13.39,13.44,13.40,MODELLED,CONDITIONAL_OPEN_SCENARIO,13.36,13.4,EXIT_ONLY_FROZEN_ENTRIES,C1_T10
MOMENTUM_CNYRUBF,MOMENTUM_CNYRUBF_000539,MOMENTUM,CNYRUBF,2023-09-08 11:25:00,2023-09-08 11:35:00,2023-09-08 11:35:00,2023-09-08 11:40:00,2023-09-08 10:00:00--2023-09-08 14:00:00,SHORT,-1,13.29,0.01583333333333333333333333333,13.32286462530217566478646253,13.36,13.3,13.31,13.24,13.29,MODELLED,CONDITIONAL_OPEN_SCENARIO,13.29,13.33,EXIT_ONLY_FROZEN_ENTRIES,C1_T10
MOMENTUM_CNYRUBF,MOMENTUM_CNYRUBF_000544,MOMENTUM,CNYRUBF,2023-09-11 11:30:00,2023-09-11 11:40:00,2023-09-11 11:40:00,2023-09-11 11:45:00,2023-09-11 10:00:00--2023-09-11 14:00:00,SHORT,-1,13.17,0.01916666666666666666666666667,13.22608289506636614074630603,13.27,13.18,13.19,13.11,13.17,MODELLED,CONDITIONAL_OPEN_SCENARIO,13.17,13.24,EXIT_ONLY_FROZEN_ENTRIES,C1_T10
MOMENTUM_CNYRUBF,MOMENTUM_CNYRUBF_000551,MOMENTUM,CNYRUBF,2023-09-11 17:55:00,2023-09-11 18:05:00,2023-09-11 18:05:00,2023-09-11 18:10:00,2023-09-11 14:05:00--2023-09-11 18:50:00,SHORT,-1,13.07,0.01666666666666666666666666667,13.12400372064960530946754486,13.12,13.08,13.09,13.02,13.07,MODELLED,CONDITIONAL_OPEN_SCENARIO,13.07,13.1,EXIT_ONLY_FROZEN_ENTRIES,C1_T10
MOMENTUM_CNYRUBF,MOMENTUM_CNYRUBF_000563,MOMENTUM,CNYRUBF,2023-09-14 12:55:00,2023-09-14 13:05:00,2023-09-14 13:05:00,2023-09-14 13:10:00,2023-09-14 10:00:00--2023-09-14 14:00:00,SHORT,-1,13.19,0.02333333333333333333333333333,13.20451329149870478881824101,13.27,13.2,13.22,13.12,13.19,MODELLED,CONDITIONAL_OPEN_SCENARIO,13.19,13.22,EXIT_ONLY_FROZEN_ENTRIES,C1_T10
MOMENTUM_CNYRUBF,MOMENTUM_CNYRUBF_000566,MOMENTUM,CNYRUBF,2023-09-14 17:00:00,2023-09-14 17:10:00,2023-09-14 17:10:00,2023-09-14 17:15:00,2023-09-14 14:05:00--2023-09-14 18:50:00,LONG,1,13.25,0.02166666666666666666666666667,13.18008101199203037479793993,13.24,13.17,13.22,13.32,13.25,MODELLED,CONDITIONAL_OPEN_SCENARIO,13.18,13.25,EXIT_ONLY_FROZEN_ENTRIES,C1_T10
MOMENTUM_CNYRUBF,MOMENTUM_CNYRUBF_000575,MOMENTUM,CNYRUBF,2023-09-15 15:35:00,2023-09-15 15:45:00,2023-09-15 15:45:00,2023-09-15 15:50:00,2023-09-15 14:05:00--2023-09-15 18:50:00,SHORT,-1,13.28,0.035,13.31958513067749302207561532,13.37,13.29,13.33,13.17,13.28,MODELLED,CONDITIONAL_OPEN_SCENARIO,13.28,13.34,EXIT_ONLY_FROZEN_ENTRIES,C1_T10
MOMENTUM_CNYRUBF,MOMENTUM_CNYRUBF_000576,MOMENTUM,CNYRUBF,2023-09-15 16:45:00,2023-09-15 16:55:00,2023-09-15 16:55:00,2023-09-15 17:00:00,2023-09-15 14:05:00--2023-09-15 18:50:00,LONG,1,13.33,0.02416666666666666666666666667,13.30489011294719857564123963,13.32,13.27,13.30,13.41,13.33,MODELLED,CONDITIONAL_OPEN_SCENARIO,13.29,13.33,EXIT_ONLY_FROZEN_ENTRIES,C1_T10
MOMENTUM_CNYRUBF,MOMENTUM_CNYRUBF_000577,MOMENTUM,CNYRUBF,2023-09-15 17:35:00,2023-09-15 17:45:00,2023-09-15 17:45:00,2023-09-15 17:50:00,2023-09-15 14:05:00--2023-09-15 18:50:00,SHORT,-1,13.27,0.02,13.30475111463474932439920547,13.34,13.28,13.30,13.21,13.27,MODELLED,CONDITIONAL_OPEN_SCENARIO,13.27,13.3,EXIT_ONLY_FROZEN_ENTRIES,C1_T10
MOMENTUM_CNYRUBF,MOMENTUM_CNYRUBF_000580,MOMENTUM,CNYRUBF,2023-09-18 11:45:00,2023-09-18 11:55:00,2023-09-18 11:55:00,2023-09-18 12:00:00,2023-09-18 10:00:00--2023-09-18 14:00:00,SHORT,-1,13.25,0.01583333333333333333333333333,13.28216002995558310091932652,13.29,13.26,13.27,13.20,13.25,MODELLED,CONDITIONAL_OPEN_SCENARIO,13.25,13.27,EXIT_ONLY_FROZEN_ENTRIES,C1_T10
MOMENTUM_CNYRUBF,MOMENTUM_CNYRUBF_000584,MOMENTUM,CNYRUBF,2023-09-18 12:55:00,2023-09-18 13:05:00,2023-09-18 13:05:00,2023-09-18 13:10:00,2023-09-18 10:00:00--2023-09-18 14:00:00,SHORT,-1,13.2,0.01416666666666666666666666667,13.26632268005180122697066803,13.26,13.21,13.22,13.15,13.20,MODELLED,CONDITIONAL_OPEN_SCENARIO,13.19,13.23,EXIT_ONLY_FROZEN_ENTRIES,C1_T10
MOMENTUM_CNYRUBF,MOMENTUM_CNYRUBF_000586,MOMENTUM,CNYRUBF,2023-09-18 16:00:00,2023-09-18 16:10:00,2023-09-18 16:10:00,2023-09-18 16:15:00,2023-09-18 14:05:00--2023-09-18 18:50:00,LONG,1,13.25,0.0125,13.22873409373060211049037865,13.24,13.21,13.24,13.29,13.25,MODELLED,CONDITIONAL_OPEN_SCENARIO,13.23,13.26,EXIT_ONLY_FROZEN_ENTRIES,C1_T10
MOMENTUM_CNYRUBF,MOMENTUM_CNYRUBF_000587,MOMENTUM,CNYRUBF,2023-09-18 17:45:00,2023-09-18 17:55:00,2023-09-18 17:55:00,2023-09-18 18:00:00,2023-09-18 14:05:00--2023-09-18 18:50:00,SHORT,-1,13.21,0.01583333333333333333333333333,13.23666889884785109634437405,13.26,13.22,13.23,13.16,13.21,MODELLED,CONDITIONAL_OPEN_SCENARIO,13.21,13.25,EXIT_ONLY_FROZEN_ENTRIES,C1_T10
MOMENTUM_CNYRUBF,MOMENTUM_CNYRUBF_000593,MOMENTUM,CNYRUBF,2023-09-20 17:30:00,2023-09-20 17:40:00,2023-09-20 17:40:00,2023-09-20 17:45:00,2023-09-20 14:05:00--2023-09-20 18:50:00,SHORT,-1,13.2,0.015,13.22559453241304642035458113,13.24,13.22,13.22,13.15,13.20,MODELLED,CONDITIONAL_OPEN_SCENARIO,13.2,13.23,EXIT_ONLY_FROZEN_ENTRIES,C1_T10
MOMENTUM_CNYRUBF,MOMENTUM_CNYRUBF_000596,MOMENTUM,CNYRUBF,2023-09-21 16:35:00,2023-09-21 16:45:00,2023-09-21 16:45:00,2023-09-21 16:50:00,2023-09-21 14:05:00--2023-09-21 18:50:00,LONG,1,13.13,0.01916666666666666666666666667,13.09466786415194757675548016,13.12,13.08,13.11,13.19,13.13,MODELLED,CONDITIONAL_OPEN_SCENARIO,13.09,13.14,EXIT_ONLY_FROZEN_ENTRIES,C1_T10
MOMENTUM_CNYRUBF,MOMENTUM_CNYRUBF_000600,MOMENTUM,CNYRUBF,2023-09-28 11:05:00,2023-09-28 11:15:00,2023-09-28 11:15:00,2023-09-28 11:20:00,2023-09-28 10:00:00--2023-09-28 14:00:00,LONG,1,13.289,0.00775,13.25575933984084048767101808,13.28,13.225,13.278,13.313,13.290,MODELLED,CONDITIONAL_OPEN_SCENARIO,13.272,13.29,EXIT_ONLY_FROZEN_ENTRIES,C1_T10
MOMENTUM_CNYRUBF,MOMENTUM_CNYRUBF_000616,MOMENTUM,CNYRUBF,2023-09-29 11:30:00,2023-09-29 11:40:00,2023-09-29 11:40:00,2023-09-29 11:45:00,2023-09-29 10:00:00--2023-09-29 14:00:00,LONG,1,13.349,0.00725,13.33032291412512086462258610,13.344,13.325,13.339,13.371,13.350,MODELLED,CONDITIONAL_OPEN_SCENARIO,13.335,13.349,EXIT_ONLY_FROZEN_ENTRIES,C1_T10
MOMENTUM_CNYRUBF,MOMENTUM_CNYRUBF_000626,MOMENTUM,CNYRUBF,2023-09-29 15:50:00,2023-09-29 16:00:00,2023-09-29 16:00:00,2023-09-29 16:05:00,2023-09-29 14:05:00--2023-09-29 18:50:00,LONG,1,13.429,0.01266666666666666666666666667,13.41457412034636116480442537,13.428,13.398,13.410,13.467,13.432,MODELLED,CONDITIONAL_OPEN_SCENARIO,13.407,13.429,EXIT_ONLY_FROZEN_ENTRIES,C1_T10
MOMENTUM_CNYRUBF,MOMENTUM_CNYRUBF_000636,MOMENTUM,CNYRUBF,2023-10-02 17:00:00,2023-10-02 17:10:00,2023-10-02 17:10:00,2023-10-02 17:15:00,2023-10-02 14:05:00--2023-10-02 18:50:00,SHORT,-1,13.526,0.01141666666666666666666666667,13.55558423298684967425184948,13.566,13.539,13.543,13.491,13.524,MODELLED,CONDITIONAL_OPEN_SCENARIO,13.522,13.561,EXIT_ONLY_FROZEN_ENTRIES,C1_T10
MOMENTUM_CNYRUBF,MOMENTUM_CNYRUBF_000638,MOMENTUM,CNYRUBF,2023-10-02 17:55:00,2023-10-02 18:05:00,2023-10-02 18:05:00,2023-10-02 18:10:00,2023-10-02 14:05:00--2023-10-02 18:50:00,LONG,1,13.58,0.01408333333333333333333333333,13.55216167094734526183882647,13.565,13.514,13.559,13.623,13.583,MODELLED,CONDITIONAL_OPEN_SCENARIO,13.552,13.588,EXIT_ONLY_FROZEN_ENTRIES,C1_T10
MOMENTUM_CNYRUBF,MOMENTUM_CNYRUBF_000640,MOMENTUM,CNYRUBF,2023-10-03 11:25:00,2023-10-03 11:35:00,2023-10-03 11:35:00,2023-10-03 11:40:00,2023-10-03 10:00:00--2023-10-03 14:00:00,SHORT,-1,13.551,0.01241666666666666666666666667,13.58136842917196960931775233,13.597,13.557,13.569,13.513,13.548,MODELLED,CONDITIONAL_OPEN_SCENARIO,13.551,13.581,EXIT_ONLY_FROZEN_ENTRIES,C1_T10
MOMENTUM_CNYRUBF,MOMENTUM_CNYRUBF_000646,MOMENTUM,CNYRUBF,2023-10-03 16:45:00,2023-10-03 16:55:00,2023-10-03 16:55:00,2023-10-03 17:00:00,2023-10-03 14:05:00--2023-10-03 18:50:00,SHORT,-1,13.53,0.01091666666666666666666666667,13.54233064724417583552869466,13.565,13.532,13.546,13.497,13.528,MODELLED,CONDITIONAL_OPEN_SCENARIO,13.53,13.539,EXIT_ONLY_FROZEN_ENTRIES,C1_T10
MOMENTUM_CNYRUBF,MOMENTUM_CNYRUBF_000647,MOMENTUM,CNYRUBF,2023-10-03 17:25:00,2023-10-03 17:35:00,2023-10-03 17:35:00,2023-10-03 17:40:00,2023-10-03 14:05:00--2023-10-03 18:50:00,LONG,1,13.56,0.008,13.54193704581815378091327897,13.557,13.53,13.548,13.584,13.562,MODELLED,CONDITIONAL_OPEN_SCENARIO,13.537,13.56,EXIT_ONLY_FROZEN_ENTRIES,C1_T10
MOMENTUM_CNYRUBF,MOMENTUM_CNYRUBF_000652,MOMENTUM,CNYRUBF,2023-10-04 11:45:00,2023-10-04 11:55:00,2023-10-04 11:55:00,2023-10-04 12:00:00,2023-10-04 10:00:00--2023-10-04 14:00:00,LONG,1,13.586,0.01116666666666666666666666667,13.56604535107686919978987919,13.581,13.538,13.570,13.620,13.588,MODELLED,CONDITIONAL_OPEN_SCENARIO,13.558,13.587,EXIT_ONLY_FROZEN_ENTRIES,C1_T10
MOMENTUM_CNYRUBF,MOMENTUM_CNYRUBF_000654,MOMENTUM,CNYRUBF,2023-10-04 16:10:00,2023-10-04 16:20:00,2023-10-04 16:20:00,2023-10-04 16:25:00,2023-10-04 14:05:00--2023-10-04 18:50:00,SHORT,-1,13.588,0.01091666666666666666666666667,13.60502951272293112454294456,13.614,13.593,13.604,13.555,13.586,MODELLED,CONDITIONAL_OPEN_SCENARIO,13.584,13.605,EXIT_ONLY_FROZEN_ENTRIES,C1_T10
MOMENTUM_CNYRUBF,MOMENTUM_CNYRUBF_000655,MOMENTUM,CNYRUBF,2023-10-04 16:35:00,2023-10-04 16:45:00,2023-10-04 16:45:00,2023-10-04 16:50:00,2023-10-04 14:05:00--2023-10-04 18:50:00,LONG,1,13.618,0.01041666666666666666666666667,13.60505450698169144771086519,13.615,13.584,13.603,13.650,13.620,MODELLED,CONDITIONAL_OPEN_SCENARIO,13.601,13.618,EXIT_ONLY_FROZEN_ENTRIES,C1_T10
MOMENTUM_CNYRUBF,MOMENTUM_CNYRUBF_000671,MOMENTUM,CNYRUBF,2023-10-06 11:05:00,2023-10-06 11:15:00,2023-10-06 11:15:00,2023-10-06 11:20:00,2023-10-06 10:00:00--2023-10-06 14:00:00,SHORT,-1,13.778,0.01808333333333333333333333333,13.81889830471446672783676323,13.862,13.796,13.805,13.723,13.774,MODELLED,CONDITIONAL_OPEN_SCENARIO,13.771,13.837,EXIT_ONLY_FROZEN_ENTRIES,C1_T10
MOMENTUM_CNYRUBF,MOMENTUM_CNYRUBF_000672,MOMENTUM,CNYRUBF,2023-10-06 11:30:00,2023-10-06 11:40:00,2023-10-06 11:40:00,2023-10-06 11:45:00,2023-10-06 10:00:00--2023-10-06 14:00:00,SHORT,-1,13.706,0.01925,13.79731499232858972734822572,13.862,13.76,13.734,13.648,13.702,MODELLED,CONDITIONAL_OPEN_SCENARIO,13.694,13.78,EXIT_ONLY_FROZEN_ENTRIES,C1_T10
MOMENTUM_CNYRUBF,MOMENTUM_CNYRUBF_000673,MOMENTUM,CNYRUBF,2023-10-06 12:00:00,2023-10-06 12:10:00,2023-10-06 12:10:00,2023-10-06 12:15:00,2023-10-06 10:00:00--2023-10-06 14:00:00,SHORT,-1,13.682,0.02658333333333333333333333333,13.76908042824278888692266855,13.815,13.694,13.721,13.602,13.676,MODELLED,CONDITIONAL_OPEN_SCENARIO,13.679,13.732,EXIT_ONLY_FROZEN_ENTRIES,C1_T10
MOMENTUM_CNYRUBF,MOMENTUM_CNYRUBF_000677,MOMENTUM,CNYRUBF,2023-10-06 16:15:00,2023-10-06 16:25:00,2023-10-06 16:25:00,2023-10-06 16:30:00,2023-10-06 14:05:00--2023-10-06 18:50:00,LONG,1,13.719,0.02233333333333333333333333333,13.69832574099860751939526557,13.71,13.638,13.686,13.786,13.724,MODELLED,CONDITIONAL_OPEN_SCENARIO,13.681,13.73,EXIT_ONLY_FROZEN_ENTRIES,C1_T10
MOMENTUM_CNYRUBF,MOMENTUM_CNYRUBF_000685,MOMENTUM,CNYRUBF,2023-10-09 15:30:00,2023-10-09 15:40:00,2023-10-09 15:40:00,2023-10-09 15:45:00,2023-10-09 14:05:00--2023-10-09 18:50:00,SHORT,-1,13.972,0.01925,13.99778310640678914482887252,14.032,13.994,14.000,13.914,13.968,MODELLED,CONDITIONAL_OPEN_SCENARIO,13.972,14.011,EXIT_ONLY_FROZEN_ENTRIES,C1_T10
MOMENTUM_CNYRUBF,MOMENTUM_CNYRUBF_000690,MOMENTUM,CNYRUBF,2023-10-09 17:10:00,2023-10-09 17:20:00,2023-10-09 17:20:00,2023-10-09 17:25:00,2023-10-09 14:05:00--2023-10-09 18:50:00,SHORT,-1,13.746,0.04291666666666666666666666667,13.90667738209050350541746335,13.953,13.751,13.810,13.617,13.736,MODELLED,CONDITIONAL_OPEN_SCENARIO,13.741,13.82,EXIT_ONLY_FROZEN_ENTRIES,C1_T10
MOMENTUM_CNYRUBF,MOMENTUM_CNYRUBF_000693,MOMENTUM,CNYRUBF,2023-10-09 17:50:00,2023-10-09 18:00:00,2023-10-09 18:00:00,2023-10-09 18:05:00,2023-10-09 14:05:00--2023-10-09 18:50:00,SHORT,-1,13.616,0.03441666666666666666666666667,13.87479487436157528517786913,13.86,13.667,13.667,13.512,13.608,MODELLED,CONDITIONAL_OPEN_SCENARIO,13.612,13.763,EXIT_ONLY_FROZEN_ENTRIES,C1_T10
MOMENTUM_CNYRUBF,MOMENTUM_CNYRUBF_000696,MOMENTUM,CNYRUBF,2023-10-10 11:40:00,2023-10-10 11:50:00,2023-10-10 11:50:00,2023-10-10 11:55:00,2023-10-10 10:00:00--2023-10-10 14:00:00,SHORT,-1,13.677,0.02991666666666666666666666667,13.73927489282281207681674981,13.801,13.688,13.721,13.587,13.670,MODELLED,CONDITIONAL_OPEN_SCENARIO,13.676,13.721,EXIT_ONLY_FROZEN_ENTRIES,C1_T10
MOMENTUM_CNYRUBF,MOMENTUM_CNYRUBF_000700,MOMENTUM,CNYRUBF,2023-10-10 16:55:00,2023-10-10 17:05:00,2023-10-10 17:05:00,2023-10-10 17:10:00,2023-10-10 14:05:00--2023-10-10 18:50:00,LONG,1,13.71,0.014,13.67223594380382843572062147,13.694,13.667,13.689,13.752,13.713,MODELLED,CONDITIONAL_OPEN_SCENARIO,13.672,13.716,EXIT_ONLY_FROZEN_ENTRIES,C1_T10
MOMENTUM_CNYRUBF,MOMENTUM_CNYRUBF_000702,MOMENTUM,CNYRUBF,2023-10-10 17:35:00,2023-10-10 17:45:00,2023-10-10 17:45:00,2023-10-10 17:50:00,2023-10-10 14:05:00--2023-10-10 18:50:00,LONG,1,13.76,0.01766666666666666666666666667,13.68621829869113822341572748,13.75,13.672,13.734,13.813,13.764,MODELLED,CONDITIONAL_OPEN_SCENARIO,13.722,13.764,EXIT_ONLY_FROZEN_ENTRIES,C1_T10
MOMENTUM_CNYRUBF,MOMENTUM_CNYRUBF_000709,MOMENTUM,CNYRUBF,2023-10-11 15:10:00,2023-10-11 15:20:00,2023-10-11 15:20:00,2023-10-11 15:25:00,2023-10-11 14:05:00--2023-10-11 18:50:00,LONG,1,13.723,0.009666666666666666666666666667,13.70078018988547022497891673,13.717,13.671,13.709,13.752,13.725,MODELLED,CONDITIONAL_OPEN_SCENARIO,13.704,13.725,EXIT_ONLY_FROZEN_ENTRIES,C1_T10
MOMENTUM_CNYRUBF,MOMENTUM_CNYRUBF_000711,MOMENTUM,CNYRUBF,2023-10-11 15:45:00,2023-10-11 15:55:00,2023-10-11 15:55:00,2023-10-11 16:00:00,2023-10-11 14:05:00--2023-10-11 18:50:00,LONG,1,13.745,0.009666666666666666666666666667,13.71171165147837767703133825,13.73,13.697,13.731,13.774,13.747,MODELLED,CONDITIONAL_OPEN_SCENARIO,13.707,13.745,EXIT_ONLY_FROZEN_ENTRIES,C1_T10
MOMENTUM_CNYRUBF,MOMENTUM_CNYRUBF_000714,MOMENTUM,CNYRUBF,2023-10-12 12:25:00,2023-10-12 12:35:00,2023-10-12 12:35:00,2023-10-12 12:40:00,2023-10-12 10:00:00--2023-10-12 14:00:00,SHORT,-1,13.285,0.01125,13.29154791686660908325069047,13.315,13.292,13.301,13.251,13.283,MODELLED,CONDITIONAL_OPEN_SCENARIO,13.284,13.314,EXIT_ONLY_FROZEN_ENTRIES,C1_T10
MOMENTUM_CNYRUBF,MOMENTUM_CNYRUBF_000719,MOMENTUM,CNYRUBF,2023-10-12 15:45:00,2023-10-12 15:55:00,2023-10-12 15:55:00,2023-10-12 16:00:00,2023-10-12 14:05:00--2023-10-12 18:50:00,LONG,1,13.353,0.01225,13.31972630800517655758920317,13.35,13.292,13.335,13.390,13.356,MODELLED,CONDITIONAL_OPEN_SCENARIO,13.333,13.354,EXIT_ONLY_FROZEN_ENTRIES,C1_T10
MOMENTUM_CNYRUBF,MOMENTUM_CNYRUBF_000721,MOMENTUM,CNYRUBF,2023-10-12 16:20:00,2023-10-12 16:30:00,2023-10-12 16:30:00,2023-10-12 16:35:00,2023-10-12 14:05:00--2023-10-12 18:50:00,SHORT,-1,13.302,0.0145,13.32343718764407561088059013,13.36,13.307,13.323,13.258,13.299,MODELLED,CONDITIONAL_OPEN_SCENARIO,13.301,13.337,EXIT_ONLY_FROZEN_ENTRIES,C1_T10
MOMENTUM_CNYRUBF,MOMENTUM_CNYRUBF_000722,MOMENTUM,CNYRUBF,2023-10-12 17:55:00,2023-10-12 18:05:00,2023-10-12 18:05:00,2023-10-12 18:10:00,2023-10-12 14:05:00--2023-10-12 18:50:00,LONG,1,13.34,0.01141666666666666666666666667,13.32082948143724494874091768,13.326,13.297,13.323,13.375,13.342,MODELLED,CONDITIONAL_OPEN_SCENARIO,13.307,13.34,EXIT_ONLY_FROZEN_ENTRIES,C1_T10
MOMENTUM_CNYRUBF,MOMENTUM_CNYRUBF_000734,MOMENTUM,CNYRUBF,2023-10-13 16:00:00,2023-10-13 16:10:00,2023-10-13 16:10:00,2023-10-13 16:15:00,2023-10-13 14:05:00--2023-10-13 18:50:00,LONG,1,13.324,0.010,13.30764179850541101197170778,13.32,13.287,13.309,13.354,13.326,MODELLED,CONDITIONAL_OPEN_SCENARIO,13.301,13.324,EXIT_ONLY_FROZEN_ENTRIES,C1_T10
MOMENTUM_CNYRUBF,MOMENTUM_CNYRUBF_000735,MOMENTUM,CNYRUBF,2023-10-13 17:30:00,2023-10-13 17:40:00,2023-10-13 17:40:00,2023-10-13 17:45:00,2023-10-13 14:05:00--2023-10-13 18:50:00,LONG,1,13.317,0.01608333333333333333333333333,13.30484318780474135515328140,13.316,13.271,13.293,13.366,13.321,MODELLED,CONDITIONAL_OPEN_SCENARIO,13.308,13.317,EXIT_ONLY_FROZEN_ENTRIES,C1_T10
MOMENTUM_CNYRUBF,MOMENTUM_CNYRUBF_000736,MOMENTUM,CNYRUBF,2023-10-16 11:35:00,2023-10-16 11:45:00,2023-10-16 11:45:00,2023-10-16 11:50:00,2023-10-16 10:00:00--2023-10-16 14:00:00,SHORT,-1,13.292,0.006666666666666666666666666667,13.30832715296413759453525250,13.325,13.295,13.302,13.272,13.291,MODELLED,CONDITIONAL_OPEN_SCENARIO,13.292,13.312,EXIT_ONLY_FROZEN_ENTRIES,C1_T10
MOMENTUM_CNYRUBF,MOMENTUM_CNYRUBF_000737,MOMENTUM,CNYRUBF,2023-10-16 16:40:00,2023-10-16 16:50:00,2023-10-16 16:50:00,2023-10-16 16:55:00,2023-10-16 14:05:00--2023-10-16 18:50:00,SHORT,-1,13.273,0.008333333333333333333333333333,13.27172840369431576493896221,13.298,13.276,13.285,13.248,13.271,MODELLED,CONDITIONAL_OPEN_SCENARIO,13.273,13.291,EXIT_ONLY_FROZEN_ENTRIES,C1_T10
MOMENTUM_CNYRUBF,MOMENTUM_CNYRUBF_000743,MOMENTUM,CNYRUBF,2023-10-17 11:10:00,2023-10-17 11:20:00,2023-10-17 11:20:00,2023-10-17 11:25:00,2023-10-17 10:00:00--2023-10-17 14:00:00,LONG,1,13.308,0.005583333333333333333333333333,13.29696050096339113680154143,13.305,13.286,13.300,13.325,13.309,MODELLED,CONDITIONAL_OPEN_SCENARIO,13.3,13.308,EXIT_ONLY_FROZEN_ENTRIES,C1_T10
MOMENTUM_CNYRUBF,MOMENTUM_CNYRUBF_000746,MOMENTUM,CNYRUBF,2023-10-17 15:55:00,2023-10-17 16:05:00,2023-10-17 16:05:00,2023-10-17 16:10:00,2023-10-17 14:05:00--2023-10-17 18:50:00,LONG,1,13.297,0.003833333333333333333333333333,13.28753373519458544839255499,13.292,13.28,13.292,13.309,13.297,MODELLED,CONDITIONAL_OPEN_SCENARIO,13.288,13.297,EXIT_ONLY_FROZEN_ENTRIES,C1_T10
MOMENTUM_CNYRUBF,MOMENTUM_CNYRUBF_000747,MOMENTUM,CNYRUBF,2023-10-17 16:20:00,2023-10-17 16:30:00,2023-10-17 16:30:00,2023-10-17 16:35:00,2023-10-17 14:05:00--2023-10-17 18:50:00,LONG,1,13.306,0.003583333333333333333333333333,13.28935611227701993704092340,13.299,13.285,13.301,13.317,13.306,MODELLED,CONDITIONAL_OPEN_SCENARIO,13.292,13.308,EXIT_ONLY_FROZEN_ENTRIES,C1_T10
MOMENTUM_CNYRUBF,MOMENTUM_CNYRUBF_000754,MOMENTUM,CNYRUBF,2023-10-18 11:05:00,2023-10-18 11:15:00,2023-10-18 11:15:00,2023-10-18 11:20:00,2023-10-18 10:00:00--2023-10-18 14:00:00,SHORT,-1,13.318,0.007333333333333333333333333333,13.33684827659687816312396782,13.355,13.321,13.329,13.296,13.317,MODELLED,CONDITIONAL_OPEN_SCENARIO,13.318,13.331,EXIT_ONLY_FROZEN_ENTRIES,C1_T10
MOMENTUM_CNYRUBF,MOMENTUM_CNYRUBF_000757,MOMENTUM,CNYRUBF,2023-10-18 12:20:00,2023-10-18 12:30:00,2023-10-18 12:30:00,2023-10-18 12:35:00,2023-10-18 10:00:00--2023-10-18 14:00:00,SHORT,-1,13.28,0.011,13.30991202725500794391757981,13.329,13.281,13.296,13.247,13.278,MODELLED,CONDITIONAL_OPEN_SCENARIO,13.276,13.293,EXIT_ONLY_FROZEN_ENTRIES,C1_T10
MOMENTUM_CNYRUBF,MOMENTUM_CNYRUBF_000763,MOMENTUM,CNYRUBF,2023-10-18 16:05:00,2023-10-18 16:15:00,2023-10-18 16:15:00,2023-10-18 16:20:00,2023-10-18 14:05:00--2023-10-18 18:50:00,LONG,1,13.286,0.00575,13.26682563898821348165805853,13.284,13.257,13.278,13.304,13.287,MODELLED,CONDITIONAL_OPEN_SCENARIO,13.27,13.286,EXIT_ONLY_FROZEN_ENTRIES,C1_T10
MOMENTUM_CNYRUBF,MOMENTUM_CNYRUBF_000770,MOMENTUM,CNYRUBF,2023-10-19 11:25:00,2023-10-19 11:35:00,2023-10-19 11:35:00,2023-10-19 11:40:00,2023-10-19 10:00:00--2023-10-19 14:00:00,SHORT,-1,13.266,0.005583333333333333333333333333,13.28840031369815266643429766,13.302,13.267,13.274,13.249,13.265,MODELLED,CONDITIONAL_OPEN_SCENARIO,13.262,13.281,EXIT_ONLY_FROZEN_ENTRIES,C1_T10
MOMENTUM_CNYRUBF,MOMENTUM_CNYRUBF_000774,MOMENTUM,CNYRUBF,2023-10-19 15:35:00,2023-10-19 15:45:00,2023-10-19 15:45:00,2023-10-19 15:50:00,2023-10-19 14:05:00--2023-10-19 18:50:00,LONG,1,13.244,0.006916666666666666666666666667,13.23382242732397479827567150,13.24,13.22,13.234,13.265,13.245,MODELLED,CONDITIONAL_OPEN_SCENARIO,13.232,13.244,EXIT_ONLY_FROZEN_ENTRIES,C1_T10
MOMENTUM_CNYRUBF,MOMENTUM_CNYRUBF_000777,MOMENTUM,CNYRUBF,2023-10-19 17:05:00,2023-10-19 17:15:00,2023-10-19 17:15:00,2023-10-19 17:20:00,2023-10-19 14:05:00--2023-10-19 18:50:00,SHORT,-1,13.198,0.006416666666666666666666666667,13.23036728908832115027381729,13.25,13.22,13.207,13.178,13.197,MODELLED,CONDITIONAL_OPEN_SCENARIO,13.194,13.232,EXIT_ONLY_FROZEN_ENTRIES,C1_T10
MOMENTUM_CNYRUBF,MOMENTUM_CNYRUBF_000783,MOMENTUM,CNYRUBF,2023-10-20 15:30:00,2023-10-20 15:40:00,2023-10-20 15:40:00,2023-10-20 15:45:00,2023-10-20 14:05:00--2023-10-20 18:50:00,LONG,1,13.051,0.008166666666666666666666666667,13.02899041988782780051538578,13.042,13.012,13.039,13.076,13.053,MODELLED,CONDITIONAL_OPEN_SCENARIO,13.022,13.058,EXIT_ONLY_FROZEN_ENTRIES,C1_T10
MOMENTUM_CNYRUBF,MOMENTUM_CNYRUBF_000785,MOMENTUM,CNYRUBF,2023-10-20 17:20:00,2023-10-20 17:30:00,2023-10-20 17:30:00,2023-10-20 17:35:00,2023-10-20 14:05:00--2023-10-20 18:50:00,SHORT,-1,13.045,0.006666666666666666666666666667,13.03810172737143421182509131,13.062,13.046,13.055,13.025,13.044,MODELLED,CONDITIONAL_OPEN_SCENARIO,13.045,13.055,EXIT_ONLY_FROZEN_ENTRIES,C1_T10
MOMENTUM_CNYRUBF,MOMENTUM_CNYRUBF_000788,MOMENTUM,CNYRUBF,2023-10-23 11:25:00,2023-10-23 11:35:00,2023-10-23 11:35:00,2023-10-23 11:40:00,2023-10-23 10:00:00--2023-10-23 14:00:00,SHORT,-1,12.958,0.01433333333333333333333333333,12.98566583134260777241713117,13.012,12.965,12.979,12.915,12.955,MODELLED,CONDITIONAL_OPEN_SCENARIO,12.955,12.975,EXIT_ONLY_FROZEN_ENTRIES,C1_T10
MOMENTUM_CNYRUBF,MOMENTUM_CNYRUBF_000791,MOMENTUM,CNYRUBF,2023-10-23 11:55:00,2023-10-23 12:05:00,2023-10-23 12:05:00,2023-10-23 12:10:00,2023-10-23 10:00:00--2023-10-23 14:00:00,SHORT,-1,12.894,0.01116666666666666666666666667,12.97790958788351534061362455,13.001,12.923,12.910,12.860,12.892,MODELLED,CONDITIONAL_OPEN_SCENARIO,12.894,12.955,EXIT_ONLY_FROZEN_ENTRIES,C1_T10
MOMENTUM_CNYRUBF,MOMENTUM_CNYRUBF_000794,MOMENTUM,CNYRUBF,2023-10-23 15:20:00,2023-10-23 15:30:00,2023-10-23 15:30:00,2023-10-23 15:35:00,2023-10-23 14:05:00--2023-10-23 18:50:00,LONG,1,12.939,0.009916666666666666666666666667,12.89918646094964717139098194,12.911,12.88,12.925,12.969,12.941,MODELLED,CONDITIONAL_OPEN_SCENARIO,12.887,12.945,EXIT_ONLY_FROZEN_ENTRIES,C1_T10
MOMENTUM_CNYRUBF,MOMENTUM_CNYRUBF_000795,MOMENTUM,CNYRUBF,2023-10-23 16:30:00,2023-10-23 16:40:00,2023-10-23 16:40:00,2023-10-23 16:45:00,2023-10-23 14:05:00--2023-10-23 18:50:00,SHORT,-1,12.888,0.011,12.90959253288078065337293170,12.946,12.894,12.904,12.855,12.886,MODELLED,CONDITIONAL_OPEN_SCENARIO,12.885,12.91,EXIT_ONLY_FROZEN_ENTRIES,C1_T10
MOMENTUM_CNYRUBF,MOMENTUM_CNYRUBF_000799,MOMENTUM,CNYRUBF,2023-10-24 12:05:00,2023-10-24 12:15:00,2023-10-24 12:15:00,2023-10-24 12:20:00,2023-10-24 10:00:00--2023-10-24 14:00:00,LONG,1,12.785,0.01266666666666666666666666667,12.77336670892415563276676997,12.782,12.736,12.766,12.823,12.788,MODELLED,CONDITIONAL_OPEN_SCENARIO,12.766,12.785,EXIT_ONLY_FROZEN_ENTRIES,C1_T10
MOMENTUM_CNYRUBF,MOMENTUM_CNYRUBF_000802,MOMENTUM,CNYRUBF,2023-10-24 16:25:00,2023-10-24 16:35:00,2023-10-24 16:35:00,2023-10-24 16:40:00,2023-10-24 14:05:00--2023-10-24 18:50:00,SHORT,-1,12.76,0.00775,12.77228469369025936436669632,12.788,12.761,12.771,12.736,12.759,MODELLED,CONDITIONAL_OPEN_SCENARIO,12.758,12.768,EXIT_ONLY_FROZEN_ENTRIES,C1_T10
MOMENTUM_CNYRUBF,MOMENTUM_CNYRUBF_000803,MOMENTUM,CNYRUBF,2023-10-24 17:20:00,2023-10-24 17:30:00,2023-10-24 17:30:00,2023-10-24 17:35:00,2023-10-24 14:05:00--2023-10-24 18:50:00,SHORT,-1,12.749,0.006166666666666666666666666667,12.77019984788671181775379378,12.773,12.755,12.758,12.730,12.748,MODELLED,CONDITIONAL_OPEN_SCENARIO,12.749,12.76,EXIT_ONLY_FROZEN_ENTRIES,C1_T10
MOMENTUM_CNYRUBF,MOMENTUM_CNYRUBF_000813,MOMENTUM,CNYRUBF,2023-10-25 15:10:00,2023-10-25 15:20:00,2023-10-25 15:20:00,2023-10-25 15:25:00,2023-10-25 14:05:00--2023-10-25 18:50:00,SHORT,-1,12.71,0.004416666666666666666666666667,12.72098968512486427795874050,12.729,12.713,12.716,12.696,12.709,MODELLED,CONDITIONAL_OPEN_SCENARIO,12.71,12.72,EXIT_ONLY_FROZEN_ENTRIES,C1_T10
MOMENTUM_CNYRUBF,MOMENTUM_CNYRUBF_000814,MOMENTUM,CNYRUBF,2023-10-25 15:55:00,2023-10-25 16:05:00,2023-10-25 16:05:00,2023-10-25 16:10:00,2023-10-25 14:05:00--2023-10-25 18:50:00,LONG,1,12.725,0.005666666666666666666666666667,12.71605482507815322745338298,12.72,12.707,12.717,12.742,12.726,MODELLED,CONDITIONAL_OPEN_SCENARIO,12.713,12.725,EXIT_ONLY_FROZEN_ENTRIES,C1_T10
MOMENTUM_CNYRUBF,MOMENTUM_CNYRUBF_000819,MOMENTUM,CNYRUBF,2023-10-25 17:50:00,2023-10-25 18:00:00,2023-10-25 18:00:00,2023-10-25 18:05:00,2023-10-25 14:05:00--2023-10-25 18:50:00,LONG,1,12.722,0.009,12.71730689113280727564531229,12.719,12.696,12.709,12.749,12.724,MODELLED,CONDITIONAL_OPEN_SCENARIO,12.711,12.722,EXIT_ONLY_FROZEN_ENTRIES,C1_T10
MOMENTUM_CNYRUBF,MOMENTUM_CNYRUBF_000821,MOMENTUM,CNYRUBF,2023-10-26 12:40:00,2023-10-26 12:50:00,2023-10-26 12:50:00,2023-10-26 12:55:00,2023-10-26 10:00:00--2023-10-26 14:00:00,LONG,1,12.765,0.005333333333333333333333333333,12.77137970947243597179794542,12.763,12.746,12.757,12.781,12.766,MODELLED,CONDITIONAL_OPEN_SCENARIO,12.747,12.77,EXIT_ONLY_FROZEN_ENTRIES,C1_T10
MOMENTUM_CNYRUBF,MOMENTUM_CNYRUBF_000823,MOMENTUM,CNYRUBF,2023-10-26 15:40:00,2023-10-26 15:50:00,2023-10-26 15:50:00,2023-10-26 15:55:00,2023-10-26 14:05:00--2023-10-26 18:50:00,LONG,1,12.776,0.004166666666666666666666666667,12.76838612521150592216582063,12.773,12.761,12.770,12.789,12.777,MODELLED,CONDITIONAL_OPEN_SCENARIO,12.765,12.777,EXIT_ONLY_FROZEN_ENTRIES,C1_T10
MOMENTUM_CNYRUBF,MOMENTUM_CNYRUBF_000824,MOMENTUM,CNYRUBF,2023-10-26 16:35:00,2023-10-26 16:45:00,2023-10-26 16:45:00,2023-10-26 16:50:00,2023-10-26 14:05:00--2023-10-26 18:50:00,SHORT,-1,12.764,0.00375,12.76820328339463532789091235,12.777,12.765,12.769,12.752,12.764,MODELLED,CONDITIONAL_OPEN_SCENARIO,12.764,12.772,EXIT_ONLY_FROZEN_ENTRIES,C1_T10
MOMENTUM_CNYRUBF,MOMENTUM_CNYRUBF_000826,MOMENTUM,CNYRUBF,2023-10-26 16:55:00,2023-10-26 17:05:00,2023-10-26 17:05:00,2023-10-26 17:10:00,2023-10-26 14:05:00--2023-10-26 18:50:00,LONG,1,12.775,0.004416666666666666666666666667,12.76770955223880597014925373,12.773,12.759,12.769,12.789,12.776,MODELLED,CONDITIONAL_OPEN_SCENARIO,12.76,12.775,EXIT_ONLY_FROZEN_ENTRIES,C1_T10
MOMENTUM_CNYRUBF,MOMENTUM_CNYRUBF_000828,MOMENTUM,CNYRUBF,2023-10-27 11:10:00,2023-10-27 11:20:00,2023-10-27 11:20:00,2023-10-27 11:25:00,2023-10-27 10:00:00--2023-10-27 14:00:00,SHORT,-1,12.766,0.01216666666666666666666666667,12.81091925637830557968004632,12.85,12.768,12.784,12.729,12.763,MODELLED,CONDITIONAL_OPEN_SCENARIO,12.766,12.78,EXIT_ONLY_FROZEN_ENTRIES,C1_T10
MOMENTUM_CNYRUBF,MOMENTUM_CNYRUBF_000834,MOMENTUM,CNYRUBF,2023-10-27 13:00:00,2023-10-27 13:10:00,2023-10-27 13:10:00,2023-10-27 13:15:00,2023-10-27 10:00:00--2023-10-27 14:00:00,SHORT,-1,12.72,0.009166666666666666666666666667,12.78175768724450911106492066,12.764,12.727,12.733,12.692,12.718,MODELLED,CONDITIONAL_OPEN_SCENARIO,12.72,12.736,EXIT_ONLY_FROZEN_ENTRIES,C1_T10
MOMENTUM_CNYRUBF,MOMENTUM_CNYRUBF_000856,MOMENTUM,CNYRUBF,2023-10-30 16:20:00,2023-10-30 16:30:00,2023-10-30 16:30:00,2023-10-30 16:35:00,2023-10-30 14:05:00--2023-10-30 18:50:00,LONG,1,12.71,0.01175,12.68378966809139359400559337,12.709,12.67,12.693,12.746,12.712,MODELLED,CONDITIONAL_OPEN_SCENARIO,12.693,12.713,EXIT_ONLY_FROZEN_ENTRIES,C1_T10
MOMENTUM_CNYRUBF,MOMENTUM_CNYRUBF_000871,MOMENTUM,CNYRUBF,2023-10-31 16:00:00,2023-10-31 16:10:00,2023-10-31 16:10:00,2023-10-31 16:15:00,2023-10-31 14:05:00--2023-10-31 18:50:00,LONG,1,12.69,0.01683333333333333333333333333,12.60778575293143155364675352,12.68,12.577,12.665,12.741,12.694,MODELLED,CONDITIONAL_OPEN_SCENARIO,12.647,12.697,EXIT_ONLY_FROZEN_ENTRIES,C1_T10
MOMENTUM_CNYRUBF,MOMENTUM_CNYRUBF_000873,MOMENTUM,CNYRUBF,2023-10-31 16:30:00,2023-10-31 16:40:00,2023-10-31 16:40:00,2023-10-31 16:45:00,2023-10-31 14:05:00--2023-10-31 18:50:00,LONG,1,12.762,0.01825,12.62773016529717098584535233,12.717,12.634,12.735,12.817,12.766,MODELLED,CONDITIONAL_OPEN_SCENARIO,12.701,12.762,EXIT_ONLY_FROZEN_ENTRIES,C1_T10
MOMENTUM_CNYRUBF,MOMENTUM_CNYRUBF_000874,MOMENTUM,CNYRUBF,2023-10-31 17:40:00,2023-10-31 17:50:00,2023-10-31 17:50:00,2023-10-31 17:55:00,2023-10-31 14:05:00--2023-10-31 18:50:00,SHORT,-1,12.686,0.01641666666666666666666666667,12.64208262337861693146058791,12.746,12.687,12.710,12.636,12.682,MODELLED,CONDITIONAL_OPEN_SCENARIO,12.683,12.7,EXIT_ONLY_FROZEN_ENTRIES,C1_T10
MOMENTUM_CNYRUBF,MOMENTUM_CNYRUBF_000882,MOMENTUM,CNYRUBF,2023-11-01 13:10:00,2023-11-01 13:20:00,2023-11-01 13:20:00,2023-11-01 13:25:00,2023-11-01 10:00:00--2023-11-01 14:00:00,SHORT,-1,12.661,0.01141666666666666666666666667,12.72516588904561871250755661,12.729,12.673,12.678,12.626,12.659,MODELLED,CONDITIONAL_OPEN_SCENARIO,12.661,12.701,EXIT_ONLY_FROZEN_ENTRIES,C1_T10
MOMENTUM_CNYRUBF,MOMENTUM_CNYRUBF_000884,MOMENTUM,CNYRUBF,2023-11-01 15:45:00,2023-11-01 15:55:00,2023-11-01 15:55:00,2023-11-01 16:00:00,2023-11-01 14:05:00--2023-11-01 18:50:00,SHORT,-1,12.693,0.0155,12.71141783120460806411219636,12.745,12.695,12.716,12.646,12.690,MODELLED,CONDITIONAL_OPEN_SCENARIO,12.685,12.727,EXIT_ONLY_FROZEN_ENTRIES,C1_T10
MOMENTUM_CNYRUBF,MOMENTUM_CNYRUBF_000887,MOMENTUM,CNYRUBF,2023-11-01 17:25:00,2023-11-01 17:35:00,2023-11-01 17:35:00,2023-11-01 17:40:00,2023-11-01 14:05:00--2023-11-01 18:50:00,SHORT,-1,12.628,0.01825,12.68319886309805779251539555,12.703,12.63,12.655,12.573,12.624,MODELLED,CONDITIONAL_OPEN_SCENARIO,12.627,12.667,EXIT_ONLY_FROZEN_ENTRIES,C1_T10
MOMENTUM_CNYRUBF,MOMENTUM_CNYRUBF_000895,MOMENTUM,CNYRUBF,2023-11-02 17:50:00,2023-11-02 18:00:00,2023-11-02 18:00:00,2023-11-02 18:05:00,2023-11-02 14:05:00--2023-11-02 18:50:00,SHORT,-1,12.718,0.009,12.72477654468189183405179003,12.737,12.719,12.731,12.691,12.716,MODELLED,CONDITIONAL_OPEN_SCENARIO,12.714,12.734,EXIT_ONLY_FROZEN_ENTRIES,C1_T10
MOMENTUM_CNYRUBF,MOMENTUM_CNYRUBF_000900,MOMENTUM,CNYRUBF,2023-11-03 15:30:00,2023-11-03 15:40:00,2023-11-03 15:40:00,2023-11-03 15:45:00,2023-11-03 14:05:00--2023-11-03 18:50:00,SHORT,-1,12.684,0.005666666666666666666666666667,12.69807056783701777199826616,12.706,12.686,12.692,12.667,12.683,MODELLED,CONDITIONAL_OPEN_SCENARIO,12.682,12.699,EXIT_ONLY_FROZEN_ENTRIES,C1_T10
MOMENTUM_CNYRUBF,MOMENTUM_CNYRUBF_000901,MOMENTUM,CNYRUBF,2023-11-03 16:45:00,2023-11-03 16:55:00,2023-11-03 16:55:00,2023-11-03 17:00:00,2023-11-03 14:05:00--2023-11-03 18:50:00,LONG,1,12.702,0.00875,12.69325912113587347232207046,12.698,12.677,12.689,12.729,12.704,MODELLED,CONDITIONAL_OPEN_SCENARIO,12.677,12.702,EXIT_ONLY_FROZEN_ENTRIES,C1_T10
MOMENTUM_CNYRUBF,MOMENTUM_CNYRUBF_000903,MOMENTUM,CNYRUBF,2023-11-03 17:35:00,2023-11-03 17:45:00,2023-11-03 17:45:00,2023-11-03 17:50:00,2023-11-03 14:05:00--2023-11-03 18:50:00,SHORT,-1,12.645,0.01125,12.69047365883979652674709188,12.704,12.652,12.661,12.611,12.643,MODELLED,CONDITIONAL_OPEN_SCENARIO,12.645,12.666,EXIT_ONLY_FROZEN_ENTRIES,C1_T10
MOMENTUM_CNYRUBF,MOMENTUM_CNYRUBF_000905,MOMENTUM,CNYRUBF,2023-11-06 11:40:00,2023-11-06 11:50:00,2023-11-06 11:50:00,2023-11-06 11:55:00,2023-11-06 10:00:00--2023-11-06 14:00:00,LONG,1,12.665,0.01058333333333333333333333333,12.65800982989803057935606712,12.66,12.63,12.650,12.697,12.667,MODELLED,CONDITIONAL_OPEN_SCENARIO,12.636,12.665,EXIT_ONLY_FROZEN_ENTRIES,C1_T10
MOMENTUM_CNYRUBF,MOMENTUM_CNYRUBF_000909,MOMENTUM,CNYRUBF,2023-11-06 17:30:00,2023-11-06 17:40:00,2023-11-06 17:40:00,2023-11-06 17:45:00,2023-11-06 14:05:00--2023-11-06 18:50:00,LONG,1,12.683,0.005166666666666666666666666667,12.67716900007650524060898171,12.682,12.667,12.676,12.699,12.684,MODELLED,CONDITIONAL_OPEN_SCENARIO,12.675,12.69,EXIT_ONLY_FROZEN_ENTRIES,C1_T10
MOMENTUM_CNYRUBF,MOMENTUM_CNYRUBF_000916,MOMENTUM,CNYRUBF,2023-11-08 11:05:00,2023-11-08 11:15:00,2023-11-08 11:15:00,2023-11-08 11:20:00,2023-11-08 10:00:00--2023-11-08 14:00:00,SHORT,-1,12.69,0.005833333333333333333333333333,12.69696597024374802152579930,12.705,12.691,12.698,12.672,12.689,MODELLED,CONDITIONAL_OPEN_SCENARIO,12.69,12.699,EXIT_ONLY_FROZEN_ENTRIES,C1_T10
MOMENTUM_CNYRUBF,MOMENTUM_CNYRUBF_000923,MOMENTUM,CNYRUBF,2023-11-08 16:30:00,2023-11-08 16:40:00,2023-11-08 16:40:00,2023-11-08 16:45:00,2023-11-08 14:05:00--2023-11-08 18:50:00,SHORT,-1,12.625,0.007416666666666666666666666667,12.64451852697253290725100814,12.663,12.633,12.636,12.602,12.624,MODELLED,CONDITIONAL_OPEN_SCENARIO,12.618,12.653,EXIT_ONLY_FROZEN_ENTRIES,C1_T10
MOMENTUM_CNYRUBF,MOMENTUM_CNYRUBF_000924,MOMENTUM,CNYRUBF,2023-11-09 12:15:00,2023-11-09 12:25:00,2023-11-09 12:25:00,2023-11-09 12:30:00,2023-11-09 10:00:00--2023-11-09 14:00:00,LONG,1,12.61,0.005083333333333333333333333333,12.60327850094815671905634301,12.607,12.593,12.603,12.626,12.611,MODELLED,CONDITIONAL_OPEN_SCENARIO,12.6,12.61,EXIT_ONLY_FROZEN_ENTRIES,C1_T10
MOMENTUM_CNYRUBF,MOMENTUM_CNYRUBF_000925,MOMENTUM,CNYRUBF,2023-11-09 13:00:00,2023-11-09 13:10:00,2023-11-09 13:10:00,2023-11-09 13:15:00,2023-11-09 10:00:00--2023-11-09 14:00:00,LONG,1,12.614,0.006,12.60392260759182670652307440,12.613,12.597,12.605,12.632,12.615,MODELLED,CONDITIONAL_OPEN_SCENARIO,12.609,12.614,EXIT_ONLY_FROZEN_ENTRIES,C1_T10
MOMENTUM_CNYRUBF,MOMENTUM_CNYRUBF_000927,MOMENTUM,CNYRUBF,2023-11-09 16:10:00,2023-11-09 16:20:00,2023-11-09 16:20:00,2023-11-09 16:25:00,2023-11-09 14:05:00--2023-11-09 18:50:00,SHORT,-1,12.608,0.007583333333333333333333333333,12.62191396660821834260882824,12.633,12.61,12.619,12.585,12.607,MODELLED,CONDITIONAL_OPEN_SCENARIO,12.605,12.627,EXIT_ONLY_FROZEN_ENTRIES,C1_T10
MOMENTUM_CNYRUBF,MOMENTUM_CNYRUBF_000938,MOMENTUM,CNYRUBF,2023-11-13 13:00:00,2023-11-13 13:10:00,2023-11-13 13:10:00,2023-11-13 13:15:00,2023-11-13 10:00:00--2023-11-13 14:00:00,SHORT,-1,12.615,0.00425,12.62799040575243965074473549,12.633,12.616,12.621,12.602,12.614,MODELLED,CONDITIONAL_OPEN_SCENARIO,12.615,12.621,EXIT_ONLY_FROZEN_ENTRIES,C1_T10
MOMENTUM_CNYRUBF,MOMENTUM_CNYRUBF_000940,MOMENTUM,CNYRUBF,2023-11-13 15:50:00,2023-11-13 16:00:00,2023-11-13 16:00:00,2023-11-13 16:05:00,2023-11-13 14:05:00--2023-11-13 18:50:00,LONG,1,12.61,0.00875,12.59660736244065686045606662,12.609,12.575,12.597,12.637,12.612,MODELLED,CONDITIONAL_OPEN_SCENARIO,12.598,12.61,EXIT_ONLY_FROZEN_ENTRIES,C1_T10
MOMENTUM_CNYRUBF,MOMENTUM_CNYRUBF_000948,MOMENTUM,CNYRUBF,2023-11-14 12:00:00,2023-11-14 12:10:00,2023-11-14 12:10:00,2023-11-14 12:15:00,2023-11-14 10:00:00--2023-11-14 14:00:00,SHORT,-1,12.519,0.00325,12.51939760735301269270048145,12.531,12.521,12.523,12.509,12.519,MODELLED,CONDITIONAL_OPEN_SCENARIO,12.519,12.526,EXIT_ONLY_FROZEN_ENTRIES,C1_T10
MOMENTUM_CNYRUBF,MOMENTUM_CNYRUBF_000954,MOMENTUM,CNYRUBF,2023-11-15 11:05:00,2023-11-15 11:15:00,2023-11-15 11:15:00,2023-11-15 11:20:00,2023-11-15 10:00:00--2023-11-15 14:00:00,SHORT,-1,12.388,0.01483333333333333333333333333,12.42230471507816439737771054,12.48,12.394,12.410,12.343,12.385,MODELLED,CONDITIONAL_OPEN_SCENARIO,12.38,12.408,EXIT_ONLY_FROZEN_ENTRIES,C1_T10
MOMENTUM_CNYRUBF,MOMENTUM_CNYRUBF_000955,MOMENTUM,CNYRUBF,2023-11-15 11:45:00,2023-11-15 11:55:00,2023-11-15 11:55:00,2023-11-15 12:00:00,2023-11-15 10:00:00--2023-11-15 14:00:00,SHORT,-1,12.359,0.01416666666666666666666666667,12.40777471168251977283021498,12.423,12.37,12.380,12.316,12.356,MODELLED,CONDITIONAL_OPEN_SCENARIO,12.357,12.394,EXIT_ONLY_FROZEN_ENTRIES,C1_T10
MOMENTUM_CNYRUBF,MOMENTUM_CNYRUBF_000962,MOMENTUM,CNYRUBF,2023-11-15 15:10:00,2023-11-15 15:20:00,2023-11-15 15:20:00,2023-11-15 15:25:00,2023-11-15 14:05:00--2023-11-15 18:50:00,LONG,1,12.33,0.01041666666666666666666666667,12.29801758822853201517415794,12.326,12.26,12.315,12.362,12.332,MODELLED,CONDITIONAL_OPEN_SCENARIO,12.298,12.33,EXIT_ONLY_FROZEN_ENTRIES,C1_T10
MOMENTUM_CNYRUBF,MOMENTUM_CNYRUBF_000963,MOMENTUM,CNYRUBF,2023-11-15 16:05:00,2023-11-15 16:15:00,2023-11-15 16:15:00,2023-11-15 16:20:00,2023-11-15 14:05:00--2023-11-15 18:50:00,SHORT,-1,12.308,0.01141666666666666666666666667,12.30943130859186237556779743,12.344,12.31,12.325,12.273,12.306,MODELLED,CONDITIONAL_OPEN_SCENARIO,12.303,12.343,EXIT_ONLY_FROZEN_ENTRIES,C1_T10
MOMENTUM_CNYRUBF,MOMENTUM_CNYRUBF_000964,MOMENTUM,CNYRUBF,2023-11-15 16:30:00,2023-11-15 16:40:00,2023-11-15 16:40:00,2023-11-15 16:45:00,2023-11-15 14:05:00--2023-11-15 18:50:00,LONG,1,12.349,0.01125,12.31213628889247138481379977,12.344,12.303,12.333,12.383,12.351,MODELLED,CONDITIONAL_OPEN_SCENARIO,12.324,12.352,EXIT_ONLY_FROZEN_ENTRIES,C1_T10
MOMENTUM_CNYRUBF,MOMENTUM_CNYRUBF_000971,MOMENTUM,CNYRUBF,2023-11-16 12:25:00,2023-11-16 12:35:00,2023-11-16 12:35:00,2023-11-16 12:40:00,2023-11-16 10:00:00--2023-11-16 14:00:00,LONG,1,12.257,0.0115,12.26594652454157516024782617,12.25,12.219,12.240,12.292,12.259,MODELLED,CONDITIONAL_OPEN_SCENARIO,12.241,12.258,EXIT_ONLY_FROZEN_ENTRIES,C1_T10
MOMENTUM_CNYRUBF,MOMENTUM_CNYRUBF_000977,MOMENTUM,CNYRUBF,2023-11-16 17:35:00,2023-11-16 17:45:00,2023-11-16 17:45:00,2023-11-16 17:50:00,2023-11-16 14:05:00--2023-11-16 18:50:00,LONG,1,12.282,0.005916666666666666666666666667,12.27500315676008623344625809,12.279,12.258,12.274,12.300,12.283,MODELLED,CONDITIONAL_OPEN_SCENARIO,12.276,12.282,EXIT_ONLY_FROZEN_ENTRIES,C1_T10
MOMENTUM_CNYRUBF,MOMENTUM_CNYRUBF_000981,MOMENTUM,CNYRUBF,2023-11-17 12:25:00,2023-11-17 12:35:00,2023-11-17 12:35:00,2023-11-17 12:40:00,2023-11-17 10:00:00--2023-11-17 14:00:00,LONG,1,12.305,0.003666666666666666666666666667,12.29453213578307492657605356,12.304,12.287,12.300,12.316,12.305,MODELLED,CONDITIONAL_OPEN_SCENARIO,12.3,12.305,EXIT_ONLY_FROZEN_ENTRIES,C1_T10
MOMENTUM_CNYRUBF,MOMENTUM_CNYRUBF_000998,MOMENTUM,CNYRUBF,2023-11-20 11:40:00,2023-11-20 11:50:00,2023-11-20 11:50:00,2023-11-20 11:55:00,2023-11-20 10:00:00--2023-11-20 14:00:00,SHORT,-1,12.286,0.01983333333333333333333333333,12.34630096110244754858046606,12.38,12.29,12.315,12.226,12.282,MODELLED,CONDITIONAL_OPEN_SCENARIO,12.284,12.32,EXIT_ONLY_FROZEN_ENTRIES,C1_T10
MOMENTUM_CNYRUBF,MOMENTUM_CNYRUBF_001001,MOMENTUM,CNYRUBF,2023-11-20 16:10:00,2023-11-20 16:20:00,2023-11-20 16:20:00,2023-11-20 16:25:00,2023-11-20 14:05:00--2023-11-20 18:50:00,LONG,1,12.343,0.01025,12.32152407440108305374065573,12.335,12.31,12.328,12.374,12.345,MODELLED,CONDITIONAL_OPEN_SCENARIO,12.329,12.343,EXIT_ONLY_FROZEN_ENTRIES,C1_T10
MOMENTUM_CNYRUBF,MOMENTUM_CNYRUBF_001003,MOMENTUM,CNYRUBF,2023-11-20 17:00:00,2023-11-20 17:10:00,2023-11-20 17:10:00,2023-11-20 17:15:00,2023-11-20 14:05:00--2023-11-20 18:50:00,SHORT,-1,12.305,0.007,12.32182732945681463622181252,12.346,12.32,12.315,12.284,12.304,MODELLED,CONDITIONAL_OPEN_SCENARIO,12.299,12.329,EXIT_ONLY_FROZEN_ENTRIES,C1_T10
MOMENTUM_CNYRUBF,MOMENTUM_CNYRUBF_001004,MOMENTUM,CNYRUBF,2023-11-20 17:50:00,2023-11-20 18:00:00,2023-11-20 18:00:00,2023-11-20 18:05:00,2023-11-20 14:05:00--2023-11-20 18:50:00,LONG,1,12.348,0.01083333333333333333333333333,12.32419875053487376979032948,12.345,12.299,12.332,12.381,12.350,MODELLED,CONDITIONAL_OPEN_SCENARIO,12.335,12.349,EXIT_ONLY_FROZEN_ENTRIES,C1_T10
MOMENTUM_CNYRUBF,MOMENTUM_CNYRUBF_001008,MOMENTUM,CNYRUBF,2023-11-21 12:20:00,2023-11-21 12:30:00,2023-11-21 12:30:00,2023-11-21 12:35:00,2023-11-21 10:00:00--2023-11-21 14:00:00,SHORT,-1,12.305,0.009583333333333333333333333333,12.39215613239160694952827759,12.347,12.306,12.319,12.276,12.303,MODELLED,CONDITIONAL_OPEN_SCENARIO,12.3,12.344,EXIT_ONLY_FROZEN_ENTRIES,C1_T10
MOMENTUM_CNYRUBF,MOMENTUM_CNYRUBF_001009,MOMENTUM,CNYRUBF,2023-11-21 17:35:00,2023-11-21 17:45:00,2023-11-21 17:45:00,2023-11-21 17:50:00,2023-11-21 14:05:00--2023-11-21 18:50:00,LONG,1,12.323,0.004416666666666666666666666667,12.31763541964370772601695723,12.316,12.304,12.317,12.337,12.324,MODELLED,CONDITIONAL_OPEN_SCENARIO,12.311,12.323,EXIT_ONLY_FROZEN_ENTRIES,C1_T10
MOMENTUM_CNYRUBF,MOMENTUM_CNYRUBF_001013,MOMENTUM,CNYRUBF,2023-11-22 11:45:00,2023-11-22 11:55:00,2023-11-22 11:55:00,2023-11-22 12:00:00,2023-11-22 10:00:00--2023-11-22 14:00:00,LONG,1,12.323,0.006,12.30331647464687886480505110,12.314,12.299,12.314,12.341,12.324,MODELLED,CONDITIONAL_OPEN_SCENARIO,12.3,12.323,EXIT_ONLY_FROZEN_ENTRIES,C1_T10
MOMENTUM_CNYRUBF,MOMENTUM_CNYRUBF_001015,MOMENTUM,CNYRUBF,2023-11-22 13:00:00,2023-11-22 13:10:00,2023-11-22 13:10:00,2023-11-22 13:15:00,2023-11-22 10:00:00--2023-11-22 14:00:00,LONG,1,12.33,0.005333333333333333333333333333,12.31836563259074189742522035,12.326,12.309,12.322,12.346,12.331,MODELLED,CONDITIONAL_OPEN_SCENARIO,12.314,12.33,EXIT_ONLY_FROZEN_ENTRIES,C1_T10
MOMENTUM_CNYRUBF,MOMENTUM_CNYRUBF_001019,MOMENTUM,CNYRUBF,2023-11-23 11:10:00,2023-11-23 11:20:00,2023-11-23 11:20:00,2023-11-23 11:25:00,2023-11-23 10:00:00--2023-11-23 14:00:00,LONG,1,12.333,0.007,12.31402419808666291502532358,12.331,12.293,12.323,12.354,12.334,MODELLED,CONDITIONAL_OPEN_SCENARIO,12.325,12.333,EXIT_ONLY_FROZEN_ENTRIES,C1_T10
MOMENTUM_CNYRUBF,MOMENTUM_CNYRUBF_001028,MOMENTUM,CNYRUBF,2023-11-23 16:00:00,2023-11-23 16:10:00,2023-11-23 16:10:00,2023-11-23 16:15:00,2023-11-23 14:05:00--2023-11-23 18:50:00,LONG,1,12.368,0.004416666666666666666666666667,12.35795052394216739620639342,12.367,12.345,12.362,12.382,12.369,MODELLED,CONDITIONAL_OPEN_SCENARIO,12.359,12.368,EXIT_ONLY_FROZEN_ENTRIES,C1_T10
MOMENTUM_CNYRUBF,MOMENTUM_CNYRUBF_001030,MOMENTUM,CNYRUBF,2023-11-23 17:00:00,2023-11-23 17:10:00,2023-11-23 17:10:00,2023-11-23 17:15:00,2023-11-23 14:05:00--2023-11-23 18:50:00,SHORT,-1,12.35,0.00775,12.35821393563625627398878063,12.373,12.352,12.361,12.326,12.349,MODELLED,CONDITIONAL_OPEN_SCENARIO,12.346,12.366,EXIT_ONLY_FROZEN_ENTRIES,C1_T10
MOMENTUM_CNYRUBF,MOMENTUM_CNYRUBF_001034,MOMENTUM,CNYRUBF,2023-11-24 12:20:00,2023-11-24 12:30:00,2023-11-24 12:30:00,2023-11-24 12:35:00,2023-11-24 10:00:00--2023-11-24 14:00:00,LONG,1,12.384,0.01425,12.39204050097513997977128975,12.382,12.333,12.363,12.427,12.387,MODELLED,CONDITIONAL_OPEN_SCENARIO,12.345,12.384,EXIT_ONLY_FROZEN_ENTRIES,C1_T10
MOMENTUM_CNYRUBF,MOMENTUM_CNYRUBF_001042,MOMENTUM,CNYRUBF,2023-11-24 15:45:00,2023-11-24 15:55:00,2023-11-24 15:55:00,2023-11-24 16:00:00,2023-11-24 14:05:00--2023-11-24 18:50:00,SHORT,-1,12.414,0.00775,12.42587448928063168525914705,12.447,12.424,12.425,12.390,12.413,MODELLED,CONDITIONAL_OPEN_SCENARIO,12.413,12.447,EXIT_ONLY_FROZEN_ENTRIES,C1_T10
MOMENTUM_CNYRUBF,MOMENTUM_CNYRUBF_001045,MOMENTUM,CNYRUBF,2023-11-24 16:10:00,2023-11-24 16:20:00,2023-11-24 16:20:00,2023-11-24 16:25:00,2023-11-24 14:05:00--2023-11-24 18:50:00,SHORT,-1,12.39,0.01091666666666666666666666667,12.42260292498623830255717360,12.447,12.393,12.406,12.357,12.388,MODELLED,CONDITIONAL_OPEN_SCENARIO,12.382,12.415,EXIT_ONLY_FROZEN_ENTRIES,C1_T10
MOMENTUM_CNYRUBF,MOMENTUM_CNYRUBF_001046,MOMENTUM,CNYRUBF,2023-11-24 17:15:00,2023-11-24 17:25:00,2023-11-24 17:25:00,2023-11-24 17:30:00,2023-11-24 14:05:00--2023-11-24 18:50:00,LONG,1,12.413,0.00775,12.41628063113085322968721081,12.412,12.376,12.402,12.437,12.414,MODELLED,CONDITIONAL_OPEN_SCENARIO,12.401,12.415,EXIT_ONLY_FROZEN_ENTRIES,C1_T10
MOMENTUM_CNYRUBF,MOMENTUM_CNYRUBF_001047,MOMENTUM,CNYRUBF,2023-11-24 17:35:00,2023-11-24 17:45:00,2023-11-24 17:45:00,2023-11-24 17:50:00,2023-11-24 14:05:00--2023-11-24 18:50:00,SHORT,-1,12.397,0.006333333333333333333333333333,12.41593598418475086489643708,12.415,12.399,12.406,12.378,12.396,MODELLED,CONDITIONAL_OPEN_SCENARIO,12.397,12.41,EXIT_ONLY_FROZEN_ENTRIES,C1_T10
MOMENTUM_CNYRUBF,MOMENTUM_CNYRUBF_001048,MOMENTUM,CNYRUBF,2023-11-27 11:15:00,2023-11-27 11:25:00,2023-11-27 11:25:00,2023-11-27 11:30:00,2023-11-27 10:00:00--2023-11-27 14:00:00,SHORT,-1,12.391,0.006833333333333333333333333333,12.40207820495403704206855952,12.416,12.395,12.401,12.370,12.390,MODELLED,CONDITIONAL_OPEN_SCENARIO,12.387,12.404,EXIT_ONLY_FROZEN_ENTRIES,C1_T10
MOMENTUM_CNYRUBF,MOMENTUM_CNYRUBF_001049,MOMENTUM,CNYRUBF,2023-11-27 12:00:00,2023-11-27 12:10:00,2023-11-27 12:10:00,2023-11-27 12:15:00,2023-11-27 10:00:00--2023-11-27 14:00:00,LONG,1,12.405,0.005,12.40008732792527040314650934,12.404,12.387,12.398,12.420,12.406,MODELLED,CONDITIONAL_OPEN_SCENARIO,12.389,12.411,EXIT_ONLY_FROZEN_ENTRIES,C1_T10
MOMENTUM_CNYRUBF,MOMENTUM_CNYRUBF_001050,MOMENTUM,CNYRUBF,2023-11-27 15:10:00,2023-11-27 15:20:00,2023-11-27 15:20:00,2023-11-27 15:25:00,2023-11-27 14:05:00--2023-11-27 18:50:00,SHORT,-1,12.372,0.006333333333333333333333333333,12.38270057349833987322668276,12.411,12.379,12.381,12.353,12.371,MODELLED,CONDITIONAL_OPEN_SCENARIO,12.362,12.386,EXIT_ONLY_FROZEN_ENTRIES,C1_T10
MOMENTUM_CNYRUBF,MOMENTUM_CNYRUBF_001060,MOMENTUM,CNYRUBF,2023-11-28 11:10:00,2023-11-28 11:20:00,2023-11-28 11:20:00,2023-11-28 11:25:00,2023-11-28 10:00:00--2023-11-28 14:00:00,SHORT,-1,12.375,0.00675,12.38588078193832599118942732,12.404,12.377,12.385,12.354,12.374,MODELLED,CONDITIONAL_OPEN_SCENARIO,12.375,12.384,EXIT_ONLY_FROZEN_ENTRIES,C1_T10
MOMENTUM_CNYRUBF,MOMENTUM_CNYRUBF_001070,MOMENTUM,CNYRUBF,2023-11-29 12:55:00,2023-11-29 13:05:00,2023-11-29 13:05:00,2023-11-29 13:10:00,2023-11-29 10:00:00--2023-11-29 14:00:00,SHORT,-1,12.475,0.005583333333333333333333333333,12.48063882879805685225245739,12.497,12.477,12.483,12.458,12.474,MODELLED,CONDITIONAL_OPEN_SCENARIO,12.472,12.484,EXIT_ONLY_FROZEN_ENTRIES,C1_T10
MOMENTUM_CNYRUBF,MOMENTUM_CNYRUBF_001073,MOMENTUM,CNYRUBF,2023-11-29 15:20:00,2023-11-29 15:30:00,2023-11-29 15:30:00,2023-11-29 15:35:00,2023-11-29 14:05:00--2023-11-29 18:50:00,SHORT,-1,12.395,0.01075,12.42898542527735479660648249,12.457,12.405,12.411,12.362,12.393,MODELLED,CONDITIONAL_OPEN_SCENARIO,12.388,12.413,EXIT_ONLY_FROZEN_ENTRIES,C1_T10
MOMENTUM_CNYRUBF,MOMENTUM_CNYRUBF_001075,MOMENTUM,CNYRUBF,2023-11-30 11:20:00,2023-11-30 11:30:00,2023-11-30 11:30:00,2023-11-30 11:35:00,2023-11-30 10:00:00--2023-11-30 14:00:00,LONG,1,12.411,0.005833333333333333333333333333,12.39782845416639378260964481,12.408,12.394,12.403,12.429,12.412,MODELLED,CONDITIONAL_OPEN_SCENARIO,12.402,12.411,EXIT_ONLY_FROZEN_ENTRIES,C1_T10
MOMENTUM_CNYRUBF,MOMENTUM_CNYRUBF_001076,MOMENTUM,CNYRUBF,2023-11-30 11:55:00,2023-11-30 12:05:00,2023-11-30 12:05:00,2023-11-30 12:10:00,2023-11-30 10:00:00--2023-11-30 14:00:00,LONG,1,12.413,0.005083333333333333333333333333,12.40026566112161921852013515,12.412,12.396,12.406,12.429,12.414,MODELLED,CONDITIONAL_OPEN_SCENARIO,12.4,12.415,EXIT_ONLY_FROZEN_ENTRIES,C1_T10
MOMENTUM_CNYRUBF,MOMENTUM_CNYRUBF_001077,MOMENTUM,CNYRUBF,2023-11-30 12:30:00,2023-11-30 12:40:00,2023-11-30 12:40:00,2023-11-30 12:45:00,2023-11-30 10:00:00--2023-11-30 14:00:00,SHORT,-1,12.394,0.0065,12.40145532302587742558370388,12.417,12.4,12.403,12.374,12.393,MODELLED,CONDITIONAL_OPEN_SCENARIO,12.394,12.411,EXIT_ONLY_FROZEN_ENTRIES,C1_T10
MOMENTUM_CNYRUBF,MOMENTUM_CNYRUBF_001086,MOMENTUM,CNYRUBF,2023-11-30 17:45:00,2023-11-30 17:55:00,2023-11-30 17:55:00,2023-11-30 18:00:00,2023-11-30 14:05:00--2023-11-30 18:50:00,LONG,1,12.5,0.00925,12.44533865753099602539004568,12.488,12.433,12.487,12.528,12.502,MODELLED,CONDITIONAL_OPEN_SCENARIO,12.464,12.504,EXIT_ONLY_FROZEN_ENTRIES,C1_T10
MOMENTUM_CNYRUBF,MOMENTUM_CNYRUBF_001090,MOMENTUM,CNYRUBF,2023-12-01 11:20:00,2023-12-01 11:30:00,2023-12-01 11:30:00,2023-12-01 11:35:00,2023-12-01 10:00:00--2023-12-01 14:00:00,LONG,1,12.556,0.01108333333333333333333333333,12.51131335952848722986247544,12.542,12.472,12.540,12.590,12.558,MODELLED,CONDITIONAL_OPEN_SCENARIO,12.526,12.566,EXIT_ONLY_FROZEN_ENTRIES,C1_T10
MOMENTUM_CNYRUBF,MOMENTUM_CNYRUBF_001101,MOMENTUM,CNYRUBF,2023-12-01 17:30:00,2023-12-01 17:40:00,2023-12-01 17:40:00,2023-12-01 17:45:00,2023-12-01 14:05:00--2023-12-01 18:50:00,LONG,1,12.628,0.006916666666666666666666666667,12.60280793355646460890045866,12.623,12.602,12.618,12.649,12.629,MODELLED,CONDITIONAL_OPEN_SCENARIO,12.608,12.633,EXIT_ONLY_FROZEN_ENTRIES,C1_T10
MOMENTUM_CNYRUBF,MOMENTUM_CNYRUBF_001103,MOMENTUM,CNYRUBF,2023-12-04 11:40:00,2023-12-04 11:50:00,2023-12-04 11:50:00,2023-12-04 11:55:00,2023-12-04 10:00:00--2023-12-04 14:00:00,SHORT,-1,12.687,0.00675,12.70051528590300056614455558,12.717,12.692,12.697,12.666,12.686,MODELLED,CONDITIONAL_OPEN_SCENARIO,12.687,12.708,EXIT_ONLY_FROZEN_ENTRIES,C1_T10
MOMENTUM_CNYRUBF,MOMENTUM_CNYRUBF_001106,MOMENTUM,CNYRUBF,2023-12-04 16:10:00,2023-12-04 16:20:00,2023-12-04 16:20:00,2023-12-04 16:25:00,2023-12-04 14:05:00--2023-12-04 18:50:00,LONG,1,12.718,0.005,12.71720671626183860655492814,12.717,12.699,12.711,12.733,12.719,MODELLED,CONDITIONAL_OPEN_SCENARIO,12.699,12.723,EXIT_ONLY_FROZEN_ENTRIES,C1_T10
MOMENTUM_CNYRUBF,MOMENTUM_CNYRUBF_001113,MOMENTUM,CNYRUBF,2023-12-05 11:05:00,2023-12-05 11:15:00,2023-12-05 11:15:00,2023-12-05 11:20:00,2023-12-05 10:00:00--2023-12-05 14:00:00,SHORT,-1,12.768,0.007916666666666666666666666667,12.79335098852819135953136441,12.809,12.777,12.779,12.744,12.767,MODELLED,CONDITIONAL_OPEN_SCENARIO,12.767,12.795,EXIT_ONLY_FROZEN_ENTRIES,C1_T10
MOMENTUM_CNYRUBF,MOMENTUM_CNYRUBF_001117,MOMENTUM,CNYRUBF,2023-12-05 12:25:00,2023-12-05 12:35:00,2023-12-05 12:35:00,2023-12-05 12:40:00,2023-12-05 10:00:00--2023-12-05 14:00:00,LONG,1,12.832,0.007583333333333333333333333333,12.80304130901287553648068670,12.825,12.778,12.821,12.855,12.833,MODELLED,CONDITIONAL_OPEN_SCENARIO,12.807,12.832,EXIT_ONLY_FROZEN_ENTRIES,C1_T10
MOMENTUM_CNYRUBF,MOMENTUM_CNYRUBF_001121,MOMENTUM,CNYRUBF,2023-12-05 16:05:00,2023-12-05 16:15:00,2023-12-05 16:15:00,2023-12-05 16:20:00,2023-12-05 14:05:00--2023-12-05 18:50:00,LONG,1,12.896,0.009333333333333333333333333333,12.85879619457049597961945705,12.891,12.848,12.882,12.924,12.898,MODELLED,CONDITIONAL_OPEN_SCENARIO,12.883,12.896,EXIT_ONLY_FROZEN_ENTRIES,C1_T10
MOMENTUM_CNYRUBF,MOMENTUM_CNYRUBF_001125,MOMENTUM,CNYRUBF,2023-12-05 17:55:00,2023-12-05 18:05:00,2023-12-05 18:05:00,2023-12-05 18:10:00,2023-12-05 14:05:00--2023-12-05 18:50:00,LONG,1,12.921,0.009083333333333333333333333333,12.87738408906129085975687404,12.912,12.883,12.908,12.949,12.923,MODELLED,CONDITIONAL_OPEN_SCENARIO,12.898,12.924,EXIT_ONLY_FROZEN_ENTRIES,C1_T10
MOMENTUM_CNYRUBF,MOMENTUM_CNYRUBF_001141,MOMENTUM,CNYRUBF,2023-12-06 17:30:00,2023-12-06 17:40:00,2023-12-06 17:40:00,2023-12-06 17:45:00,2023-12-06 14:05:00--2023-12-06 18:50:00,LONG,1,12.966,0.01316666666666666666666666667,12.88231128312532405763020482,12.948,12.876,12.947,13.006,12.969,MODELLED,CONDITIONAL_OPEN_SCENARIO,12.905,12.967,EXIT_ONLY_FROZEN_ENTRIES,C1_T10
MOMENTUM_CNYRUBF,MOMENTUM_CNYRUBF_001143,MOMENTUM,CNYRUBF,2023-12-06 17:55:00,2023-12-06 18:05:00,2023-12-06 18:05:00,2023-12-06 18:10:00,2023-12-06 14:05:00--2023-12-06 18:50:00,LONG,1,12.983,0.01916666666666666666666666667,12.89238536355565218966860539,12.981,12.878,12.955,13.041,12.987,MODELLED,CONDITIONAL_OPEN_SCENARIO,12.942,12.99,EXIT_ONLY_FROZEN_ENTRIES,C1_T10
MOMENTUM_CNYRUBF,MOMENTUM_CNYRUBF_001149,MOMENTUM,CNYRUBF,2023-12-07 16:40:00,2023-12-07 16:50:00,2023-12-07 16:50:00,2023-12-07 16:55:00,2023-12-07 14:05:00--2023-12-07 18:50:00,SHORT,-1,12.925,0.007666666666666666666666666667,12.92265220454168738604342780,12.948,12.926,12.936,12.902,12.924,MODELLED,CONDITIONAL_OPEN_SCENARIO,12.916,12.943,EXIT_ONLY_FROZEN_ENTRIES,C1_T10
MOMENTUM_CNYRUBF,MOMENTUM_CNYRUBF_001150,MOMENTUM,CNYRUBF,2023-12-07 17:00:00,2023-12-07 17:10:00,2023-12-07 17:10:00,2023-12-07 17:15:00,2023-12-07 14:05:00--2023-12-07 18:50:00,LONG,1,12.95,0.009083333333333333333333333333,12.92338953246261593791406397,12.945,12.907,12.937,12.978,12.952,MODELLED,CONDITIONAL_OPEN_SCENARIO,12.907,12.95,EXIT_ONLY_FROZEN_ENTRIES,C1_T10
MOMENTUM_CNYRUBF,MOMENTUM_CNYRUBF_001151,MOMENTUM,CNYRUBF,2023-12-07 18:00:00,2023-12-07 18:10:00,2023-12-07 18:10:00,2023-12-07 18:15:00,2023-12-07 14:05:00--2023-12-07 18:50:00,SHORT,-1,12.907,0.01008333333333333333333333333,12.92432182310964731714011252,12.955,12.923,12.922,12.876,12.905,MODELLED,CONDITIONAL_OPEN_SCENARIO,12.902,12.935,EXIT_ONLY_FROZEN_ENTRIES,C1_T10
MOMENTUM_CNYRUBF,MOMENTUM_CNYRUBF_001154,MOMENTUM,CNYRUBF,2023-12-08 11:35:00,2023-12-08 11:45:00,2023-12-08 11:45:00,2023-12-08 11:50:00,2023-12-08 10:00:00--2023-12-08 14:00:00,SHORT,-1,12.817,0.007333333333333333333333333333,12.82150952824425952073382001,12.844,12.818,12.828,12.795,12.816,MODELLED,CONDITIONAL_OPEN_SCENARIO,12.816,12.835,EXIT_ONLY_FROZEN_ENTRIES,C1_T10
MOMENTUM_CNYRUBF,MOMENTUM_CNYRUBF_001155,MOMENTUM,CNYRUBF,2023-12-08 12:55:00,2023-12-08 13:05:00,2023-12-08 13:05:00,2023-12-08 13:10:00,2023-12-08 10:00:00--2023-12-08 14:00:00,SHORT,-1,12.813,0.005916666666666666666666666667,12.82188087096927387567079830,12.832,12.818,12.821,12.795,12.812,MODELLED,CONDITIONAL_OPEN_SCENARIO,12.81,12.83,EXIT_ONLY_FROZEN_ENTRIES,C1_T10
MOMENTUM_CNYRUBF,MOMENTUM_CNYRUBF_001158,MOMENTUM,CNYRUBF,2023-12-08 15:45:00,2023-12-08 15:55:00,2023-12-08 15:55:00,2023-12-08 16:00:00,2023-12-08 14:05:00--2023-12-08 18:50:00,LONG,1,12.765,0.01925,12.72068971595954776200511617,12.759,12.678,12.737,12.823,12.769,MODELLED,CONDITIONAL_OPEN_SCENARIO,12.738,12.771,EXIT_ONLY_FROZEN_ENTRIES,C1_T10
MOMENTUM_CNYRUBF,MOMENTUM_CNYRUBF_001159,MOMENTUM,CNYRUBF,2023-12-08 16:55:00,2023-12-08 17:05:00,2023-12-08 17:05:00,2023-12-08 17:10:00,2023-12-08 14:05:00--2023-12-08 18:50:00,LONG,1,12.791,0.01816666666666666666666666667,12.72924312177324741424627586,12.771,12.725,12.764,12.846,12.795,MODELLED,CONDITIONAL_OPEN_SCENARIO,12.742,12.797,EXIT_ONLY_FROZEN_ENTRIES,C1_T10
MOMENTUM_CNYRUBF,MOMENTUM_CNYRUBF_001163,MOMENTUM,CNYRUBF,2023-12-11 13:10:00,2023-12-11 13:20:00,2023-12-11 13:20:00,2023-12-11 13:25:00,2023-12-11 10:00:00--2023-12-11 14:00:00,SHORT,-1,12.633,0.0095,12.68160044949621496852767211,12.682,12.649,12.647,12.604,12.631,MODELLED,CONDITIONAL_OPEN_SCENARIO,12.633,12.673,EXIT_ONLY_FROZEN_ENTRIES,C1_T10
MOMENTUM_CNYRUBF,MOMENTUM_CNYRUBF_001167,MOMENTUM,CNYRUBF,2023-12-11 17:45:00,2023-12-11 17:55:00,2023-12-11 17:55:00,2023-12-11 18:00:00,2023-12-11 14:05:00--2023-12-11 18:50:00,LONG,1,12.654,0.008083333333333333333333333333,12.62609381758939355636077639,12.637,12.607,12.642,12.679,12.656,MODELLED,CONDITIONAL_OPEN_SCENARIO,12.621,12.657,EXIT_ONLY_FROZEN_ENTRIES,C1_T10
MOMENTUM_CNYRUBF,MOMENTUM_CNYRUBF_001168,MOMENTUM,CNYRUBF,2023-12-12 11:45:00,2023-12-12 11:55:00,2023-12-12 11:55:00,2023-12-12 12:00:00,2023-12-12 10:00:00--2023-12-12 14:00:00,SHORT,-1,12.575,0.00625,12.59225882291747938935268263,12.608,12.581,12.584,12.556,12.574,MODELLED,CONDITIONAL_OPEN_SCENARIO,12.568,12.6,EXIT_ONLY_FROZEN_ENTRIES,C1_T10
MOMENTUM_CNYRUBF,MOMENTUM_CNYRUBF_001169,MOMENTUM,CNYRUBF,2023-12-12 12:40:00,2023-12-12 12:50:00,2023-12-12 12:50:00,2023-12-12 12:55:00,2023-12-12 10:00:00--2023-12-12 14:00:00,SHORT,-1,12.565,0.008,12.58890841969403636639714535,12.594,12.568,12.577,12.541,12.563,MODELLED,CONDITIONAL_OPEN_SCENARIO,12.565,12.584,EXIT_ONLY_FROZEN_ENTRIES,C1_T10
MOMENTUM_CNYRUBF,MOMENTUM_CNYRUBF_001172,MOMENTUM,CNYRUBF,2023-12-12 13:00:00,2023-12-12 13:10:00,2023-12-12 13:10:00,2023-12-12 13:15:00,2023-12-12 10:00:00--2023-12-12 14:00:00,SHORT,-1,12.545,0.008833333333333333333333333333,12.58457092825346949463210264,12.594,12.551,12.558,12.518,12.543,MODELLED,CONDITIONAL_OPEN_SCENARIO,12.54,12.567,EXIT_ONLY_FROZEN_ENTRIES,C1_T10
MOMENTUM_CNYRUBF,MOMENTUM_CNYRUBF_001176,MOMENTUM,CNYRUBF,2023-12-12 16:45:00,2023-12-12 16:55:00,2023-12-12 16:55:00,2023-12-12 17:00:00,2023-12-12 14:05:00--2023-12-12 18:50:00,SHORT,-1,12.54,0.009166666666666666666666666667,12.54476307900589884924088578,12.563,12.541,12.553,12.512,12.538,MODELLED,CONDITIONAL_OPEN_SCENARIO,12.54,12.554,EXIT_ONLY_FROZEN_ENTRIES,C1_T10
MOMENTUM_CNYRUBF,MOMENTUM_CNYRUBF_001177,MOMENTUM,CNYRUBF,2023-12-12 17:25:00,2023-12-12 17:35:00,2023-12-12 17:35:00,2023-12-12 17:40:00,2023-12-12 14:05:00--2023-12-12 18:50:00,LONG,1,12.555,0.006916666666666666666666666667,12.54516394279173045361137544,12.554,12.529,12.545,12.576,12.556,MODELLED,CONDITIONAL_OPEN_SCENARIO,12.548,12.555,EXIT_ONLY_FROZEN_ENTRIES,C1_T10
MOMENTUM_CNYRUBF,MOMENTUM_CNYRUBF_001183,MOMENTUM,CNYRUBF,2023-12-13 16:25:00,2023-12-13 16:35:00,2023-12-13 16:35:00,2023-12-13 16:40:00,2023-12-13 14:05:00--2023-12-13 18:50:00,SHORT,-1,12.471,0.00725,12.49247766114340244643012058,12.502,12.479,12.481,12.449,12.470,MODELLED,CONDITIONAL_OPEN_SCENARIO,12.466,12.494,EXIT_ONLY_FROZEN_ENTRIES,C1_T10
MOMENTUM_CNYRUBF,MOMENTUM_CNYRUBF_001186,MOMENTUM,CNYRUBF,2023-12-13 17:45:00,2023-12-13 17:55:00,2023-12-13 17:55:00,2023-12-13 18:00:00,2023-12-13 14:05:00--2023-12-13 18:50:00,LONG,1,12.511,0.00575,12.49029229800273730363480009,12.508,12.475,12.503,12.529,12.512,MODELLED,CONDITIONAL_OPEN_SCENARIO,12.5,12.514,EXIT_ONLY_FROZEN_ENTRIES,C1_T10
MOMENTUM_CNYRUBF,MOMENTUM_CNYRUBF_001205,MOMENTUM,CNYRUBF,2023-12-15 11:10:00,2023-12-15 11:20:00,2023-12-15 11:20:00,2023-12-15 11:25:00,2023-12-15 10:00:00--2023-12-15 14:00:00,LONG,1,12.639,0.01508333333333333333333333333,12.60583430906208074155384803,12.631,12.579,12.617,12.685,12.642,MODELLED,CONDITIONAL_OPEN_SCENARIO,12.617,12.639,EXIT_ONLY_FROZEN_ENTRIES,C1_T10
MOMENTUM_CNYRUBF,MOMENTUM_CNYRUBF_001208,MOMENTUM,CNYRUBF,2023-12-15 12:45:00,2023-12-15 12:55:00,2023-12-15 12:55:00,2023-12-15 13:00:00,2023-12-15 10:00:00--2023-12-15 14:00:00,SHORT,-1,12.592,0.007583333333333333333333333333,12.61351980940888909515632494,12.638,12.604,12.603,12.569,12.591,MODELLED,CONDITIONAL_OPEN_SCENARIO,12.592,12.614,EXIT_ONLY_FROZEN_ENTRIES,C1_T10
MOMENTUM_CNYRUBF,MOMENTUM_CNYRUBF_001212,MOMENTUM,CNYRUBF,2023-12-15 15:10:00,2023-12-15 15:20:00,2023-12-15 15:20:00,2023-12-15 15:25:00,2023-12-15 14:05:00--2023-12-15 18:50:00,LONG,1,12.682,0.01508333333333333333333333333,12.60993376479954798777512392,12.668,12.576,12.660,12.728,12.685,MODELLED,CONDITIONAL_OPEN_SCENARIO,12.617,12.684,EXIT_ONLY_FROZEN_ENTRIES,C1_T10
MOMENTUM_CNYRUBF,MOMENTUM_CNYRUBF_001214,MOMENTUM,CNYRUBF,2023-12-15 16:40:00,2023-12-15 16:50:00,2023-12-15 16:50:00,2023-12-15 16:55:00,2023-12-15 14:05:00--2023-12-15 18:50:00,SHORT,-1,12.65,0.008833333333333333333333333333,12.63801609334900949419097104,12.673,12.653,12.663,12.623,12.648,MODELLED,CONDITIONAL_OPEN_SCENARIO,12.65,12.669,EXIT_ONLY_FROZEN_ENTRIES,C1_T10
MOMENTUM_CNYRUBF,MOMENTUM_CNYRUBF_001215,MOMENTUM,CNYRUBF,2023-12-15 17:00:00,2023-12-15 17:10:00,2023-12-15 17:10:00,2023-12-15 17:15:00,2023-12-15 14:05:00--2023-12-15 18:50:00,LONG,1,12.679,0.00925,12.64025566988660226795464091,12.671,12.65,12.666,12.707,12.681,MODELLED,CONDITIONAL_OPEN_SCENARIO,12.656,12.679,EXIT_ONLY_FROZEN_ENTRIES,C1_T10
MOMENTUM_CNYRUBF,MOMENTUM_CNYRUBF_001222,MOMENTUM,CNYRUBF,2023-12-18 12:45:00,2023-12-18 12:55:00,2023-12-18 12:55:00,2023-12-18 13:00:00,2023-12-18 10:00:00--2023-12-18 14:00:00,LONG,1,12.653,0.0045,12.64883066098870579522310684,12.65,12.637,12.647,12.667,12.654,MODELLED,CONDITIONAL_OPEN_SCENARIO,12.645,12.654,EXIT_ONLY_FROZEN_ENTRIES,C1_T10
MOMENTUM_CNYRUBF,MOMENTUM_CNYRUBF_001226,MOMENTUM,CNYRUBF,2023-12-18 15:55:00,2023-12-18 16:05:00,2023-12-18 16:05:00,2023-12-18 16:10:00,2023-12-18 14:05:00--2023-12-18 18:50:00,SHORT,-1,12.65,0.008333333333333333333333333333,12.65642372661830266796775537,12.688,12.652,12.662,12.625,12.648,MODELLED,CONDITIONAL_OPEN_SCENARIO,12.65,12.662,EXIT_ONLY_FROZEN_ENTRIES,C1_T10
MOMENTUM_CNYRUBF,MOMENTUM_CNYRUBF_001234,MOMENTUM,CNYRUBF,2023-12-20 11:15:00,2023-12-20 11:25:00,2023-12-20 11:25:00,2023-12-20 11:30:00,2023-12-20 10:00:00--2023-12-20 14:00:00,LONG,1,12.654,0.0095,12.62585626559913015543529295,12.65,12.613,12.640,12.683,12.656,MODELLED,CONDITIONAL_OPEN_SCENARIO,12.637,12.655,EXIT_ONLY_FROZEN_ENTRIES,C1_T10
MOMENTUM_CNYRUBF,MOMENTUM_CNYRUBF_001242,MOMENTUM,CNYRUBF,2023-12-20 16:45:00,2023-12-20 16:55:00,2023-12-20 16:55:00,2023-12-20 17:00:00,2023-12-20 14:05:00--2023-12-20 18:50:00,LONG,1,12.732,0.009416666666666666666666666667,12.70883018280574072285018088,12.73,12.694,12.718,12.761,12.734,MODELLED,CONDITIONAL_OPEN_SCENARIO,12.724,12.732,EXIT_ONLY_FROZEN_ENTRIES,C1_T10
MOMENTUM_CNYRUBF,MOMENTUM_CNYRUBF_001250,MOMENTUM,CNYRUBF,2023-12-21 12:20:00,2023-12-21 12:30:00,2023-12-21 12:30:00,2023-12-21 12:35:00,2023-12-21 10:00:00--2023-12-21 14:00:00,LONG,1,12.883,0.01991666666666666666666666667,12.77163939707226442516593998,12.849,12.721,12.854,12.943,12.887,MODELLED,CONDITIONAL_OPEN_SCENARIO,12.787,12.89,EXIT_ONLY_FROZEN_ENTRIES,C1_T10
MOMENTUM_CNYRUBF,MOMENTUM_CNYRUBF_001252,MOMENTUM,CNYRUBF,2023-12-21 15:35:00,2023-12-21 15:45:00,2023-12-21 15:45:00,2023-12-21 15:50:00,2023-12-21 14:05:00--2023-12-21 18:50:00,LONG,1,12.892,0.01491666666666666666666666667,12.86104292986283507610521829,12.87,12.825,12.870,12.937,12.895,MODELLED,CONDITIONAL_OPEN_SCENARIO,12.84,12.892,EXIT_ONLY_FROZEN_ENTRIES,C1_T10
MOMENTUM_CNYRUBF,MOMENTUM_CNYRUBF_001254,MOMENTUM,CNYRUBF,2023-12-21 16:35:00,2023-12-21 16:45:00,2023-12-21 16:45:00,2023-12-21 16:50:00,2023-12-21 14:05:00--2023-12-21 18:50:00,SHORT,-1,12.857,0.01533333333333333333333333333,12.86620900294952724866995617,12.91,12.858,12.880,12.811,12.854,MODELLED,CONDITIONAL_OPEN_SCENARIO,12.857,12.866,EXIT_ONLY_FROZEN_ENTRIES,C1_T10
MOMENTUM_CNYRUBF,MOMENTUM_CNYRUBF_001259,MOMENTUM,CNYRUBF,2023-12-22 11:05:00,2023-12-22 11:15:00,2023-12-22 11:15:00,2023-12-22 11:20:00,2023-12-22 10:00:00--2023-12-22 14:00:00,SHORT,-1,12.846,0.01783333333333333333333333333,12.87921843877894102234125190,12.906,12.853,12.872,12.792,12.842,MODELLED,CONDITIONAL_OPEN_SCENARIO,12.843,12.871,EXIT_ONLY_FROZEN_ENTRIES,C1_T10
MOMENTUM_CNYRUBF,MOMENTUM_CNYRUBF_001261,MOMENTUM,CNYRUBF,2023-12-22 15:10:00,2023-12-22 15:20:00,2023-12-22 15:20:00,2023-12-22 15:25:00,2023-12-22 14:05:00--2023-12-22 18:50:00,SHORT,-1,12.827,0.01008333333333333333333333333,12.85017880525916669336836596,12.864,12.832,12.842,12.796,12.825,MODELLED,CONDITIONAL_OPEN_SCENARIO,12.827,12.84,EXIT_ONLY_FROZEN_ENTRIES,C1_T10
MOMENTUM_CNYRUBF,MOMENTUM_CNYRUBF_001262,MOMENTUM,CNYRUBF,2023-12-22 17:30:00,2023-12-22 17:40:00,2023-12-22 17:40:00,2023-12-22 17:45:00,2023-12-22 14:05:00--2023-12-22 18:50:00,SHORT,-1,12.828,0.006916666666666666666666666667,12.84689427428503194220550481,12.854,12.837,12.838,12.807,12.827,MODELLED,CONDITIONAL_OPEN_SCENARIO,12.828,12.848,EXIT_ONLY_FROZEN_ENTRIES,C1_T10
MOMENTUM_CNYRUBF,MOMENTUM_CNYRUBF_001264,MOMENTUM,CNYRUBF,2023-12-22 18:00:00,2023-12-22 18:10:00,2023-12-22 18:10:00,2023-12-22 18:15:00,2023-12-22 14:05:00--2023-12-22 18:50:00,LONG,1,12.849,0.00875,12.84580121215812876895900591,12.848,12.818,12.836,12.876,12.851,MODELLED,CONDITIONAL_OPEN_SCENARIO,12.841,12.853,EXIT_ONLY_FROZEN_ENTRIES,C1_T10
MOMENTUM_CNYRUBF,MOMENTUM_CNYRUBF_001271,MOMENTUM,CNYRUBF,2023-12-25 16:40:00,2023-12-25 16:50:00,2023-12-25 16:50:00,2023-12-25 16:55:00,2023-12-25 14:05:00--2023-12-25 18:50:00,SHORT,-1,12.75,0.01433333333333333333333333333,12.81142828171688079134440094,12.84,12.761,12.771,12.707,12.747,MODELLED,CONDITIONAL_OPEN_SCENARIO,12.745,12.796,EXIT_ONLY_FROZEN_ENTRIES,C1_T10
MOMENTUM_CNYRUBF,MOMENTUM_CNYRUBF_001272,MOMENTUM,CNYRUBF,2023-12-26 11:25:00,2023-12-26 11:35:00,2023-12-26 11:35:00,2023-12-26 11:40:00,2023-12-26 10:00:00--2023-12-26 14:00:00,SHORT,-1,12.799,0.007,12.81530514682806545617574535,12.827,12.803,12.809,12.778,12.798,MODELLED,CONDITIONAL_OPEN_SCENARIO,12.799,12.81,EXIT_ONLY_FROZEN_ENTRIES,C1_T10
MOMENTUM_CNYRUBF,MOMENTUM_CNYRUBF_001277,MOMENTUM,CNYRUBF,2023-12-26 17:35:00,2023-12-26 17:45:00,2023-12-26 17:45:00,2023-12-26 17:50:00,2023-12-26 14:05:00--2023-12-26 18:50:00,SHORT,-1,12.779,0.00775,12.78465762690326009103301679,12.794,12.78,12.790,12.755,12.778,MODELLED,CONDITIONAL_OPEN_SCENARIO,12.775,12.794,EXIT_ONLY_FROZEN_ENTRIES,C1_T10
MOMENTUM_CNYRUBF,MOMENTUM_CNYRUBF_001278,MOMENTUM,CNYRUBF,2023-12-27 11:25:00,2023-12-27 11:35:00,2023-12-27 11:35:00,2023-12-27 11:40:00,2023-12-27 10:00:00--2023-12-27 14:00:00,LONG,1,12.818,0.008416666666666666666666666667,12.80795001082178387778101188,12.816,12.786,12.806,12.844,12.820,MODELLED,CONDITIONAL_OPEN_SCENARIO,12.806,12.827,EXIT_ONLY_FROZEN_ENTRIES,C1_T10
MOMENTUM_CNYRUBF,MOMENTUM_CNYRUBF_001279,MOMENTUM,CNYRUBF,2023-12-27 13:10:00,2023-12-27 13:20:00,2023-12-27 13:20:00,2023-12-27 13:25:00,2023-12-27 10:00:00--2023-12-27 14:00:00,SHORT,-1,12.796,0.004166666666666666666666666667,12.80951368194875016502100888,12.816,12.801,12.802,12.783,12.795,MODELLED,CONDITIONAL_OPEN_SCENARIO,12.794,12.806,EXIT_ONLY_FROZEN_ENTRIES,C1_T10
MOMENTUM_CNYRUBF,MOMENTUM_CNYRUBF_001284,MOMENTUM,CNYRUBF,2023-12-28 12:00:00,2023-12-28 12:10:00,2023-12-28 12:10:00,2023-12-28 12:15:00,2023-12-28 10:00:00--2023-12-28 14:00:00,LONG,1,12.704,0.01416666666666666666666666667,12.69142360158573910611219588,12.701,12.637,12.683,12.747,12.707,MODELLED,CONDITIONAL_OPEN_SCENARIO,12.688,12.704,EXIT_ONLY_FROZEN_ENTRIES,C1_T10
MOMENTUM_CNYRUBF,MOMENTUM_CNYRUBF_001289,MOMENTUM,CNYRUBF,2023-12-28 15:30:00,2023-12-28 15:40:00,2023-12-28 15:40:00,2023-12-28 15:45:00,2023-12-28 14:05:00--2023-12-28 18:50:00,LONG,1,12.669,0.01066666666666666666666666667,12.65611891276334322275165573,12.665,12.638,12.653,12.701,12.671,MODELLED,CONDITIONAL_OPEN_SCENARIO,12.638,12.67,EXIT_ONLY_FROZEN_ENTRIES,C1_T10
MOMENTUM_CNYRUBF,MOMENTUM_CNYRUBF_001294,MOMENTUM,CNYRUBF,2023-12-28 17:00:00,2023-12-28 17:10:00,2023-12-28 17:10:00,2023-12-28 17:15:00,2023-12-28 14:05:00--2023-12-28 18:50:00,LONG,1,12.654,0.01725,12.63692052368173988896527763,12.648,12.582,12.629,12.706,12.658,MODELLED,CONDITIONAL_OPEN_SCENARIO,12.63,12.657,EXIT_ONLY_FROZEN_ENTRIES,C1_T10
MOMENTUM_CNYRUBF,MOMENTUM_CNYRUBF_001307,MOMENTUM,CNYRUBF,2023-12-29 17:35:00,2023-12-29 17:45:00,2023-12-29 17:45:00,2023-12-29 17:50:00,2023-12-29 14:05:00--2023-12-29 18:50:00,LONG,1,12.637,0.01475,12.60415573677653188356552271,12.633,12.601,12.615,12.682,12.640,MODELLED,CONDITIONAL_OPEN_SCENARIO,12.602,12.64,EXIT_ONLY_FROZEN_ENTRIES,C1_T10
MOMENTUM_GLDRUBF,MOMENTUM_GLDRUBF_000001,MOMENTUM,GLDRUBF,2023-07-11 12:30:00,2023-07-11 12:40:00,2023-07-11 12:40:00,2023-07-11 12:45:00,2023-07-11 10:00:00--2023-07-11 14:00:00,SHORT,-1,5495.1,4.983333333333333333333333333,5505.012168560606060606060605,5520.5,5497.1,5502.5,5480.1,5493.9,MODELLED,CONDITIONAL_OPEN_SCENARIO,5495.1,5500.4,EXIT_ONLY_FROZEN_ENTRIES,C1_T10
MOMENTUM_GLDRUBF,MOMENTUM_GLDRUBF_000013,MOMENTUM,GLDRUBF,2023-07-14 12:00:00,2023-07-14 12:10:00,2023-07-14 12:10:00,2023-07-14 12:15:00,2023-07-14 10:00:00--2023-07-14 14:00:00,LONG,1,5536.5,5.233333333333333333333333333,5512.231913116123642439431913,5523,5510,5528.7,5552.2,5537.8,MODELLED,CONDITIONAL_OPEN_SCENARIO,5515.2,5536.5,EXIT_ONLY_FROZEN_ENTRIES,C1_T10
MOMENTUM_GLDRUBF,MOMENTUM_GLDRUBF_000014,MOMENTUM,GLDRUBF,2023-07-17 16:05:00,2023-07-17 16:15:00,2023-07-17 16:15:00,2023-07-17 16:20:00,2023-07-17 14:05:00--2023-07-17 18:50:00,SHORT,-1,5520,3.1,5533.274595842956120092378753,5544,5529.6,5524.6,5510.7,5519.3,MODELLED,CONDITIONAL_OPEN_SCENARIO,5520,5537.4,EXIT_ONLY_FROZEN_ENTRIES,C1_T10
MOMENTUM_GLDRUBF,MOMENTUM_GLDRUBF_000023,MOMENTUM,GLDRUBF,2023-07-24 12:00:00,2023-07-24 12:10:00,2023-07-24 12:10:00,2023-07-24 12:15:00,2023-07-24 10:00:00--2023-07-24 14:00:00,SHORT,-1,5637.1,2.783333333333333333333333333,5648.375862068965517241379310,5660.1,5640.1,5641.2,5628.7,5636.5,MODELLED,CONDITIONAL_OPEN_SCENARIO,5637.1,5644.7,EXIT_ONLY_FROZEN_ENTRIES,C1_T10
MOMENTUM_GLDRUBF,MOMENTUM_GLDRUBF_000034,MOMENTUM,GLDRUBF,2023-07-28 17:50:00,2023-07-28 18:00:00,2023-07-28 18:00:00,2023-07-28 18:05:00,2023-07-28 14:05:00--2023-07-28 18:50:00,LONG,1,5683.3,6.983333333333333333333333333,5658.122539682539682539682540,5676.6,5645.8,5672.9,5704.3,5685.0,MODELLED,CONDITIONAL_OPEN_SCENARIO,5659.4,5683.3,EXIT_ONLY_FROZEN_ENTRIES,C1_T10
MOMENTUM_GLDRUBF,MOMENTUM_GLDRUBF_000047,MOMENTUM,GLDRUBF,2023-08-01 17:05:00,2023-08-01 17:15:00,2023-08-01 17:15:00,2023-08-01 17:20:00,2023-08-01 14:05:00--2023-08-01 18:50:00,LONG,1,5717.9,5.191666666666666666666666667,5702.250049164208456243854473,5714.2,5691,5710.2,5733.5,5719.1,MODELLED,CONDITIONAL_OPEN_SCENARIO,5707,5718,EXIT_ONLY_FROZEN_ENTRIES,C1_T10
MOMENTUM_GLDRUBF,MOMENTUM_GLDRUBF_000051,MOMENTUM,GLDRUBF,2023-08-02 15:25:00,2023-08-02 15:35:00,2023-08-02 15:35:00,2023-08-02 15:40:00,2023-08-02 14:05:00--2023-08-02 18:50:00,SHORT,-1,5730,8.833333333333333333333333333,5758.141772365973279215288346,5780,5746,5743.2,5703.5,5727.8,MODELLED,CONDITIONAL_OPEN_SCENARIO,5726.8,5760,EXIT_ONLY_FROZEN_ENTRIES,C1_T10
MOMENTUM_GLDRUBF,MOMENTUM_GLDRUBF_000052,MOMENTUM,GLDRUBF,2023-08-02 17:30:00,2023-08-02 17:40:00,2023-08-02 17:40:00,2023-08-02 17:45:00,2023-08-02 14:05:00--2023-08-02 18:50:00,SHORT,-1,5759.1,8.058333333333333333333333333,5776.458710317460317460317461,5784.5,5762,5771.1,5734.9,5757.1,MODELLED,CONDITIONAL_OPEN_SCENARIO,5757.5,5770.1,EXIT_ONLY_FROZEN_ENTRIES,C1_T10
MOMENTUM_GLDRUBF,MOMENTUM_GLDRUBF_000054,MOMENTUM,GLDRUBF,2023-08-03 12:20:00,2023-08-03 12:30:00,2023-08-03 12:30:00,2023-08-03 12:35:00,2023-08-03 10:00:00--2023-08-03 14:00:00,LONG,1,5752.8,5.183333333333333333333333333,5735.500082203041512535963831,5746.6,5725,5745.1,5768.4,5754.0,MODELLED,CONDITIONAL_OPEN_SCENARIO,5732.3,5757.3,EXIT_ONLY_FROZEN_ENTRIES,C1_T10
MOMENTUM_GLDRUBF,MOMENTUM_GLDRUBF_000073,MOMENTUM,GLDRUBF,2023-08-11 11:35:00,2023-08-11 11:45:00,2023-08-11 11:45:00,2023-08-11 11:50:00,2023-08-11 10:00:00--2023-08-11 14:00:00,LONG,1,6005.3,4.55,5997.066010928961748633879782,6002.2,5990,5998.5,6019.0,6006.4,MODELLED,CONDITIONAL_OPEN_SCENARIO,5996.3,6005.3,EXIT_ONLY_FROZEN_ENTRIES,C1_T10
MOMENTUM_GLDRUBF,MOMENTUM_GLDRUBF_000077,MOMENTUM,GLDRUBF,2023-08-11 16:25:00,2023-08-11 16:35:00,2023-08-11 16:35:00,2023-08-11 16:40:00,2023-08-11 14:05:00--2023-08-11 18:50:00,LONG,1,6056.1,8.733333333333333333333333333,6041.308547008547008547008542,6054.4,6027.8,6043.0,6082.3,6058.2,MODELLED,CONDITIONAL_OPEN_SCENARIO,6045.1,6056.1,EXIT_ONLY_FROZEN_ENTRIES,C1_T10
MOMENTUM_GLDRUBF,MOMENTUM_GLDRUBF_000080,MOMENTUM,GLDRUBF,2023-08-14 11:50:00,2023-08-14 12:00:00,2023-08-14 12:00:00,2023-08-14 12:05:00,2023-08-14 10:00:00--2023-08-14 14:00:00,SHORT,-1,6154.5,8.025,6186.735301353013530135301352,6180,6156,6166.5,6130.4,6152.5,MODELLED,CONDITIONAL_OPEN_SCENARIO,6154.5,6167,EXIT_ONLY_FROZEN_ENTRIES,C1_T10
MOMENTUM_GLDRUBF,MOMENTUM_GLDRUBF_000088,MOMENTUM,GLDRUBF,2023-08-15 17:10:00,2023-08-15 17:20:00,2023-08-15 17:20:00,2023-08-15 17:25:00,2023-08-15 14:05:00--2023-08-15 18:50:00,LONG,1,6008.9,5.55,5987.291843255970400269088466,6006,5986.2,6000.6,6025.6,6010.2,MODELLED,CONDITIONAL_OPEN_SCENARIO,5996,6008.9,EXIT_ONLY_FROZEN_ENTRIES,C1_T10
MOMENTUM_GLDRUBF,MOMENTUM_GLDRUBF_000090,MOMENTUM,GLDRUBF,2023-08-16 15:25:00,2023-08-16 15:35:00,2023-08-16 15:35:00,2023-08-16 15:40:00,2023-08-16 14:05:00--2023-08-16 18:50:00,SHORT,-1,5770,12.28333333333333333333333333,5795.002796470764169283684760,5833.1,5786.9,5788.4,5733.1,5767.0,MODELLED,CONDITIONAL_OPEN_SCENARIO,5751,5805.9,EXIT_ONLY_FROZEN_ENTRIES,C1_T10
MOMENTUM_GLDRUBF,MOMENTUM_GLDRUBF_000093,MOMENTUM,GLDRUBF,2023-08-16 17:30:00,2023-08-16 17:40:00,2023-08-16 17:40:00,2023-08-16 17:45:00,2023-08-16 14:05:00--2023-08-16 18:50:00,SHORT,-1,5718.3,13.15833333333333333333333333,5778.944008606421714664018530,5780,5738.9,5738.0,5678.8,5715.1,MODELLED,CONDITIONAL_OPEN_SCENARIO,5718.3,5772.8,EXIT_ONLY_FROZEN_ENTRIES,C1_T10
MOMENTUM_GLDRUBF,MOMENTUM_GLDRUBF_000096,MOMENTUM,GLDRUBF,2023-08-17 15:50:00,2023-08-17 16:00:00,2023-08-17 16:00:00,2023-08-17 16:05:00,2023-08-17 14:05:00--2023-08-17 18:50:00,LONG,1,5655.7,5.866666666666666666666666667,5635.079243404678944748631160,5655,5633.6,5646.9,5673.3,5657.1,MODELLED,CONDITIONAL_OPEN_SCENARIO,5639.1,5655.7,EXIT_ONLY_FROZEN_ENTRIES,C1_T10
MOMENTUM_GLDRUBF,MOMENTUM_GLDRUBF_000097,MOMENTUM,GLDRUBF,2023-08-17 17:20:00,2023-08-17 17:30:00,2023-08-17 17:30:00,2023-08-17 17:35:00,2023-08-17 14:05:00--2023-08-17 18:50:00,SHORT,-1,5646.6,6.741666666666666666666666667,5666.569382716049382716049383,5680,5660,5656.7,5626.3,5645.0,MODELLED,CONDITIONAL_OPEN_SCENARIO,5645.5,5676.3,EXIT_ONLY_FROZEN_ENTRIES,C1_T10
MOMENTUM_GLDRUBF,MOMENTUM_GLDRUBF_000099,MOMENTUM,GLDRUBF,2023-08-18 11:10:00,2023-08-18 11:20:00,2023-08-18 11:20:00,2023-08-18 11:25:00,2023-08-18 10:00:00--2023-08-18 14:00:00,SHORT,-1,5583.1,12.425,5607.953226761397276494967438,5654.9,5583.7,5601.7,5545.8,5580.0,MODELLED,CONDITIONAL_OPEN_SCENARIO,5582.1,5600,EXIT_ONLY_FROZEN_ENTRIES,C1_T10
MOMENTUM_GLDRUBF,MOMENTUM_GLDRUBF_000100,MOMENTUM,GLDRUBF,2023-08-18 11:50:00,2023-08-18 12:00:00,2023-08-18 12:00:00,2023-08-18 12:05:00,2023-08-18 10:00:00--2023-08-18 14:00:00,LONG,1,5603.3,8.991666666666666666666666667,5605.093046080191502094554162,5603,5580.1,5589.9,5630.3,5605.5,MODELLED,CONDITIONAL_OPEN_SCENARIO,5591.2,5603.3,EXIT_ONLY_FROZEN_ENTRIES,C1_T10
MOMENTUM_GLDRUBF,MOMENTUM_GLDRUBF_000115,MOMENTUM,GLDRUBF,2023-08-18 17:50:00,2023-08-18 18:00:00,2023-08-18 18:00:00,2023-08-18 18:05:00,2023-08-18 14:05:00--2023-08-18 18:50:00,SHORT,-1,5664.9,6.966666666666666666666666667,5666.351590318063612722544509,5687.9,5666,5675.3,5644.0,5663.2,MODELLED,CONDITIONAL_OPEN_SCENARIO,5664.9,5682.3,EXIT_ONLY_FROZEN_ENTRIES,C1_T10
MOMENTUM_GLDRUBF,MOMENTUM_GLDRUBF_000116,MOMENTUM,GLDRUBF,2023-08-21 12:05:00,2023-08-21 12:15:00,2023-08-21 12:15:00,2023-08-21 12:20:00,2023-08-21 10:00:00--2023-08-21 14:00:00,SHORT,-1,5690.7,5.891666666666666666666666667,5690.910380642584032414540887,5713.8,5696,5699.5,5673.0,5689.3,MODELLED,CONDITIONAL_OPEN_SCENARIO,5690.7,5701.9,EXIT_ONLY_FROZEN_ENTRIES,C1_T10
MOMENTUM_GLDRUBF,MOMENTUM_GLDRUBF_000126,MOMENTUM,GLDRUBF,2023-08-23 11:20:00,2023-08-23 11:30:00,2023-08-23 11:30:00,2023-08-23 11:35:00,2023-08-23 10:00:00--2023-08-23 14:00:00,SHORT,-1,5756,6.366666666666666666666666667,5766.356137724550898203592814,5779.4,5759.1,5765.5,5736.9,5754.5,MODELLED,CONDITIONAL_OPEN_SCENARIO,5756,5766.9,EXIT_ONLY_FROZEN_ENTRIES,C1_T10
MOMENTUM_GLDRUBF,MOMENTUM_GLDRUBF_000130,MOMENTUM,GLDRUBF,2023-08-24 11:40:00,2023-08-24 11:50:00,2023-08-24 11:50:00,2023-08-24 11:55:00,2023-08-24 10:00:00--2023-08-24 14:00:00,LONG,1,5847.6,3.558333333333333333333333333,5832.264533333333333333333334,5846.4,5819.5,5842.3,5858.3,5848.4,MODELLED,CONDITIONAL_OPEN_SCENARIO,5838.4,5847.6,EXIT_ONLY_FROZEN_ENTRIES,C1_T10
MOMENTUM_GLDRUBF,MOMENTUM_GLDRUBF_000131,MOMENTUM,GLDRUBF,2023-08-24 16:40:00,2023-08-24 16:50:00,2023-08-24 16:50:00,2023-08-24 16:55:00,2023-08-24 14:05:00--2023-08-24 18:50:00,SHORT,-1,5829,2.558333333333333333333333333,5831.295014245014245014245016,5836,5829.6,5832.8,5821.3,5828.4,MODELLED,CONDITIONAL_OPEN_SCENARIO,5829,5835.6,EXIT_ONLY_FROZEN_ENTRIES,C1_T10
MOMENTUM_GLDRUBF,MOMENTUM_GLDRUBF_000137,MOMENTUM,GLDRUBF,2023-08-25 17:05:00,2023-08-25 17:15:00,2023-08-25 17:15:00,2023-08-25 17:20:00,2023-08-25 14:05:00--2023-08-25 18:50:00,LONG,1,5909.2,8.45,5883.838846153846153846153846,5908,5865,5896.6,5934.6,5911.3,MODELLED,CONDITIONAL_OPEN_SCENARIO,5884.5,5910.8,EXIT_ONLY_FROZEN_ENTRIES,C1_T10
MOMENTUM_GLDRUBF,MOMENTUM_GLDRUBF_000150,MOMENTUM,GLDRUBF,2023-09-05 12:05:00,2023-09-05 12:15:00,2023-09-05 12:15:00,2023-09-05 12:20:00,2023-09-05 10:00:00--2023-09-05 14:00:00,SHORT,-1,6054.4,3.55,6062.759409722222222222222229,6073.2,6057.9,6059.7,6043.7,6053.6,MODELLED,CONDITIONAL_OPEN_SCENARIO,6053.7,6064.5,EXIT_ONLY_FROZEN_ENTRIES,C1_T10
MOMENTUM_GLDRUBF,MOMENTUM_GLDRUBF_000156,MOMENTUM,GLDRUBF,2023-09-06 11:10:00,2023-09-06 11:20:00,2023-09-06 11:20:00,2023-09-06 11:25:00,2023-09-06 10:00:00--2023-09-06 14:00:00,SHORT,-1,6051,6.283333333333333333333333333,6060.501519468186134852801520,6074.3,6054.7,6060.4,6032.1,6049.5,MODELLED,CONDITIONAL_OPEN_SCENARIO,6050.8,6059.9,EXIT_ONLY_FROZEN_ENTRIES,C1_T10
MOMENTUM_GLDRUBF,MOMENTUM_GLDRUBF_000158,MOMENTUM,GLDRUBF,2023-09-06 12:00:00,2023-09-06 12:10:00,2023-09-06 12:10:00,2023-09-06 12:15:00,2023-09-06 10:00:00--2023-09-06 14:00:00,LONG,1,6075.5,5.316666666666666666666666667,6059.949396911283958967421934,6074.7,6050.1,6067.6,6091.5,6076.8,MODELLED,CONDITIONAL_OPEN_SCENARIO,6070,6075.5,EXIT_ONLY_FROZEN_ENTRIES,C1_T10
MOMENTUM_GLDRUBF,MOMENTUM_GLDRUBF_000163,MOMENTUM,GLDRUBF,2023-09-06 17:35:00,2023-09-06 17:45:00,2023-09-06 17:45:00,2023-09-06 17:50:00,2023-09-06 14:05:00--2023-09-06 18:50:00,SHORT,-1,6074.1,5.341666666666666666666666667,6080.001294903926482873851295,6097,6078.6,6082.1,6058.0,6072.8,MODELLED,CONDITIONAL_OPEN_SCENARIO,6073.1,6083.6,EXIT_ONLY_FROZEN_ENTRIES,C1_T10
MOMENTUM_GLDRUBF,MOMENTUM_GLDRUBF_000170,MOMENTUM,GLDRUBF,2023-09-08 12:10:00,2023-09-08 12:20:00,2023-09-08 12:20:00,2023-09-08 12:25:00,2023-09-08 10:00:00--2023-09-08 14:00:00,LONG,1,6060,6.483333333333333333333333333,6051.967214076246334310850440,6058.8,6038,6050.3,6079.5,6061.6,MODELLED,CONDITIONAL_OPEN_SCENARIO,6045,6060,EXIT_ONLY_FROZEN_ENTRIES,C1_T10
MOMENTUM_GLDRUBF,MOMENTUM_GLDRUBF_000175,MOMENTUM,GLDRUBF,2023-09-11 17:30:00,2023-09-11 17:40:00,2023-09-11 17:40:00,2023-09-11 17:45:00,2023-09-11 14:05:00--2023-09-11 18:50:00,SHORT,-1,5901.1,7.433333333333333333333333333,5923.042400000000000000000001,5936,5902,5912.2,5878.8,5899.3,MODELLED,CONDITIONAL_OPEN_SCENARIO,5901.1,5909.9,EXIT_ONLY_FROZEN_ENTRIES,C1_T10
MOMENTUM_GLDRUBF,MOMENTUM_GLDRUBF_000182,MOMENTUM,GLDRUBF,2023-09-12 11:30:00,2023-09-12 11:40:00,2023-09-12 11:40:00,2023-09-12 11:45:00,2023-09-12 10:00:00--2023-09-12 14:00:00,LONG,1,5858,8.033333333333333333333333333,5825.171146322378716744913928,5854.9,5817.2,5846.0,5882.1,5860.0,MODELLED,CONDITIONAL_OPEN_SCENARIO,5848,5858.2,EXIT_ONLY_FROZEN_ENTRIES,C1_T10
MOMENTUM_GLDRUBF,MOMENTUM_GLDRUBF_000183,MOMENTUM,GLDRUBF,2023-09-12 12:05:00,2023-09-12 12:15:00,2023-09-12 12:15:00,2023-09-12 12:20:00,2023-09-12 10:00:00--2023-09-12 14:00:00,LONG,1,5862.9,7.308333333333333333333333333,5836.534156517816869643662608,5862.5,5834,5852.0,5884.9,5864.7,MODELLED,CONDITIONAL_OPEN_SCENARIO,5847.5,5862.9,EXIT_ONLY_FROZEN_ENTRIES,C1_T10
MOMENTUM_GLDRUBF,MOMENTUM_GLDRUBF_000192,MOMENTUM,GLDRUBF,2023-09-12 16:20:00,2023-09-12 16:30:00,2023-09-12 16:30:00,2023-09-12 16:35:00,2023-09-12 14:05:00--2023-09-12 18:50:00,LONG,1,5804.3,7.075,5792.951726065688329839273233,5802.6,5756.7,5793.7,5825.6,5806.0,MODELLED,CONDITIONAL_OPEN_SCENARIO,5789.6,5805,EXIT_ONLY_FROZEN_ENTRIES,C1_T10
MOMENTUM_GLDRUBF,MOMENTUM_GLDRUBF_000203,MOMENTUM,GLDRUBF,2023-09-13 16:05:00,2023-09-13 16:15:00,2023-09-13 16:15:00,2023-09-13 16:20:00,2023-09-13 14:05:00--2023-09-13 18:50:00,LONG,1,5915,9.433333333333333333333333333,5894.966843189173286260664903,5909.5,5875.7,5900.9,5943.3,5917.3,MODELLED,CONDITIONAL_OPEN_SCENARIO,5896,5919.8,EXIT_ONLY_FROZEN_ENTRIES,C1_T10
MOMENTUM_GLDRUBF,MOMENTUM_GLDRUBF_000210,MOMENTUM,GLDRUBF,2023-09-14 12:50:00,2023-09-14 13:00:00,2023-09-14 13:00:00,2023-09-14 13:05:00,2023-09-14 10:00:00--2023-09-14 14:00:00,SHORT,-1,5878.4,4.291666666666666666666666667,5877.890842260029405587061543,5906.5,5884.9,5884.8,5865.5,5877.4,MODELLED,CONDITIONAL_OPEN_SCENARIO,5878.4,5889.5,EXIT_ONLY_FROZEN_ENTRIES,C1_T10
MOMENTUM_GLDRUBF,MOMENTUM_GLDRUBF_000226,MOMENTUM,GLDRUBF,2023-09-21 12:35:00,2023-09-21 12:45:00,2023-09-21 12:45:00,2023-09-21 12:50:00,2023-09-21 10:00:00--2023-09-21 14:00:00,SHORT,-1,5872.7,4.983333333333333333333333333,5882.363163766175814368585453,5899.6,5880.5,5880.1,5857.7,5871.5,MODELLED,CONDITIONAL_OPEN_SCENARIO,5872,5888,EXIT_ONLY_FROZEN_ENTRIES,C1_T10
MOMENTUM_GLDRUBF,MOMENTUM_GLDRUBF_000250,MOMENTUM,GLDRUBF,2023-09-26 11:15:00,2023-09-26 11:25:00,2023-09-26 11:25:00,2023-09-26 11:30:00,2023-09-26 10:00:00--2023-09-26 14:00:00,LONG,1,5865.7,3.325,5859.366259485471034610401629,5862.5,5845,5860.8,5875.7,5866.5,MODELLED,CONDITIONAL_OPEN_SCENARIO,5858.4,5865.7,EXIT_ONLY_FROZEN_ENTRIES,C1_T10
MOMENTUM_GLDRUBF,MOMENTUM_GLDRUBF_000266,MOMENTUM,GLDRUBF,2023-10-02 17:50:00,2023-10-02 18:00:00,2023-10-02 18:00:00,2023-10-02 18:05:00,2023-10-02 14:05:00--2023-10-02 18:50:00,LONG,1,5832.9,5.225,5824.783582238152130625248907,5830,5812,5825.1,5848.6,5834.2,MODELLED,CONDITIONAL_OPEN_SCENARIO,5826,5832.9,EXIT_ONLY_FROZEN_ENTRIES,C1_T10
MOMENTUM_GLDRUBF,MOMENTUM_GLDRUBF_000276,MOMENTUM,GLDRUBF,2023-10-04 17:05:00,2023-10-04 17:15:00,2023-10-04 17:15:00,2023-10-04 17:20:00,2023-10-04 14:05:00--2023-10-04 18:50:00,SHORT,-1,5801.3,4.941666666666666666666666667,5818.633187657263938551185276,5824,5804.4,5808.7,5786.4,5800.1,MODELLED,CONDITIONAL_OPEN_SCENARIO,5801.3,5815.6,EXIT_ONLY_FROZEN_ENTRIES,C1_T10
MOMENTUM_GLDRUBF,MOMENTUM_GLDRUBF_000290,MOMENTUM,GLDRUBF,2023-10-06 12:00:00,2023-10-06 12:10:00,2023-10-06 12:10:00,2023-10-06 12:15:00,2023-10-06 10:00:00--2023-10-06 14:00:00,SHORT,-1,5793,6.2,5820.470620868744098205854579,5833.2,5796.8,5802.3,5774.4,5791.5,MODELLED,CONDITIONAL_OPEN_SCENARIO,5793,5801.1,EXIT_ONLY_FROZEN_ENTRIES,C1_T10
MOMENTUM_GLDRUBF,MOMENTUM_GLDRUBF_000301,MOMENTUM,GLDRUBF,2023-10-09 12:35:00,2023-10-09 12:45:00,2023-10-09 12:45:00,2023-10-09 12:50:00,2023-10-09 10:00:00--2023-10-09 14:00:00,LONG,1,5926.5,6.441666666666666666666666667,5908.149971780110621966361893,5917,5900.8,5916.9,5945.9,5928.1,MODELLED,CONDITIONAL_OPEN_SCENARIO,5909.9,5928,EXIT_ONLY_FROZEN_ENTRIES,C1_T10
MOMENTUM_GLDRUBF,MOMENTUM_GLDRUBF_000307,MOMENTUM,GLDRUBF,2023-10-09 15:55:00,2023-10-09 16:05:00,2023-10-09 16:05:00,2023-10-09 16:10:00,2023-10-09 14:05:00--2023-10-09 18:50:00,SHORT,-1,5955,6.675,5962.776141434946790250600760,5976,5957.4,5965.0,5934.9,5953.4,MODELLED,CONDITIONAL_OPEN_SCENARIO,5953.5,5964,EXIT_ONLY_FROZEN_ENTRIES,C1_T10
MOMENTUM_GLDRUBF,MOMENTUM_GLDRUBF_000315,MOMENTUM,GLDRUBF,2023-10-09 17:10:00,2023-10-09 17:20:00,2023-10-09 17:20:00,2023-10-09 17:25:00,2023-10-09 14:05:00--2023-10-09 18:50:00,SHORT,-1,5900,11.43333333333333333333333333,5943.983281985451433461703039,5962,5905.4,5917.1,5865.7,5897.2,MODELLED,CONDITIONAL_OPEN_SCENARIO,5900,5923.4,EXIT_ONLY_FROZEN_ENTRIES,C1_T10
MOMENTUM_GLDRUBF,MOMENTUM_GLDRUBF_000316,MOMENTUM,GLDRUBF,2023-10-09 17:45:00,2023-10-09 17:55:00,2023-10-09 17:55:00,2023-10-09 18:00:00,2023-10-09 14:05:00--2023-10-09 18:50:00,SHORT,-1,5889.9,12.6,5936.754405317493989534719277,5932.9,5900,5908.8,5852.1,5886.8,MODELLED,CONDITIONAL_OPEN_SCENARIO,5884.9,5917.4,EXIT_ONLY_FROZEN_ENTRIES,C1_T10
MOMENTUM_GLDRUBF,MOMENTUM_GLDRUBF_000321,MOMENTUM,GLDRUBF,2023-10-10 11:40:00,2023-10-10 11:50:00,2023-10-10 11:50:00,2023-10-10 11:55:00,2023-10-10 10:00:00--2023-10-10 14:00:00,SHORT,-1,5878.4,11.19166666666666666666666667,5895.366730506155950752393981,5910,5880,5895.1,5844.8,5875.7,MODELLED,CONDITIONAL_OPEN_SCENARIO,5878.4,5893.4,EXIT_ONLY_FROZEN_ENTRIES,C1_T10
MOMENTUM_GLDRUBF,MOMENTUM_GLDRUBF_000323,MOMENTUM,GLDRUBF,2023-10-10 12:30:00,2023-10-10 12:40:00,2023-10-10 12:40:00,2023-10-10 12:45:00,2023-10-10 10:00:00--2023-10-10 14:00:00,SHORT,-1,5869.3,9.558333333333333333333333333,5892.566364804110468850353245,5905,5873.6,5883.6,5840.6,5867.0,MODELLED,CONDITIONAL_OPEN_SCENARIO,5869.3,5886,EXIT_ONLY_FROZEN_ENTRIES,C1_T10
MOMENTUM_GLDRUBF,MOMENTUM_GLDRUBF_000333,MOMENTUM,GLDRUBF,2023-10-11 12:00:00,2023-10-11 12:10:00,2023-10-11 12:10:00,2023-10-11 12:15:00,2023-10-11 10:00:00--2023-10-11 14:00:00,LONG,1,5952.3,6.333333333333333333333333333,5952.093499638467100506146061,5950,5931,5942.8,5971.3,5953.8,MODELLED,CONDITIONAL_OPEN_SCENARIO,5940.5,5952.3,EXIT_ONLY_FROZEN_ENTRIES,C1_T10
MOMENTUM_GLDRUBF,MOMENTUM_GLDRUBF_000337,MOMENTUM,GLDRUBF,2023-10-11 16:05:00,2023-10-11 16:15:00,2023-10-11 16:15:00,2023-10-11 16:20:00,2023-10-11 14:05:00--2023-10-11 18:50:00,SHORT,-1,5929.9,5.341666666666666666666666667,5941.663012134189864382583872,5946,5930,5937.9,5913.8,5928.6,MODELLED,CONDITIONAL_OPEN_SCENARIO,5929.9,5940,EXIT_ONLY_FROZEN_ENTRIES,C1_T10
MOMENTUM_GLDRUBF,MOMENTUM_GLDRUBF_000339,MOMENTUM,GLDRUBF,2023-10-12 12:30:00,2023-10-12 12:40:00,2023-10-12 12:40:00,2023-10-12 12:45:00,2023-10-12 10:00:00--2023-10-12 14:00:00,SHORT,-1,5782.5,4.108333333333333333333333333,5790.500430794886047804335743,5798,5785.1,5788.6,5770.1,5781.5,MODELLED,CONDITIONAL_OPEN_SCENARIO,5782.5,5798,EXIT_ONLY_FROZEN_ENTRIES,C1_T10
MOMENTUM_GLDRUBF,MOMENTUM_GLDRUBF_000343,MOMENTUM,GLDRUBF,2023-10-12 16:20:00,2023-10-12 16:30:00,2023-10-12 16:30:00,2023-10-12 16:35:00,2023-10-12 14:05:00--2023-10-12 18:50:00,SHORT,-1,5771.2,6.366666666666666666666666667,5790.749278579356270810210880,5799.4,5776.4,5780.7,5752.1,5769.7,MODELLED,CONDITIONAL_OPEN_SCENARIO,5770.8,5784.9,EXIT_ONLY_FROZEN_ENTRIES,C1_T10
MOMENTUM_GLDRUBF,MOMENTUM_GLDRUBF_000348,MOMENTUM,GLDRUBF,2023-10-13 13:05:00,2023-10-13 13:15:00,2023-10-13 13:15:00,2023-10-13 13:20:00,2023-10-13 10:00:00--2023-10-13 14:00:00,LONG,1,5781.5,8.658333333333333333333333333,5775.864045278522490318736968,5780.2,5758,5768.6,5807.5,5783.6,MODELLED,CONDITIONAL_OPEN_SCENARIO,5772.7,5781.5,EXIT_ONLY_FROZEN_ENTRIES,C1_T10
MOMENTUM_GLDRUBF,MOMENTUM_GLDRUBF_000352,MOMENTUM,GLDRUBF,2023-10-13 15:45:00,2023-10-13 15:55:00,2023-10-13 15:55:00,2023-10-13 16:00:00,2023-10-13 14:05:00--2023-10-13 18:50:00,LONG,1,5838,7.333333333333333333333333333,5811.692177097203728362183755,5830,5782.5,5827.0,5860.0,5839.8,MODELLED,CONDITIONAL_OPEN_SCENARIO,5810.9,5838,EXIT_ONLY_FROZEN_ENTRIES,C1_T10
MOMENTUM_GLDRUBF,MOMENTUM_GLDRUBF_000354,MOMENTUM,GLDRUBF,2023-10-13 16:40:00,2023-10-13 16:50:00,2023-10-13 16:50:00,2023-10-13 16:55:00,2023-10-13 14:05:00--2023-10-13 18:50:00,SHORT,-1,5808.5,9.016666666666666666666666667,5817.619939380818358952154146,5846,5808.8,5822.0,5781.4,5806.3,MODELLED,CONDITIONAL_OPEN_SCENARIO,5800.6,5822.9,EXIT_ONLY_FROZEN_ENTRIES,C1_T10
MOMENTUM_GLDRUBF,MOMENTUM_GLDRUBF_000355,MOMENTUM,GLDRUBF,2023-10-13 17:20:00,2023-10-13 17:30:00,2023-10-13 17:30:00,2023-10-13 17:35:00,2023-10-13 14:05:00--2023-10-13 18:50:00,LONG,1,5829,8.283333333333333333333333333,5818.418263386396526772793054,5823.8,5800.6,5816.6,5853.9,5831.0,MODELLED,CONDITIONAL_OPEN_SCENARIO,5817.3,5829,EXIT_ONLY_FROZEN_ENTRIES,C1_T10
MOMENTUM_GLDRUBF,MOMENTUM_GLDRUBF_000361,MOMENTUM,GLDRUBF,2023-10-16 11:45:00,2023-10-16 11:55:00,2023-10-16 11:55:00,2023-10-16 12:00:00,2023-10-16 10:00:00--2023-10-16 14:00:00,LONG,1,5874.9,7.925,5861.901398869406917696656128,5874.1,5860,5863.1,5898.7,5876.8,MODELLED,CONDITIONAL_OPEN_SCENARIO,5865,5875,EXIT_ONLY_FROZEN_ENTRIES,C1_T10
MOMENTUM_GLDRUBF,MOMENTUM_GLDRUBF_000366,MOMENTUM,GLDRUBF,2023-10-16 17:40:00,2023-10-16 17:50:00,2023-10-16 17:50:00,2023-10-16 17:55:00,2023-10-16 14:05:00--2023-10-16 18:50:00,LONG,1,5892,5.425,5882.293129032258064516129035,5891.4,5877,5883.9,5908.3,5893.3,MODELLED,CONDITIONAL_OPEN_SCENARIO,5889.8,5892,EXIT_ONLY_FROZEN_ENTRIES,C1_T10
MOMENTUM_GLDRUBF,MOMENTUM_GLDRUBF_000382,MOMENTUM,GLDRUBF,2023-10-18 15:10:00,2023-10-18 15:20:00,2023-10-18 15:20:00,2023-10-18 15:25:00,2023-10-18 14:05:00--2023-10-18 18:50:00,LONG,1,5949.1,3.458333333333333333333333333,5939.529486260454002389486260,5948.4,5934.1,5944.0,5959.5,5949.9,MODELLED,CONDITIONAL_OPEN_SCENARIO,5941.3,5949.1,EXIT_ONLY_FROZEN_ENTRIES,C1_T10
MOMENTUM_GLDRUBF,MOMENTUM_GLDRUBF_000387,MOMENTUM,GLDRUBF,2023-10-18 17:50:00,2023-10-18 18:00:00,2023-10-18 18:00:00,2023-10-18 18:05:00,2023-10-18 14:05:00--2023-10-18 18:50:00,SHORT,-1,5952.5,7.525,5945.520032347504621072088727,5974,5955,5963.7,5929.9,5950.7,MODELLED,CONDITIONAL_OPEN_SCENARIO,5952.5,5963,EXIT_ONLY_FROZEN_ENTRIES,C1_T10
MOMENTUM_GLDRUBF,MOMENTUM_GLDRUBF_000392,MOMENTUM,GLDRUBF,2023-10-19 15:35:00,2023-10-19 15:45:00,2023-10-19 15:45:00,2023-10-19 15:50:00,2023-10-19 14:05:00--2023-10-19 18:50:00,LONG,1,5911.9,9.358333333333333333333333333,5897.834060206609638666853644,5911.6,5880.1,5897.9,5940.0,5914.2,MODELLED,CONDITIONAL_OPEN_SCENARIO,5901.6,5915.8,EXIT_ONLY_FROZEN_ENTRIES,C1_T10
MOMENTUM_GLDRUBF,MOMENTUM_GLDRUBF_000394,MOMENTUM,GLDRUBF,2023-10-20 15:40:00,2023-10-20 15:50:00,2023-10-20 15:50:00,2023-10-20 15:55:00,2023-10-20 14:05:00--2023-10-20 18:50:00,LONG,1,5926.1,6.483333333333333333333333333,5919.102050663449939686369116,5921.8,5900,5916.4,5945.6,5927.7,MODELLED,CONDITIONAL_OPEN_SCENARIO,5907.1,5926.1,EXIT_ONLY_FROZEN_ENTRIES,C1_T10
MOMENTUM_GLDRUBF,MOMENTUM_GLDRUBF_000396,MOMENTUM,GLDRUBF,2023-10-20 16:20:00,2023-10-20 16:30:00,2023-10-20 16:30:00,2023-10-20 16:35:00,2023-10-20 14:05:00--2023-10-20 18:50:00,SHORT,-1,5906.8,5.35,5918.832042772861356932153390,5929.3,5907.1,5914.8,5890.7,5905.5,MODELLED,CONDITIONAL_OPEN_SCENARIO,5905.3,5924.9,EXIT_ONLY_FROZEN_ENTRIES,C1_T10
MOMENTUM_GLDRUBF,MOMENTUM_GLDRUBF_000397,MOMENTUM,GLDRUBF,2023-10-20 17:05:00,2023-10-20 17:15:00,2023-10-20 17:15:00,2023-10-20 17:20:00,2023-10-20 14:05:00--2023-10-20 18:50:00,LONG,1,5927.6,5.358333333333333333333333333,5918.414152202937249666221627,5926,5905.3,5919.6,5943.7,5928.9,MODELLED,CONDITIONAL_OPEN_SCENARIO,5916.7,5928.6,EXIT_ONLY_FROZEN_ENTRIES,C1_T10
MOMENTUM_GLDRUBF,MOMENTUM_GLDRUBF_000401,MOMENTUM,GLDRUBF,2023-10-23 12:10:00,2023-10-23 12:20:00,2023-10-23 12:20:00,2023-10-23 12:25:00,2023-10-23 10:00:00--2023-10-23 14:00:00,SHORT,-1,5851.5,8.933333333333333333333333333,5876.253605704787947026969064,5883.4,5859,5864.9,5824.7,5849.3,MODELLED,CONDITIONAL_OPEN_SCENARIO,5841,5870.6,EXIT_ONLY_FROZEN_ENTRIES,C1_T10
MOMENTUM_GLDRUBF,MOMENTUM_GLDRUBF_000404,MOMENTUM,GLDRUBF,2023-10-23 16:10:00,2023-10-23 16:20:00,2023-10-23 16:20:00,2023-10-23 16:25:00,2023-10-23 14:05:00--2023-10-23 18:50:00,SHORT,-1,5849.8,6.183333333333333333333333333,5865.734303652968036529680365,5877.2,5854.1,5859.0,5831.2,5848.3,MODELLED,CONDITIONAL_OPEN_SCENARIO,5849.8,5862.9,EXIT_ONLY_FROZEN_ENTRIES,C1_T10
MOMENTUM_GLDRUBF,MOMENTUM_GLDRUBF_000415,MOMENTUM,GLDRUBF,2023-10-24 15:20:00,2023-10-24 15:30:00,2023-10-24 15:30:00,2023-10-24 15:35:00,2023-10-24 14:05:00--2023-10-24 18:50:00,LONG,1,5837,3.358333333333333333333333333,5824.562705605908022826451833,5835,5819.1,5832.0,5847.1,5837.8,MODELLED,CONDITIONAL_OPEN_SCENARIO,5829.6,5837,EXIT_ONLY_FROZEN_ENTRIES,C1_T10
MOMENTUM_GLDRUBF,MOMENTUM_GLDRUBF_000420,MOMENTUM,GLDRUBF,2023-10-25 12:10:00,2023-10-25 12:20:00,2023-10-25 12:20:00,2023-10-25 12:25:00,2023-10-25 10:00:00--2023-10-25 14:00:00,SHORT,-1,5792,5.208333333333333333333333333,5809.731840955122055217993817,5824,5792.9,5799.8,5776.3,5790.7,MODELLED,CONDITIONAL_OPEN_SCENARIO,5790,5808,EXIT_ONLY_FROZEN_ENTRIES,C1_T10
MOMENTUM_GLDRUBF,MOMENTUM_GLDRUBF_000422,MOMENTUM,GLDRUBF,2023-10-25 16:25:00,2023-10-25 16:35:00,2023-10-25 16:35:00,2023-10-25 16:40:00,2023-10-25 14:05:00--2023-10-25 18:50:00,LONG,1,5815,2.325,5803.317284683081182636210817,5811.1,5797.6,5811.6,5822.0,5815.5,MODELLED,CONDITIONAL_OPEN_SCENARIO,5807.5,5815,EXIT_ONLY_FROZEN_ENTRIES,C1_T10
MOMENTUM_GLDRUBF,MOMENTUM_GLDRUBF_000424,MOMENTUM,GLDRUBF,2023-10-25 17:05:00,2023-10-25 17:15:00,2023-10-25 17:15:00,2023-10-25 17:20:00,2023-10-25 14:05:00--2023-10-25 18:50:00,SHORT,-1,5801.5,5.133333333333333333333333333,5805.926457564575645756457566,5832,5807.2,5809.2,5786.1,5800.3,MODELLED,CONDITIONAL_OPEN_SCENARIO,5801.5,5818,EXIT_ONLY_FROZEN_ENTRIES,C1_T10
MOMENTUM_GLDRUBF,MOMENTUM_GLDRUBF_000433,MOMENTUM,GLDRUBF,2023-10-27 16:45:00,2023-10-27 16:55:00,2023-10-27 16:55:00,2023-10-27 17:00:00,2023-10-27 14:05:00--2023-10-27 18:50:00,LONG,1,5851.4,8.916666666666666666666666667,5838.394913198392843605488590,5847.9,5820.5,5838.1,5878.2,5853.6,MODELLED,CONDITIONAL_OPEN_SCENARIO,5838.8,5851.4,EXIT_ONLY_FROZEN_ENTRIES,C1_T10
MOMENTUM_GLDRUBF,MOMENTUM_GLDRUBF_000435,MOMENTUM,GLDRUBF,2023-10-27 18:00:00,2023-10-27 18:10:00,2023-10-27 18:10:00,2023-10-27 18:15:00,2023-10-27 14:05:00--2023-10-27 18:50:00,LONG,1,5850.3,5.391666666666666666666666667,5840.336941412445190782722268,5850.1,5833.3,5842.3,5866.5,5851.6,MODELLED,CONDITIONAL_OPEN_SCENARIO,5837.4,5850.3,EXIT_ONLY_FROZEN_ENTRIES,C1_T10
MOMENTUM_GLDRUBF,MOMENTUM_GLDRUBF_000437,MOMENTUM,GLDRUBF,2023-10-30 11:10:00,2023-10-30 11:20:00,2023-10-30 11:20:00,2023-10-30 11:25:00,2023-10-30 10:00:00--2023-10-30 14:00:00,SHORT,-1,5842.8,4.625,5857.713225746614728250788353,5864.2,5846.6,5849.7,5828.9,5841.7,MODELLED,CONDITIONAL_OPEN_SCENARIO,5842.5,5853.1,EXIT_ONLY_FROZEN_ENTRIES,C1_T10
MOMENTUM_GLDRUBF,MOMENTUM_GLDRUBF_000440,MOMENTUM,GLDRUBF,2023-10-30 12:35:00,2023-10-30 12:45:00,2023-10-30 12:45:00,2023-10-30 12:50:00,2023-10-30 10:00:00--2023-10-30 14:00:00,SHORT,-1,5827.6,3.541666666666666666666666667,5851.233661740558292282430216,5845.6,5831.9,5832.9,5816.9,5826.8,MODELLED,CONDITIONAL_OPEN_SCENARIO,5827.6,5835.1,EXIT_ONLY_FROZEN_ENTRIES,C1_T10
MOMENTUM_GLDRUBF,MOMENTUM_GLDRUBF_000449,MOMENTUM,GLDRUBF,2023-10-31 12:40:00,2023-10-31 12:50:00,2023-10-31 12:50:00,2023-10-31 12:55:00,2023-10-31 10:00:00--2023-10-31 14:00:00,LONG,1,5778.7,4.15,5784.285975836925860876044493,5777.9,5766,5772.5,5791.2,5779.7,MODELLED,CONDITIONAL_OPEN_SCENARIO,5767.1,5778.7,EXIT_ONLY_FROZEN_ENTRIES,C1_T10
MOMENTUM_GLDRUBF,MOMENTUM_GLDRUBF_000452,MOMENTUM,GLDRUBF,2023-10-31 15:15:00,2023-10-31 15:25:00,2023-10-31 15:25:00,2023-10-31 15:30:00,2023-10-31 14:05:00--2023-10-31 18:50:00,LONG,1,5788.9,3.158333333333333333333333333,5777.510238693467336683417086,5788.7,5767,5784.2,5798.4,5789.6,MODELLED,CONDITIONAL_OPEN_SCENARIO,5784,5788.9,EXIT_ONLY_FROZEN_ENTRIES,C1_T10
MOMENTUM_GLDRUBF,MOMENTUM_GLDRUBF_000456,MOMENTUM,GLDRUBF,2023-10-31 16:05:00,2023-10-31 16:15:00,2023-10-31 16:15:00,2023-10-31 16:20:00,2023-10-31 14:05:00--2023-10-31 18:50:00,LONG,1,5815.7,4.966666666666666666666666667,5795.122361583945529475004479,5813.9,5784,5808.3,5830.6,5816.9,MODELLED,CONDITIONAL_OPEN_SCENARIO,5810.1,5815.7,EXIT_ONLY_FROZEN_ENTRIES,C1_T10
MOMENTUM_GLDRUBF,MOMENTUM_GLDRUBF_000458,MOMENTUM,GLDRUBF,2023-10-31 17:15:00,2023-10-31 17:25:00,2023-10-31 17:25:00,2023-10-31 17:30:00,2023-10-31 14:05:00--2023-10-31 18:50:00,LONG,1,5837.9,6.95,5807.358793952180028129395217,5830.9,5810.4,5827.5,5858.8,5839.6,MODELLED,CONDITIONAL_OPEN_SCENARIO,5825.1,5837.9,EXIT_ONLY_FROZEN_ENTRIES,C1_T10
MOMENTUM_GLDRUBF,MOMENTUM_GLDRUBF_000461,MOMENTUM,GLDRUBF,2023-11-01 11:05:00,2023-11-01 11:15:00,2023-11-01 11:15:00,2023-11-01 11:20:00,2023-11-01 10:00:00--2023-11-01 14:00:00,LONG,1,5805.9,6.433333333333333333333333333,5793.788216257376737102608035,5802.9,5780.8,5796.3,5825.2,5807.5,MODELLED,CONDITIONAL_OPEN_SCENARIO,5796.2,5805.9,EXIT_ONLY_FROZEN_ENTRIES,C1_T10
MOMENTUM_GLDRUBF,MOMENTUM_GLDRUBF_000463,MOMENTUM,GLDRUBF,2023-11-01 11:40:00,2023-11-01 11:50:00,2023-11-01 11:50:00,2023-11-01 11:55:00,2023-11-01 10:00:00--2023-11-01 14:00:00,SHORT,-1,5781.3,5.608333333333333333333333333,5793.483312526009155222638373,5806.5,5785,5789.7,5764.4,5779.9,MODELLED,CONDITIONAL_OPEN_SCENARIO,5780.1,5793.9,EXIT_ONLY_FROZEN_ENTRIES,C1_T10
MOMENTUM_GLDRUBF,MOMENTUM_GLDRUBF_000471,MOMENTUM,GLDRUBF,2023-11-02 11:15:00,2023-11-02 11:25:00,2023-11-02 11:25:00,2023-11-02 11:30:00,2023-11-02 10:00:00--2023-11-02 14:00:00,LONG,1,5768.1,7.641666666666666666666666667,5758.505292132836085952761497,5767.9,5749.6,5756.7,5791.1,5770.0,MODELLED,CONDITIONAL_OPEN_SCENARIO,5759.1,5772.9,EXIT_ONLY_FROZEN_ENTRIES,C1_T10
MOMENTUM_GLDRUBF,MOMENTUM_GLDRUBF_000473,MOMENTUM,GLDRUBF,2023-11-03 16:25:00,2023-11-03 16:35:00,2023-11-03 16:35:00,2023-11-03 16:40:00,2023-11-03 14:05:00--2023-11-03 18:50:00,SHORT,-1,5784.7,7.9,5795.635685281864683858039340,5809.5,5785.2,5796.5,5761.0,5782.8,MODELLED,CONDITIONAL_OPEN_SCENARIO,5784,5802.9,EXIT_ONLY_FROZEN_ENTRIES,C1_T10
MOMENTUM_GLDRUBF,MOMENTUM_GLDRUBF_000476,MOMENTUM,GLDRUBF,2023-11-06 11:05:00,2023-11-06 11:15:00,2023-11-06 11:15:00,2023-11-06 11:20:00,2023-11-06 10:00:00--2023-11-06 14:00:00,SHORT,-1,5744.5,3.85,5753.074583333333333333333334,5767.7,5745.1,5750.2,5732.9,5743.6,MODELLED,CONDITIONAL_OPEN_SCENARIO,5744.5,5753.1,EXIT_ONLY_FROZEN_ENTRIES,C1_T10
MOMENTUM_GLDRUBF,MOMENTUM_GLDRUBF_000482,MOMENTUM,GLDRUBF,2023-11-07 16:40:00,2023-11-07 16:50:00,2023-11-07 16:50:00,2023-11-07 16:55:00,2023-11-07 14:05:00--2023-11-07 18:50:00,LONG,1,5734.4,4.325,5728.507824876900021408691930,5730,5717.1,5728.0,5747.4,5735.4,MODELLED,CONDITIONAL_OPEN_SCENARIO,5723,5734.4,EXIT_ONLY_FROZEN_ENTRIES,C1_T10
MOMENTUM_GLDRUBF,MOMENTUM_GLDRUBF_000484,MOMENTUM,GLDRUBF,2023-11-07 17:25:00,2023-11-07 17:35:00,2023-11-07 17:35:00,2023-11-07 17:40:00,2023-11-07 14:05:00--2023-11-07 18:50:00,LONG,1,5735.5,2.608333333333333333333333333,5728.959964726631393298059964,5734.7,5723,5731.6,5743.4,5736.1,MODELLED,CONDITIONAL_OPEN_SCENARIO,5730.6,5735.5,EXIT_ONLY_FROZEN_ENTRIES,C1_T10
MOMENTUM_GLDRUBF,MOMENTUM_GLDRUBF_000494,MOMENTUM,GLDRUBF,2023-11-09 12:50:00,2023-11-09 13:00:00,2023-11-09 13:00:00,2023-11-09 13:05:00,2023-11-09 10:00:00--2023-11-09 14:00:00,SHORT,-1,5632.9,7.108333333333333333333333333,5646.033114395183360700602079,5656.8,5633,5643.5,5611.5,5631.2,MODELLED,CONDITIONAL_OPEN_SCENARIO,5632.8,5645.5,EXIT_ONLY_FROZEN_ENTRIES,C1_T10
MOMENTUM_GLDRUBF,MOMENTUM_GLDRUBF_000505,MOMENTUM,GLDRUBF,2023-11-14 15:40:00,2023-11-14 15:50:00,2023-11-14 15:50:00,2023-11-14 15:55:00,2023-11-14 14:05:00--2023-11-14 18:50:00,LONG,1,5626.9,2.941666666666666666666666667,5629.462847630238934586760674,5626.6,5613.8,5622.5,5635.8,5627.6,MODELLED,CONDITIONAL_OPEN_SCENARIO,5625,5626.9,EXIT_ONLY_FROZEN_ENTRIES,C1_T10
MOMENTUM_GLDRUBF,MOMENTUM_GLDRUBF_000507,MOMENTUM,GLDRUBF,2023-11-14 16:45:00,2023-11-14 16:55:00,2023-11-14 16:55:00,2023-11-14 17:00:00,2023-11-14 14:05:00--2023-11-14 18:50:00,LONG,1,5628.9,3.491666666666666666666666667,5627.078034619933340501021396,5628,5616.1,5623.7,5639.4,5629.7,MODELLED,CONDITIONAL_OPEN_SCENARIO,5622.8,5633.3,EXIT_ONLY_FROZEN_ENTRIES,C1_T10
MOMENTUM_GLDRUBF,MOMENTUM_GLDRUBF_000511,MOMENTUM,GLDRUBF,2023-11-15 11:50:00,2023-11-15 12:00:00,2023-11-15 12:00:00,2023-11-15 12:05:00,2023-11-15 10:00:00--2023-11-15 14:00:00,SHORT,-1,5620.1,6.216666666666666666666666667,5627.294142980189491817398794,5636.7,5621,5629.4,5601.4,5618.6,MODELLED,CONDITIONAL_OPEN_SCENARIO,5620,5631,EXIT_ONLY_FROZEN_ENTRIES,C1_T10
MOMENTUM_GLDRUBF,MOMENTUM_GLDRUBF_000517,MOMENTUM,GLDRUBF,2023-11-15 17:40:00,2023-11-15 17:50:00,2023-11-15 17:50:00,2023-11-15 17:55:00,2023-11-15 14:05:00--2023-11-15 18:50:00,SHORT,-1,5616,2.758333333333333333333333333,5623.546201329534662867996202,5631,5616.7,5620.1,5607.7,5615.4,MODELLED,CONDITIONAL_OPEN_SCENARIO,5616,5625.6,EXIT_ONLY_FROZEN_ENTRIES,C1_T10
MOMENTUM_GLDRUBF,MOMENTUM_GLDRUBF_000518,MOMENTUM,GLDRUBF,2023-11-16 11:15:00,2023-11-16 11:25:00,2023-11-16 11:25:00,2023-11-16 11:30:00,2023-11-16 10:00:00--2023-11-16 14:00:00,SHORT,-1,5580.4,7.25,5596.995428038255190109633777,5626.4,5583.9,5591.2,5558.6,5578.6,MODELLED,CONDITIONAL_OPEN_SCENARIO,5580.4,5593,EXIT_ONLY_FROZEN_ENTRIES,C1_T10
MOMENTUM_GLDRUBF,MOMENTUM_GLDRUBF_000534,MOMENTUM,GLDRUBF,2023-11-17 16:45:00,2023-11-17 16:55:00,2023-11-17 16:55:00,2023-11-17 17:00:00,2023-11-17 14:05:00--2023-11-17 18:50:00,LONG,1,5574,3.25,5569.311182056319580877537657,5573.5,5565,5569.2,5583.8,5574.8,MODELLED,CONDITIONAL_OPEN_SCENARIO,5569.3,5574,EXIT_ONLY_FROZEN_ENTRIES,C1_T10
MOMENTUM_GLDRUBF,MOMENTUM_GLDRUBF_000537,MOMENTUM,GLDRUBF,2023-11-17 18:00:00,2023-11-17 18:10:00,2023-11-17 18:10:00,2023-11-17 18:15:00,2023-11-17 14:05:00--2023-11-17 18:50:00,SHORT,-1,5568.1,4.633333333333333333333333333,5572.058544371142796339646733,5581.9,5568.6,5575.0,5554.2,5567.0,MODELLED,CONDITIONAL_OPEN_SCENARIO,5567.9,5573.1,EXIT_ONLY_FROZEN_ENTRIES,C1_T10
MOMENTUM_GLDRUBF,MOMENTUM_GLDRUBF_000542,MOMENTUM,GLDRUBF,2023-11-20 12:00:00,2023-11-20 12:10:00,2023-11-20 12:10:00,2023-11-20 12:15:00,2023-11-20 10:00:00--2023-11-20 14:00:00,SHORT,-1,5520.2,5.616666666666666666666666667,5541.140561308719795887738256,5541.2,5520.3,5528.6,5503.3,5518.8,MODELLED,CONDITIONAL_OPEN_SCENARIO,5520.2,5527.1,EXIT_ONLY_FROZEN_ENTRIES,C1_T10
MOMENTUM_GLDRUBF,MOMENTUM_GLDRUBF_000553,MOMENTUM,GLDRUBF,2023-11-20 16:35:00,2023-11-20 16:45:00,2023-11-20 16:45:00,2023-11-20 16:50:00,2023-11-20 14:05:00--2023-11-20 18:50:00,SHORT,-1,5503.9,3.016666666666666666666666667,5511.222577030812324929971990,5523,5508.5,5508.4,5494.8,5503.2,MODELLED,CONDITIONAL_OPEN_SCENARIO,5503.9,5523,EXIT_ONLY_FROZEN_ENTRIES,C1_T10
MOMENTUM_GLDRUBF,MOMENTUM_GLDRUBF_000556,MOMENTUM,GLDRUBF,2023-11-20 17:00:00,2023-11-20 17:10:00,2023-11-20 17:10:00,2023-11-20 17:15:00,2023-11-20 14:05:00--2023-11-20 18:50:00,SHORT,-1,5494.4,3.766666666666666666666666667,5506.883009938476100331282537,5523,5500,5500.0,5483.1,5493.5,MODELLED,CONDITIONAL_OPEN_SCENARIO,5490.6,5505.2,EXIT_ONLY_FROZEN_ENTRIES,C1_T10
MOMENTUM_GLDRUBF,MOMENTUM_GLDRUBF_000569,MOMENTUM,GLDRUBF,2023-11-22 11:05:00,2023-11-22 11:15:00,2023-11-22 11:15:00,2023-11-22 11:20:00,2023-11-22 10:00:00--2023-11-22 14:00:00,LONG,1,5570.7,1.891666666666666666666666667,5561.476065818997756170531040,5565.2,5553.8,5567.9,5576.4,5571.1,MODELLED,CONDITIONAL_OPEN_SCENARIO,5563.5,5570.7,EXIT_ONLY_FROZEN_ENTRIES,C1_T10
MOMENTUM_GLDRUBF,MOMENTUM_GLDRUBF_000574,MOMENTUM,GLDRUBF,2023-11-22 17:35:00,2023-11-22 17:45:00,2023-11-22 17:45:00,2023-11-22 17:50:00,2023-11-22 14:05:00--2023-11-22 18:50:00,LONG,1,5554,2.441666666666666666666666667,5547.510872202006836475906936,5550.9,5541.1,5550.4,5561.4,5554.6,MODELLED,CONDITIONAL_OPEN_SCENARIO,5542.2,5556.2,EXIT_ONLY_FROZEN_ENTRIES,C1_T10
MOMENTUM_GLDRUBF,MOMENTUM_GLDRUBF_000576,MOMENTUM,GLDRUBF,2023-11-23 17:30:00,2023-11-23 17:40:00,2023-11-23 17:40:00,2023-11-23 17:45:00,2023-11-23 14:05:00--2023-11-23 18:50:00,LONG,1,5554.9,2.308333333333333333333333333,5548.279665211062590975254729,5554.8,5544.5,5551.5,5561.9,5555.4,MODELLED,CONDITIONAL_OPEN_SCENARIO,5550.9,5554.9,EXIT_ONLY_FROZEN_ENTRIES,C1_T10
MOMENTUM_GLDRUBF,MOMENTUM_GLDRUBF_000592,MOMENTUM,GLDRUBF,2023-11-24 16:10:00,2023-11-24 16:20:00,2023-11-24 16:20:00,2023-11-24 16:25:00,2023-11-24 14:05:00--2023-11-24 18:50:00,SHORT,-1,5563.3,5.158333333333333333333333333,5573.486951043916486681065513,5584.2,5564,5571.0,5547.8,5562.1,MODELLED,CONDITIONAL_OPEN_SCENARIO,5562.1,5568.5,EXIT_ONLY_FROZEN_ENTRIES,C1_T10
MOMENTUM_GLDRUBF,MOMENTUM_GLDRUBF_000606,MOMENTUM,GLDRUBF,2023-11-28 17:15:00,2023-11-28 17:25:00,2023-11-28 17:25:00,2023-11-28 17:30:00,2023-11-28 14:05:00--2023-11-28 18:50:00,LONG,1,5649.8,4.383333333333333333333333333,5626.585356516190780028712712,5647.1,5607,5643.3,5663.0,5650.8,MODELLED,CONDITIONAL_OPEN_SCENARIO,5644.8,5650,EXIT_ONLY_FROZEN_ENTRIES,C1_T10
MOMENTUM_GLDRUBF,MOMENTUM_GLDRUBF_000641,MOMENTUM,GLDRUBF,2023-12-01 15:25:00,2023-12-01 15:35:00,2023-12-01 15:35:00,2023-12-01 15:40:00,2023-12-01 14:05:00--2023-12-01 18:50:00,SHORT,-1,5770.5,2.008333333333333333333333333,5782.752395571681086612708161,5779,5772.9,5773.5,5764.4,5770.0,MODELLED,CONDITIONAL_OPEN_SCENARIO,5770.3,5776,EXIT_ONLY_FROZEN_ENTRIES,C1_T10
MOMENTUM_GLDRUBF,MOMENTUM_GLDRUBF_000645,MOMENTUM,GLDRUBF,2023-12-04 11:30:00,2023-12-04 11:40:00,2023-12-04 11:40:00,2023-12-04 11:45:00,2023-12-04 10:00:00--2023-12-04 14:00:00,LONG,1,5870.5,6.608333333333333333333333333,5854.065651433029481809969614,5863.1,5839.2,5860.6,5890.4,5872.1,MODELLED,CONDITIONAL_OPEN_SCENARIO,5846.7,5874.9,EXIT_ONLY_FROZEN_ENTRIES,C1_T10
MOMENTUM_GLDRUBF,MOMENTUM_GLDRUBF_000653,MOMENTUM,GLDRUBF,2023-12-04 16:35:00,2023-12-04 16:45:00,2023-12-04 16:45:00,2023-12-04 16:50:00,2023-12-04 14:05:00--2023-12-04 18:50:00,SHORT,-1,5886.9,4.191666666666666666666666667,5892.669488803639932197341422,5901.7,5887.8,5893.1,5874.3,5885.9,MODELLED,CONDITIONAL_OPEN_SCENARIO,5886.9,5901.7,EXIT_ONLY_FROZEN_ENTRIES,C1_T10
MOMENTUM_GLDRUBF,MOMENTUM_GLDRUBF_000669,MOMENTUM,GLDRUBF,2023-12-06 13:05:00,2023-12-06 13:15:00,2023-12-06 13:15:00,2023-12-06 13:20:00,2023-12-06 10:00:00--2023-12-06 14:00:00,SHORT,-1,5904,2.783333333333333333333333333,5907.082567726737338044758538,5912.5,5904.2,5908.1,5895.6,5903.4,MODELLED,CONDITIONAL_OPEN_SCENARIO,5902.8,5909.1,EXIT_ONLY_FROZEN_ENTRIES,C1_T10
MOMENTUM_GLDRUBF,MOMENTUM_GLDRUBF_000676,MOMENTUM,GLDRUBF,2023-12-06 17:35:00,2023-12-06 17:45:00,2023-12-06 17:45:00,2023-12-06 17:50:00,2023-12-06 14:05:00--2023-12-06 18:50:00,LONG,1,5898.6,6.408333333333333333333333333,5880.197425654682645361739900,5896.5,5857.7,5889.0,5917.9,5900.2,MODELLED,CONDITIONAL_OPEN_SCENARIO,5880,5900.7,EXIT_ONLY_FROZEN_ENTRIES,C1_T10
MOMENTUM_GLDRUBF,MOMENTUM_GLDRUBF_000679,MOMENTUM,GLDRUBF,2023-12-07 12:35:00,2023-12-07 12:45:00,2023-12-07 12:45:00,2023-12-07 12:50:00,2023-12-07 10:00:00--2023-12-07 14:00:00,LONG,1,5898.1,3.9,5877.920856741573033707865171,5897.7,5871.9,5892.3,5909.8,5899.0,MODELLED,CONDITIONAL_OPEN_SCENARIO,5895.5,5898.5,EXIT_ONLY_FROZEN_ENTRIES,C1_T10
MOMENTUM_GLDRUBF,MOMENTUM_GLDRUBF_000685,MOMENTUM,GLDRUBF,2023-12-08 12:05:00,2023-12-08 12:15:00,2023-12-08 12:15:00,2023-12-08 12:20:00,2023-12-08 10:00:00--2023-12-08 14:00:00,SHORT,-1,5813.8,3.541666666666666666666666667,5828.684167876149008224479920,5832.4,5820.1,5819.1,5803.1,5813.0,MODELLED,CONDITIONAL_OPEN_SCENARIO,5813.8,5826.6,EXIT_ONLY_FROZEN_ENTRIES,C1_T10
MOMENTUM_GLDRUBF,MOMENTUM_GLDRUBF_000686,MOMENTUM,GLDRUBF,2023-12-08 15:55:00,2023-12-08 16:05:00,2023-12-08 16:05:00,2023-12-08 16:10:00,2023-12-08 14:05:00--2023-12-08 18:50:00,LONG,1,5789.2,5.008333333333333333333333333,5784.969660760884493888202167,5787.4,5768.5,5781.7,5804.3,5790.4,MODELLED,CONDITIONAL_OPEN_SCENARIO,5780.1,5789.2,EXIT_ONLY_FROZEN_ENTRIES,C1_T10
MOMENTUM_GLDRUBF,MOMENTUM_GLDRUBF_000693,MOMENTUM,GLDRUBF,2023-12-11 12:20:00,2023-12-11 12:30:00,2023-12-11 12:30:00,2023-12-11 12:35:00,2023-12-11 10:00:00--2023-12-11 14:00:00,SHORT,-1,5650.8,3.383333333333333333333333333,5676.812192524757746778830797,5666,5651.1,5655.8,5640.6,5650.0,MODELLED,CONDITIONAL_OPEN_SCENARIO,5650.8,5663.6,EXIT_ONLY_FROZEN_ENTRIES,C1_T10
MOMENTUM_GLDRUBF,MOMENTUM_GLDRUBF_000695,MOMENTUM,GLDRUBF,2023-12-11 12:55:00,2023-12-11 13:05:00,2023-12-11 13:05:00,2023-12-11 13:10:00,2023-12-11 10:00:00--2023-12-11 14:00:00,SHORT,-1,5650.1,3.475,5675.481034309286648556192778,5666,5650.2,5655.3,5639.6,5649.3,MODELLED,CONDITIONAL_OPEN_SCENARIO,5650.1,5658.5,EXIT_ONLY_FROZEN_ENTRIES,C1_T10
MOMENTUM_GLDRUBF,MOMENTUM_GLDRUBF_000703,MOMENTUM,GLDRUBF,2023-12-11 17:10:00,2023-12-11 17:20:00,2023-12-11 17:20:00,2023-12-11 17:25:00,2023-12-11 14:05:00--2023-12-11 18:50:00,LONG,1,5648.1,5.933333333333333333333333333,5642.488972769953051643192488,5646.1,5625.3,5639.2,5665.9,5649.5,MODELLED,CONDITIONAL_OPEN_SCENARIO,5640.2,5648.5,EXIT_ONLY_FROZEN_ENTRIES,C1_T10
MOMENTUM_GLDRUBF,MOMENTUM_GLDRUBF_000704,MOMENTUM,GLDRUBF,2023-12-11 17:50:00,2023-12-11 18:00:00,2023-12-11 18:00:00,2023-12-11 18:05:00,2023-12-11 14:05:00--2023-12-11 18:50:00,SHORT,-1,5628.5,4.225,5639.065973502914679385267620,5648.5,5634.3,5634.8,5615.8,5627.5,MODELLED,CONDITIONAL_OPEN_SCENARIO,5625,5645,EXIT_ONLY_FROZEN_ENTRIES,C1_T10
MOMENTUM_GLDRUBF,MOMENTUM_GLDRUBF_000705,MOMENTUM,GLDRUBF,2023-12-12 11:05:00,2023-12-12 11:15:00,2023-12-12 11:15:00,2023-12-12 11:20:00,2023-12-12 10:00:00--2023-12-12 14:00:00,SHORT,-1,5616.2,3.65,5623.915608136156081361560813,5630.1,5616.3,5621.6,5605.2,5615.3,MODELLED,CONDITIONAL_OPEN_SCENARIO,5616.2,5623.5,EXIT_ONLY_FROZEN_ENTRIES,C1_T10
MOMENTUM_GLDRUBF,MOMENTUM_GLDRUBF_000714,MOMENTUM,GLDRUBF,2023-12-12 18:00:00,2023-12-12 18:10:00,2023-12-12 18:10:00,2023-12-12 18:15:00,2023-12-12 14:05:00--2023-12-12 18:50:00,SHORT,-1,5586.3,3.641666666666666666666666667,5598.376043177058160141775416,5596.3,5587.7,5591.7,5575.3,5585.4,MODELLED,CONDITIONAL_OPEN_SCENARIO,5586.3,5592.3,EXIT_ONLY_FROZEN_ENTRIES,C1_T10
MOMENTUM_GLDRUBF,MOMENTUM_GLDRUBF_000720,MOMENTUM,GLDRUBF,2023-12-13 13:00:00,2023-12-13 13:10:00,2023-12-13 13:10:00,2023-12-13 13:15:00,2023-12-13 10:00:00--2023-12-13 14:00:00,LONG,1,5578.1,2.058333333333333333333333333,5574.363621123218776194467728,5578,5573.2,5575.1,5584.3,5578.6,MODELLED,CONDITIONAL_OPEN_SCENARIO,5576,5578.1,EXIT_ONLY_FROZEN_ENTRIES,C1_T10
MOMENTUM_GLDRUBF,MOMENTUM_GLDRUBF_000724,MOMENTUM,GLDRUBF,2023-12-14 15:35:00,2023-12-14 15:45:00,2023-12-14 15:45:00,2023-12-14 15:50:00,2023-12-14 14:05:00--2023-12-14 18:50:00,LONG,1,5729.7,7.633333333333333333333333333,5708.005676795099370018446974,5727.1,5688.4,5718.3,5752.6,5731.6,MODELLED,CONDITIONAL_OPEN_SCENARIO,5716.6,5729.7,EXIT_ONLY_FROZEN_ENTRIES,C1_T10
MOMENTUM_GLDRUBF,MOMENTUM_GLDRUBF_000738,MOMENTUM,GLDRUBF,2023-12-19 11:20:00,2023-12-19 11:30:00,2023-12-19 11:30:00,2023-12-19 11:35:00,2023-12-19 10:00:00--2023-12-19 14:00:00,SHORT,-1,5669.4,4.691666666666666666666666667,5674.741416165664662658650637,5691.9,5669.5,5676.4,5655.3,5668.3,MODELLED,CONDITIONAL_OPEN_SCENARIO,5669.4,5671.1,EXIT_ONLY_FROZEN_ENTRIES,C1_T10
MOMENTUM_GLDRUBF,MOMENTUM_GLDRUBF_000743,MOMENTUM,GLDRUBF,2023-12-20 12:35:00,2023-12-20 12:45:00,2023-12-20 12:45:00,2023-12-20 12:50:00,2023-12-20 10:00:00--2023-12-20 14:00:00,LONG,1,5734.4,2.441666666666666666666666667,5728.524451682953311617806732,5730.9,5725.3,5730.8,5741.8,5735.0,MODELLED,CONDITIONAL_OPEN_SCENARIO,5725.7,5734.4,EXIT_ONLY_FROZEN_ENTRIES,C1_T10
MOMENTUM_GLDRUBF,MOMENTUM_GLDRUBF_000751,MOMENTUM,GLDRUBF,2023-12-21 15:10:00,2023-12-21 15:20:00,2023-12-21 15:20:00,2023-12-21 15:25:00,2023-12-21 14:05:00--2023-12-21 18:50:00,LONG,1,5738.2,4.766666666666666666666666667,5727.120590717299578059071730,5736.9,5718.7,5731.1,5752.5,5739.3,MODELLED,CONDITIONAL_OPEN_SCENARIO,5732.4,5739.2,EXIT_ONLY_FROZEN_ENTRIES,C1_T10
MOMENTUM_GLDRUBF,MOMENTUM_GLDRUBF_000756,MOMENTUM,GLDRUBF,2023-12-21 16:30:00,2023-12-21 16:40:00,2023-12-21 16:40:00,2023-12-21 16:45:00,2023-12-21 14:05:00--2023-12-21 18:50:00,LONG,1,5813.8,15.7,5764.315699545101520026628204,5787,5738,5790.3,5860.9,5817.7,MODELLED,CONDITIONAL_OPEN_SCENARIO,5755.2,5822,EXIT_ONLY_FROZEN_ENTRIES,C1_T10
MOMENTUM_GLDRUBF,MOMENTUM_GLDRUBF_000770,MOMENTUM,GLDRUBF,2023-12-25 11:25:00,2023-12-25 11:35:00,2023-12-25 11:35:00,2023-12-25 11:40:00,2023-12-25 10:00:00--2023-12-25 14:00:00,LONG,1,5855.5,3.916666666666666666666666667,5836.107848806082021629724809,5854,5828,5849.7,5867.3,5856.4,MODELLED,CONDITIONAL_OPEN_SCENARIO,5842.9,5858.2,EXIT_ONLY_FROZEN_ENTRIES,C1_T10
MOMENTUM_GLDRUBF,MOMENTUM_GLDRUBF_000791,MOMENTUM,GLDRUBF,2023-12-27 12:55:00,2023-12-27 13:05:00,2023-12-27 13:05:00,2023-12-27 13:10:00,2023-12-27 10:00:00--2023-12-27 14:00:00,LONG,1,5940,3.466666666666666666666666667,5921.159004739336492890995258,5938,5919.3,5934.8,5950.4,5940.8,MODELLED,CONDITIONAL_OPEN_SCENARIO,5932.7,5940,EXIT_ONLY_FROZEN_ENTRIES,C1_T10
MOMENTUM_GLDRUBF,MOMENTUM_GLDRUBF_000794,MOMENTUM,GLDRUBF,2023-12-27 16:20:00,2023-12-27 16:30:00,2023-12-27 16:30:00,2023-12-27 16:35:00,2023-12-27 14:05:00--2023-12-27 18:50:00,SHORT,-1,5923.9,3.308333333333333333333333333,5928.594985459404228562445963,5933,5924.5,5928.8,5913.9,5923.1,MODELLED,CONDITIONAL_OPEN_SCENARIO,5923.9,5927.4,EXIT_ONLY_FROZEN_ENTRIES,C1_T10
MOMENTUM_GLDRUBF,MOMENTUM_GLDRUBF_000798,MOMENTUM,GLDRUBF,2023-12-28 11:30:00,2023-12-28 11:40:00,2023-12-28 11:40:00,2023-12-28 11:45:00,2023-12-28 10:00:00--2023-12-28 14:00:00,SHORT,-1,5844.5,6.15,5877.734395719734787394721349,5890,5850,5853.7,5826.0,5843.0,MODELLED,CONDITIONAL_OPEN_SCENARIO,5843,5854.7,EXIT_ONLY_FROZEN_ENTRIES,C1_T10
MOMENTUM_GLDRUBF,MOMENTUM_GLDRUBF_000807,MOMENTUM,GLDRUBF,2023-12-29 11:25:00,2023-12-29 11:35:00,2023-12-29 11:35:00,2023-12-29 11:40:00,2023-12-29 10:00:00--2023-12-29 14:00:00,SHORT,-1,5840.1,4.95,5866.223794760502247713532784,5875.6,5840.8,5847.5,5825.2,5838.9,MODELLED,CONDITIONAL_OPEN_SCENARIO,5840.1,5847.5,EXIT_ONLY_FROZEN_ENTRIES,C1_T10
MOMENTUM_GLDRUBF,MOMENTUM_GLDRUBF_000818,MOMENTUM,GLDRUBF,2023-12-29 17:30:00,2023-12-29 17:40:00,2023-12-29 17:40:00,2023-12-29 17:45:00,2023-12-29 14:05:00--2023-12-29 18:50:00,LONG,1,5912,3.583333333333333333333333333,5899.143496598639455782312924,5908.3,5893.4,5906.7,5922.8,5912.8,MODELLED,CONDITIONAL_OPEN_SCENARIO,5903,5912,EXIT_ONLY_FROZEN_ENTRIES,C1_T10
MOMENTUM_IMOEXF,MOMENTUM_IMOEXF_000012,MOMENTUM,IMOEXF,2023-12-04 13:00:00,2023-12-04 13:10:00,2023-12-04 13:10:00,2023-12-04 13:15:00,2023-12-04 10:00:00--2023-12-04 14:00:00,LONG,1,3133,3.291666666666666666666666667,3123.550396825396825396825396,3132,3118.5,3128.5,3143.0,3133.5,MODELLED,CONDITIONAL_OPEN_SCENARIO,3130.5,3133,EXIT_ONLY_FROZEN_ENTRIES,C1_T10
MOMENTUM_IMOEXF,MOMENTUM_IMOEXF_000021,MOMENTUM,IMOEXF,2023-12-07 12:20:00,2023-12-07 12:30:00,2023-12-07 12:30:00,2023-12-07 12:35:00,2023-12-07 10:00:00--2023-12-07 14:00:00,LONG,1,3069.5,4.666666666666666666666666667,3062.783977110157367668097282,3066,3050,3062.5,3083.5,3070.5,MODELLED,CONDITIONAL_OPEN_SCENARIO,3062.5,3070,EXIT_ONLY_FROZEN_ENTRIES,C1_T10
MOMENTUM_IMOEXF,MOMENTUM_IMOEXF_000022,MOMENTUM,IMOEXF,2023-12-07 13:05:00,2023-12-07 13:15:00,2023-12-07 13:15:00,2023-12-07 13:20:00,2023-12-07 10:00:00--2023-12-07 14:00:00,LONG,1,3070.5,4.875,3062.637011494252873563218392,3070,3057.5,3063.5,3085.5,3071.5,MODELLED,CONDITIONAL_OPEN_SCENARIO,3062.5,3070.5,EXIT_ONLY_FROZEN_ENTRIES,C1_T10
MOMENTUM_IMOEXF,MOMENTUM_IMOEXF_000025,MOMENTUM,IMOEXF,2023-12-07 15:55:00,2023-12-07 16:05:00,2023-12-07 16:05:00,2023-12-07 16:10:00,2023-12-07 14:05:00--2023-12-07 18:50:00,LONG,1,3076.5,3.375,3061.293621399176954732510289,3064,3054,3071.5,3087.0,3077.0,MODELLED,CONDITIONAL_OPEN_SCENARIO,3056.5,3077,EXIT_ONLY_FROZEN_ENTRIES,C1_T10
MOMENTUM_IMOEXF,MOMENTUM_IMOEXF_000033,MOMENTUM,IMOEXF,2023-12-12 11:15:00,2023-12-12 11:25:00,2023-12-12 11:25:00,2023-12-12 11:30:00,2023-12-12 10:00:00--2023-12-12 14:00:00,SHORT,-1,3009.5,5.875,3026.605113636363636363636364,3041,3014.5,3018.0,2991.5,3008.5,MODELLED,CONDITIONAL_OPEN_SCENARIO,3009,3025,EXIT_ONLY_FROZEN_ENTRIES,C1_T10
MOMENTUM_IMOEXF,MOMENTUM_IMOEXF_000040,MOMENTUM,IMOEXF,2023-12-12 16:35:00,2023-12-12 16:45:00,2023-12-12 16:45:00,2023-12-12 16:50:00,2023-12-12 14:05:00--2023-12-12 18:50:00,SHORT,-1,3037,3.0,3039.117929144646701898610295,3048.5,3038.5,3041.5,3028.0,3036.5,MODELLED,CONDITIONAL_OPEN_SCENARIO,3037,3044,EXIT_ONLY_FROZEN_ENTRIES,C1_T10
MOMENTUM_IMOEXF,MOMENTUM_IMOEXF_000043,MOMENTUM,IMOEXF,2023-12-12 17:20:00,2023-12-12 17:30:00,2023-12-12 17:30:00,2023-12-12 17:35:00,2023-12-12 14:05:00--2023-12-12 18:50:00,SHORT,-1,3025,3.375,3038.146299185300745363147859,3046,3031.5,3030.0,3014.5,3024.5,MODELLED,CONDITIONAL_OPEN_SCENARIO,3025,3036.5,EXIT_ONLY_FROZEN_ENTRIES,C1_T10
MOMENTUM_IMOEXF,MOMENTUM_IMOEXF_000048,MOMENTUM,IMOEXF,2023-12-14 11:05:00,2023-12-14 11:15:00,2023-12-14 11:15:00,2023-12-14 11:20:00,2023-12-14 10:00:00--2023-12-14 14:00:00,SHORT,-1,3050.5,7.166666666666666666666666667,3060.755657259089753368929571,3070,3051,3061.0,3029.0,3049.0,MODELLED,CONDITIONAL_OPEN_SCENARIO,3050.5,3058,EXIT_ONLY_FROZEN_ENTRIES,C1_T10
MOMENTUM_IMOEXF,MOMENTUM_IMOEXF_000056,MOMENTUM,IMOEXF,2023-12-15 11:10:00,2023-12-15 11:20:00,2023-12-15 11:20:00,2023-12-15 11:25:00,2023-12-15 10:00:00--2023-12-15 14:00:00,LONG,1,3016,7.125,3006.326660735468564650059312,3015,2991,3005.5,3037.5,3017.5,MODELLED,CONDITIONAL_OPEN_SCENARIO,3008,3017.5,EXIT_ONLY_FROZEN_ENTRIES,C1_T10
MOMENTUM_IMOEXF,MOMENTUM_IMOEXF_000060,MOMENTUM,IMOEXF,2023-12-15 12:50:00,2023-12-15 13:00:00,2023-12-15 13:00:00,2023-12-15 13:05:00,2023-12-15 10:00:00--2023-12-15 14:00:00,LONG,1,3011.5,3.5,3007.071367956551255940257978,3010,3000,3006.5,3022.0,3012.0,MODELLED,CONDITIONAL_OPEN_SCENARIO,3004.5,3011.5,EXIT_ONLY_FROZEN_ENTRIES,C1_T10
MOMENTUM_IMOEXF,MOMENTUM_IMOEXF_000064,MOMENTUM,IMOEXF,2023-12-15 18:00:00,2023-12-15 18:10:00,2023-12-15 18:10:00,2023-12-15 18:15:00,2023-12-15 14:05:00--2023-12-15 18:50:00,LONG,1,3059,5.208333333333333333333333333,3044.362766074171604125521175,3052,3040,3051.5,3075.0,3060.0,MODELLED,CONDITIONAL_OPEN_SCENARIO,3043,3095,EXIT_ONLY_FROZEN_ENTRIES,C1_T10
MOMENTUM_IMOEXF,MOMENTUM_IMOEXF_000065,MOMENTUM,IMOEXF,2023-12-18 12:00:00,2023-12-18 12:10:00,2023-12-18 12:10:00,2023-12-18 12:15:00,2023-12-18 10:00:00--2023-12-18 14:00:00,LONG,1,3081.5,2.583333333333333333333333333,3074.291183139922635720955049,3079,3073,3078.0,3089.5,3082.0,MODELLED,CONDITIONAL_OPEN_SCENARIO,3075.5,3081.5,EXIT_ONLY_FROZEN_ENTRIES,C1_T10
MOMENTUM_IMOEXF,MOMENTUM_IMOEXF_000068,MOMENTUM,IMOEXF,2023-12-18 12:40:00,2023-12-18 12:50:00,2023-12-18 12:50:00,2023-12-18 12:55:00,2023-12-18 10:00:00--2023-12-18 14:00:00,SHORT,-1,3072.5,2.833333333333333333333333333,3074.925165772023997473950111,3084,3073,3076.5,3064.0,3072.0,MODELLED,CONDITIONAL_OPEN_SCENARIO,3072.5,3078,EXIT_ONLY_FROZEN_ENTRIES,C1_T10
MOMENTUM_IMOEXF,MOMENTUM_IMOEXF_000080,MOMENTUM,IMOEXF,2023-12-20 17:05:00,2023-12-20 17:15:00,2023-12-20 17:15:00,2023-12-20 17:20:00,2023-12-20 14:05:00--2023-12-20 18:50:00,SHORT,-1,3109.5,2.208333333333333333333333333,3115.549573560767590618336887,3118,3110.5,3112.5,3102.5,3109.0,MODELLED,CONDITIONAL_OPEN_SCENARIO,3109.5,3116.5,EXIT_ONLY_FROZEN_ENTRIES,C1_T10
MOMENTUM_IMOEXF,MOMENTUM_IMOEXF_000081,MOMENTUM,IMOEXF,2023-12-21 11:30:00,2023-12-21 11:40:00,2023-12-21 11:40:00,2023-12-21 11:45:00,2023-12-21 10:00:00--2023-12-21 14:00:00,SHORT,-1,3089,5.083333333333333333333333333,3096.092673555908850026497086,3105,3090.5,3096.5,3073.5,3088.0,MODELLED,CONDITIONAL_OPEN_SCENARIO,3085.5,3097,EXIT_ONLY_FROZEN_ENTRIES,C1_T10
MOMENTUM_IMOEXF,MOMENTUM_IMOEXF_000087,MOMENTUM,IMOEXF,2023-12-21 16:30:00,2023-12-21 16:40:00,2023-12-21 16:40:00,2023-12-21 16:45:00,2023-12-21 14:05:00--2023-12-21 18:50:00,LONG,1,3077,4.583333333333333333333333333,3072.940612062213270672485175,3074,3057,3070.5,3091.0,3078.0,MODELLED,CONDITIONAL_OPEN_SCENARIO,3068,3077,EXIT_ONLY_FROZEN_ENTRIES,C1_T10
MOMENTUM_IMOEXF,MOMENTUM_IMOEXF_000088,MOMENTUM,IMOEXF,2023-12-21 18:00:00,2023-12-21 18:10:00,2023-12-21 18:10:00,2023-12-21 18:15:00,2023-12-21 14:05:00--2023-12-21 18:50:00,LONG,1,3077,3.666666666666666666666666667,3072.136871199557766721945826,3075.5,3063.5,3071.5,3088.0,3077.5,MODELLED,CONDITIONAL_OPEN_SCENARIO,3072,3077,EXIT_ONLY_FROZEN_ENTRIES,C1_T10
MOMENTUM_IMOEXF,MOMENTUM_IMOEXF_000097,MOMENTUM,IMOEXF,2023-12-27 11:05:00,2023-12-27 11:15:00,2023-12-27 11:15:00,2023-12-27 11:20:00,2023-12-27 10:00:00--2023-12-27 14:00:00,LONG,1,3113,1.958333333333333333333333333,3106.985234403839055001845699,3112,3103,3110.5,3119.0,3113.0,MODELLED,CONDITIONAL_OPEN_SCENARIO,3110.5,3113,EXIT_ONLY_FROZEN_ENTRIES,C1_T10
MOMENTUM_IMOEXF,MOMENTUM_IMOEXF_000100,MOMENTUM,IMOEXF,2023-12-27 12:05:00,2023-12-27 12:15:00,2023-12-27 12:15:00,2023-12-27 12:20:00,2023-12-27 10:00:00--2023-12-27 14:00:00,LONG,1,3117,1.458333333333333333333333333,3108.847840755735492577597840,3115,3110.5,3115.0,3121.5,3117.0,MODELLED,CONDITIONAL_OPEN_SCENARIO,3114,3117.5,EXIT_ONLY_FROZEN_ENTRIES,C1_T10
MOMENTUM_IMOEXF,MOMENTUM_IMOEXF_000110,MOMENTUM,IMOEXF,2023-12-28 17:15:00,2023-12-28 17:25:00,2023-12-28 17:25:00,2023-12-28 17:30:00,2023-12-28 14:05:00--2023-12-28 18:50:00,LONG,1,3097,1.0,3091.531307550644567219152855,3096,3088,3095.5,3100.0,3097.0,MODELLED,CONDITIONAL_OPEN_SCENARIO,3095,3097,EXIT_ONLY_FROZEN_ENTRIES,C1_T10
MOMENTUM_IMOEXF,MOMENTUM_IMOEXF_000123,MOMENTUM,IMOEXF,2023-12-29 12:15:00,2023-12-29 12:25:00,2023-12-29 12:25:00,2023-12-29 12:30:00,2023-12-29 10:00:00--2023-12-29 14:00:00,LONG,1,3102,1.583333333333333333333333333,3096.606625787770396865951286,3101,3091,3100.0,3107.0,3102.0,MODELLED,CONDITIONAL_OPEN_SCENARIO,3100,3102,EXIT_ONLY_FROZEN_ENTRIES,C1_T10
