configuration_id,load_mode,instrument,lifecycle,year,quarter,raw_source_R,scaled_R,trades,availability_status,quarter_coverage,classification
CANONICAL__N2_01,NORMALIZED,USDRUBF,baseline,2023,1,-2.898422489,-1.449211244,4,AVAILABLE,PARTIAL_QUARTER,NEGATIVE
CANONICAL__N2_01,NORMALIZED,CNYRUBF,baseline,2023,1,-1.020555271,-0.5102776355,3,AVAILABLE,PARTIAL_QUARTER,NEGATIVE
CANONICAL__N2_01,NORMALIZED,USDRUBF,baseline,2023,2,8.689564697,4.344782349,11,AVAILABLE,FULL_QUARTER,POSITIVE
CANONICAL__N2_01,NORMALIZED,CNYRUBF,baseline,2023,2,7.795515913,3.897757957,8,AVAILABLE,FULL_QUARTER,POSITIVE
CANONICAL__N2_01,NORMALIZED,USDRUBF,baseline,2023,3,5.167328514,2.583664257,8,AVAILABLE,FULL_QUARTER,POSITIVE
CANONICAL__N2_01,NORMALIZED,CNYRUBF,baseline,2023,3,-2.049622456,-1.024811228,7,AVAILABLE,FULL_QUARTER,NEGATIVE
CANONICAL__N2_01,NORMALIZED,USDRUBF,baseline,2023,4,2.190151496,1.095075748,8,AVAILABLE,FULL_QUARTER,POSITIVE
CANONICAL__N2_01,NORMALIZED,CNYRUBF,baseline,2023,4,-3.791262962,-1.895631481,6,AVAILABLE,FULL_QUARTER,NEGATIVE
CANONICAL__N2_01,NORMALIZED,USDRUBF,baseline,2024,1,-0.4829589909,-0.2414794954,4,AVAILABLE,FULL_QUARTER,NEGATIVE
CANONICAL__N2_01,NORMALIZED,CNYRUBF,baseline,2024,1,2.817209547,1.408604774,3,AVAILABLE,FULL_QUARTER,POSITIVE
CANONICAL__N2_01,NORMALIZED,USDRUBF,baseline,2024,2,2.955597233,1.477798617,12,AVAILABLE,FULL_QUARTER,POSITIVE
CANONICAL__N2_01,NORMALIZED,CNYRUBF,baseline,2024,2,14.94403683,7.472018415,11,AVAILABLE,FULL_QUARTER,POSITIVE
CANONICAL__N2_01,NORMALIZED,USDRUBF,baseline,2024,3,1.0249468,0.5124733999,9,AVAILABLE,FULL_QUARTER,POSITIVE
CANONICAL__N2_01,NORMALIZED,CNYRUBF,baseline,2024,3,0.6441510469,0.3220755234,6,AVAILABLE,FULL_QUARTER,POSITIVE
CANONICAL__N2_01,NORMALIZED,USDRUBF,baseline,2024,4,5.763429915,2.881714957,7,AVAILABLE,PARTIAL_QUARTER,POSITIVE
CANONICAL__N2_01,NORMALIZED,CNYRUBF,baseline,2024,4,3.442996412,1.721498206,7,AVAILABLE,PARTIAL_QUARTER,POSITIVE
CANONICAL__N2_01,NORMALIZED,USDRUBF,walk_forward,2024,1,0.3132754899,0.1566377449,2,AVAILABLE,FULL_QUARTER,POSITIVE
CANONICAL__N2_01,NORMALIZED,CNYRUBF,walk_forward,2024,1,-0.7748154007,-0.3874077003,1,AVAILABLE,FULL_QUARTER,NEGATIVE
CANONICAL__N2_01,NORMALIZED,USDRUBF,walk_forward,2024,2,4.621795889,2.310897945,5,AVAILABLE,FULL_QUARTER,POSITIVE
CANONICAL__N2_01,NORMALIZED,CNYRUBF,walk_forward,2024,2,14.34374878,7.17187439,5,AVAILABLE,FULL_QUARTER,POSITIVE
CANONICAL__N2_01,NORMALIZED,USDRUBF,walk_forward,2024,3,1.803338198,0.9016690988,4,AVAILABLE,FULL_QUARTER,POSITIVE
CANONICAL__N2_01,NORMALIZED,CNYRUBF,walk_forward,2024,3,0.9080037172,0.4540018586,5,AVAILABLE,FULL_QUARTER,POSITIVE
CANONICAL__N2_01,NORMALIZED,USDRUBF,walk_forward,2024,4,5.348060663,2.674030332,3,AVAILABLE,PARTIAL_QUARTER,POSITIVE
CANONICAL__N2_01,NORMALIZED,CNYRUBF,walk_forward,2024,4,3.589777842,1.794888921,5,AVAILABLE,PARTIAL_QUARTER,POSITIVE
CANONICAL__N2_01,NORMALIZED,USDRUBF,historical_true_oos,2025,1,0.669094079,0.3345470395,3,AVAILABLE,PARTIAL_QUARTER,POSITIVE
CANONICAL__N2_01,NORMALIZED,CNYRUBF,historical_true_oos,2025,1,2.961964957,1.480982479,3,AVAILABLE,PARTIAL_QUARTER,POSITIVE
CANONICAL__N2_01,NORMALIZED,USDRUBF,historical_true_oos,2025,2,-2.294309312,-1.147154656,4,AVAILABLE,FULL_QUARTER,NEGATIVE
CANONICAL__N2_01,NORMALIZED,CNYRUBF,historical_true_oos,2025,2,-2.900060519,-1.45003026,4,AVAILABLE,FULL_QUARTER,NEGATIVE
CANONICAL__N2_01,NORMALIZED,USDRUBF,historical_true_oos,2025,3,10.28120835,5.140604176,6,AVAILABLE,FULL_QUARTER,POSITIVE
CANONICAL__N2_01,NORMALIZED,CNYRUBF,historical_true_oos,2025,3,11.77216822,5.886084111,7,AVAILABLE,FULL_QUARTER,POSITIVE
CANONICAL__N2_01,NORMALIZED,USDRUBF,historical_true_oos,2025,4,-1.526128899,-0.7630644493,12,AVAILABLE,FULL_QUARTER,NEGATIVE
CANONICAL__N2_01,NORMALIZED,CNYRUBF,historical_true_oos,2025,4,-1.819337048,-0.909668524,13,AVAILABLE,FULL_QUARTER,NEGATIVE
CANONICAL__N2_01,NORMALIZED,USDRUBF,historical_true_oos,2026,1,6.800303784,3.400151892,7,AVAILABLE,FULL_QUARTER,POSITIVE
CANONICAL__N2_01,NORMALIZED,CNYRUBF,historical_true_oos,2026,1,4.172041837,2.086020918,8,AVAILABLE,FULL_QUARTER,POSITIVE
CANONICAL__N2_01,NORMALIZED,USDRUBF,historical_true_oos,2026,2,3.481275769,1.740637884,8,AVAILABLE,FULL_QUARTER,POSITIVE
CANONICAL__N2_01,NORMALIZED,CNYRUBF,historical_true_oos,2026,2,5.018422592,2.509211296,7,AVAILABLE,FULL_QUARTER,POSITIVE
CANONICAL__N2_01,NORMALIZED,USDRUBF,historical_true_oos,2026,3,6.03583997,3.017919985,9,AVAILABLE,PARTIAL_QUARTER,POSITIVE
CANONICAL__N2_01,NORMALIZED,CNYRUBF,historical_true_oos,2026,3,3.560382305,1.780191153,9,AVAILABLE,PARTIAL_QUARTER,POSITIVE
CANONICAL__N2_01,FULL,USDRUBF,baseline,2023,1,-2.898422489,-2.898422489,4,AVAILABLE,PARTIAL_QUARTER,NEGATIVE
CANONICAL__N2_01,FULL,CNYRUBF,baseline,2023,1,-1.020555271,-1.020555271,3,AVAILABLE,PARTIAL_QUARTER,NEGATIVE
CANONICAL__N2_01,FULL,USDRUBF,baseline,2023,2,8.689564697,8.689564697,11,AVAILABLE,FULL_QUARTER,POSITIVE
CANONICAL__N2_01,FULL,CNYRUBF,baseline,2023,2,7.795515913,7.795515913,8,AVAILABLE,FULL_QUARTER,POSITIVE
CANONICAL__N2_01,FULL,USDRUBF,baseline,2023,3,5.167328514,5.167328514,8,AVAILABLE,FULL_QUARTER,POSITIVE
CANONICAL__N2_01,FULL,CNYRUBF,baseline,2023,3,-2.049622456,-2.049622456,7,AVAILABLE,FULL_QUARTER,NEGATIVE
CANONICAL__N2_01,FULL,USDRUBF,baseline,2023,4,2.190151496,2.190151496,8,AVAILABLE,FULL_QUARTER,POSITIVE
CANONICAL__N2_01,FULL,CNYRUBF,baseline,2023,4,-3.791262962,-3.791262962,6,AVAILABLE,FULL_QUARTER,NEGATIVE
CANONICAL__N2_01,FULL,USDRUBF,baseline,2024,1,-0.4829589909,-0.4829589909,4,AVAILABLE,FULL_QUARTER,NEGATIVE
CANONICAL__N2_01,FULL,CNYRUBF,baseline,2024,1,2.817209547,2.817209547,3,AVAILABLE,FULL_QUARTER,POSITIVE
CANONICAL__N2_01,FULL,USDRUBF,baseline,2024,2,2.955597233,2.955597233,12,AVAILABLE,FULL_QUARTER,POSITIVE
CANONICAL__N2_01,FULL,CNYRUBF,baseline,2024,2,14.94403683,14.94403683,11,AVAILABLE,FULL_QUARTER,POSITIVE
CANONICAL__N2_01,FULL,USDRUBF,baseline,2024,3,1.0249468,1.0249468,9,AVAILABLE,FULL_QUARTER,POSITIVE
CANONICAL__N2_01,FULL,CNYRUBF,baseline,2024,3,0.6441510469,0.6441510469,6,AVAILABLE,FULL_QUARTER,POSITIVE
CANONICAL__N2_01,FULL,USDRUBF,baseline,2024,4,5.763429915,5.763429915,7,AVAILABLE,PARTIAL_QUARTER,POSITIVE
CANONICAL__N2_01,FULL,CNYRUBF,baseline,2024,4,3.442996412,3.442996412,7,AVAILABLE,PARTIAL_QUARTER,POSITIVE
CANONICAL__N2_01,FULL,USDRUBF,walk_forward,2024,1,0.3132754899,0.3132754899,2,AVAILABLE,FULL_QUARTER,POSITIVE
CANONICAL__N2_01,FULL,CNYRUBF,walk_forward,2024,1,-0.7748154007,-0.7748154007,1,AVAILABLE,FULL_QUARTER,NEGATIVE
CANONICAL__N2_01,FULL,USDRUBF,walk_forward,2024,2,4.621795889,4.621795889,5,AVAILABLE,FULL_QUARTER,POSITIVE
CANONICAL__N2_01,FULL,CNYRUBF,walk_forward,2024,2,14.34374878,14.34374878,5,AVAILABLE,FULL_QUARTER,POSITIVE
CANONICAL__N2_01,FULL,USDRUBF,walk_forward,2024,3,1.803338198,1.803338198,4,AVAILABLE,FULL_QUARTER,POSITIVE
CANONICAL__N2_01,FULL,CNYRUBF,walk_forward,2024,3,0.9080037172,0.9080037172,5,AVAILABLE,FULL_QUARTER,POSITIVE
CANONICAL__N2_01,FULL,USDRUBF,walk_forward,2024,4,5.348060663,5.348060663,3,AVAILABLE,PARTIAL_QUARTER,POSITIVE
CANONICAL__N2_01,FULL,CNYRUBF,walk_forward,2024,4,3.589777842,3.589777842,5,AVAILABLE,PARTIAL_QUARTER,POSITIVE
CANONICAL__N2_01,FULL,USDRUBF,historical_true_oos,2025,1,0.669094079,0.669094079,3,AVAILABLE,PARTIAL_QUARTER,POSITIVE
CANONICAL__N2_01,FULL,CNYRUBF,historical_true_oos,2025,1,2.961964957,2.961964957,3,AVAILABLE,PARTIAL_QUARTER,POSITIVE
CANONICAL__N2_01,FULL,USDRUBF,historical_true_oos,2025,2,-2.294309312,-2.294309312,4,AVAILABLE,FULL_QUARTER,NEGATIVE
CANONICAL__N2_01,FULL,CNYRUBF,historical_true_oos,2025,2,-2.900060519,-2.900060519,4,AVAILABLE,FULL_QUARTER,NEGATIVE
CANONICAL__N2_01,FULL,USDRUBF,historical_true_oos,2025,3,10.28120835,10.28120835,6,AVAILABLE,FULL_QUARTER,POSITIVE
CANONICAL__N2_01,FULL,CNYRUBF,historical_true_oos,2025,3,11.77216822,11.77216822,7,AVAILABLE,FULL_QUARTER,POSITIVE
CANONICAL__N2_01,FULL,USDRUBF,historical_true_oos,2025,4,-1.526128899,-1.526128899,12,AVAILABLE,FULL_QUARTER,NEGATIVE
CANONICAL__N2_01,FULL,CNYRUBF,historical_true_oos,2025,4,-1.819337048,-1.819337048,13,AVAILABLE,FULL_QUARTER,NEGATIVE
CANONICAL__N2_01,FULL,USDRUBF,historical_true_oos,2026,1,6.800303784,6.800303784,7,AVAILABLE,FULL_QUARTER,POSITIVE
CANONICAL__N2_01,FULL,CNYRUBF,historical_true_oos,2026,1,4.172041837,4.172041837,8,AVAILABLE,FULL_QUARTER,POSITIVE
CANONICAL__N2_01,FULL,USDRUBF,historical_true_oos,2026,2,3.481275769,3.481275769,8,AVAILABLE,FULL_QUARTER,POSITIVE
CANONICAL__N2_01,FULL,CNYRUBF,historical_true_oos,2026,2,5.018422592,5.018422592,7,AVAILABLE,FULL_QUARTER,POSITIVE
CANONICAL__N2_01,FULL,USDRUBF,historical_true_oos,2026,3,6.03583997,6.03583997,9,AVAILABLE,PARTIAL_QUARTER,POSITIVE
CANONICAL__N2_01,FULL,CNYRUBF,historical_true_oos,2026,3,3.560382305,3.560382305,9,AVAILABLE,PARTIAL_QUARTER,POSITIVE
CANONICAL__N2_02,NORMALIZED,USDRUBF,baseline,2023,1,-2.898422489,-1.449211244,4,AVAILABLE,PARTIAL_QUARTER,NEGATIVE
CANONICAL__N2_02,NORMALIZED,GLDRUBF,baseline,2023,1,0,0,0,NOT_AVAILABLE,NOT_AVAILABLE,ZERO
CANONICAL__N2_02,NORMALIZED,USDRUBF,baseline,2023,2,8.689564697,4.344782349,11,AVAILABLE,FULL_QUARTER,POSITIVE
CANONICAL__N2_02,NORMALIZED,GLDRUBF,baseline,2023,2,0,0,0,NOT_AVAILABLE,NOT_AVAILABLE,ZERO
CANONICAL__N2_02,NORMALIZED,USDRUBF,baseline,2023,3,5.167328514,2.583664257,8,AVAILABLE,FULL_QUARTER,POSITIVE
CANONICAL__N2_02,NORMALIZED,GLDRUBF,baseline,2023,3,-0.435766705,-0.2178833525,1,AVAILABLE,PARTIAL_QUARTER,NEGATIVE
CANONICAL__N2_02,NORMALIZED,USDRUBF,baseline,2023,4,2.190151496,1.095075748,8,AVAILABLE,FULL_QUARTER,POSITIVE
CANONICAL__N2_02,NORMALIZED,GLDRUBF,baseline,2023,4,0.05167355955,0.02583677977,5,AVAILABLE,FULL_QUARTER,POSITIVE
CANONICAL__N2_02,NORMALIZED,USDRUBF,baseline,2024,1,-0.4829589909,-0.2414794954,4,AVAILABLE,FULL_QUARTER,NEGATIVE
CANONICAL__N2_02,NORMALIZED,GLDRUBF,baseline,2024,1,0.8259324747,0.4129662373,11,AVAILABLE,FULL_QUARTER,POSITIVE
CANONICAL__N2_02,NORMALIZED,USDRUBF,baseline,2024,2,2.955597233,1.477798617,12,AVAILABLE,FULL_QUARTER,POSITIVE
CANONICAL__N2_02,NORMALIZED,GLDRUBF,baseline,2024,2,3.135010105,1.567505053,9,AVAILABLE,FULL_QUARTER,POSITIVE
CANONICAL__N2_02,NORMALIZED,USDRUBF,baseline,2024,3,1.0249468,0.5124733999,9,AVAILABLE,FULL_QUARTER,POSITIVE
CANONICAL__N2_02,NORMALIZED,GLDRUBF,baseline,2024,3,-1.170662863,-0.5853314316,7,AVAILABLE,FULL_QUARTER,NEGATIVE
CANONICAL__N2_02,NORMALIZED,USDRUBF,baseline,2024,4,5.763429915,2.881714957,7,AVAILABLE,PARTIAL_QUARTER,POSITIVE
CANONICAL__N2_02,NORMALIZED,GLDRUBF,baseline,2024,4,8.036434985,4.018217493,8,AVAILABLE,PARTIAL_QUARTER,POSITIVE
CANONICAL__N2_02,NORMALIZED,USDRUBF,walk_forward,2024,1,0.3132754899,0.1566377449,2,AVAILABLE,FULL_QUARTER,POSITIVE
CANONICAL__N2_02,NORMALIZED,GLDRUBF,walk_forward,2024,1,3.318808571,1.659404286,7,AVAILABLE,FULL_QUARTER,POSITIVE
CANONICAL__N2_02,NORMALIZED,USDRUBF,walk_forward,2024,2,4.621795889,2.310897945,5,AVAILABLE,FULL_QUARTER,POSITIVE
CANONICAL__N2_02,NORMALIZED,GLDRUBF,walk_forward,2024,2,-1.168432653,-0.5842163264,5,AVAILABLE,FULL_QUARTER,NEGATIVE
CANONICAL__N2_02,NORMALIZED,USDRUBF,walk_forward,2024,3,1.803338198,0.9016690988,4,AVAILABLE,FULL_QUARTER,POSITIVE
CANONICAL__N2_02,NORMALIZED,GLDRUBF,walk_forward,2024,3,-1.800814282,-0.9004071408,6,AVAILABLE,FULL_QUARTER,NEGATIVE
CANONICAL__N2_02,NORMALIZED,USDRUBF,walk_forward,2024,4,5.348060663,2.674030332,3,AVAILABLE,PARTIAL_QUARTER,POSITIVE
CANONICAL__N2_02,NORMALIZED,GLDRUBF,walk_forward,2024,4,-0.1248474894,-0.06242374472,4,AVAILABLE,PARTIAL_QUARTER,NEGATIVE
CANONICAL__N2_02,NORMALIZED,USDRUBF,historical_true_oos,2025,1,0.669094079,0.3345470395,3,AVAILABLE,PARTIAL_QUARTER,POSITIVE
CANONICAL__N2_02,NORMALIZED,GLDRUBF,historical_true_oos,2025,1,-0.4165586989,-0.2082793494,1,AVAILABLE,PARTIAL_QUARTER,NEGATIVE
CANONICAL__N2_02,NORMALIZED,USDRUBF,historical_true_oos,2025,2,-2.294309312,-1.147154656,4,AVAILABLE,FULL_QUARTER,NEGATIVE
CANONICAL__N2_02,NORMALIZED,GLDRUBF,historical_true_oos,2025,2,0.1437226232,0.0718613116,2,AVAILABLE,FULL_QUARTER,POSITIVE
CANONICAL__N2_02,NORMALIZED,USDRUBF,historical_true_oos,2025,3,10.28120835,5.140604176,6,AVAILABLE,FULL_QUARTER,POSITIVE
CANONICAL__N2_02,NORMALIZED,GLDRUBF,historical_true_oos,2025,3,12.84218546,6.421092728,7,AVAILABLE,FULL_QUARTER,POSITIVE
CANONICAL__N2_02,NORMALIZED,USDRUBF,historical_true_oos,2025,4,-1.526128899,-0.7630644493,12,AVAILABLE,FULL_QUARTER,NEGATIVE
CANONICAL__N2_02,NORMALIZED,GLDRUBF,historical_true_oos,2025,4,2.808344618,1.404172309,10,AVAILABLE,FULL_QUARTER,POSITIVE
CANONICAL__N2_02,NORMALIZED,USDRUBF,historical_true_oos,2026,1,6.800303784,3.400151892,7,AVAILABLE,FULL_QUARTER,POSITIVE
CANONICAL__N2_02,NORMALIZED,GLDRUBF,historical_true_oos,2026,1,6.048086573,3.024043287,8,AVAILABLE,FULL_QUARTER,POSITIVE
CANONICAL__N2_02,NORMALIZED,USDRUBF,historical_true_oos,2026,2,3.481275769,1.740637884,8,AVAILABLE,FULL_QUARTER,POSITIVE
CANONICAL__N2_02,NORMALIZED,GLDRUBF,historical_true_oos,2026,2,3.392699205,1.696349602,6,AVAILABLE,FULL_QUARTER,POSITIVE
CANONICAL__N2_02,NORMALIZED,USDRUBF,historical_true_oos,2026,3,6.03583997,3.017919985,9,AVAILABLE,PARTIAL_QUARTER,POSITIVE
CANONICAL__N2_02,NORMALIZED,GLDRUBF,historical_true_oos,2026,3,11.38197012,5.690985059,7,AVAILABLE,PARTIAL_QUARTER,POSITIVE
CANONICAL__N2_02,FULL,USDRUBF,baseline,2023,1,-2.898422489,-2.898422489,4,AVAILABLE,PARTIAL_QUARTER,NEGATIVE
CANONICAL__N2_02,FULL,GLDRUBF,baseline,2023,1,0,0,0,NOT_AVAILABLE,NOT_AVAILABLE,ZERO
CANONICAL__N2_02,FULL,USDRUBF,baseline,2023,2,8.689564697,8.689564697,11,AVAILABLE,FULL_QUARTER,POSITIVE
CANONICAL__N2_02,FULL,GLDRUBF,baseline,2023,2,0,0,0,NOT_AVAILABLE,NOT_AVAILABLE,ZERO
CANONICAL__N2_02,FULL,USDRUBF,baseline,2023,3,5.167328514,5.167328514,8,AVAILABLE,FULL_QUARTER,POSITIVE
CANONICAL__N2_02,FULL,GLDRUBF,baseline,2023,3,-0.435766705,-0.435766705,1,AVAILABLE,PARTIAL_QUARTER,NEGATIVE
CANONICAL__N2_02,FULL,USDRUBF,baseline,2023,4,2.190151496,2.190151496,8,AVAILABLE,FULL_QUARTER,POSITIVE
CANONICAL__N2_02,FULL,GLDRUBF,baseline,2023,4,0.05167355955,0.05167355955,5,AVAILABLE,FULL_QUARTER,POSITIVE
CANONICAL__N2_02,FULL,USDRUBF,baseline,2024,1,-0.4829589909,-0.4829589909,4,AVAILABLE,FULL_QUARTER,NEGATIVE
CANONICAL__N2_02,FULL,GLDRUBF,baseline,2024,1,0.8259324747,0.8259324747,11,AVAILABLE,FULL_QUARTER,POSITIVE
CANONICAL__N2_02,FULL,USDRUBF,baseline,2024,2,2.955597233,2.955597233,12,AVAILABLE,FULL_QUARTER,POSITIVE
CANONICAL__N2_02,FULL,GLDRUBF,baseline,2024,2,3.135010105,3.135010105,9,AVAILABLE,FULL_QUARTER,POSITIVE
CANONICAL__N2_02,FULL,USDRUBF,baseline,2024,3,1.0249468,1.0249468,9,AVAILABLE,FULL_QUARTER,POSITIVE
CANONICAL__N2_02,FULL,GLDRUBF,baseline,2024,3,-1.170662863,-1.170662863,7,AVAILABLE,FULL_QUARTER,NEGATIVE
CANONICAL__N2_02,FULL,USDRUBF,baseline,2024,4,5.763429915,5.763429915,7,AVAILABLE,PARTIAL_QUARTER,POSITIVE
CANONICAL__N2_02,FULL,GLDRUBF,baseline,2024,4,8.036434985,8.036434985,8,AVAILABLE,PARTIAL_QUARTER,POSITIVE
CANONICAL__N2_02,FULL,USDRUBF,walk_forward,2024,1,0.3132754899,0.3132754899,2,AVAILABLE,FULL_QUARTER,POSITIVE
CANONICAL__N2_02,FULL,GLDRUBF,walk_forward,2024,1,3.318808571,3.318808571,7,AVAILABLE,FULL_QUARTER,POSITIVE
CANONICAL__N2_02,FULL,USDRUBF,walk_forward,2024,2,4.621795889,4.621795889,5,AVAILABLE,FULL_QUARTER,POSITIVE
CANONICAL__N2_02,FULL,GLDRUBF,walk_forward,2024,2,-1.168432653,-1.168432653,5,AVAILABLE,FULL_QUARTER,NEGATIVE
CANONICAL__N2_02,FULL,USDRUBF,walk_forward,2024,3,1.803338198,1.803338198,4,AVAILABLE,FULL_QUARTER,POSITIVE
CANONICAL__N2_02,FULL,GLDRUBF,walk_forward,2024,3,-1.800814282,-1.800814282,6,AVAILABLE,FULL_QUARTER,NEGATIVE
CANONICAL__N2_02,FULL,USDRUBF,walk_forward,2024,4,5.348060663,5.348060663,3,AVAILABLE,PARTIAL_QUARTER,POSITIVE
CANONICAL__N2_02,FULL,GLDRUBF,walk_forward,2024,4,-0.1248474894,-0.1248474894,4,AVAILABLE,PARTIAL_QUARTER,NEGATIVE
CANONICAL__N2_02,FULL,USDRUBF,historical_true_oos,2025,1,0.669094079,0.669094079,3,AVAILABLE,PARTIAL_QUARTER,POSITIVE
CANONICAL__N2_02,FULL,GLDRUBF,historical_true_oos,2025,1,-0.4165586989,-0.4165586989,1,AVAILABLE,PARTIAL_QUARTER,NEGATIVE
CANONICAL__N2_02,FULL,USDRUBF,historical_true_oos,2025,2,-2.294309312,-2.294309312,4,AVAILABLE,FULL_QUARTER,NEGATIVE
CANONICAL__N2_02,FULL,GLDRUBF,historical_true_oos,2025,2,0.1437226232,0.1437226232,2,AVAILABLE,FULL_QUARTER,POSITIVE
CANONICAL__N2_02,FULL,USDRUBF,historical_true_oos,2025,3,10.28120835,10.28120835,6,AVAILABLE,FULL_QUARTER,POSITIVE
CANONICAL__N2_02,FULL,GLDRUBF,historical_true_oos,2025,3,12.84218546,12.84218546,7,AVAILABLE,FULL_QUARTER,POSITIVE
CANONICAL__N2_02,FULL,USDRUBF,historical_true_oos,2025,4,-1.526128899,-1.526128899,12,AVAILABLE,FULL_QUARTER,NEGATIVE
CANONICAL__N2_02,FULL,GLDRUBF,historical_true_oos,2025,4,2.808344618,2.808344618,10,AVAILABLE,FULL_QUARTER,POSITIVE
CANONICAL__N2_02,FULL,USDRUBF,historical_true_oos,2026,1,6.800303784,6.800303784,7,AVAILABLE,FULL_QUARTER,POSITIVE
CANONICAL__N2_02,FULL,GLDRUBF,historical_true_oos,2026,1,6.048086573,6.048086573,8,AVAILABLE,FULL_QUARTER,POSITIVE
CANONICAL__N2_02,FULL,USDRUBF,historical_true_oos,2026,2,3.481275769,3.481275769,8,AVAILABLE,FULL_QUARTER,POSITIVE
CANONICAL__N2_02,FULL,GLDRUBF,historical_true_oos,2026,2,3.392699205,3.392699205,6,AVAILABLE,FULL_QUARTER,POSITIVE
CANONICAL__N2_02,FULL,USDRUBF,historical_true_oos,2026,3,6.03583997,6.03583997,9,AVAILABLE,PARTIAL_QUARTER,POSITIVE
CANONICAL__N2_02,FULL,GLDRUBF,historical_true_oos,2026,3,11.38197012,11.38197012,7,AVAILABLE,PARTIAL_QUARTER,POSITIVE
CANONICAL__N2_03,NORMALIZED,USDRUBF,baseline,2023,1,-2.898422489,-1.449211244,4,AVAILABLE,PARTIAL_QUARTER,NEGATIVE
CANONICAL__N2_03,NORMALIZED,IMOEXF,baseline,2023,1,0,0,0,NOT_AVAILABLE,NOT_AVAILABLE,ZERO
CANONICAL__N2_03,NORMALIZED,USDRUBF,baseline,2023,2,8.689564697,4.344782349,11,AVAILABLE,FULL_QUARTER,POSITIVE
CANONICAL__N2_03,NORMALIZED,IMOEXF,baseline,2023,2,0,0,0,NOT_AVAILABLE,NOT_AVAILABLE,ZERO
CANONICAL__N2_03,NORMALIZED,USDRUBF,baseline,2023,3,5.167328514,2.583664257,8,AVAILABLE,FULL_QUARTER,POSITIVE
CANONICAL__N2_03,NORMALIZED,IMOEXF,baseline,2023,3,0,0,0,NOT_AVAILABLE,NOT_AVAILABLE,ZERO
CANONICAL__N2_03,NORMALIZED,USDRUBF,baseline,2023,4,2.190151496,1.095075748,8,AVAILABLE,FULL_QUARTER,POSITIVE
CANONICAL__N2_03,NORMALIZED,IMOEXF,baseline,2023,4,0,0,0,NOT_AVAILABLE,PARTIAL_QUARTER,ZERO
CANONICAL__N2_03,NORMALIZED,USDRUBF,baseline,2024,1,-0.4829589909,-0.2414794954,4,AVAILABLE,FULL_QUARTER,NEGATIVE
CANONICAL__N2_03,NORMALIZED,IMOEXF,baseline,2024,1,2.393163239,1.196581619,8,AVAILABLE,FULL_QUARTER,POSITIVE
CANONICAL__N2_03,NORMALIZED,USDRUBF,baseline,2024,2,2.955597233,1.477798617,12,AVAILABLE,FULL_QUARTER,POSITIVE
CANONICAL__N2_03,NORMALIZED,IMOEXF,baseline,2024,2,5.115292585,2.557646292,6,AVAILABLE,FULL_QUARTER,POSITIVE
CANONICAL__N2_03,NORMALIZED,USDRUBF,baseline,2024,3,1.0249468,0.5124733999,9,AVAILABLE,FULL_QUARTER,POSITIVE
CANONICAL__N2_03,NORMALIZED,IMOEXF,baseline,2024,3,7.623380195,3.811690098,7,AVAILABLE,FULL_QUARTER,POSITIVE
CANONICAL__N2_03,NORMALIZED,USDRUBF,baseline,2024,4,5.763429915,2.881714957,7,AVAILABLE,PARTIAL_QUARTER,POSITIVE
CANONICAL__N2_03,NORMALIZED,IMOEXF,baseline,2024,4,2.943055533,1.471527767,5,AVAILABLE,PARTIAL_QUARTER,POSITIVE
CANONICAL__N2_03,NORMALIZED,USDRUBF,walk_forward,2024,1,0.3132754899,0.1566377449,2,AVAILABLE,FULL_QUARTER,POSITIVE
CANONICAL__N2_03,NORMALIZED,IMOEXF,walk_forward,2024,1,-2.256842313,-1.128421157,3,AVAILABLE,FULL_QUARTER,NEGATIVE
CANONICAL__N2_03,NORMALIZED,USDRUBF,walk_forward,2024,2,4.621795889,2.310897945,5,AVAILABLE,FULL_QUARTER,POSITIVE
CANONICAL__N2_03,NORMALIZED,IMOEXF,walk_forward,2024,2,5.244296171,2.622148085,5,AVAILABLE,FULL_QUARTER,POSITIVE
CANONICAL__N2_03,NORMALIZED,USDRUBF,walk_forward,2024,3,1.803338198,0.9016690988,4,AVAILABLE,FULL_QUARTER,POSITIVE
CANONICAL__N2_03,NORMALIZED,IMOEXF,walk_forward,2024,3,3.827226242,1.913613121,3,AVAILABLE,FULL_QUARTER,POSITIVE
CANONICAL__N2_03,NORMALIZED,USDRUBF,walk_forward,2024,4,5.348060663,2.674030332,3,AVAILABLE,PARTIAL_QUARTER,POSITIVE
CANONICAL__N2_03,NORMALIZED,IMOEXF,walk_forward,2024,4,1.53728685,0.7686434252,3,AVAILABLE,PARTIAL_QUARTER,POSITIVE
CANONICAL__N2_03,NORMALIZED,USDRUBF,historical_true_oos,2025,1,0.669094079,0.3345470395,3,AVAILABLE,PARTIAL_QUARTER,POSITIVE
CANONICAL__N2_03,NORMALIZED,IMOEXF,historical_true_oos,2025,1,-0.9765813621,-0.488290681,2,AVAILABLE,PARTIAL_QUARTER,NEGATIVE
CANONICAL__N2_03,NORMALIZED,USDRUBF,historical_true_oos,2025,2,-2.294309312,-1.147154656,4,AVAILABLE,FULL_QUARTER,NEGATIVE
CANONICAL__N2_03,NORMALIZED,IMOEXF,historical_true_oos,2025,2,3.293111457,1.646555728,5,AVAILABLE,FULL_QUARTER,POSITIVE
CANONICAL__N2_03,NORMALIZED,USDRUBF,historical_true_oos,2025,3,10.28120835,5.140604176,6,AVAILABLE,FULL_QUARTER,POSITIVE
CANONICAL__N2_03,NORMALIZED,IMOEXF,historical_true_oos,2025,3,-0.02228280491,-0.01114140246,12,AVAILABLE,FULL_QUARTER,NEGATIVE
CANONICAL__N2_03,NORMALIZED,USDRUBF,historical_true_oos,2025,4,-1.526128899,-0.7630644493,12,AVAILABLE,FULL_QUARTER,NEGATIVE
CANONICAL__N2_03,NORMALIZED,IMOEXF,historical_true_oos,2025,4,1.53089969,0.7654498448,9,AVAILABLE,FULL_QUARTER,POSITIVE
CANONICAL__N2_03,NORMALIZED,USDRUBF,historical_true_oos,2026,1,6.800303784,3.400151892,7,AVAILABLE,FULL_QUARTER,POSITIVE
CANONICAL__N2_03,NORMALIZED,IMOEXF,historical_true_oos,2026,1,1.207695616,0.6038478078,7,AVAILABLE,FULL_QUARTER,POSITIVE
CANONICAL__N2_03,NORMALIZED,USDRUBF,historical_true_oos,2026,2,3.481275769,1.740637884,8,AVAILABLE,FULL_QUARTER,POSITIVE
CANONICAL__N2_03,NORMALIZED,IMOEXF,historical_true_oos,2026,2,0.7577473287,0.3788736643,13,AVAILABLE,FULL_QUARTER,POSITIVE
CANONICAL__N2_03,NORMALIZED,USDRUBF,historical_true_oos,2026,3,6.03583997,3.017919985,9,AVAILABLE,PARTIAL_QUARTER,POSITIVE
CANONICAL__N2_03,NORMALIZED,IMOEXF,historical_true_oos,2026,3,-2.467484663,-1.233742331,10,AVAILABLE,PARTIAL_QUARTER,NEGATIVE
CANONICAL__N2_03,FULL,USDRUBF,baseline,2023,1,-2.898422489,-2.898422489,4,AVAILABLE,PARTIAL_QUARTER,NEGATIVE
CANONICAL__N2_03,FULL,IMOEXF,baseline,2023,1,0,0,0,NOT_AVAILABLE,NOT_AVAILABLE,ZERO
CANONICAL__N2_03,FULL,USDRUBF,baseline,2023,2,8.689564697,8.689564697,11,AVAILABLE,FULL_QUARTER,POSITIVE
CANONICAL__N2_03,FULL,IMOEXF,baseline,2023,2,0,0,0,NOT_AVAILABLE,NOT_AVAILABLE,ZERO
CANONICAL__N2_03,FULL,USDRUBF,baseline,2023,3,5.167328514,5.167328514,8,AVAILABLE,FULL_QUARTER,POSITIVE
CANONICAL__N2_03,FULL,IMOEXF,baseline,2023,3,0,0,0,NOT_AVAILABLE,NOT_AVAILABLE,ZERO
CANONICAL__N2_03,FULL,USDRUBF,baseline,2023,4,2.190151496,2.190151496,8,AVAILABLE,FULL_QUARTER,POSITIVE
CANONICAL__N2_03,FULL,IMOEXF,baseline,2023,4,0,0,0,NOT_AVAILABLE,PARTIAL_QUARTER,ZERO
CANONICAL__N2_03,FULL,USDRUBF,baseline,2024,1,-0.4829589909,-0.4829589909,4,AVAILABLE,FULL_QUARTER,NEGATIVE
CANONICAL__N2_03,FULL,IMOEXF,baseline,2024,1,2.393163239,2.393163239,8,AVAILABLE,FULL_QUARTER,POSITIVE
CANONICAL__N2_03,FULL,USDRUBF,baseline,2024,2,2.955597233,2.955597233,12,AVAILABLE,FULL_QUARTER,POSITIVE
CANONICAL__N2_03,FULL,IMOEXF,baseline,2024,2,5.115292585,5.115292585,6,AVAILABLE,FULL_QUARTER,POSITIVE
CANONICAL__N2_03,FULL,USDRUBF,baseline,2024,3,1.0249468,1.0249468,9,AVAILABLE,FULL_QUARTER,POSITIVE
CANONICAL__N2_03,FULL,IMOEXF,baseline,2024,3,7.623380195,7.623380195,7,AVAILABLE,FULL_QUARTER,POSITIVE
CANONICAL__N2_03,FULL,USDRUBF,baseline,2024,4,5.763429915,5.763429915,7,AVAILABLE,PARTIAL_QUARTER,POSITIVE
CANONICAL__N2_03,FULL,IMOEXF,baseline,2024,4,2.943055533,2.943055533,5,AVAILABLE,PARTIAL_QUARTER,POSITIVE
CANONICAL__N2_03,FULL,USDRUBF,walk_forward,2024,1,0.3132754899,0.3132754899,2,AVAILABLE,FULL_QUARTER,POSITIVE
CANONICAL__N2_03,FULL,IMOEXF,walk_forward,2024,1,-2.256842313,-2.256842313,3,AVAILABLE,FULL_QUARTER,NEGATIVE
CANONICAL__N2_03,FULL,USDRUBF,walk_forward,2024,2,4.621795889,4.621795889,5,AVAILABLE,FULL_QUARTER,POSITIVE
CANONICAL__N2_03,FULL,IMOEXF,walk_forward,2024,2,5.244296171,5.244296171,5,AVAILABLE,FULL_QUARTER,POSITIVE
CANONICAL__N2_03,FULL,USDRUBF,walk_forward,2024,3,1.803338198,1.803338198,4,AVAILABLE,FULL_QUARTER,POSITIVE
CANONICAL__N2_03,FULL,IMOEXF,walk_forward,2024,3,3.827226242,3.827226242,3,AVAILABLE,FULL_QUARTER,POSITIVE
CANONICAL__N2_03,FULL,USDRUBF,walk_forward,2024,4,5.348060663,5.348060663,3,AVAILABLE,PARTIAL_QUARTER,POSITIVE
CANONICAL__N2_03,FULL,IMOEXF,walk_forward,2024,4,1.53728685,1.53728685,3,AVAILABLE,PARTIAL_QUARTER,POSITIVE
CANONICAL__N2_03,FULL,USDRUBF,historical_true_oos,2025,1,0.669094079,0.669094079,3,AVAILABLE,PARTIAL_QUARTER,POSITIVE
CANONICAL__N2_03,FULL,IMOEXF,historical_true_oos,2025,1,-0.9765813621,-0.9765813621,2,AVAILABLE,PARTIAL_QUARTER,NEGATIVE
CANONICAL__N2_03,FULL,USDRUBF,historical_true_oos,2025,2,-2.294309312,-2.294309312,4,AVAILABLE,FULL_QUARTER,NEGATIVE
CANONICAL__N2_03,FULL,IMOEXF,historical_true_oos,2025,2,3.293111457,3.293111457,5,AVAILABLE,FULL_QUARTER,POSITIVE
CANONICAL__N2_03,FULL,USDRUBF,historical_true_oos,2025,3,10.28120835,10.28120835,6,AVAILABLE,FULL_QUARTER,POSITIVE
CANONICAL__N2_03,FULL,IMOEXF,historical_true_oos,2025,3,-0.02228280491,-0.02228280491,12,AVAILABLE,FULL_QUARTER,NEGATIVE
CANONICAL__N2_03,FULL,USDRUBF,historical_true_oos,2025,4,-1.526128899,-1.526128899,12,AVAILABLE,FULL_QUARTER,NEGATIVE
CANONICAL__N2_03,FULL,IMOEXF,historical_true_oos,2025,4,1.53089969,1.53089969,9,AVAILABLE,FULL_QUARTER,POSITIVE
CANONICAL__N2_03,FULL,USDRUBF,historical_true_oos,2026,1,6.800303784,6.800303784,7,AVAILABLE,FULL_QUARTER,POSITIVE
CANONICAL__N2_03,FULL,IMOEXF,historical_true_oos,2026,1,1.207695616,1.207695616,7,AVAILABLE,FULL_QUARTER,POSITIVE
CANONICAL__N2_03,FULL,USDRUBF,historical_true_oos,2026,2,3.481275769,3.481275769,8,AVAILABLE,FULL_QUARTER,POSITIVE
CANONICAL__N2_03,FULL,IMOEXF,historical_true_oos,2026,2,0.7577473287,0.7577473287,13,AVAILABLE,FULL_QUARTER,POSITIVE
CANONICAL__N2_03,FULL,USDRUBF,historical_true_oos,2026,3,6.03583997,6.03583997,9,AVAILABLE,PARTIAL_QUARTER,POSITIVE
CANONICAL__N2_03,FULL,IMOEXF,historical_true_oos,2026,3,-2.467484663,-2.467484663,10,AVAILABLE,PARTIAL_QUARTER,NEGATIVE
CANONICAL__N2_04,NORMALIZED,CNYRUBF,baseline,2023,1,-1.020555271,-0.5102776355,3,AVAILABLE,PARTIAL_QUARTER,NEGATIVE
CANONICAL__N2_04,NORMALIZED,GLDRUBF,baseline,2023,1,0,0,0,NOT_AVAILABLE,NOT_AVAILABLE,ZERO
CANONICAL__N2_04,NORMALIZED,CNYRUBF,baseline,2023,2,7.795515913,3.897757957,8,AVAILABLE,FULL_QUARTER,POSITIVE
CANONICAL__N2_04,NORMALIZED,GLDRUBF,baseline,2023,2,0,0,0,NOT_AVAILABLE,NOT_AVAILABLE,ZERO
CANONICAL__N2_04,NORMALIZED,CNYRUBF,baseline,2023,3,-2.049622456,-1.024811228,7,AVAILABLE,FULL_QUARTER,NEGATIVE
CANONICAL__N2_04,NORMALIZED,GLDRUBF,baseline,2023,3,-0.435766705,-0.2178833525,1,AVAILABLE,PARTIAL_QUARTER,NEGATIVE
CANONICAL__N2_04,NORMALIZED,CNYRUBF,baseline,2023,4,-3.791262962,-1.895631481,6,AVAILABLE,FULL_QUARTER,NEGATIVE
CANONICAL__N2_04,NORMALIZED,GLDRUBF,baseline,2023,4,0.05167355955,0.02583677977,5,AVAILABLE,FULL_QUARTER,POSITIVE
CANONICAL__N2_04,NORMALIZED,CNYRUBF,baseline,2024,1,2.817209547,1.408604774,3,AVAILABLE,FULL_QUARTER,POSITIVE
CANONICAL__N2_04,NORMALIZED,GLDRUBF,baseline,2024,1,0.8259324747,0.4129662373,11,AVAILABLE,FULL_QUARTER,POSITIVE
CANONICAL__N2_04,NORMALIZED,CNYRUBF,baseline,2024,2,14.94403683,7.472018415,11,AVAILABLE,FULL_QUARTER,POSITIVE
CANONICAL__N2_04,NORMALIZED,GLDRUBF,baseline,2024,2,3.135010105,1.567505053,9,AVAILABLE,FULL_QUARTER,POSITIVE
CANONICAL__N2_04,NORMALIZED,CNYRUBF,baseline,2024,3,0.6441510469,0.3220755234,6,AVAILABLE,FULL_QUARTER,POSITIVE
CANONICAL__N2_04,NORMALIZED,GLDRUBF,baseline,2024,3,-1.170662863,-0.5853314316,7,AVAILABLE,FULL_QUARTER,NEGATIVE
CANONICAL__N2_04,NORMALIZED,CNYRUBF,baseline,2024,4,3.442996412,1.721498206,7,AVAILABLE,PARTIAL_QUARTER,POSITIVE
CANONICAL__N2_04,NORMALIZED,GLDRUBF,baseline,2024,4,8.036434985,4.018217493,8,AVAILABLE,PARTIAL_QUARTER,POSITIVE
CANONICAL__N2_04,NORMALIZED,CNYRUBF,walk_forward,2024,1,-0.7748154007,-0.3874077003,1,AVAILABLE,FULL_QUARTER,NEGATIVE
CANONICAL__N2_04,NORMALIZED,GLDRUBF,walk_forward,2024,1,3.318808571,1.659404286,7,AVAILABLE,FULL_QUARTER,POSITIVE
CANONICAL__N2_04,NORMALIZED,CNYRUBF,walk_forward,2024,2,14.34374878,7.17187439,5,AVAILABLE,FULL_QUARTER,POSITIVE
CANONICAL__N2_04,NORMALIZED,GLDRUBF,walk_forward,2024,2,-1.168432653,-0.5842163264,5,AVAILABLE,FULL_QUARTER,NEGATIVE
CANONICAL__N2_04,NORMALIZED,CNYRUBF,walk_forward,2024,3,0.9080037172,0.4540018586,5,AVAILABLE,FULL_QUARTER,POSITIVE
CANONICAL__N2_04,NORMALIZED,GLDRUBF,walk_forward,2024,3,-1.800814282,-0.9004071408,6,AVAILABLE,FULL_QUARTER,NEGATIVE
CANONICAL__N2_04,NORMALIZED,CNYRUBF,walk_forward,2024,4,3.589777842,1.794888921,5,AVAILABLE,PARTIAL_QUARTER,POSITIVE
CANONICAL__N2_04,NORMALIZED,GLDRUBF,walk_forward,2024,4,-0.1248474894,-0.06242374472,4,AVAILABLE,PARTIAL_QUARTER,NEGATIVE
CANONICAL__N2_04,NORMALIZED,CNYRUBF,historical_true_oos,2025,1,2.961964957,1.480982479,3,AVAILABLE,PARTIAL_QUARTER,POSITIVE
CANONICAL__N2_04,NORMALIZED,GLDRUBF,historical_true_oos,2025,1,-0.4165586989,-0.2082793494,1,AVAILABLE,PARTIAL_QUARTER,NEGATIVE
CANONICAL__N2_04,NORMALIZED,CNYRUBF,historical_true_oos,2025,2,-2.900060519,-1.45003026,4,AVAILABLE,FULL_QUARTER,NEGATIVE
CANONICAL__N2_04,NORMALIZED,GLDRUBF,historical_true_oos,2025,2,0.1437226232,0.0718613116,2,AVAILABLE,FULL_QUARTER,POSITIVE
CANONICAL__N2_04,NORMALIZED,CNYRUBF,historical_true_oos,2025,3,11.77216822,5.886084111,7,AVAILABLE,FULL_QUARTER,POSITIVE
CANONICAL__N2_04,NORMALIZED,GLDRUBF,historical_true_oos,2025,3,12.84218546,6.421092728,7,AVAILABLE,FULL_QUARTER,POSITIVE
CANONICAL__N2_04,NORMALIZED,CNYRUBF,historical_true_oos,2025,4,-1.819337048,-0.909668524,13,AVAILABLE,FULL_QUARTER,NEGATIVE
CANONICAL__N2_04,NORMALIZED,GLDRUBF,historical_true_oos,2025,4,2.808344618,1.404172309,10,AVAILABLE,FULL_QUARTER,POSITIVE
CANONICAL__N2_04,NORMALIZED,CNYRUBF,historical_true_oos,2026,1,4.172041837,2.086020918,8,AVAILABLE,FULL_QUARTER,POSITIVE
CANONICAL__N2_04,NORMALIZED,GLDRUBF,historical_true_oos,2026,1,6.048086573,3.024043287,8,AVAILABLE,FULL_QUARTER,POSITIVE
CANONICAL__N2_04,NORMALIZED,CNYRUBF,historical_true_oos,2026,2,5.018422592,2.509211296,7,AVAILABLE,FULL_QUARTER,POSITIVE
CANONICAL__N2_04,NORMALIZED,GLDRUBF,historical_true_oos,2026,2,3.392699205,1.696349602,6,AVAILABLE,FULL_QUARTER,POSITIVE
CANONICAL__N2_04,NORMALIZED,CNYRUBF,historical_true_oos,2026,3,3.560382305,1.780191153,9,AVAILABLE,PARTIAL_QUARTER,POSITIVE
CANONICAL__N2_04,NORMALIZED,GLDRUBF,historical_true_oos,2026,3,11.38197012,5.690985059,7,AVAILABLE,PARTIAL_QUARTER,POSITIVE
CANONICAL__N2_04,FULL,CNYRUBF,baseline,2023,1,-1.020555271,-1.020555271,3,AVAILABLE,PARTIAL_QUARTER,NEGATIVE
CANONICAL__N2_04,FULL,GLDRUBF,baseline,2023,1,0,0,0,NOT_AVAILABLE,NOT_AVAILABLE,ZERO
CANONICAL__N2_04,FULL,CNYRUBF,baseline,2023,2,7.795515913,7.795515913,8,AVAILABLE,FULL_QUARTER,POSITIVE
CANONICAL__N2_04,FULL,GLDRUBF,baseline,2023,2,0,0,0,NOT_AVAILABLE,NOT_AVAILABLE,ZERO
CANONICAL__N2_04,FULL,CNYRUBF,baseline,2023,3,-2.049622456,-2.049622456,7,AVAILABLE,FULL_QUARTER,NEGATIVE
CANONICAL__N2_04,FULL,GLDRUBF,baseline,2023,3,-0.435766705,-0.435766705,1,AVAILABLE,PARTIAL_QUARTER,NEGATIVE
CANONICAL__N2_04,FULL,CNYRUBF,baseline,2023,4,-3.791262962,-3.791262962,6,AVAILABLE,FULL_QUARTER,NEGATIVE
CANONICAL__N2_04,FULL,GLDRUBF,baseline,2023,4,0.05167355955,0.05167355955,5,AVAILABLE,FULL_QUARTER,POSITIVE
CANONICAL__N2_04,FULL,CNYRUBF,baseline,2024,1,2.817209547,2.817209547,3,AVAILABLE,FULL_QUARTER,POSITIVE
CANONICAL__N2_04,FULL,GLDRUBF,baseline,2024,1,0.8259324747,0.8259324747,11,AVAILABLE,FULL_QUARTER,POSITIVE
CANONICAL__N2_04,FULL,CNYRUBF,baseline,2024,2,14.94403683,14.94403683,11,AVAILABLE,FULL_QUARTER,POSITIVE
CANONICAL__N2_04,FULL,GLDRUBF,baseline,2024,2,3.135010105,3.135010105,9,AVAILABLE,FULL_QUARTER,POSITIVE
CANONICAL__N2_04,FULL,CNYRUBF,baseline,2024,3,0.6441510469,0.6441510469,6,AVAILABLE,FULL_QUARTER,POSITIVE
CANONICAL__N2_04,FULL,GLDRUBF,baseline,2024,3,-1.170662863,-1.170662863,7,AVAILABLE,FULL_QUARTER,NEGATIVE
CANONICAL__N2_04,FULL,CNYRUBF,baseline,2024,4,3.442996412,3.442996412,7,AVAILABLE,PARTIAL_QUARTER,POSITIVE
CANONICAL__N2_04,FULL,GLDRUBF,baseline,2024,4,8.036434985,8.036434985,8,AVAILABLE,PARTIAL_QUARTER,POSITIVE
CANONICAL__N2_04,FULL,CNYRUBF,walk_forward,2024,1,-0.7748154007,-0.7748154007,1,AVAILABLE,FULL_QUARTER,NEGATIVE
CANONICAL__N2_04,FULL,GLDRUBF,walk_forward,2024,1,3.318808571,3.318808571,7,AVAILABLE,FULL_QUARTER,POSITIVE
CANONICAL__N2_04,FULL,CNYRUBF,walk_forward,2024,2,14.34374878,14.34374878,5,AVAILABLE,FULL_QUARTER,POSITIVE
CANONICAL__N2_04,FULL,GLDRUBF,walk_forward,2024,2,-1.168432653,-1.168432653,5,AVAILABLE,FULL_QUARTER,NEGATIVE
CANONICAL__N2_04,FULL,CNYRUBF,walk_forward,2024,3,0.9080037172,0.9080037172,5,AVAILABLE,FULL_QUARTER,POSITIVE
CANONICAL__N2_04,FULL,GLDRUBF,walk_forward,2024,3,-1.800814282,-1.800814282,6,AVAILABLE,FULL_QUARTER,NEGATIVE
CANONICAL__N2_04,FULL,CNYRUBF,walk_forward,2024,4,3.589777842,3.589777842,5,AVAILABLE,PARTIAL_QUARTER,POSITIVE
CANONICAL__N2_04,FULL,GLDRUBF,walk_forward,2024,4,-0.1248474894,-0.1248474894,4,AVAILABLE,PARTIAL_QUARTER,NEGATIVE
CANONICAL__N2_04,FULL,CNYRUBF,historical_true_oos,2025,1,2.961964957,2.961964957,3,AVAILABLE,PARTIAL_QUARTER,POSITIVE
CANONICAL__N2_04,FULL,GLDRUBF,historical_true_oos,2025,1,-0.4165586989,-0.4165586989,1,AVAILABLE,PARTIAL_QUARTER,NEGATIVE
CANONICAL__N2_04,FULL,CNYRUBF,historical_true_oos,2025,2,-2.900060519,-2.900060519,4,AVAILABLE,FULL_QUARTER,NEGATIVE
CANONICAL__N2_04,FULL,GLDRUBF,historical_true_oos,2025,2,0.1437226232,0.1437226232,2,AVAILABLE,FULL_QUARTER,POSITIVE
CANONICAL__N2_04,FULL,CNYRUBF,historical_true_oos,2025,3,11.77216822,11.77216822,7,AVAILABLE,FULL_QUARTER,POSITIVE
CANONICAL__N2_04,FULL,GLDRUBF,historical_true_oos,2025,3,12.84218546,12.84218546,7,AVAILABLE,FULL_QUARTER,POSITIVE
CANONICAL__N2_04,FULL,CNYRUBF,historical_true_oos,2025,4,-1.819337048,-1.819337048,13,AVAILABLE,FULL_QUARTER,NEGATIVE
CANONICAL__N2_04,FULL,GLDRUBF,historical_true_oos,2025,4,2.808344618,2.808344618,10,AVAILABLE,FULL_QUARTER,POSITIVE
CANONICAL__N2_04,FULL,CNYRUBF,historical_true_oos,2026,1,4.172041837,4.172041837,8,AVAILABLE,FULL_QUARTER,POSITIVE
CANONICAL__N2_04,FULL,GLDRUBF,historical_true_oos,2026,1,6.048086573,6.048086573,8,AVAILABLE,FULL_QUARTER,POSITIVE
CANONICAL__N2_04,FULL,CNYRUBF,historical_true_oos,2026,2,5.018422592,5.018422592,7,AVAILABLE,FULL_QUARTER,POSITIVE
CANONICAL__N2_04,FULL,GLDRUBF,historical_true_oos,2026,2,3.392699205,3.392699205,6,AVAILABLE,FULL_QUARTER,POSITIVE
CANONICAL__N2_04,FULL,CNYRUBF,historical_true_oos,2026,3,3.560382305,3.560382305,9,AVAILABLE,PARTIAL_QUARTER,POSITIVE
CANONICAL__N2_04,FULL,GLDRUBF,historical_true_oos,2026,3,11.38197012,11.38197012,7,AVAILABLE,PARTIAL_QUARTER,POSITIVE
CANONICAL__N2_05,NORMALIZED,CNYRUBF,baseline,2023,1,-1.020555271,-0.5102776355,3,AVAILABLE,PARTIAL_QUARTER,NEGATIVE
CANONICAL__N2_05,NORMALIZED,IMOEXF,baseline,2023,1,0,0,0,NOT_AVAILABLE,NOT_AVAILABLE,ZERO
CANONICAL__N2_05,NORMALIZED,CNYRUBF,baseline,2023,2,7.795515913,3.897757957,8,AVAILABLE,FULL_QUARTER,POSITIVE
CANONICAL__N2_05,NORMALIZED,IMOEXF,baseline,2023,2,0,0,0,NOT_AVAILABLE,NOT_AVAILABLE,ZERO
CANONICAL__N2_05,NORMALIZED,CNYRUBF,baseline,2023,3,-2.049622456,-1.024811228,7,AVAILABLE,FULL_QUARTER,NEGATIVE
CANONICAL__N2_05,NORMALIZED,IMOEXF,baseline,2023,3,0,0,0,NOT_AVAILABLE,NOT_AVAILABLE,ZERO
CANONICAL__N2_05,NORMALIZED,CNYRUBF,baseline,2023,4,-3.791262962,-1.895631481,6,AVAILABLE,FULL_QUARTER,NEGATIVE
CANONICAL__N2_05,NORMALIZED,IMOEXF,baseline,2023,4,0,0,0,NOT_AVAILABLE,PARTIAL_QUARTER,ZERO
CANONICAL__N2_05,NORMALIZED,CNYRUBF,baseline,2024,1,2.817209547,1.408604774,3,AVAILABLE,FULL_QUARTER,POSITIVE
CANONICAL__N2_05,NORMALIZED,IMOEXF,baseline,2024,1,2.393163239,1.196581619,8,AVAILABLE,FULL_QUARTER,POSITIVE
CANONICAL__N2_05,NORMALIZED,CNYRUBF,baseline,2024,2,14.94403683,7.472018415,11,AVAILABLE,FULL_QUARTER,POSITIVE
CANONICAL__N2_05,NORMALIZED,IMOEXF,baseline,2024,2,5.115292585,2.557646292,6,AVAILABLE,FULL_QUARTER,POSITIVE
CANONICAL__N2_05,NORMALIZED,CNYRUBF,baseline,2024,3,0.6441510469,0.3220755234,6,AVAILABLE,FULL_QUARTER,POSITIVE
CANONICAL__N2_05,NORMALIZED,IMOEXF,baseline,2024,3,7.623380195,3.811690098,7,AVAILABLE,FULL_QUARTER,POSITIVE
CANONICAL__N2_05,NORMALIZED,CNYRUBF,baseline,2024,4,3.442996412,1.721498206,7,AVAILABLE,PARTIAL_QUARTER,POSITIVE
CANONICAL__N2_05,NORMALIZED,IMOEXF,baseline,2024,4,2.943055533,1.471527767,5,AVAILABLE,PARTIAL_QUARTER,POSITIVE
CANONICAL__N2_05,NORMALIZED,CNYRUBF,walk_forward,2024,1,-0.7748154007,-0.3874077003,1,AVAILABLE,FULL_QUARTER,NEGATIVE
CANONICAL__N2_05,NORMALIZED,IMOEXF,walk_forward,2024,1,-2.256842313,-1.128421157,3,AVAILABLE,FULL_QUARTER,NEGATIVE
CANONICAL__N2_05,NORMALIZED,CNYRUBF,walk_forward,2024,2,14.34374878,7.17187439,5,AVAILABLE,FULL_QUARTER,POSITIVE
CANONICAL__N2_05,NORMALIZED,IMOEXF,walk_forward,2024,2,5.244296171,2.622148085,5,AVAILABLE,FULL_QUARTER,POSITIVE
CANONICAL__N2_05,NORMALIZED,CNYRUBF,walk_forward,2024,3,0.9080037172,0.4540018586,5,AVAILABLE,FULL_QUARTER,POSITIVE
CANONICAL__N2_05,NORMALIZED,IMOEXF,walk_forward,2024,3,3.827226242,1.913613121,3,AVAILABLE,FULL_QUARTER,POSITIVE
CANONICAL__N2_05,NORMALIZED,CNYRUBF,walk_forward,2024,4,3.589777842,1.794888921,5,AVAILABLE,PARTIAL_QUARTER,POSITIVE
CANONICAL__N2_05,NORMALIZED,IMOEXF,walk_forward,2024,4,1.53728685,0.7686434252,3,AVAILABLE,PARTIAL_QUARTER,POSITIVE
CANONICAL__N2_05,NORMALIZED,CNYRUBF,historical_true_oos,2025,1,2.961964957,1.480982479,3,AVAILABLE,PARTIAL_QUARTER,POSITIVE
CANONICAL__N2_05,NORMALIZED,IMOEXF,historical_true_oos,2025,1,-0.9765813621,-0.488290681,2,AVAILABLE,PARTIAL_QUARTER,NEGATIVE
CANONICAL__N2_05,NORMALIZED,CNYRUBF,historical_true_oos,2025,2,-2.900060519,-1.45003026,4,AVAILABLE,FULL_QUARTER,NEGATIVE
CANONICAL__N2_05,NORMALIZED,IMOEXF,historical_true_oos,2025,2,3.293111457,1.646555728,5,AVAILABLE,FULL_QUARTER,POSITIVE
CANONICAL__N2_05,NORMALIZED,CNYRUBF,historical_true_oos,2025,3,11.77216822,5.886084111,7,AVAILABLE,FULL_QUARTER,POSITIVE
CANONICAL__N2_05,NORMALIZED,IMOEXF,historical_true_oos,2025,3,-0.02228280491,-0.01114140246,12,AVAILABLE,FULL_QUARTER,NEGATIVE
CANONICAL__N2_05,NORMALIZED,CNYRUBF,historical_true_oos,2025,4,-1.819337048,-0.909668524,13,AVAILABLE,FULL_QUARTER,NEGATIVE
CANONICAL__N2_05,NORMALIZED,IMOEXF,historical_true_oos,2025,4,1.53089969,0.7654498448,9,AVAILABLE,FULL_QUARTER,POSITIVE
CANONICAL__N2_05,NORMALIZED,CNYRUBF,historical_true_oos,2026,1,4.172041837,2.086020918,8,AVAILABLE,FULL_QUARTER,POSITIVE
CANONICAL__N2_05,NORMALIZED,IMOEXF,historical_true_oos,2026,1,1.207695616,0.6038478078,7,AVAILABLE,FULL_QUARTER,POSITIVE
CANONICAL__N2_05,NORMALIZED,CNYRUBF,historical_true_oos,2026,2,5.018422592,2.509211296,7,AVAILABLE,FULL_QUARTER,POSITIVE
CANONICAL__N2_05,NORMALIZED,IMOEXF,historical_true_oos,2026,2,0.7577473287,0.3788736643,13,AVAILABLE,FULL_QUARTER,POSITIVE
CANONICAL__N2_05,NORMALIZED,CNYRUBF,historical_true_oos,2026,3,3.560382305,1.780191153,9,AVAILABLE,PARTIAL_QUARTER,POSITIVE
CANONICAL__N2_05,NORMALIZED,IMOEXF,historical_true_oos,2026,3,-2.467484663,-1.233742331,10,AVAILABLE,PARTIAL_QUARTER,NEGATIVE
CANONICAL__N2_05,FULL,CNYRUBF,baseline,2023,1,-1.020555271,-1.020555271,3,AVAILABLE,PARTIAL_QUARTER,NEGATIVE
CANONICAL__N2_05,FULL,IMOEXF,baseline,2023,1,0,0,0,NOT_AVAILABLE,NOT_AVAILABLE,ZERO
CANONICAL__N2_05,FULL,CNYRUBF,baseline,2023,2,7.795515913,7.795515913,8,AVAILABLE,FULL_QUARTER,POSITIVE
CANONICAL__N2_05,FULL,IMOEXF,baseline,2023,2,0,0,0,NOT_AVAILABLE,NOT_AVAILABLE,ZERO
CANONICAL__N2_05,FULL,CNYRUBF,baseline,2023,3,-2.049622456,-2.049622456,7,AVAILABLE,FULL_QUARTER,NEGATIVE
CANONICAL__N2_05,FULL,IMOEXF,baseline,2023,3,0,0,0,NOT_AVAILABLE,NOT_AVAILABLE,ZERO
CANONICAL__N2_05,FULL,CNYRUBF,baseline,2023,4,-3.791262962,-3.791262962,6,AVAILABLE,FULL_QUARTER,NEGATIVE
CANONICAL__N2_05,FULL,IMOEXF,baseline,2023,4,0,0,0,NOT_AVAILABLE,PARTIAL_QUARTER,ZERO
CANONICAL__N2_05,FULL,CNYRUBF,baseline,2024,1,2.817209547,2.817209547,3,AVAILABLE,FULL_QUARTER,POSITIVE
CANONICAL__N2_05,FULL,IMOEXF,baseline,2024,1,2.393163239,2.393163239,8,AVAILABLE,FULL_QUARTER,POSITIVE
CANONICAL__N2_05,FULL,CNYRUBF,baseline,2024,2,14.94403683,14.94403683,11,AVAILABLE,FULL_QUARTER,POSITIVE
CANONICAL__N2_05,FULL,IMOEXF,baseline,2024,2,5.115292585,5.115292585,6,AVAILABLE,FULL_QUARTER,POSITIVE
CANONICAL__N2_05,FULL,CNYRUBF,baseline,2024,3,0.6441510469,0.6441510469,6,AVAILABLE,FULL_QUARTER,POSITIVE
CANONICAL__N2_05,FULL,IMOEXF,baseline,2024,3,7.623380195,7.623380195,7,AVAILABLE,FULL_QUARTER,POSITIVE
CANONICAL__N2_05,FULL,CNYRUBF,baseline,2024,4,3.442996412,3.442996412,7,AVAILABLE,PARTIAL_QUARTER,POSITIVE
CANONICAL__N2_05,FULL,IMOEXF,baseline,2024,4,2.943055533,2.943055533,5,AVAILABLE,PARTIAL_QUARTER,POSITIVE
CANONICAL__N2_05,FULL,CNYRUBF,walk_forward,2024,1,-0.7748154007,-0.7748154007,1,AVAILABLE,FULL_QUARTER,NEGATIVE
CANONICAL__N2_05,FULL,IMOEXF,walk_forward,2024,1,-2.256842313,-2.256842313,3,AVAILABLE,FULL_QUARTER,NEGATIVE
CANONICAL__N2_05,FULL,CNYRUBF,walk_forward,2024,2,14.34374878,14.34374878,5,AVAILABLE,FULL_QUARTER,POSITIVE
CANONICAL__N2_05,FULL,IMOEXF,walk_forward,2024,2,5.244296171,5.244296171,5,AVAILABLE,FULL_QUARTER,POSITIVE
CANONICAL__N2_05,FULL,CNYRUBF,walk_forward,2024,3,0.9080037172,0.9080037172,5,AVAILABLE,FULL_QUARTER,POSITIVE
CANONICAL__N2_05,FULL,IMOEXF,walk_forward,2024,3,3.827226242,3.827226242,3,AVAILABLE,FULL_QUARTER,POSITIVE
CANONICAL__N2_05,FULL,CNYRUBF,walk_forward,2024,4,3.589777842,3.589777842,5,AVAILABLE,PARTIAL_QUARTER,POSITIVE
CANONICAL__N2_05,FULL,IMOEXF,walk_forward,2024,4,1.53728685,1.53728685,3,AVAILABLE,PARTIAL_QUARTER,POSITIVE
CANONICAL__N2_05,FULL,CNYRUBF,historical_true_oos,2025,1,2.961964957,2.961964957,3,AVAILABLE,PARTIAL_QUARTER,POSITIVE
CANONICAL__N2_05,FULL,IMOEXF,historical_true_oos,2025,1,-0.9765813621,-0.9765813621,2,AVAILABLE,PARTIAL_QUARTER,NEGATIVE
CANONICAL__N2_05,FULL,CNYRUBF,historical_true_oos,2025,2,-2.900060519,-2.900060519,4,AVAILABLE,FULL_QUARTER,NEGATIVE
CANONICAL__N2_05,FULL,IMOEXF,historical_true_oos,2025,2,3.293111457,3.293111457,5,AVAILABLE,FULL_QUARTER,POSITIVE
CANONICAL__N2_05,FULL,CNYRUBF,historical_true_oos,2025,3,11.77216822,11.77216822,7,AVAILABLE,FULL_QUARTER,POSITIVE
CANONICAL__N2_05,FULL,IMOEXF,historical_true_oos,2025,3,-0.02228280491,-0.02228280491,12,AVAILABLE,FULL_QUARTER,NEGATIVE
CANONICAL__N2_05,FULL,CNYRUBF,historical_true_oos,2025,4,-1.819337048,-1.819337048,13,AVAILABLE,FULL_QUARTER,NEGATIVE
CANONICAL__N2_05,FULL,IMOEXF,historical_true_oos,2025,4,1.53089969,1.53089969,9,AVAILABLE,FULL_QUARTER,POSITIVE
CANONICAL__N2_05,FULL,CNYRUBF,historical_true_oos,2026,1,4.172041837,4.172041837,8,AVAILABLE,FULL_QUARTER,POSITIVE
CANONICAL__N2_05,FULL,IMOEXF,historical_true_oos,2026,1,1.207695616,1.207695616,7,AVAILABLE,FULL_QUARTER,POSITIVE
CANONICAL__N2_05,FULL,CNYRUBF,historical_true_oos,2026,2,5.018422592,5.018422592,7,AVAILABLE,FULL_QUARTER,POSITIVE
CANONICAL__N2_05,FULL,IMOEXF,historical_true_oos,2026,2,0.7577473287,0.7577473287,13,AVAILABLE,FULL_QUARTER,POSITIVE
CANONICAL__N2_05,FULL,CNYRUBF,historical_true_oos,2026,3,3.560382305,3.560382305,9,AVAILABLE,PARTIAL_QUARTER,POSITIVE
CANONICAL__N2_05,FULL,IMOEXF,historical_true_oos,2026,3,-2.467484663,-2.467484663,10,AVAILABLE,PARTIAL_QUARTER,NEGATIVE
CANONICAL__N2_06,NORMALIZED,GLDRUBF,baseline,2023,3,-0.435766705,-0.2178833525,1,AVAILABLE,PARTIAL_QUARTER,NEGATIVE
CANONICAL__N2_06,NORMALIZED,IMOEXF,baseline,2023,3,0,0,0,NOT_AVAILABLE,NOT_AVAILABLE,ZERO
CANONICAL__N2_06,NORMALIZED,GLDRUBF,baseline,2023,4,0.05167355955,0.02583677977,5,AVAILABLE,FULL_QUARTER,POSITIVE
CANONICAL__N2_06,NORMALIZED,IMOEXF,baseline,2023,4,0,0,0,NOT_AVAILABLE,PARTIAL_QUARTER,ZERO
CANONICAL__N2_06,NORMALIZED,GLDRUBF,baseline,2024,1,0.8259324747,0.4129662373,11,AVAILABLE,FULL_QUARTER,POSITIVE
CANONICAL__N2_06,NORMALIZED,IMOEXF,baseline,2024,1,2.393163239,1.196581619,8,AVAILABLE,FULL_QUARTER,POSITIVE
CANONICAL__N2_06,NORMALIZED,GLDRUBF,baseline,2024,2,3.135010105,1.567505053,9,AVAILABLE,FULL_QUARTER,POSITIVE
CANONICAL__N2_06,NORMALIZED,IMOEXF,baseline,2024,2,5.115292585,2.557646292,6,AVAILABLE,FULL_QUARTER,POSITIVE
CANONICAL__N2_06,NORMALIZED,GLDRUBF,baseline,2024,3,-1.170662863,-0.5853314316,7,AVAILABLE,FULL_QUARTER,NEGATIVE
CANONICAL__N2_06,NORMALIZED,IMOEXF,baseline,2024,3,7.623380195,3.811690098,7,AVAILABLE,FULL_QUARTER,POSITIVE
CANONICAL__N2_06,NORMALIZED,GLDRUBF,baseline,2024,4,8.036434985,4.018217493,8,AVAILABLE,PARTIAL_QUARTER,POSITIVE
CANONICAL__N2_06,NORMALIZED,IMOEXF,baseline,2024,4,2.943055533,1.471527767,5,AVAILABLE,PARTIAL_QUARTER,POSITIVE
CANONICAL__N2_06,NORMALIZED,GLDRUBF,walk_forward,2024,1,3.318808571,1.659404286,7,AVAILABLE,FULL_QUARTER,POSITIVE
CANONICAL__N2_06,NORMALIZED,IMOEXF,walk_forward,2024,1,-2.256842313,-1.128421157,3,AVAILABLE,FULL_QUARTER,NEGATIVE
CANONICAL__N2_06,NORMALIZED,GLDRUBF,walk_forward,2024,2,-1.168432653,-0.5842163264,5,AVAILABLE,FULL_QUARTER,NEGATIVE
CANONICAL__N2_06,NORMALIZED,IMOEXF,walk_forward,2024,2,5.244296171,2.622148085,5,AVAILABLE,FULL_QUARTER,POSITIVE
CANONICAL__N2_06,NORMALIZED,GLDRUBF,walk_forward,2024,3,-1.800814282,-0.9004071408,6,AVAILABLE,FULL_QUARTER,NEGATIVE
CANONICAL__N2_06,NORMALIZED,IMOEXF,walk_forward,2024,3,3.827226242,1.913613121,3,AVAILABLE,FULL_QUARTER,POSITIVE
CANONICAL__N2_06,NORMALIZED,GLDRUBF,walk_forward,2024,4,-0.1248474894,-0.06242374472,4,AVAILABLE,PARTIAL_QUARTER,NEGATIVE
CANONICAL__N2_06,NORMALIZED,IMOEXF,walk_forward,2024,4,1.53728685,0.7686434252,3,AVAILABLE,PARTIAL_QUARTER,POSITIVE
CANONICAL__N2_06,NORMALIZED,GLDRUBF,historical_true_oos,2025,1,-0.4165586989,-0.2082793494,1,AVAILABLE,PARTIAL_QUARTER,NEGATIVE
CANONICAL__N2_06,NORMALIZED,IMOEXF,historical_true_oos,2025,1,-0.9765813621,-0.488290681,2,AVAILABLE,PARTIAL_QUARTER,NEGATIVE
CANONICAL__N2_06,NORMALIZED,GLDRUBF,historical_true_oos,2025,2,0.1437226232,0.0718613116,2,AVAILABLE,FULL_QUARTER,POSITIVE
CANONICAL__N2_06,NORMALIZED,IMOEXF,historical_true_oos,2025,2,3.293111457,1.646555728,5,AVAILABLE,FULL_QUARTER,POSITIVE
CANONICAL__N2_06,NORMALIZED,GLDRUBF,historical_true_oos,2025,3,12.84218546,6.421092728,7,AVAILABLE,FULL_QUARTER,POSITIVE
CANONICAL__N2_06,NORMALIZED,IMOEXF,historical_true_oos,2025,3,-0.02228280491,-0.01114140246,12,AVAILABLE,FULL_QUARTER,NEGATIVE
CANONICAL__N2_06,NORMALIZED,GLDRUBF,historical_true_oos,2025,4,2.808344618,1.404172309,10,AVAILABLE,FULL_QUARTER,POSITIVE
CANONICAL__N2_06,NORMALIZED,IMOEXF,historical_true_oos,2025,4,1.53089969,0.7654498448,9,AVAILABLE,FULL_QUARTER,POSITIVE
CANONICAL__N2_06,NORMALIZED,GLDRUBF,historical_true_oos,2026,1,6.048086573,3.024043287,8,AVAILABLE,FULL_QUARTER,POSITIVE
CANONICAL__N2_06,NORMALIZED,IMOEXF,historical_true_oos,2026,1,1.207695616,0.6038478078,7,AVAILABLE,FULL_QUARTER,POSITIVE
CANONICAL__N2_06,NORMALIZED,GLDRUBF,historical_true_oos,2026,2,3.392699205,1.696349602,6,AVAILABLE,FULL_QUARTER,POSITIVE
CANONICAL__N2_06,NORMALIZED,IMOEXF,historical_true_oos,2026,2,0.7577473287,0.3788736643,13,AVAILABLE,FULL_QUARTER,POSITIVE
CANONICAL__N2_06,NORMALIZED,GLDRUBF,historical_true_oos,2026,3,11.38197012,5.690985059,7,AVAILABLE,PARTIAL_QUARTER,POSITIVE
CANONICAL__N2_06,NORMALIZED,IMOEXF,historical_true_oos,2026,3,-2.467484663,-1.233742331,10,AVAILABLE,PARTIAL_QUARTER,NEGATIVE
CANONICAL__N2_06,FULL,GLDRUBF,baseline,2023,3,-0.435766705,-0.435766705,1,AVAILABLE,PARTIAL_QUARTER,NEGATIVE
CANONICAL__N2_06,FULL,IMOEXF,baseline,2023,3,0,0,0,NOT_AVAILABLE,NOT_AVAILABLE,ZERO
CANONICAL__N2_06,FULL,GLDRUBF,baseline,2023,4,0.05167355955,0.05167355955,5,AVAILABLE,FULL_QUARTER,POSITIVE
CANONICAL__N2_06,FULL,IMOEXF,baseline,2023,4,0,0,0,NOT_AVAILABLE,PARTIAL_QUARTER,ZERO
CANONICAL__N2_06,FULL,GLDRUBF,baseline,2024,1,0.8259324747,0.8259324747,11,AVAILABLE,FULL_QUARTER,POSITIVE
CANONICAL__N2_06,FULL,IMOEXF,baseline,2024,1,2.393163239,2.393163239,8,AVAILABLE,FULL_QUARTER,POSITIVE
CANONICAL__N2_06,FULL,GLDRUBF,baseline,2024,2,3.135010105,3.135010105,9,AVAILABLE,FULL_QUARTER,POSITIVE
CANONICAL__N2_06,FULL,IMOEXF,baseline,2024,2,5.115292585,5.115292585,6,AVAILABLE,FULL_QUARTER,POSITIVE
CANONICAL__N2_06,FULL,GLDRUBF,baseline,2024,3,-1.170662863,-1.170662863,7,AVAILABLE,FULL_QUARTER,NEGATIVE
CANONICAL__N2_06,FULL,IMOEXF,baseline,2024,3,7.623380195,7.623380195,7,AVAILABLE,FULL_QUARTER,POSITIVE
CANONICAL__N2_06,FULL,GLDRUBF,baseline,2024,4,8.036434985,8.036434985,8,AVAILABLE,PARTIAL_QUARTER,POSITIVE
CANONICAL__N2_06,FULL,IMOEXF,baseline,2024,4,2.943055533,2.943055533,5,AVAILABLE,PARTIAL_QUARTER,POSITIVE
CANONICAL__N2_06,FULL,GLDRUBF,walk_forward,2024,1,3.318808571,3.318808571,7,AVAILABLE,FULL_QUARTER,POSITIVE
CANONICAL__N2_06,FULL,IMOEXF,walk_forward,2024,1,-2.256842313,-2.256842313,3,AVAILABLE,FULL_QUARTER,NEGATIVE
CANONICAL__N2_06,FULL,GLDRUBF,walk_forward,2024,2,-1.168432653,-1.168432653,5,AVAILABLE,FULL_QUARTER,NEGATIVE
CANONICAL__N2_06,FULL,IMOEXF,walk_forward,2024,2,5.244296171,5.244296171,5,AVAILABLE,FULL_QUARTER,POSITIVE
CANONICAL__N2_06,FULL,GLDRUBF,walk_forward,2024,3,-1.800814282,-1.800814282,6,AVAILABLE,FULL_QUARTER,NEGATIVE
CANONICAL__N2_06,FULL,IMOEXF,walk_forward,2024,3,3.827226242,3.827226242,3,AVAILABLE,FULL_QUARTER,POSITIVE
CANONICAL__N2_06,FULL,GLDRUBF,walk_forward,2024,4,-0.1248474894,-0.1248474894,4,AVAILABLE,PARTIAL_QUARTER,NEGATIVE
CANONICAL__N2_06,FULL,IMOEXF,walk_forward,2024,4,1.53728685,1.53728685,3,AVAILABLE,PARTIAL_QUARTER,POSITIVE
CANONICAL__N2_06,FULL,GLDRUBF,historical_true_oos,2025,1,-0.4165586989,-0.4165586989,1,AVAILABLE,PARTIAL_QUARTER,NEGATIVE
CANONICAL__N2_06,FULL,IMOEXF,historical_true_oos,2025,1,-0.9765813621,-0.9765813621,2,AVAILABLE,PARTIAL_QUARTER,NEGATIVE
CANONICAL__N2_06,FULL,GLDRUBF,historical_true_oos,2025,2,0.1437226232,0.1437226232,2,AVAILABLE,FULL_QUARTER,POSITIVE
CANONICAL__N2_06,FULL,IMOEXF,historical_true_oos,2025,2,3.293111457,3.293111457,5,AVAILABLE,FULL_QUARTER,POSITIVE
CANONICAL__N2_06,FULL,GLDRUBF,historical_true_oos,2025,3,12.84218546,12.84218546,7,AVAILABLE,FULL_QUARTER,POSITIVE
CANONICAL__N2_06,FULL,IMOEXF,historical_true_oos,2025,3,-0.02228280491,-0.02228280491,12,AVAILABLE,FULL_QUARTER,NEGATIVE
CANONICAL__N2_06,FULL,GLDRUBF,historical_true_oos,2025,4,2.808344618,2.808344618,10,AVAILABLE,FULL_QUARTER,POSITIVE
CANONICAL__N2_06,FULL,IMOEXF,historical_true_oos,2025,4,1.53089969,1.53089969,9,AVAILABLE,FULL_QUARTER,POSITIVE
CANONICAL__N2_06,FULL,GLDRUBF,historical_true_oos,2026,1,6.048086573,6.048086573,8,AVAILABLE,FULL_QUARTER,POSITIVE
CANONICAL__N2_06,FULL,IMOEXF,historical_true_oos,2026,1,1.207695616,1.207695616,7,AVAILABLE,FULL_QUARTER,POSITIVE
CANONICAL__N2_06,FULL,GLDRUBF,historical_true_oos,2026,2,3.392699205,3.392699205,6,AVAILABLE,FULL_QUARTER,POSITIVE
CANONICAL__N2_06,FULL,IMOEXF,historical_true_oos,2026,2,0.7577473287,0.7577473287,13,AVAILABLE,FULL_QUARTER,POSITIVE
CANONICAL__N2_06,FULL,GLDRUBF,historical_true_oos,2026,3,11.38197012,11.38197012,7,AVAILABLE,PARTIAL_QUARTER,POSITIVE
CANONICAL__N2_06,FULL,IMOEXF,historical_true_oos,2026,3,-2.467484663,-2.467484663,10,AVAILABLE,PARTIAL_QUARTER,NEGATIVE
CANONICAL__N3_01,NORMALIZED,USDRUBF,baseline,2023,1,-2.898422489,-0.9661408296,4,AVAILABLE,PARTIAL_QUARTER,NEGATIVE
CANONICAL__N3_01,NORMALIZED,CNYRUBF,baseline,2023,1,-1.020555271,-0.3401850903,3,AVAILABLE,PARTIAL_QUARTER,NEGATIVE
CANONICAL__N3_01,NORMALIZED,GLDRUBF,baseline,2023,1,0,0,0,NOT_AVAILABLE,NOT_AVAILABLE,ZERO
CANONICAL__N3_01,NORMALIZED,USDRUBF,baseline,2023,2,8.689564697,2.896521566,11,AVAILABLE,FULL_QUARTER,POSITIVE
CANONICAL__N3_01,NORMALIZED,CNYRUBF,baseline,2023,2,7.795515913,2.598505304,8,AVAILABLE,FULL_QUARTER,POSITIVE
CANONICAL__N3_01,NORMALIZED,GLDRUBF,baseline,2023,2,0,0,0,NOT_AVAILABLE,NOT_AVAILABLE,ZERO
CANONICAL__N3_01,NORMALIZED,USDRUBF,baseline,2023,3,5.167328514,1.722442838,8,AVAILABLE,FULL_QUARTER,POSITIVE
CANONICAL__N3_01,NORMALIZED,CNYRUBF,baseline,2023,3,-2.049622456,-0.6832074853,7,AVAILABLE,FULL_QUARTER,NEGATIVE
CANONICAL__N3_01,NORMALIZED,GLDRUBF,baseline,2023,3,-0.435766705,-0.1452555683,1,AVAILABLE,PARTIAL_QUARTER,NEGATIVE
CANONICAL__N3_01,NORMALIZED,USDRUBF,baseline,2023,4,2.190151496,0.7300504987,8,AVAILABLE,FULL_QUARTER,POSITIVE
CANONICAL__N3_01,NORMALIZED,CNYRUBF,baseline,2023,4,-3.791262962,-1.263754321,6,AVAILABLE,FULL_QUARTER,NEGATIVE
CANONICAL__N3_01,NORMALIZED,GLDRUBF,baseline,2023,4,0.05167355955,0.01722451985,5,AVAILABLE,FULL_QUARTER,POSITIVE
CANONICAL__N3_01,NORMALIZED,USDRUBF,baseline,2024,1,-0.4829589909,-0.1609863303,4,AVAILABLE,FULL_QUARTER,NEGATIVE
CANONICAL__N3_01,NORMALIZED,CNYRUBF,baseline,2024,1,2.817209547,0.9390698491,3,AVAILABLE,FULL_QUARTER,POSITIVE
CANONICAL__N3_01,NORMALIZED,GLDRUBF,baseline,2024,1,0.8259324747,0.2753108249,11,AVAILABLE,FULL_QUARTER,POSITIVE
CANONICAL__N3_01,NORMALIZED,USDRUBF,baseline,2024,2,2.955597233,0.9851990777,12,AVAILABLE,FULL_QUARTER,POSITIVE
CANONICAL__N3_01,NORMALIZED,CNYRUBF,baseline,2024,2,14.94403683,4.98134561,11,AVAILABLE,FULL_QUARTER,POSITIVE
CANONICAL__N3_01,NORMALIZED,GLDRUBF,baseline,2024,2,3.135010105,1.045003368,9,AVAILABLE,FULL_QUARTER,POSITIVE
CANONICAL__N3_01,NORMALIZED,USDRUBF,baseline,2024,3,1.0249468,0.3416489333,9,AVAILABLE,FULL_QUARTER,POSITIVE
CANONICAL__N3_01,NORMALIZED,CNYRUBF,baseline,2024,3,0.6441510469,0.2147170156,6,AVAILABLE,FULL_QUARTER,POSITIVE
CANONICAL__N3_01,NORMALIZED,GLDRUBF,baseline,2024,3,-1.170662863,-0.3902209544,7,AVAILABLE,FULL_QUARTER,NEGATIVE
CANONICAL__N3_01,NORMALIZED,USDRUBF,baseline,2024,4,5.763429915,1.921143305,7,AVAILABLE,PARTIAL_QUARTER,POSITIVE
CANONICAL__N3_01,NORMALIZED,CNYRUBF,baseline,2024,4,3.442996412,1.147665471,7,AVAILABLE,PARTIAL_QUARTER,POSITIVE
CANONICAL__N3_01,NORMALIZED,GLDRUBF,baseline,2024,4,8.036434985,2.678811662,8,AVAILABLE,PARTIAL_QUARTER,POSITIVE
CANONICAL__N3_01,NORMALIZED,USDRUBF,walk_forward,2024,1,0.3132754899,0.1044251633,2,AVAILABLE,FULL_QUARTER,POSITIVE
CANONICAL__N3_01,NORMALIZED,CNYRUBF,walk_forward,2024,1,-0.7748154007,-0.2582718002,1,AVAILABLE,FULL_QUARTER,NEGATIVE
CANONICAL__N3_01,NORMALIZED,GLDRUBF,walk_forward,2024,1,3.318808571,1.106269524,7,AVAILABLE,FULL_QUARTER,POSITIVE
CANONICAL__N3_01,NORMALIZED,USDRUBF,walk_forward,2024,2,4.621795889,1.54059863,5,AVAILABLE,FULL_QUARTER,POSITIVE
CANONICAL__N3_01,NORMALIZED,CNYRUBF,walk_forward,2024,2,14.34374878,4.781249593,5,AVAILABLE,FULL_QUARTER,POSITIVE
CANONICAL__N3_01,NORMALIZED,GLDRUBF,walk_forward,2024,2,-1.168432653,-0.3894775509,5,AVAILABLE,FULL_QUARTER,NEGATIVE
CANONICAL__N3_01,NORMALIZED,USDRUBF,walk_forward,2024,3,1.803338198,0.6011127325,4,AVAILABLE,FULL_QUARTER,POSITIVE
CANONICAL__N3_01,NORMALIZED,CNYRUBF,walk_forward,2024,3,0.9080037172,0.3026679057,5,AVAILABLE,FULL_QUARTER,POSITIVE
CANONICAL__N3_01,NORMALIZED,GLDRUBF,walk_forward,2024,3,-1.800814282,-0.6002714272,6,AVAILABLE,FULL_QUARTER,NEGATIVE
CANONICAL__N3_01,NORMALIZED,USDRUBF,walk_forward,2024,4,5.348060663,1.782686888,3,AVAILABLE,PARTIAL_QUARTER,POSITIVE
CANONICAL__N3_01,NORMALIZED,CNYRUBF,walk_forward,2024,4,3.589777842,1.196592614,5,AVAILABLE,PARTIAL_QUARTER,POSITIVE
CANONICAL__N3_01,NORMALIZED,GLDRUBF,walk_forward,2024,4,-0.1248474894,-0.04161582982,4,AVAILABLE,PARTIAL_QUARTER,NEGATIVE
CANONICAL__N3_01,NORMALIZED,USDRUBF,historical_true_oos,2025,1,0.669094079,0.2230313597,3,AVAILABLE,PARTIAL_QUARTER,POSITIVE
CANONICAL__N3_01,NORMALIZED,CNYRUBF,historical_true_oos,2025,1,2.961964957,0.9873216524,3,AVAILABLE,PARTIAL_QUARTER,POSITIVE
CANONICAL__N3_01,NORMALIZED,GLDRUBF,historical_true_oos,2025,1,-0.4165586989,-0.1388528996,1,AVAILABLE,PARTIAL_QUARTER,NEGATIVE
CANONICAL__N3_01,NORMALIZED,USDRUBF,historical_true_oos,2025,2,-2.294309312,-0.7647697706,4,AVAILABLE,FULL_QUARTER,NEGATIVE
CANONICAL__N3_01,NORMALIZED,CNYRUBF,historical_true_oos,2025,2,-2.900060519,-0.9666868398,4,AVAILABLE,FULL_QUARTER,NEGATIVE
CANONICAL__N3_01,NORMALIZED,GLDRUBF,historical_true_oos,2025,2,0.1437226232,0.04790754107,2,AVAILABLE,FULL_QUARTER,POSITIVE
CANONICAL__N3_01,NORMALIZED,USDRUBF,historical_true_oos,2025,3,10.28120835,3.427069451,6,AVAILABLE,FULL_QUARTER,POSITIVE
CANONICAL__N3_01,NORMALIZED,CNYRUBF,historical_true_oos,2025,3,11.77216822,3.924056074,7,AVAILABLE,FULL_QUARTER,POSITIVE
CANONICAL__N3_01,NORMALIZED,GLDRUBF,historical_true_oos,2025,3,12.84218546,4.280728485,7,AVAILABLE,FULL_QUARTER,POSITIVE
CANONICAL__N3_01,NORMALIZED,USDRUBF,historical_true_oos,2025,4,-1.526128899,-0.5087096328,12,AVAILABLE,FULL_QUARTER,NEGATIVE
CANONICAL__N3_01,NORMALIZED,CNYRUBF,historical_true_oos,2025,4,-1.819337048,-0.6064456827,13,AVAILABLE,FULL_QUARTER,NEGATIVE
CANONICAL__N3_01,NORMALIZED,GLDRUBF,historical_true_oos,2025,4,2.808344618,0.9361148725,10,AVAILABLE,FULL_QUARTER,POSITIVE
CANONICAL__N3_01,NORMALIZED,USDRUBF,historical_true_oos,2026,1,6.800303784,2.266767928,7,AVAILABLE,FULL_QUARTER,POSITIVE
CANONICAL__N3_01,NORMALIZED,CNYRUBF,historical_true_oos,2026,1,4.172041837,1.390680612,8,AVAILABLE,FULL_QUARTER,POSITIVE
CANONICAL__N3_01,NORMALIZED,GLDRUBF,historical_true_oos,2026,1,6.048086573,2.016028858,8,AVAILABLE,FULL_QUARTER,POSITIVE
CANONICAL__N3_01,NORMALIZED,USDRUBF,historical_true_oos,2026,2,3.481275769,1.160425256,8,AVAILABLE,FULL_QUARTER,POSITIVE
CANONICAL__N3_01,NORMALIZED,CNYRUBF,historical_true_oos,2026,2,5.018422592,1.672807531,7,AVAILABLE,FULL_QUARTER,POSITIVE
CANONICAL__N3_01,NORMALIZED,GLDRUBF,historical_true_oos,2026,2,3.392699205,1.130899735,6,AVAILABLE,FULL_QUARTER,POSITIVE
CANONICAL__N3_01,NORMALIZED,USDRUBF,historical_true_oos,2026,3,6.03583997,2.011946657,9,AVAILABLE,PARTIAL_QUARTER,POSITIVE
CANONICAL__N3_01,NORMALIZED,CNYRUBF,historical_true_oos,2026,3,3.560382305,1.186794102,9,AVAILABLE,PARTIAL_QUARTER,POSITIVE
CANONICAL__N3_01,NORMALIZED,GLDRUBF,historical_true_oos,2026,3,11.38197012,3.793990039,7,AVAILABLE,PARTIAL_QUARTER,POSITIVE
CANONICAL__N3_01,FULL,USDRUBF,baseline,2023,1,-2.898422489,-2.898422489,4,AVAILABLE,PARTIAL_QUARTER,NEGATIVE
CANONICAL__N3_01,FULL,CNYRUBF,baseline,2023,1,-1.020555271,-1.020555271,3,AVAILABLE,PARTIAL_QUARTER,NEGATIVE
CANONICAL__N3_01,FULL,GLDRUBF,baseline,2023,1,0,0,0,NOT_AVAILABLE,NOT_AVAILABLE,ZERO
CANONICAL__N3_01,FULL,USDRUBF,baseline,2023,2,8.689564697,8.689564697,11,AVAILABLE,FULL_QUARTER,POSITIVE
CANONICAL__N3_01,FULL,CNYRUBF,baseline,2023,2,7.795515913,7.795515913,8,AVAILABLE,FULL_QUARTER,POSITIVE
CANONICAL__N3_01,FULL,GLDRUBF,baseline,2023,2,0,0,0,NOT_AVAILABLE,NOT_AVAILABLE,ZERO
CANONICAL__N3_01,FULL,USDRUBF,baseline,2023,3,5.167328514,5.167328514,8,AVAILABLE,FULL_QUARTER,POSITIVE
CANONICAL__N3_01,FULL,CNYRUBF,baseline,2023,3,-2.049622456,-2.049622456,7,AVAILABLE,FULL_QUARTER,NEGATIVE
CANONICAL__N3_01,FULL,GLDRUBF,baseline,2023,3,-0.435766705,-0.435766705,1,AVAILABLE,PARTIAL_QUARTER,NEGATIVE
CANONICAL__N3_01,FULL,USDRUBF,baseline,2023,4,2.190151496,2.190151496,8,AVAILABLE,FULL_QUARTER,POSITIVE
CANONICAL__N3_01,FULL,CNYRUBF,baseline,2023,4,-3.791262962,-3.791262962,6,AVAILABLE,FULL_QUARTER,NEGATIVE
CANONICAL__N3_01,FULL,GLDRUBF,baseline,2023,4,0.05167355955,0.05167355955,5,AVAILABLE,FULL_QUARTER,POSITIVE
CANONICAL__N3_01,FULL,USDRUBF,baseline,2024,1,-0.4829589909,-0.4829589909,4,AVAILABLE,FULL_QUARTER,NEGATIVE
CANONICAL__N3_01,FULL,CNYRUBF,baseline,2024,1,2.817209547,2.817209547,3,AVAILABLE,FULL_QUARTER,POSITIVE
CANONICAL__N3_01,FULL,GLDRUBF,baseline,2024,1,0.8259324747,0.8259324747,11,AVAILABLE,FULL_QUARTER,POSITIVE
CANONICAL__N3_01,FULL,USDRUBF,baseline,2024,2,2.955597233,2.955597233,12,AVAILABLE,FULL_QUARTER,POSITIVE
CANONICAL__N3_01,FULL,CNYRUBF,baseline,2024,2,14.94403683,14.94403683,11,AVAILABLE,FULL_QUARTER,POSITIVE
CANONICAL__N3_01,FULL,GLDRUBF,baseline,2024,2,3.135010105,3.135010105,9,AVAILABLE,FULL_QUARTER,POSITIVE
CANONICAL__N3_01,FULL,USDRUBF,baseline,2024,3,1.0249468,1.0249468,9,AVAILABLE,FULL_QUARTER,POSITIVE
CANONICAL__N3_01,FULL,CNYRUBF,baseline,2024,3,0.6441510469,0.6441510469,6,AVAILABLE,FULL_QUARTER,POSITIVE
CANONICAL__N3_01,FULL,GLDRUBF,baseline,2024,3,-1.170662863,-1.170662863,7,AVAILABLE,FULL_QUARTER,NEGATIVE
CANONICAL__N3_01,FULL,USDRUBF,baseline,2024,4,5.763429915,5.763429915,7,AVAILABLE,PARTIAL_QUARTER,POSITIVE
CANONICAL__N3_01,FULL,CNYRUBF,baseline,2024,4,3.442996412,3.442996412,7,AVAILABLE,PARTIAL_QUARTER,POSITIVE
CANONICAL__N3_01,FULL,GLDRUBF,baseline,2024,4,8.036434985,8.036434985,8,AVAILABLE,PARTIAL_QUARTER,POSITIVE
CANONICAL__N3_01,FULL,USDRUBF,walk_forward,2024,1,0.3132754899,0.3132754899,2,AVAILABLE,FULL_QUARTER,POSITIVE
CANONICAL__N3_01,FULL,CNYRUBF,walk_forward,2024,1,-0.7748154007,-0.7748154007,1,AVAILABLE,FULL_QUARTER,NEGATIVE
CANONICAL__N3_01,FULL,GLDRUBF,walk_forward,2024,1,3.318808571,3.318808571,7,AVAILABLE,FULL_QUARTER,POSITIVE
CANONICAL__N3_01,FULL,USDRUBF,walk_forward,2024,2,4.621795889,4.621795889,5,AVAILABLE,FULL_QUARTER,POSITIVE
CANONICAL__N3_01,FULL,CNYRUBF,walk_forward,2024,2,14.34374878,14.34374878,5,AVAILABLE,FULL_QUARTER,POSITIVE
CANONICAL__N3_01,FULL,GLDRUBF,walk_forward,2024,2,-1.168432653,-1.168432653,5,AVAILABLE,FULL_QUARTER,NEGATIVE
CANONICAL__N3_01,FULL,USDRUBF,walk_forward,2024,3,1.803338198,1.803338198,4,AVAILABLE,FULL_QUARTER,POSITIVE
CANONICAL__N3_01,FULL,CNYRUBF,walk_forward,2024,3,0.9080037172,0.9080037172,5,AVAILABLE,FULL_QUARTER,POSITIVE
CANONICAL__N3_01,FULL,GLDRUBF,walk_forward,2024,3,-1.800814282,-1.800814282,6,AVAILABLE,FULL_QUARTER,NEGATIVE
CANONICAL__N3_01,FULL,USDRUBF,walk_forward,2024,4,5.348060663,5.348060663,3,AVAILABLE,PARTIAL_QUARTER,POSITIVE
CANONICAL__N3_01,FULL,CNYRUBF,walk_forward,2024,4,3.589777842,3.589777842,5,AVAILABLE,PARTIAL_QUARTER,POSITIVE
CANONICAL__N3_01,FULL,GLDRUBF,walk_forward,2024,4,-0.1248474894,-0.1248474894,4,AVAILABLE,PARTIAL_QUARTER,NEGATIVE
CANONICAL__N3_01,FULL,USDRUBF,historical_true_oos,2025,1,0.669094079,0.669094079,3,AVAILABLE,PARTIAL_QUARTER,POSITIVE
CANONICAL__N3_01,FULL,CNYRUBF,historical_true_oos,2025,1,2.961964957,2.961964957,3,AVAILABLE,PARTIAL_QUARTER,POSITIVE
CANONICAL__N3_01,FULL,GLDRUBF,historical_true_oos,2025,1,-0.4165586989,-0.4165586989,1,AVAILABLE,PARTIAL_QUARTER,NEGATIVE
CANONICAL__N3_01,FULL,USDRUBF,historical_true_oos,2025,2,-2.294309312,-2.294309312,4,AVAILABLE,FULL_QUARTER,NEGATIVE
CANONICAL__N3_01,FULL,CNYRUBF,historical_true_oos,2025,2,-2.900060519,-2.900060519,4,AVAILABLE,FULL_QUARTER,NEGATIVE
CANONICAL__N3_01,FULL,GLDRUBF,historical_true_oos,2025,2,0.1437226232,0.1437226232,2,AVAILABLE,FULL_QUARTER,POSITIVE
CANONICAL__N3_01,FULL,USDRUBF,historical_true_oos,2025,3,10.28120835,10.28120835,6,AVAILABLE,FULL_QUARTER,POSITIVE
CANONICAL__N3_01,FULL,CNYRUBF,historical_true_oos,2025,3,11.77216822,11.77216822,7,AVAILABLE,FULL_QUARTER,POSITIVE
CANONICAL__N3_01,FULL,GLDRUBF,historical_true_oos,2025,3,12.84218546,12.84218546,7,AVAILABLE,FULL_QUARTER,POSITIVE
CANONICAL__N3_01,FULL,USDRUBF,historical_true_oos,2025,4,-1.526128899,-1.526128899,12,AVAILABLE,FULL_QUARTER,NEGATIVE
CANONICAL__N3_01,FULL,CNYRUBF,historical_true_oos,2025,4,-1.819337048,-1.819337048,13,AVAILABLE,FULL_QUARTER,NEGATIVE
CANONICAL__N3_01,FULL,GLDRUBF,historical_true_oos,2025,4,2.808344618,2.808344618,10,AVAILABLE,FULL_QUARTER,POSITIVE
CANONICAL__N3_01,FULL,USDRUBF,historical_true_oos,2026,1,6.800303784,6.800303784,7,AVAILABLE,FULL_QUARTER,POSITIVE
CANONICAL__N3_01,FULL,CNYRUBF,historical_true_oos,2026,1,4.172041837,4.172041837,8,AVAILABLE,FULL_QUARTER,POSITIVE
CANONICAL__N3_01,FULL,GLDRUBF,historical_true_oos,2026,1,6.048086573,6.048086573,8,AVAILABLE,FULL_QUARTER,POSITIVE
CANONICAL__N3_01,FULL,USDRUBF,historical_true_oos,2026,2,3.481275769,3.481275769,8,AVAILABLE,FULL_QUARTER,POSITIVE
CANONICAL__N3_01,FULL,CNYRUBF,historical_true_oos,2026,2,5.018422592,5.018422592,7,AVAILABLE,FULL_QUARTER,POSITIVE
CANONICAL__N3_01,FULL,GLDRUBF,historical_true_oos,2026,2,3.392699205,3.392699205,6,AVAILABLE,FULL_QUARTER,POSITIVE
CANONICAL__N3_01,FULL,USDRUBF,historical_true_oos,2026,3,6.03583997,6.03583997,9,AVAILABLE,PARTIAL_QUARTER,POSITIVE
CANONICAL__N3_01,FULL,CNYRUBF,historical_true_oos,2026,3,3.560382305,3.560382305,9,AVAILABLE,PARTIAL_QUARTER,POSITIVE
CANONICAL__N3_01,FULL,GLDRUBF,historical_true_oos,2026,3,11.38197012,11.38197012,7,AVAILABLE,PARTIAL_QUARTER,POSITIVE
CANONICAL__N3_02,NORMALIZED,USDRUBF,baseline,2023,1,-2.898422489,-0.9661408296,4,AVAILABLE,PARTIAL_QUARTER,NEGATIVE
CANONICAL__N3_02,NORMALIZED,CNYRUBF,baseline,2023,1,-1.020555271,-0.3401850903,3,AVAILABLE,PARTIAL_QUARTER,NEGATIVE
CANONICAL__N3_02,NORMALIZED,IMOEXF,baseline,2023,1,0,0,0,NOT_AVAILABLE,NOT_AVAILABLE,ZERO
CANONICAL__N3_02,NORMALIZED,USDRUBF,baseline,2023,2,8.689564697,2.896521566,11,AVAILABLE,FULL_QUARTER,POSITIVE
CANONICAL__N3_02,NORMALIZED,CNYRUBF,baseline,2023,2,7.795515913,2.598505304,8,AVAILABLE,FULL_QUARTER,POSITIVE
CANONICAL__N3_02,NORMALIZED,IMOEXF,baseline,2023,2,0,0,0,NOT_AVAILABLE,NOT_AVAILABLE,ZERO
CANONICAL__N3_02,NORMALIZED,USDRUBF,baseline,2023,3,5.167328514,1.722442838,8,AVAILABLE,FULL_QUARTER,POSITIVE
CANONICAL__N3_02,NORMALIZED,CNYRUBF,baseline,2023,3,-2.049622456,-0.6832074853,7,AVAILABLE,FULL_QUARTER,NEGATIVE
CANONICAL__N3_02,NORMALIZED,IMOEXF,baseline,2023,3,0,0,0,NOT_AVAILABLE,NOT_AVAILABLE,ZERO
CANONICAL__N3_02,NORMALIZED,USDRUBF,baseline,2023,4,2.190151496,0.7300504987,8,AVAILABLE,FULL_QUARTER,POSITIVE
CANONICAL__N3_02,NORMALIZED,CNYRUBF,baseline,2023,4,-3.791262962,-1.263754321,6,AVAILABLE,FULL_QUARTER,NEGATIVE
CANONICAL__N3_02,NORMALIZED,IMOEXF,baseline,2023,4,0,0,0,NOT_AVAILABLE,PARTIAL_QUARTER,ZERO
CANONICAL__N3_02,NORMALIZED,USDRUBF,baseline,2024,1,-0.4829589909,-0.1609863303,4,AVAILABLE,FULL_QUARTER,NEGATIVE
CANONICAL__N3_02,NORMALIZED,CNYRUBF,baseline,2024,1,2.817209547,0.9390698491,3,AVAILABLE,FULL_QUARTER,POSITIVE
CANONICAL__N3_02,NORMALIZED,IMOEXF,baseline,2024,1,2.393163239,0.7977210795,8,AVAILABLE,FULL_QUARTER,POSITIVE
CANONICAL__N3_02,NORMALIZED,USDRUBF,baseline,2024,2,2.955597233,0.9851990777,12,AVAILABLE,FULL_QUARTER,POSITIVE
CANONICAL__N3_02,NORMALIZED,CNYRUBF,baseline,2024,2,14.94403683,4.98134561,11,AVAILABLE,FULL_QUARTER,POSITIVE
CANONICAL__N3_02,NORMALIZED,IMOEXF,baseline,2024,2,5.115292585,1.705097528,6,AVAILABLE,FULL_QUARTER,POSITIVE
CANONICAL__N3_02,NORMALIZED,USDRUBF,baseline,2024,3,1.0249468,0.3416489333,9,AVAILABLE,FULL_QUARTER,POSITIVE
CANONICAL__N3_02,NORMALIZED,CNYRUBF,baseline,2024,3,0.6441510469,0.2147170156,6,AVAILABLE,FULL_QUARTER,POSITIVE
CANONICAL__N3_02,NORMALIZED,IMOEXF,baseline,2024,3,7.623380195,2.541126732,7,AVAILABLE,FULL_QUARTER,POSITIVE
CANONICAL__N3_02,NORMALIZED,USDRUBF,baseline,2024,4,5.763429915,1.921143305,7,AVAILABLE,PARTIAL_QUARTER,POSITIVE
CANONICAL__N3_02,NORMALIZED,CNYRUBF,baseline,2024,4,3.442996412,1.147665471,7,AVAILABLE,PARTIAL_QUARTER,POSITIVE
CANONICAL__N3_02,NORMALIZED,IMOEXF,baseline,2024,4,2.943055533,0.9810185111,5,AVAILABLE,PARTIAL_QUARTER,POSITIVE
CANONICAL__N3_02,NORMALIZED,USDRUBF,walk_forward,2024,1,0.3132754899,0.1044251633,2,AVAILABLE,FULL_QUARTER,POSITIVE
CANONICAL__N3_02,NORMALIZED,CNYRUBF,walk_forward,2024,1,-0.7748154007,-0.2582718002,1,AVAILABLE,FULL_QUARTER,NEGATIVE
CANONICAL__N3_02,NORMALIZED,IMOEXF,walk_forward,2024,1,-2.256842313,-0.752280771,3,AVAILABLE,FULL_QUARTER,NEGATIVE
CANONICAL__N3_02,NORMALIZED,USDRUBF,walk_forward,2024,2,4.621795889,1.54059863,5,AVAILABLE,FULL_QUARTER,POSITIVE
CANONICAL__N3_02,NORMALIZED,CNYRUBF,walk_forward,2024,2,14.34374878,4.781249593,5,AVAILABLE,FULL_QUARTER,POSITIVE
CANONICAL__N3_02,NORMALIZED,IMOEXF,walk_forward,2024,2,5.244296171,1.748098724,5,AVAILABLE,FULL_QUARTER,POSITIVE
CANONICAL__N3_02,NORMALIZED,USDRUBF,walk_forward,2024,3,1.803338198,0.6011127325,4,AVAILABLE,FULL_QUARTER,POSITIVE
CANONICAL__N3_02,NORMALIZED,CNYRUBF,walk_forward,2024,3,0.9080037172,0.3026679057,5,AVAILABLE,FULL_QUARTER,POSITIVE
CANONICAL__N3_02,NORMALIZED,IMOEXF,walk_forward,2024,3,3.827226242,1.275742081,3,AVAILABLE,FULL_QUARTER,POSITIVE
CANONICAL__N3_02,NORMALIZED,USDRUBF,walk_forward,2024,4,5.348060663,1.782686888,3,AVAILABLE,PARTIAL_QUARTER,POSITIVE
CANONICAL__N3_02,NORMALIZED,CNYRUBF,walk_forward,2024,4,3.589777842,1.196592614,5,AVAILABLE,PARTIAL_QUARTER,POSITIVE
CANONICAL__N3_02,NORMALIZED,IMOEXF,walk_forward,2024,4,1.53728685,0.5124289501,3,AVAILABLE,PARTIAL_QUARTER,POSITIVE
CANONICAL__N3_02,NORMALIZED,USDRUBF,historical_true_oos,2025,1,0.669094079,0.2230313597,3,AVAILABLE,PARTIAL_QUARTER,POSITIVE
CANONICAL__N3_02,NORMALIZED,CNYRUBF,historical_true_oos,2025,1,2.961964957,0.9873216524,3,AVAILABLE,PARTIAL_QUARTER,POSITIVE
CANONICAL__N3_02,NORMALIZED,IMOEXF,historical_true_oos,2025,1,-0.9765813621,-0.3255271207,2,AVAILABLE,PARTIAL_QUARTER,NEGATIVE
CANONICAL__N3_02,NORMALIZED,USDRUBF,historical_true_oos,2025,2,-2.294309312,-0.7647697706,4,AVAILABLE,FULL_QUARTER,NEGATIVE
CANONICAL__N3_02,NORMALIZED,CNYRUBF,historical_true_oos,2025,2,-2.900060519,-0.9666868398,4,AVAILABLE,FULL_QUARTER,NEGATIVE
CANONICAL__N3_02,NORMALIZED,IMOEXF,historical_true_oos,2025,2,3.293111457,1.097703819,5,AVAILABLE,FULL_QUARTER,POSITIVE
CANONICAL__N3_02,NORMALIZED,USDRUBF,historical_true_oos,2025,3,10.28120835,3.427069451,6,AVAILABLE,FULL_QUARTER,POSITIVE
CANONICAL__N3_02,NORMALIZED,CNYRUBF,historical_true_oos,2025,3,11.77216822,3.924056074,7,AVAILABLE,FULL_QUARTER,POSITIVE
CANONICAL__N3_02,NORMALIZED,IMOEXF,historical_true_oos,2025,3,-0.02228280491,-0.007427601638,12,AVAILABLE,FULL_QUARTER,NEGATIVE
CANONICAL__N3_02,NORMALIZED,USDRUBF,historical_true_oos,2025,4,-1.526128899,-0.5087096328,12,AVAILABLE,FULL_QUARTER,NEGATIVE
CANONICAL__N3_02,NORMALIZED,CNYRUBF,historical_true_oos,2025,4,-1.819337048,-0.6064456827,13,AVAILABLE,FULL_QUARTER,NEGATIVE
CANONICAL__N3_02,NORMALIZED,IMOEXF,historical_true_oos,2025,4,1.53089969,0.5102998965,9,AVAILABLE,FULL_QUARTER,POSITIVE
CANONICAL__N3_02,NORMALIZED,USDRUBF,historical_true_oos,2026,1,6.800303784,2.266767928,7,AVAILABLE,FULL_QUARTER,POSITIVE
CANONICAL__N3_02,NORMALIZED,CNYRUBF,historical_true_oos,2026,1,4.172041837,1.390680612,8,AVAILABLE,FULL_QUARTER,POSITIVE
CANONICAL__N3_02,NORMALIZED,IMOEXF,historical_true_oos,2026,1,1.207695616,0.4025652052,7,AVAILABLE,FULL_QUARTER,POSITIVE
CANONICAL__N3_02,NORMALIZED,USDRUBF,historical_true_oos,2026,2,3.481275769,1.160425256,8,AVAILABLE,FULL_QUARTER,POSITIVE
CANONICAL__N3_02,NORMALIZED,CNYRUBF,historical_true_oos,2026,2,5.018422592,1.672807531,7,AVAILABLE,FULL_QUARTER,POSITIVE
CANONICAL__N3_02,NORMALIZED,IMOEXF,historical_true_oos,2026,2,0.7577473287,0.2525824429,13,AVAILABLE,FULL_QUARTER,POSITIVE
CANONICAL__N3_02,NORMALIZED,USDRUBF,historical_true_oos,2026,3,6.03583997,2.011946657,9,AVAILABLE,PARTIAL_QUARTER,POSITIVE
CANONICAL__N3_02,NORMALIZED,CNYRUBF,historical_true_oos,2026,3,3.560382305,1.186794102,9,AVAILABLE,PARTIAL_QUARTER,POSITIVE
CANONICAL__N3_02,NORMALIZED,IMOEXF,historical_true_oos,2026,3,-2.467484663,-0.8224948875,10,AVAILABLE,PARTIAL_QUARTER,NEGATIVE
CANONICAL__N3_02,FULL,USDRUBF,baseline,2023,1,-2.898422489,-2.898422489,4,AVAILABLE,PARTIAL_QUARTER,NEGATIVE
CANONICAL__N3_02,FULL,CNYRUBF,baseline,2023,1,-1.020555271,-1.020555271,3,AVAILABLE,PARTIAL_QUARTER,NEGATIVE
CANONICAL__N3_02,FULL,IMOEXF,baseline,2023,1,0,0,0,NOT_AVAILABLE,NOT_AVAILABLE,ZERO
CANONICAL__N3_02,FULL,USDRUBF,baseline,2023,2,8.689564697,8.689564697,11,AVAILABLE,FULL_QUARTER,POSITIVE
CANONICAL__N3_02,FULL,CNYRUBF,baseline,2023,2,7.795515913,7.795515913,8,AVAILABLE,FULL_QUARTER,POSITIVE
CANONICAL__N3_02,FULL,IMOEXF,baseline,2023,2,0,0,0,NOT_AVAILABLE,NOT_AVAILABLE,ZERO
CANONICAL__N3_02,FULL,USDRUBF,baseline,2023,3,5.167328514,5.167328514,8,AVAILABLE,FULL_QUARTER,POSITIVE
CANONICAL__N3_02,FULL,CNYRUBF,baseline,2023,3,-2.049622456,-2.049622456,7,AVAILABLE,FULL_QUARTER,NEGATIVE
CANONICAL__N3_02,FULL,IMOEXF,baseline,2023,3,0,0,0,NOT_AVAILABLE,NOT_AVAILABLE,ZERO
CANONICAL__N3_02,FULL,USDRUBF,baseline,2023,4,2.190151496,2.190151496,8,AVAILABLE,FULL_QUARTER,POSITIVE
CANONICAL__N3_02,FULL,CNYRUBF,baseline,2023,4,-3.791262962,-3.791262962,6,AVAILABLE,FULL_QUARTER,NEGATIVE
CANONICAL__N3_02,FULL,IMOEXF,baseline,2023,4,0,0,0,NOT_AVAILABLE,PARTIAL_QUARTER,ZERO
CANONICAL__N3_02,FULL,USDRUBF,baseline,2024,1,-0.4829589909,-0.4829589909,4,AVAILABLE,FULL_QUARTER,NEGATIVE
CANONICAL__N3_02,FULL,CNYRUBF,baseline,2024,1,2.817209547,2.817209547,3,AVAILABLE,FULL_QUARTER,POSITIVE
CANONICAL__N3_02,FULL,IMOEXF,baseline,2024,1,2.393163239,2.393163239,8,AVAILABLE,FULL_QUARTER,POSITIVE
CANONICAL__N3_02,FULL,USDRUBF,baseline,2024,2,2.955597233,2.955597233,12,AVAILABLE,FULL_QUARTER,POSITIVE
CANONICAL__N3_02,FULL,CNYRUBF,baseline,2024,2,14.94403683,14.94403683,11,AVAILABLE,FULL_QUARTER,POSITIVE
CANONICAL__N3_02,FULL,IMOEXF,baseline,2024,2,5.115292585,5.115292585,6,AVAILABLE,FULL_QUARTER,POSITIVE
CANONICAL__N3_02,FULL,USDRUBF,baseline,2024,3,1.0249468,1.0249468,9,AVAILABLE,FULL_QUARTER,POSITIVE
CANONICAL__N3_02,FULL,CNYRUBF,baseline,2024,3,0.6441510469,0.6441510469,6,AVAILABLE,FULL_QUARTER,POSITIVE
CANONICAL__N3_02,FULL,IMOEXF,baseline,2024,3,7.623380195,7.623380195,7,AVAILABLE,FULL_QUARTER,POSITIVE
CANONICAL__N3_02,FULL,USDRUBF,baseline,2024,4,5.763429915,5.763429915,7,AVAILABLE,PARTIAL_QUARTER,POSITIVE
CANONICAL__N3_02,FULL,CNYRUBF,baseline,2024,4,3.442996412,3.442996412,7,AVAILABLE,PARTIAL_QUARTER,POSITIVE
CANONICAL__N3_02,FULL,IMOEXF,baseline,2024,4,2.943055533,2.943055533,5,AVAILABLE,PARTIAL_QUARTER,POSITIVE
CANONICAL__N3_02,FULL,USDRUBF,walk_forward,2024,1,0.3132754899,0.3132754899,2,AVAILABLE,FULL_QUARTER,POSITIVE
CANONICAL__N3_02,FULL,CNYRUBF,walk_forward,2024,1,-0.7748154007,-0.7748154007,1,AVAILABLE,FULL_QUARTER,NEGATIVE
CANONICAL__N3_02,FULL,IMOEXF,walk_forward,2024,1,-2.256842313,-2.256842313,3,AVAILABLE,FULL_QUARTER,NEGATIVE
CANONICAL__N3_02,FULL,USDRUBF,walk_forward,2024,2,4.621795889,4.621795889,5,AVAILABLE,FULL_QUARTER,POSITIVE
CANONICAL__N3_02,FULL,CNYRUBF,walk_forward,2024,2,14.34374878,14.34374878,5,AVAILABLE,FULL_QUARTER,POSITIVE
CANONICAL__N3_02,FULL,IMOEXF,walk_forward,2024,2,5.244296171,5.244296171,5,AVAILABLE,FULL_QUARTER,POSITIVE
CANONICAL__N3_02,FULL,USDRUBF,walk_forward,2024,3,1.803338198,1.803338198,4,AVAILABLE,FULL_QUARTER,POSITIVE
CANONICAL__N3_02,FULL,CNYRUBF,walk_forward,2024,3,0.9080037172,0.9080037172,5,AVAILABLE,FULL_QUARTER,POSITIVE
CANONICAL__N3_02,FULL,IMOEXF,walk_forward,2024,3,3.827226242,3.827226242,3,AVAILABLE,FULL_QUARTER,POSITIVE
CANONICAL__N3_02,FULL,USDRUBF,walk_forward,2024,4,5.348060663,5.348060663,3,AVAILABLE,PARTIAL_QUARTER,POSITIVE
CANONICAL__N3_02,FULL,CNYRUBF,walk_forward,2024,4,3.589777842,3.589777842,5,AVAILABLE,PARTIAL_QUARTER,POSITIVE
CANONICAL__N3_02,FULL,IMOEXF,walk_forward,2024,4,1.53728685,1.53728685,3,AVAILABLE,PARTIAL_QUARTER,POSITIVE
CANONICAL__N3_02,FULL,USDRUBF,historical_true_oos,2025,1,0.669094079,0.669094079,3,AVAILABLE,PARTIAL_QUARTER,POSITIVE
CANONICAL__N3_02,FULL,CNYRUBF,historical_true_oos,2025,1,2.961964957,2.961964957,3,AVAILABLE,PARTIAL_QUARTER,POSITIVE
CANONICAL__N3_02,FULL,IMOEXF,historical_true_oos,2025,1,-0.9765813621,-0.9765813621,2,AVAILABLE,PARTIAL_QUARTER,NEGATIVE
CANONICAL__N3_02,FULL,USDRUBF,historical_true_oos,2025,2,-2.294309312,-2.294309312,4,AVAILABLE,FULL_QUARTER,NEGATIVE
CANONICAL__N3_02,FULL,CNYRUBF,historical_true_oos,2025,2,-2.900060519,-2.900060519,4,AVAILABLE,FULL_QUARTER,NEGATIVE
CANONICAL__N3_02,FULL,IMOEXF,historical_true_oos,2025,2,3.293111457,3.293111457,5,AVAILABLE,FULL_QUARTER,POSITIVE
CANONICAL__N3_02,FULL,USDRUBF,historical_true_oos,2025,3,10.28120835,10.28120835,6,AVAILABLE,FULL_QUARTER,POSITIVE
CANONICAL__N3_02,FULL,CNYRUBF,historical_true_oos,2025,3,11.77216822,11.77216822,7,AVAILABLE,FULL_QUARTER,POSITIVE
CANONICAL__N3_02,FULL,IMOEXF,historical_true_oos,2025,3,-0.02228280491,-0.02228280491,12,AVAILABLE,FULL_QUARTER,NEGATIVE
CANONICAL__N3_02,FULL,USDRUBF,historical_true_oos,2025,4,-1.526128899,-1.526128899,12,AVAILABLE,FULL_QUARTER,NEGATIVE
CANONICAL__N3_02,FULL,CNYRUBF,historical_true_oos,2025,4,-1.819337048,-1.819337048,13,AVAILABLE,FULL_QUARTER,NEGATIVE
CANONICAL__N3_02,FULL,IMOEXF,historical_true_oos,2025,4,1.53089969,1.53089969,9,AVAILABLE,FULL_QUARTER,POSITIVE
CANONICAL__N3_02,FULL,USDRUBF,historical_true_oos,2026,1,6.800303784,6.800303784,7,AVAILABLE,FULL_QUARTER,POSITIVE
CANONICAL__N3_02,FULL,CNYRUBF,historical_true_oos,2026,1,4.172041837,4.172041837,8,AVAILABLE,FULL_QUARTER,POSITIVE
CANONICAL__N3_02,FULL,IMOEXF,historical_true_oos,2026,1,1.207695616,1.207695616,7,AVAILABLE,FULL_QUARTER,POSITIVE
CANONICAL__N3_02,FULL,USDRUBF,historical_true_oos,2026,2,3.481275769,3.481275769,8,AVAILABLE,FULL_QUARTER,POSITIVE
CANONICAL__N3_02,FULL,CNYRUBF,historical_true_oos,2026,2,5.018422592,5.018422592,7,AVAILABLE,FULL_QUARTER,POSITIVE
CANONICAL__N3_02,FULL,IMOEXF,historical_true_oos,2026,2,0.7577473287,0.7577473287,13,AVAILABLE,FULL_QUARTER,POSITIVE
CANONICAL__N3_02,FULL,USDRUBF,historical_true_oos,2026,3,6.03583997,6.03583997,9,AVAILABLE,PARTIAL_QUARTER,POSITIVE
CANONICAL__N3_02,FULL,CNYRUBF,historical_true_oos,2026,3,3.560382305,3.560382305,9,AVAILABLE,PARTIAL_QUARTER,POSITIVE
CANONICAL__N3_02,FULL,IMOEXF,historical_true_oos,2026,3,-2.467484663,-2.467484663,10,AVAILABLE,PARTIAL_QUARTER,NEGATIVE
CANONICAL__N3_03,NORMALIZED,USDRUBF,baseline,2023,1,-2.898422489,-0.9661408296,4,AVAILABLE,PARTIAL_QUARTER,NEGATIVE
CANONICAL__N3_03,NORMALIZED,GLDRUBF,baseline,2023,1,0,0,0,NOT_AVAILABLE,NOT_AVAILABLE,ZERO
CANONICAL__N3_03,NORMALIZED,IMOEXF,baseline,2023,1,0,0,0,NOT_AVAILABLE,NOT_AVAILABLE,ZERO
CANONICAL__N3_03,NORMALIZED,USDRUBF,baseline,2023,2,8.689564697,2.896521566,11,AVAILABLE,FULL_QUARTER,POSITIVE
CANONICAL__N3_03,NORMALIZED,GLDRUBF,baseline,2023,2,0,0,0,NOT_AVAILABLE,NOT_AVAILABLE,ZERO
CANONICAL__N3_03,NORMALIZED,IMOEXF,baseline,2023,2,0,0,0,NOT_AVAILABLE,NOT_AVAILABLE,ZERO
CANONICAL__N3_03,NORMALIZED,USDRUBF,baseline,2023,3,5.167328514,1.722442838,8,AVAILABLE,FULL_QUARTER,POSITIVE
CANONICAL__N3_03,NORMALIZED,GLDRUBF,baseline,2023,3,-0.435766705,-0.1452555683,1,AVAILABLE,PARTIAL_QUARTER,NEGATIVE
CANONICAL__N3_03,NORMALIZED,IMOEXF,baseline,2023,3,0,0,0,NOT_AVAILABLE,NOT_AVAILABLE,ZERO
CANONICAL__N3_03,NORMALIZED,USDRUBF,baseline,2023,4,2.190151496,0.7300504987,8,AVAILABLE,FULL_QUARTER,POSITIVE
CANONICAL__N3_03,NORMALIZED,GLDRUBF,baseline,2023,4,0.05167355955,0.01722451985,5,AVAILABLE,FULL_QUARTER,POSITIVE
CANONICAL__N3_03,NORMALIZED,IMOEXF,baseline,2023,4,0,0,0,NOT_AVAILABLE,PARTIAL_QUARTER,ZERO
CANONICAL__N3_03,NORMALIZED,USDRUBF,baseline,2024,1,-0.4829589909,-0.1609863303,4,AVAILABLE,FULL_QUARTER,NEGATIVE
CANONICAL__N3_03,NORMALIZED,GLDRUBF,baseline,2024,1,0.8259324747,0.2753108249,11,AVAILABLE,FULL_QUARTER,POSITIVE
CANONICAL__N3_03,NORMALIZED,IMOEXF,baseline,2024,1,2.393163239,0.7977210795,8,AVAILABLE,FULL_QUARTER,POSITIVE
CANONICAL__N3_03,NORMALIZED,USDRUBF,baseline,2024,2,2.955597233,0.9851990777,12,AVAILABLE,FULL_QUARTER,POSITIVE
CANONICAL__N3_03,NORMALIZED,GLDRUBF,baseline,2024,2,3.135010105,1.045003368,9,AVAILABLE,FULL_QUARTER,POSITIVE
CANONICAL__N3_03,NORMALIZED,IMOEXF,baseline,2024,2,5.115292585,1.705097528,6,AVAILABLE,FULL_QUARTER,POSITIVE
CANONICAL__N3_03,NORMALIZED,USDRUBF,baseline,2024,3,1.0249468,0.3416489333,9,AVAILABLE,FULL_QUARTER,POSITIVE
CANONICAL__N3_03,NORMALIZED,GLDRUBF,baseline,2024,3,-1.170662863,-0.3902209544,7,AVAILABLE,FULL_QUARTER,NEGATIVE
CANONICAL__N3_03,NORMALIZED,IMOEXF,baseline,2024,3,7.623380195,2.541126732,7,AVAILABLE,FULL_QUARTER,POSITIVE
CANONICAL__N3_03,NORMALIZED,USDRUBF,baseline,2024,4,5.763429915,1.921143305,7,AVAILABLE,PARTIAL_QUARTER,POSITIVE
CANONICAL__N3_03,NORMALIZED,GLDRUBF,baseline,2024,4,8.036434985,2.678811662,8,AVAILABLE,PARTIAL_QUARTER,POSITIVE
CANONICAL__N3_03,NORMALIZED,IMOEXF,baseline,2024,4,2.943055533,0.9810185111,5,AVAILABLE,PARTIAL_QUARTER,POSITIVE
CANONICAL__N3_03,NORMALIZED,USDRUBF,walk_forward,2024,1,0.3132754899,0.1044251633,2,AVAILABLE,FULL_QUARTER,POSITIVE
CANONICAL__N3_03,NORMALIZED,GLDRUBF,walk_forward,2024,1,3.318808571,1.106269524,7,AVAILABLE,FULL_QUARTER,POSITIVE
CANONICAL__N3_03,NORMALIZED,IMOEXF,walk_forward,2024,1,-2.256842313,-0.752280771,3,AVAILABLE,FULL_QUARTER,NEGATIVE
CANONICAL__N3_03,NORMALIZED,USDRUBF,walk_forward,2024,2,4.621795889,1.54059863,5,AVAILABLE,FULL_QUARTER,POSITIVE
CANONICAL__N3_03,NORMALIZED,GLDRUBF,walk_forward,2024,2,-1.168432653,-0.3894775509,5,AVAILABLE,FULL_QUARTER,NEGATIVE
CANONICAL__N3_03,NORMALIZED,IMOEXF,walk_forward,2024,2,5.244296171,1.748098724,5,AVAILABLE,FULL_QUARTER,POSITIVE
CANONICAL__N3_03,NORMALIZED,USDRUBF,walk_forward,2024,3,1.803338198,0.6011127325,4,AVAILABLE,FULL_QUARTER,POSITIVE
CANONICAL__N3_03,NORMALIZED,GLDRUBF,walk_forward,2024,3,-1.800814282,-0.6002714272,6,AVAILABLE,FULL_QUARTER,NEGATIVE
CANONICAL__N3_03,NORMALIZED,IMOEXF,walk_forward,2024,3,3.827226242,1.275742081,3,AVAILABLE,FULL_QUARTER,POSITIVE
CANONICAL__N3_03,NORMALIZED,USDRUBF,walk_forward,2024,4,5.348060663,1.782686888,3,AVAILABLE,PARTIAL_QUARTER,POSITIVE
CANONICAL__N3_03,NORMALIZED,GLDRUBF,walk_forward,2024,4,-0.1248474894,-0.04161582982,4,AVAILABLE,PARTIAL_QUARTER,NEGATIVE
CANONICAL__N3_03,NORMALIZED,IMOEXF,walk_forward,2024,4,1.53728685,0.5124289501,3,AVAILABLE,PARTIAL_QUARTER,POSITIVE
CANONICAL__N3_03,NORMALIZED,USDRUBF,historical_true_oos,2025,1,0.669094079,0.2230313597,3,AVAILABLE,PARTIAL_QUARTER,POSITIVE
CANONICAL__N3_03,NORMALIZED,GLDRUBF,historical_true_oos,2025,1,-0.4165586989,-0.1388528996,1,AVAILABLE,PARTIAL_QUARTER,NEGATIVE
CANONICAL__N3_03,NORMALIZED,IMOEXF,historical_true_oos,2025,1,-0.9765813621,-0.3255271207,2,AVAILABLE,PARTIAL_QUARTER,NEGATIVE
CANONICAL__N3_03,NORMALIZED,USDRUBF,historical_true_oos,2025,2,-2.294309312,-0.7647697706,4,AVAILABLE,FULL_QUARTER,NEGATIVE
CANONICAL__N3_03,NORMALIZED,GLDRUBF,historical_true_oos,2025,2,0.1437226232,0.04790754107,2,AVAILABLE,FULL_QUARTER,POSITIVE
CANONICAL__N3_03,NORMALIZED,IMOEXF,historical_true_oos,2025,2,3.293111457,1.097703819,5,AVAILABLE,FULL_QUARTER,POSITIVE
CANONICAL__N3_03,NORMALIZED,USDRUBF,historical_true_oos,2025,3,10.28120835,3.427069451,6,AVAILABLE,FULL_QUARTER,POSITIVE
CANONICAL__N3_03,NORMALIZED,GLDRUBF,historical_true_oos,2025,3,12.84218546,4.280728485,7,AVAILABLE,FULL_QUARTER,POSITIVE
CANONICAL__N3_03,NORMALIZED,IMOEXF,historical_true_oos,2025,3,-0.02228280491,-0.007427601638,12,AVAILABLE,FULL_QUARTER,NEGATIVE
CANONICAL__N3_03,NORMALIZED,USDRUBF,historical_true_oos,2025,4,-1.526128899,-0.5087096328,12,AVAILABLE,FULL_QUARTER,NEGATIVE
CANONICAL__N3_03,NORMALIZED,GLDRUBF,historical_true_oos,2025,4,2.808344618,0.9361148725,10,AVAILABLE,FULL_QUARTER,POSITIVE
CANONICAL__N3_03,NORMALIZED,IMOEXF,historical_true_oos,2025,4,1.53089969,0.5102998965,9,AVAILABLE,FULL_QUARTER,POSITIVE
CANONICAL__N3_03,NORMALIZED,USDRUBF,historical_true_oos,2026,1,6.800303784,2.266767928,7,AVAILABLE,FULL_QUARTER,POSITIVE
CANONICAL__N3_03,NORMALIZED,GLDRUBF,historical_true_oos,2026,1,6.048086573,2.016028858,8,AVAILABLE,FULL_QUARTER,POSITIVE
CANONICAL__N3_03,NORMALIZED,IMOEXF,historical_true_oos,2026,1,1.207695616,0.4025652052,7,AVAILABLE,FULL_QUARTER,POSITIVE
CANONICAL__N3_03,NORMALIZED,USDRUBF,historical_true_oos,2026,2,3.481275769,1.160425256,8,AVAILABLE,FULL_QUARTER,POSITIVE
CANONICAL__N3_03,NORMALIZED,GLDRUBF,historical_true_oos,2026,2,3.392699205,1.130899735,6,AVAILABLE,FULL_QUARTER,POSITIVE
CANONICAL__N3_03,NORMALIZED,IMOEXF,historical_true_oos,2026,2,0.7577473287,0.2525824429,13,AVAILABLE,FULL_QUARTER,POSITIVE
CANONICAL__N3_03,NORMALIZED,USDRUBF,historical_true_oos,2026,3,6.03583997,2.011946657,9,AVAILABLE,PARTIAL_QUARTER,POSITIVE
CANONICAL__N3_03,NORMALIZED,GLDRUBF,historical_true_oos,2026,3,11.38197012,3.793990039,7,AVAILABLE,PARTIAL_QUARTER,POSITIVE
CANONICAL__N3_03,NORMALIZED,IMOEXF,historical_true_oos,2026,3,-2.467484663,-0.8224948875,10,AVAILABLE,PARTIAL_QUARTER,NEGATIVE
CANONICAL__N3_03,FULL,USDRUBF,baseline,2023,1,-2.898422489,-2.898422489,4,AVAILABLE,PARTIAL_QUARTER,NEGATIVE
CANONICAL__N3_03,FULL,GLDRUBF,baseline,2023,1,0,0,0,NOT_AVAILABLE,NOT_AVAILABLE,ZERO
CANONICAL__N3_03,FULL,IMOEXF,baseline,2023,1,0,0,0,NOT_AVAILABLE,NOT_AVAILABLE,ZERO
CANONICAL__N3_03,FULL,USDRUBF,baseline,2023,2,8.689564697,8.689564697,11,AVAILABLE,FULL_QUARTER,POSITIVE
CANONICAL__N3_03,FULL,GLDRUBF,baseline,2023,2,0,0,0,NOT_AVAILABLE,NOT_AVAILABLE,ZERO
CANONICAL__N3_03,FULL,IMOEXF,baseline,2023,2,0,0,0,NOT_AVAILABLE,NOT_AVAILABLE,ZERO
CANONICAL__N3_03,FULL,USDRUBF,baseline,2023,3,5.167328514,5.167328514,8,AVAILABLE,FULL_QUARTER,POSITIVE
CANONICAL__N3_03,FULL,GLDRUBF,baseline,2023,3,-0.435766705,-0.435766705,1,AVAILABLE,PARTIAL_QUARTER,NEGATIVE
CANONICAL__N3_03,FULL,IMOEXF,baseline,2023,3,0,0,0,NOT_AVAILABLE,NOT_AVAILABLE,ZERO
CANONICAL__N3_03,FULL,USDRUBF,baseline,2023,4,2.190151496,2.190151496,8,AVAILABLE,FULL_QUARTER,POSITIVE
CANONICAL__N3_03,FULL,GLDRUBF,baseline,2023,4,0.05167355955,0.05167355955,5,AVAILABLE,FULL_QUARTER,POSITIVE
CANONICAL__N3_03,FULL,IMOEXF,baseline,2023,4,0,0,0,NOT_AVAILABLE,PARTIAL_QUARTER,ZERO
CANONICAL__N3_03,FULL,USDRUBF,baseline,2024,1,-0.4829589909,-0.4829589909,4,AVAILABLE,FULL_QUARTER,NEGATIVE
CANONICAL__N3_03,FULL,GLDRUBF,baseline,2024,1,0.8259324747,0.8259324747,11,AVAILABLE,FULL_QUARTER,POSITIVE
CANONICAL__N3_03,FULL,IMOEXF,baseline,2024,1,2.393163239,2.393163239,8,AVAILABLE,FULL_QUARTER,POSITIVE
CANONICAL__N3_03,FULL,USDRUBF,baseline,2024,2,2.955597233,2.955597233,12,AVAILABLE,FULL_QUARTER,POSITIVE
CANONICAL__N3_03,FULL,GLDRUBF,baseline,2024,2,3.135010105,3.135010105,9,AVAILABLE,FULL_QUARTER,POSITIVE
CANONICAL__N3_03,FULL,IMOEXF,baseline,2024,2,5.115292585,5.115292585,6,AVAILABLE,FULL_QUARTER,POSITIVE
CANONICAL__N3_03,FULL,USDRUBF,baseline,2024,3,1.0249468,1.0249468,9,AVAILABLE,FULL_QUARTER,POSITIVE
CANONICAL__N3_03,FULL,GLDRUBF,baseline,2024,3,-1.170662863,-1.170662863,7,AVAILABLE,FULL_QUARTER,NEGATIVE
CANONICAL__N3_03,FULL,IMOEXF,baseline,2024,3,7.623380195,7.623380195,7,AVAILABLE,FULL_QUARTER,POSITIVE
CANONICAL__N3_03,FULL,USDRUBF,baseline,2024,4,5.763429915,5.763429915,7,AVAILABLE,PARTIAL_QUARTER,POSITIVE
CANONICAL__N3_03,FULL,GLDRUBF,baseline,2024,4,8.036434985,8.036434985,8,AVAILABLE,PARTIAL_QUARTER,POSITIVE
CANONICAL__N3_03,FULL,IMOEXF,baseline,2024,4,2.943055533,2.943055533,5,AVAILABLE,PARTIAL_QUARTER,POSITIVE
CANONICAL__N3_03,FULL,USDRUBF,walk_forward,2024,1,0.3132754899,0.3132754899,2,AVAILABLE,FULL_QUARTER,POSITIVE
CANONICAL__N3_03,FULL,GLDRUBF,walk_forward,2024,1,3.318808571,3.318808571,7,AVAILABLE,FULL_QUARTER,POSITIVE
CANONICAL__N3_03,FULL,IMOEXF,walk_forward,2024,1,-2.256842313,-2.256842313,3,AVAILABLE,FULL_QUARTER,NEGATIVE
CANONICAL__N3_03,FULL,USDRUBF,walk_forward,2024,2,4.621795889,4.621795889,5,AVAILABLE,FULL_QUARTER,POSITIVE
CANONICAL__N3_03,FULL,GLDRUBF,walk_forward,2024,2,-1.168432653,-1.168432653,5,AVAILABLE,FULL_QUARTER,NEGATIVE
CANONICAL__N3_03,FULL,IMOEXF,walk_forward,2024,2,5.244296171,5.244296171,5,AVAILABLE,FULL_QUARTER,POSITIVE
CANONICAL__N3_03,FULL,USDRUBF,walk_forward,2024,3,1.803338198,1.803338198,4,AVAILABLE,FULL_QUARTER,POSITIVE
CANONICAL__N3_03,FULL,GLDRUBF,walk_forward,2024,3,-1.800814282,-1.800814282,6,AVAILABLE,FULL_QUARTER,NEGATIVE
CANONICAL__N3_03,FULL,IMOEXF,walk_forward,2024,3,3.827226242,3.827226242,3,AVAILABLE,FULL_QUARTER,POSITIVE
CANONICAL__N3_03,FULL,USDRUBF,walk_forward,2024,4,5.348060663,5.348060663,3,AVAILABLE,PARTIAL_QUARTER,POSITIVE
CANONICAL__N3_03,FULL,GLDRUBF,walk_forward,2024,4,-0.1248474894,-0.1248474894,4,AVAILABLE,PARTIAL_QUARTER,NEGATIVE
CANONICAL__N3_03,FULL,IMOEXF,walk_forward,2024,4,1.53728685,1.53728685,3,AVAILABLE,PARTIAL_QUARTER,POSITIVE
CANONICAL__N3_03,FULL,USDRUBF,historical_true_oos,2025,1,0.669094079,0.669094079,3,AVAILABLE,PARTIAL_QUARTER,POSITIVE
CANONICAL__N3_03,FULL,GLDRUBF,historical_true_oos,2025,1,-0.4165586989,-0.4165586989,1,AVAILABLE,PARTIAL_QUARTER,NEGATIVE
CANONICAL__N3_03,FULL,IMOEXF,historical_true_oos,2025,1,-0.9765813621,-0.9765813621,2,AVAILABLE,PARTIAL_QUARTER,NEGATIVE
CANONICAL__N3_03,FULL,USDRUBF,historical_true_oos,2025,2,-2.294309312,-2.294309312,4,AVAILABLE,FULL_QUARTER,NEGATIVE
CANONICAL__N3_03,FULL,GLDRUBF,historical_true_oos,2025,2,0.1437226232,0.1437226232,2,AVAILABLE,FULL_QUARTER,POSITIVE
CANONICAL__N3_03,FULL,IMOEXF,historical_true_oos,2025,2,3.293111457,3.293111457,5,AVAILABLE,FULL_QUARTER,POSITIVE
CANONICAL__N3_03,FULL,USDRUBF,historical_true_oos,2025,3,10.28120835,10.28120835,6,AVAILABLE,FULL_QUARTER,POSITIVE
CANONICAL__N3_03,FULL,GLDRUBF,historical_true_oos,2025,3,12.84218546,12.84218546,7,AVAILABLE,FULL_QUARTER,POSITIVE
CANONICAL__N3_03,FULL,IMOEXF,historical_true_oos,2025,3,-0.02228280491,-0.02228280491,12,AVAILABLE,FULL_QUARTER,NEGATIVE
CANONICAL__N3_03,FULL,USDRUBF,historical_true_oos,2025,4,-1.526128899,-1.526128899,12,AVAILABLE,FULL_QUARTER,NEGATIVE
CANONICAL__N3_03,FULL,GLDRUBF,historical_true_oos,2025,4,2.808344618,2.808344618,10,AVAILABLE,FULL_QUARTER,POSITIVE
CANONICAL__N3_03,FULL,IMOEXF,historical_true_oos,2025,4,1.53089969,1.53089969,9,AVAILABLE,FULL_QUARTER,POSITIVE
CANONICAL__N3_03,FULL,USDRUBF,historical_true_oos,2026,1,6.800303784,6.800303784,7,AVAILABLE,FULL_QUARTER,POSITIVE
CANONICAL__N3_03,FULL,GLDRUBF,historical_true_oos,2026,1,6.048086573,6.048086573,8,AVAILABLE,FULL_QUARTER,POSITIVE
CANONICAL__N3_03,FULL,IMOEXF,historical_true_oos,2026,1,1.207695616,1.207695616,7,AVAILABLE,FULL_QUARTER,POSITIVE
CANONICAL__N3_03,FULL,USDRUBF,historical_true_oos,2026,2,3.481275769,3.481275769,8,AVAILABLE,FULL_QUARTER,POSITIVE
CANONICAL__N3_03,FULL,GLDRUBF,historical_true_oos,2026,2,3.392699205,3.392699205,6,AVAILABLE,FULL_QUARTER,POSITIVE
CANONICAL__N3_03,FULL,IMOEXF,historical_true_oos,2026,2,0.7577473287,0.7577473287,13,AVAILABLE,FULL_QUARTER,POSITIVE
CANONICAL__N3_03,FULL,USDRUBF,historical_true_oos,2026,3,6.03583997,6.03583997,9,AVAILABLE,PARTIAL_QUARTER,POSITIVE
CANONICAL__N3_03,FULL,GLDRUBF,historical_true_oos,2026,3,11.38197012,11.38197012,7,AVAILABLE,PARTIAL_QUARTER,POSITIVE
CANONICAL__N3_03,FULL,IMOEXF,historical_true_oos,2026,3,-2.467484663,-2.467484663,10,AVAILABLE,PARTIAL_QUARTER,NEGATIVE
CANONICAL__N3_04,NORMALIZED,CNYRUBF,baseline,2023,1,-1.020555271,-0.3401850903,3,AVAILABLE,PARTIAL_QUARTER,NEGATIVE
CANONICAL__N3_04,NORMALIZED,GLDRUBF,baseline,2023,1,0,0,0,NOT_AVAILABLE,NOT_AVAILABLE,ZERO
CANONICAL__N3_04,NORMALIZED,IMOEXF,baseline,2023,1,0,0,0,NOT_AVAILABLE,NOT_AVAILABLE,ZERO
CANONICAL__N3_04,NORMALIZED,CNYRUBF,baseline,2023,2,7.795515913,2.598505304,8,AVAILABLE,FULL_QUARTER,POSITIVE
CANONICAL__N3_04,NORMALIZED,GLDRUBF,baseline,2023,2,0,0,0,NOT_AVAILABLE,NOT_AVAILABLE,ZERO
CANONICAL__N3_04,NORMALIZED,IMOEXF,baseline,2023,2,0,0,0,NOT_AVAILABLE,NOT_AVAILABLE,ZERO
CANONICAL__N3_04,NORMALIZED,CNYRUBF,baseline,2023,3,-2.049622456,-0.6832074853,7,AVAILABLE,FULL_QUARTER,NEGATIVE
CANONICAL__N3_04,NORMALIZED,GLDRUBF,baseline,2023,3,-0.435766705,-0.1452555683,1,AVAILABLE,PARTIAL_QUARTER,NEGATIVE
CANONICAL__N3_04,NORMALIZED,IMOEXF,baseline,2023,3,0,0,0,NOT_AVAILABLE,NOT_AVAILABLE,ZERO
CANONICAL__N3_04,NORMALIZED,CNYRUBF,baseline,2023,4,-3.791262962,-1.263754321,6,AVAILABLE,FULL_QUARTER,NEGATIVE
CANONICAL__N3_04,NORMALIZED,GLDRUBF,baseline,2023,4,0.05167355955,0.01722451985,5,AVAILABLE,FULL_QUARTER,POSITIVE
CANONICAL__N3_04,NORMALIZED,IMOEXF,baseline,2023,4,0,0,0,NOT_AVAILABLE,PARTIAL_QUARTER,ZERO
CANONICAL__N3_04,NORMALIZED,CNYRUBF,baseline,2024,1,2.817209547,0.9390698491,3,AVAILABLE,FULL_QUARTER,POSITIVE
CANONICAL__N3_04,NORMALIZED,GLDRUBF,baseline,2024,1,0.8259324747,0.2753108249,11,AVAILABLE,FULL_QUARTER,POSITIVE
CANONICAL__N3_04,NORMALIZED,IMOEXF,baseline,2024,1,2.393163239,0.7977210795,8,AVAILABLE,FULL_QUARTER,POSITIVE
CANONICAL__N3_04,NORMALIZED,CNYRUBF,baseline,2024,2,14.94403683,4.98134561,11,AVAILABLE,FULL_QUARTER,POSITIVE
CANONICAL__N3_04,NORMALIZED,GLDRUBF,baseline,2024,2,3.135010105,1.045003368,9,AVAILABLE,FULL_QUARTER,POSITIVE
CANONICAL__N3_04,NORMALIZED,IMOEXF,baseline,2024,2,5.115292585,1.705097528,6,AVAILABLE,FULL_QUARTER,POSITIVE
CANONICAL__N3_04,NORMALIZED,CNYRUBF,baseline,2024,3,0.6441510469,0.2147170156,6,AVAILABLE,FULL_QUARTER,POSITIVE
CANONICAL__N3_04,NORMALIZED,GLDRUBF,baseline,2024,3,-1.170662863,-0.3902209544,7,AVAILABLE,FULL_QUARTER,NEGATIVE
CANONICAL__N3_04,NORMALIZED,IMOEXF,baseline,2024,3,7.623380195,2.541126732,7,AVAILABLE,FULL_QUARTER,POSITIVE
CANONICAL__N3_04,NORMALIZED,CNYRUBF,baseline,2024,4,3.442996412,1.147665471,7,AVAILABLE,PARTIAL_QUARTER,POSITIVE
CANONICAL__N3_04,NORMALIZED,GLDRUBF,baseline,2024,4,8.036434985,2.678811662,8,AVAILABLE,PARTIAL_QUARTER,POSITIVE
CANONICAL__N3_04,NORMALIZED,IMOEXF,baseline,2024,4,2.943055533,0.9810185111,5,AVAILABLE,PARTIAL_QUARTER,POSITIVE
CANONICAL__N3_04,NORMALIZED,CNYRUBF,walk_forward,2024,1,-0.7748154007,-0.2582718002,1,AVAILABLE,FULL_QUARTER,NEGATIVE
CANONICAL__N3_04,NORMALIZED,GLDRUBF,walk_forward,2024,1,3.318808571,1.106269524,7,AVAILABLE,FULL_QUARTER,POSITIVE
CANONICAL__N3_04,NORMALIZED,IMOEXF,walk_forward,2024,1,-2.256842313,-0.752280771,3,AVAILABLE,FULL_QUARTER,NEGATIVE
CANONICAL__N3_04,NORMALIZED,CNYRUBF,walk_forward,2024,2,14.34374878,4.781249593,5,AVAILABLE,FULL_QUARTER,POSITIVE
CANONICAL__N3_04,NORMALIZED,GLDRUBF,walk_forward,2024,2,-1.168432653,-0.3894775509,5,AVAILABLE,FULL_QUARTER,NEGATIVE
CANONICAL__N3_04,NORMALIZED,IMOEXF,walk_forward,2024,2,5.244296171,1.748098724,5,AVAILABLE,FULL_QUARTER,POSITIVE
CANONICAL__N3_04,NORMALIZED,CNYRUBF,walk_forward,2024,3,0.9080037172,0.3026679057,5,AVAILABLE,FULL_QUARTER,POSITIVE
CANONICAL__N3_04,NORMALIZED,GLDRUBF,walk_forward,2024,3,-1.800814282,-0.6002714272,6,AVAILABLE,FULL_QUARTER,NEGATIVE
CANONICAL__N3_04,NORMALIZED,IMOEXF,walk_forward,2024,3,3.827226242,1.275742081,3,AVAILABLE,FULL_QUARTER,POSITIVE
CANONICAL__N3_04,NORMALIZED,CNYRUBF,walk_forward,2024,4,3.589777842,1.196592614,5,AVAILABLE,PARTIAL_QUARTER,POSITIVE
CANONICAL__N3_04,NORMALIZED,GLDRUBF,walk_forward,2024,4,-0.1248474894,-0.04161582982,4,AVAILABLE,PARTIAL_QUARTER,NEGATIVE
CANONICAL__N3_04,NORMALIZED,IMOEXF,walk_forward,2024,4,1.53728685,0.5124289501,3,AVAILABLE,PARTIAL_QUARTER,POSITIVE
CANONICAL__N3_04,NORMALIZED,CNYRUBF,historical_true_oos,2025,1,2.961964957,0.9873216524,3,AVAILABLE,PARTIAL_QUARTER,POSITIVE
CANONICAL__N3_04,NORMALIZED,GLDRUBF,historical_true_oos,2025,1,-0.4165586989,-0.1388528996,1,AVAILABLE,PARTIAL_QUARTER,NEGATIVE
CANONICAL__N3_04,NORMALIZED,IMOEXF,historical_true_oos,2025,1,-0.9765813621,-0.3255271207,2,AVAILABLE,PARTIAL_QUARTER,NEGATIVE
CANONICAL__N3_04,NORMALIZED,CNYRUBF,historical_true_oos,2025,2,-2.900060519,-0.9666868398,4,AVAILABLE,FULL_QUARTER,NEGATIVE
CANONICAL__N3_04,NORMALIZED,GLDRUBF,historical_true_oos,2025,2,0.1437226232,0.04790754107,2,AVAILABLE,FULL_QUARTER,POSITIVE
CANONICAL__N3_04,NORMALIZED,IMOEXF,historical_true_oos,2025,2,3.293111457,1.097703819,5,AVAILABLE,FULL_QUARTER,POSITIVE
CANONICAL__N3_04,NORMALIZED,CNYRUBF,historical_true_oos,2025,3,11.77216822,3.924056074,7,AVAILABLE,FULL_QUARTER,POSITIVE
CANONICAL__N3_04,NORMALIZED,GLDRUBF,historical_true_oos,2025,3,12.84218546,4.280728485,7,AVAILABLE,FULL_QUARTER,POSITIVE
CANONICAL__N3_04,NORMALIZED,IMOEXF,historical_true_oos,2025,3,-0.02228280491,-0.007427601638,12,AVAILABLE,FULL_QUARTER,NEGATIVE
CANONICAL__N3_04,NORMALIZED,CNYRUBF,historical_true_oos,2025,4,-1.819337048,-0.6064456827,13,AVAILABLE,FULL_QUARTER,NEGATIVE
CANONICAL__N3_04,NORMALIZED,GLDRUBF,historical_true_oos,2025,4,2.808344618,0.9361148725,10,AVAILABLE,FULL_QUARTER,POSITIVE
CANONICAL__N3_04,NORMALIZED,IMOEXF,historical_true_oos,2025,4,1.53089969,0.5102998965,9,AVAILABLE,FULL_QUARTER,POSITIVE
CANONICAL__N3_04,NORMALIZED,CNYRUBF,historical_true_oos,2026,1,4.172041837,1.390680612,8,AVAILABLE,FULL_QUARTER,POSITIVE
CANONICAL__N3_04,NORMALIZED,GLDRUBF,historical_true_oos,2026,1,6.048086573,2.016028858,8,AVAILABLE,FULL_QUARTER,POSITIVE
CANONICAL__N3_04,NORMALIZED,IMOEXF,historical_true_oos,2026,1,1.207695616,0.4025652052,7,AVAILABLE,FULL_QUARTER,POSITIVE
CANONICAL__N3_04,NORMALIZED,CNYRUBF,historical_true_oos,2026,2,5.018422592,1.672807531,7,AVAILABLE,FULL_QUARTER,POSITIVE
CANONICAL__N3_04,NORMALIZED,GLDRUBF,historical_true_oos,2026,2,3.392699205,1.130899735,6,AVAILABLE,FULL_QUARTER,POSITIVE
CANONICAL__N3_04,NORMALIZED,IMOEXF,historical_true_oos,2026,2,0.7577473287,0.2525824429,13,AVAILABLE,FULL_QUARTER,POSITIVE
CANONICAL__N3_04,NORMALIZED,CNYRUBF,historical_true_oos,2026,3,3.560382305,1.186794102,9,AVAILABLE,PARTIAL_QUARTER,POSITIVE
CANONICAL__N3_04,NORMALIZED,GLDRUBF,historical_true_oos,2026,3,11.38197012,3.793990039,7,AVAILABLE,PARTIAL_QUARTER,POSITIVE
CANONICAL__N3_04,NORMALIZED,IMOEXF,historical_true_oos,2026,3,-2.467484663,-0.8224948875,10,AVAILABLE,PARTIAL_QUARTER,NEGATIVE
CANONICAL__N3_04,FULL,CNYRUBF,baseline,2023,1,-1.020555271,-1.020555271,3,AVAILABLE,PARTIAL_QUARTER,NEGATIVE
CANONICAL__N3_04,FULL,GLDRUBF,baseline,2023,1,0,0,0,NOT_AVAILABLE,NOT_AVAILABLE,ZERO
CANONICAL__N3_04,FULL,IMOEXF,baseline,2023,1,0,0,0,NOT_AVAILABLE,NOT_AVAILABLE,ZERO
CANONICAL__N3_04,FULL,CNYRUBF,baseline,2023,2,7.795515913,7.795515913,8,AVAILABLE,FULL_QUARTER,POSITIVE
CANONICAL__N3_04,FULL,GLDRUBF,baseline,2023,2,0,0,0,NOT_AVAILABLE,NOT_AVAILABLE,ZERO
CANONICAL__N3_04,FULL,IMOEXF,baseline,2023,2,0,0,0,NOT_AVAILABLE,NOT_AVAILABLE,ZERO
CANONICAL__N3_04,FULL,CNYRUBF,baseline,2023,3,-2.049622456,-2.049622456,7,AVAILABLE,FULL_QUARTER,NEGATIVE
CANONICAL__N3_04,FULL,GLDRUBF,baseline,2023,3,-0.435766705,-0.435766705,1,AVAILABLE,PARTIAL_QUARTER,NEGATIVE
CANONICAL__N3_04,FULL,IMOEXF,baseline,2023,3,0,0,0,NOT_AVAILABLE,NOT_AVAILABLE,ZERO
CANONICAL__N3_04,FULL,CNYRUBF,baseline,2023,4,-3.791262962,-3.791262962,6,AVAILABLE,FULL_QUARTER,NEGATIVE
CANONICAL__N3_04,FULL,GLDRUBF,baseline,2023,4,0.05167355955,0.05167355955,5,AVAILABLE,FULL_QUARTER,POSITIVE
CANONICAL__N3_04,FULL,IMOEXF,baseline,2023,4,0,0,0,NOT_AVAILABLE,PARTIAL_QUARTER,ZERO
CANONICAL__N3_04,FULL,CNYRUBF,baseline,2024,1,2.817209547,2.817209547,3,AVAILABLE,FULL_QUARTER,POSITIVE
CANONICAL__N3_04,FULL,GLDRUBF,baseline,2024,1,0.8259324747,0.8259324747,11,AVAILABLE,FULL_QUARTER,POSITIVE
CANONICAL__N3_04,FULL,IMOEXF,baseline,2024,1,2.393163239,2.393163239,8,AVAILABLE,FULL_QUARTER,POSITIVE
CANONICAL__N3_04,FULL,CNYRUBF,baseline,2024,2,14.94403683,14.94403683,11,AVAILABLE,FULL_QUARTER,POSITIVE
CANONICAL__N3_04,FULL,GLDRUBF,baseline,2024,2,3.135010105,3.135010105,9,AVAILABLE,FULL_QUARTER,POSITIVE
CANONICAL__N3_04,FULL,IMOEXF,baseline,2024,2,5.115292585,5.115292585,6,AVAILABLE,FULL_QUARTER,POSITIVE
CANONICAL__N3_04,FULL,CNYRUBF,baseline,2024,3,0.6441510469,0.6441510469,6,AVAILABLE,FULL_QUARTER,POSITIVE
CANONICAL__N3_04,FULL,GLDRUBF,baseline,2024,3,-1.170662863,-1.170662863,7,AVAILABLE,FULL_QUARTER,NEGATIVE
CANONICAL__N3_04,FULL,IMOEXF,baseline,2024,3,7.623380195,7.623380195,7,AVAILABLE,FULL_QUARTER,POSITIVE
CANONICAL__N3_04,FULL,CNYRUBF,baseline,2024,4,3.442996412,3.442996412,7,AVAILABLE,PARTIAL_QUARTER,POSITIVE
CANONICAL__N3_04,FULL,GLDRUBF,baseline,2024,4,8.036434985,8.036434985,8,AVAILABLE,PARTIAL_QUARTER,POSITIVE
CANONICAL__N3_04,FULL,IMOEXF,baseline,2024,4,2.943055533,2.943055533,5,AVAILABLE,PARTIAL_QUARTER,POSITIVE
CANONICAL__N3_04,FULL,CNYRUBF,walk_forward,2024,1,-0.7748154007,-0.7748154007,1,AVAILABLE,FULL_QUARTER,NEGATIVE
CANONICAL__N3_04,FULL,GLDRUBF,walk_forward,2024,1,3.318808571,3.318808571,7,AVAILABLE,FULL_QUARTER,POSITIVE
CANONICAL__N3_04,FULL,IMOEXF,walk_forward,2024,1,-2.256842313,-2.256842313,3,AVAILABLE,FULL_QUARTER,NEGATIVE
CANONICAL__N3_04,FULL,CNYRUBF,walk_forward,2024,2,14.34374878,14.34374878,5,AVAILABLE,FULL_QUARTER,POSITIVE
CANONICAL__N3_04,FULL,GLDRUBF,walk_forward,2024,2,-1.168432653,-1.168432653,5,AVAILABLE,FULL_QUARTER,NEGATIVE
CANONICAL__N3_04,FULL,IMOEXF,walk_forward,2024,2,5.244296171,5.244296171,5,AVAILABLE,FULL_QUARTER,POSITIVE
CANONICAL__N3_04,FULL,CNYRUBF,walk_forward,2024,3,0.9080037172,0.9080037172,5,AVAILABLE,FULL_QUARTER,POSITIVE
CANONICAL__N3_04,FULL,GLDRUBF,walk_forward,2024,3,-1.800814282,-1.800814282,6,AVAILABLE,FULL_QUARTER,NEGATIVE
CANONICAL__N3_04,FULL,IMOEXF,walk_forward,2024,3,3.827226242,3.827226242,3,AVAILABLE,FULL_QUARTER,POSITIVE
CANONICAL__N3_04,FULL,CNYRUBF,walk_forward,2024,4,3.589777842,3.589777842,5,AVAILABLE,PARTIAL_QUARTER,POSITIVE
CANONICAL__N3_04,FULL,GLDRUBF,walk_forward,2024,4,-0.1248474894,-0.1248474894,4,AVAILABLE,PARTIAL_QUARTER,NEGATIVE
CANONICAL__N3_04,FULL,IMOEXF,walk_forward,2024,4,1.53728685,1.53728685,3,AVAILABLE,PARTIAL_QUARTER,POSITIVE
CANONICAL__N3_04,FULL,CNYRUBF,historical_true_oos,2025,1,2.961964957,2.961964957,3,AVAILABLE,PARTIAL_QUARTER,POSITIVE
CANONICAL__N3_04,FULL,GLDRUBF,historical_true_oos,2025,1,-0.4165586989,-0.4165586989,1,AVAILABLE,PARTIAL_QUARTER,NEGATIVE
CANONICAL__N3_04,FULL,IMOEXF,historical_true_oos,2025,1,-0.9765813621,-0.9765813621,2,AVAILABLE,PARTIAL_QUARTER,NEGATIVE
CANONICAL__N3_04,FULL,CNYRUBF,historical_true_oos,2025,2,-2.900060519,-2.900060519,4,AVAILABLE,FULL_QUARTER,NEGATIVE
CANONICAL__N3_04,FULL,GLDRUBF,historical_true_oos,2025,2,0.1437226232,0.1437226232,2,AVAILABLE,FULL_QUARTER,POSITIVE
CANONICAL__N3_04,FULL,IMOEXF,historical_true_oos,2025,2,3.293111457,3.293111457,5,AVAILABLE,FULL_QUARTER,POSITIVE
CANONICAL__N3_04,FULL,CNYRUBF,historical_true_oos,2025,3,11.77216822,11.77216822,7,AVAILABLE,FULL_QUARTER,POSITIVE
CANONICAL__N3_04,FULL,GLDRUBF,historical_true_oos,2025,3,12.84218546,12.84218546,7,AVAILABLE,FULL_QUARTER,POSITIVE
CANONICAL__N3_04,FULL,IMOEXF,historical_true_oos,2025,3,-0.02228280491,-0.02228280491,12,AVAILABLE,FULL_QUARTER,NEGATIVE
CANONICAL__N3_04,FULL,CNYRUBF,historical_true_oos,2025,4,-1.819337048,-1.819337048,13,AVAILABLE,FULL_QUARTER,NEGATIVE
CANONICAL__N3_04,FULL,GLDRUBF,historical_true_oos,2025,4,2.808344618,2.808344618,10,AVAILABLE,FULL_QUARTER,POSITIVE
CANONICAL__N3_04,FULL,IMOEXF,historical_true_oos,2025,4,1.53089969,1.53089969,9,AVAILABLE,FULL_QUARTER,POSITIVE
CANONICAL__N3_04,FULL,CNYRUBF,historical_true_oos,2026,1,4.172041837,4.172041837,8,AVAILABLE,FULL_QUARTER,POSITIVE
CANONICAL__N3_04,FULL,GLDRUBF,historical_true_oos,2026,1,6.048086573,6.048086573,8,AVAILABLE,FULL_QUARTER,POSITIVE
CANONICAL__N3_04,FULL,IMOEXF,historical_true_oos,2026,1,1.207695616,1.207695616,7,AVAILABLE,FULL_QUARTER,POSITIVE
CANONICAL__N3_04,FULL,CNYRUBF,historical_true_oos,2026,2,5.018422592,5.018422592,7,AVAILABLE,FULL_QUARTER,POSITIVE
CANONICAL__N3_04,FULL,GLDRUBF,historical_true_oos,2026,2,3.392699205,3.392699205,6,AVAILABLE,FULL_QUARTER,POSITIVE
CANONICAL__N3_04,FULL,IMOEXF,historical_true_oos,2026,2,0.7577473287,0.7577473287,13,AVAILABLE,FULL_QUARTER,POSITIVE
CANONICAL__N3_04,FULL,CNYRUBF,historical_true_oos,2026,3,3.560382305,3.560382305,9,AVAILABLE,PARTIAL_QUARTER,POSITIVE
CANONICAL__N3_04,FULL,GLDRUBF,historical_true_oos,2026,3,11.38197012,11.38197012,7,AVAILABLE,PARTIAL_QUARTER,POSITIVE
CANONICAL__N3_04,FULL,IMOEXF,historical_true_oos,2026,3,-2.467484663,-2.467484663,10,AVAILABLE,PARTIAL_QUARTER,NEGATIVE
CANONICAL__N4_01,NORMALIZED,USDRUBF,baseline,2023,1,-2.898422489,-0.7246056222,4,AVAILABLE,PARTIAL_QUARTER,NEGATIVE
CANONICAL__N4_01,NORMALIZED,CNYRUBF,baseline,2023,1,-1.020555271,-0.2551388177,3,AVAILABLE,PARTIAL_QUARTER,NEGATIVE
CANONICAL__N4_01,NORMALIZED,GLDRUBF,baseline,2023,1,0,0,0,NOT_AVAILABLE,NOT_AVAILABLE,ZERO
CANONICAL__N4_01,NORMALIZED,IMOEXF,baseline,2023,1,0,0,0,NOT_AVAILABLE,NOT_AVAILABLE,ZERO
CANONICAL__N4_01,NORMALIZED,USDRUBF,baseline,2023,2,8.689564697,2.172391174,11,AVAILABLE,FULL_QUARTER,POSITIVE
CANONICAL__N4_01,NORMALIZED,CNYRUBF,baseline,2023,2,7.795515913,1.948878978,8,AVAILABLE,FULL_QUARTER,POSITIVE
CANONICAL__N4_01,NORMALIZED,GLDRUBF,baseline,2023,2,0,0,0,NOT_AVAILABLE,NOT_AVAILABLE,ZERO
CANONICAL__N4_01,NORMALIZED,IMOEXF,baseline,2023,2,0,0,0,NOT_AVAILABLE,NOT_AVAILABLE,ZERO
CANONICAL__N4_01,NORMALIZED,USDRUBF,baseline,2023,3,5.167328514,1.291832129,8,AVAILABLE,FULL_QUARTER,POSITIVE
CANONICAL__N4_01,NORMALIZED,CNYRUBF,baseline,2023,3,-2.049622456,-0.512405614,7,AVAILABLE,FULL_QUARTER,NEGATIVE
CANONICAL__N4_01,NORMALIZED,GLDRUBF,baseline,2023,3,-0.435766705,-0.1089416763,1,AVAILABLE,PARTIAL_QUARTER,NEGATIVE
CANONICAL__N4_01,NORMALIZED,IMOEXF,baseline,2023,3,0,0,0,NOT_AVAILABLE,NOT_AVAILABLE,ZERO
CANONICAL__N4_01,NORMALIZED,USDRUBF,baseline,2023,4,2.190151496,0.547537874,8,AVAILABLE,FULL_QUARTER,POSITIVE
CANONICAL__N4_01,NORMALIZED,CNYRUBF,baseline,2023,4,-3.791262962,-0.9478157406,6,AVAILABLE,FULL_QUARTER,NEGATIVE
CANONICAL__N4_01,NORMALIZED,GLDRUBF,baseline,2023,4,0.05167355955,0.01291838989,5,AVAILABLE,FULL_QUARTER,POSITIVE
CANONICAL__N4_01,NORMALIZED,IMOEXF,baseline,2023,4,0,0,0,NOT_AVAILABLE,PARTIAL_QUARTER,ZERO
CANONICAL__N4_01,NORMALIZED,USDRUBF,baseline,2024,1,-0.4829589909,-0.1207397477,4,AVAILABLE,FULL_QUARTER,NEGATIVE
CANONICAL__N4_01,NORMALIZED,CNYRUBF,baseline,2024,1,2.817209547,0.7043023868,3,AVAILABLE,FULL_QUARTER,POSITIVE
CANONICAL__N4_01,NORMALIZED,GLDRUBF,baseline,2024,1,0.8259324747,0.2064831187,11,AVAILABLE,FULL_QUARTER,POSITIVE
CANONICAL__N4_01,NORMALIZED,IMOEXF,baseline,2024,1,2.393163239,0.5982908097,8,AVAILABLE,FULL_QUARTER,POSITIVE
CANONICAL__N4_01,NORMALIZED,USDRUBF,baseline,2024,2,2.955597233,0.7388993083,12,AVAILABLE,FULL_QUARTER,POSITIVE
CANONICAL__N4_01,NORMALIZED,CNYRUBF,baseline,2024,2,14.94403683,3.736009207,11,AVAILABLE,FULL_QUARTER,POSITIVE
CANONICAL__N4_01,NORMALIZED,GLDRUBF,baseline,2024,2,3.135010105,0.7837525263,9,AVAILABLE,FULL_QUARTER,POSITIVE
CANONICAL__N4_01,NORMALIZED,IMOEXF,baseline,2024,2,5.115292585,1.278823146,6,AVAILABLE,FULL_QUARTER,POSITIVE
CANONICAL__N4_01,NORMALIZED,USDRUBF,baseline,2024,3,1.0249468,0.2562367,9,AVAILABLE,FULL_QUARTER,POSITIVE
CANONICAL__N4_01,NORMALIZED,CNYRUBF,baseline,2024,3,0.6441510469,0.1610377617,6,AVAILABLE,FULL_QUARTER,POSITIVE
CANONICAL__N4_01,NORMALIZED,GLDRUBF,baseline,2024,3,-1.170662863,-0.2926657158,7,AVAILABLE,FULL_QUARTER,NEGATIVE
CANONICAL__N4_01,NORMALIZED,IMOEXF,baseline,2024,3,7.623380195,1.905845049,7,AVAILABLE,FULL_QUARTER,POSITIVE
CANONICAL__N4_01,NORMALIZED,USDRUBF,baseline,2024,4,5.763429915,1.440857479,7,AVAILABLE,PARTIAL_QUARTER,POSITIVE
CANONICAL__N4_01,NORMALIZED,CNYRUBF,baseline,2024,4,3.442996412,0.8607491029,7,AVAILABLE,PARTIAL_QUARTER,POSITIVE
CANONICAL__N4_01,NORMALIZED,GLDRUBF,baseline,2024,4,8.036434985,2.009108746,8,AVAILABLE,PARTIAL_QUARTER,POSITIVE
CANONICAL__N4_01,NORMALIZED,IMOEXF,baseline,2024,4,2.943055533,0.7357638833,5,AVAILABLE,PARTIAL_QUARTER,POSITIVE
CANONICAL__N4_01,NORMALIZED,USDRUBF,walk_forward,2024,1,0.3132754899,0.07831887247,2,AVAILABLE,FULL_QUARTER,POSITIVE
CANONICAL__N4_01,NORMALIZED,CNYRUBF,walk_forward,2024,1,-0.7748154007,-0.1937038502,1,AVAILABLE,FULL_QUARTER,NEGATIVE
CANONICAL__N4_01,NORMALIZED,GLDRUBF,walk_forward,2024,1,3.318808571,0.8297021428,7,AVAILABLE,FULL_QUARTER,POSITIVE
CANONICAL__N4_01,NORMALIZED,IMOEXF,walk_forward,2024,1,-2.256842313,-0.5642105783,3,AVAILABLE,FULL_QUARTER,NEGATIVE
CANONICAL__N4_01,NORMALIZED,USDRUBF,walk_forward,2024,2,4.621795889,1.155448972,5,AVAILABLE,FULL_QUARTER,POSITIVE
CANONICAL__N4_01,NORMALIZED,CNYRUBF,walk_forward,2024,2,14.34374878,3.585937195,5,AVAILABLE,FULL_QUARTER,POSITIVE
CANONICAL__N4_01,NORMALIZED,GLDRUBF,walk_forward,2024,2,-1.168432653,-0.2921081632,5,AVAILABLE,FULL_QUARTER,NEGATIVE
CANONICAL__N4_01,NORMALIZED,IMOEXF,walk_forward,2024,2,5.244296171,1.311074043,5,AVAILABLE,FULL_QUARTER,POSITIVE
CANONICAL__N4_01,NORMALIZED,USDRUBF,walk_forward,2024,3,1.803338198,0.4508345494,4,AVAILABLE,FULL_QUARTER,POSITIVE
CANONICAL__N4_01,NORMALIZED,CNYRUBF,walk_forward,2024,3,0.9080037172,0.2270009293,5,AVAILABLE,FULL_QUARTER,POSITIVE
CANONICAL__N4_01,NORMALIZED,GLDRUBF,walk_forward,2024,3,-1.800814282,-0.4502035704,6,AVAILABLE,FULL_QUARTER,NEGATIVE
CANONICAL__N4_01,NORMALIZED,IMOEXF,walk_forward,2024,3,3.827226242,0.9568065605,3,AVAILABLE,FULL_QUARTER,POSITIVE
CANONICAL__N4_01,NORMALIZED,USDRUBF,walk_forward,2024,4,5.348060663,1.337015166,3,AVAILABLE,PARTIAL_QUARTER,POSITIVE
CANONICAL__N4_01,NORMALIZED,CNYRUBF,walk_forward,2024,4,3.589777842,0.8974444605,5,AVAILABLE,PARTIAL_QUARTER,POSITIVE
CANONICAL__N4_01,NORMALIZED,GLDRUBF,walk_forward,2024,4,-0.1248474894,-0.03121187236,4,AVAILABLE,PARTIAL_QUARTER,NEGATIVE
CANONICAL__N4_01,NORMALIZED,IMOEXF,walk_forward,2024,4,1.53728685,0.3843217126,3,AVAILABLE,PARTIAL_QUARTER,POSITIVE
CANONICAL__N4_01,NORMALIZED,USDRUBF,historical_true_oos,2025,1,0.669094079,0.1672735197,3,AVAILABLE,PARTIAL_QUARTER,POSITIVE
CANONICAL__N4_01,NORMALIZED,CNYRUBF,historical_true_oos,2025,1,2.961964957,0.7404912393,3,AVAILABLE,PARTIAL_QUARTER,POSITIVE
CANONICAL__N4_01,NORMALIZED,GLDRUBF,historical_true_oos,2025,1,-0.4165586989,-0.1041396747,1,AVAILABLE,PARTIAL_QUARTER,NEGATIVE
CANONICAL__N4_01,NORMALIZED,IMOEXF,historical_true_oos,2025,1,-0.9765813621,-0.2441453405,2,AVAILABLE,PARTIAL_QUARTER,NEGATIVE
CANONICAL__N4_01,NORMALIZED,USDRUBF,historical_true_oos,2025,2,-2.294309312,-0.573577328,4,AVAILABLE,FULL_QUARTER,NEGATIVE
CANONICAL__N4_01,NORMALIZED,CNYRUBF,historical_true_oos,2025,2,-2.900060519,-0.7250151299,4,AVAILABLE,FULL_QUARTER,NEGATIVE
CANONICAL__N4_01,NORMALIZED,GLDRUBF,historical_true_oos,2025,2,0.1437226232,0.0359306558,2,AVAILABLE,FULL_QUARTER,POSITIVE
CANONICAL__N4_01,NORMALIZED,IMOEXF,historical_true_oos,2025,2,3.293111457,0.8232778642,5,AVAILABLE,FULL_QUARTER,POSITIVE
CANONICAL__N4_01,NORMALIZED,USDRUBF,historical_true_oos,2025,3,10.28120835,2.570302088,6,AVAILABLE,FULL_QUARTER,POSITIVE
CANONICAL__N4_01,NORMALIZED,CNYRUBF,historical_true_oos,2025,3,11.77216822,2.943042056,7,AVAILABLE,FULL_QUARTER,POSITIVE
CANONICAL__N4_01,NORMALIZED,GLDRUBF,historical_true_oos,2025,3,12.84218546,3.210546364,7,AVAILABLE,FULL_QUARTER,POSITIVE
CANONICAL__N4_01,NORMALIZED,IMOEXF,historical_true_oos,2025,3,-0.02228280491,-0.005570701228,12,AVAILABLE,FULL_QUARTER,NEGATIVE
CANONICAL__N4_01,NORMALIZED,USDRUBF,historical_true_oos,2025,4,-1.526128899,-0.3815322246,12,AVAILABLE,FULL_QUARTER,NEGATIVE
CANONICAL__N4_01,NORMALIZED,CNYRUBF,historical_true_oos,2025,4,-1.819337048,-0.454834262,13,AVAILABLE,FULL_QUARTER,NEGATIVE
CANONICAL__N4_01,NORMALIZED,GLDRUBF,historical_true_oos,2025,4,2.808344618,0.7020861544,10,AVAILABLE,FULL_QUARTER,POSITIVE
CANONICAL__N4_01,NORMALIZED,IMOEXF,historical_true_oos,2025,4,1.53089969,0.3827249224,9,AVAILABLE,FULL_QUARTER,POSITIVE
CANONICAL__N4_01,NORMALIZED,USDRUBF,historical_true_oos,2026,1,6.800303784,1.700075946,7,AVAILABLE,FULL_QUARTER,POSITIVE
CANONICAL__N4_01,NORMALIZED,CNYRUBF,historical_true_oos,2026,1,4.172041837,1.043010459,8,AVAILABLE,FULL_QUARTER,POSITIVE
CANONICAL__N4_01,NORMALIZED,GLDRUBF,historical_true_oos,2026,1,6.048086573,1.512021643,8,AVAILABLE,FULL_QUARTER,POSITIVE
CANONICAL__N4_01,NORMALIZED,IMOEXF,historical_true_oos,2026,1,1.207695616,0.3019239039,7,AVAILABLE,FULL_QUARTER,POSITIVE
CANONICAL__N4_01,NORMALIZED,USDRUBF,historical_true_oos,2026,2,3.481275769,0.8703189422,8,AVAILABLE,FULL_QUARTER,POSITIVE
CANONICAL__N4_01,NORMALIZED,CNYRUBF,historical_true_oos,2026,2,5.018422592,1.254605648,7,AVAILABLE,FULL_QUARTER,POSITIVE
CANONICAL__N4_01,NORMALIZED,GLDRUBF,historical_true_oos,2026,2,3.392699205,0.8481748012,6,AVAILABLE,FULL_QUARTER,POSITIVE
CANONICAL__N4_01,NORMALIZED,IMOEXF,historical_true_oos,2026,2,0.7577473287,0.1894368322,13,AVAILABLE,FULL_QUARTER,POSITIVE
CANONICAL__N4_01,NORMALIZED,USDRUBF,historical_true_oos,2026,3,6.03583997,1.508959993,9,AVAILABLE,PARTIAL_QUARTER,POSITIVE
CANONICAL__N4_01,NORMALIZED,CNYRUBF,historical_true_oos,2026,3,3.560382305,0.8900955763,9,AVAILABLE,PARTIAL_QUARTER,POSITIVE
CANONICAL__N4_01,NORMALIZED,GLDRUBF,historical_true_oos,2026,3,11.38197012,2.84549253,7,AVAILABLE,PARTIAL_QUARTER,POSITIVE
CANONICAL__N4_01,NORMALIZED,IMOEXF,historical_true_oos,2026,3,-2.467484663,-0.6168711656,10,AVAILABLE,PARTIAL_QUARTER,NEGATIVE
CANONICAL__N4_01,FULL,USDRUBF,baseline,2023,1,-2.898422489,-2.898422489,4,AVAILABLE,PARTIAL_QUARTER,NEGATIVE
CANONICAL__N4_01,FULL,CNYRUBF,baseline,2023,1,-1.020555271,-1.020555271,3,AVAILABLE,PARTIAL_QUARTER,NEGATIVE
CANONICAL__N4_01,FULL,GLDRUBF,baseline,2023,1,0,0,0,NOT_AVAILABLE,NOT_AVAILABLE,ZERO
CANONICAL__N4_01,FULL,IMOEXF,baseline,2023,1,0,0,0,NOT_AVAILABLE,NOT_AVAILABLE,ZERO
CANONICAL__N4_01,FULL,USDRUBF,baseline,2023,2,8.689564697,8.689564697,11,AVAILABLE,FULL_QUARTER,POSITIVE
CANONICAL__N4_01,FULL,CNYRUBF,baseline,2023,2,7.795515913,7.795515913,8,AVAILABLE,FULL_QUARTER,POSITIVE
CANONICAL__N4_01,FULL,GLDRUBF,baseline,2023,2,0,0,0,NOT_AVAILABLE,NOT_AVAILABLE,ZERO
CANONICAL__N4_01,FULL,IMOEXF,baseline,2023,2,0,0,0,NOT_AVAILABLE,NOT_AVAILABLE,ZERO
CANONICAL__N4_01,FULL,USDRUBF,baseline,2023,3,5.167328514,5.167328514,8,AVAILABLE,FULL_QUARTER,POSITIVE
CANONICAL__N4_01,FULL,CNYRUBF,baseline,2023,3,-2.049622456,-2.049622456,7,AVAILABLE,FULL_QUARTER,NEGATIVE
CANONICAL__N4_01,FULL,GLDRUBF,baseline,2023,3,-0.435766705,-0.435766705,1,AVAILABLE,PARTIAL_QUARTER,NEGATIVE
CANONICAL__N4_01,FULL,IMOEXF,baseline,2023,3,0,0,0,NOT_AVAILABLE,NOT_AVAILABLE,ZERO
CANONICAL__N4_01,FULL,USDRUBF,baseline,2023,4,2.190151496,2.190151496,8,AVAILABLE,FULL_QUARTER,POSITIVE
CANONICAL__N4_01,FULL,CNYRUBF,baseline,2023,4,-3.791262962,-3.791262962,6,AVAILABLE,FULL_QUARTER,NEGATIVE
CANONICAL__N4_01,FULL,GLDRUBF,baseline,2023,4,0.05167355955,0.05167355955,5,AVAILABLE,FULL_QUARTER,POSITIVE
CANONICAL__N4_01,FULL,IMOEXF,baseline,2023,4,0,0,0,NOT_AVAILABLE,PARTIAL_QUARTER,ZERO
CANONICAL__N4_01,FULL,USDRUBF,baseline,2024,1,-0.4829589909,-0.4829589909,4,AVAILABLE,FULL_QUARTER,NEGATIVE
CANONICAL__N4_01,FULL,CNYRUBF,baseline,2024,1,2.817209547,2.817209547,3,AVAILABLE,FULL_QUARTER,POSITIVE
CANONICAL__N4_01,FULL,GLDRUBF,baseline,2024,1,0.8259324747,0.8259324747,11,AVAILABLE,FULL_QUARTER,POSITIVE
CANONICAL__N4_01,FULL,IMOEXF,baseline,2024,1,2.393163239,2.393163239,8,AVAILABLE,FULL_QUARTER,POSITIVE
CANONICAL__N4_01,FULL,USDRUBF,baseline,2024,2,2.955597233,2.955597233,12,AVAILABLE,FULL_QUARTER,POSITIVE
CANONICAL__N4_01,FULL,CNYRUBF,baseline,2024,2,14.94403683,14.94403683,11,AVAILABLE,FULL_QUARTER,POSITIVE
CANONICAL__N4_01,FULL,GLDRUBF,baseline,2024,2,3.135010105,3.135010105,9,AVAILABLE,FULL_QUARTER,POSITIVE
CANONICAL__N4_01,FULL,IMOEXF,baseline,2024,2,5.115292585,5.115292585,6,AVAILABLE,FULL_QUARTER,POSITIVE
CANONICAL__N4_01,FULL,USDRUBF,baseline,2024,3,1.0249468,1.0249468,9,AVAILABLE,FULL_QUARTER,POSITIVE
CANONICAL__N4_01,FULL,CNYRUBF,baseline,2024,3,0.6441510469,0.6441510469,6,AVAILABLE,FULL_QUARTER,POSITIVE
CANONICAL__N4_01,FULL,GLDRUBF,baseline,2024,3,-1.170662863,-1.170662863,7,AVAILABLE,FULL_QUARTER,NEGATIVE
CANONICAL__N4_01,FULL,IMOEXF,baseline,2024,3,7.623380195,7.623380195,7,AVAILABLE,FULL_QUARTER,POSITIVE
CANONICAL__N4_01,FULL,USDRUBF,baseline,2024,4,5.763429915,5.763429915,7,AVAILABLE,PARTIAL_QUARTER,POSITIVE
CANONICAL__N4_01,FULL,CNYRUBF,baseline,2024,4,3.442996412,3.442996412,7,AVAILABLE,PARTIAL_QUARTER,POSITIVE
CANONICAL__N4_01,FULL,GLDRUBF,baseline,2024,4,8.036434985,8.036434985,8,AVAILABLE,PARTIAL_QUARTER,POSITIVE
CANONICAL__N4_01,FULL,IMOEXF,baseline,2024,4,2.943055533,2.943055533,5,AVAILABLE,PARTIAL_QUARTER,POSITIVE
CANONICAL__N4_01,FULL,USDRUBF,walk_forward,2024,1,0.3132754899,0.3132754899,2,AVAILABLE,FULL_QUARTER,POSITIVE
CANONICAL__N4_01,FULL,CNYRUBF,walk_forward,2024,1,-0.7748154007,-0.7748154007,1,AVAILABLE,FULL_QUARTER,NEGATIVE
CANONICAL__N4_01,FULL,GLDRUBF,walk_forward,2024,1,3.318808571,3.318808571,7,AVAILABLE,FULL_QUARTER,POSITIVE
CANONICAL__N4_01,FULL,IMOEXF,walk_forward,2024,1,-2.256842313,-2.256842313,3,AVAILABLE,FULL_QUARTER,NEGATIVE
CANONICAL__N4_01,FULL,USDRUBF,walk_forward,2024,2,4.621795889,4.621795889,5,AVAILABLE,FULL_QUARTER,POSITIVE
CANONICAL__N4_01,FULL,CNYRUBF,walk_forward,2024,2,14.34374878,14.34374878,5,AVAILABLE,FULL_QUARTER,POSITIVE
CANONICAL__N4_01,FULL,GLDRUBF,walk_forward,2024,2,-1.168432653,-1.168432653,5,AVAILABLE,FULL_QUARTER,NEGATIVE
CANONICAL__N4_01,FULL,IMOEXF,walk_forward,2024,2,5.244296171,5.244296171,5,AVAILABLE,FULL_QUARTER,POSITIVE
CANONICAL__N4_01,FULL,USDRUBF,walk_forward,2024,3,1.803338198,1.803338198,4,AVAILABLE,FULL_QUARTER,POSITIVE
CANONICAL__N4_01,FULL,CNYRUBF,walk_forward,2024,3,0.9080037172,0.9080037172,5,AVAILABLE,FULL_QUARTER,POSITIVE
CANONICAL__N4_01,FULL,GLDRUBF,walk_forward,2024,3,-1.800814282,-1.800814282,6,AVAILABLE,FULL_QUARTER,NEGATIVE
CANONICAL__N4_01,FULL,IMOEXF,walk_forward,2024,3,3.827226242,3.827226242,3,AVAILABLE,FULL_QUARTER,POSITIVE
CANONICAL__N4_01,FULL,USDRUBF,walk_forward,2024,4,5.348060663,5.348060663,3,AVAILABLE,PARTIAL_QUARTER,POSITIVE
CANONICAL__N4_01,FULL,CNYRUBF,walk_forward,2024,4,3.589777842,3.589777842,5,AVAILABLE,PARTIAL_QUARTER,POSITIVE
CANONICAL__N4_01,FULL,GLDRUBF,walk_forward,2024,4,-0.1248474894,-0.1248474894,4,AVAILABLE,PARTIAL_QUARTER,NEGATIVE
CANONICAL__N4_01,FULL,IMOEXF,walk_forward,2024,4,1.53728685,1.53728685,3,AVAILABLE,PARTIAL_QUARTER,POSITIVE
CANONICAL__N4_01,FULL,USDRUBF,historical_true_oos,2025,1,0.669094079,0.669094079,3,AVAILABLE,PARTIAL_QUARTER,POSITIVE
CANONICAL__N4_01,FULL,CNYRUBF,historical_true_oos,2025,1,2.961964957,2.961964957,3,AVAILABLE,PARTIAL_QUARTER,POSITIVE
CANONICAL__N4_01,FULL,GLDRUBF,historical_true_oos,2025,1,-0.4165586989,-0.4165586989,1,AVAILABLE,PARTIAL_QUARTER,NEGATIVE
CANONICAL__N4_01,FULL,IMOEXF,historical_true_oos,2025,1,-0.9765813621,-0.9765813621,2,AVAILABLE,PARTIAL_QUARTER,NEGATIVE
CANONICAL__N4_01,FULL,USDRUBF,historical_true_oos,2025,2,-2.294309312,-2.294309312,4,AVAILABLE,FULL_QUARTER,NEGATIVE
CANONICAL__N4_01,FULL,CNYRUBF,historical_true_oos,2025,2,-2.900060519,-2.900060519,4,AVAILABLE,FULL_QUARTER,NEGATIVE
CANONICAL__N4_01,FULL,GLDRUBF,historical_true_oos,2025,2,0.1437226232,0.1437226232,2,AVAILABLE,FULL_QUARTER,POSITIVE
CANONICAL__N4_01,FULL,IMOEXF,historical_true_oos,2025,2,3.293111457,3.293111457,5,AVAILABLE,FULL_QUARTER,POSITIVE
CANONICAL__N4_01,FULL,USDRUBF,historical_true_oos,2025,3,10.28120835,10.28120835,6,AVAILABLE,FULL_QUARTER,POSITIVE
CANONICAL__N4_01,FULL,CNYRUBF,historical_true_oos,2025,3,11.77216822,11.77216822,7,AVAILABLE,FULL_QUARTER,POSITIVE
CANONICAL__N4_01,FULL,GLDRUBF,historical_true_oos,2025,3,12.84218546,12.84218546,7,AVAILABLE,FULL_QUARTER,POSITIVE
CANONICAL__N4_01,FULL,IMOEXF,historical_true_oos,2025,3,-0.02228280491,-0.02228280491,12,AVAILABLE,FULL_QUARTER,NEGATIVE
CANONICAL__N4_01,FULL,USDRUBF,historical_true_oos,2025,4,-1.526128899,-1.526128899,12,AVAILABLE,FULL_QUARTER,NEGATIVE
CANONICAL__N4_01,FULL,CNYRUBF,historical_true_oos,2025,4,-1.819337048,-1.819337048,13,AVAILABLE,FULL_QUARTER,NEGATIVE
CANONICAL__N4_01,FULL,GLDRUBF,historical_true_oos,2025,4,2.808344618,2.808344618,10,AVAILABLE,FULL_QUARTER,POSITIVE
CANONICAL__N4_01,FULL,IMOEXF,historical_true_oos,2025,4,1.53089969,1.53089969,9,AVAILABLE,FULL_QUARTER,POSITIVE
CANONICAL__N4_01,FULL,USDRUBF,historical_true_oos,2026,1,6.800303784,6.800303784,7,AVAILABLE,FULL_QUARTER,POSITIVE
CANONICAL__N4_01,FULL,CNYRUBF,historical_true_oos,2026,1,4.172041837,4.172041837,8,AVAILABLE,FULL_QUARTER,POSITIVE
CANONICAL__N4_01,FULL,GLDRUBF,historical_true_oos,2026,1,6.048086573,6.048086573,8,AVAILABLE,FULL_QUARTER,POSITIVE
CANONICAL__N4_01,FULL,IMOEXF,historical_true_oos,2026,1,1.207695616,1.207695616,7,AVAILABLE,FULL_QUARTER,POSITIVE
CANONICAL__N4_01,FULL,USDRUBF,historical_true_oos,2026,2,3.481275769,3.481275769,8,AVAILABLE,FULL_QUARTER,POSITIVE
CANONICAL__N4_01,FULL,CNYRUBF,historical_true_oos,2026,2,5.018422592,5.018422592,7,AVAILABLE,FULL_QUARTER,POSITIVE
CANONICAL__N4_01,FULL,GLDRUBF,historical_true_oos,2026,2,3.392699205,3.392699205,6,AVAILABLE,FULL_QUARTER,POSITIVE
CANONICAL__N4_01,FULL,IMOEXF,historical_true_oos,2026,2,0.7577473287,0.7577473287,13,AVAILABLE,FULL_QUARTER,POSITIVE
CANONICAL__N4_01,FULL,USDRUBF,historical_true_oos,2026,3,6.03583997,6.03583997,9,AVAILABLE,PARTIAL_QUARTER,POSITIVE
CANONICAL__N4_01,FULL,CNYRUBF,historical_true_oos,2026,3,3.560382305,3.560382305,9,AVAILABLE,PARTIAL_QUARTER,POSITIVE
CANONICAL__N4_01,FULL,GLDRUBF,historical_true_oos,2026,3,11.38197012,11.38197012,7,AVAILABLE,PARTIAL_QUARTER,POSITIVE
CANONICAL__N4_01,FULL,IMOEXF,historical_true_oos,2026,3,-2.467484663,-2.467484663,10,AVAILABLE,PARTIAL_QUARTER,NEGATIVE
TRAIL1__N2_01,NORMALIZED,USDRUBF,baseline,2023,1,-1.276603239,-0.6383016193,3,AVAILABLE,PARTIAL_QUARTER,NEGATIVE
TRAIL1__N2_01,NORMALIZED,CNYRUBF,baseline,2023,1,-0.09043052072,-0.04521526036,3,AVAILABLE,PARTIAL_QUARTER,NEGATIVE
TRAIL1__N2_01,NORMALIZED,USDRUBF,baseline,2023,2,9.715767168,4.857883584,10,AVAILABLE,FULL_QUARTER,POSITIVE
TRAIL1__N2_01,NORMALIZED,CNYRUBF,baseline,2023,2,6.430907363,3.215453681,8,AVAILABLE,FULL_QUARTER,POSITIVE
TRAIL1__N2_01,NORMALIZED,USDRUBF,baseline,2023,3,5.165398648,2.582699324,7,AVAILABLE,FULL_QUARTER,POSITIVE
TRAIL1__N2_01,NORMALIZED,CNYRUBF,baseline,2023,3,-2.848196864,-1.424098432,7,AVAILABLE,FULL_QUARTER,NEGATIVE
TRAIL1__N2_01,NORMALIZED,USDRUBF,baseline,2023,4,1.773509864,0.8867549321,8,AVAILABLE,FULL_QUARTER,POSITIVE
TRAIL1__N2_01,NORMALIZED,CNYRUBF,baseline,2023,4,-4.38043365,-2.190216825,5,AVAILABLE,FULL_QUARTER,NEGATIVE
TRAIL1__N2_01,NORMALIZED,USDRUBF,baseline,2024,1,-1.056238054,-0.5281190271,4,AVAILABLE,FULL_QUARTER,NEGATIVE
TRAIL1__N2_01,NORMALIZED,CNYRUBF,baseline,2024,1,1.287121858,0.6435609291,4,AVAILABLE,FULL_QUARTER,POSITIVE
TRAIL1__N2_01,NORMALIZED,USDRUBF,baseline,2024,2,3.611043051,1.805521526,11,AVAILABLE,FULL_QUARTER,POSITIVE
TRAIL1__N2_01,NORMALIZED,CNYRUBF,baseline,2024,2,14.89177165,7.445885824,10,AVAILABLE,FULL_QUARTER,POSITIVE
TRAIL1__N2_01,NORMALIZED,USDRUBF,baseline,2024,3,3.108006987,1.554003493,8,AVAILABLE,FULL_QUARTER,POSITIVE
TRAIL1__N2_01,NORMALIZED,CNYRUBF,baseline,2024,3,0.7712428975,0.3856214487,6,AVAILABLE,FULL_QUARTER,POSITIVE
TRAIL1__N2_01,NORMALIZED,USDRUBF,baseline,2024,4,5.45926204,2.72963102,7,AVAILABLE,PARTIAL_QUARTER,POSITIVE
TRAIL1__N2_01,NORMALIZED,CNYRUBF,baseline,2024,4,6.031485647,3.015742824,5,AVAILABLE,PARTIAL_QUARTER,POSITIVE
TRAIL1__N2_01,NORMALIZED,USDRUBF,walk_forward,2024,1,0.1296426511,0.06482132554,2,AVAILABLE,FULL_QUARTER,POSITIVE
TRAIL1__N2_01,NORMALIZED,CNYRUBF,walk_forward,2024,1,-1.03556481,-0.517782405,1,AVAILABLE,FULL_QUARTER,NEGATIVE
TRAIL1__N2_01,NORMALIZED,USDRUBF,walk_forward,2024,2,5.220879575,2.610439787,5,AVAILABLE,FULL_QUARTER,POSITIVE
TRAIL1__N2_01,NORMALIZED,CNYRUBF,walk_forward,2024,2,14.67662076,7.338310379,4,AVAILABLE,FULL_QUARTER,POSITIVE
TRAIL1__N2_01,NORMALIZED,USDRUBF,walk_forward,2024,3,3.158382394,1.579191197,4,AVAILABLE,FULL_QUARTER,POSITIVE
TRAIL1__N2_01,NORMALIZED,CNYRUBF,walk_forward,2024,3,1.802916605,0.9014583027,5,AVAILABLE,FULL_QUARTER,POSITIVE
TRAIL1__N2_01,NORMALIZED,USDRUBF,walk_forward,2024,4,5.348060663,2.674030332,3,AVAILABLE,PARTIAL_QUARTER,POSITIVE
TRAIL1__N2_01,NORMALIZED,CNYRUBF,walk_forward,2024,4,5.241738636,2.620869318,4,AVAILABLE,PARTIAL_QUARTER,POSITIVE
TRAIL1__N2_01,NORMALIZED,USDRUBF,historical_true_oos,2025,1,1.87092439,0.9354621951,2,AVAILABLE,PARTIAL_QUARTER,POSITIVE
TRAIL1__N2_01,NORMALIZED,CNYRUBF,historical_true_oos,2025,1,2.961964957,1.480982479,3,AVAILABLE,PARTIAL_QUARTER,POSITIVE
TRAIL1__N2_01,NORMALIZED,USDRUBF,historical_true_oos,2025,2,-1.726557362,-0.8632786808,3,AVAILABLE,FULL_QUARTER,NEGATIVE
TRAIL1__N2_01,NORMALIZED,CNYRUBF,historical_true_oos,2025,2,-1.233046201,-0.6165231003,4,AVAILABLE,FULL_QUARTER,NEGATIVE
TRAIL1__N2_01,NORMALIZED,USDRUBF,historical_true_oos,2025,3,10.12408332,5.06204166,6,AVAILABLE,FULL_QUARTER,POSITIVE
TRAIL1__N2_01,NORMALIZED,CNYRUBF,historical_true_oos,2025,3,9.474114649,4.737057325,7,AVAILABLE,FULL_QUARTER,POSITIVE
TRAIL1__N2_01,NORMALIZED,USDRUBF,historical_true_oos,2025,4,-0.8094742122,-0.4047371061,10,AVAILABLE,FULL_QUARTER,NEGATIVE
TRAIL1__N2_01,NORMALIZED,CNYRUBF,historical_true_oos,2025,4,-0.08884297225,-0.04442148612,12,AVAILABLE,FULL_QUARTER,NEGATIVE
TRAIL1__N2_01,NORMALIZED,USDRUBF,historical_true_oos,2026,1,4.85002482,2.42501241,7,AVAILABLE,FULL_QUARTER,POSITIVE
TRAIL1__N2_01,NORMALIZED,CNYRUBF,historical_true_oos,2026,1,3.391308616,1.695654308,8,AVAILABLE,FULL_QUARTER,POSITIVE
TRAIL1__N2_01,NORMALIZED,USDRUBF,historical_true_oos,2026,2,4.205357324,2.102678662,7,AVAILABLE,FULL_QUARTER,POSITIVE
TRAIL1__N2_01,NORMALIZED,CNYRUBF,historical_true_oos,2026,2,3.612342715,1.806171357,7,AVAILABLE,FULL_QUARTER,POSITIVE
TRAIL1__N2_01,NORMALIZED,USDRUBF,historical_true_oos,2026,3,4.322808563,2.161404281,9,AVAILABLE,PARTIAL_QUARTER,POSITIVE
TRAIL1__N2_01,NORMALIZED,CNYRUBF,historical_true_oos,2026,3,2.034861524,1.017430762,9,AVAILABLE,PARTIAL_QUARTER,POSITIVE
TRAIL1__N2_01,FULL,USDRUBF,baseline,2023,1,-1.276603239,-1.276603239,3,AVAILABLE,PARTIAL_QUARTER,NEGATIVE
TRAIL1__N2_01,FULL,CNYRUBF,baseline,2023,1,-0.09043052072,-0.09043052072,3,AVAILABLE,PARTIAL_QUARTER,NEGATIVE
TRAIL1__N2_01,FULL,USDRUBF,baseline,2023,2,9.715767168,9.715767168,10,AVAILABLE,FULL_QUARTER,POSITIVE
TRAIL1__N2_01,FULL,CNYRUBF,baseline,2023,2,6.430907363,6.430907363,8,AVAILABLE,FULL_QUARTER,POSITIVE
TRAIL1__N2_01,FULL,USDRUBF,baseline,2023,3,5.165398648,5.165398648,7,AVAILABLE,FULL_QUARTER,POSITIVE
TRAIL1__N2_01,FULL,CNYRUBF,baseline,2023,3,-2.848196864,-2.848196864,7,AVAILABLE,FULL_QUARTER,NEGATIVE
TRAIL1__N2_01,FULL,USDRUBF,baseline,2023,4,1.773509864,1.773509864,8,AVAILABLE,FULL_QUARTER,POSITIVE
TRAIL1__N2_01,FULL,CNYRUBF,baseline,2023,4,-4.38043365,-4.38043365,5,AVAILABLE,FULL_QUARTER,NEGATIVE
TRAIL1__N2_01,FULL,USDRUBF,baseline,2024,1,-1.056238054,-1.056238054,4,AVAILABLE,FULL_QUARTER,NEGATIVE
TRAIL1__N2_01,FULL,CNYRUBF,baseline,2024,1,1.287121858,1.287121858,4,AVAILABLE,FULL_QUARTER,POSITIVE
TRAIL1__N2_01,FULL,USDRUBF,baseline,2024,2,3.611043051,3.611043051,11,AVAILABLE,FULL_QUARTER,POSITIVE
TRAIL1__N2_01,FULL,CNYRUBF,baseline,2024,2,14.89177165,14.89177165,10,AVAILABLE,FULL_QUARTER,POSITIVE
TRAIL1__N2_01,FULL,USDRUBF,baseline,2024,3,3.108006987,3.108006987,8,AVAILABLE,FULL_QUARTER,POSITIVE
TRAIL1__N2_01,FULL,CNYRUBF,baseline,2024,3,0.7712428975,0.7712428975,6,AVAILABLE,FULL_QUARTER,POSITIVE
TRAIL1__N2_01,FULL,USDRUBF,baseline,2024,4,5.45926204,5.45926204,7,AVAILABLE,PARTIAL_QUARTER,POSITIVE
TRAIL1__N2_01,FULL,CNYRUBF,baseline,2024,4,6.031485647,6.031485647,5,AVAILABLE,PARTIAL_QUARTER,POSITIVE
TRAIL1__N2_01,FULL,USDRUBF,walk_forward,2024,1,0.1296426511,0.1296426511,2,AVAILABLE,FULL_QUARTER,POSITIVE
TRAIL1__N2_01,FULL,CNYRUBF,walk_forward,2024,1,-1.03556481,-1.03556481,1,AVAILABLE,FULL_QUARTER,NEGATIVE
TRAIL1__N2_01,FULL,USDRUBF,walk_forward,2024,2,5.220879575,5.220879575,5,AVAILABLE,FULL_QUARTER,POSITIVE
TRAIL1__N2_01,FULL,CNYRUBF,walk_forward,2024,2,14.67662076,14.67662076,4,AVAILABLE,FULL_QUARTER,POSITIVE
TRAIL1__N2_01,FULL,USDRUBF,walk_forward,2024,3,3.158382394,3.158382394,4,AVAILABLE,FULL_QUARTER,POSITIVE
TRAIL1__N2_01,FULL,CNYRUBF,walk_forward,2024,3,1.802916605,1.802916605,5,AVAILABLE,FULL_QUARTER,POSITIVE
TRAIL1__N2_01,FULL,USDRUBF,walk_forward,2024,4,5.348060663,5.348060663,3,AVAILABLE,PARTIAL_QUARTER,POSITIVE
TRAIL1__N2_01,FULL,CNYRUBF,walk_forward,2024,4,5.241738636,5.241738636,4,AVAILABLE,PARTIAL_QUARTER,POSITIVE
TRAIL1__N2_01,FULL,USDRUBF,historical_true_oos,2025,1,1.87092439,1.87092439,2,AVAILABLE,PARTIAL_QUARTER,POSITIVE
TRAIL1__N2_01,FULL,CNYRUBF,historical_true_oos,2025,1,2.961964957,2.961964957,3,AVAILABLE,PARTIAL_QUARTER,POSITIVE
TRAIL1__N2_01,FULL,USDRUBF,historical_true_oos,2025,2,-1.726557362,-1.726557362,3,AVAILABLE,FULL_QUARTER,NEGATIVE
TRAIL1__N2_01,FULL,CNYRUBF,historical_true_oos,2025,2,-1.233046201,-1.233046201,4,AVAILABLE,FULL_QUARTER,NEGATIVE
TRAIL1__N2_01,FULL,USDRUBF,historical_true_oos,2025,3,10.12408332,10.12408332,6,AVAILABLE,FULL_QUARTER,POSITIVE
TRAIL1__N2_01,FULL,CNYRUBF,historical_true_oos,2025,3,9.474114649,9.474114649,7,AVAILABLE,FULL_QUARTER,POSITIVE
TRAIL1__N2_01,FULL,USDRUBF,historical_true_oos,2025,4,-0.8094742122,-0.8094742122,10,AVAILABLE,FULL_QUARTER,NEGATIVE
TRAIL1__N2_01,FULL,CNYRUBF,historical_true_oos,2025,4,-0.08884297225,-0.08884297225,12,AVAILABLE,FULL_QUARTER,NEGATIVE
TRAIL1__N2_01,FULL,USDRUBF,historical_true_oos,2026,1,4.85002482,4.85002482,7,AVAILABLE,FULL_QUARTER,POSITIVE
TRAIL1__N2_01,FULL,CNYRUBF,historical_true_oos,2026,1,3.391308616,3.391308616,8,AVAILABLE,FULL_QUARTER,POSITIVE
TRAIL1__N2_01,FULL,USDRUBF,historical_true_oos,2026,2,4.205357324,4.205357324,7,AVAILABLE,FULL_QUARTER,POSITIVE
TRAIL1__N2_01,FULL,CNYRUBF,historical_true_oos,2026,2,3.612342715,3.612342715,7,AVAILABLE,FULL_QUARTER,POSITIVE
TRAIL1__N2_01,FULL,USDRUBF,historical_true_oos,2026,3,4.322808563,4.322808563,9,AVAILABLE,PARTIAL_QUARTER,POSITIVE
TRAIL1__N2_01,FULL,CNYRUBF,historical_true_oos,2026,3,2.034861524,2.034861524,9,AVAILABLE,PARTIAL_QUARTER,POSITIVE
TRAIL1__N2_02,NORMALIZED,USDRUBF,baseline,2023,1,-1.276603239,-0.6383016193,3,AVAILABLE,PARTIAL_QUARTER,NEGATIVE
TRAIL1__N2_02,NORMALIZED,GLDRUBF,baseline,2023,1,0,0,0,NOT_AVAILABLE,NOT_AVAILABLE,ZERO
TRAIL1__N2_02,NORMALIZED,USDRUBF,baseline,2023,2,9.715767168,4.857883584,10,AVAILABLE,FULL_QUARTER,POSITIVE
TRAIL1__N2_02,NORMALIZED,GLDRUBF,baseline,2023,2,0,0,0,NOT_AVAILABLE,NOT_AVAILABLE,ZERO
TRAIL1__N2_02,NORMALIZED,USDRUBF,baseline,2023,3,5.165398648,2.582699324,7,AVAILABLE,FULL_QUARTER,POSITIVE
TRAIL1__N2_02,NORMALIZED,GLDRUBF,baseline,2023,3,-1.000032194,-0.5000160971,1,AVAILABLE,PARTIAL_QUARTER,NEGATIVE
TRAIL1__N2_02,NORMALIZED,USDRUBF,baseline,2023,4,1.773509864,0.8867549321,8,AVAILABLE,FULL_QUARTER,POSITIVE
TRAIL1__N2_02,NORMALIZED,GLDRUBF,baseline,2023,4,-1.562218361,-0.7811091805,5,AVAILABLE,FULL_QUARTER,NEGATIVE
TRAIL1__N2_02,NORMALIZED,USDRUBF,baseline,2024,1,-1.056238054,-0.5281190271,4,AVAILABLE,FULL_QUARTER,NEGATIVE
TRAIL1__N2_02,NORMALIZED,GLDRUBF,baseline,2024,1,4.184871012,2.092435506,10,AVAILABLE,FULL_QUARTER,POSITIVE
TRAIL1__N2_02,NORMALIZED,USDRUBF,baseline,2024,2,3.611043051,1.805521526,11,AVAILABLE,FULL_QUARTER,POSITIVE
TRAIL1__N2_02,NORMALIZED,GLDRUBF,baseline,2024,2,3.512193145,1.756096572,9,AVAILABLE,FULL_QUARTER,POSITIVE
TRAIL1__N2_02,NORMALIZED,USDRUBF,baseline,2024,3,3.108006987,1.554003493,8,AVAILABLE,FULL_QUARTER,POSITIVE
TRAIL1__N2_02,NORMALIZED,GLDRUBF,baseline,2024,3,-1.787356553,-0.8936782767,7,AVAILABLE,FULL_QUARTER,NEGATIVE
TRAIL1__N2_02,NORMALIZED,USDRUBF,baseline,2024,4,5.45926204,2.72963102,7,AVAILABLE,PARTIAL_QUARTER,POSITIVE
TRAIL1__N2_02,NORMALIZED,GLDRUBF,baseline,2024,4,7.438694687,3.719347343,8,AVAILABLE,PARTIAL_QUARTER,POSITIVE
TRAIL1__N2_02,NORMALIZED,USDRUBF,walk_forward,2024,1,0.1296426511,0.06482132554,2,AVAILABLE,FULL_QUARTER,POSITIVE
TRAIL1__N2_02,NORMALIZED,GLDRUBF,walk_forward,2024,1,8.185078555,4.092539277,6,AVAILABLE,FULL_QUARTER,POSITIVE
TRAIL1__N2_02,NORMALIZED,USDRUBF,walk_forward,2024,2,5.220879575,2.610439787,5,AVAILABLE,FULL_QUARTER,POSITIVE
TRAIL1__N2_02,NORMALIZED,GLDRUBF,walk_forward,2024,2,-0.7912496134,-0.3956248067,5,AVAILABLE,FULL_QUARTER,NEGATIVE
TRAIL1__N2_02,NORMALIZED,USDRUBF,walk_forward,2024,3,3.158382394,1.579191197,4,AVAILABLE,FULL_QUARTER,POSITIVE
TRAIL1__N2_02,NORMALIZED,GLDRUBF,walk_forward,2024,3,-2.083850195,-1.041925097,6,AVAILABLE,FULL_QUARTER,NEGATIVE
TRAIL1__N2_02,NORMALIZED,USDRUBF,walk_forward,2024,4,5.348060663,2.674030332,3,AVAILABLE,PARTIAL_QUARTER,POSITIVE
TRAIL1__N2_02,NORMALIZED,GLDRUBF,walk_forward,2024,4,-0.3904965238,-0.1952482619,4,AVAILABLE,PARTIAL_QUARTER,NEGATIVE
TRAIL1__N2_02,NORMALIZED,USDRUBF,historical_true_oos,2025,1,1.87092439,0.9354621951,2,AVAILABLE,PARTIAL_QUARTER,POSITIVE
TRAIL1__N2_02,NORMALIZED,GLDRUBF,historical_true_oos,2025,1,-1.000018367,-0.5000091833,1,AVAILABLE,PARTIAL_QUARTER,NEGATIVE
TRAIL1__N2_02,NORMALIZED,USDRUBF,historical_true_oos,2025,2,-1.726557362,-0.8632786808,3,AVAILABLE,FULL_QUARTER,NEGATIVE
TRAIL1__N2_02,NORMALIZED,GLDRUBF,historical_true_oos,2025,2,0.08673182969,0.04336591484,2,AVAILABLE,FULL_QUARTER,POSITIVE
TRAIL1__N2_02,NORMALIZED,USDRUBF,historical_true_oos,2025,3,10.12408332,5.06204166,6,AVAILABLE,FULL_QUARTER,POSITIVE
TRAIL1__N2_02,NORMALIZED,GLDRUBF,historical_true_oos,2025,3,12.35072906,6.175364528,7,AVAILABLE,FULL_QUARTER,POSITIVE
TRAIL1__N2_02,NORMALIZED,USDRUBF,historical_true_oos,2025,4,-0.8094742122,-0.4047371061,10,AVAILABLE,FULL_QUARTER,NEGATIVE
TRAIL1__N2_02,NORMALIZED,GLDRUBF,historical_true_oos,2025,4,0.6674091997,0.3337045998,10,AVAILABLE,FULL_QUARTER,POSITIVE
TRAIL1__N2_02,NORMALIZED,USDRUBF,historical_true_oos,2026,1,4.85002482,2.42501241,7,AVAILABLE,FULL_QUARTER,POSITIVE
TRAIL1__N2_02,NORMALIZED,GLDRUBF,historical_true_oos,2026,1,4.227027096,2.113513548,8,AVAILABLE,FULL_QUARTER,POSITIVE
TRAIL1__N2_02,NORMALIZED,USDRUBF,historical_true_oos,2026,2,4.205357324,2.102678662,7,AVAILABLE,FULL_QUARTER,POSITIVE
TRAIL1__N2_02,NORMALIZED,GLDRUBF,historical_true_oos,2026,2,3.047287556,1.523643778,6,AVAILABLE,FULL_QUARTER,POSITIVE
TRAIL1__N2_02,NORMALIZED,USDRUBF,historical_true_oos,2026,3,4.322808563,2.161404281,9,AVAILABLE,PARTIAL_QUARTER,POSITIVE
TRAIL1__N2_02,NORMALIZED,GLDRUBF,historical_true_oos,2026,3,12.34848639,6.174243194,6,AVAILABLE,PARTIAL_QUARTER,POSITIVE
TRAIL1__N2_02,FULL,USDRUBF,baseline,2023,1,-1.276603239,-1.276603239,3,AVAILABLE,PARTIAL_QUARTER,NEGATIVE
TRAIL1__N2_02,FULL,GLDRUBF,baseline,2023,1,0,0,0,NOT_AVAILABLE,NOT_AVAILABLE,ZERO
TRAIL1__N2_02,FULL,USDRUBF,baseline,2023,2,9.715767168,9.715767168,10,AVAILABLE,FULL_QUARTER,POSITIVE
TRAIL1__N2_02,FULL,GLDRUBF,baseline,2023,2,0,0,0,NOT_AVAILABLE,NOT_AVAILABLE,ZERO
TRAIL1__N2_02,FULL,USDRUBF,baseline,2023,3,5.165398648,5.165398648,7,AVAILABLE,FULL_QUARTER,POSITIVE
TRAIL1__N2_02,FULL,GLDRUBF,baseline,2023,3,-1.000032194,-1.000032194,1,AVAILABLE,PARTIAL_QUARTER,NEGATIVE
TRAIL1__N2_02,FULL,USDRUBF,baseline,2023,4,1.773509864,1.773509864,8,AVAILABLE,FULL_QUARTER,POSITIVE
TRAIL1__N2_02,FULL,GLDRUBF,baseline,2023,4,-1.562218361,-1.562218361,5,AVAILABLE,FULL_QUARTER,NEGATIVE
TRAIL1__N2_02,FULL,USDRUBF,baseline,2024,1,-1.056238054,-1.056238054,4,AVAILABLE,FULL_QUARTER,NEGATIVE
TRAIL1__N2_02,FULL,GLDRUBF,baseline,2024,1,4.184871012,4.184871012,10,AVAILABLE,FULL_QUARTER,POSITIVE
TRAIL1__N2_02,FULL,USDRUBF,baseline,2024,2,3.611043051,3.611043051,11,AVAILABLE,FULL_QUARTER,POSITIVE
TRAIL1__N2_02,FULL,GLDRUBF,baseline,2024,2,3.512193145,3.512193145,9,AVAILABLE,FULL_QUARTER,POSITIVE
TRAIL1__N2_02,FULL,USDRUBF,baseline,2024,3,3.108006987,3.108006987,8,AVAILABLE,FULL_QUARTER,POSITIVE
TRAIL1__N2_02,FULL,GLDRUBF,baseline,2024,3,-1.787356553,-1.787356553,7,AVAILABLE,FULL_QUARTER,NEGATIVE
TRAIL1__N2_02,FULL,USDRUBF,baseline,2024,4,5.45926204,5.45926204,7,AVAILABLE,PARTIAL_QUARTER,POSITIVE
TRAIL1__N2_02,FULL,GLDRUBF,baseline,2024,4,7.438694687,7.438694687,8,AVAILABLE,PARTIAL_QUARTER,POSITIVE
TRAIL1__N2_02,FULL,USDRUBF,walk_forward,2024,1,0.1296426511,0.1296426511,2,AVAILABLE,FULL_QUARTER,POSITIVE
TRAIL1__N2_02,FULL,GLDRUBF,walk_forward,2024,1,8.185078555,8.185078555,6,AVAILABLE,FULL_QUARTER,POSITIVE
TRAIL1__N2_02,FULL,USDRUBF,walk_forward,2024,2,5.220879575,5.220879575,5,AVAILABLE,FULL_QUARTER,POSITIVE
TRAIL1__N2_02,FULL,GLDRUBF,walk_forward,2024,2,-0.7912496134,-0.7912496134,5,AVAILABLE,FULL_QUARTER,NEGATIVE
TRAIL1__N2_02,FULL,USDRUBF,walk_forward,2024,3,3.158382394,3.158382394,4,AVAILABLE,FULL_QUARTER,POSITIVE
TRAIL1__N2_02,FULL,GLDRUBF,walk_forward,2024,3,-2.083850195,-2.083850195,6,AVAILABLE,FULL_QUARTER,NEGATIVE
TRAIL1__N2_02,FULL,USDRUBF,walk_forward,2024,4,5.348060663,5.348060663,3,AVAILABLE,PARTIAL_QUARTER,POSITIVE
TRAIL1__N2_02,FULL,GLDRUBF,walk_forward,2024,4,-0.3904965238,-0.3904965238,4,AVAILABLE,PARTIAL_QUARTER,NEGATIVE
TRAIL1__N2_02,FULL,USDRUBF,historical_true_oos,2025,1,1.87092439,1.87092439,2,AVAILABLE,PARTIAL_QUARTER,POSITIVE
TRAIL1__N2_02,FULL,GLDRUBF,historical_true_oos,2025,1,-1.000018367,-1.000018367,1,AVAILABLE,PARTIAL_QUARTER,NEGATIVE
TRAIL1__N2_02,FULL,USDRUBF,historical_true_oos,2025,2,-1.726557362,-1.726557362,3,AVAILABLE,FULL_QUARTER,NEGATIVE
TRAIL1__N2_02,FULL,GLDRUBF,historical_true_oos,2025,2,0.08673182969,0.08673182969,2,AVAILABLE,FULL_QUARTER,POSITIVE
TRAIL1__N2_02,FULL,USDRUBF,historical_true_oos,2025,3,10.12408332,10.12408332,6,AVAILABLE,FULL_QUARTER,POSITIVE
TRAIL1__N2_02,FULL,GLDRUBF,historical_true_oos,2025,3,12.35072906,12.35072906,7,AVAILABLE,FULL_QUARTER,POSITIVE
TRAIL1__N2_02,FULL,USDRUBF,historical_true_oos,2025,4,-0.8094742122,-0.8094742122,10,AVAILABLE,FULL_QUARTER,NEGATIVE
TRAIL1__N2_02,FULL,GLDRUBF,historical_true_oos,2025,4,0.6674091997,0.6674091997,10,AVAILABLE,FULL_QUARTER,POSITIVE
TRAIL1__N2_02,FULL,USDRUBF,historical_true_oos,2026,1,4.85002482,4.85002482,7,AVAILABLE,FULL_QUARTER,POSITIVE
TRAIL1__N2_02,FULL,GLDRUBF,historical_true_oos,2026,1,4.227027096,4.227027096,8,AVAILABLE,FULL_QUARTER,POSITIVE
TRAIL1__N2_02,FULL,USDRUBF,historical_true_oos,2026,2,4.205357324,4.205357324,7,AVAILABLE,FULL_QUARTER,POSITIVE
TRAIL1__N2_02,FULL,GLDRUBF,historical_true_oos,2026,2,3.047287556,3.047287556,6,AVAILABLE,FULL_QUARTER,POSITIVE
TRAIL1__N2_02,FULL,USDRUBF,historical_true_oos,2026,3,4.322808563,4.322808563,9,AVAILABLE,PARTIAL_QUARTER,POSITIVE
TRAIL1__N2_02,FULL,GLDRUBF,historical_true_oos,2026,3,12.34848639,12.34848639,6,AVAILABLE,PARTIAL_QUARTER,POSITIVE
TRAIL1__N2_03,NORMALIZED,USDRUBF,baseline,2023,1,-1.276603239,-0.6383016193,3,AVAILABLE,PARTIAL_QUARTER,NEGATIVE
TRAIL1__N2_03,NORMALIZED,IMOEXF,baseline,2023,1,0,0,0,NOT_AVAILABLE,NOT_AVAILABLE,ZERO
TRAIL1__N2_03,NORMALIZED,USDRUBF,baseline,2023,2,9.715767168,4.857883584,10,AVAILABLE,FULL_QUARTER,POSITIVE
TRAIL1__N2_03,NORMALIZED,IMOEXF,baseline,2023,2,0,0,0,NOT_AVAILABLE,NOT_AVAILABLE,ZERO
TRAIL1__N2_03,NORMALIZED,USDRUBF,baseline,2023,3,5.165398648,2.582699324,7,AVAILABLE,FULL_QUARTER,POSITIVE
TRAIL1__N2_03,NORMALIZED,IMOEXF,baseline,2023,3,0,0,0,NOT_AVAILABLE,NOT_AVAILABLE,ZERO
TRAIL1__N2_03,NORMALIZED,USDRUBF,baseline,2023,4,1.773509864,0.8867549321,8,AVAILABLE,FULL_QUARTER,POSITIVE
TRAIL1__N2_03,NORMALIZED,IMOEXF,baseline,2023,4,0,0,0,NOT_AVAILABLE,PARTIAL_QUARTER,ZERO
TRAIL1__N2_03,NORMALIZED,USDRUBF,baseline,2024,1,-1.056238054,-0.5281190271,4,AVAILABLE,FULL_QUARTER,NEGATIVE
TRAIL1__N2_03,NORMALIZED,IMOEXF,baseline,2024,1,3.251141107,1.625570554,7,AVAILABLE,FULL_QUARTER,POSITIVE
TRAIL1__N2_03,NORMALIZED,USDRUBF,baseline,2024,2,3.611043051,1.805521526,11,AVAILABLE,FULL_QUARTER,POSITIVE
TRAIL1__N2_03,NORMALIZED,IMOEXF,baseline,2024,2,6.596180726,3.298090363,6,AVAILABLE,FULL_QUARTER,POSITIVE
TRAIL1__N2_03,NORMALIZED,USDRUBF,baseline,2024,3,3.108006987,1.554003493,8,AVAILABLE,FULL_QUARTER,POSITIVE
TRAIL1__N2_03,NORMALIZED,IMOEXF,baseline,2024,3,9.753307408,4.876653704,7,AVAILABLE,FULL_QUARTER,POSITIVE
TRAIL1__N2_03,NORMALIZED,USDRUBF,baseline,2024,4,5.45926204,2.72963102,7,AVAILABLE,PARTIAL_QUARTER,POSITIVE
TRAIL1__N2_03,NORMALIZED,IMOEXF,baseline,2024,4,2.943055533,1.471527767,5,AVAILABLE,PARTIAL_QUARTER,POSITIVE
TRAIL1__N2_03,NORMALIZED,USDRUBF,walk_forward,2024,1,0.1296426511,0.06482132554,2,AVAILABLE,FULL_QUARTER,POSITIVE
TRAIL1__N2_03,NORMALIZED,IMOEXF,walk_forward,2024,1,-3.000310991,-1.500155496,3,AVAILABLE,FULL_QUARTER,NEGATIVE
TRAIL1__N2_03,NORMALIZED,USDRUBF,walk_forward,2024,2,5.220879575,2.610439787,5,AVAILABLE,FULL_QUARTER,POSITIVE
TRAIL1__N2_03,NORMALIZED,IMOEXF,walk_forward,2024,2,4.99886676,2.49943338,5,AVAILABLE,FULL_QUARTER,POSITIVE
TRAIL1__N2_03,NORMALIZED,USDRUBF,walk_forward,2024,3,3.158382394,1.579191197,4,AVAILABLE,FULL_QUARTER,POSITIVE
TRAIL1__N2_03,NORMALIZED,IMOEXF,walk_forward,2024,3,3.827226242,1.913613121,3,AVAILABLE,FULL_QUARTER,POSITIVE
TRAIL1__N2_03,NORMALIZED,USDRUBF,walk_forward,2024,4,5.348060663,2.674030332,3,AVAILABLE,PARTIAL_QUARTER,POSITIVE
TRAIL1__N2_03,NORMALIZED,IMOEXF,walk_forward,2024,4,1.53728685,0.7686434252,3,AVAILABLE,PARTIAL_QUARTER,POSITIVE
TRAIL1__N2_03,NORMALIZED,USDRUBF,historical_true_oos,2025,1,1.87092439,0.9354621951,2,AVAILABLE,PARTIAL_QUARTER,POSITIVE
TRAIL1__N2_03,NORMALIZED,IMOEXF,historical_true_oos,2025,1,-2.000066482,-1.000033241,2,AVAILABLE,PARTIAL_QUARTER,NEGATIVE
TRAIL1__N2_03,NORMALIZED,USDRUBF,historical_true_oos,2025,2,-1.726557362,-0.8632786808,3,AVAILABLE,FULL_QUARTER,NEGATIVE
TRAIL1__N2_03,NORMALIZED,IMOEXF,historical_true_oos,2025,2,5.275884717,2.637942359,4,AVAILABLE,FULL_QUARTER,POSITIVE
TRAIL1__N2_03,NORMALIZED,USDRUBF,historical_true_oos,2025,3,10.12408332,5.06204166,6,AVAILABLE,FULL_QUARTER,POSITIVE
TRAIL1__N2_03,NORMALIZED,IMOEXF,historical_true_oos,2025,3,3.438490638,1.719245319,9,AVAILABLE,FULL_QUARTER,POSITIVE
TRAIL1__N2_03,NORMALIZED,USDRUBF,historical_true_oos,2025,4,-0.8094742122,-0.4047371061,10,AVAILABLE,FULL_QUARTER,NEGATIVE
TRAIL1__N2_03,NORMALIZED,IMOEXF,historical_true_oos,2025,4,2.225109013,1.112554507,8,AVAILABLE,FULL_QUARTER,POSITIVE
TRAIL1__N2_03,NORMALIZED,USDRUBF,historical_true_oos,2026,1,4.85002482,2.42501241,7,AVAILABLE,FULL_QUARTER,POSITIVE
TRAIL1__N2_03,NORMALIZED,IMOEXF,historical_true_oos,2026,1,0.5691103127,0.2845551563,6,AVAILABLE,FULL_QUARTER,POSITIVE
TRAIL1__N2_03,NORMALIZED,USDRUBF,historical_true_oos,2026,2,4.205357324,2.102678662,7,AVAILABLE,FULL_QUARTER,POSITIVE
TRAIL1__N2_03,NORMALIZED,IMOEXF,historical_true_oos,2026,2,0.1510257381,0.07551286905,13,AVAILABLE,FULL_QUARTER,POSITIVE
TRAIL1__N2_03,NORMALIZED,USDRUBF,historical_true_oos,2026,3,4.322808563,2.161404281,9,AVAILABLE,PARTIAL_QUARTER,POSITIVE
TRAIL1__N2_03,NORMALIZED,IMOEXF,historical_true_oos,2026,3,3.527388283,1.763694142,8,AVAILABLE,PARTIAL_QUARTER,POSITIVE
TRAIL1__N2_03,FULL,USDRUBF,baseline,2023,1,-1.276603239,-1.276603239,3,AVAILABLE,PARTIAL_QUARTER,NEGATIVE
TRAIL1__N2_03,FULL,IMOEXF,baseline,2023,1,0,0,0,NOT_AVAILABLE,NOT_AVAILABLE,ZERO
TRAIL1__N2_03,FULL,USDRUBF,baseline,2023,2,9.715767168,9.715767168,10,AVAILABLE,FULL_QUARTER,POSITIVE
TRAIL1__N2_03,FULL,IMOEXF,baseline,2023,2,0,0,0,NOT_AVAILABLE,NOT_AVAILABLE,ZERO
TRAIL1__N2_03,FULL,USDRUBF,baseline,2023,3,5.165398648,5.165398648,7,AVAILABLE,FULL_QUARTER,POSITIVE
TRAIL1__N2_03,FULL,IMOEXF,baseline,2023,3,0,0,0,NOT_AVAILABLE,NOT_AVAILABLE,ZERO
TRAIL1__N2_03,FULL,USDRUBF,baseline,2023,4,1.773509864,1.773509864,8,AVAILABLE,FULL_QUARTER,POSITIVE
TRAIL1__N2_03,FULL,IMOEXF,baseline,2023,4,0,0,0,NOT_AVAILABLE,PARTIAL_QUARTER,ZERO
TRAIL1__N2_03,FULL,USDRUBF,baseline,2024,1,-1.056238054,-1.056238054,4,AVAILABLE,FULL_QUARTER,NEGATIVE
TRAIL1__N2_03,FULL,IMOEXF,baseline,2024,1,3.251141107,3.251141107,7,AVAILABLE,FULL_QUARTER,POSITIVE
TRAIL1__N2_03,FULL,USDRUBF,baseline,2024,2,3.611043051,3.611043051,11,AVAILABLE,FULL_QUARTER,POSITIVE
TRAIL1__N2_03,FULL,IMOEXF,baseline,2024,2,6.596180726,6.596180726,6,AVAILABLE,FULL_QUARTER,POSITIVE
TRAIL1__N2_03,FULL,USDRUBF,baseline,2024,3,3.108006987,3.108006987,8,AVAILABLE,FULL_QUARTER,POSITIVE
TRAIL1__N2_03,FULL,IMOEXF,baseline,2024,3,9.753307408,9.753307408,7,AVAILABLE,FULL_QUARTER,POSITIVE
TRAIL1__N2_03,FULL,USDRUBF,baseline,2024,4,5.45926204,5.45926204,7,AVAILABLE,PARTIAL_QUARTER,POSITIVE
TRAIL1__N2_03,FULL,IMOEXF,baseline,2024,4,2.943055533,2.943055533,5,AVAILABLE,PARTIAL_QUARTER,POSITIVE
TRAIL1__N2_03,FULL,USDRUBF,walk_forward,2024,1,0.1296426511,0.1296426511,2,AVAILABLE,FULL_QUARTER,POSITIVE
TRAIL1__N2_03,FULL,IMOEXF,walk_forward,2024,1,-3.000310991,-3.000310991,3,AVAILABLE,FULL_QUARTER,NEGATIVE
TRAIL1__N2_03,FULL,USDRUBF,walk_forward,2024,2,5.220879575,5.220879575,5,AVAILABLE,FULL_QUARTER,POSITIVE
TRAIL1__N2_03,FULL,IMOEXF,walk_forward,2024,2,4.99886676,4.99886676,5,AVAILABLE,FULL_QUARTER,POSITIVE
TRAIL1__N2_03,FULL,USDRUBF,walk_forward,2024,3,3.158382394,3.158382394,4,AVAILABLE,FULL_QUARTER,POSITIVE
TRAIL1__N2_03,FULL,IMOEXF,walk_forward,2024,3,3.827226242,3.827226242,3,AVAILABLE,FULL_QUARTER,POSITIVE
TRAIL1__N2_03,FULL,USDRUBF,walk_forward,2024,4,5.348060663,5.348060663,3,AVAILABLE,PARTIAL_QUARTER,POSITIVE
TRAIL1__N2_03,FULL,IMOEXF,walk_forward,2024,4,1.53728685,1.53728685,3,AVAILABLE,PARTIAL_QUARTER,POSITIVE
TRAIL1__N2_03,FULL,USDRUBF,historical_true_oos,2025,1,1.87092439,1.87092439,2,AVAILABLE,PARTIAL_QUARTER,POSITIVE
TRAIL1__N2_03,FULL,IMOEXF,historical_true_oos,2025,1,-2.000066482,-2.000066482,2,AVAILABLE,PARTIAL_QUARTER,NEGATIVE
TRAIL1__N2_03,FULL,USDRUBF,historical_true_oos,2025,2,-1.726557362,-1.726557362,3,AVAILABLE,FULL_QUARTER,NEGATIVE
TRAIL1__N2_03,FULL,IMOEXF,historical_true_oos,2025,2,5.275884717,5.275884717,4,AVAILABLE,FULL_QUARTER,POSITIVE
TRAIL1__N2_03,FULL,USDRUBF,historical_true_oos,2025,3,10.12408332,10.12408332,6,AVAILABLE,FULL_QUARTER,POSITIVE
TRAIL1__N2_03,FULL,IMOEXF,historical_true_oos,2025,3,3.438490638,3.438490638,9,AVAILABLE,FULL_QUARTER,POSITIVE
TRAIL1__N2_03,FULL,USDRUBF,historical_true_oos,2025,4,-0.8094742122,-0.8094742122,10,AVAILABLE,FULL_QUARTER,NEGATIVE
TRAIL1__N2_03,FULL,IMOEXF,historical_true_oos,2025,4,2.225109013,2.225109013,8,AVAILABLE,FULL_QUARTER,POSITIVE
TRAIL1__N2_03,FULL,USDRUBF,historical_true_oos,2026,1,4.85002482,4.85002482,7,AVAILABLE,FULL_QUARTER,POSITIVE
TRAIL1__N2_03,FULL,IMOEXF,historical_true_oos,2026,1,0.5691103127,0.5691103127,6,AVAILABLE,FULL_QUARTER,POSITIVE
TRAIL1__N2_03,FULL,USDRUBF,historical_true_oos,2026,2,4.205357324,4.205357324,7,AVAILABLE,FULL_QUARTER,POSITIVE
TRAIL1__N2_03,FULL,IMOEXF,historical_true_oos,2026,2,0.1510257381,0.1510257381,13,AVAILABLE,FULL_QUARTER,POSITIVE
TRAIL1__N2_03,FULL,USDRUBF,historical_true_oos,2026,3,4.322808563,4.322808563,9,AVAILABLE,PARTIAL_QUARTER,POSITIVE
TRAIL1__N2_03,FULL,IMOEXF,historical_true_oos,2026,3,3.527388283,3.527388283,8,AVAILABLE,PARTIAL_QUARTER,POSITIVE
TRAIL1__N2_04,NORMALIZED,CNYRUBF,baseline,2023,1,-0.09043052072,-0.04521526036,3,AVAILABLE,PARTIAL_QUARTER,NEGATIVE
TRAIL1__N2_04,NORMALIZED,GLDRUBF,baseline,2023,1,0,0,0,NOT_AVAILABLE,NOT_AVAILABLE,ZERO
TRAIL1__N2_04,NORMALIZED,CNYRUBF,baseline,2023,2,6.430907363,3.215453681,8,AVAILABLE,FULL_QUARTER,POSITIVE
TRAIL1__N2_04,NORMALIZED,GLDRUBF,baseline,2023,2,0,0,0,NOT_AVAILABLE,NOT_AVAILABLE,ZERO
TRAIL1__N2_04,NORMALIZED,CNYRUBF,baseline,2023,3,-2.848196864,-1.424098432,7,AVAILABLE,FULL_QUARTER,NEGATIVE
TRAIL1__N2_04,NORMALIZED,GLDRUBF,baseline,2023,3,-1.000032194,-0.5000160971,1,AVAILABLE,PARTIAL_QUARTER,NEGATIVE
TRAIL1__N2_04,NORMALIZED,CNYRUBF,baseline,2023,4,-4.38043365,-2.190216825,5,AVAILABLE,FULL_QUARTER,NEGATIVE
TRAIL1__N2_04,NORMALIZED,GLDRUBF,baseline,2023,4,-1.562218361,-0.7811091805,5,AVAILABLE,FULL_QUARTER,NEGATIVE
TRAIL1__N2_04,NORMALIZED,CNYRUBF,baseline,2024,1,1.287121858,0.6435609291,4,AVAILABLE,FULL_QUARTER,POSITIVE
TRAIL1__N2_04,NORMALIZED,GLDRUBF,baseline,2024,1,4.184871012,2.092435506,10,AVAILABLE,FULL_QUARTER,POSITIVE
TRAIL1__N2_04,NORMALIZED,CNYRUBF,baseline,2024,2,14.89177165,7.445885824,10,AVAILABLE,FULL_QUARTER,POSITIVE
TRAIL1__N2_04,NORMALIZED,GLDRUBF,baseline,2024,2,3.512193145,1.756096572,9,AVAILABLE,FULL_QUARTER,POSITIVE
TRAIL1__N2_04,NORMALIZED,CNYRUBF,baseline,2024,3,0.7712428975,0.3856214487,6,AVAILABLE,FULL_QUARTER,POSITIVE
TRAIL1__N2_04,NORMALIZED,GLDRUBF,baseline,2024,3,-1.787356553,-0.8936782767,7,AVAILABLE,FULL_QUARTER,NEGATIVE
TRAIL1__N2_04,NORMALIZED,CNYRUBF,baseline,2024,4,6.031485647,3.015742824,5,AVAILABLE,PARTIAL_QUARTER,POSITIVE
TRAIL1__N2_04,NORMALIZED,GLDRUBF,baseline,2024,4,7.438694687,3.719347343,8,AVAILABLE,PARTIAL_QUARTER,POSITIVE
TRAIL1__N2_04,NORMALIZED,CNYRUBF,walk_forward,2024,1,-1.03556481,-0.517782405,1,AVAILABLE,FULL_QUARTER,NEGATIVE
TRAIL1__N2_04,NORMALIZED,GLDRUBF,walk_forward,2024,1,8.185078555,4.092539277,6,AVAILABLE,FULL_QUARTER,POSITIVE
TRAIL1__N2_04,NORMALIZED,CNYRUBF,walk_forward,2024,2,14.67662076,7.338310379,4,AVAILABLE,FULL_QUARTER,POSITIVE
TRAIL1__N2_04,NORMALIZED,GLDRUBF,walk_forward,2024,2,-0.7912496134,-0.3956248067,5,AVAILABLE,FULL_QUARTER,NEGATIVE
TRAIL1__N2_04,NORMALIZED,CNYRUBF,walk_forward,2024,3,1.802916605,0.9014583027,5,AVAILABLE,FULL_QUARTER,POSITIVE
TRAIL1__N2_04,NORMALIZED,GLDRUBF,walk_forward,2024,3,-2.083850195,-1.041925097,6,AVAILABLE,FULL_QUARTER,NEGATIVE
TRAIL1__N2_04,NORMALIZED,CNYRUBF,walk_forward,2024,4,5.241738636,2.620869318,4,AVAILABLE,PARTIAL_QUARTER,POSITIVE
TRAIL1__N2_04,NORMALIZED,GLDRUBF,walk_forward,2024,4,-0.3904965238,-0.1952482619,4,AVAILABLE,PARTIAL_QUARTER,NEGATIVE
TRAIL1__N2_04,NORMALIZED,CNYRUBF,historical_true_oos,2025,1,2.961964957,1.480982479,3,AVAILABLE,PARTIAL_QUARTER,POSITIVE
TRAIL1__N2_04,NORMALIZED,GLDRUBF,historical_true_oos,2025,1,-1.000018367,-0.5000091833,1,AVAILABLE,PARTIAL_QUARTER,NEGATIVE
TRAIL1__N2_04,NORMALIZED,CNYRUBF,historical_true_oos,2025,2,-1.233046201,-0.6165231003,4,AVAILABLE,FULL_QUARTER,NEGATIVE
TRAIL1__N2_04,NORMALIZED,GLDRUBF,historical_true_oos,2025,2,0.08673182969,0.04336591484,2,AVAILABLE,FULL_QUARTER,POSITIVE
TRAIL1__N2_04,NORMALIZED,CNYRUBF,historical_true_oos,2025,3,9.474114649,4.737057325,7,AVAILABLE,FULL_QUARTER,POSITIVE
TRAIL1__N2_04,NORMALIZED,GLDRUBF,historical_true_oos,2025,3,12.35072906,6.175364528,7,AVAILABLE,FULL_QUARTER,POSITIVE
TRAIL1__N2_04,NORMALIZED,CNYRUBF,historical_true_oos,2025,4,-0.08884297225,-0.04442148612,12,AVAILABLE,FULL_QUARTER,NEGATIVE
TRAIL1__N2_04,NORMALIZED,GLDRUBF,historical_true_oos,2025,4,0.6674091997,0.3337045998,10,AVAILABLE,FULL_QUARTER,POSITIVE
TRAIL1__N2_04,NORMALIZED,CNYRUBF,historical_true_oos,2026,1,3.391308616,1.695654308,8,AVAILABLE,FULL_QUARTER,POSITIVE
TRAIL1__N2_04,NORMALIZED,GLDRUBF,historical_true_oos,2026,1,4.227027096,2.113513548,8,AVAILABLE,FULL_QUARTER,POSITIVE
TRAIL1__N2_04,NORMALIZED,CNYRUBF,historical_true_oos,2026,2,3.612342715,1.806171357,7,AVAILABLE,FULL_QUARTER,POSITIVE
TRAIL1__N2_04,NORMALIZED,GLDRUBF,historical_true_oos,2026,2,3.047287556,1.523643778,6,AVAILABLE,FULL_QUARTER,POSITIVE
TRAIL1__N2_04,NORMALIZED,CNYRUBF,historical_true_oos,2026,3,2.034861524,1.017430762,9,AVAILABLE,PARTIAL_QUARTER,POSITIVE
TRAIL1__N2_04,NORMALIZED,GLDRUBF,historical_true_oos,2026,3,12.34848639,6.174243194,6,AVAILABLE,PARTIAL_QUARTER,POSITIVE
TRAIL1__N2_04,FULL,CNYRUBF,baseline,2023,1,-0.09043052072,-0.09043052072,3,AVAILABLE,PARTIAL_QUARTER,NEGATIVE
TRAIL1__N2_04,FULL,GLDRUBF,baseline,2023,1,0,0,0,NOT_AVAILABLE,NOT_AVAILABLE,ZERO
TRAIL1__N2_04,FULL,CNYRUBF,baseline,2023,2,6.430907363,6.430907363,8,AVAILABLE,FULL_QUARTER,POSITIVE
TRAIL1__N2_04,FULL,GLDRUBF,baseline,2023,2,0,0,0,NOT_AVAILABLE,NOT_AVAILABLE,ZERO
TRAIL1__N2_04,FULL,CNYRUBF,baseline,2023,3,-2.848196864,-2.848196864,7,AVAILABLE,FULL_QUARTER,NEGATIVE
TRAIL1__N2_04,FULL,GLDRUBF,baseline,2023,3,-1.000032194,-1.000032194,1,AVAILABLE,PARTIAL_QUARTER,NEGATIVE
TRAIL1__N2_04,FULL,CNYRUBF,baseline,2023,4,-4.38043365,-4.38043365,5,AVAILABLE,FULL_QUARTER,NEGATIVE
TRAIL1__N2_04,FULL,GLDRUBF,baseline,2023,4,-1.562218361,-1.562218361,5,AVAILABLE,FULL_QUARTER,NEGATIVE
TRAIL1__N2_04,FULL,CNYRUBF,baseline,2024,1,1.287121858,1.287121858,4,AVAILABLE,FULL_QUARTER,POSITIVE
TRAIL1__N2_04,FULL,GLDRUBF,baseline,2024,1,4.184871012,4.184871012,10,AVAILABLE,FULL_QUARTER,POSITIVE
TRAIL1__N2_04,FULL,CNYRUBF,baseline,2024,2,14.89177165,14.89177165,10,AVAILABLE,FULL_QUARTER,POSITIVE
TRAIL1__N2_04,FULL,GLDRUBF,baseline,2024,2,3.512193145,3.512193145,9,AVAILABLE,FULL_QUARTER,POSITIVE
TRAIL1__N2_04,FULL,CNYRUBF,baseline,2024,3,0.7712428975,0.7712428975,6,AVAILABLE,FULL_QUARTER,POSITIVE
TRAIL1__N2_04,FULL,GLDRUBF,baseline,2024,3,-1.787356553,-1.787356553,7,AVAILABLE,FULL_QUARTER,NEGATIVE
TRAIL1__N2_04,FULL,CNYRUBF,baseline,2024,4,6.031485647,6.031485647,5,AVAILABLE,PARTIAL_QUARTER,POSITIVE
TRAIL1__N2_04,FULL,GLDRUBF,baseline,2024,4,7.438694687,7.438694687,8,AVAILABLE,PARTIAL_QUARTER,POSITIVE
TRAIL1__N2_04,FULL,CNYRUBF,walk_forward,2024,1,-1.03556481,-1.03556481,1,AVAILABLE,FULL_QUARTER,NEGATIVE
TRAIL1__N2_04,FULL,GLDRUBF,walk_forward,2024,1,8.185078555,8.185078555,6,AVAILABLE,FULL_QUARTER,POSITIVE
TRAIL1__N2_04,FULL,CNYRUBF,walk_forward,2024,2,14.67662076,14.67662076,4,AVAILABLE,FULL_QUARTER,POSITIVE
TRAIL1__N2_04,FULL,GLDRUBF,walk_forward,2024,2,-0.7912496134,-0.7912496134,5,AVAILABLE,FULL_QUARTER,NEGATIVE
TRAIL1__N2_04,FULL,CNYRUBF,walk_forward,2024,3,1.802916605,1.802916605,5,AVAILABLE,FULL_QUARTER,POSITIVE
TRAIL1__N2_04,FULL,GLDRUBF,walk_forward,2024,3,-2.083850195,-2.083850195,6,AVAILABLE,FULL_QUARTER,NEGATIVE
TRAIL1__N2_04,FULL,CNYRUBF,walk_forward,2024,4,5.241738636,5.241738636,4,AVAILABLE,PARTIAL_QUARTER,POSITIVE
TRAIL1__N2_04,FULL,GLDRUBF,walk_forward,2024,4,-0.3904965238,-0.3904965238,4,AVAILABLE,PARTIAL_QUARTER,NEGATIVE
TRAIL1__N2_04,FULL,CNYRUBF,historical_true_oos,2025,1,2.961964957,2.961964957,3,AVAILABLE,PARTIAL_QUARTER,POSITIVE
TRAIL1__N2_04,FULL,GLDRUBF,historical_true_oos,2025,1,-1.000018367,-1.000018367,1,AVAILABLE,PARTIAL_QUARTER,NEGATIVE
TRAIL1__N2_04,FULL,CNYRUBF,historical_true_oos,2025,2,-1.233046201,-1.233046201,4,AVAILABLE,FULL_QUARTER,NEGATIVE
TRAIL1__N2_04,FULL,GLDRUBF,historical_true_oos,2025,2,0.08673182969,0.08673182969,2,AVAILABLE,FULL_QUARTER,POSITIVE
TRAIL1__N2_04,FULL,CNYRUBF,historical_true_oos,2025,3,9.474114649,9.474114649,7,AVAILABLE,FULL_QUARTER,POSITIVE
TRAIL1__N2_04,FULL,GLDRUBF,historical_true_oos,2025,3,12.35072906,12.35072906,7,AVAILABLE,FULL_QUARTER,POSITIVE
TRAIL1__N2_04,FULL,CNYRUBF,historical_true_oos,2025,4,-0.08884297225,-0.08884297225,12,AVAILABLE,FULL_QUARTER,NEGATIVE
TRAIL1__N2_04,FULL,GLDRUBF,historical_true_oos,2025,4,0.6674091997,0.6674091997,10,AVAILABLE,FULL_QUARTER,POSITIVE
TRAIL1__N2_04,FULL,CNYRUBF,historical_true_oos,2026,1,3.391308616,3.391308616,8,AVAILABLE,FULL_QUARTER,POSITIVE
TRAIL1__N2_04,FULL,GLDRUBF,historical_true_oos,2026,1,4.227027096,4.227027096,8,AVAILABLE,FULL_QUARTER,POSITIVE
TRAIL1__N2_04,FULL,CNYRUBF,historical_true_oos,2026,2,3.612342715,3.612342715,7,AVAILABLE,FULL_QUARTER,POSITIVE
TRAIL1__N2_04,FULL,GLDRUBF,historical_true_oos,2026,2,3.047287556,3.047287556,6,AVAILABLE,FULL_QUARTER,POSITIVE
TRAIL1__N2_04,FULL,CNYRUBF,historical_true_oos,2026,3,2.034861524,2.034861524,9,AVAILABLE,PARTIAL_QUARTER,POSITIVE
TRAIL1__N2_04,FULL,GLDRUBF,historical_true_oos,2026,3,12.34848639,12.34848639,6,AVAILABLE,PARTIAL_QUARTER,POSITIVE
TRAIL1__N2_05,NORMALIZED,CNYRUBF,baseline,2023,1,-0.09043052072,-0.04521526036,3,AVAILABLE,PARTIAL_QUARTER,NEGATIVE
TRAIL1__N2_05,NORMALIZED,IMOEXF,baseline,2023,1,0,0,0,NOT_AVAILABLE,NOT_AVAILABLE,ZERO
TRAIL1__N2_05,NORMALIZED,CNYRUBF,baseline,2023,2,6.430907363,3.215453681,8,AVAILABLE,FULL_QUARTER,POSITIVE
TRAIL1__N2_05,NORMALIZED,IMOEXF,baseline,2023,2,0,0,0,NOT_AVAILABLE,NOT_AVAILABLE,ZERO
TRAIL1__N2_05,NORMALIZED,CNYRUBF,baseline,2023,3,-2.848196864,-1.424098432,7,AVAILABLE,FULL_QUARTER,NEGATIVE
TRAIL1__N2_05,NORMALIZED,IMOEXF,baseline,2023,3,0,0,0,NOT_AVAILABLE,NOT_AVAILABLE,ZERO
TRAIL1__N2_05,NORMALIZED,CNYRUBF,baseline,2023,4,-4.38043365,-2.190216825,5,AVAILABLE,FULL_QUARTER,NEGATIVE
TRAIL1__N2_05,NORMALIZED,IMOEXF,baseline,2023,4,0,0,0,NOT_AVAILABLE,PARTIAL_QUARTER,ZERO
TRAIL1__N2_05,NORMALIZED,CNYRUBF,baseline,2024,1,1.287121858,0.6435609291,4,AVAILABLE,FULL_QUARTER,POSITIVE
TRAIL1__N2_05,NORMALIZED,IMOEXF,baseline,2024,1,3.251141107,1.625570554,7,AVAILABLE,FULL_QUARTER,POSITIVE
TRAIL1__N2_05,NORMALIZED,CNYRUBF,baseline,2024,2,14.89177165,7.445885824,10,AVAILABLE,FULL_QUARTER,POSITIVE
TRAIL1__N2_05,NORMALIZED,IMOEXF,baseline,2024,2,6.596180726,3.298090363,6,AVAILABLE,FULL_QUARTER,POSITIVE
TRAIL1__N2_05,NORMALIZED,CNYRUBF,baseline,2024,3,0.7712428975,0.3856214487,6,AVAILABLE,FULL_QUARTER,POSITIVE
TRAIL1__N2_05,NORMALIZED,IMOEXF,baseline,2024,3,9.753307408,4.876653704,7,AVAILABLE,FULL_QUARTER,POSITIVE
TRAIL1__N2_05,NORMALIZED,CNYRUBF,baseline,2024,4,6.031485647,3.015742824,5,AVAILABLE,PARTIAL_QUARTER,POSITIVE
TRAIL1__N2_05,NORMALIZED,IMOEXF,baseline,2024,4,2.943055533,1.471527767,5,AVAILABLE,PARTIAL_QUARTER,POSITIVE
TRAIL1__N2_05,NORMALIZED,CNYRUBF,walk_forward,2024,1,-1.03556481,-0.517782405,1,AVAILABLE,FULL_QUARTER,NEGATIVE
TRAIL1__N2_05,NORMALIZED,IMOEXF,walk_forward,2024,1,-3.000310991,-1.500155496,3,AVAILABLE,FULL_QUARTER,NEGATIVE
TRAIL1__N2_05,NORMALIZED,CNYRUBF,walk_forward,2024,2,14.67662076,7.338310379,4,AVAILABLE,FULL_QUARTER,POSITIVE
TRAIL1__N2_05,NORMALIZED,IMOEXF,walk_forward,2024,2,4.99886676,2.49943338,5,AVAILABLE,FULL_QUARTER,POSITIVE
TRAIL1__N2_05,NORMALIZED,CNYRUBF,walk_forward,2024,3,1.802916605,0.9014583027,5,AVAILABLE,FULL_QUARTER,POSITIVE
TRAIL1__N2_05,NORMALIZED,IMOEXF,walk_forward,2024,3,3.827226242,1.913613121,3,AVAILABLE,FULL_QUARTER,POSITIVE
TRAIL1__N2_05,NORMALIZED,CNYRUBF,walk_forward,2024,4,5.241738636,2.620869318,4,AVAILABLE,PARTIAL_QUARTER,POSITIVE
TRAIL1__N2_05,NORMALIZED,IMOEXF,walk_forward,2024,4,1.53728685,0.7686434252,3,AVAILABLE,PARTIAL_QUARTER,POSITIVE
TRAIL1__N2_05,NORMALIZED,CNYRUBF,historical_true_oos,2025,1,2.961964957,1.480982479,3,AVAILABLE,PARTIAL_QUARTER,POSITIVE
TRAIL1__N2_05,NORMALIZED,IMOEXF,historical_true_oos,2025,1,-2.000066482,-1.000033241,2,AVAILABLE,PARTIAL_QUARTER,NEGATIVE
TRAIL1__N2_05,NORMALIZED,CNYRUBF,historical_true_oos,2025,2,-1.233046201,-0.6165231003,4,AVAILABLE,FULL_QUARTER,NEGATIVE
TRAIL1__N2_05,NORMALIZED,IMOEXF,historical_true_oos,2025,2,5.275884717,2.637942359,4,AVAILABLE,FULL_QUARTER,POSITIVE
TRAIL1__N2_05,NORMALIZED,CNYRUBF,historical_true_oos,2025,3,9.474114649,4.737057325,7,AVAILABLE,FULL_QUARTER,POSITIVE
TRAIL1__N2_05,NORMALIZED,IMOEXF,historical_true_oos,2025,3,3.438490638,1.719245319,9,AVAILABLE,FULL_QUARTER,POSITIVE
TRAIL1__N2_05,NORMALIZED,CNYRUBF,historical_true_oos,2025,4,-0.08884297225,-0.04442148612,12,AVAILABLE,FULL_QUARTER,NEGATIVE
TRAIL1__N2_05,NORMALIZED,IMOEXF,historical_true_oos,2025,4,2.225109013,1.112554507,8,AVAILABLE,FULL_QUARTER,POSITIVE
TRAIL1__N2_05,NORMALIZED,CNYRUBF,historical_true_oos,2026,1,3.391308616,1.695654308,8,AVAILABLE,FULL_QUARTER,POSITIVE
TRAIL1__N2_05,NORMALIZED,IMOEXF,historical_true_oos,2026,1,0.5691103127,0.2845551563,6,AVAILABLE,FULL_QUARTER,POSITIVE
TRAIL1__N2_05,NORMALIZED,CNYRUBF,historical_true_oos,2026,2,3.612342715,1.806171357,7,AVAILABLE,FULL_QUARTER,POSITIVE
TRAIL1__N2_05,NORMALIZED,IMOEXF,historical_true_oos,2026,2,0.1510257381,0.07551286905,13,AVAILABLE,FULL_QUARTER,POSITIVE
TRAIL1__N2_05,NORMALIZED,CNYRUBF,historical_true_oos,2026,3,2.034861524,1.017430762,9,AVAILABLE,PARTIAL_QUARTER,POSITIVE
TRAIL1__N2_05,NORMALIZED,IMOEXF,historical_true_oos,2026,3,3.527388283,1.763694142,8,AVAILABLE,PARTIAL_QUARTER,POSITIVE
TRAIL1__N2_05,FULL,CNYRUBF,baseline,2023,1,-0.09043052072,-0.09043052072,3,AVAILABLE,PARTIAL_QUARTER,NEGATIVE
TRAIL1__N2_05,FULL,IMOEXF,baseline,2023,1,0,0,0,NOT_AVAILABLE,NOT_AVAILABLE,ZERO
TRAIL1__N2_05,FULL,CNYRUBF,baseline,2023,2,6.430907363,6.430907363,8,AVAILABLE,FULL_QUARTER,POSITIVE
TRAIL1__N2_05,FULL,IMOEXF,baseline,2023,2,0,0,0,NOT_AVAILABLE,NOT_AVAILABLE,ZERO
TRAIL1__N2_05,FULL,CNYRUBF,baseline,2023,3,-2.848196864,-2.848196864,7,AVAILABLE,FULL_QUARTER,NEGATIVE
TRAIL1__N2_05,FULL,IMOEXF,baseline,2023,3,0,0,0,NOT_AVAILABLE,NOT_AVAILABLE,ZERO
TRAIL1__N2_05,FULL,CNYRUBF,baseline,2023,4,-4.38043365,-4.38043365,5,AVAILABLE,FULL_QUARTER,NEGATIVE
TRAIL1__N2_05,FULL,IMOEXF,baseline,2023,4,0,0,0,NOT_AVAILABLE,PARTIAL_QUARTER,ZERO
TRAIL1__N2_05,FULL,CNYRUBF,baseline,2024,1,1.287121858,1.287121858,4,AVAILABLE,FULL_QUARTER,POSITIVE
TRAIL1__N2_05,FULL,IMOEXF,baseline,2024,1,3.251141107,3.251141107,7,AVAILABLE,FULL_QUARTER,POSITIVE
TRAIL1__N2_05,FULL,CNYRUBF,baseline,2024,2,14.89177165,14.89177165,10,AVAILABLE,FULL_QUARTER,POSITIVE
TRAIL1__N2_05,FULL,IMOEXF,baseline,2024,2,6.596180726,6.596180726,6,AVAILABLE,FULL_QUARTER,POSITIVE
TRAIL1__N2_05,FULL,CNYRUBF,baseline,2024,3,0.7712428975,0.7712428975,6,AVAILABLE,FULL_QUARTER,POSITIVE
TRAIL1__N2_05,FULL,IMOEXF,baseline,2024,3,9.753307408,9.753307408,7,AVAILABLE,FULL_QUARTER,POSITIVE
TRAIL1__N2_05,FULL,CNYRUBF,baseline,2024,4,6.031485647,6.031485647,5,AVAILABLE,PARTIAL_QUARTER,POSITIVE
TRAIL1__N2_05,FULL,IMOEXF,baseline,2024,4,2.943055533,2.943055533,5,AVAILABLE,PARTIAL_QUARTER,POSITIVE
TRAIL1__N2_05,FULL,CNYRUBF,walk_forward,2024,1,-1.03556481,-1.03556481,1,AVAILABLE,FULL_QUARTER,NEGATIVE
TRAIL1__N2_05,FULL,IMOEXF,walk_forward,2024,1,-3.000310991,-3.000310991,3,AVAILABLE,FULL_QUARTER,NEGATIVE
TRAIL1__N2_05,FULL,CNYRUBF,walk_forward,2024,2,14.67662076,14.67662076,4,AVAILABLE,FULL_QUARTER,POSITIVE
TRAIL1__N2_05,FULL,IMOEXF,walk_forward,2024,2,4.99886676,4.99886676,5,AVAILABLE,FULL_QUARTER,POSITIVE
TRAIL1__N2_05,FULL,CNYRUBF,walk_forward,2024,3,1.802916605,1.802916605,5,AVAILABLE,FULL_QUARTER,POSITIVE
TRAIL1__N2_05,FULL,IMOEXF,walk_forward,2024,3,3.827226242,3.827226242,3,AVAILABLE,FULL_QUARTER,POSITIVE
TRAIL1__N2_05,FULL,CNYRUBF,walk_forward,2024,4,5.241738636,5.241738636,4,AVAILABLE,PARTIAL_QUARTER,POSITIVE
TRAIL1__N2_05,FULL,IMOEXF,walk_forward,2024,4,1.53728685,1.53728685,3,AVAILABLE,PARTIAL_QUARTER,POSITIVE
TRAIL1__N2_05,FULL,CNYRUBF,historical_true_oos,2025,1,2.961964957,2.961964957,3,AVAILABLE,PARTIAL_QUARTER,POSITIVE
TRAIL1__N2_05,FULL,IMOEXF,historical_true_oos,2025,1,-2.000066482,-2.000066482,2,AVAILABLE,PARTIAL_QUARTER,NEGATIVE
TRAIL1__N2_05,FULL,CNYRUBF,historical_true_oos,2025,2,-1.233046201,-1.233046201,4,AVAILABLE,FULL_QUARTER,NEGATIVE
TRAIL1__N2_05,FULL,IMOEXF,historical_true_oos,2025,2,5.275884717,5.275884717,4,AVAILABLE,FULL_QUARTER,POSITIVE
TRAIL1__N2_05,FULL,CNYRUBF,historical_true_oos,2025,3,9.474114649,9.474114649,7,AVAILABLE,FULL_QUARTER,POSITIVE
TRAIL1__N2_05,FULL,IMOEXF,historical_true_oos,2025,3,3.438490638,3.438490638,9,AVAILABLE,FULL_QUARTER,POSITIVE
TRAIL1__N2_05,FULL,CNYRUBF,historical_true_oos,2025,4,-0.08884297225,-0.08884297225,12,AVAILABLE,FULL_QUARTER,NEGATIVE
TRAIL1__N2_05,FULL,IMOEXF,historical_true_oos,2025,4,2.225109013,2.225109013,8,AVAILABLE,FULL_QUARTER,POSITIVE
TRAIL1__N2_05,FULL,CNYRUBF,historical_true_oos,2026,1,3.391308616,3.391308616,8,AVAILABLE,FULL_QUARTER,POSITIVE
TRAIL1__N2_05,FULL,IMOEXF,historical_true_oos,2026,1,0.5691103127,0.5691103127,6,AVAILABLE,FULL_QUARTER,POSITIVE
TRAIL1__N2_05,FULL,CNYRUBF,historical_true_oos,2026,2,3.612342715,3.612342715,7,AVAILABLE,FULL_QUARTER,POSITIVE
TRAIL1__N2_05,FULL,IMOEXF,historical_true_oos,2026,2,0.1510257381,0.1510257381,13,AVAILABLE,FULL_QUARTER,POSITIVE
TRAIL1__N2_05,FULL,CNYRUBF,historical_true_oos,2026,3,2.034861524,2.034861524,9,AVAILABLE,PARTIAL_QUARTER,POSITIVE
TRAIL1__N2_05,FULL,IMOEXF,historical_true_oos,2026,3,3.527388283,3.527388283,8,AVAILABLE,PARTIAL_QUARTER,POSITIVE
TRAIL1__N2_06,NORMALIZED,GLDRUBF,baseline,2023,3,-1.000032194,-0.5000160971,1,AVAILABLE,PARTIAL_QUARTER,NEGATIVE
TRAIL1__N2_06,NORMALIZED,IMOEXF,baseline,2023,3,0,0,0,NOT_AVAILABLE,NOT_AVAILABLE,ZERO
TRAIL1__N2_06,NORMALIZED,GLDRUBF,baseline,2023,4,-1.562218361,-0.7811091805,5,AVAILABLE,FULL_QUARTER,NEGATIVE
TRAIL1__N2_06,NORMALIZED,IMOEXF,baseline,2023,4,0,0,0,NOT_AVAILABLE,PARTIAL_QUARTER,ZERO
TRAIL1__N2_06,NORMALIZED,GLDRUBF,baseline,2024,1,4.184871012,2.092435506,10,AVAILABLE,FULL_QUARTER,POSITIVE
TRAIL1__N2_06,NORMALIZED,IMOEXF,baseline,2024,1,3.251141107,1.625570554,7,AVAILABLE,FULL_QUARTER,POSITIVE
TRAIL1__N2_06,NORMALIZED,GLDRUBF,baseline,2024,2,3.512193145,1.756096572,9,AVAILABLE,FULL_QUARTER,POSITIVE
TRAIL1__N2_06,NORMALIZED,IMOEXF,baseline,2024,2,6.596180726,3.298090363,6,AVAILABLE,FULL_QUARTER,POSITIVE
TRAIL1__N2_06,NORMALIZED,GLDRUBF,baseline,2024,3,-1.787356553,-0.8936782767,7,AVAILABLE,FULL_QUARTER,NEGATIVE
TRAIL1__N2_06,NORMALIZED,IMOEXF,baseline,2024,3,9.753307408,4.876653704,7,AVAILABLE,FULL_QUARTER,POSITIVE
TRAIL1__N2_06,NORMALIZED,GLDRUBF,baseline,2024,4,7.438694687,3.719347343,8,AVAILABLE,PARTIAL_QUARTER,POSITIVE
TRAIL1__N2_06,NORMALIZED,IMOEXF,baseline,2024,4,2.943055533,1.471527767,5,AVAILABLE,PARTIAL_QUARTER,POSITIVE
TRAIL1__N2_06,NORMALIZED,GLDRUBF,walk_forward,2024,1,8.185078555,4.092539277,6,AVAILABLE,FULL_QUARTER,POSITIVE
TRAIL1__N2_06,NORMALIZED,IMOEXF,walk_forward,2024,1,-3.000310991,-1.500155496,3,AVAILABLE,FULL_QUARTER,NEGATIVE
TRAIL1__N2_06,NORMALIZED,GLDRUBF,walk_forward,2024,2,-0.7912496134,-0.3956248067,5,AVAILABLE,FULL_QUARTER,NEGATIVE
TRAIL1__N2_06,NORMALIZED,IMOEXF,walk_forward,2024,2,4.99886676,2.49943338,5,AVAILABLE,FULL_QUARTER,POSITIVE
TRAIL1__N2_06,NORMALIZED,GLDRUBF,walk_forward,2024,3,-2.083850195,-1.041925097,6,AVAILABLE,FULL_QUARTER,NEGATIVE
TRAIL1__N2_06,NORMALIZED,IMOEXF,walk_forward,2024,3,3.827226242,1.913613121,3,AVAILABLE,FULL_QUARTER,POSITIVE
TRAIL1__N2_06,NORMALIZED,GLDRUBF,walk_forward,2024,4,-0.3904965238,-0.1952482619,4,AVAILABLE,PARTIAL_QUARTER,NEGATIVE
TRAIL1__N2_06,NORMALIZED,IMOEXF,walk_forward,2024,4,1.53728685,0.7686434252,3,AVAILABLE,PARTIAL_QUARTER,POSITIVE
TRAIL1__N2_06,NORMALIZED,GLDRUBF,historical_true_oos,2025,1,-1.000018367,-0.5000091833,1,AVAILABLE,PARTIAL_QUARTER,NEGATIVE
TRAIL1__N2_06,NORMALIZED,IMOEXF,historical_true_oos,2025,1,-2.000066482,-1.000033241,2,AVAILABLE,PARTIAL_QUARTER,NEGATIVE
TRAIL1__N2_06,NORMALIZED,GLDRUBF,historical_true_oos,2025,2,0.08673182969,0.04336591484,2,AVAILABLE,FULL_QUARTER,POSITIVE
TRAIL1__N2_06,NORMALIZED,IMOEXF,historical_true_oos,2025,2,5.275884717,2.637942359,4,AVAILABLE,FULL_QUARTER,POSITIVE
TRAIL1__N2_06,NORMALIZED,GLDRUBF,historical_true_oos,2025,3,12.35072906,6.175364528,7,AVAILABLE,FULL_QUARTER,POSITIVE
TRAIL1__N2_06,NORMALIZED,IMOEXF,historical_true_oos,2025,3,3.438490638,1.719245319,9,AVAILABLE,FULL_QUARTER,POSITIVE
TRAIL1__N2_06,NORMALIZED,GLDRUBF,historical_true_oos,2025,4,0.6674091997,0.3337045998,10,AVAILABLE,FULL_QUARTER,POSITIVE
TRAIL1__N2_06,NORMALIZED,IMOEXF,historical_true_oos,2025,4,2.225109013,1.112554507,8,AVAILABLE,FULL_QUARTER,POSITIVE
TRAIL1__N2_06,NORMALIZED,GLDRUBF,historical_true_oos,2026,1,4.227027096,2.113513548,8,AVAILABLE,FULL_QUARTER,POSITIVE
TRAIL1__N2_06,NORMALIZED,IMOEXF,historical_true_oos,2026,1,0.5691103127,0.2845551563,6,AVAILABLE,FULL_QUARTER,POSITIVE
TRAIL1__N2_06,NORMALIZED,GLDRUBF,historical_true_oos,2026,2,3.047287556,1.523643778,6,AVAILABLE,FULL_QUARTER,POSITIVE
TRAIL1__N2_06,NORMALIZED,IMOEXF,historical_true_oos,2026,2,0.1510257381,0.07551286905,13,AVAILABLE,FULL_QUARTER,POSITIVE
TRAIL1__N2_06,NORMALIZED,GLDRUBF,historical_true_oos,2026,3,12.34848639,6.174243194,6,AVAILABLE,PARTIAL_QUARTER,POSITIVE
TRAIL1__N2_06,NORMALIZED,IMOEXF,historical_true_oos,2026,3,3.527388283,1.763694142,8,AVAILABLE,PARTIAL_QUARTER,POSITIVE
TRAIL1__N2_06,FULL,GLDRUBF,baseline,2023,3,-1.000032194,-1.000032194,1,AVAILABLE,PARTIAL_QUARTER,NEGATIVE
TRAIL1__N2_06,FULL,IMOEXF,baseline,2023,3,0,0,0,NOT_AVAILABLE,NOT_AVAILABLE,ZERO
TRAIL1__N2_06,FULL,GLDRUBF,baseline,2023,4,-1.562218361,-1.562218361,5,AVAILABLE,FULL_QUARTER,NEGATIVE
TRAIL1__N2_06,FULL,IMOEXF,baseline,2023,4,0,0,0,NOT_AVAILABLE,PARTIAL_QUARTER,ZERO
TRAIL1__N2_06,FULL,GLDRUBF,baseline,2024,1,4.184871012,4.184871012,10,AVAILABLE,FULL_QUARTER,POSITIVE
TRAIL1__N2_06,FULL,IMOEXF,baseline,2024,1,3.251141107,3.251141107,7,AVAILABLE,FULL_QUARTER,POSITIVE
TRAIL1__N2_06,FULL,GLDRUBF,baseline,2024,2,3.512193145,3.512193145,9,AVAILABLE,FULL_QUARTER,POSITIVE
TRAIL1__N2_06,FULL,IMOEXF,baseline,2024,2,6.596180726,6.596180726,6,AVAILABLE,FULL_QUARTER,POSITIVE
TRAIL1__N2_06,FULL,GLDRUBF,baseline,2024,3,-1.787356553,-1.787356553,7,AVAILABLE,FULL_QUARTER,NEGATIVE
TRAIL1__N2_06,FULL,IMOEXF,baseline,2024,3,9.753307408,9.753307408,7,AVAILABLE,FULL_QUARTER,POSITIVE
TRAIL1__N2_06,FULL,GLDRUBF,baseline,2024,4,7.438694687,7.438694687,8,AVAILABLE,PARTIAL_QUARTER,POSITIVE
TRAIL1__N2_06,FULL,IMOEXF,baseline,2024,4,2.943055533,2.943055533,5,AVAILABLE,PARTIAL_QUARTER,POSITIVE
TRAIL1__N2_06,FULL,GLDRUBF,walk_forward,2024,1,8.185078555,8.185078555,6,AVAILABLE,FULL_QUARTER,POSITIVE
TRAIL1__N2_06,FULL,IMOEXF,walk_forward,2024,1,-3.000310991,-3.000310991,3,AVAILABLE,FULL_QUARTER,NEGATIVE
TRAIL1__N2_06,FULL,GLDRUBF,walk_forward,2024,2,-0.7912496134,-0.7912496134,5,AVAILABLE,FULL_QUARTER,NEGATIVE
TRAIL1__N2_06,FULL,IMOEXF,walk_forward,2024,2,4.99886676,4.99886676,5,AVAILABLE,FULL_QUARTER,POSITIVE
TRAIL1__N2_06,FULL,GLDRUBF,walk_forward,2024,3,-2.083850195,-2.083850195,6,AVAILABLE,FULL_QUARTER,NEGATIVE
TRAIL1__N2_06,FULL,IMOEXF,walk_forward,2024,3,3.827226242,3.827226242,3,AVAILABLE,FULL_QUARTER,POSITIVE
TRAIL1__N2_06,FULL,GLDRUBF,walk_forward,2024,4,-0.3904965238,-0.3904965238,4,AVAILABLE,PARTIAL_QUARTER,NEGATIVE
TRAIL1__N2_06,FULL,IMOEXF,walk_forward,2024,4,1.53728685,1.53728685,3,AVAILABLE,PARTIAL_QUARTER,POSITIVE
TRAIL1__N2_06,FULL,GLDRUBF,historical_true_oos,2025,1,-1.000018367,-1.000018367,1,AVAILABLE,PARTIAL_QUARTER,NEGATIVE
TRAIL1__N2_06,FULL,IMOEXF,historical_true_oos,2025,1,-2.000066482,-2.000066482,2,AVAILABLE,PARTIAL_QUARTER,NEGATIVE
TRAIL1__N2_06,FULL,GLDRUBF,historical_true_oos,2025,2,0.08673182969,0.08673182969,2,AVAILABLE,FULL_QUARTER,POSITIVE
TRAIL1__N2_06,FULL,IMOEXF,historical_true_oos,2025,2,5.275884717,5.275884717,4,AVAILABLE,FULL_QUARTER,POSITIVE
TRAIL1__N2_06,FULL,GLDRUBF,historical_true_oos,2025,3,12.35072906,12.35072906,7,AVAILABLE,FULL_QUARTER,POSITIVE
TRAIL1__N2_06,FULL,IMOEXF,historical_true_oos,2025,3,3.438490638,3.438490638,9,AVAILABLE,FULL_QUARTER,POSITIVE
TRAIL1__N2_06,FULL,GLDRUBF,historical_true_oos,2025,4,0.6674091997,0.6674091997,10,AVAILABLE,FULL_QUARTER,POSITIVE
TRAIL1__N2_06,FULL,IMOEXF,historical_true_oos,2025,4,2.225109013,2.225109013,8,AVAILABLE,FULL_QUARTER,POSITIVE
TRAIL1__N2_06,FULL,GLDRUBF,historical_true_oos,2026,1,4.227027096,4.227027096,8,AVAILABLE,FULL_QUARTER,POSITIVE
TRAIL1__N2_06,FULL,IMOEXF,historical_true_oos,2026,1,0.5691103127,0.5691103127,6,AVAILABLE,FULL_QUARTER,POSITIVE
TRAIL1__N2_06,FULL,GLDRUBF,historical_true_oos,2026,2,3.047287556,3.047287556,6,AVAILABLE,FULL_QUARTER,POSITIVE
TRAIL1__N2_06,FULL,IMOEXF,historical_true_oos,2026,2,0.1510257381,0.1510257381,13,AVAILABLE,FULL_QUARTER,POSITIVE
TRAIL1__N2_06,FULL,GLDRUBF,historical_true_oos,2026,3,12.34848639,12.34848639,6,AVAILABLE,PARTIAL_QUARTER,POSITIVE
TRAIL1__N2_06,FULL,IMOEXF,historical_true_oos,2026,3,3.527388283,3.527388283,8,AVAILABLE,PARTIAL_QUARTER,POSITIVE
TRAIL1__N3_01,NORMALIZED,USDRUBF,baseline,2023,1,-1.276603239,-0.4255344128,3,AVAILABLE,PARTIAL_QUARTER,NEGATIVE
TRAIL1__N3_01,NORMALIZED,CNYRUBF,baseline,2023,1,-0.09043052072,-0.03014350691,3,AVAILABLE,PARTIAL_QUARTER,NEGATIVE
TRAIL1__N3_01,NORMALIZED,GLDRUBF,baseline,2023,1,0,0,0,NOT_AVAILABLE,NOT_AVAILABLE,ZERO
TRAIL1__N3_01,NORMALIZED,USDRUBF,baseline,2023,2,9.715767168,3.238589056,10,AVAILABLE,FULL_QUARTER,POSITIVE
TRAIL1__N3_01,NORMALIZED,CNYRUBF,baseline,2023,2,6.430907363,2.143635788,8,AVAILABLE,FULL_QUARTER,POSITIVE
TRAIL1__N3_01,NORMALIZED,GLDRUBF,baseline,2023,2,0,0,0,NOT_AVAILABLE,NOT_AVAILABLE,ZERO
TRAIL1__N3_01,NORMALIZED,USDRUBF,baseline,2023,3,5.165398648,1.721799549,7,AVAILABLE,FULL_QUARTER,POSITIVE
TRAIL1__N3_01,NORMALIZED,CNYRUBF,baseline,2023,3,-2.848196864,-0.9493989548,7,AVAILABLE,FULL_QUARTER,NEGATIVE
TRAIL1__N3_01,NORMALIZED,GLDRUBF,baseline,2023,3,-1.000032194,-0.3333440648,1,AVAILABLE,PARTIAL_QUARTER,NEGATIVE
TRAIL1__N3_01,NORMALIZED,USDRUBF,baseline,2023,4,1.773509864,0.5911699548,8,AVAILABLE,FULL_QUARTER,POSITIVE
TRAIL1__N3_01,NORMALIZED,CNYRUBF,baseline,2023,4,-4.38043365,-1.46014455,5,AVAILABLE,FULL_QUARTER,NEGATIVE
TRAIL1__N3_01,NORMALIZED,GLDRUBF,baseline,2023,4,-1.562218361,-0.5207394537,5,AVAILABLE,FULL_QUARTER,NEGATIVE
TRAIL1__N3_01,NORMALIZED,USDRUBF,baseline,2024,1,-1.056238054,-0.3520793514,4,AVAILABLE,FULL_QUARTER,NEGATIVE
TRAIL1__N3_01,NORMALIZED,CNYRUBF,baseline,2024,1,1.287121858,0.4290406194,4,AVAILABLE,FULL_QUARTER,POSITIVE
TRAIL1__N3_01,NORMALIZED,GLDRUBF,baseline,2024,1,4.184871012,1.394957004,10,AVAILABLE,FULL_QUARTER,POSITIVE
TRAIL1__N3_01,NORMALIZED,USDRUBF,baseline,2024,2,3.611043051,1.203681017,11,AVAILABLE,FULL_QUARTER,POSITIVE
TRAIL1__N3_01,NORMALIZED,CNYRUBF,baseline,2024,2,14.89177165,4.963923882,10,AVAILABLE,FULL_QUARTER,POSITIVE
TRAIL1__N3_01,NORMALIZED,GLDRUBF,baseline,2024,2,3.512193145,1.170731048,9,AVAILABLE,FULL_QUARTER,POSITIVE
TRAIL1__N3_01,NORMALIZED,USDRUBF,baseline,2024,3,3.108006987,1.036002329,8,AVAILABLE,FULL_QUARTER,POSITIVE
TRAIL1__N3_01,NORMALIZED,CNYRUBF,baseline,2024,3,0.7712428975,0.2570809658,6,AVAILABLE,FULL_QUARTER,POSITIVE
TRAIL1__N3_01,NORMALIZED,GLDRUBF,baseline,2024,3,-1.787356553,-0.5957855178,7,AVAILABLE,FULL_QUARTER,NEGATIVE
TRAIL1__N3_01,NORMALIZED,USDRUBF,baseline,2024,4,5.45926204,1.819754013,7,AVAILABLE,PARTIAL_QUARTER,POSITIVE
TRAIL1__N3_01,NORMALIZED,CNYRUBF,baseline,2024,4,6.031485647,2.010495216,5,AVAILABLE,PARTIAL_QUARTER,POSITIVE
TRAIL1__N3_01,NORMALIZED,GLDRUBF,baseline,2024,4,7.438694687,2.479564896,8,AVAILABLE,PARTIAL_QUARTER,POSITIVE
TRAIL1__N3_01,NORMALIZED,USDRUBF,walk_forward,2024,1,0.1296426511,0.04321421703,2,AVAILABLE,FULL_QUARTER,POSITIVE
TRAIL1__N3_01,NORMALIZED,CNYRUBF,walk_forward,2024,1,-1.03556481,-0.34518827,1,AVAILABLE,FULL_QUARTER,NEGATIVE
TRAIL1__N3_01,NORMALIZED,GLDRUBF,walk_forward,2024,1,8.185078555,2.728359518,6,AVAILABLE,FULL_QUARTER,POSITIVE
TRAIL1__N3_01,NORMALIZED,USDRUBF,walk_forward,2024,2,5.220879575,1.740293192,5,AVAILABLE,FULL_QUARTER,POSITIVE
TRAIL1__N3_01,NORMALIZED,CNYRUBF,walk_forward,2024,2,14.67662076,4.89220692,4,AVAILABLE,FULL_QUARTER,POSITIVE
TRAIL1__N3_01,NORMALIZED,GLDRUBF,walk_forward,2024,2,-0.7912496134,-0.2637498711,5,AVAILABLE,FULL_QUARTER,NEGATIVE
TRAIL1__N3_01,NORMALIZED,USDRUBF,walk_forward,2024,3,3.158382394,1.052794131,4,AVAILABLE,FULL_QUARTER,POSITIVE
TRAIL1__N3_01,NORMALIZED,CNYRUBF,walk_forward,2024,3,1.802916605,0.6009722018,5,AVAILABLE,FULL_QUARTER,POSITIVE
TRAIL1__N3_01,NORMALIZED,GLDRUBF,walk_forward,2024,3,-2.083850195,-0.6946167316,6,AVAILABLE,FULL_QUARTER,NEGATIVE
TRAIL1__N3_01,NORMALIZED,USDRUBF,walk_forward,2024,4,5.348060663,1.782686888,3,AVAILABLE,PARTIAL_QUARTER,POSITIVE
TRAIL1__N3_01,NORMALIZED,CNYRUBF,walk_forward,2024,4,5.241738636,1.747246212,4,AVAILABLE,PARTIAL_QUARTER,POSITIVE
TRAIL1__N3_01,NORMALIZED,GLDRUBF,walk_forward,2024,4,-0.3904965238,-0.1301655079,4,AVAILABLE,PARTIAL_QUARTER,NEGATIVE
TRAIL1__N3_01,NORMALIZED,USDRUBF,historical_true_oos,2025,1,1.87092439,0.6236414634,2,AVAILABLE,PARTIAL_QUARTER,POSITIVE
TRAIL1__N3_01,NORMALIZED,CNYRUBF,historical_true_oos,2025,1,2.961964957,0.9873216524,3,AVAILABLE,PARTIAL_QUARTER,POSITIVE
TRAIL1__N3_01,NORMALIZED,GLDRUBF,historical_true_oos,2025,1,-1.000018367,-0.3333394555,1,AVAILABLE,PARTIAL_QUARTER,NEGATIVE
TRAIL1__N3_01,NORMALIZED,USDRUBF,historical_true_oos,2025,2,-1.726557362,-0.5755191205,3,AVAILABLE,FULL_QUARTER,NEGATIVE
TRAIL1__N3_01,NORMALIZED,CNYRUBF,historical_true_oos,2025,2,-1.233046201,-0.4110154002,4,AVAILABLE,FULL_QUARTER,NEGATIVE
TRAIL1__N3_01,NORMALIZED,GLDRUBF,historical_true_oos,2025,2,0.08673182969,0.0289106099,2,AVAILABLE,FULL_QUARTER,POSITIVE
TRAIL1__N3_01,NORMALIZED,USDRUBF,historical_true_oos,2025,3,10.12408332,3.37469444,6,AVAILABLE,FULL_QUARTER,POSITIVE
TRAIL1__N3_01,NORMALIZED,CNYRUBF,historical_true_oos,2025,3,9.474114649,3.158038216,7,AVAILABLE,FULL_QUARTER,POSITIVE
TRAIL1__N3_01,NORMALIZED,GLDRUBF,historical_true_oos,2025,3,12.35072906,4.116909686,7,AVAILABLE,FULL_QUARTER,POSITIVE
TRAIL1__N3_01,NORMALIZED,USDRUBF,historical_true_oos,2025,4,-0.8094742122,-0.2698247374,10,AVAILABLE,FULL_QUARTER,NEGATIVE
TRAIL1__N3_01,NORMALIZED,CNYRUBF,historical_true_oos,2025,4,-0.08884297225,-0.02961432408,12,AVAILABLE,FULL_QUARTER,NEGATIVE
TRAIL1__N3_01,NORMALIZED,GLDRUBF,historical_true_oos,2025,4,0.6674091997,0.2224697332,10,AVAILABLE,FULL_QUARTER,POSITIVE
TRAIL1__N3_01,NORMALIZED,USDRUBF,historical_true_oos,2026,1,4.85002482,1.61667494,7,AVAILABLE,FULL_QUARTER,POSITIVE
TRAIL1__N3_01,NORMALIZED,CNYRUBF,historical_true_oos,2026,1,3.391308616,1.130436205,8,AVAILABLE,FULL_QUARTER,POSITIVE
TRAIL1__N3_01,NORMALIZED,GLDRUBF,historical_true_oos,2026,1,4.227027096,1.409009032,8,AVAILABLE,FULL_QUARTER,POSITIVE
TRAIL1__N3_01,NORMALIZED,USDRUBF,historical_true_oos,2026,2,4.205357324,1.401785775,7,AVAILABLE,FULL_QUARTER,POSITIVE
TRAIL1__N3_01,NORMALIZED,CNYRUBF,historical_true_oos,2026,2,3.612342715,1.204114238,7,AVAILABLE,FULL_QUARTER,POSITIVE
TRAIL1__N3_01,NORMALIZED,GLDRUBF,historical_true_oos,2026,2,3.047287556,1.015762519,6,AVAILABLE,FULL_QUARTER,POSITIVE
TRAIL1__N3_01,NORMALIZED,USDRUBF,historical_true_oos,2026,3,4.322808563,1.440936188,9,AVAILABLE,PARTIAL_QUARTER,POSITIVE
TRAIL1__N3_01,NORMALIZED,CNYRUBF,historical_true_oos,2026,3,2.034861524,0.6782871746,9,AVAILABLE,PARTIAL_QUARTER,POSITIVE
TRAIL1__N3_01,NORMALIZED,GLDRUBF,historical_true_oos,2026,3,12.34848639,4.116162129,6,AVAILABLE,PARTIAL_QUARTER,POSITIVE
TRAIL1__N3_01,FULL,USDRUBF,baseline,2023,1,-1.276603239,-1.276603239,3,AVAILABLE,PARTIAL_QUARTER,NEGATIVE
TRAIL1__N3_01,FULL,CNYRUBF,baseline,2023,1,-0.09043052072,-0.09043052072,3,AVAILABLE,PARTIAL_QUARTER,NEGATIVE
TRAIL1__N3_01,FULL,GLDRUBF,baseline,2023,1,0,0,0,NOT_AVAILABLE,NOT_AVAILABLE,ZERO
TRAIL1__N3_01,FULL,USDRUBF,baseline,2023,2,9.715767168,9.715767168,10,AVAILABLE,FULL_QUARTER,POSITIVE
TRAIL1__N3_01,FULL,CNYRUBF,baseline,2023,2,6.430907363,6.430907363,8,AVAILABLE,FULL_QUARTER,POSITIVE
TRAIL1__N3_01,FULL,GLDRUBF,baseline,2023,2,0,0,0,NOT_AVAILABLE,NOT_AVAILABLE,ZERO
TRAIL1__N3_01,FULL,USDRUBF,baseline,2023,3,5.165398648,5.165398648,7,AVAILABLE,FULL_QUARTER,POSITIVE
TRAIL1__N3_01,FULL,CNYRUBF,baseline,2023,3,-2.848196864,-2.848196864,7,AVAILABLE,FULL_QUARTER,NEGATIVE
TRAIL1__N3_01,FULL,GLDRUBF,baseline,2023,3,-1.000032194,-1.000032194,1,AVAILABLE,PARTIAL_QUARTER,NEGATIVE
TRAIL1__N3_01,FULL,USDRUBF,baseline,2023,4,1.773509864,1.773509864,8,AVAILABLE,FULL_QUARTER,POSITIVE
TRAIL1__N3_01,FULL,CNYRUBF,baseline,2023,4,-4.38043365,-4.38043365,5,AVAILABLE,FULL_QUARTER,NEGATIVE
TRAIL1__N3_01,FULL,GLDRUBF,baseline,2023,4,-1.562218361,-1.562218361,5,AVAILABLE,FULL_QUARTER,NEGATIVE
TRAIL1__N3_01,FULL,USDRUBF,baseline,2024,1,-1.056238054,-1.056238054,4,AVAILABLE,FULL_QUARTER,NEGATIVE
TRAIL1__N3_01,FULL,CNYRUBF,baseline,2024,1,1.287121858,1.287121858,4,AVAILABLE,FULL_QUARTER,POSITIVE
TRAIL1__N3_01,FULL,GLDRUBF,baseline,2024,1,4.184871012,4.184871012,10,AVAILABLE,FULL_QUARTER,POSITIVE
TRAIL1__N3_01,FULL,USDRUBF,baseline,2024,2,3.611043051,3.611043051,11,AVAILABLE,FULL_QUARTER,POSITIVE
TRAIL1__N3_01,FULL,CNYRUBF,baseline,2024,2,14.89177165,14.89177165,10,AVAILABLE,FULL_QUARTER,POSITIVE
TRAIL1__N3_01,FULL,GLDRUBF,baseline,2024,2,3.512193145,3.512193145,9,AVAILABLE,FULL_QUARTER,POSITIVE
TRAIL1__N3_01,FULL,USDRUBF,baseline,2024,3,3.108006987,3.108006987,8,AVAILABLE,FULL_QUARTER,POSITIVE
TRAIL1__N3_01,FULL,CNYRUBF,baseline,2024,3,0.7712428975,0.7712428975,6,AVAILABLE,FULL_QUARTER,POSITIVE
TRAIL1__N3_01,FULL,GLDRUBF,baseline,2024,3,-1.787356553,-1.787356553,7,AVAILABLE,FULL_QUARTER,NEGATIVE
TRAIL1__N3_01,FULL,USDRUBF,baseline,2024,4,5.45926204,5.45926204,7,AVAILABLE,PARTIAL_QUARTER,POSITIVE
TRAIL1__N3_01,FULL,CNYRUBF,baseline,2024,4,6.031485647,6.031485647,5,AVAILABLE,PARTIAL_QUARTER,POSITIVE
TRAIL1__N3_01,FULL,GLDRUBF,baseline,2024,4,7.438694687,7.438694687,8,AVAILABLE,PARTIAL_QUARTER,POSITIVE
TRAIL1__N3_01,FULL,USDRUBF,walk_forward,2024,1,0.1296426511,0.1296426511,2,AVAILABLE,FULL_QUARTER,POSITIVE
TRAIL1__N3_01,FULL,CNYRUBF,walk_forward,2024,1,-1.03556481,-1.03556481,1,AVAILABLE,FULL_QUARTER,NEGATIVE
TRAIL1__N3_01,FULL,GLDRUBF,walk_forward,2024,1,8.185078555,8.185078555,6,AVAILABLE,FULL_QUARTER,POSITIVE
TRAIL1__N3_01,FULL,USDRUBF,walk_forward,2024,2,5.220879575,5.220879575,5,AVAILABLE,FULL_QUARTER,POSITIVE
TRAIL1__N3_01,FULL,CNYRUBF,walk_forward,2024,2,14.67662076,14.67662076,4,AVAILABLE,FULL_QUARTER,POSITIVE
TRAIL1__N3_01,FULL,GLDRUBF,walk_forward,2024,2,-0.7912496134,-0.7912496134,5,AVAILABLE,FULL_QUARTER,NEGATIVE
TRAIL1__N3_01,FULL,USDRUBF,walk_forward,2024,3,3.158382394,3.158382394,4,AVAILABLE,FULL_QUARTER,POSITIVE
TRAIL1__N3_01,FULL,CNYRUBF,walk_forward,2024,3,1.802916605,1.802916605,5,AVAILABLE,FULL_QUARTER,POSITIVE
TRAIL1__N3_01,FULL,GLDRUBF,walk_forward,2024,3,-2.083850195,-2.083850195,6,AVAILABLE,FULL_QUARTER,NEGATIVE
TRAIL1__N3_01,FULL,USDRUBF,walk_forward,2024,4,5.348060663,5.348060663,3,AVAILABLE,PARTIAL_QUARTER,POSITIVE
TRAIL1__N3_01,FULL,CNYRUBF,walk_forward,2024,4,5.241738636,5.241738636,4,AVAILABLE,PARTIAL_QUARTER,POSITIVE
TRAIL1__N3_01,FULL,GLDRUBF,walk_forward,2024,4,-0.3904965238,-0.3904965238,4,AVAILABLE,PARTIAL_QUARTER,NEGATIVE
TRAIL1__N3_01,FULL,USDRUBF,historical_true_oos,2025,1,1.87092439,1.87092439,2,AVAILABLE,PARTIAL_QUARTER,POSITIVE
TRAIL1__N3_01,FULL,CNYRUBF,historical_true_oos,2025,1,2.961964957,2.961964957,3,AVAILABLE,PARTIAL_QUARTER,POSITIVE
TRAIL1__N3_01,FULL,GLDRUBF,historical_true_oos,2025,1,-1.000018367,-1.000018367,1,AVAILABLE,PARTIAL_QUARTER,NEGATIVE
TRAIL1__N3_01,FULL,USDRUBF,historical_true_oos,2025,2,-1.726557362,-1.726557362,3,AVAILABLE,FULL_QUARTER,NEGATIVE
TRAIL1__N3_01,FULL,CNYRUBF,historical_true_oos,2025,2,-1.233046201,-1.233046201,4,AVAILABLE,FULL_QUARTER,NEGATIVE
TRAIL1__N3_01,FULL,GLDRUBF,historical_true_oos,2025,2,0.08673182969,0.08673182969,2,AVAILABLE,FULL_QUARTER,POSITIVE
TRAIL1__N3_01,FULL,USDRUBF,historical_true_oos,2025,3,10.12408332,10.12408332,6,AVAILABLE,FULL_QUARTER,POSITIVE
TRAIL1__N3_01,FULL,CNYRUBF,historical_true_oos,2025,3,9.474114649,9.474114649,7,AVAILABLE,FULL_QUARTER,POSITIVE
TRAIL1__N3_01,FULL,GLDRUBF,historical_true_oos,2025,3,12.35072906,12.35072906,7,AVAILABLE,FULL_QUARTER,POSITIVE
TRAIL1__N3_01,FULL,USDRUBF,historical_true_oos,2025,4,-0.8094742122,-0.8094742122,10,AVAILABLE,FULL_QUARTER,NEGATIVE
TRAIL1__N3_01,FULL,CNYRUBF,historical_true_oos,2025,4,-0.08884297225,-0.08884297225,12,AVAILABLE,FULL_QUARTER,NEGATIVE
TRAIL1__N3_01,FULL,GLDRUBF,historical_true_oos,2025,4,0.6674091997,0.6674091997,10,AVAILABLE,FULL_QUARTER,POSITIVE
TRAIL1__N3_01,FULL,USDRUBF,historical_true_oos,2026,1,4.85002482,4.85002482,7,AVAILABLE,FULL_QUARTER,POSITIVE
TRAIL1__N3_01,FULL,CNYRUBF,historical_true_oos,2026,1,3.391308616,3.391308616,8,AVAILABLE,FULL_QUARTER,POSITIVE
TRAIL1__N3_01,FULL,GLDRUBF,historical_true_oos,2026,1,4.227027096,4.227027096,8,AVAILABLE,FULL_QUARTER,POSITIVE
TRAIL1__N3_01,FULL,USDRUBF,historical_true_oos,2026,2,4.205357324,4.205357324,7,AVAILABLE,FULL_QUARTER,POSITIVE
TRAIL1__N3_01,FULL,CNYRUBF,historical_true_oos,2026,2,3.612342715,3.612342715,7,AVAILABLE,FULL_QUARTER,POSITIVE
TRAIL1__N3_01,FULL,GLDRUBF,historical_true_oos,2026,2,3.047287556,3.047287556,6,AVAILABLE,FULL_QUARTER,POSITIVE
TRAIL1__N3_01,FULL,USDRUBF,historical_true_oos,2026,3,4.322808563,4.322808563,9,AVAILABLE,PARTIAL_QUARTER,POSITIVE
TRAIL1__N3_01,FULL,CNYRUBF,historical_true_oos,2026,3,2.034861524,2.034861524,9,AVAILABLE,PARTIAL_QUARTER,POSITIVE
TRAIL1__N3_01,FULL,GLDRUBF,historical_true_oos,2026,3,12.34848639,12.34848639,6,AVAILABLE,PARTIAL_QUARTER,POSITIVE
TRAIL1__N3_02,NORMALIZED,USDRUBF,baseline,2023,1,-1.276603239,-0.4255344128,3,AVAILABLE,PARTIAL_QUARTER,NEGATIVE
TRAIL1__N3_02,NORMALIZED,CNYRUBF,baseline,2023,1,-0.09043052072,-0.03014350691,3,AVAILABLE,PARTIAL_QUARTER,NEGATIVE
TRAIL1__N3_02,NORMALIZED,IMOEXF,baseline,2023,1,0,0,0,NOT_AVAILABLE,NOT_AVAILABLE,ZERO
TRAIL1__N3_02,NORMALIZED,USDRUBF,baseline,2023,2,9.715767168,3.238589056,10,AVAILABLE,FULL_QUARTER,POSITIVE
TRAIL1__N3_02,NORMALIZED,CNYRUBF,baseline,2023,2,6.430907363,2.143635788,8,AVAILABLE,FULL_QUARTER,POSITIVE
TRAIL1__N3_02,NORMALIZED,IMOEXF,baseline,2023,2,0,0,0,NOT_AVAILABLE,NOT_AVAILABLE,ZERO
TRAIL1__N3_02,NORMALIZED,USDRUBF,baseline,2023,3,5.165398648,1.721799549,7,AVAILABLE,FULL_QUARTER,POSITIVE
TRAIL1__N3_02,NORMALIZED,CNYRUBF,baseline,2023,3,-2.848196864,-0.9493989548,7,AVAILABLE,FULL_QUARTER,NEGATIVE
TRAIL1__N3_02,NORMALIZED,IMOEXF,baseline,2023,3,0,0,0,NOT_AVAILABLE,NOT_AVAILABLE,ZERO
TRAIL1__N3_02,NORMALIZED,USDRUBF,baseline,2023,4,1.773509864,0.5911699548,8,AVAILABLE,FULL_QUARTER,POSITIVE
TRAIL1__N3_02,NORMALIZED,CNYRUBF,baseline,2023,4,-4.38043365,-1.46014455,5,AVAILABLE,FULL_QUARTER,NEGATIVE
TRAIL1__N3_02,NORMALIZED,IMOEXF,baseline,2023,4,0,0,0,NOT_AVAILABLE,PARTIAL_QUARTER,ZERO
TRAIL1__N3_02,NORMALIZED,USDRUBF,baseline,2024,1,-1.056238054,-0.3520793514,4,AVAILABLE,FULL_QUARTER,NEGATIVE
TRAIL1__N3_02,NORMALIZED,CNYRUBF,baseline,2024,1,1.287121858,0.4290406194,4,AVAILABLE,FULL_QUARTER,POSITIVE
TRAIL1__N3_02,NORMALIZED,IMOEXF,baseline,2024,1,3.251141107,1.083713702,7,AVAILABLE,FULL_QUARTER,POSITIVE
TRAIL1__N3_02,NORMALIZED,USDRUBF,baseline,2024,2,3.611043051,1.203681017,11,AVAILABLE,FULL_QUARTER,POSITIVE
TRAIL1__N3_02,NORMALIZED,CNYRUBF,baseline,2024,2,14.89177165,4.963923882,10,AVAILABLE,FULL_QUARTER,POSITIVE
TRAIL1__N3_02,NORMALIZED,IMOEXF,baseline,2024,2,6.596180726,2.198726909,6,AVAILABLE,FULL_QUARTER,POSITIVE
TRAIL1__N3_02,NORMALIZED,USDRUBF,baseline,2024,3,3.108006987,1.036002329,8,AVAILABLE,FULL_QUARTER,POSITIVE
TRAIL1__N3_02,NORMALIZED,CNYRUBF,baseline,2024,3,0.7712428975,0.2570809658,6,AVAILABLE,FULL_QUARTER,POSITIVE
TRAIL1__N3_02,NORMALIZED,IMOEXF,baseline,2024,3,9.753307408,3.251102469,7,AVAILABLE,FULL_QUARTER,POSITIVE
TRAIL1__N3_02,NORMALIZED,USDRUBF,baseline,2024,4,5.45926204,1.819754013,7,AVAILABLE,PARTIAL_QUARTER,POSITIVE
TRAIL1__N3_02,NORMALIZED,CNYRUBF,baseline,2024,4,6.031485647,2.010495216,5,AVAILABLE,PARTIAL_QUARTER,POSITIVE
TRAIL1__N3_02,NORMALIZED,IMOEXF,baseline,2024,4,2.943055533,0.9810185111,5,AVAILABLE,PARTIAL_QUARTER,POSITIVE
TRAIL1__N3_02,NORMALIZED,USDRUBF,walk_forward,2024,1,0.1296426511,0.04321421703,2,AVAILABLE,FULL_QUARTER,POSITIVE
TRAIL1__N3_02,NORMALIZED,CNYRUBF,walk_forward,2024,1,-1.03556481,-0.34518827,1,AVAILABLE,FULL_QUARTER,NEGATIVE
TRAIL1__N3_02,NORMALIZED,IMOEXF,walk_forward,2024,1,-3.000310991,-1.000103664,3,AVAILABLE,FULL_QUARTER,NEGATIVE
TRAIL1__N3_02,NORMALIZED,USDRUBF,walk_forward,2024,2,5.220879575,1.740293192,5,AVAILABLE,FULL_QUARTER,POSITIVE
TRAIL1__N3_02,NORMALIZED,CNYRUBF,walk_forward,2024,2,14.67662076,4.89220692,4,AVAILABLE,FULL_QUARTER,POSITIVE
TRAIL1__N3_02,NORMALIZED,IMOEXF,walk_forward,2024,2,4.99886676,1.66628892,5,AVAILABLE,FULL_QUARTER,POSITIVE
TRAIL1__N3_02,NORMALIZED,USDRUBF,walk_forward,2024,3,3.158382394,1.052794131,4,AVAILABLE,FULL_QUARTER,POSITIVE
TRAIL1__N3_02,NORMALIZED,CNYRUBF,walk_forward,2024,3,1.802916605,0.6009722018,5,AVAILABLE,FULL_QUARTER,POSITIVE
TRAIL1__N3_02,NORMALIZED,IMOEXF,walk_forward,2024,3,3.827226242,1.275742081,3,AVAILABLE,FULL_QUARTER,POSITIVE
TRAIL1__N3_02,NORMALIZED,USDRUBF,walk_forward,2024,4,5.348060663,1.782686888,3,AVAILABLE,PARTIAL_QUARTER,POSITIVE
TRAIL1__N3_02,NORMALIZED,CNYRUBF,walk_forward,2024,4,5.241738636,1.747246212,4,AVAILABLE,PARTIAL_QUARTER,POSITIVE
TRAIL1__N3_02,NORMALIZED,IMOEXF,walk_forward,2024,4,1.53728685,0.5124289501,3,AVAILABLE,PARTIAL_QUARTER,POSITIVE
TRAIL1__N3_02,NORMALIZED,USDRUBF,historical_true_oos,2025,1,1.87092439,0.6236414634,2,AVAILABLE,PARTIAL_QUARTER,POSITIVE
TRAIL1__N3_02,NORMALIZED,CNYRUBF,historical_true_oos,2025,1,2.961964957,0.9873216524,3,AVAILABLE,PARTIAL_QUARTER,POSITIVE
TRAIL1__N3_02,NORMALIZED,IMOEXF,historical_true_oos,2025,1,-2.000066482,-0.6666888274,2,AVAILABLE,PARTIAL_QUARTER,NEGATIVE
TRAIL1__N3_02,NORMALIZED,USDRUBF,historical_true_oos,2025,2,-1.726557362,-0.5755191205,3,AVAILABLE,FULL_QUARTER,NEGATIVE
TRAIL1__N3_02,NORMALIZED,CNYRUBF,historical_true_oos,2025,2,-1.233046201,-0.4110154002,4,AVAILABLE,FULL_QUARTER,NEGATIVE
TRAIL1__N3_02,NORMALIZED,IMOEXF,historical_true_oos,2025,2,5.275884717,1.758628239,4,AVAILABLE,FULL_QUARTER,POSITIVE
TRAIL1__N3_02,NORMALIZED,USDRUBF,historical_true_oos,2025,3,10.12408332,3.37469444,6,AVAILABLE,FULL_QUARTER,POSITIVE
TRAIL1__N3_02,NORMALIZED,CNYRUBF,historical_true_oos,2025,3,9.474114649,3.158038216,7,AVAILABLE,FULL_QUARTER,POSITIVE
TRAIL1__N3_02,NORMALIZED,IMOEXF,historical_true_oos,2025,3,3.438490638,1.146163546,9,AVAILABLE,FULL_QUARTER,POSITIVE
TRAIL1__N3_02,NORMALIZED,USDRUBF,historical_true_oos,2025,4,-0.8094742122,-0.2698247374,10,AVAILABLE,FULL_QUARTER,NEGATIVE
TRAIL1__N3_02,NORMALIZED,CNYRUBF,historical_true_oos,2025,4,-0.08884297225,-0.02961432408,12,AVAILABLE,FULL_QUARTER,NEGATIVE
TRAIL1__N3_02,NORMALIZED,IMOEXF,historical_true_oos,2025,4,2.225109013,0.7417030044,8,AVAILABLE,FULL_QUARTER,POSITIVE
TRAIL1__N3_02,NORMALIZED,USDRUBF,historical_true_oos,2026,1,4.85002482,1.61667494,7,AVAILABLE,FULL_QUARTER,POSITIVE
TRAIL1__N3_02,NORMALIZED,CNYRUBF,historical_true_oos,2026,1,3.391308616,1.130436205,8,AVAILABLE,FULL_QUARTER,POSITIVE
TRAIL1__N3_02,NORMALIZED,IMOEXF,historical_true_oos,2026,1,0.5691103127,0.1897034376,6,AVAILABLE,FULL_QUARTER,POSITIVE
TRAIL1__N3_02,NORMALIZED,USDRUBF,historical_true_oos,2026,2,4.205357324,1.401785775,7,AVAILABLE,FULL_QUARTER,POSITIVE
TRAIL1__N3_02,NORMALIZED,CNYRUBF,historical_true_oos,2026,2,3.612342715,1.204114238,7,AVAILABLE,FULL_QUARTER,POSITIVE
TRAIL1__N3_02,NORMALIZED,IMOEXF,historical_true_oos,2026,2,0.1510257381,0.0503419127,13,AVAILABLE,FULL_QUARTER,POSITIVE
TRAIL1__N3_02,NORMALIZED,USDRUBF,historical_true_oos,2026,3,4.322808563,1.440936188,9,AVAILABLE,PARTIAL_QUARTER,POSITIVE
TRAIL1__N3_02,NORMALIZED,CNYRUBF,historical_true_oos,2026,3,2.034861524,0.6782871746,9,AVAILABLE,PARTIAL_QUARTER,POSITIVE
TRAIL1__N3_02,NORMALIZED,IMOEXF,historical_true_oos,2026,3,3.527388283,1.175796094,8,AVAILABLE,PARTIAL_QUARTER,POSITIVE
TRAIL1__N3_02,FULL,USDRUBF,baseline,2023,1,-1.276603239,-1.276603239,3,AVAILABLE,PARTIAL_QUARTER,NEGATIVE
TRAIL1__N3_02,FULL,CNYRUBF,baseline,2023,1,-0.09043052072,-0.09043052072,3,AVAILABLE,PARTIAL_QUARTER,NEGATIVE
TRAIL1__N3_02,FULL,IMOEXF,baseline,2023,1,0,0,0,NOT_AVAILABLE,NOT_AVAILABLE,ZERO
TRAIL1__N3_02,FULL,USDRUBF,baseline,2023,2,9.715767168,9.715767168,10,AVAILABLE,FULL_QUARTER,POSITIVE
TRAIL1__N3_02,FULL,CNYRUBF,baseline,2023,2,6.430907363,6.430907363,8,AVAILABLE,FULL_QUARTER,POSITIVE
TRAIL1__N3_02,FULL,IMOEXF,baseline,2023,2,0,0,0,NOT_AVAILABLE,NOT_AVAILABLE,ZERO
TRAIL1__N3_02,FULL,USDRUBF,baseline,2023,3,5.165398648,5.165398648,7,AVAILABLE,FULL_QUARTER,POSITIVE
TRAIL1__N3_02,FULL,CNYRUBF,baseline,2023,3,-2.848196864,-2.848196864,7,AVAILABLE,FULL_QUARTER,NEGATIVE
TRAIL1__N3_02,FULL,IMOEXF,baseline,2023,3,0,0,0,NOT_AVAILABLE,NOT_AVAILABLE,ZERO
TRAIL1__N3_02,FULL,USDRUBF,baseline,2023,4,1.773509864,1.773509864,8,AVAILABLE,FULL_QUARTER,POSITIVE
TRAIL1__N3_02,FULL,CNYRUBF,baseline,2023,4,-4.38043365,-4.38043365,5,AVAILABLE,FULL_QUARTER,NEGATIVE
TRAIL1__N3_02,FULL,IMOEXF,baseline,2023,4,0,0,0,NOT_AVAILABLE,PARTIAL_QUARTER,ZERO
TRAIL1__N3_02,FULL,USDRUBF,baseline,2024,1,-1.056238054,-1.056238054,4,AVAILABLE,FULL_QUARTER,NEGATIVE
TRAIL1__N3_02,FULL,CNYRUBF,baseline,2024,1,1.287121858,1.287121858,4,AVAILABLE,FULL_QUARTER,POSITIVE
TRAIL1__N3_02,FULL,IMOEXF,baseline,2024,1,3.251141107,3.251141107,7,AVAILABLE,FULL_QUARTER,POSITIVE
TRAIL1__N3_02,FULL,USDRUBF,baseline,2024,2,3.611043051,3.611043051,11,AVAILABLE,FULL_QUARTER,POSITIVE
TRAIL1__N3_02,FULL,CNYRUBF,baseline,2024,2,14.89177165,14.89177165,10,AVAILABLE,FULL_QUARTER,POSITIVE
TRAIL1__N3_02,FULL,IMOEXF,baseline,2024,2,6.596180726,6.596180726,6,AVAILABLE,FULL_QUARTER,POSITIVE
TRAIL1__N3_02,FULL,USDRUBF,baseline,2024,3,3.108006987,3.108006987,8,AVAILABLE,FULL_QUARTER,POSITIVE
TRAIL1__N3_02,FULL,CNYRUBF,baseline,2024,3,0.7712428975,0.7712428975,6,AVAILABLE,FULL_QUARTER,POSITIVE
TRAIL1__N3_02,FULL,IMOEXF,baseline,2024,3,9.753307408,9.753307408,7,AVAILABLE,FULL_QUARTER,POSITIVE
TRAIL1__N3_02,FULL,USDRUBF,baseline,2024,4,5.45926204,5.45926204,7,AVAILABLE,PARTIAL_QUARTER,POSITIVE
TRAIL1__N3_02,FULL,CNYRUBF,baseline,2024,4,6.031485647,6.031485647,5,AVAILABLE,PARTIAL_QUARTER,POSITIVE
TRAIL1__N3_02,FULL,IMOEXF,baseline,2024,4,2.943055533,2.943055533,5,AVAILABLE,PARTIAL_QUARTER,POSITIVE
TRAIL1__N3_02,FULL,USDRUBF,walk_forward,2024,1,0.1296426511,0.1296426511,2,AVAILABLE,FULL_QUARTER,POSITIVE
TRAIL1__N3_02,FULL,CNYRUBF,walk_forward,2024,1,-1.03556481,-1.03556481,1,AVAILABLE,FULL_QUARTER,NEGATIVE
TRAIL1__N3_02,FULL,IMOEXF,walk_forward,2024,1,-3.000310991,-3.000310991,3,AVAILABLE,FULL_QUARTER,NEGATIVE
TRAIL1__N3_02,FULL,USDRUBF,walk_forward,2024,2,5.220879575,5.220879575,5,AVAILABLE,FULL_QUARTER,POSITIVE
TRAIL1__N3_02,FULL,CNYRUBF,walk_forward,2024,2,14.67662076,14.67662076,4,AVAILABLE,FULL_QUARTER,POSITIVE
TRAIL1__N3_02,FULL,IMOEXF,walk_forward,2024,2,4.99886676,4.99886676,5,AVAILABLE,FULL_QUARTER,POSITIVE
TRAIL1__N3_02,FULL,USDRUBF,walk_forward,2024,3,3.158382394,3.158382394,4,AVAILABLE,FULL_QUARTER,POSITIVE
TRAIL1__N3_02,FULL,CNYRUBF,walk_forward,2024,3,1.802916605,1.802916605,5,AVAILABLE,FULL_QUARTER,POSITIVE
TRAIL1__N3_02,FULL,IMOEXF,walk_forward,2024,3,3.827226242,3.827226242,3,AVAILABLE,FULL_QUARTER,POSITIVE
TRAIL1__N3_02,FULL,USDRUBF,walk_forward,2024,4,5.348060663,5.348060663,3,AVAILABLE,PARTIAL_QUARTER,POSITIVE
TRAIL1__N3_02,FULL,CNYRUBF,walk_forward,2024,4,5.241738636,5.241738636,4,AVAILABLE,PARTIAL_QUARTER,POSITIVE
TRAIL1__N3_02,FULL,IMOEXF,walk_forward,2024,4,1.53728685,1.53728685,3,AVAILABLE,PARTIAL_QUARTER,POSITIVE
TRAIL1__N3_02,FULL,USDRUBF,historical_true_oos,2025,1,1.87092439,1.87092439,2,AVAILABLE,PARTIAL_QUARTER,POSITIVE
TRAIL1__N3_02,FULL,CNYRUBF,historical_true_oos,2025,1,2.961964957,2.961964957,3,AVAILABLE,PARTIAL_QUARTER,POSITIVE
TRAIL1__N3_02,FULL,IMOEXF,historical_true_oos,2025,1,-2.000066482,-2.000066482,2,AVAILABLE,PARTIAL_QUARTER,NEGATIVE
TRAIL1__N3_02,FULL,USDRUBF,historical_true_oos,2025,2,-1.726557362,-1.726557362,3,AVAILABLE,FULL_QUARTER,NEGATIVE
TRAIL1__N3_02,FULL,CNYRUBF,historical_true_oos,2025,2,-1.233046201,-1.233046201,4,AVAILABLE,FULL_QUARTER,NEGATIVE
TRAIL1__N3_02,FULL,IMOEXF,historical_true_oos,2025,2,5.275884717,5.275884717,4,AVAILABLE,FULL_QUARTER,POSITIVE
TRAIL1__N3_02,FULL,USDRUBF,historical_true_oos,2025,3,10.12408332,10.12408332,6,AVAILABLE,FULL_QUARTER,POSITIVE
TRAIL1__N3_02,FULL,CNYRUBF,historical_true_oos,2025,3,9.474114649,9.474114649,7,AVAILABLE,FULL_QUARTER,POSITIVE
TRAIL1__N3_02,FULL,IMOEXF,historical_true_oos,2025,3,3.438490638,3.438490638,9,AVAILABLE,FULL_QUARTER,POSITIVE
TRAIL1__N3_02,FULL,USDRUBF,historical_true_oos,2025,4,-0.8094742122,-0.8094742122,10,AVAILABLE,FULL_QUARTER,NEGATIVE
TRAIL1__N3_02,FULL,CNYRUBF,historical_true_oos,2025,4,-0.08884297225,-0.08884297225,12,AVAILABLE,FULL_QUARTER,NEGATIVE
TRAIL1__N3_02,FULL,IMOEXF,historical_true_oos,2025,4,2.225109013,2.225109013,8,AVAILABLE,FULL_QUARTER,POSITIVE
TRAIL1__N3_02,FULL,USDRUBF,historical_true_oos,2026,1,4.85002482,4.85002482,7,AVAILABLE,FULL_QUARTER,POSITIVE
TRAIL1__N3_02,FULL,CNYRUBF,historical_true_oos,2026,1,3.391308616,3.391308616,8,AVAILABLE,FULL_QUARTER,POSITIVE
TRAIL1__N3_02,FULL,IMOEXF,historical_true_oos,2026,1,0.5691103127,0.5691103127,6,AVAILABLE,FULL_QUARTER,POSITIVE
TRAIL1__N3_02,FULL,USDRUBF,historical_true_oos,2026,2,4.205357324,4.205357324,7,AVAILABLE,FULL_QUARTER,POSITIVE
TRAIL1__N3_02,FULL,CNYRUBF,historical_true_oos,2026,2,3.612342715,3.612342715,7,AVAILABLE,FULL_QUARTER,POSITIVE
TRAIL1__N3_02,FULL,IMOEXF,historical_true_oos,2026,2,0.1510257381,0.1510257381,13,AVAILABLE,FULL_QUARTER,POSITIVE
TRAIL1__N3_02,FULL,USDRUBF,historical_true_oos,2026,3,4.322808563,4.322808563,9,AVAILABLE,PARTIAL_QUARTER,POSITIVE
TRAIL1__N3_02,FULL,CNYRUBF,historical_true_oos,2026,3,2.034861524,2.034861524,9,AVAILABLE,PARTIAL_QUARTER,POSITIVE
TRAIL1__N3_02,FULL,IMOEXF,historical_true_oos,2026,3,3.527388283,3.527388283,8,AVAILABLE,PARTIAL_QUARTER,POSITIVE
TRAIL1__N3_03,NORMALIZED,USDRUBF,baseline,2023,1,-1.276603239,-0.4255344128,3,AVAILABLE,PARTIAL_QUARTER,NEGATIVE
TRAIL1__N3_03,NORMALIZED,GLDRUBF,baseline,2023,1,0,0,0,NOT_AVAILABLE,NOT_AVAILABLE,ZERO
TRAIL1__N3_03,NORMALIZED,IMOEXF,baseline,2023,1,0,0,0,NOT_AVAILABLE,NOT_AVAILABLE,ZERO
TRAIL1__N3_03,NORMALIZED,USDRUBF,baseline,2023,2,9.715767168,3.238589056,10,AVAILABLE,FULL_QUARTER,POSITIVE
TRAIL1__N3_03,NORMALIZED,GLDRUBF,baseline,2023,2,0,0,0,NOT_AVAILABLE,NOT_AVAILABLE,ZERO
TRAIL1__N3_03,NORMALIZED,IMOEXF,baseline,2023,2,0,0,0,NOT_AVAILABLE,NOT_AVAILABLE,ZERO
TRAIL1__N3_03,NORMALIZED,USDRUBF,baseline,2023,3,5.165398648,1.721799549,7,AVAILABLE,FULL_QUARTER,POSITIVE
TRAIL1__N3_03,NORMALIZED,GLDRUBF,baseline,2023,3,-1.000032194,-0.3333440648,1,AVAILABLE,PARTIAL_QUARTER,NEGATIVE
TRAIL1__N3_03,NORMALIZED,IMOEXF,baseline,2023,3,0,0,0,NOT_AVAILABLE,NOT_AVAILABLE,ZERO
TRAIL1__N3_03,NORMALIZED,USDRUBF,baseline,2023,4,1.773509864,0.5911699548,8,AVAILABLE,FULL_QUARTER,POSITIVE
TRAIL1__N3_03,NORMALIZED,GLDRUBF,baseline,2023,4,-1.562218361,-0.5207394537,5,AVAILABLE,FULL_QUARTER,NEGATIVE
TRAIL1__N3_03,NORMALIZED,IMOEXF,baseline,2023,4,0,0,0,NOT_AVAILABLE,PARTIAL_QUARTER,ZERO
TRAIL1__N3_03,NORMALIZED,USDRUBF,baseline,2024,1,-1.056238054,-0.3520793514,4,AVAILABLE,FULL_QUARTER,NEGATIVE
TRAIL1__N3_03,NORMALIZED,GLDRUBF,baseline,2024,1,4.184871012,1.394957004,10,AVAILABLE,FULL_QUARTER,POSITIVE
TRAIL1__N3_03,NORMALIZED,IMOEXF,baseline,2024,1,3.251141107,1.083713702,7,AVAILABLE,FULL_QUARTER,POSITIVE
TRAIL1__N3_03,NORMALIZED,USDRUBF,baseline,2024,2,3.611043051,1.203681017,11,AVAILABLE,FULL_QUARTER,POSITIVE
TRAIL1__N3_03,NORMALIZED,GLDRUBF,baseline,2024,2,3.512193145,1.170731048,9,AVAILABLE,FULL_QUARTER,POSITIVE
TRAIL1__N3_03,NORMALIZED,IMOEXF,baseline,2024,2,6.596180726,2.198726909,6,AVAILABLE,FULL_QUARTER,POSITIVE
TRAIL1__N3_03,NORMALIZED,USDRUBF,baseline,2024,3,3.108006987,1.036002329,8,AVAILABLE,FULL_QUARTER,POSITIVE
TRAIL1__N3_03,NORMALIZED,GLDRUBF,baseline,2024,3,-1.787356553,-0.5957855178,7,AVAILABLE,FULL_QUARTER,NEGATIVE
TRAIL1__N3_03,NORMALIZED,IMOEXF,baseline,2024,3,9.753307408,3.251102469,7,AVAILABLE,FULL_QUARTER,POSITIVE
TRAIL1__N3_03,NORMALIZED,USDRUBF,baseline,2024,4,5.45926204,1.819754013,7,AVAILABLE,PARTIAL_QUARTER,POSITIVE
TRAIL1__N3_03,NORMALIZED,GLDRUBF,baseline,2024,4,7.438694687,2.479564896,8,AVAILABLE,PARTIAL_QUARTER,POSITIVE
TRAIL1__N3_03,NORMALIZED,IMOEXF,baseline,2024,4,2.943055533,0.9810185111,5,AVAILABLE,PARTIAL_QUARTER,POSITIVE
TRAIL1__N3_03,NORMALIZED,USDRUBF,walk_forward,2024,1,0.1296426511,0.04321421703,2,AVAILABLE,FULL_QUARTER,POSITIVE
TRAIL1__N3_03,NORMALIZED,GLDRUBF,walk_forward,2024,1,8.185078555,2.728359518,6,AVAILABLE,FULL_QUARTER,POSITIVE
TRAIL1__N3_03,NORMALIZED,IMOEXF,walk_forward,2024,1,-3.000310991,-1.000103664,3,AVAILABLE,FULL_QUARTER,NEGATIVE
TRAIL1__N3_03,NORMALIZED,USDRUBF,walk_forward,2024,2,5.220879575,1.740293192,5,AVAILABLE,FULL_QUARTER,POSITIVE
TRAIL1__N3_03,NORMALIZED,GLDRUBF,walk_forward,2024,2,-0.7912496134,-0.2637498711,5,AVAILABLE,FULL_QUARTER,NEGATIVE
TRAIL1__N3_03,NORMALIZED,IMOEXF,walk_forward,2024,2,4.99886676,1.66628892,5,AVAILABLE,FULL_QUARTER,POSITIVE
TRAIL1__N3_03,NORMALIZED,USDRUBF,walk_forward,2024,3,3.158382394,1.052794131,4,AVAILABLE,FULL_QUARTER,POSITIVE
TRAIL1__N3_03,NORMALIZED,GLDRUBF,walk_forward,2024,3,-2.083850195,-0.6946167316,6,AVAILABLE,FULL_QUARTER,NEGATIVE
TRAIL1__N3_03,NORMALIZED,IMOEXF,walk_forward,2024,3,3.827226242,1.275742081,3,AVAILABLE,FULL_QUARTER,POSITIVE
TRAIL1__N3_03,NORMALIZED,USDRUBF,walk_forward,2024,4,5.348060663,1.782686888,3,AVAILABLE,PARTIAL_QUARTER,POSITIVE
TRAIL1__N3_03,NORMALIZED,GLDRUBF,walk_forward,2024,4,-0.3904965238,-0.1301655079,4,AVAILABLE,PARTIAL_QUARTER,NEGATIVE
TRAIL1__N3_03,NORMALIZED,IMOEXF,walk_forward,2024,4,1.53728685,0.5124289501,3,AVAILABLE,PARTIAL_QUARTER,POSITIVE
TRAIL1__N3_03,NORMALIZED,USDRUBF,historical_true_oos,2025,1,1.87092439,0.6236414634,2,AVAILABLE,PARTIAL_QUARTER,POSITIVE
TRAIL1__N3_03,NORMALIZED,GLDRUBF,historical_true_oos,2025,1,-1.000018367,-0.3333394555,1,AVAILABLE,PARTIAL_QUARTER,NEGATIVE
TRAIL1__N3_03,NORMALIZED,IMOEXF,historical_true_oos,2025,1,-2.000066482,-0.6666888274,2,AVAILABLE,PARTIAL_QUARTER,NEGATIVE
TRAIL1__N3_03,NORMALIZED,USDRUBF,historical_true_oos,2025,2,-1.726557362,-0.5755191205,3,AVAILABLE,FULL_QUARTER,NEGATIVE
TRAIL1__N3_03,NORMALIZED,GLDRUBF,historical_true_oos,2025,2,0.08673182969,0.0289106099,2,AVAILABLE,FULL_QUARTER,POSITIVE
TRAIL1__N3_03,NORMALIZED,IMOEXF,historical_true_oos,2025,2,5.275884717,1.758628239,4,AVAILABLE,FULL_QUARTER,POSITIVE
TRAIL1__N3_03,NORMALIZED,USDRUBF,historical_true_oos,2025,3,10.12408332,3.37469444,6,AVAILABLE,FULL_QUARTER,POSITIVE
TRAIL1__N3_03,NORMALIZED,GLDRUBF,historical_true_oos,2025,3,12.35072906,4.116909686,7,AVAILABLE,FULL_QUARTER,POSITIVE
TRAIL1__N3_03,NORMALIZED,IMOEXF,historical_true_oos,2025,3,3.438490638,1.146163546,9,AVAILABLE,FULL_QUARTER,POSITIVE
TRAIL1__N3_03,NORMALIZED,USDRUBF,historical_true_oos,2025,4,-0.8094742122,-0.2698247374,10,AVAILABLE,FULL_QUARTER,NEGATIVE
TRAIL1__N3_03,NORMALIZED,GLDRUBF,historical_true_oos,2025,4,0.6674091997,0.2224697332,10,AVAILABLE,FULL_QUARTER,POSITIVE
TRAIL1__N3_03,NORMALIZED,IMOEXF,historical_true_oos,2025,4,2.225109013,0.7417030044,8,AVAILABLE,FULL_QUARTER,POSITIVE
TRAIL1__N3_03,NORMALIZED,USDRUBF,historical_true_oos,2026,1,4.85002482,1.61667494,7,AVAILABLE,FULL_QUARTER,POSITIVE
TRAIL1__N3_03,NORMALIZED,GLDRUBF,historical_true_oos,2026,1,4.227027096,1.409009032,8,AVAILABLE,FULL_QUARTER,POSITIVE
TRAIL1__N3_03,NORMALIZED,IMOEXF,historical_true_oos,2026,1,0.5691103127,0.1897034376,6,AVAILABLE,FULL_QUARTER,POSITIVE
TRAIL1__N3_03,NORMALIZED,USDRUBF,historical_true_oos,2026,2,4.205357324,1.401785775,7,AVAILABLE,FULL_QUARTER,POSITIVE
TRAIL1__N3_03,NORMALIZED,GLDRUBF,historical_true_oos,2026,2,3.047287556,1.015762519,6,AVAILABLE,FULL_QUARTER,POSITIVE
TRAIL1__N3_03,NORMALIZED,IMOEXF,historical_true_oos,2026,2,0.1510257381,0.0503419127,13,AVAILABLE,FULL_QUARTER,POSITIVE
TRAIL1__N3_03,NORMALIZED,USDRUBF,historical_true_oos,2026,3,4.322808563,1.440936188,9,AVAILABLE,PARTIAL_QUARTER,POSITIVE
TRAIL1__N3_03,NORMALIZED,GLDRUBF,historical_true_oos,2026,3,12.34848639,4.116162129,6,AVAILABLE,PARTIAL_QUARTER,POSITIVE
TRAIL1__N3_03,NORMALIZED,IMOEXF,historical_true_oos,2026,3,3.527388283,1.175796094,8,AVAILABLE,PARTIAL_QUARTER,POSITIVE
TRAIL1__N3_03,FULL,USDRUBF,baseline,2023,1,-1.276603239,-1.276603239,3,AVAILABLE,PARTIAL_QUARTER,NEGATIVE
TRAIL1__N3_03,FULL,GLDRUBF,baseline,2023,1,0,0,0,NOT_AVAILABLE,NOT_AVAILABLE,ZERO
TRAIL1__N3_03,FULL,IMOEXF,baseline,2023,1,0,0,0,NOT_AVAILABLE,NOT_AVAILABLE,ZERO
TRAIL1__N3_03,FULL,USDRUBF,baseline,2023,2,9.715767168,9.715767168,10,AVAILABLE,FULL_QUARTER,POSITIVE
TRAIL1__N3_03,FULL,GLDRUBF,baseline,2023,2,0,0,0,NOT_AVAILABLE,NOT_AVAILABLE,ZERO
TRAIL1__N3_03,FULL,IMOEXF,baseline,2023,2,0,0,0,NOT_AVAILABLE,NOT_AVAILABLE,ZERO
TRAIL1__N3_03,FULL,USDRUBF,baseline,2023,3,5.165398648,5.165398648,7,AVAILABLE,FULL_QUARTER,POSITIVE
TRAIL1__N3_03,FULL,GLDRUBF,baseline,2023,3,-1.000032194,-1.000032194,1,AVAILABLE,PARTIAL_QUARTER,NEGATIVE
TRAIL1__N3_03,FULL,IMOEXF,baseline,2023,3,0,0,0,NOT_AVAILABLE,NOT_AVAILABLE,ZERO
TRAIL1__N3_03,FULL,USDRUBF,baseline,2023,4,1.773509864,1.773509864,8,AVAILABLE,FULL_QUARTER,POSITIVE
TRAIL1__N3_03,FULL,GLDRUBF,baseline,2023,4,-1.562218361,-1.562218361,5,AVAILABLE,FULL_QUARTER,NEGATIVE
TRAIL1__N3_03,FULL,IMOEXF,baseline,2023,4,0,0,0,NOT_AVAILABLE,PARTIAL_QUARTER,ZERO
TRAIL1__N3_03,FULL,USDRUBF,baseline,2024,1,-1.056238054,-1.056238054,4,AVAILABLE,FULL_QUARTER,NEGATIVE
TRAIL1__N3_03,FULL,GLDRUBF,baseline,2024,1,4.184871012,4.184871012,10,AVAILABLE,FULL_QUARTER,POSITIVE
TRAIL1__N3_03,FULL,IMOEXF,baseline,2024,1,3.251141107,3.251141107,7,AVAILABLE,FULL_QUARTER,POSITIVE
TRAIL1__N3_03,FULL,USDRUBF,baseline,2024,2,3.611043051,3.611043051,11,AVAILABLE,FULL_QUARTER,POSITIVE
TRAIL1__N3_03,FULL,GLDRUBF,baseline,2024,2,3.512193145,3.512193145,9,AVAILABLE,FULL_QUARTER,POSITIVE
TRAIL1__N3_03,FULL,IMOEXF,baseline,2024,2,6.596180726,6.596180726,6,AVAILABLE,FULL_QUARTER,POSITIVE
TRAIL1__N3_03,FULL,USDRUBF,baseline,2024,3,3.108006987,3.108006987,8,AVAILABLE,FULL_QUARTER,POSITIVE
TRAIL1__N3_03,FULL,GLDRUBF,baseline,2024,3,-1.787356553,-1.787356553,7,AVAILABLE,FULL_QUARTER,NEGATIVE
TRAIL1__N3_03,FULL,IMOEXF,baseline,2024,3,9.753307408,9.753307408,7,AVAILABLE,FULL_QUARTER,POSITIVE
TRAIL1__N3_03,FULL,USDRUBF,baseline,2024,4,5.45926204,5.45926204,7,AVAILABLE,PARTIAL_QUARTER,POSITIVE
TRAIL1__N3_03,FULL,GLDRUBF,baseline,2024,4,7.438694687,7.438694687,8,AVAILABLE,PARTIAL_QUARTER,POSITIVE
TRAIL1__N3_03,FULL,IMOEXF,baseline,2024,4,2.943055533,2.943055533,5,AVAILABLE,PARTIAL_QUARTER,POSITIVE
TRAIL1__N3_03,FULL,USDRUBF,walk_forward,2024,1,0.1296426511,0.1296426511,2,AVAILABLE,FULL_QUARTER,POSITIVE
TRAIL1__N3_03,FULL,GLDRUBF,walk_forward,2024,1,8.185078555,8.185078555,6,AVAILABLE,FULL_QUARTER,POSITIVE
TRAIL1__N3_03,FULL,IMOEXF,walk_forward,2024,1,-3.000310991,-3.000310991,3,AVAILABLE,FULL_QUARTER,NEGATIVE
TRAIL1__N3_03,FULL,USDRUBF,walk_forward,2024,2,5.220879575,5.220879575,5,AVAILABLE,FULL_QUARTER,POSITIVE
TRAIL1__N3_03,FULL,GLDRUBF,walk_forward,2024,2,-0.7912496134,-0.7912496134,5,AVAILABLE,FULL_QUARTER,NEGATIVE
TRAIL1__N3_03,FULL,IMOEXF,walk_forward,2024,2,4.99886676,4.99886676,5,AVAILABLE,FULL_QUARTER,POSITIVE
TRAIL1__N3_03,FULL,USDRUBF,walk_forward,2024,3,3.158382394,3.158382394,4,AVAILABLE,FULL_QUARTER,POSITIVE
TRAIL1__N3_03,FULL,GLDRUBF,walk_forward,2024,3,-2.083850195,-2.083850195,6,AVAILABLE,FULL_QUARTER,NEGATIVE
TRAIL1__N3_03,FULL,IMOEXF,walk_forward,2024,3,3.827226242,3.827226242,3,AVAILABLE,FULL_QUARTER,POSITIVE
TRAIL1__N3_03,FULL,USDRUBF,walk_forward,2024,4,5.348060663,5.348060663,3,AVAILABLE,PARTIAL_QUARTER,POSITIVE
TRAIL1__N3_03,FULL,GLDRUBF,walk_forward,2024,4,-0.3904965238,-0.3904965238,4,AVAILABLE,PARTIAL_QUARTER,NEGATIVE
TRAIL1__N3_03,FULL,IMOEXF,walk_forward,2024,4,1.53728685,1.53728685,3,AVAILABLE,PARTIAL_QUARTER,POSITIVE
TRAIL1__N3_03,FULL,USDRUBF,historical_true_oos,2025,1,1.87092439,1.87092439,2,AVAILABLE,PARTIAL_QUARTER,POSITIVE
TRAIL1__N3_03,FULL,GLDRUBF,historical_true_oos,2025,1,-1.000018367,-1.000018367,1,AVAILABLE,PARTIAL_QUARTER,NEGATIVE
TRAIL1__N3_03,FULL,IMOEXF,historical_true_oos,2025,1,-2.000066482,-2.000066482,2,AVAILABLE,PARTIAL_QUARTER,NEGATIVE
TRAIL1__N3_03,FULL,USDRUBF,historical_true_oos,2025,2,-1.726557362,-1.726557362,3,AVAILABLE,FULL_QUARTER,NEGATIVE
TRAIL1__N3_03,FULL,GLDRUBF,historical_true_oos,2025,2,0.08673182969,0.08673182969,2,AVAILABLE,FULL_QUARTER,POSITIVE
TRAIL1__N3_03,FULL,IMOEXF,historical_true_oos,2025,2,5.275884717,5.275884717,4,AVAILABLE,FULL_QUARTER,POSITIVE
TRAIL1__N3_03,FULL,USDRUBF,historical_true_oos,2025,3,10.12408332,10.12408332,6,AVAILABLE,FULL_QUARTER,POSITIVE
TRAIL1__N3_03,FULL,GLDRUBF,historical_true_oos,2025,3,12.35072906,12.35072906,7,AVAILABLE,FULL_QUARTER,POSITIVE
TRAIL1__N3_03,FULL,IMOEXF,historical_true_oos,2025,3,3.438490638,3.438490638,9,AVAILABLE,FULL_QUARTER,POSITIVE
TRAIL1__N3_03,FULL,USDRUBF,historical_true_oos,2025,4,-0.8094742122,-0.8094742122,10,AVAILABLE,FULL_QUARTER,NEGATIVE
TRAIL1__N3_03,FULL,GLDRUBF,historical_true_oos,2025,4,0.6674091997,0.6674091997,10,AVAILABLE,FULL_QUARTER,POSITIVE
TRAIL1__N3_03,FULL,IMOEXF,historical_true_oos,2025,4,2.225109013,2.225109013,8,AVAILABLE,FULL_QUARTER,POSITIVE
TRAIL1__N3_03,FULL,USDRUBF,historical_true_oos,2026,1,4.85002482,4.85002482,7,AVAILABLE,FULL_QUARTER,POSITIVE
TRAIL1__N3_03,FULL,GLDRUBF,historical_true_oos,2026,1,4.227027096,4.227027096,8,AVAILABLE,FULL_QUARTER,POSITIVE
TRAIL1__N3_03,FULL,IMOEXF,historical_true_oos,2026,1,0.5691103127,0.5691103127,6,AVAILABLE,FULL_QUARTER,POSITIVE
TRAIL1__N3_03,FULL,USDRUBF,historical_true_oos,2026,2,4.205357324,4.205357324,7,AVAILABLE,FULL_QUARTER,POSITIVE
TRAIL1__N3_03,FULL,GLDRUBF,historical_true_oos,2026,2,3.047287556,3.047287556,6,AVAILABLE,FULL_QUARTER,POSITIVE
TRAIL1__N3_03,FULL,IMOEXF,historical_true_oos,2026,2,0.1510257381,0.1510257381,13,AVAILABLE,FULL_QUARTER,POSITIVE
TRAIL1__N3_03,FULL,USDRUBF,historical_true_oos,2026,3,4.322808563,4.322808563,9,AVAILABLE,PARTIAL_QUARTER,POSITIVE
TRAIL1__N3_03,FULL,GLDRUBF,historical_true_oos,2026,3,12.34848639,12.34848639,6,AVAILABLE,PARTIAL_QUARTER,POSITIVE
TRAIL1__N3_03,FULL,IMOEXF,historical_true_oos,2026,3,3.527388283,3.527388283,8,AVAILABLE,PARTIAL_QUARTER,POSITIVE
TRAIL1__N3_04,NORMALIZED,CNYRUBF,baseline,2023,1,-0.09043052072,-0.03014350691,3,AVAILABLE,PARTIAL_QUARTER,NEGATIVE
TRAIL1__N3_04,NORMALIZED,GLDRUBF,baseline,2023,1,0,0,0,NOT_AVAILABLE,NOT_AVAILABLE,ZERO
TRAIL1__N3_04,NORMALIZED,IMOEXF,baseline,2023,1,0,0,0,NOT_AVAILABLE,NOT_AVAILABLE,ZERO
TRAIL1__N3_04,NORMALIZED,CNYRUBF,baseline,2023,2,6.430907363,2.143635788,8,AVAILABLE,FULL_QUARTER,POSITIVE
TRAIL1__N3_04,NORMALIZED,GLDRUBF,baseline,2023,2,0,0,0,NOT_AVAILABLE,NOT_AVAILABLE,ZERO
TRAIL1__N3_04,NORMALIZED,IMOEXF,baseline,2023,2,0,0,0,NOT_AVAILABLE,NOT_AVAILABLE,ZERO
TRAIL1__N3_04,NORMALIZED,CNYRUBF,baseline,2023,3,-2.848196864,-0.9493989548,7,AVAILABLE,FULL_QUARTER,NEGATIVE
TRAIL1__N3_04,NORMALIZED,GLDRUBF,baseline,2023,3,-1.000032194,-0.3333440648,1,AVAILABLE,PARTIAL_QUARTER,NEGATIVE
TRAIL1__N3_04,NORMALIZED,IMOEXF,baseline,2023,3,0,0,0,NOT_AVAILABLE,NOT_AVAILABLE,ZERO
TRAIL1__N3_04,NORMALIZED,CNYRUBF,baseline,2023,4,-4.38043365,-1.46014455,5,AVAILABLE,FULL_QUARTER,NEGATIVE
TRAIL1__N3_04,NORMALIZED,GLDRUBF,baseline,2023,4,-1.562218361,-0.5207394537,5,AVAILABLE,FULL_QUARTER,NEGATIVE
TRAIL1__N3_04,NORMALIZED,IMOEXF,baseline,2023,4,0,0,0,NOT_AVAILABLE,PARTIAL_QUARTER,ZERO
TRAIL1__N3_04,NORMALIZED,CNYRUBF,baseline,2024,1,1.287121858,0.4290406194,4,AVAILABLE,FULL_QUARTER,POSITIVE
TRAIL1__N3_04,NORMALIZED,GLDRUBF,baseline,2024,1,4.184871012,1.394957004,10,AVAILABLE,FULL_QUARTER,POSITIVE
TRAIL1__N3_04,NORMALIZED,IMOEXF,baseline,2024,1,3.251141107,1.083713702,7,AVAILABLE,FULL_QUARTER,POSITIVE
TRAIL1__N3_04,NORMALIZED,CNYRUBF,baseline,2024,2,14.89177165,4.963923882,10,AVAILABLE,FULL_QUARTER,POSITIVE
TRAIL1__N3_04,NORMALIZED,GLDRUBF,baseline,2024,2,3.512193145,1.170731048,9,AVAILABLE,FULL_QUARTER,POSITIVE
TRAIL1__N3_04,NORMALIZED,IMOEXF,baseline,2024,2,6.596180726,2.198726909,6,AVAILABLE,FULL_QUARTER,POSITIVE
TRAIL1__N3_04,NORMALIZED,CNYRUBF,baseline,2024,3,0.7712428975,0.2570809658,6,AVAILABLE,FULL_QUARTER,POSITIVE
TRAIL1__N3_04,NORMALIZED,GLDRUBF,baseline,2024,3,-1.787356553,-0.5957855178,7,AVAILABLE,FULL_QUARTER,NEGATIVE
TRAIL1__N3_04,NORMALIZED,IMOEXF,baseline,2024,3,9.753307408,3.251102469,7,AVAILABLE,FULL_QUARTER,POSITIVE
TRAIL1__N3_04,NORMALIZED,CNYRUBF,baseline,2024,4,6.031485647,2.010495216,5,AVAILABLE,PARTIAL_QUARTER,POSITIVE
TRAIL1__N3_04,NORMALIZED,GLDRUBF,baseline,2024,4,7.438694687,2.479564896,8,AVAILABLE,PARTIAL_QUARTER,POSITIVE
TRAIL1__N3_04,NORMALIZED,IMOEXF,baseline,2024,4,2.943055533,0.9810185111,5,AVAILABLE,PARTIAL_QUARTER,POSITIVE
TRAIL1__N3_04,NORMALIZED,CNYRUBF,walk_forward,2024,1,-1.03556481,-0.34518827,1,AVAILABLE,FULL_QUARTER,NEGATIVE
TRAIL1__N3_04,NORMALIZED,GLDRUBF,walk_forward,2024,1,8.185078555,2.728359518,6,AVAILABLE,FULL_QUARTER,POSITIVE
TRAIL1__N3_04,NORMALIZED,IMOEXF,walk_forward,2024,1,-3.000310991,-1.000103664,3,AVAILABLE,FULL_QUARTER,NEGATIVE
TRAIL1__N3_04,NORMALIZED,CNYRUBF,walk_forward,2024,2,14.67662076,4.89220692,4,AVAILABLE,FULL_QUARTER,POSITIVE
TRAIL1__N3_04,NORMALIZED,GLDRUBF,walk_forward,2024,2,-0.7912496134,-0.2637498711,5,AVAILABLE,FULL_QUARTER,NEGATIVE
TRAIL1__N3_04,NORMALIZED,IMOEXF,walk_forward,2024,2,4.99886676,1.66628892,5,AVAILABLE,FULL_QUARTER,POSITIVE
TRAIL1__N3_04,NORMALIZED,CNYRUBF,walk_forward,2024,3,1.802916605,0.6009722018,5,AVAILABLE,FULL_QUARTER,POSITIVE
TRAIL1__N3_04,NORMALIZED,GLDRUBF,walk_forward,2024,3,-2.083850195,-0.6946167316,6,AVAILABLE,FULL_QUARTER,NEGATIVE
TRAIL1__N3_04,NORMALIZED,IMOEXF,walk_forward,2024,3,3.827226242,1.275742081,3,AVAILABLE,FULL_QUARTER,POSITIVE
TRAIL1__N3_04,NORMALIZED,CNYRUBF,walk_forward,2024,4,5.241738636,1.747246212,4,AVAILABLE,PARTIAL_QUARTER,POSITIVE
TRAIL1__N3_04,NORMALIZED,GLDRUBF,walk_forward,2024,4,-0.3904965238,-0.1301655079,4,AVAILABLE,PARTIAL_QUARTER,NEGATIVE
TRAIL1__N3_04,NORMALIZED,IMOEXF,walk_forward,2024,4,1.53728685,0.5124289501,3,AVAILABLE,PARTIAL_QUARTER,POSITIVE
TRAIL1__N3_04,NORMALIZED,CNYRUBF,historical_true_oos,2025,1,2.961964957,0.9873216524,3,AVAILABLE,PARTIAL_QUARTER,POSITIVE
TRAIL1__N3_04,NORMALIZED,GLDRUBF,historical_true_oos,2025,1,-1.000018367,-0.3333394555,1,AVAILABLE,PARTIAL_QUARTER,NEGATIVE
TRAIL1__N3_04,NORMALIZED,IMOEXF,historical_true_oos,2025,1,-2.000066482,-0.6666888274,2,AVAILABLE,PARTIAL_QUARTER,NEGATIVE
TRAIL1__N3_04,NORMALIZED,CNYRUBF,historical_true_oos,2025,2,-1.233046201,-0.4110154002,4,AVAILABLE,FULL_QUARTER,NEGATIVE
TRAIL1__N3_04,NORMALIZED,GLDRUBF,historical_true_oos,2025,2,0.08673182969,0.0289106099,2,AVAILABLE,FULL_QUARTER,POSITIVE
TRAIL1__N3_04,NORMALIZED,IMOEXF,historical_true_oos,2025,2,5.275884717,1.758628239,4,AVAILABLE,FULL_QUARTER,POSITIVE
TRAIL1__N3_04,NORMALIZED,CNYRUBF,historical_true_oos,2025,3,9.474114649,3.158038216,7,AVAILABLE,FULL_QUARTER,POSITIVE
TRAIL1__N3_04,NORMALIZED,GLDRUBF,historical_true_oos,2025,3,12.35072906,4.116909686,7,AVAILABLE,FULL_QUARTER,POSITIVE
TRAIL1__N3_04,NORMALIZED,IMOEXF,historical_true_oos,2025,3,3.438490638,1.146163546,9,AVAILABLE,FULL_QUARTER,POSITIVE
TRAIL1__N3_04,NORMALIZED,CNYRUBF,historical_true_oos,2025,4,-0.08884297225,-0.02961432408,12,AVAILABLE,FULL_QUARTER,NEGATIVE
TRAIL1__N3_04,NORMALIZED,GLDRUBF,historical_true_oos,2025,4,0.6674091997,0.2224697332,10,AVAILABLE,FULL_QUARTER,POSITIVE
TRAIL1__N3_04,NORMALIZED,IMOEXF,historical_true_oos,2025,4,2.225109013,0.7417030044,8,AVAILABLE,FULL_QUARTER,POSITIVE
TRAIL1__N3_04,NORMALIZED,CNYRUBF,historical_true_oos,2026,1,3.391308616,1.130436205,8,AVAILABLE,FULL_QUARTER,POSITIVE
TRAIL1__N3_04,NORMALIZED,GLDRUBF,historical_true_oos,2026,1,4.227027096,1.409009032,8,AVAILABLE,FULL_QUARTER,POSITIVE
TRAIL1__N3_04,NORMALIZED,IMOEXF,historical_true_oos,2026,1,0.5691103127,0.1897034376,6,AVAILABLE,FULL_QUARTER,POSITIVE
TRAIL1__N3_04,NORMALIZED,CNYRUBF,historical_true_oos,2026,2,3.612342715,1.204114238,7,AVAILABLE,FULL_QUARTER,POSITIVE
TRAIL1__N3_04,NORMALIZED,GLDRUBF,historical_true_oos,2026,2,3.047287556,1.015762519,6,AVAILABLE,FULL_QUARTER,POSITIVE
TRAIL1__N3_04,NORMALIZED,IMOEXF,historical_true_oos,2026,2,0.1510257381,0.0503419127,13,AVAILABLE,FULL_QUARTER,POSITIVE
TRAIL1__N3_04,NORMALIZED,CNYRUBF,historical_true_oos,2026,3,2.034861524,0.6782871746,9,AVAILABLE,PARTIAL_QUARTER,POSITIVE
TRAIL1__N3_04,NORMALIZED,GLDRUBF,historical_true_oos,2026,3,12.34848639,4.116162129,6,AVAILABLE,PARTIAL_QUARTER,POSITIVE
TRAIL1__N3_04,NORMALIZED,IMOEXF,historical_true_oos,2026,3,3.527388283,1.175796094,8,AVAILABLE,PARTIAL_QUARTER,POSITIVE
TRAIL1__N3_04,FULL,CNYRUBF,baseline,2023,1,-0.09043052072,-0.09043052072,3,AVAILABLE,PARTIAL_QUARTER,NEGATIVE
TRAIL1__N3_04,FULL,GLDRUBF,baseline,2023,1,0,0,0,NOT_AVAILABLE,NOT_AVAILABLE,ZERO
TRAIL1__N3_04,FULL,IMOEXF,baseline,2023,1,0,0,0,NOT_AVAILABLE,NOT_AVAILABLE,ZERO
TRAIL1__N3_04,FULL,CNYRUBF,baseline,2023,2,6.430907363,6.430907363,8,AVAILABLE,FULL_QUARTER,POSITIVE
TRAIL1__N3_04,FULL,GLDRUBF,baseline,2023,2,0,0,0,NOT_AVAILABLE,NOT_AVAILABLE,ZERO
TRAIL1__N3_04,FULL,IMOEXF,baseline,2023,2,0,0,0,NOT_AVAILABLE,NOT_AVAILABLE,ZERO
TRAIL1__N3_04,FULL,CNYRUBF,baseline,2023,3,-2.848196864,-2.848196864,7,AVAILABLE,FULL_QUARTER,NEGATIVE
TRAIL1__N3_04,FULL,GLDRUBF,baseline,2023,3,-1.000032194,-1.000032194,1,AVAILABLE,PARTIAL_QUARTER,NEGATIVE
TRAIL1__N3_04,FULL,IMOEXF,baseline,2023,3,0,0,0,NOT_AVAILABLE,NOT_AVAILABLE,ZERO
TRAIL1__N3_04,FULL,CNYRUBF,baseline,2023,4,-4.38043365,-4.38043365,5,AVAILABLE,FULL_QUARTER,NEGATIVE
TRAIL1__N3_04,FULL,GLDRUBF,baseline,2023,4,-1.562218361,-1.562218361,5,AVAILABLE,FULL_QUARTER,NEGATIVE
TRAIL1__N3_04,FULL,IMOEXF,baseline,2023,4,0,0,0,NOT_AVAILABLE,PARTIAL_QUARTER,ZERO
TRAIL1__N3_04,FULL,CNYRUBF,baseline,2024,1,1.287121858,1.287121858,4,AVAILABLE,FULL_QUARTER,POSITIVE
TRAIL1__N3_04,FULL,GLDRUBF,baseline,2024,1,4.184871012,4.184871012,10,AVAILABLE,FULL_QUARTER,POSITIVE
TRAIL1__N3_04,FULL,IMOEXF,baseline,2024,1,3.251141107,3.251141107,7,AVAILABLE,FULL_QUARTER,POSITIVE
TRAIL1__N3_04,FULL,CNYRUBF,baseline,2024,2,14.89177165,14.89177165,10,AVAILABLE,FULL_QUARTER,POSITIVE
TRAIL1__N3_04,FULL,GLDRUBF,baseline,2024,2,3.512193145,3.512193145,9,AVAILABLE,FULL_QUARTER,POSITIVE
TRAIL1__N3_04,FULL,IMOEXF,baseline,2024,2,6.596180726,6.596180726,6,AVAILABLE,FULL_QUARTER,POSITIVE
TRAIL1__N3_04,FULL,CNYRUBF,baseline,2024,3,0.7712428975,0.7712428975,6,AVAILABLE,FULL_QUARTER,POSITIVE
TRAIL1__N3_04,FULL,GLDRUBF,baseline,2024,3,-1.787356553,-1.787356553,7,AVAILABLE,FULL_QUARTER,NEGATIVE
TRAIL1__N3_04,FULL,IMOEXF,baseline,2024,3,9.753307408,9.753307408,7,AVAILABLE,FULL_QUARTER,POSITIVE
TRAIL1__N3_04,FULL,CNYRUBF,baseline,2024,4,6.031485647,6.031485647,5,AVAILABLE,PARTIAL_QUARTER,POSITIVE
TRAIL1__N3_04,FULL,GLDRUBF,baseline,2024,4,7.438694687,7.438694687,8,AVAILABLE,PARTIAL_QUARTER,POSITIVE
TRAIL1__N3_04,FULL,IMOEXF,baseline,2024,4,2.943055533,2.943055533,5,AVAILABLE,PARTIAL_QUARTER,POSITIVE
TRAIL1__N3_04,FULL,CNYRUBF,walk_forward,2024,1,-1.03556481,-1.03556481,1,AVAILABLE,FULL_QUARTER,NEGATIVE
TRAIL1__N3_04,FULL,GLDRUBF,walk_forward,2024,1,8.185078555,8.185078555,6,AVAILABLE,FULL_QUARTER,POSITIVE
TRAIL1__N3_04,FULL,IMOEXF,walk_forward,2024,1,-3.000310991,-3.000310991,3,AVAILABLE,FULL_QUARTER,NEGATIVE
TRAIL1__N3_04,FULL,CNYRUBF,walk_forward,2024,2,14.67662076,14.67662076,4,AVAILABLE,FULL_QUARTER,POSITIVE
TRAIL1__N3_04,FULL,GLDRUBF,walk_forward,2024,2,-0.7912496134,-0.7912496134,5,AVAILABLE,FULL_QUARTER,NEGATIVE
TRAIL1__N3_04,FULL,IMOEXF,walk_forward,2024,2,4.99886676,4.99886676,5,AVAILABLE,FULL_QUARTER,POSITIVE
TRAIL1__N3_04,FULL,CNYRUBF,walk_forward,2024,3,1.802916605,1.802916605,5,AVAILABLE,FULL_QUARTER,POSITIVE
TRAIL1__N3_04,FULL,GLDRUBF,walk_forward,2024,3,-2.083850195,-2.083850195,6,AVAILABLE,FULL_QUARTER,NEGATIVE
TRAIL1__N3_04,FULL,IMOEXF,walk_forward,2024,3,3.827226242,3.827226242,3,AVAILABLE,FULL_QUARTER,POSITIVE
TRAIL1__N3_04,FULL,CNYRUBF,walk_forward,2024,4,5.241738636,5.241738636,4,AVAILABLE,PARTIAL_QUARTER,POSITIVE
TRAIL1__N3_04,FULL,GLDRUBF,walk_forward,2024,4,-0.3904965238,-0.3904965238,4,AVAILABLE,PARTIAL_QUARTER,NEGATIVE
TRAIL1__N3_04,FULL,IMOEXF,walk_forward,2024,4,1.53728685,1.53728685,3,AVAILABLE,PARTIAL_QUARTER,POSITIVE
TRAIL1__N3_04,FULL,CNYRUBF,historical_true_oos,2025,1,2.961964957,2.961964957,3,AVAILABLE,PARTIAL_QUARTER,POSITIVE
TRAIL1__N3_04,FULL,GLDRUBF,historical_true_oos,2025,1,-1.000018367,-1.000018367,1,AVAILABLE,PARTIAL_QUARTER,NEGATIVE
TRAIL1__N3_04,FULL,IMOEXF,historical_true_oos,2025,1,-2.000066482,-2.000066482,2,AVAILABLE,PARTIAL_QUARTER,NEGATIVE
TRAIL1__N3_04,FULL,CNYRUBF,historical_true_oos,2025,2,-1.233046201,-1.233046201,4,AVAILABLE,FULL_QUARTER,NEGATIVE
TRAIL1__N3_04,FULL,GLDRUBF,historical_true_oos,2025,2,0.08673182969,0.08673182969,2,AVAILABLE,FULL_QUARTER,POSITIVE
TRAIL1__N3_04,FULL,IMOEXF,historical_true_oos,2025,2,5.275884717,5.275884717,4,AVAILABLE,FULL_QUARTER,POSITIVE
TRAIL1__N3_04,FULL,CNYRUBF,historical_true_oos,2025,3,9.474114649,9.474114649,7,AVAILABLE,FULL_QUARTER,POSITIVE
TRAIL1__N3_04,FULL,GLDRUBF,historical_true_oos,2025,3,12.35072906,12.35072906,7,AVAILABLE,FULL_QUARTER,POSITIVE
TRAIL1__N3_04,FULL,IMOEXF,historical_true_oos,2025,3,3.438490638,3.438490638,9,AVAILABLE,FULL_QUARTER,POSITIVE
TRAIL1__N3_04,FULL,CNYRUBF,historical_true_oos,2025,4,-0.08884297225,-0.08884297225,12,AVAILABLE,FULL_QUARTER,NEGATIVE
TRAIL1__N3_04,FULL,GLDRUBF,historical_true_oos,2025,4,0.6674091997,0.6674091997,10,AVAILABLE,FULL_QUARTER,POSITIVE
TRAIL1__N3_04,FULL,IMOEXF,historical_true_oos,2025,4,2.225109013,2.225109013,8,AVAILABLE,FULL_QUARTER,POSITIVE
TRAIL1__N3_04,FULL,CNYRUBF,historical_true_oos,2026,1,3.391308616,3.391308616,8,AVAILABLE,FULL_QUARTER,POSITIVE
TRAIL1__N3_04,FULL,GLDRUBF,historical_true_oos,2026,1,4.227027096,4.227027096,8,AVAILABLE,FULL_QUARTER,POSITIVE
TRAIL1__N3_04,FULL,IMOEXF,historical_true_oos,2026,1,0.5691103127,0.5691103127,6,AVAILABLE,FULL_QUARTER,POSITIVE
TRAIL1__N3_04,FULL,CNYRUBF,historical_true_oos,2026,2,3.612342715,3.612342715,7,AVAILABLE,FULL_QUARTER,POSITIVE
TRAIL1__N3_04,FULL,GLDRUBF,historical_true_oos,2026,2,3.047287556,3.047287556,6,AVAILABLE,FULL_QUARTER,POSITIVE
TRAIL1__N3_04,FULL,IMOEXF,historical_true_oos,2026,2,0.1510257381,0.1510257381,13,AVAILABLE,FULL_QUARTER,POSITIVE
TRAIL1__N3_04,FULL,CNYRUBF,historical_true_oos,2026,3,2.034861524,2.034861524,9,AVAILABLE,PARTIAL_QUARTER,POSITIVE
TRAIL1__N3_04,FULL,GLDRUBF,historical_true_oos,2026,3,12.34848639,12.34848639,6,AVAILABLE,PARTIAL_QUARTER,POSITIVE
TRAIL1__N3_04,FULL,IMOEXF,historical_true_oos,2026,3,3.527388283,3.527388283,8,AVAILABLE,PARTIAL_QUARTER,POSITIVE
TRAIL1__N4_01,NORMALIZED,USDRUBF,baseline,2023,1,-1.276603239,-0.3191508096,3,AVAILABLE,PARTIAL_QUARTER,NEGATIVE
TRAIL1__N4_01,NORMALIZED,CNYRUBF,baseline,2023,1,-0.09043052072,-0.02260763018,3,AVAILABLE,PARTIAL_QUARTER,NEGATIVE
TRAIL1__N4_01,NORMALIZED,GLDRUBF,baseline,2023,1,0,0,0,NOT_AVAILABLE,NOT_AVAILABLE,ZERO
TRAIL1__N4_01,NORMALIZED,IMOEXF,baseline,2023,1,0,0,0,NOT_AVAILABLE,NOT_AVAILABLE,ZERO
TRAIL1__N4_01,NORMALIZED,USDRUBF,baseline,2023,2,9.715767168,2.428941792,10,AVAILABLE,FULL_QUARTER,POSITIVE
TRAIL1__N4_01,NORMALIZED,CNYRUBF,baseline,2023,2,6.430907363,1.607726841,8,AVAILABLE,FULL_QUARTER,POSITIVE
TRAIL1__N4_01,NORMALIZED,GLDRUBF,baseline,2023,2,0,0,0,NOT_AVAILABLE,NOT_AVAILABLE,ZERO
TRAIL1__N4_01,NORMALIZED,IMOEXF,baseline,2023,2,0,0,0,NOT_AVAILABLE,NOT_AVAILABLE,ZERO
TRAIL1__N4_01,NORMALIZED,USDRUBF,baseline,2023,3,5.165398648,1.291349662,7,AVAILABLE,FULL_QUARTER,POSITIVE
TRAIL1__N4_01,NORMALIZED,CNYRUBF,baseline,2023,3,-2.848196864,-0.7120492161,7,AVAILABLE,FULL_QUARTER,NEGATIVE
TRAIL1__N4_01,NORMALIZED,GLDRUBF,baseline,2023,3,-1.000032194,-0.2500080486,1,AVAILABLE,PARTIAL_QUARTER,NEGATIVE
TRAIL1__N4_01,NORMALIZED,IMOEXF,baseline,2023,3,0,0,0,NOT_AVAILABLE,NOT_AVAILABLE,ZERO
TRAIL1__N4_01,NORMALIZED,USDRUBF,baseline,2023,4,1.773509864,0.4433774661,8,AVAILABLE,FULL_QUARTER,POSITIVE
TRAIL1__N4_01,NORMALIZED,CNYRUBF,baseline,2023,4,-4.38043365,-1.095108412,5,AVAILABLE,FULL_QUARTER,NEGATIVE
TRAIL1__N4_01,NORMALIZED,GLDRUBF,baseline,2023,4,-1.562218361,-0.3905545903,5,AVAILABLE,FULL_QUARTER,NEGATIVE
TRAIL1__N4_01,NORMALIZED,IMOEXF,baseline,2023,4,0,0,0,NOT_AVAILABLE,PARTIAL_QUARTER,ZERO
TRAIL1__N4_01,NORMALIZED,USDRUBF,baseline,2024,1,-1.056238054,-0.2640595136,4,AVAILABLE,FULL_QUARTER,NEGATIVE
TRAIL1__N4_01,NORMALIZED,CNYRUBF,baseline,2024,1,1.287121858,0.3217804646,4,AVAILABLE,FULL_QUARTER,POSITIVE
TRAIL1__N4_01,NORMALIZED,GLDRUBF,baseline,2024,1,4.184871012,1.046217753,10,AVAILABLE,FULL_QUARTER,POSITIVE
TRAIL1__N4_01,NORMALIZED,IMOEXF,baseline,2024,1,3.251141107,0.8127852768,7,AVAILABLE,FULL_QUARTER,POSITIVE
TRAIL1__N4_01,NORMALIZED,USDRUBF,baseline,2024,2,3.611043051,0.9027607629,11,AVAILABLE,FULL_QUARTER,POSITIVE
TRAIL1__N4_01,NORMALIZED,CNYRUBF,baseline,2024,2,14.89177165,3.722942912,10,AVAILABLE,FULL_QUARTER,POSITIVE
TRAIL1__N4_01,NORMALIZED,GLDRUBF,baseline,2024,2,3.512193145,0.8780482862,9,AVAILABLE,FULL_QUARTER,POSITIVE
TRAIL1__N4_01,NORMALIZED,IMOEXF,baseline,2024,2,6.596180726,1.649045181,6,AVAILABLE,FULL_QUARTER,POSITIVE
TRAIL1__N4_01,NORMALIZED,USDRUBF,baseline,2024,3,3.108006987,0.7770017467,8,AVAILABLE,FULL_QUARTER,POSITIVE
TRAIL1__N4_01,NORMALIZED,CNYRUBF,baseline,2024,3,0.7712428975,0.1928107244,6,AVAILABLE,FULL_QUARTER,POSITIVE
TRAIL1__N4_01,NORMALIZED,GLDRUBF,baseline,2024,3,-1.787356553,-0.4468391384,7,AVAILABLE,FULL_QUARTER,NEGATIVE
TRAIL1__N4_01,NORMALIZED,IMOEXF,baseline,2024,3,9.753307408,2.438326852,7,AVAILABLE,FULL_QUARTER,POSITIVE
TRAIL1__N4_01,NORMALIZED,USDRUBF,baseline,2024,4,5.45926204,1.36481551,7,AVAILABLE,PARTIAL_QUARTER,POSITIVE
TRAIL1__N4_01,NORMALIZED,CNYRUBF,baseline,2024,4,6.031485647,1.507871412,5,AVAILABLE,PARTIAL_QUARTER,POSITIVE
TRAIL1__N4_01,NORMALIZED,GLDRUBF,baseline,2024,4,7.438694687,1.859673672,8,AVAILABLE,PARTIAL_QUARTER,POSITIVE
TRAIL1__N4_01,NORMALIZED,IMOEXF,baseline,2024,4,2.943055533,0.7357638833,5,AVAILABLE,PARTIAL_QUARTER,POSITIVE
TRAIL1__N4_01,NORMALIZED,USDRUBF,walk_forward,2024,1,0.1296426511,0.03241066277,2,AVAILABLE,FULL_QUARTER,POSITIVE
TRAIL1__N4_01,NORMALIZED,CNYRUBF,walk_forward,2024,1,-1.03556481,-0.2588912025,1,AVAILABLE,FULL_QUARTER,NEGATIVE
TRAIL1__N4_01,NORMALIZED,GLDRUBF,walk_forward,2024,1,8.185078555,2.046269639,6,AVAILABLE,FULL_QUARTER,POSITIVE
TRAIL1__N4_01,NORMALIZED,IMOEXF,walk_forward,2024,1,-3.000310991,-0.7500777478,3,AVAILABLE,FULL_QUARTER,NEGATIVE
TRAIL1__N4_01,NORMALIZED,USDRUBF,walk_forward,2024,2,5.220879575,1.305219894,5,AVAILABLE,FULL_QUARTER,POSITIVE
TRAIL1__N4_01,NORMALIZED,CNYRUBF,walk_forward,2024,2,14.67662076,3.66915519,4,AVAILABLE,FULL_QUARTER,POSITIVE
TRAIL1__N4_01,NORMALIZED,GLDRUBF,walk_forward,2024,2,-0.7912496134,-0.1978124034,5,AVAILABLE,FULL_QUARTER,NEGATIVE
TRAIL1__N4_01,NORMALIZED,IMOEXF,walk_forward,2024,2,4.99886676,1.24971669,5,AVAILABLE,FULL_QUARTER,POSITIVE
TRAIL1__N4_01,NORMALIZED,USDRUBF,walk_forward,2024,3,3.158382394,0.7895955985,4,AVAILABLE,FULL_QUARTER,POSITIVE
TRAIL1__N4_01,NORMALIZED,CNYRUBF,walk_forward,2024,3,1.802916605,0.4507291513,5,AVAILABLE,FULL_QUARTER,POSITIVE
TRAIL1__N4_01,NORMALIZED,GLDRUBF,walk_forward,2024,3,-2.083850195,-0.5209625487,6,AVAILABLE,FULL_QUARTER,NEGATIVE
TRAIL1__N4_01,NORMALIZED,IMOEXF,walk_forward,2024,3,3.827226242,0.9568065605,3,AVAILABLE,FULL_QUARTER,POSITIVE
TRAIL1__N4_01,NORMALIZED,USDRUBF,walk_forward,2024,4,5.348060663,1.337015166,3,AVAILABLE,PARTIAL_QUARTER,POSITIVE
TRAIL1__N4_01,NORMALIZED,CNYRUBF,walk_forward,2024,4,5.241738636,1.310434659,4,AVAILABLE,PARTIAL_QUARTER,POSITIVE
TRAIL1__N4_01,NORMALIZED,GLDRUBF,walk_forward,2024,4,-0.3904965238,-0.09762413096,4,AVAILABLE,PARTIAL_QUARTER,NEGATIVE
TRAIL1__N4_01,NORMALIZED,IMOEXF,walk_forward,2024,4,1.53728685,0.3843217126,3,AVAILABLE,PARTIAL_QUARTER,POSITIVE
TRAIL1__N4_01,NORMALIZED,USDRUBF,historical_true_oos,2025,1,1.87092439,0.4677310975,2,AVAILABLE,PARTIAL_QUARTER,POSITIVE
TRAIL1__N4_01,NORMALIZED,CNYRUBF,historical_true_oos,2025,1,2.961964957,0.7404912393,3,AVAILABLE,PARTIAL_QUARTER,POSITIVE
TRAIL1__N4_01,NORMALIZED,GLDRUBF,historical_true_oos,2025,1,-1.000018367,-0.2500045917,1,AVAILABLE,PARTIAL_QUARTER,NEGATIVE
TRAIL1__N4_01,NORMALIZED,IMOEXF,historical_true_oos,2025,1,-2.000066482,-0.5000166206,2,AVAILABLE,PARTIAL_QUARTER,NEGATIVE
TRAIL1__N4_01,NORMALIZED,USDRUBF,historical_true_oos,2025,2,-1.726557362,-0.4316393404,3,AVAILABLE,FULL_QUARTER,NEGATIVE
TRAIL1__N4_01,NORMALIZED,CNYRUBF,historical_true_oos,2025,2,-1.233046201,-0.3082615502,4,AVAILABLE,FULL_QUARTER,NEGATIVE
TRAIL1__N4_01,NORMALIZED,GLDRUBF,historical_true_oos,2025,2,0.08673182969,0.02168295742,2,AVAILABLE,FULL_QUARTER,POSITIVE
TRAIL1__N4_01,NORMALIZED,IMOEXF,historical_true_oos,2025,2,5.275884717,1.318971179,4,AVAILABLE,FULL_QUARTER,POSITIVE
TRAIL1__N4_01,NORMALIZED,USDRUBF,historical_true_oos,2025,3,10.12408332,2.53102083,6,AVAILABLE,FULL_QUARTER,POSITIVE
TRAIL1__N4_01,NORMALIZED,CNYRUBF,historical_true_oos,2025,3,9.474114649,2.368528662,7,AVAILABLE,FULL_QUARTER,POSITIVE
TRAIL1__N4_01,NORMALIZED,GLDRUBF,historical_true_oos,2025,3,12.35072906,3.087682264,7,AVAILABLE,FULL_QUARTER,POSITIVE
TRAIL1__N4_01,NORMALIZED,IMOEXF,historical_true_oos,2025,3,3.438490638,0.8596226596,9,AVAILABLE,FULL_QUARTER,POSITIVE
TRAIL1__N4_01,NORMALIZED,USDRUBF,historical_true_oos,2025,4,-0.8094742122,-0.202368553,10,AVAILABLE,FULL_QUARTER,NEGATIVE
TRAIL1__N4_01,NORMALIZED,CNYRUBF,historical_true_oos,2025,4,-0.08884297225,-0.02221074306,12,AVAILABLE,FULL_QUARTER,NEGATIVE
TRAIL1__N4_01,NORMALIZED,GLDRUBF,historical_true_oos,2025,4,0.6674091997,0.1668522999,10,AVAILABLE,FULL_QUARTER,POSITIVE
TRAIL1__N4_01,NORMALIZED,IMOEXF,historical_true_oos,2025,4,2.225109013,0.5562772533,8,AVAILABLE,FULL_QUARTER,POSITIVE
TRAIL1__N4_01,NORMALIZED,USDRUBF,historical_true_oos,2026,1,4.85002482,1.212506205,7,AVAILABLE,FULL_QUARTER,POSITIVE
TRAIL1__N4_01,NORMALIZED,CNYRUBF,historical_true_oos,2026,1,3.391308616,0.8478271539,8,AVAILABLE,FULL_QUARTER,POSITIVE
TRAIL1__N4_01,NORMALIZED,GLDRUBF,historical_true_oos,2026,1,4.227027096,1.056756774,8,AVAILABLE,FULL_QUARTER,POSITIVE
TRAIL1__N4_01,NORMALIZED,IMOEXF,historical_true_oos,2026,1,0.5691103127,0.1422775782,6,AVAILABLE,FULL_QUARTER,POSITIVE
TRAIL1__N4_01,NORMALIZED,USDRUBF,historical_true_oos,2026,2,4.205357324,1.051339331,7,AVAILABLE,FULL_QUARTER,POSITIVE
TRAIL1__N4_01,NORMALIZED,CNYRUBF,historical_true_oos,2026,2,3.612342715,0.9030856786,7,AVAILABLE,FULL_QUARTER,POSITIVE
TRAIL1__N4_01,NORMALIZED,GLDRUBF,historical_true_oos,2026,2,3.047287556,0.7618218889,6,AVAILABLE,FULL_QUARTER,POSITIVE
TRAIL1__N4_01,NORMALIZED,IMOEXF,historical_true_oos,2026,2,0.1510257381,0.03775643452,13,AVAILABLE,FULL_QUARTER,POSITIVE
TRAIL1__N4_01,NORMALIZED,USDRUBF,historical_true_oos,2026,3,4.322808563,1.080702141,9,AVAILABLE,PARTIAL_QUARTER,POSITIVE
TRAIL1__N4_01,NORMALIZED,CNYRUBF,historical_true_oos,2026,3,2.034861524,0.508715381,9,AVAILABLE,PARTIAL_QUARTER,POSITIVE
TRAIL1__N4_01,NORMALIZED,GLDRUBF,historical_true_oos,2026,3,12.34848639,3.087121597,6,AVAILABLE,PARTIAL_QUARTER,POSITIVE
TRAIL1__N4_01,NORMALIZED,IMOEXF,historical_true_oos,2026,3,3.527388283,0.8818470708,8,AVAILABLE,PARTIAL_QUARTER,POSITIVE
TRAIL1__N4_01,FULL,USDRUBF,baseline,2023,1,-1.276603239,-1.276603239,3,AVAILABLE,PARTIAL_QUARTER,NEGATIVE
TRAIL1__N4_01,FULL,CNYRUBF,baseline,2023,1,-0.09043052072,-0.09043052072,3,AVAILABLE,PARTIAL_QUARTER,NEGATIVE
TRAIL1__N4_01,FULL,GLDRUBF,baseline,2023,1,0,0,0,NOT_AVAILABLE,NOT_AVAILABLE,ZERO
TRAIL1__N4_01,FULL,IMOEXF,baseline,2023,1,0,0,0,NOT_AVAILABLE,NOT_AVAILABLE,ZERO
TRAIL1__N4_01,FULL,USDRUBF,baseline,2023,2,9.715767168,9.715767168,10,AVAILABLE,FULL_QUARTER,POSITIVE
TRAIL1__N4_01,FULL,CNYRUBF,baseline,2023,2,6.430907363,6.430907363,8,AVAILABLE,FULL_QUARTER,POSITIVE
TRAIL1__N4_01,FULL,GLDRUBF,baseline,2023,2,0,0,0,NOT_AVAILABLE,NOT_AVAILABLE,ZERO
TRAIL1__N4_01,FULL,IMOEXF,baseline,2023,2,0,0,0,NOT_AVAILABLE,NOT_AVAILABLE,ZERO
TRAIL1__N4_01,FULL,USDRUBF,baseline,2023,3,5.165398648,5.165398648,7,AVAILABLE,FULL_QUARTER,POSITIVE
TRAIL1__N4_01,FULL,CNYRUBF,baseline,2023,3,-2.848196864,-2.848196864,7,AVAILABLE,FULL_QUARTER,NEGATIVE
TRAIL1__N4_01,FULL,GLDRUBF,baseline,2023,3,-1.000032194,-1.000032194,1,AVAILABLE,PARTIAL_QUARTER,NEGATIVE
TRAIL1__N4_01,FULL,IMOEXF,baseline,2023,3,0,0,0,NOT_AVAILABLE,NOT_AVAILABLE,ZERO
TRAIL1__N4_01,FULL,USDRUBF,baseline,2023,4,1.773509864,1.773509864,8,AVAILABLE,FULL_QUARTER,POSITIVE
TRAIL1__N4_01,FULL,CNYRUBF,baseline,2023,4,-4.38043365,-4.38043365,5,AVAILABLE,FULL_QUARTER,NEGATIVE
TRAIL1__N4_01,FULL,GLDRUBF,baseline,2023,4,-1.562218361,-1.562218361,5,AVAILABLE,FULL_QUARTER,NEGATIVE
TRAIL1__N4_01,FULL,IMOEXF,baseline,2023,4,0,0,0,NOT_AVAILABLE,PARTIAL_QUARTER,ZERO
TRAIL1__N4_01,FULL,USDRUBF,baseline,2024,1,-1.056238054,-1.056238054,4,AVAILABLE,FULL_QUARTER,NEGATIVE
TRAIL1__N4_01,FULL,CNYRUBF,baseline,2024,1,1.287121858,1.287121858,4,AVAILABLE,FULL_QUARTER,POSITIVE
TRAIL1__N4_01,FULL,GLDRUBF,baseline,2024,1,4.184871012,4.184871012,10,AVAILABLE,FULL_QUARTER,POSITIVE
TRAIL1__N4_01,FULL,IMOEXF,baseline,2024,1,3.251141107,3.251141107,7,AVAILABLE,FULL_QUARTER,POSITIVE
TRAIL1__N4_01,FULL,USDRUBF,baseline,2024,2,3.611043051,3.611043051,11,AVAILABLE,FULL_QUARTER,POSITIVE
TRAIL1__N4_01,FULL,CNYRUBF,baseline,2024,2,14.89177165,14.89177165,10,AVAILABLE,FULL_QUARTER,POSITIVE
TRAIL1__N4_01,FULL,GLDRUBF,baseline,2024,2,3.512193145,3.512193145,9,AVAILABLE,FULL_QUARTER,POSITIVE
TRAIL1__N4_01,FULL,IMOEXF,baseline,2024,2,6.596180726,6.596180726,6,AVAILABLE,FULL_QUARTER,POSITIVE
TRAIL1__N4_01,FULL,USDRUBF,baseline,2024,3,3.108006987,3.108006987,8,AVAILABLE,FULL_QUARTER,POSITIVE
TRAIL1__N4_01,FULL,CNYRUBF,baseline,2024,3,0.7712428975,0.7712428975,6,AVAILABLE,FULL_QUARTER,POSITIVE
TRAIL1__N4_01,FULL,GLDRUBF,baseline,2024,3,-1.787356553,-1.787356553,7,AVAILABLE,FULL_QUARTER,NEGATIVE
TRAIL1__N4_01,FULL,IMOEXF,baseline,2024,3,9.753307408,9.753307408,7,AVAILABLE,FULL_QUARTER,POSITIVE
TRAIL1__N4_01,FULL,USDRUBF,baseline,2024,4,5.45926204,5.45926204,7,AVAILABLE,PARTIAL_QUARTER,POSITIVE
TRAIL1__N4_01,FULL,CNYRUBF,baseline,2024,4,6.031485647,6.031485647,5,AVAILABLE,PARTIAL_QUARTER,POSITIVE
TRAIL1__N4_01,FULL,GLDRUBF,baseline,2024,4,7.438694687,7.438694687,8,AVAILABLE,PARTIAL_QUARTER,POSITIVE
TRAIL1__N4_01,FULL,IMOEXF,baseline,2024,4,2.943055533,2.943055533,5,AVAILABLE,PARTIAL_QUARTER,POSITIVE
TRAIL1__N4_01,FULL,USDRUBF,walk_forward,2024,1,0.1296426511,0.1296426511,2,AVAILABLE,FULL_QUARTER,POSITIVE
TRAIL1__N4_01,FULL,CNYRUBF,walk_forward,2024,1,-1.03556481,-1.03556481,1,AVAILABLE,FULL_QUARTER,NEGATIVE
TRAIL1__N4_01,FULL,GLDRUBF,walk_forward,2024,1,8.185078555,8.185078555,6,AVAILABLE,FULL_QUARTER,POSITIVE
TRAIL1__N4_01,FULL,IMOEXF,walk_forward,2024,1,-3.000310991,-3.000310991,3,AVAILABLE,FULL_QUARTER,NEGATIVE
TRAIL1__N4_01,FULL,USDRUBF,walk_forward,2024,2,5.220879575,5.220879575,5,AVAILABLE,FULL_QUARTER,POSITIVE
TRAIL1__N4_01,FULL,CNYRUBF,walk_forward,2024,2,14.67662076,14.67662076,4,AVAILABLE,FULL_QUARTER,POSITIVE
TRAIL1__N4_01,FULL,GLDRUBF,walk_forward,2024,2,-0.7912496134,-0.7912496134,5,AVAILABLE,FULL_QUARTER,NEGATIVE
TRAIL1__N4_01,FULL,IMOEXF,walk_forward,2024,2,4.99886676,4.99886676,5,AVAILABLE,FULL_QUARTER,POSITIVE
TRAIL1__N4_01,FULL,USDRUBF,walk_forward,2024,3,3.158382394,3.158382394,4,AVAILABLE,FULL_QUARTER,POSITIVE
TRAIL1__N4_01,FULL,CNYRUBF,walk_forward,2024,3,1.802916605,1.802916605,5,AVAILABLE,FULL_QUARTER,POSITIVE
TRAIL1__N4_01,FULL,GLDRUBF,walk_forward,2024,3,-2.083850195,-2.083850195,6,AVAILABLE,FULL_QUARTER,NEGATIVE
TRAIL1__N4_01,FULL,IMOEXF,walk_forward,2024,3,3.827226242,3.827226242,3,AVAILABLE,FULL_QUARTER,POSITIVE
TRAIL1__N4_01,FULL,USDRUBF,walk_forward,2024,4,5.348060663,5.348060663,3,AVAILABLE,PARTIAL_QUARTER,POSITIVE
TRAIL1__N4_01,FULL,CNYRUBF,walk_forward,2024,4,5.241738636,5.241738636,4,AVAILABLE,PARTIAL_QUARTER,POSITIVE
TRAIL1__N4_01,FULL,GLDRUBF,walk_forward,2024,4,-0.3904965238,-0.3904965238,4,AVAILABLE,PARTIAL_QUARTER,NEGATIVE
TRAIL1__N4_01,FULL,IMOEXF,walk_forward,2024,4,1.53728685,1.53728685,3,AVAILABLE,PARTIAL_QUARTER,POSITIVE
TRAIL1__N4_01,FULL,USDRUBF,historical_true_oos,2025,1,1.87092439,1.87092439,2,AVAILABLE,PARTIAL_QUARTER,POSITIVE
TRAIL1__N4_01,FULL,CNYRUBF,historical_true_oos,2025,1,2.961964957,2.961964957,3,AVAILABLE,PARTIAL_QUARTER,POSITIVE
TRAIL1__N4_01,FULL,GLDRUBF,historical_true_oos,2025,1,-1.000018367,-1.000018367,1,AVAILABLE,PARTIAL_QUARTER,NEGATIVE
TRAIL1__N4_01,FULL,IMOEXF,historical_true_oos,2025,1,-2.000066482,-2.000066482,2,AVAILABLE,PARTIAL_QUARTER,NEGATIVE
TRAIL1__N4_01,FULL,USDRUBF,historical_true_oos,2025,2,-1.726557362,-1.726557362,3,AVAILABLE,FULL_QUARTER,NEGATIVE
TRAIL1__N4_01,FULL,CNYRUBF,historical_true_oos,2025,2,-1.233046201,-1.233046201,4,AVAILABLE,FULL_QUARTER,NEGATIVE
TRAIL1__N4_01,FULL,GLDRUBF,historical_true_oos,2025,2,0.08673182969,0.08673182969,2,AVAILABLE,FULL_QUARTER,POSITIVE
TRAIL1__N4_01,FULL,IMOEXF,historical_true_oos,2025,2,5.275884717,5.275884717,4,AVAILABLE,FULL_QUARTER,POSITIVE
TRAIL1__N4_01,FULL,USDRUBF,historical_true_oos,2025,3,10.12408332,10.12408332,6,AVAILABLE,FULL_QUARTER,POSITIVE
TRAIL1__N4_01,FULL,CNYRUBF,historical_true_oos,2025,3,9.474114649,9.474114649,7,AVAILABLE,FULL_QUARTER,POSITIVE
TRAIL1__N4_01,FULL,GLDRUBF,historical_true_oos,2025,3,12.35072906,12.35072906,7,AVAILABLE,FULL_QUARTER,POSITIVE
TRAIL1__N4_01,FULL,IMOEXF,historical_true_oos,2025,3,3.438490638,3.438490638,9,AVAILABLE,FULL_QUARTER,POSITIVE
TRAIL1__N4_01,FULL,USDRUBF,historical_true_oos,2025,4,-0.8094742122,-0.8094742122,10,AVAILABLE,FULL_QUARTER,NEGATIVE
TRAIL1__N4_01,FULL,CNYRUBF,historical_true_oos,2025,4,-0.08884297225,-0.08884297225,12,AVAILABLE,FULL_QUARTER,NEGATIVE
TRAIL1__N4_01,FULL,GLDRUBF,historical_true_oos,2025,4,0.6674091997,0.6674091997,10,AVAILABLE,FULL_QUARTER,POSITIVE
TRAIL1__N4_01,FULL,IMOEXF,historical_true_oos,2025,4,2.225109013,2.225109013,8,AVAILABLE,FULL_QUARTER,POSITIVE
TRAIL1__N4_01,FULL,USDRUBF,historical_true_oos,2026,1,4.85002482,4.85002482,7,AVAILABLE,FULL_QUARTER,POSITIVE
TRAIL1__N4_01,FULL,CNYRUBF,historical_true_oos,2026,1,3.391308616,3.391308616,8,AVAILABLE,FULL_QUARTER,POSITIVE
TRAIL1__N4_01,FULL,GLDRUBF,historical_true_oos,2026,1,4.227027096,4.227027096,8,AVAILABLE,FULL_QUARTER,POSITIVE
TRAIL1__N4_01,FULL,IMOEXF,historical_true_oos,2026,1,0.5691103127,0.5691103127,6,AVAILABLE,FULL_QUARTER,POSITIVE
TRAIL1__N4_01,FULL,USDRUBF,historical_true_oos,2026,2,4.205357324,4.205357324,7,AVAILABLE,FULL_QUARTER,POSITIVE
TRAIL1__N4_01,FULL,CNYRUBF,historical_true_oos,2026,2,3.612342715,3.612342715,7,AVAILABLE,FULL_QUARTER,POSITIVE
TRAIL1__N4_01,FULL,GLDRUBF,historical_true_oos,2026,2,3.047287556,3.047287556,6,AVAILABLE,FULL_QUARTER,POSITIVE
TRAIL1__N4_01,FULL,IMOEXF,historical_true_oos,2026,2,0.1510257381,0.1510257381,13,AVAILABLE,FULL_QUARTER,POSITIVE
TRAIL1__N4_01,FULL,USDRUBF,historical_true_oos,2026,3,4.322808563,4.322808563,9,AVAILABLE,PARTIAL_QUARTER,POSITIVE
TRAIL1__N4_01,FULL,CNYRUBF,historical_true_oos,2026,3,2.034861524,2.034861524,9,AVAILABLE,PARTIAL_QUARTER,POSITIVE
TRAIL1__N4_01,FULL,GLDRUBF,historical_true_oos,2026,3,12.34848639,12.34848639,6,AVAILABLE,PARTIAL_QUARTER,POSITIVE
TRAIL1__N4_01,FULL,IMOEXF,historical_true_oos,2026,3,3.527388283,3.527388283,8,AVAILABLE,PARTIAL_QUARTER,POSITIVE
SESSION_10_21__N2_01,NORMALIZED,USDRUBF,baseline,2023,1,-1.937229707,-0.9686148535,3,AVAILABLE,PARTIAL_QUARTER,NEGATIVE
SESSION_10_21__N2_01,NORMALIZED,CNYRUBF,baseline,2023,1,-1.020555271,-0.5102776355,3,AVAILABLE,PARTIAL_QUARTER,NEGATIVE
SESSION_10_21__N2_01,NORMALIZED,USDRUBF,baseline,2023,2,8.689564697,4.344782349,11,AVAILABLE,FULL_QUARTER,POSITIVE
SESSION_10_21__N2_01,NORMALIZED,CNYRUBF,baseline,2023,2,7.795515913,3.897757957,8,AVAILABLE,FULL_QUARTER,POSITIVE
SESSION_10_21__N2_01,NORMALIZED,USDRUBF,baseline,2023,3,5.167328514,2.583664257,8,AVAILABLE,FULL_QUARTER,POSITIVE
SESSION_10_21__N2_01,NORMALIZED,CNYRUBF,baseline,2023,3,-2.049622456,-1.024811228,7,AVAILABLE,FULL_QUARTER,NEGATIVE
SESSION_10_21__N2_01,NORMALIZED,USDRUBF,baseline,2023,4,3.193216993,1.596608496,7,AVAILABLE,FULL_QUARTER,POSITIVE
SESSION_10_21__N2_01,NORMALIZED,CNYRUBF,baseline,2023,4,-3.791262962,-1.895631481,6,AVAILABLE,FULL_QUARTER,NEGATIVE
SESSION_10_21__N2_01,NORMALIZED,USDRUBF,baseline,2024,1,-0.4829589909,-0.2414794954,4,AVAILABLE,FULL_QUARTER,NEGATIVE
SESSION_10_21__N2_01,NORMALIZED,CNYRUBF,baseline,2024,1,2.817209547,1.408604774,3,AVAILABLE,FULL_QUARTER,POSITIVE
SESSION_10_21__N2_01,NORMALIZED,USDRUBF,baseline,2024,2,2.955597233,1.477798617,12,AVAILABLE,FULL_QUARTER,POSITIVE
SESSION_10_21__N2_01,NORMALIZED,CNYRUBF,baseline,2024,2,14.94403683,7.472018415,11,AVAILABLE,FULL_QUARTER,POSITIVE
SESSION_10_21__N2_01,NORMALIZED,USDRUBF,baseline,2024,3,1.0249468,0.5124733999,9,AVAILABLE,FULL_QUARTER,POSITIVE
SESSION_10_21__N2_01,NORMALIZED,CNYRUBF,baseline,2024,3,0.6441510469,0.3220755234,6,AVAILABLE,FULL_QUARTER,POSITIVE
SESSION_10_21__N2_01,NORMALIZED,USDRUBF,baseline,2024,4,5.763429915,2.881714957,7,AVAILABLE,PARTIAL_QUARTER,POSITIVE
SESSION_10_21__N2_01,NORMALIZED,CNYRUBF,baseline,2024,4,3.442996412,1.721498206,7,AVAILABLE,PARTIAL_QUARTER,POSITIVE
SESSION_10_21__N2_01,NORMALIZED,USDRUBF,walk_forward,2024,1,0.3132754899,0.1566377449,2,AVAILABLE,FULL_QUARTER,POSITIVE
SESSION_10_21__N2_01,NORMALIZED,CNYRUBF,walk_forward,2024,1,-0.7748154007,-0.3874077003,1,AVAILABLE,FULL_QUARTER,NEGATIVE
SESSION_10_21__N2_01,NORMALIZED,USDRUBF,walk_forward,2024,2,4.621795889,2.310897945,5,AVAILABLE,FULL_QUARTER,POSITIVE
SESSION_10_21__N2_01,NORMALIZED,CNYRUBF,walk_forward,2024,2,14.34374878,7.17187439,5,AVAILABLE,FULL_QUARTER,POSITIVE
SESSION_10_21__N2_01,NORMALIZED,USDRUBF,walk_forward,2024,3,1.803338198,0.9016690988,4,AVAILABLE,FULL_QUARTER,POSITIVE
SESSION_10_21__N2_01,NORMALIZED,CNYRUBF,walk_forward,2024,3,0.9080037172,0.4540018586,5,AVAILABLE,FULL_QUARTER,POSITIVE
SESSION_10_21__N2_01,NORMALIZED,USDRUBF,walk_forward,2024,4,5.348060663,2.674030332,3,AVAILABLE,PARTIAL_QUARTER,POSITIVE
SESSION_10_21__N2_01,NORMALIZED,CNYRUBF,walk_forward,2024,4,3.589777842,1.794888921,5,AVAILABLE,PARTIAL_QUARTER,POSITIVE
SESSION_10_21__N2_01,NORMALIZED,USDRUBF,historical_true_oos,2025,1,1.670482493,0.8352412463,2,AVAILABLE,PARTIAL_QUARTER,POSITIVE
SESSION_10_21__N2_01,NORMALIZED,CNYRUBF,historical_true_oos,2025,1,2.961964957,1.480982479,3,AVAILABLE,PARTIAL_QUARTER,POSITIVE
SESSION_10_21__N2_01,NORMALIZED,USDRUBF,historical_true_oos,2025,2,-2.294309312,-1.147154656,4,AVAILABLE,FULL_QUARTER,NEGATIVE
SESSION_10_21__N2_01,NORMALIZED,CNYRUBF,historical_true_oos,2025,2,-2.900060519,-1.45003026,4,AVAILABLE,FULL_QUARTER,NEGATIVE
SESSION_10_21__N2_01,NORMALIZED,USDRUBF,historical_true_oos,2025,3,10.28120835,5.140604176,6,AVAILABLE,FULL_QUARTER,POSITIVE
SESSION_10_21__N2_01,NORMALIZED,CNYRUBF,historical_true_oos,2025,3,11.77216822,5.886084111,7,AVAILABLE,FULL_QUARTER,POSITIVE
SESSION_10_21__N2_01,NORMALIZED,USDRUBF,historical_true_oos,2025,4,-1.526128899,-0.7630644493,12,AVAILABLE,FULL_QUARTER,NEGATIVE
SESSION_10_21__N2_01,NORMALIZED,CNYRUBF,historical_true_oos,2025,4,-2.861047419,-1.430523709,13,AVAILABLE,FULL_QUARTER,NEGATIVE
SESSION_10_21__N2_01,NORMALIZED,USDRUBF,historical_true_oos,2026,1,6.800303784,3.400151892,7,AVAILABLE,FULL_QUARTER,POSITIVE
SESSION_10_21__N2_01,NORMALIZED,CNYRUBF,historical_true_oos,2026,1,4.172041837,2.086020918,8,AVAILABLE,FULL_QUARTER,POSITIVE
SESSION_10_21__N2_01,NORMALIZED,USDRUBF,historical_true_oos,2026,2,3.481275769,1.740637884,8,AVAILABLE,FULL_QUARTER,POSITIVE
SESSION_10_21__N2_01,NORMALIZED,CNYRUBF,historical_true_oos,2026,2,5.018422592,2.509211296,7,AVAILABLE,FULL_QUARTER,POSITIVE
SESSION_10_21__N2_01,NORMALIZED,USDRUBF,historical_true_oos,2026,3,6.03583997,3.017919985,9,AVAILABLE,PARTIAL_QUARTER,POSITIVE
SESSION_10_21__N2_01,NORMALIZED,CNYRUBF,historical_true_oos,2026,3,3.022157135,1.511078567,9,AVAILABLE,PARTIAL_QUARTER,POSITIVE
SESSION_10_21__N2_01,FULL,USDRUBF,baseline,2023,1,-1.937229707,-1.937229707,3,AVAILABLE,PARTIAL_QUARTER,NEGATIVE
SESSION_10_21__N2_01,FULL,CNYRUBF,baseline,2023,1,-1.020555271,-1.020555271,3,AVAILABLE,PARTIAL_QUARTER,NEGATIVE
SESSION_10_21__N2_01,FULL,USDRUBF,baseline,2023,2,8.689564697,8.689564697,11,AVAILABLE,FULL_QUARTER,POSITIVE
SESSION_10_21__N2_01,FULL,CNYRUBF,baseline,2023,2,7.795515913,7.795515913,8,AVAILABLE,FULL_QUARTER,POSITIVE
SESSION_10_21__N2_01,FULL,USDRUBF,baseline,2023,3,5.167328514,5.167328514,8,AVAILABLE,FULL_QUARTER,POSITIVE
SESSION_10_21__N2_01,FULL,CNYRUBF,baseline,2023,3,-2.049622456,-2.049622456,7,AVAILABLE,FULL_QUARTER,NEGATIVE
SESSION_10_21__N2_01,FULL,USDRUBF,baseline,2023,4,3.193216993,3.193216993,7,AVAILABLE,FULL_QUARTER,POSITIVE
SESSION_10_21__N2_01,FULL,CNYRUBF,baseline,2023,4,-3.791262962,-3.791262962,6,AVAILABLE,FULL_QUARTER,NEGATIVE
SESSION_10_21__N2_01,FULL,USDRUBF,baseline,2024,1,-0.4829589909,-0.4829589909,4,AVAILABLE,FULL_QUARTER,NEGATIVE
SESSION_10_21__N2_01,FULL,CNYRUBF,baseline,2024,1,2.817209547,2.817209547,3,AVAILABLE,FULL_QUARTER,POSITIVE
SESSION_10_21__N2_01,FULL,USDRUBF,baseline,2024,2,2.955597233,2.955597233,12,AVAILABLE,FULL_QUARTER,POSITIVE
SESSION_10_21__N2_01,FULL,CNYRUBF,baseline,2024,2,14.94403683,14.94403683,11,AVAILABLE,FULL_QUARTER,POSITIVE
SESSION_10_21__N2_01,FULL,USDRUBF,baseline,2024,3,1.0249468,1.0249468,9,AVAILABLE,FULL_QUARTER,POSITIVE
SESSION_10_21__N2_01,FULL,CNYRUBF,baseline,2024,3,0.6441510469,0.6441510469,6,AVAILABLE,FULL_QUARTER,POSITIVE
SESSION_10_21__N2_01,FULL,USDRUBF,baseline,2024,4,5.763429915,5.763429915,7,AVAILABLE,PARTIAL_QUARTER,POSITIVE
SESSION_10_21__N2_01,FULL,CNYRUBF,baseline,2024,4,3.442996412,3.442996412,7,AVAILABLE,PARTIAL_QUARTER,POSITIVE
SESSION_10_21__N2_01,FULL,USDRUBF,walk_forward,2024,1,0.3132754899,0.3132754899,2,AVAILABLE,FULL_QUARTER,POSITIVE
SESSION_10_21__N2_01,FULL,CNYRUBF,walk_forward,2024,1,-0.7748154007,-0.7748154007,1,AVAILABLE,FULL_QUARTER,NEGATIVE
SESSION_10_21__N2_01,FULL,USDRUBF,walk_forward,2024,2,4.621795889,4.621795889,5,AVAILABLE,FULL_QUARTER,POSITIVE
SESSION_10_21__N2_01,FULL,CNYRUBF,walk_forward,2024,2,14.34374878,14.34374878,5,AVAILABLE,FULL_QUARTER,POSITIVE
SESSION_10_21__N2_01,FULL,USDRUBF,walk_forward,2024,3,1.803338198,1.803338198,4,AVAILABLE,FULL_QUARTER,POSITIVE
SESSION_10_21__N2_01,FULL,CNYRUBF,walk_forward,2024,3,0.9080037172,0.9080037172,5,AVAILABLE,FULL_QUARTER,POSITIVE
SESSION_10_21__N2_01,FULL,USDRUBF,walk_forward,2024,4,5.348060663,5.348060663,3,AVAILABLE,PARTIAL_QUARTER,POSITIVE
SESSION_10_21__N2_01,FULL,CNYRUBF,walk_forward,2024,4,3.589777842,3.589777842,5,AVAILABLE,PARTIAL_QUARTER,POSITIVE
SESSION_10_21__N2_01,FULL,USDRUBF,historical_true_oos,2025,1,1.670482493,1.670482493,2,AVAILABLE,PARTIAL_QUARTER,POSITIVE
SESSION_10_21__N2_01,FULL,CNYRUBF,historical_true_oos,2025,1,2.961964957,2.961964957,3,AVAILABLE,PARTIAL_QUARTER,POSITIVE
SESSION_10_21__N2_01,FULL,USDRUBF,historical_true_oos,2025,2,-2.294309312,-2.294309312,4,AVAILABLE,FULL_QUARTER,NEGATIVE
SESSION_10_21__N2_01,FULL,CNYRUBF,historical_true_oos,2025,2,-2.900060519,-2.900060519,4,AVAILABLE,FULL_QUARTER,NEGATIVE
SESSION_10_21__N2_01,FULL,USDRUBF,historical_true_oos,2025,3,10.28120835,10.28120835,6,AVAILABLE,FULL_QUARTER,POSITIVE
SESSION_10_21__N2_01,FULL,CNYRUBF,historical_true_oos,2025,3,11.77216822,11.77216822,7,AVAILABLE,FULL_QUARTER,POSITIVE
SESSION_10_21__N2_01,FULL,USDRUBF,historical_true_oos,2025,4,-1.526128899,-1.526128899,12,AVAILABLE,FULL_QUARTER,NEGATIVE
SESSION_10_21__N2_01,FULL,CNYRUBF,historical_true_oos,2025,4,-2.861047419,-2.861047419,13,AVAILABLE,FULL_QUARTER,NEGATIVE
SESSION_10_21__N2_01,FULL,USDRUBF,historical_true_oos,2026,1,6.800303784,6.800303784,7,AVAILABLE,FULL_QUARTER,POSITIVE
SESSION_10_21__N2_01,FULL,CNYRUBF,historical_true_oos,2026,1,4.172041837,4.172041837,8,AVAILABLE,FULL_QUARTER,POSITIVE
SESSION_10_21__N2_01,FULL,USDRUBF,historical_true_oos,2026,2,3.481275769,3.481275769,8,AVAILABLE,FULL_QUARTER,POSITIVE
SESSION_10_21__N2_01,FULL,CNYRUBF,historical_true_oos,2026,2,5.018422592,5.018422592,7,AVAILABLE,FULL_QUARTER,POSITIVE
SESSION_10_21__N2_01,FULL,USDRUBF,historical_true_oos,2026,3,6.03583997,6.03583997,9,AVAILABLE,PARTIAL_QUARTER,POSITIVE
SESSION_10_21__N2_01,FULL,CNYRUBF,historical_true_oos,2026,3,3.022157135,3.022157135,9,AVAILABLE,PARTIAL_QUARTER,POSITIVE
SESSION_10_21__N2_02,NORMALIZED,USDRUBF,baseline,2023,1,-1.937229707,-0.9686148535,3,AVAILABLE,PARTIAL_QUARTER,NEGATIVE
SESSION_10_21__N2_02,NORMALIZED,GLDRUBF,baseline,2023,1,0,0,0,NOT_AVAILABLE,NOT_AVAILABLE,ZERO
SESSION_10_21__N2_02,NORMALIZED,USDRUBF,baseline,2023,2,8.689564697,4.344782349,11,AVAILABLE,FULL_QUARTER,POSITIVE
SESSION_10_21__N2_02,NORMALIZED,GLDRUBF,baseline,2023,2,0,0,0,NOT_AVAILABLE,NOT_AVAILABLE,ZERO
SESSION_10_21__N2_02,NORMALIZED,USDRUBF,baseline,2023,3,5.167328514,2.583664257,8,AVAILABLE,FULL_QUARTER,POSITIVE
SESSION_10_21__N2_02,NORMALIZED,GLDRUBF,baseline,2023,3,-0.435766705,-0.2178833525,1,AVAILABLE,PARTIAL_QUARTER,NEGATIVE
SESSION_10_21__N2_02,NORMALIZED,USDRUBF,baseline,2023,4,3.193216993,1.596608496,7,AVAILABLE,FULL_QUARTER,POSITIVE
SESSION_10_21__N2_02,NORMALIZED,GLDRUBF,baseline,2023,4,-0.110139046,-0.05506952302,5,AVAILABLE,FULL_QUARTER,NEGATIVE
SESSION_10_21__N2_02,NORMALIZED,USDRUBF,baseline,2024,1,-0.4829589909,-0.2414794954,4,AVAILABLE,FULL_QUARTER,NEGATIVE
SESSION_10_21__N2_02,NORMALIZED,GLDRUBF,baseline,2024,1,-2.697623995,-1.348811998,11,AVAILABLE,FULL_QUARTER,NEGATIVE
SESSION_10_21__N2_02,NORMALIZED,USDRUBF,baseline,2024,2,2.955597233,1.477798617,12,AVAILABLE,FULL_QUARTER,POSITIVE
SESSION_10_21__N2_02,NORMALIZED,GLDRUBF,baseline,2024,2,1.821815965,0.9109079824,8,AVAILABLE,FULL_QUARTER,POSITIVE
SESSION_10_21__N2_02,NORMALIZED,USDRUBF,baseline,2024,3,1.0249468,0.5124733999,9,AVAILABLE,FULL_QUARTER,POSITIVE
SESSION_10_21__N2_02,NORMALIZED,GLDRUBF,baseline,2024,3,-0.1706293684,-0.08531468422,6,AVAILABLE,FULL_QUARTER,NEGATIVE
SESSION_10_21__N2_02,NORMALIZED,USDRUBF,baseline,2024,4,5.763429915,2.881714957,7,AVAILABLE,PARTIAL_QUARTER,POSITIVE
SESSION_10_21__N2_02,NORMALIZED,GLDRUBF,baseline,2024,4,8.036434985,4.018217493,8,AVAILABLE,PARTIAL_QUARTER,POSITIVE
SESSION_10_21__N2_02,NORMALIZED,USDRUBF,walk_forward,2024,1,0.3132754899,0.1566377449,2,AVAILABLE,FULL_QUARTER,POSITIVE
SESSION_10_21__N2_02,NORMALIZED,GLDRUBF,walk_forward,2024,1,-0.2047478986,-0.1023739493,7,AVAILABLE,FULL_QUARTER,NEGATIVE
SESSION_10_21__N2_02,NORMALIZED,USDRUBF,walk_forward,2024,2,4.621795889,2.310897945,5,AVAILABLE,FULL_QUARTER,POSITIVE
SESSION_10_21__N2_02,NORMALIZED,GLDRUBF,walk_forward,2024,2,-0.8402661314,-0.4201330657,4,AVAILABLE,FULL_QUARTER,NEGATIVE
SESSION_10_21__N2_02,NORMALIZED,USDRUBF,walk_forward,2024,3,1.803338198,0.9016690988,4,AVAILABLE,FULL_QUARTER,POSITIVE
SESSION_10_21__N2_02,NORMALIZED,GLDRUBF,walk_forward,2024,3,-0.8007807869,-0.4003903935,5,AVAILABLE,FULL_QUARTER,NEGATIVE
SESSION_10_21__N2_02,NORMALIZED,USDRUBF,walk_forward,2024,4,5.348060663,2.674030332,3,AVAILABLE,PARTIAL_QUARTER,POSITIVE
SESSION_10_21__N2_02,NORMALIZED,GLDRUBF,walk_forward,2024,4,-0.1248474894,-0.06242374472,4,AVAILABLE,PARTIAL_QUARTER,NEGATIVE
SESSION_10_21__N2_02,NORMALIZED,USDRUBF,historical_true_oos,2025,1,1.670482493,0.8352412463,2,AVAILABLE,PARTIAL_QUARTER,POSITIVE
SESSION_10_21__N2_02,NORMALIZED,GLDRUBF,historical_true_oos,2025,1,-0.4165586989,-0.2082793494,1,AVAILABLE,PARTIAL_QUARTER,NEGATIVE
SESSION_10_21__N2_02,NORMALIZED,USDRUBF,historical_true_oos,2025,2,-2.294309312,-1.147154656,4,AVAILABLE,FULL_QUARTER,NEGATIVE
SESSION_10_21__N2_02,NORMALIZED,GLDRUBF,historical_true_oos,2025,2,0.09406211555,0.04703105777,2,AVAILABLE,FULL_QUARTER,POSITIVE
SESSION_10_21__N2_02,NORMALIZED,USDRUBF,historical_true_oos,2025,3,10.28120835,5.140604176,6,AVAILABLE,FULL_QUARTER,POSITIVE
SESSION_10_21__N2_02,NORMALIZED,GLDRUBF,historical_true_oos,2025,3,11.52674051,5.763370255,7,AVAILABLE,FULL_QUARTER,POSITIVE
SESSION_10_21__N2_02,NORMALIZED,USDRUBF,historical_true_oos,2025,4,-1.526128899,-0.7630644493,12,AVAILABLE,FULL_QUARTER,NEGATIVE
SESSION_10_21__N2_02,NORMALIZED,GLDRUBF,historical_true_oos,2025,4,2.830169413,1.415084707,10,AVAILABLE,FULL_QUARTER,POSITIVE
SESSION_10_21__N2_02,NORMALIZED,USDRUBF,historical_true_oos,2026,1,6.800303784,3.400151892,7,AVAILABLE,FULL_QUARTER,POSITIVE
SESSION_10_21__N2_02,NORMALIZED,GLDRUBF,historical_true_oos,2026,1,6.173353456,3.086676728,8,AVAILABLE,FULL_QUARTER,POSITIVE
SESSION_10_21__N2_02,NORMALIZED,USDRUBF,historical_true_oos,2026,2,3.481275769,1.740637884,8,AVAILABLE,FULL_QUARTER,POSITIVE
SESSION_10_21__N2_02,NORMALIZED,GLDRUBF,historical_true_oos,2026,2,3.345415617,1.672707808,5,AVAILABLE,FULL_QUARTER,POSITIVE
SESSION_10_21__N2_02,NORMALIZED,USDRUBF,historical_true_oos,2026,3,6.03583997,3.017919985,9,AVAILABLE,PARTIAL_QUARTER,POSITIVE
SESSION_10_21__N2_02,NORMALIZED,GLDRUBF,historical_true_oos,2026,3,11.31104276,5.65552138,7,AVAILABLE,PARTIAL_QUARTER,POSITIVE
SESSION_10_21__N2_02,FULL,USDRUBF,baseline,2023,1,-1.937229707,-1.937229707,3,AVAILABLE,PARTIAL_QUARTER,NEGATIVE
SESSION_10_21__N2_02,FULL,GLDRUBF,baseline,2023,1,0,0,0,NOT_AVAILABLE,NOT_AVAILABLE,ZERO
SESSION_10_21__N2_02,FULL,USDRUBF,baseline,2023,2,8.689564697,8.689564697,11,AVAILABLE,FULL_QUARTER,POSITIVE
SESSION_10_21__N2_02,FULL,GLDRUBF,baseline,2023,2,0,0,0,NOT_AVAILABLE,NOT_AVAILABLE,ZERO
SESSION_10_21__N2_02,FULL,USDRUBF,baseline,2023,3,5.167328514,5.167328514,8,AVAILABLE,FULL_QUARTER,POSITIVE
SESSION_10_21__N2_02,FULL,GLDRUBF,baseline,2023,3,-0.435766705,-0.435766705,1,AVAILABLE,PARTIAL_QUARTER,NEGATIVE
SESSION_10_21__N2_02,FULL,USDRUBF,baseline,2023,4,3.193216993,3.193216993,7,AVAILABLE,FULL_QUARTER,POSITIVE
SESSION_10_21__N2_02,FULL,GLDRUBF,baseline,2023,4,-0.110139046,-0.110139046,5,AVAILABLE,FULL_QUARTER,NEGATIVE
SESSION_10_21__N2_02,FULL,USDRUBF,baseline,2024,1,-0.4829589909,-0.4829589909,4,AVAILABLE,FULL_QUARTER,NEGATIVE
SESSION_10_21__N2_02,FULL,GLDRUBF,baseline,2024,1,-2.697623995,-2.697623995,11,AVAILABLE,FULL_QUARTER,NEGATIVE
SESSION_10_21__N2_02,FULL,USDRUBF,baseline,2024,2,2.955597233,2.955597233,12,AVAILABLE,FULL_QUARTER,POSITIVE
SESSION_10_21__N2_02,FULL,GLDRUBF,baseline,2024,2,1.821815965,1.821815965,8,AVAILABLE,FULL_QUARTER,POSITIVE
SESSION_10_21__N2_02,FULL,USDRUBF,baseline,2024,3,1.0249468,1.0249468,9,AVAILABLE,FULL_QUARTER,POSITIVE
SESSION_10_21__N2_02,FULL,GLDRUBF,baseline,2024,3,-0.1706293684,-0.1706293684,6,AVAILABLE,FULL_QUARTER,NEGATIVE
SESSION_10_21__N2_02,FULL,USDRUBF,baseline,2024,4,5.763429915,5.763429915,7,AVAILABLE,PARTIAL_QUARTER,POSITIVE
SESSION_10_21__N2_02,FULL,GLDRUBF,baseline,2024,4,8.036434985,8.036434985,8,AVAILABLE,PARTIAL_QUARTER,POSITIVE
SESSION_10_21__N2_02,FULL,USDRUBF,walk_forward,2024,1,0.3132754899,0.3132754899,2,AVAILABLE,FULL_QUARTER,POSITIVE
SESSION_10_21__N2_02,FULL,GLDRUBF,walk_forward,2024,1,-0.2047478986,-0.2047478986,7,AVAILABLE,FULL_QUARTER,NEGATIVE
SESSION_10_21__N2_02,FULL,USDRUBF,walk_forward,2024,2,4.621795889,4.621795889,5,AVAILABLE,FULL_QUARTER,POSITIVE
SESSION_10_21__N2_02,FULL,GLDRUBF,walk_forward,2024,2,-0.8402661314,-0.8402661314,4,AVAILABLE,FULL_QUARTER,NEGATIVE
SESSION_10_21__N2_02,FULL,USDRUBF,walk_forward,2024,3,1.803338198,1.803338198,4,AVAILABLE,FULL_QUARTER,POSITIVE
SESSION_10_21__N2_02,FULL,GLDRUBF,walk_forward,2024,3,-0.8007807869,-0.8007807869,5,AVAILABLE,FULL_QUARTER,NEGATIVE
SESSION_10_21__N2_02,FULL,USDRUBF,walk_forward,2024,4,5.348060663,5.348060663,3,AVAILABLE,PARTIAL_QUARTER,POSITIVE
SESSION_10_21__N2_02,FULL,GLDRUBF,walk_forward,2024,4,-0.1248474894,-0.1248474894,4,AVAILABLE,PARTIAL_QUARTER,NEGATIVE
SESSION_10_21__N2_02,FULL,USDRUBF,historical_true_oos,2025,1,1.670482493,1.670482493,2,AVAILABLE,PARTIAL_QUARTER,POSITIVE
SESSION_10_21__N2_02,FULL,GLDRUBF,historical_true_oos,2025,1,-0.4165586989,-0.4165586989,1,AVAILABLE,PARTIAL_QUARTER,NEGATIVE
SESSION_10_21__N2_02,FULL,USDRUBF,historical_true_oos,2025,2,-2.294309312,-2.294309312,4,AVAILABLE,FULL_QUARTER,NEGATIVE
SESSION_10_21__N2_02,FULL,GLDRUBF,historical_true_oos,2025,2,0.09406211555,0.09406211555,2,AVAILABLE,FULL_QUARTER,POSITIVE
SESSION_10_21__N2_02,FULL,USDRUBF,historical_true_oos,2025,3,10.28120835,10.28120835,6,AVAILABLE,FULL_QUARTER,POSITIVE
SESSION_10_21__N2_02,FULL,GLDRUBF,historical_true_oos,2025,3,11.52674051,11.52674051,7,AVAILABLE,FULL_QUARTER,POSITIVE
SESSION_10_21__N2_02,FULL,USDRUBF,historical_true_oos,2025,4,-1.526128899,-1.526128899,12,AVAILABLE,FULL_QUARTER,NEGATIVE
SESSION_10_21__N2_02,FULL,GLDRUBF,historical_true_oos,2025,4,2.830169413,2.830169413,10,AVAILABLE,FULL_QUARTER,POSITIVE
SESSION_10_21__N2_02,FULL,USDRUBF,historical_true_oos,2026,1,6.800303784,6.800303784,7,AVAILABLE,FULL_QUARTER,POSITIVE
SESSION_10_21__N2_02,FULL,GLDRUBF,historical_true_oos,2026,1,6.173353456,6.173353456,8,AVAILABLE,FULL_QUARTER,POSITIVE
SESSION_10_21__N2_02,FULL,USDRUBF,historical_true_oos,2026,2,3.481275769,3.481275769,8,AVAILABLE,FULL_QUARTER,POSITIVE
SESSION_10_21__N2_02,FULL,GLDRUBF,historical_true_oos,2026,2,3.345415617,3.345415617,5,AVAILABLE,FULL_QUARTER,POSITIVE
SESSION_10_21__N2_02,FULL,USDRUBF,historical_true_oos,2026,3,6.03583997,6.03583997,9,AVAILABLE,PARTIAL_QUARTER,POSITIVE
SESSION_10_21__N2_02,FULL,GLDRUBF,historical_true_oos,2026,3,11.31104276,11.31104276,7,AVAILABLE,PARTIAL_QUARTER,POSITIVE
SESSION_10_21__N2_03,NORMALIZED,USDRUBF,baseline,2023,1,-1.937229707,-0.9686148535,3,AVAILABLE,PARTIAL_QUARTER,NEGATIVE
SESSION_10_21__N2_03,NORMALIZED,IMOEXF,baseline,2023,1,0,0,0,NOT_AVAILABLE,NOT_AVAILABLE,ZERO
SESSION_10_21__N2_03,NORMALIZED,USDRUBF,baseline,2023,2,8.689564697,4.344782349,11,AVAILABLE,FULL_QUARTER,POSITIVE
SESSION_10_21__N2_03,NORMALIZED,IMOEXF,baseline,2023,2,0,0,0,NOT_AVAILABLE,NOT_AVAILABLE,ZERO
SESSION_10_21__N2_03,NORMALIZED,USDRUBF,baseline,2023,3,5.167328514,2.583664257,8,AVAILABLE,FULL_QUARTER,POSITIVE
SESSION_10_21__N2_03,NORMALIZED,IMOEXF,baseline,2023,3,0,0,0,NOT_AVAILABLE,NOT_AVAILABLE,ZERO
SESSION_10_21__N2_03,NORMALIZED,USDRUBF,baseline,2023,4,3.193216993,1.596608496,7,AVAILABLE,FULL_QUARTER,POSITIVE
SESSION_10_21__N2_03,NORMALIZED,IMOEXF,baseline,2023,4,0,0,0,NOT_AVAILABLE,PARTIAL_QUARTER,ZERO
SESSION_10_21__N2_03,NORMALIZED,USDRUBF,baseline,2024,1,-0.4829589909,-0.2414794954,4,AVAILABLE,FULL_QUARTER,NEGATIVE
SESSION_10_21__N2_03,NORMALIZED,IMOEXF,baseline,2024,1,2.393163239,1.196581619,8,AVAILABLE,FULL_QUARTER,POSITIVE
SESSION_10_21__N2_03,NORMALIZED,USDRUBF,baseline,2024,2,2.955597233,1.477798617,12,AVAILABLE,FULL_QUARTER,POSITIVE
SESSION_10_21__N2_03,NORMALIZED,IMOEXF,baseline,2024,2,5.115292585,2.557646292,6,AVAILABLE,FULL_QUARTER,POSITIVE
SESSION_10_21__N2_03,NORMALIZED,USDRUBF,baseline,2024,3,1.0249468,0.5124733999,9,AVAILABLE,FULL_QUARTER,POSITIVE
SESSION_10_21__N2_03,NORMALIZED,IMOEXF,baseline,2024,3,7.623380195,3.811690098,7,AVAILABLE,FULL_QUARTER,POSITIVE
SESSION_10_21__N2_03,NORMALIZED,USDRUBF,baseline,2024,4,5.763429915,2.881714957,7,AVAILABLE,PARTIAL_QUARTER,POSITIVE
SESSION_10_21__N2_03,NORMALIZED,IMOEXF,baseline,2024,4,2.943055533,1.471527767,5,AVAILABLE,PARTIAL_QUARTER,POSITIVE
SESSION_10_21__N2_03,NORMALIZED,USDRUBF,walk_forward,2024,1,0.3132754899,0.1566377449,2,AVAILABLE,FULL_QUARTER,POSITIVE
SESSION_10_21__N2_03,NORMALIZED,IMOEXF,walk_forward,2024,1,-2.256842313,-1.128421157,3,AVAILABLE,FULL_QUARTER,NEGATIVE
SESSION_10_21__N2_03,NORMALIZED,USDRUBF,walk_forward,2024,2,4.621795889,2.310897945,5,AVAILABLE,FULL_QUARTER,POSITIVE
SESSION_10_21__N2_03,NORMALIZED,IMOEXF,walk_forward,2024,2,5.244296171,2.622148085,5,AVAILABLE,FULL_QUARTER,POSITIVE
SESSION_10_21__N2_03,NORMALIZED,USDRUBF,walk_forward,2024,3,1.803338198,0.9016690988,4,AVAILABLE,FULL_QUARTER,POSITIVE
SESSION_10_21__N2_03,NORMALIZED,IMOEXF,walk_forward,2024,3,3.827226242,1.913613121,3,AVAILABLE,FULL_QUARTER,POSITIVE
SESSION_10_21__N2_03,NORMALIZED,USDRUBF,walk_forward,2024,4,5.348060663,2.674030332,3,AVAILABLE,PARTIAL_QUARTER,POSITIVE
SESSION_10_21__N2_03,NORMALIZED,IMOEXF,walk_forward,2024,4,1.53728685,0.7686434252,3,AVAILABLE,PARTIAL_QUARTER,POSITIVE
SESSION_10_21__N2_03,NORMALIZED,USDRUBF,historical_true_oos,2025,1,1.670482493,0.8352412463,2,AVAILABLE,PARTIAL_QUARTER,POSITIVE
SESSION_10_21__N2_03,NORMALIZED,IMOEXF,historical_true_oos,2025,1,-0.2104960302,-0.1052480151,1,AVAILABLE,PARTIAL_QUARTER,NEGATIVE
SESSION_10_21__N2_03,NORMALIZED,USDRUBF,historical_true_oos,2025,2,-2.294309312,-1.147154656,4,AVAILABLE,FULL_QUARTER,NEGATIVE
SESSION_10_21__N2_03,NORMALIZED,IMOEXF,historical_true_oos,2025,2,3.654878351,1.827439175,4,AVAILABLE,FULL_QUARTER,POSITIVE
SESSION_10_21__N2_03,NORMALIZED,USDRUBF,historical_true_oos,2025,3,10.28120835,5.140604176,6,AVAILABLE,FULL_QUARTER,POSITIVE
SESSION_10_21__N2_03,NORMALIZED,IMOEXF,historical_true_oos,2025,3,0.8950248461,0.4475124231,11,AVAILABLE,FULL_QUARTER,POSITIVE
SESSION_10_21__N2_03,NORMALIZED,USDRUBF,historical_true_oos,2025,4,-1.526128899,-0.7630644493,12,AVAILABLE,FULL_QUARTER,NEGATIVE
SESSION_10_21__N2_03,NORMALIZED,IMOEXF,historical_true_oos,2025,4,0.3749104677,0.1874552339,7,AVAILABLE,FULL_QUARTER,POSITIVE
SESSION_10_21__N2_03,NORMALIZED,USDRUBF,historical_true_oos,2026,1,6.800303784,3.400151892,7,AVAILABLE,FULL_QUARTER,POSITIVE
SESSION_10_21__N2_03,NORMALIZED,IMOEXF,historical_true_oos,2026,1,2.528789976,1.264394988,4,AVAILABLE,FULL_QUARTER,POSITIVE
SESSION_10_21__N2_03,NORMALIZED,USDRUBF,historical_true_oos,2026,2,3.481275769,1.740637884,8,AVAILABLE,FULL_QUARTER,POSITIVE
SESSION_10_21__N2_03,NORMALIZED,IMOEXF,historical_true_oos,2026,2,-0.6439815248,-0.3219907624,13,AVAILABLE,FULL_QUARTER,NEGATIVE
SESSION_10_21__N2_03,NORMALIZED,USDRUBF,historical_true_oos,2026,3,6.03583997,3.017919985,9,AVAILABLE,PARTIAL_QUARTER,POSITIVE
SESSION_10_21__N2_03,NORMALIZED,IMOEXF,historical_true_oos,2026,3,-1.80050918,-0.9002545901,8,AVAILABLE,PARTIAL_QUARTER,NEGATIVE
SESSION_10_21__N2_03,FULL,USDRUBF,baseline,2023,1,-1.937229707,-1.937229707,3,AVAILABLE,PARTIAL_QUARTER,NEGATIVE
SESSION_10_21__N2_03,FULL,IMOEXF,baseline,2023,1,0,0,0,NOT_AVAILABLE,NOT_AVAILABLE,ZERO
SESSION_10_21__N2_03,FULL,USDRUBF,baseline,2023,2,8.689564697,8.689564697,11,AVAILABLE,FULL_QUARTER,POSITIVE
SESSION_10_21__N2_03,FULL,IMOEXF,baseline,2023,2,0,0,0,NOT_AVAILABLE,NOT_AVAILABLE,ZERO
SESSION_10_21__N2_03,FULL,USDRUBF,baseline,2023,3,5.167328514,5.167328514,8,AVAILABLE,FULL_QUARTER,POSITIVE
SESSION_10_21__N2_03,FULL,IMOEXF,baseline,2023,3,0,0,0,NOT_AVAILABLE,NOT_AVAILABLE,ZERO
SESSION_10_21__N2_03,FULL,USDRUBF,baseline,2023,4,3.193216993,3.193216993,7,AVAILABLE,FULL_QUARTER,POSITIVE
SESSION_10_21__N2_03,FULL,IMOEXF,baseline,2023,4,0,0,0,NOT_AVAILABLE,PARTIAL_QUARTER,ZERO
SESSION_10_21__N2_03,FULL,USDRUBF,baseline,2024,1,-0.4829589909,-0.4829589909,4,AVAILABLE,FULL_QUARTER,NEGATIVE
SESSION_10_21__N2_03,FULL,IMOEXF,baseline,2024,1,2.393163239,2.393163239,8,AVAILABLE,FULL_QUARTER,POSITIVE
SESSION_10_21__N2_03,FULL,USDRUBF,baseline,2024,2,2.955597233,2.955597233,12,AVAILABLE,FULL_QUARTER,POSITIVE
SESSION_10_21__N2_03,FULL,IMOEXF,baseline,2024,2,5.115292585,5.115292585,6,AVAILABLE,FULL_QUARTER,POSITIVE
SESSION_10_21__N2_03,FULL,USDRUBF,baseline,2024,3,1.0249468,1.0249468,9,AVAILABLE,FULL_QUARTER,POSITIVE
SESSION_10_21__N2_03,FULL,IMOEXF,baseline,2024,3,7.623380195,7.623380195,7,AVAILABLE,FULL_QUARTER,POSITIVE
SESSION_10_21__N2_03,FULL,USDRUBF,baseline,2024,4,5.763429915,5.763429915,7,AVAILABLE,PARTIAL_QUARTER,POSITIVE
SESSION_10_21__N2_03,FULL,IMOEXF,baseline,2024,4,2.943055533,2.943055533,5,AVAILABLE,PARTIAL_QUARTER,POSITIVE
SESSION_10_21__N2_03,FULL,USDRUBF,walk_forward,2024,1,0.3132754899,0.3132754899,2,AVAILABLE,FULL_QUARTER,POSITIVE
SESSION_10_21__N2_03,FULL,IMOEXF,walk_forward,2024,1,-2.256842313,-2.256842313,3,AVAILABLE,FULL_QUARTER,NEGATIVE
SESSION_10_21__N2_03,FULL,USDRUBF,walk_forward,2024,2,4.621795889,4.621795889,5,AVAILABLE,FULL_QUARTER,POSITIVE
SESSION_10_21__N2_03,FULL,IMOEXF,walk_forward,2024,2,5.244296171,5.244296171,5,AVAILABLE,FULL_QUARTER,POSITIVE
SESSION_10_21__N2_03,FULL,USDRUBF,walk_forward,2024,3,1.803338198,1.803338198,4,AVAILABLE,FULL_QUARTER,POSITIVE
SESSION_10_21__N2_03,FULL,IMOEXF,walk_forward,2024,3,3.827226242,3.827226242,3,AVAILABLE,FULL_QUARTER,POSITIVE
SESSION_10_21__N2_03,FULL,USDRUBF,walk_forward,2024,4,5.348060663,5.348060663,3,AVAILABLE,PARTIAL_QUARTER,POSITIVE
SESSION_10_21__N2_03,FULL,IMOEXF,walk_forward,2024,4,1.53728685,1.53728685,3,AVAILABLE,PARTIAL_QUARTER,POSITIVE
SESSION_10_21__N2_03,FULL,USDRUBF,historical_true_oos,2025,1,1.670482493,1.670482493,2,AVAILABLE,PARTIAL_QUARTER,POSITIVE
SESSION_10_21__N2_03,FULL,IMOEXF,historical_true_oos,2025,1,-0.2104960302,-0.2104960302,1,AVAILABLE,PARTIAL_QUARTER,NEGATIVE
SESSION_10_21__N2_03,FULL,USDRUBF,historical_true_oos,2025,2,-2.294309312,-2.294309312,4,AVAILABLE,FULL_QUARTER,NEGATIVE
SESSION_10_21__N2_03,FULL,IMOEXF,historical_true_oos,2025,2,3.654878351,3.654878351,4,AVAILABLE,FULL_QUARTER,POSITIVE
SESSION_10_21__N2_03,FULL,USDRUBF,historical_true_oos,2025,3,10.28120835,10.28120835,6,AVAILABLE,FULL_QUARTER,POSITIVE
SESSION_10_21__N2_03,FULL,IMOEXF,historical_true_oos,2025,3,0.8950248461,0.8950248461,11,AVAILABLE,FULL_QUARTER,POSITIVE
SESSION_10_21__N2_03,FULL,USDRUBF,historical_true_oos,2025,4,-1.526128899,-1.526128899,12,AVAILABLE,FULL_QUARTER,NEGATIVE
SESSION_10_21__N2_03,FULL,IMOEXF,historical_true_oos,2025,4,0.3749104677,0.3749104677,7,AVAILABLE,FULL_QUARTER,POSITIVE
SESSION_10_21__N2_03,FULL,USDRUBF,historical_true_oos,2026,1,6.800303784,6.800303784,7,AVAILABLE,FULL_QUARTER,POSITIVE
SESSION_10_21__N2_03,FULL,IMOEXF,historical_true_oos,2026,1,2.528789976,2.528789976,4,AVAILABLE,FULL_QUARTER,POSITIVE
SESSION_10_21__N2_03,FULL,USDRUBF,historical_true_oos,2026,2,3.481275769,3.481275769,8,AVAILABLE,FULL_QUARTER,POSITIVE
SESSION_10_21__N2_03,FULL,IMOEXF,historical_true_oos,2026,2,-0.6439815248,-0.6439815248,13,AVAILABLE,FULL_QUARTER,NEGATIVE
SESSION_10_21__N2_03,FULL,USDRUBF,historical_true_oos,2026,3,6.03583997,6.03583997,9,AVAILABLE,PARTIAL_QUARTER,POSITIVE
SESSION_10_21__N2_03,FULL,IMOEXF,historical_true_oos,2026,3,-1.80050918,-1.80050918,8,AVAILABLE,PARTIAL_QUARTER,NEGATIVE
SESSION_10_21__N2_04,NORMALIZED,CNYRUBF,baseline,2023,1,-1.020555271,-0.5102776355,3,AVAILABLE,PARTIAL_QUARTER,NEGATIVE
SESSION_10_21__N2_04,NORMALIZED,GLDRUBF,baseline,2023,1,0,0,0,NOT_AVAILABLE,NOT_AVAILABLE,ZERO
SESSION_10_21__N2_04,NORMALIZED,CNYRUBF,baseline,2023,2,7.795515913,3.897757957,8,AVAILABLE,FULL_QUARTER,POSITIVE
SESSION_10_21__N2_04,NORMALIZED,GLDRUBF,baseline,2023,2,0,0,0,NOT_AVAILABLE,NOT_AVAILABLE,ZERO
SESSION_10_21__N2_04,NORMALIZED,CNYRUBF,baseline,2023,3,-2.049622456,-1.024811228,7,AVAILABLE,FULL_QUARTER,NEGATIVE
SESSION_10_21__N2_04,NORMALIZED,GLDRUBF,baseline,2023,3,-0.435766705,-0.2178833525,1,AVAILABLE,PARTIAL_QUARTER,NEGATIVE
SESSION_10_21__N2_04,NORMALIZED,CNYRUBF,baseline,2023,4,-3.791262962,-1.895631481,6,AVAILABLE,FULL_QUARTER,NEGATIVE
SESSION_10_21__N2_04,NORMALIZED,GLDRUBF,baseline,2023,4,-0.110139046,-0.05506952302,5,AVAILABLE,FULL_QUARTER,NEGATIVE
SESSION_10_21__N2_04,NORMALIZED,CNYRUBF,baseline,2024,1,2.817209547,1.408604774,3,AVAILABLE,FULL_QUARTER,POSITIVE
SESSION_10_21__N2_04,NORMALIZED,GLDRUBF,baseline,2024,1,-2.697623995,-1.348811998,11,AVAILABLE,FULL_QUARTER,NEGATIVE
SESSION_10_21__N2_04,NORMALIZED,CNYRUBF,baseline,2024,2,14.94403683,7.472018415,11,AVAILABLE,FULL_QUARTER,POSITIVE
SESSION_10_21__N2_04,NORMALIZED,GLDRUBF,baseline,2024,2,1.821815965,0.9109079824,8,AVAILABLE,FULL_QUARTER,POSITIVE
SESSION_10_21__N2_04,NORMALIZED,CNYRUBF,baseline,2024,3,0.6441510469,0.3220755234,6,AVAILABLE,FULL_QUARTER,POSITIVE
SESSION_10_21__N2_04,NORMALIZED,GLDRUBF,baseline,2024,3,-0.1706293684,-0.08531468422,6,AVAILABLE,FULL_QUARTER,NEGATIVE
SESSION_10_21__N2_04,NORMALIZED,CNYRUBF,baseline,2024,4,3.442996412,1.721498206,7,AVAILABLE,PARTIAL_QUARTER,POSITIVE
SESSION_10_21__N2_04,NORMALIZED,GLDRUBF,baseline,2024,4,8.036434985,4.018217493,8,AVAILABLE,PARTIAL_QUARTER,POSITIVE
SESSION_10_21__N2_04,NORMALIZED,CNYRUBF,walk_forward,2024,1,-0.7748154007,-0.3874077003,1,AVAILABLE,FULL_QUARTER,NEGATIVE
SESSION_10_21__N2_04,NORMALIZED,GLDRUBF,walk_forward,2024,1,-0.2047478986,-0.1023739493,7,AVAILABLE,FULL_QUARTER,NEGATIVE
SESSION_10_21__N2_04,NORMALIZED,CNYRUBF,walk_forward,2024,2,14.34374878,7.17187439,5,AVAILABLE,FULL_QUARTER,POSITIVE
SESSION_10_21__N2_04,NORMALIZED,GLDRUBF,walk_forward,2024,2,-0.8402661314,-0.4201330657,4,AVAILABLE,FULL_QUARTER,NEGATIVE
SESSION_10_21__N2_04,NORMALIZED,CNYRUBF,walk_forward,2024,3,0.9080037172,0.4540018586,5,AVAILABLE,FULL_QUARTER,POSITIVE
SESSION_10_21__N2_04,NORMALIZED,GLDRUBF,walk_forward,2024,3,-0.8007807869,-0.4003903935,5,AVAILABLE,FULL_QUARTER,NEGATIVE
SESSION_10_21__N2_04,NORMALIZED,CNYRUBF,walk_forward,2024,4,3.589777842,1.794888921,5,AVAILABLE,PARTIAL_QUARTER,POSITIVE
SESSION_10_21__N2_04,NORMALIZED,GLDRUBF,walk_forward,2024,4,-0.1248474894,-0.06242374472,4,AVAILABLE,PARTIAL_QUARTER,NEGATIVE
SESSION_10_21__N2_04,NORMALIZED,CNYRUBF,historical_true_oos,2025,1,2.961964957,1.480982479,3,AVAILABLE,PARTIAL_QUARTER,POSITIVE
SESSION_10_21__N2_04,NORMALIZED,GLDRUBF,historical_true_oos,2025,1,-0.4165586989,-0.2082793494,1,AVAILABLE,PARTIAL_QUARTER,NEGATIVE
SESSION_10_21__N2_04,NORMALIZED,CNYRUBF,historical_true_oos,2025,2,-2.900060519,-1.45003026,4,AVAILABLE,FULL_QUARTER,NEGATIVE
SESSION_10_21__N2_04,NORMALIZED,GLDRUBF,historical_true_oos,2025,2,0.09406211555,0.04703105777,2,AVAILABLE,FULL_QUARTER,POSITIVE
SESSION_10_21__N2_04,NORMALIZED,CNYRUBF,historical_true_oos,2025,3,11.77216822,5.886084111,7,AVAILABLE,FULL_QUARTER,POSITIVE
SESSION_10_21__N2_04,NORMALIZED,GLDRUBF,historical_true_oos,2025,3,11.52674051,5.763370255,7,AVAILABLE,FULL_QUARTER,POSITIVE
SESSION_10_21__N2_04,NORMALIZED,CNYRUBF,historical_true_oos,2025,4,-2.861047419,-1.430523709,13,AVAILABLE,FULL_QUARTER,NEGATIVE
SESSION_10_21__N2_04,NORMALIZED,GLDRUBF,historical_true_oos,2025,4,2.830169413,1.415084707,10,AVAILABLE,FULL_QUARTER,POSITIVE
SESSION_10_21__N2_04,NORMALIZED,CNYRUBF,historical_true_oos,2026,1,4.172041837,2.086020918,8,AVAILABLE,FULL_QUARTER,POSITIVE
SESSION_10_21__N2_04,NORMALIZED,GLDRUBF,historical_true_oos,2026,1,6.173353456,3.086676728,8,AVAILABLE,FULL_QUARTER,POSITIVE
SESSION_10_21__N2_04,NORMALIZED,CNYRUBF,historical_true_oos,2026,2,5.018422592,2.509211296,7,AVAILABLE,FULL_QUARTER,POSITIVE
SESSION_10_21__N2_04,NORMALIZED,GLDRUBF,historical_true_oos,2026,2,3.345415617,1.672707808,5,AVAILABLE,FULL_QUARTER,POSITIVE
SESSION_10_21__N2_04,NORMALIZED,CNYRUBF,historical_true_oos,2026,3,3.022157135,1.511078567,9,AVAILABLE,PARTIAL_QUARTER,POSITIVE
SESSION_10_21__N2_04,NORMALIZED,GLDRUBF,historical_true_oos,2026,3,11.31104276,5.65552138,7,AVAILABLE,PARTIAL_QUARTER,POSITIVE
SESSION_10_21__N2_04,FULL,CNYRUBF,baseline,2023,1,-1.020555271,-1.020555271,3,AVAILABLE,PARTIAL_QUARTER,NEGATIVE
SESSION_10_21__N2_04,FULL,GLDRUBF,baseline,2023,1,0,0,0,NOT_AVAILABLE,NOT_AVAILABLE,ZERO
SESSION_10_21__N2_04,FULL,CNYRUBF,baseline,2023,2,7.795515913,7.795515913,8,AVAILABLE,FULL_QUARTER,POSITIVE
SESSION_10_21__N2_04,FULL,GLDRUBF,baseline,2023,2,0,0,0,NOT_AVAILABLE,NOT_AVAILABLE,ZERO
SESSION_10_21__N2_04,FULL,CNYRUBF,baseline,2023,3,-2.049622456,-2.049622456,7,AVAILABLE,FULL_QUARTER,NEGATIVE
SESSION_10_21__N2_04,FULL,GLDRUBF,baseline,2023,3,-0.435766705,-0.435766705,1,AVAILABLE,PARTIAL_QUARTER,NEGATIVE
SESSION_10_21__N2_04,FULL,CNYRUBF,baseline,2023,4,-3.791262962,-3.791262962,6,AVAILABLE,FULL_QUARTER,NEGATIVE
SESSION_10_21__N2_04,FULL,GLDRUBF,baseline,2023,4,-0.110139046,-0.110139046,5,AVAILABLE,FULL_QUARTER,NEGATIVE
SESSION_10_21__N2_04,FULL,CNYRUBF,baseline,2024,1,2.817209547,2.817209547,3,AVAILABLE,FULL_QUARTER,POSITIVE
SESSION_10_21__N2_04,FULL,GLDRUBF,baseline,2024,1,-2.697623995,-2.697623995,11,AVAILABLE,FULL_QUARTER,NEGATIVE
SESSION_10_21__N2_04,FULL,CNYRUBF,baseline,2024,2,14.94403683,14.94403683,11,AVAILABLE,FULL_QUARTER,POSITIVE
SESSION_10_21__N2_04,FULL,GLDRUBF,baseline,2024,2,1.821815965,1.821815965,8,AVAILABLE,FULL_QUARTER,POSITIVE
SESSION_10_21__N2_04,FULL,CNYRUBF,baseline,2024,3,0.6441510469,0.6441510469,6,AVAILABLE,FULL_QUARTER,POSITIVE
SESSION_10_21__N2_04,FULL,GLDRUBF,baseline,2024,3,-0.1706293684,-0.1706293684,6,AVAILABLE,FULL_QUARTER,NEGATIVE
SESSION_10_21__N2_04,FULL,CNYRUBF,baseline,2024,4,3.442996412,3.442996412,7,AVAILABLE,PARTIAL_QUARTER,POSITIVE
SESSION_10_21__N2_04,FULL,GLDRUBF,baseline,2024,4,8.036434985,8.036434985,8,AVAILABLE,PARTIAL_QUARTER,POSITIVE
SESSION_10_21__N2_04,FULL,CNYRUBF,walk_forward,2024,1,-0.7748154007,-0.7748154007,1,AVAILABLE,FULL_QUARTER,NEGATIVE
SESSION_10_21__N2_04,FULL,GLDRUBF,walk_forward,2024,1,-0.2047478986,-0.2047478986,7,AVAILABLE,FULL_QUARTER,NEGATIVE
SESSION_10_21__N2_04,FULL,CNYRUBF,walk_forward,2024,2,14.34374878,14.34374878,5,AVAILABLE,FULL_QUARTER,POSITIVE
SESSION_10_21__N2_04,FULL,GLDRUBF,walk_forward,2024,2,-0.8402661314,-0.8402661314,4,AVAILABLE,FULL_QUARTER,NEGATIVE
SESSION_10_21__N2_04,FULL,CNYRUBF,walk_forward,2024,3,0.9080037172,0.9080037172,5,AVAILABLE,FULL_QUARTER,POSITIVE
SESSION_10_21__N2_04,FULL,GLDRUBF,walk_forward,2024,3,-0.8007807869,-0.8007807869,5,AVAILABLE,FULL_QUARTER,NEGATIVE
SESSION_10_21__N2_04,FULL,CNYRUBF,walk_forward,2024,4,3.589777842,3.589777842,5,AVAILABLE,PARTIAL_QUARTER,POSITIVE
SESSION_10_21__N2_04,FULL,GLDRUBF,walk_forward,2024,4,-0.1248474894,-0.1248474894,4,AVAILABLE,PARTIAL_QUARTER,NEGATIVE
SESSION_10_21__N2_04,FULL,CNYRUBF,historical_true_oos,2025,1,2.961964957,2.961964957,3,AVAILABLE,PARTIAL_QUARTER,POSITIVE
SESSION_10_21__N2_04,FULL,GLDRUBF,historical_true_oos,2025,1,-0.4165586989,-0.4165586989,1,AVAILABLE,PARTIAL_QUARTER,NEGATIVE
SESSION_10_21__N2_04,FULL,CNYRUBF,historical_true_oos,2025,2,-2.900060519,-2.900060519,4,AVAILABLE,FULL_QUARTER,NEGATIVE
SESSION_10_21__N2_04,FULL,GLDRUBF,historical_true_oos,2025,2,0.09406211555,0.09406211555,2,AVAILABLE,FULL_QUARTER,POSITIVE
SESSION_10_21__N2_04,FULL,CNYRUBF,historical_true_oos,2025,3,11.77216822,11.77216822,7,AVAILABLE,FULL_QUARTER,POSITIVE
SESSION_10_21__N2_04,FULL,GLDRUBF,historical_true_oos,2025,3,11.52674051,11.52674051,7,AVAILABLE,FULL_QUARTER,POSITIVE
SESSION_10_21__N2_04,FULL,CNYRUBF,historical_true_oos,2025,4,-2.861047419,-2.861047419,13,AVAILABLE,FULL_QUARTER,NEGATIVE
SESSION_10_21__N2_04,FULL,GLDRUBF,historical_true_oos,2025,4,2.830169413,2.830169413,10,AVAILABLE,FULL_QUARTER,POSITIVE
SESSION_10_21__N2_04,FULL,CNYRUBF,historical_true_oos,2026,1,4.172041837,4.172041837,8,AVAILABLE,FULL_QUARTER,POSITIVE
SESSION_10_21__N2_04,FULL,GLDRUBF,historical_true_oos,2026,1,6.173353456,6.173353456,8,AVAILABLE,FULL_QUARTER,POSITIVE
SESSION_10_21__N2_04,FULL,CNYRUBF,historical_true_oos,2026,2,5.018422592,5.018422592,7,AVAILABLE,FULL_QUARTER,POSITIVE
SESSION_10_21__N2_04,FULL,GLDRUBF,historical_true_oos,2026,2,3.345415617,3.345415617,5,AVAILABLE,FULL_QUARTER,POSITIVE
SESSION_10_21__N2_04,FULL,CNYRUBF,historical_true_oos,2026,3,3.022157135,3.022157135,9,AVAILABLE,PARTIAL_QUARTER,POSITIVE
SESSION_10_21__N2_04,FULL,GLDRUBF,historical_true_oos,2026,3,11.31104276,11.31104276,7,AVAILABLE,PARTIAL_QUARTER,POSITIVE
SESSION_10_21__N2_05,NORMALIZED,CNYRUBF,baseline,2023,1,-1.020555271,-0.5102776355,3,AVAILABLE,PARTIAL_QUARTER,NEGATIVE
SESSION_10_21__N2_05,NORMALIZED,IMOEXF,baseline,2023,1,0,0,0,NOT_AVAILABLE,NOT_AVAILABLE,ZERO
SESSION_10_21__N2_05,NORMALIZED,CNYRUBF,baseline,2023,2,7.795515913,3.897757957,8,AVAILABLE,FULL_QUARTER,POSITIVE
SESSION_10_21__N2_05,NORMALIZED,IMOEXF,baseline,2023,2,0,0,0,NOT_AVAILABLE,NOT_AVAILABLE,ZERO
SESSION_10_21__N2_05,NORMALIZED,CNYRUBF,baseline,2023,3,-2.049622456,-1.024811228,7,AVAILABLE,FULL_QUARTER,NEGATIVE
SESSION_10_21__N2_05,NORMALIZED,IMOEXF,baseline,2023,3,0,0,0,NOT_AVAILABLE,NOT_AVAILABLE,ZERO
SESSION_10_21__N2_05,NORMALIZED,CNYRUBF,baseline,2023,4,-3.791262962,-1.895631481,6,AVAILABLE,FULL_QUARTER,NEGATIVE
SESSION_10_21__N2_05,NORMALIZED,IMOEXF,baseline,2023,4,0,0,0,NOT_AVAILABLE,PARTIAL_QUARTER,ZERO
SESSION_10_21__N2_05,NORMALIZED,CNYRUBF,baseline,2024,1,2.817209547,1.408604774,3,AVAILABLE,FULL_QUARTER,POSITIVE
SESSION_10_21__N2_05,NORMALIZED,IMOEXF,baseline,2024,1,2.393163239,1.196581619,8,AVAILABLE,FULL_QUARTER,POSITIVE
SESSION_10_21__N2_05,NORMALIZED,CNYRUBF,baseline,2024,2,14.94403683,7.472018415,11,AVAILABLE,FULL_QUARTER,POSITIVE
SESSION_10_21__N2_05,NORMALIZED,IMOEXF,baseline,2024,2,5.115292585,2.557646292,6,AVAILABLE,FULL_QUARTER,POSITIVE
SESSION_10_21__N2_05,NORMALIZED,CNYRUBF,baseline,2024,3,0.6441510469,0.3220755234,6,AVAILABLE,FULL_QUARTER,POSITIVE
SESSION_10_21__N2_05,NORMALIZED,IMOEXF,baseline,2024,3,7.623380195,3.811690098,7,AVAILABLE,FULL_QUARTER,POSITIVE
SESSION_10_21__N2_05,NORMALIZED,CNYRUBF,baseline,2024,4,3.442996412,1.721498206,7,AVAILABLE,PARTIAL_QUARTER,POSITIVE
SESSION_10_21__N2_05,NORMALIZED,IMOEXF,baseline,2024,4,2.943055533,1.471527767,5,AVAILABLE,PARTIAL_QUARTER,POSITIVE
SESSION_10_21__N2_05,NORMALIZED,CNYRUBF,walk_forward,2024,1,-0.7748154007,-0.3874077003,1,AVAILABLE,FULL_QUARTER,NEGATIVE
SESSION_10_21__N2_05,NORMALIZED,IMOEXF,walk_forward,2024,1,-2.256842313,-1.128421157,3,AVAILABLE,FULL_QUARTER,NEGATIVE
SESSION_10_21__N2_05,NORMALIZED,CNYRUBF,walk_forward,2024,2,14.34374878,7.17187439,5,AVAILABLE,FULL_QUARTER,POSITIVE
SESSION_10_21__N2_05,NORMALIZED,IMOEXF,walk_forward,2024,2,5.244296171,2.622148085,5,AVAILABLE,FULL_QUARTER,POSITIVE
SESSION_10_21__N2_05,NORMALIZED,CNYRUBF,walk_forward,2024,3,0.9080037172,0.4540018586,5,AVAILABLE,FULL_QUARTER,POSITIVE
SESSION_10_21__N2_05,NORMALIZED,IMOEXF,walk_forward,2024,3,3.827226242,1.913613121,3,AVAILABLE,FULL_QUARTER,POSITIVE
SESSION_10_21__N2_05,NORMALIZED,CNYRUBF,walk_forward,2024,4,3.589777842,1.794888921,5,AVAILABLE,PARTIAL_QUARTER,POSITIVE
SESSION_10_21__N2_05,NORMALIZED,IMOEXF,walk_forward,2024,4,1.53728685,0.7686434252,3,AVAILABLE,PARTIAL_QUARTER,POSITIVE
SESSION_10_21__N2_05,NORMALIZED,CNYRUBF,historical_true_oos,2025,1,2.961964957,1.480982479,3,AVAILABLE,PARTIAL_QUARTER,POSITIVE
SESSION_10_21__N2_05,NORMALIZED,IMOEXF,historical_true_oos,2025,1,-0.2104960302,-0.1052480151,1,AVAILABLE,PARTIAL_QUARTER,NEGATIVE
SESSION_10_21__N2_05,NORMALIZED,CNYRUBF,historical_true_oos,2025,2,-2.900060519,-1.45003026,4,AVAILABLE,FULL_QUARTER,NEGATIVE
SESSION_10_21__N2_05,NORMALIZED,IMOEXF,historical_true_oos,2025,2,3.654878351,1.827439175,4,AVAILABLE,FULL_QUARTER,POSITIVE
SESSION_10_21__N2_05,NORMALIZED,CNYRUBF,historical_true_oos,2025,3,11.77216822,5.886084111,7,AVAILABLE,FULL_QUARTER,POSITIVE
SESSION_10_21__N2_05,NORMALIZED,IMOEXF,historical_true_oos,2025,3,0.8950248461,0.4475124231,11,AVAILABLE,FULL_QUARTER,POSITIVE
SESSION_10_21__N2_05,NORMALIZED,CNYRUBF,historical_true_oos,2025,4,-2.861047419,-1.430523709,13,AVAILABLE,FULL_QUARTER,NEGATIVE
SESSION_10_21__N2_05,NORMALIZED,IMOEXF,historical_true_oos,2025,4,0.3749104677,0.1874552339,7,AVAILABLE,FULL_QUARTER,POSITIVE
SESSION_10_21__N2_05,NORMALIZED,CNYRUBF,historical_true_oos,2026,1,4.172041837,2.086020918,8,AVAILABLE,FULL_QUARTER,POSITIVE
SESSION_10_21__N2_05,NORMALIZED,IMOEXF,historical_true_oos,2026,1,2.528789976,1.264394988,4,AVAILABLE,FULL_QUARTER,POSITIVE
SESSION_10_21__N2_05,NORMALIZED,CNYRUBF,historical_true_oos,2026,2,5.018422592,2.509211296,7,AVAILABLE,FULL_QUARTER,POSITIVE
SESSION_10_21__N2_05,NORMALIZED,IMOEXF,historical_true_oos,2026,2,-0.6439815248,-0.3219907624,13,AVAILABLE,FULL_QUARTER,NEGATIVE
SESSION_10_21__N2_05,NORMALIZED,CNYRUBF,historical_true_oos,2026,3,3.022157135,1.511078567,9,AVAILABLE,PARTIAL_QUARTER,POSITIVE
SESSION_10_21__N2_05,NORMALIZED,IMOEXF,historical_true_oos,2026,3,-1.80050918,-0.9002545901,8,AVAILABLE,PARTIAL_QUARTER,NEGATIVE
SESSION_10_21__N2_05,FULL,CNYRUBF,baseline,2023,1,-1.020555271,-1.020555271,3,AVAILABLE,PARTIAL_QUARTER,NEGATIVE
SESSION_10_21__N2_05,FULL,IMOEXF,baseline,2023,1,0,0,0,NOT_AVAILABLE,NOT_AVAILABLE,ZERO
SESSION_10_21__N2_05,FULL,CNYRUBF,baseline,2023,2,7.795515913,7.795515913,8,AVAILABLE,FULL_QUARTER,POSITIVE
SESSION_10_21__N2_05,FULL,IMOEXF,baseline,2023,2,0,0,0,NOT_AVAILABLE,NOT_AVAILABLE,ZERO
SESSION_10_21__N2_05,FULL,CNYRUBF,baseline,2023,3,-2.049622456,-2.049622456,7,AVAILABLE,FULL_QUARTER,NEGATIVE
SESSION_10_21__N2_05,FULL,IMOEXF,baseline,2023,3,0,0,0,NOT_AVAILABLE,NOT_AVAILABLE,ZERO
SESSION_10_21__N2_05,FULL,CNYRUBF,baseline,2023,4,-3.791262962,-3.791262962,6,AVAILABLE,FULL_QUARTER,NEGATIVE
SESSION_10_21__N2_05,FULL,IMOEXF,baseline,2023,4,0,0,0,NOT_AVAILABLE,PARTIAL_QUARTER,ZERO
SESSION_10_21__N2_05,FULL,CNYRUBF,baseline,2024,1,2.817209547,2.817209547,3,AVAILABLE,FULL_QUARTER,POSITIVE
SESSION_10_21__N2_05,FULL,IMOEXF,baseline,2024,1,2.393163239,2.393163239,8,AVAILABLE,FULL_QUARTER,POSITIVE
SESSION_10_21__N2_05,FULL,CNYRUBF,baseline,2024,2,14.94403683,14.94403683,11,AVAILABLE,FULL_QUARTER,POSITIVE
SESSION_10_21__N2_05,FULL,IMOEXF,baseline,2024,2,5.115292585,5.115292585,6,AVAILABLE,FULL_QUARTER,POSITIVE
SESSION_10_21__N2_05,FULL,CNYRUBF,baseline,2024,3,0.6441510469,0.6441510469,6,AVAILABLE,FULL_QUARTER,POSITIVE
SESSION_10_21__N2_05,FULL,IMOEXF,baseline,2024,3,7.623380195,7.623380195,7,AVAILABLE,FULL_QUARTER,POSITIVE
SESSION_10_21__N2_05,FULL,CNYRUBF,baseline,2024,4,3.442996412,3.442996412,7,AVAILABLE,PARTIAL_QUARTER,POSITIVE
SESSION_10_21__N2_05,FULL,IMOEXF,baseline,2024,4,2.943055533,2.943055533,5,AVAILABLE,PARTIAL_QUARTER,POSITIVE
SESSION_10_21__N2_05,FULL,CNYRUBF,walk_forward,2024,1,-0.7748154007,-0.7748154007,1,AVAILABLE,FULL_QUARTER,NEGATIVE
SESSION_10_21__N2_05,FULL,IMOEXF,walk_forward,2024,1,-2.256842313,-2.256842313,3,AVAILABLE,FULL_QUARTER,NEGATIVE
SESSION_10_21__N2_05,FULL,CNYRUBF,walk_forward,2024,2,14.34374878,14.34374878,5,AVAILABLE,FULL_QUARTER,POSITIVE
SESSION_10_21__N2_05,FULL,IMOEXF,walk_forward,2024,2,5.244296171,5.244296171,5,AVAILABLE,FULL_QUARTER,POSITIVE
SESSION_10_21__N2_05,FULL,CNYRUBF,walk_forward,2024,3,0.9080037172,0.9080037172,5,AVAILABLE,FULL_QUARTER,POSITIVE
SESSION_10_21__N2_05,FULL,IMOEXF,walk_forward,2024,3,3.827226242,3.827226242,3,AVAILABLE,FULL_QUARTER,POSITIVE
SESSION_10_21__N2_05,FULL,CNYRUBF,walk_forward,2024,4,3.589777842,3.589777842,5,AVAILABLE,PARTIAL_QUARTER,POSITIVE
SESSION_10_21__N2_05,FULL,IMOEXF,walk_forward,2024,4,1.53728685,1.53728685,3,AVAILABLE,PARTIAL_QUARTER,POSITIVE
SESSION_10_21__N2_05,FULL,CNYRUBF,historical_true_oos,2025,1,2.961964957,2.961964957,3,AVAILABLE,PARTIAL_QUARTER,POSITIVE
SESSION_10_21__N2_05,FULL,IMOEXF,historical_true_oos,2025,1,-0.2104960302,-0.2104960302,1,AVAILABLE,PARTIAL_QUARTER,NEGATIVE
SESSION_10_21__N2_05,FULL,CNYRUBF,historical_true_oos,2025,2,-2.900060519,-2.900060519,4,AVAILABLE,FULL_QUARTER,NEGATIVE
SESSION_10_21__N2_05,FULL,IMOEXF,historical_true_oos,2025,2,3.654878351,3.654878351,4,AVAILABLE,FULL_QUARTER,POSITIVE
SESSION_10_21__N2_05,FULL,CNYRUBF,historical_true_oos,2025,3,11.77216822,11.77216822,7,AVAILABLE,FULL_QUARTER,POSITIVE
SESSION_10_21__N2_05,FULL,IMOEXF,historical_true_oos,2025,3,0.8950248461,0.8950248461,11,AVAILABLE,FULL_QUARTER,POSITIVE
SESSION_10_21__N2_05,FULL,CNYRUBF,historical_true_oos,2025,4,-2.861047419,-2.861047419,13,AVAILABLE,FULL_QUARTER,NEGATIVE
SESSION_10_21__N2_05,FULL,IMOEXF,historical_true_oos,2025,4,0.3749104677,0.3749104677,7,AVAILABLE,FULL_QUARTER,POSITIVE
SESSION_10_21__N2_05,FULL,CNYRUBF,historical_true_oos,2026,1,4.172041837,4.172041837,8,AVAILABLE,FULL_QUARTER,POSITIVE
SESSION_10_21__N2_05,FULL,IMOEXF,historical_true_oos,2026,1,2.528789976,2.528789976,4,AVAILABLE,FULL_QUARTER,POSITIVE
SESSION_10_21__N2_05,FULL,CNYRUBF,historical_true_oos,2026,2,5.018422592,5.018422592,7,AVAILABLE,FULL_QUARTER,POSITIVE
SESSION_10_21__N2_05,FULL,IMOEXF,historical_true_oos,2026,2,-0.6439815248,-0.6439815248,13,AVAILABLE,FULL_QUARTER,NEGATIVE
SESSION_10_21__N2_05,FULL,CNYRUBF,historical_true_oos,2026,3,3.022157135,3.022157135,9,AVAILABLE,PARTIAL_QUARTER,POSITIVE
SESSION_10_21__N2_05,FULL,IMOEXF,historical_true_oos,2026,3,-1.80050918,-1.80050918,8,AVAILABLE,PARTIAL_QUARTER,NEGATIVE
SESSION_10_21__N2_06,NORMALIZED,GLDRUBF,baseline,2023,3,-0.435766705,-0.2178833525,1,AVAILABLE,PARTIAL_QUARTER,NEGATIVE
SESSION_10_21__N2_06,NORMALIZED,IMOEXF,baseline,2023,3,0,0,0,NOT_AVAILABLE,NOT_AVAILABLE,ZERO
SESSION_10_21__N2_06,NORMALIZED,GLDRUBF,baseline,2023,4,-0.110139046,-0.05506952302,5,AVAILABLE,FULL_QUARTER,NEGATIVE
SESSION_10_21__N2_06,NORMALIZED,IMOEXF,baseline,2023,4,0,0,0,NOT_AVAILABLE,PARTIAL_QUARTER,ZERO
SESSION_10_21__N2_06,NORMALIZED,GLDRUBF,baseline,2024,1,-2.697623995,-1.348811998,11,AVAILABLE,FULL_QUARTER,NEGATIVE
SESSION_10_21__N2_06,NORMALIZED,IMOEXF,baseline,2024,1,2.393163239,1.196581619,8,AVAILABLE,FULL_QUARTER,POSITIVE
SESSION_10_21__N2_06,NORMALIZED,GLDRUBF,baseline,2024,2,1.821815965,0.9109079824,8,AVAILABLE,FULL_QUARTER,POSITIVE
SESSION_10_21__N2_06,NORMALIZED,IMOEXF,baseline,2024,2,5.115292585,2.557646292,6,AVAILABLE,FULL_QUARTER,POSITIVE
SESSION_10_21__N2_06,NORMALIZED,GLDRUBF,baseline,2024,3,-0.1706293684,-0.08531468422,6,AVAILABLE,FULL_QUARTER,NEGATIVE
SESSION_10_21__N2_06,NORMALIZED,IMOEXF,baseline,2024,3,7.623380195,3.811690098,7,AVAILABLE,FULL_QUARTER,POSITIVE
SESSION_10_21__N2_06,NORMALIZED,GLDRUBF,baseline,2024,4,8.036434985,4.018217493,8,AVAILABLE,PARTIAL_QUARTER,POSITIVE
SESSION_10_21__N2_06,NORMALIZED,IMOEXF,baseline,2024,4,2.943055533,1.471527767,5,AVAILABLE,PARTIAL_QUARTER,POSITIVE
SESSION_10_21__N2_06,NORMALIZED,GLDRUBF,walk_forward,2024,1,-0.2047478986,-0.1023739493,7,AVAILABLE,FULL_QUARTER,NEGATIVE
SESSION_10_21__N2_06,NORMALIZED,IMOEXF,walk_forward,2024,1,-2.256842313,-1.128421157,3,AVAILABLE,FULL_QUARTER,NEGATIVE
SESSION_10_21__N2_06,NORMALIZED,GLDRUBF,walk_forward,2024,2,-0.8402661314,-0.4201330657,4,AVAILABLE,FULL_QUARTER,NEGATIVE
SESSION_10_21__N2_06,NORMALIZED,IMOEXF,walk_forward,2024,2,5.244296171,2.622148085,5,AVAILABLE,FULL_QUARTER,POSITIVE
SESSION_10_21__N2_06,NORMALIZED,GLDRUBF,walk_forward,2024,3,-0.8007807869,-0.4003903935,5,AVAILABLE,FULL_QUARTER,NEGATIVE
SESSION_10_21__N2_06,NORMALIZED,IMOEXF,walk_forward,2024,3,3.827226242,1.913613121,3,AVAILABLE,FULL_QUARTER,POSITIVE
SESSION_10_21__N2_06,NORMALIZED,GLDRUBF,walk_forward,2024,4,-0.1248474894,-0.06242374472,4,AVAILABLE,PARTIAL_QUARTER,NEGATIVE
SESSION_10_21__N2_06,NORMALIZED,IMOEXF,walk_forward,2024,4,1.53728685,0.7686434252,3,AVAILABLE,PARTIAL_QUARTER,POSITIVE
SESSION_10_21__N2_06,NORMALIZED,GLDRUBF,historical_true_oos,2025,1,-0.4165586989,-0.2082793494,1,AVAILABLE,PARTIAL_QUARTER,NEGATIVE
SESSION_10_21__N2_06,NORMALIZED,IMOEXF,historical_true_oos,2025,1,-0.2104960302,-0.1052480151,1,AVAILABLE,PARTIAL_QUARTER,NEGATIVE
SESSION_10_21__N2_06,NORMALIZED,GLDRUBF,historical_true_oos,2025,2,0.09406211555,0.04703105777,2,AVAILABLE,FULL_QUARTER,POSITIVE
SESSION_10_21__N2_06,NORMALIZED,IMOEXF,historical_true_oos,2025,2,3.654878351,1.827439175,4,AVAILABLE,FULL_QUARTER,POSITIVE
SESSION_10_21__N2_06,NORMALIZED,GLDRUBF,historical_true_oos,2025,3,11.52674051,5.763370255,7,AVAILABLE,FULL_QUARTER,POSITIVE
SESSION_10_21__N2_06,NORMALIZED,IMOEXF,historical_true_oos,2025,3,0.8950248461,0.4475124231,11,AVAILABLE,FULL_QUARTER,POSITIVE
SESSION_10_21__N2_06,NORMALIZED,GLDRUBF,historical_true_oos,2025,4,2.830169413,1.415084707,10,AVAILABLE,FULL_QUARTER,POSITIVE
SESSION_10_21__N2_06,NORMALIZED,IMOEXF,historical_true_oos,2025,4,0.3749104677,0.1874552339,7,AVAILABLE,FULL_QUARTER,POSITIVE
SESSION_10_21__N2_06,NORMALIZED,GLDRUBF,historical_true_oos,2026,1,6.173353456,3.086676728,8,AVAILABLE,FULL_QUARTER,POSITIVE
SESSION_10_21__N2_06,NORMALIZED,IMOEXF,historical_true_oos,2026,1,2.528789976,1.264394988,4,AVAILABLE,FULL_QUARTER,POSITIVE
SESSION_10_21__N2_06,NORMALIZED,GLDRUBF,historical_true_oos,2026,2,3.345415617,1.672707808,5,AVAILABLE,FULL_QUARTER,POSITIVE
SESSION_10_21__N2_06,NORMALIZED,IMOEXF,historical_true_oos,2026,2,-0.6439815248,-0.3219907624,13,AVAILABLE,FULL_QUARTER,NEGATIVE
SESSION_10_21__N2_06,NORMALIZED,GLDRUBF,historical_true_oos,2026,3,11.31104276,5.65552138,7,AVAILABLE,PARTIAL_QUARTER,POSITIVE
SESSION_10_21__N2_06,NORMALIZED,IMOEXF,historical_true_oos,2026,3,-1.80050918,-0.9002545901,8,AVAILABLE,PARTIAL_QUARTER,NEGATIVE
SESSION_10_21__N2_06,FULL,GLDRUBF,baseline,2023,3,-0.435766705,-0.435766705,1,AVAILABLE,PARTIAL_QUARTER,NEGATIVE
SESSION_10_21__N2_06,FULL,IMOEXF,baseline,2023,3,0,0,0,NOT_AVAILABLE,NOT_AVAILABLE,ZERO
SESSION_10_21__N2_06,FULL,GLDRUBF,baseline,2023,4,-0.110139046,-0.110139046,5,AVAILABLE,FULL_QUARTER,NEGATIVE
SESSION_10_21__N2_06,FULL,IMOEXF,baseline,2023,4,0,0,0,NOT_AVAILABLE,PARTIAL_QUARTER,ZERO
SESSION_10_21__N2_06,FULL,GLDRUBF,baseline,2024,1,-2.697623995,-2.697623995,11,AVAILABLE,FULL_QUARTER,NEGATIVE
SESSION_10_21__N2_06,FULL,IMOEXF,baseline,2024,1,2.393163239,2.393163239,8,AVAILABLE,FULL_QUARTER,POSITIVE
SESSION_10_21__N2_06,FULL,GLDRUBF,baseline,2024,2,1.821815965,1.821815965,8,AVAILABLE,FULL_QUARTER,POSITIVE
SESSION_10_21__N2_06,FULL,IMOEXF,baseline,2024,2,5.115292585,5.115292585,6,AVAILABLE,FULL_QUARTER,POSITIVE
SESSION_10_21__N2_06,FULL,GLDRUBF,baseline,2024,3,-0.1706293684,-0.1706293684,6,AVAILABLE,FULL_QUARTER,NEGATIVE
SESSION_10_21__N2_06,FULL,IMOEXF,baseline,2024,3,7.623380195,7.623380195,7,AVAILABLE,FULL_QUARTER,POSITIVE
SESSION_10_21__N2_06,FULL,GLDRUBF,baseline,2024,4,8.036434985,8.036434985,8,AVAILABLE,PARTIAL_QUARTER,POSITIVE
SESSION_10_21__N2_06,FULL,IMOEXF,baseline,2024,4,2.943055533,2.943055533,5,AVAILABLE,PARTIAL_QUARTER,POSITIVE
SESSION_10_21__N2_06,FULL,GLDRUBF,walk_forward,2024,1,-0.2047478986,-0.2047478986,7,AVAILABLE,FULL_QUARTER,NEGATIVE
SESSION_10_21__N2_06,FULL,IMOEXF,walk_forward,2024,1,-2.256842313,-2.256842313,3,AVAILABLE,FULL_QUARTER,NEGATIVE
SESSION_10_21__N2_06,FULL,GLDRUBF,walk_forward,2024,2,-0.8402661314,-0.8402661314,4,AVAILABLE,FULL_QUARTER,NEGATIVE
SESSION_10_21__N2_06,FULL,IMOEXF,walk_forward,2024,2,5.244296171,5.244296171,5,AVAILABLE,FULL_QUARTER,POSITIVE
SESSION_10_21__N2_06,FULL,GLDRUBF,walk_forward,2024,3,-0.8007807869,-0.8007807869,5,AVAILABLE,FULL_QUARTER,NEGATIVE
SESSION_10_21__N2_06,FULL,IMOEXF,walk_forward,2024,3,3.827226242,3.827226242,3,AVAILABLE,FULL_QUARTER,POSITIVE
SESSION_10_21__N2_06,FULL,GLDRUBF,walk_forward,2024,4,-0.1248474894,-0.1248474894,4,AVAILABLE,PARTIAL_QUARTER,NEGATIVE
SESSION_10_21__N2_06,FULL,IMOEXF,walk_forward,2024,4,1.53728685,1.53728685,3,AVAILABLE,PARTIAL_QUARTER,POSITIVE
SESSION_10_21__N2_06,FULL,GLDRUBF,historical_true_oos,2025,1,-0.4165586989,-0.4165586989,1,AVAILABLE,PARTIAL_QUARTER,NEGATIVE
SESSION_10_21__N2_06,FULL,IMOEXF,historical_true_oos,2025,1,-0.2104960302,-0.2104960302,1,AVAILABLE,PARTIAL_QUARTER,NEGATIVE
SESSION_10_21__N2_06,FULL,GLDRUBF,historical_true_oos,2025,2,0.09406211555,0.09406211555,2,AVAILABLE,FULL_QUARTER,POSITIVE
SESSION_10_21__N2_06,FULL,IMOEXF,historical_true_oos,2025,2,3.654878351,3.654878351,4,AVAILABLE,FULL_QUARTER,POSITIVE
SESSION_10_21__N2_06,FULL,GLDRUBF,historical_true_oos,2025,3,11.52674051,11.52674051,7,AVAILABLE,FULL_QUARTER,POSITIVE
SESSION_10_21__N2_06,FULL,IMOEXF,historical_true_oos,2025,3,0.8950248461,0.8950248461,11,AVAILABLE,FULL_QUARTER,POSITIVE
SESSION_10_21__N2_06,FULL,GLDRUBF,historical_true_oos,2025,4,2.830169413,2.830169413,10,AVAILABLE,FULL_QUARTER,POSITIVE
SESSION_10_21__N2_06,FULL,IMOEXF,historical_true_oos,2025,4,0.3749104677,0.3749104677,7,AVAILABLE,FULL_QUARTER,POSITIVE
SESSION_10_21__N2_06,FULL,GLDRUBF,historical_true_oos,2026,1,6.173353456,6.173353456,8,AVAILABLE,FULL_QUARTER,POSITIVE
SESSION_10_21__N2_06,FULL,IMOEXF,historical_true_oos,2026,1,2.528789976,2.528789976,4,AVAILABLE,FULL_QUARTER,POSITIVE
SESSION_10_21__N2_06,FULL,GLDRUBF,historical_true_oos,2026,2,3.345415617,3.345415617,5,AVAILABLE,FULL_QUARTER,POSITIVE
SESSION_10_21__N2_06,FULL,IMOEXF,historical_true_oos,2026,2,-0.6439815248,-0.6439815248,13,AVAILABLE,FULL_QUARTER,NEGATIVE
SESSION_10_21__N2_06,FULL,GLDRUBF,historical_true_oos,2026,3,11.31104276,11.31104276,7,AVAILABLE,PARTIAL_QUARTER,POSITIVE
SESSION_10_21__N2_06,FULL,IMOEXF,historical_true_oos,2026,3,-1.80050918,-1.80050918,8,AVAILABLE,PARTIAL_QUARTER,NEGATIVE
SESSION_10_21__N3_01,NORMALIZED,USDRUBF,baseline,2023,1,-1.937229707,-0.6457432356,3,AVAILABLE,PARTIAL_QUARTER,NEGATIVE
SESSION_10_21__N3_01,NORMALIZED,CNYRUBF,baseline,2023,1,-1.020555271,-0.3401850903,3,AVAILABLE,PARTIAL_QUARTER,NEGATIVE
SESSION_10_21__N3_01,NORMALIZED,GLDRUBF,baseline,2023,1,0,0,0,NOT_AVAILABLE,NOT_AVAILABLE,ZERO
SESSION_10_21__N3_01,NORMALIZED,USDRUBF,baseline,2023,2,8.689564697,2.896521566,11,AVAILABLE,FULL_QUARTER,POSITIVE
SESSION_10_21__N3_01,NORMALIZED,CNYRUBF,baseline,2023,2,7.795515913,2.598505304,8,AVAILABLE,FULL_QUARTER,POSITIVE
SESSION_10_21__N3_01,NORMALIZED,GLDRUBF,baseline,2023,2,0,0,0,NOT_AVAILABLE,NOT_AVAILABLE,ZERO
SESSION_10_21__N3_01,NORMALIZED,USDRUBF,baseline,2023,3,5.167328514,1.722442838,8,AVAILABLE,FULL_QUARTER,POSITIVE
SESSION_10_21__N3_01,NORMALIZED,CNYRUBF,baseline,2023,3,-2.049622456,-0.6832074853,7,AVAILABLE,FULL_QUARTER,NEGATIVE
SESSION_10_21__N3_01,NORMALIZED,GLDRUBF,baseline,2023,3,-0.435766705,-0.1452555683,1,AVAILABLE,PARTIAL_QUARTER,NEGATIVE
SESSION_10_21__N3_01,NORMALIZED,USDRUBF,baseline,2023,4,3.193216993,1.064405664,7,AVAILABLE,FULL_QUARTER,POSITIVE
SESSION_10_21__N3_01,NORMALIZED,CNYRUBF,baseline,2023,4,-3.791262962,-1.263754321,6,AVAILABLE,FULL_QUARTER,NEGATIVE
SESSION_10_21__N3_01,NORMALIZED,GLDRUBF,baseline,2023,4,-0.110139046,-0.03671301534,5,AVAILABLE,FULL_QUARTER,NEGATIVE
SESSION_10_21__N3_01,NORMALIZED,USDRUBF,baseline,2024,1,-0.4829589909,-0.1609863303,4,AVAILABLE,FULL_QUARTER,NEGATIVE
SESSION_10_21__N3_01,NORMALIZED,CNYRUBF,baseline,2024,1,2.817209547,0.9390698491,3,AVAILABLE,FULL_QUARTER,POSITIVE
SESSION_10_21__N3_01,NORMALIZED,GLDRUBF,baseline,2024,1,-2.697623995,-0.8992079984,11,AVAILABLE,FULL_QUARTER,NEGATIVE
SESSION_10_21__N3_01,NORMALIZED,USDRUBF,baseline,2024,2,2.955597233,0.9851990777,12,AVAILABLE,FULL_QUARTER,POSITIVE
SESSION_10_21__N3_01,NORMALIZED,CNYRUBF,baseline,2024,2,14.94403683,4.98134561,11,AVAILABLE,FULL_QUARTER,POSITIVE
SESSION_10_21__N3_01,NORMALIZED,GLDRUBF,baseline,2024,2,1.821815965,0.6072719883,8,AVAILABLE,FULL_QUARTER,POSITIVE
SESSION_10_21__N3_01,NORMALIZED,USDRUBF,baseline,2024,3,1.0249468,0.3416489333,9,AVAILABLE,FULL_QUARTER,POSITIVE
SESSION_10_21__N3_01,NORMALIZED,CNYRUBF,baseline,2024,3,0.6441510469,0.2147170156,6,AVAILABLE,FULL_QUARTER,POSITIVE
SESSION_10_21__N3_01,NORMALIZED,GLDRUBF,baseline,2024,3,-0.1706293684,-0.05687645615,6,AVAILABLE,FULL_QUARTER,NEGATIVE
SESSION_10_21__N3_01,NORMALIZED,USDRUBF,baseline,2024,4,5.763429915,1.921143305,7,AVAILABLE,PARTIAL_QUARTER,POSITIVE
SESSION_10_21__N3_01,NORMALIZED,CNYRUBF,baseline,2024,4,3.442996412,1.147665471,7,AVAILABLE,PARTIAL_QUARTER,POSITIVE
SESSION_10_21__N3_01,NORMALIZED,GLDRUBF,baseline,2024,4,8.036434985,2.678811662,8,AVAILABLE,PARTIAL_QUARTER,POSITIVE
SESSION_10_21__N3_01,NORMALIZED,USDRUBF,walk_forward,2024,1,0.3132754899,0.1044251633,2,AVAILABLE,FULL_QUARTER,POSITIVE
SESSION_10_21__N3_01,NORMALIZED,CNYRUBF,walk_forward,2024,1,-0.7748154007,-0.2582718002,1,AVAILABLE,FULL_QUARTER,NEGATIVE
SESSION_10_21__N3_01,NORMALIZED,GLDRUBF,walk_forward,2024,1,-0.2047478986,-0.06824929953,7,AVAILABLE,FULL_QUARTER,NEGATIVE
SESSION_10_21__N3_01,NORMALIZED,USDRUBF,walk_forward,2024,2,4.621795889,1.54059863,5,AVAILABLE,FULL_QUARTER,POSITIVE
SESSION_10_21__N3_01,NORMALIZED,CNYRUBF,walk_forward,2024,2,14.34374878,4.781249593,5,AVAILABLE,FULL_QUARTER,POSITIVE
SESSION_10_21__N3_01,NORMALIZED,GLDRUBF,walk_forward,2024,2,-0.8402661314,-0.2800887105,4,AVAILABLE,FULL_QUARTER,NEGATIVE
SESSION_10_21__N3_01,NORMALIZED,USDRUBF,walk_forward,2024,3,1.803338198,0.6011127325,4,AVAILABLE,FULL_QUARTER,POSITIVE
SESSION_10_21__N3_01,NORMALIZED,CNYRUBF,walk_forward,2024,3,0.9080037172,0.3026679057,5,AVAILABLE,FULL_QUARTER,POSITIVE
SESSION_10_21__N3_01,NORMALIZED,GLDRUBF,walk_forward,2024,3,-0.8007807869,-0.266926929,5,AVAILABLE,FULL_QUARTER,NEGATIVE
SESSION_10_21__N3_01,NORMALIZED,USDRUBF,walk_forward,2024,4,5.348060663,1.782686888,3,AVAILABLE,PARTIAL_QUARTER,POSITIVE
SESSION_10_21__N3_01,NORMALIZED,CNYRUBF,walk_forward,2024,4,3.589777842,1.196592614,5,AVAILABLE,PARTIAL_QUARTER,POSITIVE
SESSION_10_21__N3_01,NORMALIZED,GLDRUBF,walk_forward,2024,4,-0.1248474894,-0.04161582982,4,AVAILABLE,PARTIAL_QUARTER,NEGATIVE
SESSION_10_21__N3_01,NORMALIZED,USDRUBF,historical_true_oos,2025,1,1.670482493,0.5568274976,2,AVAILABLE,PARTIAL_QUARTER,POSITIVE
SESSION_10_21__N3_01,NORMALIZED,CNYRUBF,historical_true_oos,2025,1,2.961964957,0.9873216524,3,AVAILABLE,PARTIAL_QUARTER,POSITIVE
SESSION_10_21__N3_01,NORMALIZED,GLDRUBF,historical_true_oos,2025,1,-0.4165586989,-0.1388528996,1,AVAILABLE,PARTIAL_QUARTER,NEGATIVE
SESSION_10_21__N3_01,NORMALIZED,USDRUBF,historical_true_oos,2025,2,-2.294309312,-0.7647697706,4,AVAILABLE,FULL_QUARTER,NEGATIVE
SESSION_10_21__N3_01,NORMALIZED,CNYRUBF,historical_true_oos,2025,2,-2.900060519,-0.9666868398,4,AVAILABLE,FULL_QUARTER,NEGATIVE
SESSION_10_21__N3_01,NORMALIZED,GLDRUBF,historical_true_oos,2025,2,0.09406211555,0.03135403852,2,AVAILABLE,FULL_QUARTER,POSITIVE
SESSION_10_21__N3_01,NORMALIZED,USDRUBF,historical_true_oos,2025,3,10.28120835,3.427069451,6,AVAILABLE,FULL_QUARTER,POSITIVE
SESSION_10_21__N3_01,NORMALIZED,CNYRUBF,historical_true_oos,2025,3,11.77216822,3.924056074,7,AVAILABLE,FULL_QUARTER,POSITIVE
SESSION_10_21__N3_01,NORMALIZED,GLDRUBF,historical_true_oos,2025,3,11.52674051,3.842246837,7,AVAILABLE,FULL_QUARTER,POSITIVE
SESSION_10_21__N3_01,NORMALIZED,USDRUBF,historical_true_oos,2025,4,-1.526128899,-0.5087096328,12,AVAILABLE,FULL_QUARTER,NEGATIVE
SESSION_10_21__N3_01,NORMALIZED,CNYRUBF,historical_true_oos,2025,4,-2.861047419,-0.953682473,13,AVAILABLE,FULL_QUARTER,NEGATIVE
SESSION_10_21__N3_01,NORMALIZED,GLDRUBF,historical_true_oos,2025,4,2.830169413,0.9433898043,10,AVAILABLE,FULL_QUARTER,POSITIVE
SESSION_10_21__N3_01,NORMALIZED,USDRUBF,historical_true_oos,2026,1,6.800303784,2.266767928,7,AVAILABLE,FULL_QUARTER,POSITIVE
SESSION_10_21__N3_01,NORMALIZED,CNYRUBF,historical_true_oos,2026,1,4.172041837,1.390680612,8,AVAILABLE,FULL_QUARTER,POSITIVE
SESSION_10_21__N3_01,NORMALIZED,GLDRUBF,historical_true_oos,2026,1,6.173353456,2.057784485,8,AVAILABLE,FULL_QUARTER,POSITIVE
SESSION_10_21__N3_01,NORMALIZED,USDRUBF,historical_true_oos,2026,2,3.481275769,1.160425256,8,AVAILABLE,FULL_QUARTER,POSITIVE
SESSION_10_21__N3_01,NORMALIZED,CNYRUBF,historical_true_oos,2026,2,5.018422592,1.672807531,7,AVAILABLE,FULL_QUARTER,POSITIVE
SESSION_10_21__N3_01,NORMALIZED,GLDRUBF,historical_true_oos,2026,2,3.345415617,1.115138539,5,AVAILABLE,FULL_QUARTER,POSITIVE
SESSION_10_21__N3_01,NORMALIZED,USDRUBF,historical_true_oos,2026,3,6.03583997,2.011946657,9,AVAILABLE,PARTIAL_QUARTER,POSITIVE
SESSION_10_21__N3_01,NORMALIZED,CNYRUBF,historical_true_oos,2026,3,3.022157135,1.007385712,9,AVAILABLE,PARTIAL_QUARTER,POSITIVE
SESSION_10_21__N3_01,NORMALIZED,GLDRUBF,historical_true_oos,2026,3,11.31104276,3.770347587,7,AVAILABLE,PARTIAL_QUARTER,POSITIVE
SESSION_10_21__N3_01,FULL,USDRUBF,baseline,2023,1,-1.937229707,-1.937229707,3,AVAILABLE,PARTIAL_QUARTER,NEGATIVE
SESSION_10_21__N3_01,FULL,CNYRUBF,baseline,2023,1,-1.020555271,-1.020555271,3,AVAILABLE,PARTIAL_QUARTER,NEGATIVE
SESSION_10_21__N3_01,FULL,GLDRUBF,baseline,2023,1,0,0,0,NOT_AVAILABLE,NOT_AVAILABLE,ZERO
SESSION_10_21__N3_01,FULL,USDRUBF,baseline,2023,2,8.689564697,8.689564697,11,AVAILABLE,FULL_QUARTER,POSITIVE
SESSION_10_21__N3_01,FULL,CNYRUBF,baseline,2023,2,7.795515913,7.795515913,8,AVAILABLE,FULL_QUARTER,POSITIVE
SESSION_10_21__N3_01,FULL,GLDRUBF,baseline,2023,2,0,0,0,NOT_AVAILABLE,NOT_AVAILABLE,ZERO
SESSION_10_21__N3_01,FULL,USDRUBF,baseline,2023,3,5.167328514,5.167328514,8,AVAILABLE,FULL_QUARTER,POSITIVE
SESSION_10_21__N3_01,FULL,CNYRUBF,baseline,2023,3,-2.049622456,-2.049622456,7,AVAILABLE,FULL_QUARTER,NEGATIVE
SESSION_10_21__N3_01,FULL,GLDRUBF,baseline,2023,3,-0.435766705,-0.435766705,1,AVAILABLE,PARTIAL_QUARTER,NEGATIVE
SESSION_10_21__N3_01,FULL,USDRUBF,baseline,2023,4,3.193216993,3.193216993,7,AVAILABLE,FULL_QUARTER,POSITIVE
SESSION_10_21__N3_01,FULL,CNYRUBF,baseline,2023,4,-3.791262962,-3.791262962,6,AVAILABLE,FULL_QUARTER,NEGATIVE
SESSION_10_21__N3_01,FULL,GLDRUBF,baseline,2023,4,-0.110139046,-0.110139046,5,AVAILABLE,FULL_QUARTER,NEGATIVE
SESSION_10_21__N3_01,FULL,USDRUBF,baseline,2024,1,-0.4829589909,-0.4829589909,4,AVAILABLE,FULL_QUARTER,NEGATIVE
SESSION_10_21__N3_01,FULL,CNYRUBF,baseline,2024,1,2.817209547,2.817209547,3,AVAILABLE,FULL_QUARTER,POSITIVE
SESSION_10_21__N3_01,FULL,GLDRUBF,baseline,2024,1,-2.697623995,-2.697623995,11,AVAILABLE,FULL_QUARTER,NEGATIVE
SESSION_10_21__N3_01,FULL,USDRUBF,baseline,2024,2,2.955597233,2.955597233,12,AVAILABLE,FULL_QUARTER,POSITIVE
SESSION_10_21__N3_01,FULL,CNYRUBF,baseline,2024,2,14.94403683,14.94403683,11,AVAILABLE,FULL_QUARTER,POSITIVE
SESSION_10_21__N3_01,FULL,GLDRUBF,baseline,2024,2,1.821815965,1.821815965,8,AVAILABLE,FULL_QUARTER,POSITIVE
SESSION_10_21__N3_01,FULL,USDRUBF,baseline,2024,3,1.0249468,1.0249468,9,AVAILABLE,FULL_QUARTER,POSITIVE
SESSION_10_21__N3_01,FULL,CNYRUBF,baseline,2024,3,0.6441510469,0.6441510469,6,AVAILABLE,FULL_QUARTER,POSITIVE
SESSION_10_21__N3_01,FULL,GLDRUBF,baseline,2024,3,-0.1706293684,-0.1706293684,6,AVAILABLE,FULL_QUARTER,NEGATIVE
SESSION_10_21__N3_01,FULL,USDRUBF,baseline,2024,4,5.763429915,5.763429915,7,AVAILABLE,PARTIAL_QUARTER,POSITIVE
SESSION_10_21__N3_01,FULL,CNYRUBF,baseline,2024,4,3.442996412,3.442996412,7,AVAILABLE,PARTIAL_QUARTER,POSITIVE
SESSION_10_21__N3_01,FULL,GLDRUBF,baseline,2024,4,8.036434985,8.036434985,8,AVAILABLE,PARTIAL_QUARTER,POSITIVE
SESSION_10_21__N3_01,FULL,USDRUBF,walk_forward,2024,1,0.3132754899,0.3132754899,2,AVAILABLE,FULL_QUARTER,POSITIVE
SESSION_10_21__N3_01,FULL,CNYRUBF,walk_forward,2024,1,-0.7748154007,-0.7748154007,1,AVAILABLE,FULL_QUARTER,NEGATIVE
SESSION_10_21__N3_01,FULL,GLDRUBF,walk_forward,2024,1,-0.2047478986,-0.2047478986,7,AVAILABLE,FULL_QUARTER,NEGATIVE
SESSION_10_21__N3_01,FULL,USDRUBF,walk_forward,2024,2,4.621795889,4.621795889,5,AVAILABLE,FULL_QUARTER,POSITIVE
SESSION_10_21__N3_01,FULL,CNYRUBF,walk_forward,2024,2,14.34374878,14.34374878,5,AVAILABLE,FULL_QUARTER,POSITIVE
SESSION_10_21__N3_01,FULL,GLDRUBF,walk_forward,2024,2,-0.8402661314,-0.8402661314,4,AVAILABLE,FULL_QUARTER,NEGATIVE
SESSION_10_21__N3_01,FULL,USDRUBF,walk_forward,2024,3,1.803338198,1.803338198,4,AVAILABLE,FULL_QUARTER,POSITIVE
SESSION_10_21__N3_01,FULL,CNYRUBF,walk_forward,2024,3,0.9080037172,0.9080037172,5,AVAILABLE,FULL_QUARTER,POSITIVE
SESSION_10_21__N3_01,FULL,GLDRUBF,walk_forward,2024,3,-0.8007807869,-0.8007807869,5,AVAILABLE,FULL_QUARTER,NEGATIVE
SESSION_10_21__N3_01,FULL,USDRUBF,walk_forward,2024,4,5.348060663,5.348060663,3,AVAILABLE,PARTIAL_QUARTER,POSITIVE
SESSION_10_21__N3_01,FULL,CNYRUBF,walk_forward,2024,4,3.589777842,3.589777842,5,AVAILABLE,PARTIAL_QUARTER,POSITIVE
SESSION_10_21__N3_01,FULL,GLDRUBF,walk_forward,2024,4,-0.1248474894,-0.1248474894,4,AVAILABLE,PARTIAL_QUARTER,NEGATIVE
SESSION_10_21__N3_01,FULL,USDRUBF,historical_true_oos,2025,1,1.670482493,1.670482493,2,AVAILABLE,PARTIAL_QUARTER,POSITIVE
SESSION_10_21__N3_01,FULL,CNYRUBF,historical_true_oos,2025,1,2.961964957,2.961964957,3,AVAILABLE,PARTIAL_QUARTER,POSITIVE
SESSION_10_21__N3_01,FULL,GLDRUBF,historical_true_oos,2025,1,-0.4165586989,-0.4165586989,1,AVAILABLE,PARTIAL_QUARTER,NEGATIVE
SESSION_10_21__N3_01,FULL,USDRUBF,historical_true_oos,2025,2,-2.294309312,-2.294309312,4,AVAILABLE,FULL_QUARTER,NEGATIVE
SESSION_10_21__N3_01,FULL,CNYRUBF,historical_true_oos,2025,2,-2.900060519,-2.900060519,4,AVAILABLE,FULL_QUARTER,NEGATIVE
SESSION_10_21__N3_01,FULL,GLDRUBF,historical_true_oos,2025,2,0.09406211555,0.09406211555,2,AVAILABLE,FULL_QUARTER,POSITIVE
SESSION_10_21__N3_01,FULL,USDRUBF,historical_true_oos,2025,3,10.28120835,10.28120835,6,AVAILABLE,FULL_QUARTER,POSITIVE
SESSION_10_21__N3_01,FULL,CNYRUBF,historical_true_oos,2025,3,11.77216822,11.77216822,7,AVAILABLE,FULL_QUARTER,POSITIVE
SESSION_10_21__N3_01,FULL,GLDRUBF,historical_true_oos,2025,3,11.52674051,11.52674051,7,AVAILABLE,FULL_QUARTER,POSITIVE
SESSION_10_21__N3_01,FULL,USDRUBF,historical_true_oos,2025,4,-1.526128899,-1.526128899,12,AVAILABLE,FULL_QUARTER,NEGATIVE
SESSION_10_21__N3_01,FULL,CNYRUBF,historical_true_oos,2025,4,-2.861047419,-2.861047419,13,AVAILABLE,FULL_QUARTER,NEGATIVE
SESSION_10_21__N3_01,FULL,GLDRUBF,historical_true_oos,2025,4,2.830169413,2.830169413,10,AVAILABLE,FULL_QUARTER,POSITIVE
SESSION_10_21__N3_01,FULL,USDRUBF,historical_true_oos,2026,1,6.800303784,6.800303784,7,AVAILABLE,FULL_QUARTER,POSITIVE
SESSION_10_21__N3_01,FULL,CNYRUBF,historical_true_oos,2026,1,4.172041837,4.172041837,8,AVAILABLE,FULL_QUARTER,POSITIVE
SESSION_10_21__N3_01,FULL,GLDRUBF,historical_true_oos,2026,1,6.173353456,6.173353456,8,AVAILABLE,FULL_QUARTER,POSITIVE
SESSION_10_21__N3_01,FULL,USDRUBF,historical_true_oos,2026,2,3.481275769,3.481275769,8,AVAILABLE,FULL_QUARTER,POSITIVE
SESSION_10_21__N3_01,FULL,CNYRUBF,historical_true_oos,2026,2,5.018422592,5.018422592,7,AVAILABLE,FULL_QUARTER,POSITIVE
SESSION_10_21__N3_01,FULL,GLDRUBF,historical_true_oos,2026,2,3.345415617,3.345415617,5,AVAILABLE,FULL_QUARTER,POSITIVE
SESSION_10_21__N3_01,FULL,USDRUBF,historical_true_oos,2026,3,6.03583997,6.03583997,9,AVAILABLE,PARTIAL_QUARTER,POSITIVE
SESSION_10_21__N3_01,FULL,CNYRUBF,historical_true_oos,2026,3,3.022157135,3.022157135,9,AVAILABLE,PARTIAL_QUARTER,POSITIVE
SESSION_10_21__N3_01,FULL,GLDRUBF,historical_true_oos,2026,3,11.31104276,11.31104276,7,AVAILABLE,PARTIAL_QUARTER,POSITIVE
SESSION_10_21__N3_02,NORMALIZED,USDRUBF,baseline,2023,1,-1.937229707,-0.6457432356,3,AVAILABLE,PARTIAL_QUARTER,NEGATIVE
SESSION_10_21__N3_02,NORMALIZED,CNYRUBF,baseline,2023,1,-1.020555271,-0.3401850903,3,AVAILABLE,PARTIAL_QUARTER,NEGATIVE
SESSION_10_21__N3_02,NORMALIZED,IMOEXF,baseline,2023,1,0,0,0,NOT_AVAILABLE,NOT_AVAILABLE,ZERO
SESSION_10_21__N3_02,NORMALIZED,USDRUBF,baseline,2023,2,8.689564697,2.896521566,11,AVAILABLE,FULL_QUARTER,POSITIVE
SESSION_10_21__N3_02,NORMALIZED,CNYRUBF,baseline,2023,2,7.795515913,2.598505304,8,AVAILABLE,FULL_QUARTER,POSITIVE
SESSION_10_21__N3_02,NORMALIZED,IMOEXF,baseline,2023,2,0,0,0,NOT_AVAILABLE,NOT_AVAILABLE,ZERO
SESSION_10_21__N3_02,NORMALIZED,USDRUBF,baseline,2023,3,5.167328514,1.722442838,8,AVAILABLE,FULL_QUARTER,POSITIVE
SESSION_10_21__N3_02,NORMALIZED,CNYRUBF,baseline,2023,3,-2.049622456,-0.6832074853,7,AVAILABLE,FULL_QUARTER,NEGATIVE
SESSION_10_21__N3_02,NORMALIZED,IMOEXF,baseline,2023,3,0,0,0,NOT_AVAILABLE,NOT_AVAILABLE,ZERO
SESSION_10_21__N3_02,NORMALIZED,USDRUBF,baseline,2023,4,3.193216993,1.064405664,7,AVAILABLE,FULL_QUARTER,POSITIVE
SESSION_10_21__N3_02,NORMALIZED,CNYRUBF,baseline,2023,4,-3.791262962,-1.263754321,6,AVAILABLE,FULL_QUARTER,NEGATIVE
SESSION_10_21__N3_02,NORMALIZED,IMOEXF,baseline,2023,4,0,0,0,NOT_AVAILABLE,PARTIAL_QUARTER,ZERO
SESSION_10_21__N3_02,NORMALIZED,USDRUBF,baseline,2024,1,-0.4829589909,-0.1609863303,4,AVAILABLE,FULL_QUARTER,NEGATIVE
SESSION_10_21__N3_02,NORMALIZED,CNYRUBF,baseline,2024,1,2.817209547,0.9390698491,3,AVAILABLE,FULL_QUARTER,POSITIVE
SESSION_10_21__N3_02,NORMALIZED,IMOEXF,baseline,2024,1,2.393163239,0.7977210795,8,AVAILABLE,FULL_QUARTER,POSITIVE
SESSION_10_21__N3_02,NORMALIZED,USDRUBF,baseline,2024,2,2.955597233,0.9851990777,12,AVAILABLE,FULL_QUARTER,POSITIVE
SESSION_10_21__N3_02,NORMALIZED,CNYRUBF,baseline,2024,2,14.94403683,4.98134561,11,AVAILABLE,FULL_QUARTER,POSITIVE
SESSION_10_21__N3_02,NORMALIZED,IMOEXF,baseline,2024,2,5.115292585,1.705097528,6,AVAILABLE,FULL_QUARTER,POSITIVE
SESSION_10_21__N3_02,NORMALIZED,USDRUBF,baseline,2024,3,1.0249468,0.3416489333,9,AVAILABLE,FULL_QUARTER,POSITIVE
SESSION_10_21__N3_02,NORMALIZED,CNYRUBF,baseline,2024,3,0.6441510469,0.2147170156,6,AVAILABLE,FULL_QUARTER,POSITIVE
SESSION_10_21__N3_02,NORMALIZED,IMOEXF,baseline,2024,3,7.623380195,2.541126732,7,AVAILABLE,FULL_QUARTER,POSITIVE
SESSION_10_21__N3_02,NORMALIZED,USDRUBF,baseline,2024,4,5.763429915,1.921143305,7,AVAILABLE,PARTIAL_QUARTER,POSITIVE
SESSION_10_21__N3_02,NORMALIZED,CNYRUBF,baseline,2024,4,3.442996412,1.147665471,7,AVAILABLE,PARTIAL_QUARTER,POSITIVE
SESSION_10_21__N3_02,NORMALIZED,IMOEXF,baseline,2024,4,2.943055533,0.9810185111,5,AVAILABLE,PARTIAL_QUARTER,POSITIVE
SESSION_10_21__N3_02,NORMALIZED,USDRUBF,walk_forward,2024,1,0.3132754899,0.1044251633,2,AVAILABLE,FULL_QUARTER,POSITIVE
SESSION_10_21__N3_02,NORMALIZED,CNYRUBF,walk_forward,2024,1,-0.7748154007,-0.2582718002,1,AVAILABLE,FULL_QUARTER,NEGATIVE
SESSION_10_21__N3_02,NORMALIZED,IMOEXF,walk_forward,2024,1,-2.256842313,-0.752280771,3,AVAILABLE,FULL_QUARTER,NEGATIVE
SESSION_10_21__N3_02,NORMALIZED,USDRUBF,walk_forward,2024,2,4.621795889,1.54059863,5,AVAILABLE,FULL_QUARTER,POSITIVE
SESSION_10_21__N3_02,NORMALIZED,CNYRUBF,walk_forward,2024,2,14.34374878,4.781249593,5,AVAILABLE,FULL_QUARTER,POSITIVE
SESSION_10_21__N3_02,NORMALIZED,IMOEXF,walk_forward,2024,2,5.244296171,1.748098724,5,AVAILABLE,FULL_QUARTER,POSITIVE
SESSION_10_21__N3_02,NORMALIZED,USDRUBF,walk_forward,2024,3,1.803338198,0.6011127325,4,AVAILABLE,FULL_QUARTER,POSITIVE
SESSION_10_21__N3_02,NORMALIZED,CNYRUBF,walk_forward,2024,3,0.9080037172,0.3026679057,5,AVAILABLE,FULL_QUARTER,POSITIVE
SESSION_10_21__N3_02,NORMALIZED,IMOEXF,walk_forward,2024,3,3.827226242,1.275742081,3,AVAILABLE,FULL_QUARTER,POSITIVE
SESSION_10_21__N3_02,NORMALIZED,USDRUBF,walk_forward,2024,4,5.348060663,1.782686888,3,AVAILABLE,PARTIAL_QUARTER,POSITIVE
SESSION_10_21__N3_02,NORMALIZED,CNYRUBF,walk_forward,2024,4,3.589777842,1.196592614,5,AVAILABLE,PARTIAL_QUARTER,POSITIVE
SESSION_10_21__N3_02,NORMALIZED,IMOEXF,walk_forward,2024,4,1.53728685,0.5124289501,3,AVAILABLE,PARTIAL_QUARTER,POSITIVE
SESSION_10_21__N3_02,NORMALIZED,USDRUBF,historical_true_oos,2025,1,1.670482493,0.5568274976,2,AVAILABLE,PARTIAL_QUARTER,POSITIVE
SESSION_10_21__N3_02,NORMALIZED,CNYRUBF,historical_true_oos,2025,1,2.961964957,0.9873216524,3,AVAILABLE,PARTIAL_QUARTER,POSITIVE
SESSION_10_21__N3_02,NORMALIZED,IMOEXF,historical_true_oos,2025,1,-0.2104960302,-0.0701653434,1,AVAILABLE,PARTIAL_QUARTER,NEGATIVE
SESSION_10_21__N3_02,NORMALIZED,USDRUBF,historical_true_oos,2025,2,-2.294309312,-0.7647697706,4,AVAILABLE,FULL_QUARTER,NEGATIVE
SESSION_10_21__N3_02,NORMALIZED,CNYRUBF,historical_true_oos,2025,2,-2.900060519,-0.9666868398,4,AVAILABLE,FULL_QUARTER,NEGATIVE
SESSION_10_21__N3_02,NORMALIZED,IMOEXF,historical_true_oos,2025,2,3.654878351,1.218292784,4,AVAILABLE,FULL_QUARTER,POSITIVE
SESSION_10_21__N3_02,NORMALIZED,USDRUBF,historical_true_oos,2025,3,10.28120835,3.427069451,6,AVAILABLE,FULL_QUARTER,POSITIVE
SESSION_10_21__N3_02,NORMALIZED,CNYRUBF,historical_true_oos,2025,3,11.77216822,3.924056074,7,AVAILABLE,FULL_QUARTER,POSITIVE
SESSION_10_21__N3_02,NORMALIZED,IMOEXF,historical_true_oos,2025,3,0.8950248461,0.2983416154,11,AVAILABLE,FULL_QUARTER,POSITIVE
SESSION_10_21__N3_02,NORMALIZED,USDRUBF,historical_true_oos,2025,4,-1.526128899,-0.5087096328,12,AVAILABLE,FULL_QUARTER,NEGATIVE
SESSION_10_21__N3_02,NORMALIZED,CNYRUBF,historical_true_oos,2025,4,-2.861047419,-0.953682473,13,AVAILABLE,FULL_QUARTER,NEGATIVE
SESSION_10_21__N3_02,NORMALIZED,IMOEXF,historical_true_oos,2025,4,0.3749104677,0.1249701559,7,AVAILABLE,FULL_QUARTER,POSITIVE
SESSION_10_21__N3_02,NORMALIZED,USDRUBF,historical_true_oos,2026,1,6.800303784,2.266767928,7,AVAILABLE,FULL_QUARTER,POSITIVE
SESSION_10_21__N3_02,NORMALIZED,CNYRUBF,historical_true_oos,2026,1,4.172041837,1.390680612,8,AVAILABLE,FULL_QUARTER,POSITIVE
SESSION_10_21__N3_02,NORMALIZED,IMOEXF,historical_true_oos,2026,1,2.528789976,0.842929992,4,AVAILABLE,FULL_QUARTER,POSITIVE
SESSION_10_21__N3_02,NORMALIZED,USDRUBF,historical_true_oos,2026,2,3.481275769,1.160425256,8,AVAILABLE,FULL_QUARTER,POSITIVE
SESSION_10_21__N3_02,NORMALIZED,CNYRUBF,historical_true_oos,2026,2,5.018422592,1.672807531,7,AVAILABLE,FULL_QUARTER,POSITIVE
SESSION_10_21__N3_02,NORMALIZED,IMOEXF,historical_true_oos,2026,2,-0.6439815248,-0.2146605083,13,AVAILABLE,FULL_QUARTER,NEGATIVE
SESSION_10_21__N3_02,NORMALIZED,USDRUBF,historical_true_oos,2026,3,6.03583997,2.011946657,9,AVAILABLE,PARTIAL_QUARTER,POSITIVE
SESSION_10_21__N3_02,NORMALIZED,CNYRUBF,historical_true_oos,2026,3,3.022157135,1.007385712,9,AVAILABLE,PARTIAL_QUARTER,POSITIVE
SESSION_10_21__N3_02,NORMALIZED,IMOEXF,historical_true_oos,2026,3,-1.80050918,-0.6001697267,8,AVAILABLE,PARTIAL_QUARTER,NEGATIVE
SESSION_10_21__N3_02,FULL,USDRUBF,baseline,2023,1,-1.937229707,-1.937229707,3,AVAILABLE,PARTIAL_QUARTER,NEGATIVE
SESSION_10_21__N3_02,FULL,CNYRUBF,baseline,2023,1,-1.020555271,-1.020555271,3,AVAILABLE,PARTIAL_QUARTER,NEGATIVE
SESSION_10_21__N3_02,FULL,IMOEXF,baseline,2023,1,0,0,0,NOT_AVAILABLE,NOT_AVAILABLE,ZERO
SESSION_10_21__N3_02,FULL,USDRUBF,baseline,2023,2,8.689564697,8.689564697,11,AVAILABLE,FULL_QUARTER,POSITIVE
SESSION_10_21__N3_02,FULL,CNYRUBF,baseline,2023,2,7.795515913,7.795515913,8,AVAILABLE,FULL_QUARTER,POSITIVE
SESSION_10_21__N3_02,FULL,IMOEXF,baseline,2023,2,0,0,0,NOT_AVAILABLE,NOT_AVAILABLE,ZERO
SESSION_10_21__N3_02,FULL,USDRUBF,baseline,2023,3,5.167328514,5.167328514,8,AVAILABLE,FULL_QUARTER,POSITIVE
SESSION_10_21__N3_02,FULL,CNYRUBF,baseline,2023,3,-2.049622456,-2.049622456,7,AVAILABLE,FULL_QUARTER,NEGATIVE
SESSION_10_21__N3_02,FULL,IMOEXF,baseline,2023,3,0,0,0,NOT_AVAILABLE,NOT_AVAILABLE,ZERO
SESSION_10_21__N3_02,FULL,USDRUBF,baseline,2023,4,3.193216993,3.193216993,7,AVAILABLE,FULL_QUARTER,POSITIVE
SESSION_10_21__N3_02,FULL,CNYRUBF,baseline,2023,4,-3.791262962,-3.791262962,6,AVAILABLE,FULL_QUARTER,NEGATIVE
SESSION_10_21__N3_02,FULL,IMOEXF,baseline,2023,4,0,0,0,NOT_AVAILABLE,PARTIAL_QUARTER,ZERO
SESSION_10_21__N3_02,FULL,USDRUBF,baseline,2024,1,-0.4829589909,-0.4829589909,4,AVAILABLE,FULL_QUARTER,NEGATIVE
SESSION_10_21__N3_02,FULL,CNYRUBF,baseline,2024,1,2.817209547,2.817209547,3,AVAILABLE,FULL_QUARTER,POSITIVE
SESSION_10_21__N3_02,FULL,IMOEXF,baseline,2024,1,2.393163239,2.393163239,8,AVAILABLE,FULL_QUARTER,POSITIVE
SESSION_10_21__N3_02,FULL,USDRUBF,baseline,2024,2,2.955597233,2.955597233,12,AVAILABLE,FULL_QUARTER,POSITIVE
SESSION_10_21__N3_02,FULL,CNYRUBF,baseline,2024,2,14.94403683,14.94403683,11,AVAILABLE,FULL_QUARTER,POSITIVE
SESSION_10_21__N3_02,FULL,IMOEXF,baseline,2024,2,5.115292585,5.115292585,6,AVAILABLE,FULL_QUARTER,POSITIVE
SESSION_10_21__N3_02,FULL,USDRUBF,baseline,2024,3,1.0249468,1.0249468,9,AVAILABLE,FULL_QUARTER,POSITIVE
SESSION_10_21__N3_02,FULL,CNYRUBF,baseline,2024,3,0.6441510469,0.6441510469,6,AVAILABLE,FULL_QUARTER,POSITIVE
SESSION_10_21__N3_02,FULL,IMOEXF,baseline,2024,3,7.623380195,7.623380195,7,AVAILABLE,FULL_QUARTER,POSITIVE
SESSION_10_21__N3_02,FULL,USDRUBF,baseline,2024,4,5.763429915,5.763429915,7,AVAILABLE,PARTIAL_QUARTER,POSITIVE
SESSION_10_21__N3_02,FULL,CNYRUBF,baseline,2024,4,3.442996412,3.442996412,7,AVAILABLE,PARTIAL_QUARTER,POSITIVE
SESSION_10_21__N3_02,FULL,IMOEXF,baseline,2024,4,2.943055533,2.943055533,5,AVAILABLE,PARTIAL_QUARTER,POSITIVE
SESSION_10_21__N3_02,FULL,USDRUBF,walk_forward,2024,1,0.3132754899,0.3132754899,2,AVAILABLE,FULL_QUARTER,POSITIVE
SESSION_10_21__N3_02,FULL,CNYRUBF,walk_forward,2024,1,-0.7748154007,-0.7748154007,1,AVAILABLE,FULL_QUARTER,NEGATIVE
SESSION_10_21__N3_02,FULL,IMOEXF,walk_forward,2024,1,-2.256842313,-2.256842313,3,AVAILABLE,FULL_QUARTER,NEGATIVE
SESSION_10_21__N3_02,FULL,USDRUBF,walk_forward,2024,2,4.621795889,4.621795889,5,AVAILABLE,FULL_QUARTER,POSITIVE
SESSION_10_21__N3_02,FULL,CNYRUBF,walk_forward,2024,2,14.34374878,14.34374878,5,AVAILABLE,FULL_QUARTER,POSITIVE
SESSION_10_21__N3_02,FULL,IMOEXF,walk_forward,2024,2,5.244296171,5.244296171,5,AVAILABLE,FULL_QUARTER,POSITIVE
SESSION_10_21__N3_02,FULL,USDRUBF,walk_forward,2024,3,1.803338198,1.803338198,4,AVAILABLE,FULL_QUARTER,POSITIVE
SESSION_10_21__N3_02,FULL,CNYRUBF,walk_forward,2024,3,0.9080037172,0.9080037172,5,AVAILABLE,FULL_QUARTER,POSITIVE
SESSION_10_21__N3_02,FULL,IMOEXF,walk_forward,2024,3,3.827226242,3.827226242,3,AVAILABLE,FULL_QUARTER,POSITIVE
SESSION_10_21__N3_02,FULL,USDRUBF,walk_forward,2024,4,5.348060663,5.348060663,3,AVAILABLE,PARTIAL_QUARTER,POSITIVE
SESSION_10_21__N3_02,FULL,CNYRUBF,walk_forward,2024,4,3.589777842,3.589777842,5,AVAILABLE,PARTIAL_QUARTER,POSITIVE
SESSION_10_21__N3_02,FULL,IMOEXF,walk_forward,2024,4,1.53728685,1.53728685,3,AVAILABLE,PARTIAL_QUARTER,POSITIVE
SESSION_10_21__N3_02,FULL,USDRUBF,historical_true_oos,2025,1,1.670482493,1.670482493,2,AVAILABLE,PARTIAL_QUARTER,POSITIVE
SESSION_10_21__N3_02,FULL,CNYRUBF,historical_true_oos,2025,1,2.961964957,2.961964957,3,AVAILABLE,PARTIAL_QUARTER,POSITIVE
SESSION_10_21__N3_02,FULL,IMOEXF,historical_true_oos,2025,1,-0.2104960302,-0.2104960302,1,AVAILABLE,PARTIAL_QUARTER,NEGATIVE
SESSION_10_21__N3_02,FULL,USDRUBF,historical_true_oos,2025,2,-2.294309312,-2.294309312,4,AVAILABLE,FULL_QUARTER,NEGATIVE
SESSION_10_21__N3_02,FULL,CNYRUBF,historical_true_oos,2025,2,-2.900060519,-2.900060519,4,AVAILABLE,FULL_QUARTER,NEGATIVE
SESSION_10_21__N3_02,FULL,IMOEXF,historical_true_oos,2025,2,3.654878351,3.654878351,4,AVAILABLE,FULL_QUARTER,POSITIVE
SESSION_10_21__N3_02,FULL,USDRUBF,historical_true_oos,2025,3,10.28120835,10.28120835,6,AVAILABLE,FULL_QUARTER,POSITIVE
SESSION_10_21__N3_02,FULL,CNYRUBF,historical_true_oos,2025,3,11.77216822,11.77216822,7,AVAILABLE,FULL_QUARTER,POSITIVE
SESSION_10_21__N3_02,FULL,IMOEXF,historical_true_oos,2025,3,0.8950248461,0.8950248461,11,AVAILABLE,FULL_QUARTER,POSITIVE
SESSION_10_21__N3_02,FULL,USDRUBF,historical_true_oos,2025,4,-1.526128899,-1.526128899,12,AVAILABLE,FULL_QUARTER,NEGATIVE
SESSION_10_21__N3_02,FULL,CNYRUBF,historical_true_oos,2025,4,-2.861047419,-2.861047419,13,AVAILABLE,FULL_QUARTER,NEGATIVE
SESSION_10_21__N3_02,FULL,IMOEXF,historical_true_oos,2025,4,0.3749104677,0.3749104677,7,AVAILABLE,FULL_QUARTER,POSITIVE
SESSION_10_21__N3_02,FULL,USDRUBF,historical_true_oos,2026,1,6.800303784,6.800303784,7,AVAILABLE,FULL_QUARTER,POSITIVE
SESSION_10_21__N3_02,FULL,CNYRUBF,historical_true_oos,2026,1,4.172041837,4.172041837,8,AVAILABLE,FULL_QUARTER,POSITIVE
SESSION_10_21__N3_02,FULL,IMOEXF,historical_true_oos,2026,1,2.528789976,2.528789976,4,AVAILABLE,FULL_QUARTER,POSITIVE
SESSION_10_21__N3_02,FULL,USDRUBF,historical_true_oos,2026,2,3.481275769,3.481275769,8,AVAILABLE,FULL_QUARTER,POSITIVE
SESSION_10_21__N3_02,FULL,CNYRUBF,historical_true_oos,2026,2,5.018422592,5.018422592,7,AVAILABLE,FULL_QUARTER,POSITIVE
SESSION_10_21__N3_02,FULL,IMOEXF,historical_true_oos,2026,2,-0.6439815248,-0.6439815248,13,AVAILABLE,FULL_QUARTER,NEGATIVE
SESSION_10_21__N3_02,FULL,USDRUBF,historical_true_oos,2026,3,6.03583997,6.03583997,9,AVAILABLE,PARTIAL_QUARTER,POSITIVE
SESSION_10_21__N3_02,FULL,CNYRUBF,historical_true_oos,2026,3,3.022157135,3.022157135,9,AVAILABLE,PARTIAL_QUARTER,POSITIVE
SESSION_10_21__N3_02,FULL,IMOEXF,historical_true_oos,2026,3,-1.80050918,-1.80050918,8,AVAILABLE,PARTIAL_QUARTER,NEGATIVE
SESSION_10_21__N3_03,NORMALIZED,USDRUBF,baseline,2023,1,-1.937229707,-0.6457432356,3,AVAILABLE,PARTIAL_QUARTER,NEGATIVE
SESSION_10_21__N3_03,NORMALIZED,GLDRUBF,baseline,2023,1,0,0,0,NOT_AVAILABLE,NOT_AVAILABLE,ZERO
SESSION_10_21__N3_03,NORMALIZED,IMOEXF,baseline,2023,1,0,0,0,NOT_AVAILABLE,NOT_AVAILABLE,ZERO
SESSION_10_21__N3_03,NORMALIZED,USDRUBF,baseline,2023,2,8.689564697,2.896521566,11,AVAILABLE,FULL_QUARTER,POSITIVE
SESSION_10_21__N3_03,NORMALIZED,GLDRUBF,baseline,2023,2,0,0,0,NOT_AVAILABLE,NOT_AVAILABLE,ZERO
SESSION_10_21__N3_03,NORMALIZED,IMOEXF,baseline,2023,2,0,0,0,NOT_AVAILABLE,NOT_AVAILABLE,ZERO
SESSION_10_21__N3_03,NORMALIZED,USDRUBF,baseline,2023,3,5.167328514,1.722442838,8,AVAILABLE,FULL_QUARTER,POSITIVE
SESSION_10_21__N3_03,NORMALIZED,GLDRUBF,baseline,2023,3,-0.435766705,-0.1452555683,1,AVAILABLE,PARTIAL_QUARTER,NEGATIVE
SESSION_10_21__N3_03,NORMALIZED,IMOEXF,baseline,2023,3,0,0,0,NOT_AVAILABLE,NOT_AVAILABLE,ZERO
SESSION_10_21__N3_03,NORMALIZED,USDRUBF,baseline,2023,4,3.193216993,1.064405664,7,AVAILABLE,FULL_QUARTER,POSITIVE
SESSION_10_21__N3_03,NORMALIZED,GLDRUBF,baseline,2023,4,-0.110139046,-0.03671301534,5,AVAILABLE,FULL_QUARTER,NEGATIVE
SESSION_10_21__N3_03,NORMALIZED,IMOEXF,baseline,2023,4,0,0,0,NOT_AVAILABLE,PARTIAL_QUARTER,ZERO
SESSION_10_21__N3_03,NORMALIZED,USDRUBF,baseline,2024,1,-0.4829589909,-0.1609863303,4,AVAILABLE,FULL_QUARTER,NEGATIVE
SESSION_10_21__N3_03,NORMALIZED,GLDRUBF,baseline,2024,1,-2.697623995,-0.8992079984,11,AVAILABLE,FULL_QUARTER,NEGATIVE
SESSION_10_21__N3_03,NORMALIZED,IMOEXF,baseline,2024,1,2.393163239,0.7977210795,8,AVAILABLE,FULL_QUARTER,POSITIVE
SESSION_10_21__N3_03,NORMALIZED,USDRUBF,baseline,2024,2,2.955597233,0.9851990777,12,AVAILABLE,FULL_QUARTER,POSITIVE
SESSION_10_21__N3_03,NORMALIZED,GLDRUBF,baseline,2024,2,1.821815965,0.6072719883,8,AVAILABLE,FULL_QUARTER,POSITIVE
SESSION_10_21__N3_03,NORMALIZED,IMOEXF,baseline,2024,2,5.115292585,1.705097528,6,AVAILABLE,FULL_QUARTER,POSITIVE
SESSION_10_21__N3_03,NORMALIZED,USDRUBF,baseline,2024,3,1.0249468,0.3416489333,9,AVAILABLE,FULL_QUARTER,POSITIVE
SESSION_10_21__N3_03,NORMALIZED,GLDRUBF,baseline,2024,3,-0.1706293684,-0.05687645615,6,AVAILABLE,FULL_QUARTER,NEGATIVE
SESSION_10_21__N3_03,NORMALIZED,IMOEXF,baseline,2024,3,7.623380195,2.541126732,7,AVAILABLE,FULL_QUARTER,POSITIVE
SESSION_10_21__N3_03,NORMALIZED,USDRUBF,baseline,2024,4,5.763429915,1.921143305,7,AVAILABLE,PARTIAL_QUARTER,POSITIVE
SESSION_10_21__N3_03,NORMALIZED,GLDRUBF,baseline,2024,4,8.036434985,2.678811662,8,AVAILABLE,PARTIAL_QUARTER,POSITIVE
SESSION_10_21__N3_03,NORMALIZED,IMOEXF,baseline,2024,4,2.943055533,0.9810185111,5,AVAILABLE,PARTIAL_QUARTER,POSITIVE
SESSION_10_21__N3_03,NORMALIZED,USDRUBF,walk_forward,2024,1,0.3132754899,0.1044251633,2,AVAILABLE,FULL_QUARTER,POSITIVE
SESSION_10_21__N3_03,NORMALIZED,GLDRUBF,walk_forward,2024,1,-0.2047478986,-0.06824929953,7,AVAILABLE,FULL_QUARTER,NEGATIVE
SESSION_10_21__N3_03,NORMALIZED,IMOEXF,walk_forward,2024,1,-2.256842313,-0.752280771,3,AVAILABLE,FULL_QUARTER,NEGATIVE
SESSION_10_21__N3_03,NORMALIZED,USDRUBF,walk_forward,2024,2,4.621795889,1.54059863,5,AVAILABLE,FULL_QUARTER,POSITIVE
SESSION_10_21__N3_03,NORMALIZED,GLDRUBF,walk_forward,2024,2,-0.8402661314,-0.2800887105,4,AVAILABLE,FULL_QUARTER,NEGATIVE
SESSION_10_21__N3_03,NORMALIZED,IMOEXF,walk_forward,2024,2,5.244296171,1.748098724,5,AVAILABLE,FULL_QUARTER,POSITIVE
SESSION_10_21__N3_03,NORMALIZED,USDRUBF,walk_forward,2024,3,1.803338198,0.6011127325,4,AVAILABLE,FULL_QUARTER,POSITIVE
SESSION_10_21__N3_03,NORMALIZED,GLDRUBF,walk_forward,2024,3,-0.8007807869,-0.266926929,5,AVAILABLE,FULL_QUARTER,NEGATIVE
SESSION_10_21__N3_03,NORMALIZED,IMOEXF,walk_forward,2024,3,3.827226242,1.275742081,3,AVAILABLE,FULL_QUARTER,POSITIVE
SESSION_10_21__N3_03,NORMALIZED,USDRUBF,walk_forward,2024,4,5.348060663,1.782686888,3,AVAILABLE,PARTIAL_QUARTER,POSITIVE
SESSION_10_21__N3_03,NORMALIZED,GLDRUBF,walk_forward,2024,4,-0.1248474894,-0.04161582982,4,AVAILABLE,PARTIAL_QUARTER,NEGATIVE
SESSION_10_21__N3_03,NORMALIZED,IMOEXF,walk_forward,2024,4,1.53728685,0.5124289501,3,AVAILABLE,PARTIAL_QUARTER,POSITIVE
SESSION_10_21__N3_03,NORMALIZED,USDRUBF,historical_true_oos,2025,1,1.670482493,0.5568274976,2,AVAILABLE,PARTIAL_QUARTER,POSITIVE
SESSION_10_21__N3_03,NORMALIZED,GLDRUBF,historical_true_oos,2025,1,-0.4165586989,-0.1388528996,1,AVAILABLE,PARTIAL_QUARTER,NEGATIVE
SESSION_10_21__N3_03,NORMALIZED,IMOEXF,historical_true_oos,2025,1,-0.2104960302,-0.0701653434,1,AVAILABLE,PARTIAL_QUARTER,NEGATIVE
SESSION_10_21__N3_03,NORMALIZED,USDRUBF,historical_true_oos,2025,2,-2.294309312,-0.7647697706,4,AVAILABLE,FULL_QUARTER,NEGATIVE
SESSION_10_21__N3_03,NORMALIZED,GLDRUBF,historical_true_oos,2025,2,0.09406211555,0.03135403852,2,AVAILABLE,FULL_QUARTER,POSITIVE
SESSION_10_21__N3_03,NORMALIZED,IMOEXF,historical_true_oos,2025,2,3.654878351,1.218292784,4,AVAILABLE,FULL_QUARTER,POSITIVE
SESSION_10_21__N3_03,NORMALIZED,USDRUBF,historical_true_oos,2025,3,10.28120835,3.427069451,6,AVAILABLE,FULL_QUARTER,POSITIVE
SESSION_10_21__N3_03,NORMALIZED,GLDRUBF,historical_true_oos,2025,3,11.52674051,3.842246837,7,AVAILABLE,FULL_QUARTER,POSITIVE
SESSION_10_21__N3_03,NORMALIZED,IMOEXF,historical_true_oos,2025,3,0.8950248461,0.2983416154,11,AVAILABLE,FULL_QUARTER,POSITIVE
SESSION_10_21__N3_03,NORMALIZED,USDRUBF,historical_true_oos,2025,4,-1.526128899,-0.5087096328,12,AVAILABLE,FULL_QUARTER,NEGATIVE
SESSION_10_21__N3_03,NORMALIZED,GLDRUBF,historical_true_oos,2025,4,2.830169413,0.9433898043,10,AVAILABLE,FULL_QUARTER,POSITIVE
SESSION_10_21__N3_03,NORMALIZED,IMOEXF,historical_true_oos,2025,4,0.3749104677,0.1249701559,7,AVAILABLE,FULL_QUARTER,POSITIVE
SESSION_10_21__N3_03,NORMALIZED,USDRUBF,historical_true_oos,2026,1,6.800303784,2.266767928,7,AVAILABLE,FULL_QUARTER,POSITIVE
SESSION_10_21__N3_03,NORMALIZED,GLDRUBF,historical_true_oos,2026,1,6.173353456,2.057784485,8,AVAILABLE,FULL_QUARTER,POSITIVE
SESSION_10_21__N3_03,NORMALIZED,IMOEXF,historical_true_oos,2026,1,2.528789976,0.842929992,4,AVAILABLE,FULL_QUARTER,POSITIVE
SESSION_10_21__N3_03,NORMALIZED,USDRUBF,historical_true_oos,2026,2,3.481275769,1.160425256,8,AVAILABLE,FULL_QUARTER,POSITIVE
SESSION_10_21__N3_03,NORMALIZED,GLDRUBF,historical_true_oos,2026,2,3.345415617,1.115138539,5,AVAILABLE,FULL_QUARTER,POSITIVE
SESSION_10_21__N3_03,NORMALIZED,IMOEXF,historical_true_oos,2026,2,-0.6439815248,-0.2146605083,13,AVAILABLE,FULL_QUARTER,NEGATIVE
SESSION_10_21__N3_03,NORMALIZED,USDRUBF,historical_true_oos,2026,3,6.03583997,2.011946657,9,AVAILABLE,PARTIAL_QUARTER,POSITIVE
SESSION_10_21__N3_03,NORMALIZED,GLDRUBF,historical_true_oos,2026,3,11.31104276,3.770347587,7,AVAILABLE,PARTIAL_QUARTER,POSITIVE
SESSION_10_21__N3_03,NORMALIZED,IMOEXF,historical_true_oos,2026,3,-1.80050918,-0.6001697267,8,AVAILABLE,PARTIAL_QUARTER,NEGATIVE
SESSION_10_21__N3_03,FULL,USDRUBF,baseline,2023,1,-1.937229707,-1.937229707,3,AVAILABLE,PARTIAL_QUARTER,NEGATIVE
SESSION_10_21__N3_03,FULL,GLDRUBF,baseline,2023,1,0,0,0,NOT_AVAILABLE,NOT_AVAILABLE,ZERO
SESSION_10_21__N3_03,FULL,IMOEXF,baseline,2023,1,0,0,0,NOT_AVAILABLE,NOT_AVAILABLE,ZERO
SESSION_10_21__N3_03,FULL,USDRUBF,baseline,2023,2,8.689564697,8.689564697,11,AVAILABLE,FULL_QUARTER,POSITIVE
SESSION_10_21__N3_03,FULL,GLDRUBF,baseline,2023,2,0,0,0,NOT_AVAILABLE,NOT_AVAILABLE,ZERO
SESSION_10_21__N3_03,FULL,IMOEXF,baseline,2023,2,0,0,0,NOT_AVAILABLE,NOT_AVAILABLE,ZERO
SESSION_10_21__N3_03,FULL,USDRUBF,baseline,2023,3,5.167328514,5.167328514,8,AVAILABLE,FULL_QUARTER,POSITIVE
SESSION_10_21__N3_03,FULL,GLDRUBF,baseline,2023,3,-0.435766705,-0.435766705,1,AVAILABLE,PARTIAL_QUARTER,NEGATIVE
SESSION_10_21__N3_03,FULL,IMOEXF,baseline,2023,3,0,0,0,NOT_AVAILABLE,NOT_AVAILABLE,ZERO
SESSION_10_21__N3_03,FULL,USDRUBF,baseline,2023,4,3.193216993,3.193216993,7,AVAILABLE,FULL_QUARTER,POSITIVE
SESSION_10_21__N3_03,FULL,GLDRUBF,baseline,2023,4,-0.110139046,-0.110139046,5,AVAILABLE,FULL_QUARTER,NEGATIVE
SESSION_10_21__N3_03,FULL,IMOEXF,baseline,2023,4,0,0,0,NOT_AVAILABLE,PARTIAL_QUARTER,ZERO
SESSION_10_21__N3_03,FULL,USDRUBF,baseline,2024,1,-0.4829589909,-0.4829589909,4,AVAILABLE,FULL_QUARTER,NEGATIVE
SESSION_10_21__N3_03,FULL,GLDRUBF,baseline,2024,1,-2.697623995,-2.697623995,11,AVAILABLE,FULL_QUARTER,NEGATIVE
SESSION_10_21__N3_03,FULL,IMOEXF,baseline,2024,1,2.393163239,2.393163239,8,AVAILABLE,FULL_QUARTER,POSITIVE
SESSION_10_21__N3_03,FULL,USDRUBF,baseline,2024,2,2.955597233,2.955597233,12,AVAILABLE,FULL_QUARTER,POSITIVE
SESSION_10_21__N3_03,FULL,GLDRUBF,baseline,2024,2,1.821815965,1.821815965,8,AVAILABLE,FULL_QUARTER,POSITIVE
SESSION_10_21__N3_03,FULL,IMOEXF,baseline,2024,2,5.115292585,5.115292585,6,AVAILABLE,FULL_QUARTER,POSITIVE
SESSION_10_21__N3_03,FULL,USDRUBF,baseline,2024,3,1.0249468,1.0249468,9,AVAILABLE,FULL_QUARTER,POSITIVE
SESSION_10_21__N3_03,FULL,GLDRUBF,baseline,2024,3,-0.1706293684,-0.1706293684,6,AVAILABLE,FULL_QUARTER,NEGATIVE
SESSION_10_21__N3_03,FULL,IMOEXF,baseline,2024,3,7.623380195,7.623380195,7,AVAILABLE,FULL_QUARTER,POSITIVE
SESSION_10_21__N3_03,FULL,USDRUBF,baseline,2024,4,5.763429915,5.763429915,7,AVAILABLE,PARTIAL_QUARTER,POSITIVE
SESSION_10_21__N3_03,FULL,GLDRUBF,baseline,2024,4,8.036434985,8.036434985,8,AVAILABLE,PARTIAL_QUARTER,POSITIVE
SESSION_10_21__N3_03,FULL,IMOEXF,baseline,2024,4,2.943055533,2.943055533,5,AVAILABLE,PARTIAL_QUARTER,POSITIVE
SESSION_10_21__N3_03,FULL,USDRUBF,walk_forward,2024,1,0.3132754899,0.3132754899,2,AVAILABLE,FULL_QUARTER,POSITIVE
SESSION_10_21__N3_03,FULL,GLDRUBF,walk_forward,2024,1,-0.2047478986,-0.2047478986,7,AVAILABLE,FULL_QUARTER,NEGATIVE
SESSION_10_21__N3_03,FULL,IMOEXF,walk_forward,2024,1,-2.256842313,-2.256842313,3,AVAILABLE,FULL_QUARTER,NEGATIVE
SESSION_10_21__N3_03,FULL,USDRUBF,walk_forward,2024,2,4.621795889,4.621795889,5,AVAILABLE,FULL_QUARTER,POSITIVE
SESSION_10_21__N3_03,FULL,GLDRUBF,walk_forward,2024,2,-0.8402661314,-0.8402661314,4,AVAILABLE,FULL_QUARTER,NEGATIVE
SESSION_10_21__N3_03,FULL,IMOEXF,walk_forward,2024,2,5.244296171,5.244296171,5,AVAILABLE,FULL_QUARTER,POSITIVE
SESSION_10_21__N3_03,FULL,USDRUBF,walk_forward,2024,3,1.803338198,1.803338198,4,AVAILABLE,FULL_QUARTER,POSITIVE
SESSION_10_21__N3_03,FULL,GLDRUBF,walk_forward,2024,3,-0.8007807869,-0.8007807869,5,AVAILABLE,FULL_QUARTER,NEGATIVE
SESSION_10_21__N3_03,FULL,IMOEXF,walk_forward,2024,3,3.827226242,3.827226242,3,AVAILABLE,FULL_QUARTER,POSITIVE
SESSION_10_21__N3_03,FULL,USDRUBF,walk_forward,2024,4,5.348060663,5.348060663,3,AVAILABLE,PARTIAL_QUARTER,POSITIVE
SESSION_10_21__N3_03,FULL,GLDRUBF,walk_forward,2024,4,-0.1248474894,-0.1248474894,4,AVAILABLE,PARTIAL_QUARTER,NEGATIVE
SESSION_10_21__N3_03,FULL,IMOEXF,walk_forward,2024,4,1.53728685,1.53728685,3,AVAILABLE,PARTIAL_QUARTER,POSITIVE
SESSION_10_21__N3_03,FULL,USDRUBF,historical_true_oos,2025,1,1.670482493,1.670482493,2,AVAILABLE,PARTIAL_QUARTER,POSITIVE
SESSION_10_21__N3_03,FULL,GLDRUBF,historical_true_oos,2025,1,-0.4165586989,-0.4165586989,1,AVAILABLE,PARTIAL_QUARTER,NEGATIVE
SESSION_10_21__N3_03,FULL,IMOEXF,historical_true_oos,2025,1,-0.2104960302,-0.2104960302,1,AVAILABLE,PARTIAL_QUARTER,NEGATIVE
SESSION_10_21__N3_03,FULL,USDRUBF,historical_true_oos,2025,2,-2.294309312,-2.294309312,4,AVAILABLE,FULL_QUARTER,NEGATIVE
SESSION_10_21__N3_03,FULL,GLDRUBF,historical_true_oos,2025,2,0.09406211555,0.09406211555,2,AVAILABLE,FULL_QUARTER,POSITIVE
SESSION_10_21__N3_03,FULL,IMOEXF,historical_true_oos,2025,2,3.654878351,3.654878351,4,AVAILABLE,FULL_QUARTER,POSITIVE
SESSION_10_21__N3_03,FULL,USDRUBF,historical_true_oos,2025,3,10.28120835,10.28120835,6,AVAILABLE,FULL_QUARTER,POSITIVE
SESSION_10_21__N3_03,FULL,GLDRUBF,historical_true_oos,2025,3,11.52674051,11.52674051,7,AVAILABLE,FULL_QUARTER,POSITIVE
SESSION_10_21__N3_03,FULL,IMOEXF,historical_true_oos,2025,3,0.8950248461,0.8950248461,11,AVAILABLE,FULL_QUARTER,POSITIVE
SESSION_10_21__N3_03,FULL,USDRUBF,historical_true_oos,2025,4,-1.526128899,-1.526128899,12,AVAILABLE,FULL_QUARTER,NEGATIVE
SESSION_10_21__N3_03,FULL,GLDRUBF,historical_true_oos,2025,4,2.830169413,2.830169413,10,AVAILABLE,FULL_QUARTER,POSITIVE
SESSION_10_21__N3_03,FULL,IMOEXF,historical_true_oos,2025,4,0.3749104677,0.3749104677,7,AVAILABLE,FULL_QUARTER,POSITIVE
SESSION_10_21__N3_03,FULL,USDRUBF,historical_true_oos,2026,1,6.800303784,6.800303784,7,AVAILABLE,FULL_QUARTER,POSITIVE
SESSION_10_21__N3_03,FULL,GLDRUBF,historical_true_oos,2026,1,6.173353456,6.173353456,8,AVAILABLE,FULL_QUARTER,POSITIVE
SESSION_10_21__N3_03,FULL,IMOEXF,historical_true_oos,2026,1,2.528789976,2.528789976,4,AVAILABLE,FULL_QUARTER,POSITIVE
SESSION_10_21__N3_03,FULL,USDRUBF,historical_true_oos,2026,2,3.481275769,3.481275769,8,AVAILABLE,FULL_QUARTER,POSITIVE
SESSION_10_21__N3_03,FULL,GLDRUBF,historical_true_oos,2026,2,3.345415617,3.345415617,5,AVAILABLE,FULL_QUARTER,POSITIVE
SESSION_10_21__N3_03,FULL,IMOEXF,historical_true_oos,2026,2,-0.6439815248,-0.6439815248,13,AVAILABLE,FULL_QUARTER,NEGATIVE
SESSION_10_21__N3_03,FULL,USDRUBF,historical_true_oos,2026,3,6.03583997,6.03583997,9,AVAILABLE,PARTIAL_QUARTER,POSITIVE
SESSION_10_21__N3_03,FULL,GLDRUBF,historical_true_oos,2026,3,11.31104276,11.31104276,7,AVAILABLE,PARTIAL_QUARTER,POSITIVE
SESSION_10_21__N3_03,FULL,IMOEXF,historical_true_oos,2026,3,-1.80050918,-1.80050918,8,AVAILABLE,PARTIAL_QUARTER,NEGATIVE
SESSION_10_21__N3_04,NORMALIZED,CNYRUBF,baseline,2023,1,-1.020555271,-0.3401850903,3,AVAILABLE,PARTIAL_QUARTER,NEGATIVE
SESSION_10_21__N3_04,NORMALIZED,GLDRUBF,baseline,2023,1,0,0,0,NOT_AVAILABLE,NOT_AVAILABLE,ZERO
SESSION_10_21__N3_04,NORMALIZED,IMOEXF,baseline,2023,1,0,0,0,NOT_AVAILABLE,NOT_AVAILABLE,ZERO
SESSION_10_21__N3_04,NORMALIZED,CNYRUBF,baseline,2023,2,7.795515913,2.598505304,8,AVAILABLE,FULL_QUARTER,POSITIVE
SESSION_10_21__N3_04,NORMALIZED,GLDRUBF,baseline,2023,2,0,0,0,NOT_AVAILABLE,NOT_AVAILABLE,ZERO
SESSION_10_21__N3_04,NORMALIZED,IMOEXF,baseline,2023,2,0,0,0,NOT_AVAILABLE,NOT_AVAILABLE,ZERO
SESSION_10_21__N3_04,NORMALIZED,CNYRUBF,baseline,2023,3,-2.049622456,-0.6832074853,7,AVAILABLE,FULL_QUARTER,NEGATIVE
SESSION_10_21__N3_04,NORMALIZED,GLDRUBF,baseline,2023,3,-0.435766705,-0.1452555683,1,AVAILABLE,PARTIAL_QUARTER,NEGATIVE
SESSION_10_21__N3_04,NORMALIZED,IMOEXF,baseline,2023,3,0,0,0,NOT_AVAILABLE,NOT_AVAILABLE,ZERO
SESSION_10_21__N3_04,NORMALIZED,CNYRUBF,baseline,2023,4,-3.791262962,-1.263754321,6,AVAILABLE,FULL_QUARTER,NEGATIVE
SESSION_10_21__N3_04,NORMALIZED,GLDRUBF,baseline,2023,4,-0.110139046,-0.03671301534,5,AVAILABLE,FULL_QUARTER,NEGATIVE
SESSION_10_21__N3_04,NORMALIZED,IMOEXF,baseline,2023,4,0,0,0,NOT_AVAILABLE,PARTIAL_QUARTER,ZERO
SESSION_10_21__N3_04,NORMALIZED,CNYRUBF,baseline,2024,1,2.817209547,0.9390698491,3,AVAILABLE,FULL_QUARTER,POSITIVE
SESSION_10_21__N3_04,NORMALIZED,GLDRUBF,baseline,2024,1,-2.697623995,-0.8992079984,11,AVAILABLE,FULL_QUARTER,NEGATIVE
SESSION_10_21__N3_04,NORMALIZED,IMOEXF,baseline,2024,1,2.393163239,0.7977210795,8,AVAILABLE,FULL_QUARTER,POSITIVE
SESSION_10_21__N3_04,NORMALIZED,CNYRUBF,baseline,2024,2,14.94403683,4.98134561,11,AVAILABLE,FULL_QUARTER,POSITIVE
SESSION_10_21__N3_04,NORMALIZED,GLDRUBF,baseline,2024,2,1.821815965,0.6072719883,8,AVAILABLE,FULL_QUARTER,POSITIVE
SESSION_10_21__N3_04,NORMALIZED,IMOEXF,baseline,2024,2,5.115292585,1.705097528,6,AVAILABLE,FULL_QUARTER,POSITIVE
SESSION_10_21__N3_04,NORMALIZED,CNYRUBF,baseline,2024,3,0.6441510469,0.2147170156,6,AVAILABLE,FULL_QUARTER,POSITIVE
SESSION_10_21__N3_04,NORMALIZED,GLDRUBF,baseline,2024,3,-0.1706293684,-0.05687645615,6,AVAILABLE,FULL_QUARTER,NEGATIVE
SESSION_10_21__N3_04,NORMALIZED,IMOEXF,baseline,2024,3,7.623380195,2.541126732,7,AVAILABLE,FULL_QUARTER,POSITIVE
SESSION_10_21__N3_04,NORMALIZED,CNYRUBF,baseline,2024,4,3.442996412,1.147665471,7,AVAILABLE,PARTIAL_QUARTER,POSITIVE
SESSION_10_21__N3_04,NORMALIZED,GLDRUBF,baseline,2024,4,8.036434985,2.678811662,8,AVAILABLE,PARTIAL_QUARTER,POSITIVE
SESSION_10_21__N3_04,NORMALIZED,IMOEXF,baseline,2024,4,2.943055533,0.9810185111,5,AVAILABLE,PARTIAL_QUARTER,POSITIVE
SESSION_10_21__N3_04,NORMALIZED,CNYRUBF,walk_forward,2024,1,-0.7748154007,-0.2582718002,1,AVAILABLE,FULL_QUARTER,NEGATIVE
SESSION_10_21__N3_04,NORMALIZED,GLDRUBF,walk_forward,2024,1,-0.2047478986,-0.06824929953,7,AVAILABLE,FULL_QUARTER,NEGATIVE
SESSION_10_21__N3_04,NORMALIZED,IMOEXF,walk_forward,2024,1,-2.256842313,-0.752280771,3,AVAILABLE,FULL_QUARTER,NEGATIVE
SESSION_10_21__N3_04,NORMALIZED,CNYRUBF,walk_forward,2024,2,14.34374878,4.781249593,5,AVAILABLE,FULL_QUARTER,POSITIVE
SESSION_10_21__N3_04,NORMALIZED,GLDRUBF,walk_forward,2024,2,-0.8402661314,-0.2800887105,4,AVAILABLE,FULL_QUARTER,NEGATIVE
SESSION_10_21__N3_04,NORMALIZED,IMOEXF,walk_forward,2024,2,5.244296171,1.748098724,5,AVAILABLE,FULL_QUARTER,POSITIVE
SESSION_10_21__N3_04,NORMALIZED,CNYRUBF,walk_forward,2024,3,0.9080037172,0.3026679057,5,AVAILABLE,FULL_QUARTER,POSITIVE
SESSION_10_21__N3_04,NORMALIZED,GLDRUBF,walk_forward,2024,3,-0.8007807869,-0.266926929,5,AVAILABLE,FULL_QUARTER,NEGATIVE
SESSION_10_21__N3_04,NORMALIZED,IMOEXF,walk_forward,2024,3,3.827226242,1.275742081,3,AVAILABLE,FULL_QUARTER,POSITIVE
SESSION_10_21__N3_04,NORMALIZED,CNYRUBF,walk_forward,2024,4,3.589777842,1.196592614,5,AVAILABLE,PARTIAL_QUARTER,POSITIVE
SESSION_10_21__N3_04,NORMALIZED,GLDRUBF,walk_forward,2024,4,-0.1248474894,-0.04161582982,4,AVAILABLE,PARTIAL_QUARTER,NEGATIVE
SESSION_10_21__N3_04,NORMALIZED,IMOEXF,walk_forward,2024,4,1.53728685,0.5124289501,3,AVAILABLE,PARTIAL_QUARTER,POSITIVE
SESSION_10_21__N3_04,NORMALIZED,CNYRUBF,historical_true_oos,2025,1,2.961964957,0.9873216524,3,AVAILABLE,PARTIAL_QUARTER,POSITIVE
SESSION_10_21__N3_04,NORMALIZED,GLDRUBF,historical_true_oos,2025,1,-0.4165586989,-0.1388528996,1,AVAILABLE,PARTIAL_QUARTER,NEGATIVE
SESSION_10_21__N3_04,NORMALIZED,IMOEXF,historical_true_oos,2025,1,-0.2104960302,-0.0701653434,1,AVAILABLE,PARTIAL_QUARTER,NEGATIVE
SESSION_10_21__N3_04,NORMALIZED,CNYRUBF,historical_true_oos,2025,2,-2.900060519,-0.9666868398,4,AVAILABLE,FULL_QUARTER,NEGATIVE
SESSION_10_21__N3_04,NORMALIZED,GLDRUBF,historical_true_oos,2025,2,0.09406211555,0.03135403852,2,AVAILABLE,FULL_QUARTER,POSITIVE
SESSION_10_21__N3_04,NORMALIZED,IMOEXF,historical_true_oos,2025,2,3.654878351,1.218292784,4,AVAILABLE,FULL_QUARTER,POSITIVE
SESSION_10_21__N3_04,NORMALIZED,CNYRUBF,historical_true_oos,2025,3,11.77216822,3.924056074,7,AVAILABLE,FULL_QUARTER,POSITIVE
SESSION_10_21__N3_04,NORMALIZED,GLDRUBF,historical_true_oos,2025,3,11.52674051,3.842246837,7,AVAILABLE,FULL_QUARTER,POSITIVE
SESSION_10_21__N3_04,NORMALIZED,IMOEXF,historical_true_oos,2025,3,0.8950248461,0.2983416154,11,AVAILABLE,FULL_QUARTER,POSITIVE
SESSION_10_21__N3_04,NORMALIZED,CNYRUBF,historical_true_oos,2025,4,-2.861047419,-0.953682473,13,AVAILABLE,FULL_QUARTER,NEGATIVE
SESSION_10_21__N3_04,NORMALIZED,GLDRUBF,historical_true_oos,2025,4,2.830169413,0.9433898043,10,AVAILABLE,FULL_QUARTER,POSITIVE
SESSION_10_21__N3_04,NORMALIZED,IMOEXF,historical_true_oos,2025,4,0.3749104677,0.1249701559,7,AVAILABLE,FULL_QUARTER,POSITIVE
SESSION_10_21__N3_04,NORMALIZED,CNYRUBF,historical_true_oos,2026,1,4.172041837,1.390680612,8,AVAILABLE,FULL_QUARTER,POSITIVE
SESSION_10_21__N3_04,NORMALIZED,GLDRUBF,historical_true_oos,2026,1,6.173353456,2.057784485,8,AVAILABLE,FULL_QUARTER,POSITIVE
SESSION_10_21__N3_04,NORMALIZED,IMOEXF,historical_true_oos,2026,1,2.528789976,0.842929992,4,AVAILABLE,FULL_QUARTER,POSITIVE
SESSION_10_21__N3_04,NORMALIZED,CNYRUBF,historical_true_oos,2026,2,5.018422592,1.672807531,7,AVAILABLE,FULL_QUARTER,POSITIVE
SESSION_10_21__N3_04,NORMALIZED,GLDRUBF,historical_true_oos,2026,2,3.345415617,1.115138539,5,AVAILABLE,FULL_QUARTER,POSITIVE
SESSION_10_21__N3_04,NORMALIZED,IMOEXF,historical_true_oos,2026,2,-0.6439815248,-0.2146605083,13,AVAILABLE,FULL_QUARTER,NEGATIVE
SESSION_10_21__N3_04,NORMALIZED,CNYRUBF,historical_true_oos,2026,3,3.022157135,1.007385712,9,AVAILABLE,PARTIAL_QUARTER,POSITIVE
SESSION_10_21__N3_04,NORMALIZED,GLDRUBF,historical_true_oos,2026,3,11.31104276,3.770347587,7,AVAILABLE,PARTIAL_QUARTER,POSITIVE
SESSION_10_21__N3_04,NORMALIZED,IMOEXF,historical_true_oos,2026,3,-1.80050918,-0.6001697267,8,AVAILABLE,PARTIAL_QUARTER,NEGATIVE
SESSION_10_21__N3_04,FULL,CNYRUBF,baseline,2023,1,-1.020555271,-1.020555271,3,AVAILABLE,PARTIAL_QUARTER,NEGATIVE
SESSION_10_21__N3_04,FULL,GLDRUBF,baseline,2023,1,0,0,0,NOT_AVAILABLE,NOT_AVAILABLE,ZERO
SESSION_10_21__N3_04,FULL,IMOEXF,baseline,2023,1,0,0,0,NOT_AVAILABLE,NOT_AVAILABLE,ZERO
SESSION_10_21__N3_04,FULL,CNYRUBF,baseline,2023,2,7.795515913,7.795515913,8,AVAILABLE,FULL_QUARTER,POSITIVE
SESSION_10_21__N3_04,FULL,GLDRUBF,baseline,2023,2,0,0,0,NOT_AVAILABLE,NOT_AVAILABLE,ZERO
SESSION_10_21__N3_04,FULL,IMOEXF,baseline,2023,2,0,0,0,NOT_AVAILABLE,NOT_AVAILABLE,ZERO
SESSION_10_21__N3_04,FULL,CNYRUBF,baseline,2023,3,-2.049622456,-2.049622456,7,AVAILABLE,FULL_QUARTER,NEGATIVE
SESSION_10_21__N3_04,FULL,GLDRUBF,baseline,2023,3,-0.435766705,-0.435766705,1,AVAILABLE,PARTIAL_QUARTER,NEGATIVE
SESSION_10_21__N3_04,FULL,IMOEXF,baseline,2023,3,0,0,0,NOT_AVAILABLE,NOT_AVAILABLE,ZERO
SESSION_10_21__N3_04,FULL,CNYRUBF,baseline,2023,4,-3.791262962,-3.791262962,6,AVAILABLE,FULL_QUARTER,NEGATIVE
SESSION_10_21__N3_04,FULL,GLDRUBF,baseline,2023,4,-0.110139046,-0.110139046,5,AVAILABLE,FULL_QUARTER,NEGATIVE
SESSION_10_21__N3_04,FULL,IMOEXF,baseline,2023,4,0,0,0,NOT_AVAILABLE,PARTIAL_QUARTER,ZERO
SESSION_10_21__N3_04,FULL,CNYRUBF,baseline,2024,1,2.817209547,2.817209547,3,AVAILABLE,FULL_QUARTER,POSITIVE
SESSION_10_21__N3_04,FULL,GLDRUBF,baseline,2024,1,-2.697623995,-2.697623995,11,AVAILABLE,FULL_QUARTER,NEGATIVE
SESSION_10_21__N3_04,FULL,IMOEXF,baseline,2024,1,2.393163239,2.393163239,8,AVAILABLE,FULL_QUARTER,POSITIVE
SESSION_10_21__N3_04,FULL,CNYRUBF,baseline,2024,2,14.94403683,14.94403683,11,AVAILABLE,FULL_QUARTER,POSITIVE
SESSION_10_21__N3_04,FULL,GLDRUBF,baseline,2024,2,1.821815965,1.821815965,8,AVAILABLE,FULL_QUARTER,POSITIVE
SESSION_10_21__N3_04,FULL,IMOEXF,baseline,2024,2,5.115292585,5.115292585,6,AVAILABLE,FULL_QUARTER,POSITIVE
SESSION_10_21__N3_04,FULL,CNYRUBF,baseline,2024,3,0.6441510469,0.6441510469,6,AVAILABLE,FULL_QUARTER,POSITIVE
SESSION_10_21__N3_04,FULL,GLDRUBF,baseline,2024,3,-0.1706293684,-0.1706293684,6,AVAILABLE,FULL_QUARTER,NEGATIVE
SESSION_10_21__N3_04,FULL,IMOEXF,baseline,2024,3,7.623380195,7.623380195,7,AVAILABLE,FULL_QUARTER,POSITIVE
SESSION_10_21__N3_04,FULL,CNYRUBF,baseline,2024,4,3.442996412,3.442996412,7,AVAILABLE,PARTIAL_QUARTER,POSITIVE
SESSION_10_21__N3_04,FULL,GLDRUBF,baseline,2024,4,8.036434985,8.036434985,8,AVAILABLE,PARTIAL_QUARTER,POSITIVE
SESSION_10_21__N3_04,FULL,IMOEXF,baseline,2024,4,2.943055533,2.943055533,5,AVAILABLE,PARTIAL_QUARTER,POSITIVE
SESSION_10_21__N3_04,FULL,CNYRUBF,walk_forward,2024,1,-0.7748154007,-0.7748154007,1,AVAILABLE,FULL_QUARTER,NEGATIVE
SESSION_10_21__N3_04,FULL,GLDRUBF,walk_forward,2024,1,-0.2047478986,-0.2047478986,7,AVAILABLE,FULL_QUARTER,NEGATIVE
SESSION_10_21__N3_04,FULL,IMOEXF,walk_forward,2024,1,-2.256842313,-2.256842313,3,AVAILABLE,FULL_QUARTER,NEGATIVE
SESSION_10_21__N3_04,FULL,CNYRUBF,walk_forward,2024,2,14.34374878,14.34374878,5,AVAILABLE,FULL_QUARTER,POSITIVE
SESSION_10_21__N3_04,FULL,GLDRUBF,walk_forward,2024,2,-0.8402661314,-0.8402661314,4,AVAILABLE,FULL_QUARTER,NEGATIVE
SESSION_10_21__N3_04,FULL,IMOEXF,walk_forward,2024,2,5.244296171,5.244296171,5,AVAILABLE,FULL_QUARTER,POSITIVE
SESSION_10_21__N3_04,FULL,CNYRUBF,walk_forward,2024,3,0.9080037172,0.9080037172,5,AVAILABLE,FULL_QUARTER,POSITIVE
SESSION_10_21__N3_04,FULL,GLDRUBF,walk_forward,2024,3,-0.8007807869,-0.8007807869,5,AVAILABLE,FULL_QUARTER,NEGATIVE
SESSION_10_21__N3_04,FULL,IMOEXF,walk_forward,2024,3,3.827226242,3.827226242,3,AVAILABLE,FULL_QUARTER,POSITIVE
SESSION_10_21__N3_04,FULL,CNYRUBF,walk_forward,2024,4,3.589777842,3.589777842,5,AVAILABLE,PARTIAL_QUARTER,POSITIVE
SESSION_10_21__N3_04,FULL,GLDRUBF,walk_forward,2024,4,-0.1248474894,-0.1248474894,4,AVAILABLE,PARTIAL_QUARTER,NEGATIVE
SESSION_10_21__N3_04,FULL,IMOEXF,walk_forward,2024,4,1.53728685,1.53728685,3,AVAILABLE,PARTIAL_QUARTER,POSITIVE
SESSION_10_21__N3_04,FULL,CNYRUBF,historical_true_oos,2025,1,2.961964957,2.961964957,3,AVAILABLE,PARTIAL_QUARTER,POSITIVE
SESSION_10_21__N3_04,FULL,GLDRUBF,historical_true_oos,2025,1,-0.4165586989,-0.4165586989,1,AVAILABLE,PARTIAL_QUARTER,NEGATIVE
SESSION_10_21__N3_04,FULL,IMOEXF,historical_true_oos,2025,1,-0.2104960302,-0.2104960302,1,AVAILABLE,PARTIAL_QUARTER,NEGATIVE
SESSION_10_21__N3_04,FULL,CNYRUBF,historical_true_oos,2025,2,-2.900060519,-2.900060519,4,AVAILABLE,FULL_QUARTER,NEGATIVE
SESSION_10_21__N3_04,FULL,GLDRUBF,historical_true_oos,2025,2,0.09406211555,0.09406211555,2,AVAILABLE,FULL_QUARTER,POSITIVE
SESSION_10_21__N3_04,FULL,IMOEXF,historical_true_oos,2025,2,3.654878351,3.654878351,4,AVAILABLE,FULL_QUARTER,POSITIVE
SESSION_10_21__N3_04,FULL,CNYRUBF,historical_true_oos,2025,3,11.77216822,11.77216822,7,AVAILABLE,FULL_QUARTER,POSITIVE
SESSION_10_21__N3_04,FULL,GLDRUBF,historical_true_oos,2025,3,11.52674051,11.52674051,7,AVAILABLE,FULL_QUARTER,POSITIVE
SESSION_10_21__N3_04,FULL,IMOEXF,historical_true_oos,2025,3,0.8950248461,0.8950248461,11,AVAILABLE,FULL_QUARTER,POSITIVE
SESSION_10_21__N3_04,FULL,CNYRUBF,historical_true_oos,2025,4,-2.861047419,-2.861047419,13,AVAILABLE,FULL_QUARTER,NEGATIVE
SESSION_10_21__N3_04,FULL,GLDRUBF,historical_true_oos,2025,4,2.830169413,2.830169413,10,AVAILABLE,FULL_QUARTER,POSITIVE
SESSION_10_21__N3_04,FULL,IMOEXF,historical_true_oos,2025,4,0.3749104677,0.3749104677,7,AVAILABLE,FULL_QUARTER,POSITIVE
SESSION_10_21__N3_04,FULL,CNYRUBF,historical_true_oos,2026,1,4.172041837,4.172041837,8,AVAILABLE,FULL_QUARTER,POSITIVE
SESSION_10_21__N3_04,FULL,GLDRUBF,historical_true_oos,2026,1,6.173353456,6.173353456,8,AVAILABLE,FULL_QUARTER,POSITIVE
SESSION_10_21__N3_04,FULL,IMOEXF,historical_true_oos,2026,1,2.528789976,2.528789976,4,AVAILABLE,FULL_QUARTER,POSITIVE
SESSION_10_21__N3_04,FULL,CNYRUBF,historical_true_oos,2026,2,5.018422592,5.018422592,7,AVAILABLE,FULL_QUARTER,POSITIVE
SESSION_10_21__N3_04,FULL,GLDRUBF,historical_true_oos,2026,2,3.345415617,3.345415617,5,AVAILABLE,FULL_QUARTER,POSITIVE
SESSION_10_21__N3_04,FULL,IMOEXF,historical_true_oos,2026,2,-0.6439815248,-0.6439815248,13,AVAILABLE,FULL_QUARTER,NEGATIVE
SESSION_10_21__N3_04,FULL,CNYRUBF,historical_true_oos,2026,3,3.022157135,3.022157135,9,AVAILABLE,PARTIAL_QUARTER,POSITIVE
SESSION_10_21__N3_04,FULL,GLDRUBF,historical_true_oos,2026,3,11.31104276,11.31104276,7,AVAILABLE,PARTIAL_QUARTER,POSITIVE
SESSION_10_21__N3_04,FULL,IMOEXF,historical_true_oos,2026,3,-1.80050918,-1.80050918,8,AVAILABLE,PARTIAL_QUARTER,NEGATIVE
SESSION_10_21__N4_01,NORMALIZED,USDRUBF,baseline,2023,1,-1.937229707,-0.4843074267,3,AVAILABLE,PARTIAL_QUARTER,NEGATIVE
SESSION_10_21__N4_01,NORMALIZED,CNYRUBF,baseline,2023,1,-1.020555271,-0.2551388177,3,AVAILABLE,PARTIAL_QUARTER,NEGATIVE
SESSION_10_21__N4_01,NORMALIZED,GLDRUBF,baseline,2023,1,0,0,0,NOT_AVAILABLE,NOT_AVAILABLE,ZERO
SESSION_10_21__N4_01,NORMALIZED,IMOEXF,baseline,2023,1,0,0,0,NOT_AVAILABLE,NOT_AVAILABLE,ZERO
SESSION_10_21__N4_01,NORMALIZED,USDRUBF,baseline,2023,2,8.689564697,2.172391174,11,AVAILABLE,FULL_QUARTER,POSITIVE
SESSION_10_21__N4_01,NORMALIZED,CNYRUBF,baseline,2023,2,7.795515913,1.948878978,8,AVAILABLE,FULL_QUARTER,POSITIVE
SESSION_10_21__N4_01,NORMALIZED,GLDRUBF,baseline,2023,2,0,0,0,NOT_AVAILABLE,NOT_AVAILABLE,ZERO
SESSION_10_21__N4_01,NORMALIZED,IMOEXF,baseline,2023,2,0,0,0,NOT_AVAILABLE,NOT_AVAILABLE,ZERO
SESSION_10_21__N4_01,NORMALIZED,USDRUBF,baseline,2023,3,5.167328514,1.291832129,8,AVAILABLE,FULL_QUARTER,POSITIVE
SESSION_10_21__N4_01,NORMALIZED,CNYRUBF,baseline,2023,3,-2.049622456,-0.512405614,7,AVAILABLE,FULL_QUARTER,NEGATIVE
SESSION_10_21__N4_01,NORMALIZED,GLDRUBF,baseline,2023,3,-0.435766705,-0.1089416763,1,AVAILABLE,PARTIAL_QUARTER,NEGATIVE
SESSION_10_21__N4_01,NORMALIZED,IMOEXF,baseline,2023,3,0,0,0,NOT_AVAILABLE,NOT_AVAILABLE,ZERO
SESSION_10_21__N4_01,NORMALIZED,USDRUBF,baseline,2023,4,3.193216993,0.7983042482,7,AVAILABLE,FULL_QUARTER,POSITIVE
SESSION_10_21__N4_01,NORMALIZED,CNYRUBF,baseline,2023,4,-3.791262962,-0.9478157406,6,AVAILABLE,FULL_QUARTER,NEGATIVE
SESSION_10_21__N4_01,NORMALIZED,GLDRUBF,baseline,2023,4,-0.110139046,-0.02753476151,5,AVAILABLE,FULL_QUARTER,NEGATIVE
SESSION_10_21__N4_01,NORMALIZED,IMOEXF,baseline,2023,4,0,0,0,NOT_AVAILABLE,PARTIAL_QUARTER,ZERO
SESSION_10_21__N4_01,NORMALIZED,USDRUBF,baseline,2024,1,-0.4829589909,-0.1207397477,4,AVAILABLE,FULL_QUARTER,NEGATIVE
SESSION_10_21__N4_01,NORMALIZED,CNYRUBF,baseline,2024,1,2.817209547,0.7043023868,3,AVAILABLE,FULL_QUARTER,POSITIVE
SESSION_10_21__N4_01,NORMALIZED,GLDRUBF,baseline,2024,1,-2.697623995,-0.6744059988,11,AVAILABLE,FULL_QUARTER,NEGATIVE
SESSION_10_21__N4_01,NORMALIZED,IMOEXF,baseline,2024,1,2.393163239,0.5982908097,8,AVAILABLE,FULL_QUARTER,POSITIVE
SESSION_10_21__N4_01,NORMALIZED,USDRUBF,baseline,2024,2,2.955597233,0.7388993083,12,AVAILABLE,FULL_QUARTER,POSITIVE
SESSION_10_21__N4_01,NORMALIZED,CNYRUBF,baseline,2024,2,14.94403683,3.736009207,11,AVAILABLE,FULL_QUARTER,POSITIVE
SESSION_10_21__N4_01,NORMALIZED,GLDRUBF,baseline,2024,2,1.821815965,0.4554539912,8,AVAILABLE,FULL_QUARTER,POSITIVE
SESSION_10_21__N4_01,NORMALIZED,IMOEXF,baseline,2024,2,5.115292585,1.278823146,6,AVAILABLE,FULL_QUARTER,POSITIVE
SESSION_10_21__N4_01,NORMALIZED,USDRUBF,baseline,2024,3,1.0249468,0.2562367,9,AVAILABLE,FULL_QUARTER,POSITIVE
SESSION_10_21__N4_01,NORMALIZED,CNYRUBF,baseline,2024,3,0.6441510469,0.1610377617,6,AVAILABLE,FULL_QUARTER,POSITIVE
SESSION_10_21__N4_01,NORMALIZED,GLDRUBF,baseline,2024,3,-0.1706293684,-0.04265734211,6,AVAILABLE,FULL_QUARTER,NEGATIVE
SESSION_10_21__N4_01,NORMALIZED,IMOEXF,baseline,2024,3,7.623380195,1.905845049,7,AVAILABLE,FULL_QUARTER,POSITIVE
SESSION_10_21__N4_01,NORMALIZED,USDRUBF,baseline,2024,4,5.763429915,1.440857479,7,AVAILABLE,PARTIAL_QUARTER,POSITIVE
SESSION_10_21__N4_01,NORMALIZED,CNYRUBF,baseline,2024,4,3.442996412,0.8607491029,7,AVAILABLE,PARTIAL_QUARTER,POSITIVE
SESSION_10_21__N4_01,NORMALIZED,GLDRUBF,baseline,2024,4,8.036434985,2.009108746,8,AVAILABLE,PARTIAL_QUARTER,POSITIVE
SESSION_10_21__N4_01,NORMALIZED,IMOEXF,baseline,2024,4,2.943055533,0.7357638833,5,AVAILABLE,PARTIAL_QUARTER,POSITIVE
SESSION_10_21__N4_01,NORMALIZED,USDRUBF,walk_forward,2024,1,0.3132754899,0.07831887247,2,AVAILABLE,FULL_QUARTER,POSITIVE
SESSION_10_21__N4_01,NORMALIZED,CNYRUBF,walk_forward,2024,1,-0.7748154007,-0.1937038502,1,AVAILABLE,FULL_QUARTER,NEGATIVE
SESSION_10_21__N4_01,NORMALIZED,GLDRUBF,walk_forward,2024,1,-0.2047478986,-0.05118697465,7,AVAILABLE,FULL_QUARTER,NEGATIVE
SESSION_10_21__N4_01,NORMALIZED,IMOEXF,walk_forward,2024,1,-2.256842313,-0.5642105783,3,AVAILABLE,FULL_QUARTER,NEGATIVE
SESSION_10_21__N4_01,NORMALIZED,USDRUBF,walk_forward,2024,2,4.621795889,1.155448972,5,AVAILABLE,FULL_QUARTER,POSITIVE
SESSION_10_21__N4_01,NORMALIZED,CNYRUBF,walk_forward,2024,2,14.34374878,3.585937195,5,AVAILABLE,FULL_QUARTER,POSITIVE
SESSION_10_21__N4_01,NORMALIZED,GLDRUBF,walk_forward,2024,2,-0.8402661314,-0.2100665328,4,AVAILABLE,FULL_QUARTER,NEGATIVE
SESSION_10_21__N4_01,NORMALIZED,IMOEXF,walk_forward,2024,2,5.244296171,1.311074043,5,AVAILABLE,FULL_QUARTER,POSITIVE
SESSION_10_21__N4_01,NORMALIZED,USDRUBF,walk_forward,2024,3,1.803338198,0.4508345494,4,AVAILABLE,FULL_QUARTER,POSITIVE
SESSION_10_21__N4_01,NORMALIZED,CNYRUBF,walk_forward,2024,3,0.9080037172,0.2270009293,5,AVAILABLE,FULL_QUARTER,POSITIVE
SESSION_10_21__N4_01,NORMALIZED,GLDRUBF,walk_forward,2024,3,-0.8007807869,-0.2001951967,5,AVAILABLE,FULL_QUARTER,NEGATIVE
SESSION_10_21__N4_01,NORMALIZED,IMOEXF,walk_forward,2024,3,3.827226242,0.9568065605,3,AVAILABLE,FULL_QUARTER,POSITIVE
SESSION_10_21__N4_01,NORMALIZED,USDRUBF,walk_forward,2024,4,5.348060663,1.337015166,3,AVAILABLE,PARTIAL_QUARTER,POSITIVE
SESSION_10_21__N4_01,NORMALIZED,CNYRUBF,walk_forward,2024,4,3.589777842,0.8974444605,5,AVAILABLE,PARTIAL_QUARTER,POSITIVE
SESSION_10_21__N4_01,NORMALIZED,GLDRUBF,walk_forward,2024,4,-0.1248474894,-0.03121187236,4,AVAILABLE,PARTIAL_QUARTER,NEGATIVE
SESSION_10_21__N4_01,NORMALIZED,IMOEXF,walk_forward,2024,4,1.53728685,0.3843217126,3,AVAILABLE,PARTIAL_QUARTER,POSITIVE
SESSION_10_21__N4_01,NORMALIZED,USDRUBF,historical_true_oos,2025,1,1.670482493,0.4176206232,2,AVAILABLE,PARTIAL_QUARTER,POSITIVE
SESSION_10_21__N4_01,NORMALIZED,CNYRUBF,historical_true_oos,2025,1,2.961964957,0.7404912393,3,AVAILABLE,PARTIAL_QUARTER,POSITIVE
SESSION_10_21__N4_01,NORMALIZED,GLDRUBF,historical_true_oos,2025,1,-0.4165586989,-0.1041396747,1,AVAILABLE,PARTIAL_QUARTER,NEGATIVE
SESSION_10_21__N4_01,NORMALIZED,IMOEXF,historical_true_oos,2025,1,-0.2104960302,-0.05262400755,1,AVAILABLE,PARTIAL_QUARTER,NEGATIVE
SESSION_10_21__N4_01,NORMALIZED,USDRUBF,historical_true_oos,2025,2,-2.294309312,-0.573577328,4,AVAILABLE,FULL_QUARTER,NEGATIVE
SESSION_10_21__N4_01,NORMALIZED,CNYRUBF,historical_true_oos,2025,2,-2.900060519,-0.7250151299,4,AVAILABLE,FULL_QUARTER,NEGATIVE
SESSION_10_21__N4_01,NORMALIZED,GLDRUBF,historical_true_oos,2025,2,0.09406211555,0.02351552889,2,AVAILABLE,FULL_QUARTER,POSITIVE
SESSION_10_21__N4_01,NORMALIZED,IMOEXF,historical_true_oos,2025,2,3.654878351,0.9137195877,4,AVAILABLE,FULL_QUARTER,POSITIVE
SESSION_10_21__N4_01,NORMALIZED,USDRUBF,historical_true_oos,2025,3,10.28120835,2.570302088,6,AVAILABLE,FULL_QUARTER,POSITIVE
SESSION_10_21__N4_01,NORMALIZED,CNYRUBF,historical_true_oos,2025,3,11.77216822,2.943042056,7,AVAILABLE,FULL_QUARTER,POSITIVE
SESSION_10_21__N4_01,NORMALIZED,GLDRUBF,historical_true_oos,2025,3,11.52674051,2.881685127,7,AVAILABLE,FULL_QUARTER,POSITIVE
SESSION_10_21__N4_01,NORMALIZED,IMOEXF,historical_true_oos,2025,3,0.8950248461,0.2237562115,11,AVAILABLE,FULL_QUARTER,POSITIVE
SESSION_10_21__N4_01,NORMALIZED,USDRUBF,historical_true_oos,2025,4,-1.526128899,-0.3815322246,12,AVAILABLE,FULL_QUARTER,NEGATIVE
SESSION_10_21__N4_01,NORMALIZED,CNYRUBF,historical_true_oos,2025,4,-2.861047419,-0.7152618547,13,AVAILABLE,FULL_QUARTER,NEGATIVE
SESSION_10_21__N4_01,NORMALIZED,GLDRUBF,historical_true_oos,2025,4,2.830169413,0.7075423533,10,AVAILABLE,FULL_QUARTER,POSITIVE
SESSION_10_21__N4_01,NORMALIZED,IMOEXF,historical_true_oos,2025,4,0.3749104677,0.09372761693,7,AVAILABLE,FULL_QUARTER,POSITIVE
SESSION_10_21__N4_01,NORMALIZED,USDRUBF,historical_true_oos,2026,1,6.800303784,1.700075946,7,AVAILABLE,FULL_QUARTER,POSITIVE
SESSION_10_21__N4_01,NORMALIZED,CNYRUBF,historical_true_oos,2026,1,4.172041837,1.043010459,8,AVAILABLE,FULL_QUARTER,POSITIVE
SESSION_10_21__N4_01,NORMALIZED,GLDRUBF,historical_true_oos,2026,1,6.173353456,1.543338364,8,AVAILABLE,FULL_QUARTER,POSITIVE
SESSION_10_21__N4_01,NORMALIZED,IMOEXF,historical_true_oos,2026,1,2.528789976,0.632197494,4,AVAILABLE,FULL_QUARTER,POSITIVE
SESSION_10_21__N4_01,NORMALIZED,USDRUBF,historical_true_oos,2026,2,3.481275769,0.8703189422,8,AVAILABLE,FULL_QUARTER,POSITIVE
SESSION_10_21__N4_01,NORMALIZED,CNYRUBF,historical_true_oos,2026,2,5.018422592,1.254605648,7,AVAILABLE,FULL_QUARTER,POSITIVE
SESSION_10_21__N4_01,NORMALIZED,GLDRUBF,historical_true_oos,2026,2,3.345415617,0.8363539042,5,AVAILABLE,FULL_QUARTER,POSITIVE
SESSION_10_21__N4_01,NORMALIZED,IMOEXF,historical_true_oos,2026,2,-0.6439815248,-0.1609953812,13,AVAILABLE,FULL_QUARTER,NEGATIVE
SESSION_10_21__N4_01,NORMALIZED,USDRUBF,historical_true_oos,2026,3,6.03583997,1.508959993,9,AVAILABLE,PARTIAL_QUARTER,POSITIVE
SESSION_10_21__N4_01,NORMALIZED,CNYRUBF,historical_true_oos,2026,3,3.022157135,0.7555392837,9,AVAILABLE,PARTIAL_QUARTER,POSITIVE
SESSION_10_21__N4_01,NORMALIZED,GLDRUBF,historical_true_oos,2026,3,11.31104276,2.82776069,7,AVAILABLE,PARTIAL_QUARTER,POSITIVE
SESSION_10_21__N4_01,NORMALIZED,IMOEXF,historical_true_oos,2026,3,-1.80050918,-0.4501272951,8,AVAILABLE,PARTIAL_QUARTER,NEGATIVE
SESSION_10_21__N4_01,FULL,USDRUBF,baseline,2023,1,-1.937229707,-1.937229707,3,AVAILABLE,PARTIAL_QUARTER,NEGATIVE
SESSION_10_21__N4_01,FULL,CNYRUBF,baseline,2023,1,-1.020555271,-1.020555271,3,AVAILABLE,PARTIAL_QUARTER,NEGATIVE
SESSION_10_21__N4_01,FULL,GLDRUBF,baseline,2023,1,0,0,0,NOT_AVAILABLE,NOT_AVAILABLE,ZERO
SESSION_10_21__N4_01,FULL,IMOEXF,baseline,2023,1,0,0,0,NOT_AVAILABLE,NOT_AVAILABLE,ZERO
SESSION_10_21__N4_01,FULL,USDRUBF,baseline,2023,2,8.689564697,8.689564697,11,AVAILABLE,FULL_QUARTER,POSITIVE
SESSION_10_21__N4_01,FULL,CNYRUBF,baseline,2023,2,7.795515913,7.795515913,8,AVAILABLE,FULL_QUARTER,POSITIVE
SESSION_10_21__N4_01,FULL,GLDRUBF,baseline,2023,2,0,0,0,NOT_AVAILABLE,NOT_AVAILABLE,ZERO
SESSION_10_21__N4_01,FULL,IMOEXF,baseline,2023,2,0,0,0,NOT_AVAILABLE,NOT_AVAILABLE,ZERO
SESSION_10_21__N4_01,FULL,USDRUBF,baseline,2023,3,5.167328514,5.167328514,8,AVAILABLE,FULL_QUARTER,POSITIVE
SESSION_10_21__N4_01,FULL,CNYRUBF,baseline,2023,3,-2.049622456,-2.049622456,7,AVAILABLE,FULL_QUARTER,NEGATIVE
SESSION_10_21__N4_01,FULL,GLDRUBF,baseline,2023,3,-0.435766705,-0.435766705,1,AVAILABLE,PARTIAL_QUARTER,NEGATIVE
SESSION_10_21__N4_01,FULL,IMOEXF,baseline,2023,3,0,0,0,NOT_AVAILABLE,NOT_AVAILABLE,ZERO
SESSION_10_21__N4_01,FULL,USDRUBF,baseline,2023,4,3.193216993,3.193216993,7,AVAILABLE,FULL_QUARTER,POSITIVE
SESSION_10_21__N4_01,FULL,CNYRUBF,baseline,2023,4,-3.791262962,-3.791262962,6,AVAILABLE,FULL_QUARTER,NEGATIVE
SESSION_10_21__N4_01,FULL,GLDRUBF,baseline,2023,4,-0.110139046,-0.110139046,5,AVAILABLE,FULL_QUARTER,NEGATIVE
SESSION_10_21__N4_01,FULL,IMOEXF,baseline,2023,4,0,0,0,NOT_AVAILABLE,PARTIAL_QUARTER,ZERO
SESSION_10_21__N4_01,FULL,USDRUBF,baseline,2024,1,-0.4829589909,-0.4829589909,4,AVAILABLE,FULL_QUARTER,NEGATIVE
SESSION_10_21__N4_01,FULL,CNYRUBF,baseline,2024,1,2.817209547,2.817209547,3,AVAILABLE,FULL_QUARTER,POSITIVE
SESSION_10_21__N4_01,FULL,GLDRUBF,baseline,2024,1,-2.697623995,-2.697623995,11,AVAILABLE,FULL_QUARTER,NEGATIVE
SESSION_10_21__N4_01,FULL,IMOEXF,baseline,2024,1,2.393163239,2.393163239,8,AVAILABLE,FULL_QUARTER,POSITIVE
SESSION_10_21__N4_01,FULL,USDRUBF,baseline,2024,2,2.955597233,2.955597233,12,AVAILABLE,FULL_QUARTER,POSITIVE
SESSION_10_21__N4_01,FULL,CNYRUBF,baseline,2024,2,14.94403683,14.94403683,11,AVAILABLE,FULL_QUARTER,POSITIVE
SESSION_10_21__N4_01,FULL,GLDRUBF,baseline,2024,2,1.821815965,1.821815965,8,AVAILABLE,FULL_QUARTER,POSITIVE
SESSION_10_21__N4_01,FULL,IMOEXF,baseline,2024,2,5.115292585,5.115292585,6,AVAILABLE,FULL_QUARTER,POSITIVE
SESSION_10_21__N4_01,FULL,USDRUBF,baseline,2024,3,1.0249468,1.0249468,9,AVAILABLE,FULL_QUARTER,POSITIVE
SESSION_10_21__N4_01,FULL,CNYRUBF,baseline,2024,3,0.6441510469,0.6441510469,6,AVAILABLE,FULL_QUARTER,POSITIVE
SESSION_10_21__N4_01,FULL,GLDRUBF,baseline,2024,3,-0.1706293684,-0.1706293684,6,AVAILABLE,FULL_QUARTER,NEGATIVE
SESSION_10_21__N4_01,FULL,IMOEXF,baseline,2024,3,7.623380195,7.623380195,7,AVAILABLE,FULL_QUARTER,POSITIVE
SESSION_10_21__N4_01,FULL,USDRUBF,baseline,2024,4,5.763429915,5.763429915,7,AVAILABLE,PARTIAL_QUARTER,POSITIVE
SESSION_10_21__N4_01,FULL,CNYRUBF,baseline,2024,4,3.442996412,3.442996412,7,AVAILABLE,PARTIAL_QUARTER,POSITIVE
SESSION_10_21__N4_01,FULL,GLDRUBF,baseline,2024,4,8.036434985,8.036434985,8,AVAILABLE,PARTIAL_QUARTER,POSITIVE
SESSION_10_21__N4_01,FULL,IMOEXF,baseline,2024,4,2.943055533,2.943055533,5,AVAILABLE,PARTIAL_QUARTER,POSITIVE
SESSION_10_21__N4_01,FULL,USDRUBF,walk_forward,2024,1,0.3132754899,0.3132754899,2,AVAILABLE,FULL_QUARTER,POSITIVE
SESSION_10_21__N4_01,FULL,CNYRUBF,walk_forward,2024,1,-0.7748154007,-0.7748154007,1,AVAILABLE,FULL_QUARTER,NEGATIVE
SESSION_10_21__N4_01,FULL,GLDRUBF,walk_forward,2024,1,-0.2047478986,-0.2047478986,7,AVAILABLE,FULL_QUARTER,NEGATIVE
SESSION_10_21__N4_01,FULL,IMOEXF,walk_forward,2024,1,-2.256842313,-2.256842313,3,AVAILABLE,FULL_QUARTER,NEGATIVE
SESSION_10_21__N4_01,FULL,USDRUBF,walk_forward,2024,2,4.621795889,4.621795889,5,AVAILABLE,FULL_QUARTER,POSITIVE
SESSION_10_21__N4_01,FULL,CNYRUBF,walk_forward,2024,2,14.34374878,14.34374878,5,AVAILABLE,FULL_QUARTER,POSITIVE
SESSION_10_21__N4_01,FULL,GLDRUBF,walk_forward,2024,2,-0.8402661314,-0.8402661314,4,AVAILABLE,FULL_QUARTER,NEGATIVE
SESSION_10_21__N4_01,FULL,IMOEXF,walk_forward,2024,2,5.244296171,5.244296171,5,AVAILABLE,FULL_QUARTER,POSITIVE
SESSION_10_21__N4_01,FULL,USDRUBF,walk_forward,2024,3,1.803338198,1.803338198,4,AVAILABLE,FULL_QUARTER,POSITIVE
SESSION_10_21__N4_01,FULL,CNYRUBF,walk_forward,2024,3,0.9080037172,0.9080037172,5,AVAILABLE,FULL_QUARTER,POSITIVE
SESSION_10_21__N4_01,FULL,GLDRUBF,walk_forward,2024,3,-0.8007807869,-0.8007807869,5,AVAILABLE,FULL_QUARTER,NEGATIVE
SESSION_10_21__N4_01,FULL,IMOEXF,walk_forward,2024,3,3.827226242,3.827226242,3,AVAILABLE,FULL_QUARTER,POSITIVE
SESSION_10_21__N4_01,FULL,USDRUBF,walk_forward,2024,4,5.348060663,5.348060663,3,AVAILABLE,PARTIAL_QUARTER,POSITIVE
SESSION_10_21__N4_01,FULL,CNYRUBF,walk_forward,2024,4,3.589777842,3.589777842,5,AVAILABLE,PARTIAL_QUARTER,POSITIVE
SESSION_10_21__N4_01,FULL,GLDRUBF,walk_forward,2024,4,-0.1248474894,-0.1248474894,4,AVAILABLE,PARTIAL_QUARTER,NEGATIVE
SESSION_10_21__N4_01,FULL,IMOEXF,walk_forward,2024,4,1.53728685,1.53728685,3,AVAILABLE,PARTIAL_QUARTER,POSITIVE
SESSION_10_21__N4_01,FULL,USDRUBF,historical_true_oos,2025,1,1.670482493,1.670482493,2,AVAILABLE,PARTIAL_QUARTER,POSITIVE
SESSION_10_21__N4_01,FULL,CNYRUBF,historical_true_oos,2025,1,2.961964957,2.961964957,3,AVAILABLE,PARTIAL_QUARTER,POSITIVE
SESSION_10_21__N4_01,FULL,GLDRUBF,historical_true_oos,2025,1,-0.4165586989,-0.4165586989,1,AVAILABLE,PARTIAL_QUARTER,NEGATIVE
SESSION_10_21__N4_01,FULL,IMOEXF,historical_true_oos,2025,1,-0.2104960302,-0.2104960302,1,AVAILABLE,PARTIAL_QUARTER,NEGATIVE
SESSION_10_21__N4_01,FULL,USDRUBF,historical_true_oos,2025,2,-2.294309312,-2.294309312,4,AVAILABLE,FULL_QUARTER,NEGATIVE
SESSION_10_21__N4_01,FULL,CNYRUBF,historical_true_oos,2025,2,-2.900060519,-2.900060519,4,AVAILABLE,FULL_QUARTER,NEGATIVE
SESSION_10_21__N4_01,FULL,GLDRUBF,historical_true_oos,2025,2,0.09406211555,0.09406211555,2,AVAILABLE,FULL_QUARTER,POSITIVE
SESSION_10_21__N4_01,FULL,IMOEXF,historical_true_oos,2025,2,3.654878351,3.654878351,4,AVAILABLE,FULL_QUARTER,POSITIVE
SESSION_10_21__N4_01,FULL,USDRUBF,historical_true_oos,2025,3,10.28120835,10.28120835,6,AVAILABLE,FULL_QUARTER,POSITIVE
SESSION_10_21__N4_01,FULL,CNYRUBF,historical_true_oos,2025,3,11.77216822,11.77216822,7,AVAILABLE,FULL_QUARTER,POSITIVE
SESSION_10_21__N4_01,FULL,GLDRUBF,historical_true_oos,2025,3,11.52674051,11.52674051,7,AVAILABLE,FULL_QUARTER,POSITIVE
SESSION_10_21__N4_01,FULL,IMOEXF,historical_true_oos,2025,3,0.8950248461,0.8950248461,11,AVAILABLE,FULL_QUARTER,POSITIVE
SESSION_10_21__N4_01,FULL,USDRUBF,historical_true_oos,2025,4,-1.526128899,-1.526128899,12,AVAILABLE,FULL_QUARTER,NEGATIVE
SESSION_10_21__N4_01,FULL,CNYRUBF,historical_true_oos,2025,4,-2.861047419,-2.861047419,13,AVAILABLE,FULL_QUARTER,NEGATIVE
SESSION_10_21__N4_01,FULL,GLDRUBF,historical_true_oos,2025,4,2.830169413,2.830169413,10,AVAILABLE,FULL_QUARTER,POSITIVE
SESSION_10_21__N4_01,FULL,IMOEXF,historical_true_oos,2025,4,0.3749104677,0.3749104677,7,AVAILABLE,FULL_QUARTER,POSITIVE
SESSION_10_21__N4_01,FULL,USDRUBF,historical_true_oos,2026,1,6.800303784,6.800303784,7,AVAILABLE,FULL_QUARTER,POSITIVE
SESSION_10_21__N4_01,FULL,CNYRUBF,historical_true_oos,2026,1,4.172041837,4.172041837,8,AVAILABLE,FULL_QUARTER,POSITIVE
SESSION_10_21__N4_01,FULL,GLDRUBF,historical_true_oos,2026,1,6.173353456,6.173353456,8,AVAILABLE,FULL_QUARTER,POSITIVE
SESSION_10_21__N4_01,FULL,IMOEXF,historical_true_oos,2026,1,2.528789976,2.528789976,4,AVAILABLE,FULL_QUARTER,POSITIVE
SESSION_10_21__N4_01,FULL,USDRUBF,historical_true_oos,2026,2,3.481275769,3.481275769,8,AVAILABLE,FULL_QUARTER,POSITIVE
SESSION_10_21__N4_01,FULL,CNYRUBF,historical_true_oos,2026,2,5.018422592,5.018422592,7,AVAILABLE,FULL_QUARTER,POSITIVE
SESSION_10_21__N4_01,FULL,GLDRUBF,historical_true_oos,2026,2,3.345415617,3.345415617,5,AVAILABLE,FULL_QUARTER,POSITIVE
SESSION_10_21__N4_01,FULL,IMOEXF,historical_true_oos,2026,2,-0.6439815248,-0.6439815248,13,AVAILABLE,FULL_QUARTER,NEGATIVE
SESSION_10_21__N4_01,FULL,USDRUBF,historical_true_oos,2026,3,6.03583997,6.03583997,9,AVAILABLE,PARTIAL_QUARTER,POSITIVE
SESSION_10_21__N4_01,FULL,CNYRUBF,historical_true_oos,2026,3,3.022157135,3.022157135,9,AVAILABLE,PARTIAL_QUARTER,POSITIVE
SESSION_10_21__N4_01,FULL,GLDRUBF,historical_true_oos,2026,3,11.31104276,11.31104276,7,AVAILABLE,PARTIAL_QUARTER,POSITIVE
SESSION_10_21__N4_01,FULL,IMOEXF,historical_true_oos,2026,3,-1.80050918,-1.80050918,8,AVAILABLE,PARTIAL_QUARTER,NEGATIVE
LOCK1_AFTER_2R__N2_01,NORMALIZED,USDRUBF,baseline,2023,1,-2.898422489,-1.449211244,4,AVAILABLE,PARTIAL_QUARTER,NEGATIVE
LOCK1_AFTER_2R__N2_01,NORMALIZED,CNYRUBF,baseline,2023,1,-1.020555271,-0.5102776355,3,AVAILABLE,PARTIAL_QUARTER,NEGATIVE
LOCK1_AFTER_2R__N2_01,NORMALIZED,USDRUBF,baseline,2023,2,8.689564697,4.344782349,11,AVAILABLE,FULL_QUARTER,POSITIVE
LOCK1_AFTER_2R__N2_01,NORMALIZED,CNYRUBF,baseline,2023,2,7.795515913,3.897757957,8,AVAILABLE,FULL_QUARTER,POSITIVE
LOCK1_AFTER_2R__N2_01,NORMALIZED,USDRUBF,baseline,2023,3,5.167328514,2.583664257,8,AVAILABLE,FULL_QUARTER,POSITIVE
LOCK1_AFTER_2R__N2_01,NORMALIZED,CNYRUBF,baseline,2023,3,-2.049622456,-1.024811228,7,AVAILABLE,FULL_QUARTER,NEGATIVE
LOCK1_AFTER_2R__N2_01,NORMALIZED,USDRUBF,baseline,2023,4,2.280418239,1.14020912,8,AVAILABLE,FULL_QUARTER,POSITIVE
LOCK1_AFTER_2R__N2_01,NORMALIZED,CNYRUBF,baseline,2023,4,-3.791262962,-1.895631481,6,AVAILABLE,FULL_QUARTER,NEGATIVE
LOCK1_AFTER_2R__N2_01,NORMALIZED,USDRUBF,baseline,2024,1,-0.4829589909,-0.2414794954,4,AVAILABLE,FULL_QUARTER,NEGATIVE
LOCK1_AFTER_2R__N2_01,NORMALIZED,CNYRUBF,baseline,2024,1,2.817209547,1.408604774,3,AVAILABLE,FULL_QUARTER,POSITIVE
LOCK1_AFTER_2R__N2_01,NORMALIZED,USDRUBF,baseline,2024,2,3.61953733,1.809768665,12,AVAILABLE,FULL_QUARTER,POSITIVE
LOCK1_AFTER_2R__N2_01,NORMALIZED,CNYRUBF,baseline,2024,2,14.94403683,7.472018415,11,AVAILABLE,FULL_QUARTER,POSITIVE
LOCK1_AFTER_2R__N2_01,NORMALIZED,USDRUBF,baseline,2024,3,1.0249468,0.5124733999,9,AVAILABLE,FULL_QUARTER,POSITIVE
LOCK1_AFTER_2R__N2_01,NORMALIZED,CNYRUBF,baseline,2024,3,0.6441510469,0.3220755234,6,AVAILABLE,FULL_QUARTER,POSITIVE
LOCK1_AFTER_2R__N2_01,NORMALIZED,USDRUBF,baseline,2024,4,5.763429915,2.881714957,7,AVAILABLE,PARTIAL_QUARTER,POSITIVE
LOCK1_AFTER_2R__N2_01,NORMALIZED,CNYRUBF,baseline,2024,4,3.442996412,1.721498206,7,AVAILABLE,PARTIAL_QUARTER,POSITIVE
LOCK1_AFTER_2R__N2_01,NORMALIZED,USDRUBF,walk_forward,2024,1,0.3132754899,0.1566377449,2,AVAILABLE,FULL_QUARTER,POSITIVE
LOCK1_AFTER_2R__N2_01,NORMALIZED,CNYRUBF,walk_forward,2024,1,-0.7748154007,-0.3874077003,1,AVAILABLE,FULL_QUARTER,NEGATIVE
LOCK1_AFTER_2R__N2_01,NORMALIZED,USDRUBF,walk_forward,2024,2,5.285735986,2.642867993,5,AVAILABLE,FULL_QUARTER,POSITIVE
LOCK1_AFTER_2R__N2_01,NORMALIZED,CNYRUBF,walk_forward,2024,2,14.34374878,7.17187439,5,AVAILABLE,FULL_QUARTER,POSITIVE
LOCK1_AFTER_2R__N2_01,NORMALIZED,USDRUBF,walk_forward,2024,3,1.803338198,0.9016690988,4,AVAILABLE,FULL_QUARTER,POSITIVE
LOCK1_AFTER_2R__N2_01,NORMALIZED,CNYRUBF,walk_forward,2024,3,0.9080037172,0.4540018586,5,AVAILABLE,FULL_QUARTER,POSITIVE
LOCK1_AFTER_2R__N2_01,NORMALIZED,USDRUBF,walk_forward,2024,4,5.348060663,2.674030332,3,AVAILABLE,PARTIAL_QUARTER,POSITIVE
LOCK1_AFTER_2R__N2_01,NORMALIZED,CNYRUBF,walk_forward,2024,4,3.589777842,1.794888921,5,AVAILABLE,PARTIAL_QUARTER,POSITIVE
LOCK1_AFTER_2R__N2_01,NORMALIZED,USDRUBF,historical_true_oos,2025,1,0.669094079,0.3345470395,3,AVAILABLE,PARTIAL_QUARTER,POSITIVE
LOCK1_AFTER_2R__N2_01,NORMALIZED,CNYRUBF,historical_true_oos,2025,1,2.961964957,1.480982479,3,AVAILABLE,PARTIAL_QUARTER,POSITIVE
LOCK1_AFTER_2R__N2_01,NORMALIZED,USDRUBF,historical_true_oos,2025,2,-2.294309312,-1.147154656,4,AVAILABLE,FULL_QUARTER,NEGATIVE
LOCK1_AFTER_2R__N2_01,NORMALIZED,CNYRUBF,historical_true_oos,2025,2,-2.900060519,-1.45003026,4,AVAILABLE,FULL_QUARTER,NEGATIVE
LOCK1_AFTER_2R__N2_01,NORMALIZED,USDRUBF,historical_true_oos,2025,3,10.28120835,5.140604176,6,AVAILABLE,FULL_QUARTER,POSITIVE
LOCK1_AFTER_2R__N2_01,NORMALIZED,CNYRUBF,historical_true_oos,2025,3,11.77216822,5.886084111,7,AVAILABLE,FULL_QUARTER,POSITIVE
LOCK1_AFTER_2R__N2_01,NORMALIZED,USDRUBF,historical_true_oos,2025,4,-1.526128899,-0.7630644493,12,AVAILABLE,FULL_QUARTER,NEGATIVE
LOCK1_AFTER_2R__N2_01,NORMALIZED,CNYRUBF,historical_true_oos,2025,4,-1.526345042,-0.7631725209,13,AVAILABLE,FULL_QUARTER,NEGATIVE
LOCK1_AFTER_2R__N2_01,NORMALIZED,USDRUBF,historical_true_oos,2026,1,6.800303784,3.400151892,7,AVAILABLE,FULL_QUARTER,POSITIVE
LOCK1_AFTER_2R__N2_01,NORMALIZED,CNYRUBF,historical_true_oos,2026,1,4.357563927,2.178781963,8,AVAILABLE,FULL_QUARTER,POSITIVE
LOCK1_AFTER_2R__N2_01,NORMALIZED,USDRUBF,historical_true_oos,2026,2,3.481275769,1.740637884,8,AVAILABLE,FULL_QUARTER,POSITIVE
LOCK1_AFTER_2R__N2_01,NORMALIZED,CNYRUBF,historical_true_oos,2026,2,5.018422592,2.509211296,7,AVAILABLE,FULL_QUARTER,POSITIVE
LOCK1_AFTER_2R__N2_01,NORMALIZED,USDRUBF,historical_true_oos,2026,3,6.03583997,3.017919985,9,AVAILABLE,PARTIAL_QUARTER,POSITIVE
LOCK1_AFTER_2R__N2_01,NORMALIZED,CNYRUBF,historical_true_oos,2026,3,3.560382305,1.780191153,9,AVAILABLE,PARTIAL_QUARTER,POSITIVE
LOCK1_AFTER_2R__N2_01,FULL,USDRUBF,baseline,2023,1,-2.898422489,-2.898422489,4,AVAILABLE,PARTIAL_QUARTER,NEGATIVE
LOCK1_AFTER_2R__N2_01,FULL,CNYRUBF,baseline,2023,1,-1.020555271,-1.020555271,3,AVAILABLE,PARTIAL_QUARTER,NEGATIVE
LOCK1_AFTER_2R__N2_01,FULL,USDRUBF,baseline,2023,2,8.689564697,8.689564697,11,AVAILABLE,FULL_QUARTER,POSITIVE
LOCK1_AFTER_2R__N2_01,FULL,CNYRUBF,baseline,2023,2,7.795515913,7.795515913,8,AVAILABLE,FULL_QUARTER,POSITIVE
LOCK1_AFTER_2R__N2_01,FULL,USDRUBF,baseline,2023,3,5.167328514,5.167328514,8,AVAILABLE,FULL_QUARTER,POSITIVE
LOCK1_AFTER_2R__N2_01,FULL,CNYRUBF,baseline,2023,3,-2.049622456,-2.049622456,7,AVAILABLE,FULL_QUARTER,NEGATIVE
LOCK1_AFTER_2R__N2_01,FULL,USDRUBF,baseline,2023,4,2.280418239,2.280418239,8,AVAILABLE,FULL_QUARTER,POSITIVE
LOCK1_AFTER_2R__N2_01,FULL,CNYRUBF,baseline,2023,4,-3.791262962,-3.791262962,6,AVAILABLE,FULL_QUARTER,NEGATIVE
LOCK1_AFTER_2R__N2_01,FULL,USDRUBF,baseline,2024,1,-0.4829589909,-0.4829589909,4,AVAILABLE,FULL_QUARTER,NEGATIVE
LOCK1_AFTER_2R__N2_01,FULL,CNYRUBF,baseline,2024,1,2.817209547,2.817209547,3,AVAILABLE,FULL_QUARTER,POSITIVE
LOCK1_AFTER_2R__N2_01,FULL,USDRUBF,baseline,2024,2,3.61953733,3.61953733,12,AVAILABLE,FULL_QUARTER,POSITIVE
LOCK1_AFTER_2R__N2_01,FULL,CNYRUBF,baseline,2024,2,14.94403683,14.94403683,11,AVAILABLE,FULL_QUARTER,POSITIVE
LOCK1_AFTER_2R__N2_01,FULL,USDRUBF,baseline,2024,3,1.0249468,1.0249468,9,AVAILABLE,FULL_QUARTER,POSITIVE
LOCK1_AFTER_2R__N2_01,FULL,CNYRUBF,baseline,2024,3,0.6441510469,0.6441510469,6,AVAILABLE,FULL_QUARTER,POSITIVE
LOCK1_AFTER_2R__N2_01,FULL,USDRUBF,baseline,2024,4,5.763429915,5.763429915,7,AVAILABLE,PARTIAL_QUARTER,POSITIVE
LOCK1_AFTER_2R__N2_01,FULL,CNYRUBF,baseline,2024,4,3.442996412,3.442996412,7,AVAILABLE,PARTIAL_QUARTER,POSITIVE
LOCK1_AFTER_2R__N2_01,FULL,USDRUBF,walk_forward,2024,1,0.3132754899,0.3132754899,2,AVAILABLE,FULL_QUARTER,POSITIVE
LOCK1_AFTER_2R__N2_01,FULL,CNYRUBF,walk_forward,2024,1,-0.7748154007,-0.7748154007,1,AVAILABLE,FULL_QUARTER,NEGATIVE
LOCK1_AFTER_2R__N2_01,FULL,USDRUBF,walk_forward,2024,2,5.285735986,5.285735986,5,AVAILABLE,FULL_QUARTER,POSITIVE
LOCK1_AFTER_2R__N2_01,FULL,CNYRUBF,walk_forward,2024,2,14.34374878,14.34374878,5,AVAILABLE,FULL_QUARTER,POSITIVE
LOCK1_AFTER_2R__N2_01,FULL,USDRUBF,walk_forward,2024,3,1.803338198,1.803338198,4,AVAILABLE,FULL_QUARTER,POSITIVE
LOCK1_AFTER_2R__N2_01,FULL,CNYRUBF,walk_forward,2024,3,0.9080037172,0.9080037172,5,AVAILABLE,FULL_QUARTER,POSITIVE
LOCK1_AFTER_2R__N2_01,FULL,USDRUBF,walk_forward,2024,4,5.348060663,5.348060663,3,AVAILABLE,PARTIAL_QUARTER,POSITIVE
LOCK1_AFTER_2R__N2_01,FULL,CNYRUBF,walk_forward,2024,4,3.589777842,3.589777842,5,AVAILABLE,PARTIAL_QUARTER,POSITIVE
LOCK1_AFTER_2R__N2_01,FULL,USDRUBF,historical_true_oos,2025,1,0.669094079,0.669094079,3,AVAILABLE,PARTIAL_QUARTER,POSITIVE
LOCK1_AFTER_2R__N2_01,FULL,CNYRUBF,historical_true_oos,2025,1,2.961964957,2.961964957,3,AVAILABLE,PARTIAL_QUARTER,POSITIVE
LOCK1_AFTER_2R__N2_01,FULL,USDRUBF,historical_true_oos,2025,2,-2.294309312,-2.294309312,4,AVAILABLE,FULL_QUARTER,NEGATIVE
LOCK1_AFTER_2R__N2_01,FULL,CNYRUBF,historical_true_oos,2025,2,-2.900060519,-2.900060519,4,AVAILABLE,FULL_QUARTER,NEGATIVE
LOCK1_AFTER_2R__N2_01,FULL,USDRUBF,historical_true_oos,2025,3,10.28120835,10.28120835,6,AVAILABLE,FULL_QUARTER,POSITIVE
LOCK1_AFTER_2R__N2_01,FULL,CNYRUBF,historical_true_oos,2025,3,11.77216822,11.77216822,7,AVAILABLE,FULL_QUARTER,POSITIVE
LOCK1_AFTER_2R__N2_01,FULL,USDRUBF,historical_true_oos,2025,4,-1.526128899,-1.526128899,12,AVAILABLE,FULL_QUARTER,NEGATIVE
LOCK1_AFTER_2R__N2_01,FULL,CNYRUBF,historical_true_oos,2025,4,-1.526345042,-1.526345042,13,AVAILABLE,FULL_QUARTER,NEGATIVE
LOCK1_AFTER_2R__N2_01,FULL,USDRUBF,historical_true_oos,2026,1,6.800303784,6.800303784,7,AVAILABLE,FULL_QUARTER,POSITIVE
LOCK1_AFTER_2R__N2_01,FULL,CNYRUBF,historical_true_oos,2026,1,4.357563927,4.357563927,8,AVAILABLE,FULL_QUARTER,POSITIVE
LOCK1_AFTER_2R__N2_01,FULL,USDRUBF,historical_true_oos,2026,2,3.481275769,3.481275769,8,AVAILABLE,FULL_QUARTER,POSITIVE
LOCK1_AFTER_2R__N2_01,FULL,CNYRUBF,historical_true_oos,2026,2,5.018422592,5.018422592,7,AVAILABLE,FULL_QUARTER,POSITIVE
LOCK1_AFTER_2R__N2_01,FULL,USDRUBF,historical_true_oos,2026,3,6.03583997,6.03583997,9,AVAILABLE,PARTIAL_QUARTER,POSITIVE
LOCK1_AFTER_2R__N2_01,FULL,CNYRUBF,historical_true_oos,2026,3,3.560382305,3.560382305,9,AVAILABLE,PARTIAL_QUARTER,POSITIVE
LOCK1_AFTER_2R__N2_02,NORMALIZED,USDRUBF,baseline,2023,1,-2.898422489,-1.449211244,4,AVAILABLE,PARTIAL_QUARTER,NEGATIVE
LOCK1_AFTER_2R__N2_02,NORMALIZED,GLDRUBF,baseline,2023,1,0,0,0,NOT_AVAILABLE,NOT_AVAILABLE,ZERO
LOCK1_AFTER_2R__N2_02,NORMALIZED,USDRUBF,baseline,2023,2,8.689564697,4.344782349,11,AVAILABLE,FULL_QUARTER,POSITIVE
LOCK1_AFTER_2R__N2_02,NORMALIZED,GLDRUBF,baseline,2023,2,0,0,0,NOT_AVAILABLE,NOT_AVAILABLE,ZERO
LOCK1_AFTER_2R__N2_02,NORMALIZED,USDRUBF,baseline,2023,3,5.167328514,2.583664257,8,AVAILABLE,FULL_QUARTER,POSITIVE
LOCK1_AFTER_2R__N2_02,NORMALIZED,GLDRUBF,baseline,2023,3,-0.435766705,-0.2178833525,1,AVAILABLE,PARTIAL_QUARTER,NEGATIVE
LOCK1_AFTER_2R__N2_02,NORMALIZED,USDRUBF,baseline,2023,4,2.280418239,1.14020912,8,AVAILABLE,FULL_QUARTER,POSITIVE
LOCK1_AFTER_2R__N2_02,NORMALIZED,GLDRUBF,baseline,2023,4,0.05167355955,0.02583677977,5,AVAILABLE,FULL_QUARTER,POSITIVE
LOCK1_AFTER_2R__N2_02,NORMALIZED,USDRUBF,baseline,2024,1,-0.4829589909,-0.2414794954,4,AVAILABLE,FULL_QUARTER,NEGATIVE
LOCK1_AFTER_2R__N2_02,NORMALIZED,GLDRUBF,baseline,2024,1,0.8259324747,0.4129662373,11,AVAILABLE,FULL_QUARTER,POSITIVE
LOCK1_AFTER_2R__N2_02,NORMALIZED,USDRUBF,baseline,2024,2,3.61953733,1.809768665,12,AVAILABLE,FULL_QUARTER,POSITIVE
LOCK1_AFTER_2R__N2_02,NORMALIZED,GLDRUBF,baseline,2024,2,3.135010105,1.567505053,9,AVAILABLE,FULL_QUARTER,POSITIVE
LOCK1_AFTER_2R__N2_02,NORMALIZED,USDRUBF,baseline,2024,3,1.0249468,0.5124733999,9,AVAILABLE,FULL_QUARTER,POSITIVE
LOCK1_AFTER_2R__N2_02,NORMALIZED,GLDRUBF,baseline,2024,3,-1.170662863,-0.5853314316,7,AVAILABLE,FULL_QUARTER,NEGATIVE
LOCK1_AFTER_2R__N2_02,NORMALIZED,USDRUBF,baseline,2024,4,5.763429915,2.881714957,7,AVAILABLE,PARTIAL_QUARTER,POSITIVE
LOCK1_AFTER_2R__N2_02,NORMALIZED,GLDRUBF,baseline,2024,4,8.364333758,4.182166879,8,AVAILABLE,PARTIAL_QUARTER,POSITIVE
LOCK1_AFTER_2R__N2_02,NORMALIZED,USDRUBF,walk_forward,2024,1,0.3132754899,0.1566377449,2,AVAILABLE,FULL_QUARTER,POSITIVE
LOCK1_AFTER_2R__N2_02,NORMALIZED,GLDRUBF,walk_forward,2024,1,3.318808571,1.659404286,7,AVAILABLE,FULL_QUARTER,POSITIVE
LOCK1_AFTER_2R__N2_02,NORMALIZED,USDRUBF,walk_forward,2024,2,5.285735986,2.642867993,5,AVAILABLE,FULL_QUARTER,POSITIVE
LOCK1_AFTER_2R__N2_02,NORMALIZED,GLDRUBF,walk_forward,2024,2,-1.168432653,-0.5842163264,5,AVAILABLE,FULL_QUARTER,NEGATIVE
LOCK1_AFTER_2R__N2_02,NORMALIZED,USDRUBF,walk_forward,2024,3,1.803338198,0.9016690988,4,AVAILABLE,FULL_QUARTER,POSITIVE
LOCK1_AFTER_2R__N2_02,NORMALIZED,GLDRUBF,walk_forward,2024,3,-1.800814282,-0.9004071408,6,AVAILABLE,FULL_QUARTER,NEGATIVE
LOCK1_AFTER_2R__N2_02,NORMALIZED,USDRUBF,walk_forward,2024,4,5.348060663,2.674030332,3,AVAILABLE,PARTIAL_QUARTER,POSITIVE
LOCK1_AFTER_2R__N2_02,NORMALIZED,GLDRUBF,walk_forward,2024,4,0.2030512828,0.1015256414,4,AVAILABLE,PARTIAL_QUARTER,POSITIVE
LOCK1_AFTER_2R__N2_02,NORMALIZED,USDRUBF,historical_true_oos,2025,1,0.669094079,0.3345470395,3,AVAILABLE,PARTIAL_QUARTER,POSITIVE
LOCK1_AFTER_2R__N2_02,NORMALIZED,GLDRUBF,historical_true_oos,2025,1,-0.4165586989,-0.2082793494,1,AVAILABLE,PARTIAL_QUARTER,NEGATIVE
LOCK1_AFTER_2R__N2_02,NORMALIZED,USDRUBF,historical_true_oos,2025,2,-2.294309312,-1.147154656,4,AVAILABLE,FULL_QUARTER,NEGATIVE
LOCK1_AFTER_2R__N2_02,NORMALIZED,GLDRUBF,historical_true_oos,2025,2,0.1437226232,0.0718613116,2,AVAILABLE,FULL_QUARTER,POSITIVE
LOCK1_AFTER_2R__N2_02,NORMALIZED,USDRUBF,historical_true_oos,2025,3,10.28120835,5.140604176,6,AVAILABLE,FULL_QUARTER,POSITIVE
LOCK1_AFTER_2R__N2_02,NORMALIZED,GLDRUBF,historical_true_oos,2025,3,12.84218546,6.421092728,7,AVAILABLE,FULL_QUARTER,POSITIVE
LOCK1_AFTER_2R__N2_02,NORMALIZED,USDRUBF,historical_true_oos,2025,4,-1.526128899,-0.7630644493,12,AVAILABLE,FULL_QUARTER,NEGATIVE
LOCK1_AFTER_2R__N2_02,NORMALIZED,GLDRUBF,historical_true_oos,2025,4,2.808344618,1.404172309,10,AVAILABLE,FULL_QUARTER,POSITIVE
LOCK1_AFTER_2R__N2_02,NORMALIZED,USDRUBF,historical_true_oos,2026,1,6.800303784,3.400151892,7,AVAILABLE,FULL_QUARTER,POSITIVE
LOCK1_AFTER_2R__N2_02,NORMALIZED,GLDRUBF,historical_true_oos,2026,1,6.048086573,3.024043287,8,AVAILABLE,FULL_QUARTER,POSITIVE
LOCK1_AFTER_2R__N2_02,NORMALIZED,USDRUBF,historical_true_oos,2026,2,3.481275769,1.740637884,8,AVAILABLE,FULL_QUARTER,POSITIVE
LOCK1_AFTER_2R__N2_02,NORMALIZED,GLDRUBF,historical_true_oos,2026,2,3.392699205,1.696349602,6,AVAILABLE,FULL_QUARTER,POSITIVE
LOCK1_AFTER_2R__N2_02,NORMALIZED,USDRUBF,historical_true_oos,2026,3,6.03583997,3.017919985,9,AVAILABLE,PARTIAL_QUARTER,POSITIVE
LOCK1_AFTER_2R__N2_02,NORMALIZED,GLDRUBF,historical_true_oos,2026,3,7.689444749,3.844722375,8,AVAILABLE,PARTIAL_QUARTER,POSITIVE
LOCK1_AFTER_2R__N2_02,FULL,USDRUBF,baseline,2023,1,-2.898422489,-2.898422489,4,AVAILABLE,PARTIAL_QUARTER,NEGATIVE
LOCK1_AFTER_2R__N2_02,FULL,GLDRUBF,baseline,2023,1,0,0,0,NOT_AVAILABLE,NOT_AVAILABLE,ZERO
LOCK1_AFTER_2R__N2_02,FULL,USDRUBF,baseline,2023,2,8.689564697,8.689564697,11,AVAILABLE,FULL_QUARTER,POSITIVE
LOCK1_AFTER_2R__N2_02,FULL,GLDRUBF,baseline,2023,2,0,0,0,NOT_AVAILABLE,NOT_AVAILABLE,ZERO
LOCK1_AFTER_2R__N2_02,FULL,USDRUBF,baseline,2023,3,5.167328514,5.167328514,8,AVAILABLE,FULL_QUARTER,POSITIVE
LOCK1_AFTER_2R__N2_02,FULL,GLDRUBF,baseline,2023,3,-0.435766705,-0.435766705,1,AVAILABLE,PARTIAL_QUARTER,NEGATIVE
LOCK1_AFTER_2R__N2_02,FULL,USDRUBF,baseline,2023,4,2.280418239,2.280418239,8,AVAILABLE,FULL_QUARTER,POSITIVE
LOCK1_AFTER_2R__N2_02,FULL,GLDRUBF,baseline,2023,4,0.05167355955,0.05167355955,5,AVAILABLE,FULL_QUARTER,POSITIVE
LOCK1_AFTER_2R__N2_02,FULL,USDRUBF,baseline,2024,1,-0.4829589909,-0.4829589909,4,AVAILABLE,FULL_QUARTER,NEGATIVE
LOCK1_AFTER_2R__N2_02,FULL,GLDRUBF,baseline,2024,1,0.8259324747,0.8259324747,11,AVAILABLE,FULL_QUARTER,POSITIVE
LOCK1_AFTER_2R__N2_02,FULL,USDRUBF,baseline,2024,2,3.61953733,3.61953733,12,AVAILABLE,FULL_QUARTER,POSITIVE
LOCK1_AFTER_2R__N2_02,FULL,GLDRUBF,baseline,2024,2,3.135010105,3.135010105,9,AVAILABLE,FULL_QUARTER,POSITIVE
LOCK1_AFTER_2R__N2_02,FULL,USDRUBF,baseline,2024,3,1.0249468,1.0249468,9,AVAILABLE,FULL_QUARTER,POSITIVE
LOCK1_AFTER_2R__N2_02,FULL,GLDRUBF,baseline,2024,3,-1.170662863,-1.170662863,7,AVAILABLE,FULL_QUARTER,NEGATIVE
LOCK1_AFTER_2R__N2_02,FULL,USDRUBF,baseline,2024,4,5.763429915,5.763429915,7,AVAILABLE,PARTIAL_QUARTER,POSITIVE
LOCK1_AFTER_2R__N2_02,FULL,GLDRUBF,baseline,2024,4,8.364333758,8.364333758,8,AVAILABLE,PARTIAL_QUARTER,POSITIVE
LOCK1_AFTER_2R__N2_02,FULL,USDRUBF,walk_forward,2024,1,0.3132754899,0.3132754899,2,AVAILABLE,FULL_QUARTER,POSITIVE
LOCK1_AFTER_2R__N2_02,FULL,GLDRUBF,walk_forward,2024,1,3.318808571,3.318808571,7,AVAILABLE,FULL_QUARTER,POSITIVE
LOCK1_AFTER_2R__N2_02,FULL,USDRUBF,walk_forward,2024,2,5.285735986,5.285735986,5,AVAILABLE,FULL_QUARTER,POSITIVE
LOCK1_AFTER_2R__N2_02,FULL,GLDRUBF,walk_forward,2024,2,-1.168432653,-1.168432653,5,AVAILABLE,FULL_QUARTER,NEGATIVE
LOCK1_AFTER_2R__N2_02,FULL,USDRUBF,walk_forward,2024,3,1.803338198,1.803338198,4,AVAILABLE,FULL_QUARTER,POSITIVE
LOCK1_AFTER_2R__N2_02,FULL,GLDRUBF,walk_forward,2024,3,-1.800814282,-1.800814282,6,AVAILABLE,FULL_QUARTER,NEGATIVE
LOCK1_AFTER_2R__N2_02,FULL,USDRUBF,walk_forward,2024,4,5.348060663,5.348060663,3,AVAILABLE,PARTIAL_QUARTER,POSITIVE
LOCK1_AFTER_2R__N2_02,FULL,GLDRUBF,walk_forward,2024,4,0.2030512828,0.2030512828,4,AVAILABLE,PARTIAL_QUARTER,POSITIVE
LOCK1_AFTER_2R__N2_02,FULL,USDRUBF,historical_true_oos,2025,1,0.669094079,0.669094079,3,AVAILABLE,PARTIAL_QUARTER,POSITIVE
LOCK1_AFTER_2R__N2_02,FULL,GLDRUBF,historical_true_oos,2025,1,-0.4165586989,-0.4165586989,1,AVAILABLE,PARTIAL_QUARTER,NEGATIVE
LOCK1_AFTER_2R__N2_02,FULL,USDRUBF,historical_true_oos,2025,2,-2.294309312,-2.294309312,4,AVAILABLE,FULL_QUARTER,NEGATIVE
LOCK1_AFTER_2R__N2_02,FULL,GLDRUBF,historical_true_oos,2025,2,0.1437226232,0.1437226232,2,AVAILABLE,FULL_QUARTER,POSITIVE
LOCK1_AFTER_2R__N2_02,FULL,USDRUBF,historical_true_oos,2025,3,10.28120835,10.28120835,6,AVAILABLE,FULL_QUARTER,POSITIVE
LOCK1_AFTER_2R__N2_02,FULL,GLDRUBF,historical_true_oos,2025,3,12.84218546,12.84218546,7,AVAILABLE,FULL_QUARTER,POSITIVE
LOCK1_AFTER_2R__N2_02,FULL,USDRUBF,historical_true_oos,2025,4,-1.526128899,-1.526128899,12,AVAILABLE,FULL_QUARTER,NEGATIVE
LOCK1_AFTER_2R__N2_02,FULL,GLDRUBF,historical_true_oos,2025,4,2.808344618,2.808344618,10,AVAILABLE,FULL_QUARTER,POSITIVE
LOCK1_AFTER_2R__N2_02,FULL,USDRUBF,historical_true_oos,2026,1,6.800303784,6.800303784,7,AVAILABLE,FULL_QUARTER,POSITIVE
LOCK1_AFTER_2R__N2_02,FULL,GLDRUBF,historical_true_oos,2026,1,6.048086573,6.048086573,8,AVAILABLE,FULL_QUARTER,POSITIVE
LOCK1_AFTER_2R__N2_02,FULL,USDRUBF,historical_true_oos,2026,2,3.481275769,3.481275769,8,AVAILABLE,FULL_QUARTER,POSITIVE
LOCK1_AFTER_2R__N2_02,FULL,GLDRUBF,historical_true_oos,2026,2,3.392699205,3.392699205,6,AVAILABLE,FULL_QUARTER,POSITIVE
LOCK1_AFTER_2R__N2_02,FULL,USDRUBF,historical_true_oos,2026,3,6.03583997,6.03583997,9,AVAILABLE,PARTIAL_QUARTER,POSITIVE
LOCK1_AFTER_2R__N2_02,FULL,GLDRUBF,historical_true_oos,2026,3,7.689444749,7.689444749,8,AVAILABLE,PARTIAL_QUARTER,POSITIVE
LOCK1_AFTER_2R__N2_03,NORMALIZED,USDRUBF,baseline,2023,1,-2.898422489,-1.449211244,4,AVAILABLE,PARTIAL_QUARTER,NEGATIVE
LOCK1_AFTER_2R__N2_03,NORMALIZED,IMOEXF,baseline,2023,1,0,0,0,NOT_AVAILABLE,NOT_AVAILABLE,ZERO
LOCK1_AFTER_2R__N2_03,NORMALIZED,USDRUBF,baseline,2023,2,8.689564697,4.344782349,11,AVAILABLE,FULL_QUARTER,POSITIVE
LOCK1_AFTER_2R__N2_03,NORMALIZED,IMOEXF,baseline,2023,2,0,0,0,NOT_AVAILABLE,NOT_AVAILABLE,ZERO
LOCK1_AFTER_2R__N2_03,NORMALIZED,USDRUBF,baseline,2023,3,5.167328514,2.583664257,8,AVAILABLE,FULL_QUARTER,POSITIVE
LOCK1_AFTER_2R__N2_03,NORMALIZED,IMOEXF,baseline,2023,3,0,0,0,NOT_AVAILABLE,NOT_AVAILABLE,ZERO
LOCK1_AFTER_2R__N2_03,NORMALIZED,USDRUBF,baseline,2023,4,2.280418239,1.14020912,8,AVAILABLE,FULL_QUARTER,POSITIVE
LOCK1_AFTER_2R__N2_03,NORMALIZED,IMOEXF,baseline,2023,4,0,0,0,NOT_AVAILABLE,PARTIAL_QUARTER,ZERO
LOCK1_AFTER_2R__N2_03,NORMALIZED,USDRUBF,baseline,2024,1,-0.4829589909,-0.2414794954,4,AVAILABLE,FULL_QUARTER,NEGATIVE
LOCK1_AFTER_2R__N2_03,NORMALIZED,IMOEXF,baseline,2024,1,2.393163239,1.196581619,8,AVAILABLE,FULL_QUARTER,POSITIVE
LOCK1_AFTER_2R__N2_03,NORMALIZED,USDRUBF,baseline,2024,2,3.61953733,1.809768665,12,AVAILABLE,FULL_QUARTER,POSITIVE
LOCK1_AFTER_2R__N2_03,NORMALIZED,IMOEXF,baseline,2024,2,5.115292585,2.557646292,6,AVAILABLE,FULL_QUARTER,POSITIVE
LOCK1_AFTER_2R__N2_03,NORMALIZED,USDRUBF,baseline,2024,3,1.0249468,0.5124733999,9,AVAILABLE,FULL_QUARTER,POSITIVE
LOCK1_AFTER_2R__N2_03,NORMALIZED,IMOEXF,baseline,2024,3,7.623380195,3.811690098,7,AVAILABLE,FULL_QUARTER,POSITIVE
LOCK1_AFTER_2R__N2_03,NORMALIZED,USDRUBF,baseline,2024,4,5.763429915,2.881714957,7,AVAILABLE,PARTIAL_QUARTER,POSITIVE
LOCK1_AFTER_2R__N2_03,NORMALIZED,IMOEXF,baseline,2024,4,2.943055533,1.471527767,5,AVAILABLE,PARTIAL_QUARTER,POSITIVE
LOCK1_AFTER_2R__N2_03,NORMALIZED,USDRUBF,walk_forward,2024,1,0.3132754899,0.1566377449,2,AVAILABLE,FULL_QUARTER,POSITIVE
LOCK1_AFTER_2R__N2_03,NORMALIZED,IMOEXF,walk_forward,2024,1,-2.256842313,-1.128421157,3,AVAILABLE,FULL_QUARTER,NEGATIVE
LOCK1_AFTER_2R__N2_03,NORMALIZED,USDRUBF,walk_forward,2024,2,5.285735986,2.642867993,5,AVAILABLE,FULL_QUARTER,POSITIVE
LOCK1_AFTER_2R__N2_03,NORMALIZED,IMOEXF,walk_forward,2024,2,5.244296171,2.622148085,5,AVAILABLE,FULL_QUARTER,POSITIVE
LOCK1_AFTER_2R__N2_03,NORMALIZED,USDRUBF,walk_forward,2024,3,1.803338198,0.9016690988,4,AVAILABLE,FULL_QUARTER,POSITIVE
LOCK1_AFTER_2R__N2_03,NORMALIZED,IMOEXF,walk_forward,2024,3,3.827226242,1.913613121,3,AVAILABLE,FULL_QUARTER,POSITIVE
LOCK1_AFTER_2R__N2_03,NORMALIZED,USDRUBF,walk_forward,2024,4,5.348060663,2.674030332,3,AVAILABLE,PARTIAL_QUARTER,POSITIVE
LOCK1_AFTER_2R__N2_03,NORMALIZED,IMOEXF,walk_forward,2024,4,1.53728685,0.7686434252,3,AVAILABLE,PARTIAL_QUARTER,POSITIVE
LOCK1_AFTER_2R__N2_03,NORMALIZED,USDRUBF,historical_true_oos,2025,1,0.669094079,0.3345470395,3,AVAILABLE,PARTIAL_QUARTER,POSITIVE
LOCK1_AFTER_2R__N2_03,NORMALIZED,IMOEXF,historical_true_oos,2025,1,-0.9765813621,-0.488290681,2,AVAILABLE,PARTIAL_QUARTER,NEGATIVE
LOCK1_AFTER_2R__N2_03,NORMALIZED,USDRUBF,historical_true_oos,2025,2,-2.294309312,-1.147154656,4,AVAILABLE,FULL_QUARTER,NEGATIVE
LOCK1_AFTER_2R__N2_03,NORMALIZED,IMOEXF,historical_true_oos,2025,2,3.293111457,1.646555728,5,AVAILABLE,FULL_QUARTER,POSITIVE
LOCK1_AFTER_2R__N2_03,NORMALIZED,USDRUBF,historical_true_oos,2025,3,10.28120835,5.140604176,6,AVAILABLE,FULL_QUARTER,POSITIVE
LOCK1_AFTER_2R__N2_03,NORMALIZED,IMOEXF,historical_true_oos,2025,3,-0.02228280491,-0.01114140246,12,AVAILABLE,FULL_QUARTER,NEGATIVE
LOCK1_AFTER_2R__N2_03,NORMALIZED,USDRUBF,historical_true_oos,2025,4,-1.526128899,-0.7630644493,12,AVAILABLE,FULL_QUARTER,NEGATIVE
LOCK1_AFTER_2R__N2_03,NORMALIZED,IMOEXF,historical_true_oos,2025,4,1.53089969,0.7654498448,9,AVAILABLE,FULL_QUARTER,POSITIVE
LOCK1_AFTER_2R__N2_03,NORMALIZED,USDRUBF,historical_true_oos,2026,1,6.800303784,3.400151892,7,AVAILABLE,FULL_QUARTER,POSITIVE
LOCK1_AFTER_2R__N2_03,NORMALIZED,IMOEXF,historical_true_oos,2026,1,1.207695616,0.6038478078,7,AVAILABLE,FULL_QUARTER,POSITIVE
LOCK1_AFTER_2R__N2_03,NORMALIZED,USDRUBF,historical_true_oos,2026,2,3.481275769,1.740637884,8,AVAILABLE,FULL_QUARTER,POSITIVE
LOCK1_AFTER_2R__N2_03,NORMALIZED,IMOEXF,historical_true_oos,2026,2,0.8274346722,0.4137173361,13,AVAILABLE,FULL_QUARTER,POSITIVE
LOCK1_AFTER_2R__N2_03,NORMALIZED,USDRUBF,historical_true_oos,2026,3,6.03583997,3.017919985,9,AVAILABLE,PARTIAL_QUARTER,POSITIVE
LOCK1_AFTER_2R__N2_03,NORMALIZED,IMOEXF,historical_true_oos,2026,3,-2.467484663,-1.233742331,10,AVAILABLE,PARTIAL_QUARTER,NEGATIVE
LOCK1_AFTER_2R__N2_03,FULL,USDRUBF,baseline,2023,1,-2.898422489,-2.898422489,4,AVAILABLE,PARTIAL_QUARTER,NEGATIVE
LOCK1_AFTER_2R__N2_03,FULL,IMOEXF,baseline,2023,1,0,0,0,NOT_AVAILABLE,NOT_AVAILABLE,ZERO
LOCK1_AFTER_2R__N2_03,FULL,USDRUBF,baseline,2023,2,8.689564697,8.689564697,11,AVAILABLE,FULL_QUARTER,POSITIVE
LOCK1_AFTER_2R__N2_03,FULL,IMOEXF,baseline,2023,2,0,0,0,NOT_AVAILABLE,NOT_AVAILABLE,ZERO
LOCK1_AFTER_2R__N2_03,FULL,USDRUBF,baseline,2023,3,5.167328514,5.167328514,8,AVAILABLE,FULL_QUARTER,POSITIVE
LOCK1_AFTER_2R__N2_03,FULL,IMOEXF,baseline,2023,3,0,0,0,NOT_AVAILABLE,NOT_AVAILABLE,ZERO
LOCK1_AFTER_2R__N2_03,FULL,USDRUBF,baseline,2023,4,2.280418239,2.280418239,8,AVAILABLE,FULL_QUARTER,POSITIVE
LOCK1_AFTER_2R__N2_03,FULL,IMOEXF,baseline,2023,4,0,0,0,NOT_AVAILABLE,PARTIAL_QUARTER,ZERO
LOCK1_AFTER_2R__N2_03,FULL,USDRUBF,baseline,2024,1,-0.4829589909,-0.4829589909,4,AVAILABLE,FULL_QUARTER,NEGATIVE
LOCK1_AFTER_2R__N2_03,FULL,IMOEXF,baseline,2024,1,2.393163239,2.393163239,8,AVAILABLE,FULL_QUARTER,POSITIVE
LOCK1_AFTER_2R__N2_03,FULL,USDRUBF,baseline,2024,2,3.61953733,3.61953733,12,AVAILABLE,FULL_QUARTER,POSITIVE
LOCK1_AFTER_2R__N2_03,FULL,IMOEXF,baseline,2024,2,5.115292585,5.115292585,6,AVAILABLE,FULL_QUARTER,POSITIVE
LOCK1_AFTER_2R__N2_03,FULL,USDRUBF,baseline,2024,3,1.0249468,1.0249468,9,AVAILABLE,FULL_QUARTER,POSITIVE
LOCK1_AFTER_2R__N2_03,FULL,IMOEXF,baseline,2024,3,7.623380195,7.623380195,7,AVAILABLE,FULL_QUARTER,POSITIVE
LOCK1_AFTER_2R__N2_03,FULL,USDRUBF,baseline,2024,4,5.763429915,5.763429915,7,AVAILABLE,PARTIAL_QUARTER,POSITIVE
LOCK1_AFTER_2R__N2_03,FULL,IMOEXF,baseline,2024,4,2.943055533,2.943055533,5,AVAILABLE,PARTIAL_QUARTER,POSITIVE
LOCK1_AFTER_2R__N2_03,FULL,USDRUBF,walk_forward,2024,1,0.3132754899,0.3132754899,2,AVAILABLE,FULL_QUARTER,POSITIVE
LOCK1_AFTER_2R__N2_03,FULL,IMOEXF,walk_forward,2024,1,-2.256842313,-2.256842313,3,AVAILABLE,FULL_QUARTER,NEGATIVE
LOCK1_AFTER_2R__N2_03,FULL,USDRUBF,walk_forward,2024,2,5.285735986,5.285735986,5,AVAILABLE,FULL_QUARTER,POSITIVE
LOCK1_AFTER_2R__N2_03,FULL,IMOEXF,walk_forward,2024,2,5.244296171,5.244296171,5,AVAILABLE,FULL_QUARTER,POSITIVE
LOCK1_AFTER_2R__N2_03,FULL,USDRUBF,walk_forward,2024,3,1.803338198,1.803338198,4,AVAILABLE,FULL_QUARTER,POSITIVE
LOCK1_AFTER_2R__N2_03,FULL,IMOEXF,walk_forward,2024,3,3.827226242,3.827226242,3,AVAILABLE,FULL_QUARTER,POSITIVE
LOCK1_AFTER_2R__N2_03,FULL,USDRUBF,walk_forward,2024,4,5.348060663,5.348060663,3,AVAILABLE,PARTIAL_QUARTER,POSITIVE
LOCK1_AFTER_2R__N2_03,FULL,IMOEXF,walk_forward,2024,4,1.53728685,1.53728685,3,AVAILABLE,PARTIAL_QUARTER,POSITIVE
LOCK1_AFTER_2R__N2_03,FULL,USDRUBF,historical_true_oos,2025,1,0.669094079,0.669094079,3,AVAILABLE,PARTIAL_QUARTER,POSITIVE
LOCK1_AFTER_2R__N2_03,FULL,IMOEXF,historical_true_oos,2025,1,-0.9765813621,-0.9765813621,2,AVAILABLE,PARTIAL_QUARTER,NEGATIVE
LOCK1_AFTER_2R__N2_03,FULL,USDRUBF,historical_true_oos,2025,2,-2.294309312,-2.294309312,4,AVAILABLE,FULL_QUARTER,NEGATIVE
LOCK1_AFTER_2R__N2_03,FULL,IMOEXF,historical_true_oos,2025,2,3.293111457,3.293111457,5,AVAILABLE,FULL_QUARTER,POSITIVE
LOCK1_AFTER_2R__N2_03,FULL,USDRUBF,historical_true_oos,2025,3,10.28120835,10.28120835,6,AVAILABLE,FULL_QUARTER,POSITIVE
LOCK1_AFTER_2R__N2_03,FULL,IMOEXF,historical_true_oos,2025,3,-0.02228280491,-0.02228280491,12,AVAILABLE,FULL_QUARTER,NEGATIVE
LOCK1_AFTER_2R__N2_03,FULL,USDRUBF,historical_true_oos,2025,4,-1.526128899,-1.526128899,12,AVAILABLE,FULL_QUARTER,NEGATIVE
LOCK1_AFTER_2R__N2_03,FULL,IMOEXF,historical_true_oos,2025,4,1.53089969,1.53089969,9,AVAILABLE,FULL_QUARTER,POSITIVE
LOCK1_AFTER_2R__N2_03,FULL,USDRUBF,historical_true_oos,2026,1,6.800303784,6.800303784,7,AVAILABLE,FULL_QUARTER,POSITIVE
LOCK1_AFTER_2R__N2_03,FULL,IMOEXF,historical_true_oos,2026,1,1.207695616,1.207695616,7,AVAILABLE,FULL_QUARTER,POSITIVE
LOCK1_AFTER_2R__N2_03,FULL,USDRUBF,historical_true_oos,2026,2,3.481275769,3.481275769,8,AVAILABLE,FULL_QUARTER,POSITIVE
LOCK1_AFTER_2R__N2_03,FULL,IMOEXF,historical_true_oos,2026,2,0.8274346722,0.8274346722,13,AVAILABLE,FULL_QUARTER,POSITIVE
LOCK1_AFTER_2R__N2_03,FULL,USDRUBF,historical_true_oos,2026,3,6.03583997,6.03583997,9,AVAILABLE,PARTIAL_QUARTER,POSITIVE
LOCK1_AFTER_2R__N2_03,FULL,IMOEXF,historical_true_oos,2026,3,-2.467484663,-2.467484663,10,AVAILABLE,PARTIAL_QUARTER,NEGATIVE
LOCK1_AFTER_2R__N2_04,NORMALIZED,CNYRUBF,baseline,2023,1,-1.020555271,-0.5102776355,3,AVAILABLE,PARTIAL_QUARTER,NEGATIVE
LOCK1_AFTER_2R__N2_04,NORMALIZED,GLDRUBF,baseline,2023,1,0,0,0,NOT_AVAILABLE,NOT_AVAILABLE,ZERO
LOCK1_AFTER_2R__N2_04,NORMALIZED,CNYRUBF,baseline,2023,2,7.795515913,3.897757957,8,AVAILABLE,FULL_QUARTER,POSITIVE
LOCK1_AFTER_2R__N2_04,NORMALIZED,GLDRUBF,baseline,2023,2,0,0,0,NOT_AVAILABLE,NOT_AVAILABLE,ZERO
LOCK1_AFTER_2R__N2_04,NORMALIZED,CNYRUBF,baseline,2023,3,-2.049622456,-1.024811228,7,AVAILABLE,FULL_QUARTER,NEGATIVE
LOCK1_AFTER_2R__N2_04,NORMALIZED,GLDRUBF,baseline,2023,3,-0.435766705,-0.2178833525,1,AVAILABLE,PARTIAL_QUARTER,NEGATIVE
LOCK1_AFTER_2R__N2_04,NORMALIZED,CNYRUBF,baseline,2023,4,-3.791262962,-1.895631481,6,AVAILABLE,FULL_QUARTER,NEGATIVE
LOCK1_AFTER_2R__N2_04,NORMALIZED,GLDRUBF,baseline,2023,4,0.05167355955,0.02583677977,5,AVAILABLE,FULL_QUARTER,POSITIVE
LOCK1_AFTER_2R__N2_04,NORMALIZED,CNYRUBF,baseline,2024,1,2.817209547,1.408604774,3,AVAILABLE,FULL_QUARTER,POSITIVE
LOCK1_AFTER_2R__N2_04,NORMALIZED,GLDRUBF,baseline,2024,1,0.8259324747,0.4129662373,11,AVAILABLE,FULL_QUARTER,POSITIVE
LOCK1_AFTER_2R__N2_04,NORMALIZED,CNYRUBF,baseline,2024,2,14.94403683,7.472018415,11,AVAILABLE,FULL_QUARTER,POSITIVE
LOCK1_AFTER_2R__N2_04,NORMALIZED,GLDRUBF,baseline,2024,2,3.135010105,1.567505053,9,AVAILABLE,FULL_QUARTER,POSITIVE
LOCK1_AFTER_2R__N2_04,NORMALIZED,CNYRUBF,baseline,2024,3,0.6441510469,0.3220755234,6,AVAILABLE,FULL_QUARTER,POSITIVE
LOCK1_AFTER_2R__N2_04,NORMALIZED,GLDRUBF,baseline,2024,3,-1.170662863,-0.5853314316,7,AVAILABLE,FULL_QUARTER,NEGATIVE
LOCK1_AFTER_2R__N2_04,NORMALIZED,CNYRUBF,baseline,2024,4,3.442996412,1.721498206,7,AVAILABLE,PARTIAL_QUARTER,POSITIVE
LOCK1_AFTER_2R__N2_04,NORMALIZED,GLDRUBF,baseline,2024,4,8.364333758,4.182166879,8,AVAILABLE,PARTIAL_QUARTER,POSITIVE
LOCK1_AFTER_2R__N2_04,NORMALIZED,CNYRUBF,walk_forward,2024,1,-0.7748154007,-0.3874077003,1,AVAILABLE,FULL_QUARTER,NEGATIVE
LOCK1_AFTER_2R__N2_04,NORMALIZED,GLDRUBF,walk_forward,2024,1,3.318808571,1.659404286,7,AVAILABLE,FULL_QUARTER,POSITIVE
LOCK1_AFTER_2R__N2_04,NORMALIZED,CNYRUBF,walk_forward,2024,2,14.34374878,7.17187439,5,AVAILABLE,FULL_QUARTER,POSITIVE
LOCK1_AFTER_2R__N2_04,NORMALIZED,GLDRUBF,walk_forward,2024,2,-1.168432653,-0.5842163264,5,AVAILABLE,FULL_QUARTER,NEGATIVE
LOCK1_AFTER_2R__N2_04,NORMALIZED,CNYRUBF,walk_forward,2024,3,0.9080037172,0.4540018586,5,AVAILABLE,FULL_QUARTER,POSITIVE
LOCK1_AFTER_2R__N2_04,NORMALIZED,GLDRUBF,walk_forward,2024,3,-1.800814282,-0.9004071408,6,AVAILABLE,FULL_QUARTER,NEGATIVE
LOCK1_AFTER_2R__N2_04,NORMALIZED,CNYRUBF,walk_forward,2024,4,3.589777842,1.794888921,5,AVAILABLE,PARTIAL_QUARTER,POSITIVE
LOCK1_AFTER_2R__N2_04,NORMALIZED,GLDRUBF,walk_forward,2024,4,0.2030512828,0.1015256414,4,AVAILABLE,PARTIAL_QUARTER,POSITIVE
LOCK1_AFTER_2R__N2_04,NORMALIZED,CNYRUBF,historical_true_oos,2025,1,2.961964957,1.480982479,3,AVAILABLE,PARTIAL_QUARTER,POSITIVE
LOCK1_AFTER_2R__N2_04,NORMALIZED,GLDRUBF,historical_true_oos,2025,1,-0.4165586989,-0.2082793494,1,AVAILABLE,PARTIAL_QUARTER,NEGATIVE
LOCK1_AFTER_2R__N2_04,NORMALIZED,CNYRUBF,historical_true_oos,2025,2,-2.900060519,-1.45003026,4,AVAILABLE,FULL_QUARTER,NEGATIVE
LOCK1_AFTER_2R__N2_04,NORMALIZED,GLDRUBF,historical_true_oos,2025,2,0.1437226232,0.0718613116,2,AVAILABLE,FULL_QUARTER,POSITIVE
LOCK1_AFTER_2R__N2_04,NORMALIZED,CNYRUBF,historical_true_oos,2025,3,11.77216822,5.886084111,7,AVAILABLE,FULL_QUARTER,POSITIVE
LOCK1_AFTER_2R__N2_04,NORMALIZED,GLDRUBF,historical_true_oos,2025,3,12.84218546,6.421092728,7,AVAILABLE,FULL_QUARTER,POSITIVE
LOCK1_AFTER_2R__N2_04,NORMALIZED,CNYRUBF,historical_true_oos,2025,4,-1.526345042,-0.7631725209,13,AVAILABLE,FULL_QUARTER,NEGATIVE
LOCK1_AFTER_2R__N2_04,NORMALIZED,GLDRUBF,historical_true_oos,2025,4,2.808344618,1.404172309,10,AVAILABLE,FULL_QUARTER,POSITIVE
LOCK1_AFTER_2R__N2_04,NORMALIZED,CNYRUBF,historical_true_oos,2026,1,4.357563927,2.178781963,8,AVAILABLE,FULL_QUARTER,POSITIVE
LOCK1_AFTER_2R__N2_04,NORMALIZED,GLDRUBF,historical_true_oos,2026,1,6.048086573,3.024043287,8,AVAILABLE,FULL_QUARTER,POSITIVE
LOCK1_AFTER_2R__N2_04,NORMALIZED,CNYRUBF,historical_true_oos,2026,2,5.018422592,2.509211296,7,AVAILABLE,FULL_QUARTER,POSITIVE
LOCK1_AFTER_2R__N2_04,NORMALIZED,GLDRUBF,historical_true_oos,2026,2,3.392699205,1.696349602,6,AVAILABLE,FULL_QUARTER,POSITIVE
LOCK1_AFTER_2R__N2_04,NORMALIZED,CNYRUBF,historical_true_oos,2026,3,3.560382305,1.780191153,9,AVAILABLE,PARTIAL_QUARTER,POSITIVE
LOCK1_AFTER_2R__N2_04,NORMALIZED,GLDRUBF,historical_true_oos,2026,3,7.689444749,3.844722375,8,AVAILABLE,PARTIAL_QUARTER,POSITIVE
LOCK1_AFTER_2R__N2_04,FULL,CNYRUBF,baseline,2023,1,-1.020555271,-1.020555271,3,AVAILABLE,PARTIAL_QUARTER,NEGATIVE
LOCK1_AFTER_2R__N2_04,FULL,GLDRUBF,baseline,2023,1,0,0,0,NOT_AVAILABLE,NOT_AVAILABLE,ZERO
LOCK1_AFTER_2R__N2_04,FULL,CNYRUBF,baseline,2023,2,7.795515913,7.795515913,8,AVAILABLE,FULL_QUARTER,POSITIVE
LOCK1_AFTER_2R__N2_04,FULL,GLDRUBF,baseline,2023,2,0,0,0,NOT_AVAILABLE,NOT_AVAILABLE,ZERO
LOCK1_AFTER_2R__N2_04,FULL,CNYRUBF,baseline,2023,3,-2.049622456,-2.049622456,7,AVAILABLE,FULL_QUARTER,NEGATIVE
LOCK1_AFTER_2R__N2_04,FULL,GLDRUBF,baseline,2023,3,-0.435766705,-0.435766705,1,AVAILABLE,PARTIAL_QUARTER,NEGATIVE
LOCK1_AFTER_2R__N2_04,FULL,CNYRUBF,baseline,2023,4,-3.791262962,-3.791262962,6,AVAILABLE,FULL_QUARTER,NEGATIVE
LOCK1_AFTER_2R__N2_04,FULL,GLDRUBF,baseline,2023,4,0.05167355955,0.05167355955,5,AVAILABLE,FULL_QUARTER,POSITIVE
LOCK1_AFTER_2R__N2_04,FULL,CNYRUBF,baseline,2024,1,2.817209547,2.817209547,3,AVAILABLE,FULL_QUARTER,POSITIVE
LOCK1_AFTER_2R__N2_04,FULL,GLDRUBF,baseline,2024,1,0.8259324747,0.8259324747,11,AVAILABLE,FULL_QUARTER,POSITIVE
LOCK1_AFTER_2R__N2_04,FULL,CNYRUBF,baseline,2024,2,14.94403683,14.94403683,11,AVAILABLE,FULL_QUARTER,POSITIVE
LOCK1_AFTER_2R__N2_04,FULL,GLDRUBF,baseline,2024,2,3.135010105,3.135010105,9,AVAILABLE,FULL_QUARTER,POSITIVE
LOCK1_AFTER_2R__N2_04,FULL,CNYRUBF,baseline,2024,3,0.6441510469,0.6441510469,6,AVAILABLE,FULL_QUARTER,POSITIVE
LOCK1_AFTER_2R__N2_04,FULL,GLDRUBF,baseline,2024,3,-1.170662863,-1.170662863,7,AVAILABLE,FULL_QUARTER,NEGATIVE
LOCK1_AFTER_2R__N2_04,FULL,CNYRUBF,baseline,2024,4,3.442996412,3.442996412,7,AVAILABLE,PARTIAL_QUARTER,POSITIVE
LOCK1_AFTER_2R__N2_04,FULL,GLDRUBF,baseline,2024,4,8.364333758,8.364333758,8,AVAILABLE,PARTIAL_QUARTER,POSITIVE
LOCK1_AFTER_2R__N2_04,FULL,CNYRUBF,walk_forward,2024,1,-0.7748154007,-0.7748154007,1,AVAILABLE,FULL_QUARTER,NEGATIVE
LOCK1_AFTER_2R__N2_04,FULL,GLDRUBF,walk_forward,2024,1,3.318808571,3.318808571,7,AVAILABLE,FULL_QUARTER,POSITIVE
LOCK1_AFTER_2R__N2_04,FULL,CNYRUBF,walk_forward,2024,2,14.34374878,14.34374878,5,AVAILABLE,FULL_QUARTER,POSITIVE
LOCK1_AFTER_2R__N2_04,FULL,GLDRUBF,walk_forward,2024,2,-1.168432653,-1.168432653,5,AVAILABLE,FULL_QUARTER,NEGATIVE
LOCK1_AFTER_2R__N2_04,FULL,CNYRUBF,walk_forward,2024,3,0.9080037172,0.9080037172,5,AVAILABLE,FULL_QUARTER,POSITIVE
LOCK1_AFTER_2R__N2_04,FULL,GLDRUBF,walk_forward,2024,3,-1.800814282,-1.800814282,6,AVAILABLE,FULL_QUARTER,NEGATIVE
LOCK1_AFTER_2R__N2_04,FULL,CNYRUBF,walk_forward,2024,4,3.589777842,3.589777842,5,AVAILABLE,PARTIAL_QUARTER,POSITIVE
LOCK1_AFTER_2R__N2_04,FULL,GLDRUBF,walk_forward,2024,4,0.2030512828,0.2030512828,4,AVAILABLE,PARTIAL_QUARTER,POSITIVE
LOCK1_AFTER_2R__N2_04,FULL,CNYRUBF,historical_true_oos,2025,1,2.961964957,2.961964957,3,AVAILABLE,PARTIAL_QUARTER,POSITIVE
LOCK1_AFTER_2R__N2_04,FULL,GLDRUBF,historical_true_oos,2025,1,-0.4165586989,-0.4165586989,1,AVAILABLE,PARTIAL_QUARTER,NEGATIVE
LOCK1_AFTER_2R__N2_04,FULL,CNYRUBF,historical_true_oos,2025,2,-2.900060519,-2.900060519,4,AVAILABLE,FULL_QUARTER,NEGATIVE
LOCK1_AFTER_2R__N2_04,FULL,GLDRUBF,historical_true_oos,2025,2,0.1437226232,0.1437226232,2,AVAILABLE,FULL_QUARTER,POSITIVE
LOCK1_AFTER_2R__N2_04,FULL,CNYRUBF,historical_true_oos,2025,3,11.77216822,11.77216822,7,AVAILABLE,FULL_QUARTER,POSITIVE
LOCK1_AFTER_2R__N2_04,FULL,GLDRUBF,historical_true_oos,2025,3,12.84218546,12.84218546,7,AVAILABLE,FULL_QUARTER,POSITIVE
LOCK1_AFTER_2R__N2_04,FULL,CNYRUBF,historical_true_oos,2025,4,-1.526345042,-1.526345042,13,AVAILABLE,FULL_QUARTER,NEGATIVE
LOCK1_AFTER_2R__N2_04,FULL,GLDRUBF,historical_true_oos,2025,4,2.808344618,2.808344618,10,AVAILABLE,FULL_QUARTER,POSITIVE
LOCK1_AFTER_2R__N2_04,FULL,CNYRUBF,historical_true_oos,2026,1,4.357563927,4.357563927,8,AVAILABLE,FULL_QUARTER,POSITIVE
LOCK1_AFTER_2R__N2_04,FULL,GLDRUBF,historical_true_oos,2026,1,6.048086573,6.048086573,8,AVAILABLE,FULL_QUARTER,POSITIVE
LOCK1_AFTER_2R__N2_04,FULL,CNYRUBF,historical_true_oos,2026,2,5.018422592,5.018422592,7,AVAILABLE,FULL_QUARTER,POSITIVE
LOCK1_AFTER_2R__N2_04,FULL,GLDRUBF,historical_true_oos,2026,2,3.392699205,3.392699205,6,AVAILABLE,FULL_QUARTER,POSITIVE
LOCK1_AFTER_2R__N2_04,FULL,CNYRUBF,historical_true_oos,2026,3,3.560382305,3.560382305,9,AVAILABLE,PARTIAL_QUARTER,POSITIVE
LOCK1_AFTER_2R__N2_04,FULL,GLDRUBF,historical_true_oos,2026,3,7.689444749,7.689444749,8,AVAILABLE,PARTIAL_QUARTER,POSITIVE
LOCK1_AFTER_2R__N2_05,NORMALIZED,CNYRUBF,baseline,2023,1,-1.020555271,-0.5102776355,3,AVAILABLE,PARTIAL_QUARTER,NEGATIVE
LOCK1_AFTER_2R__N2_05,NORMALIZED,IMOEXF,baseline,2023,1,0,0,0,NOT_AVAILABLE,NOT_AVAILABLE,ZERO
LOCK1_AFTER_2R__N2_05,NORMALIZED,CNYRUBF,baseline,2023,2,7.795515913,3.897757957,8,AVAILABLE,FULL_QUARTER,POSITIVE
LOCK1_AFTER_2R__N2_05,NORMALIZED,IMOEXF,baseline,2023,2,0,0,0,NOT_AVAILABLE,NOT_AVAILABLE,ZERO
LOCK1_AFTER_2R__N2_05,NORMALIZED,CNYRUBF,baseline,2023,3,-2.049622456,-1.024811228,7,AVAILABLE,FULL_QUARTER,NEGATIVE
LOCK1_AFTER_2R__N2_05,NORMALIZED,IMOEXF,baseline,2023,3,0,0,0,NOT_AVAILABLE,NOT_AVAILABLE,ZERO
LOCK1_AFTER_2R__N2_05,NORMALIZED,CNYRUBF,baseline,2023,4,-3.791262962,-1.895631481,6,AVAILABLE,FULL_QUARTER,NEGATIVE
LOCK1_AFTER_2R__N2_05,NORMALIZED,IMOEXF,baseline,2023,4,0,0,0,NOT_AVAILABLE,PARTIAL_QUARTER,ZERO
LOCK1_AFTER_2R__N2_05,NORMALIZED,CNYRUBF,baseline,2024,1,2.817209547,1.408604774,3,AVAILABLE,FULL_QUARTER,POSITIVE
LOCK1_AFTER_2R__N2_05,NORMALIZED,IMOEXF,baseline,2024,1,2.393163239,1.196581619,8,AVAILABLE,FULL_QUARTER,POSITIVE
LOCK1_AFTER_2R__N2_05,NORMALIZED,CNYRUBF,baseline,2024,2,14.94403683,7.472018415,11,AVAILABLE,FULL_QUARTER,POSITIVE
LOCK1_AFTER_2R__N2_05,NORMALIZED,IMOEXF,baseline,2024,2,5.115292585,2.557646292,6,AVAILABLE,FULL_QUARTER,POSITIVE
LOCK1_AFTER_2R__N2_05,NORMALIZED,CNYRUBF,baseline,2024,3,0.6441510469,0.3220755234,6,AVAILABLE,FULL_QUARTER,POSITIVE
LOCK1_AFTER_2R__N2_05,NORMALIZED,IMOEXF,baseline,2024,3,7.623380195,3.811690098,7,AVAILABLE,FULL_QUARTER,POSITIVE
LOCK1_AFTER_2R__N2_05,NORMALIZED,CNYRUBF,baseline,2024,4,3.442996412,1.721498206,7,AVAILABLE,PARTIAL_QUARTER,POSITIVE
LOCK1_AFTER_2R__N2_05,NORMALIZED,IMOEXF,baseline,2024,4,2.943055533,1.471527767,5,AVAILABLE,PARTIAL_QUARTER,POSITIVE
LOCK1_AFTER_2R__N2_05,NORMALIZED,CNYRUBF,walk_forward,2024,1,-0.7748154007,-0.3874077003,1,AVAILABLE,FULL_QUARTER,NEGATIVE
LOCK1_AFTER_2R__N2_05,NORMALIZED,IMOEXF,walk_forward,2024,1,-2.256842313,-1.128421157,3,AVAILABLE,FULL_QUARTER,NEGATIVE
LOCK1_AFTER_2R__N2_05,NORMALIZED,CNYRUBF,walk_forward,2024,2,14.34374878,7.17187439,5,AVAILABLE,FULL_QUARTER,POSITIVE
LOCK1_AFTER_2R__N2_05,NORMALIZED,IMOEXF,walk_forward,2024,2,5.244296171,2.622148085,5,AVAILABLE,FULL_QUARTER,POSITIVE
LOCK1_AFTER_2R__N2_05,NORMALIZED,CNYRUBF,walk_forward,2024,3,0.9080037172,0.4540018586,5,AVAILABLE,FULL_QUARTER,POSITIVE
LOCK1_AFTER_2R__N2_05,NORMALIZED,IMOEXF,walk_forward,2024,3,3.827226242,1.913613121,3,AVAILABLE,FULL_QUARTER,POSITIVE
LOCK1_AFTER_2R__N2_05,NORMALIZED,CNYRUBF,walk_forward,2024,4,3.589777842,1.794888921,5,AVAILABLE,PARTIAL_QUARTER,POSITIVE
LOCK1_AFTER_2R__N2_05,NORMALIZED,IMOEXF,walk_forward,2024,4,1.53728685,0.7686434252,3,AVAILABLE,PARTIAL_QUARTER,POSITIVE
LOCK1_AFTER_2R__N2_05,NORMALIZED,CNYRUBF,historical_true_oos,2025,1,2.961964957,1.480982479,3,AVAILABLE,PARTIAL_QUARTER,POSITIVE
LOCK1_AFTER_2R__N2_05,NORMALIZED,IMOEXF,historical_true_oos,2025,1,-0.9765813621,-0.488290681,2,AVAILABLE,PARTIAL_QUARTER,NEGATIVE
LOCK1_AFTER_2R__N2_05,NORMALIZED,CNYRUBF,historical_true_oos,2025,2,-2.900060519,-1.45003026,4,AVAILABLE,FULL_QUARTER,NEGATIVE
LOCK1_AFTER_2R__N2_05,NORMALIZED,IMOEXF,historical_true_oos,2025,2,3.293111457,1.646555728,5,AVAILABLE,FULL_QUARTER,POSITIVE
LOCK1_AFTER_2R__N2_05,NORMALIZED,CNYRUBF,historical_true_oos,2025,3,11.77216822,5.886084111,7,AVAILABLE,FULL_QUARTER,POSITIVE
LOCK1_AFTER_2R__N2_05,NORMALIZED,IMOEXF,historical_true_oos,2025,3,-0.02228280491,-0.01114140246,12,AVAILABLE,FULL_QUARTER,NEGATIVE
LOCK1_AFTER_2R__N2_05,NORMALIZED,CNYRUBF,historical_true_oos,2025,4,-1.526345042,-0.7631725209,13,AVAILABLE,FULL_QUARTER,NEGATIVE
LOCK1_AFTER_2R__N2_05,NORMALIZED,IMOEXF,historical_true_oos,2025,4,1.53089969,0.7654498448,9,AVAILABLE,FULL_QUARTER,POSITIVE
LOCK1_AFTER_2R__N2_05,NORMALIZED,CNYRUBF,historical_true_oos,2026,1,4.357563927,2.178781963,8,AVAILABLE,FULL_QUARTER,POSITIVE
LOCK1_AFTER_2R__N2_05,NORMALIZED,IMOEXF,historical_true_oos,2026,1,1.207695616,0.6038478078,7,AVAILABLE,FULL_QUARTER,POSITIVE
LOCK1_AFTER_2R__N2_05,NORMALIZED,CNYRUBF,historical_true_oos,2026,2,5.018422592,2.509211296,7,AVAILABLE,FULL_QUARTER,POSITIVE
LOCK1_AFTER_2R__N2_05,NORMALIZED,IMOEXF,historical_true_oos,2026,2,0.8274346722,0.4137173361,13,AVAILABLE,FULL_QUARTER,POSITIVE
LOCK1_AFTER_2R__N2_05,NORMALIZED,CNYRUBF,historical_true_oos,2026,3,3.560382305,1.780191153,9,AVAILABLE,PARTIAL_QUARTER,POSITIVE
LOCK1_AFTER_2R__N2_05,NORMALIZED,IMOEXF,historical_true_oos,2026,3,-2.467484663,-1.233742331,10,AVAILABLE,PARTIAL_QUARTER,NEGATIVE
LOCK1_AFTER_2R__N2_05,FULL,CNYRUBF,baseline,2023,1,-1.020555271,-1.020555271,3,AVAILABLE,PARTIAL_QUARTER,NEGATIVE
LOCK1_AFTER_2R__N2_05,FULL,IMOEXF,baseline,2023,1,0,0,0,NOT_AVAILABLE,NOT_AVAILABLE,ZERO
LOCK1_AFTER_2R__N2_05,FULL,CNYRUBF,baseline,2023,2,7.795515913,7.795515913,8,AVAILABLE,FULL_QUARTER,POSITIVE
LOCK1_AFTER_2R__N2_05,FULL,IMOEXF,baseline,2023,2,0,0,0,NOT_AVAILABLE,NOT_AVAILABLE,ZERO
LOCK1_AFTER_2R__N2_05,FULL,CNYRUBF,baseline,2023,3,-2.049622456,-2.049622456,7,AVAILABLE,FULL_QUARTER,NEGATIVE
LOCK1_AFTER_2R__N2_05,FULL,IMOEXF,baseline,2023,3,0,0,0,NOT_AVAILABLE,NOT_AVAILABLE,ZERO
LOCK1_AFTER_2R__N2_05,FULL,CNYRUBF,baseline,2023,4,-3.791262962,-3.791262962,6,AVAILABLE,FULL_QUARTER,NEGATIVE
LOCK1_AFTER_2R__N2_05,FULL,IMOEXF,baseline,2023,4,0,0,0,NOT_AVAILABLE,PARTIAL_QUARTER,ZERO
LOCK1_AFTER_2R__N2_05,FULL,CNYRUBF,baseline,2024,1,2.817209547,2.817209547,3,AVAILABLE,FULL_QUARTER,POSITIVE
LOCK1_AFTER_2R__N2_05,FULL,IMOEXF,baseline,2024,1,2.393163239,2.393163239,8,AVAILABLE,FULL_QUARTER,POSITIVE
LOCK1_AFTER_2R__N2_05,FULL,CNYRUBF,baseline,2024,2,14.94403683,14.94403683,11,AVAILABLE,FULL_QUARTER,POSITIVE
LOCK1_AFTER_2R__N2_05,FULL,IMOEXF,baseline,2024,2,5.115292585,5.115292585,6,AVAILABLE,FULL_QUARTER,POSITIVE
LOCK1_AFTER_2R__N2_05,FULL,CNYRUBF,baseline,2024,3,0.6441510469,0.6441510469,6,AVAILABLE,FULL_QUARTER,POSITIVE
LOCK1_AFTER_2R__N2_05,FULL,IMOEXF,baseline,2024,3,7.623380195,7.623380195,7,AVAILABLE,FULL_QUARTER,POSITIVE
LOCK1_AFTER_2R__N2_05,FULL,CNYRUBF,baseline,2024,4,3.442996412,3.442996412,7,AVAILABLE,PARTIAL_QUARTER,POSITIVE
LOCK1_AFTER_2R__N2_05,FULL,IMOEXF,baseline,2024,4,2.943055533,2.943055533,5,AVAILABLE,PARTIAL_QUARTER,POSITIVE
LOCK1_AFTER_2R__N2_05,FULL,CNYRUBF,walk_forward,2024,1,-0.7748154007,-0.7748154007,1,AVAILABLE,FULL_QUARTER,NEGATIVE
LOCK1_AFTER_2R__N2_05,FULL,IMOEXF,walk_forward,2024,1,-2.256842313,-2.256842313,3,AVAILABLE,FULL_QUARTER,NEGATIVE
LOCK1_AFTER_2R__N2_05,FULL,CNYRUBF,walk_forward,2024,2,14.34374878,14.34374878,5,AVAILABLE,FULL_QUARTER,POSITIVE
LOCK1_AFTER_2R__N2_05,FULL,IMOEXF,walk_forward,2024,2,5.244296171,5.244296171,5,AVAILABLE,FULL_QUARTER,POSITIVE
LOCK1_AFTER_2R__N2_05,FULL,CNYRUBF,walk_forward,2024,3,0.9080037172,0.9080037172,5,AVAILABLE,FULL_QUARTER,POSITIVE
LOCK1_AFTER_2R__N2_05,FULL,IMOEXF,walk_forward,2024,3,3.827226242,3.827226242,3,AVAILABLE,FULL_QUARTER,POSITIVE
LOCK1_AFTER_2R__N2_05,FULL,CNYRUBF,walk_forward,2024,4,3.589777842,3.589777842,5,AVAILABLE,PARTIAL_QUARTER,POSITIVE
LOCK1_AFTER_2R__N2_05,FULL,IMOEXF,walk_forward,2024,4,1.53728685,1.53728685,3,AVAILABLE,PARTIAL_QUARTER,POSITIVE
LOCK1_AFTER_2R__N2_05,FULL,CNYRUBF,historical_true_oos,2025,1,2.961964957,2.961964957,3,AVAILABLE,PARTIAL_QUARTER,POSITIVE
LOCK1_AFTER_2R__N2_05,FULL,IMOEXF,historical_true_oos,2025,1,-0.9765813621,-0.9765813621,2,AVAILABLE,PARTIAL_QUARTER,NEGATIVE
LOCK1_AFTER_2R__N2_05,FULL,CNYRUBF,historical_true_oos,2025,2,-2.900060519,-2.900060519,4,AVAILABLE,FULL_QUARTER,NEGATIVE
LOCK1_AFTER_2R__N2_05,FULL,IMOEXF,historical_true_oos,2025,2,3.293111457,3.293111457,5,AVAILABLE,FULL_QUARTER,POSITIVE
LOCK1_AFTER_2R__N2_05,FULL,CNYRUBF,historical_true_oos,2025,3,11.77216822,11.77216822,7,AVAILABLE,FULL_QUARTER,POSITIVE
LOCK1_AFTER_2R__N2_05,FULL,IMOEXF,historical_true_oos,2025,3,-0.02228280491,-0.02228280491,12,AVAILABLE,FULL_QUARTER,NEGATIVE
LOCK1_AFTER_2R__N2_05,FULL,CNYRUBF,historical_true_oos,2025,4,-1.526345042,-1.526345042,13,AVAILABLE,FULL_QUARTER,NEGATIVE
LOCK1_AFTER_2R__N2_05,FULL,IMOEXF,historical_true_oos,2025,4,1.53089969,1.53089969,9,AVAILABLE,FULL_QUARTER,POSITIVE
LOCK1_AFTER_2R__N2_05,FULL,CNYRUBF,historical_true_oos,2026,1,4.357563927,4.357563927,8,AVAILABLE,FULL_QUARTER,POSITIVE
LOCK1_AFTER_2R__N2_05,FULL,IMOEXF,historical_true_oos,2026,1,1.207695616,1.207695616,7,AVAILABLE,FULL_QUARTER,POSITIVE
LOCK1_AFTER_2R__N2_05,FULL,CNYRUBF,historical_true_oos,2026,2,5.018422592,5.018422592,7,AVAILABLE,FULL_QUARTER,POSITIVE
LOCK1_AFTER_2R__N2_05,FULL,IMOEXF,historical_true_oos,2026,2,0.8274346722,0.8274346722,13,AVAILABLE,FULL_QUARTER,POSITIVE
LOCK1_AFTER_2R__N2_05,FULL,CNYRUBF,historical_true_oos,2026,3,3.560382305,3.560382305,9,AVAILABLE,PARTIAL_QUARTER,POSITIVE
LOCK1_AFTER_2R__N2_05,FULL,IMOEXF,historical_true_oos,2026,3,-2.467484663,-2.467484663,10,AVAILABLE,PARTIAL_QUARTER,NEGATIVE
LOCK1_AFTER_2R__N2_06,NORMALIZED,GLDRUBF,baseline,2023,3,-0.435766705,-0.2178833525,1,AVAILABLE,PARTIAL_QUARTER,NEGATIVE
LOCK1_AFTER_2R__N2_06,NORMALIZED,IMOEXF,baseline,2023,3,0,0,0,NOT_AVAILABLE,NOT_AVAILABLE,ZERO
LOCK1_AFTER_2R__N2_06,NORMALIZED,GLDRUBF,baseline,2023,4,0.05167355955,0.02583677977,5,AVAILABLE,FULL_QUARTER,POSITIVE
LOCK1_AFTER_2R__N2_06,NORMALIZED,IMOEXF,baseline,2023,4,0,0,0,NOT_AVAILABLE,PARTIAL_QUARTER,ZERO
LOCK1_AFTER_2R__N2_06,NORMALIZED,GLDRUBF,baseline,2024,1,0.8259324747,0.4129662373,11,AVAILABLE,FULL_QUARTER,POSITIVE
LOCK1_AFTER_2R__N2_06,NORMALIZED,IMOEXF,baseline,2024,1,2.393163239,1.196581619,8,AVAILABLE,FULL_QUARTER,POSITIVE
LOCK1_AFTER_2R__N2_06,NORMALIZED,GLDRUBF,baseline,2024,2,3.135010105,1.567505053,9,AVAILABLE,FULL_QUARTER,POSITIVE
LOCK1_AFTER_2R__N2_06,NORMALIZED,IMOEXF,baseline,2024,2,5.115292585,2.557646292,6,AVAILABLE,FULL_QUARTER,POSITIVE
LOCK1_AFTER_2R__N2_06,NORMALIZED,GLDRUBF,baseline,2024,3,-1.170662863,-0.5853314316,7,AVAILABLE,FULL_QUARTER,NEGATIVE
LOCK1_AFTER_2R__N2_06,NORMALIZED,IMOEXF,baseline,2024,3,7.623380195,3.811690098,7,AVAILABLE,FULL_QUARTER,POSITIVE
LOCK1_AFTER_2R__N2_06,NORMALIZED,GLDRUBF,baseline,2024,4,8.364333758,4.182166879,8,AVAILABLE,PARTIAL_QUARTER,POSITIVE
LOCK1_AFTER_2R__N2_06,NORMALIZED,IMOEXF,baseline,2024,4,2.943055533,1.471527767,5,AVAILABLE,PARTIAL_QUARTER,POSITIVE
LOCK1_AFTER_2R__N2_06,NORMALIZED,GLDRUBF,walk_forward,2024,1,3.318808571,1.659404286,7,AVAILABLE,FULL_QUARTER,POSITIVE
LOCK1_AFTER_2R__N2_06,NORMALIZED,IMOEXF,walk_forward,2024,1,-2.256842313,-1.128421157,3,AVAILABLE,FULL_QUARTER,NEGATIVE
LOCK1_AFTER_2R__N2_06,NORMALIZED,GLDRUBF,walk_forward,2024,2,-1.168432653,-0.5842163264,5,AVAILABLE,FULL_QUARTER,NEGATIVE
LOCK1_AFTER_2R__N2_06,NORMALIZED,IMOEXF,walk_forward,2024,2,5.244296171,2.622148085,5,AVAILABLE,FULL_QUARTER,POSITIVE
LOCK1_AFTER_2R__N2_06,NORMALIZED,GLDRUBF,walk_forward,2024,3,-1.800814282,-0.9004071408,6,AVAILABLE,FULL_QUARTER,NEGATIVE
LOCK1_AFTER_2R__N2_06,NORMALIZED,IMOEXF,walk_forward,2024,3,3.827226242,1.913613121,3,AVAILABLE,FULL_QUARTER,POSITIVE
LOCK1_AFTER_2R__N2_06,NORMALIZED,GLDRUBF,walk_forward,2024,4,0.2030512828,0.1015256414,4,AVAILABLE,PARTIAL_QUARTER,POSITIVE
LOCK1_AFTER_2R__N2_06,NORMALIZED,IMOEXF,walk_forward,2024,4,1.53728685,0.7686434252,3,AVAILABLE,PARTIAL_QUARTER,POSITIVE
LOCK1_AFTER_2R__N2_06,NORMALIZED,GLDRUBF,historical_true_oos,2025,1,-0.4165586989,-0.2082793494,1,AVAILABLE,PARTIAL_QUARTER,NEGATIVE
LOCK1_AFTER_2R__N2_06,NORMALIZED,IMOEXF,historical_true_oos,2025,1,-0.9765813621,-0.488290681,2,AVAILABLE,PARTIAL_QUARTER,NEGATIVE
LOCK1_AFTER_2R__N2_06,NORMALIZED,GLDRUBF,historical_true_oos,2025,2,0.1437226232,0.0718613116,2,AVAILABLE,FULL_QUARTER,POSITIVE
LOCK1_AFTER_2R__N2_06,NORMALIZED,IMOEXF,historical_true_oos,2025,2,3.293111457,1.646555728,5,AVAILABLE,FULL_QUARTER,POSITIVE
LOCK1_AFTER_2R__N2_06,NORMALIZED,GLDRUBF,historical_true_oos,2025,3,12.84218546,6.421092728,7,AVAILABLE,FULL_QUARTER,POSITIVE
LOCK1_AFTER_2R__N2_06,NORMALIZED,IMOEXF,historical_true_oos,2025,3,-0.02228280491,-0.01114140246,12,AVAILABLE,FULL_QUARTER,NEGATIVE
LOCK1_AFTER_2R__N2_06,NORMALIZED,GLDRUBF,historical_true_oos,2025,4,2.808344618,1.404172309,10,AVAILABLE,FULL_QUARTER,POSITIVE
LOCK1_AFTER_2R__N2_06,NORMALIZED,IMOEXF,historical_true_oos,2025,4,1.53089969,0.7654498448,9,AVAILABLE,FULL_QUARTER,POSITIVE
LOCK1_AFTER_2R__N2_06,NORMALIZED,GLDRUBF,historical_true_oos,2026,1,6.048086573,3.024043287,8,AVAILABLE,FULL_QUARTER,POSITIVE
LOCK1_AFTER_2R__N2_06,NORMALIZED,IMOEXF,historical_true_oos,2026,1,1.207695616,0.6038478078,7,AVAILABLE,FULL_QUARTER,POSITIVE
LOCK1_AFTER_2R__N2_06,NORMALIZED,GLDRUBF,historical_true_oos,2026,2,3.392699205,1.696349602,6,AVAILABLE,FULL_QUARTER,POSITIVE
LOCK1_AFTER_2R__N2_06,NORMALIZED,IMOEXF,historical_true_oos,2026,2,0.8274346722,0.4137173361,13,AVAILABLE,FULL_QUARTER,POSITIVE
LOCK1_AFTER_2R__N2_06,NORMALIZED,GLDRUBF,historical_true_oos,2026,3,7.689444749,3.844722375,8,AVAILABLE,PARTIAL_QUARTER,POSITIVE
LOCK1_AFTER_2R__N2_06,NORMALIZED,IMOEXF,historical_true_oos,2026,3,-2.467484663,-1.233742331,10,AVAILABLE,PARTIAL_QUARTER,NEGATIVE
LOCK1_AFTER_2R__N2_06,FULL,GLDRUBF,baseline,2023,3,-0.435766705,-0.435766705,1,AVAILABLE,PARTIAL_QUARTER,NEGATIVE
LOCK1_AFTER_2R__N2_06,FULL,IMOEXF,baseline,2023,3,0,0,0,NOT_AVAILABLE,NOT_AVAILABLE,ZERO
LOCK1_AFTER_2R__N2_06,FULL,GLDRUBF,baseline,2023,4,0.05167355955,0.05167355955,5,AVAILABLE,FULL_QUARTER,POSITIVE
LOCK1_AFTER_2R__N2_06,FULL,IMOEXF,baseline,2023,4,0,0,0,NOT_AVAILABLE,PARTIAL_QUARTER,ZERO
LOCK1_AFTER_2R__N2_06,FULL,GLDRUBF,baseline,2024,1,0.8259324747,0.8259324747,11,AVAILABLE,FULL_QUARTER,POSITIVE
LOCK1_AFTER_2R__N2_06,FULL,IMOEXF,baseline,2024,1,2.393163239,2.393163239,8,AVAILABLE,FULL_QUARTER,POSITIVE
LOCK1_AFTER_2R__N2_06,FULL,GLDRUBF,baseline,2024,2,3.135010105,3.135010105,9,AVAILABLE,FULL_QUARTER,POSITIVE
LOCK1_AFTER_2R__N2_06,FULL,IMOEXF,baseline,2024,2,5.115292585,5.115292585,6,AVAILABLE,FULL_QUARTER,POSITIVE
LOCK1_AFTER_2R__N2_06,FULL,GLDRUBF,baseline,2024,3,-1.170662863,-1.170662863,7,AVAILABLE,FULL_QUARTER,NEGATIVE
LOCK1_AFTER_2R__N2_06,FULL,IMOEXF,baseline,2024,3,7.623380195,7.623380195,7,AVAILABLE,FULL_QUARTER,POSITIVE
LOCK1_AFTER_2R__N2_06,FULL,GLDRUBF,baseline,2024,4,8.364333758,8.364333758,8,AVAILABLE,PARTIAL_QUARTER,POSITIVE
LOCK1_AFTER_2R__N2_06,FULL,IMOEXF,baseline,2024,4,2.943055533,2.943055533,5,AVAILABLE,PARTIAL_QUARTER,POSITIVE
LOCK1_AFTER_2R__N2_06,FULL,GLDRUBF,walk_forward,2024,1,3.318808571,3.318808571,7,AVAILABLE,FULL_QUARTER,POSITIVE
LOCK1_AFTER_2R__N2_06,FULL,IMOEXF,walk_forward,2024,1,-2.256842313,-2.256842313,3,AVAILABLE,FULL_QUARTER,NEGATIVE
LOCK1_AFTER_2R__N2_06,FULL,GLDRUBF,walk_forward,2024,2,-1.168432653,-1.168432653,5,AVAILABLE,FULL_QUARTER,NEGATIVE
LOCK1_AFTER_2R__N2_06,FULL,IMOEXF,walk_forward,2024,2,5.244296171,5.244296171,5,AVAILABLE,FULL_QUARTER,POSITIVE
LOCK1_AFTER_2R__N2_06,FULL,GLDRUBF,walk_forward,2024,3,-1.800814282,-1.800814282,6,AVAILABLE,FULL_QUARTER,NEGATIVE
LOCK1_AFTER_2R__N2_06,FULL,IMOEXF,walk_forward,2024,3,3.827226242,3.827226242,3,AVAILABLE,FULL_QUARTER,POSITIVE
LOCK1_AFTER_2R__N2_06,FULL,GLDRUBF,walk_forward,2024,4,0.2030512828,0.2030512828,4,AVAILABLE,PARTIAL_QUARTER,POSITIVE
LOCK1_AFTER_2R__N2_06,FULL,IMOEXF,walk_forward,2024,4,1.53728685,1.53728685,3,AVAILABLE,PARTIAL_QUARTER,POSITIVE
LOCK1_AFTER_2R__N2_06,FULL,GLDRUBF,historical_true_oos,2025,1,-0.4165586989,-0.4165586989,1,AVAILABLE,PARTIAL_QUARTER,NEGATIVE
LOCK1_AFTER_2R__N2_06,FULL,IMOEXF,historical_true_oos,2025,1,-0.9765813621,-0.9765813621,2,AVAILABLE,PARTIAL_QUARTER,NEGATIVE
LOCK1_AFTER_2R__N2_06,FULL,GLDRUBF,historical_true_oos,2025,2,0.1437226232,0.1437226232,2,AVAILABLE,FULL_QUARTER,POSITIVE
LOCK1_AFTER_2R__N2_06,FULL,IMOEXF,historical_true_oos,2025,2,3.293111457,3.293111457,5,AVAILABLE,FULL_QUARTER,POSITIVE
LOCK1_AFTER_2R__N2_06,FULL,GLDRUBF,historical_true_oos,2025,3,12.84218546,12.84218546,7,AVAILABLE,FULL_QUARTER,POSITIVE
LOCK1_AFTER_2R__N2_06,FULL,IMOEXF,historical_true_oos,2025,3,-0.02228280491,-0.02228280491,12,AVAILABLE,FULL_QUARTER,NEGATIVE
LOCK1_AFTER_2R__N2_06,FULL,GLDRUBF,historical_true_oos,2025,4,2.808344618,2.808344618,10,AVAILABLE,FULL_QUARTER,POSITIVE
LOCK1_AFTER_2R__N2_06,FULL,IMOEXF,historical_true_oos,2025,4,1.53089969,1.53089969,9,AVAILABLE,FULL_QUARTER,POSITIVE
LOCK1_AFTER_2R__N2_06,FULL,GLDRUBF,historical_true_oos,2026,1,6.048086573,6.048086573,8,AVAILABLE,FULL_QUARTER,POSITIVE
LOCK1_AFTER_2R__N2_06,FULL,IMOEXF,historical_true_oos,2026,1,1.207695616,1.207695616,7,AVAILABLE,FULL_QUARTER,POSITIVE
LOCK1_AFTER_2R__N2_06,FULL,GLDRUBF,historical_true_oos,2026,2,3.392699205,3.392699205,6,AVAILABLE,FULL_QUARTER,POSITIVE
LOCK1_AFTER_2R__N2_06,FULL,IMOEXF,historical_true_oos,2026,2,0.8274346722,0.8274346722,13,AVAILABLE,FULL_QUARTER,POSITIVE
LOCK1_AFTER_2R__N2_06,FULL,GLDRUBF,historical_true_oos,2026,3,7.689444749,7.689444749,8,AVAILABLE,PARTIAL_QUARTER,POSITIVE
LOCK1_AFTER_2R__N2_06,FULL,IMOEXF,historical_true_oos,2026,3,-2.467484663,-2.467484663,10,AVAILABLE,PARTIAL_QUARTER,NEGATIVE
LOCK1_AFTER_2R__N3_01,NORMALIZED,USDRUBF,baseline,2023,1,-2.898422489,-0.9661408296,4,AVAILABLE,PARTIAL_QUARTER,NEGATIVE
LOCK1_AFTER_2R__N3_01,NORMALIZED,CNYRUBF,baseline,2023,1,-1.020555271,-0.3401850903,3,AVAILABLE,PARTIAL_QUARTER,NEGATIVE
LOCK1_AFTER_2R__N3_01,NORMALIZED,GLDRUBF,baseline,2023,1,0,0,0,NOT_AVAILABLE,NOT_AVAILABLE,ZERO
LOCK1_AFTER_2R__N3_01,NORMALIZED,USDRUBF,baseline,2023,2,8.689564697,2.896521566,11,AVAILABLE,FULL_QUARTER,POSITIVE
LOCK1_AFTER_2R__N3_01,NORMALIZED,CNYRUBF,baseline,2023,2,7.795515913,2.598505304,8,AVAILABLE,FULL_QUARTER,POSITIVE
LOCK1_AFTER_2R__N3_01,NORMALIZED,GLDRUBF,baseline,2023,2,0,0,0,NOT_AVAILABLE,NOT_AVAILABLE,ZERO
LOCK1_AFTER_2R__N3_01,NORMALIZED,USDRUBF,baseline,2023,3,5.167328514,1.722442838,8,AVAILABLE,FULL_QUARTER,POSITIVE
LOCK1_AFTER_2R__N3_01,NORMALIZED,CNYRUBF,baseline,2023,3,-2.049622456,-0.6832074853,7,AVAILABLE,FULL_QUARTER,NEGATIVE
LOCK1_AFTER_2R__N3_01,NORMALIZED,GLDRUBF,baseline,2023,3,-0.435766705,-0.1452555683,1,AVAILABLE,PARTIAL_QUARTER,NEGATIVE
LOCK1_AFTER_2R__N3_01,NORMALIZED,USDRUBF,baseline,2023,4,2.280418239,0.7601394131,8,AVAILABLE,FULL_QUARTER,POSITIVE
LOCK1_AFTER_2R__N3_01,NORMALIZED,CNYRUBF,baseline,2023,4,-3.791262962,-1.263754321,6,AVAILABLE,FULL_QUARTER,NEGATIVE
LOCK1_AFTER_2R__N3_01,NORMALIZED,GLDRUBF,baseline,2023,4,0.05167355955,0.01722451985,5,AVAILABLE,FULL_QUARTER,POSITIVE
LOCK1_AFTER_2R__N3_01,NORMALIZED,USDRUBF,baseline,2024,1,-0.4829589909,-0.1609863303,4,AVAILABLE,FULL_QUARTER,NEGATIVE
LOCK1_AFTER_2R__N3_01,NORMALIZED,CNYRUBF,baseline,2024,1,2.817209547,0.9390698491,3,AVAILABLE,FULL_QUARTER,POSITIVE
LOCK1_AFTER_2R__N3_01,NORMALIZED,GLDRUBF,baseline,2024,1,0.8259324747,0.2753108249,11,AVAILABLE,FULL_QUARTER,POSITIVE
LOCK1_AFTER_2R__N3_01,NORMALIZED,USDRUBF,baseline,2024,2,3.61953733,1.206512443,12,AVAILABLE,FULL_QUARTER,POSITIVE
LOCK1_AFTER_2R__N3_01,NORMALIZED,CNYRUBF,baseline,2024,2,14.94403683,4.98134561,11,AVAILABLE,FULL_QUARTER,POSITIVE
LOCK1_AFTER_2R__N3_01,NORMALIZED,GLDRUBF,baseline,2024,2,3.135010105,1.045003368,9,AVAILABLE,FULL_QUARTER,POSITIVE
LOCK1_AFTER_2R__N3_01,NORMALIZED,USDRUBF,baseline,2024,3,1.0249468,0.3416489333,9,AVAILABLE,FULL_QUARTER,POSITIVE
LOCK1_AFTER_2R__N3_01,NORMALIZED,CNYRUBF,baseline,2024,3,0.6441510469,0.2147170156,6,AVAILABLE,FULL_QUARTER,POSITIVE
LOCK1_AFTER_2R__N3_01,NORMALIZED,GLDRUBF,baseline,2024,3,-1.170662863,-0.3902209544,7,AVAILABLE,FULL_QUARTER,NEGATIVE
LOCK1_AFTER_2R__N3_01,NORMALIZED,USDRUBF,baseline,2024,4,5.763429915,1.921143305,7,AVAILABLE,PARTIAL_QUARTER,POSITIVE
LOCK1_AFTER_2R__N3_01,NORMALIZED,CNYRUBF,baseline,2024,4,3.442996412,1.147665471,7,AVAILABLE,PARTIAL_QUARTER,POSITIVE
LOCK1_AFTER_2R__N3_01,NORMALIZED,GLDRUBF,baseline,2024,4,8.364333758,2.788111253,8,AVAILABLE,PARTIAL_QUARTER,POSITIVE
LOCK1_AFTER_2R__N3_01,NORMALIZED,USDRUBF,walk_forward,2024,1,0.3132754899,0.1044251633,2,AVAILABLE,FULL_QUARTER,POSITIVE
LOCK1_AFTER_2R__N3_01,NORMALIZED,CNYRUBF,walk_forward,2024,1,-0.7748154007,-0.2582718002,1,AVAILABLE,FULL_QUARTER,NEGATIVE
LOCK1_AFTER_2R__N3_01,NORMALIZED,GLDRUBF,walk_forward,2024,1,3.318808571,1.106269524,7,AVAILABLE,FULL_QUARTER,POSITIVE
LOCK1_AFTER_2R__N3_01,NORMALIZED,USDRUBF,walk_forward,2024,2,5.285735986,1.761911995,5,AVAILABLE,FULL_QUARTER,POSITIVE
LOCK1_AFTER_2R__N3_01,NORMALIZED,CNYRUBF,walk_forward,2024,2,14.34374878,4.781249593,5,AVAILABLE,FULL_QUARTER,POSITIVE
LOCK1_AFTER_2R__N3_01,NORMALIZED,GLDRUBF,walk_forward,2024,2,-1.168432653,-0.3894775509,5,AVAILABLE,FULL_QUARTER,NEGATIVE
LOCK1_AFTER_2R__N3_01,NORMALIZED,USDRUBF,walk_forward,2024,3,1.803338198,0.6011127325,4,AVAILABLE,FULL_QUARTER,POSITIVE
LOCK1_AFTER_2R__N3_01,NORMALIZED,CNYRUBF,walk_forward,2024,3,0.9080037172,0.3026679057,5,AVAILABLE,FULL_QUARTER,POSITIVE
LOCK1_AFTER_2R__N3_01,NORMALIZED,GLDRUBF,walk_forward,2024,3,-1.800814282,-0.6002714272,6,AVAILABLE,FULL_QUARTER,NEGATIVE
LOCK1_AFTER_2R__N3_01,NORMALIZED,USDRUBF,walk_forward,2024,4,5.348060663,1.782686888,3,AVAILABLE,PARTIAL_QUARTER,POSITIVE
LOCK1_AFTER_2R__N3_01,NORMALIZED,CNYRUBF,walk_forward,2024,4,3.589777842,1.196592614,5,AVAILABLE,PARTIAL_QUARTER,POSITIVE
LOCK1_AFTER_2R__N3_01,NORMALIZED,GLDRUBF,walk_forward,2024,4,0.2030512828,0.06768376092,4,AVAILABLE,PARTIAL_QUARTER,POSITIVE
LOCK1_AFTER_2R__N3_01,NORMALIZED,USDRUBF,historical_true_oos,2025,1,0.669094079,0.2230313597,3,AVAILABLE,PARTIAL_QUARTER,POSITIVE
LOCK1_AFTER_2R__N3_01,NORMALIZED,CNYRUBF,historical_true_oos,2025,1,2.961964957,0.9873216524,3,AVAILABLE,PARTIAL_QUARTER,POSITIVE
LOCK1_AFTER_2R__N3_01,NORMALIZED,GLDRUBF,historical_true_oos,2025,1,-0.4165586989,-0.1388528996,1,AVAILABLE,PARTIAL_QUARTER,NEGATIVE
LOCK1_AFTER_2R__N3_01,NORMALIZED,USDRUBF,historical_true_oos,2025,2,-2.294309312,-0.7647697706,4,AVAILABLE,FULL_QUARTER,NEGATIVE
LOCK1_AFTER_2R__N3_01,NORMALIZED,CNYRUBF,historical_true_oos,2025,2,-2.900060519,-0.9666868398,4,AVAILABLE,FULL_QUARTER,NEGATIVE
LOCK1_AFTER_2R__N3_01,NORMALIZED,GLDRUBF,historical_true_oos,2025,2,0.1437226232,0.04790754107,2,AVAILABLE,FULL_QUARTER,POSITIVE
LOCK1_AFTER_2R__N3_01,NORMALIZED,USDRUBF,historical_true_oos,2025,3,10.28120835,3.427069451,6,AVAILABLE,FULL_QUARTER,POSITIVE
LOCK1_AFTER_2R__N3_01,NORMALIZED,CNYRUBF,historical_true_oos,2025,3,11.77216822,3.924056074,7,AVAILABLE,FULL_QUARTER,POSITIVE
LOCK1_AFTER_2R__N3_01,NORMALIZED,GLDRUBF,historical_true_oos,2025,3,12.84218546,4.280728485,7,AVAILABLE,FULL_QUARTER,POSITIVE
LOCK1_AFTER_2R__N3_01,NORMALIZED,USDRUBF,historical_true_oos,2025,4,-1.526128899,-0.5087096328,12,AVAILABLE,FULL_QUARTER,NEGATIVE
LOCK1_AFTER_2R__N3_01,NORMALIZED,CNYRUBF,historical_true_oos,2025,4,-1.526345042,-0.5087816806,13,AVAILABLE,FULL_QUARTER,NEGATIVE
LOCK1_AFTER_2R__N3_01,NORMALIZED,GLDRUBF,historical_true_oos,2025,4,2.808344618,0.9361148725,10,AVAILABLE,FULL_QUARTER,POSITIVE
LOCK1_AFTER_2R__N3_01,NORMALIZED,USDRUBF,historical_true_oos,2026,1,6.800303784,2.266767928,7,AVAILABLE,FULL_QUARTER,POSITIVE
LOCK1_AFTER_2R__N3_01,NORMALIZED,CNYRUBF,historical_true_oos,2026,1,4.357563927,1.452521309,8,AVAILABLE,FULL_QUARTER,POSITIVE
LOCK1_AFTER_2R__N3_01,NORMALIZED,GLDRUBF,historical_true_oos,2026,1,6.048086573,2.016028858,8,AVAILABLE,FULL_QUARTER,POSITIVE
LOCK1_AFTER_2R__N3_01,NORMALIZED,USDRUBF,historical_true_oos,2026,2,3.481275769,1.160425256,8,AVAILABLE,FULL_QUARTER,POSITIVE
LOCK1_AFTER_2R__N3_01,NORMALIZED,CNYRUBF,historical_true_oos,2026,2,5.018422592,1.672807531,7,AVAILABLE,FULL_QUARTER,POSITIVE
LOCK1_AFTER_2R__N3_01,NORMALIZED,GLDRUBF,historical_true_oos,2026,2,3.392699205,1.130899735,6,AVAILABLE,FULL_QUARTER,POSITIVE
LOCK1_AFTER_2R__N3_01,NORMALIZED,USDRUBF,historical_true_oos,2026,3,6.03583997,2.011946657,9,AVAILABLE,PARTIAL_QUARTER,POSITIVE
LOCK1_AFTER_2R__N3_01,NORMALIZED,CNYRUBF,historical_true_oos,2026,3,3.560382305,1.186794102,9,AVAILABLE,PARTIAL_QUARTER,POSITIVE
LOCK1_AFTER_2R__N3_01,NORMALIZED,GLDRUBF,historical_true_oos,2026,3,7.689444749,2.56314825,8,AVAILABLE,PARTIAL_QUARTER,POSITIVE
LOCK1_AFTER_2R__N3_01,FULL,USDRUBF,baseline,2023,1,-2.898422489,-2.898422489,4,AVAILABLE,PARTIAL_QUARTER,NEGATIVE
LOCK1_AFTER_2R__N3_01,FULL,CNYRUBF,baseline,2023,1,-1.020555271,-1.020555271,3,AVAILABLE,PARTIAL_QUARTER,NEGATIVE
LOCK1_AFTER_2R__N3_01,FULL,GLDRUBF,baseline,2023,1,0,0,0,NOT_AVAILABLE,NOT_AVAILABLE,ZERO
LOCK1_AFTER_2R__N3_01,FULL,USDRUBF,baseline,2023,2,8.689564697,8.689564697,11,AVAILABLE,FULL_QUARTER,POSITIVE
LOCK1_AFTER_2R__N3_01,FULL,CNYRUBF,baseline,2023,2,7.795515913,7.795515913,8,AVAILABLE,FULL_QUARTER,POSITIVE
LOCK1_AFTER_2R__N3_01,FULL,GLDRUBF,baseline,2023,2,0,0,0,NOT_AVAILABLE,NOT_AVAILABLE,ZERO
LOCK1_AFTER_2R__N3_01,FULL,USDRUBF,baseline,2023,3,5.167328514,5.167328514,8,AVAILABLE,FULL_QUARTER,POSITIVE
LOCK1_AFTER_2R__N3_01,FULL,CNYRUBF,baseline,2023,3,-2.049622456,-2.049622456,7,AVAILABLE,FULL_QUARTER,NEGATIVE
LOCK1_AFTER_2R__N3_01,FULL,GLDRUBF,baseline,2023,3,-0.435766705,-0.435766705,1,AVAILABLE,PARTIAL_QUARTER,NEGATIVE
LOCK1_AFTER_2R__N3_01,FULL,USDRUBF,baseline,2023,4,2.280418239,2.280418239,8,AVAILABLE,FULL_QUARTER,POSITIVE
LOCK1_AFTER_2R__N3_01,FULL,CNYRUBF,baseline,2023,4,-3.791262962,-3.791262962,6,AVAILABLE,FULL_QUARTER,NEGATIVE
LOCK1_AFTER_2R__N3_01,FULL,GLDRUBF,baseline,2023,4,0.05167355955,0.05167355955,5,AVAILABLE,FULL_QUARTER,POSITIVE
LOCK1_AFTER_2R__N3_01,FULL,USDRUBF,baseline,2024,1,-0.4829589909,-0.4829589909,4,AVAILABLE,FULL_QUARTER,NEGATIVE
LOCK1_AFTER_2R__N3_01,FULL,CNYRUBF,baseline,2024,1,2.817209547,2.817209547,3,AVAILABLE,FULL_QUARTER,POSITIVE
LOCK1_AFTER_2R__N3_01,FULL,GLDRUBF,baseline,2024,1,0.8259324747,0.8259324747,11,AVAILABLE,FULL_QUARTER,POSITIVE
LOCK1_AFTER_2R__N3_01,FULL,USDRUBF,baseline,2024,2,3.61953733,3.61953733,12,AVAILABLE,FULL_QUARTER,POSITIVE
LOCK1_AFTER_2R__N3_01,FULL,CNYRUBF,baseline,2024,2,14.94403683,14.94403683,11,AVAILABLE,FULL_QUARTER,POSITIVE
LOCK1_AFTER_2R__N3_01,FULL,GLDRUBF,baseline,2024,2,3.135010105,3.135010105,9,AVAILABLE,FULL_QUARTER,POSITIVE
LOCK1_AFTER_2R__N3_01,FULL,USDRUBF,baseline,2024,3,1.0249468,1.0249468,9,AVAILABLE,FULL_QUARTER,POSITIVE
LOCK1_AFTER_2R__N3_01,FULL,CNYRUBF,baseline,2024,3,0.6441510469,0.6441510469,6,AVAILABLE,FULL_QUARTER,POSITIVE
LOCK1_AFTER_2R__N3_01,FULL,GLDRUBF,baseline,2024,3,-1.170662863,-1.170662863,7,AVAILABLE,FULL_QUARTER,NEGATIVE
LOCK1_AFTER_2R__N3_01,FULL,USDRUBF,baseline,2024,4,5.763429915,5.763429915,7,AVAILABLE,PARTIAL_QUARTER,POSITIVE
LOCK1_AFTER_2R__N3_01,FULL,CNYRUBF,baseline,2024,4,3.442996412,3.442996412,7,AVAILABLE,PARTIAL_QUARTER,POSITIVE
LOCK1_AFTER_2R__N3_01,FULL,GLDRUBF,baseline,2024,4,8.364333758,8.364333758,8,AVAILABLE,PARTIAL_QUARTER,POSITIVE
LOCK1_AFTER_2R__N3_01,FULL,USDRUBF,walk_forward,2024,1,0.3132754899,0.3132754899,2,AVAILABLE,FULL_QUARTER,POSITIVE
LOCK1_AFTER_2R__N3_01,FULL,CNYRUBF,walk_forward,2024,1,-0.7748154007,-0.7748154007,1,AVAILABLE,FULL_QUARTER,NEGATIVE
LOCK1_AFTER_2R__N3_01,FULL,GLDRUBF,walk_forward,2024,1,3.318808571,3.318808571,7,AVAILABLE,FULL_QUARTER,POSITIVE
LOCK1_AFTER_2R__N3_01,FULL,USDRUBF,walk_forward,2024,2,5.285735986,5.285735986,5,AVAILABLE,FULL_QUARTER,POSITIVE
LOCK1_AFTER_2R__N3_01,FULL,CNYRUBF,walk_forward,2024,2,14.34374878,14.34374878,5,AVAILABLE,FULL_QUARTER,POSITIVE
LOCK1_AFTER_2R__N3_01,FULL,GLDRUBF,walk_forward,2024,2,-1.168432653,-1.168432653,5,AVAILABLE,FULL_QUARTER,NEGATIVE
LOCK1_AFTER_2R__N3_01,FULL,USDRUBF,walk_forward,2024,3,1.803338198,1.803338198,4,AVAILABLE,FULL_QUARTER,POSITIVE
LOCK1_AFTER_2R__N3_01,FULL,CNYRUBF,walk_forward,2024,3,0.9080037172,0.9080037172,5,AVAILABLE,FULL_QUARTER,POSITIVE
LOCK1_AFTER_2R__N3_01,FULL,GLDRUBF,walk_forward,2024,3,-1.800814282,-1.800814282,6,AVAILABLE,FULL_QUARTER,NEGATIVE
LOCK1_AFTER_2R__N3_01,FULL,USDRUBF,walk_forward,2024,4,5.348060663,5.348060663,3,AVAILABLE,PARTIAL_QUARTER,POSITIVE
LOCK1_AFTER_2R__N3_01,FULL,CNYRUBF,walk_forward,2024,4,3.589777842,3.589777842,5,AVAILABLE,PARTIAL_QUARTER,POSITIVE
LOCK1_AFTER_2R__N3_01,FULL,GLDRUBF,walk_forward,2024,4,0.2030512828,0.2030512828,4,AVAILABLE,PARTIAL_QUARTER,POSITIVE
LOCK1_AFTER_2R__N3_01,FULL,USDRUBF,historical_true_oos,2025,1,0.669094079,0.669094079,3,AVAILABLE,PARTIAL_QUARTER,POSITIVE
LOCK1_AFTER_2R__N3_01,FULL,CNYRUBF,historical_true_oos,2025,1,2.961964957,2.961964957,3,AVAILABLE,PARTIAL_QUARTER,POSITIVE
LOCK1_AFTER_2R__N3_01,FULL,GLDRUBF,historical_true_oos,2025,1,-0.4165586989,-0.4165586989,1,AVAILABLE,PARTIAL_QUARTER,NEGATIVE
LOCK1_AFTER_2R__N3_01,FULL,USDRUBF,historical_true_oos,2025,2,-2.294309312,-2.294309312,4,AVAILABLE,FULL_QUARTER,NEGATIVE
LOCK1_AFTER_2R__N3_01,FULL,CNYRUBF,historical_true_oos,2025,2,-2.900060519,-2.900060519,4,AVAILABLE,FULL_QUARTER,NEGATIVE
LOCK1_AFTER_2R__N3_01,FULL,GLDRUBF,historical_true_oos,2025,2,0.1437226232,0.1437226232,2,AVAILABLE,FULL_QUARTER,POSITIVE
LOCK1_AFTER_2R__N3_01,FULL,USDRUBF,historical_true_oos,2025,3,10.28120835,10.28120835,6,AVAILABLE,FULL_QUARTER,POSITIVE
LOCK1_AFTER_2R__N3_01,FULL,CNYRUBF,historical_true_oos,2025,3,11.77216822,11.77216822,7,AVAILABLE,FULL_QUARTER,POSITIVE
LOCK1_AFTER_2R__N3_01,FULL,GLDRUBF,historical_true_oos,2025,3,12.84218546,12.84218546,7,AVAILABLE,FULL_QUARTER,POSITIVE
LOCK1_AFTER_2R__N3_01,FULL,USDRUBF,historical_true_oos,2025,4,-1.526128899,-1.526128899,12,AVAILABLE,FULL_QUARTER,NEGATIVE
LOCK1_AFTER_2R__N3_01,FULL,CNYRUBF,historical_true_oos,2025,4,-1.526345042,-1.526345042,13,AVAILABLE,FULL_QUARTER,NEGATIVE
LOCK1_AFTER_2R__N3_01,FULL,GLDRUBF,historical_true_oos,2025,4,2.808344618,2.808344618,10,AVAILABLE,FULL_QUARTER,POSITIVE
LOCK1_AFTER_2R__N3_01,FULL,USDRUBF,historical_true_oos,2026,1,6.800303784,6.800303784,7,AVAILABLE,FULL_QUARTER,POSITIVE
LOCK1_AFTER_2R__N3_01,FULL,CNYRUBF,historical_true_oos,2026,1,4.357563927,4.357563927,8,AVAILABLE,FULL_QUARTER,POSITIVE
LOCK1_AFTER_2R__N3_01,FULL,GLDRUBF,historical_true_oos,2026,1,6.048086573,6.048086573,8,AVAILABLE,FULL_QUARTER,POSITIVE
LOCK1_AFTER_2R__N3_01,FULL,USDRUBF,historical_true_oos,2026,2,3.481275769,3.481275769,8,AVAILABLE,FULL_QUARTER,POSITIVE
LOCK1_AFTER_2R__N3_01,FULL,CNYRUBF,historical_true_oos,2026,2,5.018422592,5.018422592,7,AVAILABLE,FULL_QUARTER,POSITIVE
LOCK1_AFTER_2R__N3_01,FULL,GLDRUBF,historical_true_oos,2026,2,3.392699205,3.392699205,6,AVAILABLE,FULL_QUARTER,POSITIVE
LOCK1_AFTER_2R__N3_01,FULL,USDRUBF,historical_true_oos,2026,3,6.03583997,6.03583997,9,AVAILABLE,PARTIAL_QUARTER,POSITIVE
LOCK1_AFTER_2R__N3_01,FULL,CNYRUBF,historical_true_oos,2026,3,3.560382305,3.560382305,9,AVAILABLE,PARTIAL_QUARTER,POSITIVE
LOCK1_AFTER_2R__N3_01,FULL,GLDRUBF,historical_true_oos,2026,3,7.689444749,7.689444749,8,AVAILABLE,PARTIAL_QUARTER,POSITIVE
LOCK1_AFTER_2R__N3_02,NORMALIZED,USDRUBF,baseline,2023,1,-2.898422489,-0.9661408296,4,AVAILABLE,PARTIAL_QUARTER,NEGATIVE
LOCK1_AFTER_2R__N3_02,NORMALIZED,CNYRUBF,baseline,2023,1,-1.020555271,-0.3401850903,3,AVAILABLE,PARTIAL_QUARTER,NEGATIVE
LOCK1_AFTER_2R__N3_02,NORMALIZED,IMOEXF,baseline,2023,1,0,0,0,NOT_AVAILABLE,NOT_AVAILABLE,ZERO
LOCK1_AFTER_2R__N3_02,NORMALIZED,USDRUBF,baseline,2023,2,8.689564697,2.896521566,11,AVAILABLE,FULL_QUARTER,POSITIVE
LOCK1_AFTER_2R__N3_02,NORMALIZED,CNYRUBF,baseline,2023,2,7.795515913,2.598505304,8,AVAILABLE,FULL_QUARTER,POSITIVE
LOCK1_AFTER_2R__N3_02,NORMALIZED,IMOEXF,baseline,2023,2,0,0,0,NOT_AVAILABLE,NOT_AVAILABLE,ZERO
LOCK1_AFTER_2R__N3_02,NORMALIZED,USDRUBF,baseline,2023,3,5.167328514,1.722442838,8,AVAILABLE,FULL_QUARTER,POSITIVE
LOCK1_AFTER_2R__N3_02,NORMALIZED,CNYRUBF,baseline,2023,3,-2.049622456,-0.6832074853,7,AVAILABLE,FULL_QUARTER,NEGATIVE
LOCK1_AFTER_2R__N3_02,NORMALIZED,IMOEXF,baseline,2023,3,0,0,0,NOT_AVAILABLE,NOT_AVAILABLE,ZERO
LOCK1_AFTER_2R__N3_02,NORMALIZED,USDRUBF,baseline,2023,4,2.280418239,0.7601394131,8,AVAILABLE,FULL_QUARTER,POSITIVE
LOCK1_AFTER_2R__N3_02,NORMALIZED,CNYRUBF,baseline,2023,4,-3.791262962,-1.263754321,6,AVAILABLE,FULL_QUARTER,NEGATIVE
LOCK1_AFTER_2R__N3_02,NORMALIZED,IMOEXF,baseline,2023,4,0,0,0,NOT_AVAILABLE,PARTIAL_QUARTER,ZERO
LOCK1_AFTER_2R__N3_02,NORMALIZED,USDRUBF,baseline,2024,1,-0.4829589909,-0.1609863303,4,AVAILABLE,FULL_QUARTER,NEGATIVE
LOCK1_AFTER_2R__N3_02,NORMALIZED,CNYRUBF,baseline,2024,1,2.817209547,0.9390698491,3,AVAILABLE,FULL_QUARTER,POSITIVE
LOCK1_AFTER_2R__N3_02,NORMALIZED,IMOEXF,baseline,2024,1,2.393163239,0.7977210795,8,AVAILABLE,FULL_QUARTER,POSITIVE
LOCK1_AFTER_2R__N3_02,NORMALIZED,USDRUBF,baseline,2024,2,3.61953733,1.206512443,12,AVAILABLE,FULL_QUARTER,POSITIVE
LOCK1_AFTER_2R__N3_02,NORMALIZED,CNYRUBF,baseline,2024,2,14.94403683,4.98134561,11,AVAILABLE,FULL_QUARTER,POSITIVE
LOCK1_AFTER_2R__N3_02,NORMALIZED,IMOEXF,baseline,2024,2,5.115292585,1.705097528,6,AVAILABLE,FULL_QUARTER,POSITIVE
LOCK1_AFTER_2R__N3_02,NORMALIZED,USDRUBF,baseline,2024,3,1.0249468,0.3416489333,9,AVAILABLE,FULL_QUARTER,POSITIVE
LOCK1_AFTER_2R__N3_02,NORMALIZED,CNYRUBF,baseline,2024,3,0.6441510469,0.2147170156,6,AVAILABLE,FULL_QUARTER,POSITIVE
LOCK1_AFTER_2R__N3_02,NORMALIZED,IMOEXF,baseline,2024,3,7.623380195,2.541126732,7,AVAILABLE,FULL_QUARTER,POSITIVE
LOCK1_AFTER_2R__N3_02,NORMALIZED,USDRUBF,baseline,2024,4,5.763429915,1.921143305,7,AVAILABLE,PARTIAL_QUARTER,POSITIVE
LOCK1_AFTER_2R__N3_02,NORMALIZED,CNYRUBF,baseline,2024,4,3.442996412,1.147665471,7,AVAILABLE,PARTIAL_QUARTER,POSITIVE
LOCK1_AFTER_2R__N3_02,NORMALIZED,IMOEXF,baseline,2024,4,2.943055533,0.9810185111,5,AVAILABLE,PARTIAL_QUARTER,POSITIVE
LOCK1_AFTER_2R__N3_02,NORMALIZED,USDRUBF,walk_forward,2024,1,0.3132754899,0.1044251633,2,AVAILABLE,FULL_QUARTER,POSITIVE
LOCK1_AFTER_2R__N3_02,NORMALIZED,CNYRUBF,walk_forward,2024,1,-0.7748154007,-0.2582718002,1,AVAILABLE,FULL_QUARTER,NEGATIVE
LOCK1_AFTER_2R__N3_02,NORMALIZED,IMOEXF,walk_forward,2024,1,-2.256842313,-0.752280771,3,AVAILABLE,FULL_QUARTER,NEGATIVE
LOCK1_AFTER_2R__N3_02,NORMALIZED,USDRUBF,walk_forward,2024,2,5.285735986,1.761911995,5,AVAILABLE,FULL_QUARTER,POSITIVE
LOCK1_AFTER_2R__N3_02,NORMALIZED,CNYRUBF,walk_forward,2024,2,14.34374878,4.781249593,5,AVAILABLE,FULL_QUARTER,POSITIVE
LOCK1_AFTER_2R__N3_02,NORMALIZED,IMOEXF,walk_forward,2024,2,5.244296171,1.748098724,5,AVAILABLE,FULL_QUARTER,POSITIVE
LOCK1_AFTER_2R__N3_02,NORMALIZED,USDRUBF,walk_forward,2024,3,1.803338198,0.6011127325,4,AVAILABLE,FULL_QUARTER,POSITIVE
LOCK1_AFTER_2R__N3_02,NORMALIZED,CNYRUBF,walk_forward,2024,3,0.9080037172,0.3026679057,5,AVAILABLE,FULL_QUARTER,POSITIVE
LOCK1_AFTER_2R__N3_02,NORMALIZED,IMOEXF,walk_forward,2024,3,3.827226242,1.275742081,3,AVAILABLE,FULL_QUARTER,POSITIVE
LOCK1_AFTER_2R__N3_02,NORMALIZED,USDRUBF,walk_forward,2024,4,5.348060663,1.782686888,3,AVAILABLE,PARTIAL_QUARTER,POSITIVE
LOCK1_AFTER_2R__N3_02,NORMALIZED,CNYRUBF,walk_forward,2024,4,3.589777842,1.196592614,5,AVAILABLE,PARTIAL_QUARTER,POSITIVE
LOCK1_AFTER_2R__N3_02,NORMALIZED,IMOEXF,walk_forward,2024,4,1.53728685,0.5124289501,3,AVAILABLE,PARTIAL_QUARTER,POSITIVE
LOCK1_AFTER_2R__N3_02,NORMALIZED,USDRUBF,historical_true_oos,2025,1,0.669094079,0.2230313597,3,AVAILABLE,PARTIAL_QUARTER,POSITIVE
LOCK1_AFTER_2R__N3_02,NORMALIZED,CNYRUBF,historical_true_oos,2025,1,2.961964957,0.9873216524,3,AVAILABLE,PARTIAL_QUARTER,POSITIVE
LOCK1_AFTER_2R__N3_02,NORMALIZED,IMOEXF,historical_true_oos,2025,1,-0.9765813621,-0.3255271207,2,AVAILABLE,PARTIAL_QUARTER,NEGATIVE
LOCK1_AFTER_2R__N3_02,NORMALIZED,USDRUBF,historical_true_oos,2025,2,-2.294309312,-0.7647697706,4,AVAILABLE,FULL_QUARTER,NEGATIVE
LOCK1_AFTER_2R__N3_02,NORMALIZED,CNYRUBF,historical_true_oos,2025,2,-2.900060519,-0.9666868398,4,AVAILABLE,FULL_QUARTER,NEGATIVE
LOCK1_AFTER_2R__N3_02,NORMALIZED,IMOEXF,historical_true_oos,2025,2,3.293111457,1.097703819,5,AVAILABLE,FULL_QUARTER,POSITIVE
LOCK1_AFTER_2R__N3_02,NORMALIZED,USDRUBF,historical_true_oos,2025,3,10.28120835,3.427069451,6,AVAILABLE,FULL_QUARTER,POSITIVE
LOCK1_AFTER_2R__N3_02,NORMALIZED,CNYRUBF,historical_true_oos,2025,3,11.77216822,3.924056074,7,AVAILABLE,FULL_QUARTER,POSITIVE
LOCK1_AFTER_2R__N3_02,NORMALIZED,IMOEXF,historical_true_oos,2025,3,-0.02228280491,-0.007427601638,12,AVAILABLE,FULL_QUARTER,NEGATIVE
LOCK1_AFTER_2R__N3_02,NORMALIZED,USDRUBF,historical_true_oos,2025,4,-1.526128899,-0.5087096328,12,AVAILABLE,FULL_QUARTER,NEGATIVE
LOCK1_AFTER_2R__N3_02,NORMALIZED,CNYRUBF,historical_true_oos,2025,4,-1.526345042,-0.5087816806,13,AVAILABLE,FULL_QUARTER,NEGATIVE
LOCK1_AFTER_2R__N3_02,NORMALIZED,IMOEXF,historical_true_oos,2025,4,1.53089969,0.5102998965,9,AVAILABLE,FULL_QUARTER,POSITIVE
LOCK1_AFTER_2R__N3_02,NORMALIZED,USDRUBF,historical_true_oos,2026,1,6.800303784,2.266767928,7,AVAILABLE,FULL_QUARTER,POSITIVE
LOCK1_AFTER_2R__N3_02,NORMALIZED,CNYRUBF,historical_true_oos,2026,1,4.357563927,1.452521309,8,AVAILABLE,FULL_QUARTER,POSITIVE
LOCK1_AFTER_2R__N3_02,NORMALIZED,IMOEXF,historical_true_oos,2026,1,1.207695616,0.4025652052,7,AVAILABLE,FULL_QUARTER,POSITIVE
LOCK1_AFTER_2R__N3_02,NORMALIZED,USDRUBF,historical_true_oos,2026,2,3.481275769,1.160425256,8,AVAILABLE,FULL_QUARTER,POSITIVE
LOCK1_AFTER_2R__N3_02,NORMALIZED,CNYRUBF,historical_true_oos,2026,2,5.018422592,1.672807531,7,AVAILABLE,FULL_QUARTER,POSITIVE
LOCK1_AFTER_2R__N3_02,NORMALIZED,IMOEXF,historical_true_oos,2026,2,0.8274346722,0.2758115574,13,AVAILABLE,FULL_QUARTER,POSITIVE
LOCK1_AFTER_2R__N3_02,NORMALIZED,USDRUBF,historical_true_oos,2026,3,6.03583997,2.011946657,9,AVAILABLE,PARTIAL_QUARTER,POSITIVE
LOCK1_AFTER_2R__N3_02,NORMALIZED,CNYRUBF,historical_true_oos,2026,3,3.560382305,1.186794102,9,AVAILABLE,PARTIAL_QUARTER,POSITIVE
LOCK1_AFTER_2R__N3_02,NORMALIZED,IMOEXF,historical_true_oos,2026,3,-2.467484663,-0.8224948875,10,AVAILABLE,PARTIAL_QUARTER,NEGATIVE
LOCK1_AFTER_2R__N3_02,FULL,USDRUBF,baseline,2023,1,-2.898422489,-2.898422489,4,AVAILABLE,PARTIAL_QUARTER,NEGATIVE
LOCK1_AFTER_2R__N3_02,FULL,CNYRUBF,baseline,2023,1,-1.020555271,-1.020555271,3,AVAILABLE,PARTIAL_QUARTER,NEGATIVE
LOCK1_AFTER_2R__N3_02,FULL,IMOEXF,baseline,2023,1,0,0,0,NOT_AVAILABLE,NOT_AVAILABLE,ZERO
LOCK1_AFTER_2R__N3_02,FULL,USDRUBF,baseline,2023,2,8.689564697,8.689564697,11,AVAILABLE,FULL_QUARTER,POSITIVE
LOCK1_AFTER_2R__N3_02,FULL,CNYRUBF,baseline,2023,2,7.795515913,7.795515913,8,AVAILABLE,FULL_QUARTER,POSITIVE
LOCK1_AFTER_2R__N3_02,FULL,IMOEXF,baseline,2023,2,0,0,0,NOT_AVAILABLE,NOT_AVAILABLE,ZERO
LOCK1_AFTER_2R__N3_02,FULL,USDRUBF,baseline,2023,3,5.167328514,5.167328514,8,AVAILABLE,FULL_QUARTER,POSITIVE
LOCK1_AFTER_2R__N3_02,FULL,CNYRUBF,baseline,2023,3,-2.049622456,-2.049622456,7,AVAILABLE,FULL_QUARTER,NEGATIVE
LOCK1_AFTER_2R__N3_02,FULL,IMOEXF,baseline,2023,3,0,0,0,NOT_AVAILABLE,NOT_AVAILABLE,ZERO
LOCK1_AFTER_2R__N3_02,FULL,USDRUBF,baseline,2023,4,2.280418239,2.280418239,8,AVAILABLE,FULL_QUARTER,POSITIVE
LOCK1_AFTER_2R__N3_02,FULL,CNYRUBF,baseline,2023,4,-3.791262962,-3.791262962,6,AVAILABLE,FULL_QUARTER,NEGATIVE
LOCK1_AFTER_2R__N3_02,FULL,IMOEXF,baseline,2023,4,0,0,0,NOT_AVAILABLE,PARTIAL_QUARTER,ZERO
LOCK1_AFTER_2R__N3_02,FULL,USDRUBF,baseline,2024,1,-0.4829589909,-0.4829589909,4,AVAILABLE,FULL_QUARTER,NEGATIVE
LOCK1_AFTER_2R__N3_02,FULL,CNYRUBF,baseline,2024,1,2.817209547,2.817209547,3,AVAILABLE,FULL_QUARTER,POSITIVE
LOCK1_AFTER_2R__N3_02,FULL,IMOEXF,baseline,2024,1,2.393163239,2.393163239,8,AVAILABLE,FULL_QUARTER,POSITIVE
LOCK1_AFTER_2R__N3_02,FULL,USDRUBF,baseline,2024,2,3.61953733,3.61953733,12,AVAILABLE,FULL_QUARTER,POSITIVE
LOCK1_AFTER_2R__N3_02,FULL,CNYRUBF,baseline,2024,2,14.94403683,14.94403683,11,AVAILABLE,FULL_QUARTER,POSITIVE
LOCK1_AFTER_2R__N3_02,FULL,IMOEXF,baseline,2024,2,5.115292585,5.115292585,6,AVAILABLE,FULL_QUARTER,POSITIVE
LOCK1_AFTER_2R__N3_02,FULL,USDRUBF,baseline,2024,3,1.0249468,1.0249468,9,AVAILABLE,FULL_QUARTER,POSITIVE
LOCK1_AFTER_2R__N3_02,FULL,CNYRUBF,baseline,2024,3,0.6441510469,0.6441510469,6,AVAILABLE,FULL_QUARTER,POSITIVE
LOCK1_AFTER_2R__N3_02,FULL,IMOEXF,baseline,2024,3,7.623380195,7.623380195,7,AVAILABLE,FULL_QUARTER,POSITIVE
LOCK1_AFTER_2R__N3_02,FULL,USDRUBF,baseline,2024,4,5.763429915,5.763429915,7,AVAILABLE,PARTIAL_QUARTER,POSITIVE
LOCK1_AFTER_2R__N3_02,FULL,CNYRUBF,baseline,2024,4,3.442996412,3.442996412,7,AVAILABLE,PARTIAL_QUARTER,POSITIVE
LOCK1_AFTER_2R__N3_02,FULL,IMOEXF,baseline,2024,4,2.943055533,2.943055533,5,AVAILABLE,PARTIAL_QUARTER,POSITIVE
LOCK1_AFTER_2R__N3_02,FULL,USDRUBF,walk_forward,2024,1,0.3132754899,0.3132754899,2,AVAILABLE,FULL_QUARTER,POSITIVE
LOCK1_AFTER_2R__N3_02,FULL,CNYRUBF,walk_forward,2024,1,-0.7748154007,-0.7748154007,1,AVAILABLE,FULL_QUARTER,NEGATIVE
LOCK1_AFTER_2R__N3_02,FULL,IMOEXF,walk_forward,2024,1,-2.256842313,-2.256842313,3,AVAILABLE,FULL_QUARTER,NEGATIVE
LOCK1_AFTER_2R__N3_02,FULL,USDRUBF,walk_forward,2024,2,5.285735986,5.285735986,5,AVAILABLE,FULL_QUARTER,POSITIVE
LOCK1_AFTER_2R__N3_02,FULL,CNYRUBF,walk_forward,2024,2,14.34374878,14.34374878,5,AVAILABLE,FULL_QUARTER,POSITIVE
LOCK1_AFTER_2R__N3_02,FULL,IMOEXF,walk_forward,2024,2,5.244296171,5.244296171,5,AVAILABLE,FULL_QUARTER,POSITIVE
LOCK1_AFTER_2R__N3_02,FULL,USDRUBF,walk_forward,2024,3,1.803338198,1.803338198,4,AVAILABLE,FULL_QUARTER,POSITIVE
LOCK1_AFTER_2R__N3_02,FULL,CNYRUBF,walk_forward,2024,3,0.9080037172,0.9080037172,5,AVAILABLE,FULL_QUARTER,POSITIVE
LOCK1_AFTER_2R__N3_02,FULL,IMOEXF,walk_forward,2024,3,3.827226242,3.827226242,3,AVAILABLE,FULL_QUARTER,POSITIVE
LOCK1_AFTER_2R__N3_02,FULL,USDRUBF,walk_forward,2024,4,5.348060663,5.348060663,3,AVAILABLE,PARTIAL_QUARTER,POSITIVE
LOCK1_AFTER_2R__N3_02,FULL,CNYRUBF,walk_forward,2024,4,3.589777842,3.589777842,5,AVAILABLE,PARTIAL_QUARTER,POSITIVE
LOCK1_AFTER_2R__N3_02,FULL,IMOEXF,walk_forward,2024,4,1.53728685,1.53728685,3,AVAILABLE,PARTIAL_QUARTER,POSITIVE
LOCK1_AFTER_2R__N3_02,FULL,USDRUBF,historical_true_oos,2025,1,0.669094079,0.669094079,3,AVAILABLE,PARTIAL_QUARTER,POSITIVE
LOCK1_AFTER_2R__N3_02,FULL,CNYRUBF,historical_true_oos,2025,1,2.961964957,2.961964957,3,AVAILABLE,PARTIAL_QUARTER,POSITIVE
LOCK1_AFTER_2R__N3_02,FULL,IMOEXF,historical_true_oos,2025,1,-0.9765813621,-0.9765813621,2,AVAILABLE,PARTIAL_QUARTER,NEGATIVE
LOCK1_AFTER_2R__N3_02,FULL,USDRUBF,historical_true_oos,2025,2,-2.294309312,-2.294309312,4,AVAILABLE,FULL_QUARTER,NEGATIVE
LOCK1_AFTER_2R__N3_02,FULL,CNYRUBF,historical_true_oos,2025,2,-2.900060519,-2.900060519,4,AVAILABLE,FULL_QUARTER,NEGATIVE
LOCK1_AFTER_2R__N3_02,FULL,IMOEXF,historical_true_oos,2025,2,3.293111457,3.293111457,5,AVAILABLE,FULL_QUARTER,POSITIVE
LOCK1_AFTER_2R__N3_02,FULL,USDRUBF,historical_true_oos,2025,3,10.28120835,10.28120835,6,AVAILABLE,FULL_QUARTER,POSITIVE
LOCK1_AFTER_2R__N3_02,FULL,CNYRUBF,historical_true_oos,2025,3,11.77216822,11.77216822,7,AVAILABLE,FULL_QUARTER,POSITIVE
LOCK1_AFTER_2R__N3_02,FULL,IMOEXF,historical_true_oos,2025,3,-0.02228280491,-0.02228280491,12,AVAILABLE,FULL_QUARTER,NEGATIVE
LOCK1_AFTER_2R__N3_02,FULL,USDRUBF,historical_true_oos,2025,4,-1.526128899,-1.526128899,12,AVAILABLE,FULL_QUARTER,NEGATIVE
LOCK1_AFTER_2R__N3_02,FULL,CNYRUBF,historical_true_oos,2025,4,-1.526345042,-1.526345042,13,AVAILABLE,FULL_QUARTER,NEGATIVE
LOCK1_AFTER_2R__N3_02,FULL,IMOEXF,historical_true_oos,2025,4,1.53089969,1.53089969,9,AVAILABLE,FULL_QUARTER,POSITIVE
LOCK1_AFTER_2R__N3_02,FULL,USDRUBF,historical_true_oos,2026,1,6.800303784,6.800303784,7,AVAILABLE,FULL_QUARTER,POSITIVE
LOCK1_AFTER_2R__N3_02,FULL,CNYRUBF,historical_true_oos,2026,1,4.357563927,4.357563927,8,AVAILABLE,FULL_QUARTER,POSITIVE
LOCK1_AFTER_2R__N3_02,FULL,IMOEXF,historical_true_oos,2026,1,1.207695616,1.207695616,7,AVAILABLE,FULL_QUARTER,POSITIVE
LOCK1_AFTER_2R__N3_02,FULL,USDRUBF,historical_true_oos,2026,2,3.481275769,3.481275769,8,AVAILABLE,FULL_QUARTER,POSITIVE
LOCK1_AFTER_2R__N3_02,FULL,CNYRUBF,historical_true_oos,2026,2,5.018422592,5.018422592,7,AVAILABLE,FULL_QUARTER,POSITIVE
LOCK1_AFTER_2R__N3_02,FULL,IMOEXF,historical_true_oos,2026,2,0.8274346722,0.8274346722,13,AVAILABLE,FULL_QUARTER,POSITIVE
LOCK1_AFTER_2R__N3_02,FULL,USDRUBF,historical_true_oos,2026,3,6.03583997,6.03583997,9,AVAILABLE,PARTIAL_QUARTER,POSITIVE
LOCK1_AFTER_2R__N3_02,FULL,CNYRUBF,historical_true_oos,2026,3,3.560382305,3.560382305,9,AVAILABLE,PARTIAL_QUARTER,POSITIVE
LOCK1_AFTER_2R__N3_02,FULL,IMOEXF,historical_true_oos,2026,3,-2.467484663,-2.467484663,10,AVAILABLE,PARTIAL_QUARTER,NEGATIVE
LOCK1_AFTER_2R__N3_03,NORMALIZED,USDRUBF,baseline,2023,1,-2.898422489,-0.9661408296,4,AVAILABLE,PARTIAL_QUARTER,NEGATIVE
LOCK1_AFTER_2R__N3_03,NORMALIZED,GLDRUBF,baseline,2023,1,0,0,0,NOT_AVAILABLE,NOT_AVAILABLE,ZERO
LOCK1_AFTER_2R__N3_03,NORMALIZED,IMOEXF,baseline,2023,1,0,0,0,NOT_AVAILABLE,NOT_AVAILABLE,ZERO
LOCK1_AFTER_2R__N3_03,NORMALIZED,USDRUBF,baseline,2023,2,8.689564697,2.896521566,11,AVAILABLE,FULL_QUARTER,POSITIVE
LOCK1_AFTER_2R__N3_03,NORMALIZED,GLDRUBF,baseline,2023,2,0,0,0,NOT_AVAILABLE,NOT_AVAILABLE,ZERO
LOCK1_AFTER_2R__N3_03,NORMALIZED,IMOEXF,baseline,2023,2,0,0,0,NOT_AVAILABLE,NOT_AVAILABLE,ZERO
LOCK1_AFTER_2R__N3_03,NORMALIZED,USDRUBF,baseline,2023,3,5.167328514,1.722442838,8,AVAILABLE,FULL_QUARTER,POSITIVE
LOCK1_AFTER_2R__N3_03,NORMALIZED,GLDRUBF,baseline,2023,3,-0.435766705,-0.1452555683,1,AVAILABLE,PARTIAL_QUARTER,NEGATIVE
LOCK1_AFTER_2R__N3_03,NORMALIZED,IMOEXF,baseline,2023,3,0,0,0,NOT_AVAILABLE,NOT_AVAILABLE,ZERO
LOCK1_AFTER_2R__N3_03,NORMALIZED,USDRUBF,baseline,2023,4,2.280418239,0.7601394131,8,AVAILABLE,FULL_QUARTER,POSITIVE
LOCK1_AFTER_2R__N3_03,NORMALIZED,GLDRUBF,baseline,2023,4,0.05167355955,0.01722451985,5,AVAILABLE,FULL_QUARTER,POSITIVE
LOCK1_AFTER_2R__N3_03,NORMALIZED,IMOEXF,baseline,2023,4,0,0,0,NOT_AVAILABLE,PARTIAL_QUARTER,ZERO
LOCK1_AFTER_2R__N3_03,NORMALIZED,USDRUBF,baseline,2024,1,-0.4829589909,-0.1609863303,4,AVAILABLE,FULL_QUARTER,NEGATIVE
LOCK1_AFTER_2R__N3_03,NORMALIZED,GLDRUBF,baseline,2024,1,0.8259324747,0.2753108249,11,AVAILABLE,FULL_QUARTER,POSITIVE
LOCK1_AFTER_2R__N3_03,NORMALIZED,IMOEXF,baseline,2024,1,2.393163239,0.7977210795,8,AVAILABLE,FULL_QUARTER,POSITIVE
LOCK1_AFTER_2R__N3_03,NORMALIZED,USDRUBF,baseline,2024,2,3.61953733,1.206512443,12,AVAILABLE,FULL_QUARTER,POSITIVE
LOCK1_AFTER_2R__N3_03,NORMALIZED,GLDRUBF,baseline,2024,2,3.135010105,1.045003368,9,AVAILABLE,FULL_QUARTER,POSITIVE
LOCK1_AFTER_2R__N3_03,NORMALIZED,IMOEXF,baseline,2024,2,5.115292585,1.705097528,6,AVAILABLE,FULL_QUARTER,POSITIVE
LOCK1_AFTER_2R__N3_03,NORMALIZED,USDRUBF,baseline,2024,3,1.0249468,0.3416489333,9,AVAILABLE,FULL_QUARTER,POSITIVE
LOCK1_AFTER_2R__N3_03,NORMALIZED,GLDRUBF,baseline,2024,3,-1.170662863,-0.3902209544,7,AVAILABLE,FULL_QUARTER,NEGATIVE
LOCK1_AFTER_2R__N3_03,NORMALIZED,IMOEXF,baseline,2024,3,7.623380195,2.541126732,7,AVAILABLE,FULL_QUARTER,POSITIVE
LOCK1_AFTER_2R__N3_03,NORMALIZED,USDRUBF,baseline,2024,4,5.763429915,1.921143305,7,AVAILABLE,PARTIAL_QUARTER,POSITIVE
LOCK1_AFTER_2R__N3_03,NORMALIZED,GLDRUBF,baseline,2024,4,8.364333758,2.788111253,8,AVAILABLE,PARTIAL_QUARTER,POSITIVE
LOCK1_AFTER_2R__N3_03,NORMALIZED,IMOEXF,baseline,2024,4,2.943055533,0.9810185111,5,AVAILABLE,PARTIAL_QUARTER,POSITIVE
LOCK1_AFTER_2R__N3_03,NORMALIZED,USDRUBF,walk_forward,2024,1,0.3132754899,0.1044251633,2,AVAILABLE,FULL_QUARTER,POSITIVE
LOCK1_AFTER_2R__N3_03,NORMALIZED,GLDRUBF,walk_forward,2024,1,3.318808571,1.106269524,7,AVAILABLE,FULL_QUARTER,POSITIVE
LOCK1_AFTER_2R__N3_03,NORMALIZED,IMOEXF,walk_forward,2024,1,-2.256842313,-0.752280771,3,AVAILABLE,FULL_QUARTER,NEGATIVE
LOCK1_AFTER_2R__N3_03,NORMALIZED,USDRUBF,walk_forward,2024,2,5.285735986,1.761911995,5,AVAILABLE,FULL_QUARTER,POSITIVE
LOCK1_AFTER_2R__N3_03,NORMALIZED,GLDRUBF,walk_forward,2024,2,-1.168432653,-0.3894775509,5,AVAILABLE,FULL_QUARTER,NEGATIVE
LOCK1_AFTER_2R__N3_03,NORMALIZED,IMOEXF,walk_forward,2024,2,5.244296171,1.748098724,5,AVAILABLE,FULL_QUARTER,POSITIVE
LOCK1_AFTER_2R__N3_03,NORMALIZED,USDRUBF,walk_forward,2024,3,1.803338198,0.6011127325,4,AVAILABLE,FULL_QUARTER,POSITIVE
LOCK1_AFTER_2R__N3_03,NORMALIZED,GLDRUBF,walk_forward,2024,3,-1.800814282,-0.6002714272,6,AVAILABLE,FULL_QUARTER,NEGATIVE
LOCK1_AFTER_2R__N3_03,NORMALIZED,IMOEXF,walk_forward,2024,3,3.827226242,1.275742081,3,AVAILABLE,FULL_QUARTER,POSITIVE
LOCK1_AFTER_2R__N3_03,NORMALIZED,USDRUBF,walk_forward,2024,4,5.348060663,1.782686888,3,AVAILABLE,PARTIAL_QUARTER,POSITIVE
LOCK1_AFTER_2R__N3_03,NORMALIZED,GLDRUBF,walk_forward,2024,4,0.2030512828,0.06768376092,4,AVAILABLE,PARTIAL_QUARTER,POSITIVE
LOCK1_AFTER_2R__N3_03,NORMALIZED,IMOEXF,walk_forward,2024,4,1.53728685,0.5124289501,3,AVAILABLE,PARTIAL_QUARTER,POSITIVE
LOCK1_AFTER_2R__N3_03,NORMALIZED,USDRUBF,historical_true_oos,2025,1,0.669094079,0.2230313597,3,AVAILABLE,PARTIAL_QUARTER,POSITIVE
LOCK1_AFTER_2R__N3_03,NORMALIZED,GLDRUBF,historical_true_oos,2025,1,-0.4165586989,-0.1388528996,1,AVAILABLE,PARTIAL_QUARTER,NEGATIVE
LOCK1_AFTER_2R__N3_03,NORMALIZED,IMOEXF,historical_true_oos,2025,1,-0.9765813621,-0.3255271207,2,AVAILABLE,PARTIAL_QUARTER,NEGATIVE
LOCK1_AFTER_2R__N3_03,NORMALIZED,USDRUBF,historical_true_oos,2025,2,-2.294309312,-0.7647697706,4,AVAILABLE,FULL_QUARTER,NEGATIVE
LOCK1_AFTER_2R__N3_03,NORMALIZED,GLDRUBF,historical_true_oos,2025,2,0.1437226232,0.04790754107,2,AVAILABLE,FULL_QUARTER,POSITIVE
LOCK1_AFTER_2R__N3_03,NORMALIZED,IMOEXF,historical_true_oos,2025,2,3.293111457,1.097703819,5,AVAILABLE,FULL_QUARTER,POSITIVE
LOCK1_AFTER_2R__N3_03,NORMALIZED,USDRUBF,historical_true_oos,2025,3,10.28120835,3.427069451,6,AVAILABLE,FULL_QUARTER,POSITIVE
LOCK1_AFTER_2R__N3_03,NORMALIZED,GLDRUBF,historical_true_oos,2025,3,12.84218546,4.280728485,7,AVAILABLE,FULL_QUARTER,POSITIVE
LOCK1_AFTER_2R__N3_03,NORMALIZED,IMOEXF,historical_true_oos,2025,3,-0.02228280491,-0.007427601638,12,AVAILABLE,FULL_QUARTER,NEGATIVE
LOCK1_AFTER_2R__N3_03,NORMALIZED,USDRUBF,historical_true_oos,2025,4,-1.526128899,-0.5087096328,12,AVAILABLE,FULL_QUARTER,NEGATIVE
LOCK1_AFTER_2R__N3_03,NORMALIZED,GLDRUBF,historical_true_oos,2025,4,2.808344618,0.9361148725,10,AVAILABLE,FULL_QUARTER,POSITIVE
LOCK1_AFTER_2R__N3_03,NORMALIZED,IMOEXF,historical_true_oos,2025,4,1.53089969,0.5102998965,9,AVAILABLE,FULL_QUARTER,POSITIVE
LOCK1_AFTER_2R__N3_03,NORMALIZED,USDRUBF,historical_true_oos,2026,1,6.800303784,2.266767928,7,AVAILABLE,FULL_QUARTER,POSITIVE
LOCK1_AFTER_2R__N3_03,NORMALIZED,GLDRUBF,historical_true_oos,2026,1,6.048086573,2.016028858,8,AVAILABLE,FULL_QUARTER,POSITIVE
LOCK1_AFTER_2R__N3_03,NORMALIZED,IMOEXF,historical_true_oos,2026,1,1.207695616,0.4025652052,7,AVAILABLE,FULL_QUARTER,POSITIVE
LOCK1_AFTER_2R__N3_03,NORMALIZED,USDRUBF,historical_true_oos,2026,2,3.481275769,1.160425256,8,AVAILABLE,FULL_QUARTER,POSITIVE
LOCK1_AFTER_2R__N3_03,NORMALIZED,GLDRUBF,historical_true_oos,2026,2,3.392699205,1.130899735,6,AVAILABLE,FULL_QUARTER,POSITIVE
LOCK1_AFTER_2R__N3_03,NORMALIZED,IMOEXF,historical_true_oos,2026,2,0.8274346722,0.2758115574,13,AVAILABLE,FULL_QUARTER,POSITIVE
LOCK1_AFTER_2R__N3_03,NORMALIZED,USDRUBF,historical_true_oos,2026,3,6.03583997,2.011946657,9,AVAILABLE,PARTIAL_QUARTER,POSITIVE
LOCK1_AFTER_2R__N3_03,NORMALIZED,GLDRUBF,historical_true_oos,2026,3,7.689444749,2.56314825,8,AVAILABLE,PARTIAL_QUARTER,POSITIVE
LOCK1_AFTER_2R__N3_03,NORMALIZED,IMOEXF,historical_true_oos,2026,3,-2.467484663,-0.8224948875,10,AVAILABLE,PARTIAL_QUARTER,NEGATIVE
LOCK1_AFTER_2R__N3_03,FULL,USDRUBF,baseline,2023,1,-2.898422489,-2.898422489,4,AVAILABLE,PARTIAL_QUARTER,NEGATIVE
LOCK1_AFTER_2R__N3_03,FULL,GLDRUBF,baseline,2023,1,0,0,0,NOT_AVAILABLE,NOT_AVAILABLE,ZERO
LOCK1_AFTER_2R__N3_03,FULL,IMOEXF,baseline,2023,1,0,0,0,NOT_AVAILABLE,NOT_AVAILABLE,ZERO
LOCK1_AFTER_2R__N3_03,FULL,USDRUBF,baseline,2023,2,8.689564697,8.689564697,11,AVAILABLE,FULL_QUARTER,POSITIVE
LOCK1_AFTER_2R__N3_03,FULL,GLDRUBF,baseline,2023,2,0,0,0,NOT_AVAILABLE,NOT_AVAILABLE,ZERO
LOCK1_AFTER_2R__N3_03,FULL,IMOEXF,baseline,2023,2,0,0,0,NOT_AVAILABLE,NOT_AVAILABLE,ZERO
LOCK1_AFTER_2R__N3_03,FULL,USDRUBF,baseline,2023,3,5.167328514,5.167328514,8,AVAILABLE,FULL_QUARTER,POSITIVE
LOCK1_AFTER_2R__N3_03,FULL,GLDRUBF,baseline,2023,3,-0.435766705,-0.435766705,1,AVAILABLE,PARTIAL_QUARTER,NEGATIVE
LOCK1_AFTER_2R__N3_03,FULL,IMOEXF,baseline,2023,3,0,0,0,NOT_AVAILABLE,NOT_AVAILABLE,ZERO
LOCK1_AFTER_2R__N3_03,FULL,USDRUBF,baseline,2023,4,2.280418239,2.280418239,8,AVAILABLE,FULL_QUARTER,POSITIVE
LOCK1_AFTER_2R__N3_03,FULL,GLDRUBF,baseline,2023,4,0.05167355955,0.05167355955,5,AVAILABLE,FULL_QUARTER,POSITIVE
LOCK1_AFTER_2R__N3_03,FULL,IMOEXF,baseline,2023,4,0,0,0,NOT_AVAILABLE,PARTIAL_QUARTER,ZERO
LOCK1_AFTER_2R__N3_03,FULL,USDRUBF,baseline,2024,1,-0.4829589909,-0.4829589909,4,AVAILABLE,FULL_QUARTER,NEGATIVE
LOCK1_AFTER_2R__N3_03,FULL,GLDRUBF,baseline,2024,1,0.8259324747,0.8259324747,11,AVAILABLE,FULL_QUARTER,POSITIVE
LOCK1_AFTER_2R__N3_03,FULL,IMOEXF,baseline,2024,1,2.393163239,2.393163239,8,AVAILABLE,FULL_QUARTER,POSITIVE
LOCK1_AFTER_2R__N3_03,FULL,USDRUBF,baseline,2024,2,3.61953733,3.61953733,12,AVAILABLE,FULL_QUARTER,POSITIVE
LOCK1_AFTER_2R__N3_03,FULL,GLDRUBF,baseline,2024,2,3.135010105,3.135010105,9,AVAILABLE,FULL_QUARTER,POSITIVE
LOCK1_AFTER_2R__N3_03,FULL,IMOEXF,baseline,2024,2,5.115292585,5.115292585,6,AVAILABLE,FULL_QUARTER,POSITIVE
LOCK1_AFTER_2R__N3_03,FULL,USDRUBF,baseline,2024,3,1.0249468,1.0249468,9,AVAILABLE,FULL_QUARTER,POSITIVE
LOCK1_AFTER_2R__N3_03,FULL,GLDRUBF,baseline,2024,3,-1.170662863,-1.170662863,7,AVAILABLE,FULL_QUARTER,NEGATIVE
LOCK1_AFTER_2R__N3_03,FULL,IMOEXF,baseline,2024,3,7.623380195,7.623380195,7,AVAILABLE,FULL_QUARTER,POSITIVE
LOCK1_AFTER_2R__N3_03,FULL,USDRUBF,baseline,2024,4,5.763429915,5.763429915,7,AVAILABLE,PARTIAL_QUARTER,POSITIVE
LOCK1_AFTER_2R__N3_03,FULL,GLDRUBF,baseline,2024,4,8.364333758,8.364333758,8,AVAILABLE,PARTIAL_QUARTER,POSITIVE
LOCK1_AFTER_2R__N3_03,FULL,IMOEXF,baseline,2024,4,2.943055533,2.943055533,5,AVAILABLE,PARTIAL_QUARTER,POSITIVE
LOCK1_AFTER_2R__N3_03,FULL,USDRUBF,walk_forward,2024,1,0.3132754899,0.3132754899,2,AVAILABLE,FULL_QUARTER,POSITIVE
LOCK1_AFTER_2R__N3_03,FULL,GLDRUBF,walk_forward,2024,1,3.318808571,3.318808571,7,AVAILABLE,FULL_QUARTER,POSITIVE
LOCK1_AFTER_2R__N3_03,FULL,IMOEXF,walk_forward,2024,1,-2.256842313,-2.256842313,3,AVAILABLE,FULL_QUARTER,NEGATIVE
LOCK1_AFTER_2R__N3_03,FULL,USDRUBF,walk_forward,2024,2,5.285735986,5.285735986,5,AVAILABLE,FULL_QUARTER,POSITIVE
LOCK1_AFTER_2R__N3_03,FULL,GLDRUBF,walk_forward,2024,2,-1.168432653,-1.168432653,5,AVAILABLE,FULL_QUARTER,NEGATIVE
LOCK1_AFTER_2R__N3_03,FULL,IMOEXF,walk_forward,2024,2,5.244296171,5.244296171,5,AVAILABLE,FULL_QUARTER,POSITIVE
LOCK1_AFTER_2R__N3_03,FULL,USDRUBF,walk_forward,2024,3,1.803338198,1.803338198,4,AVAILABLE,FULL_QUARTER,POSITIVE
LOCK1_AFTER_2R__N3_03,FULL,GLDRUBF,walk_forward,2024,3,-1.800814282,-1.800814282,6,AVAILABLE,FULL_QUARTER,NEGATIVE
LOCK1_AFTER_2R__N3_03,FULL,IMOEXF,walk_forward,2024,3,3.827226242,3.827226242,3,AVAILABLE,FULL_QUARTER,POSITIVE
LOCK1_AFTER_2R__N3_03,FULL,USDRUBF,walk_forward,2024,4,5.348060663,5.348060663,3,AVAILABLE,PARTIAL_QUARTER,POSITIVE
LOCK1_AFTER_2R__N3_03,FULL,GLDRUBF,walk_forward,2024,4,0.2030512828,0.2030512828,4,AVAILABLE,PARTIAL_QUARTER,POSITIVE
LOCK1_AFTER_2R__N3_03,FULL,IMOEXF,walk_forward,2024,4,1.53728685,1.53728685,3,AVAILABLE,PARTIAL_QUARTER,POSITIVE
LOCK1_AFTER_2R__N3_03,FULL,USDRUBF,historical_true_oos,2025,1,0.669094079,0.669094079,3,AVAILABLE,PARTIAL_QUARTER,POSITIVE
LOCK1_AFTER_2R__N3_03,FULL,GLDRUBF,historical_true_oos,2025,1,-0.4165586989,-0.4165586989,1,AVAILABLE,PARTIAL_QUARTER,NEGATIVE
LOCK1_AFTER_2R__N3_03,FULL,IMOEXF,historical_true_oos,2025,1,-0.9765813621,-0.9765813621,2,AVAILABLE,PARTIAL_QUARTER,NEGATIVE
LOCK1_AFTER_2R__N3_03,FULL,USDRUBF,historical_true_oos,2025,2,-2.294309312,-2.294309312,4,AVAILABLE,FULL_QUARTER,NEGATIVE
LOCK1_AFTER_2R__N3_03,FULL,GLDRUBF,historical_true_oos,2025,2,0.1437226232,0.1437226232,2,AVAILABLE,FULL_QUARTER,POSITIVE
LOCK1_AFTER_2R__N3_03,FULL,IMOEXF,historical_true_oos,2025,2,3.293111457,3.293111457,5,AVAILABLE,FULL_QUARTER,POSITIVE
LOCK1_AFTER_2R__N3_03,FULL,USDRUBF,historical_true_oos,2025,3,10.28120835,10.28120835,6,AVAILABLE,FULL_QUARTER,POSITIVE
LOCK1_AFTER_2R__N3_03,FULL,GLDRUBF,historical_true_oos,2025,3,12.84218546,12.84218546,7,AVAILABLE,FULL_QUARTER,POSITIVE
LOCK1_AFTER_2R__N3_03,FULL,IMOEXF,historical_true_oos,2025,3,-0.02228280491,-0.02228280491,12,AVAILABLE,FULL_QUARTER,NEGATIVE
LOCK1_AFTER_2R__N3_03,FULL,USDRUBF,historical_true_oos,2025,4,-1.526128899,-1.526128899,12,AVAILABLE,FULL_QUARTER,NEGATIVE
LOCK1_AFTER_2R__N3_03,FULL,GLDRUBF,historical_true_oos,2025,4,2.808344618,2.808344618,10,AVAILABLE,FULL_QUARTER,POSITIVE
LOCK1_AFTER_2R__N3_03,FULL,IMOEXF,historical_true_oos,2025,4,1.53089969,1.53089969,9,AVAILABLE,FULL_QUARTER,POSITIVE
LOCK1_AFTER_2R__N3_03,FULL,USDRUBF,historical_true_oos,2026,1,6.800303784,6.800303784,7,AVAILABLE,FULL_QUARTER,POSITIVE
LOCK1_AFTER_2R__N3_03,FULL,GLDRUBF,historical_true_oos,2026,1,6.048086573,6.048086573,8,AVAILABLE,FULL_QUARTER,POSITIVE
LOCK1_AFTER_2R__N3_03,FULL,IMOEXF,historical_true_oos,2026,1,1.207695616,1.207695616,7,AVAILABLE,FULL_QUARTER,POSITIVE
LOCK1_AFTER_2R__N3_03,FULL,USDRUBF,historical_true_oos,2026,2,3.481275769,3.481275769,8,AVAILABLE,FULL_QUARTER,POSITIVE
LOCK1_AFTER_2R__N3_03,FULL,GLDRUBF,historical_true_oos,2026,2,3.392699205,3.392699205,6,AVAILABLE,FULL_QUARTER,POSITIVE
LOCK1_AFTER_2R__N3_03,FULL,IMOEXF,historical_true_oos,2026,2,0.8274346722,0.8274346722,13,AVAILABLE,FULL_QUARTER,POSITIVE
LOCK1_AFTER_2R__N3_03,FULL,USDRUBF,historical_true_oos,2026,3,6.03583997,6.03583997,9,AVAILABLE,PARTIAL_QUARTER,POSITIVE
LOCK1_AFTER_2R__N3_03,FULL,GLDRUBF,historical_true_oos,2026,3,7.689444749,7.689444749,8,AVAILABLE,PARTIAL_QUARTER,POSITIVE
LOCK1_AFTER_2R__N3_03,FULL,IMOEXF,historical_true_oos,2026,3,-2.467484663,-2.467484663,10,AVAILABLE,PARTIAL_QUARTER,NEGATIVE
LOCK1_AFTER_2R__N3_04,NORMALIZED,CNYRUBF,baseline,2023,1,-1.020555271,-0.3401850903,3,AVAILABLE,PARTIAL_QUARTER,NEGATIVE
LOCK1_AFTER_2R__N3_04,NORMALIZED,GLDRUBF,baseline,2023,1,0,0,0,NOT_AVAILABLE,NOT_AVAILABLE,ZERO
LOCK1_AFTER_2R__N3_04,NORMALIZED,IMOEXF,baseline,2023,1,0,0,0,NOT_AVAILABLE,NOT_AVAILABLE,ZERO
LOCK1_AFTER_2R__N3_04,NORMALIZED,CNYRUBF,baseline,2023,2,7.795515913,2.598505304,8,AVAILABLE,FULL_QUARTER,POSITIVE
LOCK1_AFTER_2R__N3_04,NORMALIZED,GLDRUBF,baseline,2023,2,0,0,0,NOT_AVAILABLE,NOT_AVAILABLE,ZERO
LOCK1_AFTER_2R__N3_04,NORMALIZED,IMOEXF,baseline,2023,2,0,0,0,NOT_AVAILABLE,NOT_AVAILABLE,ZERO
LOCK1_AFTER_2R__N3_04,NORMALIZED,CNYRUBF,baseline,2023,3,-2.049622456,-0.6832074853,7,AVAILABLE,FULL_QUARTER,NEGATIVE
LOCK1_AFTER_2R__N3_04,NORMALIZED,GLDRUBF,baseline,2023,3,-0.435766705,-0.1452555683,1,AVAILABLE,PARTIAL_QUARTER,NEGATIVE
LOCK1_AFTER_2R__N3_04,NORMALIZED,IMOEXF,baseline,2023,3,0,0,0,NOT_AVAILABLE,NOT_AVAILABLE,ZERO
LOCK1_AFTER_2R__N3_04,NORMALIZED,CNYRUBF,baseline,2023,4,-3.791262962,-1.263754321,6,AVAILABLE,FULL_QUARTER,NEGATIVE
LOCK1_AFTER_2R__N3_04,NORMALIZED,GLDRUBF,baseline,2023,4,0.05167355955,0.01722451985,5,AVAILABLE,FULL_QUARTER,POSITIVE
LOCK1_AFTER_2R__N3_04,NORMALIZED,IMOEXF,baseline,2023,4,0,0,0,NOT_AVAILABLE,PARTIAL_QUARTER,ZERO
LOCK1_AFTER_2R__N3_04,NORMALIZED,CNYRUBF,baseline,2024,1,2.817209547,0.9390698491,3,AVAILABLE,FULL_QUARTER,POSITIVE
LOCK1_AFTER_2R__N3_04,NORMALIZED,GLDRUBF,baseline,2024,1,0.8259324747,0.2753108249,11,AVAILABLE,FULL_QUARTER,POSITIVE
LOCK1_AFTER_2R__N3_04,NORMALIZED,IMOEXF,baseline,2024,1,2.393163239,0.7977210795,8,AVAILABLE,FULL_QUARTER,POSITIVE
LOCK1_AFTER_2R__N3_04,NORMALIZED,CNYRUBF,baseline,2024,2,14.94403683,4.98134561,11,AVAILABLE,FULL_QUARTER,POSITIVE
LOCK1_AFTER_2R__N3_04,NORMALIZED,GLDRUBF,baseline,2024,2,3.135010105,1.045003368,9,AVAILABLE,FULL_QUARTER,POSITIVE
LOCK1_AFTER_2R__N3_04,NORMALIZED,IMOEXF,baseline,2024,2,5.115292585,1.705097528,6,AVAILABLE,FULL_QUARTER,POSITIVE
LOCK1_AFTER_2R__N3_04,NORMALIZED,CNYRUBF,baseline,2024,3,0.6441510469,0.2147170156,6,AVAILABLE,FULL_QUARTER,POSITIVE
LOCK1_AFTER_2R__N3_04,NORMALIZED,GLDRUBF,baseline,2024,3,-1.170662863,-0.3902209544,7,AVAILABLE,FULL_QUARTER,NEGATIVE
LOCK1_AFTER_2R__N3_04,NORMALIZED,IMOEXF,baseline,2024,3,7.623380195,2.541126732,7,AVAILABLE,FULL_QUARTER,POSITIVE
LOCK1_AFTER_2R__N3_04,NORMALIZED,CNYRUBF,baseline,2024,4,3.442996412,1.147665471,7,AVAILABLE,PARTIAL_QUARTER,POSITIVE
LOCK1_AFTER_2R__N3_04,NORMALIZED,GLDRUBF,baseline,2024,4,8.364333758,2.788111253,8,AVAILABLE,PARTIAL_QUARTER,POSITIVE
LOCK1_AFTER_2R__N3_04,NORMALIZED,IMOEXF,baseline,2024,4,2.943055533,0.9810185111,5,AVAILABLE,PARTIAL_QUARTER,POSITIVE
LOCK1_AFTER_2R__N3_04,NORMALIZED,CNYRUBF,walk_forward,2024,1,-0.7748154007,-0.2582718002,1,AVAILABLE,FULL_QUARTER,NEGATIVE
LOCK1_AFTER_2R__N3_04,NORMALIZED,GLDRUBF,walk_forward,2024,1,3.318808571,1.106269524,7,AVAILABLE,FULL_QUARTER,POSITIVE
LOCK1_AFTER_2R__N3_04,NORMALIZED,IMOEXF,walk_forward,2024,1,-2.256842313,-0.752280771,3,AVAILABLE,FULL_QUARTER,NEGATIVE
LOCK1_AFTER_2R__N3_04,NORMALIZED,CNYRUBF,walk_forward,2024,2,14.34374878,4.781249593,5,AVAILABLE,FULL_QUARTER,POSITIVE
LOCK1_AFTER_2R__N3_04,NORMALIZED,GLDRUBF,walk_forward,2024,2,-1.168432653,-0.3894775509,5,AVAILABLE,FULL_QUARTER,NEGATIVE
LOCK1_AFTER_2R__N3_04,NORMALIZED,IMOEXF,walk_forward,2024,2,5.244296171,1.748098724,5,AVAILABLE,FULL_QUARTER,POSITIVE
LOCK1_AFTER_2R__N3_04,NORMALIZED,CNYRUBF,walk_forward,2024,3,0.9080037172,0.3026679057,5,AVAILABLE,FULL_QUARTER,POSITIVE
LOCK1_AFTER_2R__N3_04,NORMALIZED,GLDRUBF,walk_forward,2024,3,-1.800814282,-0.6002714272,6,AVAILABLE,FULL_QUARTER,NEGATIVE
LOCK1_AFTER_2R__N3_04,NORMALIZED,IMOEXF,walk_forward,2024,3,3.827226242,1.275742081,3,AVAILABLE,FULL_QUARTER,POSITIVE
LOCK1_AFTER_2R__N3_04,NORMALIZED,CNYRUBF,walk_forward,2024,4,3.589777842,1.196592614,5,AVAILABLE,PARTIAL_QUARTER,POSITIVE
LOCK1_AFTER_2R__N3_04,NORMALIZED,GLDRUBF,walk_forward,2024,4,0.2030512828,0.06768376092,4,AVAILABLE,PARTIAL_QUARTER,POSITIVE
LOCK1_AFTER_2R__N3_04,NORMALIZED,IMOEXF,walk_forward,2024,4,1.53728685,0.5124289501,3,AVAILABLE,PARTIAL_QUARTER,POSITIVE
LOCK1_AFTER_2R__N3_04,NORMALIZED,CNYRUBF,historical_true_oos,2025,1,2.961964957,0.9873216524,3,AVAILABLE,PARTIAL_QUARTER,POSITIVE
LOCK1_AFTER_2R__N3_04,NORMALIZED,GLDRUBF,historical_true_oos,2025,1,-0.4165586989,-0.1388528996,1,AVAILABLE,PARTIAL_QUARTER,NEGATIVE
LOCK1_AFTER_2R__N3_04,NORMALIZED,IMOEXF,historical_true_oos,2025,1,-0.9765813621,-0.3255271207,2,AVAILABLE,PARTIAL_QUARTER,NEGATIVE
LOCK1_AFTER_2R__N3_04,NORMALIZED,CNYRUBF,historical_true_oos,2025,2,-2.900060519,-0.9666868398,4,AVAILABLE,FULL_QUARTER,NEGATIVE
LOCK1_AFTER_2R__N3_04,NORMALIZED,GLDRUBF,historical_true_oos,2025,2,0.1437226232,0.04790754107,2,AVAILABLE,FULL_QUARTER,POSITIVE
LOCK1_AFTER_2R__N3_04,NORMALIZED,IMOEXF,historical_true_oos,2025,2,3.293111457,1.097703819,5,AVAILABLE,FULL_QUARTER,POSITIVE
LOCK1_AFTER_2R__N3_04,NORMALIZED,CNYRUBF,historical_true_oos,2025,3,11.77216822,3.924056074,7,AVAILABLE,FULL_QUARTER,POSITIVE
LOCK1_AFTER_2R__N3_04,NORMALIZED,GLDRUBF,historical_true_oos,2025,3,12.84218546,4.280728485,7,AVAILABLE,FULL_QUARTER,POSITIVE
LOCK1_AFTER_2R__N3_04,NORMALIZED,IMOEXF,historical_true_oos,2025,3,-0.02228280491,-0.007427601638,12,AVAILABLE,FULL_QUARTER,NEGATIVE
LOCK1_AFTER_2R__N3_04,NORMALIZED,CNYRUBF,historical_true_oos,2025,4,-1.526345042,-0.5087816806,13,AVAILABLE,FULL_QUARTER,NEGATIVE
LOCK1_AFTER_2R__N3_04,NORMALIZED,GLDRUBF,historical_true_oos,2025,4,2.808344618,0.9361148725,10,AVAILABLE,FULL_QUARTER,POSITIVE
LOCK1_AFTER_2R__N3_04,NORMALIZED,IMOEXF,historical_true_oos,2025,4,1.53089969,0.5102998965,9,AVAILABLE,FULL_QUARTER,POSITIVE
LOCK1_AFTER_2R__N3_04,NORMALIZED,CNYRUBF,historical_true_oos,2026,1,4.357563927,1.452521309,8,AVAILABLE,FULL_QUARTER,POSITIVE
LOCK1_AFTER_2R__N3_04,NORMALIZED,GLDRUBF,historical_true_oos,2026,1,6.048086573,2.016028858,8,AVAILABLE,FULL_QUARTER,POSITIVE
LOCK1_AFTER_2R__N3_04,NORMALIZED,IMOEXF,historical_true_oos,2026,1,1.207695616,0.4025652052,7,AVAILABLE,FULL_QUARTER,POSITIVE
LOCK1_AFTER_2R__N3_04,NORMALIZED,CNYRUBF,historical_true_oos,2026,2,5.018422592,1.672807531,7,AVAILABLE,FULL_QUARTER,POSITIVE
LOCK1_AFTER_2R__N3_04,NORMALIZED,GLDRUBF,historical_true_oos,2026,2,3.392699205,1.130899735,6,AVAILABLE,FULL_QUARTER,POSITIVE
LOCK1_AFTER_2R__N3_04,NORMALIZED,IMOEXF,historical_true_oos,2026,2,0.8274346722,0.2758115574,13,AVAILABLE,FULL_QUARTER,POSITIVE
LOCK1_AFTER_2R__N3_04,NORMALIZED,CNYRUBF,historical_true_oos,2026,3,3.560382305,1.186794102,9,AVAILABLE,PARTIAL_QUARTER,POSITIVE
LOCK1_AFTER_2R__N3_04,NORMALIZED,GLDRUBF,historical_true_oos,2026,3,7.689444749,2.56314825,8,AVAILABLE,PARTIAL_QUARTER,POSITIVE
LOCK1_AFTER_2R__N3_04,NORMALIZED,IMOEXF,historical_true_oos,2026,3,-2.467484663,-0.8224948875,10,AVAILABLE,PARTIAL_QUARTER,NEGATIVE
LOCK1_AFTER_2R__N3_04,FULL,CNYRUBF,baseline,2023,1,-1.020555271,-1.020555271,3,AVAILABLE,PARTIAL_QUARTER,NEGATIVE
LOCK1_AFTER_2R__N3_04,FULL,GLDRUBF,baseline,2023,1,0,0,0,NOT_AVAILABLE,NOT_AVAILABLE,ZERO
LOCK1_AFTER_2R__N3_04,FULL,IMOEXF,baseline,2023,1,0,0,0,NOT_AVAILABLE,NOT_AVAILABLE,ZERO
LOCK1_AFTER_2R__N3_04,FULL,CNYRUBF,baseline,2023,2,7.795515913,7.795515913,8,AVAILABLE,FULL_QUARTER,POSITIVE
LOCK1_AFTER_2R__N3_04,FULL,GLDRUBF,baseline,2023,2,0,0,0,NOT_AVAILABLE,NOT_AVAILABLE,ZERO
LOCK1_AFTER_2R__N3_04,FULL,IMOEXF,baseline,2023,2,0,0,0,NOT_AVAILABLE,NOT_AVAILABLE,ZERO
LOCK1_AFTER_2R__N3_04,FULL,CNYRUBF,baseline,2023,3,-2.049622456,-2.049622456,7,AVAILABLE,FULL_QUARTER,NEGATIVE
LOCK1_AFTER_2R__N3_04,FULL,GLDRUBF,baseline,2023,3,-0.435766705,-0.435766705,1,AVAILABLE,PARTIAL_QUARTER,NEGATIVE
LOCK1_AFTER_2R__N3_04,FULL,IMOEXF,baseline,2023,3,0,0,0,NOT_AVAILABLE,NOT_AVAILABLE,ZERO
LOCK1_AFTER_2R__N3_04,FULL,CNYRUBF,baseline,2023,4,-3.791262962,-3.791262962,6,AVAILABLE,FULL_QUARTER,NEGATIVE
LOCK1_AFTER_2R__N3_04,FULL,GLDRUBF,baseline,2023,4,0.05167355955,0.05167355955,5,AVAILABLE,FULL_QUARTER,POSITIVE
LOCK1_AFTER_2R__N3_04,FULL,IMOEXF,baseline,2023,4,0,0,0,NOT_AVAILABLE,PARTIAL_QUARTER,ZERO
LOCK1_AFTER_2R__N3_04,FULL,CNYRUBF,baseline,2024,1,2.817209547,2.817209547,3,AVAILABLE,FULL_QUARTER,POSITIVE
LOCK1_AFTER_2R__N3_04,FULL,GLDRUBF,baseline,2024,1,0.8259324747,0.8259324747,11,AVAILABLE,FULL_QUARTER,POSITIVE
LOCK1_AFTER_2R__N3_04,FULL,IMOEXF,baseline,2024,1,2.393163239,2.393163239,8,AVAILABLE,FULL_QUARTER,POSITIVE
LOCK1_AFTER_2R__N3_04,FULL,CNYRUBF,baseline,2024,2,14.94403683,14.94403683,11,AVAILABLE,FULL_QUARTER,POSITIVE
LOCK1_AFTER_2R__N3_04,FULL,GLDRUBF,baseline,2024,2,3.135010105,3.135010105,9,AVAILABLE,FULL_QUARTER,POSITIVE
LOCK1_AFTER_2R__N3_04,FULL,IMOEXF,baseline,2024,2,5.115292585,5.115292585,6,AVAILABLE,FULL_QUARTER,POSITIVE
LOCK1_AFTER_2R__N3_04,FULL,CNYRUBF,baseline,2024,3,0.6441510469,0.6441510469,6,AVAILABLE,FULL_QUARTER,POSITIVE
LOCK1_AFTER_2R__N3_04,FULL,GLDRUBF,baseline,2024,3,-1.170662863,-1.170662863,7,AVAILABLE,FULL_QUARTER,NEGATIVE
LOCK1_AFTER_2R__N3_04,FULL,IMOEXF,baseline,2024,3,7.623380195,7.623380195,7,AVAILABLE,FULL_QUARTER,POSITIVE
LOCK1_AFTER_2R__N3_04,FULL,CNYRUBF,baseline,2024,4,3.442996412,3.442996412,7,AVAILABLE,PARTIAL_QUARTER,POSITIVE
LOCK1_AFTER_2R__N3_04,FULL,GLDRUBF,baseline,2024,4,8.364333758,8.364333758,8,AVAILABLE,PARTIAL_QUARTER,POSITIVE
LOCK1_AFTER_2R__N3_04,FULL,IMOEXF,baseline,2024,4,2.943055533,2.943055533,5,AVAILABLE,PARTIAL_QUARTER,POSITIVE
LOCK1_AFTER_2R__N3_04,FULL,CNYRUBF,walk_forward,2024,1,-0.7748154007,-0.7748154007,1,AVAILABLE,FULL_QUARTER,NEGATIVE
LOCK1_AFTER_2R__N3_04,FULL,GLDRUBF,walk_forward,2024,1,3.318808571,3.318808571,7,AVAILABLE,FULL_QUARTER,POSITIVE
LOCK1_AFTER_2R__N3_04,FULL,IMOEXF,walk_forward,2024,1,-2.256842313,-2.256842313,3,AVAILABLE,FULL_QUARTER,NEGATIVE
LOCK1_AFTER_2R__N3_04,FULL,CNYRUBF,walk_forward,2024,2,14.34374878,14.34374878,5,AVAILABLE,FULL_QUARTER,POSITIVE
LOCK1_AFTER_2R__N3_04,FULL,GLDRUBF,walk_forward,2024,2,-1.168432653,-1.168432653,5,AVAILABLE,FULL_QUARTER,NEGATIVE
LOCK1_AFTER_2R__N3_04,FULL,IMOEXF,walk_forward,2024,2,5.244296171,5.244296171,5,AVAILABLE,FULL_QUARTER,POSITIVE
LOCK1_AFTER_2R__N3_04,FULL,CNYRUBF,walk_forward,2024,3,0.9080037172,0.9080037172,5,AVAILABLE,FULL_QUARTER,POSITIVE
LOCK1_AFTER_2R__N3_04,FULL,GLDRUBF,walk_forward,2024,3,-1.800814282,-1.800814282,6,AVAILABLE,FULL_QUARTER,NEGATIVE
LOCK1_AFTER_2R__N3_04,FULL,IMOEXF,walk_forward,2024,3,3.827226242,3.827226242,3,AVAILABLE,FULL_QUARTER,POSITIVE
LOCK1_AFTER_2R__N3_04,FULL,CNYRUBF,walk_forward,2024,4,3.589777842,3.589777842,5,AVAILABLE,PARTIAL_QUARTER,POSITIVE
LOCK1_AFTER_2R__N3_04,FULL,GLDRUBF,walk_forward,2024,4,0.2030512828,0.2030512828,4,AVAILABLE,PARTIAL_QUARTER,POSITIVE
LOCK1_AFTER_2R__N3_04,FULL,IMOEXF,walk_forward,2024,4,1.53728685,1.53728685,3,AVAILABLE,PARTIAL_QUARTER,POSITIVE
LOCK1_AFTER_2R__N3_04,FULL,CNYRUBF,historical_true_oos,2025,1,2.961964957,2.961964957,3,AVAILABLE,PARTIAL_QUARTER,POSITIVE
LOCK1_AFTER_2R__N3_04,FULL,GLDRUBF,historical_true_oos,2025,1,-0.4165586989,-0.4165586989,1,AVAILABLE,PARTIAL_QUARTER,NEGATIVE
LOCK1_AFTER_2R__N3_04,FULL,IMOEXF,historical_true_oos,2025,1,-0.9765813621,-0.9765813621,2,AVAILABLE,PARTIAL_QUARTER,NEGATIVE
LOCK1_AFTER_2R__N3_04,FULL,CNYRUBF,historical_true_oos,2025,2,-2.900060519,-2.900060519,4,AVAILABLE,FULL_QUARTER,NEGATIVE
LOCK1_AFTER_2R__N3_04,FULL,GLDRUBF,historical_true_oos,2025,2,0.1437226232,0.1437226232,2,AVAILABLE,FULL_QUARTER,POSITIVE
LOCK1_AFTER_2R__N3_04,FULL,IMOEXF,historical_true_oos,2025,2,3.293111457,3.293111457,5,AVAILABLE,FULL_QUARTER,POSITIVE
LOCK1_AFTER_2R__N3_04,FULL,CNYRUBF,historical_true_oos,2025,3,11.77216822,11.77216822,7,AVAILABLE,FULL_QUARTER,POSITIVE
LOCK1_AFTER_2R__N3_04,FULL,GLDRUBF,historical_true_oos,2025,3,12.84218546,12.84218546,7,AVAILABLE,FULL_QUARTER,POSITIVE
LOCK1_AFTER_2R__N3_04,FULL,IMOEXF,historical_true_oos,2025,3,-0.02228280491,-0.02228280491,12,AVAILABLE,FULL_QUARTER,NEGATIVE
LOCK1_AFTER_2R__N3_04,FULL,CNYRUBF,historical_true_oos,2025,4,-1.526345042,-1.526345042,13,AVAILABLE,FULL_QUARTER,NEGATIVE
LOCK1_AFTER_2R__N3_04,FULL,GLDRUBF,historical_true_oos,2025,4,2.808344618,2.808344618,10,AVAILABLE,FULL_QUARTER,POSITIVE
LOCK1_AFTER_2R__N3_04,FULL,IMOEXF,historical_true_oos,2025,4,1.53089969,1.53089969,9,AVAILABLE,FULL_QUARTER,POSITIVE
LOCK1_AFTER_2R__N3_04,FULL,CNYRUBF,historical_true_oos,2026,1,4.357563927,4.357563927,8,AVAILABLE,FULL_QUARTER,POSITIVE
LOCK1_AFTER_2R__N3_04,FULL,GLDRUBF,historical_true_oos,2026,1,6.048086573,6.048086573,8,AVAILABLE,FULL_QUARTER,POSITIVE
LOCK1_AFTER_2R__N3_04,FULL,IMOEXF,historical_true_oos,2026,1,1.207695616,1.207695616,7,AVAILABLE,FULL_QUARTER,POSITIVE
LOCK1_AFTER_2R__N3_04,FULL,CNYRUBF,historical_true_oos,2026,2,5.018422592,5.018422592,7,AVAILABLE,FULL_QUARTER,POSITIVE
LOCK1_AFTER_2R__N3_04,FULL,GLDRUBF,historical_true_oos,2026,2,3.392699205,3.392699205,6,AVAILABLE,FULL_QUARTER,POSITIVE
LOCK1_AFTER_2R__N3_04,FULL,IMOEXF,historical_true_oos,2026,2,0.8274346722,0.8274346722,13,AVAILABLE,FULL_QUARTER,POSITIVE
LOCK1_AFTER_2R__N3_04,FULL,CNYRUBF,historical_true_oos,2026,3,3.560382305,3.560382305,9,AVAILABLE,PARTIAL_QUARTER,POSITIVE
LOCK1_AFTER_2R__N3_04,FULL,GLDRUBF,historical_true_oos,2026,3,7.689444749,7.689444749,8,AVAILABLE,PARTIAL_QUARTER,POSITIVE
LOCK1_AFTER_2R__N3_04,FULL,IMOEXF,historical_true_oos,2026,3,-2.467484663,-2.467484663,10,AVAILABLE,PARTIAL_QUARTER,NEGATIVE
LOCK1_AFTER_2R__N4_01,NORMALIZED,USDRUBF,baseline,2023,1,-2.898422489,-0.7246056222,4,AVAILABLE,PARTIAL_QUARTER,NEGATIVE
LOCK1_AFTER_2R__N4_01,NORMALIZED,CNYRUBF,baseline,2023,1,-1.020555271,-0.2551388177,3,AVAILABLE,PARTIAL_QUARTER,NEGATIVE
LOCK1_AFTER_2R__N4_01,NORMALIZED,GLDRUBF,baseline,2023,1,0,0,0,NOT_AVAILABLE,NOT_AVAILABLE,ZERO
LOCK1_AFTER_2R__N4_01,NORMALIZED,IMOEXF,baseline,2023,1,0,0,0,NOT_AVAILABLE,NOT_AVAILABLE,ZERO
LOCK1_AFTER_2R__N4_01,NORMALIZED,USDRUBF,baseline,2023,2,8.689564697,2.172391174,11,AVAILABLE,FULL_QUARTER,POSITIVE
LOCK1_AFTER_2R__N4_01,NORMALIZED,CNYRUBF,baseline,2023,2,7.795515913,1.948878978,8,AVAILABLE,FULL_QUARTER,POSITIVE
LOCK1_AFTER_2R__N4_01,NORMALIZED,GLDRUBF,baseline,2023,2,0,0,0,NOT_AVAILABLE,NOT_AVAILABLE,ZERO
LOCK1_AFTER_2R__N4_01,NORMALIZED,IMOEXF,baseline,2023,2,0,0,0,NOT_AVAILABLE,NOT_AVAILABLE,ZERO
LOCK1_AFTER_2R__N4_01,NORMALIZED,USDRUBF,baseline,2023,3,5.167328514,1.291832129,8,AVAILABLE,FULL_QUARTER,POSITIVE
LOCK1_AFTER_2R__N4_01,NORMALIZED,CNYRUBF,baseline,2023,3,-2.049622456,-0.512405614,7,AVAILABLE,FULL_QUARTER,NEGATIVE
LOCK1_AFTER_2R__N4_01,NORMALIZED,GLDRUBF,baseline,2023,3,-0.435766705,-0.1089416763,1,AVAILABLE,PARTIAL_QUARTER,NEGATIVE
LOCK1_AFTER_2R__N4_01,NORMALIZED,IMOEXF,baseline,2023,3,0,0,0,NOT_AVAILABLE,NOT_AVAILABLE,ZERO
LOCK1_AFTER_2R__N4_01,NORMALIZED,USDRUBF,baseline,2023,4,2.280418239,0.5701045599,8,AVAILABLE,FULL_QUARTER,POSITIVE
LOCK1_AFTER_2R__N4_01,NORMALIZED,CNYRUBF,baseline,2023,4,-3.791262962,-0.9478157406,6,AVAILABLE,FULL_QUARTER,NEGATIVE
LOCK1_AFTER_2R__N4_01,NORMALIZED,GLDRUBF,baseline,2023,4,0.05167355955,0.01291838989,5,AVAILABLE,FULL_QUARTER,POSITIVE
LOCK1_AFTER_2R__N4_01,NORMALIZED,IMOEXF,baseline,2023,4,0,0,0,NOT_AVAILABLE,PARTIAL_QUARTER,ZERO
LOCK1_AFTER_2R__N4_01,NORMALIZED,USDRUBF,baseline,2024,1,-0.4829589909,-0.1207397477,4,AVAILABLE,FULL_QUARTER,NEGATIVE
LOCK1_AFTER_2R__N4_01,NORMALIZED,CNYRUBF,baseline,2024,1,2.817209547,0.7043023868,3,AVAILABLE,FULL_QUARTER,POSITIVE
LOCK1_AFTER_2R__N4_01,NORMALIZED,GLDRUBF,baseline,2024,1,0.8259324747,0.2064831187,11,AVAILABLE,FULL_QUARTER,POSITIVE
LOCK1_AFTER_2R__N4_01,NORMALIZED,IMOEXF,baseline,2024,1,2.393163239,0.5982908097,8,AVAILABLE,FULL_QUARTER,POSITIVE
LOCK1_AFTER_2R__N4_01,NORMALIZED,USDRUBF,baseline,2024,2,3.61953733,0.9048843325,12,AVAILABLE,FULL_QUARTER,POSITIVE
LOCK1_AFTER_2R__N4_01,NORMALIZED,CNYRUBF,baseline,2024,2,14.94403683,3.736009207,11,AVAILABLE,FULL_QUARTER,POSITIVE
LOCK1_AFTER_2R__N4_01,NORMALIZED,GLDRUBF,baseline,2024,2,3.135010105,0.7837525263,9,AVAILABLE,FULL_QUARTER,POSITIVE
LOCK1_AFTER_2R__N4_01,NORMALIZED,IMOEXF,baseline,2024,2,5.115292585,1.278823146,6,AVAILABLE,FULL_QUARTER,POSITIVE
LOCK1_AFTER_2R__N4_01,NORMALIZED,USDRUBF,baseline,2024,3,1.0249468,0.2562367,9,AVAILABLE,FULL_QUARTER,POSITIVE
LOCK1_AFTER_2R__N4_01,NORMALIZED,CNYRUBF,baseline,2024,3,0.6441510469,0.1610377617,6,AVAILABLE,FULL_QUARTER,POSITIVE
LOCK1_AFTER_2R__N4_01,NORMALIZED,GLDRUBF,baseline,2024,3,-1.170662863,-0.2926657158,7,AVAILABLE,FULL_QUARTER,NEGATIVE
LOCK1_AFTER_2R__N4_01,NORMALIZED,IMOEXF,baseline,2024,3,7.623380195,1.905845049,7,AVAILABLE,FULL_QUARTER,POSITIVE
LOCK1_AFTER_2R__N4_01,NORMALIZED,USDRUBF,baseline,2024,4,5.763429915,1.440857479,7,AVAILABLE,PARTIAL_QUARTER,POSITIVE
LOCK1_AFTER_2R__N4_01,NORMALIZED,CNYRUBF,baseline,2024,4,3.442996412,0.8607491029,7,AVAILABLE,PARTIAL_QUARTER,POSITIVE
LOCK1_AFTER_2R__N4_01,NORMALIZED,GLDRUBF,baseline,2024,4,8.364333758,2.091083439,8,AVAILABLE,PARTIAL_QUARTER,POSITIVE
LOCK1_AFTER_2R__N4_01,NORMALIZED,IMOEXF,baseline,2024,4,2.943055533,0.7357638833,5,AVAILABLE,PARTIAL_QUARTER,POSITIVE
LOCK1_AFTER_2R__N4_01,NORMALIZED,USDRUBF,walk_forward,2024,1,0.3132754899,0.07831887247,2,AVAILABLE,FULL_QUARTER,POSITIVE
LOCK1_AFTER_2R__N4_01,NORMALIZED,CNYRUBF,walk_forward,2024,1,-0.7748154007,-0.1937038502,1,AVAILABLE,FULL_QUARTER,NEGATIVE
LOCK1_AFTER_2R__N4_01,NORMALIZED,GLDRUBF,walk_forward,2024,1,3.318808571,0.8297021428,7,AVAILABLE,FULL_QUARTER,POSITIVE
LOCK1_AFTER_2R__N4_01,NORMALIZED,IMOEXF,walk_forward,2024,1,-2.256842313,-0.5642105783,3,AVAILABLE,FULL_QUARTER,NEGATIVE
LOCK1_AFTER_2R__N4_01,NORMALIZED,USDRUBF,walk_forward,2024,2,5.285735986,1.321433997,5,AVAILABLE,FULL_QUARTER,POSITIVE
LOCK1_AFTER_2R__N4_01,NORMALIZED,CNYRUBF,walk_forward,2024,2,14.34374878,3.585937195,5,AVAILABLE,FULL_QUARTER,POSITIVE
LOCK1_AFTER_2R__N4_01,NORMALIZED,GLDRUBF,walk_forward,2024,2,-1.168432653,-0.2921081632,5,AVAILABLE,FULL_QUARTER,NEGATIVE
LOCK1_AFTER_2R__N4_01,NORMALIZED,IMOEXF,walk_forward,2024,2,5.244296171,1.311074043,5,AVAILABLE,FULL_QUARTER,POSITIVE
LOCK1_AFTER_2R__N4_01,NORMALIZED,USDRUBF,walk_forward,2024,3,1.803338198,0.4508345494,4,AVAILABLE,FULL_QUARTER,POSITIVE
LOCK1_AFTER_2R__N4_01,NORMALIZED,CNYRUBF,walk_forward,2024,3,0.9080037172,0.2270009293,5,AVAILABLE,FULL_QUARTER,POSITIVE
LOCK1_AFTER_2R__N4_01,NORMALIZED,GLDRUBF,walk_forward,2024,3,-1.800814282,-0.4502035704,6,AVAILABLE,FULL_QUARTER,NEGATIVE
LOCK1_AFTER_2R__N4_01,NORMALIZED,IMOEXF,walk_forward,2024,3,3.827226242,0.9568065605,3,AVAILABLE,FULL_QUARTER,POSITIVE
LOCK1_AFTER_2R__N4_01,NORMALIZED,USDRUBF,walk_forward,2024,4,5.348060663,1.337015166,3,AVAILABLE,PARTIAL_QUARTER,POSITIVE
LOCK1_AFTER_2R__N4_01,NORMALIZED,CNYRUBF,walk_forward,2024,4,3.589777842,0.8974444605,5,AVAILABLE,PARTIAL_QUARTER,POSITIVE
LOCK1_AFTER_2R__N4_01,NORMALIZED,GLDRUBF,walk_forward,2024,4,0.2030512828,0.05076282069,4,AVAILABLE,PARTIAL_QUARTER,POSITIVE
LOCK1_AFTER_2R__N4_01,NORMALIZED,IMOEXF,walk_forward,2024,4,1.53728685,0.3843217126,3,AVAILABLE,PARTIAL_QUARTER,POSITIVE
LOCK1_AFTER_2R__N4_01,NORMALIZED,USDRUBF,historical_true_oos,2025,1,0.669094079,0.1672735197,3,AVAILABLE,PARTIAL_QUARTER,POSITIVE
LOCK1_AFTER_2R__N4_01,NORMALIZED,CNYRUBF,historical_true_oos,2025,1,2.961964957,0.7404912393,3,AVAILABLE,PARTIAL_QUARTER,POSITIVE
LOCK1_AFTER_2R__N4_01,NORMALIZED,GLDRUBF,historical_true_oos,2025,1,-0.4165586989,-0.1041396747,1,AVAILABLE,PARTIAL_QUARTER,NEGATIVE
LOCK1_AFTER_2R__N4_01,NORMALIZED,IMOEXF,historical_true_oos,2025,1,-0.9765813621,-0.2441453405,2,AVAILABLE,PARTIAL_QUARTER,NEGATIVE
LOCK1_AFTER_2R__N4_01,NORMALIZED,USDRUBF,historical_true_oos,2025,2,-2.294309312,-0.573577328,4,AVAILABLE,FULL_QUARTER,NEGATIVE
LOCK1_AFTER_2R__N4_01,NORMALIZED,CNYRUBF,historical_true_oos,2025,2,-2.900060519,-0.7250151299,4,AVAILABLE,FULL_QUARTER,NEGATIVE
LOCK1_AFTER_2R__N4_01,NORMALIZED,GLDRUBF,historical_true_oos,2025,2,0.1437226232,0.0359306558,2,AVAILABLE,FULL_QUARTER,POSITIVE
LOCK1_AFTER_2R__N4_01,NORMALIZED,IMOEXF,historical_true_oos,2025,2,3.293111457,0.8232778642,5,AVAILABLE,FULL_QUARTER,POSITIVE
LOCK1_AFTER_2R__N4_01,NORMALIZED,USDRUBF,historical_true_oos,2025,3,10.28120835,2.570302088,6,AVAILABLE,FULL_QUARTER,POSITIVE
LOCK1_AFTER_2R__N4_01,NORMALIZED,CNYRUBF,historical_true_oos,2025,3,11.77216822,2.943042056,7,AVAILABLE,FULL_QUARTER,POSITIVE
LOCK1_AFTER_2R__N4_01,NORMALIZED,GLDRUBF,historical_true_oos,2025,3,12.84218546,3.210546364,7,AVAILABLE,FULL_QUARTER,POSITIVE
LOCK1_AFTER_2R__N4_01,NORMALIZED,IMOEXF,historical_true_oos,2025,3,-0.02228280491,-0.005570701228,12,AVAILABLE,FULL_QUARTER,NEGATIVE
LOCK1_AFTER_2R__N4_01,NORMALIZED,USDRUBF,historical_true_oos,2025,4,-1.526128899,-0.3815322246,12,AVAILABLE,FULL_QUARTER,NEGATIVE
LOCK1_AFTER_2R__N4_01,NORMALIZED,CNYRUBF,historical_true_oos,2025,4,-1.526345042,-0.3815862604,13,AVAILABLE,FULL_QUARTER,NEGATIVE
LOCK1_AFTER_2R__N4_01,NORMALIZED,GLDRUBF,historical_true_oos,2025,4,2.808344618,0.7020861544,10,AVAILABLE,FULL_QUARTER,POSITIVE
LOCK1_AFTER_2R__N4_01,NORMALIZED,IMOEXF,historical_true_oos,2025,4,1.53089969,0.3827249224,9,AVAILABLE,FULL_QUARTER,POSITIVE
LOCK1_AFTER_2R__N4_01,NORMALIZED,USDRUBF,historical_true_oos,2026,1,6.800303784,1.700075946,7,AVAILABLE,FULL_QUARTER,POSITIVE
LOCK1_AFTER_2R__N4_01,NORMALIZED,CNYRUBF,historical_true_oos,2026,1,4.357563927,1.089390982,8,AVAILABLE,FULL_QUARTER,POSITIVE
LOCK1_AFTER_2R__N4_01,NORMALIZED,GLDRUBF,historical_true_oos,2026,1,6.048086573,1.512021643,8,AVAILABLE,FULL_QUARTER,POSITIVE
LOCK1_AFTER_2R__N4_01,NORMALIZED,IMOEXF,historical_true_oos,2026,1,1.207695616,0.3019239039,7,AVAILABLE,FULL_QUARTER,POSITIVE
LOCK1_AFTER_2R__N4_01,NORMALIZED,USDRUBF,historical_true_oos,2026,2,3.481275769,0.8703189422,8,AVAILABLE,FULL_QUARTER,POSITIVE
LOCK1_AFTER_2R__N4_01,NORMALIZED,CNYRUBF,historical_true_oos,2026,2,5.018422592,1.254605648,7,AVAILABLE,FULL_QUARTER,POSITIVE
LOCK1_AFTER_2R__N4_01,NORMALIZED,GLDRUBF,historical_true_oos,2026,2,3.392699205,0.8481748012,6,AVAILABLE,FULL_QUARTER,POSITIVE
LOCK1_AFTER_2R__N4_01,NORMALIZED,IMOEXF,historical_true_oos,2026,2,0.8274346722,0.2068586681,13,AVAILABLE,FULL_QUARTER,POSITIVE
LOCK1_AFTER_2R__N4_01,NORMALIZED,USDRUBF,historical_true_oos,2026,3,6.03583997,1.508959993,9,AVAILABLE,PARTIAL_QUARTER,POSITIVE
LOCK1_AFTER_2R__N4_01,NORMALIZED,CNYRUBF,historical_true_oos,2026,3,3.560382305,0.8900955763,9,AVAILABLE,PARTIAL_QUARTER,POSITIVE
LOCK1_AFTER_2R__N4_01,NORMALIZED,GLDRUBF,historical_true_oos,2026,3,7.689444749,1.922361187,8,AVAILABLE,PARTIAL_QUARTER,POSITIVE
LOCK1_AFTER_2R__N4_01,NORMALIZED,IMOEXF,historical_true_oos,2026,3,-2.467484663,-0.6168711656,10,AVAILABLE,PARTIAL_QUARTER,NEGATIVE
LOCK1_AFTER_2R__N4_01,FULL,USDRUBF,baseline,2023,1,-2.898422489,-2.898422489,4,AVAILABLE,PARTIAL_QUARTER,NEGATIVE
LOCK1_AFTER_2R__N4_01,FULL,CNYRUBF,baseline,2023,1,-1.020555271,-1.020555271,3,AVAILABLE,PARTIAL_QUARTER,NEGATIVE
LOCK1_AFTER_2R__N4_01,FULL,GLDRUBF,baseline,2023,1,0,0,0,NOT_AVAILABLE,NOT_AVAILABLE,ZERO
LOCK1_AFTER_2R__N4_01,FULL,IMOEXF,baseline,2023,1,0,0,0,NOT_AVAILABLE,NOT_AVAILABLE,ZERO
LOCK1_AFTER_2R__N4_01,FULL,USDRUBF,baseline,2023,2,8.689564697,8.689564697,11,AVAILABLE,FULL_QUARTER,POSITIVE
LOCK1_AFTER_2R__N4_01,FULL,CNYRUBF,baseline,2023,2,7.795515913,7.795515913,8,AVAILABLE,FULL_QUARTER,POSITIVE
LOCK1_AFTER_2R__N4_01,FULL,GLDRUBF,baseline,2023,2,0,0,0,NOT_AVAILABLE,NOT_AVAILABLE,ZERO
LOCK1_AFTER_2R__N4_01,FULL,IMOEXF,baseline,2023,2,0,0,0,NOT_AVAILABLE,NOT_AVAILABLE,ZERO
LOCK1_AFTER_2R__N4_01,FULL,USDRUBF,baseline,2023,3,5.167328514,5.167328514,8,AVAILABLE,FULL_QUARTER,POSITIVE
LOCK1_AFTER_2R__N4_01,FULL,CNYRUBF,baseline,2023,3,-2.049622456,-2.049622456,7,AVAILABLE,FULL_QUARTER,NEGATIVE
LOCK1_AFTER_2R__N4_01,FULL,GLDRUBF,baseline,2023,3,-0.435766705,-0.435766705,1,AVAILABLE,PARTIAL_QUARTER,NEGATIVE
LOCK1_AFTER_2R__N4_01,FULL,IMOEXF,baseline,2023,3,0,0,0,NOT_AVAILABLE,NOT_AVAILABLE,ZERO
LOCK1_AFTER_2R__N4_01,FULL,USDRUBF,baseline,2023,4,2.280418239,2.280418239,8,AVAILABLE,FULL_QUARTER,POSITIVE
LOCK1_AFTER_2R__N4_01,FULL,CNYRUBF,baseline,2023,4,-3.791262962,-3.791262962,6,AVAILABLE,FULL_QUARTER,NEGATIVE
LOCK1_AFTER_2R__N4_01,FULL,GLDRUBF,baseline,2023,4,0.05167355955,0.05167355955,5,AVAILABLE,FULL_QUARTER,POSITIVE
LOCK1_AFTER_2R__N4_01,FULL,IMOEXF,baseline,2023,4,0,0,0,NOT_AVAILABLE,PARTIAL_QUARTER,ZERO
LOCK1_AFTER_2R__N4_01,FULL,USDRUBF,baseline,2024,1,-0.4829589909,-0.4829589909,4,AVAILABLE,FULL_QUARTER,NEGATIVE
LOCK1_AFTER_2R__N4_01,FULL,CNYRUBF,baseline,2024,1,2.817209547,2.817209547,3,AVAILABLE,FULL_QUARTER,POSITIVE
LOCK1_AFTER_2R__N4_01,FULL,GLDRUBF,baseline,2024,1,0.8259324747,0.8259324747,11,AVAILABLE,FULL_QUARTER,POSITIVE
LOCK1_AFTER_2R__N4_01,FULL,IMOEXF,baseline,2024,1,2.393163239,2.393163239,8,AVAILABLE,FULL_QUARTER,POSITIVE
LOCK1_AFTER_2R__N4_01,FULL,USDRUBF,baseline,2024,2,3.61953733,3.61953733,12,AVAILABLE,FULL_QUARTER,POSITIVE
LOCK1_AFTER_2R__N4_01,FULL,CNYRUBF,baseline,2024,2,14.94403683,14.94403683,11,AVAILABLE,FULL_QUARTER,POSITIVE
LOCK1_AFTER_2R__N4_01,FULL,GLDRUBF,baseline,2024,2,3.135010105,3.135010105,9,AVAILABLE,FULL_QUARTER,POSITIVE
LOCK1_AFTER_2R__N4_01,FULL,IMOEXF,baseline,2024,2,5.115292585,5.115292585,6,AVAILABLE,FULL_QUARTER,POSITIVE
LOCK1_AFTER_2R__N4_01,FULL,USDRUBF,baseline,2024,3,1.0249468,1.0249468,9,AVAILABLE,FULL_QUARTER,POSITIVE
LOCK1_AFTER_2R__N4_01,FULL,CNYRUBF,baseline,2024,3,0.6441510469,0.6441510469,6,AVAILABLE,FULL_QUARTER,POSITIVE
LOCK1_AFTER_2R__N4_01,FULL,GLDRUBF,baseline,2024,3,-1.170662863,-1.170662863,7,AVAILABLE,FULL_QUARTER,NEGATIVE
LOCK1_AFTER_2R__N4_01,FULL,IMOEXF,baseline,2024,3,7.623380195,7.623380195,7,AVAILABLE,FULL_QUARTER,POSITIVE
LOCK1_AFTER_2R__N4_01,FULL,USDRUBF,baseline,2024,4,5.763429915,5.763429915,7,AVAILABLE,PARTIAL_QUARTER,POSITIVE
LOCK1_AFTER_2R__N4_01,FULL,CNYRUBF,baseline,2024,4,3.442996412,3.442996412,7,AVAILABLE,PARTIAL_QUARTER,POSITIVE
LOCK1_AFTER_2R__N4_01,FULL,GLDRUBF,baseline,2024,4,8.364333758,8.364333758,8,AVAILABLE,PARTIAL_QUARTER,POSITIVE
LOCK1_AFTER_2R__N4_01,FULL,IMOEXF,baseline,2024,4,2.943055533,2.943055533,5,AVAILABLE,PARTIAL_QUARTER,POSITIVE
LOCK1_AFTER_2R__N4_01,FULL,USDRUBF,walk_forward,2024,1,0.3132754899,0.3132754899,2,AVAILABLE,FULL_QUARTER,POSITIVE
LOCK1_AFTER_2R__N4_01,FULL,CNYRUBF,walk_forward,2024,1,-0.7748154007,-0.7748154007,1,AVAILABLE,FULL_QUARTER,NEGATIVE
LOCK1_AFTER_2R__N4_01,FULL,GLDRUBF,walk_forward,2024,1,3.318808571,3.318808571,7,AVAILABLE,FULL_QUARTER,POSITIVE
LOCK1_AFTER_2R__N4_01,FULL,IMOEXF,walk_forward,2024,1,-2.256842313,-2.256842313,3,AVAILABLE,FULL_QUARTER,NEGATIVE
LOCK1_AFTER_2R__N4_01,FULL,USDRUBF,walk_forward,2024,2,5.285735986,5.285735986,5,AVAILABLE,FULL_QUARTER,POSITIVE
LOCK1_AFTER_2R__N4_01,FULL,CNYRUBF,walk_forward,2024,2,14.34374878,14.34374878,5,AVAILABLE,FULL_QUARTER,POSITIVE
LOCK1_AFTER_2R__N4_01,FULL,GLDRUBF,walk_forward,2024,2,-1.168432653,-1.168432653,5,AVAILABLE,FULL_QUARTER,NEGATIVE
LOCK1_AFTER_2R__N4_01,FULL,IMOEXF,walk_forward,2024,2,5.244296171,5.244296171,5,AVAILABLE,FULL_QUARTER,POSITIVE
LOCK1_AFTER_2R__N4_01,FULL,USDRUBF,walk_forward,2024,3,1.803338198,1.803338198,4,AVAILABLE,FULL_QUARTER,POSITIVE
LOCK1_AFTER_2R__N4_01,FULL,CNYRUBF,walk_forward,2024,3,0.9080037172,0.9080037172,5,AVAILABLE,FULL_QUARTER,POSITIVE
LOCK1_AFTER_2R__N4_01,FULL,GLDRUBF,walk_forward,2024,3,-1.800814282,-1.800814282,6,AVAILABLE,FULL_QUARTER,NEGATIVE
LOCK1_AFTER_2R__N4_01,FULL,IMOEXF,walk_forward,2024,3,3.827226242,3.827226242,3,AVAILABLE,FULL_QUARTER,POSITIVE
LOCK1_AFTER_2R__N4_01,FULL,USDRUBF,walk_forward,2024,4,5.348060663,5.348060663,3,AVAILABLE,PARTIAL_QUARTER,POSITIVE
LOCK1_AFTER_2R__N4_01,FULL,CNYRUBF,walk_forward,2024,4,3.589777842,3.589777842,5,AVAILABLE,PARTIAL_QUARTER,POSITIVE
LOCK1_AFTER_2R__N4_01,FULL,GLDRUBF,walk_forward,2024,4,0.2030512828,0.2030512828,4,AVAILABLE,PARTIAL_QUARTER,POSITIVE
LOCK1_AFTER_2R__N4_01,FULL,IMOEXF,walk_forward,2024,4,1.53728685,1.53728685,3,AVAILABLE,PARTIAL_QUARTER,POSITIVE
LOCK1_AFTER_2R__N4_01,FULL,USDRUBF,historical_true_oos,2025,1,0.669094079,0.669094079,3,AVAILABLE,PARTIAL_QUARTER,POSITIVE
LOCK1_AFTER_2R__N4_01,FULL,CNYRUBF,historical_true_oos,2025,1,2.961964957,2.961964957,3,AVAILABLE,PARTIAL_QUARTER,POSITIVE
LOCK1_AFTER_2R__N4_01,FULL,GLDRUBF,historical_true_oos,2025,1,-0.4165586989,-0.4165586989,1,AVAILABLE,PARTIAL_QUARTER,NEGATIVE
LOCK1_AFTER_2R__N4_01,FULL,IMOEXF,historical_true_oos,2025,1,-0.9765813621,-0.9765813621,2,AVAILABLE,PARTIAL_QUARTER,NEGATIVE
LOCK1_AFTER_2R__N4_01,FULL,USDRUBF,historical_true_oos,2025,2,-2.294309312,-2.294309312,4,AVAILABLE,FULL_QUARTER,NEGATIVE
LOCK1_AFTER_2R__N4_01,FULL,CNYRUBF,historical_true_oos,2025,2,-2.900060519,-2.900060519,4,AVAILABLE,FULL_QUARTER,NEGATIVE
LOCK1_AFTER_2R__N4_01,FULL,GLDRUBF,historical_true_oos,2025,2,0.1437226232,0.1437226232,2,AVAILABLE,FULL_QUARTER,POSITIVE
LOCK1_AFTER_2R__N4_01,FULL,IMOEXF,historical_true_oos,2025,2,3.293111457,3.293111457,5,AVAILABLE,FULL_QUARTER,POSITIVE
LOCK1_AFTER_2R__N4_01,FULL,USDRUBF,historical_true_oos,2025,3,10.28120835,10.28120835,6,AVAILABLE,FULL_QUARTER,POSITIVE
LOCK1_AFTER_2R__N4_01,FULL,CNYRUBF,historical_true_oos,2025,3,11.77216822,11.77216822,7,AVAILABLE,FULL_QUARTER,POSITIVE
LOCK1_AFTER_2R__N4_01,FULL,GLDRUBF,historical_true_oos,2025,3,12.84218546,12.84218546,7,AVAILABLE,FULL_QUARTER,POSITIVE
LOCK1_AFTER_2R__N4_01,FULL,IMOEXF,historical_true_oos,2025,3,-0.02228280491,-0.02228280491,12,AVAILABLE,FULL_QUARTER,NEGATIVE
LOCK1_AFTER_2R__N4_01,FULL,USDRUBF,historical_true_oos,2025,4,-1.526128899,-1.526128899,12,AVAILABLE,FULL_QUARTER,NEGATIVE
LOCK1_AFTER_2R__N4_01,FULL,CNYRUBF,historical_true_oos,2025,4,-1.526345042,-1.526345042,13,AVAILABLE,FULL_QUARTER,NEGATIVE
LOCK1_AFTER_2R__N4_01,FULL,GLDRUBF,historical_true_oos,2025,4,2.808344618,2.808344618,10,AVAILABLE,FULL_QUARTER,POSITIVE
LOCK1_AFTER_2R__N4_01,FULL,IMOEXF,historical_true_oos,2025,4,1.53089969,1.53089969,9,AVAILABLE,FULL_QUARTER,POSITIVE
LOCK1_AFTER_2R__N4_01,FULL,USDRUBF,historical_true_oos,2026,1,6.800303784,6.800303784,7,AVAILABLE,FULL_QUARTER,POSITIVE
LOCK1_AFTER_2R__N4_01,FULL,CNYRUBF,historical_true_oos,2026,1,4.357563927,4.357563927,8,AVAILABLE,FULL_QUARTER,POSITIVE
LOCK1_AFTER_2R__N4_01,FULL,GLDRUBF,historical_true_oos,2026,1,6.048086573,6.048086573,8,AVAILABLE,FULL_QUARTER,POSITIVE
LOCK1_AFTER_2R__N4_01,FULL,IMOEXF,historical_true_oos,2026,1,1.207695616,1.207695616,7,AVAILABLE,FULL_QUARTER,POSITIVE
LOCK1_AFTER_2R__N4_01,FULL,USDRUBF,historical_true_oos,2026,2,3.481275769,3.481275769,8,AVAILABLE,FULL_QUARTER,POSITIVE
LOCK1_AFTER_2R__N4_01,FULL,CNYRUBF,historical_true_oos,2026,2,5.018422592,5.018422592,7,AVAILABLE,FULL_QUARTER,POSITIVE
LOCK1_AFTER_2R__N4_01,FULL,GLDRUBF,historical_true_oos,2026,2,3.392699205,3.392699205,6,AVAILABLE,FULL_QUARTER,POSITIVE
LOCK1_AFTER_2R__N4_01,FULL,IMOEXF,historical_true_oos,2026,2,0.8274346722,0.8274346722,13,AVAILABLE,FULL_QUARTER,POSITIVE
LOCK1_AFTER_2R__N4_01,FULL,USDRUBF,historical_true_oos,2026,3,6.03583997,6.03583997,9,AVAILABLE,PARTIAL_QUARTER,POSITIVE
LOCK1_AFTER_2R__N4_01,FULL,CNYRUBF,historical_true_oos,2026,3,3.560382305,3.560382305,9,AVAILABLE,PARTIAL_QUARTER,POSITIVE
LOCK1_AFTER_2R__N4_01,FULL,GLDRUBF,historical_true_oos,2026,3,7.689444749,7.689444749,8,AVAILABLE,PARTIAL_QUARTER,POSITIVE
LOCK1_AFTER_2R__N4_01,FULL,IMOEXF,historical_true_oos,2026,3,-2.467484663,-2.467484663,10,AVAILABLE,PARTIAL_QUARTER,NEGATIVE
STRUCTURAL_STACK_V1__N2_01,NORMALIZED,USDRUBF,baseline,2023,1,-1.937229707,-0.9686148535,3,AVAILABLE,PARTIAL_QUARTER,NEGATIVE
STRUCTURAL_STACK_V1__N2_01,NORMALIZED,CNYRUBF,baseline,2023,1,-1.020555271,-0.5102776355,3,AVAILABLE,PARTIAL_QUARTER,NEGATIVE
STRUCTURAL_STACK_V1__N2_01,NORMALIZED,USDRUBF,baseline,2023,2,8.689564697,4.344782349,11,AVAILABLE,FULL_QUARTER,POSITIVE
STRUCTURAL_STACK_V1__N2_01,NORMALIZED,CNYRUBF,baseline,2023,2,7.795515913,3.897757957,8,AVAILABLE,FULL_QUARTER,POSITIVE
STRUCTURAL_STACK_V1__N2_01,NORMALIZED,USDRUBF,baseline,2023,3,5.167328514,2.583664257,8,AVAILABLE,FULL_QUARTER,POSITIVE
STRUCTURAL_STACK_V1__N2_01,NORMALIZED,CNYRUBF,baseline,2023,3,-2.049622456,-1.024811228,7,AVAILABLE,FULL_QUARTER,NEGATIVE
STRUCTURAL_STACK_V1__N2_01,NORMALIZED,USDRUBF,baseline,2023,4,3.283483736,1.641741868,7,AVAILABLE,FULL_QUARTER,POSITIVE
STRUCTURAL_STACK_V1__N2_01,NORMALIZED,CNYRUBF,baseline,2023,4,-3.791262962,-1.895631481,6,AVAILABLE,FULL_QUARTER,NEGATIVE
STRUCTURAL_STACK_V1__N2_01,NORMALIZED,USDRUBF,baseline,2024,1,-0.4829589909,-0.2414794954,4,AVAILABLE,FULL_QUARTER,NEGATIVE
STRUCTURAL_STACK_V1__N2_01,NORMALIZED,CNYRUBF,baseline,2024,1,2.817209547,1.408604774,3,AVAILABLE,FULL_QUARTER,POSITIVE
STRUCTURAL_STACK_V1__N2_01,NORMALIZED,USDRUBF,baseline,2024,2,3.61953733,1.809768665,12,AVAILABLE,FULL_QUARTER,POSITIVE
STRUCTURAL_STACK_V1__N2_01,NORMALIZED,CNYRUBF,baseline,2024,2,14.94403683,7.472018415,11,AVAILABLE,FULL_QUARTER,POSITIVE
STRUCTURAL_STACK_V1__N2_01,NORMALIZED,USDRUBF,baseline,2024,3,1.0249468,0.5124733999,9,AVAILABLE,FULL_QUARTER,POSITIVE
STRUCTURAL_STACK_V1__N2_01,NORMALIZED,CNYRUBF,baseline,2024,3,0.6441510469,0.3220755234,6,AVAILABLE,FULL_QUARTER,POSITIVE
STRUCTURAL_STACK_V1__N2_01,NORMALIZED,USDRUBF,baseline,2024,4,5.763429915,2.881714957,7,AVAILABLE,PARTIAL_QUARTER,POSITIVE
STRUCTURAL_STACK_V1__N2_01,NORMALIZED,CNYRUBF,baseline,2024,4,3.442996412,1.721498206,7,AVAILABLE,PARTIAL_QUARTER,POSITIVE
STRUCTURAL_STACK_V1__N2_01,NORMALIZED,USDRUBF,walk_forward,2024,1,0.3132754899,0.1566377449,2,AVAILABLE,FULL_QUARTER,POSITIVE
STRUCTURAL_STACK_V1__N2_01,NORMALIZED,CNYRUBF,walk_forward,2024,1,-0.7748154007,-0.3874077003,1,AVAILABLE,FULL_QUARTER,NEGATIVE
STRUCTURAL_STACK_V1__N2_01,NORMALIZED,USDRUBF,walk_forward,2024,2,5.285735986,2.642867993,5,AVAILABLE,FULL_QUARTER,POSITIVE
STRUCTURAL_STACK_V1__N2_01,NORMALIZED,CNYRUBF,walk_forward,2024,2,14.34374878,7.17187439,5,AVAILABLE,FULL_QUARTER,POSITIVE
STRUCTURAL_STACK_V1__N2_01,NORMALIZED,USDRUBF,walk_forward,2024,3,1.803338198,0.9016690988,4,AVAILABLE,FULL_QUARTER,POSITIVE
STRUCTURAL_STACK_V1__N2_01,NORMALIZED,CNYRUBF,walk_forward,2024,3,0.9080037172,0.4540018586,5,AVAILABLE,FULL_QUARTER,POSITIVE
STRUCTURAL_STACK_V1__N2_01,NORMALIZED,USDRUBF,walk_forward,2024,4,5.348060663,2.674030332,3,AVAILABLE,PARTIAL_QUARTER,POSITIVE
STRUCTURAL_STACK_V1__N2_01,NORMALIZED,CNYRUBF,walk_forward,2024,4,3.589777842,1.794888921,5,AVAILABLE,PARTIAL_QUARTER,POSITIVE
STRUCTURAL_STACK_V1__N2_01,NORMALIZED,USDRUBF,historical_true_oos,2025,1,1.670482493,0.8352412463,2,AVAILABLE,PARTIAL_QUARTER,POSITIVE
STRUCTURAL_STACK_V1__N2_01,NORMALIZED,CNYRUBF,historical_true_oos,2025,1,2.961964957,1.480982479,3,AVAILABLE,PARTIAL_QUARTER,POSITIVE
STRUCTURAL_STACK_V1__N2_01,NORMALIZED,USDRUBF,historical_true_oos,2025,2,-2.294309312,-1.147154656,4,AVAILABLE,FULL_QUARTER,NEGATIVE
STRUCTURAL_STACK_V1__N2_01,NORMALIZED,CNYRUBF,historical_true_oos,2025,2,-2.900060519,-1.45003026,4,AVAILABLE,FULL_QUARTER,NEGATIVE
STRUCTURAL_STACK_V1__N2_01,NORMALIZED,USDRUBF,historical_true_oos,2025,3,10.28120835,5.140604176,6,AVAILABLE,FULL_QUARTER,POSITIVE
STRUCTURAL_STACK_V1__N2_01,NORMALIZED,CNYRUBF,historical_true_oos,2025,3,11.77216822,5.886084111,7,AVAILABLE,FULL_QUARTER,POSITIVE
STRUCTURAL_STACK_V1__N2_01,NORMALIZED,USDRUBF,historical_true_oos,2025,4,-1.526128899,-0.7630644493,12,AVAILABLE,FULL_QUARTER,NEGATIVE
STRUCTURAL_STACK_V1__N2_01,NORMALIZED,CNYRUBF,historical_true_oos,2025,4,-2.568055413,-1.284027706,13,AVAILABLE,FULL_QUARTER,NEGATIVE
STRUCTURAL_STACK_V1__N2_01,NORMALIZED,USDRUBF,historical_true_oos,2026,1,6.800303784,3.400151892,7,AVAILABLE,FULL_QUARTER,POSITIVE
STRUCTURAL_STACK_V1__N2_01,NORMALIZED,CNYRUBF,historical_true_oos,2026,1,4.357563927,2.178781963,8,AVAILABLE,FULL_QUARTER,POSITIVE
STRUCTURAL_STACK_V1__N2_01,NORMALIZED,USDRUBF,historical_true_oos,2026,2,3.481275769,1.740637884,8,AVAILABLE,FULL_QUARTER,POSITIVE
STRUCTURAL_STACK_V1__N2_01,NORMALIZED,CNYRUBF,historical_true_oos,2026,2,5.018422592,2.509211296,7,AVAILABLE,FULL_QUARTER,POSITIVE
STRUCTURAL_STACK_V1__N2_01,NORMALIZED,USDRUBF,historical_true_oos,2026,3,6.03583997,3.017919985,9,AVAILABLE,PARTIAL_QUARTER,POSITIVE
STRUCTURAL_STACK_V1__N2_01,NORMALIZED,CNYRUBF,historical_true_oos,2026,3,3.022157135,1.511078567,9,AVAILABLE,PARTIAL_QUARTER,POSITIVE
STRUCTURAL_STACK_V1__N2_01,FULL,USDRUBF,baseline,2023,1,-1.937229707,-1.937229707,3,AVAILABLE,PARTIAL_QUARTER,NEGATIVE
STRUCTURAL_STACK_V1__N2_01,FULL,CNYRUBF,baseline,2023,1,-1.020555271,-1.020555271,3,AVAILABLE,PARTIAL_QUARTER,NEGATIVE
STRUCTURAL_STACK_V1__N2_01,FULL,USDRUBF,baseline,2023,2,8.689564697,8.689564697,11,AVAILABLE,FULL_QUARTER,POSITIVE
STRUCTURAL_STACK_V1__N2_01,FULL,CNYRUBF,baseline,2023,2,7.795515913,7.795515913,8,AVAILABLE,FULL_QUARTER,POSITIVE
STRUCTURAL_STACK_V1__N2_01,FULL,USDRUBF,baseline,2023,3,5.167328514,5.167328514,8,AVAILABLE,FULL_QUARTER,POSITIVE
STRUCTURAL_STACK_V1__N2_01,FULL,CNYRUBF,baseline,2023,3,-2.049622456,-2.049622456,7,AVAILABLE,FULL_QUARTER,NEGATIVE
STRUCTURAL_STACK_V1__N2_01,FULL,USDRUBF,baseline,2023,4,3.283483736,3.283483736,7,AVAILABLE,FULL_QUARTER,POSITIVE
STRUCTURAL_STACK_V1__N2_01,FULL,CNYRUBF,baseline,2023,4,-3.791262962,-3.791262962,6,AVAILABLE,FULL_QUARTER,NEGATIVE
STRUCTURAL_STACK_V1__N2_01,FULL,USDRUBF,baseline,2024,1,-0.4829589909,-0.4829589909,4,AVAILABLE,FULL_QUARTER,NEGATIVE
STRUCTURAL_STACK_V1__N2_01,FULL,CNYRUBF,baseline,2024,1,2.817209547,2.817209547,3,AVAILABLE,FULL_QUARTER,POSITIVE
STRUCTURAL_STACK_V1__N2_01,FULL,USDRUBF,baseline,2024,2,3.61953733,3.61953733,12,AVAILABLE,FULL_QUARTER,POSITIVE
STRUCTURAL_STACK_V1__N2_01,FULL,CNYRUBF,baseline,2024,2,14.94403683,14.94403683,11,AVAILABLE,FULL_QUARTER,POSITIVE
STRUCTURAL_STACK_V1__N2_01,FULL,USDRUBF,baseline,2024,3,1.0249468,1.0249468,9,AVAILABLE,FULL_QUARTER,POSITIVE
STRUCTURAL_STACK_V1__N2_01,FULL,CNYRUBF,baseline,2024,3,0.6441510469,0.6441510469,6,AVAILABLE,FULL_QUARTER,POSITIVE
STRUCTURAL_STACK_V1__N2_01,FULL,USDRUBF,baseline,2024,4,5.763429915,5.763429915,7,AVAILABLE,PARTIAL_QUARTER,POSITIVE
STRUCTURAL_STACK_V1__N2_01,FULL,CNYRUBF,baseline,2024,4,3.442996412,3.442996412,7,AVAILABLE,PARTIAL_QUARTER,POSITIVE
STRUCTURAL_STACK_V1__N2_01,FULL,USDRUBF,walk_forward,2024,1,0.3132754899,0.3132754899,2,AVAILABLE,FULL_QUARTER,POSITIVE
STRUCTURAL_STACK_V1__N2_01,FULL,CNYRUBF,walk_forward,2024,1,-0.7748154007,-0.7748154007,1,AVAILABLE,FULL_QUARTER,NEGATIVE
STRUCTURAL_STACK_V1__N2_01,FULL,USDRUBF,walk_forward,2024,2,5.285735986,5.285735986,5,AVAILABLE,FULL_QUARTER,POSITIVE
STRUCTURAL_STACK_V1__N2_01,FULL,CNYRUBF,walk_forward,2024,2,14.34374878,14.34374878,5,AVAILABLE,FULL_QUARTER,POSITIVE
STRUCTURAL_STACK_V1__N2_01,FULL,USDRUBF,walk_forward,2024,3,1.803338198,1.803338198,4,AVAILABLE,FULL_QUARTER,POSITIVE
STRUCTURAL_STACK_V1__N2_01,FULL,CNYRUBF,walk_forward,2024,3,0.9080037172,0.9080037172,5,AVAILABLE,FULL_QUARTER,POSITIVE
STRUCTURAL_STACK_V1__N2_01,FULL,USDRUBF,walk_forward,2024,4,5.348060663,5.348060663,3,AVAILABLE,PARTIAL_QUARTER,POSITIVE
STRUCTURAL_STACK_V1__N2_01,FULL,CNYRUBF,walk_forward,2024,4,3.589777842,3.589777842,5,AVAILABLE,PARTIAL_QUARTER,POSITIVE
STRUCTURAL_STACK_V1__N2_01,FULL,USDRUBF,historical_true_oos,2025,1,1.670482493,1.670482493,2,AVAILABLE,PARTIAL_QUARTER,POSITIVE
STRUCTURAL_STACK_V1__N2_01,FULL,CNYRUBF,historical_true_oos,2025,1,2.961964957,2.961964957,3,AVAILABLE,PARTIAL_QUARTER,POSITIVE
STRUCTURAL_STACK_V1__N2_01,FULL,USDRUBF,historical_true_oos,2025,2,-2.294309312,-2.294309312,4,AVAILABLE,FULL_QUARTER,NEGATIVE
STRUCTURAL_STACK_V1__N2_01,FULL,CNYRUBF,historical_true_oos,2025,2,-2.900060519,-2.900060519,4,AVAILABLE,FULL_QUARTER,NEGATIVE
STRUCTURAL_STACK_V1__N2_01,FULL,USDRUBF,historical_true_oos,2025,3,10.28120835,10.28120835,6,AVAILABLE,FULL_QUARTER,POSITIVE
STRUCTURAL_STACK_V1__N2_01,FULL,CNYRUBF,historical_true_oos,2025,3,11.77216822,11.77216822,7,AVAILABLE,FULL_QUARTER,POSITIVE
STRUCTURAL_STACK_V1__N2_01,FULL,USDRUBF,historical_true_oos,2025,4,-1.526128899,-1.526128899,12,AVAILABLE,FULL_QUARTER,NEGATIVE
STRUCTURAL_STACK_V1__N2_01,FULL,CNYRUBF,historical_true_oos,2025,4,-2.568055413,-2.568055413,13,AVAILABLE,FULL_QUARTER,NEGATIVE
STRUCTURAL_STACK_V1__N2_01,FULL,USDRUBF,historical_true_oos,2026,1,6.800303784,6.800303784,7,AVAILABLE,FULL_QUARTER,POSITIVE
STRUCTURAL_STACK_V1__N2_01,FULL,CNYRUBF,historical_true_oos,2026,1,4.357563927,4.357563927,8,AVAILABLE,FULL_QUARTER,POSITIVE
STRUCTURAL_STACK_V1__N2_01,FULL,USDRUBF,historical_true_oos,2026,2,3.481275769,3.481275769,8,AVAILABLE,FULL_QUARTER,POSITIVE
STRUCTURAL_STACK_V1__N2_01,FULL,CNYRUBF,historical_true_oos,2026,2,5.018422592,5.018422592,7,AVAILABLE,FULL_QUARTER,POSITIVE
STRUCTURAL_STACK_V1__N2_01,FULL,USDRUBF,historical_true_oos,2026,3,6.03583997,6.03583997,9,AVAILABLE,PARTIAL_QUARTER,POSITIVE
STRUCTURAL_STACK_V1__N2_01,FULL,CNYRUBF,historical_true_oos,2026,3,3.022157135,3.022157135,9,AVAILABLE,PARTIAL_QUARTER,POSITIVE
STRUCTURAL_STACK_V1__N2_02,NORMALIZED,USDRUBF,baseline,2023,1,-1.937229707,-0.9686148535,3,AVAILABLE,PARTIAL_QUARTER,NEGATIVE
STRUCTURAL_STACK_V1__N2_02,NORMALIZED,GLDRUBF,baseline,2023,1,0,0,0,NOT_AVAILABLE,NOT_AVAILABLE,ZERO
STRUCTURAL_STACK_V1__N2_02,NORMALIZED,USDRUBF,baseline,2023,2,8.689564697,4.344782349,11,AVAILABLE,FULL_QUARTER,POSITIVE
STRUCTURAL_STACK_V1__N2_02,NORMALIZED,GLDRUBF,baseline,2023,2,0,0,0,NOT_AVAILABLE,NOT_AVAILABLE,ZERO
STRUCTURAL_STACK_V1__N2_02,NORMALIZED,USDRUBF,baseline,2023,3,5.167328514,2.583664257,8,AVAILABLE,FULL_QUARTER,POSITIVE
STRUCTURAL_STACK_V1__N2_02,NORMALIZED,GLDRUBF,baseline,2023,3,-0.435766705,-0.2178833525,1,AVAILABLE,PARTIAL_QUARTER,NEGATIVE
STRUCTURAL_STACK_V1__N2_02,NORMALIZED,USDRUBF,baseline,2023,4,3.283483736,1.641741868,7,AVAILABLE,FULL_QUARTER,POSITIVE
STRUCTURAL_STACK_V1__N2_02,NORMALIZED,GLDRUBF,baseline,2023,4,-0.110139046,-0.05506952302,5,AVAILABLE,FULL_QUARTER,NEGATIVE
STRUCTURAL_STACK_V1__N2_02,NORMALIZED,USDRUBF,baseline,2024,1,-0.4829589909,-0.2414794954,4,AVAILABLE,FULL_QUARTER,NEGATIVE
STRUCTURAL_STACK_V1__N2_02,NORMALIZED,GLDRUBF,baseline,2024,1,-2.697623995,-1.348811998,11,AVAILABLE,FULL_QUARTER,NEGATIVE
STRUCTURAL_STACK_V1__N2_02,NORMALIZED,USDRUBF,baseline,2024,2,3.61953733,1.809768665,12,AVAILABLE,FULL_QUARTER,POSITIVE
STRUCTURAL_STACK_V1__N2_02,NORMALIZED,GLDRUBF,baseline,2024,2,1.821815965,0.9109079824,8,AVAILABLE,FULL_QUARTER,POSITIVE
STRUCTURAL_STACK_V1__N2_02,NORMALIZED,USDRUBF,baseline,2024,3,1.0249468,0.5124733999,9,AVAILABLE,FULL_QUARTER,POSITIVE
STRUCTURAL_STACK_V1__N2_02,NORMALIZED,GLDRUBF,baseline,2024,3,-0.1706293684,-0.08531468422,6,AVAILABLE,FULL_QUARTER,NEGATIVE
STRUCTURAL_STACK_V1__N2_02,NORMALIZED,USDRUBF,baseline,2024,4,5.763429915,2.881714957,7,AVAILABLE,PARTIAL_QUARTER,POSITIVE
STRUCTURAL_STACK_V1__N2_02,NORMALIZED,GLDRUBF,baseline,2024,4,8.364333758,4.182166879,8,AVAILABLE,PARTIAL_QUARTER,POSITIVE
STRUCTURAL_STACK_V1__N2_02,NORMALIZED,USDRUBF,walk_forward,2024,1,0.3132754899,0.1566377449,2,AVAILABLE,FULL_QUARTER,POSITIVE
STRUCTURAL_STACK_V1__N2_02,NORMALIZED,GLDRUBF,walk_forward,2024,1,-0.2047478986,-0.1023739493,7,AVAILABLE,FULL_QUARTER,NEGATIVE
STRUCTURAL_STACK_V1__N2_02,NORMALIZED,USDRUBF,walk_forward,2024,2,5.285735986,2.642867993,5,AVAILABLE,FULL_QUARTER,POSITIVE
STRUCTURAL_STACK_V1__N2_02,NORMALIZED,GLDRUBF,walk_forward,2024,2,-0.8402661314,-0.4201330657,4,AVAILABLE,FULL_QUARTER,NEGATIVE
STRUCTURAL_STACK_V1__N2_02,NORMALIZED,USDRUBF,walk_forward,2024,3,1.803338198,0.9016690988,4,AVAILABLE,FULL_QUARTER,POSITIVE
STRUCTURAL_STACK_V1__N2_02,NORMALIZED,GLDRUBF,walk_forward,2024,3,-0.8007807869,-0.4003903935,5,AVAILABLE,FULL_QUARTER,NEGATIVE
STRUCTURAL_STACK_V1__N2_02,NORMALIZED,USDRUBF,walk_forward,2024,4,5.348060663,2.674030332,3,AVAILABLE,PARTIAL_QUARTER,POSITIVE
STRUCTURAL_STACK_V1__N2_02,NORMALIZED,GLDRUBF,walk_forward,2024,4,0.2030512828,0.1015256414,4,AVAILABLE,PARTIAL_QUARTER,POSITIVE
STRUCTURAL_STACK_V1__N2_02,NORMALIZED,USDRUBF,historical_true_oos,2025,1,1.670482493,0.8352412463,2,AVAILABLE,PARTIAL_QUARTER,POSITIVE
STRUCTURAL_STACK_V1__N2_02,NORMALIZED,GLDRUBF,historical_true_oos,2025,1,-0.4165586989,-0.2082793494,1,AVAILABLE,PARTIAL_QUARTER,NEGATIVE
STRUCTURAL_STACK_V1__N2_02,NORMALIZED,USDRUBF,historical_true_oos,2025,2,-2.294309312,-1.147154656,4,AVAILABLE,FULL_QUARTER,NEGATIVE
STRUCTURAL_STACK_V1__N2_02,NORMALIZED,GLDRUBF,historical_true_oos,2025,2,0.09406211555,0.04703105777,2,AVAILABLE,FULL_QUARTER,POSITIVE
STRUCTURAL_STACK_V1__N2_02,NORMALIZED,USDRUBF,historical_true_oos,2025,3,10.28120835,5.140604176,6,AVAILABLE,FULL_QUARTER,POSITIVE
STRUCTURAL_STACK_V1__N2_02,NORMALIZED,GLDRUBF,historical_true_oos,2025,3,11.52674051,5.763370255,7,AVAILABLE,FULL_QUARTER,POSITIVE
STRUCTURAL_STACK_V1__N2_02,NORMALIZED,USDRUBF,historical_true_oos,2025,4,-1.526128899,-0.7630644493,12,AVAILABLE,FULL_QUARTER,NEGATIVE
STRUCTURAL_STACK_V1__N2_02,NORMALIZED,GLDRUBF,historical_true_oos,2025,4,2.830169413,1.415084707,10,AVAILABLE,FULL_QUARTER,POSITIVE
STRUCTURAL_STACK_V1__N2_02,NORMALIZED,USDRUBF,historical_true_oos,2026,1,6.800303784,3.400151892,7,AVAILABLE,FULL_QUARTER,POSITIVE
STRUCTURAL_STACK_V1__N2_02,NORMALIZED,GLDRUBF,historical_true_oos,2026,1,6.173353456,3.086676728,8,AVAILABLE,FULL_QUARTER,POSITIVE
STRUCTURAL_STACK_V1__N2_02,NORMALIZED,USDRUBF,historical_true_oos,2026,2,3.481275769,1.740637884,8,AVAILABLE,FULL_QUARTER,POSITIVE
STRUCTURAL_STACK_V1__N2_02,NORMALIZED,GLDRUBF,historical_true_oos,2026,2,3.345415617,1.672707808,5,AVAILABLE,FULL_QUARTER,POSITIVE
STRUCTURAL_STACK_V1__N2_02,NORMALIZED,USDRUBF,historical_true_oos,2026,3,6.03583997,3.017919985,9,AVAILABLE,PARTIAL_QUARTER,POSITIVE
STRUCTURAL_STACK_V1__N2_02,NORMALIZED,GLDRUBF,historical_true_oos,2026,3,6.955217686,3.477608843,8,AVAILABLE,PARTIAL_QUARTER,POSITIVE
STRUCTURAL_STACK_V1__N2_02,FULL,USDRUBF,baseline,2023,1,-1.937229707,-1.937229707,3,AVAILABLE,PARTIAL_QUARTER,NEGATIVE
STRUCTURAL_STACK_V1__N2_02,FULL,GLDRUBF,baseline,2023,1,0,0,0,NOT_AVAILABLE,NOT_AVAILABLE,ZERO
STRUCTURAL_STACK_V1__N2_02,FULL,USDRUBF,baseline,2023,2,8.689564697,8.689564697,11,AVAILABLE,FULL_QUARTER,POSITIVE
STRUCTURAL_STACK_V1__N2_02,FULL,GLDRUBF,baseline,2023,2,0,0,0,NOT_AVAILABLE,NOT_AVAILABLE,ZERO
STRUCTURAL_STACK_V1__N2_02,FULL,USDRUBF,baseline,2023,3,5.167328514,5.167328514,8,AVAILABLE,FULL_QUARTER,POSITIVE
STRUCTURAL_STACK_V1__N2_02,FULL,GLDRUBF,baseline,2023,3,-0.435766705,-0.435766705,1,AVAILABLE,PARTIAL_QUARTER,NEGATIVE
STRUCTURAL_STACK_V1__N2_02,FULL,USDRUBF,baseline,2023,4,3.283483736,3.283483736,7,AVAILABLE,FULL_QUARTER,POSITIVE
STRUCTURAL_STACK_V1__N2_02,FULL,GLDRUBF,baseline,2023,4,-0.110139046,-0.110139046,5,AVAILABLE,FULL_QUARTER,NEGATIVE
STRUCTURAL_STACK_V1__N2_02,FULL,USDRUBF,baseline,2024,1,-0.4829589909,-0.4829589909,4,AVAILABLE,FULL_QUARTER,NEGATIVE
STRUCTURAL_STACK_V1__N2_02,FULL,GLDRUBF,baseline,2024,1,-2.697623995,-2.697623995,11,AVAILABLE,FULL_QUARTER,NEGATIVE
STRUCTURAL_STACK_V1__N2_02,FULL,USDRUBF,baseline,2024,2,3.61953733,3.61953733,12,AVAILABLE,FULL_QUARTER,POSITIVE
STRUCTURAL_STACK_V1__N2_02,FULL,GLDRUBF,baseline,2024,2,1.821815965,1.821815965,8,AVAILABLE,FULL_QUARTER,POSITIVE
STRUCTURAL_STACK_V1__N2_02,FULL,USDRUBF,baseline,2024,3,1.0249468,1.0249468,9,AVAILABLE,FULL_QUARTER,POSITIVE
STRUCTURAL_STACK_V1__N2_02,FULL,GLDRUBF,baseline,2024,3,-0.1706293684,-0.1706293684,6,AVAILABLE,FULL_QUARTER,NEGATIVE
STRUCTURAL_STACK_V1__N2_02,FULL,USDRUBF,baseline,2024,4,5.763429915,5.763429915,7,AVAILABLE,PARTIAL_QUARTER,POSITIVE
STRUCTURAL_STACK_V1__N2_02,FULL,GLDRUBF,baseline,2024,4,8.364333758,8.364333758,8,AVAILABLE,PARTIAL_QUARTER,POSITIVE
STRUCTURAL_STACK_V1__N2_02,FULL,USDRUBF,walk_forward,2024,1,0.3132754899,0.3132754899,2,AVAILABLE,FULL_QUARTER,POSITIVE
STRUCTURAL_STACK_V1__N2_02,FULL,GLDRUBF,walk_forward,2024,1,-0.2047478986,-0.2047478986,7,AVAILABLE,FULL_QUARTER,NEGATIVE
STRUCTURAL_STACK_V1__N2_02,FULL,USDRUBF,walk_forward,2024,2,5.285735986,5.285735986,5,AVAILABLE,FULL_QUARTER,POSITIVE
STRUCTURAL_STACK_V1__N2_02,FULL,GLDRUBF,walk_forward,2024,2,-0.8402661314,-0.8402661314,4,AVAILABLE,FULL_QUARTER,NEGATIVE
STRUCTURAL_STACK_V1__N2_02,FULL,USDRUBF,walk_forward,2024,3,1.803338198,1.803338198,4,AVAILABLE,FULL_QUARTER,POSITIVE
STRUCTURAL_STACK_V1__N2_02,FULL,GLDRUBF,walk_forward,2024,3,-0.8007807869,-0.8007807869,5,AVAILABLE,FULL_QUARTER,NEGATIVE
STRUCTURAL_STACK_V1__N2_02,FULL,USDRUBF,walk_forward,2024,4,5.348060663,5.348060663,3,AVAILABLE,PARTIAL_QUARTER,POSITIVE
STRUCTURAL_STACK_V1__N2_02,FULL,GLDRUBF,walk_forward,2024,4,0.2030512828,0.2030512828,4,AVAILABLE,PARTIAL_QUARTER,POSITIVE
STRUCTURAL_STACK_V1__N2_02,FULL,USDRUBF,historical_true_oos,2025,1,1.670482493,1.670482493,2,AVAILABLE,PARTIAL_QUARTER,POSITIVE
STRUCTURAL_STACK_V1__N2_02,FULL,GLDRUBF,historical_true_oos,2025,1,-0.4165586989,-0.4165586989,1,AVAILABLE,PARTIAL_QUARTER,NEGATIVE
STRUCTURAL_STACK_V1__N2_02,FULL,USDRUBF,historical_true_oos,2025,2,-2.294309312,-2.294309312,4,AVAILABLE,FULL_QUARTER,NEGATIVE
STRUCTURAL_STACK_V1__N2_02,FULL,GLDRUBF,historical_true_oos,2025,2,0.09406211555,0.09406211555,2,AVAILABLE,FULL_QUARTER,POSITIVE
STRUCTURAL_STACK_V1__N2_02,FULL,USDRUBF,historical_true_oos,2025,3,10.28120835,10.28120835,6,AVAILABLE,FULL_QUARTER,POSITIVE
STRUCTURAL_STACK_V1__N2_02,FULL,GLDRUBF,historical_true_oos,2025,3,11.52674051,11.52674051,7,AVAILABLE,FULL_QUARTER,POSITIVE
STRUCTURAL_STACK_V1__N2_02,FULL,USDRUBF,historical_true_oos,2025,4,-1.526128899,-1.526128899,12,AVAILABLE,FULL_QUARTER,NEGATIVE
STRUCTURAL_STACK_V1__N2_02,FULL,GLDRUBF,historical_true_oos,2025,4,2.830169413,2.830169413,10,AVAILABLE,FULL_QUARTER,POSITIVE
STRUCTURAL_STACK_V1__N2_02,FULL,USDRUBF,historical_true_oos,2026,1,6.800303784,6.800303784,7,AVAILABLE,FULL_QUARTER,POSITIVE
STRUCTURAL_STACK_V1__N2_02,FULL,GLDRUBF,historical_true_oos,2026,1,6.173353456,6.173353456,8,AVAILABLE,FULL_QUARTER,POSITIVE
STRUCTURAL_STACK_V1__N2_02,FULL,USDRUBF,historical_true_oos,2026,2,3.481275769,3.481275769,8,AVAILABLE,FULL_QUARTER,POSITIVE
STRUCTURAL_STACK_V1__N2_02,FULL,GLDRUBF,historical_true_oos,2026,2,3.345415617,3.345415617,5,AVAILABLE,FULL_QUARTER,POSITIVE
STRUCTURAL_STACK_V1__N2_02,FULL,USDRUBF,historical_true_oos,2026,3,6.03583997,6.03583997,9,AVAILABLE,PARTIAL_QUARTER,POSITIVE
STRUCTURAL_STACK_V1__N2_02,FULL,GLDRUBF,historical_true_oos,2026,3,6.955217686,6.955217686,8,AVAILABLE,PARTIAL_QUARTER,POSITIVE
STRUCTURAL_STACK_V1__N2_03,NORMALIZED,USDRUBF,baseline,2023,1,-1.937229707,-0.9686148535,3,AVAILABLE,PARTIAL_QUARTER,NEGATIVE
STRUCTURAL_STACK_V1__N2_03,NORMALIZED,IMOEXF,baseline,2023,1,0,0,0,NOT_AVAILABLE,NOT_AVAILABLE,ZERO
STRUCTURAL_STACK_V1__N2_03,NORMALIZED,USDRUBF,baseline,2023,2,8.689564697,4.344782349,11,AVAILABLE,FULL_QUARTER,POSITIVE
STRUCTURAL_STACK_V1__N2_03,NORMALIZED,IMOEXF,baseline,2023,2,0,0,0,NOT_AVAILABLE,NOT_AVAILABLE,ZERO
STRUCTURAL_STACK_V1__N2_03,NORMALIZED,USDRUBF,baseline,2023,3,5.167328514,2.583664257,8,AVAILABLE,FULL_QUARTER,POSITIVE
STRUCTURAL_STACK_V1__N2_03,NORMALIZED,IMOEXF,baseline,2023,3,0,0,0,NOT_AVAILABLE,NOT_AVAILABLE,ZERO
STRUCTURAL_STACK_V1__N2_03,NORMALIZED,USDRUBF,baseline,2023,4,3.283483736,1.641741868,7,AVAILABLE,FULL_QUARTER,POSITIVE
STRUCTURAL_STACK_V1__N2_03,NORMALIZED,IMOEXF,baseline,2023,4,0,0,0,NOT_AVAILABLE,PARTIAL_QUARTER,ZERO
STRUCTURAL_STACK_V1__N2_03,NORMALIZED,USDRUBF,baseline,2024,1,-0.4829589909,-0.2414794954,4,AVAILABLE,FULL_QUARTER,NEGATIVE
STRUCTURAL_STACK_V1__N2_03,NORMALIZED,IMOEXF,baseline,2024,1,2.393163239,1.196581619,8,AVAILABLE,FULL_QUARTER,POSITIVE
STRUCTURAL_STACK_V1__N2_03,NORMALIZED,USDRUBF,baseline,2024,2,3.61953733,1.809768665,12,AVAILABLE,FULL_QUARTER,POSITIVE
STRUCTURAL_STACK_V1__N2_03,NORMALIZED,IMOEXF,baseline,2024,2,5.115292585,2.557646292,6,AVAILABLE,FULL_QUARTER,POSITIVE
STRUCTURAL_STACK_V1__N2_03,NORMALIZED,USDRUBF,baseline,2024,3,1.0249468,0.5124733999,9,AVAILABLE,FULL_QUARTER,POSITIVE
STRUCTURAL_STACK_V1__N2_03,NORMALIZED,IMOEXF,baseline,2024,3,7.623380195,3.811690098,7,AVAILABLE,FULL_QUARTER,POSITIVE
STRUCTURAL_STACK_V1__N2_03,NORMALIZED,USDRUBF,baseline,2024,4,5.763429915,2.881714957,7,AVAILABLE,PARTIAL_QUARTER,POSITIVE
STRUCTURAL_STACK_V1__N2_03,NORMALIZED,IMOEXF,baseline,2024,4,2.943055533,1.471527767,5,AVAILABLE,PARTIAL_QUARTER,POSITIVE
STRUCTURAL_STACK_V1__N2_03,NORMALIZED,USDRUBF,walk_forward,2024,1,0.3132754899,0.1566377449,2,AVAILABLE,FULL_QUARTER,POSITIVE
STRUCTURAL_STACK_V1__N2_03,NORMALIZED,IMOEXF,walk_forward,2024,1,-2.256842313,-1.128421157,3,AVAILABLE,FULL_QUARTER,NEGATIVE
STRUCTURAL_STACK_V1__N2_03,NORMALIZED,USDRUBF,walk_forward,2024,2,5.285735986,2.642867993,5,AVAILABLE,FULL_QUARTER,POSITIVE
STRUCTURAL_STACK_V1__N2_03,NORMALIZED,IMOEXF,walk_forward,2024,2,5.244296171,2.622148085,5,AVAILABLE,FULL_QUARTER,POSITIVE
STRUCTURAL_STACK_V1__N2_03,NORMALIZED,USDRUBF,walk_forward,2024,3,1.803338198,0.9016690988,4,AVAILABLE,FULL_QUARTER,POSITIVE
STRUCTURAL_STACK_V1__N2_03,NORMALIZED,IMOEXF,walk_forward,2024,3,3.827226242,1.913613121,3,AVAILABLE,FULL_QUARTER,POSITIVE
STRUCTURAL_STACK_V1__N2_03,NORMALIZED,USDRUBF,walk_forward,2024,4,5.348060663,2.674030332,3,AVAILABLE,PARTIAL_QUARTER,POSITIVE
STRUCTURAL_STACK_V1__N2_03,NORMALIZED,IMOEXF,walk_forward,2024,4,1.53728685,0.7686434252,3,AVAILABLE,PARTIAL_QUARTER,POSITIVE
STRUCTURAL_STACK_V1__N2_03,NORMALIZED,USDRUBF,historical_true_oos,2025,1,1.670482493,0.8352412463,2,AVAILABLE,PARTIAL_QUARTER,POSITIVE
STRUCTURAL_STACK_V1__N2_03,NORMALIZED,IMOEXF,historical_true_oos,2025,1,-0.2104960302,-0.1052480151,1,AVAILABLE,PARTIAL_QUARTER,NEGATIVE
STRUCTURAL_STACK_V1__N2_03,NORMALIZED,USDRUBF,historical_true_oos,2025,2,-2.294309312,-1.147154656,4,AVAILABLE,FULL_QUARTER,NEGATIVE
STRUCTURAL_STACK_V1__N2_03,NORMALIZED,IMOEXF,historical_true_oos,2025,2,3.654878351,1.827439175,4,AVAILABLE,FULL_QUARTER,POSITIVE
STRUCTURAL_STACK_V1__N2_03,NORMALIZED,USDRUBF,historical_true_oos,2025,3,10.28120835,5.140604176,6,AVAILABLE,FULL_QUARTER,POSITIVE
STRUCTURAL_STACK_V1__N2_03,NORMALIZED,IMOEXF,historical_true_oos,2025,3,0.8950248461,0.4475124231,11,AVAILABLE,FULL_QUARTER,POSITIVE
STRUCTURAL_STACK_V1__N2_03,NORMALIZED,USDRUBF,historical_true_oos,2025,4,-1.526128899,-0.7630644493,12,AVAILABLE,FULL_QUARTER,NEGATIVE
STRUCTURAL_STACK_V1__N2_03,NORMALIZED,IMOEXF,historical_true_oos,2025,4,0.3749104677,0.1874552339,7,AVAILABLE,FULL_QUARTER,POSITIVE
STRUCTURAL_STACK_V1__N2_03,NORMALIZED,USDRUBF,historical_true_oos,2026,1,6.800303784,3.400151892,7,AVAILABLE,FULL_QUARTER,POSITIVE
STRUCTURAL_STACK_V1__N2_03,NORMALIZED,IMOEXF,historical_true_oos,2026,1,2.528789976,1.264394988,4,AVAILABLE,FULL_QUARTER,POSITIVE
STRUCTURAL_STACK_V1__N2_03,NORMALIZED,USDRUBF,historical_true_oos,2026,2,3.481275769,1.740637884,8,AVAILABLE,FULL_QUARTER,POSITIVE
STRUCTURAL_STACK_V1__N2_03,NORMALIZED,IMOEXF,historical_true_oos,2026,2,-0.6439815248,-0.3219907624,13,AVAILABLE,FULL_QUARTER,NEGATIVE
STRUCTURAL_STACK_V1__N2_03,NORMALIZED,USDRUBF,historical_true_oos,2026,3,6.03583997,3.017919985,9,AVAILABLE,PARTIAL_QUARTER,POSITIVE
STRUCTURAL_STACK_V1__N2_03,NORMALIZED,IMOEXF,historical_true_oos,2026,3,-1.80050918,-0.9002545901,8,AVAILABLE,PARTIAL_QUARTER,NEGATIVE
STRUCTURAL_STACK_V1__N2_03,FULL,USDRUBF,baseline,2023,1,-1.937229707,-1.937229707,3,AVAILABLE,PARTIAL_QUARTER,NEGATIVE
STRUCTURAL_STACK_V1__N2_03,FULL,IMOEXF,baseline,2023,1,0,0,0,NOT_AVAILABLE,NOT_AVAILABLE,ZERO
STRUCTURAL_STACK_V1__N2_03,FULL,USDRUBF,baseline,2023,2,8.689564697,8.689564697,11,AVAILABLE,FULL_QUARTER,POSITIVE
STRUCTURAL_STACK_V1__N2_03,FULL,IMOEXF,baseline,2023,2,0,0,0,NOT_AVAILABLE,NOT_AVAILABLE,ZERO
STRUCTURAL_STACK_V1__N2_03,FULL,USDRUBF,baseline,2023,3,5.167328514,5.167328514,8,AVAILABLE,FULL_QUARTER,POSITIVE
STRUCTURAL_STACK_V1__N2_03,FULL,IMOEXF,baseline,2023,3,0,0,0,NOT_AVAILABLE,NOT_AVAILABLE,ZERO
STRUCTURAL_STACK_V1__N2_03,FULL,USDRUBF,baseline,2023,4,3.283483736,3.283483736,7,AVAILABLE,FULL_QUARTER,POSITIVE
STRUCTURAL_STACK_V1__N2_03,FULL,IMOEXF,baseline,2023,4,0,0,0,NOT_AVAILABLE,PARTIAL_QUARTER,ZERO
STRUCTURAL_STACK_V1__N2_03,FULL,USDRUBF,baseline,2024,1,-0.4829589909,-0.4829589909,4,AVAILABLE,FULL_QUARTER,NEGATIVE
STRUCTURAL_STACK_V1__N2_03,FULL,IMOEXF,baseline,2024,1,2.393163239,2.393163239,8,AVAILABLE,FULL_QUARTER,POSITIVE
STRUCTURAL_STACK_V1__N2_03,FULL,USDRUBF,baseline,2024,2,3.61953733,3.61953733,12,AVAILABLE,FULL_QUARTER,POSITIVE
STRUCTURAL_STACK_V1__N2_03,FULL,IMOEXF,baseline,2024,2,5.115292585,5.115292585,6,AVAILABLE,FULL_QUARTER,POSITIVE
STRUCTURAL_STACK_V1__N2_03,FULL,USDRUBF,baseline,2024,3,1.0249468,1.0249468,9,AVAILABLE,FULL_QUARTER,POSITIVE
STRUCTURAL_STACK_V1__N2_03,FULL,IMOEXF,baseline,2024,3,7.623380195,7.623380195,7,AVAILABLE,FULL_QUARTER,POSITIVE
STRUCTURAL_STACK_V1__N2_03,FULL,USDRUBF,baseline,2024,4,5.763429915,5.763429915,7,AVAILABLE,PARTIAL_QUARTER,POSITIVE
STRUCTURAL_STACK_V1__N2_03,FULL,IMOEXF,baseline,2024,4,2.943055533,2.943055533,5,AVAILABLE,PARTIAL_QUARTER,POSITIVE
STRUCTURAL_STACK_V1__N2_03,FULL,USDRUBF,walk_forward,2024,1,0.3132754899,0.3132754899,2,AVAILABLE,FULL_QUARTER,POSITIVE
STRUCTURAL_STACK_V1__N2_03,FULL,IMOEXF,walk_forward,2024,1,-2.256842313,-2.256842313,3,AVAILABLE,FULL_QUARTER,NEGATIVE
STRUCTURAL_STACK_V1__N2_03,FULL,USDRUBF,walk_forward,2024,2,5.285735986,5.285735986,5,AVAILABLE,FULL_QUARTER,POSITIVE
STRUCTURAL_STACK_V1__N2_03,FULL,IMOEXF,walk_forward,2024,2,5.244296171,5.244296171,5,AVAILABLE,FULL_QUARTER,POSITIVE
STRUCTURAL_STACK_V1__N2_03,FULL,USDRUBF,walk_forward,2024,3,1.803338198,1.803338198,4,AVAILABLE,FULL_QUARTER,POSITIVE
STRUCTURAL_STACK_V1__N2_03,FULL,IMOEXF,walk_forward,2024,3,3.827226242,3.827226242,3,AVAILABLE,FULL_QUARTER,POSITIVE
STRUCTURAL_STACK_V1__N2_03,FULL,USDRUBF,walk_forward,2024,4,5.348060663,5.348060663,3,AVAILABLE,PARTIAL_QUARTER,POSITIVE
STRUCTURAL_STACK_V1__N2_03,FULL,IMOEXF,walk_forward,2024,4,1.53728685,1.53728685,3,AVAILABLE,PARTIAL_QUARTER,POSITIVE
STRUCTURAL_STACK_V1__N2_03,FULL,USDRUBF,historical_true_oos,2025,1,1.670482493,1.670482493,2,AVAILABLE,PARTIAL_QUARTER,POSITIVE
STRUCTURAL_STACK_V1__N2_03,FULL,IMOEXF,historical_true_oos,2025,1,-0.2104960302,-0.2104960302,1,AVAILABLE,PARTIAL_QUARTER,NEGATIVE
STRUCTURAL_STACK_V1__N2_03,FULL,USDRUBF,historical_true_oos,2025,2,-2.294309312,-2.294309312,4,AVAILABLE,FULL_QUARTER,NEGATIVE
STRUCTURAL_STACK_V1__N2_03,FULL,IMOEXF,historical_true_oos,2025,2,3.654878351,3.654878351,4,AVAILABLE,FULL_QUARTER,POSITIVE
STRUCTURAL_STACK_V1__N2_03,FULL,USDRUBF,historical_true_oos,2025,3,10.28120835,10.28120835,6,AVAILABLE,FULL_QUARTER,POSITIVE
STRUCTURAL_STACK_V1__N2_03,FULL,IMOEXF,historical_true_oos,2025,3,0.8950248461,0.8950248461,11,AVAILABLE,FULL_QUARTER,POSITIVE
STRUCTURAL_STACK_V1__N2_03,FULL,USDRUBF,historical_true_oos,2025,4,-1.526128899,-1.526128899,12,AVAILABLE,FULL_QUARTER,NEGATIVE
STRUCTURAL_STACK_V1__N2_03,FULL,IMOEXF,historical_true_oos,2025,4,0.3749104677,0.3749104677,7,AVAILABLE,FULL_QUARTER,POSITIVE
STRUCTURAL_STACK_V1__N2_03,FULL,USDRUBF,historical_true_oos,2026,1,6.800303784,6.800303784,7,AVAILABLE,FULL_QUARTER,POSITIVE
STRUCTURAL_STACK_V1__N2_03,FULL,IMOEXF,historical_true_oos,2026,1,2.528789976,2.528789976,4,AVAILABLE,FULL_QUARTER,POSITIVE
STRUCTURAL_STACK_V1__N2_03,FULL,USDRUBF,historical_true_oos,2026,2,3.481275769,3.481275769,8,AVAILABLE,FULL_QUARTER,POSITIVE
STRUCTURAL_STACK_V1__N2_03,FULL,IMOEXF,historical_true_oos,2026,2,-0.6439815248,-0.6439815248,13,AVAILABLE,FULL_QUARTER,NEGATIVE
STRUCTURAL_STACK_V1__N2_03,FULL,USDRUBF,historical_true_oos,2026,3,6.03583997,6.03583997,9,AVAILABLE,PARTIAL_QUARTER,POSITIVE
STRUCTURAL_STACK_V1__N2_03,FULL,IMOEXF,historical_true_oos,2026,3,-1.80050918,-1.80050918,8,AVAILABLE,PARTIAL_QUARTER,NEGATIVE
STRUCTURAL_STACK_V1__N2_04,NORMALIZED,CNYRUBF,baseline,2023,1,-1.020555271,-0.5102776355,3,AVAILABLE,PARTIAL_QUARTER,NEGATIVE
STRUCTURAL_STACK_V1__N2_04,NORMALIZED,GLDRUBF,baseline,2023,1,0,0,0,NOT_AVAILABLE,NOT_AVAILABLE,ZERO
STRUCTURAL_STACK_V1__N2_04,NORMALIZED,CNYRUBF,baseline,2023,2,7.795515913,3.897757957,8,AVAILABLE,FULL_QUARTER,POSITIVE
STRUCTURAL_STACK_V1__N2_04,NORMALIZED,GLDRUBF,baseline,2023,2,0,0,0,NOT_AVAILABLE,NOT_AVAILABLE,ZERO
STRUCTURAL_STACK_V1__N2_04,NORMALIZED,CNYRUBF,baseline,2023,3,-2.049622456,-1.024811228,7,AVAILABLE,FULL_QUARTER,NEGATIVE
STRUCTURAL_STACK_V1__N2_04,NORMALIZED,GLDRUBF,baseline,2023,3,-0.435766705,-0.2178833525,1,AVAILABLE,PARTIAL_QUARTER,NEGATIVE
STRUCTURAL_STACK_V1__N2_04,NORMALIZED,CNYRUBF,baseline,2023,4,-3.791262962,-1.895631481,6,AVAILABLE,FULL_QUARTER,NEGATIVE
STRUCTURAL_STACK_V1__N2_04,NORMALIZED,GLDRUBF,baseline,2023,4,-0.110139046,-0.05506952302,5,AVAILABLE,FULL_QUARTER,NEGATIVE
STRUCTURAL_STACK_V1__N2_04,NORMALIZED,CNYRUBF,baseline,2024,1,2.817209547,1.408604774,3,AVAILABLE,FULL_QUARTER,POSITIVE
STRUCTURAL_STACK_V1__N2_04,NORMALIZED,GLDRUBF,baseline,2024,1,-2.697623995,-1.348811998,11,AVAILABLE,FULL_QUARTER,NEGATIVE
STRUCTURAL_STACK_V1__N2_04,NORMALIZED,CNYRUBF,baseline,2024,2,14.94403683,7.472018415,11,AVAILABLE,FULL_QUARTER,POSITIVE
STRUCTURAL_STACK_V1__N2_04,NORMALIZED,GLDRUBF,baseline,2024,2,1.821815965,0.9109079824,8,AVAILABLE,FULL_QUARTER,POSITIVE
STRUCTURAL_STACK_V1__N2_04,NORMALIZED,CNYRUBF,baseline,2024,3,0.6441510469,0.3220755234,6,AVAILABLE,FULL_QUARTER,POSITIVE
STRUCTURAL_STACK_V1__N2_04,NORMALIZED,GLDRUBF,baseline,2024,3,-0.1706293684,-0.08531468422,6,AVAILABLE,FULL_QUARTER,NEGATIVE
STRUCTURAL_STACK_V1__N2_04,NORMALIZED,CNYRUBF,baseline,2024,4,3.442996412,1.721498206,7,AVAILABLE,PARTIAL_QUARTER,POSITIVE
STRUCTURAL_STACK_V1__N2_04,NORMALIZED,GLDRUBF,baseline,2024,4,8.364333758,4.182166879,8,AVAILABLE,PARTIAL_QUARTER,POSITIVE
STRUCTURAL_STACK_V1__N2_04,NORMALIZED,CNYRUBF,walk_forward,2024,1,-0.7748154007,-0.3874077003,1,AVAILABLE,FULL_QUARTER,NEGATIVE
STRUCTURAL_STACK_V1__N2_04,NORMALIZED,GLDRUBF,walk_forward,2024,1,-0.2047478986,-0.1023739493,7,AVAILABLE,FULL_QUARTER,NEGATIVE
STRUCTURAL_STACK_V1__N2_04,NORMALIZED,CNYRUBF,walk_forward,2024,2,14.34374878,7.17187439,5,AVAILABLE,FULL_QUARTER,POSITIVE
STRUCTURAL_STACK_V1__N2_04,NORMALIZED,GLDRUBF,walk_forward,2024,2,-0.8402661314,-0.4201330657,4,AVAILABLE,FULL_QUARTER,NEGATIVE
STRUCTURAL_STACK_V1__N2_04,NORMALIZED,CNYRUBF,walk_forward,2024,3,0.9080037172,0.4540018586,5,AVAILABLE,FULL_QUARTER,POSITIVE
STRUCTURAL_STACK_V1__N2_04,NORMALIZED,GLDRUBF,walk_forward,2024,3,-0.8007807869,-0.4003903935,5,AVAILABLE,FULL_QUARTER,NEGATIVE
STRUCTURAL_STACK_V1__N2_04,NORMALIZED,CNYRUBF,walk_forward,2024,4,3.589777842,1.794888921,5,AVAILABLE,PARTIAL_QUARTER,POSITIVE
STRUCTURAL_STACK_V1__N2_04,NORMALIZED,GLDRUBF,walk_forward,2024,4,0.2030512828,0.1015256414,4,AVAILABLE,PARTIAL_QUARTER,POSITIVE
STRUCTURAL_STACK_V1__N2_04,NORMALIZED,CNYRUBF,historical_true_oos,2025,1,2.961964957,1.480982479,3,AVAILABLE,PARTIAL_QUARTER,POSITIVE
STRUCTURAL_STACK_V1__N2_04,NORMALIZED,GLDRUBF,historical_true_oos,2025,1,-0.4165586989,-0.2082793494,1,AVAILABLE,PARTIAL_QUARTER,NEGATIVE
STRUCTURAL_STACK_V1__N2_04,NORMALIZED,CNYRUBF,historical_true_oos,2025,2,-2.900060519,-1.45003026,4,AVAILABLE,FULL_QUARTER,NEGATIVE
STRUCTURAL_STACK_V1__N2_04,NORMALIZED,GLDRUBF,historical_true_oos,2025,2,0.09406211555,0.04703105777,2,AVAILABLE,FULL_QUARTER,POSITIVE
STRUCTURAL_STACK_V1__N2_04,NORMALIZED,CNYRUBF,historical_true_oos,2025,3,11.77216822,5.886084111,7,AVAILABLE,FULL_QUARTER,POSITIVE
STRUCTURAL_STACK_V1__N2_04,NORMALIZED,GLDRUBF,historical_true_oos,2025,3,11.52674051,5.763370255,7,AVAILABLE,FULL_QUARTER,POSITIVE
STRUCTURAL_STACK_V1__N2_04,NORMALIZED,CNYRUBF,historical_true_oos,2025,4,-2.568055413,-1.284027706,13,AVAILABLE,FULL_QUARTER,NEGATIVE
STRUCTURAL_STACK_V1__N2_04,NORMALIZED,GLDRUBF,historical_true_oos,2025,4,2.830169413,1.415084707,10,AVAILABLE,FULL_QUARTER,POSITIVE
STRUCTURAL_STACK_V1__N2_04,NORMALIZED,CNYRUBF,historical_true_oos,2026,1,4.357563927,2.178781963,8,AVAILABLE,FULL_QUARTER,POSITIVE
STRUCTURAL_STACK_V1__N2_04,NORMALIZED,GLDRUBF,historical_true_oos,2026,1,6.173353456,3.086676728,8,AVAILABLE,FULL_QUARTER,POSITIVE
STRUCTURAL_STACK_V1__N2_04,NORMALIZED,CNYRUBF,historical_true_oos,2026,2,5.018422592,2.509211296,7,AVAILABLE,FULL_QUARTER,POSITIVE
STRUCTURAL_STACK_V1__N2_04,NORMALIZED,GLDRUBF,historical_true_oos,2026,2,3.345415617,1.672707808,5,AVAILABLE,FULL_QUARTER,POSITIVE
STRUCTURAL_STACK_V1__N2_04,NORMALIZED,CNYRUBF,historical_true_oos,2026,3,3.022157135,1.511078567,9,AVAILABLE,PARTIAL_QUARTER,POSITIVE
STRUCTURAL_STACK_V1__N2_04,NORMALIZED,GLDRUBF,historical_true_oos,2026,3,6.955217686,3.477608843,8,AVAILABLE,PARTIAL_QUARTER,POSITIVE
STRUCTURAL_STACK_V1__N2_04,FULL,CNYRUBF,baseline,2023,1,-1.020555271,-1.020555271,3,AVAILABLE,PARTIAL_QUARTER,NEGATIVE
STRUCTURAL_STACK_V1__N2_04,FULL,GLDRUBF,baseline,2023,1,0,0,0,NOT_AVAILABLE,NOT_AVAILABLE,ZERO
STRUCTURAL_STACK_V1__N2_04,FULL,CNYRUBF,baseline,2023,2,7.795515913,7.795515913,8,AVAILABLE,FULL_QUARTER,POSITIVE
STRUCTURAL_STACK_V1__N2_04,FULL,GLDRUBF,baseline,2023,2,0,0,0,NOT_AVAILABLE,NOT_AVAILABLE,ZERO
STRUCTURAL_STACK_V1__N2_04,FULL,CNYRUBF,baseline,2023,3,-2.049622456,-2.049622456,7,AVAILABLE,FULL_QUARTER,NEGATIVE
STRUCTURAL_STACK_V1__N2_04,FULL,GLDRUBF,baseline,2023,3,-0.435766705,-0.435766705,1,AVAILABLE,PARTIAL_QUARTER,NEGATIVE
STRUCTURAL_STACK_V1__N2_04,FULL,CNYRUBF,baseline,2023,4,-3.791262962,-3.791262962,6,AVAILABLE,FULL_QUARTER,NEGATIVE
STRUCTURAL_STACK_V1__N2_04,FULL,GLDRUBF,baseline,2023,4,-0.110139046,-0.110139046,5,AVAILABLE,FULL_QUARTER,NEGATIVE
STRUCTURAL_STACK_V1__N2_04,FULL,CNYRUBF,baseline,2024,1,2.817209547,2.817209547,3,AVAILABLE,FULL_QUARTER,POSITIVE
STRUCTURAL_STACK_V1__N2_04,FULL,GLDRUBF,baseline,2024,1,-2.697623995,-2.697623995,11,AVAILABLE,FULL_QUARTER,NEGATIVE
STRUCTURAL_STACK_V1__N2_04,FULL,CNYRUBF,baseline,2024,2,14.94403683,14.94403683,11,AVAILABLE,FULL_QUARTER,POSITIVE
STRUCTURAL_STACK_V1__N2_04,FULL,GLDRUBF,baseline,2024,2,1.821815965,1.821815965,8,AVAILABLE,FULL_QUARTER,POSITIVE
STRUCTURAL_STACK_V1__N2_04,FULL,CNYRUBF,baseline,2024,3,0.6441510469,0.6441510469,6,AVAILABLE,FULL_QUARTER,POSITIVE
STRUCTURAL_STACK_V1__N2_04,FULL,GLDRUBF,baseline,2024,3,-0.1706293684,-0.1706293684,6,AVAILABLE,FULL_QUARTER,NEGATIVE
STRUCTURAL_STACK_V1__N2_04,FULL,CNYRUBF,baseline,2024,4,3.442996412,3.442996412,7,AVAILABLE,PARTIAL_QUARTER,POSITIVE
STRUCTURAL_STACK_V1__N2_04,FULL,GLDRUBF,baseline,2024,4,8.364333758,8.364333758,8,AVAILABLE,PARTIAL_QUARTER,POSITIVE
STRUCTURAL_STACK_V1__N2_04,FULL,CNYRUBF,walk_forward,2024,1,-0.7748154007,-0.7748154007,1,AVAILABLE,FULL_QUARTER,NEGATIVE
STRUCTURAL_STACK_V1__N2_04,FULL,GLDRUBF,walk_forward,2024,1,-0.2047478986,-0.2047478986,7,AVAILABLE,FULL_QUARTER,NEGATIVE
STRUCTURAL_STACK_V1__N2_04,FULL,CNYRUBF,walk_forward,2024,2,14.34374878,14.34374878,5,AVAILABLE,FULL_QUARTER,POSITIVE
STRUCTURAL_STACK_V1__N2_04,FULL,GLDRUBF,walk_forward,2024,2,-0.8402661314,-0.8402661314,4,AVAILABLE,FULL_QUARTER,NEGATIVE
STRUCTURAL_STACK_V1__N2_04,FULL,CNYRUBF,walk_forward,2024,3,0.9080037172,0.9080037172,5,AVAILABLE,FULL_QUARTER,POSITIVE
STRUCTURAL_STACK_V1__N2_04,FULL,GLDRUBF,walk_forward,2024,3,-0.8007807869,-0.8007807869,5,AVAILABLE,FULL_QUARTER,NEGATIVE
STRUCTURAL_STACK_V1__N2_04,FULL,CNYRUBF,walk_forward,2024,4,3.589777842,3.589777842,5,AVAILABLE,PARTIAL_QUARTER,POSITIVE
STRUCTURAL_STACK_V1__N2_04,FULL,GLDRUBF,walk_forward,2024,4,0.2030512828,0.2030512828,4,AVAILABLE,PARTIAL_QUARTER,POSITIVE
STRUCTURAL_STACK_V1__N2_04,FULL,CNYRUBF,historical_true_oos,2025,1,2.961964957,2.961964957,3,AVAILABLE,PARTIAL_QUARTER,POSITIVE
STRUCTURAL_STACK_V1__N2_04,FULL,GLDRUBF,historical_true_oos,2025,1,-0.4165586989,-0.4165586989,1,AVAILABLE,PARTIAL_QUARTER,NEGATIVE
STRUCTURAL_STACK_V1__N2_04,FULL,CNYRUBF,historical_true_oos,2025,2,-2.900060519,-2.900060519,4,AVAILABLE,FULL_QUARTER,NEGATIVE
STRUCTURAL_STACK_V1__N2_04,FULL,GLDRUBF,historical_true_oos,2025,2,0.09406211555,0.09406211555,2,AVAILABLE,FULL_QUARTER,POSITIVE
STRUCTURAL_STACK_V1__N2_04,FULL,CNYRUBF,historical_true_oos,2025,3,11.77216822,11.77216822,7,AVAILABLE,FULL_QUARTER,POSITIVE
STRUCTURAL_STACK_V1__N2_04,FULL,GLDRUBF,historical_true_oos,2025,3,11.52674051,11.52674051,7,AVAILABLE,FULL_QUARTER,POSITIVE
STRUCTURAL_STACK_V1__N2_04,FULL,CNYRUBF,historical_true_oos,2025,4,-2.568055413,-2.568055413,13,AVAILABLE,FULL_QUARTER,NEGATIVE
STRUCTURAL_STACK_V1__N2_04,FULL,GLDRUBF,historical_true_oos,2025,4,2.830169413,2.830169413,10,AVAILABLE,FULL_QUARTER,POSITIVE
STRUCTURAL_STACK_V1__N2_04,FULL,CNYRUBF,historical_true_oos,2026,1,4.357563927,4.357563927,8,AVAILABLE,FULL_QUARTER,POSITIVE
STRUCTURAL_STACK_V1__N2_04,FULL,GLDRUBF,historical_true_oos,2026,1,6.173353456,6.173353456,8,AVAILABLE,FULL_QUARTER,POSITIVE
STRUCTURAL_STACK_V1__N2_04,FULL,CNYRUBF,historical_true_oos,2026,2,5.018422592,5.018422592,7,AVAILABLE,FULL_QUARTER,POSITIVE
STRUCTURAL_STACK_V1__N2_04,FULL,GLDRUBF,historical_true_oos,2026,2,3.345415617,3.345415617,5,AVAILABLE,FULL_QUARTER,POSITIVE
STRUCTURAL_STACK_V1__N2_04,FULL,CNYRUBF,historical_true_oos,2026,3,3.022157135,3.022157135,9,AVAILABLE,PARTIAL_QUARTER,POSITIVE
STRUCTURAL_STACK_V1__N2_04,FULL,GLDRUBF,historical_true_oos,2026,3,6.955217686,6.955217686,8,AVAILABLE,PARTIAL_QUARTER,POSITIVE
STRUCTURAL_STACK_V1__N2_05,NORMALIZED,CNYRUBF,baseline,2023,1,-1.020555271,-0.5102776355,3,AVAILABLE,PARTIAL_QUARTER,NEGATIVE
STRUCTURAL_STACK_V1__N2_05,NORMALIZED,IMOEXF,baseline,2023,1,0,0,0,NOT_AVAILABLE,NOT_AVAILABLE,ZERO
STRUCTURAL_STACK_V1__N2_05,NORMALIZED,CNYRUBF,baseline,2023,2,7.795515913,3.897757957,8,AVAILABLE,FULL_QUARTER,POSITIVE
STRUCTURAL_STACK_V1__N2_05,NORMALIZED,IMOEXF,baseline,2023,2,0,0,0,NOT_AVAILABLE,NOT_AVAILABLE,ZERO
STRUCTURAL_STACK_V1__N2_05,NORMALIZED,CNYRUBF,baseline,2023,3,-2.049622456,-1.024811228,7,AVAILABLE,FULL_QUARTER,NEGATIVE
STRUCTURAL_STACK_V1__N2_05,NORMALIZED,IMOEXF,baseline,2023,3,0,0,0,NOT_AVAILABLE,NOT_AVAILABLE,ZERO
STRUCTURAL_STACK_V1__N2_05,NORMALIZED,CNYRUBF,baseline,2023,4,-3.791262962,-1.895631481,6,AVAILABLE,FULL_QUARTER,NEGATIVE
STRUCTURAL_STACK_V1__N2_05,NORMALIZED,IMOEXF,baseline,2023,4,0,0,0,NOT_AVAILABLE,PARTIAL_QUARTER,ZERO
STRUCTURAL_STACK_V1__N2_05,NORMALIZED,CNYRUBF,baseline,2024,1,2.817209547,1.408604774,3,AVAILABLE,FULL_QUARTER,POSITIVE
STRUCTURAL_STACK_V1__N2_05,NORMALIZED,IMOEXF,baseline,2024,1,2.393163239,1.196581619,8,AVAILABLE,FULL_QUARTER,POSITIVE
STRUCTURAL_STACK_V1__N2_05,NORMALIZED,CNYRUBF,baseline,2024,2,14.94403683,7.472018415,11,AVAILABLE,FULL_QUARTER,POSITIVE
STRUCTURAL_STACK_V1__N2_05,NORMALIZED,IMOEXF,baseline,2024,2,5.115292585,2.557646292,6,AVAILABLE,FULL_QUARTER,POSITIVE
STRUCTURAL_STACK_V1__N2_05,NORMALIZED,CNYRUBF,baseline,2024,3,0.6441510469,0.3220755234,6,AVAILABLE,FULL_QUARTER,POSITIVE
STRUCTURAL_STACK_V1__N2_05,NORMALIZED,IMOEXF,baseline,2024,3,7.623380195,3.811690098,7,AVAILABLE,FULL_QUARTER,POSITIVE
STRUCTURAL_STACK_V1__N2_05,NORMALIZED,CNYRUBF,baseline,2024,4,3.442996412,1.721498206,7,AVAILABLE,PARTIAL_QUARTER,POSITIVE
STRUCTURAL_STACK_V1__N2_05,NORMALIZED,IMOEXF,baseline,2024,4,2.943055533,1.471527767,5,AVAILABLE,PARTIAL_QUARTER,POSITIVE
STRUCTURAL_STACK_V1__N2_05,NORMALIZED,CNYRUBF,walk_forward,2024,1,-0.7748154007,-0.3874077003,1,AVAILABLE,FULL_QUARTER,NEGATIVE
STRUCTURAL_STACK_V1__N2_05,NORMALIZED,IMOEXF,walk_forward,2024,1,-2.256842313,-1.128421157,3,AVAILABLE,FULL_QUARTER,NEGATIVE
STRUCTURAL_STACK_V1__N2_05,NORMALIZED,CNYRUBF,walk_forward,2024,2,14.34374878,7.17187439,5,AVAILABLE,FULL_QUARTER,POSITIVE
STRUCTURAL_STACK_V1__N2_05,NORMALIZED,IMOEXF,walk_forward,2024,2,5.244296171,2.622148085,5,AVAILABLE,FULL_QUARTER,POSITIVE
STRUCTURAL_STACK_V1__N2_05,NORMALIZED,CNYRUBF,walk_forward,2024,3,0.9080037172,0.4540018586,5,AVAILABLE,FULL_QUARTER,POSITIVE
STRUCTURAL_STACK_V1__N2_05,NORMALIZED,IMOEXF,walk_forward,2024,3,3.827226242,1.913613121,3,AVAILABLE,FULL_QUARTER,POSITIVE
STRUCTURAL_STACK_V1__N2_05,NORMALIZED,CNYRUBF,walk_forward,2024,4,3.589777842,1.794888921,5,AVAILABLE,PARTIAL_QUARTER,POSITIVE
STRUCTURAL_STACK_V1__N2_05,NORMALIZED,IMOEXF,walk_forward,2024,4,1.53728685,0.7686434252,3,AVAILABLE,PARTIAL_QUARTER,POSITIVE
STRUCTURAL_STACK_V1__N2_05,NORMALIZED,CNYRUBF,historical_true_oos,2025,1,2.961964957,1.480982479,3,AVAILABLE,PARTIAL_QUARTER,POSITIVE
STRUCTURAL_STACK_V1__N2_05,NORMALIZED,IMOEXF,historical_true_oos,2025,1,-0.2104960302,-0.1052480151,1,AVAILABLE,PARTIAL_QUARTER,NEGATIVE
STRUCTURAL_STACK_V1__N2_05,NORMALIZED,CNYRUBF,historical_true_oos,2025,2,-2.900060519,-1.45003026,4,AVAILABLE,FULL_QUARTER,NEGATIVE
STRUCTURAL_STACK_V1__N2_05,NORMALIZED,IMOEXF,historical_true_oos,2025,2,3.654878351,1.827439175,4,AVAILABLE,FULL_QUARTER,POSITIVE
STRUCTURAL_STACK_V1__N2_05,NORMALIZED,CNYRUBF,historical_true_oos,2025,3,11.77216822,5.886084111,7,AVAILABLE,FULL_QUARTER,POSITIVE
STRUCTURAL_STACK_V1__N2_05,NORMALIZED,IMOEXF,historical_true_oos,2025,3,0.8950248461,0.4475124231,11,AVAILABLE,FULL_QUARTER,POSITIVE
STRUCTURAL_STACK_V1__N2_05,NORMALIZED,CNYRUBF,historical_true_oos,2025,4,-2.568055413,-1.284027706,13,AVAILABLE,FULL_QUARTER,NEGATIVE
STRUCTURAL_STACK_V1__N2_05,NORMALIZED,IMOEXF,historical_true_oos,2025,4,0.3749104677,0.1874552339,7,AVAILABLE,FULL_QUARTER,POSITIVE
STRUCTURAL_STACK_V1__N2_05,NORMALIZED,CNYRUBF,historical_true_oos,2026,1,4.357563927,2.178781963,8,AVAILABLE,FULL_QUARTER,POSITIVE
STRUCTURAL_STACK_V1__N2_05,NORMALIZED,IMOEXF,historical_true_oos,2026,1,2.528789976,1.264394988,4,AVAILABLE,FULL_QUARTER,POSITIVE
STRUCTURAL_STACK_V1__N2_05,NORMALIZED,CNYRUBF,historical_true_oos,2026,2,5.018422592,2.509211296,7,AVAILABLE,FULL_QUARTER,POSITIVE
STRUCTURAL_STACK_V1__N2_05,NORMALIZED,IMOEXF,historical_true_oos,2026,2,-0.6439815248,-0.3219907624,13,AVAILABLE,FULL_QUARTER,NEGATIVE
STRUCTURAL_STACK_V1__N2_05,NORMALIZED,CNYRUBF,historical_true_oos,2026,3,3.022157135,1.511078567,9,AVAILABLE,PARTIAL_QUARTER,POSITIVE
STRUCTURAL_STACK_V1__N2_05,NORMALIZED,IMOEXF,historical_true_oos,2026,3,-1.80050918,-0.9002545901,8,AVAILABLE,PARTIAL_QUARTER,NEGATIVE
STRUCTURAL_STACK_V1__N2_05,FULL,CNYRUBF,baseline,2023,1,-1.020555271,-1.020555271,3,AVAILABLE,PARTIAL_QUARTER,NEGATIVE
STRUCTURAL_STACK_V1__N2_05,FULL,IMOEXF,baseline,2023,1,0,0,0,NOT_AVAILABLE,NOT_AVAILABLE,ZERO
STRUCTURAL_STACK_V1__N2_05,FULL,CNYRUBF,baseline,2023,2,7.795515913,7.795515913,8,AVAILABLE,FULL_QUARTER,POSITIVE
STRUCTURAL_STACK_V1__N2_05,FULL,IMOEXF,baseline,2023,2,0,0,0,NOT_AVAILABLE,NOT_AVAILABLE,ZERO
STRUCTURAL_STACK_V1__N2_05,FULL,CNYRUBF,baseline,2023,3,-2.049622456,-2.049622456,7,AVAILABLE,FULL_QUARTER,NEGATIVE
STRUCTURAL_STACK_V1__N2_05,FULL,IMOEXF,baseline,2023,3,0,0,0,NOT_AVAILABLE,NOT_AVAILABLE,ZERO
STRUCTURAL_STACK_V1__N2_05,FULL,CNYRUBF,baseline,2023,4,-3.791262962,-3.791262962,6,AVAILABLE,FULL_QUARTER,NEGATIVE
STRUCTURAL_STACK_V1__N2_05,FULL,IMOEXF,baseline,2023,4,0,0,0,NOT_AVAILABLE,PARTIAL_QUARTER,ZERO
STRUCTURAL_STACK_V1__N2_05,FULL,CNYRUBF,baseline,2024,1,2.817209547,2.817209547,3,AVAILABLE,FULL_QUARTER,POSITIVE
STRUCTURAL_STACK_V1__N2_05,FULL,IMOEXF,baseline,2024,1,2.393163239,2.393163239,8,AVAILABLE,FULL_QUARTER,POSITIVE
STRUCTURAL_STACK_V1__N2_05,FULL,CNYRUBF,baseline,2024,2,14.94403683,14.94403683,11,AVAILABLE,FULL_QUARTER,POSITIVE
STRUCTURAL_STACK_V1__N2_05,FULL,IMOEXF,baseline,2024,2,5.115292585,5.115292585,6,AVAILABLE,FULL_QUARTER,POSITIVE
STRUCTURAL_STACK_V1__N2_05,FULL,CNYRUBF,baseline,2024,3,0.6441510469,0.6441510469,6,AVAILABLE,FULL_QUARTER,POSITIVE
STRUCTURAL_STACK_V1__N2_05,FULL,IMOEXF,baseline,2024,3,7.623380195,7.623380195,7,AVAILABLE,FULL_QUARTER,POSITIVE
STRUCTURAL_STACK_V1__N2_05,FULL,CNYRUBF,baseline,2024,4,3.442996412,3.442996412,7,AVAILABLE,PARTIAL_QUARTER,POSITIVE
STRUCTURAL_STACK_V1__N2_05,FULL,IMOEXF,baseline,2024,4,2.943055533,2.943055533,5,AVAILABLE,PARTIAL_QUARTER,POSITIVE
STRUCTURAL_STACK_V1__N2_05,FULL,CNYRUBF,walk_forward,2024,1,-0.7748154007,-0.7748154007,1,AVAILABLE,FULL_QUARTER,NEGATIVE
STRUCTURAL_STACK_V1__N2_05,FULL,IMOEXF,walk_forward,2024,1,-2.256842313,-2.256842313,3,AVAILABLE,FULL_QUARTER,NEGATIVE
STRUCTURAL_STACK_V1__N2_05,FULL,CNYRUBF,walk_forward,2024,2,14.34374878,14.34374878,5,AVAILABLE,FULL_QUARTER,POSITIVE
STRUCTURAL_STACK_V1__N2_05,FULL,IMOEXF,walk_forward,2024,2,5.244296171,5.244296171,5,AVAILABLE,FULL_QUARTER,POSITIVE
STRUCTURAL_STACK_V1__N2_05,FULL,CNYRUBF,walk_forward,2024,3,0.9080037172,0.9080037172,5,AVAILABLE,FULL_QUARTER,POSITIVE
STRUCTURAL_STACK_V1__N2_05,FULL,IMOEXF,walk_forward,2024,3,3.827226242,3.827226242,3,AVAILABLE,FULL_QUARTER,POSITIVE
STRUCTURAL_STACK_V1__N2_05,FULL,CNYRUBF,walk_forward,2024,4,3.589777842,3.589777842,5,AVAILABLE,PARTIAL_QUARTER,POSITIVE
STRUCTURAL_STACK_V1__N2_05,FULL,IMOEXF,walk_forward,2024,4,1.53728685,1.53728685,3,AVAILABLE,PARTIAL_QUARTER,POSITIVE
STRUCTURAL_STACK_V1__N2_05,FULL,CNYRUBF,historical_true_oos,2025,1,2.961964957,2.961964957,3,AVAILABLE,PARTIAL_QUARTER,POSITIVE
STRUCTURAL_STACK_V1__N2_05,FULL,IMOEXF,historical_true_oos,2025,1,-0.2104960302,-0.2104960302,1,AVAILABLE,PARTIAL_QUARTER,NEGATIVE
STRUCTURAL_STACK_V1__N2_05,FULL,CNYRUBF,historical_true_oos,2025,2,-2.900060519,-2.900060519,4,AVAILABLE,FULL_QUARTER,NEGATIVE
STRUCTURAL_STACK_V1__N2_05,FULL,IMOEXF,historical_true_oos,2025,2,3.654878351,3.654878351,4,AVAILABLE,FULL_QUARTER,POSITIVE
STRUCTURAL_STACK_V1__N2_05,FULL,CNYRUBF,historical_true_oos,2025,3,11.77216822,11.77216822,7,AVAILABLE,FULL_QUARTER,POSITIVE
STRUCTURAL_STACK_V1__N2_05,FULL,IMOEXF,historical_true_oos,2025,3,0.8950248461,0.8950248461,11,AVAILABLE,FULL_QUARTER,POSITIVE
STRUCTURAL_STACK_V1__N2_05,FULL,CNYRUBF,historical_true_oos,2025,4,-2.568055413,-2.568055413,13,AVAILABLE,FULL_QUARTER,NEGATIVE
STRUCTURAL_STACK_V1__N2_05,FULL,IMOEXF,historical_true_oos,2025,4,0.3749104677,0.3749104677,7,AVAILABLE,FULL_QUARTER,POSITIVE
STRUCTURAL_STACK_V1__N2_05,FULL,CNYRUBF,historical_true_oos,2026,1,4.357563927,4.357563927,8,AVAILABLE,FULL_QUARTER,POSITIVE
STRUCTURAL_STACK_V1__N2_05,FULL,IMOEXF,historical_true_oos,2026,1,2.528789976,2.528789976,4,AVAILABLE,FULL_QUARTER,POSITIVE
STRUCTURAL_STACK_V1__N2_05,FULL,CNYRUBF,historical_true_oos,2026,2,5.018422592,5.018422592,7,AVAILABLE,FULL_QUARTER,POSITIVE
STRUCTURAL_STACK_V1__N2_05,FULL,IMOEXF,historical_true_oos,2026,2,-0.6439815248,-0.6439815248,13,AVAILABLE,FULL_QUARTER,NEGATIVE
STRUCTURAL_STACK_V1__N2_05,FULL,CNYRUBF,historical_true_oos,2026,3,3.022157135,3.022157135,9,AVAILABLE,PARTIAL_QUARTER,POSITIVE
STRUCTURAL_STACK_V1__N2_05,FULL,IMOEXF,historical_true_oos,2026,3,-1.80050918,-1.80050918,8,AVAILABLE,PARTIAL_QUARTER,NEGATIVE
STRUCTURAL_STACK_V1__N2_06,NORMALIZED,GLDRUBF,baseline,2023,3,-0.435766705,-0.2178833525,1,AVAILABLE,PARTIAL_QUARTER,NEGATIVE
STRUCTURAL_STACK_V1__N2_06,NORMALIZED,IMOEXF,baseline,2023,3,0,0,0,NOT_AVAILABLE,NOT_AVAILABLE,ZERO
STRUCTURAL_STACK_V1__N2_06,NORMALIZED,GLDRUBF,baseline,2023,4,-0.110139046,-0.05506952302,5,AVAILABLE,FULL_QUARTER,NEGATIVE
STRUCTURAL_STACK_V1__N2_06,NORMALIZED,IMOEXF,baseline,2023,4,0,0,0,NOT_AVAILABLE,PARTIAL_QUARTER,ZERO
STRUCTURAL_STACK_V1__N2_06,NORMALIZED,GLDRUBF,baseline,2024,1,-2.697623995,-1.348811998,11,AVAILABLE,FULL_QUARTER,NEGATIVE
STRUCTURAL_STACK_V1__N2_06,NORMALIZED,IMOEXF,baseline,2024,1,2.393163239,1.196581619,8,AVAILABLE,FULL_QUARTER,POSITIVE
STRUCTURAL_STACK_V1__N2_06,NORMALIZED,GLDRUBF,baseline,2024,2,1.821815965,0.9109079824,8,AVAILABLE,FULL_QUARTER,POSITIVE
STRUCTURAL_STACK_V1__N2_06,NORMALIZED,IMOEXF,baseline,2024,2,5.115292585,2.557646292,6,AVAILABLE,FULL_QUARTER,POSITIVE
STRUCTURAL_STACK_V1__N2_06,NORMALIZED,GLDRUBF,baseline,2024,3,-0.1706293684,-0.08531468422,6,AVAILABLE,FULL_QUARTER,NEGATIVE
STRUCTURAL_STACK_V1__N2_06,NORMALIZED,IMOEXF,baseline,2024,3,7.623380195,3.811690098,7,AVAILABLE,FULL_QUARTER,POSITIVE
STRUCTURAL_STACK_V1__N2_06,NORMALIZED,GLDRUBF,baseline,2024,4,8.364333758,4.182166879,8,AVAILABLE,PARTIAL_QUARTER,POSITIVE
STRUCTURAL_STACK_V1__N2_06,NORMALIZED,IMOEXF,baseline,2024,4,2.943055533,1.471527767,5,AVAILABLE,PARTIAL_QUARTER,POSITIVE
STRUCTURAL_STACK_V1__N2_06,NORMALIZED,GLDRUBF,walk_forward,2024,1,-0.2047478986,-0.1023739493,7,AVAILABLE,FULL_QUARTER,NEGATIVE
STRUCTURAL_STACK_V1__N2_06,NORMALIZED,IMOEXF,walk_forward,2024,1,-2.256842313,-1.128421157,3,AVAILABLE,FULL_QUARTER,NEGATIVE
STRUCTURAL_STACK_V1__N2_06,NORMALIZED,GLDRUBF,walk_forward,2024,2,-0.8402661314,-0.4201330657,4,AVAILABLE,FULL_QUARTER,NEGATIVE
STRUCTURAL_STACK_V1__N2_06,NORMALIZED,IMOEXF,walk_forward,2024,2,5.244296171,2.622148085,5,AVAILABLE,FULL_QUARTER,POSITIVE
STRUCTURAL_STACK_V1__N2_06,NORMALIZED,GLDRUBF,walk_forward,2024,3,-0.8007807869,-0.4003903935,5,AVAILABLE,FULL_QUARTER,NEGATIVE
STRUCTURAL_STACK_V1__N2_06,NORMALIZED,IMOEXF,walk_forward,2024,3,3.827226242,1.913613121,3,AVAILABLE,FULL_QUARTER,POSITIVE
STRUCTURAL_STACK_V1__N2_06,NORMALIZED,GLDRUBF,walk_forward,2024,4,0.2030512828,0.1015256414,4,AVAILABLE,PARTIAL_QUARTER,POSITIVE
STRUCTURAL_STACK_V1__N2_06,NORMALIZED,IMOEXF,walk_forward,2024,4,1.53728685,0.7686434252,3,AVAILABLE,PARTIAL_QUARTER,POSITIVE
STRUCTURAL_STACK_V1__N2_06,NORMALIZED,GLDRUBF,historical_true_oos,2025,1,-0.4165586989,-0.2082793494,1,AVAILABLE,PARTIAL_QUARTER,NEGATIVE
STRUCTURAL_STACK_V1__N2_06,NORMALIZED,IMOEXF,historical_true_oos,2025,1,-0.2104960302,-0.1052480151,1,AVAILABLE,PARTIAL_QUARTER,NEGATIVE
STRUCTURAL_STACK_V1__N2_06,NORMALIZED,GLDRUBF,historical_true_oos,2025,2,0.09406211555,0.04703105777,2,AVAILABLE,FULL_QUARTER,POSITIVE
STRUCTURAL_STACK_V1__N2_06,NORMALIZED,IMOEXF,historical_true_oos,2025,2,3.654878351,1.827439175,4,AVAILABLE,FULL_QUARTER,POSITIVE
STRUCTURAL_STACK_V1__N2_06,NORMALIZED,GLDRUBF,historical_true_oos,2025,3,11.52674051,5.763370255,7,AVAILABLE,FULL_QUARTER,POSITIVE
STRUCTURAL_STACK_V1__N2_06,NORMALIZED,IMOEXF,historical_true_oos,2025,3,0.8950248461,0.4475124231,11,AVAILABLE,FULL_QUARTER,POSITIVE
STRUCTURAL_STACK_V1__N2_06,NORMALIZED,GLDRUBF,historical_true_oos,2025,4,2.830169413,1.415084707,10,AVAILABLE,FULL_QUARTER,POSITIVE
STRUCTURAL_STACK_V1__N2_06,NORMALIZED,IMOEXF,historical_true_oos,2025,4,0.3749104677,0.1874552339,7,AVAILABLE,FULL_QUARTER,POSITIVE
STRUCTURAL_STACK_V1__N2_06,NORMALIZED,GLDRUBF,historical_true_oos,2026,1,6.173353456,3.086676728,8,AVAILABLE,FULL_QUARTER,POSITIVE
STRUCTURAL_STACK_V1__N2_06,NORMALIZED,IMOEXF,historical_true_oos,2026,1,2.528789976,1.264394988,4,AVAILABLE,FULL_QUARTER,POSITIVE
STRUCTURAL_STACK_V1__N2_06,NORMALIZED,GLDRUBF,historical_true_oos,2026,2,3.345415617,1.672707808,5,AVAILABLE,FULL_QUARTER,POSITIVE
STRUCTURAL_STACK_V1__N2_06,NORMALIZED,IMOEXF,historical_true_oos,2026,2,-0.6439815248,-0.3219907624,13,AVAILABLE,FULL_QUARTER,NEGATIVE
STRUCTURAL_STACK_V1__N2_06,NORMALIZED,GLDRUBF,historical_true_oos,2026,3,6.955217686,3.477608843,8,AVAILABLE,PARTIAL_QUARTER,POSITIVE
STRUCTURAL_STACK_V1__N2_06,NORMALIZED,IMOEXF,historical_true_oos,2026,3,-1.80050918,-0.9002545901,8,AVAILABLE,PARTIAL_QUARTER,NEGATIVE
STRUCTURAL_STACK_V1__N2_06,FULL,GLDRUBF,baseline,2023,3,-0.435766705,-0.435766705,1,AVAILABLE,PARTIAL_QUARTER,NEGATIVE
STRUCTURAL_STACK_V1__N2_06,FULL,IMOEXF,baseline,2023,3,0,0,0,NOT_AVAILABLE,NOT_AVAILABLE,ZERO
STRUCTURAL_STACK_V1__N2_06,FULL,GLDRUBF,baseline,2023,4,-0.110139046,-0.110139046,5,AVAILABLE,FULL_QUARTER,NEGATIVE
STRUCTURAL_STACK_V1__N2_06,FULL,IMOEXF,baseline,2023,4,0,0,0,NOT_AVAILABLE,PARTIAL_QUARTER,ZERO
STRUCTURAL_STACK_V1__N2_06,FULL,GLDRUBF,baseline,2024,1,-2.697623995,-2.697623995,11,AVAILABLE,FULL_QUARTER,NEGATIVE
STRUCTURAL_STACK_V1__N2_06,FULL,IMOEXF,baseline,2024,1,2.393163239,2.393163239,8,AVAILABLE,FULL_QUARTER,POSITIVE
STRUCTURAL_STACK_V1__N2_06,FULL,GLDRUBF,baseline,2024,2,1.821815965,1.821815965,8,AVAILABLE,FULL_QUARTER,POSITIVE
STRUCTURAL_STACK_V1__N2_06,FULL,IMOEXF,baseline,2024,2,5.115292585,5.115292585,6,AVAILABLE,FULL_QUARTER,POSITIVE
STRUCTURAL_STACK_V1__N2_06,FULL,GLDRUBF,baseline,2024,3,-0.1706293684,-0.1706293684,6,AVAILABLE,FULL_QUARTER,NEGATIVE
STRUCTURAL_STACK_V1__N2_06,FULL,IMOEXF,baseline,2024,3,7.623380195,7.623380195,7,AVAILABLE,FULL_QUARTER,POSITIVE
STRUCTURAL_STACK_V1__N2_06,FULL,GLDRUBF,baseline,2024,4,8.364333758,8.364333758,8,AVAILABLE,PARTIAL_QUARTER,POSITIVE
STRUCTURAL_STACK_V1__N2_06,FULL,IMOEXF,baseline,2024,4,2.943055533,2.943055533,5,AVAILABLE,PARTIAL_QUARTER,POSITIVE
STRUCTURAL_STACK_V1__N2_06,FULL,GLDRUBF,walk_forward,2024,1,-0.2047478986,-0.2047478986,7,AVAILABLE,FULL_QUARTER,NEGATIVE
STRUCTURAL_STACK_V1__N2_06,FULL,IMOEXF,walk_forward,2024,1,-2.256842313,-2.256842313,3,AVAILABLE,FULL_QUARTER,NEGATIVE
STRUCTURAL_STACK_V1__N2_06,FULL,GLDRUBF,walk_forward,2024,2,-0.8402661314,-0.8402661314,4,AVAILABLE,FULL_QUARTER,NEGATIVE
STRUCTURAL_STACK_V1__N2_06,FULL,IMOEXF,walk_forward,2024,2,5.244296171,5.244296171,5,AVAILABLE,FULL_QUARTER,POSITIVE
STRUCTURAL_STACK_V1__N2_06,FULL,GLDRUBF,walk_forward,2024,3,-0.8007807869,-0.8007807869,5,AVAILABLE,FULL_QUARTER,NEGATIVE
STRUCTURAL_STACK_V1__N2_06,FULL,IMOEXF,walk_forward,2024,3,3.827226242,3.827226242,3,AVAILABLE,FULL_QUARTER,POSITIVE
STRUCTURAL_STACK_V1__N2_06,FULL,GLDRUBF,walk_forward,2024,4,0.2030512828,0.2030512828,4,AVAILABLE,PARTIAL_QUARTER,POSITIVE
STRUCTURAL_STACK_V1__N2_06,FULL,IMOEXF,walk_forward,2024,4,1.53728685,1.53728685,3,AVAILABLE,PARTIAL_QUARTER,POSITIVE
STRUCTURAL_STACK_V1__N2_06,FULL,GLDRUBF,historical_true_oos,2025,1,-0.4165586989,-0.4165586989,1,AVAILABLE,PARTIAL_QUARTER,NEGATIVE
STRUCTURAL_STACK_V1__N2_06,FULL,IMOEXF,historical_true_oos,2025,1,-0.2104960302,-0.2104960302,1,AVAILABLE,PARTIAL_QUARTER,NEGATIVE
STRUCTURAL_STACK_V1__N2_06,FULL,GLDRUBF,historical_true_oos,2025,2,0.09406211555,0.09406211555,2,AVAILABLE,FULL_QUARTER,POSITIVE
STRUCTURAL_STACK_V1__N2_06,FULL,IMOEXF,historical_true_oos,2025,2,3.654878351,3.654878351,4,AVAILABLE,FULL_QUARTER,POSITIVE
STRUCTURAL_STACK_V1__N2_06,FULL,GLDRUBF,historical_true_oos,2025,3,11.52674051,11.52674051,7,AVAILABLE,FULL_QUARTER,POSITIVE
STRUCTURAL_STACK_V1__N2_06,FULL,IMOEXF,historical_true_oos,2025,3,0.8950248461,0.8950248461,11,AVAILABLE,FULL_QUARTER,POSITIVE
STRUCTURAL_STACK_V1__N2_06,FULL,GLDRUBF,historical_true_oos,2025,4,2.830169413,2.830169413,10,AVAILABLE,FULL_QUARTER,POSITIVE
STRUCTURAL_STACK_V1__N2_06,FULL,IMOEXF,historical_true_oos,2025,4,0.3749104677,0.3749104677,7,AVAILABLE,FULL_QUARTER,POSITIVE
STRUCTURAL_STACK_V1__N2_06,FULL,GLDRUBF,historical_true_oos,2026,1,6.173353456,6.173353456,8,AVAILABLE,FULL_QUARTER,POSITIVE
STRUCTURAL_STACK_V1__N2_06,FULL,IMOEXF,historical_true_oos,2026,1,2.528789976,2.528789976,4,AVAILABLE,FULL_QUARTER,POSITIVE
STRUCTURAL_STACK_V1__N2_06,FULL,GLDRUBF,historical_true_oos,2026,2,3.345415617,3.345415617,5,AVAILABLE,FULL_QUARTER,POSITIVE
STRUCTURAL_STACK_V1__N2_06,FULL,IMOEXF,historical_true_oos,2026,2,-0.6439815248,-0.6439815248,13,AVAILABLE,FULL_QUARTER,NEGATIVE
STRUCTURAL_STACK_V1__N2_06,FULL,GLDRUBF,historical_true_oos,2026,3,6.955217686,6.955217686,8,AVAILABLE,PARTIAL_QUARTER,POSITIVE
STRUCTURAL_STACK_V1__N2_06,FULL,IMOEXF,historical_true_oos,2026,3,-1.80050918,-1.80050918,8,AVAILABLE,PARTIAL_QUARTER,NEGATIVE
STRUCTURAL_STACK_V1__N3_01,NORMALIZED,USDRUBF,baseline,2023,1,-1.937229707,-0.6457432356,3,AVAILABLE,PARTIAL_QUARTER,NEGATIVE
STRUCTURAL_STACK_V1__N3_01,NORMALIZED,CNYRUBF,baseline,2023,1,-1.020555271,-0.3401850903,3,AVAILABLE,PARTIAL_QUARTER,NEGATIVE
STRUCTURAL_STACK_V1__N3_01,NORMALIZED,GLDRUBF,baseline,2023,1,0,0,0,NOT_AVAILABLE,NOT_AVAILABLE,ZERO
STRUCTURAL_STACK_V1__N3_01,NORMALIZED,USDRUBF,baseline,2023,2,8.689564697,2.896521566,11,AVAILABLE,FULL_QUARTER,POSITIVE
STRUCTURAL_STACK_V1__N3_01,NORMALIZED,CNYRUBF,baseline,2023,2,7.795515913,2.598505304,8,AVAILABLE,FULL_QUARTER,POSITIVE
STRUCTURAL_STACK_V1__N3_01,NORMALIZED,GLDRUBF,baseline,2023,2,0,0,0,NOT_AVAILABLE,NOT_AVAILABLE,ZERO
STRUCTURAL_STACK_V1__N3_01,NORMALIZED,USDRUBF,baseline,2023,3,5.167328514,1.722442838,8,AVAILABLE,FULL_QUARTER,POSITIVE
STRUCTURAL_STACK_V1__N3_01,NORMALIZED,CNYRUBF,baseline,2023,3,-2.049622456,-0.6832074853,7,AVAILABLE,FULL_QUARTER,NEGATIVE
STRUCTURAL_STACK_V1__N3_01,NORMALIZED,GLDRUBF,baseline,2023,3,-0.435766705,-0.1452555683,1,AVAILABLE,PARTIAL_QUARTER,NEGATIVE
STRUCTURAL_STACK_V1__N3_01,NORMALIZED,USDRUBF,baseline,2023,4,3.283483736,1.094494579,7,AVAILABLE,FULL_QUARTER,POSITIVE
STRUCTURAL_STACK_V1__N3_01,NORMALIZED,CNYRUBF,baseline,2023,4,-3.791262962,-1.263754321,6,AVAILABLE,FULL_QUARTER,NEGATIVE
STRUCTURAL_STACK_V1__N3_01,NORMALIZED,GLDRUBF,baseline,2023,4,-0.110139046,-0.03671301534,5,AVAILABLE,FULL_QUARTER,NEGATIVE
STRUCTURAL_STACK_V1__N3_01,NORMALIZED,USDRUBF,baseline,2024,1,-0.4829589909,-0.1609863303,4,AVAILABLE,FULL_QUARTER,NEGATIVE
STRUCTURAL_STACK_V1__N3_01,NORMALIZED,CNYRUBF,baseline,2024,1,2.817209547,0.9390698491,3,AVAILABLE,FULL_QUARTER,POSITIVE
STRUCTURAL_STACK_V1__N3_01,NORMALIZED,GLDRUBF,baseline,2024,1,-2.697623995,-0.8992079984,11,AVAILABLE,FULL_QUARTER,NEGATIVE
STRUCTURAL_STACK_V1__N3_01,NORMALIZED,USDRUBF,baseline,2024,2,3.61953733,1.206512443,12,AVAILABLE,FULL_QUARTER,POSITIVE
STRUCTURAL_STACK_V1__N3_01,NORMALIZED,CNYRUBF,baseline,2024,2,14.94403683,4.98134561,11,AVAILABLE,FULL_QUARTER,POSITIVE
STRUCTURAL_STACK_V1__N3_01,NORMALIZED,GLDRUBF,baseline,2024,2,1.821815965,0.6072719883,8,AVAILABLE,FULL_QUARTER,POSITIVE
STRUCTURAL_STACK_V1__N3_01,NORMALIZED,USDRUBF,baseline,2024,3,1.0249468,0.3416489333,9,AVAILABLE,FULL_QUARTER,POSITIVE
STRUCTURAL_STACK_V1__N3_01,NORMALIZED,CNYRUBF,baseline,2024,3,0.6441510469,0.2147170156,6,AVAILABLE,FULL_QUARTER,POSITIVE
STRUCTURAL_STACK_V1__N3_01,NORMALIZED,GLDRUBF,baseline,2024,3,-0.1706293684,-0.05687645615,6,AVAILABLE,FULL_QUARTER,NEGATIVE
STRUCTURAL_STACK_V1__N3_01,NORMALIZED,USDRUBF,baseline,2024,4,5.763429915,1.921143305,7,AVAILABLE,PARTIAL_QUARTER,POSITIVE
STRUCTURAL_STACK_V1__N3_01,NORMALIZED,CNYRUBF,baseline,2024,4,3.442996412,1.147665471,7,AVAILABLE,PARTIAL_QUARTER,POSITIVE
STRUCTURAL_STACK_V1__N3_01,NORMALIZED,GLDRUBF,baseline,2024,4,8.364333758,2.788111253,8,AVAILABLE,PARTIAL_QUARTER,POSITIVE
STRUCTURAL_STACK_V1__N3_01,NORMALIZED,USDRUBF,walk_forward,2024,1,0.3132754899,0.1044251633,2,AVAILABLE,FULL_QUARTER,POSITIVE
STRUCTURAL_STACK_V1__N3_01,NORMALIZED,CNYRUBF,walk_forward,2024,1,-0.7748154007,-0.2582718002,1,AVAILABLE,FULL_QUARTER,NEGATIVE
STRUCTURAL_STACK_V1__N3_01,NORMALIZED,GLDRUBF,walk_forward,2024,1,-0.2047478986,-0.06824929953,7,AVAILABLE,FULL_QUARTER,NEGATIVE
STRUCTURAL_STACK_V1__N3_01,NORMALIZED,USDRUBF,walk_forward,2024,2,5.285735986,1.761911995,5,AVAILABLE,FULL_QUARTER,POSITIVE
STRUCTURAL_STACK_V1__N3_01,NORMALIZED,CNYRUBF,walk_forward,2024,2,14.34374878,4.781249593,5,AVAILABLE,FULL_QUARTER,POSITIVE
STRUCTURAL_STACK_V1__N3_01,NORMALIZED,GLDRUBF,walk_forward,2024,2,-0.8402661314,-0.2800887105,4,AVAILABLE,FULL_QUARTER,NEGATIVE
STRUCTURAL_STACK_V1__N3_01,NORMALIZED,USDRUBF,walk_forward,2024,3,1.803338198,0.6011127325,4,AVAILABLE,FULL_QUARTER,POSITIVE
STRUCTURAL_STACK_V1__N3_01,NORMALIZED,CNYRUBF,walk_forward,2024,3,0.9080037172,0.3026679057,5,AVAILABLE,FULL_QUARTER,POSITIVE
STRUCTURAL_STACK_V1__N3_01,NORMALIZED,GLDRUBF,walk_forward,2024,3,-0.8007807869,-0.266926929,5,AVAILABLE,FULL_QUARTER,NEGATIVE
STRUCTURAL_STACK_V1__N3_01,NORMALIZED,USDRUBF,walk_forward,2024,4,5.348060663,1.782686888,3,AVAILABLE,PARTIAL_QUARTER,POSITIVE
STRUCTURAL_STACK_V1__N3_01,NORMALIZED,CNYRUBF,walk_forward,2024,4,3.589777842,1.196592614,5,AVAILABLE,PARTIAL_QUARTER,POSITIVE
STRUCTURAL_STACK_V1__N3_01,NORMALIZED,GLDRUBF,walk_forward,2024,4,0.2030512828,0.06768376092,4,AVAILABLE,PARTIAL_QUARTER,POSITIVE
STRUCTURAL_STACK_V1__N3_01,NORMALIZED,USDRUBF,historical_true_oos,2025,1,1.670482493,0.5568274976,2,AVAILABLE,PARTIAL_QUARTER,POSITIVE
STRUCTURAL_STACK_V1__N3_01,NORMALIZED,CNYRUBF,historical_true_oos,2025,1,2.961964957,0.9873216524,3,AVAILABLE,PARTIAL_QUARTER,POSITIVE
STRUCTURAL_STACK_V1__N3_01,NORMALIZED,GLDRUBF,historical_true_oos,2025,1,-0.4165586989,-0.1388528996,1,AVAILABLE,PARTIAL_QUARTER,NEGATIVE
STRUCTURAL_STACK_V1__N3_01,NORMALIZED,USDRUBF,historical_true_oos,2025,2,-2.294309312,-0.7647697706,4,AVAILABLE,FULL_QUARTER,NEGATIVE
STRUCTURAL_STACK_V1__N3_01,NORMALIZED,CNYRUBF,historical_true_oos,2025,2,-2.900060519,-0.9666868398,4,AVAILABLE,FULL_QUARTER,NEGATIVE
STRUCTURAL_STACK_V1__N3_01,NORMALIZED,GLDRUBF,historical_true_oos,2025,2,0.09406211555,0.03135403852,2,AVAILABLE,FULL_QUARTER,POSITIVE
STRUCTURAL_STACK_V1__N3_01,NORMALIZED,USDRUBF,historical_true_oos,2025,3,10.28120835,3.427069451,6,AVAILABLE,FULL_QUARTER,POSITIVE
STRUCTURAL_STACK_V1__N3_01,NORMALIZED,CNYRUBF,historical_true_oos,2025,3,11.77216822,3.924056074,7,AVAILABLE,FULL_QUARTER,POSITIVE
STRUCTURAL_STACK_V1__N3_01,NORMALIZED,GLDRUBF,historical_true_oos,2025,3,11.52674051,3.842246837,7,AVAILABLE,FULL_QUARTER,POSITIVE
STRUCTURAL_STACK_V1__N3_01,NORMALIZED,USDRUBF,historical_true_oos,2025,4,-1.526128899,-0.5087096328,12,AVAILABLE,FULL_QUARTER,NEGATIVE
STRUCTURAL_STACK_V1__N3_01,NORMALIZED,CNYRUBF,historical_true_oos,2025,4,-2.568055413,-0.8560184709,13,AVAILABLE,FULL_QUARTER,NEGATIVE
STRUCTURAL_STACK_V1__N3_01,NORMALIZED,GLDRUBF,historical_true_oos,2025,4,2.830169413,0.9433898043,10,AVAILABLE,FULL_QUARTER,POSITIVE
STRUCTURAL_STACK_V1__N3_01,NORMALIZED,USDRUBF,historical_true_oos,2026,1,6.800303784,2.266767928,7,AVAILABLE,FULL_QUARTER,POSITIVE
STRUCTURAL_STACK_V1__N3_01,NORMALIZED,CNYRUBF,historical_true_oos,2026,1,4.357563927,1.452521309,8,AVAILABLE,FULL_QUARTER,POSITIVE
STRUCTURAL_STACK_V1__N3_01,NORMALIZED,GLDRUBF,historical_true_oos,2026,1,6.173353456,2.057784485,8,AVAILABLE,FULL_QUARTER,POSITIVE
STRUCTURAL_STACK_V1__N3_01,NORMALIZED,USDRUBF,historical_true_oos,2026,2,3.481275769,1.160425256,8,AVAILABLE,FULL_QUARTER,POSITIVE
STRUCTURAL_STACK_V1__N3_01,NORMALIZED,CNYRUBF,historical_true_oos,2026,2,5.018422592,1.672807531,7,AVAILABLE,FULL_QUARTER,POSITIVE
STRUCTURAL_STACK_V1__N3_01,NORMALIZED,GLDRUBF,historical_true_oos,2026,2,3.345415617,1.115138539,5,AVAILABLE,FULL_QUARTER,POSITIVE
STRUCTURAL_STACK_V1__N3_01,NORMALIZED,USDRUBF,historical_true_oos,2026,3,6.03583997,2.011946657,9,AVAILABLE,PARTIAL_QUARTER,POSITIVE
STRUCTURAL_STACK_V1__N3_01,NORMALIZED,CNYRUBF,historical_true_oos,2026,3,3.022157135,1.007385712,9,AVAILABLE,PARTIAL_QUARTER,POSITIVE
STRUCTURAL_STACK_V1__N3_01,NORMALIZED,GLDRUBF,historical_true_oos,2026,3,6.955217686,2.318405895,8,AVAILABLE,PARTIAL_QUARTER,POSITIVE
STRUCTURAL_STACK_V1__N3_01,FULL,USDRUBF,baseline,2023,1,-1.937229707,-1.937229707,3,AVAILABLE,PARTIAL_QUARTER,NEGATIVE
STRUCTURAL_STACK_V1__N3_01,FULL,CNYRUBF,baseline,2023,1,-1.020555271,-1.020555271,3,AVAILABLE,PARTIAL_QUARTER,NEGATIVE
STRUCTURAL_STACK_V1__N3_01,FULL,GLDRUBF,baseline,2023,1,0,0,0,NOT_AVAILABLE,NOT_AVAILABLE,ZERO
STRUCTURAL_STACK_V1__N3_01,FULL,USDRUBF,baseline,2023,2,8.689564697,8.689564697,11,AVAILABLE,FULL_QUARTER,POSITIVE
STRUCTURAL_STACK_V1__N3_01,FULL,CNYRUBF,baseline,2023,2,7.795515913,7.795515913,8,AVAILABLE,FULL_QUARTER,POSITIVE
STRUCTURAL_STACK_V1__N3_01,FULL,GLDRUBF,baseline,2023,2,0,0,0,NOT_AVAILABLE,NOT_AVAILABLE,ZERO
STRUCTURAL_STACK_V1__N3_01,FULL,USDRUBF,baseline,2023,3,5.167328514,5.167328514,8,AVAILABLE,FULL_QUARTER,POSITIVE
STRUCTURAL_STACK_V1__N3_01,FULL,CNYRUBF,baseline,2023,3,-2.049622456,-2.049622456,7,AVAILABLE,FULL_QUARTER,NEGATIVE
STRUCTURAL_STACK_V1__N3_01,FULL,GLDRUBF,baseline,2023,3,-0.435766705,-0.435766705,1,AVAILABLE,PARTIAL_QUARTER,NEGATIVE
STRUCTURAL_STACK_V1__N3_01,FULL,USDRUBF,baseline,2023,4,3.283483736,3.283483736,7,AVAILABLE,FULL_QUARTER,POSITIVE
STRUCTURAL_STACK_V1__N3_01,FULL,CNYRUBF,baseline,2023,4,-3.791262962,-3.791262962,6,AVAILABLE,FULL_QUARTER,NEGATIVE
STRUCTURAL_STACK_V1__N3_01,FULL,GLDRUBF,baseline,2023,4,-0.110139046,-0.110139046,5,AVAILABLE,FULL_QUARTER,NEGATIVE
STRUCTURAL_STACK_V1__N3_01,FULL,USDRUBF,baseline,2024,1,-0.4829589909,-0.4829589909,4,AVAILABLE,FULL_QUARTER,NEGATIVE
STRUCTURAL_STACK_V1__N3_01,FULL,CNYRUBF,baseline,2024,1,2.817209547,2.817209547,3,AVAILABLE,FULL_QUARTER,POSITIVE
STRUCTURAL_STACK_V1__N3_01,FULL,GLDRUBF,baseline,2024,1,-2.697623995,-2.697623995,11,AVAILABLE,FULL_QUARTER,NEGATIVE
STRUCTURAL_STACK_V1__N3_01,FULL,USDRUBF,baseline,2024,2,3.61953733,3.61953733,12,AVAILABLE,FULL_QUARTER,POSITIVE
STRUCTURAL_STACK_V1__N3_01,FULL,CNYRUBF,baseline,2024,2,14.94403683,14.94403683,11,AVAILABLE,FULL_QUARTER,POSITIVE
STRUCTURAL_STACK_V1__N3_01,FULL,GLDRUBF,baseline,2024,2,1.821815965,1.821815965,8,AVAILABLE,FULL_QUARTER,POSITIVE
STRUCTURAL_STACK_V1__N3_01,FULL,USDRUBF,baseline,2024,3,1.0249468,1.0249468,9,AVAILABLE,FULL_QUARTER,POSITIVE
STRUCTURAL_STACK_V1__N3_01,FULL,CNYRUBF,baseline,2024,3,0.6441510469,0.6441510469,6,AVAILABLE,FULL_QUARTER,POSITIVE
STRUCTURAL_STACK_V1__N3_01,FULL,GLDRUBF,baseline,2024,3,-0.1706293684,-0.1706293684,6,AVAILABLE,FULL_QUARTER,NEGATIVE
STRUCTURAL_STACK_V1__N3_01,FULL,USDRUBF,baseline,2024,4,5.763429915,5.763429915,7,AVAILABLE,PARTIAL_QUARTER,POSITIVE
STRUCTURAL_STACK_V1__N3_01,FULL,CNYRUBF,baseline,2024,4,3.442996412,3.442996412,7,AVAILABLE,PARTIAL_QUARTER,POSITIVE
STRUCTURAL_STACK_V1__N3_01,FULL,GLDRUBF,baseline,2024,4,8.364333758,8.364333758,8,AVAILABLE,PARTIAL_QUARTER,POSITIVE
STRUCTURAL_STACK_V1__N3_01,FULL,USDRUBF,walk_forward,2024,1,0.3132754899,0.3132754899,2,AVAILABLE,FULL_QUARTER,POSITIVE
STRUCTURAL_STACK_V1__N3_01,FULL,CNYRUBF,walk_forward,2024,1,-0.7748154007,-0.7748154007,1,AVAILABLE,FULL_QUARTER,NEGATIVE
STRUCTURAL_STACK_V1__N3_01,FULL,GLDRUBF,walk_forward,2024,1,-0.2047478986,-0.2047478986,7,AVAILABLE,FULL_QUARTER,NEGATIVE
STRUCTURAL_STACK_V1__N3_01,FULL,USDRUBF,walk_forward,2024,2,5.285735986,5.285735986,5,AVAILABLE,FULL_QUARTER,POSITIVE
STRUCTURAL_STACK_V1__N3_01,FULL,CNYRUBF,walk_forward,2024,2,14.34374878,14.34374878,5,AVAILABLE,FULL_QUARTER,POSITIVE
STRUCTURAL_STACK_V1__N3_01,FULL,GLDRUBF,walk_forward,2024,2,-0.8402661314,-0.8402661314,4,AVAILABLE,FULL_QUARTER,NEGATIVE
STRUCTURAL_STACK_V1__N3_01,FULL,USDRUBF,walk_forward,2024,3,1.803338198,1.803338198,4,AVAILABLE,FULL_QUARTER,POSITIVE
STRUCTURAL_STACK_V1__N3_01,FULL,CNYRUBF,walk_forward,2024,3,0.9080037172,0.9080037172,5,AVAILABLE,FULL_QUARTER,POSITIVE
STRUCTURAL_STACK_V1__N3_01,FULL,GLDRUBF,walk_forward,2024,3,-0.8007807869,-0.8007807869,5,AVAILABLE,FULL_QUARTER,NEGATIVE
STRUCTURAL_STACK_V1__N3_01,FULL,USDRUBF,walk_forward,2024,4,5.348060663,5.348060663,3,AVAILABLE,PARTIAL_QUARTER,POSITIVE
STRUCTURAL_STACK_V1__N3_01,FULL,CNYRUBF,walk_forward,2024,4,3.589777842,3.589777842,5,AVAILABLE,PARTIAL_QUARTER,POSITIVE
STRUCTURAL_STACK_V1__N3_01,FULL,GLDRUBF,walk_forward,2024,4,0.2030512828,0.2030512828,4,AVAILABLE,PARTIAL_QUARTER,POSITIVE
STRUCTURAL_STACK_V1__N3_01,FULL,USDRUBF,historical_true_oos,2025,1,1.670482493,1.670482493,2,AVAILABLE,PARTIAL_QUARTER,POSITIVE
STRUCTURAL_STACK_V1__N3_01,FULL,CNYRUBF,historical_true_oos,2025,1,2.961964957,2.961964957,3,AVAILABLE,PARTIAL_QUARTER,POSITIVE
STRUCTURAL_STACK_V1__N3_01,FULL,GLDRUBF,historical_true_oos,2025,1,-0.4165586989,-0.4165586989,1,AVAILABLE,PARTIAL_QUARTER,NEGATIVE
STRUCTURAL_STACK_V1__N3_01,FULL,USDRUBF,historical_true_oos,2025,2,-2.294309312,-2.294309312,4,AVAILABLE,FULL_QUARTER,NEGATIVE
STRUCTURAL_STACK_V1__N3_01,FULL,CNYRUBF,historical_true_oos,2025,2,-2.900060519,-2.900060519,4,AVAILABLE,FULL_QUARTER,NEGATIVE
STRUCTURAL_STACK_V1__N3_01,FULL,GLDRUBF,historical_true_oos,2025,2,0.09406211555,0.09406211555,2,AVAILABLE,FULL_QUARTER,POSITIVE
STRUCTURAL_STACK_V1__N3_01,FULL,USDRUBF,historical_true_oos,2025,3,10.28120835,10.28120835,6,AVAILABLE,FULL_QUARTER,POSITIVE
STRUCTURAL_STACK_V1__N3_01,FULL,CNYRUBF,historical_true_oos,2025,3,11.77216822,11.77216822,7,AVAILABLE,FULL_QUARTER,POSITIVE
STRUCTURAL_STACK_V1__N3_01,FULL,GLDRUBF,historical_true_oos,2025,3,11.52674051,11.52674051,7,AVAILABLE,FULL_QUARTER,POSITIVE
STRUCTURAL_STACK_V1__N3_01,FULL,USDRUBF,historical_true_oos,2025,4,-1.526128899,-1.526128899,12,AVAILABLE,FULL_QUARTER,NEGATIVE
STRUCTURAL_STACK_V1__N3_01,FULL,CNYRUBF,historical_true_oos,2025,4,-2.568055413,-2.568055413,13,AVAILABLE,FULL_QUARTER,NEGATIVE
STRUCTURAL_STACK_V1__N3_01,FULL,GLDRUBF,historical_true_oos,2025,4,2.830169413,2.830169413,10,AVAILABLE,FULL_QUARTER,POSITIVE
STRUCTURAL_STACK_V1__N3_01,FULL,USDRUBF,historical_true_oos,2026,1,6.800303784,6.800303784,7,AVAILABLE,FULL_QUARTER,POSITIVE
STRUCTURAL_STACK_V1__N3_01,FULL,CNYRUBF,historical_true_oos,2026,1,4.357563927,4.357563927,8,AVAILABLE,FULL_QUARTER,POSITIVE
STRUCTURAL_STACK_V1__N3_01,FULL,GLDRUBF,historical_true_oos,2026,1,6.173353456,6.173353456,8,AVAILABLE,FULL_QUARTER,POSITIVE
STRUCTURAL_STACK_V1__N3_01,FULL,USDRUBF,historical_true_oos,2026,2,3.481275769,3.481275769,8,AVAILABLE,FULL_QUARTER,POSITIVE
STRUCTURAL_STACK_V1__N3_01,FULL,CNYRUBF,historical_true_oos,2026,2,5.018422592,5.018422592,7,AVAILABLE,FULL_QUARTER,POSITIVE
STRUCTURAL_STACK_V1__N3_01,FULL,GLDRUBF,historical_true_oos,2026,2,3.345415617,3.345415617,5,AVAILABLE,FULL_QUARTER,POSITIVE
STRUCTURAL_STACK_V1__N3_01,FULL,USDRUBF,historical_true_oos,2026,3,6.03583997,6.03583997,9,AVAILABLE,PARTIAL_QUARTER,POSITIVE
STRUCTURAL_STACK_V1__N3_01,FULL,CNYRUBF,historical_true_oos,2026,3,3.022157135,3.022157135,9,AVAILABLE,PARTIAL_QUARTER,POSITIVE
STRUCTURAL_STACK_V1__N3_01,FULL,GLDRUBF,historical_true_oos,2026,3,6.955217686,6.955217686,8,AVAILABLE,PARTIAL_QUARTER,POSITIVE
STRUCTURAL_STACK_V1__N3_02,NORMALIZED,USDRUBF,baseline,2023,1,-1.937229707,-0.6457432356,3,AVAILABLE,PARTIAL_QUARTER,NEGATIVE
STRUCTURAL_STACK_V1__N3_02,NORMALIZED,CNYRUBF,baseline,2023,1,-1.020555271,-0.3401850903,3,AVAILABLE,PARTIAL_QUARTER,NEGATIVE
STRUCTURAL_STACK_V1__N3_02,NORMALIZED,IMOEXF,baseline,2023,1,0,0,0,NOT_AVAILABLE,NOT_AVAILABLE,ZERO
STRUCTURAL_STACK_V1__N3_02,NORMALIZED,USDRUBF,baseline,2023,2,8.689564697,2.896521566,11,AVAILABLE,FULL_QUARTER,POSITIVE
STRUCTURAL_STACK_V1__N3_02,NORMALIZED,CNYRUBF,baseline,2023,2,7.795515913,2.598505304,8,AVAILABLE,FULL_QUARTER,POSITIVE
STRUCTURAL_STACK_V1__N3_02,NORMALIZED,IMOEXF,baseline,2023,2,0,0,0,NOT_AVAILABLE,NOT_AVAILABLE,ZERO
STRUCTURAL_STACK_V1__N3_02,NORMALIZED,USDRUBF,baseline,2023,3,5.167328514,1.722442838,8,AVAILABLE,FULL_QUARTER,POSITIVE
STRUCTURAL_STACK_V1__N3_02,NORMALIZED,CNYRUBF,baseline,2023,3,-2.049622456,-0.6832074853,7,AVAILABLE,FULL_QUARTER,NEGATIVE
STRUCTURAL_STACK_V1__N3_02,NORMALIZED,IMOEXF,baseline,2023,3,0,0,0,NOT_AVAILABLE,NOT_AVAILABLE,ZERO
STRUCTURAL_STACK_V1__N3_02,NORMALIZED,USDRUBF,baseline,2023,4,3.283483736,1.094494579,7,AVAILABLE,FULL_QUARTER,POSITIVE
STRUCTURAL_STACK_V1__N3_02,NORMALIZED,CNYRUBF,baseline,2023,4,-3.791262962,-1.263754321,6,AVAILABLE,FULL_QUARTER,NEGATIVE
STRUCTURAL_STACK_V1__N3_02,NORMALIZED,IMOEXF,baseline,2023,4,0,0,0,NOT_AVAILABLE,PARTIAL_QUARTER,ZERO
STRUCTURAL_STACK_V1__N3_02,NORMALIZED,USDRUBF,baseline,2024,1,-0.4829589909,-0.1609863303,4,AVAILABLE,FULL_QUARTER,NEGATIVE
STRUCTURAL_STACK_V1__N3_02,NORMALIZED,CNYRUBF,baseline,2024,1,2.817209547,0.9390698491,3,AVAILABLE,FULL_QUARTER,POSITIVE
STRUCTURAL_STACK_V1__N3_02,NORMALIZED,IMOEXF,baseline,2024,1,2.393163239,0.7977210795,8,AVAILABLE,FULL_QUARTER,POSITIVE
STRUCTURAL_STACK_V1__N3_02,NORMALIZED,USDRUBF,baseline,2024,2,3.61953733,1.206512443,12,AVAILABLE,FULL_QUARTER,POSITIVE
STRUCTURAL_STACK_V1__N3_02,NORMALIZED,CNYRUBF,baseline,2024,2,14.94403683,4.98134561,11,AVAILABLE,FULL_QUARTER,POSITIVE
STRUCTURAL_STACK_V1__N3_02,NORMALIZED,IMOEXF,baseline,2024,2,5.115292585,1.705097528,6,AVAILABLE,FULL_QUARTER,POSITIVE
STRUCTURAL_STACK_V1__N3_02,NORMALIZED,USDRUBF,baseline,2024,3,1.0249468,0.3416489333,9,AVAILABLE,FULL_QUARTER,POSITIVE
STRUCTURAL_STACK_V1__N3_02,NORMALIZED,CNYRUBF,baseline,2024,3,0.6441510469,0.2147170156,6,AVAILABLE,FULL_QUARTER,POSITIVE
STRUCTURAL_STACK_V1__N3_02,NORMALIZED,IMOEXF,baseline,2024,3,7.623380195,2.541126732,7,AVAILABLE,FULL_QUARTER,POSITIVE
STRUCTURAL_STACK_V1__N3_02,NORMALIZED,USDRUBF,baseline,2024,4,5.763429915,1.921143305,7,AVAILABLE,PARTIAL_QUARTER,POSITIVE
STRUCTURAL_STACK_V1__N3_02,NORMALIZED,CNYRUBF,baseline,2024,4,3.442996412,1.147665471,7,AVAILABLE,PARTIAL_QUARTER,POSITIVE
STRUCTURAL_STACK_V1__N3_02,NORMALIZED,IMOEXF,baseline,2024,4,2.943055533,0.9810185111,5,AVAILABLE,PARTIAL_QUARTER,POSITIVE
STRUCTURAL_STACK_V1__N3_02,NORMALIZED,USDRUBF,walk_forward,2024,1,0.3132754899,0.1044251633,2,AVAILABLE,FULL_QUARTER,POSITIVE
STRUCTURAL_STACK_V1__N3_02,NORMALIZED,CNYRUBF,walk_forward,2024,1,-0.7748154007,-0.2582718002,1,AVAILABLE,FULL_QUARTER,NEGATIVE
STRUCTURAL_STACK_V1__N3_02,NORMALIZED,IMOEXF,walk_forward,2024,1,-2.256842313,-0.752280771,3,AVAILABLE,FULL_QUARTER,NEGATIVE
STRUCTURAL_STACK_V1__N3_02,NORMALIZED,USDRUBF,walk_forward,2024,2,5.285735986,1.761911995,5,AVAILABLE,FULL_QUARTER,POSITIVE
STRUCTURAL_STACK_V1__N3_02,NORMALIZED,CNYRUBF,walk_forward,2024,2,14.34374878,4.781249593,5,AVAILABLE,FULL_QUARTER,POSITIVE
STRUCTURAL_STACK_V1__N3_02,NORMALIZED,IMOEXF,walk_forward,2024,2,5.244296171,1.748098724,5,AVAILABLE,FULL_QUARTER,POSITIVE
STRUCTURAL_STACK_V1__N3_02,NORMALIZED,USDRUBF,walk_forward,2024,3,1.803338198,0.6011127325,4,AVAILABLE,FULL_QUARTER,POSITIVE
STRUCTURAL_STACK_V1__N3_02,NORMALIZED,CNYRUBF,walk_forward,2024,3,0.9080037172,0.3026679057,5,AVAILABLE,FULL_QUARTER,POSITIVE
STRUCTURAL_STACK_V1__N3_02,NORMALIZED,IMOEXF,walk_forward,2024,3,3.827226242,1.275742081,3,AVAILABLE,FULL_QUARTER,POSITIVE
STRUCTURAL_STACK_V1__N3_02,NORMALIZED,USDRUBF,walk_forward,2024,4,5.348060663,1.782686888,3,AVAILABLE,PARTIAL_QUARTER,POSITIVE
STRUCTURAL_STACK_V1__N3_02,NORMALIZED,CNYRUBF,walk_forward,2024,4,3.589777842,1.196592614,5,AVAILABLE,PARTIAL_QUARTER,POSITIVE
STRUCTURAL_STACK_V1__N3_02,NORMALIZED,IMOEXF,walk_forward,2024,4,1.53728685,0.5124289501,3,AVAILABLE,PARTIAL_QUARTER,POSITIVE
STRUCTURAL_STACK_V1__N3_02,NORMALIZED,USDRUBF,historical_true_oos,2025,1,1.670482493,0.5568274976,2,AVAILABLE,PARTIAL_QUARTER,POSITIVE
STRUCTURAL_STACK_V1__N3_02,NORMALIZED,CNYRUBF,historical_true_oos,2025,1,2.961964957,0.9873216524,3,AVAILABLE,PARTIAL_QUARTER,POSITIVE
STRUCTURAL_STACK_V1__N3_02,NORMALIZED,IMOEXF,historical_true_oos,2025,1,-0.2104960302,-0.0701653434,1,AVAILABLE,PARTIAL_QUARTER,NEGATIVE
STRUCTURAL_STACK_V1__N3_02,NORMALIZED,USDRUBF,historical_true_oos,2025,2,-2.294309312,-0.7647697706,4,AVAILABLE,FULL_QUARTER,NEGATIVE
STRUCTURAL_STACK_V1__N3_02,NORMALIZED,CNYRUBF,historical_true_oos,2025,2,-2.900060519,-0.9666868398,4,AVAILABLE,FULL_QUARTER,NEGATIVE
STRUCTURAL_STACK_V1__N3_02,NORMALIZED,IMOEXF,historical_true_oos,2025,2,3.654878351,1.218292784,4,AVAILABLE,FULL_QUARTER,POSITIVE
STRUCTURAL_STACK_V1__N3_02,NORMALIZED,USDRUBF,historical_true_oos,2025,3,10.28120835,3.427069451,6,AVAILABLE,FULL_QUARTER,POSITIVE
STRUCTURAL_STACK_V1__N3_02,NORMALIZED,CNYRUBF,historical_true_oos,2025,3,11.77216822,3.924056074,7,AVAILABLE,FULL_QUARTER,POSITIVE
STRUCTURAL_STACK_V1__N3_02,NORMALIZED,IMOEXF,historical_true_oos,2025,3,0.8950248461,0.2983416154,11,AVAILABLE,FULL_QUARTER,POSITIVE
STRUCTURAL_STACK_V1__N3_02,NORMALIZED,USDRUBF,historical_true_oos,2025,4,-1.526128899,-0.5087096328,12,AVAILABLE,FULL_QUARTER,NEGATIVE
STRUCTURAL_STACK_V1__N3_02,NORMALIZED,CNYRUBF,historical_true_oos,2025,4,-2.568055413,-0.8560184709,13,AVAILABLE,FULL_QUARTER,NEGATIVE
STRUCTURAL_STACK_V1__N3_02,NORMALIZED,IMOEXF,historical_true_oos,2025,4,0.3749104677,0.1249701559,7,AVAILABLE,FULL_QUARTER,POSITIVE
STRUCTURAL_STACK_V1__N3_02,NORMALIZED,USDRUBF,historical_true_oos,2026,1,6.800303784,2.266767928,7,AVAILABLE,FULL_QUARTER,POSITIVE
STRUCTURAL_STACK_V1__N3_02,NORMALIZED,CNYRUBF,historical_true_oos,2026,1,4.357563927,1.452521309,8,AVAILABLE,FULL_QUARTER,POSITIVE
STRUCTURAL_STACK_V1__N3_02,NORMALIZED,IMOEXF,historical_true_oos,2026,1,2.528789976,0.842929992,4,AVAILABLE,FULL_QUARTER,POSITIVE
STRUCTURAL_STACK_V1__N3_02,NORMALIZED,USDRUBF,historical_true_oos,2026,2,3.481275769,1.160425256,8,AVAILABLE,FULL_QUARTER,POSITIVE
STRUCTURAL_STACK_V1__N3_02,NORMALIZED,CNYRUBF,historical_true_oos,2026,2,5.018422592,1.672807531,7,AVAILABLE,FULL_QUARTER,POSITIVE
STRUCTURAL_STACK_V1__N3_02,NORMALIZED,IMOEXF,historical_true_oos,2026,2,-0.6439815248,-0.2146605083,13,AVAILABLE,FULL_QUARTER,NEGATIVE
STRUCTURAL_STACK_V1__N3_02,NORMALIZED,USDRUBF,historical_true_oos,2026,3,6.03583997,2.011946657,9,AVAILABLE,PARTIAL_QUARTER,POSITIVE
STRUCTURAL_STACK_V1__N3_02,NORMALIZED,CNYRUBF,historical_true_oos,2026,3,3.022157135,1.007385712,9,AVAILABLE,PARTIAL_QUARTER,POSITIVE
STRUCTURAL_STACK_V1__N3_02,NORMALIZED,IMOEXF,historical_true_oos,2026,3,-1.80050918,-0.6001697267,8,AVAILABLE,PARTIAL_QUARTER,NEGATIVE
STRUCTURAL_STACK_V1__N3_02,FULL,USDRUBF,baseline,2023,1,-1.937229707,-1.937229707,3,AVAILABLE,PARTIAL_QUARTER,NEGATIVE
STRUCTURAL_STACK_V1__N3_02,FULL,CNYRUBF,baseline,2023,1,-1.020555271,-1.020555271,3,AVAILABLE,PARTIAL_QUARTER,NEGATIVE
STRUCTURAL_STACK_V1__N3_02,FULL,IMOEXF,baseline,2023,1,0,0,0,NOT_AVAILABLE,NOT_AVAILABLE,ZERO
STRUCTURAL_STACK_V1__N3_02,FULL,USDRUBF,baseline,2023,2,8.689564697,8.689564697,11,AVAILABLE,FULL_QUARTER,POSITIVE
STRUCTURAL_STACK_V1__N3_02,FULL,CNYRUBF,baseline,2023,2,7.795515913,7.795515913,8,AVAILABLE,FULL_QUARTER,POSITIVE
STRUCTURAL_STACK_V1__N3_02,FULL,IMOEXF,baseline,2023,2,0,0,0,NOT_AVAILABLE,NOT_AVAILABLE,ZERO
STRUCTURAL_STACK_V1__N3_02,FULL,USDRUBF,baseline,2023,3,5.167328514,5.167328514,8,AVAILABLE,FULL_QUARTER,POSITIVE
STRUCTURAL_STACK_V1__N3_02,FULL,CNYRUBF,baseline,2023,3,-2.049622456,-2.049622456,7,AVAILABLE,FULL_QUARTER,NEGATIVE
STRUCTURAL_STACK_V1__N3_02,FULL,IMOEXF,baseline,2023,3,0,0,0,NOT_AVAILABLE,NOT_AVAILABLE,ZERO
STRUCTURAL_STACK_V1__N3_02,FULL,USDRUBF,baseline,2023,4,3.283483736,3.283483736,7,AVAILABLE,FULL_QUARTER,POSITIVE
STRUCTURAL_STACK_V1__N3_02,FULL,CNYRUBF,baseline,2023,4,-3.791262962,-3.791262962,6,AVAILABLE,FULL_QUARTER,NEGATIVE
STRUCTURAL_STACK_V1__N3_02,FULL,IMOEXF,baseline,2023,4,0,0,0,NOT_AVAILABLE,PARTIAL_QUARTER,ZERO
STRUCTURAL_STACK_V1__N3_02,FULL,USDRUBF,baseline,2024,1,-0.4829589909,-0.4829589909,4,AVAILABLE,FULL_QUARTER,NEGATIVE
STRUCTURAL_STACK_V1__N3_02,FULL,CNYRUBF,baseline,2024,1,2.817209547,2.817209547,3,AVAILABLE,FULL_QUARTER,POSITIVE
STRUCTURAL_STACK_V1__N3_02,FULL,IMOEXF,baseline,2024,1,2.393163239,2.393163239,8,AVAILABLE,FULL_QUARTER,POSITIVE
STRUCTURAL_STACK_V1__N3_02,FULL,USDRUBF,baseline,2024,2,3.61953733,3.61953733,12,AVAILABLE,FULL_QUARTER,POSITIVE
STRUCTURAL_STACK_V1__N3_02,FULL,CNYRUBF,baseline,2024,2,14.94403683,14.94403683,11,AVAILABLE,FULL_QUARTER,POSITIVE
STRUCTURAL_STACK_V1__N3_02,FULL,IMOEXF,baseline,2024,2,5.115292585,5.115292585,6,AVAILABLE,FULL_QUARTER,POSITIVE
STRUCTURAL_STACK_V1__N3_02,FULL,USDRUBF,baseline,2024,3,1.0249468,1.0249468,9,AVAILABLE,FULL_QUARTER,POSITIVE
STRUCTURAL_STACK_V1__N3_02,FULL,CNYRUBF,baseline,2024,3,0.6441510469,0.6441510469,6,AVAILABLE,FULL_QUARTER,POSITIVE
STRUCTURAL_STACK_V1__N3_02,FULL,IMOEXF,baseline,2024,3,7.623380195,7.623380195,7,AVAILABLE,FULL_QUARTER,POSITIVE
STRUCTURAL_STACK_V1__N3_02,FULL,USDRUBF,baseline,2024,4,5.763429915,5.763429915,7,AVAILABLE,PARTIAL_QUARTER,POSITIVE
STRUCTURAL_STACK_V1__N3_02,FULL,CNYRUBF,baseline,2024,4,3.442996412,3.442996412,7,AVAILABLE,PARTIAL_QUARTER,POSITIVE
STRUCTURAL_STACK_V1__N3_02,FULL,IMOEXF,baseline,2024,4,2.943055533,2.943055533,5,AVAILABLE,PARTIAL_QUARTER,POSITIVE
STRUCTURAL_STACK_V1__N3_02,FULL,USDRUBF,walk_forward,2024,1,0.3132754899,0.3132754899,2,AVAILABLE,FULL_QUARTER,POSITIVE
STRUCTURAL_STACK_V1__N3_02,FULL,CNYRUBF,walk_forward,2024,1,-0.7748154007,-0.7748154007,1,AVAILABLE,FULL_QUARTER,NEGATIVE
STRUCTURAL_STACK_V1__N3_02,FULL,IMOEXF,walk_forward,2024,1,-2.256842313,-2.256842313,3,AVAILABLE,FULL_QUARTER,NEGATIVE
STRUCTURAL_STACK_V1__N3_02,FULL,USDRUBF,walk_forward,2024,2,5.285735986,5.285735986,5,AVAILABLE,FULL_QUARTER,POSITIVE
STRUCTURAL_STACK_V1__N3_02,FULL,CNYRUBF,walk_forward,2024,2,14.34374878,14.34374878,5,AVAILABLE,FULL_QUARTER,POSITIVE
STRUCTURAL_STACK_V1__N3_02,FULL,IMOEXF,walk_forward,2024,2,5.244296171,5.244296171,5,AVAILABLE,FULL_QUARTER,POSITIVE
STRUCTURAL_STACK_V1__N3_02,FULL,USDRUBF,walk_forward,2024,3,1.803338198,1.803338198,4,AVAILABLE,FULL_QUARTER,POSITIVE
STRUCTURAL_STACK_V1__N3_02,FULL,CNYRUBF,walk_forward,2024,3,0.9080037172,0.9080037172,5,AVAILABLE,FULL_QUARTER,POSITIVE
STRUCTURAL_STACK_V1__N3_02,FULL,IMOEXF,walk_forward,2024,3,3.827226242,3.827226242,3,AVAILABLE,FULL_QUARTER,POSITIVE
STRUCTURAL_STACK_V1__N3_02,FULL,USDRUBF,walk_forward,2024,4,5.348060663,5.348060663,3,AVAILABLE,PARTIAL_QUARTER,POSITIVE
STRUCTURAL_STACK_V1__N3_02,FULL,CNYRUBF,walk_forward,2024,4,3.589777842,3.589777842,5,AVAILABLE,PARTIAL_QUARTER,POSITIVE
STRUCTURAL_STACK_V1__N3_02,FULL,IMOEXF,walk_forward,2024,4,1.53728685,1.53728685,3,AVAILABLE,PARTIAL_QUARTER,POSITIVE
STRUCTURAL_STACK_V1__N3_02,FULL,USDRUBF,historical_true_oos,2025,1,1.670482493,1.670482493,2,AVAILABLE,PARTIAL_QUARTER,POSITIVE
STRUCTURAL_STACK_V1__N3_02,FULL,CNYRUBF,historical_true_oos,2025,1,2.961964957,2.961964957,3,AVAILABLE,PARTIAL_QUARTER,POSITIVE
STRUCTURAL_STACK_V1__N3_02,FULL,IMOEXF,historical_true_oos,2025,1,-0.2104960302,-0.2104960302,1,AVAILABLE,PARTIAL_QUARTER,NEGATIVE
STRUCTURAL_STACK_V1__N3_02,FULL,USDRUBF,historical_true_oos,2025,2,-2.294309312,-2.294309312,4,AVAILABLE,FULL_QUARTER,NEGATIVE
STRUCTURAL_STACK_V1__N3_02,FULL,CNYRUBF,historical_true_oos,2025,2,-2.900060519,-2.900060519,4,AVAILABLE,FULL_QUARTER,NEGATIVE
STRUCTURAL_STACK_V1__N3_02,FULL,IMOEXF,historical_true_oos,2025,2,3.654878351,3.654878351,4,AVAILABLE,FULL_QUARTER,POSITIVE
STRUCTURAL_STACK_V1__N3_02,FULL,USDRUBF,historical_true_oos,2025,3,10.28120835,10.28120835,6,AVAILABLE,FULL_QUARTER,POSITIVE
STRUCTURAL_STACK_V1__N3_02,FULL,CNYRUBF,historical_true_oos,2025,3,11.77216822,11.77216822,7,AVAILABLE,FULL_QUARTER,POSITIVE
STRUCTURAL_STACK_V1__N3_02,FULL,IMOEXF,historical_true_oos,2025,3,0.8950248461,0.8950248461,11,AVAILABLE,FULL_QUARTER,POSITIVE
STRUCTURAL_STACK_V1__N3_02,FULL,USDRUBF,historical_true_oos,2025,4,-1.526128899,-1.526128899,12,AVAILABLE,FULL_QUARTER,NEGATIVE
STRUCTURAL_STACK_V1__N3_02,FULL,CNYRUBF,historical_true_oos,2025,4,-2.568055413,-2.568055413,13,AVAILABLE,FULL_QUARTER,NEGATIVE
STRUCTURAL_STACK_V1__N3_02,FULL,IMOEXF,historical_true_oos,2025,4,0.3749104677,0.3749104677,7,AVAILABLE,FULL_QUARTER,POSITIVE
STRUCTURAL_STACK_V1__N3_02,FULL,USDRUBF,historical_true_oos,2026,1,6.800303784,6.800303784,7,AVAILABLE,FULL_QUARTER,POSITIVE
STRUCTURAL_STACK_V1__N3_02,FULL,CNYRUBF,historical_true_oos,2026,1,4.357563927,4.357563927,8,AVAILABLE,FULL_QUARTER,POSITIVE
STRUCTURAL_STACK_V1__N3_02,FULL,IMOEXF,historical_true_oos,2026,1,2.528789976,2.528789976,4,AVAILABLE,FULL_QUARTER,POSITIVE
STRUCTURAL_STACK_V1__N3_02,FULL,USDRUBF,historical_true_oos,2026,2,3.481275769,3.481275769,8,AVAILABLE,FULL_QUARTER,POSITIVE
STRUCTURAL_STACK_V1__N3_02,FULL,CNYRUBF,historical_true_oos,2026,2,5.018422592,5.018422592,7,AVAILABLE,FULL_QUARTER,POSITIVE
STRUCTURAL_STACK_V1__N3_02,FULL,IMOEXF,historical_true_oos,2026,2,-0.6439815248,-0.6439815248,13,AVAILABLE,FULL_QUARTER,NEGATIVE
STRUCTURAL_STACK_V1__N3_02,FULL,USDRUBF,historical_true_oos,2026,3,6.03583997,6.03583997,9,AVAILABLE,PARTIAL_QUARTER,POSITIVE
STRUCTURAL_STACK_V1__N3_02,FULL,CNYRUBF,historical_true_oos,2026,3,3.022157135,3.022157135,9,AVAILABLE,PARTIAL_QUARTER,POSITIVE
STRUCTURAL_STACK_V1__N3_02,FULL,IMOEXF,historical_true_oos,2026,3,-1.80050918,-1.80050918,8,AVAILABLE,PARTIAL_QUARTER,NEGATIVE
STRUCTURAL_STACK_V1__N3_03,NORMALIZED,USDRUBF,baseline,2023,1,-1.937229707,-0.6457432356,3,AVAILABLE,PARTIAL_QUARTER,NEGATIVE
STRUCTURAL_STACK_V1__N3_03,NORMALIZED,GLDRUBF,baseline,2023,1,0,0,0,NOT_AVAILABLE,NOT_AVAILABLE,ZERO
STRUCTURAL_STACK_V1__N3_03,NORMALIZED,IMOEXF,baseline,2023,1,0,0,0,NOT_AVAILABLE,NOT_AVAILABLE,ZERO
STRUCTURAL_STACK_V1__N3_03,NORMALIZED,USDRUBF,baseline,2023,2,8.689564697,2.896521566,11,AVAILABLE,FULL_QUARTER,POSITIVE
STRUCTURAL_STACK_V1__N3_03,NORMALIZED,GLDRUBF,baseline,2023,2,0,0,0,NOT_AVAILABLE,NOT_AVAILABLE,ZERO
STRUCTURAL_STACK_V1__N3_03,NORMALIZED,IMOEXF,baseline,2023,2,0,0,0,NOT_AVAILABLE,NOT_AVAILABLE,ZERO
STRUCTURAL_STACK_V1__N3_03,NORMALIZED,USDRUBF,baseline,2023,3,5.167328514,1.722442838,8,AVAILABLE,FULL_QUARTER,POSITIVE
STRUCTURAL_STACK_V1__N3_03,NORMALIZED,GLDRUBF,baseline,2023,3,-0.435766705,-0.1452555683,1,AVAILABLE,PARTIAL_QUARTER,NEGATIVE
STRUCTURAL_STACK_V1__N3_03,NORMALIZED,IMOEXF,baseline,2023,3,0,0,0,NOT_AVAILABLE,NOT_AVAILABLE,ZERO
STRUCTURAL_STACK_V1__N3_03,NORMALIZED,USDRUBF,baseline,2023,4,3.283483736,1.094494579,7,AVAILABLE,FULL_QUARTER,POSITIVE
STRUCTURAL_STACK_V1__N3_03,NORMALIZED,GLDRUBF,baseline,2023,4,-0.110139046,-0.03671301534,5,AVAILABLE,FULL_QUARTER,NEGATIVE
STRUCTURAL_STACK_V1__N3_03,NORMALIZED,IMOEXF,baseline,2023,4,0,0,0,NOT_AVAILABLE,PARTIAL_QUARTER,ZERO
STRUCTURAL_STACK_V1__N3_03,NORMALIZED,USDRUBF,baseline,2024,1,-0.4829589909,-0.1609863303,4,AVAILABLE,FULL_QUARTER,NEGATIVE
STRUCTURAL_STACK_V1__N3_03,NORMALIZED,GLDRUBF,baseline,2024,1,-2.697623995,-0.8992079984,11,AVAILABLE,FULL_QUARTER,NEGATIVE
STRUCTURAL_STACK_V1__N3_03,NORMALIZED,IMOEXF,baseline,2024,1,2.393163239,0.7977210795,8,AVAILABLE,FULL_QUARTER,POSITIVE
STRUCTURAL_STACK_V1__N3_03,NORMALIZED,USDRUBF,baseline,2024,2,3.61953733,1.206512443,12,AVAILABLE,FULL_QUARTER,POSITIVE
STRUCTURAL_STACK_V1__N3_03,NORMALIZED,GLDRUBF,baseline,2024,2,1.821815965,0.6072719883,8,AVAILABLE,FULL_QUARTER,POSITIVE
STRUCTURAL_STACK_V1__N3_03,NORMALIZED,IMOEXF,baseline,2024,2,5.115292585,1.705097528,6,AVAILABLE,FULL_QUARTER,POSITIVE
STRUCTURAL_STACK_V1__N3_03,NORMALIZED,USDRUBF,baseline,2024,3,1.0249468,0.3416489333,9,AVAILABLE,FULL_QUARTER,POSITIVE
STRUCTURAL_STACK_V1__N3_03,NORMALIZED,GLDRUBF,baseline,2024,3,-0.1706293684,-0.05687645615,6,AVAILABLE,FULL_QUARTER,NEGATIVE
STRUCTURAL_STACK_V1__N3_03,NORMALIZED,IMOEXF,baseline,2024,3,7.623380195,2.541126732,7,AVAILABLE,FULL_QUARTER,POSITIVE
STRUCTURAL_STACK_V1__N3_03,NORMALIZED,USDRUBF,baseline,2024,4,5.763429915,1.921143305,7,AVAILABLE,PARTIAL_QUARTER,POSITIVE
STRUCTURAL_STACK_V1__N3_03,NORMALIZED,GLDRUBF,baseline,2024,4,8.364333758,2.788111253,8,AVAILABLE,PARTIAL_QUARTER,POSITIVE
STRUCTURAL_STACK_V1__N3_03,NORMALIZED,IMOEXF,baseline,2024,4,2.943055533,0.9810185111,5,AVAILABLE,PARTIAL_QUARTER,POSITIVE
STRUCTURAL_STACK_V1__N3_03,NORMALIZED,USDRUBF,walk_forward,2024,1,0.3132754899,0.1044251633,2,AVAILABLE,FULL_QUARTER,POSITIVE
STRUCTURAL_STACK_V1__N3_03,NORMALIZED,GLDRUBF,walk_forward,2024,1,-0.2047478986,-0.06824929953,7,AVAILABLE,FULL_QUARTER,NEGATIVE
STRUCTURAL_STACK_V1__N3_03,NORMALIZED,IMOEXF,walk_forward,2024,1,-2.256842313,-0.752280771,3,AVAILABLE,FULL_QUARTER,NEGATIVE
STRUCTURAL_STACK_V1__N3_03,NORMALIZED,USDRUBF,walk_forward,2024,2,5.285735986,1.761911995,5,AVAILABLE,FULL_QUARTER,POSITIVE
STRUCTURAL_STACK_V1__N3_03,NORMALIZED,GLDRUBF,walk_forward,2024,2,-0.8402661314,-0.2800887105,4,AVAILABLE,FULL_QUARTER,NEGATIVE
STRUCTURAL_STACK_V1__N3_03,NORMALIZED,IMOEXF,walk_forward,2024,2,5.244296171,1.748098724,5,AVAILABLE,FULL_QUARTER,POSITIVE
STRUCTURAL_STACK_V1__N3_03,NORMALIZED,USDRUBF,walk_forward,2024,3,1.803338198,0.6011127325,4,AVAILABLE,FULL_QUARTER,POSITIVE
STRUCTURAL_STACK_V1__N3_03,NORMALIZED,GLDRUBF,walk_forward,2024,3,-0.8007807869,-0.266926929,5,AVAILABLE,FULL_QUARTER,NEGATIVE
STRUCTURAL_STACK_V1__N3_03,NORMALIZED,IMOEXF,walk_forward,2024,3,3.827226242,1.275742081,3,AVAILABLE,FULL_QUARTER,POSITIVE
STRUCTURAL_STACK_V1__N3_03,NORMALIZED,USDRUBF,walk_forward,2024,4,5.348060663,1.782686888,3,AVAILABLE,PARTIAL_QUARTER,POSITIVE
STRUCTURAL_STACK_V1__N3_03,NORMALIZED,GLDRUBF,walk_forward,2024,4,0.2030512828,0.06768376092,4,AVAILABLE,PARTIAL_QUARTER,POSITIVE
STRUCTURAL_STACK_V1__N3_03,NORMALIZED,IMOEXF,walk_forward,2024,4,1.53728685,0.5124289501,3,AVAILABLE,PARTIAL_QUARTER,POSITIVE
STRUCTURAL_STACK_V1__N3_03,NORMALIZED,USDRUBF,historical_true_oos,2025,1,1.670482493,0.5568274976,2,AVAILABLE,PARTIAL_QUARTER,POSITIVE
STRUCTURAL_STACK_V1__N3_03,NORMALIZED,GLDRUBF,historical_true_oos,2025,1,-0.4165586989,-0.1388528996,1,AVAILABLE,PARTIAL_QUARTER,NEGATIVE
STRUCTURAL_STACK_V1__N3_03,NORMALIZED,IMOEXF,historical_true_oos,2025,1,-0.2104960302,-0.0701653434,1,AVAILABLE,PARTIAL_QUARTER,NEGATIVE
STRUCTURAL_STACK_V1__N3_03,NORMALIZED,USDRUBF,historical_true_oos,2025,2,-2.294309312,-0.7647697706,4,AVAILABLE,FULL_QUARTER,NEGATIVE
STRUCTURAL_STACK_V1__N3_03,NORMALIZED,GLDRUBF,historical_true_oos,2025,2,0.09406211555,0.03135403852,2,AVAILABLE,FULL_QUARTER,POSITIVE
STRUCTURAL_STACK_V1__N3_03,NORMALIZED,IMOEXF,historical_true_oos,2025,2,3.654878351,1.218292784,4,AVAILABLE,FULL_QUARTER,POSITIVE
STRUCTURAL_STACK_V1__N3_03,NORMALIZED,USDRUBF,historical_true_oos,2025,3,10.28120835,3.427069451,6,AVAILABLE,FULL_QUARTER,POSITIVE
STRUCTURAL_STACK_V1__N3_03,NORMALIZED,GLDRUBF,historical_true_oos,2025,3,11.52674051,3.842246837,7,AVAILABLE,FULL_QUARTER,POSITIVE
STRUCTURAL_STACK_V1__N3_03,NORMALIZED,IMOEXF,historical_true_oos,2025,3,0.8950248461,0.2983416154,11,AVAILABLE,FULL_QUARTER,POSITIVE
STRUCTURAL_STACK_V1__N3_03,NORMALIZED,USDRUBF,historical_true_oos,2025,4,-1.526128899,-0.5087096328,12,AVAILABLE,FULL_QUARTER,NEGATIVE
STRUCTURAL_STACK_V1__N3_03,NORMALIZED,GLDRUBF,historical_true_oos,2025,4,2.830169413,0.9433898043,10,AVAILABLE,FULL_QUARTER,POSITIVE
STRUCTURAL_STACK_V1__N3_03,NORMALIZED,IMOEXF,historical_true_oos,2025,4,0.3749104677,0.1249701559,7,AVAILABLE,FULL_QUARTER,POSITIVE
STRUCTURAL_STACK_V1__N3_03,NORMALIZED,USDRUBF,historical_true_oos,2026,1,6.800303784,2.266767928,7,AVAILABLE,FULL_QUARTER,POSITIVE
STRUCTURAL_STACK_V1__N3_03,NORMALIZED,GLDRUBF,historical_true_oos,2026,1,6.173353456,2.057784485,8,AVAILABLE,FULL_QUARTER,POSITIVE
STRUCTURAL_STACK_V1__N3_03,NORMALIZED,IMOEXF,historical_true_oos,2026,1,2.528789976,0.842929992,4,AVAILABLE,FULL_QUARTER,POSITIVE
STRUCTURAL_STACK_V1__N3_03,NORMALIZED,USDRUBF,historical_true_oos,2026,2,3.481275769,1.160425256,8,AVAILABLE,FULL_QUARTER,POSITIVE
STRUCTURAL_STACK_V1__N3_03,NORMALIZED,GLDRUBF,historical_true_oos,2026,2,3.345415617,1.115138539,5,AVAILABLE,FULL_QUARTER,POSITIVE
STRUCTURAL_STACK_V1__N3_03,NORMALIZED,IMOEXF,historical_true_oos,2026,2,-0.6439815248,-0.2146605083,13,AVAILABLE,FULL_QUARTER,NEGATIVE
STRUCTURAL_STACK_V1__N3_03,NORMALIZED,USDRUBF,historical_true_oos,2026,3,6.03583997,2.011946657,9,AVAILABLE,PARTIAL_QUARTER,POSITIVE
STRUCTURAL_STACK_V1__N3_03,NORMALIZED,GLDRUBF,historical_true_oos,2026,3,6.955217686,2.318405895,8,AVAILABLE,PARTIAL_QUARTER,POSITIVE
STRUCTURAL_STACK_V1__N3_03,NORMALIZED,IMOEXF,historical_true_oos,2026,3,-1.80050918,-0.6001697267,8,AVAILABLE,PARTIAL_QUARTER,NEGATIVE
STRUCTURAL_STACK_V1__N3_03,FULL,USDRUBF,baseline,2023,1,-1.937229707,-1.937229707,3,AVAILABLE,PARTIAL_QUARTER,NEGATIVE
STRUCTURAL_STACK_V1__N3_03,FULL,GLDRUBF,baseline,2023,1,0,0,0,NOT_AVAILABLE,NOT_AVAILABLE,ZERO
STRUCTURAL_STACK_V1__N3_03,FULL,IMOEXF,baseline,2023,1,0,0,0,NOT_AVAILABLE,NOT_AVAILABLE,ZERO
STRUCTURAL_STACK_V1__N3_03,FULL,USDRUBF,baseline,2023,2,8.689564697,8.689564697,11,AVAILABLE,FULL_QUARTER,POSITIVE
STRUCTURAL_STACK_V1__N3_03,FULL,GLDRUBF,baseline,2023,2,0,0,0,NOT_AVAILABLE,NOT_AVAILABLE,ZERO
STRUCTURAL_STACK_V1__N3_03,FULL,IMOEXF,baseline,2023,2,0,0,0,NOT_AVAILABLE,NOT_AVAILABLE,ZERO
STRUCTURAL_STACK_V1__N3_03,FULL,USDRUBF,baseline,2023,3,5.167328514,5.167328514,8,AVAILABLE,FULL_QUARTER,POSITIVE
STRUCTURAL_STACK_V1__N3_03,FULL,GLDRUBF,baseline,2023,3,-0.435766705,-0.435766705,1,AVAILABLE,PARTIAL_QUARTER,NEGATIVE
STRUCTURAL_STACK_V1__N3_03,FULL,IMOEXF,baseline,2023,3,0,0,0,NOT_AVAILABLE,NOT_AVAILABLE,ZERO
STRUCTURAL_STACK_V1__N3_03,FULL,USDRUBF,baseline,2023,4,3.283483736,3.283483736,7,AVAILABLE,FULL_QUARTER,POSITIVE
STRUCTURAL_STACK_V1__N3_03,FULL,GLDRUBF,baseline,2023,4,-0.110139046,-0.110139046,5,AVAILABLE,FULL_QUARTER,NEGATIVE
STRUCTURAL_STACK_V1__N3_03,FULL,IMOEXF,baseline,2023,4,0,0,0,NOT_AVAILABLE,PARTIAL_QUARTER,ZERO
STRUCTURAL_STACK_V1__N3_03,FULL,USDRUBF,baseline,2024,1,-0.4829589909,-0.4829589909,4,AVAILABLE,FULL_QUARTER,NEGATIVE
STRUCTURAL_STACK_V1__N3_03,FULL,GLDRUBF,baseline,2024,1,-2.697623995,-2.697623995,11,AVAILABLE,FULL_QUARTER,NEGATIVE
STRUCTURAL_STACK_V1__N3_03,FULL,IMOEXF,baseline,2024,1,2.393163239,2.393163239,8,AVAILABLE,FULL_QUARTER,POSITIVE
STRUCTURAL_STACK_V1__N3_03,FULL,USDRUBF,baseline,2024,2,3.61953733,3.61953733,12,AVAILABLE,FULL_QUARTER,POSITIVE
STRUCTURAL_STACK_V1__N3_03,FULL,GLDRUBF,baseline,2024,2,1.821815965,1.821815965,8,AVAILABLE,FULL_QUARTER,POSITIVE
STRUCTURAL_STACK_V1__N3_03,FULL,IMOEXF,baseline,2024,2,5.115292585,5.115292585,6,AVAILABLE,FULL_QUARTER,POSITIVE
STRUCTURAL_STACK_V1__N3_03,FULL,USDRUBF,baseline,2024,3,1.0249468,1.0249468,9,AVAILABLE,FULL_QUARTER,POSITIVE
STRUCTURAL_STACK_V1__N3_03,FULL,GLDRUBF,baseline,2024,3,-0.1706293684,-0.1706293684,6,AVAILABLE,FULL_QUARTER,NEGATIVE
STRUCTURAL_STACK_V1__N3_03,FULL,IMOEXF,baseline,2024,3,7.623380195,7.623380195,7,AVAILABLE,FULL_QUARTER,POSITIVE
STRUCTURAL_STACK_V1__N3_03,FULL,USDRUBF,baseline,2024,4,5.763429915,5.763429915,7,AVAILABLE,PARTIAL_QUARTER,POSITIVE
STRUCTURAL_STACK_V1__N3_03,FULL,GLDRUBF,baseline,2024,4,8.364333758,8.364333758,8,AVAILABLE,PARTIAL_QUARTER,POSITIVE
STRUCTURAL_STACK_V1__N3_03,FULL,IMOEXF,baseline,2024,4,2.943055533,2.943055533,5,AVAILABLE,PARTIAL_QUARTER,POSITIVE
STRUCTURAL_STACK_V1__N3_03,FULL,USDRUBF,walk_forward,2024,1,0.3132754899,0.3132754899,2,AVAILABLE,FULL_QUARTER,POSITIVE
STRUCTURAL_STACK_V1__N3_03,FULL,GLDRUBF,walk_forward,2024,1,-0.2047478986,-0.2047478986,7,AVAILABLE,FULL_QUARTER,NEGATIVE
STRUCTURAL_STACK_V1__N3_03,FULL,IMOEXF,walk_forward,2024,1,-2.256842313,-2.256842313,3,AVAILABLE,FULL_QUARTER,NEGATIVE
STRUCTURAL_STACK_V1__N3_03,FULL,USDRUBF,walk_forward,2024,2,5.285735986,5.285735986,5,AVAILABLE,FULL_QUARTER,POSITIVE
STRUCTURAL_STACK_V1__N3_03,FULL,GLDRUBF,walk_forward,2024,2,-0.8402661314,-0.8402661314,4,AVAILABLE,FULL_QUARTER,NEGATIVE
STRUCTURAL_STACK_V1__N3_03,FULL,IMOEXF,walk_forward,2024,2,5.244296171,5.244296171,5,AVAILABLE,FULL_QUARTER,POSITIVE
STRUCTURAL_STACK_V1__N3_03,FULL,USDRUBF,walk_forward,2024,3,1.803338198,1.803338198,4,AVAILABLE,FULL_QUARTER,POSITIVE
STRUCTURAL_STACK_V1__N3_03,FULL,GLDRUBF,walk_forward,2024,3,-0.8007807869,-0.8007807869,5,AVAILABLE,FULL_QUARTER,NEGATIVE
STRUCTURAL_STACK_V1__N3_03,FULL,IMOEXF,walk_forward,2024,3,3.827226242,3.827226242,3,AVAILABLE,FULL_QUARTER,POSITIVE
STRUCTURAL_STACK_V1__N3_03,FULL,USDRUBF,walk_forward,2024,4,5.348060663,5.348060663,3,AVAILABLE,PARTIAL_QUARTER,POSITIVE
STRUCTURAL_STACK_V1__N3_03,FULL,GLDRUBF,walk_forward,2024,4,0.2030512828,0.2030512828,4,AVAILABLE,PARTIAL_QUARTER,POSITIVE
STRUCTURAL_STACK_V1__N3_03,FULL,IMOEXF,walk_forward,2024,4,1.53728685,1.53728685,3,AVAILABLE,PARTIAL_QUARTER,POSITIVE
STRUCTURAL_STACK_V1__N3_03,FULL,USDRUBF,historical_true_oos,2025,1,1.670482493,1.670482493,2,AVAILABLE,PARTIAL_QUARTER,POSITIVE
STRUCTURAL_STACK_V1__N3_03,FULL,GLDRUBF,historical_true_oos,2025,1,-0.4165586989,-0.4165586989,1,AVAILABLE,PARTIAL_QUARTER,NEGATIVE
STRUCTURAL_STACK_V1__N3_03,FULL,IMOEXF,historical_true_oos,2025,1,-0.2104960302,-0.2104960302,1,AVAILABLE,PARTIAL_QUARTER,NEGATIVE
STRUCTURAL_STACK_V1__N3_03,FULL,USDRUBF,historical_true_oos,2025,2,-2.294309312,-2.294309312,4,AVAILABLE,FULL_QUARTER,NEGATIVE
STRUCTURAL_STACK_V1__N3_03,FULL,GLDRUBF,historical_true_oos,2025,2,0.09406211555,0.09406211555,2,AVAILABLE,FULL_QUARTER,POSITIVE
STRUCTURAL_STACK_V1__N3_03,FULL,IMOEXF,historical_true_oos,2025,2,3.654878351,3.654878351,4,AVAILABLE,FULL_QUARTER,POSITIVE
STRUCTURAL_STACK_V1__N3_03,FULL,USDRUBF,historical_true_oos,2025,3,10.28120835,10.28120835,6,AVAILABLE,FULL_QUARTER,POSITIVE
STRUCTURAL_STACK_V1__N3_03,FULL,GLDRUBF,historical_true_oos,2025,3,11.52674051,11.52674051,7,AVAILABLE,FULL_QUARTER,POSITIVE
STRUCTURAL_STACK_V1__N3_03,FULL,IMOEXF,historical_true_oos,2025,3,0.8950248461,0.8950248461,11,AVAILABLE,FULL_QUARTER,POSITIVE
STRUCTURAL_STACK_V1__N3_03,FULL,USDRUBF,historical_true_oos,2025,4,-1.526128899,-1.526128899,12,AVAILABLE,FULL_QUARTER,NEGATIVE
STRUCTURAL_STACK_V1__N3_03,FULL,GLDRUBF,historical_true_oos,2025,4,2.830169413,2.830169413,10,AVAILABLE,FULL_QUARTER,POSITIVE
STRUCTURAL_STACK_V1__N3_03,FULL,IMOEXF,historical_true_oos,2025,4,0.3749104677,0.3749104677,7,AVAILABLE,FULL_QUARTER,POSITIVE
STRUCTURAL_STACK_V1__N3_03,FULL,USDRUBF,historical_true_oos,2026,1,6.800303784,6.800303784,7,AVAILABLE,FULL_QUARTER,POSITIVE
STRUCTURAL_STACK_V1__N3_03,FULL,GLDRUBF,historical_true_oos,2026,1,6.173353456,6.173353456,8,AVAILABLE,FULL_QUARTER,POSITIVE
STRUCTURAL_STACK_V1__N3_03,FULL,IMOEXF,historical_true_oos,2026,1,2.528789976,2.528789976,4,AVAILABLE,FULL_QUARTER,POSITIVE
STRUCTURAL_STACK_V1__N3_03,FULL,USDRUBF,historical_true_oos,2026,2,3.481275769,3.481275769,8,AVAILABLE,FULL_QUARTER,POSITIVE
STRUCTURAL_STACK_V1__N3_03,FULL,GLDRUBF,historical_true_oos,2026,2,3.345415617,3.345415617,5,AVAILABLE,FULL_QUARTER,POSITIVE
STRUCTURAL_STACK_V1__N3_03,FULL,IMOEXF,historical_true_oos,2026,2,-0.6439815248,-0.6439815248,13,AVAILABLE,FULL_QUARTER,NEGATIVE
STRUCTURAL_STACK_V1__N3_03,FULL,USDRUBF,historical_true_oos,2026,3,6.03583997,6.03583997,9,AVAILABLE,PARTIAL_QUARTER,POSITIVE
STRUCTURAL_STACK_V1__N3_03,FULL,GLDRUBF,historical_true_oos,2026,3,6.955217686,6.955217686,8,AVAILABLE,PARTIAL_QUARTER,POSITIVE
STRUCTURAL_STACK_V1__N3_03,FULL,IMOEXF,historical_true_oos,2026,3,-1.80050918,-1.80050918,8,AVAILABLE,PARTIAL_QUARTER,NEGATIVE
STRUCTURAL_STACK_V1__N3_04,NORMALIZED,CNYRUBF,baseline,2023,1,-1.020555271,-0.3401850903,3,AVAILABLE,PARTIAL_QUARTER,NEGATIVE
STRUCTURAL_STACK_V1__N3_04,NORMALIZED,GLDRUBF,baseline,2023,1,0,0,0,NOT_AVAILABLE,NOT_AVAILABLE,ZERO
STRUCTURAL_STACK_V1__N3_04,NORMALIZED,IMOEXF,baseline,2023,1,0,0,0,NOT_AVAILABLE,NOT_AVAILABLE,ZERO
STRUCTURAL_STACK_V1__N3_04,NORMALIZED,CNYRUBF,baseline,2023,2,7.795515913,2.598505304,8,AVAILABLE,FULL_QUARTER,POSITIVE
STRUCTURAL_STACK_V1__N3_04,NORMALIZED,GLDRUBF,baseline,2023,2,0,0,0,NOT_AVAILABLE,NOT_AVAILABLE,ZERO
STRUCTURAL_STACK_V1__N3_04,NORMALIZED,IMOEXF,baseline,2023,2,0,0,0,NOT_AVAILABLE,NOT_AVAILABLE,ZERO
STRUCTURAL_STACK_V1__N3_04,NORMALIZED,CNYRUBF,baseline,2023,3,-2.049622456,-0.6832074853,7,AVAILABLE,FULL_QUARTER,NEGATIVE
STRUCTURAL_STACK_V1__N3_04,NORMALIZED,GLDRUBF,baseline,2023,3,-0.435766705,-0.1452555683,1,AVAILABLE,PARTIAL_QUARTER,NEGATIVE
STRUCTURAL_STACK_V1__N3_04,NORMALIZED,IMOEXF,baseline,2023,3,0,0,0,NOT_AVAILABLE,NOT_AVAILABLE,ZERO
STRUCTURAL_STACK_V1__N3_04,NORMALIZED,CNYRUBF,baseline,2023,4,-3.791262962,-1.263754321,6,AVAILABLE,FULL_QUARTER,NEGATIVE
STRUCTURAL_STACK_V1__N3_04,NORMALIZED,GLDRUBF,baseline,2023,4,-0.110139046,-0.03671301534,5,AVAILABLE,FULL_QUARTER,NEGATIVE
STRUCTURAL_STACK_V1__N3_04,NORMALIZED,IMOEXF,baseline,2023,4,0,0,0,NOT_AVAILABLE,PARTIAL_QUARTER,ZERO
STRUCTURAL_STACK_V1__N3_04,NORMALIZED,CNYRUBF,baseline,2024,1,2.817209547,0.9390698491,3,AVAILABLE,FULL_QUARTER,POSITIVE
STRUCTURAL_STACK_V1__N3_04,NORMALIZED,GLDRUBF,baseline,2024,1,-2.697623995,-0.8992079984,11,AVAILABLE,FULL_QUARTER,NEGATIVE
STRUCTURAL_STACK_V1__N3_04,NORMALIZED,IMOEXF,baseline,2024,1,2.393163239,0.7977210795,8,AVAILABLE,FULL_QUARTER,POSITIVE
STRUCTURAL_STACK_V1__N3_04,NORMALIZED,CNYRUBF,baseline,2024,2,14.94403683,4.98134561,11,AVAILABLE,FULL_QUARTER,POSITIVE
STRUCTURAL_STACK_V1__N3_04,NORMALIZED,GLDRUBF,baseline,2024,2,1.821815965,0.6072719883,8,AVAILABLE,FULL_QUARTER,POSITIVE
STRUCTURAL_STACK_V1__N3_04,NORMALIZED,IMOEXF,baseline,2024,2,5.115292585,1.705097528,6,AVAILABLE,FULL_QUARTER,POSITIVE
STRUCTURAL_STACK_V1__N3_04,NORMALIZED,CNYRUBF,baseline,2024,3,0.6441510469,0.2147170156,6,AVAILABLE,FULL_QUARTER,POSITIVE
STRUCTURAL_STACK_V1__N3_04,NORMALIZED,GLDRUBF,baseline,2024,3,-0.1706293684,-0.05687645615,6,AVAILABLE,FULL_QUARTER,NEGATIVE
STRUCTURAL_STACK_V1__N3_04,NORMALIZED,IMOEXF,baseline,2024,3,7.623380195,2.541126732,7,AVAILABLE,FULL_QUARTER,POSITIVE
STRUCTURAL_STACK_V1__N3_04,NORMALIZED,CNYRUBF,baseline,2024,4,3.442996412,1.147665471,7,AVAILABLE,PARTIAL_QUARTER,POSITIVE
STRUCTURAL_STACK_V1__N3_04,NORMALIZED,GLDRUBF,baseline,2024,4,8.364333758,2.788111253,8,AVAILABLE,PARTIAL_QUARTER,POSITIVE
STRUCTURAL_STACK_V1__N3_04,NORMALIZED,IMOEXF,baseline,2024,4,2.943055533,0.9810185111,5,AVAILABLE,PARTIAL_QUARTER,POSITIVE
STRUCTURAL_STACK_V1__N3_04,NORMALIZED,CNYRUBF,walk_forward,2024,1,-0.7748154007,-0.2582718002,1,AVAILABLE,FULL_QUARTER,NEGATIVE
STRUCTURAL_STACK_V1__N3_04,NORMALIZED,GLDRUBF,walk_forward,2024,1,-0.2047478986,-0.06824929953,7,AVAILABLE,FULL_QUARTER,NEGATIVE
STRUCTURAL_STACK_V1__N3_04,NORMALIZED,IMOEXF,walk_forward,2024,1,-2.256842313,-0.752280771,3,AVAILABLE,FULL_QUARTER,NEGATIVE
STRUCTURAL_STACK_V1__N3_04,NORMALIZED,CNYRUBF,walk_forward,2024,2,14.34374878,4.781249593,5,AVAILABLE,FULL_QUARTER,POSITIVE
STRUCTURAL_STACK_V1__N3_04,NORMALIZED,GLDRUBF,walk_forward,2024,2,-0.8402661314,-0.2800887105,4,AVAILABLE,FULL_QUARTER,NEGATIVE
STRUCTURAL_STACK_V1__N3_04,NORMALIZED,IMOEXF,walk_forward,2024,2,5.244296171,1.748098724,5,AVAILABLE,FULL_QUARTER,POSITIVE
STRUCTURAL_STACK_V1__N3_04,NORMALIZED,CNYRUBF,walk_forward,2024,3,0.9080037172,0.3026679057,5,AVAILABLE,FULL_QUARTER,POSITIVE
STRUCTURAL_STACK_V1__N3_04,NORMALIZED,GLDRUBF,walk_forward,2024,3,-0.8007807869,-0.266926929,5,AVAILABLE,FULL_QUARTER,NEGATIVE
STRUCTURAL_STACK_V1__N3_04,NORMALIZED,IMOEXF,walk_forward,2024,3,3.827226242,1.275742081,3,AVAILABLE,FULL_QUARTER,POSITIVE
STRUCTURAL_STACK_V1__N3_04,NORMALIZED,CNYRUBF,walk_forward,2024,4,3.589777842,1.196592614,5,AVAILABLE,PARTIAL_QUARTER,POSITIVE
STRUCTURAL_STACK_V1__N3_04,NORMALIZED,GLDRUBF,walk_forward,2024,4,0.2030512828,0.06768376092,4,AVAILABLE,PARTIAL_QUARTER,POSITIVE
STRUCTURAL_STACK_V1__N3_04,NORMALIZED,IMOEXF,walk_forward,2024,4,1.53728685,0.5124289501,3,AVAILABLE,PARTIAL_QUARTER,POSITIVE
STRUCTURAL_STACK_V1__N3_04,NORMALIZED,CNYRUBF,historical_true_oos,2025,1,2.961964957,0.9873216524,3,AVAILABLE,PARTIAL_QUARTER,POSITIVE
STRUCTURAL_STACK_V1__N3_04,NORMALIZED,GLDRUBF,historical_true_oos,2025,1,-0.4165586989,-0.1388528996,1,AVAILABLE,PARTIAL_QUARTER,NEGATIVE
STRUCTURAL_STACK_V1__N3_04,NORMALIZED,IMOEXF,historical_true_oos,2025,1,-0.2104960302,-0.0701653434,1,AVAILABLE,PARTIAL_QUARTER,NEGATIVE
STRUCTURAL_STACK_V1__N3_04,NORMALIZED,CNYRUBF,historical_true_oos,2025,2,-2.900060519,-0.9666868398,4,AVAILABLE,FULL_QUARTER,NEGATIVE
STRUCTURAL_STACK_V1__N3_04,NORMALIZED,GLDRUBF,historical_true_oos,2025,2,0.09406211555,0.03135403852,2,AVAILABLE,FULL_QUARTER,POSITIVE
STRUCTURAL_STACK_V1__N3_04,NORMALIZED,IMOEXF,historical_true_oos,2025,2,3.654878351,1.218292784,4,AVAILABLE,FULL_QUARTER,POSITIVE
STRUCTURAL_STACK_V1__N3_04,NORMALIZED,CNYRUBF,historical_true_oos,2025,3,11.77216822,3.924056074,7,AVAILABLE,FULL_QUARTER,POSITIVE
STRUCTURAL_STACK_V1__N3_04,NORMALIZED,GLDRUBF,historical_true_oos,2025,3,11.52674051,3.842246837,7,AVAILABLE,FULL_QUARTER,POSITIVE
STRUCTURAL_STACK_V1__N3_04,NORMALIZED,IMOEXF,historical_true_oos,2025,3,0.8950248461,0.2983416154,11,AVAILABLE,FULL_QUARTER,POSITIVE
STRUCTURAL_STACK_V1__N3_04,NORMALIZED,CNYRUBF,historical_true_oos,2025,4,-2.568055413,-0.8560184709,13,AVAILABLE,FULL_QUARTER,NEGATIVE
STRUCTURAL_STACK_V1__N3_04,NORMALIZED,GLDRUBF,historical_true_oos,2025,4,2.830169413,0.9433898043,10,AVAILABLE,FULL_QUARTER,POSITIVE
STRUCTURAL_STACK_V1__N3_04,NORMALIZED,IMOEXF,historical_true_oos,2025,4,0.3749104677,0.1249701559,7,AVAILABLE,FULL_QUARTER,POSITIVE
STRUCTURAL_STACK_V1__N3_04,NORMALIZED,CNYRUBF,historical_true_oos,2026,1,4.357563927,1.452521309,8,AVAILABLE,FULL_QUARTER,POSITIVE
STRUCTURAL_STACK_V1__N3_04,NORMALIZED,GLDRUBF,historical_true_oos,2026,1,6.173353456,2.057784485,8,AVAILABLE,FULL_QUARTER,POSITIVE
STRUCTURAL_STACK_V1__N3_04,NORMALIZED,IMOEXF,historical_true_oos,2026,1,2.528789976,0.842929992,4,AVAILABLE,FULL_QUARTER,POSITIVE
STRUCTURAL_STACK_V1__N3_04,NORMALIZED,CNYRUBF,historical_true_oos,2026,2,5.018422592,1.672807531,7,AVAILABLE,FULL_QUARTER,POSITIVE
STRUCTURAL_STACK_V1__N3_04,NORMALIZED,GLDRUBF,historical_true_oos,2026,2,3.345415617,1.115138539,5,AVAILABLE,FULL_QUARTER,POSITIVE
STRUCTURAL_STACK_V1__N3_04,NORMALIZED,IMOEXF,historical_true_oos,2026,2,-0.6439815248,-0.2146605083,13,AVAILABLE,FULL_QUARTER,NEGATIVE
STRUCTURAL_STACK_V1__N3_04,NORMALIZED,CNYRUBF,historical_true_oos,2026,3,3.022157135,1.007385712,9,AVAILABLE,PARTIAL_QUARTER,POSITIVE
STRUCTURAL_STACK_V1__N3_04,NORMALIZED,GLDRUBF,historical_true_oos,2026,3,6.955217686,2.318405895,8,AVAILABLE,PARTIAL_QUARTER,POSITIVE
STRUCTURAL_STACK_V1__N3_04,NORMALIZED,IMOEXF,historical_true_oos,2026,3,-1.80050918,-0.6001697267,8,AVAILABLE,PARTIAL_QUARTER,NEGATIVE
STRUCTURAL_STACK_V1__N3_04,FULL,CNYRUBF,baseline,2023,1,-1.020555271,-1.020555271,3,AVAILABLE,PARTIAL_QUARTER,NEGATIVE
STRUCTURAL_STACK_V1__N3_04,FULL,GLDRUBF,baseline,2023,1,0,0,0,NOT_AVAILABLE,NOT_AVAILABLE,ZERO
STRUCTURAL_STACK_V1__N3_04,FULL,IMOEXF,baseline,2023,1,0,0,0,NOT_AVAILABLE,NOT_AVAILABLE,ZERO
STRUCTURAL_STACK_V1__N3_04,FULL,CNYRUBF,baseline,2023,2,7.795515913,7.795515913,8,AVAILABLE,FULL_QUARTER,POSITIVE
STRUCTURAL_STACK_V1__N3_04,FULL,GLDRUBF,baseline,2023,2,0,0,0,NOT_AVAILABLE,NOT_AVAILABLE,ZERO
STRUCTURAL_STACK_V1__N3_04,FULL,IMOEXF,baseline,2023,2,0,0,0,NOT_AVAILABLE,NOT_AVAILABLE,ZERO
STRUCTURAL_STACK_V1__N3_04,FULL,CNYRUBF,baseline,2023,3,-2.049622456,-2.049622456,7,AVAILABLE,FULL_QUARTER,NEGATIVE
STRUCTURAL_STACK_V1__N3_04,FULL,GLDRUBF,baseline,2023,3,-0.435766705,-0.435766705,1,AVAILABLE,PARTIAL_QUARTER,NEGATIVE
STRUCTURAL_STACK_V1__N3_04,FULL,IMOEXF,baseline,2023,3,0,0,0,NOT_AVAILABLE,NOT_AVAILABLE,ZERO
STRUCTURAL_STACK_V1__N3_04,FULL,CNYRUBF,baseline,2023,4,-3.791262962,-3.791262962,6,AVAILABLE,FULL_QUARTER,NEGATIVE
STRUCTURAL_STACK_V1__N3_04,FULL,GLDRUBF,baseline,2023,4,-0.110139046,-0.110139046,5,AVAILABLE,FULL_QUARTER,NEGATIVE
STRUCTURAL_STACK_V1__N3_04,FULL,IMOEXF,baseline,2023,4,0,0,0,NOT_AVAILABLE,PARTIAL_QUARTER,ZERO
STRUCTURAL_STACK_V1__N3_04,FULL,CNYRUBF,baseline,2024,1,2.817209547,2.817209547,3,AVAILABLE,FULL_QUARTER,POSITIVE
STRUCTURAL_STACK_V1__N3_04,FULL,GLDRUBF,baseline,2024,1,-2.697623995,-2.697623995,11,AVAILABLE,FULL_QUARTER,NEGATIVE
STRUCTURAL_STACK_V1__N3_04,FULL,IMOEXF,baseline,2024,1,2.393163239,2.393163239,8,AVAILABLE,FULL_QUARTER,POSITIVE
STRUCTURAL_STACK_V1__N3_04,FULL,CNYRUBF,baseline,2024,2,14.94403683,14.94403683,11,AVAILABLE,FULL_QUARTER,POSITIVE
STRUCTURAL_STACK_V1__N3_04,FULL,GLDRUBF,baseline,2024,2,1.821815965,1.821815965,8,AVAILABLE,FULL_QUARTER,POSITIVE
STRUCTURAL_STACK_V1__N3_04,FULL,IMOEXF,baseline,2024,2,5.115292585,5.115292585,6,AVAILABLE,FULL_QUARTER,POSITIVE
STRUCTURAL_STACK_V1__N3_04,FULL,CNYRUBF,baseline,2024,3,0.6441510469,0.6441510469,6,AVAILABLE,FULL_QUARTER,POSITIVE
STRUCTURAL_STACK_V1__N3_04,FULL,GLDRUBF,baseline,2024,3,-0.1706293684,-0.1706293684,6,AVAILABLE,FULL_QUARTER,NEGATIVE
STRUCTURAL_STACK_V1__N3_04,FULL,IMOEXF,baseline,2024,3,7.623380195,7.623380195,7,AVAILABLE,FULL_QUARTER,POSITIVE
STRUCTURAL_STACK_V1__N3_04,FULL,CNYRUBF,baseline,2024,4,3.442996412,3.442996412,7,AVAILABLE,PARTIAL_QUARTER,POSITIVE
STRUCTURAL_STACK_V1__N3_04,FULL,GLDRUBF,baseline,2024,4,8.364333758,8.364333758,8,AVAILABLE,PARTIAL_QUARTER,POSITIVE
STRUCTURAL_STACK_V1__N3_04,FULL,IMOEXF,baseline,2024,4,2.943055533,2.943055533,5,AVAILABLE,PARTIAL_QUARTER,POSITIVE
STRUCTURAL_STACK_V1__N3_04,FULL,CNYRUBF,walk_forward,2024,1,-0.7748154007,-0.7748154007,1,AVAILABLE,FULL_QUARTER,NEGATIVE
STRUCTURAL_STACK_V1__N3_04,FULL,GLDRUBF,walk_forward,2024,1,-0.2047478986,-0.2047478986,7,AVAILABLE,FULL_QUARTER,NEGATIVE
STRUCTURAL_STACK_V1__N3_04,FULL,IMOEXF,walk_forward,2024,1,-2.256842313,-2.256842313,3,AVAILABLE,FULL_QUARTER,NEGATIVE
STRUCTURAL_STACK_V1__N3_04,FULL,CNYRUBF,walk_forward,2024,2,14.34374878,14.34374878,5,AVAILABLE,FULL_QUARTER,POSITIVE
STRUCTURAL_STACK_V1__N3_04,FULL,GLDRUBF,walk_forward,2024,2,-0.8402661314,-0.8402661314,4,AVAILABLE,FULL_QUARTER,NEGATIVE
STRUCTURAL_STACK_V1__N3_04,FULL,IMOEXF,walk_forward,2024,2,5.244296171,5.244296171,5,AVAILABLE,FULL_QUARTER,POSITIVE
STRUCTURAL_STACK_V1__N3_04,FULL,CNYRUBF,walk_forward,2024,3,0.9080037172,0.9080037172,5,AVAILABLE,FULL_QUARTER,POSITIVE
STRUCTURAL_STACK_V1__N3_04,FULL,GLDRUBF,walk_forward,2024,3,-0.8007807869,-0.8007807869,5,AVAILABLE,FULL_QUARTER,NEGATIVE
STRUCTURAL_STACK_V1__N3_04,FULL,IMOEXF,walk_forward,2024,3,3.827226242,3.827226242,3,AVAILABLE,FULL_QUARTER,POSITIVE
STRUCTURAL_STACK_V1__N3_04,FULL,CNYRUBF,walk_forward,2024,4,3.589777842,3.589777842,5,AVAILABLE,PARTIAL_QUARTER,POSITIVE
STRUCTURAL_STACK_V1__N3_04,FULL,GLDRUBF,walk_forward,2024,4,0.2030512828,0.2030512828,4,AVAILABLE,PARTIAL_QUARTER,POSITIVE
STRUCTURAL_STACK_V1__N3_04,FULL,IMOEXF,walk_forward,2024,4,1.53728685,1.53728685,3,AVAILABLE,PARTIAL_QUARTER,POSITIVE
STRUCTURAL_STACK_V1__N3_04,FULL,CNYRUBF,historical_true_oos,2025,1,2.961964957,2.961964957,3,AVAILABLE,PARTIAL_QUARTER,POSITIVE
STRUCTURAL_STACK_V1__N3_04,FULL,GLDRUBF,historical_true_oos,2025,1,-0.4165586989,-0.4165586989,1,AVAILABLE,PARTIAL_QUARTER,NEGATIVE
STRUCTURAL_STACK_V1__N3_04,FULL,IMOEXF,historical_true_oos,2025,1,-0.2104960302,-0.2104960302,1,AVAILABLE,PARTIAL_QUARTER,NEGATIVE
STRUCTURAL_STACK_V1__N3_04,FULL,CNYRUBF,historical_true_oos,2025,2,-2.900060519,-2.900060519,4,AVAILABLE,FULL_QUARTER,NEGATIVE
STRUCTURAL_STACK_V1__N3_04,FULL,GLDRUBF,historical_true_oos,2025,2,0.09406211555,0.09406211555,2,AVAILABLE,FULL_QUARTER,POSITIVE
STRUCTURAL_STACK_V1__N3_04,FULL,IMOEXF,historical_true_oos,2025,2,3.654878351,3.654878351,4,AVAILABLE,FULL_QUARTER,POSITIVE
STRUCTURAL_STACK_V1__N3_04,FULL,CNYRUBF,historical_true_oos,2025,3,11.77216822,11.77216822,7,AVAILABLE,FULL_QUARTER,POSITIVE
STRUCTURAL_STACK_V1__N3_04,FULL,GLDRUBF,historical_true_oos,2025,3,11.52674051,11.52674051,7,AVAILABLE,FULL_QUARTER,POSITIVE
STRUCTURAL_STACK_V1__N3_04,FULL,IMOEXF,historical_true_oos,2025,3,0.8950248461,0.8950248461,11,AVAILABLE,FULL_QUARTER,POSITIVE
STRUCTURAL_STACK_V1__N3_04,FULL,CNYRUBF,historical_true_oos,2025,4,-2.568055413,-2.568055413,13,AVAILABLE,FULL_QUARTER,NEGATIVE
STRUCTURAL_STACK_V1__N3_04,FULL,GLDRUBF,historical_true_oos,2025,4,2.830169413,2.830169413,10,AVAILABLE,FULL_QUARTER,POSITIVE
STRUCTURAL_STACK_V1__N3_04,FULL,IMOEXF,historical_true_oos,2025,4,0.3749104677,0.3749104677,7,AVAILABLE,FULL_QUARTER,POSITIVE
STRUCTURAL_STACK_V1__N3_04,FULL,CNYRUBF,historical_true_oos,2026,1,4.357563927,4.357563927,8,AVAILABLE,FULL_QUARTER,POSITIVE
STRUCTURAL_STACK_V1__N3_04,FULL,GLDRUBF,historical_true_oos,2026,1,6.173353456,6.173353456,8,AVAILABLE,FULL_QUARTER,POSITIVE
STRUCTURAL_STACK_V1__N3_04,FULL,IMOEXF,historical_true_oos,2026,1,2.528789976,2.528789976,4,AVAILABLE,FULL_QUARTER,POSITIVE
STRUCTURAL_STACK_V1__N3_04,FULL,CNYRUBF,historical_true_oos,2026,2,5.018422592,5.018422592,7,AVAILABLE,FULL_QUARTER,POSITIVE
STRUCTURAL_STACK_V1__N3_04,FULL,GLDRUBF,historical_true_oos,2026,2,3.345415617,3.345415617,5,AVAILABLE,FULL_QUARTER,POSITIVE
STRUCTURAL_STACK_V1__N3_04,FULL,IMOEXF,historical_true_oos,2026,2,-0.6439815248,-0.6439815248,13,AVAILABLE,FULL_QUARTER,NEGATIVE
STRUCTURAL_STACK_V1__N3_04,FULL,CNYRUBF,historical_true_oos,2026,3,3.022157135,3.022157135,9,AVAILABLE,PARTIAL_QUARTER,POSITIVE
STRUCTURAL_STACK_V1__N3_04,FULL,GLDRUBF,historical_true_oos,2026,3,6.955217686,6.955217686,8,AVAILABLE,PARTIAL_QUARTER,POSITIVE
STRUCTURAL_STACK_V1__N3_04,FULL,IMOEXF,historical_true_oos,2026,3,-1.80050918,-1.80050918,8,AVAILABLE,PARTIAL_QUARTER,NEGATIVE
STRUCTURAL_STACK_V1__N4_01,NORMALIZED,USDRUBF,baseline,2023,1,-1.937229707,-0.4843074267,3,AVAILABLE,PARTIAL_QUARTER,NEGATIVE
STRUCTURAL_STACK_V1__N4_01,NORMALIZED,CNYRUBF,baseline,2023,1,-1.020555271,-0.2551388177,3,AVAILABLE,PARTIAL_QUARTER,NEGATIVE
STRUCTURAL_STACK_V1__N4_01,NORMALIZED,GLDRUBF,baseline,2023,1,0,0,0,NOT_AVAILABLE,NOT_AVAILABLE,ZERO
STRUCTURAL_STACK_V1__N4_01,NORMALIZED,IMOEXF,baseline,2023,1,0,0,0,NOT_AVAILABLE,NOT_AVAILABLE,ZERO
STRUCTURAL_STACK_V1__N4_01,NORMALIZED,USDRUBF,baseline,2023,2,8.689564697,2.172391174,11,AVAILABLE,FULL_QUARTER,POSITIVE
STRUCTURAL_STACK_V1__N4_01,NORMALIZED,CNYRUBF,baseline,2023,2,7.795515913,1.948878978,8,AVAILABLE,FULL_QUARTER,POSITIVE
STRUCTURAL_STACK_V1__N4_01,NORMALIZED,GLDRUBF,baseline,2023,2,0,0,0,NOT_AVAILABLE,NOT_AVAILABLE,ZERO
STRUCTURAL_STACK_V1__N4_01,NORMALIZED,IMOEXF,baseline,2023,2,0,0,0,NOT_AVAILABLE,NOT_AVAILABLE,ZERO
STRUCTURAL_STACK_V1__N4_01,NORMALIZED,USDRUBF,baseline,2023,3,5.167328514,1.291832129,8,AVAILABLE,FULL_QUARTER,POSITIVE
STRUCTURAL_STACK_V1__N4_01,NORMALIZED,CNYRUBF,baseline,2023,3,-2.049622456,-0.512405614,7,AVAILABLE,FULL_QUARTER,NEGATIVE
STRUCTURAL_STACK_V1__N4_01,NORMALIZED,GLDRUBF,baseline,2023,3,-0.435766705,-0.1089416763,1,AVAILABLE,PARTIAL_QUARTER,NEGATIVE
STRUCTURAL_STACK_V1__N4_01,NORMALIZED,IMOEXF,baseline,2023,3,0,0,0,NOT_AVAILABLE,NOT_AVAILABLE,ZERO
STRUCTURAL_STACK_V1__N4_01,NORMALIZED,USDRUBF,baseline,2023,4,3.283483736,0.8208709341,7,AVAILABLE,FULL_QUARTER,POSITIVE
STRUCTURAL_STACK_V1__N4_01,NORMALIZED,CNYRUBF,baseline,2023,4,-3.791262962,-0.9478157406,6,AVAILABLE,FULL_QUARTER,NEGATIVE
STRUCTURAL_STACK_V1__N4_01,NORMALIZED,GLDRUBF,baseline,2023,4,-0.110139046,-0.02753476151,5,AVAILABLE,FULL_QUARTER,NEGATIVE
STRUCTURAL_STACK_V1__N4_01,NORMALIZED,IMOEXF,baseline,2023,4,0,0,0,NOT_AVAILABLE,PARTIAL_QUARTER,ZERO
STRUCTURAL_STACK_V1__N4_01,NORMALIZED,USDRUBF,baseline,2024,1,-0.4829589909,-0.1207397477,4,AVAILABLE,FULL_QUARTER,NEGATIVE
STRUCTURAL_STACK_V1__N4_01,NORMALIZED,CNYRUBF,baseline,2024,1,2.817209547,0.7043023868,3,AVAILABLE,FULL_QUARTER,POSITIVE
STRUCTURAL_STACK_V1__N4_01,NORMALIZED,GLDRUBF,baseline,2024,1,-2.697623995,-0.6744059988,11,AVAILABLE,FULL_QUARTER,NEGATIVE
STRUCTURAL_STACK_V1__N4_01,NORMALIZED,IMOEXF,baseline,2024,1,2.393163239,0.5982908097,8,AVAILABLE,FULL_QUARTER,POSITIVE
STRUCTURAL_STACK_V1__N4_01,NORMALIZED,USDRUBF,baseline,2024,2,3.61953733,0.9048843325,12,AVAILABLE,FULL_QUARTER,POSITIVE
STRUCTURAL_STACK_V1__N4_01,NORMALIZED,CNYRUBF,baseline,2024,2,14.94403683,3.736009207,11,AVAILABLE,FULL_QUARTER,POSITIVE
STRUCTURAL_STACK_V1__N4_01,NORMALIZED,GLDRUBF,baseline,2024,2,1.821815965,0.4554539912,8,AVAILABLE,FULL_QUARTER,POSITIVE
STRUCTURAL_STACK_V1__N4_01,NORMALIZED,IMOEXF,baseline,2024,2,5.115292585,1.278823146,6,AVAILABLE,FULL_QUARTER,POSITIVE
STRUCTURAL_STACK_V1__N4_01,NORMALIZED,USDRUBF,baseline,2024,3,1.0249468,0.2562367,9,AVAILABLE,FULL_QUARTER,POSITIVE
STRUCTURAL_STACK_V1__N4_01,NORMALIZED,CNYRUBF,baseline,2024,3,0.6441510469,0.1610377617,6,AVAILABLE,FULL_QUARTER,POSITIVE
STRUCTURAL_STACK_V1__N4_01,NORMALIZED,GLDRUBF,baseline,2024,3,-0.1706293684,-0.04265734211,6,AVAILABLE,FULL_QUARTER,NEGATIVE
STRUCTURAL_STACK_V1__N4_01,NORMALIZED,IMOEXF,baseline,2024,3,7.623380195,1.905845049,7,AVAILABLE,FULL_QUARTER,POSITIVE
STRUCTURAL_STACK_V1__N4_01,NORMALIZED,USDRUBF,baseline,2024,4,5.763429915,1.440857479,7,AVAILABLE,PARTIAL_QUARTER,POSITIVE
STRUCTURAL_STACK_V1__N4_01,NORMALIZED,CNYRUBF,baseline,2024,4,3.442996412,0.8607491029,7,AVAILABLE,PARTIAL_QUARTER,POSITIVE
STRUCTURAL_STACK_V1__N4_01,NORMALIZED,GLDRUBF,baseline,2024,4,8.364333758,2.091083439,8,AVAILABLE,PARTIAL_QUARTER,POSITIVE
STRUCTURAL_STACK_V1__N4_01,NORMALIZED,IMOEXF,baseline,2024,4,2.943055533,0.7357638833,5,AVAILABLE,PARTIAL_QUARTER,POSITIVE
STRUCTURAL_STACK_V1__N4_01,NORMALIZED,USDRUBF,walk_forward,2024,1,0.3132754899,0.07831887247,2,AVAILABLE,FULL_QUARTER,POSITIVE
STRUCTURAL_STACK_V1__N4_01,NORMALIZED,CNYRUBF,walk_forward,2024,1,-0.7748154007,-0.1937038502,1,AVAILABLE,FULL_QUARTER,NEGATIVE
STRUCTURAL_STACK_V1__N4_01,NORMALIZED,GLDRUBF,walk_forward,2024,1,-0.2047478986,-0.05118697465,7,AVAILABLE,FULL_QUARTER,NEGATIVE
STRUCTURAL_STACK_V1__N4_01,NORMALIZED,IMOEXF,walk_forward,2024,1,-2.256842313,-0.5642105783,3,AVAILABLE,FULL_QUARTER,NEGATIVE
STRUCTURAL_STACK_V1__N4_01,NORMALIZED,USDRUBF,walk_forward,2024,2,5.285735986,1.321433997,5,AVAILABLE,FULL_QUARTER,POSITIVE
STRUCTURAL_STACK_V1__N4_01,NORMALIZED,CNYRUBF,walk_forward,2024,2,14.34374878,3.585937195,5,AVAILABLE,FULL_QUARTER,POSITIVE
STRUCTURAL_STACK_V1__N4_01,NORMALIZED,GLDRUBF,walk_forward,2024,2,-0.8402661314,-0.2100665328,4,AVAILABLE,FULL_QUARTER,NEGATIVE
STRUCTURAL_STACK_V1__N4_01,NORMALIZED,IMOEXF,walk_forward,2024,2,5.244296171,1.311074043,5,AVAILABLE,FULL_QUARTER,POSITIVE
STRUCTURAL_STACK_V1__N4_01,NORMALIZED,USDRUBF,walk_forward,2024,3,1.803338198,0.4508345494,4,AVAILABLE,FULL_QUARTER,POSITIVE
STRUCTURAL_STACK_V1__N4_01,NORMALIZED,CNYRUBF,walk_forward,2024,3,0.9080037172,0.2270009293,5,AVAILABLE,FULL_QUARTER,POSITIVE
STRUCTURAL_STACK_V1__N4_01,NORMALIZED,GLDRUBF,walk_forward,2024,3,-0.8007807869,-0.2001951967,5,AVAILABLE,FULL_QUARTER,NEGATIVE
STRUCTURAL_STACK_V1__N4_01,NORMALIZED,IMOEXF,walk_forward,2024,3,3.827226242,0.9568065605,3,AVAILABLE,FULL_QUARTER,POSITIVE
STRUCTURAL_STACK_V1__N4_01,NORMALIZED,USDRUBF,walk_forward,2024,4,5.348060663,1.337015166,3,AVAILABLE,PARTIAL_QUARTER,POSITIVE
STRUCTURAL_STACK_V1__N4_01,NORMALIZED,CNYRUBF,walk_forward,2024,4,3.589777842,0.8974444605,5,AVAILABLE,PARTIAL_QUARTER,POSITIVE
STRUCTURAL_STACK_V1__N4_01,NORMALIZED,GLDRUBF,walk_forward,2024,4,0.2030512828,0.05076282069,4,AVAILABLE,PARTIAL_QUARTER,POSITIVE
STRUCTURAL_STACK_V1__N4_01,NORMALIZED,IMOEXF,walk_forward,2024,4,1.53728685,0.3843217126,3,AVAILABLE,PARTIAL_QUARTER,POSITIVE
STRUCTURAL_STACK_V1__N4_01,NORMALIZED,USDRUBF,historical_true_oos,2025,1,1.670482493,0.4176206232,2,AVAILABLE,PARTIAL_QUARTER,POSITIVE
STRUCTURAL_STACK_V1__N4_01,NORMALIZED,CNYRUBF,historical_true_oos,2025,1,2.961964957,0.7404912393,3,AVAILABLE,PARTIAL_QUARTER,POSITIVE
STRUCTURAL_STACK_V1__N4_01,NORMALIZED,GLDRUBF,historical_true_oos,2025,1,-0.4165586989,-0.1041396747,1,AVAILABLE,PARTIAL_QUARTER,NEGATIVE
STRUCTURAL_STACK_V1__N4_01,NORMALIZED,IMOEXF,historical_true_oos,2025,1,-0.2104960302,-0.05262400755,1,AVAILABLE,PARTIAL_QUARTER,NEGATIVE
STRUCTURAL_STACK_V1__N4_01,NORMALIZED,USDRUBF,historical_true_oos,2025,2,-2.294309312,-0.573577328,4,AVAILABLE,FULL_QUARTER,NEGATIVE
STRUCTURAL_STACK_V1__N4_01,NORMALIZED,CNYRUBF,historical_true_oos,2025,2,-2.900060519,-0.7250151299,4,AVAILABLE,FULL_QUARTER,NEGATIVE
STRUCTURAL_STACK_V1__N4_01,NORMALIZED,GLDRUBF,historical_true_oos,2025,2,0.09406211555,0.02351552889,2,AVAILABLE,FULL_QUARTER,POSITIVE
STRUCTURAL_STACK_V1__N4_01,NORMALIZED,IMOEXF,historical_true_oos,2025,2,3.654878351,0.9137195877,4,AVAILABLE,FULL_QUARTER,POSITIVE
STRUCTURAL_STACK_V1__N4_01,NORMALIZED,USDRUBF,historical_true_oos,2025,3,10.28120835,2.570302088,6,AVAILABLE,FULL_QUARTER,POSITIVE
STRUCTURAL_STACK_V1__N4_01,NORMALIZED,CNYRUBF,historical_true_oos,2025,3,11.77216822,2.943042056,7,AVAILABLE,FULL_QUARTER,POSITIVE
STRUCTURAL_STACK_V1__N4_01,NORMALIZED,GLDRUBF,historical_true_oos,2025,3,11.52674051,2.881685127,7,AVAILABLE,FULL_QUARTER,POSITIVE
STRUCTURAL_STACK_V1__N4_01,NORMALIZED,IMOEXF,historical_true_oos,2025,3,0.8950248461,0.2237562115,11,AVAILABLE,FULL_QUARTER,POSITIVE
STRUCTURAL_STACK_V1__N4_01,NORMALIZED,USDRUBF,historical_true_oos,2025,4,-1.526128899,-0.3815322246,12,AVAILABLE,FULL_QUARTER,NEGATIVE
STRUCTURAL_STACK_V1__N4_01,NORMALIZED,CNYRUBF,historical_true_oos,2025,4,-2.568055413,-0.6420138532,13,AVAILABLE,FULL_QUARTER,NEGATIVE
STRUCTURAL_STACK_V1__N4_01,NORMALIZED,GLDRUBF,historical_true_oos,2025,4,2.830169413,0.7075423533,10,AVAILABLE,FULL_QUARTER,POSITIVE
STRUCTURAL_STACK_V1__N4_01,NORMALIZED,IMOEXF,historical_true_oos,2025,4,0.3749104677,0.09372761693,7,AVAILABLE,FULL_QUARTER,POSITIVE
STRUCTURAL_STACK_V1__N4_01,NORMALIZED,USDRUBF,historical_true_oos,2026,1,6.800303784,1.700075946,7,AVAILABLE,FULL_QUARTER,POSITIVE
STRUCTURAL_STACK_V1__N4_01,NORMALIZED,CNYRUBF,historical_true_oos,2026,1,4.357563927,1.089390982,8,AVAILABLE,FULL_QUARTER,POSITIVE
STRUCTURAL_STACK_V1__N4_01,NORMALIZED,GLDRUBF,historical_true_oos,2026,1,6.173353456,1.543338364,8,AVAILABLE,FULL_QUARTER,POSITIVE
STRUCTURAL_STACK_V1__N4_01,NORMALIZED,IMOEXF,historical_true_oos,2026,1,2.528789976,0.632197494,4,AVAILABLE,FULL_QUARTER,POSITIVE
STRUCTURAL_STACK_V1__N4_01,NORMALIZED,USDRUBF,historical_true_oos,2026,2,3.481275769,0.8703189422,8,AVAILABLE,FULL_QUARTER,POSITIVE
STRUCTURAL_STACK_V1__N4_01,NORMALIZED,CNYRUBF,historical_true_oos,2026,2,5.018422592,1.254605648,7,AVAILABLE,FULL_QUARTER,POSITIVE
STRUCTURAL_STACK_V1__N4_01,NORMALIZED,GLDRUBF,historical_true_oos,2026,2,3.345415617,0.8363539042,5,AVAILABLE,FULL_QUARTER,POSITIVE
STRUCTURAL_STACK_V1__N4_01,NORMALIZED,IMOEXF,historical_true_oos,2026,2,-0.6439815248,-0.1609953812,13,AVAILABLE,FULL_QUARTER,NEGATIVE
STRUCTURAL_STACK_V1__N4_01,NORMALIZED,USDRUBF,historical_true_oos,2026,3,6.03583997,1.508959993,9,AVAILABLE,PARTIAL_QUARTER,POSITIVE
STRUCTURAL_STACK_V1__N4_01,NORMALIZED,CNYRUBF,historical_true_oos,2026,3,3.022157135,0.7555392837,9,AVAILABLE,PARTIAL_QUARTER,POSITIVE
STRUCTURAL_STACK_V1__N4_01,NORMALIZED,GLDRUBF,historical_true_oos,2026,3,6.955217686,1.738804422,8,AVAILABLE,PARTIAL_QUARTER,POSITIVE
STRUCTURAL_STACK_V1__N4_01,NORMALIZED,IMOEXF,historical_true_oos,2026,3,-1.80050918,-0.4501272951,8,AVAILABLE,PARTIAL_QUARTER,NEGATIVE
STRUCTURAL_STACK_V1__N4_01,FULL,USDRUBF,baseline,2023,1,-1.937229707,-1.937229707,3,AVAILABLE,PARTIAL_QUARTER,NEGATIVE
STRUCTURAL_STACK_V1__N4_01,FULL,CNYRUBF,baseline,2023,1,-1.020555271,-1.020555271,3,AVAILABLE,PARTIAL_QUARTER,NEGATIVE
STRUCTURAL_STACK_V1__N4_01,FULL,GLDRUBF,baseline,2023,1,0,0,0,NOT_AVAILABLE,NOT_AVAILABLE,ZERO
STRUCTURAL_STACK_V1__N4_01,FULL,IMOEXF,baseline,2023,1,0,0,0,NOT_AVAILABLE,NOT_AVAILABLE,ZERO
STRUCTURAL_STACK_V1__N4_01,FULL,USDRUBF,baseline,2023,2,8.689564697,8.689564697,11,AVAILABLE,FULL_QUARTER,POSITIVE
STRUCTURAL_STACK_V1__N4_01,FULL,CNYRUBF,baseline,2023,2,7.795515913,7.795515913,8,AVAILABLE,FULL_QUARTER,POSITIVE
STRUCTURAL_STACK_V1__N4_01,FULL,GLDRUBF,baseline,2023,2,0,0,0,NOT_AVAILABLE,NOT_AVAILABLE,ZERO
STRUCTURAL_STACK_V1__N4_01,FULL,IMOEXF,baseline,2023,2,0,0,0,NOT_AVAILABLE,NOT_AVAILABLE,ZERO
STRUCTURAL_STACK_V1__N4_01,FULL,USDRUBF,baseline,2023,3,5.167328514,5.167328514,8,AVAILABLE,FULL_QUARTER,POSITIVE
STRUCTURAL_STACK_V1__N4_01,FULL,CNYRUBF,baseline,2023,3,-2.049622456,-2.049622456,7,AVAILABLE,FULL_QUARTER,NEGATIVE
STRUCTURAL_STACK_V1__N4_01,FULL,GLDRUBF,baseline,2023,3,-0.435766705,-0.435766705,1,AVAILABLE,PARTIAL_QUARTER,NEGATIVE
STRUCTURAL_STACK_V1__N4_01,FULL,IMOEXF,baseline,2023,3,0,0,0,NOT_AVAILABLE,NOT_AVAILABLE,ZERO
STRUCTURAL_STACK_V1__N4_01,FULL,USDRUBF,baseline,2023,4,3.283483736,3.283483736,7,AVAILABLE,FULL_QUARTER,POSITIVE
STRUCTURAL_STACK_V1__N4_01,FULL,CNYRUBF,baseline,2023,4,-3.791262962,-3.791262962,6,AVAILABLE,FULL_QUARTER,NEGATIVE
STRUCTURAL_STACK_V1__N4_01,FULL,GLDRUBF,baseline,2023,4,-0.110139046,-0.110139046,5,AVAILABLE,FULL_QUARTER,NEGATIVE
STRUCTURAL_STACK_V1__N4_01,FULL,IMOEXF,baseline,2023,4,0,0,0,NOT_AVAILABLE,PARTIAL_QUARTER,ZERO
STRUCTURAL_STACK_V1__N4_01,FULL,USDRUBF,baseline,2024,1,-0.4829589909,-0.4829589909,4,AVAILABLE,FULL_QUARTER,NEGATIVE
STRUCTURAL_STACK_V1__N4_01,FULL,CNYRUBF,baseline,2024,1,2.817209547,2.817209547,3,AVAILABLE,FULL_QUARTER,POSITIVE
STRUCTURAL_STACK_V1__N4_01,FULL,GLDRUBF,baseline,2024,1,-2.697623995,-2.697623995,11,AVAILABLE,FULL_QUARTER,NEGATIVE
STRUCTURAL_STACK_V1__N4_01,FULL,IMOEXF,baseline,2024,1,2.393163239,2.393163239,8,AVAILABLE,FULL_QUARTER,POSITIVE
STRUCTURAL_STACK_V1__N4_01,FULL,USDRUBF,baseline,2024,2,3.61953733,3.61953733,12,AVAILABLE,FULL_QUARTER,POSITIVE
STRUCTURAL_STACK_V1__N4_01,FULL,CNYRUBF,baseline,2024,2,14.94403683,14.94403683,11,AVAILABLE,FULL_QUARTER,POSITIVE
STRUCTURAL_STACK_V1__N4_01,FULL,GLDRUBF,baseline,2024,2,1.821815965,1.821815965,8,AVAILABLE,FULL_QUARTER,POSITIVE
STRUCTURAL_STACK_V1__N4_01,FULL,IMOEXF,baseline,2024,2,5.115292585,5.115292585,6,AVAILABLE,FULL_QUARTER,POSITIVE
STRUCTURAL_STACK_V1__N4_01,FULL,USDRUBF,baseline,2024,3,1.0249468,1.0249468,9,AVAILABLE,FULL_QUARTER,POSITIVE
STRUCTURAL_STACK_V1__N4_01,FULL,CNYRUBF,baseline,2024,3,0.6441510469,0.6441510469,6,AVAILABLE,FULL_QUARTER,POSITIVE
STRUCTURAL_STACK_V1__N4_01,FULL,GLDRUBF,baseline,2024,3,-0.1706293684,-0.1706293684,6,AVAILABLE,FULL_QUARTER,NEGATIVE
STRUCTURAL_STACK_V1__N4_01,FULL,IMOEXF,baseline,2024,3,7.623380195,7.623380195,7,AVAILABLE,FULL_QUARTER,POSITIVE
STRUCTURAL_STACK_V1__N4_01,FULL,USDRUBF,baseline,2024,4,5.763429915,5.763429915,7,AVAILABLE,PARTIAL_QUARTER,POSITIVE
STRUCTURAL_STACK_V1__N4_01,FULL,CNYRUBF,baseline,2024,4,3.442996412,3.442996412,7,AVAILABLE,PARTIAL_QUARTER,POSITIVE
STRUCTURAL_STACK_V1__N4_01,FULL,GLDRUBF,baseline,2024,4,8.364333758,8.364333758,8,AVAILABLE,PARTIAL_QUARTER,POSITIVE
STRUCTURAL_STACK_V1__N4_01,FULL,IMOEXF,baseline,2024,4,2.943055533,2.943055533,5,AVAILABLE,PARTIAL_QUARTER,POSITIVE
STRUCTURAL_STACK_V1__N4_01,FULL,USDRUBF,walk_forward,2024,1,0.3132754899,0.3132754899,2,AVAILABLE,FULL_QUARTER,POSITIVE
STRUCTURAL_STACK_V1__N4_01,FULL,CNYRUBF,walk_forward,2024,1,-0.7748154007,-0.7748154007,1,AVAILABLE,FULL_QUARTER,NEGATIVE
STRUCTURAL_STACK_V1__N4_01,FULL,GLDRUBF,walk_forward,2024,1,-0.2047478986,-0.2047478986,7,AVAILABLE,FULL_QUARTER,NEGATIVE
STRUCTURAL_STACK_V1__N4_01,FULL,IMOEXF,walk_forward,2024,1,-2.256842313,-2.256842313,3,AVAILABLE,FULL_QUARTER,NEGATIVE
STRUCTURAL_STACK_V1__N4_01,FULL,USDRUBF,walk_forward,2024,2,5.285735986,5.285735986,5,AVAILABLE,FULL_QUARTER,POSITIVE
STRUCTURAL_STACK_V1__N4_01,FULL,CNYRUBF,walk_forward,2024,2,14.34374878,14.34374878,5,AVAILABLE,FULL_QUARTER,POSITIVE
STRUCTURAL_STACK_V1__N4_01,FULL,GLDRUBF,walk_forward,2024,2,-0.8402661314,-0.8402661314,4,AVAILABLE,FULL_QUARTER,NEGATIVE
STRUCTURAL_STACK_V1__N4_01,FULL,IMOEXF,walk_forward,2024,2,5.244296171,5.244296171,5,AVAILABLE,FULL_QUARTER,POSITIVE
STRUCTURAL_STACK_V1__N4_01,FULL,USDRUBF,walk_forward,2024,3,1.803338198,1.803338198,4,AVAILABLE,FULL_QUARTER,POSITIVE
STRUCTURAL_STACK_V1__N4_01,FULL,CNYRUBF,walk_forward,2024,3,0.9080037172,0.9080037172,5,AVAILABLE,FULL_QUARTER,POSITIVE
STRUCTURAL_STACK_V1__N4_01,FULL,GLDRUBF,walk_forward,2024,3,-0.8007807869,-0.8007807869,5,AVAILABLE,FULL_QUARTER,NEGATIVE
STRUCTURAL_STACK_V1__N4_01,FULL,IMOEXF,walk_forward,2024,3,3.827226242,3.827226242,3,AVAILABLE,FULL_QUARTER,POSITIVE
STRUCTURAL_STACK_V1__N4_01,FULL,USDRUBF,walk_forward,2024,4,5.348060663,5.348060663,3,AVAILABLE,PARTIAL_QUARTER,POSITIVE
STRUCTURAL_STACK_V1__N4_01,FULL,CNYRUBF,walk_forward,2024,4,3.589777842,3.589777842,5,AVAILABLE,PARTIAL_QUARTER,POSITIVE
STRUCTURAL_STACK_V1__N4_01,FULL,GLDRUBF,walk_forward,2024,4,0.2030512828,0.2030512828,4,AVAILABLE,PARTIAL_QUARTER,POSITIVE
STRUCTURAL_STACK_V1__N4_01,FULL,IMOEXF,walk_forward,2024,4,1.53728685,1.53728685,3,AVAILABLE,PARTIAL_QUARTER,POSITIVE
STRUCTURAL_STACK_V1__N4_01,FULL,USDRUBF,historical_true_oos,2025,1,1.670482493,1.670482493,2,AVAILABLE,PARTIAL_QUARTER,POSITIVE
STRUCTURAL_STACK_V1__N4_01,FULL,CNYRUBF,historical_true_oos,2025,1,2.961964957,2.961964957,3,AVAILABLE,PARTIAL_QUARTER,POSITIVE
STRUCTURAL_STACK_V1__N4_01,FULL,GLDRUBF,historical_true_oos,2025,1,-0.4165586989,-0.4165586989,1,AVAILABLE,PARTIAL_QUARTER,NEGATIVE
STRUCTURAL_STACK_V1__N4_01,FULL,IMOEXF,historical_true_oos,2025,1,-0.2104960302,-0.2104960302,1,AVAILABLE,PARTIAL_QUARTER,NEGATIVE
STRUCTURAL_STACK_V1__N4_01,FULL,USDRUBF,historical_true_oos,2025,2,-2.294309312,-2.294309312,4,AVAILABLE,FULL_QUARTER,NEGATIVE
STRUCTURAL_STACK_V1__N4_01,FULL,CNYRUBF,historical_true_oos,2025,2,-2.900060519,-2.900060519,4,AVAILABLE,FULL_QUARTER,NEGATIVE
STRUCTURAL_STACK_V1__N4_01,FULL,GLDRUBF,historical_true_oos,2025,2,0.09406211555,0.09406211555,2,AVAILABLE,FULL_QUARTER,POSITIVE
STRUCTURAL_STACK_V1__N4_01,FULL,IMOEXF,historical_true_oos,2025,2,3.654878351,3.654878351,4,AVAILABLE,FULL_QUARTER,POSITIVE
STRUCTURAL_STACK_V1__N4_01,FULL,USDRUBF,historical_true_oos,2025,3,10.28120835,10.28120835,6,AVAILABLE,FULL_QUARTER,POSITIVE
STRUCTURAL_STACK_V1__N4_01,FULL,CNYRUBF,historical_true_oos,2025,3,11.77216822,11.77216822,7,AVAILABLE,FULL_QUARTER,POSITIVE
STRUCTURAL_STACK_V1__N4_01,FULL,GLDRUBF,historical_true_oos,2025,3,11.52674051,11.52674051,7,AVAILABLE,FULL_QUARTER,POSITIVE
STRUCTURAL_STACK_V1__N4_01,FULL,IMOEXF,historical_true_oos,2025,3,0.8950248461,0.8950248461,11,AVAILABLE,FULL_QUARTER,POSITIVE
STRUCTURAL_STACK_V1__N4_01,FULL,USDRUBF,historical_true_oos,2025,4,-1.526128899,-1.526128899,12,AVAILABLE,FULL_QUARTER,NEGATIVE
STRUCTURAL_STACK_V1__N4_01,FULL,CNYRUBF,historical_true_oos,2025,4,-2.568055413,-2.568055413,13,AVAILABLE,FULL_QUARTER,NEGATIVE
STRUCTURAL_STACK_V1__N4_01,FULL,GLDRUBF,historical_true_oos,2025,4,2.830169413,2.830169413,10,AVAILABLE,FULL_QUARTER,POSITIVE
STRUCTURAL_STACK_V1__N4_01,FULL,IMOEXF,historical_true_oos,2025,4,0.3749104677,0.3749104677,7,AVAILABLE,FULL_QUARTER,POSITIVE
STRUCTURAL_STACK_V1__N4_01,FULL,USDRUBF,historical_true_oos,2026,1,6.800303784,6.800303784,7,AVAILABLE,FULL_QUARTER,POSITIVE
STRUCTURAL_STACK_V1__N4_01,FULL,CNYRUBF,historical_true_oos,2026,1,4.357563927,4.357563927,8,AVAILABLE,FULL_QUARTER,POSITIVE
STRUCTURAL_STACK_V1__N4_01,FULL,GLDRUBF,historical_true_oos,2026,1,6.173353456,6.173353456,8,AVAILABLE,FULL_QUARTER,POSITIVE
STRUCTURAL_STACK_V1__N4_01,FULL,IMOEXF,historical_true_oos,2026,1,2.528789976,2.528789976,4,AVAILABLE,FULL_QUARTER,POSITIVE
STRUCTURAL_STACK_V1__N4_01,FULL,USDRUBF,historical_true_oos,2026,2,3.481275769,3.481275769,8,AVAILABLE,FULL_QUARTER,POSITIVE
STRUCTURAL_STACK_V1__N4_01,FULL,CNYRUBF,historical_true_oos,2026,2,5.018422592,5.018422592,7,AVAILABLE,FULL_QUARTER,POSITIVE
STRUCTURAL_STACK_V1__N4_01,FULL,GLDRUBF,historical_true_oos,2026,2,3.345415617,3.345415617,5,AVAILABLE,FULL_QUARTER,POSITIVE
STRUCTURAL_STACK_V1__N4_01,FULL,IMOEXF,historical_true_oos,2026,2,-0.6439815248,-0.6439815248,13,AVAILABLE,FULL_QUARTER,NEGATIVE
STRUCTURAL_STACK_V1__N4_01,FULL,USDRUBF,historical_true_oos,2026,3,6.03583997,6.03583997,9,AVAILABLE,PARTIAL_QUARTER,POSITIVE
STRUCTURAL_STACK_V1__N4_01,FULL,CNYRUBF,historical_true_oos,2026,3,3.022157135,3.022157135,9,AVAILABLE,PARTIAL_QUARTER,POSITIVE
STRUCTURAL_STACK_V1__N4_01,FULL,GLDRUBF,historical_true_oos,2026,3,6.955217686,6.955217686,8,AVAILABLE,PARTIAL_QUARTER,POSITIVE
STRUCTURAL_STACK_V1__N4_01,FULL,IMOEXF,historical_true_oos,2026,3,-1.80050918,-1.80050918,8,AVAILABLE,PARTIAL_QUARTER,NEGATIVE
