configuration_id,load_mode,lifecycle,year,trades,net_R,completeness,classification,month
CANONICAL__N2_01,NORMALIZED,baseline,2023,4,-1.244411891,COMPLETE,NEGATIVE,2
CANONICAL__N2_01,NORMALIZED,baseline,2023,3,-0.7150769885,COMPLETE,NEGATIVE,3
CANONICAL__N2_01,NORMALIZED,baseline,2023,6,4.019503793,COMPLETE,POSITIVE,4
CANONICAL__N2_01,NORMALIZED,baseline,2023,5,2.318325086,COMPLETE,POSITIVE,5
CANONICAL__N2_01,NORMALIZED,baseline,2023,8,1.904711427,COMPLETE,POSITIVE,6
CANONICAL__N2_01,NORMALIZED,baseline,2023,5,-1.010941554,COMPLETE,NEGATIVE,7
CANONICAL__N2_01,NORMALIZED,baseline,2023,8,3.317615543,COMPLETE,POSITIVE,8
CANONICAL__N2_01,NORMALIZED,baseline,2023,2,-0.7478209604,COMPLETE,NEGATIVE,9
CANONICAL__N2_01,NORMALIZED,baseline,2023,6,-1.316218865,COMPLETE,NEGATIVE,10
CANONICAL__N2_01,NORMALIZED,baseline,2023,3,0.208873208,COMPLETE,POSITIVE,11
CANONICAL__N2_01,NORMALIZED,baseline,2023,5,0.3067899238,COMPLETE,POSITIVE,12
CANONICAL__N2_01,NORMALIZED,baseline,2024,3,0.7939726233,COMPLETE,POSITIVE,1
CANONICAL__N2_01,NORMALIZED,baseline,2024,3,-0.1930816079,COMPLETE,NEGATIVE,2
CANONICAL__N2_01,NORMALIZED,baseline,2024,1,0.5662342628,COMPLETE,POSITIVE,3
CANONICAL__N2_01,NORMALIZED,baseline,2024,9,0.5664919945,COMPLETE,POSITIVE,4
CANONICAL__N2_01,NORMALIZED,baseline,2024,8,-0.4310392828,COMPLETE,NEGATIVE,5
CANONICAL__N2_01,NORMALIZED,baseline,2024,6,8.814364319,COMPLETE,POSITIVE,6
CANONICAL__N2_01,NORMALIZED,baseline,2024,9,-0.5890512984,COMPLETE,NEGATIVE,8
CANONICAL__N2_01,NORMALIZED,baseline,2024,6,1.423600222,COMPLETE,POSITIVE,9
CANONICAL__N2_01,NORMALIZED,baseline,2024,4,0.9919516245,COMPLETE,POSITIVE,10
CANONICAL__N2_01,NORMALIZED,baseline,2024,8,3.792702454,COMPLETE,POSITIVE,11
CANONICAL__N2_01,NORMALIZED,baseline,2024,2,-0.1814409152,COMPLETE,NEGATIVE,12
CANONICAL__N2_01,NORMALIZED,walk_forward,2024,2,-0.7970042182,COMPLETE,NEGATIVE,2
CANONICAL__N2_01,NORMALIZED,walk_forward,2024,1,0.5662342628,COMPLETE,POSITIVE,3
CANONICAL__N2_01,NORMALIZED,walk_forward,2024,4,0.6684080155,COMPLETE,POSITIVE,5
CANONICAL__N2_01,NORMALIZED,walk_forward,2024,6,8.814364319,COMPLETE,POSITIVE,6
CANONICAL__N2_01,NORMALIZED,walk_forward,2024,3,-0.06792926439,COMPLETE,NEGATIVE,8
CANONICAL__N2_01,NORMALIZED,walk_forward,2024,6,1.423600222,COMPLETE,POSITIVE,9
CANONICAL__N2_01,NORMALIZED,walk_forward,2024,6,4.650360168,COMPLETE,POSITIVE,11
CANONICAL__N2_01,NORMALIZED,walk_forward,2024,2,-0.1814409152,COMPLETE,NEGATIVE,12
CANONICAL__N2_01,NORMALIZED,historical_true_oos,2025,1,0.6010786125,COMPLETE,POSITIVE,2
CANONICAL__N2_01,NORMALIZED,historical_true_oos,2025,5,1.214450906,COMPLETE,POSITIVE,3
CANONICAL__N2_01,NORMALIZED,historical_true_oos,2025,6,-2.100082392,COMPLETE,NEGATIVE,4
CANONICAL__N2_01,NORMALIZED,historical_true_oos,2025,1,-0.08593275846,COMPLETE,NEGATIVE,5
CANONICAL__N2_01,NORMALIZED,historical_true_oos,2025,1,-0.4111697649,COMPLETE,NEGATIVE,6
CANONICAL__N2_01,NORMALIZED,historical_true_oos,2025,8,3.393139645,COMPLETE,POSITIVE,7
CANONICAL__N2_01,NORMALIZED,historical_true_oos,2025,1,-0.3674921526,COMPLETE,NEGATIVE,8
CANONICAL__N2_01,NORMALIZED,historical_true_oos,2025,4,8.001040796,COMPLETE,POSITIVE,9
CANONICAL__N2_01,NORMALIZED,historical_true_oos,2025,10,0.7598771148,COMPLETE,POSITIVE,10
CANONICAL__N2_01,NORMALIZED,historical_true_oos,2025,5,-1.044611731,COMPLETE,NEGATIVE,11
CANONICAL__N2_01,NORMALIZED,historical_true_oos,2025,10,-1.387998357,COMPLETE,NEGATIVE,12
CANONICAL__N2_01,NORMALIZED,historical_true_oos,2026,4,0.2547191107,COMPLETE,POSITIVE,1
CANONICAL__N2_01,NORMALIZED,historical_true_oos,2026,2,-0.8686557582,COMPLETE,NEGATIVE,2
CANONICAL__N2_01,NORMALIZED,historical_true_oos,2026,9,6.100109458,COMPLETE,POSITIVE,3
CANONICAL__N2_01,NORMALIZED,historical_true_oos,2026,3,0.5945509951,COMPLETE,POSITIVE,4
CANONICAL__N2_01,NORMALIZED,historical_true_oos,2026,4,1.05787317,COMPLETE,POSITIVE,5
CANONICAL__N2_01,NORMALIZED,historical_true_oos,2026,8,2.597425015,COMPLETE,POSITIVE,6
CANONICAL__N2_01,NORMALIZED,historical_true_oos,2026,2,-0.4066396656,COMPLETE,NEGATIVE,7
CANONICAL__N2_01,NORMALIZED,historical_true_oos,2026,12,6.857930451,COMPLETE,POSITIVE,8
CANONICAL__N2_01,NORMALIZED,historical_true_oos,2026,4,-1.653179647,COMPLETE,NEGATIVE,9
CANONICAL__N2_01,FULL,baseline,2023,4,-2.488823783,COMPLETE,NEGATIVE,2
CANONICAL__N2_01,FULL,baseline,2023,3,-1.430153977,COMPLETE,NEGATIVE,3
CANONICAL__N2_01,FULL,baseline,2023,6,8.039007585,COMPLETE,POSITIVE,4
CANONICAL__N2_01,FULL,baseline,2023,5,4.636650171,COMPLETE,POSITIVE,5
CANONICAL__N2_01,FULL,baseline,2023,8,3.809422854,COMPLETE,POSITIVE,6
CANONICAL__N2_01,FULL,baseline,2023,5,-2.021883108,COMPLETE,NEGATIVE,7
CANONICAL__N2_01,FULL,baseline,2023,8,6.635231087,COMPLETE,POSITIVE,8
CANONICAL__N2_01,FULL,baseline,2023,2,-1.495641921,COMPLETE,NEGATIVE,9
CANONICAL__N2_01,FULL,baseline,2023,6,-2.63243773,COMPLETE,NEGATIVE,10
CANONICAL__N2_01,FULL,baseline,2023,3,0.417746416,COMPLETE,POSITIVE,11
CANONICAL__N2_01,FULL,baseline,2023,5,0.6135798476,COMPLETE,POSITIVE,12
CANONICAL__N2_01,FULL,baseline,2024,3,1.587945247,COMPLETE,POSITIVE,1
CANONICAL__N2_01,FULL,baseline,2024,3,-0.3861632158,COMPLETE,NEGATIVE,2
CANONICAL__N2_01,FULL,baseline,2024,1,1.132468526,COMPLETE,POSITIVE,3
CANONICAL__N2_01,FULL,baseline,2024,9,1.132983989,COMPLETE,POSITIVE,4
CANONICAL__N2_01,FULL,baseline,2024,8,-0.8620785656,COMPLETE,NEGATIVE,5
CANONICAL__N2_01,FULL,baseline,2024,6,17.62872864,COMPLETE,POSITIVE,6
CANONICAL__N2_01,FULL,baseline,2024,9,-1.178102597,COMPLETE,NEGATIVE,8
CANONICAL__N2_01,FULL,baseline,2024,6,2.847200444,COMPLETE,POSITIVE,9
CANONICAL__N2_01,FULL,baseline,2024,4,1.983903249,COMPLETE,POSITIVE,10
CANONICAL__N2_01,FULL,baseline,2024,8,7.585404908,COMPLETE,POSITIVE,11
CANONICAL__N2_01,FULL,baseline,2024,2,-0.3628818304,COMPLETE,NEGATIVE,12
CANONICAL__N2_01,FULL,walk_forward,2024,2,-1.594008436,COMPLETE,NEGATIVE,2
CANONICAL__N2_01,FULL,walk_forward,2024,1,1.132468526,COMPLETE,POSITIVE,3
CANONICAL__N2_01,FULL,walk_forward,2024,4,1.336816031,COMPLETE,POSITIVE,5
CANONICAL__N2_01,FULL,walk_forward,2024,6,17.62872864,COMPLETE,POSITIVE,6
CANONICAL__N2_01,FULL,walk_forward,2024,3,-0.1358585288,COMPLETE,NEGATIVE,8
CANONICAL__N2_01,FULL,walk_forward,2024,6,2.847200444,COMPLETE,POSITIVE,9
CANONICAL__N2_01,FULL,walk_forward,2024,6,9.300720336,COMPLETE,POSITIVE,11
CANONICAL__N2_01,FULL,walk_forward,2024,2,-0.3628818304,COMPLETE,NEGATIVE,12
CANONICAL__N2_01,FULL,historical_true_oos,2025,1,1.202157225,COMPLETE,POSITIVE,2
CANONICAL__N2_01,FULL,historical_true_oos,2025,5,2.428901811,COMPLETE,POSITIVE,3
CANONICAL__N2_01,FULL,historical_true_oos,2025,6,-4.200164785,COMPLETE,NEGATIVE,4
CANONICAL__N2_01,FULL,historical_true_oos,2025,1,-0.1718655169,COMPLETE,NEGATIVE,5
CANONICAL__N2_01,FULL,historical_true_oos,2025,1,-0.8223395297,COMPLETE,NEGATIVE,6
CANONICAL__N2_01,FULL,historical_true_oos,2025,8,6.786279289,COMPLETE,POSITIVE,7
CANONICAL__N2_01,FULL,historical_true_oos,2025,1,-0.7349843052,COMPLETE,NEGATIVE,8
CANONICAL__N2_01,FULL,historical_true_oos,2025,4,16.00208159,COMPLETE,POSITIVE,9
CANONICAL__N2_01,FULL,historical_true_oos,2025,10,1.51975423,COMPLETE,POSITIVE,10
CANONICAL__N2_01,FULL,historical_true_oos,2025,5,-2.089223462,COMPLETE,NEGATIVE,11
CANONICAL__N2_01,FULL,historical_true_oos,2025,10,-2.775996714,COMPLETE,NEGATIVE,12
CANONICAL__N2_01,FULL,historical_true_oos,2026,4,0.5094382215,COMPLETE,POSITIVE,1
CANONICAL__N2_01,FULL,historical_true_oos,2026,2,-1.737311516,COMPLETE,NEGATIVE,2
CANONICAL__N2_01,FULL,historical_true_oos,2026,9,12.20021892,COMPLETE,POSITIVE,3
CANONICAL__N2_01,FULL,historical_true_oos,2026,3,1.18910199,COMPLETE,POSITIVE,4
CANONICAL__N2_01,FULL,historical_true_oos,2026,4,2.115746341,COMPLETE,POSITIVE,5
CANONICAL__N2_01,FULL,historical_true_oos,2026,8,5.19485003,COMPLETE,POSITIVE,6
CANONICAL__N2_01,FULL,historical_true_oos,2026,2,-0.8132793313,COMPLETE,NEGATIVE,7
CANONICAL__N2_01,FULL,historical_true_oos,2026,12,13.7158609,COMPLETE,POSITIVE,8
CANONICAL__N2_01,FULL,historical_true_oos,2026,4,-3.306359295,COMPLETE,NEGATIVE,9
CANONICAL__N2_02,NORMALIZED,baseline,2023,3,-0.9474045222,COMPLETE,NEGATIVE,2
CANONICAL__N2_02,NORMALIZED,baseline,2023,1,-0.5018067222,COMPLETE,NEGATIVE,3
CANONICAL__N2_02,NORMALIZED,baseline,2023,3,2.157412028,COMPLETE,POSITIVE,4
CANONICAL__N2_02,NORMALIZED,baseline,2023,3,1.099627999,COMPLETE,POSITIVE,5
CANONICAL__N2_02,NORMALIZED,baseline,2023,5,1.087742321,COMPLETE,POSITIVE,6
CANONICAL__N2_02,NORMALIZED,baseline,2023,2,0.2739298752,COMPLETE,POSITIVE,7
CANONICAL__N2_02,NORMALIZED,baseline,2023,5,2.675284737,COMPLETE,POSITIVE,8
CANONICAL__N2_02,NORMALIZED,baseline,2023,2,-0.5834337074,COMPLETE,NEGATIVE,9
CANONICAL__N2_02,NORMALIZED,baseline,2023,4,-0.8158625148,COMPLETE,NEGATIVE,10
CANONICAL__N2_02,NORMALIZED,baseline,2023,3,0.7487774011,COMPLETE,POSITIVE,11
CANONICAL__N2_02,NORMALIZED,baseline,2023,6,1.187997641,COMPLETE,POSITIVE,12
CANONICAL__N2_02,NORMALIZED,baseline,2024,4,-0.6904765507,COMPLETE,NEGATIVE,1
CANONICAL__N2_02,NORMALIZED,baseline,2024,5,-1.227005091,COMPLETE,NEGATIVE,2
CANONICAL__N2_02,NORMALIZED,baseline,2024,6,2.088968384,COMPLETE,POSITIVE,3
CANONICAL__N2_02,NORMALIZED,baseline,2024,9,1.577151983,COMPLETE,POSITIVE,4
CANONICAL__N2_02,NORMALIZED,baseline,2024,5,-0.6934026662,COMPLETE,NEGATIVE,5
CANONICAL__N2_02,NORMALIZED,baseline,2024,7,2.161554352,COMPLETE,POSITIVE,6
CANONICAL__N2_02,NORMALIZED,baseline,2024,12,-0.1643293198,COMPLETE,NEGATIVE,8
CANONICAL__N2_02,NORMALIZED,baseline,2024,4,0.09147128811,COMPLETE,POSITIVE,9
CANONICAL__N2_02,NORMALIZED,baseline,2024,5,2.336650022,COMPLETE,POSITIVE,10
CANONICAL__N2_02,NORMALIZED,baseline,2024,8,4.192636718,COMPLETE,POSITIVE,11
CANONICAL__N2_02,NORMALIZED,baseline,2024,2,0.3706457103,COMPLETE,POSITIVE,12
CANONICAL__N2_02,NORMALIZED,walk_forward,2024,3,-0.2729263534,COMPLETE,NEGATIVE,2
CANONICAL__N2_02,NORMALIZED,walk_forward,2024,6,2.088968384,COMPLETE,POSITIVE,3
CANONICAL__N2_02,NORMALIZED,walk_forward,2024,3,-0.4348727339,COMPLETE,NEGATIVE,5
CANONICAL__N2_02,NORMALIZED,walk_forward,2024,7,2.161554352,COMPLETE,POSITIVE,6
CANONICAL__N2_02,NORMALIZED,walk_forward,2024,6,-0.09020933012,COMPLETE,NEGATIVE,8
CANONICAL__N2_02,NORMALIZED,walk_forward,2024,4,0.09147128811,COMPLETE,POSITIVE,9
CANONICAL__N2_02,NORMALIZED,walk_forward,2024,5,2.240960877,COMPLETE,POSITIVE,11
CANONICAL__N2_02,NORMALIZED,walk_forward,2024,2,0.3706457103,COMPLETE,POSITIVE,12
CANONICAL__N2_02,NORMALIZED,historical_true_oos,2025,1,-0.2082793494,COMPLETE,NEGATIVE,2
CANONICAL__N2_02,NORMALIZED,historical_true_oos,2025,3,0.3345470395,COMPLETE,POSITIVE,3
CANONICAL__N2_02,NORMALIZED,historical_true_oos,2025,5,-0.9893605859,COMPLETE,NEGATIVE,4
CANONICAL__N2_02,NORMALIZED,historical_true_oos,2025,1,-0.08593275846,COMPLETE,NEGATIVE,5
CANONICAL__N2_02,NORMALIZED,historical_true_oos,2025,6,0.2977356278,COMPLETE,POSITIVE,7
CANONICAL__N2_02,NORMALIZED,historical_true_oos,2025,7,11.26396128,COMPLETE,POSITIVE,9
CANONICAL__N2_02,NORMALIZED,historical_true_oos,2025,10,3.917231417,COMPLETE,POSITIVE,10
CANONICAL__N2_02,NORMALIZED,historical_true_oos,2025,5,-1.76304874,COMPLETE,NEGATIVE,11
CANONICAL__N2_02,NORMALIZED,historical_true_oos,2025,7,-1.513074817,COMPLETE,NEGATIVE,12
CANONICAL__N2_02,NORMALIZED,historical_true_oos,2026,6,2.489715294,COMPLETE,POSITIVE,1
CANONICAL__N2_02,NORMALIZED,historical_true_oos,2026,2,-0.474222025,COMPLETE,NEGATIVE,2
CANONICAL__N2_02,NORMALIZED,historical_true_oos,2026,7,4.408701909,COMPLETE,POSITIVE,3
CANONICAL__N2_02,NORMALIZED,historical_true_oos,2026,2,0.1697253001,COMPLETE,POSITIVE,4
CANONICAL__N2_02,NORMALIZED,historical_true_oos,2026,5,0.8934153035,COMPLETE,POSITIVE,5
CANONICAL__N2_02,NORMALIZED,historical_true_oos,2026,7,2.373846883,COMPLETE,POSITIVE,6
CANONICAL__N2_02,NORMALIZED,historical_true_oos,2026,2,-0.6126638231,COMPLETE,NEGATIVE,7
CANONICAL__N2_02,NORMALIZED,historical_true_oos,2026,11,9.742428579,COMPLETE,POSITIVE,8
CANONICAL__N2_02,NORMALIZED,historical_true_oos,2026,3,-0.4208597114,COMPLETE,NEGATIVE,9
CANONICAL__N2_02,FULL,baseline,2023,3,-1.894809044,COMPLETE,NEGATIVE,2
CANONICAL__N2_02,FULL,baseline,2023,1,-1.003613444,COMPLETE,NEGATIVE,3
CANONICAL__N2_02,FULL,baseline,2023,3,4.314824057,COMPLETE,POSITIVE,4
CANONICAL__N2_02,FULL,baseline,2023,3,2.199255999,COMPLETE,POSITIVE,5
CANONICAL__N2_02,FULL,baseline,2023,5,2.175484641,COMPLETE,POSITIVE,6
CANONICAL__N2_02,FULL,baseline,2023,2,0.5478597503,COMPLETE,POSITIVE,7
CANONICAL__N2_02,FULL,baseline,2023,5,5.350569474,COMPLETE,POSITIVE,8
CANONICAL__N2_02,FULL,baseline,2023,2,-1.166867415,COMPLETE,NEGATIVE,9
CANONICAL__N2_02,FULL,baseline,2023,4,-1.63172503,COMPLETE,NEGATIVE,10
CANONICAL__N2_02,FULL,baseline,2023,3,1.497554802,COMPLETE,POSITIVE,11
CANONICAL__N2_02,FULL,baseline,2023,6,2.375995283,COMPLETE,POSITIVE,12
CANONICAL__N2_02,FULL,baseline,2024,4,-1.380953101,COMPLETE,NEGATIVE,1
CANONICAL__N2_02,FULL,baseline,2024,5,-2.454010183,COMPLETE,NEGATIVE,2
CANONICAL__N2_02,FULL,baseline,2024,6,4.177936768,COMPLETE,POSITIVE,3
CANONICAL__N2_02,FULL,baseline,2024,9,3.154303966,COMPLETE,POSITIVE,4
CANONICAL__N2_02,FULL,baseline,2024,5,-1.386805332,COMPLETE,NEGATIVE,5
CANONICAL__N2_02,FULL,baseline,2024,7,4.323108705,COMPLETE,POSITIVE,6
CANONICAL__N2_02,FULL,baseline,2024,12,-0.3286586396,COMPLETE,NEGATIVE,8
CANONICAL__N2_02,FULL,baseline,2024,4,0.1829425762,COMPLETE,POSITIVE,9
CANONICAL__N2_02,FULL,baseline,2024,5,4.673300044,COMPLETE,POSITIVE,10
CANONICAL__N2_02,FULL,baseline,2024,8,8.385273436,COMPLETE,POSITIVE,11
CANONICAL__N2_02,FULL,baseline,2024,2,0.7412914205,COMPLETE,POSITIVE,12
CANONICAL__N2_02,FULL,walk_forward,2024,3,-0.5458527067,COMPLETE,NEGATIVE,2
CANONICAL__N2_02,FULL,walk_forward,2024,6,4.177936768,COMPLETE,POSITIVE,3
CANONICAL__N2_02,FULL,walk_forward,2024,3,-0.8697454678,COMPLETE,NEGATIVE,5
CANONICAL__N2_02,FULL,walk_forward,2024,7,4.323108705,COMPLETE,POSITIVE,6
CANONICAL__N2_02,FULL,walk_forward,2024,6,-0.1804186602,COMPLETE,NEGATIVE,8
CANONICAL__N2_02,FULL,walk_forward,2024,4,0.1829425762,COMPLETE,POSITIVE,9
CANONICAL__N2_02,FULL,walk_forward,2024,5,4.481921753,COMPLETE,POSITIVE,11
CANONICAL__N2_02,FULL,walk_forward,2024,2,0.7412914205,COMPLETE,POSITIVE,12
CANONICAL__N2_02,FULL,historical_true_oos,2025,1,-0.4165586989,COMPLETE,NEGATIVE,2
CANONICAL__N2_02,FULL,historical_true_oos,2025,3,0.669094079,COMPLETE,POSITIVE,3
CANONICAL__N2_02,FULL,historical_true_oos,2025,5,-1.978721172,COMPLETE,NEGATIVE,4
CANONICAL__N2_02,FULL,historical_true_oos,2025,1,-0.1718655169,COMPLETE,NEGATIVE,5
CANONICAL__N2_02,FULL,historical_true_oos,2025,6,0.5954712557,COMPLETE,POSITIVE,7
CANONICAL__N2_02,FULL,historical_true_oos,2025,7,22.52792255,COMPLETE,POSITIVE,9
CANONICAL__N2_02,FULL,historical_true_oos,2025,10,7.834462834,COMPLETE,POSITIVE,10
CANONICAL__N2_02,FULL,historical_true_oos,2025,5,-3.526097481,COMPLETE,NEGATIVE,11
CANONICAL__N2_02,FULL,historical_true_oos,2025,7,-3.026149634,COMPLETE,NEGATIVE,12
CANONICAL__N2_02,FULL,historical_true_oos,2026,6,4.979430589,COMPLETE,POSITIVE,1
CANONICAL__N2_02,FULL,historical_true_oos,2026,2,-0.9484440499,COMPLETE,NEGATIVE,2
CANONICAL__N2_02,FULL,historical_true_oos,2026,7,8.817403818,COMPLETE,POSITIVE,3
CANONICAL__N2_02,FULL,historical_true_oos,2026,2,0.3394506003,COMPLETE,POSITIVE,4
CANONICAL__N2_02,FULL,historical_true_oos,2026,5,1.786830607,COMPLETE,POSITIVE,5
CANONICAL__N2_02,FULL,historical_true_oos,2026,7,4.747693766,COMPLETE,POSITIVE,6
CANONICAL__N2_02,FULL,historical_true_oos,2026,2,-1.225327646,COMPLETE,NEGATIVE,7
CANONICAL__N2_02,FULL,historical_true_oos,2026,11,19.48485716,COMPLETE,POSITIVE,8
CANONICAL__N2_02,FULL,historical_true_oos,2026,3,-0.8417194228,COMPLETE,NEGATIVE,9
CANONICAL__N2_03,NORMALIZED,baseline,2023,3,-0.9474045222,COMPLETE,NEGATIVE,2
CANONICAL__N2_03,NORMALIZED,baseline,2023,1,-0.5018067222,COMPLETE,NEGATIVE,3
CANONICAL__N2_03,NORMALIZED,baseline,2023,3,2.157412028,COMPLETE,POSITIVE,4
CANONICAL__N2_03,NORMALIZED,baseline,2023,3,1.099627999,COMPLETE,POSITIVE,5
CANONICAL__N2_03,NORMALIZED,baseline,2023,5,1.087742321,COMPLETE,POSITIVE,6
CANONICAL__N2_03,NORMALIZED,baseline,2023,2,0.2739298752,COMPLETE,POSITIVE,7
CANONICAL__N2_03,NORMALIZED,baseline,2023,5,2.675284737,COMPLETE,POSITIVE,8
CANONICAL__N2_03,NORMALIZED,baseline,2023,1,-0.3655503549,COMPLETE,NEGATIVE,9
CANONICAL__N2_03,NORMALIZED,baseline,2023,4,-0.8158625148,COMPLETE,NEGATIVE,10
CANONICAL__N2_03,NORMALIZED,baseline,2023,2,0.7217475557,COMPLETE,POSITIVE,11
CANONICAL__N2_03,NORMALIZED,baseline,2023,2,1.189190707,COMPLETE,POSITIVE,12
CANONICAL__N2_03,NORMALIZED,baseline,2024,4,-0.09502682964,COMPLETE,NEGATIVE,1
CANONICAL__N2_03,NORMALIZED,baseline,2024,4,-0.2108015785,COMPLETE,NEGATIVE,2
CANONICAL__N2_03,NORMALIZED,baseline,2024,4,1.260930532,COMPLETE,POSITIVE,3
CANONICAL__N2_03,NORMALIZED,baseline,2024,6,-0.6390711888,COMPLETE,NEGATIVE,4
CANONICAL__N2_03,NORMALIZED,baseline,2024,6,-0.2964975164,COMPLETE,NEGATIVE,5
CANONICAL__N2_03,NORMALIZED,baseline,2024,6,4.971013614,COMPLETE,POSITIVE,6
CANONICAL__N2_03,NORMALIZED,baseline,2024,4,1.898076977,COMPLETE,POSITIVE,7
CANONICAL__N2_03,NORMALIZED,baseline,2024,9,0.6295859887,COMPLETE,POSITIVE,8
CANONICAL__N2_03,NORMALIZED,baseline,2024,3,1.796500532,COMPLETE,POSITIVE,9
CANONICAL__N2_03,NORMALIZED,baseline,2024,3,1.663082527,COMPLETE,POSITIVE,10
CANONICAL__N2_03,NORMALIZED,baseline,2024,7,2.529049994,COMPLETE,POSITIVE,11
CANONICAL__N2_03,NORMALIZED,baseline,2024,2,0.1611102025,COMPLETE,POSITIVE,12
CANONICAL__N2_03,NORMALIZED,walk_forward,2024,2,-0.5379248794,COMPLETE,NEGATIVE,2
CANONICAL__N2_03,NORMALIZED,walk_forward,2024,3,-0.4338585322,COMPLETE,NEGATIVE,3
CANONICAL__N2_03,NORMALIZED,walk_forward,2024,4,-0.03796758407,COMPLETE,NEGATIVE,5
CANONICAL__N2_03,NORMALIZED,walk_forward,2024,6,4.971013614,COMPLETE,POSITIVE,6
CANONICAL__N2_03,NORMALIZED,walk_forward,2024,4,1.018781688,COMPLETE,POSITIVE,8
CANONICAL__N2_03,NORMALIZED,walk_forward,2024,3,1.796500532,COMPLETE,POSITIVE,9
CANONICAL__N2_03,NORMALIZED,walk_forward,2024,4,3.281563554,COMPLETE,POSITIVE,11
CANONICAL__N2_03,NORMALIZED,walk_forward,2024,2,0.1611102025,COMPLETE,POSITIVE,12
CANONICAL__N2_03,NORMALIZED,historical_true_oos,2025,1,-0.3830426659,COMPLETE,NEGATIVE,2
CANONICAL__N2_03,NORMALIZED,historical_true_oos,2025,4,0.2292990244,COMPLETE,POSITIVE,3
CANONICAL__N2_03,NORMALIZED,historical_true_oos,2025,7,-0.2795378933,COMPLETE,NEGATIVE,4
CANONICAL__N2_03,NORMALIZED,historical_true_oos,2025,2,0.7789389657,COMPLETE,POSITIVE,5
CANONICAL__N2_03,NORMALIZED,historical_true_oos,2025,8,2.038257857,COMPLETE,POSITIVE,7
CANONICAL__N2_03,NORMALIZED,historical_true_oos,2025,1,0.4119935069,COMPLETE,POSITIVE,8
CANONICAL__N2_03,NORMALIZED,historical_true_oos,2025,9,2.67921141,COMPLETE,POSITIVE,9
CANONICAL__N2_03,NORMALIZED,historical_true_oos,2025,10,2.124746273,COMPLETE,POSITIVE,10
CANONICAL__N2_03,NORMALIZED,historical_true_oos,2025,4,-1.223817307,COMPLETE,NEGATIVE,11
CANONICAL__N2_03,NORMALIZED,historical_true_oos,2025,7,-0.8985435698,COMPLETE,NEGATIVE,12
CANONICAL__N2_03,NORMALIZED,historical_true_oos,2026,5,-0.03281072687,COMPLETE,NEGATIVE,1
CANONICAL__N2_03,NORMALIZED,historical_true_oos,2026,2,-0.4845212971,COMPLETE,NEGATIVE,2
CANONICAL__N2_03,NORMALIZED,historical_true_oos,2026,7,4.521331724,COMPLETE,POSITIVE,3
CANONICAL__N2_03,NORMALIZED,historical_true_oos,2026,6,-0.002472745837,COMPLETE,NEGATIVE,4
CANONICAL__N2_03,NORMALIZED,historical_true_oos,2026,6,-0.8363810583,COMPLETE,NEGATIVE,5
CANONICAL__N2_03,NORMALIZED,historical_true_oos,2026,9,2.958365353,COMPLETE,POSITIVE,6
CANONICAL__N2_03,NORMALIZED,historical_true_oos,2026,6,-1.441273072,COMPLETE,NEGATIVE,7
CANONICAL__N2_03,NORMALIZED,historical_true_oos,2026,9,4.301369473,COMPLETE,POSITIVE,8
CANONICAL__N2_03,NORMALIZED,historical_true_oos,2026,4,-1.075918747,COMPLETE,NEGATIVE,9
CANONICAL__N2_03,FULL,baseline,2023,3,-1.894809044,COMPLETE,NEGATIVE,2
CANONICAL__N2_03,FULL,baseline,2023,1,-1.003613444,COMPLETE,NEGATIVE,3
CANONICAL__N2_03,FULL,baseline,2023,3,4.314824057,COMPLETE,POSITIVE,4
CANONICAL__N2_03,FULL,baseline,2023,3,2.199255999,COMPLETE,POSITIVE,5
CANONICAL__N2_03,FULL,baseline,2023,5,2.175484641,COMPLETE,POSITIVE,6
CANONICAL__N2_03,FULL,baseline,2023,2,0.5478597503,COMPLETE,POSITIVE,7
CANONICAL__N2_03,FULL,baseline,2023,5,5.350569474,COMPLETE,POSITIVE,8
CANONICAL__N2_03,FULL,baseline,2023,1,-0.7311007098,COMPLETE,NEGATIVE,9
CANONICAL__N2_03,FULL,baseline,2023,4,-1.63172503,COMPLETE,NEGATIVE,10
CANONICAL__N2_03,FULL,baseline,2023,2,1.443495111,COMPLETE,POSITIVE,11
CANONICAL__N2_03,FULL,baseline,2023,2,2.378381414,COMPLETE,POSITIVE,12
CANONICAL__N2_03,FULL,baseline,2024,4,-0.1900536593,COMPLETE,NEGATIVE,1
CANONICAL__N2_03,FULL,baseline,2024,4,-0.4216031571,COMPLETE,NEGATIVE,2
CANONICAL__N2_03,FULL,baseline,2024,4,2.521861064,COMPLETE,POSITIVE,3
CANONICAL__N2_03,FULL,baseline,2024,6,-1.278142378,COMPLETE,NEGATIVE,4
CANONICAL__N2_03,FULL,baseline,2024,6,-0.5929950327,COMPLETE,NEGATIVE,5
CANONICAL__N2_03,FULL,baseline,2024,6,9.942027228,COMPLETE,POSITIVE,6
CANONICAL__N2_03,FULL,baseline,2024,4,3.796153953,COMPLETE,POSITIVE,7
CANONICAL__N2_03,FULL,baseline,2024,9,1.259171977,COMPLETE,POSITIVE,8
CANONICAL__N2_03,FULL,baseline,2024,3,3.593001064,COMPLETE,POSITIVE,9
CANONICAL__N2_03,FULL,baseline,2024,3,3.326165055,COMPLETE,POSITIVE,10
CANONICAL__N2_03,FULL,baseline,2024,7,5.058099989,COMPLETE,POSITIVE,11
CANONICAL__N2_03,FULL,baseline,2024,2,0.322220405,COMPLETE,POSITIVE,12
CANONICAL__N2_03,FULL,walk_forward,2024,2,-1.075849759,COMPLETE,NEGATIVE,2
CANONICAL__N2_03,FULL,walk_forward,2024,3,-0.8677170645,COMPLETE,NEGATIVE,3
CANONICAL__N2_03,FULL,walk_forward,2024,4,-0.07593516813,COMPLETE,NEGATIVE,5
CANONICAL__N2_03,FULL,walk_forward,2024,6,9.942027228,COMPLETE,POSITIVE,6
CANONICAL__N2_03,FULL,walk_forward,2024,4,2.037563375,COMPLETE,POSITIVE,8
CANONICAL__N2_03,FULL,walk_forward,2024,3,3.593001064,COMPLETE,POSITIVE,9
CANONICAL__N2_03,FULL,walk_forward,2024,4,6.563127109,COMPLETE,POSITIVE,11
CANONICAL__N2_03,FULL,walk_forward,2024,2,0.322220405,COMPLETE,POSITIVE,12
CANONICAL__N2_03,FULL,historical_true_oos,2025,1,-0.7660853318,COMPLETE,NEGATIVE,2
CANONICAL__N2_03,FULL,historical_true_oos,2025,4,0.4585980488,COMPLETE,POSITIVE,3
CANONICAL__N2_03,FULL,historical_true_oos,2025,7,-0.5590757867,COMPLETE,NEGATIVE,4
CANONICAL__N2_03,FULL,historical_true_oos,2025,2,1.557877931,COMPLETE,POSITIVE,5
CANONICAL__N2_03,FULL,historical_true_oos,2025,8,4.076515713,COMPLETE,POSITIVE,7
CANONICAL__N2_03,FULL,historical_true_oos,2025,1,0.8239870138,COMPLETE,POSITIVE,8
CANONICAL__N2_03,FULL,historical_true_oos,2025,9,5.358422821,COMPLETE,POSITIVE,9
CANONICAL__N2_03,FULL,historical_true_oos,2025,10,4.249492545,COMPLETE,POSITIVE,10
CANONICAL__N2_03,FULL,historical_true_oos,2025,4,-2.447634615,COMPLETE,NEGATIVE,11
CANONICAL__N2_03,FULL,historical_true_oos,2025,7,-1.79708714,COMPLETE,NEGATIVE,12
CANONICAL__N2_03,FULL,historical_true_oos,2026,5,-0.06562145373,COMPLETE,NEGATIVE,1
CANONICAL__N2_03,FULL,historical_true_oos,2026,2,-0.9690425942,COMPLETE,NEGATIVE,2
CANONICAL__N2_03,FULL,historical_true_oos,2026,7,9.042663447,COMPLETE,POSITIVE,3
CANONICAL__N2_03,FULL,historical_true_oos,2026,6,-0.004945491674,COMPLETE,NEGATIVE,4
CANONICAL__N2_03,FULL,historical_true_oos,2026,6,-1.672762117,COMPLETE,NEGATIVE,5
CANONICAL__N2_03,FULL,historical_true_oos,2026,9,5.916730706,COMPLETE,POSITIVE,6
CANONICAL__N2_03,FULL,historical_true_oos,2026,6,-2.882546144,COMPLETE,NEGATIVE,7
CANONICAL__N2_03,FULL,historical_true_oos,2026,9,8.602738946,COMPLETE,POSITIVE,8
CANONICAL__N2_03,FULL,historical_true_oos,2026,4,-2.151837494,COMPLETE,NEGATIVE,9
CANONICAL__N2_04,NORMALIZED,baseline,2023,1,-0.2970073692,COMPLETE,NEGATIVE,2
CANONICAL__N2_04,NORMALIZED,baseline,2023,2,-0.2132702663,COMPLETE,NEGATIVE,3
CANONICAL__N2_04,NORMALIZED,baseline,2023,3,1.862091764,COMPLETE,POSITIVE,4
CANONICAL__N2_04,NORMALIZED,baseline,2023,2,1.218697086,COMPLETE,POSITIVE,5
CANONICAL__N2_04,NORMALIZED,baseline,2023,3,0.8169691062,COMPLETE,POSITIVE,6
CANONICAL__N2_04,NORMALIZED,baseline,2023,3,-1.284871429,COMPLETE,NEGATIVE,7
CANONICAL__N2_04,NORMALIZED,baseline,2023,3,0.6423308065,COMPLETE,POSITIVE,8
CANONICAL__N2_04,NORMALIZED,baseline,2023,2,-0.600153958,COMPLETE,NEGATIVE,9
CANONICAL__N2_04,NORMALIZED,baseline,2023,2,-0.5003563501,COMPLETE,NEGATIVE,10
CANONICAL__N2_04,NORMALIZED,baseline,2023,2,-0.4858445023,COMPLETE,NEGATIVE,11
CANONICAL__N2_04,NORMALIZED,baseline,2023,7,-0.8835938489,COMPLETE,NEGATIVE,12
CANONICAL__N2_04,NORMALIZED,baseline,2024,3,0.8997305535,COMPLETE,POSITIVE,1
CANONICAL__N2_04,NORMALIZED,baseline,2024,6,-0.6008936636,COMPLETE,NEGATIVE,2
CANONICAL__N2_04,NORMALIZED,baseline,2024,5,1.522734121,COMPLETE,POSITIVE,3
CANONICAL__N2_04,NORMALIZED,baseline,2024,8,3.292782769,COMPLETE,POSITIVE,4
CANONICAL__N2_04,NORMALIZED,baseline,2024,5,0.245065486,COMPLETE,POSITIVE,5
CANONICAL__N2_04,NORMALIZED,baseline,2024,7,5.501675212,COMPLETE,POSITIVE,6
CANONICAL__N2_04,NORMALIZED,baseline,2024,7,-0.7278084221,COMPLETE,NEGATIVE,8
CANONICAL__N2_04,NORMALIZED,baseline,2024,6,0.464552514,COMPLETE,POSITIVE,9
CANONICAL__N2_04,NORMALIZED,baseline,2024,5,1.197916967,COMPLETE,POSITIVE,10
CANONICAL__N2_04,NORMALIZED,baseline,2024,8,4.734459632,COMPLETE,POSITIVE,11
CANONICAL__N2_04,NORMALIZED,baseline,2024,2,-0.1926609002,COMPLETE,NEGATIVE,12
CANONICAL__N2_04,NORMALIZED,walk_forward,2024,3,-0.2507375359,COMPLETE,NEGATIVE,2
CANONICAL__N2_04,NORMALIZED,walk_forward,2024,5,1.522734121,COMPLETE,POSITIVE,3
CANONICAL__N2_04,NORMALIZED,walk_forward,2024,3,1.085982852,COMPLETE,POSITIVE,5
CANONICAL__N2_04,NORMALIZED,walk_forward,2024,7,5.501675212,COMPLETE,POSITIVE,6
CANONICAL__N2_04,NORMALIZED,walk_forward,2024,5,-0.9109577962,COMPLETE,NEGATIVE,8
CANONICAL__N2_04,NORMALIZED,walk_forward,2024,6,0.464552514,COMPLETE,POSITIVE,9
CANONICAL__N2_04,NORMALIZED,walk_forward,2024,7,1.925126077,COMPLETE,POSITIVE,11
CANONICAL__N2_04,NORMALIZED,walk_forward,2024,2,-0.1926609002,COMPLETE,NEGATIVE,12
CANONICAL__N2_04,NORMALIZED,historical_true_oos,2025,2,0.3927992631,COMPLETE,POSITIVE,2
CANONICAL__N2_04,NORMALIZED,historical_true_oos,2025,2,0.879903866,COMPLETE,POSITIVE,3
CANONICAL__N2_04,NORMALIZED,historical_true_oos,2025,5,-0.9669991832,COMPLETE,NEGATIVE,4
CANONICAL__N2_04,NORMALIZED,historical_true_oos,2025,1,-0.4111697649,COMPLETE,NEGATIVE,6
CANONICAL__N2_04,NORMALIZED,historical_true_oos,2025,6,1.58680969,COMPLETE,POSITIVE,7
CANONICAL__N2_04,NORMALIZED,historical_true_oos,2025,1,-0.3674921526,COMPLETE,NEGATIVE,8
CANONICAL__N2_04,NORMALIZED,historical_true_oos,2025,7,11.0878593,COMPLETE,POSITIVE,9
CANONICAL__N2_04,NORMALIZED,historical_true_oos,2025,12,2.794082161,COMPLETE,POSITIVE,10
CANONICAL__N2_04,NORMALIZED,historical_true_oos,2025,4,-1.259829057,COMPLETE,NEGATIVE,11
CANONICAL__N2_04,NORMALIZED,historical_true_oos,2025,7,-1.039749319,COMPLETE,NEGATIVE,12
CANONICAL__N2_04,NORMALIZED,historical_true_oos,2026,6,3.092189027,COMPLETE,POSITIVE,1
CANONICAL__N2_04,NORMALIZED,historical_true_oos,2026,2,-0.6306433367,COMPLETE,NEGATIVE,2
CANONICAL__N2_04,NORMALIZED,historical_true_oos,2026,8,2.648518515,COMPLETE,POSITIVE,3
CANONICAL__N2_04,NORMALIZED,historical_true_oos,2026,1,0.4248256949,COMPLETE,POSITIVE,4
CANONICAL__N2_04,NORMALIZED,historical_true_oos,2026,5,1.026301435,COMPLETE,POSITIVE,5
CANONICAL__N2_04,NORMALIZED,historical_true_oos,2026,7,2.754433768,COMPLETE,POSITIVE,6
CANONICAL__N2_04,NORMALIZED,historical_true_oos,2026,2,-0.5934913687,COMPLETE,NEGATIVE,7
CANONICAL__N2_04,NORMALIZED,historical_true_oos,2026,11,8.636551153,COMPLETE,POSITIVE,8
CANONICAL__N2_04,NORMALIZED,historical_true_oos,2026,3,-0.5718835721,COMPLETE,NEGATIVE,9
CANONICAL__N2_04,FULL,baseline,2023,1,-0.5940147384,COMPLETE,NEGATIVE,2
CANONICAL__N2_04,FULL,baseline,2023,2,-0.4265405325,COMPLETE,NEGATIVE,3
CANONICAL__N2_04,FULL,baseline,2023,3,3.724183529,COMPLETE,POSITIVE,4
CANONICAL__N2_04,FULL,baseline,2023,2,2.437394172,COMPLETE,POSITIVE,5
CANONICAL__N2_04,FULL,baseline,2023,3,1.633938212,COMPLETE,POSITIVE,6
CANONICAL__N2_04,FULL,baseline,2023,3,-2.569742858,COMPLETE,NEGATIVE,7
CANONICAL__N2_04,FULL,baseline,2023,3,1.284661613,COMPLETE,POSITIVE,8
CANONICAL__N2_04,FULL,baseline,2023,2,-1.200307916,COMPLETE,NEGATIVE,9
CANONICAL__N2_04,FULL,baseline,2023,2,-1.0007127,COMPLETE,NEGATIVE,10
CANONICAL__N2_04,FULL,baseline,2023,2,-0.9716890047,COMPLETE,NEGATIVE,11
CANONICAL__N2_04,FULL,baseline,2023,7,-1.767187698,COMPLETE,NEGATIVE,12
CANONICAL__N2_04,FULL,baseline,2024,3,1.799461107,COMPLETE,POSITIVE,1
CANONICAL__N2_04,FULL,baseline,2024,6,-1.201787327,COMPLETE,NEGATIVE,2
CANONICAL__N2_04,FULL,baseline,2024,5,3.045468242,COMPLETE,POSITIVE,3
CANONICAL__N2_04,FULL,baseline,2024,8,6.585565539,COMPLETE,POSITIVE,4
CANONICAL__N2_04,FULL,baseline,2024,5,0.4901309721,COMPLETE,POSITIVE,5
CANONICAL__N2_04,FULL,baseline,2024,7,11.00335042,COMPLETE,POSITIVE,6
CANONICAL__N2_04,FULL,baseline,2024,7,-1.455616844,COMPLETE,NEGATIVE,8
CANONICAL__N2_04,FULL,baseline,2024,6,0.9291050279,COMPLETE,POSITIVE,9
CANONICAL__N2_04,FULL,baseline,2024,5,2.395833934,COMPLETE,POSITIVE,10
CANONICAL__N2_04,FULL,baseline,2024,8,9.468919263,COMPLETE,POSITIVE,11
CANONICAL__N2_04,FULL,baseline,2024,2,-0.3853218005,COMPLETE,NEGATIVE,12
CANONICAL__N2_04,FULL,walk_forward,2024,3,-0.5014750718,COMPLETE,NEGATIVE,2
CANONICAL__N2_04,FULL,walk_forward,2024,5,3.045468242,COMPLETE,POSITIVE,3
CANONICAL__N2_04,FULL,walk_forward,2024,3,2.171965704,COMPLETE,POSITIVE,5
CANONICAL__N2_04,FULL,walk_forward,2024,7,11.00335042,COMPLETE,POSITIVE,6
CANONICAL__N2_04,FULL,walk_forward,2024,5,-1.821915592,COMPLETE,NEGATIVE,8
CANONICAL__N2_04,FULL,walk_forward,2024,6,0.9291050279,COMPLETE,POSITIVE,9
CANONICAL__N2_04,FULL,walk_forward,2024,7,3.850252153,COMPLETE,POSITIVE,11
CANONICAL__N2_04,FULL,walk_forward,2024,2,-0.3853218005,COMPLETE,NEGATIVE,12
CANONICAL__N2_04,FULL,historical_true_oos,2025,2,0.7855985262,COMPLETE,POSITIVE,2
CANONICAL__N2_04,FULL,historical_true_oos,2025,2,1.759807732,COMPLETE,POSITIVE,3
CANONICAL__N2_04,FULL,historical_true_oos,2025,5,-1.933998366,COMPLETE,NEGATIVE,4
CANONICAL__N2_04,FULL,historical_true_oos,2025,1,-0.8223395297,COMPLETE,NEGATIVE,6
CANONICAL__N2_04,FULL,historical_true_oos,2025,6,3.17361938,COMPLETE,POSITIVE,7
CANONICAL__N2_04,FULL,historical_true_oos,2025,1,-0.7349843052,COMPLETE,NEGATIVE,8
CANONICAL__N2_04,FULL,historical_true_oos,2025,7,22.1757186,COMPLETE,POSITIVE,9
CANONICAL__N2_04,FULL,historical_true_oos,2025,12,5.588164322,COMPLETE,POSITIVE,10
CANONICAL__N2_04,FULL,historical_true_oos,2025,4,-2.519658115,COMPLETE,NEGATIVE,11
CANONICAL__N2_04,FULL,historical_true_oos,2025,7,-2.079498637,COMPLETE,NEGATIVE,12
CANONICAL__N2_04,FULL,historical_true_oos,2026,6,6.184378054,COMPLETE,POSITIVE,1
CANONICAL__N2_04,FULL,historical_true_oos,2026,2,-1.261286673,COMPLETE,NEGATIVE,2
CANONICAL__N2_04,FULL,historical_true_oos,2026,8,5.297037029,COMPLETE,POSITIVE,3
CANONICAL__N2_04,FULL,historical_true_oos,2026,1,0.8496513899,COMPLETE,POSITIVE,4
CANONICAL__N2_04,FULL,historical_true_oos,2026,5,2.052602871,COMPLETE,POSITIVE,5
CANONICAL__N2_04,FULL,historical_true_oos,2026,7,5.508867536,COMPLETE,POSITIVE,6
CANONICAL__N2_04,FULL,historical_true_oos,2026,2,-1.186982737,COMPLETE,NEGATIVE,7
CANONICAL__N2_04,FULL,historical_true_oos,2026,11,17.27310231,COMPLETE,POSITIVE,8
CANONICAL__N2_04,FULL,historical_true_oos,2026,3,-1.143767144,COMPLETE,NEGATIVE,9
CANONICAL__N2_05,NORMALIZED,baseline,2023,1,-0.2970073692,COMPLETE,NEGATIVE,2
CANONICAL__N2_05,NORMALIZED,baseline,2023,2,-0.2132702663,COMPLETE,NEGATIVE,3
CANONICAL__N2_05,NORMALIZED,baseline,2023,3,1.862091764,COMPLETE,POSITIVE,4
CANONICAL__N2_05,NORMALIZED,baseline,2023,2,1.218697086,COMPLETE,POSITIVE,5
CANONICAL__N2_05,NORMALIZED,baseline,2023,3,0.8169691062,COMPLETE,POSITIVE,6
CANONICAL__N2_05,NORMALIZED,baseline,2023,3,-1.284871429,COMPLETE,NEGATIVE,7
CANONICAL__N2_05,NORMALIZED,baseline,2023,3,0.6423308065,COMPLETE,POSITIVE,8
CANONICAL__N2_05,NORMALIZED,baseline,2023,1,-0.3822706055,COMPLETE,NEGATIVE,9
CANONICAL__N2_05,NORMALIZED,baseline,2023,2,-0.5003563501,COMPLETE,NEGATIVE,10
CANONICAL__N2_05,NORMALIZED,baseline,2023,1,-0.5128743477,COMPLETE,NEGATIVE,11
CANONICAL__N2_05,NORMALIZED,baseline,2023,3,-0.8824007833,COMPLETE,NEGATIVE,12
CANONICAL__N2_05,NORMALIZED,baseline,2024,3,1.495180274,COMPLETE,POSITIVE,1
CANONICAL__N2_05,NORMALIZED,baseline,2024,5,0.4153098492,COMPLETE,POSITIVE,2
CANONICAL__N2_05,NORMALIZED,baseline,2024,3,0.6946962693,COMPLETE,POSITIVE,3
CANONICAL__N2_05,NORMALIZED,baseline,2024,5,1.076559597,COMPLETE,POSITIVE,4
CANONICAL__N2_05,NORMALIZED,baseline,2024,6,0.6419706359,COMPLETE,POSITIVE,5
CANONICAL__N2_05,NORMALIZED,baseline,2024,6,8.311134474,COMPLETE,POSITIVE,6
CANONICAL__N2_05,NORMALIZED,baseline,2024,4,1.898076977,COMPLETE,POSITIVE,7
CANONICAL__N2_05,NORMALIZED,baseline,2024,4,0.06610688639,COMPLETE,POSITIVE,8
CANONICAL__N2_05,NORMALIZED,baseline,2024,5,2.169581758,COMPLETE,POSITIVE,9
CANONICAL__N2_05,NORMALIZED,baseline,2024,3,0.5243494724,COMPLETE,POSITIVE,10
CANONICAL__N2_05,NORMALIZED,baseline,2024,7,3.070872908,COMPLETE,POSITIVE,11
CANONICAL__N2_05,NORMALIZED,baseline,2024,2,-0.402196408,COMPLETE,NEGATIVE,12
CANONICAL__N2_05,NORMALIZED,walk_forward,2024,2,-0.5157360619,COMPLETE,NEGATIVE,2
CANONICAL__N2_05,NORMALIZED,walk_forward,2024,2,-1.000092795,COMPLETE,NEGATIVE,3
CANONICAL__N2_05,NORMALIZED,walk_forward,2024,4,1.482888002,COMPLETE,POSITIVE,5
CANONICAL__N2_05,NORMALIZED,walk_forward,2024,6,8.311134474,COMPLETE,POSITIVE,6
CANONICAL__N2_05,NORMALIZED,walk_forward,2024,3,0.1980332215,COMPLETE,POSITIVE,8
CANONICAL__N2_05,NORMALIZED,walk_forward,2024,5,2.169581758,COMPLETE,POSITIVE,9
CANONICAL__N2_05,NORMALIZED,walk_forward,2024,6,2.965728754,COMPLETE,POSITIVE,11
CANONICAL__N2_05,NORMALIZED,walk_forward,2024,2,-0.402196408,COMPLETE,NEGATIVE,12
CANONICAL__N2_05,NORMALIZED,historical_true_oos,2025,2,0.2180359466,COMPLETE,POSITIVE,2
CANONICAL__N2_05,NORMALIZED,historical_true_oos,2025,3,0.7746558509,COMPLETE,POSITIVE,3
CANONICAL__N2_05,NORMALIZED,historical_true_oos,2025,7,-0.2571764907,COMPLETE,NEGATIVE,4
CANONICAL__N2_05,NORMALIZED,historical_true_oos,2025,1,0.8648717242,COMPLETE,POSITIVE,5
CANONICAL__N2_05,NORMALIZED,historical_true_oos,2025,1,-0.4111697649,COMPLETE,NEGATIVE,6
CANONICAL__N2_05,NORMALIZED,historical_true_oos,2025,8,3.327331919,COMPLETE,POSITIVE,7
CANONICAL__N2_05,NORMALIZED,historical_true_oos,2025,2,0.04450135426,COMPLETE,POSITIVE,8
CANONICAL__N2_05,NORMALIZED,historical_true_oos,2025,9,2.503109436,COMPLETE,POSITIVE,9
CANONICAL__N2_05,NORMALIZED,historical_true_oos,2025,12,1.001597017,COMPLETE,POSITIVE,10
CANONICAL__N2_05,NORMALIZED,historical_true_oos,2025,3,-0.7205976243,COMPLETE,NEGATIVE,11
CANONICAL__N2_05,NORMALIZED,historical_true_oos,2025,7,-0.4252180716,COMPLETE,NEGATIVE,12
CANONICAL__N2_05,NORMALIZED,historical_true_oos,2026,5,0.5696630061,COMPLETE,POSITIVE,1
CANONICAL__N2_05,NORMALIZED,historical_true_oos,2026,2,-0.6409426088,COMPLETE,NEGATIVE,2
CANONICAL__N2_05,NORMALIZED,historical_true_oos,2026,8,2.761148329,COMPLETE,POSITIVE,3
CANONICAL__N2_05,NORMALIZED,historical_true_oos,2026,5,0.252627649,COMPLETE,POSITIVE,4
CANONICAL__N2_05,NORMALIZED,historical_true_oos,2026,6,-0.7034949265,COMPLETE,NEGATIVE,5
CANONICAL__N2_05,NORMALIZED,historical_true_oos,2026,9,3.338952238,COMPLETE,POSITIVE,6
CANONICAL__N2_05,NORMALIZED,historical_true_oos,2026,6,-1.422100618,COMPLETE,NEGATIVE,7
CANONICAL__N2_05,NORMALIZED,historical_true_oos,2026,9,3.195492047,COMPLETE,POSITIVE,8
CANONICAL__N2_05,NORMALIZED,historical_true_oos,2026,4,-1.226942608,COMPLETE,NEGATIVE,9
CANONICAL__N2_05,FULL,baseline,2023,1,-0.5940147384,COMPLETE,NEGATIVE,2
CANONICAL__N2_05,FULL,baseline,2023,2,-0.4265405325,COMPLETE,NEGATIVE,3
CANONICAL__N2_05,FULL,baseline,2023,3,3.724183529,COMPLETE,POSITIVE,4
CANONICAL__N2_05,FULL,baseline,2023,2,2.437394172,COMPLETE,POSITIVE,5
CANONICAL__N2_05,FULL,baseline,2023,3,1.633938212,COMPLETE,POSITIVE,6
CANONICAL__N2_05,FULL,baseline,2023,3,-2.569742858,COMPLETE,NEGATIVE,7
CANONICAL__N2_05,FULL,baseline,2023,3,1.284661613,COMPLETE,POSITIVE,8
CANONICAL__N2_05,FULL,baseline,2023,1,-0.7645412109,COMPLETE,NEGATIVE,9
CANONICAL__N2_05,FULL,baseline,2023,2,-1.0007127,COMPLETE,NEGATIVE,10
CANONICAL__N2_05,FULL,baseline,2023,1,-1.025748695,COMPLETE,NEGATIVE,11
CANONICAL__N2_05,FULL,baseline,2023,3,-1.764801567,COMPLETE,NEGATIVE,12
CANONICAL__N2_05,FULL,baseline,2024,3,2.990360549,COMPLETE,POSITIVE,1
CANONICAL__N2_05,FULL,baseline,2024,5,0.8306196985,COMPLETE,POSITIVE,2
CANONICAL__N2_05,FULL,baseline,2024,3,1.389392539,COMPLETE,POSITIVE,3
CANONICAL__N2_05,FULL,baseline,2024,5,2.153119195,COMPLETE,POSITIVE,4
CANONICAL__N2_05,FULL,baseline,2024,6,1.283941272,COMPLETE,POSITIVE,5
CANONICAL__N2_05,FULL,baseline,2024,6,16.62226895,COMPLETE,POSITIVE,6
CANONICAL__N2_05,FULL,baseline,2024,4,3.796153953,COMPLETE,POSITIVE,7
CANONICAL__N2_05,FULL,baseline,2024,4,0.1322137728,COMPLETE,POSITIVE,8
CANONICAL__N2_05,FULL,baseline,2024,5,4.339163516,COMPLETE,POSITIVE,9
CANONICAL__N2_05,FULL,baseline,2024,3,1.048698945,COMPLETE,POSITIVE,10
CANONICAL__N2_05,FULL,baseline,2024,7,6.141745816,COMPLETE,POSITIVE,11
CANONICAL__N2_05,FULL,baseline,2024,2,-0.804392816,COMPLETE,NEGATIVE,12
CANONICAL__N2_05,FULL,walk_forward,2024,2,-1.031472124,COMPLETE,NEGATIVE,2
CANONICAL__N2_05,FULL,walk_forward,2024,2,-2.00018559,COMPLETE,NEGATIVE,3
CANONICAL__N2_05,FULL,walk_forward,2024,4,2.965776004,COMPLETE,POSITIVE,5
CANONICAL__N2_05,FULL,walk_forward,2024,6,16.62226895,COMPLETE,POSITIVE,6
CANONICAL__N2_05,FULL,walk_forward,2024,3,0.3960664431,COMPLETE,POSITIVE,8
CANONICAL__N2_05,FULL,walk_forward,2024,5,4.339163516,COMPLETE,POSITIVE,9
CANONICAL__N2_05,FULL,walk_forward,2024,6,5.931457508,COMPLETE,POSITIVE,11
CANONICAL__N2_05,FULL,walk_forward,2024,2,-0.804392816,COMPLETE,NEGATIVE,12
CANONICAL__N2_05,FULL,historical_true_oos,2025,2,0.4360718932,COMPLETE,POSITIVE,2
CANONICAL__N2_05,FULL,historical_true_oos,2025,3,1.549311702,COMPLETE,POSITIVE,3
CANONICAL__N2_05,FULL,historical_true_oos,2025,7,-0.5143529814,COMPLETE,NEGATIVE,4
CANONICAL__N2_05,FULL,historical_true_oos,2025,1,1.729743448,COMPLETE,POSITIVE,5
CANONICAL__N2_05,FULL,historical_true_oos,2025,1,-0.8223395297,COMPLETE,NEGATIVE,6
CANONICAL__N2_05,FULL,historical_true_oos,2025,8,6.654663838,COMPLETE,POSITIVE,7
CANONICAL__N2_05,FULL,historical_true_oos,2025,2,0.08900270851,COMPLETE,POSITIVE,8
CANONICAL__N2_05,FULL,historical_true_oos,2025,9,5.006218872,COMPLETE,POSITIVE,9
CANONICAL__N2_05,FULL,historical_true_oos,2025,12,2.003194033,COMPLETE,POSITIVE,10
CANONICAL__N2_05,FULL,historical_true_oos,2025,3,-1.441195249,COMPLETE,NEGATIVE,11
CANONICAL__N2_05,FULL,historical_true_oos,2025,7,-0.8504361433,COMPLETE,NEGATIVE,12
CANONICAL__N2_05,FULL,historical_true_oos,2026,5,1.139326012,COMPLETE,POSITIVE,1
CANONICAL__N2_05,FULL,historical_true_oos,2026,2,-1.281885218,COMPLETE,NEGATIVE,2
CANONICAL__N2_05,FULL,historical_true_oos,2026,8,5.522296658,COMPLETE,POSITIVE,3
CANONICAL__N2_05,FULL,historical_true_oos,2026,5,0.5052552979,COMPLETE,POSITIVE,4
CANONICAL__N2_05,FULL,historical_true_oos,2026,6,-1.406989853,COMPLETE,NEGATIVE,5
CANONICAL__N2_05,FULL,historical_true_oos,2026,9,6.677904476,COMPLETE,POSITIVE,6
CANONICAL__N2_05,FULL,historical_true_oos,2026,6,-2.844201235,COMPLETE,NEGATIVE,7
CANONICAL__N2_05,FULL,historical_true_oos,2026,9,6.390984093,COMPLETE,POSITIVE,8
CANONICAL__N2_05,FULL,historical_true_oos,2026,4,-2.453885216,COMPLETE,NEGATIVE,9
CANONICAL__N2_06,NORMALIZED,baseline,2023,1,-0.2178833525,COMPLETE,NEGATIVE,9
CANONICAL__N2_06,NORMALIZED,baseline,2023,1,0.02702984538,COMPLETE,POSITIVE,11
CANONICAL__N2_06,NORMALIZED,baseline,2023,4,-0.001193065612,COMPLETE,NEGATIVE,12
CANONICAL__N2_06,NORMALIZED,baseline,2024,4,0.01073110047,COMPLETE,POSITIVE,1
CANONICAL__N2_06,NORMALIZED,baseline,2024,7,-0.6186136343,COMPLETE,NEGATIVE,2
CANONICAL__N2_06,NORMALIZED,baseline,2024,8,2.21743039,COMPLETE,POSITIVE,3
CANONICAL__N2_06,NORMALIZED,baseline,2024,5,2.087219586,COMPLETE,POSITIVE,4
CANONICAL__N2_06,NORMALIZED,baseline,2024,3,0.3796072525,COMPLETE,POSITIVE,5
CANONICAL__N2_06,NORMALIZED,baseline,2024,7,1.658324506,COMPLETE,POSITIVE,6
CANONICAL__N2_06,NORMALIZED,baseline,2024,4,1.898076977,COMPLETE,POSITIVE,7
CANONICAL__N2_06,NORMALIZED,baseline,2024,7,0.490828865,COMPLETE,POSITIVE,8
CANONICAL__N2_06,NORMALIZED,baseline,2024,3,0.8374528244,COMPLETE,POSITIVE,9
CANONICAL__N2_06,NORMALIZED,baseline,2024,4,1.86904787,COMPLETE,POSITIVE,10
CANONICAL__N2_06,NORMALIZED,baseline,2024,7,3.470807172,COMPLETE,POSITIVE,11
CANONICAL__N2_06,NORMALIZED,baseline,2024,2,0.1498902174,COMPLETE,POSITIVE,12
CANONICAL__N2_06,NORMALIZED,walk_forward,2024,3,0.008341802927,COMPLETE,POSITIVE,2
CANONICAL__N2_06,NORMALIZED,walk_forward,2024,7,0.5226413262,COMPLETE,POSITIVE,3
CANONICAL__N2_06,NORMALIZED,walk_forward,2024,3,0.3796072525,COMPLETE,POSITIVE,5
CANONICAL__N2_06,NORMALIZED,walk_forward,2024,7,1.658324506,COMPLETE,POSITIVE,6
CANONICAL__N2_06,NORMALIZED,walk_forward,2024,6,0.1757531558,COMPLETE,POSITIVE,8
CANONICAL__N2_06,NORMALIZED,walk_forward,2024,3,0.8374528244,COMPLETE,POSITIVE,9
CANONICAL__N2_06,NORMALIZED,walk_forward,2024,5,0.556329463,COMPLETE,POSITIVE,11
CANONICAL__N2_06,NORMALIZED,walk_forward,2024,2,0.1498902174,COMPLETE,POSITIVE,12
CANONICAL__N2_06,NORMALIZED,historical_true_oos,2025,2,-0.5913220154,COMPLETE,NEGATIVE,2
CANONICAL__N2_06,NORMALIZED,historical_true_oos,2025,1,-0.1052480151,COMPLETE,NEGATIVE,3
CANONICAL__N2_06,NORMALIZED,historical_true_oos,2025,6,0.8535453158,COMPLETE,POSITIVE,4
CANONICAL__N2_06,NORMALIZED,historical_true_oos,2025,1,0.8648717242,COMPLETE,POSITIVE,5
CANONICAL__N2_06,NORMALIZED,historical_true_oos,2025,6,0.2319279019,COMPLETE,POSITIVE,7
CANONICAL__N2_06,NORMALIZED,historical_true_oos,2025,1,0.4119935069,COMPLETE,POSITIVE,8
CANONICAL__N2_06,NORMALIZED,historical_true_oos,2025,12,5.766029917,COMPLETE,POSITIVE,9
CANONICAL__N2_06,NORMALIZED,historical_true_oos,2025,12,4.158951319,COMPLETE,POSITIVE,10
CANONICAL__N2_06,NORMALIZED,historical_true_oos,2025,3,-1.439034634,COMPLETE,NEGATIVE,11
CANONICAL__N2_06,NORMALIZED,historical_true_oos,2025,4,-0.5502945314,COMPLETE,NEGATIVE,12
CANONICAL__N2_06,NORMALIZED,historical_true_oos,2026,7,2.80465919,COMPLETE,POSITIVE,1
CANONICAL__N2_06,NORMALIZED,historical_true_oos,2026,2,-0.2465088756,COMPLETE,NEGATIVE,2
CANONICAL__N2_06,NORMALIZED,historical_true_oos,2026,6,1.06974078,COMPLETE,POSITIVE,3
CANONICAL__N2_06,NORMALIZED,historical_true_oos,2026,4,-0.172198046,COMPLETE,NEGATIVE,4
CANONICAL__N2_06,NORMALIZED,historical_true_oos,2026,7,-0.8679527935,COMPLETE,NEGATIVE,5
CANONICAL__N2_06,NORMALIZED,historical_true_oos,2026,8,3.115374106,COMPLETE,POSITIVE,6
CANONICAL__N2_06,NORMALIZED,historical_true_oos,2026,6,-1.628124775,COMPLETE,NEGATIVE,7
CANONICAL__N2_06,NORMALIZED,historical_true_oos,2026,8,6.079990175,COMPLETE,POSITIVE,8
CANONICAL__N2_06,NORMALIZED,historical_true_oos,2026,3,0.005377327986,COMPLETE,POSITIVE,9
CANONICAL__N2_06,FULL,baseline,2023,1,-0.435766705,COMPLETE,NEGATIVE,9
CANONICAL__N2_06,FULL,baseline,2023,1,0.05405969077,COMPLETE,POSITIVE,11
CANONICAL__N2_06,FULL,baseline,2023,4,-0.002386131223,COMPLETE,NEGATIVE,12
CANONICAL__N2_06,FULL,baseline,2024,4,0.02146220094,COMPLETE,POSITIVE,1
CANONICAL__N2_06,FULL,baseline,2024,7,-1.237227269,COMPLETE,NEGATIVE,2
CANONICAL__N2_06,FULL,baseline,2024,8,4.434860781,COMPLETE,POSITIVE,3
CANONICAL__N2_06,FULL,baseline,2024,5,4.174439172,COMPLETE,POSITIVE,4
CANONICAL__N2_06,FULL,baseline,2024,3,0.759214505,COMPLETE,POSITIVE,5
CANONICAL__N2_06,FULL,baseline,2024,7,3.316649013,COMPLETE,POSITIVE,6
CANONICAL__N2_06,FULL,baseline,2024,4,3.796153953,COMPLETE,POSITIVE,7
CANONICAL__N2_06,FULL,baseline,2024,7,0.9816577301,COMPLETE,POSITIVE,8
CANONICAL__N2_06,FULL,baseline,2024,3,1.674905649,COMPLETE,POSITIVE,9
CANONICAL__N2_06,FULL,baseline,2024,4,3.73809574,COMPLETE,POSITIVE,10
CANONICAL__N2_06,FULL,baseline,2024,7,6.941614344,COMPLETE,POSITIVE,11
CANONICAL__N2_06,FULL,baseline,2024,2,0.2997804349,COMPLETE,POSITIVE,12
CANONICAL__N2_06,FULL,walk_forward,2024,3,0.01668360585,COMPLETE,POSITIVE,2
CANONICAL__N2_06,FULL,walk_forward,2024,7,1.045282652,COMPLETE,POSITIVE,3
CANONICAL__N2_06,FULL,walk_forward,2024,3,0.759214505,COMPLETE,POSITIVE,5
CANONICAL__N2_06,FULL,walk_forward,2024,7,3.316649013,COMPLETE,POSITIVE,6
CANONICAL__N2_06,FULL,walk_forward,2024,6,0.3515063116,COMPLETE,POSITIVE,8
CANONICAL__N2_06,FULL,walk_forward,2024,3,1.674905649,COMPLETE,POSITIVE,9
CANONICAL__N2_06,FULL,walk_forward,2024,5,1.112658926,COMPLETE,POSITIVE,11
CANONICAL__N2_06,FULL,walk_forward,2024,2,0.2997804349,COMPLETE,POSITIVE,12
CANONICAL__N2_06,FULL,historical_true_oos,2025,2,-1.182644031,COMPLETE,NEGATIVE,2
CANONICAL__N2_06,FULL,historical_true_oos,2025,1,-0.2104960302,COMPLETE,NEGATIVE,3
CANONICAL__N2_06,FULL,historical_true_oos,2025,6,1.707090632,COMPLETE,POSITIVE,4
CANONICAL__N2_06,FULL,historical_true_oos,2025,1,1.729743448,COMPLETE,POSITIVE,5
CANONICAL__N2_06,FULL,historical_true_oos,2025,6,0.4638558038,COMPLETE,POSITIVE,7
CANONICAL__N2_06,FULL,historical_true_oos,2025,1,0.8239870138,COMPLETE,POSITIVE,8
CANONICAL__N2_06,FULL,historical_true_oos,2025,12,11.53205983,COMPLETE,POSITIVE,9
CANONICAL__N2_06,FULL,historical_true_oos,2025,12,8.317902637,COMPLETE,POSITIVE,10
CANONICAL__N2_06,FULL,historical_true_oos,2025,3,-2.878069267,COMPLETE,NEGATIVE,11
CANONICAL__N2_06,FULL,historical_true_oos,2025,4,-1.100589063,COMPLETE,NEGATIVE,12
CANONICAL__N2_06,FULL,historical_true_oos,2026,7,5.609318379,COMPLETE,POSITIVE,1
CANONICAL__N2_06,FULL,historical_true_oos,2026,2,-0.4930177512,COMPLETE,NEGATIVE,2
CANONICAL__N2_06,FULL,historical_true_oos,2026,6,2.139481561,COMPLETE,POSITIVE,3
CANONICAL__N2_06,FULL,historical_true_oos,2026,4,-0.344396092,COMPLETE,NEGATIVE,4
CANONICAL__N2_06,FULL,historical_true_oos,2026,7,-1.735905587,COMPLETE,NEGATIVE,5
CANONICAL__N2_06,FULL,historical_true_oos,2026,8,6.230748212,COMPLETE,POSITIVE,6
CANONICAL__N2_06,FULL,historical_true_oos,2026,6,-3.25624955,COMPLETE,NEGATIVE,7
CANONICAL__N2_06,FULL,historical_true_oos,2026,8,12.15998035,COMPLETE,POSITIVE,8
CANONICAL__N2_06,FULL,historical_true_oos,2026,3,0.01075465597,COMPLETE,POSITIVE,9
CANONICAL__N3_01,NORMALIZED,baseline,2023,4,-0.8296079276,COMPLETE,NEGATIVE,2
CANONICAL__N3_01,NORMALIZED,baseline,2023,3,-0.4767179923,COMPLETE,NEGATIVE,3
CANONICAL__N3_01,NORMALIZED,baseline,2023,6,2.679669195,COMPLETE,POSITIVE,4
CANONICAL__N3_01,NORMALIZED,baseline,2023,5,1.545550057,COMPLETE,POSITIVE,5
CANONICAL__N3_01,NORMALIZED,baseline,2023,8,1.269807618,COMPLETE,POSITIVE,6
CANONICAL__N3_01,NORMALIZED,baseline,2023,5,-0.6739610359,COMPLETE,NEGATIVE,7
CANONICAL__N3_01,NORMALIZED,baseline,2023,8,2.211743696,COMPLETE,POSITIVE,8
CANONICAL__N3_01,NORMALIZED,baseline,2023,3,-0.6438028753,COMPLETE,NEGATIVE,9
CANONICAL__N3_01,NORMALIZED,baseline,2023,6,-0.8774792433,COMPLETE,NEGATIVE,10
CANONICAL__N3_01,NORMALIZED,baseline,2023,4,0.1572687022,COMPLETE,POSITIVE,11
CANONICAL__N3_01,NORMALIZED,baseline,2023,9,0.2037312388,COMPLETE,POSITIVE,12
CANONICAL__N3_01,NORMALIZED,baseline,2024,5,0.3344088754,COMPLETE,POSITIVE,1
CANONICAL__N3_01,NORMALIZED,baseline,2024,7,-0.673660121,COMPLETE,NEGATIVE,2
CANONICAL__N3_01,NORMALIZED,baseline,2024,6,1.392645589,COMPLETE,POSITIVE,3
CANONICAL__N3_01,NORMALIZED,baseline,2024,13,1.812142249,COMPLETE,POSITIVE,4
CANONICAL__N3_01,NORMALIZED,baseline,2024,9,-0.2931254877,COMPLETE,NEGATIVE,5
CANONICAL__N3_01,NORMALIZED,baseline,2024,10,5.492531294,COMPLETE,POSITIVE,6
CANONICAL__N3_01,NORMALIZED,baseline,2024,14,-0.4937296801,COMPLETE,NEGATIVE,8
CANONICAL__N3_01,NORMALIZED,baseline,2024,8,0.6598746746,COMPLETE,POSITIVE,9
CANONICAL__N3_01,NORMALIZED,baseline,2024,7,1.508839538,COMPLETE,POSITIVE,10
CANONICAL__N3_01,NORMALIZED,baseline,2024,12,4.239932934,COMPLETE,POSITIVE,11
CANONICAL__N3_01,NORMALIZED,baseline,2024,3,-0.001152035056,COMPLETE,NEGATIVE,12
CANONICAL__N3_01,NORMALIZED,walk_forward,2024,4,-0.4402227025,COMPLETE,NEGATIVE,2
CANONICAL__N3_01,NORMALIZED,walk_forward,2024,6,1.392645589,COMPLETE,POSITIVE,3
CANONICAL__N3_01,NORMALIZED,walk_forward,2024,5,0.4398393779,COMPLETE,POSITIVE,5
CANONICAL__N3_01,NORMALIZED,walk_forward,2024,10,5.492531294,COMPLETE,POSITIVE,6
CANONICAL__N3_01,NORMALIZED,walk_forward,2024,7,-0.3563654636,COMPLETE,NEGATIVE,8
CANONICAL__N3_01,NORMALIZED,walk_forward,2024,8,0.6598746746,COMPLETE,POSITIVE,9
CANONICAL__N3_01,NORMALIZED,walk_forward,2024,9,2.938815707,COMPLETE,POSITIVE,11
CANONICAL__N3_01,NORMALIZED,walk_forward,2024,3,-0.001152035056,COMPLETE,NEGATIVE,12
CANONICAL__N3_01,NORMALIZED,historical_true_oos,2025,2,0.2618661754,COMPLETE,POSITIVE,2
CANONICAL__N3_01,NORMALIZED,historical_true_oos,2025,5,0.809633937,COMPLETE,POSITIVE,3
CANONICAL__N3_01,NORMALIZED,historical_true_oos,2025,8,-1.352147387,COMPLETE,NEGATIVE,4
CANONICAL__N3_01,NORMALIZED,historical_true_oos,2025,1,-0.05728850564,COMPLETE,NEGATIVE,5
CANONICAL__N3_01,NORMALIZED,historical_true_oos,2025,1,-0.2741131766,COMPLETE,NEGATIVE,6
CANONICAL__N3_01,NORMALIZED,historical_true_oos,2025,10,1.759228321,COMPLETE,POSITIVE,7
CANONICAL__N3_01,NORMALIZED,historical_true_oos,2025,1,-0.2449947684,COMPLETE,NEGATIVE,8
CANONICAL__N3_01,NORMALIZED,historical_true_oos,2025,9,10.11762046,COMPLETE,POSITIVE,9
CANONICAL__N3_01,NORMALIZED,historical_true_oos,2025,16,2.490396897,COMPLETE,POSITIVE,10
CANONICAL__N3_01,NORMALIZED,historical_true_oos,2025,7,-1.355829843,COMPLETE,NEGATIVE,11
CANONICAL__N3_01,NORMALIZED,historical_true_oos,2025,12,-1.313607497,COMPLETE,NEGATIVE,12
CANONICAL__N3_01,NORMALIZED,historical_true_oos,2026,8,1.945541144,COMPLETE,POSITIVE,1
CANONICAL__N3_01,NORMALIZED,historical_true_oos,2026,3,-0.6578403733,COMPLETE,NEGATIVE,2
CANONICAL__N3_01,NORMALIZED,historical_true_oos,2026,12,4.385776627,COMPLETE,POSITIVE,3
CANONICAL__N3_01,NORMALIZED,historical_true_oos,2026,3,0.3963673301,COMPLETE,POSITIVE,4
CANONICAL__N3_01,NORMALIZED,historical_true_oos,2026,7,0.9925299698,COMPLETE,POSITIVE,5
CANONICAL__N3_01,NORMALIZED,historical_true_oos,2026,11,2.575235222,COMPLETE,POSITIVE,6
CANONICAL__N3_01,NORMALIZED,historical_true_oos,2026,3,-0.5375982858,COMPLETE,NEGATIVE,7
CANONICAL__N3_01,NORMALIZED,historical_true_oos,2026,17,8.412303394,COMPLETE,POSITIVE,8
CANONICAL__N3_01,NORMALIZED,historical_true_oos,2026,5,-0.8819743103,COMPLETE,NEGATIVE,9
CANONICAL__N3_01,FULL,baseline,2023,4,-2.488823783,COMPLETE,NEGATIVE,2
CANONICAL__N3_01,FULL,baseline,2023,3,-1.430153977,COMPLETE,NEGATIVE,3
CANONICAL__N3_01,FULL,baseline,2023,6,8.039007585,COMPLETE,POSITIVE,4
CANONICAL__N3_01,FULL,baseline,2023,5,4.636650171,COMPLETE,POSITIVE,5
CANONICAL__N3_01,FULL,baseline,2023,8,3.809422854,COMPLETE,POSITIVE,6
CANONICAL__N3_01,FULL,baseline,2023,5,-2.021883108,COMPLETE,NEGATIVE,7
CANONICAL__N3_01,FULL,baseline,2023,8,6.635231087,COMPLETE,POSITIVE,8
CANONICAL__N3_01,FULL,baseline,2023,3,-1.931408626,COMPLETE,NEGATIVE,9
CANONICAL__N3_01,FULL,baseline,2023,6,-2.63243773,COMPLETE,NEGATIVE,10
CANONICAL__N3_01,FULL,baseline,2023,4,0.4718061067,COMPLETE,POSITIVE,11
CANONICAL__N3_01,FULL,baseline,2023,9,0.6111937163,COMPLETE,POSITIVE,12
CANONICAL__N3_01,FULL,baseline,2024,5,1.003226626,COMPLETE,POSITIVE,1
CANONICAL__N3_01,FULL,baseline,2024,7,-2.020980363,COMPLETE,NEGATIVE,2
CANONICAL__N3_01,FULL,baseline,2024,6,4.177936768,COMPLETE,POSITIVE,3
CANONICAL__N3_01,FULL,baseline,2024,13,5.436426747,COMPLETE,POSITIVE,4
CANONICAL__N3_01,FULL,baseline,2024,9,-0.879376463,COMPLETE,NEGATIVE,5
CANONICAL__N3_01,FULL,baseline,2024,10,16.47759388,COMPLETE,POSITIVE,6
CANONICAL__N3_01,FULL,baseline,2024,14,-1.48118904,COMPLETE,NEGATIVE,8
CANONICAL__N3_01,FULL,baseline,2024,8,1.979624024,COMPLETE,POSITIVE,9
CANONICAL__N3_01,FULL,baseline,2024,7,4.526518614,COMPLETE,POSITIVE,10
CANONICAL__N3_01,FULL,baseline,2024,12,12.7197988,COMPLETE,POSITIVE,11
CANONICAL__N3_01,FULL,baseline,2024,3,-0.003456105168,COMPLETE,NEGATIVE,12
CANONICAL__N3_01,FULL,walk_forward,2024,4,-1.320668107,COMPLETE,NEGATIVE,2
CANONICAL__N3_01,FULL,walk_forward,2024,6,4.177936768,COMPLETE,POSITIVE,3
CANONICAL__N3_01,FULL,walk_forward,2024,5,1.319518134,COMPLETE,POSITIVE,5
CANONICAL__N3_01,FULL,walk_forward,2024,10,16.47759388,COMPLETE,POSITIVE,6
CANONICAL__N3_01,FULL,walk_forward,2024,7,-1.069096391,COMPLETE,NEGATIVE,8
CANONICAL__N3_01,FULL,walk_forward,2024,8,1.979624024,COMPLETE,POSITIVE,9
CANONICAL__N3_01,FULL,walk_forward,2024,9,8.816447121,COMPLETE,POSITIVE,11
CANONICAL__N3_01,FULL,walk_forward,2024,3,-0.003456105168,COMPLETE,NEGATIVE,12
CANONICAL__N3_01,FULL,historical_true_oos,2025,2,0.7855985262,COMPLETE,POSITIVE,2
CANONICAL__N3_01,FULL,historical_true_oos,2025,5,2.428901811,COMPLETE,POSITIVE,3
CANONICAL__N3_01,FULL,historical_true_oos,2025,8,-4.056442161,COMPLETE,NEGATIVE,4
CANONICAL__N3_01,FULL,historical_true_oos,2025,1,-0.1718655169,COMPLETE,NEGATIVE,5
CANONICAL__N3_01,FULL,historical_true_oos,2025,1,-0.8223395297,COMPLETE,NEGATIVE,6
CANONICAL__N3_01,FULL,historical_true_oos,2025,10,5.277684963,COMPLETE,POSITIVE,7
CANONICAL__N3_01,FULL,historical_true_oos,2025,1,-0.7349843052,COMPLETE,NEGATIVE,8
CANONICAL__N3_01,FULL,historical_true_oos,2025,9,30.35286137,COMPLETE,POSITIVE,9
CANONICAL__N3_01,FULL,historical_true_oos,2025,16,7.471190692,COMPLETE,POSITIVE,10
CANONICAL__N3_01,FULL,historical_true_oos,2025,7,-4.067489529,COMPLETE,NEGATIVE,11
CANONICAL__N3_01,FULL,historical_true_oos,2025,12,-3.940822492,COMPLETE,NEGATIVE,12
CANONICAL__N3_01,FULL,historical_true_oos,2026,8,5.836623432,COMPLETE,POSITIVE,1
CANONICAL__N3_01,FULL,historical_true_oos,2026,3,-1.97352112,COMPLETE,NEGATIVE,2
CANONICAL__N3_01,FULL,historical_true_oos,2026,12,13.15732988,COMPLETE,POSITIVE,3
CANONICAL__N3_01,FULL,historical_true_oos,2026,3,1.18910199,COMPLETE,POSITIVE,4
CANONICAL__N3_01,FULL,historical_true_oos,2026,7,2.977589909,COMPLETE,POSITIVE,5
CANONICAL__N3_01,FULL,historical_true_oos,2026,11,7.725705666,COMPLETE,POSITIVE,6
CANONICAL__N3_01,FULL,historical_true_oos,2026,3,-1.612794857,COMPLETE,NEGATIVE,7
CANONICAL__N3_01,FULL,historical_true_oos,2026,17,25.23691018,COMPLETE,POSITIVE,8
CANONICAL__N3_01,FULL,historical_true_oos,2026,5,-2.645922931,COMPLETE,NEGATIVE,9
CANONICAL__N3_02,NORMALIZED,baseline,2023,4,-0.8296079276,COMPLETE,NEGATIVE,2
CANONICAL__N3_02,NORMALIZED,baseline,2023,3,-0.4767179923,COMPLETE,NEGATIVE,3
CANONICAL__N3_02,NORMALIZED,baseline,2023,6,2.679669195,COMPLETE,POSITIVE,4
CANONICAL__N3_02,NORMALIZED,baseline,2023,5,1.545550057,COMPLETE,POSITIVE,5
CANONICAL__N3_02,NORMALIZED,baseline,2023,8,1.269807618,COMPLETE,POSITIVE,6
CANONICAL__N3_02,NORMALIZED,baseline,2023,5,-0.6739610359,COMPLETE,NEGATIVE,7
CANONICAL__N3_02,NORMALIZED,baseline,2023,8,2.211743696,COMPLETE,POSITIVE,8
CANONICAL__N3_02,NORMALIZED,baseline,2023,2,-0.4985473069,COMPLETE,NEGATIVE,9
CANONICAL__N3_02,NORMALIZED,baseline,2023,6,-0.8774792433,COMPLETE,NEGATIVE,10
CANONICAL__N3_02,NORMALIZED,baseline,2023,3,0.1392488053,COMPLETE,POSITIVE,11
CANONICAL__N3_02,NORMALIZED,baseline,2023,5,0.2045266159,COMPLETE,POSITIVE,12
CANONICAL__N3_02,NORMALIZED,baseline,2024,5,0.7313753561,COMPLETE,POSITIVE,1
CANONICAL__N3_02,NORMALIZED,baseline,2024,6,0.003808887606,COMPLETE,POSITIVE,2
CANONICAL__N3_02,NORMALIZED,baseline,2024,4,0.8406203547,COMPLETE,POSITIVE,3
CANONICAL__N3_02,NORMALIZED,baseline,2024,10,0.3346601344,COMPLETE,POSITIVE,4
CANONICAL__N3_02,NORMALIZED,baseline,2024,10,-0.02852205444,COMPLETE,NEGATIVE,5
CANONICAL__N3_02,NORMALIZED,baseline,2024,9,7.365504136,COMPLETE,POSITIVE,6
CANONICAL__N3_02,NORMALIZED,baseline,2024,4,1.265384651,COMPLETE,POSITIVE,7
CANONICAL__N3_02,NORMALIZED,baseline,2024,11,0.03554719223,COMPLETE,POSITIVE,8
CANONICAL__N3_02,NORMALIZED,baseline,2024,7,1.796560837,COMPLETE,POSITIVE,9
CANONICAL__N3_02,NORMALIZED,baseline,2024,5,1.059794541,COMPLETE,POSITIVE,10
CANONICAL__N3_02,NORMALIZED,baseline,2024,11,3.130875119,COMPLETE,POSITIVE,11
CANONICAL__N3_02,NORMALIZED,baseline,2024,3,-0.1408423736,COMPLETE,NEGATIVE,12
CANONICAL__N3_02,NORMALIZED,walk_forward,2024,3,-0.6168883865,COMPLETE,NEGATIVE,2
CANONICAL__N3_02,NORMALIZED,walk_forward,2024,3,-0.2892390215,COMPLETE,NEGATIVE,3
CANONICAL__N3_02,NORMALIZED,walk_forward,2024,6,0.7044428111,COMPLETE,POSITIVE,5
CANONICAL__N3_02,NORMALIZED,walk_forward,2024,9,7.365504136,COMPLETE,POSITIVE,6
CANONICAL__N3_02,NORMALIZED,walk_forward,2024,5,0.3829618816,COMPLETE,POSITIVE,8
CANONICAL__N3_02,NORMALIZED,walk_forward,2024,7,1.796560837,COMPLETE,POSITIVE,9
CANONICAL__N3_02,NORMALIZED,walk_forward,2024,8,3.632550825,COMPLETE,POSITIVE,11
CANONICAL__N3_02,NORMALIZED,walk_forward,2024,3,-0.1408423736,COMPLETE,NEGATIVE,12
CANONICAL__N3_02,NORMALIZED,historical_true_oos,2025,2,0.1453572977,COMPLETE,POSITIVE,2
CANONICAL__N3_02,NORMALIZED,historical_true_oos,2025,6,0.7394685936,COMPLETE,POSITIVE,3
CANONICAL__N3_02,NORMALIZED,historical_true_oos,2025,10,-0.8789322588,COMPLETE,NEGATIVE,4
CANONICAL__N3_02,NORMALIZED,historical_true_oos,2025,2,0.5192926438,COMPLETE,POSITIVE,5
CANONICAL__N3_02,NORMALIZED,historical_true_oos,2025,1,-0.2741131766,COMPLETE,NEGATIVE,6
CANONICAL__N3_02,NORMALIZED,historical_true_oos,2025,12,2.919576473,COMPLETE,POSITIVE,7
CANONICAL__N3_02,NORMALIZED,historical_true_oos,2025,2,0.0296675695,COMPLETE,POSITIVE,8
CANONICAL__N3_02,NORMALIZED,historical_true_oos,2025,11,4.394453881,COMPLETE,POSITIVE,9
CANONICAL__N3_02,NORMALIZED,historical_true_oos,2025,16,1.295406801,COMPLETE,POSITIVE,10
CANONICAL__N3_02,NORMALIZED,historical_true_oos,2025,6,-0.9963422209,COMPLETE,NEGATIVE,11
CANONICAL__N3_02,NORMALIZED,historical_true_oos,2025,12,-0.9039199995,COMPLETE,NEGATIVE,12
CANONICAL__N3_02,NORMALIZED,historical_true_oos,2026,7,0.26385713,COMPLETE,POSITIVE,1
CANONICAL__N3_02,NORMALIZED,historical_true_oos,2026,3,-0.6647065547,COMPLETE,NEGATIVE,2
CANONICAL__N3_02,NORMALIZED,historical_true_oos,2026,12,4.46086317,COMPLETE,POSITIVE,3
CANONICAL__N3_02,NORMALIZED,historical_true_oos,2026,7,0.2815686327,COMPLETE,POSITIVE,4
CANONICAL__N3_02,NORMALIZED,historical_true_oos,2026,8,-0.1606676048,COMPLETE,NEGATIVE,5
CANONICAL__N3_02,NORMALIZED,historical_true_oos,2026,13,2.964914202,COMPLETE,POSITIVE,6
CANONICAL__N3_02,NORMALIZED,historical_true_oos,2026,7,-1.090004452,COMPLETE,NEGATIVE,7
CANONICAL__N3_02,NORMALIZED,historical_true_oos,2026,15,4.784930657,COMPLETE,POSITIVE,8
CANONICAL__N3_02,NORMALIZED,historical_true_oos,2026,6,-1.318680334,COMPLETE,NEGATIVE,9
CANONICAL__N3_02,FULL,baseline,2023,4,-2.488823783,COMPLETE,NEGATIVE,2
CANONICAL__N3_02,FULL,baseline,2023,3,-1.430153977,COMPLETE,NEGATIVE,3
CANONICAL__N3_02,FULL,baseline,2023,6,8.039007585,COMPLETE,POSITIVE,4
CANONICAL__N3_02,FULL,baseline,2023,5,4.636650171,COMPLETE,POSITIVE,5
CANONICAL__N3_02,FULL,baseline,2023,8,3.809422854,COMPLETE,POSITIVE,6
CANONICAL__N3_02,FULL,baseline,2023,5,-2.021883108,COMPLETE,NEGATIVE,7
CANONICAL__N3_02,FULL,baseline,2023,8,6.635231087,COMPLETE,POSITIVE,8
CANONICAL__N3_02,FULL,baseline,2023,2,-1.495641921,COMPLETE,NEGATIVE,9
CANONICAL__N3_02,FULL,baseline,2023,6,-2.63243773,COMPLETE,NEGATIVE,10
CANONICAL__N3_02,FULL,baseline,2023,3,0.417746416,COMPLETE,POSITIVE,11
CANONICAL__N3_02,FULL,baseline,2023,5,0.6135798476,COMPLETE,POSITIVE,12
CANONICAL__N3_02,FULL,baseline,2024,5,2.194126068,COMPLETE,POSITIVE,1
CANONICAL__N3_02,FULL,baseline,2024,6,0.01142666282,COMPLETE,POSITIVE,2
CANONICAL__N3_02,FULL,baseline,2024,4,2.521861064,COMPLETE,POSITIVE,3
CANONICAL__N3_02,FULL,baseline,2024,10,1.003980403,COMPLETE,POSITIVE,4
CANONICAL__N3_02,FULL,baseline,2024,10,-0.08556616332,COMPLETE,NEGATIVE,5
CANONICAL__N3_02,FULL,baseline,2024,9,22.09651241,COMPLETE,POSITIVE,6
CANONICAL__N3_02,FULL,baseline,2024,4,3.796153953,COMPLETE,POSITIVE,7
CANONICAL__N3_02,FULL,baseline,2024,11,0.1066415767,COMPLETE,POSITIVE,8
CANONICAL__N3_02,FULL,baseline,2024,7,5.389682512,COMPLETE,POSITIVE,9
CANONICAL__N3_02,FULL,baseline,2024,5,3.179383624,COMPLETE,POSITIVE,10
CANONICAL__N3_02,FULL,baseline,2024,11,9.392625356,COMPLETE,POSITIVE,11
CANONICAL__N3_02,FULL,baseline,2024,3,-0.4225271207,COMPLETE,NEGATIVE,12
CANONICAL__N3_02,FULL,walk_forward,2024,3,-1.850665159,COMPLETE,NEGATIVE,2
CANONICAL__N3_02,FULL,walk_forward,2024,3,-0.8677170645,COMPLETE,NEGATIVE,3
CANONICAL__N3_02,FULL,walk_forward,2024,6,2.113328433,COMPLETE,POSITIVE,5
CANONICAL__N3_02,FULL,walk_forward,2024,9,22.09651241,COMPLETE,POSITIVE,6
CANONICAL__N3_02,FULL,walk_forward,2024,5,1.148885645,COMPLETE,POSITIVE,8
CANONICAL__N3_02,FULL,walk_forward,2024,7,5.389682512,COMPLETE,POSITIVE,9
CANONICAL__N3_02,FULL,walk_forward,2024,8,10.89765248,COMPLETE,POSITIVE,11
CANONICAL__N3_02,FULL,walk_forward,2024,3,-0.4225271207,COMPLETE,NEGATIVE,12
CANONICAL__N3_02,FULL,historical_true_oos,2025,2,0.4360718932,COMPLETE,POSITIVE,2
CANONICAL__N3_02,FULL,historical_true_oos,2025,6,2.218405781,COMPLETE,POSITIVE,3
CANONICAL__N3_02,FULL,historical_true_oos,2025,10,-2.636796776,COMPLETE,NEGATIVE,4
CANONICAL__N3_02,FULL,historical_true_oos,2025,2,1.557877931,COMPLETE,POSITIVE,5
CANONICAL__N3_02,FULL,historical_true_oos,2025,1,-0.8223395297,COMPLETE,NEGATIVE,6
CANONICAL__N3_02,FULL,historical_true_oos,2025,12,8.75872942,COMPLETE,POSITIVE,7
CANONICAL__N3_02,FULL,historical_true_oos,2025,2,0.08900270851,COMPLETE,POSITIVE,8
CANONICAL__N3_02,FULL,historical_true_oos,2025,11,13.18336164,COMPLETE,POSITIVE,9
CANONICAL__N3_02,FULL,historical_true_oos,2025,16,3.886220404,COMPLETE,POSITIVE,10
CANONICAL__N3_02,FULL,historical_true_oos,2025,6,-2.989026663,COMPLETE,NEGATIVE,11
CANONICAL__N3_02,FULL,historical_true_oos,2025,12,-2.711759998,COMPLETE,NEGATIVE,12
CANONICAL__N3_02,FULL,historical_true_oos,2026,7,0.7915713899,COMPLETE,POSITIVE,1
CANONICAL__N3_02,FULL,historical_true_oos,2026,3,-1.994119664,COMPLETE,NEGATIVE,2
CANONICAL__N3_02,FULL,historical_true_oos,2026,12,13.38258951,COMPLETE,POSITIVE,3
CANONICAL__N3_02,FULL,historical_true_oos,2026,7,0.8447058982,COMPLETE,POSITIVE,4
CANONICAL__N3_02,FULL,historical_true_oos,2026,8,-0.4820028144,COMPLETE,NEGATIVE,5
CANONICAL__N3_02,FULL,historical_true_oos,2026,13,8.894742606,COMPLETE,POSITIVE,6
CANONICAL__N3_02,FULL,historical_true_oos,2026,7,-3.270013355,COMPLETE,NEGATIVE,7
CANONICAL__N3_02,FULL,historical_true_oos,2026,15,14.35479197,COMPLETE,POSITIVE,8
CANONICAL__N3_02,FULL,historical_true_oos,2026,6,-3.956041002,COMPLETE,NEGATIVE,9
CANONICAL__N3_03,NORMALIZED,baseline,2023,3,-0.6316030148,COMPLETE,NEGATIVE,2
CANONICAL__N3_03,NORMALIZED,baseline,2023,1,-0.3345378148,COMPLETE,NEGATIVE,3
CANONICAL__N3_03,NORMALIZED,baseline,2023,3,1.438274686,COMPLETE,POSITIVE,4
CANONICAL__N3_03,NORMALIZED,baseline,2023,3,0.733085333,COMPLETE,POSITIVE,5
CANONICAL__N3_03,NORMALIZED,baseline,2023,5,0.7251615471,COMPLETE,POSITIVE,6
CANONICAL__N3_03,NORMALIZED,baseline,2023,2,0.1826199168,COMPLETE,POSITIVE,7
CANONICAL__N3_03,NORMALIZED,baseline,2023,5,1.783523158,COMPLETE,POSITIVE,8
CANONICAL__N3_03,NORMALIZED,baseline,2023,2,-0.388955805,COMPLETE,NEGATIVE,9
CANONICAL__N3_03,NORMALIZED,baseline,2023,4,-0.5439083432,COMPLETE,NEGATIVE,10
CANONICAL__N3_03,NORMALIZED,baseline,2023,3,0.4991849341,COMPLETE,POSITIVE,11
CANONICAL__N3_03,NORMALIZED,baseline,2023,6,0.7919984276,COMPLETE,POSITIVE,12
CANONICAL__N3_03,NORMALIZED,baseline,2024,6,-0.2582574266,COMPLETE,NEGATIVE,1
CANONICAL__N3_03,NORMALIZED,baseline,2024,8,-0.6854734347,COMPLETE,NEGATIVE,2
CANONICAL__N3_03,NORMALIZED,baseline,2024,9,1.855776435,COMPLETE,POSITIVE,3
CANONICAL__N3_03,NORMALIZED,baseline,2024,10,1.00843346,COMPLETE,POSITIVE,4
CANONICAL__N3_03,NORMALIZED,baseline,2024,7,-0.2034309767,COMPLETE,NEGATIVE,5
CANONICAL__N3_03,NORMALIZED,baseline,2024,10,2.930297491,COMPLETE,POSITIVE,6
CANONICAL__N3_03,NORMALIZED,baseline,2024,4,1.265384651,COMPLETE,POSITIVE,7
CANONICAL__N3_03,NORMALIZED,baseline,2024,14,0.318695178,COMPLETE,POSITIVE,8
CANONICAL__N3_03,NORMALIZED,baseline,2024,5,0.9084748816,COMPLETE,POSITIVE,9
CANONICAL__N3_03,NORMALIZED,baseline,2024,6,1.95626014,COMPLETE,POSITIVE,10
CANONICAL__N3_03,NORMALIZED,baseline,2024,11,3.397497961,COMPLETE,POSITIVE,11
CANONICAL__N3_03,NORMALIZED,baseline,2024,3,0.2272153767,COMPLETE,POSITIVE,12
CANONICAL__N3_03,NORMALIZED,walk_forward,2024,4,-0.2675031433,COMPLETE,NEGATIVE,2
CANONICAL__N3_03,NORMALIZED,walk_forward,2024,8,0.7259170593,COMPLETE,POSITIVE,3
CANONICAL__N3_03,NORMALIZED,walk_forward,2024,5,-0.0310776885,COMPLETE,NEGATIVE,5
CANONICAL__N3_03,NORMALIZED,walk_forward,2024,10,2.930297491,COMPLETE,POSITIVE,6
CANONICAL__N3_03,NORMALIZED,walk_forward,2024,8,0.3681085044,COMPLETE,POSITIVE,8
CANONICAL__N3_03,NORMALIZED,walk_forward,2024,5,0.9084748816,COMPLETE,POSITIVE,9
CANONICAL__N3_03,NORMALIZED,walk_forward,2024,7,2.026284631,COMPLETE,POSITIVE,11
CANONICAL__N3_03,NORMALIZED,walk_forward,2024,3,0.2272153767,COMPLETE,POSITIVE,12
CANONICAL__N3_03,NORMALIZED,historical_true_oos,2025,2,-0.3942146769,COMPLETE,NEGATIVE,2
CANONICAL__N3_03,NORMALIZED,historical_true_oos,2025,4,0.1528660163,COMPLETE,POSITIVE,3
CANONICAL__N3_03,NORMALIZED,historical_true_oos,2025,9,-0.1384510545,COMPLETE,NEGATIVE,4
CANONICAL__N3_03,NORMALIZED,historical_true_oos,2025,2,0.5192926438,COMPLETE,POSITIVE,5
CANONICAL__N3_03,NORMALIZED,historical_true_oos,2025,10,0.8559737954,COMPLETE,POSITIVE,7
CANONICAL__N3_03,NORMALIZED,historical_true_oos,2025,1,0.2746623379,COMPLETE,POSITIVE,8
CANONICAL__N3_03,NORMALIZED,historical_true_oos,2025,14,6.569734201,COMPLETE,POSITIVE,9
CANONICAL__N3_03,NORMALIZED,historical_true_oos,2025,16,3.400309669,COMPLETE,POSITIVE,10
CANONICAL__N3_03,NORMALIZED,historical_true_oos,2025,6,-1.475300227,COMPLETE,NEGATIVE,11
CANONICAL__N3_03,NORMALIZED,historical_true_oos,2025,9,-0.987304306,COMPLETE,NEGATIVE,12
CANONICAL__N3_03,NORMALIZED,historical_true_oos,2026,9,1.753854586,COMPLETE,POSITIVE,1
CANONICAL__N3_03,NORMALIZED,historical_true_oos,2026,3,-0.4017507325,COMPLETE,NEGATIVE,2
CANONICAL__N3_03,NORMALIZED,historical_true_oos,2026,10,3.333258138,COMPLETE,POSITIVE,3
CANONICAL__N3_03,NORMALIZED,historical_true_oos,2026,6,-0.001648497225,COMPLETE,NEGATIVE,4
CANONICAL__N3_03,NORMALIZED,historical_true_oos,2026,9,-0.2703061828,COMPLETE,NEGATIVE,5
CANONICAL__N3_03,NORMALIZED,historical_true_oos,2026,12,2.815862114,COMPLETE,POSITIVE,6
CANONICAL__N3_03,NORMALIZED,historical_true_oos,2026,7,-1.22735389,COMPLETE,NEGATIVE,7
CANONICAL__N3_03,NORMALIZED,historical_true_oos,2026,14,6.707929409,COMPLETE,POSITIVE,8
CANONICAL__N3_03,NORMALIZED,historical_true_oos,2026,5,-0.4971337102,COMPLETE,NEGATIVE,9
CANONICAL__N3_03,FULL,baseline,2023,3,-1.894809044,COMPLETE,NEGATIVE,2
CANONICAL__N3_03,FULL,baseline,2023,1,-1.003613444,COMPLETE,NEGATIVE,3
CANONICAL__N3_03,FULL,baseline,2023,3,4.314824057,COMPLETE,POSITIVE,4
CANONICAL__N3_03,FULL,baseline,2023,3,2.199255999,COMPLETE,POSITIVE,5
CANONICAL__N3_03,FULL,baseline,2023,5,2.175484641,COMPLETE,POSITIVE,6
CANONICAL__N3_03,FULL,baseline,2023,2,0.5478597503,COMPLETE,POSITIVE,7
CANONICAL__N3_03,FULL,baseline,2023,5,5.350569474,COMPLETE,POSITIVE,8
CANONICAL__N3_03,FULL,baseline,2023,2,-1.166867415,COMPLETE,NEGATIVE,9
CANONICAL__N3_03,FULL,baseline,2023,4,-1.63172503,COMPLETE,NEGATIVE,10
CANONICAL__N3_03,FULL,baseline,2023,3,1.497554802,COMPLETE,POSITIVE,11
CANONICAL__N3_03,FULL,baseline,2023,6,2.375995283,COMPLETE,POSITIVE,12
CANONICAL__N3_03,FULL,baseline,2024,6,-0.7747722798,COMPLETE,NEGATIVE,1
CANONICAL__N3_03,FULL,baseline,2024,8,-2.056420304,COMPLETE,NEGATIVE,2
CANONICAL__N3_03,FULL,baseline,2024,9,5.567329306,COMPLETE,POSITIVE,3
CANONICAL__N3_03,FULL,baseline,2024,10,3.02530038,COMPLETE,POSITIVE,4
CANONICAL__N3_03,FULL,baseline,2024,7,-0.6102929301,COMPLETE,NEGATIVE,5
CANONICAL__N3_03,FULL,baseline,2024,10,8.790892473,COMPLETE,POSITIVE,6
CANONICAL__N3_03,FULL,baseline,2024,4,3.796153953,COMPLETE,POSITIVE,7
CANONICAL__N3_03,FULL,baseline,2024,14,0.956085534,COMPLETE,POSITIVE,8
CANONICAL__N3_03,FULL,baseline,2024,5,2.725424645,COMPLETE,POSITIVE,9
CANONICAL__N3_03,FULL,baseline,2024,6,5.868780419,COMPLETE,POSITIVE,10
CANONICAL__N3_03,FULL,baseline,2024,11,10.19249388,COMPLETE,POSITIVE,11
CANONICAL__N3_03,FULL,baseline,2024,3,0.6816461302,COMPLETE,POSITIVE,12
CANONICAL__N3_03,FULL,walk_forward,2024,4,-0.8025094298,COMPLETE,NEGATIVE,2
CANONICAL__N3_03,FULL,walk_forward,2024,8,2.177751178,COMPLETE,POSITIVE,3
CANONICAL__N3_03,FULL,walk_forward,2024,5,-0.09323306549,COMPLETE,NEGATIVE,5
CANONICAL__N3_03,FULL,walk_forward,2024,10,8.790892473,COMPLETE,POSITIVE,6
CANONICAL__N3_03,FULL,walk_forward,2024,8,1.104325513,COMPLETE,POSITIVE,8
CANONICAL__N3_03,FULL,walk_forward,2024,5,2.725424645,COMPLETE,POSITIVE,9
CANONICAL__N3_03,FULL,walk_forward,2024,7,6.078853894,COMPLETE,POSITIVE,11
CANONICAL__N3_03,FULL,walk_forward,2024,3,0.6816461302,COMPLETE,POSITIVE,12
CANONICAL__N3_03,FULL,historical_true_oos,2025,2,-1.182644031,COMPLETE,NEGATIVE,2
CANONICAL__N3_03,FULL,historical_true_oos,2025,4,0.4585980488,COMPLETE,POSITIVE,3
CANONICAL__N3_03,FULL,historical_true_oos,2025,9,-0.4153531635,COMPLETE,NEGATIVE,4
CANONICAL__N3_03,FULL,historical_true_oos,2025,2,1.557877931,COMPLETE,POSITIVE,5
CANONICAL__N3_03,FULL,historical_true_oos,2025,10,2.567921386,COMPLETE,POSITIVE,7
CANONICAL__N3_03,FULL,historical_true_oos,2025,1,0.8239870138,COMPLETE,POSITIVE,8
CANONICAL__N3_03,FULL,historical_true_oos,2025,14,19.7092026,COMPLETE,POSITIVE,9
CANONICAL__N3_03,FULL,historical_true_oos,2025,16,10.20092901,COMPLETE,POSITIVE,10
CANONICAL__N3_03,FULL,historical_true_oos,2025,6,-4.425900681,COMPLETE,NEGATIVE,11
CANONICAL__N3_03,FULL,historical_true_oos,2025,9,-2.961912918,COMPLETE,NEGATIVE,12
CANONICAL__N3_03,FULL,historical_true_oos,2026,9,5.261563757,COMPLETE,POSITIVE,1
CANONICAL__N3_03,FULL,historical_true_oos,2026,3,-1.205252198,COMPLETE,NEGATIVE,2
CANONICAL__N3_03,FULL,historical_true_oos,2026,10,9.999774413,COMPLETE,POSITIVE,3
CANONICAL__N3_03,FULL,historical_true_oos,2026,6,-0.004945491674,COMPLETE,NEGATIVE,4
CANONICAL__N3_03,FULL,historical_true_oos,2026,9,-0.8109185483,COMPLETE,NEGATIVE,5
CANONICAL__N3_03,FULL,historical_true_oos,2026,12,8.447586342,COMPLETE,POSITIVE,6
CANONICAL__N3_03,FULL,historical_true_oos,2026,7,-3.68206167,COMPLETE,NEGATIVE,7
CANONICAL__N3_03,FULL,historical_true_oos,2026,14,20.12378823,COMPLETE,POSITIVE,8
CANONICAL__N3_03,FULL,historical_true_oos,2026,5,-1.491401131,COMPLETE,NEGATIVE,9
CANONICAL__N3_04,NORMALIZED,baseline,2023,1,-0.1980049128,COMPLETE,NEGATIVE,2
CANONICAL__N3_04,NORMALIZED,baseline,2023,2,-0.1421801775,COMPLETE,NEGATIVE,3
CANONICAL__N3_04,NORMALIZED,baseline,2023,3,1.24139451,COMPLETE,POSITIVE,4
CANONICAL__N3_04,NORMALIZED,baseline,2023,2,0.8124647241,COMPLETE,POSITIVE,5
CANONICAL__N3_04,NORMALIZED,baseline,2023,3,0.5446460708,COMPLETE,POSITIVE,6
CANONICAL__N3_04,NORMALIZED,baseline,2023,3,-0.8565809527,COMPLETE,NEGATIVE,7
CANONICAL__N3_04,NORMALIZED,baseline,2023,3,0.4282205377,COMPLETE,POSITIVE,8
CANONICAL__N3_04,NORMALIZED,baseline,2023,2,-0.4001026387,COMPLETE,NEGATIVE,9
CANONICAL__N3_04,NORMALIZED,baseline,2023,2,-0.3335709001,COMPLETE,NEGATIVE,10
CANONICAL__N3_04,NORMALIZED,baseline,2023,2,-0.3238963349,COMPLETE,NEGATIVE,11
CANONICAL__N3_04,NORMALIZED,baseline,2023,7,-0.5890625659,COMPLETE,NEGATIVE,12
CANONICAL__N3_04,NORMALIZED,baseline,2024,5,0.8018806428,COMPLETE,POSITIVE,1
CANONICAL__N3_04,NORMALIZED,baseline,2024,9,-0.2680658162,COMPLETE,NEGATIVE,2
CANONICAL__N3_04,NORMALIZED,baseline,2024,8,1.478286927,COMPLETE,POSITIVE,3
CANONICAL__N3_04,NORMALIZED,baseline,2024,9,2.152187318,COMPLETE,POSITIVE,4
CANONICAL__N3_04,NORMALIZED,baseline,2024,7,0.4222144581,COMPLETE,POSITIVE,5
CANONICAL__N3_04,NORMALIZED,baseline,2024,10,5.157044731,COMPLETE,POSITIVE,6
CANONICAL__N3_04,NORMALIZED,baseline,2024,4,1.265384651,COMPLETE,POSITIVE,7
CANONICAL__N3_04,NORMALIZED,baseline,2024,9,-0.0569575569,COMPLETE,NEGATIVE,8
CANONICAL__N3_04,NORMALIZED,baseline,2024,7,1.157195699,COMPLETE,POSITIVE,9
CANONICAL__N3_04,NORMALIZED,baseline,2024,6,1.19710477,COMPLETE,POSITIVE,10
CANONICAL__N3_04,NORMALIZED,baseline,2024,11,3.758713237,COMPLETE,POSITIVE,11
CANONICAL__N3_04,NORMALIZED,baseline,2024,3,-0.1483223636,COMPLETE,NEGATIVE,12
CANONICAL__N3_04,NORMALIZED,walk_forward,2024,4,-0.2527105983,COMPLETE,NEGATIVE,2
CANONICAL__N3_04,NORMALIZED,walk_forward,2024,7,0.3484275508,COMPLETE,POSITIVE,3
CANONICAL__N3_04,NORMALIZED,walk_forward,2024,5,0.9828260355,COMPLETE,POSITIVE,5
CANONICAL__N3_04,NORMALIZED,walk_forward,2024,10,5.157044731,COMPLETE,POSITIVE,6
CANONICAL__N3_04,NORMALIZED,walk_forward,2024,7,-0.1790571396,COMPLETE,NEGATIVE,8
CANONICAL__N3_04,NORMALIZED,walk_forward,2024,7,1.157195699,COMPLETE,POSITIVE,9
CANONICAL__N3_04,NORMALIZED,walk_forward,2024,9,1.815728098,COMPLETE,POSITIVE,11
CANONICAL__N3_04,NORMALIZED,walk_forward,2024,3,-0.1483223636,COMPLETE,NEGATIVE,12
CANONICAL__N3_04,NORMALIZED,historical_true_oos,2025,3,0.006504398114,COMPLETE,POSITIVE,2
CANONICAL__N3_04,NORMALIZED,historical_true_oos,2025,3,0.5164372339,COMPLETE,POSITIVE,3
CANONICAL__N3_04,NORMALIZED,historical_true_oos,2025,9,-0.1235434527,COMPLETE,NEGATIVE,4
CANONICAL__N3_04,NORMALIZED,historical_true_oos,2025,1,0.5765811494,COMPLETE,POSITIVE,5
CANONICAL__N3_04,NORMALIZED,historical_true_oos,2025,1,-0.2741131766,COMPLETE,NEGATIVE,6
CANONICAL__N3_04,NORMALIZED,historical_true_oos,2025,10,1.715356504,COMPLETE,POSITIVE,7
CANONICAL__N3_04,NORMALIZED,historical_true_oos,2025,2,0.0296675695,COMPLETE,POSITIVE,8
CANONICAL__N3_04,NORMALIZED,historical_true_oos,2025,14,6.452332885,COMPLETE,POSITIVE,9
CANONICAL__N3_04,NORMALIZED,historical_true_oos,2025,18,2.651543499,COMPLETE,POSITIVE,10
CANONICAL__N3_04,NORMALIZED,historical_true_oos,2025,5,-1.139820438,COMPLETE,NEGATIVE,11
CANONICAL__N3_04,NORMALIZED,historical_true_oos,2025,9,-0.6717539739,COMPLETE,NEGATIVE,12
CANONICAL__N3_04,NORMALIZED,historical_true_oos,2026,9,2.155503741,COMPLETE,POSITIVE,1
CANONICAL__N3_04,NORMALIZED,historical_true_oos,2026,3,-0.506031607,COMPLETE,NEGATIVE,2
CANONICAL__N3_04,NORMALIZED,historical_true_oos,2026,11,2.159802541,COMPLETE,POSITIVE,3
CANONICAL__N3_04,NORMALIZED,historical_true_oos,2026,5,0.1684184326,COMPLETE,POSITIVE,4
CANONICAL__N3_04,NORMALIZED,historical_true_oos,2026,9,-0.1817154282,COMPLETE,NEGATIVE,5
CANONICAL__N3_04,NORMALIZED,historical_true_oos,2026,12,3.069586704,COMPLETE,POSITIVE,6
CANONICAL__N3_04,NORMALIZED,historical_true_oos,2026,7,-1.214572254,COMPLETE,NEGATIVE,7
CANONICAL__N3_04,NORMALIZED,historical_true_oos,2026,14,5.970677791,COMPLETE,POSITIVE,8
CANONICAL__N3_04,NORMALIZED,historical_true_oos,2026,5,-0.597816284,COMPLETE,NEGATIVE,9
CANONICAL__N3_04,FULL,baseline,2023,1,-0.5940147384,COMPLETE,NEGATIVE,2
CANONICAL__N3_04,FULL,baseline,2023,2,-0.4265405325,COMPLETE,NEGATIVE,3
CANONICAL__N3_04,FULL,baseline,2023,3,3.724183529,COMPLETE,POSITIVE,4
CANONICAL__N3_04,FULL,baseline,2023,2,2.437394172,COMPLETE,POSITIVE,5
CANONICAL__N3_04,FULL,baseline,2023,3,1.633938212,COMPLETE,POSITIVE,6
CANONICAL__N3_04,FULL,baseline,2023,3,-2.569742858,COMPLETE,NEGATIVE,7
CANONICAL__N3_04,FULL,baseline,2023,3,1.284661613,COMPLETE,POSITIVE,8
CANONICAL__N3_04,FULL,baseline,2023,2,-1.200307916,COMPLETE,NEGATIVE,9
CANONICAL__N3_04,FULL,baseline,2023,2,-1.0007127,COMPLETE,NEGATIVE,10
CANONICAL__N3_04,FULL,baseline,2023,2,-0.9716890047,COMPLETE,NEGATIVE,11
CANONICAL__N3_04,FULL,baseline,2023,7,-1.767187698,COMPLETE,NEGATIVE,12
CANONICAL__N3_04,FULL,baseline,2024,5,2.405641928,COMPLETE,POSITIVE,1
CANONICAL__N3_04,FULL,baseline,2024,9,-0.8041974486,COMPLETE,NEGATIVE,2
CANONICAL__N3_04,FULL,baseline,2024,8,4.434860781,COMPLETE,POSITIVE,3
CANONICAL__N3_04,FULL,baseline,2024,9,6.456561953,COMPLETE,POSITIVE,4
CANONICAL__N3_04,FULL,baseline,2024,7,1.266643374,COMPLETE,POSITIVE,5
CANONICAL__N3_04,FULL,baseline,2024,10,15.47113419,COMPLETE,POSITIVE,6
CANONICAL__N3_04,FULL,baseline,2024,4,3.796153953,COMPLETE,POSITIVE,7
CANONICAL__N3_04,FULL,baseline,2024,9,-0.1708726707,COMPLETE,NEGATIVE,8
CANONICAL__N3_04,FULL,baseline,2024,7,3.471587096,COMPLETE,POSITIVE,9
CANONICAL__N3_04,FULL,baseline,2024,6,3.591314309,COMPLETE,POSITIVE,10
CANONICAL__N3_04,FULL,baseline,2024,11,11.27613971,COMPLETE,POSITIVE,11
CANONICAL__N3_04,FULL,baseline,2024,3,-0.4449670908,COMPLETE,NEGATIVE,12
CANONICAL__N3_04,FULL,walk_forward,2024,4,-0.7581317948,COMPLETE,NEGATIVE,2
CANONICAL__N3_04,FULL,walk_forward,2024,7,1.045282652,COMPLETE,POSITIVE,3
CANONICAL__N3_04,FULL,walk_forward,2024,5,2.948478106,COMPLETE,POSITIVE,5
CANONICAL__N3_04,FULL,walk_forward,2024,10,15.47113419,COMPLETE,POSITIVE,6
CANONICAL__N3_04,FULL,walk_forward,2024,7,-0.5371714189,COMPLETE,NEGATIVE,8
CANONICAL__N3_04,FULL,walk_forward,2024,7,3.471587096,COMPLETE,POSITIVE,9
CANONICAL__N3_04,FULL,walk_forward,2024,9,5.447184294,COMPLETE,POSITIVE,11
CANONICAL__N3_04,FULL,walk_forward,2024,3,-0.4449670908,COMPLETE,NEGATIVE,12
CANONICAL__N3_04,FULL,historical_true_oos,2025,3,0.01951319434,COMPLETE,POSITIVE,2
CANONICAL__N3_04,FULL,historical_true_oos,2025,3,1.549311702,COMPLETE,POSITIVE,3
CANONICAL__N3_04,FULL,historical_true_oos,2025,9,-0.3706303582,COMPLETE,NEGATIVE,4
CANONICAL__N3_04,FULL,historical_true_oos,2025,1,1.729743448,COMPLETE,POSITIVE,5
CANONICAL__N3_04,FULL,historical_true_oos,2025,1,-0.8223395297,COMPLETE,NEGATIVE,6
CANONICAL__N3_04,FULL,historical_true_oos,2025,10,5.146069511,COMPLETE,POSITIVE,7
CANONICAL__N3_04,FULL,historical_true_oos,2025,2,0.08900270851,COMPLETE,POSITIVE,8
CANONICAL__N3_04,FULL,historical_true_oos,2025,14,19.35699865,COMPLETE,POSITIVE,9
CANONICAL__N3_04,FULL,historical_true_oos,2025,18,7.954630496,COMPLETE,POSITIVE,10
CANONICAL__N3_04,FULL,historical_true_oos,2025,5,-3.419461315,COMPLETE,NEGATIVE,11
CANONICAL__N3_04,FULL,historical_true_oos,2025,9,-2.015261922,COMPLETE,NEGATIVE,12
CANONICAL__N3_04,FULL,historical_true_oos,2026,9,6.466511223,COMPLETE,POSITIVE,1
CANONICAL__N3_04,FULL,historical_true_oos,2026,3,-1.518094821,COMPLETE,NEGATIVE,2
CANONICAL__N3_04,FULL,historical_true_oos,2026,11,6.479407624,COMPLETE,POSITIVE,3
CANONICAL__N3_04,FULL,historical_true_oos,2026,5,0.5052552979,COMPLETE,POSITIVE,4
CANONICAL__N3_04,FULL,historical_true_oos,2026,9,-0.5451462847,COMPLETE,NEGATIVE,5
CANONICAL__N3_04,FULL,historical_true_oos,2026,12,9.208760112,COMPLETE,POSITIVE,6
CANONICAL__N3_04,FULL,historical_true_oos,2026,7,-3.643716761,COMPLETE,NEGATIVE,7
CANONICAL__N3_04,FULL,historical_true_oos,2026,14,17.91203337,COMPLETE,POSITIVE,8
CANONICAL__N3_04,FULL,historical_true_oos,2026,5,-1.793448852,COMPLETE,NEGATIVE,9
CANONICAL__N4_01,NORMALIZED,baseline,2023,4,-0.6222059457,COMPLETE,NEGATIVE,2
CANONICAL__N4_01,NORMALIZED,baseline,2023,3,-0.3575384942,COMPLETE,NEGATIVE,3
CANONICAL__N4_01,NORMALIZED,baseline,2023,6,2.009751896,COMPLETE,POSITIVE,4
CANONICAL__N4_01,NORMALIZED,baseline,2023,5,1.159162543,COMPLETE,POSITIVE,5
CANONICAL__N4_01,NORMALIZED,baseline,2023,8,0.9523557134,COMPLETE,POSITIVE,6
CANONICAL__N4_01,NORMALIZED,baseline,2023,5,-0.505470777,COMPLETE,NEGATIVE,7
CANONICAL__N4_01,NORMALIZED,baseline,2023,8,1.658807772,COMPLETE,POSITIVE,8
CANONICAL__N4_01,NORMALIZED,baseline,2023,3,-0.4828521565,COMPLETE,NEGATIVE,9
CANONICAL__N4_01,NORMALIZED,baseline,2023,6,-0.6581094324,COMPLETE,NEGATIVE,10
CANONICAL__N4_01,NORMALIZED,baseline,2023,4,0.1179515267,COMPLETE,POSITIVE,11
CANONICAL__N4_01,NORMALIZED,baseline,2023,9,0.1527984291,COMPLETE,POSITIVE,12
CANONICAL__N4_01,NORMALIZED,baseline,2024,7,0.4023518619,COMPLETE,POSITIVE,1
CANONICAL__N4_01,NORMALIZED,baseline,2024,10,-0.4058476211,COMPLETE,NEGATIVE,2
CANONICAL__N4_01,NORMALIZED,baseline,2024,9,1.391832327,COMPLETE,POSITIVE,3
CANONICAL__N4_01,NORMALIZED,baseline,2024,14,1.32685579,COMPLETE,POSITIVE,4
CANONICAL__N4_01,NORMALIZED,baseline,2024,11,-0.02571601517,COMPLETE,NEGATIVE,5
CANONICAL__N4_01,NORMALIZED,baseline,2024,13,5.236344413,COMPLETE,POSITIVE,6
CANONICAL__N4_01,NORMALIZED,baseline,2024,4,0.9490384884,COMPLETE,POSITIVE,7
CANONICAL__N4_01,NORMALIZED,baseline,2024,16,-0.04911121669,COMPLETE,NEGATIVE,8
CANONICAL__N4_01,NORMALIZED,baseline,2024,9,1.130526523,COMPLETE,POSITIVE,9
CANONICAL__N4_01,NORMALIZED,baseline,2024,8,1.430499747,COMPLETE,POSITIVE,10
CANONICAL__N4_01,NORMALIZED,baseline,2024,15,3.631754813,COMPLETE,POSITIVE,11
CANONICAL__N4_01,NORMALIZED,baseline,2024,4,-0.01577534888,COMPLETE,NEGATIVE,12
CANONICAL__N4_01,NORMALIZED,walk_forward,2024,5,-0.3943312076,COMPLETE,NEGATIVE,2
CANONICAL__N4_01,NORMALIZED,walk_forward,2024,8,0.5444377945,COMPLETE,POSITIVE,3
CANONICAL__N4_01,NORMALIZED,walk_forward,2024,7,0.524007634,COMPLETE,POSITIVE,5
CANONICAL__N4_01,NORMALIZED,walk_forward,2024,13,5.236344413,COMPLETE,POSITIVE,6
CANONICAL__N4_01,NORMALIZED,walk_forward,2024,9,0.0539119457,COMPLETE,POSITIVE,8
CANONICAL__N4_01,NORMALIZED,walk_forward,2024,9,1.130526523,COMPLETE,POSITIVE,9
CANONICAL__N4_01,NORMALIZED,walk_forward,2024,11,2.603344815,COMPLETE,POSITIVE,11
CANONICAL__N4_01,NORMALIZED,walk_forward,2024,4,-0.01577534888,COMPLETE,NEGATIVE,12
CANONICAL__N4_01,NORMALIZED,historical_true_oos,2025,3,0.004878298585,COMPLETE,POSITIVE,2
CANONICAL__N4_01,NORMALIZED,historical_true_oos,2025,6,0.5546014452,COMPLETE,POSITIVE,3
CANONICAL__N4_01,NORMALIZED,historical_true_oos,2025,12,-0.6232685383,COMPLETE,NEGATIVE,4
CANONICAL__N4_01,NORMALIZED,historical_true_oos,2025,2,0.3894694829,COMPLETE,POSITIVE,5
CANONICAL__N4_01,NORMALIZED,historical_true_oos,2025,1,-0.2055848824,COMPLETE,NEGATIVE,6
CANONICAL__N4_01,NORMALIZED,historical_true_oos,2025,14,1.812533773,COMPLETE,POSITIVE,7
CANONICAL__N4_01,NORMALIZED,historical_true_oos,2025,2,0.02225067713,COMPLETE,POSITIVE,8
CANONICAL__N4_01,NORMALIZED,historical_true_oos,2025,16,6.883535356,COMPLETE,POSITIVE,9
CANONICAL__N4_01,NORMALIZED,historical_true_oos,2025,22,2.459414217,COMPLETE,POSITIVE,10
CANONICAL__N4_01,NORMALIZED,historical_true_oos,2025,8,-1.241823182,COMPLETE,NEGATIVE,11
CANONICAL__N4_01,NORMALIZED,historical_true_oos,2025,14,-0.9691464442,COMPLETE,NEGATIVE,12
CANONICAL__N4_01,NORMALIZED,historical_true_oos,2026,11,1.52968915,COMPLETE,POSITIVE,1
CANONICAL__N4_01,NORMALIZED,historical_true_oos,2026,4,-0.5575823169,COMPLETE,NEGATIVE,2
CANONICAL__N4_01,NORMALIZED,historical_true_oos,2026,15,3.584925119,COMPLETE,POSITIVE,3
CANONICAL__N4_01,NORMALIZED,historical_true_oos,2026,7,0.2111764746,COMPLETE,POSITIVE,4
CANONICAL__N4_01,NORMALIZED,historical_true_oos,2026,11,0.09496018849,COMPLETE,POSITIVE,5
CANONICAL__N4_01,NORMALIZED,historical_true_oos,2026,16,2.856399561,COMPLETE,POSITIVE,6
CANONICAL__N4_01,NORMALIZED,historical_true_oos,2026,8,-1.01738222,COMPLETE,NEGATIVE,7
CANONICAL__N4_01,NORMALIZED,historical_true_oos,2026,20,6.468960313,COMPLETE,POSITIVE,8
CANONICAL__N4_01,NORMALIZED,historical_true_oos,2026,7,-0.8239011597,COMPLETE,NEGATIVE,9
CANONICAL__N4_01,FULL,baseline,2023,4,-2.488823783,COMPLETE,NEGATIVE,2
CANONICAL__N4_01,FULL,baseline,2023,3,-1.430153977,COMPLETE,NEGATIVE,3
CANONICAL__N4_01,FULL,baseline,2023,6,8.039007585,COMPLETE,POSITIVE,4
CANONICAL__N4_01,FULL,baseline,2023,5,4.636650171,COMPLETE,POSITIVE,5
CANONICAL__N4_01,FULL,baseline,2023,8,3.809422854,COMPLETE,POSITIVE,6
CANONICAL__N4_01,FULL,baseline,2023,5,-2.021883108,COMPLETE,NEGATIVE,7
CANONICAL__N4_01,FULL,baseline,2023,8,6.635231087,COMPLETE,POSITIVE,8
CANONICAL__N4_01,FULL,baseline,2023,3,-1.931408626,COMPLETE,NEGATIVE,9
CANONICAL__N4_01,FULL,baseline,2023,6,-2.63243773,COMPLETE,NEGATIVE,10
CANONICAL__N4_01,FULL,baseline,2023,4,0.4718061067,COMPLETE,POSITIVE,11
CANONICAL__N4_01,FULL,baseline,2023,9,0.6111937163,COMPLETE,POSITIVE,12
CANONICAL__N4_01,FULL,baseline,2024,7,1.609407448,COMPLETE,POSITIVE,1
CANONICAL__N4_01,FULL,baseline,2024,10,-1.623390484,COMPLETE,NEGATIVE,2
CANONICAL__N4_01,FULL,baseline,2024,9,5.567329306,COMPLETE,POSITIVE,3
CANONICAL__N4_01,FULL,baseline,2024,14,5.307423161,COMPLETE,POSITIVE,4
CANONICAL__N4_01,FULL,baseline,2024,11,-0.1028640607,COMPLETE,NEGATIVE,5
CANONICAL__N4_01,FULL,baseline,2024,13,20.94537765,COMPLETE,POSITIVE,6
CANONICAL__N4_01,FULL,baseline,2024,4,3.796153953,COMPLETE,POSITIVE,7
CANONICAL__N4_01,FULL,baseline,2024,16,-0.1964448668,COMPLETE,NEGATIVE,8
CANONICAL__N4_01,FULL,baseline,2024,9,4.522106092,COMPLETE,POSITIVE,9
CANONICAL__N4_01,FULL,baseline,2024,8,5.721998989,COMPLETE,POSITIVE,10
CANONICAL__N4_01,FULL,baseline,2024,15,14.52701925,COMPLETE,POSITIVE,11
CANONICAL__N4_01,FULL,baseline,2024,4,-0.0631013955,COMPLETE,NEGATIVE,12
CANONICAL__N4_01,FULL,walk_forward,2024,5,-1.577324831,COMPLETE,NEGATIVE,2
CANONICAL__N4_01,FULL,walk_forward,2024,8,2.177751178,COMPLETE,POSITIVE,3
CANONICAL__N4_01,FULL,walk_forward,2024,7,2.096030536,COMPLETE,POSITIVE,5
CANONICAL__N4_01,FULL,walk_forward,2024,13,20.94537765,COMPLETE,POSITIVE,6
CANONICAL__N4_01,FULL,walk_forward,2024,9,0.2156477828,COMPLETE,POSITIVE,8
CANONICAL__N4_01,FULL,walk_forward,2024,9,4.522106092,COMPLETE,POSITIVE,9
CANONICAL__N4_01,FULL,walk_forward,2024,11,10.41337926,COMPLETE,POSITIVE,11
CANONICAL__N4_01,FULL,walk_forward,2024,4,-0.0631013955,COMPLETE,NEGATIVE,12
CANONICAL__N4_01,FULL,historical_true_oos,2025,3,0.01951319434,COMPLETE,POSITIVE,2
CANONICAL__N4_01,FULL,historical_true_oos,2025,6,2.218405781,COMPLETE,POSITIVE,3
CANONICAL__N4_01,FULL,historical_true_oos,2025,12,-2.493074153,COMPLETE,NEGATIVE,4
CANONICAL__N4_01,FULL,historical_true_oos,2025,2,1.557877931,COMPLETE,POSITIVE,5
CANONICAL__N4_01,FULL,historical_true_oos,2025,1,-0.8223395297,COMPLETE,NEGATIVE,6
CANONICAL__N4_01,FULL,historical_true_oos,2025,14,7.250135093,COMPLETE,POSITIVE,7
CANONICAL__N4_01,FULL,historical_true_oos,2025,2,0.08900270851,COMPLETE,POSITIVE,8
CANONICAL__N4_01,FULL,historical_true_oos,2025,16,27.53414143,COMPLETE,POSITIVE,9
CANONICAL__N4_01,FULL,historical_true_oos,2025,22,9.837656867,COMPLETE,POSITIVE,10
CANONICAL__N4_01,FULL,historical_true_oos,2025,8,-4.96729273,COMPLETE,NEGATIVE,11
CANONICAL__N4_01,FULL,historical_true_oos,2025,14,-3.876585777,COMPLETE,NEGATIVE,12
CANONICAL__N4_01,FULL,historical_true_oos,2026,11,6.118756601,COMPLETE,POSITIVE,1
CANONICAL__N4_01,FULL,historical_true_oos,2026,4,-2.230329268,COMPLETE,NEGATIVE,2
CANONICAL__N4_01,FULL,historical_true_oos,2026,15,14.33970048,COMPLETE,POSITIVE,3
CANONICAL__N4_01,FULL,historical_true_oos,2026,7,0.8447058982,COMPLETE,POSITIVE,4
CANONICAL__N4_01,FULL,historical_true_oos,2026,11,0.379840754,COMPLETE,POSITIVE,5
CANONICAL__N4_01,FULL,historical_true_oos,2026,16,11.42559824,COMPLETE,POSITIVE,6
CANONICAL__N4_01,FULL,historical_true_oos,2026,8,-4.069528881,COMPLETE,NEGATIVE,7
CANONICAL__N4_01,FULL,historical_true_oos,2026,20,25.87584125,COMPLETE,POSITIVE,8
CANONICAL__N4_01,FULL,historical_true_oos,2026,7,-3.295604639,COMPLETE,NEGATIVE,9
TRAIL1__N2_01,NORMALIZED,baseline,2023,3,-0.1576022191,COMPLETE,NEGATIVE,2
TRAIL1__N2_01,NORMALIZED,baseline,2023,3,-0.5259146605,COMPLETE,NEGATIVE,3
TRAIL1__N2_01,NORMALIZED,baseline,2023,6,3.556568123,COMPLETE,POSITIVE,4
TRAIL1__N2_01,NORMALIZED,baseline,2023,5,2.318325086,COMPLETE,POSITIVE,5
TRAIL1__N2_01,NORMALIZED,baseline,2023,7,2.198444057,COMPLETE,POSITIVE,6
TRAIL1__N2_01,NORMALIZED,baseline,2023,5,-1.318164421,COMPLETE,NEGATIVE,7
TRAIL1__N2_01,NORMALIZED,baseline,2023,7,3.484563796,COMPLETE,POSITIVE,8
TRAIL1__N2_01,NORMALIZED,baseline,2023,2,-1.007798483,COMPLETE,NEGATIVE,9
TRAIL1__N2_01,NORMALIZED,baseline,2023,6,-1.677417764,COMPLETE,NEGATIVE,10
TRAIL1__N2_01,NORMALIZED,baseline,2023,3,0.208873208,COMPLETE,POSITIVE,11
TRAIL1__N2_01,NORMALIZED,baseline,2023,4,0.1650826633,COMPLETE,POSITIVE,12
TRAIL1__N2_01,NORMALIZED,baseline,2024,4,-0.03551962876,COMPLETE,NEGATIVE,1
TRAIL1__N2_01,NORMALIZED,baseline,2024,3,-0.415272732,COMPLETE,NEGATIVE,2
TRAIL1__N2_01,NORMALIZED,baseline,2024,1,0.5662342628,COMPLETE,POSITIVE,3
TRAIL1__N2_01,NORMALIZED,baseline,2024,9,0.09593033175,COMPLETE,POSITIVE,4
TRAIL1__N2_01,NORMALIZED,baseline,2024,6,0.6900606553,COMPLETE,POSITIVE,5
TRAIL1__N2_01,NORMALIZED,baseline,2024,6,8.465416362,COMPLETE,POSITIVE,6
TRAIL1__N2_01,NORMALIZED,baseline,2024,8,0.003036792294,COMPLETE,POSITIVE,8
TRAIL1__N2_01,NORMALIZED,baseline,2024,6,1.93658815,COMPLETE,POSITIVE,9
TRAIL1__N2_01,NORMALIZED,baseline,2024,3,1.460215845,COMPLETE,POSITIVE,10
TRAIL1__N2_01,NORMALIZED,baseline,2024,7,4.598743241,COMPLETE,POSITIVE,11
TRAIL1__N2_01,NORMALIZED,baseline,2024,2,-0.3135852432,COMPLETE,NEGATIVE,12
TRAIL1__N2_01,NORMALIZED,walk_forward,2024,2,-1.019195342,COMPLETE,NEGATIVE,2
TRAIL1__N2_01,NORMALIZED,walk_forward,2024,1,0.5662342628,COMPLETE,POSITIVE,3
TRAIL1__N2_01,NORMALIZED,walk_forward,2024,3,1.483333804,COMPLETE,POSITIVE,5
TRAIL1__N2_01,NORMALIZED,walk_forward,2024,6,8.465416362,COMPLETE,POSITIVE,6
TRAIL1__N2_01,NORMALIZED,walk_forward,2024,3,0.5440613497,COMPLETE,POSITIVE,8
TRAIL1__N2_01,NORMALIZED,walk_forward,2024,6,1.93658815,COMPLETE,POSITIVE,9
TRAIL1__N2_01,NORMALIZED,walk_forward,2024,5,5.608484893,COMPLETE,POSITIVE,11
TRAIL1__N2_01,NORMALIZED,walk_forward,2024,2,-0.3135852432,COMPLETE,NEGATIVE,12
TRAIL1__N2_01,NORMALIZED,historical_true_oos,2025,1,0.6010786125,COMPLETE,POSITIVE,2
TRAIL1__N2_01,NORMALIZED,historical_true_oos,2025,4,1.815366061,COMPLETE,POSITIVE,3
TRAIL1__N2_01,NORMALIZED,historical_true_oos,2025,5,-1.381202393,COMPLETE,NEGATIVE,4
TRAIL1__N2_01,NORMALIZED,historical_true_oos,2025,1,-0.5011494782,COMPLETE,NEGATIVE,5
TRAIL1__N2_01,NORMALIZED,historical_true_oos,2025,1,0.4025500901,COMPLETE,POSITIVE,6
TRAIL1__N2_01,NORMALIZED,historical_true_oos,2025,8,2.270470181,COMPLETE,POSITIVE,7
TRAIL1__N2_01,NORMALIZED,historical_true_oos,2025,5,7.528628804,COMPLETE,POSITIVE,9
TRAIL1__N2_01,NORMALIZED,historical_true_oos,2025,9,0.8660743359,COMPLETE,POSITIVE,10
TRAIL1__N2_01,NORMALIZED,historical_true_oos,2025,3,-0.1178308307,COMPLETE,NEGATIVE,11
TRAIL1__N2_01,NORMALIZED,historical_true_oos,2025,10,-1.197402097,COMPLETE,NEGATIVE,12
TRAIL1__N2_01,NORMALIZED,historical_true_oos,2026,4,-0.5748571704,COMPLETE,NEGATIVE,1
TRAIL1__N2_01,NORMALIZED,historical_true_oos,2026,2,-1.014218959,COMPLETE,NEGATIVE,2
TRAIL1__N2_01,NORMALIZED,historical_true_oos,2026,9,5.709742847,COMPLETE,POSITIVE,3
TRAIL1__N2_01,NORMALIZED,historical_true_oos,2026,3,0.4373330134,COMPLETE,POSITIVE,4
TRAIL1__N2_01,NORMALIZED,historical_true_oos,2026,2,1.390928851,COMPLETE,POSITIVE,5
TRAIL1__N2_01,NORMALIZED,historical_true_oos,2026,9,2.080588155,COMPLETE,POSITIVE,6
TRAIL1__N2_01,NORMALIZED,historical_true_oos,2026,2,-1.008110883,COMPLETE,NEGATIVE,7
TRAIL1__N2_01,NORMALIZED,historical_true_oos,2026,12,6.212796823,COMPLETE,POSITIVE,8
TRAIL1__N2_01,NORMALIZED,historical_true_oos,2026,4,-2.025850897,COMPLETE,NEGATIVE,9
TRAIL1__N2_01,FULL,baseline,2023,3,-0.3152044383,COMPLETE,NEGATIVE,2
TRAIL1__N2_01,FULL,baseline,2023,3,-1.051829321,COMPLETE,NEGATIVE,3
TRAIL1__N2_01,FULL,baseline,2023,6,7.113136247,COMPLETE,POSITIVE,4
TRAIL1__N2_01,FULL,baseline,2023,5,4.636650171,COMPLETE,POSITIVE,5
TRAIL1__N2_01,FULL,baseline,2023,7,4.396888113,COMPLETE,POSITIVE,6
TRAIL1__N2_01,FULL,baseline,2023,5,-2.636328842,COMPLETE,NEGATIVE,7
TRAIL1__N2_01,FULL,baseline,2023,7,6.969127592,COMPLETE,POSITIVE,8
TRAIL1__N2_01,FULL,baseline,2023,2,-2.015596966,COMPLETE,NEGATIVE,9
TRAIL1__N2_01,FULL,baseline,2023,6,-3.354835528,COMPLETE,NEGATIVE,10
TRAIL1__N2_01,FULL,baseline,2023,3,0.417746416,COMPLETE,POSITIVE,11
TRAIL1__N2_01,FULL,baseline,2023,4,0.3301653265,COMPLETE,POSITIVE,12
TRAIL1__N2_01,FULL,baseline,2024,4,-0.07103925752,COMPLETE,NEGATIVE,1
TRAIL1__N2_01,FULL,baseline,2024,3,-0.830545464,COMPLETE,NEGATIVE,2
TRAIL1__N2_01,FULL,baseline,2024,1,1.132468526,COMPLETE,POSITIVE,3
TRAIL1__N2_01,FULL,baseline,2024,9,0.1918606635,COMPLETE,POSITIVE,4
TRAIL1__N2_01,FULL,baseline,2024,6,1.380121311,COMPLETE,POSITIVE,5
TRAIL1__N2_01,FULL,baseline,2024,6,16.93083272,COMPLETE,POSITIVE,6
TRAIL1__N2_01,FULL,baseline,2024,8,0.006073584588,COMPLETE,POSITIVE,8
TRAIL1__N2_01,FULL,baseline,2024,6,3.8731763,COMPLETE,POSITIVE,9
TRAIL1__N2_01,FULL,baseline,2024,3,2.920431691,COMPLETE,POSITIVE,10
TRAIL1__N2_01,FULL,baseline,2024,7,9.197486483,COMPLETE,POSITIVE,11
TRAIL1__N2_01,FULL,baseline,2024,2,-0.6271704863,COMPLETE,NEGATIVE,12
TRAIL1__N2_01,FULL,walk_forward,2024,2,-2.038390685,COMPLETE,NEGATIVE,2
TRAIL1__N2_01,FULL,walk_forward,2024,1,1.132468526,COMPLETE,POSITIVE,3
TRAIL1__N2_01,FULL,walk_forward,2024,3,2.966667609,COMPLETE,POSITIVE,5
TRAIL1__N2_01,FULL,walk_forward,2024,6,16.93083272,COMPLETE,POSITIVE,6
TRAIL1__N2_01,FULL,walk_forward,2024,3,1.088122699,COMPLETE,POSITIVE,8
TRAIL1__N2_01,FULL,walk_forward,2024,6,3.8731763,COMPLETE,POSITIVE,9
TRAIL1__N2_01,FULL,walk_forward,2024,5,11.21696979,COMPLETE,POSITIVE,11
TRAIL1__N2_01,FULL,walk_forward,2024,2,-0.6271704863,COMPLETE,NEGATIVE,12
TRAIL1__N2_01,FULL,historical_true_oos,2025,1,1.202157225,COMPLETE,POSITIVE,2
TRAIL1__N2_01,FULL,historical_true_oos,2025,4,3.630732122,COMPLETE,POSITIVE,3
TRAIL1__N2_01,FULL,historical_true_oos,2025,5,-2.762404786,COMPLETE,NEGATIVE,4
TRAIL1__N2_01,FULL,historical_true_oos,2025,1,-1.002298956,COMPLETE,NEGATIVE,5
TRAIL1__N2_01,FULL,historical_true_oos,2025,1,0.8051001802,COMPLETE,POSITIVE,6
TRAIL1__N2_01,FULL,historical_true_oos,2025,8,4.540940362,COMPLETE,POSITIVE,7
TRAIL1__N2_01,FULL,historical_true_oos,2025,5,15.05725761,COMPLETE,POSITIVE,9
TRAIL1__N2_01,FULL,historical_true_oos,2025,9,1.732148672,COMPLETE,POSITIVE,10
TRAIL1__N2_01,FULL,historical_true_oos,2025,3,-0.2356616614,COMPLETE,NEGATIVE,11
TRAIL1__N2_01,FULL,historical_true_oos,2025,10,-2.394804195,COMPLETE,NEGATIVE,12
TRAIL1__N2_01,FULL,historical_true_oos,2026,4,-1.149714341,COMPLETE,NEGATIVE,1
TRAIL1__N2_01,FULL,historical_true_oos,2026,2,-2.028437917,COMPLETE,NEGATIVE,2
TRAIL1__N2_01,FULL,historical_true_oos,2026,9,11.41948569,COMPLETE,POSITIVE,3
TRAIL1__N2_01,FULL,historical_true_oos,2026,3,0.8746660267,COMPLETE,POSITIVE,4
TRAIL1__N2_01,FULL,historical_true_oos,2026,2,2.781857701,COMPLETE,POSITIVE,5
TRAIL1__N2_01,FULL,historical_true_oos,2026,9,4.161176311,COMPLETE,POSITIVE,6
TRAIL1__N2_01,FULL,historical_true_oos,2026,2,-2.016221765,COMPLETE,NEGATIVE,7
TRAIL1__N2_01,FULL,historical_true_oos,2026,12,12.42559365,COMPLETE,POSITIVE,8
TRAIL1__N2_01,FULL,historical_true_oos,2026,4,-4.051701795,COMPLETE,NEGATIVE,9
TRAIL1__N2_02,NORMALIZED,baseline,2023,2,-0.1364948971,COMPLETE,NEGATIVE,2
TRAIL1__N2_02,NORMALIZED,baseline,2023,1,-0.5018067222,COMPLETE,NEGATIVE,3
TRAIL1__N2_02,NORMALIZED,baseline,2023,3,1.891621319,COMPLETE,POSITIVE,4
TRAIL1__N2_02,NORMALIZED,baseline,2023,3,1.099627999,COMPLETE,POSITIVE,5
TRAIL1__N2_02,NORMALIZED,baseline,2023,4,1.866634266,COMPLETE,POSITIVE,6
TRAIL1__N2_02,NORMALIZED,baseline,2023,2,0.1993698858,COMPLETE,POSITIVE,7
TRAIL1__N2_02,NORMALIZED,baseline,2023,4,2.884319274,COMPLETE,POSITIVE,8
TRAIL1__N2_02,NORMALIZED,baseline,2023,2,-1.001005934,COMPLETE,NEGATIVE,9
TRAIL1__N2_02,NORMALIZED,baseline,2023,4,-1.024183331,COMPLETE,NEGATIVE,10
TRAIL1__N2_02,NORMALIZED,baseline,2023,3,0.7487774011,COMPLETE,POSITIVE,11
TRAIL1__N2_02,NORMALIZED,baseline,2023,6,0.3810516811,COMPLETE,POSITIVE,12
TRAIL1__N2_02,NORMALIZED,baseline,2024,4,-1.592986659,COMPLETE,NEGATIVE,1
TRAIL1__N2_02,NORMALIZED,baseline,2024,5,-1.019110229,COMPLETE,NEGATIVE,2
TRAIL1__N2_02,NORMALIZED,baseline,2024,5,4.176413367,COMPLETE,POSITIVE,3
TRAIL1__N2_02,NORMALIZED,baseline,2024,9,1.10659032,COMPLETE,POSITIVE,4
TRAIL1__N2_02,NORMALIZED,baseline,2024,4,0.4164130353,COMPLETE,POSITIVE,5
TRAIL1__N2_02,NORMALIZED,baseline,2024,7,2.038614742,COMPLETE,POSITIVE,6
TRAIL1__N2_02,NORMALIZED,baseline,2024,11,0.5688539287,COMPLETE,POSITIVE,8
TRAIL1__N2_02,NORMALIZED,baseline,2024,4,0.09147128811,COMPLETE,POSITIVE,9
TRAIL1__N2_02,NORMALIZED,baseline,2024,5,2.17060439,COMPLETE,POSITIVE,10
TRAIL1__N2_02,NORMALIZED,baseline,2024,8,3.907728263,COMPLETE,POSITIVE,11
TRAIL1__N2_02,NORMALIZED,baseline,2024,2,0.3706457103,COMPLETE,POSITIVE,12
TRAIL1__N2_02,NORMALIZED,walk_forward,2024,3,-0.01905276413,COMPLETE,NEGATIVE,2
TRAIL1__N2_02,NORMALIZED,walk_forward,2024,5,4.176413367,COMPLETE,POSITIVE,3
TRAIL1__N2_02,NORMALIZED,walk_forward,2024,3,0.1762002382,COMPLETE,POSITIVE,5
TRAIL1__N2_02,NORMALIZED,walk_forward,2024,7,2.038614742,COMPLETE,POSITIVE,6
TRAIL1__N2_02,NORMALIZED,walk_forward,2024,6,0.4457948115,COMPLETE,POSITIVE,8
TRAIL1__N2_02,NORMALIZED,walk_forward,2024,4,0.09147128811,COMPLETE,POSITIVE,9
TRAIL1__N2_02,NORMALIZED,walk_forward,2024,5,2.108136359,COMPLETE,POSITIVE,11
TRAIL1__N2_02,NORMALIZED,walk_forward,2024,2,0.3706457103,COMPLETE,POSITIVE,12
TRAIL1__N2_02,NORMALIZED,historical_true_oos,2025,1,-0.5000091833,COMPLETE,NEGATIVE,2
TRAIL1__N2_02,NORMALIZED,historical_true_oos,2025,2,0.9354621951,COMPLETE,POSITIVE,3
TRAIL1__N2_02,NORMALIZED,historical_true_oos,2025,4,-0.3187632877,COMPLETE,NEGATIVE,4
TRAIL1__N2_02,NORMALIZED,historical_true_oos,2025,1,-0.5011494782,COMPLETE,NEGATIVE,5
TRAIL1__N2_02,NORMALIZED,historical_true_oos,2025,6,-0.4067907592,COMPLETE,NEGATIVE,7
TRAIL1__N2_02,NORMALIZED,historical_true_oos,2025,7,11.64419695,COMPLETE,POSITIVE,9
TRAIL1__N2_02,NORMALIZED,historical_true_oos,2025,10,3.201703642,COMPLETE,POSITIVE,10
TRAIL1__N2_02,NORMALIZED,historical_true_oos,2025,3,-0.7393484194,COMPLETE,NEGATIVE,11
TRAIL1__N2_02,NORMALIZED,historical_true_oos,2025,7,-2.533387729,COMPLETE,NEGATIVE,12
TRAIL1__N2_02,NORMALIZED,historical_true_oos,2026,6,1.558465651,COMPLETE,POSITIVE,1
TRAIL1__N2_02,NORMALIZED,historical_true_oos,2026,2,-1.001683021,COMPLETE,NEGATIVE,2
TRAIL1__N2_02,NORMALIZED,historical_true_oos,2026,7,3.981743328,COMPLETE,POSITIVE,3
TRAIL1__N2_02,NORMALIZED,historical_true_oos,2026,2,0.01250731841,COMPLETE,POSITIVE,4
TRAIL1__N2_02,NORMALIZED,historical_true_oos,2026,4,1.003267857,COMPLETE,POSITIVE,5
TRAIL1__N2_02,NORMALIZED,historical_true_oos,2026,7,2.610547265,COMPLETE,POSITIVE,6
TRAIL1__N2_02,NORMALIZED,historical_true_oos,2026,2,-1.001015204,COMPLETE,NEGATIVE,7
TRAIL1__N2_02,NORMALIZED,historical_true_oos,2026,10,10.00973046,COMPLETE,POSITIVE,8
TRAIL1__N2_02,NORMALIZED,historical_true_oos,2026,3,-0.6730677758,COMPLETE,NEGATIVE,9
TRAIL1__N2_02,FULL,baseline,2023,2,-0.2729897941,COMPLETE,NEGATIVE,2
TRAIL1__N2_02,FULL,baseline,2023,1,-1.003613444,COMPLETE,NEGATIVE,3
TRAIL1__N2_02,FULL,baseline,2023,3,3.783242638,COMPLETE,POSITIVE,4
TRAIL1__N2_02,FULL,baseline,2023,3,2.199255999,COMPLETE,POSITIVE,5
TRAIL1__N2_02,FULL,baseline,2023,4,3.733268532,COMPLETE,POSITIVE,6
TRAIL1__N2_02,FULL,baseline,2023,2,0.3987397717,COMPLETE,POSITIVE,7
TRAIL1__N2_02,FULL,baseline,2023,4,5.768638549,COMPLETE,POSITIVE,8
TRAIL1__N2_02,FULL,baseline,2023,2,-2.002011867,COMPLETE,NEGATIVE,9
TRAIL1__N2_02,FULL,baseline,2023,4,-2.048366661,COMPLETE,NEGATIVE,10
TRAIL1__N2_02,FULL,baseline,2023,3,1.497554802,COMPLETE,POSITIVE,11
TRAIL1__N2_02,FULL,baseline,2023,6,0.7621033623,COMPLETE,POSITIVE,12
TRAIL1__N2_02,FULL,baseline,2024,4,-3.185973319,COMPLETE,NEGATIVE,1
TRAIL1__N2_02,FULL,baseline,2024,5,-2.038220457,COMPLETE,NEGATIVE,2
TRAIL1__N2_02,FULL,baseline,2024,5,8.352826734,COMPLETE,POSITIVE,3
TRAIL1__N2_02,FULL,baseline,2024,9,2.213180641,COMPLETE,POSITIVE,4
TRAIL1__N2_02,FULL,baseline,2024,4,0.8328260705,COMPLETE,POSITIVE,5
TRAIL1__N2_02,FULL,baseline,2024,7,4.077229485,COMPLETE,POSITIVE,6
TRAIL1__N2_02,FULL,baseline,2024,11,1.137707857,COMPLETE,POSITIVE,8
TRAIL1__N2_02,FULL,baseline,2024,4,0.1829425762,COMPLETE,POSITIVE,9
TRAIL1__N2_02,FULL,baseline,2024,5,4.34120878,COMPLETE,POSITIVE,10
TRAIL1__N2_02,FULL,baseline,2024,8,7.815456526,COMPLETE,POSITIVE,11
TRAIL1__N2_02,FULL,baseline,2024,2,0.7412914205,COMPLETE,POSITIVE,12
TRAIL1__N2_02,FULL,walk_forward,2024,3,-0.03810552827,COMPLETE,NEGATIVE,2
TRAIL1__N2_02,FULL,walk_forward,2024,5,8.352826734,COMPLETE,POSITIVE,3
TRAIL1__N2_02,FULL,walk_forward,2024,3,0.3524004764,COMPLETE,POSITIVE,5
TRAIL1__N2_02,FULL,walk_forward,2024,7,4.077229485,COMPLETE,POSITIVE,6
TRAIL1__N2_02,FULL,walk_forward,2024,6,0.891589623,COMPLETE,POSITIVE,8
TRAIL1__N2_02,FULL,walk_forward,2024,4,0.1829425762,COMPLETE,POSITIVE,9
TRAIL1__N2_02,FULL,walk_forward,2024,5,4.216272719,COMPLETE,POSITIVE,11
TRAIL1__N2_02,FULL,walk_forward,2024,2,0.7412914205,COMPLETE,POSITIVE,12
TRAIL1__N2_02,FULL,historical_true_oos,2025,1,-1.000018367,COMPLETE,NEGATIVE,2
TRAIL1__N2_02,FULL,historical_true_oos,2025,2,1.87092439,COMPLETE,POSITIVE,3
TRAIL1__N2_02,FULL,historical_true_oos,2025,4,-0.6375265755,COMPLETE,NEGATIVE,4
TRAIL1__N2_02,FULL,historical_true_oos,2025,1,-1.002298956,COMPLETE,NEGATIVE,5
TRAIL1__N2_02,FULL,historical_true_oos,2025,6,-0.8135815183,COMPLETE,NEGATIVE,7
TRAIL1__N2_02,FULL,historical_true_oos,2025,7,23.2883939,COMPLETE,POSITIVE,9
TRAIL1__N2_02,FULL,historical_true_oos,2025,10,6.403407283,COMPLETE,POSITIVE,10
TRAIL1__N2_02,FULL,historical_true_oos,2025,3,-1.478696839,COMPLETE,NEGATIVE,11
TRAIL1__N2_02,FULL,historical_true_oos,2025,7,-5.066775457,COMPLETE,NEGATIVE,12
TRAIL1__N2_02,FULL,historical_true_oos,2026,6,3.116931301,COMPLETE,POSITIVE,1
TRAIL1__N2_02,FULL,historical_true_oos,2026,2,-2.003366042,COMPLETE,NEGATIVE,2
TRAIL1__N2_02,FULL,historical_true_oos,2026,7,7.963486657,COMPLETE,POSITIVE,3
TRAIL1__N2_02,FULL,historical_true_oos,2026,2,0.02501463681,COMPLETE,POSITIVE,4
TRAIL1__N2_02,FULL,historical_true_oos,2026,4,2.006535714,COMPLETE,POSITIVE,5
TRAIL1__N2_02,FULL,historical_true_oos,2026,7,5.221094529,COMPLETE,POSITIVE,6
TRAIL1__N2_02,FULL,historical_true_oos,2026,2,-2.002030408,COMPLETE,NEGATIVE,7
TRAIL1__N2_02,FULL,historical_true_oos,2026,10,20.01946091,COMPLETE,POSITIVE,8
TRAIL1__N2_02,FULL,historical_true_oos,2026,3,-1.346135552,COMPLETE,NEGATIVE,9
TRAIL1__N2_03,NORMALIZED,baseline,2023,2,-0.1364948971,COMPLETE,NEGATIVE,2
TRAIL1__N2_03,NORMALIZED,baseline,2023,1,-0.5018067222,COMPLETE,NEGATIVE,3
TRAIL1__N2_03,NORMALIZED,baseline,2023,3,1.891621319,COMPLETE,POSITIVE,4
TRAIL1__N2_03,NORMALIZED,baseline,2023,3,1.099627999,COMPLETE,POSITIVE,5
TRAIL1__N2_03,NORMALIZED,baseline,2023,4,1.866634266,COMPLETE,POSITIVE,6
TRAIL1__N2_03,NORMALIZED,baseline,2023,2,0.1993698858,COMPLETE,POSITIVE,7
TRAIL1__N2_03,NORMALIZED,baseline,2023,4,2.884319274,COMPLETE,POSITIVE,8
TRAIL1__N2_03,NORMALIZED,baseline,2023,1,-0.5009898364,COMPLETE,NEGATIVE,9
TRAIL1__N2_03,NORMALIZED,baseline,2023,4,-1.024183331,COMPLETE,NEGATIVE,10
TRAIL1__N2_03,NORMALIZED,baseline,2023,2,0.7217475557,COMPLETE,POSITIVE,11
TRAIL1__N2_03,NORMALIZED,baseline,2023,2,1.189190707,COMPLETE,POSITIVE,12
TRAIL1__N2_03,NORMALIZED,baseline,2024,4,-0.2898499419,COMPLETE,NEGATIVE,1
TRAIL1__N2_03,NORMALIZED,baseline,2024,3,0.1263709364,COMPLETE,POSITIVE,2
TRAIL1__N2_03,NORMALIZED,baseline,2024,4,1.260930532,COMPLETE,POSITIVE,3
TRAIL1__N2_03,NORMALIZED,baseline,2024,6,-0.2464740761,COMPLETE,NEGATIVE,4
TRAIL1__N2_03,NORMALIZED,baseline,2024,5,0.5017870556,COMPLETE,POSITIVE,5
TRAIL1__N2_03,NORMALIZED,baseline,2024,6,4.848298909,COMPLETE,POSITIVE,6
TRAIL1__N2_03,NORMALIZED,baseline,2024,3,1.972249561,COMPLETE,POSITIVE,7
TRAIL1__N2_03,NORMALIZED,baseline,2024,9,2.661907104,COMPLETE,POSITIVE,8
TRAIL1__N2_03,NORMALIZED,baseline,2024,3,1.796500532,COMPLETE,POSITIVE,9
TRAIL1__N2_03,NORMALIZED,baseline,2024,3,1.663082527,COMPLETE,POSITIVE,10
TRAIL1__N2_03,NORMALIZED,baseline,2024,7,2.376966057,COMPLETE,POSITIVE,11
TRAIL1__N2_03,NORMALIZED,baseline,2024,2,0.1611102025,COMPLETE,POSITIVE,12
TRAIL1__N2_03,NORMALIZED,walk_forward,2024,2,-1.001475638,COMPLETE,NEGATIVE,2
TRAIL1__N2_03,NORMALIZED,walk_forward,2024,3,-0.4338585322,COMPLETE,NEGATIVE,3
TRAIL1__N2_03,NORMALIZED,walk_forward,2024,4,0.2615742586,COMPLETE,POSITIVE,5
TRAIL1__N2_03,NORMALIZED,walk_forward,2024,6,4.848298909,COMPLETE,POSITIVE,6
TRAIL1__N2_03,NORMALIZED,walk_forward,2024,4,1.696303786,COMPLETE,POSITIVE,8
TRAIL1__N2_03,NORMALIZED,walk_forward,2024,3,1.796500532,COMPLETE,POSITIVE,9
TRAIL1__N2_03,NORMALIZED,walk_forward,2024,4,3.281563554,COMPLETE,POSITIVE,11
TRAIL1__N2_03,NORMALIZED,walk_forward,2024,2,0.1611102025,COMPLETE,POSITIVE,12
TRAIL1__N2_03,NORMALIZED,historical_true_oos,2025,1,-0.5000181067,COMPLETE,NEGATIVE,2
TRAIL1__N2_03,NORMALIZED,historical_true_oos,2025,3,0.4354470607,COMPLETE,POSITIVE,3
TRAIL1__N2_03,NORMALIZED,historical_true_oos,2025,5,1.410941432,COMPLETE,POSITIVE,4
TRAIL1__N2_03,NORMALIZED,historical_true_oos,2025,2,0.363722246,COMPLETE,POSITIVE,5
TRAIL1__N2_03,NORMALIZED,historical_true_oos,2025,6,2.07748451,COMPLETE,POSITIVE,7
TRAIL1__N2_03,NORMALIZED,historical_true_oos,2025,2,0.6088162464,COMPLETE,POSITIVE,8
TRAIL1__N2_03,NORMALIZED,historical_true_oos,2025,7,4.094986223,COMPLETE,POSITIVE,9
TRAIL1__N2_03,NORMALIZED,historical_true_oos,2025,9,2.448421322,COMPLETE,POSITIVE,10
TRAIL1__N2_03,NORMALIZED,historical_true_oos,2025,2,-0.2393507783,COMPLETE,NEGATIVE,11
TRAIL1__N2_03,NORMALIZED,historical_true_oos,2025,7,-1.501253144,COMPLETE,NEGATIVE,12
TRAIL1__N2_03,NORMALIZED,historical_true_oos,2026,5,-1.121625412,COMPLETE,NEGATIVE,1
TRAIL1__N2_03,NORMALIZED,historical_true_oos,2026,2,-1.001725262,COMPLETE,NEGATIVE,2
TRAIL1__N2_03,NORMALIZED,historical_true_oos,2026,6,4.83291824,COMPLETE,POSITIVE,3
TRAIL1__N2_03,NORMALIZED,historical_true_oos,2026,6,-0.2067663754,COMPLETE,NEGATIVE,4
TRAIL1__N2_03,NORMALIZED,historical_true_oos,2026,5,-0.5408584856,COMPLETE,NEGATIVE,5
TRAIL1__N2_03,NORMALIZED,historical_true_oos,2026,9,2.925816392,COMPLETE,POSITIVE,6
TRAIL1__N2_03,NORMALIZED,historical_true_oos,2026,5,-0.1219266173,COMPLETE,NEGATIVE,7
TRAIL1__N2_03,NORMALIZED,historical_true_oos,2026,9,4.516627891,COMPLETE,POSITIVE,8
TRAIL1__N2_03,NORMALIZED,historical_true_oos,2026,3,-0.4696028503,COMPLETE,NEGATIVE,9
TRAIL1__N2_03,FULL,baseline,2023,2,-0.2729897941,COMPLETE,NEGATIVE,2
TRAIL1__N2_03,FULL,baseline,2023,1,-1.003613444,COMPLETE,NEGATIVE,3
TRAIL1__N2_03,FULL,baseline,2023,3,3.783242638,COMPLETE,POSITIVE,4
TRAIL1__N2_03,FULL,baseline,2023,3,2.199255999,COMPLETE,POSITIVE,5
TRAIL1__N2_03,FULL,baseline,2023,4,3.733268532,COMPLETE,POSITIVE,6
TRAIL1__N2_03,FULL,baseline,2023,2,0.3987397717,COMPLETE,POSITIVE,7
TRAIL1__N2_03,FULL,baseline,2023,4,5.768638549,COMPLETE,POSITIVE,8
TRAIL1__N2_03,FULL,baseline,2023,1,-1.001979673,COMPLETE,NEGATIVE,9
TRAIL1__N2_03,FULL,baseline,2023,4,-2.048366661,COMPLETE,NEGATIVE,10
TRAIL1__N2_03,FULL,baseline,2023,2,1.443495111,COMPLETE,POSITIVE,11
TRAIL1__N2_03,FULL,baseline,2023,2,2.378381414,COMPLETE,POSITIVE,12
TRAIL1__N2_03,FULL,baseline,2024,4,-0.5796998838,COMPLETE,NEGATIVE,1
TRAIL1__N2_03,FULL,baseline,2024,3,0.2527418729,COMPLETE,POSITIVE,2
TRAIL1__N2_03,FULL,baseline,2024,4,2.521861064,COMPLETE,POSITIVE,3
TRAIL1__N2_03,FULL,baseline,2024,6,-0.4929481521,COMPLETE,NEGATIVE,4
TRAIL1__N2_03,FULL,baseline,2024,5,1.003574111,COMPLETE,POSITIVE,5
TRAIL1__N2_03,FULL,baseline,2024,6,9.696597818,COMPLETE,POSITIVE,6
TRAIL1__N2_03,FULL,baseline,2024,3,3.944499122,COMPLETE,POSITIVE,7
TRAIL1__N2_03,FULL,baseline,2024,9,5.323814208,COMPLETE,POSITIVE,8
TRAIL1__N2_03,FULL,baseline,2024,3,3.593001064,COMPLETE,POSITIVE,9
TRAIL1__N2_03,FULL,baseline,2024,3,3.326165055,COMPLETE,POSITIVE,10
TRAIL1__N2_03,FULL,baseline,2024,7,4.753932114,COMPLETE,POSITIVE,11
TRAIL1__N2_03,FULL,baseline,2024,2,0.322220405,COMPLETE,POSITIVE,12
TRAIL1__N2_03,FULL,walk_forward,2024,2,-2.002951276,COMPLETE,NEGATIVE,2
TRAIL1__N2_03,FULL,walk_forward,2024,3,-0.8677170645,COMPLETE,NEGATIVE,3
TRAIL1__N2_03,FULL,walk_forward,2024,4,0.5231485171,COMPLETE,POSITIVE,5
TRAIL1__N2_03,FULL,walk_forward,2024,6,9.696597818,COMPLETE,POSITIVE,6
TRAIL1__N2_03,FULL,walk_forward,2024,4,3.392607572,COMPLETE,POSITIVE,8
TRAIL1__N2_03,FULL,walk_forward,2024,3,3.593001064,COMPLETE,POSITIVE,9
TRAIL1__N2_03,FULL,walk_forward,2024,4,6.563127109,COMPLETE,POSITIVE,11
TRAIL1__N2_03,FULL,walk_forward,2024,2,0.322220405,COMPLETE,POSITIVE,12
TRAIL1__N2_03,FULL,historical_true_oos,2025,1,-1.000036213,COMPLETE,NEGATIVE,2
TRAIL1__N2_03,FULL,historical_true_oos,2025,3,0.8708941213,COMPLETE,POSITIVE,3
TRAIL1__N2_03,FULL,historical_true_oos,2025,5,2.821882864,COMPLETE,POSITIVE,4
TRAIL1__N2_03,FULL,historical_true_oos,2025,2,0.7274444919,COMPLETE,POSITIVE,5
TRAIL1__N2_03,FULL,historical_true_oos,2025,6,4.15496902,COMPLETE,POSITIVE,7
TRAIL1__N2_03,FULL,historical_true_oos,2025,2,1.217632493,COMPLETE,POSITIVE,8
TRAIL1__N2_03,FULL,historical_true_oos,2025,7,8.189972446,COMPLETE,POSITIVE,9
TRAIL1__N2_03,FULL,historical_true_oos,2025,9,4.896842645,COMPLETE,POSITIVE,10
TRAIL1__N2_03,FULL,historical_true_oos,2025,2,-0.4787015565,COMPLETE,NEGATIVE,11
TRAIL1__N2_03,FULL,historical_true_oos,2025,7,-3.002506287,COMPLETE,NEGATIVE,12
TRAIL1__N2_03,FULL,historical_true_oos,2026,5,-2.243250824,COMPLETE,NEGATIVE,1
TRAIL1__N2_03,FULL,historical_true_oos,2026,2,-2.003450524,COMPLETE,NEGATIVE,2
TRAIL1__N2_03,FULL,historical_true_oos,2026,6,9.665836481,COMPLETE,POSITIVE,3
TRAIL1__N2_03,FULL,historical_true_oos,2026,6,-0.4135327508,COMPLETE,NEGATIVE,4
TRAIL1__N2_03,FULL,historical_true_oos,2026,5,-1.081716971,COMPLETE,NEGATIVE,5
TRAIL1__N2_03,FULL,historical_true_oos,2026,9,5.851632784,COMPLETE,POSITIVE,6
TRAIL1__N2_03,FULL,historical_true_oos,2026,5,-0.2438532346,COMPLETE,NEGATIVE,7
TRAIL1__N2_03,FULL,historical_true_oos,2026,9,9.033255781,COMPLETE,POSITIVE,8
TRAIL1__N2_03,FULL,historical_true_oos,2026,3,-0.9392057006,COMPLETE,NEGATIVE,9
TRAIL1__N2_04,NORMALIZED,baseline,2023,1,-0.02110732207,COMPLETE,NEGATIVE,2
TRAIL1__N2_04,NORMALIZED,baseline,2023,2,-0.02410793829,COMPLETE,NEGATIVE,3
TRAIL1__N2_04,NORMALIZED,baseline,2023,3,1.664946804,COMPLETE,POSITIVE,4
TRAIL1__N2_04,NORMALIZED,baseline,2023,2,1.218697086,COMPLETE,POSITIVE,5
TRAIL1__N2_04,NORMALIZED,baseline,2023,3,0.3318097908,COMPLETE,POSITIVE,6
TRAIL1__N2_04,NORMALIZED,baseline,2023,3,-1.517534307,COMPLETE,NEGATIVE,7
TRAIL1__N2_04,NORMALIZED,baseline,2023,3,0.6002445215,COMPLETE,POSITIVE,8
TRAIL1__N2_04,NORMALIZED,baseline,2023,2,-1.006824744,COMPLETE,NEGATIVE,9
TRAIL1__N2_04,NORMALIZED,baseline,2023,2,-0.6532344333,COMPLETE,NEGATIVE,10
TRAIL1__N2_04,NORMALIZED,baseline,2023,2,-0.4858445023,COMPLETE,NEGATIVE,11
TRAIL1__N2_04,NORMALIZED,baseline,2023,6,-1.83224707,COMPLETE,NEGATIVE,12
TRAIL1__N2_04,NORMALIZED,baseline,2024,4,-0.4426255828,COMPLETE,NEGATIVE,1
TRAIL1__N2_04,NORMALIZED,baseline,2024,6,-0.4315570861,COMPLETE,NEGATIVE,2
TRAIL1__N2_04,NORMALIZED,baseline,2024,4,3.610179104,COMPLETE,POSITIVE,3
TRAIL1__N2_04,NORMALIZED,baseline,2024,8,3.292782769,COMPLETE,POSITIVE,4
TRAIL1__N2_04,NORMALIZED,baseline,2024,4,0.8794119817,COMPLETE,POSITIVE,5
TRAIL1__N2_04,NORMALIZED,baseline,2024,7,5.029787645,COMPLETE,POSITIVE,6
TRAIL1__N2_04,NORMALIZED,baseline,2024,7,-1.48559727,COMPLETE,NEGATIVE,8
TRAIL1__N2_04,NORMALIZED,baseline,2024,6,0.9775404421,COMPLETE,POSITIVE,9
TRAIL1__N2_04,NORMALIZED,baseline,2024,4,1.500135556,COMPLETE,POSITIVE,10
TRAIL1__N2_04,NORMALIZED,baseline,2024,7,5.559759839,COMPLETE,POSITIVE,11
TRAIL1__N2_04,NORMALIZED,baseline,2024,2,-0.3248052282,COMPLETE,NEGATIVE,12
TRAIL1__N2_04,NORMALIZED,walk_forward,2024,3,-0.03542223192,COMPLETE,NEGATIVE,2
TRAIL1__N2_04,NORMALIZED,walk_forward,2024,4,3.610179104,COMPLETE,POSITIVE,3
TRAIL1__N2_04,NORMALIZED,walk_forward,2024,2,1.912897928,COMPLETE,POSITIVE,5
TRAIL1__N2_04,NORMALIZED,walk_forward,2024,7,5.029787645,COMPLETE,POSITIVE,6
TRAIL1__N2_04,NORMALIZED,walk_forward,2024,5,-1.118007237,COMPLETE,NEGATIVE,8
TRAIL1__N2_04,NORMALIZED,walk_forward,2024,6,0.9775404421,COMPLETE,POSITIVE,9
TRAIL1__N2_04,NORMALIZED,walk_forward,2024,6,2.750426284,COMPLETE,POSITIVE,11
TRAIL1__N2_04,NORMALIZED,walk_forward,2024,2,-0.3248052282,COMPLETE,NEGATIVE,12
TRAIL1__N2_04,NORMALIZED,historical_true_oos,2025,2,0.1010694292,COMPLETE,POSITIVE,2
TRAIL1__N2_04,NORMALIZED,historical_true_oos,2025,2,0.879903866,COMPLETE,POSITIVE,3
TRAIL1__N2_04,NORMALIZED,historical_true_oos,2025,5,-0.9757072756,COMPLETE,NEGATIVE,4
TRAIL1__N2_04,NORMALIZED,historical_true_oos,2025,1,0.4025500901,COMPLETE,POSITIVE,6
TRAIL1__N2_04,NORMALIZED,historical_true_oos,2025,6,0.6772102138,COMPLETE,POSITIVE,7
TRAIL1__N2_04,NORMALIZED,historical_true_oos,2025,8,10.23521164,COMPLETE,POSITIVE,9
TRAIL1__N2_04,NORMALIZED,historical_true_oos,2025,11,2.331841713,COMPLETE,POSITIVE,10
TRAIL1__N2_04,NORMALIZED,historical_true_oos,2025,4,-1.378511777,COMPLETE,NEGATIVE,11
TRAIL1__N2_04,NORMALIZED,historical_true_oos,2025,7,-0.664046823,COMPLETE,NEGATIVE,12
TRAIL1__N2_04,NORMALIZED,historical_true_oos,2026,6,2.990515665,COMPLETE,POSITIVE,1
TRAIL1__N2_04,NORMALIZED,historical_true_oos,2026,2,-1.012541132,COMPLETE,NEGATIVE,2
TRAIL1__N2_04,NORMALIZED,historical_true_oos,2026,8,1.831193323,COMPLETE,POSITIVE,3
TRAIL1__N2_04,NORMALIZED,historical_true_oos,2026,1,0.4248256949,COMPLETE,POSITIVE,4
TRAIL1__N2_04,NORMALIZED,historical_true_oos,2026,4,1.249504562,COMPLETE,POSITIVE,5
TRAIL1__N2_04,NORMALIZED,historical_true_oos,2026,8,1.655484878,COMPLETE,POSITIVE,6
TRAIL1__N2_04,NORMALIZED,historical_true_oos,2026,2,-1.007113157,COMPLETE,NEGATIVE,7
TRAIL1__N2_04,NORMALIZED,historical_true_oos,2026,10,8.891133871,COMPLETE,POSITIVE,8
TRAIL1__N2_04,NORMALIZED,historical_true_oos,2026,3,-0.6923467578,COMPLETE,NEGATIVE,9
TRAIL1__N2_04,FULL,baseline,2023,1,-0.04221464414,COMPLETE,NEGATIVE,2
TRAIL1__N2_04,FULL,baseline,2023,2,-0.04821587657,COMPLETE,NEGATIVE,3
TRAIL1__N2_04,FULL,baseline,2023,3,3.329893609,COMPLETE,POSITIVE,4
TRAIL1__N2_04,FULL,baseline,2023,2,2.437394172,COMPLETE,POSITIVE,5
TRAIL1__N2_04,FULL,baseline,2023,3,0.6636195816,COMPLETE,POSITIVE,6
TRAIL1__N2_04,FULL,baseline,2023,3,-3.035068614,COMPLETE,NEGATIVE,7
TRAIL1__N2_04,FULL,baseline,2023,3,1.200489043,COMPLETE,POSITIVE,8
TRAIL1__N2_04,FULL,baseline,2023,2,-2.013649488,COMPLETE,NEGATIVE,9
TRAIL1__N2_04,FULL,baseline,2023,2,-1.306468867,COMPLETE,NEGATIVE,10
TRAIL1__N2_04,FULL,baseline,2023,2,-0.9716890047,COMPLETE,NEGATIVE,11
TRAIL1__N2_04,FULL,baseline,2023,6,-3.664494139,COMPLETE,NEGATIVE,12
TRAIL1__N2_04,FULL,baseline,2024,4,-0.8852511655,COMPLETE,NEGATIVE,1
TRAIL1__N2_04,FULL,baseline,2024,6,-0.8631141721,COMPLETE,NEGATIVE,2
TRAIL1__N2_04,FULL,baseline,2024,4,7.220358208,COMPLETE,POSITIVE,3
TRAIL1__N2_04,FULL,baseline,2024,8,6.585565539,COMPLETE,POSITIVE,4
TRAIL1__N2_04,FULL,baseline,2024,4,1.758823963,COMPLETE,POSITIVE,5
TRAIL1__N2_04,FULL,baseline,2024,7,10.05957529,COMPLETE,POSITIVE,6
TRAIL1__N2_04,FULL,baseline,2024,7,-2.97119454,COMPLETE,NEGATIVE,8
TRAIL1__N2_04,FULL,baseline,2024,6,1.955080884,COMPLETE,POSITIVE,9
TRAIL1__N2_04,FULL,baseline,2024,4,3.000271112,COMPLETE,POSITIVE,10
TRAIL1__N2_04,FULL,baseline,2024,7,11.11951968,COMPLETE,POSITIVE,11
TRAIL1__N2_04,FULL,baseline,2024,2,-0.6496104564,COMPLETE,NEGATIVE,12
TRAIL1__N2_04,FULL,walk_forward,2024,3,-0.07084446385,COMPLETE,NEGATIVE,2
TRAIL1__N2_04,FULL,walk_forward,2024,4,7.220358208,COMPLETE,POSITIVE,3
TRAIL1__N2_04,FULL,walk_forward,2024,2,3.825795856,COMPLETE,POSITIVE,5
TRAIL1__N2_04,FULL,walk_forward,2024,7,10.05957529,COMPLETE,POSITIVE,6
TRAIL1__N2_04,FULL,walk_forward,2024,5,-2.236014474,COMPLETE,NEGATIVE,8
TRAIL1__N2_04,FULL,walk_forward,2024,6,1.955080884,COMPLETE,POSITIVE,9
TRAIL1__N2_04,FULL,walk_forward,2024,6,5.500852568,COMPLETE,POSITIVE,11
TRAIL1__N2_04,FULL,walk_forward,2024,2,-0.6496104564,COMPLETE,NEGATIVE,12
TRAIL1__N2_04,FULL,historical_true_oos,2025,2,0.2021388585,COMPLETE,POSITIVE,2
TRAIL1__N2_04,FULL,historical_true_oos,2025,2,1.759807732,COMPLETE,POSITIVE,3
TRAIL1__N2_04,FULL,historical_true_oos,2025,5,-1.951414551,COMPLETE,NEGATIVE,4
TRAIL1__N2_04,FULL,historical_true_oos,2025,1,0.8051001802,COMPLETE,POSITIVE,6
TRAIL1__N2_04,FULL,historical_true_oos,2025,6,1.354420428,COMPLETE,POSITIVE,7
TRAIL1__N2_04,FULL,historical_true_oos,2025,8,20.47042328,COMPLETE,POSITIVE,9
TRAIL1__N2_04,FULL,historical_true_oos,2025,11,4.663683427,COMPLETE,POSITIVE,10
TRAIL1__N2_04,FULL,historical_true_oos,2025,4,-2.757023553,COMPLETE,NEGATIVE,11
TRAIL1__N2_04,FULL,historical_true_oos,2025,7,-1.328093646,COMPLETE,NEGATIVE,12
TRAIL1__N2_04,FULL,historical_true_oos,2026,6,5.981031329,COMPLETE,POSITIVE,1
TRAIL1__N2_04,FULL,historical_true_oos,2026,2,-2.025082265,COMPLETE,NEGATIVE,2
TRAIL1__N2_04,FULL,historical_true_oos,2026,8,3.662386646,COMPLETE,POSITIVE,3
TRAIL1__N2_04,FULL,historical_true_oos,2026,1,0.8496513899,COMPLETE,POSITIVE,4
TRAIL1__N2_04,FULL,historical_true_oos,2026,4,2.499009124,COMPLETE,POSITIVE,5
TRAIL1__N2_04,FULL,historical_true_oos,2026,8,3.310969757,COMPLETE,POSITIVE,6
TRAIL1__N2_04,FULL,historical_true_oos,2026,2,-2.014226314,COMPLETE,NEGATIVE,7
TRAIL1__N2_04,FULL,historical_true_oos,2026,10,17.78226774,COMPLETE,POSITIVE,8
TRAIL1__N2_04,FULL,historical_true_oos,2026,3,-1.384693516,COMPLETE,NEGATIVE,9
TRAIL1__N2_05,NORMALIZED,baseline,2023,1,-0.02110732207,COMPLETE,NEGATIVE,2
TRAIL1__N2_05,NORMALIZED,baseline,2023,2,-0.02410793829,COMPLETE,NEGATIVE,3
TRAIL1__N2_05,NORMALIZED,baseline,2023,3,1.664946804,COMPLETE,POSITIVE,4
TRAIL1__N2_05,NORMALIZED,baseline,2023,2,1.218697086,COMPLETE,POSITIVE,5
TRAIL1__N2_05,NORMALIZED,baseline,2023,3,0.3318097908,COMPLETE,POSITIVE,6
TRAIL1__N2_05,NORMALIZED,baseline,2023,3,-1.517534307,COMPLETE,NEGATIVE,7
TRAIL1__N2_05,NORMALIZED,baseline,2023,3,0.6002445215,COMPLETE,POSITIVE,8
TRAIL1__N2_05,NORMALIZED,baseline,2023,1,-0.5068086468,COMPLETE,NEGATIVE,9
TRAIL1__N2_05,NORMALIZED,baseline,2023,2,-0.6532344333,COMPLETE,NEGATIVE,10
TRAIL1__N2_05,NORMALIZED,baseline,2023,1,-0.5128743477,COMPLETE,NEGATIVE,11
TRAIL1__N2_05,NORMALIZED,baseline,2023,2,-1.024108044,COMPLETE,NEGATIVE,12
TRAIL1__N2_05,NORMALIZED,baseline,2024,4,0.8605111346,COMPLETE,POSITIVE,1
TRAIL1__N2_05,NORMALIZED,baseline,2024,4,0.7139240789,COMPLETE,POSITIVE,2
TRAIL1__N2_05,NORMALIZED,baseline,2024,3,0.6946962693,COMPLETE,POSITIVE,3
TRAIL1__N2_05,NORMALIZED,baseline,2024,5,1.939718373,COMPLETE,POSITIVE,4
TRAIL1__N2_05,NORMALIZED,baseline,2024,5,0.9647860021,COMPLETE,POSITIVE,5
TRAIL1__N2_05,NORMALIZED,baseline,2024,6,7.839471811,COMPLETE,POSITIVE,6
TRAIL1__N2_05,NORMALIZED,baseline,2024,3,1.972249561,COMPLETE,POSITIVE,7
TRAIL1__N2_05,NORMALIZED,baseline,2024,5,0.6074559051,COMPLETE,POSITIVE,8
TRAIL1__N2_05,NORMALIZED,baseline,2024,5,2.682569686,COMPLETE,POSITIVE,9
TRAIL1__N2_05,NORMALIZED,baseline,2024,2,0.9926136933,COMPLETE,POSITIVE,10
TRAIL1__N2_05,NORMALIZED,baseline,2024,6,4.028997633,COMPLETE,POSITIVE,11
TRAIL1__N2_05,NORMALIZED,baseline,2024,2,-0.534340736,COMPLETE,NEGATIVE,12
TRAIL1__N2_05,NORMALIZED,walk_forward,2024,2,-1.017845106,COMPLETE,NEGATIVE,2
TRAIL1__N2_05,NORMALIZED,walk_forward,2024,2,-1.000092795,COMPLETE,NEGATIVE,3
TRAIL1__N2_05,NORMALIZED,walk_forward,2024,3,1.998271948,COMPLETE,POSITIVE,5
TRAIL1__N2_05,NORMALIZED,walk_forward,2024,6,7.839471811,COMPLETE,POSITIVE,6
TRAIL1__N2_05,NORMALIZED,walk_forward,2024,3,0.1325017375,COMPLETE,POSITIVE,8
TRAIL1__N2_05,NORMALIZED,walk_forward,2024,5,2.682569686,COMPLETE,POSITIVE,9
TRAIL1__N2_05,NORMALIZED,walk_forward,2024,5,3.923853479,COMPLETE,POSITIVE,11
TRAIL1__N2_05,NORMALIZED,walk_forward,2024,2,-0.534340736,COMPLETE,NEGATIVE,12
TRAIL1__N2_05,NORMALIZED,historical_true_oos,2025,2,0.1010605058,COMPLETE,POSITIVE,2
TRAIL1__N2_05,NORMALIZED,historical_true_oos,2025,3,0.3798887316,COMPLETE,POSITIVE,3
TRAIL1__N2_05,NORMALIZED,historical_true_oos,2025,6,0.753997444,COMPLETE,POSITIVE,4
TRAIL1__N2_05,NORMALIZED,historical_true_oos,2025,1,0.8648717242,COMPLETE,POSITIVE,5
TRAIL1__N2_05,NORMALIZED,historical_true_oos,2025,1,0.4025500901,COMPLETE,POSITIVE,6
TRAIL1__N2_05,NORMALIZED,historical_true_oos,2025,6,3.161485483,COMPLETE,POSITIVE,7
TRAIL1__N2_05,NORMALIZED,historical_true_oos,2025,2,0.6088162464,COMPLETE,POSITIVE,8
TRAIL1__N2_05,NORMALIZED,historical_true_oos,2025,8,2.686000915,COMPLETE,POSITIVE,9
TRAIL1__N2_05,NORMALIZED,historical_true_oos,2025,10,1.578559394,COMPLETE,POSITIVE,10
TRAIL1__N2_05,NORMALIZED,historical_true_oos,2025,3,-0.8785141356,COMPLETE,NEGATIVE,11
TRAIL1__N2_05,NORMALIZED,historical_true_oos,2025,7,0.3680877619,COMPLETE,POSITIVE,12
TRAIL1__N2_05,NORMALIZED,historical_true_oos,2026,5,0.3104246023,COMPLETE,POSITIVE,1
TRAIL1__N2_05,NORMALIZED,historical_true_oos,2026,2,-1.012583373,COMPLETE,NEGATIVE,2
TRAIL1__N2_05,NORMALIZED,historical_true_oos,2026,7,2.682368235,COMPLETE,POSITIVE,3
TRAIL1__N2_05,NORMALIZED,historical_true_oos,2026,5,0.2055520011,COMPLETE,POSITIVE,4
TRAIL1__N2_05,NORMALIZED,historical_true_oos,2026,5,-0.2946217809,COMPLETE,NEGATIVE,5
TRAIL1__N2_05,NORMALIZED,historical_true_oos,2026,10,1.970754006,COMPLETE,POSITIVE,6
TRAIL1__N2_05,NORMALIZED,historical_true_oos,2026,5,-0.1280245706,COMPLETE,NEGATIVE,7
TRAIL1__N2_05,NORMALIZED,historical_true_oos,2026,9,3.398031306,COMPLETE,POSITIVE,8
TRAIL1__N2_05,NORMALIZED,historical_true_oos,2026,3,-0.4888818323,COMPLETE,NEGATIVE,9
TRAIL1__N2_05,FULL,baseline,2023,1,-0.04221464414,COMPLETE,NEGATIVE,2
TRAIL1__N2_05,FULL,baseline,2023,2,-0.04821587657,COMPLETE,NEGATIVE,3
TRAIL1__N2_05,FULL,baseline,2023,3,3.329893609,COMPLETE,POSITIVE,4
TRAIL1__N2_05,FULL,baseline,2023,2,2.437394172,COMPLETE,POSITIVE,5
TRAIL1__N2_05,FULL,baseline,2023,3,0.6636195816,COMPLETE,POSITIVE,6
TRAIL1__N2_05,FULL,baseline,2023,3,-3.035068614,COMPLETE,NEGATIVE,7
TRAIL1__N2_05,FULL,baseline,2023,3,1.200489043,COMPLETE,POSITIVE,8
TRAIL1__N2_05,FULL,baseline,2023,1,-1.013617294,COMPLETE,NEGATIVE,9
TRAIL1__N2_05,FULL,baseline,2023,2,-1.306468867,COMPLETE,NEGATIVE,10
TRAIL1__N2_05,FULL,baseline,2023,1,-1.025748695,COMPLETE,NEGATIVE,11
TRAIL1__N2_05,FULL,baseline,2023,2,-2.048216088,COMPLETE,NEGATIVE,12
TRAIL1__N2_05,FULL,baseline,2024,4,1.721022269,COMPLETE,POSITIVE,1
TRAIL1__N2_05,FULL,baseline,2024,4,1.427848158,COMPLETE,POSITIVE,2
TRAIL1__N2_05,FULL,baseline,2024,3,1.389392539,COMPLETE,POSITIVE,3
TRAIL1__N2_05,FULL,baseline,2024,5,3.879436746,COMPLETE,POSITIVE,4
TRAIL1__N2_05,FULL,baseline,2024,5,1.929572004,COMPLETE,POSITIVE,5
TRAIL1__N2_05,FULL,baseline,2024,6,15.67894362,COMPLETE,POSITIVE,6
TRAIL1__N2_05,FULL,baseline,2024,3,3.944499122,COMPLETE,POSITIVE,7
TRAIL1__N2_05,FULL,baseline,2024,5,1.21491181,COMPLETE,POSITIVE,8
TRAIL1__N2_05,FULL,baseline,2024,5,5.365139372,COMPLETE,POSITIVE,9
TRAIL1__N2_05,FULL,baseline,2024,2,1.985227387,COMPLETE,POSITIVE,10
TRAIL1__N2_05,FULL,baseline,2024,6,8.057995266,COMPLETE,POSITIVE,11
TRAIL1__N2_05,FULL,baseline,2024,2,-1.068681472,COMPLETE,NEGATIVE,12
TRAIL1__N2_05,FULL,walk_forward,2024,2,-2.035690211,COMPLETE,NEGATIVE,2
TRAIL1__N2_05,FULL,walk_forward,2024,2,-2.00018559,COMPLETE,NEGATIVE,3
TRAIL1__N2_05,FULL,walk_forward,2024,3,3.996543896,COMPLETE,POSITIVE,5
TRAIL1__N2_05,FULL,walk_forward,2024,6,15.67894362,COMPLETE,POSITIVE,6
TRAIL1__N2_05,FULL,walk_forward,2024,3,0.265003475,COMPLETE,POSITIVE,8
TRAIL1__N2_05,FULL,walk_forward,2024,5,5.365139372,COMPLETE,POSITIVE,9
TRAIL1__N2_05,FULL,walk_forward,2024,5,7.847706958,COMPLETE,POSITIVE,11
TRAIL1__N2_05,FULL,walk_forward,2024,2,-1.068681472,COMPLETE,NEGATIVE,12
TRAIL1__N2_05,FULL,historical_true_oos,2025,2,0.2021210116,COMPLETE,POSITIVE,2
TRAIL1__N2_05,FULL,historical_true_oos,2025,3,0.7597774632,COMPLETE,POSITIVE,3
TRAIL1__N2_05,FULL,historical_true_oos,2025,6,1.507994888,COMPLETE,POSITIVE,4
TRAIL1__N2_05,FULL,historical_true_oos,2025,1,1.729743448,COMPLETE,POSITIVE,5
TRAIL1__N2_05,FULL,historical_true_oos,2025,1,0.8051001802,COMPLETE,POSITIVE,6
TRAIL1__N2_05,FULL,historical_true_oos,2025,6,6.322970966,COMPLETE,POSITIVE,7
TRAIL1__N2_05,FULL,historical_true_oos,2025,2,1.217632493,COMPLETE,POSITIVE,8
TRAIL1__N2_05,FULL,historical_true_oos,2025,8,5.372001829,COMPLETE,POSITIVE,9
TRAIL1__N2_05,FULL,historical_true_oos,2025,10,3.157118788,COMPLETE,POSITIVE,10
TRAIL1__N2_05,FULL,historical_true_oos,2025,3,-1.757028271,COMPLETE,NEGATIVE,11
TRAIL1__N2_05,FULL,historical_true_oos,2025,7,0.7361755238,COMPLETE,POSITIVE,12
TRAIL1__N2_05,FULL,historical_true_oos,2026,5,0.6208492046,COMPLETE,POSITIVE,1
TRAIL1__N2_05,FULL,historical_true_oos,2026,2,-2.025166747,COMPLETE,NEGATIVE,2
TRAIL1__N2_05,FULL,historical_true_oos,2026,7,5.36473647,COMPLETE,POSITIVE,3
TRAIL1__N2_05,FULL,historical_true_oos,2026,5,0.4111040023,COMPLETE,POSITIVE,4
TRAIL1__N2_05,FULL,historical_true_oos,2026,5,-0.5892435618,COMPLETE,NEGATIVE,5
TRAIL1__N2_05,FULL,historical_true_oos,2026,10,3.941508012,COMPLETE,POSITIVE,6
TRAIL1__N2_05,FULL,historical_true_oos,2026,5,-0.2560491411,COMPLETE,NEGATIVE,7
TRAIL1__N2_05,FULL,historical_true_oos,2026,9,6.796062613,COMPLETE,POSITIVE,8
TRAIL1__N2_05,FULL,historical_true_oos,2026,3,-0.9777636646,COMPLETE,NEGATIVE,9
TRAIL1__N2_06,NORMALIZED,baseline,2023,1,-0.5000160971,COMPLETE,NEGATIVE,9
TRAIL1__N2_06,NORMALIZED,baseline,2023,1,0.02702984538,COMPLETE,POSITIVE,11
TRAIL1__N2_06,NORMALIZED,baseline,2023,4,-0.8081390259,COMPLETE,NEGATIVE,12
TRAIL1__N2_06,NORMALIZED,baseline,2024,4,-0.6969558959,COMPLETE,NEGATIVE,1
TRAIL1__N2_06,NORMALIZED,baseline,2024,6,0.1100865823,COMPLETE,POSITIVE,2
TRAIL1__N2_06,NORMALIZED,baseline,2024,7,4.304875373,COMPLETE,POSITIVE,3
TRAIL1__N2_06,NORMALIZED,baseline,2024,5,2.950378362,COMPLETE,POSITIVE,4
TRAIL1__N2_06,NORMALIZED,baseline,2024,3,0.691138382,COMPLETE,POSITIVE,5
TRAIL1__N2_06,NORMALIZED,baseline,2024,7,1.412670192,COMPLETE,POSITIVE,6
TRAIL1__N2_06,NORMALIZED,baseline,2024,3,1.972249561,COMPLETE,POSITIVE,7
TRAIL1__N2_06,NORMALIZED,baseline,2024,8,1.173273041,COMPLETE,POSITIVE,8
TRAIL1__N2_06,NORMALIZED,baseline,2024,3,0.8374528244,COMPLETE,POSITIVE,9
TRAIL1__N2_06,NORMALIZED,baseline,2024,4,1.703002238,COMPLETE,POSITIVE,10
TRAIL1__N2_06,NORMALIZED,baseline,2024,7,3.337982655,COMPLETE,POSITIVE,11
TRAIL1__N2_06,NORMALIZED,baseline,2024,2,0.1498902174,COMPLETE,POSITIVE,12
TRAIL1__N2_06,NORMALIZED,walk_forward,2024,3,-0.01770252742,COMPLETE,NEGATIVE,2
TRAIL1__N2_06,NORMALIZED,walk_forward,2024,6,2.610086309,COMPLETE,POSITIVE,3
TRAIL1__N2_06,NORMALIZED,walk_forward,2024,3,0.691138382,COMPLETE,POSITIVE,5
TRAIL1__N2_06,NORMALIZED,walk_forward,2024,7,1.412670192,COMPLETE,POSITIVE,6
TRAIL1__N2_06,NORMALIZED,walk_forward,2024,6,0.03423519926,COMPLETE,POSITIVE,8
TRAIL1__N2_06,NORMALIZED,walk_forward,2024,3,0.8374528244,COMPLETE,POSITIVE,9
TRAIL1__N2_06,NORMALIZED,walk_forward,2024,5,0.4235049458,COMPLETE,POSITIVE,11
TRAIL1__N2_06,NORMALIZED,walk_forward,2024,2,0.1498902174,COMPLETE,POSITIVE,12
TRAIL1__N2_06,NORMALIZED,historical_true_oos,2025,2,-1.00002729,COMPLETE,NEGATIVE,2
TRAIL1__N2_06,NORMALIZED,historical_true_oos,2025,1,-0.5000151344,COMPLETE,NEGATIVE,3
TRAIL1__N2_06,NORMALIZED,historical_true_oos,2025,5,1.816436549,COMPLETE,POSITIVE,4
TRAIL1__N2_06,NORMALIZED,historical_true_oos,2025,1,0.8648717242,COMPLETE,POSITIVE,5
TRAIL1__N2_06,NORMALIZED,historical_true_oos,2025,4,0.4842245427,COMPLETE,POSITIVE,7
TRAIL1__N2_06,NORMALIZED,historical_true_oos,2025,2,0.6088162464,COMPLETE,POSITIVE,8
TRAIL1__N2_06,NORMALIZED,historical_true_oos,2025,10,6.801569059,COMPLETE,POSITIVE,9
TRAIL1__N2_06,NORMALIZED,historical_true_oos,2025,11,3.9141887,COMPLETE,POSITIVE,10
TRAIL1__N2_06,NORMALIZED,historical_true_oos,2025,3,-1.500031724,COMPLETE,NEGATIVE,11
TRAIL1__N2_06,NORMALIZED,historical_true_oos,2025,4,-0.9678978693,COMPLETE,NEGATIVE,12
TRAIL1__N2_06,NORMALIZED,historical_true_oos,2026,7,2.443747423,COMPLETE,POSITIVE,1
TRAIL1__N2_06,NORMALIZED,historical_true_oos,2026,2,-1.000047436,COMPLETE,NEGATIVE,2
TRAIL1__N2_06,NORMALIZED,historical_true_oos,2026,5,0.9543687165,COMPLETE,POSITIVE,3
TRAIL1__N2_06,NORMALIZED,historical_true_oos,2026,4,-0.2192736938,COMPLETE,NEGATIVE,4
TRAIL1__N2_06,NORMALIZED,historical_true_oos,2026,7,-0.6822827744,COMPLETE,NEGATIVE,5
TRAIL1__N2_06,NORMALIZED,historical_true_oos,2026,8,2.500713115,COMPLETE,POSITIVE,6
TRAIL1__N2_06,NORMALIZED,historical_true_oos,2026,5,-0.1209288919,COMPLETE,NEGATIVE,7
TRAIL1__N2_06,NORMALIZED,historical_true_oos,2026,7,7.194964938,COMPLETE,POSITIVE,8
TRAIL1__N2_06,NORMALIZED,historical_true_oos,2026,2,0.8639012892,COMPLETE,POSITIVE,9
TRAIL1__N2_06,FULL,baseline,2023,1,-1.000032194,COMPLETE,NEGATIVE,9
TRAIL1__N2_06,FULL,baseline,2023,1,0.05405969077,COMPLETE,POSITIVE,11
TRAIL1__N2_06,FULL,baseline,2023,4,-1.616278052,COMPLETE,NEGATIVE,12
TRAIL1__N2_06,FULL,baseline,2024,4,-1.393911792,COMPLETE,NEGATIVE,1
TRAIL1__N2_06,FULL,baseline,2024,6,0.2201731647,COMPLETE,POSITIVE,2
TRAIL1__N2_06,FULL,baseline,2024,7,8.609750747,COMPLETE,POSITIVE,3
TRAIL1__N2_06,FULL,baseline,2024,5,5.900756723,COMPLETE,POSITIVE,4
TRAIL1__N2_06,FULL,baseline,2024,3,1.382276764,COMPLETE,POSITIVE,5
TRAIL1__N2_06,FULL,baseline,2024,7,2.825340383,COMPLETE,POSITIVE,6
TRAIL1__N2_06,FULL,baseline,2024,3,3.944499122,COMPLETE,POSITIVE,7
TRAIL1__N2_06,FULL,baseline,2024,8,2.346546083,COMPLETE,POSITIVE,8
TRAIL1__N2_06,FULL,baseline,2024,3,1.674905649,COMPLETE,POSITIVE,9
TRAIL1__N2_06,FULL,baseline,2024,4,3.406004475,COMPLETE,POSITIVE,10
TRAIL1__N2_06,FULL,baseline,2024,7,6.675965309,COMPLETE,POSITIVE,11
TRAIL1__N2_06,FULL,baseline,2024,2,0.2997804349,COMPLETE,POSITIVE,12
TRAIL1__N2_06,FULL,walk_forward,2024,3,-0.03540505484,COMPLETE,NEGATIVE,2
TRAIL1__N2_06,FULL,walk_forward,2024,6,5.220172618,COMPLETE,POSITIVE,3
TRAIL1__N2_06,FULL,walk_forward,2024,3,1.382276764,COMPLETE,POSITIVE,5
TRAIL1__N2_06,FULL,walk_forward,2024,7,2.825340383,COMPLETE,POSITIVE,6
TRAIL1__N2_06,FULL,walk_forward,2024,6,0.06847039852,COMPLETE,POSITIVE,8
TRAIL1__N2_06,FULL,walk_forward,2024,3,1.674905649,COMPLETE,POSITIVE,9
TRAIL1__N2_06,FULL,walk_forward,2024,5,0.8470098917,COMPLETE,POSITIVE,11
TRAIL1__N2_06,FULL,walk_forward,2024,2,0.2997804349,COMPLETE,POSITIVE,12
TRAIL1__N2_06,FULL,historical_true_oos,2025,2,-2.00005458,COMPLETE,NEGATIVE,2
TRAIL1__N2_06,FULL,historical_true_oos,2025,1,-1.000030269,COMPLETE,NEGATIVE,3
TRAIL1__N2_06,FULL,historical_true_oos,2025,5,3.632873099,COMPLETE,POSITIVE,4
TRAIL1__N2_06,FULL,historical_true_oos,2025,1,1.729743448,COMPLETE,POSITIVE,5
TRAIL1__N2_06,FULL,historical_true_oos,2025,4,0.9684490853,COMPLETE,POSITIVE,7
TRAIL1__N2_06,FULL,historical_true_oos,2025,2,1.217632493,COMPLETE,POSITIVE,8
TRAIL1__N2_06,FULL,historical_true_oos,2025,10,13.60313812,COMPLETE,POSITIVE,9
TRAIL1__N2_06,FULL,historical_true_oos,2025,11,7.8283774,COMPLETE,POSITIVE,10
TRAIL1__N2_06,FULL,historical_true_oos,2025,3,-3.000063449,COMPLETE,NEGATIVE,11
TRAIL1__N2_06,FULL,historical_true_oos,2025,4,-1.935795739,COMPLETE,NEGATIVE,12
TRAIL1__N2_06,FULL,historical_true_oos,2026,7,4.887494847,COMPLETE,POSITIVE,1
TRAIL1__N2_06,FULL,historical_true_oos,2026,2,-2.000094871,COMPLETE,NEGATIVE,2
TRAIL1__N2_06,FULL,historical_true_oos,2026,5,1.908737433,COMPLETE,POSITIVE,3
TRAIL1__N2_06,FULL,historical_true_oos,2026,4,-0.4385473876,COMPLETE,NEGATIVE,4
TRAIL1__N2_06,FULL,historical_true_oos,2026,7,-1.364565549,COMPLETE,NEGATIVE,5
TRAIL1__N2_06,FULL,historical_true_oos,2026,8,5.00142623,COMPLETE,POSITIVE,6
TRAIL1__N2_06,FULL,historical_true_oos,2026,5,-0.2418577838,COMPLETE,NEGATIVE,7
TRAIL1__N2_06,FULL,historical_true_oos,2026,7,14.38992988,COMPLETE,POSITIVE,8
TRAIL1__N2_06,FULL,historical_true_oos,2026,2,1.727802578,COMPLETE,POSITIVE,9
TRAIL1__N3_01,NORMALIZED,baseline,2023,3,-0.1050681461,COMPLETE,NEGATIVE,2
TRAIL1__N3_01,NORMALIZED,baseline,2023,3,-0.3506097737,COMPLETE,NEGATIVE,3
TRAIL1__N3_01,NORMALIZED,baseline,2023,6,2.371045416,COMPLETE,POSITIVE,4
TRAIL1__N3_01,NORMALIZED,baseline,2023,5,1.545550057,COMPLETE,POSITIVE,5
TRAIL1__N3_01,NORMALIZED,baseline,2023,7,1.465629371,COMPLETE,POSITIVE,6
TRAIL1__N3_01,NORMALIZED,baseline,2023,5,-0.8787762807,COMPLETE,NEGATIVE,7
TRAIL1__N3_01,NORMALIZED,baseline,2023,7,2.323042531,COMPLETE,POSITIVE,8
TRAIL1__N3_01,NORMALIZED,baseline,2023,3,-1.00520972,COMPLETE,NEGATIVE,9
TRAIL1__N3_01,NORMALIZED,baseline,2023,6,-1.118278509,COMPLETE,NEGATIVE,10
TRAIL1__N3_01,NORMALIZED,baseline,2023,4,0.1572687022,COMPLETE,POSITIVE,11
TRAIL1__N3_01,NORMALIZED,baseline,2023,8,-0.4287042418,COMPLETE,NEGATIVE,12
TRAIL1__N3_01,NORMALIZED,baseline,2024,6,-0.6903772903,COMPLETE,NEGATIVE,1
TRAIL1__N3_01,NORMALIZED,baseline,2024,7,-0.6219800155,COMPLETE,NEGATIVE,2
TRAIL1__N3_01,NORMALIZED,baseline,2024,5,2.784275578,COMPLETE,POSITIVE,3
TRAIL1__N3_01,NORMALIZED,baseline,2024,13,1.498434474,COMPLETE,POSITIVE,4
TRAIL1__N3_01,NORMALIZED,baseline,2024,7,0.6619618908,COMPLETE,POSITIVE,5
TRAIL1__N3_01,NORMALIZED,baseline,2024,10,5.177939583,COMPLETE,POSITIVE,6
TRAIL1__N3_01,NORMALIZED,baseline,2024,13,-0.3045688497,COMPLETE,NEGATIVE,8
TRAIL1__N3_01,NORMALIZED,baseline,2024,8,1.001866627,COMPLETE,POSITIVE,9
TRAIL1__N3_01,NORMALIZED,baseline,2024,6,1.710318597,COMPLETE,POSITIVE,10
TRAIL1__N3_01,NORMALIZED,baseline,2024,11,4.688743781,COMPLETE,POSITIVE,11
TRAIL1__N3_01,NORMALIZED,baseline,2024,3,-0.0892482537,COMPLETE,NEGATIVE,12
TRAIL1__N3_01,NORMALIZED,walk_forward,2024,4,-0.3578901128,COMPLETE,NEGATIVE,2
TRAIL1__N3_01,NORMALIZED,walk_forward,2024,5,2.784275578,COMPLETE,POSITIVE,3
TRAIL1__N3_01,NORMALIZED,walk_forward,2024,4,1.190810657,COMPLETE,POSITIVE,5
TRAIL1__N3_01,NORMALIZED,walk_forward,2024,10,5.177939583,COMPLETE,POSITIVE,6
TRAIL1__N3_01,NORMALIZED,walk_forward,2024,7,-0.04271702519,COMPLETE,NEGATIVE,8
TRAIL1__N3_01,NORMALIZED,walk_forward,2024,8,1.001866627,COMPLETE,POSITIVE,9
TRAIL1__N3_01,NORMALIZED,walk_forward,2024,8,3.489015845,COMPLETE,POSITIVE,11
TRAIL1__N3_01,NORMALIZED,walk_forward,2024,3,-0.0892482537,COMPLETE,NEGATIVE,12
TRAIL1__N3_01,NORMALIZED,historical_true_oos,2025,2,0.06737961949,COMPLETE,POSITIVE,2
TRAIL1__N3_01,NORMALIZED,historical_true_oos,2025,4,1.210244041,COMPLETE,POSITIVE,3
TRAIL1__N3_01,NORMALIZED,historical_true_oos,2025,7,-0.8918909854,COMPLETE,NEGATIVE,4
TRAIL1__N3_01,NORMALIZED,historical_true_oos,2025,1,-0.3340996521,COMPLETE,NEGATIVE,5
TRAIL1__N3_01,NORMALIZED,historical_true_oos,2025,1,0.2683667267,COMPLETE,POSITIVE,6
TRAIL1__N3_01,NORMALIZED,historical_true_oos,2025,10,0.8469632119,COMPLETE,POSITIVE,7
TRAIL1__N3_01,NORMALIZED,historical_true_oos,2025,10,9.80267913,COMPLETE,POSITIVE,9
TRAIL1__N3_01,NORMALIZED,historical_true_oos,2025,15,2.133206564,COMPLETE,POSITIVE,10
TRAIL1__N3_01,NORMALIZED,historical_true_oos,2025,5,-0.7452303423,COMPLETE,NEGATIVE,11
TRAIL1__N3_01,NORMALIZED,historical_true_oos,2025,12,-1.46494555,COMPLETE,NEGATIVE,12
TRAIL1__N3_01,NORMALIZED,historical_true_oos,2026,8,1.324708048,COMPLETE,POSITIVE,1
TRAIL1__N3_01,NORMALIZED,historical_true_oos,2026,3,-1.009481037,COMPLETE,NEGATIVE,2
TRAIL1__N3_01,NORMALIZED,historical_true_oos,2026,12,3.840893166,COMPLETE,POSITIVE,3
TRAIL1__N3_01,NORMALIZED,historical_true_oos,2026,3,0.2915553422,COMPLETE,POSITIVE,4
TRAIL1__N3_01,NORMALIZED,historical_true_oos,2026,5,1.21456709,COMPLETE,POSITIVE,5
TRAIL1__N3_01,NORMALIZED,historical_true_oos,2026,12,2.115540099,COMPLETE,POSITIVE,6
TRAIL1__N3_01,NORMALIZED,historical_true_oos,2026,3,-1.005413081,COMPLETE,NEGATIVE,7
TRAIL1__N3_01,NORMALIZED,historical_true_oos,2026,16,8.371220383,COMPLETE,POSITIVE,8
TRAIL1__N3_01,NORMALIZED,historical_true_oos,2026,5,-1.13042181,COMPLETE,NEGATIVE,9
TRAIL1__N3_01,FULL,baseline,2023,3,-0.3152044383,COMPLETE,NEGATIVE,2
TRAIL1__N3_01,FULL,baseline,2023,3,-1.051829321,COMPLETE,NEGATIVE,3
TRAIL1__N3_01,FULL,baseline,2023,6,7.113136247,COMPLETE,POSITIVE,4
TRAIL1__N3_01,FULL,baseline,2023,5,4.636650171,COMPLETE,POSITIVE,5
TRAIL1__N3_01,FULL,baseline,2023,7,4.396888113,COMPLETE,POSITIVE,6
TRAIL1__N3_01,FULL,baseline,2023,5,-2.636328842,COMPLETE,NEGATIVE,7
TRAIL1__N3_01,FULL,baseline,2023,7,6.969127592,COMPLETE,POSITIVE,8
TRAIL1__N3_01,FULL,baseline,2023,3,-3.015629161,COMPLETE,NEGATIVE,9
TRAIL1__N3_01,FULL,baseline,2023,6,-3.354835528,COMPLETE,NEGATIVE,10
TRAIL1__N3_01,FULL,baseline,2023,4,0.4718061067,COMPLETE,POSITIVE,11
TRAIL1__N3_01,FULL,baseline,2023,8,-1.286112725,COMPLETE,NEGATIVE,12
TRAIL1__N3_01,FULL,baseline,2024,6,-2.071131871,COMPLETE,NEGATIVE,1
TRAIL1__N3_01,FULL,baseline,2024,7,-1.865940047,COMPLETE,NEGATIVE,2
TRAIL1__N3_01,FULL,baseline,2024,5,8.352826734,COMPLETE,POSITIVE,3
TRAIL1__N3_01,FULL,baseline,2024,13,4.495303422,COMPLETE,POSITIVE,4
TRAIL1__N3_01,FULL,baseline,2024,7,1.985885672,COMPLETE,POSITIVE,5
TRAIL1__N3_01,FULL,baseline,2024,10,15.53381875,COMPLETE,POSITIVE,6
TRAIL1__N3_01,FULL,baseline,2024,13,-0.9137065491,COMPLETE,NEGATIVE,8
TRAIL1__N3_01,FULL,baseline,2024,8,3.00559988,COMPLETE,POSITIVE,9
TRAIL1__N3_01,FULL,baseline,2024,6,5.130955791,COMPLETE,POSITIVE,10
TRAIL1__N3_01,FULL,baseline,2024,11,14.06623134,COMPLETE,POSITIVE,11
TRAIL1__N3_01,FULL,baseline,2024,3,-0.2677447611,COMPLETE,NEGATIVE,12
TRAIL1__N3_01,FULL,walk_forward,2024,4,-1.073670338,COMPLETE,NEGATIVE,2
TRAIL1__N3_01,FULL,walk_forward,2024,5,8.352826734,COMPLETE,POSITIVE,3
TRAIL1__N3_01,FULL,walk_forward,2024,4,3.57243197,COMPLETE,POSITIVE,5
TRAIL1__N3_01,FULL,walk_forward,2024,10,15.53381875,COMPLETE,POSITIVE,6
TRAIL1__N3_01,FULL,walk_forward,2024,7,-0.1281510756,COMPLETE,NEGATIVE,8
TRAIL1__N3_01,FULL,walk_forward,2024,8,3.00559988,COMPLETE,POSITIVE,9
TRAIL1__N3_01,FULL,walk_forward,2024,8,10.46704754,COMPLETE,POSITIVE,11
TRAIL1__N3_01,FULL,walk_forward,2024,3,-0.2677447611,COMPLETE,NEGATIVE,12
TRAIL1__N3_01,FULL,historical_true_oos,2025,2,0.2021388585,COMPLETE,POSITIVE,2
TRAIL1__N3_01,FULL,historical_true_oos,2025,4,3.630732122,COMPLETE,POSITIVE,3
TRAIL1__N3_01,FULL,historical_true_oos,2025,7,-2.675672956,COMPLETE,NEGATIVE,4
TRAIL1__N3_01,FULL,historical_true_oos,2025,1,-1.002298956,COMPLETE,NEGATIVE,5
TRAIL1__N3_01,FULL,historical_true_oos,2025,1,0.8051001802,COMPLETE,POSITIVE,6
TRAIL1__N3_01,FULL,historical_true_oos,2025,10,2.540889636,COMPLETE,POSITIVE,7
TRAIL1__N3_01,FULL,historical_true_oos,2025,10,29.40803739,COMPLETE,POSITIVE,9
TRAIL1__N3_01,FULL,historical_true_oos,2025,15,6.399619691,COMPLETE,POSITIVE,10
TRAIL1__N3_01,FULL,historical_true_oos,2025,5,-2.235691027,COMPLETE,NEGATIVE,11
TRAIL1__N3_01,FULL,historical_true_oos,2025,12,-4.394836649,COMPLETE,NEGATIVE,12
TRAIL1__N3_01,FULL,historical_true_oos,2026,8,3.974124145,COMPLETE,POSITIVE,1
TRAIL1__N3_01,FULL,historical_true_oos,2026,3,-3.028443112,COMPLETE,NEGATIVE,2
TRAIL1__N3_01,FULL,historical_true_oos,2026,12,11.5226795,COMPLETE,POSITIVE,3
TRAIL1__N3_01,FULL,historical_true_oos,2026,3,0.8746660267,COMPLETE,POSITIVE,4
TRAIL1__N3_01,FULL,historical_true_oos,2026,5,3.64370127,COMPLETE,POSITIVE,5
TRAIL1__N3_01,FULL,historical_true_oos,2026,12,6.346620298,COMPLETE,POSITIVE,6
TRAIL1__N3_01,FULL,historical_true_oos,2026,3,-3.016239244,COMPLETE,NEGATIVE,7
TRAIL1__N3_01,FULL,historical_true_oos,2026,16,25.11366115,COMPLETE,POSITIVE,8
TRAIL1__N3_01,FULL,historical_true_oos,2026,5,-3.391265431,COMPLETE,NEGATIVE,9
TRAIL1__N3_02,NORMALIZED,baseline,2023,3,-0.1050681461,COMPLETE,NEGATIVE,2
TRAIL1__N3_02,NORMALIZED,baseline,2023,3,-0.3506097737,COMPLETE,NEGATIVE,3
TRAIL1__N3_02,NORMALIZED,baseline,2023,6,2.371045416,COMPLETE,POSITIVE,4
TRAIL1__N3_02,NORMALIZED,baseline,2023,5,1.545550057,COMPLETE,POSITIVE,5
TRAIL1__N3_02,NORMALIZED,baseline,2023,7,1.465629371,COMPLETE,POSITIVE,6
TRAIL1__N3_02,NORMALIZED,baseline,2023,5,-0.8787762807,COMPLETE,NEGATIVE,7
TRAIL1__N3_02,NORMALIZED,baseline,2023,7,2.323042531,COMPLETE,POSITIVE,8
TRAIL1__N3_02,NORMALIZED,baseline,2023,2,-0.6718656555,COMPLETE,NEGATIVE,9
TRAIL1__N3_02,NORMALIZED,baseline,2023,6,-1.118278509,COMPLETE,NEGATIVE,10
TRAIL1__N3_02,NORMALIZED,baseline,2023,3,0.1392488053,COMPLETE,POSITIVE,11
TRAIL1__N3_02,NORMALIZED,baseline,2023,4,0.1100551088,COMPLETE,POSITIVE,12
TRAIL1__N3_02,NORMALIZED,baseline,2024,6,0.1783805213,COMPLETE,POSITIVE,1
TRAIL1__N3_02,NORMALIZED,baseline,2024,5,0.1416740945,COMPLETE,POSITIVE,2
TRAIL1__N3_02,NORMALIZED,baseline,2024,4,0.8406203547,COMPLETE,POSITIVE,3
TRAIL1__N3_02,NORMALIZED,baseline,2024,10,0.5963915429,COMPLETE,POSITIVE,4
TRAIL1__N3_02,NORMALIZED,baseline,2024,8,0.7188779043,COMPLETE,POSITIVE,5
TRAIL1__N3_02,NORMALIZED,baseline,2024,9,7.051062361,COMPLETE,POSITIVE,6
TRAIL1__N3_02,NORMALIZED,baseline,2024,3,1.314833041,COMPLETE,POSITIVE,7
TRAIL1__N3_02,NORMALIZED,baseline,2024,11,1.090799934,COMPLETE,POSITIVE,8
TRAIL1__N3_02,NORMALIZED,baseline,2024,7,2.138552789,COMPLETE,POSITIVE,9
TRAIL1__N3_02,NORMALIZED,baseline,2024,4,1.371970689,COMPLETE,POSITIVE,10
TRAIL1__N3_02,NORMALIZED,baseline,2024,10,3.668235644,COMPLETE,POSITIVE,11
TRAIL1__N3_02,NORMALIZED,baseline,2024,3,-0.2289385922,COMPLETE,NEGATIVE,12
TRAIL1__N3_02,NORMALIZED,walk_forward,2024,3,-1.012838695,COMPLETE,NEGATIVE,2
TRAIL1__N3_02,NORMALIZED,walk_forward,2024,3,-0.2892390215,COMPLETE,NEGATIVE,3
TRAIL1__N3_02,NORMALIZED,walk_forward,2024,5,1.24772667,COMPLETE,POSITIVE,5
TRAIL1__N3_02,NORMALIZED,walk_forward,2024,9,7.051062361,COMPLETE,POSITIVE,6
TRAIL1__N3_02,NORMALIZED,walk_forward,2024,5,0.7909556243,COMPLETE,POSITIVE,8
TRAIL1__N3_02,NORMALIZED,walk_forward,2024,7,2.138552789,COMPLETE,POSITIVE,9
TRAIL1__N3_02,NORMALIZED,walk_forward,2024,7,4.271300642,COMPLETE,POSITIVE,11
TRAIL1__N3_02,NORMALIZED,walk_forward,2024,3,-0.2289385922,COMPLETE,NEGATIVE,12
TRAIL1__N3_02,NORMALIZED,historical_true_oos,2025,2,0.06737367054,COMPLETE,POSITIVE,2
TRAIL1__N3_02,NORMALIZED,historical_true_oos,2025,5,0.8769006178,COMPLETE,POSITIVE,3
TRAIL1__N3_02,NORMALIZED,historical_true_oos,2025,8,0.2612454943,COMPLETE,POSITIVE,4
TRAIL1__N3_02,NORMALIZED,historical_true_oos,2025,2,0.2424814973,COMPLETE,POSITIVE,5
TRAIL1__N3_02,NORMALIZED,historical_true_oos,2025,1,0.2683667267,COMPLETE,POSITIVE,6
TRAIL1__N3_02,NORMALIZED,historical_true_oos,2025,10,2.503146725,COMPLETE,POSITIVE,7
TRAIL1__N3_02,NORMALIZED,historical_true_oos,2025,2,0.4058774976,COMPLETE,POSITIVE,8
TRAIL1__N3_02,NORMALIZED,historical_true_oos,2025,10,4.76987198,COMPLETE,POSITIVE,9
TRAIL1__N3_02,NORMALIZED,historical_true_oos,2025,14,1.631018351,COMPLETE,POSITIVE,10
TRAIL1__N3_02,NORMALIZED,historical_true_oos,2025,4,-0.4118985815,COMPLETE,NEGATIVE,11
TRAIL1__N3_02,NORMALIZED,historical_true_oos,2025,12,-0.7768558264,COMPLETE,NEGATIVE,12
TRAIL1__N3_02,NORMALIZED,historical_true_oos,2026,7,-0.4620193267,COMPLETE,NEGATIVE,1
TRAIL1__N3_02,NORMALIZED,historical_true_oos,2026,3,-1.009509198,COMPLETE,NEGATIVE,2
TRAIL1__N3_02,NORMALIZED,historical_true_oos,2026,11,4.408343108,COMPLETE,POSITIVE,3
TRAIL1__N3_02,NORMALIZED,historical_true_oos,2026,7,0.1453728797,COMPLETE,POSITIVE,4
TRAIL1__N3_02,NORMALIZED,historical_true_oos,2026,6,0.185149528,COMPLETE,POSITIVE,5
TRAIL1__N3_02,NORMALIZED,historical_true_oos,2026,14,2.325719518,COMPLETE,POSITIVE,6
TRAIL1__N3_02,NORMALIZED,historical_true_oos,2026,6,-0.4193540235,COMPLETE,NEGATIVE,7
TRAIL1__N3_02,NORMALIZED,historical_true_oos,2026,15,4.709152007,COMPLETE,POSITIVE,8
TRAIL1__N3_02,NORMALIZED,historical_true_oos,2026,5,-0.9947785266,COMPLETE,NEGATIVE,9
TRAIL1__N3_02,FULL,baseline,2023,3,-0.3152044383,COMPLETE,NEGATIVE,2
TRAIL1__N3_02,FULL,baseline,2023,3,-1.051829321,COMPLETE,NEGATIVE,3
TRAIL1__N3_02,FULL,baseline,2023,6,7.113136247,COMPLETE,POSITIVE,4
TRAIL1__N3_02,FULL,baseline,2023,5,4.636650171,COMPLETE,POSITIVE,5
TRAIL1__N3_02,FULL,baseline,2023,7,4.396888113,COMPLETE,POSITIVE,6
TRAIL1__N3_02,FULL,baseline,2023,5,-2.636328842,COMPLETE,NEGATIVE,7
TRAIL1__N3_02,FULL,baseline,2023,7,6.969127592,COMPLETE,POSITIVE,8
TRAIL1__N3_02,FULL,baseline,2023,2,-2.015596966,COMPLETE,NEGATIVE,9
TRAIL1__N3_02,FULL,baseline,2023,6,-3.354835528,COMPLETE,NEGATIVE,10
TRAIL1__N3_02,FULL,baseline,2023,3,0.417746416,COMPLETE,POSITIVE,11
TRAIL1__N3_02,FULL,baseline,2023,4,0.3301653265,COMPLETE,POSITIVE,12
TRAIL1__N3_02,FULL,baseline,2024,6,0.535141564,COMPLETE,POSITIVE,1
TRAIL1__N3_02,FULL,baseline,2024,5,0.4250222834,COMPLETE,POSITIVE,2
TRAIL1__N3_02,FULL,baseline,2024,4,2.521861064,COMPLETE,POSITIVE,3
TRAIL1__N3_02,FULL,baseline,2024,10,1.789174629,COMPLETE,POSITIVE,4
TRAIL1__N3_02,FULL,baseline,2024,8,2.156633713,COMPLETE,POSITIVE,5
TRAIL1__N3_02,FULL,baseline,2024,9,21.15318708,COMPLETE,POSITIVE,6
TRAIL1__N3_02,FULL,baseline,2024,3,3.944499122,COMPLETE,POSITIVE,7
TRAIL1__N3_02,FULL,baseline,2024,11,3.272399801,COMPLETE,POSITIVE,8
TRAIL1__N3_02,FULL,baseline,2024,7,6.415658368,COMPLETE,POSITIVE,9
TRAIL1__N3_02,FULL,baseline,2024,4,4.115912066,COMPLETE,POSITIVE,10
TRAIL1__N3_02,FULL,baseline,2024,10,11.00470693,COMPLETE,POSITIVE,11
TRAIL1__N3_02,FULL,baseline,2024,3,-0.6868157767,COMPLETE,NEGATIVE,12
TRAIL1__N3_02,FULL,walk_forward,2024,3,-3.038516086,COMPLETE,NEGATIVE,2
TRAIL1__N3_02,FULL,walk_forward,2024,3,-0.8677170645,COMPLETE,NEGATIVE,3
TRAIL1__N3_02,FULL,walk_forward,2024,5,3.743180011,COMPLETE,POSITIVE,5
TRAIL1__N3_02,FULL,walk_forward,2024,9,21.15318708,COMPLETE,POSITIVE,6
TRAIL1__N3_02,FULL,walk_forward,2024,5,2.372866873,COMPLETE,POSITIVE,8
TRAIL1__N3_02,FULL,walk_forward,2024,7,6.415658368,COMPLETE,POSITIVE,9
TRAIL1__N3_02,FULL,walk_forward,2024,7,12.81390193,COMPLETE,POSITIVE,11
TRAIL1__N3_02,FULL,walk_forward,2024,3,-0.6868157767,COMPLETE,NEGATIVE,12
TRAIL1__N3_02,FULL,historical_true_oos,2025,2,0.2021210116,COMPLETE,POSITIVE,2
TRAIL1__N3_02,FULL,historical_true_oos,2025,5,2.630701853,COMPLETE,POSITIVE,3
TRAIL1__N3_02,FULL,historical_true_oos,2025,8,0.7837364828,COMPLETE,POSITIVE,4
TRAIL1__N3_02,FULL,historical_true_oos,2025,2,0.7274444919,COMPLETE,POSITIVE,5
TRAIL1__N3_02,FULL,historical_true_oos,2025,1,0.8051001802,COMPLETE,POSITIVE,6
TRAIL1__N3_02,FULL,historical_true_oos,2025,10,7.509440174,COMPLETE,POSITIVE,7
TRAIL1__N3_02,FULL,historical_true_oos,2025,2,1.217632493,COMPLETE,POSITIVE,8
TRAIL1__N3_02,FULL,historical_true_oos,2025,10,14.30961594,COMPLETE,POSITIVE,9
TRAIL1__N3_02,FULL,historical_true_oos,2025,14,4.893055053,COMPLETE,POSITIVE,10
TRAIL1__N3_02,FULL,historical_true_oos,2025,4,-1.235695745,COMPLETE,NEGATIVE,11
TRAIL1__N3_02,FULL,historical_true_oos,2025,12,-2.330567479,COMPLETE,NEGATIVE,12
TRAIL1__N3_02,FULL,historical_true_oos,2026,7,-1.38605798,COMPLETE,NEGATIVE,1
TRAIL1__N3_02,FULL,historical_true_oos,2026,3,-3.028527594,COMPLETE,NEGATIVE,2
TRAIL1__N3_02,FULL,historical_true_oos,2026,11,13.22502932,COMPLETE,POSITIVE,3
TRAIL1__N3_02,FULL,historical_true_oos,2026,7,0.4361186391,COMPLETE,POSITIVE,4
TRAIL1__N3_02,FULL,historical_true_oos,2026,6,0.5554485841,COMPLETE,POSITIVE,5
TRAIL1__N3_02,FULL,historical_true_oos,2026,14,6.977158554,COMPLETE,POSITIVE,6
TRAIL1__N3_02,FULL,historical_true_oos,2026,6,-1.258062071,COMPLETE,NEGATIVE,7
TRAIL1__N3_02,FULL,historical_true_oos,2026,15,14.12745602,COMPLETE,POSITIVE,8
TRAIL1__N3_02,FULL,historical_true_oos,2026,5,-2.98433558,COMPLETE,NEGATIVE,9
TRAIL1__N3_03,NORMALIZED,baseline,2023,2,-0.09099659804,COMPLETE,NEGATIVE,2
TRAIL1__N3_03,NORMALIZED,baseline,2023,1,-0.3345378148,COMPLETE,NEGATIVE,3
TRAIL1__N3_03,NORMALIZED,baseline,2023,3,1.261080879,COMPLETE,POSITIVE,4
TRAIL1__N3_03,NORMALIZED,baseline,2023,3,0.733085333,COMPLETE,POSITIVE,5
TRAIL1__N3_03,NORMALIZED,baseline,2023,4,1.244422844,COMPLETE,POSITIVE,6
TRAIL1__N3_03,NORMALIZED,baseline,2023,2,0.1329132572,COMPLETE,POSITIVE,7
TRAIL1__N3_03,NORMALIZED,baseline,2023,4,1.922879516,COMPLETE,POSITIVE,8
TRAIL1__N3_03,NORMALIZED,baseline,2023,2,-0.667337289,COMPLETE,NEGATIVE,9
TRAIL1__N3_03,NORMALIZED,baseline,2023,4,-0.6827888871,COMPLETE,NEGATIVE,10
TRAIL1__N3_03,NORMALIZED,baseline,2023,3,0.4991849341,COMPLETE,POSITIVE,11
TRAIL1__N3_03,NORMALIZED,baseline,2023,6,0.2540344541,COMPLETE,POSITIVE,12
TRAIL1__N3_03,NORMALIZED,baseline,2024,6,-0.8599308324,COMPLETE,NEGATIVE,1
TRAIL1__N3_03,NORMALIZED,baseline,2024,7,-0.2608842366,COMPLETE,NEGATIVE,2
TRAIL1__N3_03,NORMALIZED,baseline,2024,8,3.247406424,COMPLETE,POSITIVE,3
TRAIL1__N3_03,NORMALIZED,baseline,2024,10,1.270164869,COMPLETE,POSITIVE,4
TRAIL1__N3_03,NORMALIZED,baseline,2024,6,0.5364461576,COMPLETE,POSITIVE,5
TRAIL1__N3_03,NORMALIZED,baseline,2024,10,2.766527948,COMPLETE,POSITIVE,6
TRAIL1__N3_03,NORMALIZED,baseline,2024,3,1.314833041,COMPLETE,POSITIVE,7
TRAIL1__N3_03,NORMALIZED,baseline,2024,14,1.468011358,COMPLETE,POSITIVE,8
TRAIL1__N3_03,NORMALIZED,baseline,2024,5,0.9084748816,COMPLETE,POSITIVE,9
TRAIL1__N3_03,NORMALIZED,baseline,2024,6,1.845563052,COMPLETE,POSITIVE,10
TRAIL1__N3_03,NORMALIZED,baseline,2024,11,3.207558992,COMPLETE,POSITIVE,11
TRAIL1__N3_03,NORMALIZED,baseline,2024,3,0.2272153767,COMPLETE,POSITIVE,12
TRAIL1__N3_03,NORMALIZED,walk_forward,2024,4,-0.3460769764,COMPLETE,NEGATIVE,2
TRAIL1__N3_03,NORMALIZED,walk_forward,2024,7,2.117547048,COMPLETE,POSITIVE,3
TRAIL1__N3_03,NORMALIZED,walk_forward,2024,5,0.3763042929,COMPLETE,POSITIVE,5
TRAIL1__N3_03,NORMALIZED,walk_forward,2024,10,2.766527948,COMPLETE,POSITIVE,6
TRAIL1__N3_03,NORMALIZED,walk_forward,2024,8,0.7254445988,COMPLETE,POSITIVE,8
TRAIL1__N3_03,NORMALIZED,walk_forward,2024,5,0.9084748816,COMPLETE,POSITIVE,9
TRAIL1__N3_03,NORMALIZED,walk_forward,2024,7,1.937734953,COMPLETE,POSITIVE,11
TRAIL1__N3_03,NORMALIZED,walk_forward,2024,3,0.2272153767,COMPLETE,POSITIVE,12
TRAIL1__N3_03,NORMALIZED,historical_true_oos,2025,2,-0.66668486,COMPLETE,NEGATIVE,2
TRAIL1__N3_03,NORMALIZED,historical_true_oos,2025,3,0.2902980404,COMPLETE,POSITIVE,3
TRAIL1__N3_03,NORMALIZED,historical_true_oos,2025,7,0.9695382311,COMPLETE,POSITIVE,4
TRAIL1__N3_03,NORMALIZED,historical_true_oos,2025,2,0.2424814973,COMPLETE,POSITIVE,5
TRAIL1__N3_03,NORMALIZED,historical_true_oos,2025,8,0.7183060978,COMPLETE,POSITIVE,7
TRAIL1__N3_03,NORMALIZED,historical_true_oos,2025,2,0.4058774976,COMPLETE,POSITIVE,8
TRAIL1__N3_03,NORMALIZED,historical_true_oos,2025,12,7.513584076,COMPLETE,POSITIVE,9
TRAIL1__N3_03,NORMALIZED,historical_true_oos,2025,15,3.188104555,COMPLETE,POSITIVE,10
TRAIL1__N3_03,NORMALIZED,historical_true_oos,2025,4,-0.8262436407,COMPLETE,NEGATIVE,11
TRAIL1__N3_03,NORMALIZED,historical_true_oos,2025,9,-1.667512914,COMPLETE,NEGATIVE,12
TRAIL1__N3_03,NORMALIZED,historical_true_oos,2026,9,0.9601958874,COMPLETE,POSITIVE,1
TRAIL1__N3_03,NORMALIZED,historical_true_oos,2026,3,-1.001151906,COMPLETE,NEGATIVE,2
TRAIL1__N3_03,NORMALIZED,historical_true_oos,2026,9,3.256343428,COMPLETE,POSITIVE,3
TRAIL1__N3_03,NORMALIZED,historical_true_oos,2026,6,-0.1378442503,COMPLETE,NEGATIVE,4
TRAIL1__N3_03,NORMALIZED,historical_true_oos,2026,8,-0.07329113429,COMPLETE,NEGATIVE,5
TRAIL1__N3_03,NORMALIZED,historical_true_oos,2026,12,2.679025591,COMPLETE,POSITIVE,6
TRAIL1__N3_03,NORMALIZED,historical_true_oos,2026,6,-0.4146235711,COMPLETE,NEGATIVE,7
TRAIL1__N3_03,NORMALIZED,historical_true_oos,2026,13,7.240441095,COMPLETE,POSITIVE,8
TRAIL1__N3_03,NORMALIZED,historical_true_oos,2026,4,-0.09292311229,COMPLETE,NEGATIVE,9
TRAIL1__N3_03,FULL,baseline,2023,2,-0.2729897941,COMPLETE,NEGATIVE,2
TRAIL1__N3_03,FULL,baseline,2023,1,-1.003613444,COMPLETE,NEGATIVE,3
TRAIL1__N3_03,FULL,baseline,2023,3,3.783242638,COMPLETE,POSITIVE,4
TRAIL1__N3_03,FULL,baseline,2023,3,2.199255999,COMPLETE,POSITIVE,5
TRAIL1__N3_03,FULL,baseline,2023,4,3.733268532,COMPLETE,POSITIVE,6
TRAIL1__N3_03,FULL,baseline,2023,2,0.3987397717,COMPLETE,POSITIVE,7
TRAIL1__N3_03,FULL,baseline,2023,4,5.768638549,COMPLETE,POSITIVE,8
TRAIL1__N3_03,FULL,baseline,2023,2,-2.002011867,COMPLETE,NEGATIVE,9
TRAIL1__N3_03,FULL,baseline,2023,4,-2.048366661,COMPLETE,NEGATIVE,10
TRAIL1__N3_03,FULL,baseline,2023,3,1.497554802,COMPLETE,POSITIVE,11
TRAIL1__N3_03,FULL,baseline,2023,6,0.7621033623,COMPLETE,POSITIVE,12
TRAIL1__N3_03,FULL,baseline,2024,6,-2.579792497,COMPLETE,NEGATIVE,1
TRAIL1__N3_03,FULL,baseline,2024,7,-0.7826527098,COMPLETE,NEGATIVE,2
TRAIL1__N3_03,FULL,baseline,2024,8,9.742219273,COMPLETE,POSITIVE,3
TRAIL1__N3_03,FULL,baseline,2024,10,3.810494606,COMPLETE,POSITIVE,4
TRAIL1__N3_03,FULL,baseline,2024,6,1.609338473,COMPLETE,POSITIVE,5
TRAIL1__N3_03,FULL,baseline,2024,10,8.299583843,COMPLETE,POSITIVE,6
TRAIL1__N3_03,FULL,baseline,2024,3,3.944499122,COMPLETE,POSITIVE,7
TRAIL1__N3_03,FULL,baseline,2024,14,4.404034074,COMPLETE,POSITIVE,8
TRAIL1__N3_03,FULL,baseline,2024,5,2.725424645,COMPLETE,POSITIVE,9
TRAIL1__N3_03,FULL,baseline,2024,6,5.536689155,COMPLETE,POSITIVE,10
TRAIL1__N3_03,FULL,baseline,2024,11,9.622676975,COMPLETE,POSITIVE,11
TRAIL1__N3_03,FULL,baseline,2024,3,0.6816461302,COMPLETE,POSITIVE,12
TRAIL1__N3_03,FULL,walk_forward,2024,4,-1.038230929,COMPLETE,NEGATIVE,2
TRAIL1__N3_03,FULL,walk_forward,2024,7,6.352641144,COMPLETE,POSITIVE,3
TRAIL1__N3_03,FULL,walk_forward,2024,5,1.128912879,COMPLETE,POSITIVE,5
TRAIL1__N3_03,FULL,walk_forward,2024,10,8.299583843,COMPLETE,POSITIVE,6
TRAIL1__N3_03,FULL,walk_forward,2024,8,2.176333797,COMPLETE,POSITIVE,8
TRAIL1__N3_03,FULL,walk_forward,2024,5,2.725424645,COMPLETE,POSITIVE,9
TRAIL1__N3_03,FULL,walk_forward,2024,7,5.81320486,COMPLETE,POSITIVE,11
TRAIL1__N3_03,FULL,walk_forward,2024,3,0.6816461302,COMPLETE,POSITIVE,12
TRAIL1__N3_03,FULL,historical_true_oos,2025,2,-2.00005458,COMPLETE,NEGATIVE,2
TRAIL1__N3_03,FULL,historical_true_oos,2025,3,0.8708941213,COMPLETE,POSITIVE,3
TRAIL1__N3_03,FULL,historical_true_oos,2025,7,2.908614693,COMPLETE,POSITIVE,4
TRAIL1__N3_03,FULL,historical_true_oos,2025,2,0.7274444919,COMPLETE,POSITIVE,5
TRAIL1__N3_03,FULL,historical_true_oos,2025,8,2.154918293,COMPLETE,POSITIVE,7
TRAIL1__N3_03,FULL,historical_true_oos,2025,2,1.217632493,COMPLETE,POSITIVE,8
TRAIL1__N3_03,FULL,historical_true_oos,2025,12,22.54075223,COMPLETE,POSITIVE,9
TRAIL1__N3_03,FULL,historical_true_oos,2025,15,9.564313664,COMPLETE,POSITIVE,10
TRAIL1__N3_03,FULL,historical_true_oos,2025,4,-2.478730922,COMPLETE,NEGATIVE,11
TRAIL1__N3_03,FULL,historical_true_oos,2025,9,-5.002538742,COMPLETE,NEGATIVE,12
TRAIL1__N3_03,FULL,historical_true_oos,2026,9,2.880587662,COMPLETE,POSITIVE,1
TRAIL1__N3_03,FULL,historical_true_oos,2026,3,-3.003455719,COMPLETE,NEGATIVE,2
TRAIL1__N3_03,FULL,historical_true_oos,2026,9,9.769030285,COMPLETE,POSITIVE,3
TRAIL1__N3_03,FULL,historical_true_oos,2026,6,-0.4135327508,COMPLETE,NEGATIVE,4
TRAIL1__N3_03,FULL,historical_true_oos,2026,8,-0.2198734029,COMPLETE,NEGATIVE,5
TRAIL1__N3_03,FULL,historical_true_oos,2026,12,8.037076772,COMPLETE,POSITIVE,6
TRAIL1__N3_03,FULL,historical_true_oos,2026,6,-1.243870713,COMPLETE,NEGATIVE,7
TRAIL1__N3_03,FULL,historical_true_oos,2026,13,21.72132328,COMPLETE,POSITIVE,8
TRAIL1__N3_03,FULL,historical_true_oos,2026,4,-0.2787693369,COMPLETE,NEGATIVE,9
TRAIL1__N3_04,NORMALIZED,baseline,2023,1,-0.01407154805,COMPLETE,NEGATIVE,2
TRAIL1__N3_04,NORMALIZED,baseline,2023,2,-0.01607195886,COMPLETE,NEGATIVE,3
TRAIL1__N3_04,NORMALIZED,baseline,2023,3,1.109964536,COMPLETE,POSITIVE,4
TRAIL1__N3_04,NORMALIZED,baseline,2023,2,0.8124647241,COMPLETE,POSITIVE,5
TRAIL1__N3_04,NORMALIZED,baseline,2023,3,0.2212065272,COMPLETE,POSITIVE,6
TRAIL1__N3_04,NORMALIZED,baseline,2023,3,-1.011689538,COMPLETE,NEGATIVE,7
TRAIL1__N3_04,NORMALIZED,baseline,2023,3,0.4001630144,COMPLETE,POSITIVE,8
TRAIL1__N3_04,NORMALIZED,baseline,2023,2,-0.671216496,COMPLETE,NEGATIVE,9
TRAIL1__N3_04,NORMALIZED,baseline,2023,2,-0.4354896222,COMPLETE,NEGATIVE,10
TRAIL1__N3_04,NORMALIZED,baseline,2023,2,-0.3238963349,COMPLETE,NEGATIVE,11
TRAIL1__N3_04,NORMALIZED,baseline,2023,6,-1.221498046,COMPLETE,NEGATIVE,12
TRAIL1__N3_04,NORMALIZED,baseline,2024,6,-0.09302344801,COMPLETE,NEGATIVE,1
TRAIL1__N3_04,NORMALIZED,baseline,2024,8,0.1308178584,COMPLETE,POSITIVE,2
TRAIL1__N3_04,NORMALIZED,baseline,2024,7,2.869916916,COMPLETE,POSITIVE,3
TRAIL1__N3_04,NORMALIZED,baseline,2024,9,2.727626501,COMPLETE,POSITIVE,4
TRAIL1__N3_04,NORMALIZED,baseline,2024,6,0.8451121219,COMPLETE,POSITIVE,5
TRAIL1__N3_04,NORMALIZED,baseline,2024,10,4.760643216,COMPLETE,POSITIVE,6
TRAIL1__N3_04,NORMALIZED,baseline,2024,3,1.314833041,COMPLETE,POSITIVE,7
TRAIL1__N3_04,NORMALIZED,baseline,2024,10,0.09837722551,COMPLETE,POSITIVE,8
TRAIL1__N3_04,NORMALIZED,baseline,2024,7,1.499187651,COMPLETE,POSITIVE,9
TRAIL1__N3_04,NORMALIZED,baseline,2024,5,1.398583829,COMPLETE,POSITIVE,10
TRAIL1__N3_04,NORMALIZED,baseline,2024,10,4.308913376,COMPLETE,POSITIVE,11
TRAIL1__N3_04,NORMALIZED,baseline,2024,3,-0.2364185822,COMPLETE,NEGATIVE,12
TRAIL1__N3_04,NORMALIZED,walk_forward,2024,4,-0.356989955,COMPLETE,NEGATIVE,2
TRAIL1__N3_04,NORMALIZED,walk_forward,2024,6,1.740057539,COMPLETE,POSITIVE,3
TRAIL1__N3_04,NORMALIZED,walk_forward,2024,4,1.534102753,COMPLETE,POSITIVE,5
TRAIL1__N3_04,NORMALIZED,walk_forward,2024,10,4.760643216,COMPLETE,POSITIVE,6
TRAIL1__N3_04,NORMALIZED,walk_forward,2024,7,-0.3170901,COMPLETE,NEGATIVE,8
TRAIL1__N3_04,NORMALIZED,walk_forward,2024,7,1.499187651,COMPLETE,POSITIVE,9
TRAIL1__N3_04,NORMALIZED,walk_forward,2024,8,2.365928236,COMPLETE,POSITIVE,11
TRAIL1__N3_04,NORMALIZED,walk_forward,2024,3,-0.2364185822,COMPLETE,NEGATIVE,12
TRAIL1__N3_04,NORMALIZED,historical_true_oos,2025,3,-0.265965785,COMPLETE,NEGATIVE,2
TRAIL1__N3_04,NORMALIZED,historical_true_oos,2025,3,0.2532591544,COMPLETE,POSITIVE,3
TRAIL1__N3_04,NORMALIZED,historical_true_oos,2025,8,0.5315755726,COMPLETE,POSITIVE,4
TRAIL1__N3_04,NORMALIZED,historical_true_oos,2025,1,0.5765811494,COMPLETE,POSITIVE,5
TRAIL1__N3_04,NORMALIZED,historical_true_oos,2025,1,0.2683667267,COMPLETE,POSITIVE,6
TRAIL1__N3_04,NORMALIZED,historical_true_oos,2025,8,1.440973413,COMPLETE,POSITIVE,7
TRAIL1__N3_04,NORMALIZED,historical_true_oos,2025,2,0.4058774976,COMPLETE,POSITIVE,8
TRAIL1__N3_04,NORMALIZED,historical_true_oos,2025,13,6.574260538,COMPLETE,POSITIVE,9
TRAIL1__N3_04,NORMALIZED,historical_true_oos,2025,16,2.608196603,COMPLETE,POSITIVE,10
TRAIL1__N3_04,NORMALIZED,historical_true_oos,2025,5,-1.252352546,COMPLETE,NEGATIVE,11
TRAIL1__N3_04,NORMALIZED,historical_true_oos,2025,9,-0.4212856435,COMPLETE,NEGATIVE,12
TRAIL1__N3_04,NORMALIZED,historical_true_oos,2026,9,1.914895897,COMPLETE,POSITIVE,1
TRAIL1__N3_04,NORMALIZED,historical_true_oos,2026,3,-1.008390647,COMPLETE,NEGATIVE,2
TRAIL1__N3_04,NORMALIZED,historical_true_oos,2026,10,1.822643425,COMPLETE,POSITIVE,3
TRAIL1__N3_04,NORMALIZED,historical_true_oos,2026,5,0.1370346674,COMPLETE,POSITIVE,4
TRAIL1__N3_04,NORMALIZED,historical_true_oos,2026,8,0.09086666884,COMPLETE,POSITIVE,5
TRAIL1__N3_04,NORMALIZED,historical_true_oos,2026,13,2.042317333,COMPLETE,POSITIVE,6
TRAIL1__N3_04,NORMALIZED,historical_true_oos,2026,6,-0.4186888732,COMPLETE,NEGATIVE,7
TRAIL1__N3_04,NORMALIZED,historical_true_oos,2026,13,6.494710039,COMPLETE,POSITIVE,8
TRAIL1__N3_04,NORMALIZED,historical_true_oos,2026,4,-0.1057757669,COMPLETE,NEGATIVE,9
TRAIL1__N3_04,FULL,baseline,2023,1,-0.04221464414,COMPLETE,NEGATIVE,2
TRAIL1__N3_04,FULL,baseline,2023,2,-0.04821587657,COMPLETE,NEGATIVE,3
TRAIL1__N3_04,FULL,baseline,2023,3,3.329893609,COMPLETE,POSITIVE,4
TRAIL1__N3_04,FULL,baseline,2023,2,2.437394172,COMPLETE,POSITIVE,5
TRAIL1__N3_04,FULL,baseline,2023,3,0.6636195816,COMPLETE,POSITIVE,6
TRAIL1__N3_04,FULL,baseline,2023,3,-3.035068614,COMPLETE,NEGATIVE,7
TRAIL1__N3_04,FULL,baseline,2023,3,1.200489043,COMPLETE,POSITIVE,8
TRAIL1__N3_04,FULL,baseline,2023,2,-2.013649488,COMPLETE,NEGATIVE,9
TRAIL1__N3_04,FULL,baseline,2023,2,-1.306468867,COMPLETE,NEGATIVE,10
TRAIL1__N3_04,FULL,baseline,2023,2,-0.9716890047,COMPLETE,NEGATIVE,11
TRAIL1__N3_04,FULL,baseline,2023,6,-3.664494139,COMPLETE,NEGATIVE,12
TRAIL1__N3_04,FULL,baseline,2024,6,-0.279070344,COMPLETE,NEGATIVE,1
TRAIL1__N3_04,FULL,baseline,2024,8,0.3924535752,COMPLETE,POSITIVE,2
TRAIL1__N3_04,FULL,baseline,2024,7,8.609750747,COMPLETE,POSITIVE,3
TRAIL1__N3_04,FULL,baseline,2024,9,8.182879504,COMPLETE,POSITIVE,4
TRAIL1__N3_04,FULL,baseline,2024,6,2.535336366,COMPLETE,POSITIVE,5
TRAIL1__N3_04,FULL,baseline,2024,10,14.28192965,COMPLETE,POSITIVE,6
TRAIL1__N3_04,FULL,baseline,2024,3,3.944499122,COMPLETE,POSITIVE,7
TRAIL1__N3_04,FULL,baseline,2024,10,0.2951316765,COMPLETE,POSITIVE,8
TRAIL1__N3_04,FULL,baseline,2024,7,4.497562953,COMPLETE,POSITIVE,9
TRAIL1__N3_04,FULL,baseline,2024,5,4.195751487,COMPLETE,POSITIVE,10
TRAIL1__N3_04,FULL,baseline,2024,10,12.92674013,COMPLETE,POSITIVE,11
TRAIL1__N3_04,FULL,baseline,2024,3,-0.7092557467,COMPLETE,NEGATIVE,12
TRAIL1__N3_04,FULL,walk_forward,2024,4,-1.070969865,COMPLETE,NEGATIVE,2
TRAIL1__N3_04,FULL,walk_forward,2024,6,5.220172618,COMPLETE,POSITIVE,3
TRAIL1__N3_04,FULL,walk_forward,2024,4,4.602308258,COMPLETE,POSITIVE,5
TRAIL1__N3_04,FULL,walk_forward,2024,10,14.28192965,COMPLETE,POSITIVE,6
TRAIL1__N3_04,FULL,walk_forward,2024,7,-0.9512703001,COMPLETE,NEGATIVE,8
TRAIL1__N3_04,FULL,walk_forward,2024,7,4.497562953,COMPLETE,POSITIVE,9
TRAIL1__N3_04,FULL,walk_forward,2024,8,7.097784709,COMPLETE,POSITIVE,11
TRAIL1__N3_04,FULL,walk_forward,2024,3,-0.7092557467,COMPLETE,NEGATIVE,12
TRAIL1__N3_04,FULL,historical_true_oos,2025,3,-0.797897355,COMPLETE,NEGATIVE,2
TRAIL1__N3_04,FULL,historical_true_oos,2025,3,0.7597774632,COMPLETE,POSITIVE,3
TRAIL1__N3_04,FULL,historical_true_oos,2025,8,1.594726718,COMPLETE,POSITIVE,4
TRAIL1__N3_04,FULL,historical_true_oos,2025,1,1.729743448,COMPLETE,POSITIVE,5
TRAIL1__N3_04,FULL,historical_true_oos,2025,1,0.8051001802,COMPLETE,POSITIVE,6
TRAIL1__N3_04,FULL,historical_true_oos,2025,8,4.322920239,COMPLETE,POSITIVE,7
TRAIL1__N3_04,FULL,historical_true_oos,2025,2,1.217632493,COMPLETE,POSITIVE,8
TRAIL1__N3_04,FULL,historical_true_oos,2025,13,19.72278161,COMPLETE,POSITIVE,9
TRAIL1__N3_04,FULL,historical_true_oos,2025,16,7.824589808,COMPLETE,POSITIVE,10
TRAIL1__N3_04,FULL,historical_true_oos,2025,5,-3.757057637,COMPLETE,NEGATIVE,11
TRAIL1__N3_04,FULL,historical_true_oos,2025,9,-1.26385693,COMPLETE,NEGATIVE,12
TRAIL1__N3_04,FULL,historical_true_oos,2026,9,5.74468769,COMPLETE,POSITIVE,1
TRAIL1__N3_04,FULL,historical_true_oos,2026,3,-3.025171941,COMPLETE,NEGATIVE,2
TRAIL1__N3_04,FULL,historical_true_oos,2026,10,5.467930275,COMPLETE,POSITIVE,3
TRAIL1__N3_04,FULL,historical_true_oos,2026,5,0.4111040023,COMPLETE,POSITIVE,4
TRAIL1__N3_04,FULL,historical_true_oos,2026,8,0.2726000065,COMPLETE,POSITIVE,5
TRAIL1__N3_04,FULL,historical_true_oos,2026,13,6.126952,COMPLETE,POSITIVE,6
TRAIL1__N3_04,FULL,historical_true_oos,2026,6,-1.25606662,COMPLETE,NEGATIVE,7
TRAIL1__N3_04,FULL,historical_true_oos,2026,13,19.48413012,COMPLETE,POSITIVE,8
TRAIL1__N3_04,FULL,historical_true_oos,2026,4,-0.3173273008,COMPLETE,NEGATIVE,9
TRAIL1__N4_01,NORMALIZED,baseline,2023,3,-0.07880110957,COMPLETE,NEGATIVE,2
TRAIL1__N4_01,NORMALIZED,baseline,2023,3,-0.2629573302,COMPLETE,NEGATIVE,3
TRAIL1__N4_01,NORMALIZED,baseline,2023,6,1.778284062,COMPLETE,POSITIVE,4
TRAIL1__N4_01,NORMALIZED,baseline,2023,5,1.159162543,COMPLETE,POSITIVE,5
TRAIL1__N4_01,NORMALIZED,baseline,2023,7,1.099222028,COMPLETE,POSITIVE,6
TRAIL1__N4_01,NORMALIZED,baseline,2023,5,-0.6590822105,COMPLETE,NEGATIVE,7
TRAIL1__N4_01,NORMALIZED,baseline,2023,7,1.742281898,COMPLETE,POSITIVE,8
TRAIL1__N4_01,NORMALIZED,baseline,2023,3,-0.7539072902,COMPLETE,NEGATIVE,9
TRAIL1__N4_01,NORMALIZED,baseline,2023,6,-0.8387088819,COMPLETE,NEGATIVE,10
TRAIL1__N4_01,NORMALIZED,baseline,2023,4,0.1179515267,COMPLETE,POSITIVE,11
TRAIL1__N4_01,NORMALIZED,baseline,2023,8,-0.3215281813,COMPLETE,NEGATIVE,12
TRAIL1__N4_01,NORMALIZED,baseline,2024,8,-0.3662377623,COMPLETE,NEGATIVE,1
TRAIL1__N4_01,NORMALIZED,baseline,2024,9,-0.1525930748,COMPLETE,NEGATIVE,2
TRAIL1__N4_01,NORMALIZED,baseline,2024,8,2.435554818,COMPLETE,POSITIVE,3
TRAIL1__N4_01,NORMALIZED,baseline,2024,14,1.523154347,COMPLETE,POSITIVE,4
TRAIL1__N4_01,NORMALIZED,baseline,2024,9,0.6905995187,COMPLETE,POSITIVE,5
TRAIL1__N4_01,NORMALIZED,baseline,2024,13,4.939043277,COMPLETE,POSITIVE,6
TRAIL1__N4_01,NORMALIZED,baseline,2024,3,0.9861247806,COMPLETE,POSITIVE,7
TRAIL1__N4_01,NORMALIZED,baseline,2024,16,0.5881549169,COMPLETE,POSITIVE,8
TRAIL1__N4_01,NORMALIZED,baseline,2024,9,1.387020487,COMPLETE,POSITIVE,9
TRAIL1__N4_01,NORMALIZED,baseline,2024,7,1.581609042,COMPLETE,POSITIVE,10
TRAIL1__N4_01,NORMALIZED,baseline,2024,14,3.968362948,COMPLETE,POSITIVE,11
TRAIL1__N4_01,NORMALIZED,baseline,2024,4,-0.08184751286,COMPLETE,NEGATIVE,12
TRAIL1__N4_01,NORMALIZED,walk_forward,2024,5,-0.5184489348,COMPLETE,NEGATIVE,2
TRAIL1__N4_01,NORMALIZED,walk_forward,2024,7,1.588160286,COMPLETE,POSITIVE,3
TRAIL1__N4_01,NORMALIZED,walk_forward,2024,6,1.087236093,COMPLETE,POSITIVE,5
TRAIL1__N4_01,NORMALIZED,walk_forward,2024,13,4.939043277,COMPLETE,POSITIVE,6
TRAIL1__N4_01,NORMALIZED,walk_forward,2024,9,0.2891482745,COMPLETE,POSITIVE,8
TRAIL1__N4_01,NORMALIZED,walk_forward,2024,9,1.387020487,COMPLETE,POSITIVE,9
TRAIL1__N4_01,NORMALIZED,walk_forward,2024,10,3.015994919,COMPLETE,POSITIVE,11
TRAIL1__N4_01,NORMALIZED,walk_forward,2024,4,-0.08184751286,COMPLETE,NEGATIVE,12
TRAIL1__N4_01,NORMALIZED,historical_true_oos,2025,3,-0.1994743388,COMPLETE,NEGATIVE,2
TRAIL1__N4_01,NORMALIZED,historical_true_oos,2025,5,0.6576754633,COMPLETE,POSITIVE,3
TRAIL1__N4_01,NORMALIZED,historical_true_oos,2025,10,0.2176170781,COMPLETE,POSITIVE,4
TRAIL1__N4_01,NORMALIZED,historical_true_oos,2025,2,0.181861123,COMPLETE,POSITIVE,5
TRAIL1__N4_01,NORMALIZED,historical_true_oos,2025,1,0.2012750451,COMPLETE,POSITIVE,6
TRAIL1__N4_01,NORMALIZED,historical_true_oos,2025,12,1.377347362,COMPLETE,POSITIVE,7
TRAIL1__N4_01,NORMALIZED,historical_true_oos,2025,2,0.3044081232,COMPLETE,POSITIVE,8
TRAIL1__N4_01,NORMALIZED,historical_true_oos,2025,15,7.165098931,COMPLETE,POSITIVE,9
TRAIL1__N4_01,NORMALIZED,historical_true_oos,2025,20,2.390131518,COMPLETE,POSITIVE,10
TRAIL1__N4_01,NORMALIZED,historical_true_oos,2025,6,-0.8089312775,COMPLETE,NEGATIVE,11
TRAIL1__N4_01,NORMALIZED,historical_true_oos,2025,14,-1.082649983,COMPLETE,NEGATIVE,12
TRAIL1__N4_01,NORMALIZED,historical_true_oos,2026,11,0.9344451265,COMPLETE,POSITIVE,1
TRAIL1__N4_01,NORMALIZED,historical_true_oos,2026,4,-1.007133197,COMPLETE,NEGATIVE,2
TRAIL1__N4_01,NORMALIZED,historical_true_oos,2026,14,3.332055782,COMPLETE,POSITIVE,3
TRAIL1__N4_01,NORMALIZED,historical_true_oos,2026,7,0.1090296598,COMPLETE,POSITIVE,4
TRAIL1__N4_01,NORMALIZED,historical_true_oos,2026,9,0.3543230381,COMPLETE,POSITIVE,5
TRAIL1__N4_01,NORMALIZED,historical_true_oos,2026,17,2.290650635,COMPLETE,POSITIVE,6
TRAIL1__N4_01,NORMALIZED,historical_true_oos,2026,7,-0.5645198873,COMPLETE,NEGATIVE,7
TRAIL1__N4_01,NORMALIZED,historical_true_oos,2026,19,6.703880881,COMPLETE,POSITIVE,8
TRAIL1__N4_01,NORMALIZED,historical_true_oos,2026,6,-0.580974804,COMPLETE,NEGATIVE,9
TRAIL1__N4_01,FULL,baseline,2023,3,-0.3152044383,COMPLETE,NEGATIVE,2
TRAIL1__N4_01,FULL,baseline,2023,3,-1.051829321,COMPLETE,NEGATIVE,3
TRAIL1__N4_01,FULL,baseline,2023,6,7.113136247,COMPLETE,POSITIVE,4
TRAIL1__N4_01,FULL,baseline,2023,5,4.636650171,COMPLETE,POSITIVE,5
TRAIL1__N4_01,FULL,baseline,2023,7,4.396888113,COMPLETE,POSITIVE,6
TRAIL1__N4_01,FULL,baseline,2023,5,-2.636328842,COMPLETE,NEGATIVE,7
TRAIL1__N4_01,FULL,baseline,2023,7,6.969127592,COMPLETE,POSITIVE,8
TRAIL1__N4_01,FULL,baseline,2023,3,-3.015629161,COMPLETE,NEGATIVE,9
TRAIL1__N4_01,FULL,baseline,2023,6,-3.354835528,COMPLETE,NEGATIVE,10
TRAIL1__N4_01,FULL,baseline,2023,4,0.4718061067,COMPLETE,POSITIVE,11
TRAIL1__N4_01,FULL,baseline,2023,8,-1.286112725,COMPLETE,NEGATIVE,12
TRAIL1__N4_01,FULL,baseline,2024,8,-1.464951049,COMPLETE,NEGATIVE,1
TRAIL1__N4_01,FULL,baseline,2024,9,-0.6103722993,COMPLETE,NEGATIVE,2
TRAIL1__N4_01,FULL,baseline,2024,8,9.742219273,COMPLETE,POSITIVE,3
TRAIL1__N4_01,FULL,baseline,2024,14,6.092617387,COMPLETE,POSITIVE,4
TRAIL1__N4_01,FULL,baseline,2024,9,2.762398075,COMPLETE,POSITIVE,5
TRAIL1__N4_01,FULL,baseline,2024,13,19.75617311,COMPLETE,POSITIVE,6
TRAIL1__N4_01,FULL,baseline,2024,3,3.944499122,COMPLETE,POSITIVE,7
TRAIL1__N4_01,FULL,baseline,2024,16,2.352619668,COMPLETE,POSITIVE,8
TRAIL1__N4_01,FULL,baseline,2024,9,5.548081949,COMPLETE,POSITIVE,9
TRAIL1__N4_01,FULL,baseline,2024,7,6.326436166,COMPLETE,POSITIVE,10
TRAIL1__N4_01,FULL,baseline,2024,14,15.87345179,COMPLETE,POSITIVE,11
TRAIL1__N4_01,FULL,baseline,2024,4,-0.3273900514,COMPLETE,NEGATIVE,12
TRAIL1__N4_01,FULL,walk_forward,2024,5,-2.073795739,COMPLETE,NEGATIVE,2
TRAIL1__N4_01,FULL,walk_forward,2024,7,6.352641144,COMPLETE,POSITIVE,3
TRAIL1__N4_01,FULL,walk_forward,2024,6,4.348944373,COMPLETE,POSITIVE,5
TRAIL1__N4_01,FULL,walk_forward,2024,13,19.75617311,COMPLETE,POSITIVE,6
TRAIL1__N4_01,FULL,walk_forward,2024,9,1.156593098,COMPLETE,POSITIVE,8
TRAIL1__N4_01,FULL,walk_forward,2024,9,5.548081949,COMPLETE,POSITIVE,9
TRAIL1__N4_01,FULL,walk_forward,2024,10,12.06397968,COMPLETE,POSITIVE,11
TRAIL1__N4_01,FULL,walk_forward,2024,4,-0.3273900514,COMPLETE,NEGATIVE,12
TRAIL1__N4_01,FULL,historical_true_oos,2025,3,-0.797897355,COMPLETE,NEGATIVE,2
TRAIL1__N4_01,FULL,historical_true_oos,2025,5,2.630701853,COMPLETE,POSITIVE,3
TRAIL1__N4_01,FULL,historical_true_oos,2025,10,0.8704683125,COMPLETE,POSITIVE,4
TRAIL1__N4_01,FULL,historical_true_oos,2025,2,0.7274444919,COMPLETE,POSITIVE,5
TRAIL1__N4_01,FULL,historical_true_oos,2025,1,0.8051001802,COMPLETE,POSITIVE,6
TRAIL1__N4_01,FULL,historical_true_oos,2025,12,5.509389447,COMPLETE,POSITIVE,7
TRAIL1__N4_01,FULL,historical_true_oos,2025,2,1.217632493,COMPLETE,POSITIVE,8
TRAIL1__N4_01,FULL,historical_true_oos,2025,15,28.66039572,COMPLETE,POSITIVE,9
TRAIL1__N4_01,FULL,historical_true_oos,2025,20,9.560526072,COMPLETE,POSITIVE,10
TRAIL1__N4_01,FULL,historical_true_oos,2025,6,-3.23572511,COMPLETE,NEGATIVE,11
TRAIL1__N4_01,FULL,historical_true_oos,2025,14,-4.330599933,COMPLETE,NEGATIVE,12
TRAIL1__N4_01,FULL,historical_true_oos,2026,11,3.737780506,COMPLETE,POSITIVE,1
TRAIL1__N4_01,FULL,historical_true_oos,2026,4,-4.028532789,COMPLETE,NEGATIVE,2
TRAIL1__N4_01,FULL,historical_true_oos,2026,14,13.32822313,COMPLETE,POSITIVE,3
TRAIL1__N4_01,FULL,historical_true_oos,2026,7,0.4361186391,COMPLETE,POSITIVE,4
TRAIL1__N4_01,FULL,historical_true_oos,2026,9,1.417292152,COMPLETE,POSITIVE,5
TRAIL1__N4_01,FULL,historical_true_oos,2026,17,9.162602541,COMPLETE,POSITIVE,6
TRAIL1__N4_01,FULL,historical_true_oos,2026,7,-2.258079549,COMPLETE,NEGATIVE,7
TRAIL1__N4_01,FULL,historical_true_oos,2026,19,26.81552352,COMPLETE,POSITIVE,8
TRAIL1__N4_01,FULL,historical_true_oos,2026,6,-2.323899216,COMPLETE,NEGATIVE,9
SESSION_10_21__N2_01,NORMALIZED,baseline,2023,3,-0.7638155005,COMPLETE,NEGATIVE,2
SESSION_10_21__N2_01,NORMALIZED,baseline,2023,3,-0.7150769885,COMPLETE,NEGATIVE,3
SESSION_10_21__N2_01,NORMALIZED,baseline,2023,6,4.019503793,COMPLETE,POSITIVE,4
SESSION_10_21__N2_01,NORMALIZED,baseline,2023,5,2.318325086,COMPLETE,POSITIVE,5
SESSION_10_21__N2_01,NORMALIZED,baseline,2023,8,1.904711427,COMPLETE,POSITIVE,6
SESSION_10_21__N2_01,NORMALIZED,baseline,2023,5,-1.010941554,COMPLETE,NEGATIVE,7
SESSION_10_21__N2_01,NORMALIZED,baseline,2023,8,3.317615543,COMPLETE,POSITIVE,8
SESSION_10_21__N2_01,NORMALIZED,baseline,2023,2,-0.7478209604,COMPLETE,NEGATIVE,9
SESSION_10_21__N2_01,NORMALIZED,baseline,2023,5,-0.8146861165,COMPLETE,NEGATIVE,10
SESSION_10_21__N2_01,NORMALIZED,baseline,2023,3,0.208873208,COMPLETE,POSITIVE,11
SESSION_10_21__N2_01,NORMALIZED,baseline,2023,5,0.3067899238,COMPLETE,POSITIVE,12
SESSION_10_21__N2_01,NORMALIZED,baseline,2024,3,0.7939726233,COMPLETE,POSITIVE,1
SESSION_10_21__N2_01,NORMALIZED,baseline,2024,3,-0.1930816079,COMPLETE,NEGATIVE,2
SESSION_10_21__N2_01,NORMALIZED,baseline,2024,1,0.5662342628,COMPLETE,POSITIVE,3
SESSION_10_21__N2_01,NORMALIZED,baseline,2024,9,0.5664919945,COMPLETE,POSITIVE,4
SESSION_10_21__N2_01,NORMALIZED,baseline,2024,8,-0.4310392828,COMPLETE,NEGATIVE,5
SESSION_10_21__N2_01,NORMALIZED,baseline,2024,6,8.814364319,COMPLETE,POSITIVE,6
SESSION_10_21__N2_01,NORMALIZED,baseline,2024,9,-0.5890512984,COMPLETE,NEGATIVE,8
SESSION_10_21__N2_01,NORMALIZED,baseline,2024,6,1.423600222,COMPLETE,POSITIVE,9
SESSION_10_21__N2_01,NORMALIZED,baseline,2024,4,0.9919516245,COMPLETE,POSITIVE,10
SESSION_10_21__N2_01,NORMALIZED,baseline,2024,8,3.792702454,COMPLETE,POSITIVE,11
SESSION_10_21__N2_01,NORMALIZED,baseline,2024,2,-0.1814409152,COMPLETE,NEGATIVE,12
SESSION_10_21__N2_01,NORMALIZED,walk_forward,2024,2,-0.7970042182,COMPLETE,NEGATIVE,2
SESSION_10_21__N2_01,NORMALIZED,walk_forward,2024,1,0.5662342628,COMPLETE,POSITIVE,3
SESSION_10_21__N2_01,NORMALIZED,walk_forward,2024,4,0.6684080155,COMPLETE,POSITIVE,5
SESSION_10_21__N2_01,NORMALIZED,walk_forward,2024,6,8.814364319,COMPLETE,POSITIVE,6
SESSION_10_21__N2_01,NORMALIZED,walk_forward,2024,3,-0.06792926439,COMPLETE,NEGATIVE,8
SESSION_10_21__N2_01,NORMALIZED,walk_forward,2024,6,1.423600222,COMPLETE,POSITIVE,9
SESSION_10_21__N2_01,NORMALIZED,walk_forward,2024,6,4.650360168,COMPLETE,POSITIVE,11
SESSION_10_21__N2_01,NORMALIZED,walk_forward,2024,2,-0.1814409152,COMPLETE,NEGATIVE,12
SESSION_10_21__N2_01,NORMALIZED,historical_true_oos,2025,1,0.6010786125,COMPLETE,POSITIVE,2
SESSION_10_21__N2_01,NORMALIZED,historical_true_oos,2025,4,1.715145112,COMPLETE,POSITIVE,3
SESSION_10_21__N2_01,NORMALIZED,historical_true_oos,2025,6,-2.100082392,COMPLETE,NEGATIVE,4
SESSION_10_21__N2_01,NORMALIZED,historical_true_oos,2025,1,-0.08593275846,COMPLETE,NEGATIVE,5
SESSION_10_21__N2_01,NORMALIZED,historical_true_oos,2025,1,-0.4111697649,COMPLETE,NEGATIVE,6
SESSION_10_21__N2_01,NORMALIZED,historical_true_oos,2025,8,3.393139645,COMPLETE,POSITIVE,7
SESSION_10_21__N2_01,NORMALIZED,historical_true_oos,2025,1,-0.3674921526,COMPLETE,NEGATIVE,8
SESSION_10_21__N2_01,NORMALIZED,historical_true_oos,2025,4,8.001040796,COMPLETE,POSITIVE,9
SESSION_10_21__N2_01,NORMALIZED,historical_true_oos,2025,10,0.7598771148,COMPLETE,POSITIVE,10
SESSION_10_21__N2_01,NORMALIZED,historical_true_oos,2025,5,-1.565466917,COMPLETE,NEGATIVE,11
SESSION_10_21__N2_01,NORMALIZED,historical_true_oos,2025,10,-1.387998357,COMPLETE,NEGATIVE,12
SESSION_10_21__N2_01,NORMALIZED,historical_true_oos,2026,4,0.2547191107,COMPLETE,POSITIVE,1
SESSION_10_21__N2_01,NORMALIZED,historical_true_oos,2026,2,-0.8686557582,COMPLETE,NEGATIVE,2
SESSION_10_21__N2_01,NORMALIZED,historical_true_oos,2026,9,6.100109458,COMPLETE,POSITIVE,3
SESSION_10_21__N2_01,NORMALIZED,historical_true_oos,2026,3,0.5945509951,COMPLETE,POSITIVE,4
SESSION_10_21__N2_01,NORMALIZED,historical_true_oos,2026,4,1.05787317,COMPLETE,POSITIVE,5
SESSION_10_21__N2_01,NORMALIZED,historical_true_oos,2026,8,2.597425015,COMPLETE,POSITIVE,6
SESSION_10_21__N2_01,NORMALIZED,historical_true_oos,2026,2,-0.4066396656,COMPLETE,NEGATIVE,7
SESSION_10_21__N2_01,NORMALIZED,historical_true_oos,2026,12,6.588817865,COMPLETE,POSITIVE,8
SESSION_10_21__N2_01,NORMALIZED,historical_true_oos,2026,4,-1.653179647,COMPLETE,NEGATIVE,9
SESSION_10_21__N2_01,FULL,baseline,2023,3,-1.527631001,COMPLETE,NEGATIVE,2
SESSION_10_21__N2_01,FULL,baseline,2023,3,-1.430153977,COMPLETE,NEGATIVE,3
SESSION_10_21__N2_01,FULL,baseline,2023,6,8.039007585,COMPLETE,POSITIVE,4
SESSION_10_21__N2_01,FULL,baseline,2023,5,4.636650171,COMPLETE,POSITIVE,5
SESSION_10_21__N2_01,FULL,baseline,2023,8,3.809422854,COMPLETE,POSITIVE,6
SESSION_10_21__N2_01,FULL,baseline,2023,5,-2.021883108,COMPLETE,NEGATIVE,7
SESSION_10_21__N2_01,FULL,baseline,2023,8,6.635231087,COMPLETE,POSITIVE,8
SESSION_10_21__N2_01,FULL,baseline,2023,2,-1.495641921,COMPLETE,NEGATIVE,9
SESSION_10_21__N2_01,FULL,baseline,2023,5,-1.629372233,COMPLETE,NEGATIVE,10
SESSION_10_21__N2_01,FULL,baseline,2023,3,0.417746416,COMPLETE,POSITIVE,11
SESSION_10_21__N2_01,FULL,baseline,2023,5,0.6135798476,COMPLETE,POSITIVE,12
SESSION_10_21__N2_01,FULL,baseline,2024,3,1.587945247,COMPLETE,POSITIVE,1
SESSION_10_21__N2_01,FULL,baseline,2024,3,-0.3861632158,COMPLETE,NEGATIVE,2
SESSION_10_21__N2_01,FULL,baseline,2024,1,1.132468526,COMPLETE,POSITIVE,3
SESSION_10_21__N2_01,FULL,baseline,2024,9,1.132983989,COMPLETE,POSITIVE,4
SESSION_10_21__N2_01,FULL,baseline,2024,8,-0.8620785656,COMPLETE,NEGATIVE,5
SESSION_10_21__N2_01,FULL,baseline,2024,6,17.62872864,COMPLETE,POSITIVE,6
SESSION_10_21__N2_01,FULL,baseline,2024,9,-1.178102597,COMPLETE,NEGATIVE,8
SESSION_10_21__N2_01,FULL,baseline,2024,6,2.847200444,COMPLETE,POSITIVE,9
SESSION_10_21__N2_01,FULL,baseline,2024,4,1.983903249,COMPLETE,POSITIVE,10
SESSION_10_21__N2_01,FULL,baseline,2024,8,7.585404908,COMPLETE,POSITIVE,11
SESSION_10_21__N2_01,FULL,baseline,2024,2,-0.3628818304,COMPLETE,NEGATIVE,12
SESSION_10_21__N2_01,FULL,walk_forward,2024,2,-1.594008436,COMPLETE,NEGATIVE,2
SESSION_10_21__N2_01,FULL,walk_forward,2024,1,1.132468526,COMPLETE,POSITIVE,3
SESSION_10_21__N2_01,FULL,walk_forward,2024,4,1.336816031,COMPLETE,POSITIVE,5
SESSION_10_21__N2_01,FULL,walk_forward,2024,6,17.62872864,COMPLETE,POSITIVE,6
SESSION_10_21__N2_01,FULL,walk_forward,2024,3,-0.1358585288,COMPLETE,NEGATIVE,8
SESSION_10_21__N2_01,FULL,walk_forward,2024,6,2.847200444,COMPLETE,POSITIVE,9
SESSION_10_21__N2_01,FULL,walk_forward,2024,6,9.300720336,COMPLETE,POSITIVE,11
SESSION_10_21__N2_01,FULL,walk_forward,2024,2,-0.3628818304,COMPLETE,NEGATIVE,12
SESSION_10_21__N2_01,FULL,historical_true_oos,2025,1,1.202157225,COMPLETE,POSITIVE,2
SESSION_10_21__N2_01,FULL,historical_true_oos,2025,4,3.430290225,COMPLETE,POSITIVE,3
SESSION_10_21__N2_01,FULL,historical_true_oos,2025,6,-4.200164785,COMPLETE,NEGATIVE,4
SESSION_10_21__N2_01,FULL,historical_true_oos,2025,1,-0.1718655169,COMPLETE,NEGATIVE,5
SESSION_10_21__N2_01,FULL,historical_true_oos,2025,1,-0.8223395297,COMPLETE,NEGATIVE,6
SESSION_10_21__N2_01,FULL,historical_true_oos,2025,8,6.786279289,COMPLETE,POSITIVE,7
SESSION_10_21__N2_01,FULL,historical_true_oos,2025,1,-0.7349843052,COMPLETE,NEGATIVE,8
SESSION_10_21__N2_01,FULL,historical_true_oos,2025,4,16.00208159,COMPLETE,POSITIVE,9
SESSION_10_21__N2_01,FULL,historical_true_oos,2025,10,1.51975423,COMPLETE,POSITIVE,10
SESSION_10_21__N2_01,FULL,historical_true_oos,2025,5,-3.130933833,COMPLETE,NEGATIVE,11
SESSION_10_21__N2_01,FULL,historical_true_oos,2025,10,-2.775996714,COMPLETE,NEGATIVE,12
SESSION_10_21__N2_01,FULL,historical_true_oos,2026,4,0.5094382215,COMPLETE,POSITIVE,1
SESSION_10_21__N2_01,FULL,historical_true_oos,2026,2,-1.737311516,COMPLETE,NEGATIVE,2
SESSION_10_21__N2_01,FULL,historical_true_oos,2026,9,12.20021892,COMPLETE,POSITIVE,3
SESSION_10_21__N2_01,FULL,historical_true_oos,2026,3,1.18910199,COMPLETE,POSITIVE,4
SESSION_10_21__N2_01,FULL,historical_true_oos,2026,4,2.115746341,COMPLETE,POSITIVE,5
SESSION_10_21__N2_01,FULL,historical_true_oos,2026,8,5.19485003,COMPLETE,POSITIVE,6
SESSION_10_21__N2_01,FULL,historical_true_oos,2026,2,-0.8132793313,COMPLETE,NEGATIVE,7
SESSION_10_21__N2_01,FULL,historical_true_oos,2026,12,13.17763573,COMPLETE,POSITIVE,8
SESSION_10_21__N2_01,FULL,historical_true_oos,2026,4,-3.306359295,COMPLETE,NEGATIVE,9
SESSION_10_21__N2_02,NORMALIZED,baseline,2023,2,-0.4668081313,COMPLETE,NEGATIVE,2
SESSION_10_21__N2_02,NORMALIZED,baseline,2023,1,-0.5018067222,COMPLETE,NEGATIVE,3
SESSION_10_21__N2_02,NORMALIZED,baseline,2023,3,2.157412028,COMPLETE,POSITIVE,4
SESSION_10_21__N2_02,NORMALIZED,baseline,2023,3,1.099627999,COMPLETE,POSITIVE,5
SESSION_10_21__N2_02,NORMALIZED,baseline,2023,5,1.087742321,COMPLETE,POSITIVE,6
SESSION_10_21__N2_02,NORMALIZED,baseline,2023,2,0.2739298752,COMPLETE,POSITIVE,7
SESSION_10_21__N2_02,NORMALIZED,baseline,2023,5,2.675284737,COMPLETE,POSITIVE,8
SESSION_10_21__N2_02,NORMALIZED,baseline,2023,2,-0.5834337074,COMPLETE,NEGATIVE,9
SESSION_10_21__N2_02,NORMALIZED,baseline,2023,3,-0.3143297663,COMPLETE,NEGATIVE,10
SESSION_10_21__N2_02,NORMALIZED,baseline,2023,3,0.7487774011,COMPLETE,POSITIVE,11
SESSION_10_21__N2_02,NORMALIZED,baseline,2023,6,1.107091339,COMPLETE,POSITIVE,12
SESSION_10_21__N2_02,NORMALIZED,baseline,2024,4,-0.6904765507,COMPLETE,NEGATIVE,1
SESSION_10_21__N2_02,NORMALIZED,baseline,2024,5,-1.227005091,COMPLETE,NEGATIVE,2
SESSION_10_21__N2_02,NORMALIZED,baseline,2024,6,0.327190149,COMPLETE,POSITIVE,3
SESSION_10_21__N2_02,NORMALIZED,baseline,2024,9,0.7564716522,COMPLETE,POSITIVE,4
SESSION_10_21__N2_02,NORMALIZED,baseline,2024,5,-0.6934026662,COMPLETE,NEGATIVE,5
SESSION_10_21__N2_02,NORMALIZED,baseline,2024,6,2.325637613,COMPLETE,POSITIVE,6
SESSION_10_21__N2_02,NORMALIZED,baseline,2024,11,0.3356874276,COMPLETE,POSITIVE,8
SESSION_10_21__N2_02,NORMALIZED,baseline,2024,4,0.09147128811,COMPLETE,POSITIVE,9
SESSION_10_21__N2_02,NORMALIZED,baseline,2024,5,2.336650022,COMPLETE,POSITIVE,10
SESSION_10_21__N2_02,NORMALIZED,baseline,2024,8,4.192636718,COMPLETE,POSITIVE,11
SESSION_10_21__N2_02,NORMALIZED,baseline,2024,2,0.3706457103,COMPLETE,POSITIVE,12
SESSION_10_21__N2_02,NORMALIZED,walk_forward,2024,3,-0.2729263534,COMPLETE,NEGATIVE,2
SESSION_10_21__N2_02,NORMALIZED,walk_forward,2024,6,0.327190149,COMPLETE,POSITIVE,3
SESSION_10_21__N2_02,NORMALIZED,walk_forward,2024,3,-0.4348727339,COMPLETE,NEGATIVE,5
SESSION_10_21__N2_02,NORMALIZED,walk_forward,2024,6,2.325637613,COMPLETE,POSITIVE,6
SESSION_10_21__N2_02,NORMALIZED,walk_forward,2024,5,0.4098074172,COMPLETE,POSITIVE,8
SESSION_10_21__N2_02,NORMALIZED,walk_forward,2024,4,0.09147128811,COMPLETE,POSITIVE,9
SESSION_10_21__N2_02,NORMALIZED,walk_forward,2024,5,2.240960877,COMPLETE,POSITIVE,11
SESSION_10_21__N2_02,NORMALIZED,walk_forward,2024,2,0.3706457103,COMPLETE,POSITIVE,12
SESSION_10_21__N2_02,NORMALIZED,historical_true_oos,2025,1,-0.2082793494,COMPLETE,NEGATIVE,2
SESSION_10_21__N2_02,NORMALIZED,historical_true_oos,2025,2,0.8352412463,COMPLETE,POSITIVE,3
SESSION_10_21__N2_02,NORMALIZED,historical_true_oos,2025,5,-1.01419084,COMPLETE,NEGATIVE,4
SESSION_10_21__N2_02,NORMALIZED,historical_true_oos,2025,1,-0.08593275846,COMPLETE,NEGATIVE,5
SESSION_10_21__N2_02,NORMALIZED,historical_true_oos,2025,6,0.2977356278,COMPLETE,POSITIVE,7
SESSION_10_21__N2_02,NORMALIZED,historical_true_oos,2025,7,10.6062388,COMPLETE,POSITIVE,9
SESSION_10_21__N2_02,NORMALIZED,historical_true_oos,2025,10,3.928143814,COMPLETE,POSITIVE,10
SESSION_10_21__N2_02,NORMALIZED,historical_true_oos,2025,5,-1.76304874,COMPLETE,NEGATIVE,11
SESSION_10_21__N2_02,NORMALIZED,historical_true_oos,2025,7,-1.513074817,COMPLETE,NEGATIVE,12
SESSION_10_21__N2_02,NORMALIZED,historical_true_oos,2026,6,2.552348736,COMPLETE,POSITIVE,1
SESSION_10_21__N2_02,NORMALIZED,historical_true_oos,2026,2,-0.474222025,COMPLETE,NEGATIVE,2
SESSION_10_21__N2_02,NORMALIZED,historical_true_oos,2026,7,4.408701909,COMPLETE,POSITIVE,3
SESSION_10_21__N2_02,NORMALIZED,historical_true_oos,2026,2,0.1697253001,COMPLETE,POSITIVE,4
SESSION_10_21__N2_02,NORMALIZED,historical_true_oos,2026,5,0.4182014549,COMPLETE,POSITIVE,5
SESSION_10_21__N2_02,NORMALIZED,historical_true_oos,2026,6,2.825418938,COMPLETE,POSITIVE,6
SESSION_10_21__N2_02,NORMALIZED,historical_true_oos,2026,2,-0.6481275023,COMPLETE,NEGATIVE,7
SESSION_10_21__N2_02,NORMALIZED,historical_true_oos,2026,11,9.742428579,COMPLETE,POSITIVE,8
SESSION_10_21__N2_02,NORMALIZED,historical_true_oos,2026,3,-0.4208597114,COMPLETE,NEGATIVE,9
SESSION_10_21__N2_02,FULL,baseline,2023,2,-0.9336162625,COMPLETE,NEGATIVE,2
SESSION_10_21__N2_02,FULL,baseline,2023,1,-1.003613444,COMPLETE,NEGATIVE,3
SESSION_10_21__N2_02,FULL,baseline,2023,3,4.314824057,COMPLETE,POSITIVE,4
SESSION_10_21__N2_02,FULL,baseline,2023,3,2.199255999,COMPLETE,POSITIVE,5
SESSION_10_21__N2_02,FULL,baseline,2023,5,2.175484641,COMPLETE,POSITIVE,6
SESSION_10_21__N2_02,FULL,baseline,2023,2,0.5478597503,COMPLETE,POSITIVE,7
SESSION_10_21__N2_02,FULL,baseline,2023,5,5.350569474,COMPLETE,POSITIVE,8
SESSION_10_21__N2_02,FULL,baseline,2023,2,-1.166867415,COMPLETE,NEGATIVE,9
SESSION_10_21__N2_02,FULL,baseline,2023,3,-0.6286595327,COMPLETE,NEGATIVE,10
SESSION_10_21__N2_02,FULL,baseline,2023,3,1.497554802,COMPLETE,POSITIVE,11
SESSION_10_21__N2_02,FULL,baseline,2023,6,2.214182677,COMPLETE,POSITIVE,12
SESSION_10_21__N2_02,FULL,baseline,2024,4,-1.380953101,COMPLETE,NEGATIVE,1
SESSION_10_21__N2_02,FULL,baseline,2024,5,-2.454010183,COMPLETE,NEGATIVE,2
SESSION_10_21__N2_02,FULL,baseline,2024,6,0.654380298,COMPLETE,POSITIVE,3
SESSION_10_21__N2_02,FULL,baseline,2024,9,1.512943304,COMPLETE,POSITIVE,4
SESSION_10_21__N2_02,FULL,baseline,2024,5,-1.386805332,COMPLETE,NEGATIVE,5
SESSION_10_21__N2_02,FULL,baseline,2024,6,4.651275226,COMPLETE,POSITIVE,6
SESSION_10_21__N2_02,FULL,baseline,2024,11,0.6713748552,COMPLETE,POSITIVE,8
SESSION_10_21__N2_02,FULL,baseline,2024,4,0.1829425762,COMPLETE,POSITIVE,9
SESSION_10_21__N2_02,FULL,baseline,2024,5,4.673300044,COMPLETE,POSITIVE,10
SESSION_10_21__N2_02,FULL,baseline,2024,8,8.385273436,COMPLETE,POSITIVE,11
SESSION_10_21__N2_02,FULL,baseline,2024,2,0.7412914205,COMPLETE,POSITIVE,12
SESSION_10_21__N2_02,FULL,walk_forward,2024,3,-0.5458527067,COMPLETE,NEGATIVE,2
SESSION_10_21__N2_02,FULL,walk_forward,2024,6,0.654380298,COMPLETE,POSITIVE,3
SESSION_10_21__N2_02,FULL,walk_forward,2024,3,-0.8697454678,COMPLETE,NEGATIVE,5
SESSION_10_21__N2_02,FULL,walk_forward,2024,6,4.651275226,COMPLETE,POSITIVE,6
SESSION_10_21__N2_02,FULL,walk_forward,2024,5,0.8196148345,COMPLETE,POSITIVE,8
SESSION_10_21__N2_02,FULL,walk_forward,2024,4,0.1829425762,COMPLETE,POSITIVE,9
SESSION_10_21__N2_02,FULL,walk_forward,2024,5,4.481921753,COMPLETE,POSITIVE,11
SESSION_10_21__N2_02,FULL,walk_forward,2024,2,0.7412914205,COMPLETE,POSITIVE,12
SESSION_10_21__N2_02,FULL,historical_true_oos,2025,1,-0.4165586989,COMPLETE,NEGATIVE,2
SESSION_10_21__N2_02,FULL,historical_true_oos,2025,2,1.670482493,COMPLETE,POSITIVE,3
SESSION_10_21__N2_02,FULL,historical_true_oos,2025,5,-2.028381679,COMPLETE,NEGATIVE,4
SESSION_10_21__N2_02,FULL,historical_true_oos,2025,1,-0.1718655169,COMPLETE,NEGATIVE,5
SESSION_10_21__N2_02,FULL,historical_true_oos,2025,6,0.5954712557,COMPLETE,POSITIVE,7
SESSION_10_21__N2_02,FULL,historical_true_oos,2025,7,21.21247761,COMPLETE,POSITIVE,9
SESSION_10_21__N2_02,FULL,historical_true_oos,2025,10,7.856287629,COMPLETE,POSITIVE,10
SESSION_10_21__N2_02,FULL,historical_true_oos,2025,5,-3.526097481,COMPLETE,NEGATIVE,11
SESSION_10_21__N2_02,FULL,historical_true_oos,2025,7,-3.026149634,COMPLETE,NEGATIVE,12
SESSION_10_21__N2_02,FULL,historical_true_oos,2026,6,5.104697471,COMPLETE,POSITIVE,1
SESSION_10_21__N2_02,FULL,historical_true_oos,2026,2,-0.9484440499,COMPLETE,NEGATIVE,2
SESSION_10_21__N2_02,FULL,historical_true_oos,2026,7,8.817403818,COMPLETE,POSITIVE,3
SESSION_10_21__N2_02,FULL,historical_true_oos,2026,2,0.3394506003,COMPLETE,POSITIVE,4
SESSION_10_21__N2_02,FULL,historical_true_oos,2026,5,0.8364029099,COMPLETE,POSITIVE,5
SESSION_10_21__N2_02,FULL,historical_true_oos,2026,6,5.650837876,COMPLETE,POSITIVE,6
SESSION_10_21__N2_02,FULL,historical_true_oos,2026,2,-1.296255005,COMPLETE,NEGATIVE,7
SESSION_10_21__N2_02,FULL,historical_true_oos,2026,11,19.48485716,COMPLETE,POSITIVE,8
SESSION_10_21__N2_02,FULL,historical_true_oos,2026,3,-0.8417194228,COMPLETE,NEGATIVE,9
SESSION_10_21__N2_03,NORMALIZED,baseline,2023,2,-0.4668081313,COMPLETE,NEGATIVE,2
SESSION_10_21__N2_03,NORMALIZED,baseline,2023,1,-0.5018067222,COMPLETE,NEGATIVE,3
SESSION_10_21__N2_03,NORMALIZED,baseline,2023,3,2.157412028,COMPLETE,POSITIVE,4
SESSION_10_21__N2_03,NORMALIZED,baseline,2023,3,1.099627999,COMPLETE,POSITIVE,5
SESSION_10_21__N2_03,NORMALIZED,baseline,2023,5,1.087742321,COMPLETE,POSITIVE,6
SESSION_10_21__N2_03,NORMALIZED,baseline,2023,2,0.2739298752,COMPLETE,POSITIVE,7
SESSION_10_21__N2_03,NORMALIZED,baseline,2023,5,2.675284737,COMPLETE,POSITIVE,8
SESSION_10_21__N2_03,NORMALIZED,baseline,2023,1,-0.3655503549,COMPLETE,NEGATIVE,9
SESSION_10_21__N2_03,NORMALIZED,baseline,2023,3,-0.3143297663,COMPLETE,NEGATIVE,10
SESSION_10_21__N2_03,NORMALIZED,baseline,2023,2,0.7217475557,COMPLETE,POSITIVE,11
SESSION_10_21__N2_03,NORMALIZED,baseline,2023,2,1.189190707,COMPLETE,POSITIVE,12
SESSION_10_21__N2_03,NORMALIZED,baseline,2024,4,-0.09502682964,COMPLETE,NEGATIVE,1
SESSION_10_21__N2_03,NORMALIZED,baseline,2024,4,-0.2108015785,COMPLETE,NEGATIVE,2
SESSION_10_21__N2_03,NORMALIZED,baseline,2024,4,1.260930532,COMPLETE,POSITIVE,3
SESSION_10_21__N2_03,NORMALIZED,baseline,2024,6,-0.6390711888,COMPLETE,NEGATIVE,4
SESSION_10_21__N2_03,NORMALIZED,baseline,2024,6,-0.2964975164,COMPLETE,NEGATIVE,5
SESSION_10_21__N2_03,NORMALIZED,baseline,2024,6,4.971013614,COMPLETE,POSITIVE,6
SESSION_10_21__N2_03,NORMALIZED,baseline,2024,4,1.898076977,COMPLETE,POSITIVE,7
SESSION_10_21__N2_03,NORMALIZED,baseline,2024,9,0.6295859887,COMPLETE,POSITIVE,8
SESSION_10_21__N2_03,NORMALIZED,baseline,2024,3,1.796500532,COMPLETE,POSITIVE,9
SESSION_10_21__N2_03,NORMALIZED,baseline,2024,3,1.663082527,COMPLETE,POSITIVE,10
SESSION_10_21__N2_03,NORMALIZED,baseline,2024,7,2.529049994,COMPLETE,POSITIVE,11
SESSION_10_21__N2_03,NORMALIZED,baseline,2024,2,0.1611102025,COMPLETE,POSITIVE,12
SESSION_10_21__N2_03,NORMALIZED,walk_forward,2024,2,-0.5379248794,COMPLETE,NEGATIVE,2
SESSION_10_21__N2_03,NORMALIZED,walk_forward,2024,3,-0.4338585322,COMPLETE,NEGATIVE,3
SESSION_10_21__N2_03,NORMALIZED,walk_forward,2024,4,-0.03796758407,COMPLETE,NEGATIVE,5
SESSION_10_21__N2_03,NORMALIZED,walk_forward,2024,6,4.971013614,COMPLETE,POSITIVE,6
SESSION_10_21__N2_03,NORMALIZED,walk_forward,2024,4,1.018781688,COMPLETE,POSITIVE,8
SESSION_10_21__N2_03,NORMALIZED,walk_forward,2024,3,1.796500532,COMPLETE,POSITIVE,9
SESSION_10_21__N2_03,NORMALIZED,walk_forward,2024,4,3.281563554,COMPLETE,POSITIVE,11
SESSION_10_21__N2_03,NORMALIZED,walk_forward,2024,2,0.1611102025,COMPLETE,POSITIVE,12
SESSION_10_21__N2_03,NORMALIZED,historical_true_oos,2025,3,0.7299932312,COMPLETE,POSITIVE,3
SESSION_10_21__N2_03,NORMALIZED,historical_true_oos,2025,6,-0.09865444621,COMPLETE,NEGATIVE,4
SESSION_10_21__N2_03,NORMALIZED,historical_true_oos,2025,2,0.7789389657,COMPLETE,POSITIVE,5
SESSION_10_21__N2_03,NORMALIZED,historical_true_oos,2025,8,2.038257857,COMPLETE,POSITIVE,7
SESSION_10_21__N2_03,NORMALIZED,historical_true_oos,2025,1,0.4119935069,COMPLETE,POSITIVE,8
SESSION_10_21__N2_03,NORMALIZED,historical_true_oos,2025,8,3.137865236,COMPLETE,POSITIVE,9
SESSION_10_21__N2_03,NORMALIZED,historical_true_oos,2025,9,2.07610991,COMPLETE,POSITIVE,10
SESSION_10_21__N2_03,NORMALIZED,historical_true_oos,2025,3,-0.7739157071,COMPLETE,NEGATIVE,11
SESSION_10_21__N2_03,NORMALIZED,historical_true_oos,2025,7,-1.877803418,COMPLETE,NEGATIVE,12
SESSION_10_21__N2_03,NORMALIZED,historical_true_oos,2026,4,0.243591744,COMPLETE,POSITIVE,1
SESSION_10_21__N2_03,NORMALIZED,historical_true_oos,2026,1,-0.3561172232,COMPLETE,NEGATIVE,2
SESSION_10_21__N2_03,NORMALIZED,historical_true_oos,2026,6,4.777072359,COMPLETE,POSITIVE,3
SESSION_10_21__N2_03,NORMALIZED,historical_true_oos,2026,6,-0.002472745837,COMPLETE,NEGATIVE,4
SESSION_10_21__N2_03,NORMALIZED,historical_true_oos,2026,6,-1.172028042,COMPLETE,NEGATIVE,5
SESSION_10_21__N2_03,NORMALIZED,historical_true_oos,2026,9,2.59314791,COMPLETE,POSITIVE,6
SESSION_10_21__N2_03,NORMALIZED,historical_true_oos,2026,5,-1.073295041,COMPLETE,NEGATIVE,7
SESSION_10_21__N2_03,NORMALIZED,historical_true_oos,2026,9,4.301369473,COMPLETE,POSITIVE,8
SESSION_10_21__N2_03,NORMALIZED,historical_true_oos,2026,3,-1.110409037,COMPLETE,NEGATIVE,9
SESSION_10_21__N2_03,FULL,baseline,2023,2,-0.9336162625,COMPLETE,NEGATIVE,2
SESSION_10_21__N2_03,FULL,baseline,2023,1,-1.003613444,COMPLETE,NEGATIVE,3
SESSION_10_21__N2_03,FULL,baseline,2023,3,4.314824057,COMPLETE,POSITIVE,4
SESSION_10_21__N2_03,FULL,baseline,2023,3,2.199255999,COMPLETE,POSITIVE,5
SESSION_10_21__N2_03,FULL,baseline,2023,5,2.175484641,COMPLETE,POSITIVE,6
SESSION_10_21__N2_03,FULL,baseline,2023,2,0.5478597503,COMPLETE,POSITIVE,7
SESSION_10_21__N2_03,FULL,baseline,2023,5,5.350569474,COMPLETE,POSITIVE,8
SESSION_10_21__N2_03,FULL,baseline,2023,1,-0.7311007098,COMPLETE,NEGATIVE,9
SESSION_10_21__N2_03,FULL,baseline,2023,3,-0.6286595327,COMPLETE,NEGATIVE,10
SESSION_10_21__N2_03,FULL,baseline,2023,2,1.443495111,COMPLETE,POSITIVE,11
SESSION_10_21__N2_03,FULL,baseline,2023,2,2.378381414,COMPLETE,POSITIVE,12
SESSION_10_21__N2_03,FULL,baseline,2024,4,-0.1900536593,COMPLETE,NEGATIVE,1
SESSION_10_21__N2_03,FULL,baseline,2024,4,-0.4216031571,COMPLETE,NEGATIVE,2
SESSION_10_21__N2_03,FULL,baseline,2024,4,2.521861064,COMPLETE,POSITIVE,3
SESSION_10_21__N2_03,FULL,baseline,2024,6,-1.278142378,COMPLETE,NEGATIVE,4
SESSION_10_21__N2_03,FULL,baseline,2024,6,-0.5929950327,COMPLETE,NEGATIVE,5
SESSION_10_21__N2_03,FULL,baseline,2024,6,9.942027228,COMPLETE,POSITIVE,6
SESSION_10_21__N2_03,FULL,baseline,2024,4,3.796153953,COMPLETE,POSITIVE,7
SESSION_10_21__N2_03,FULL,baseline,2024,9,1.259171977,COMPLETE,POSITIVE,8
SESSION_10_21__N2_03,FULL,baseline,2024,3,3.593001064,COMPLETE,POSITIVE,9
SESSION_10_21__N2_03,FULL,baseline,2024,3,3.326165055,COMPLETE,POSITIVE,10
SESSION_10_21__N2_03,FULL,baseline,2024,7,5.058099989,COMPLETE,POSITIVE,11
SESSION_10_21__N2_03,FULL,baseline,2024,2,0.322220405,COMPLETE,POSITIVE,12
SESSION_10_21__N2_03,FULL,walk_forward,2024,2,-1.075849759,COMPLETE,NEGATIVE,2
SESSION_10_21__N2_03,FULL,walk_forward,2024,3,-0.8677170645,COMPLETE,NEGATIVE,3
SESSION_10_21__N2_03,FULL,walk_forward,2024,4,-0.07593516813,COMPLETE,NEGATIVE,5
SESSION_10_21__N2_03,FULL,walk_forward,2024,6,9.942027228,COMPLETE,POSITIVE,6
SESSION_10_21__N2_03,FULL,walk_forward,2024,4,2.037563375,COMPLETE,POSITIVE,8
SESSION_10_21__N2_03,FULL,walk_forward,2024,3,3.593001064,COMPLETE,POSITIVE,9
SESSION_10_21__N2_03,FULL,walk_forward,2024,4,6.563127109,COMPLETE,POSITIVE,11
SESSION_10_21__N2_03,FULL,walk_forward,2024,2,0.322220405,COMPLETE,POSITIVE,12
SESSION_10_21__N2_03,FULL,historical_true_oos,2025,3,1.459986462,COMPLETE,POSITIVE,3
SESSION_10_21__N2_03,FULL,historical_true_oos,2025,6,-0.1973088924,COMPLETE,NEGATIVE,4
SESSION_10_21__N2_03,FULL,historical_true_oos,2025,2,1.557877931,COMPLETE,POSITIVE,5
SESSION_10_21__N2_03,FULL,historical_true_oos,2025,8,4.076515713,COMPLETE,POSITIVE,7
SESSION_10_21__N2_03,FULL,historical_true_oos,2025,1,0.8239870138,COMPLETE,POSITIVE,8
SESSION_10_21__N2_03,FULL,historical_true_oos,2025,8,6.275730472,COMPLETE,POSITIVE,9
SESSION_10_21__N2_03,FULL,historical_true_oos,2025,9,4.15221982,COMPLETE,POSITIVE,10
SESSION_10_21__N2_03,FULL,historical_true_oos,2025,3,-1.547831414,COMPLETE,NEGATIVE,11
SESSION_10_21__N2_03,FULL,historical_true_oos,2025,7,-3.755606837,COMPLETE,NEGATIVE,12
SESSION_10_21__N2_03,FULL,historical_true_oos,2026,4,0.4871834881,COMPLETE,POSITIVE,1
SESSION_10_21__N2_03,FULL,historical_true_oos,2026,1,-0.7122344465,COMPLETE,NEGATIVE,2
SESSION_10_21__N2_03,FULL,historical_true_oos,2026,6,9.554144718,COMPLETE,POSITIVE,3
SESSION_10_21__N2_03,FULL,historical_true_oos,2026,6,-0.004945491674,COMPLETE,NEGATIVE,4
SESSION_10_21__N2_03,FULL,historical_true_oos,2026,6,-2.344056085,COMPLETE,NEGATIVE,5
SESSION_10_21__N2_03,FULL,historical_true_oos,2026,9,5.18629582,COMPLETE,POSITIVE,6
SESSION_10_21__N2_03,FULL,historical_true_oos,2026,5,-2.146590081,COMPLETE,NEGATIVE,7
SESSION_10_21__N2_03,FULL,historical_true_oos,2026,9,8.602738946,COMPLETE,POSITIVE,8
SESSION_10_21__N2_03,FULL,historical_true_oos,2026,3,-2.220818075,COMPLETE,NEGATIVE,9
SESSION_10_21__N2_04,NORMALIZED,baseline,2023,1,-0.2970073692,COMPLETE,NEGATIVE,2
SESSION_10_21__N2_04,NORMALIZED,baseline,2023,2,-0.2132702663,COMPLETE,NEGATIVE,3
SESSION_10_21__N2_04,NORMALIZED,baseline,2023,3,1.862091764,COMPLETE,POSITIVE,4
SESSION_10_21__N2_04,NORMALIZED,baseline,2023,2,1.218697086,COMPLETE,POSITIVE,5
SESSION_10_21__N2_04,NORMALIZED,baseline,2023,3,0.8169691062,COMPLETE,POSITIVE,6
SESSION_10_21__N2_04,NORMALIZED,baseline,2023,3,-1.284871429,COMPLETE,NEGATIVE,7
SESSION_10_21__N2_04,NORMALIZED,baseline,2023,3,0.6423308065,COMPLETE,POSITIVE,8
SESSION_10_21__N2_04,NORMALIZED,baseline,2023,2,-0.600153958,COMPLETE,NEGATIVE,9
SESSION_10_21__N2_04,NORMALIZED,baseline,2023,2,-0.5003563501,COMPLETE,NEGATIVE,10
SESSION_10_21__N2_04,NORMALIZED,baseline,2023,2,-0.4858445023,COMPLETE,NEGATIVE,11
SESSION_10_21__N2_04,NORMALIZED,baseline,2023,7,-0.9645001517,COMPLETE,NEGATIVE,12
SESSION_10_21__N2_04,NORMALIZED,baseline,2024,3,0.8997305535,COMPLETE,POSITIVE,1
SESSION_10_21__N2_04,NORMALIZED,baseline,2024,6,-0.6008936636,COMPLETE,NEGATIVE,2
SESSION_10_21__N2_04,NORMALIZED,baseline,2024,5,-0.2390441138,COMPLETE,NEGATIVE,3
SESSION_10_21__N2_04,NORMALIZED,baseline,2024,8,2.472102438,COMPLETE,POSITIVE,4
SESSION_10_21__N2_04,NORMALIZED,baseline,2024,5,0.245065486,COMPLETE,POSITIVE,5
SESSION_10_21__N2_04,NORMALIZED,baseline,2024,6,5.665758472,COMPLETE,POSITIVE,6
SESSION_10_21__N2_04,NORMALIZED,baseline,2024,6,-0.2277916747,COMPLETE,NEGATIVE,8
SESSION_10_21__N2_04,NORMALIZED,baseline,2024,6,0.464552514,COMPLETE,POSITIVE,9
SESSION_10_21__N2_04,NORMALIZED,baseline,2024,5,1.197916967,COMPLETE,POSITIVE,10
SESSION_10_21__N2_04,NORMALIZED,baseline,2024,8,4.734459632,COMPLETE,POSITIVE,11
SESSION_10_21__N2_04,NORMALIZED,baseline,2024,2,-0.1926609002,COMPLETE,NEGATIVE,12
SESSION_10_21__N2_04,NORMALIZED,walk_forward,2024,3,-0.2507375359,COMPLETE,NEGATIVE,2
SESSION_10_21__N2_04,NORMALIZED,walk_forward,2024,5,-0.2390441138,COMPLETE,NEGATIVE,3
SESSION_10_21__N2_04,NORMALIZED,walk_forward,2024,3,1.085982852,COMPLETE,POSITIVE,5
SESSION_10_21__N2_04,NORMALIZED,walk_forward,2024,6,5.665758472,COMPLETE,POSITIVE,6
SESSION_10_21__N2_04,NORMALIZED,walk_forward,2024,4,-0.4109410488,COMPLETE,NEGATIVE,8
SESSION_10_21__N2_04,NORMALIZED,walk_forward,2024,6,0.464552514,COMPLETE,POSITIVE,9
SESSION_10_21__N2_04,NORMALIZED,walk_forward,2024,7,1.925126077,COMPLETE,POSITIVE,11
SESSION_10_21__N2_04,NORMALIZED,walk_forward,2024,2,-0.1926609002,COMPLETE,NEGATIVE,12
SESSION_10_21__N2_04,NORMALIZED,historical_true_oos,2025,2,0.3927992631,COMPLETE,POSITIVE,2
SESSION_10_21__N2_04,NORMALIZED,historical_true_oos,2025,2,0.879903866,COMPLETE,POSITIVE,3
SESSION_10_21__N2_04,NORMALIZED,historical_true_oos,2025,5,-0.9918294371,COMPLETE,NEGATIVE,4
SESSION_10_21__N2_04,NORMALIZED,historical_true_oos,2025,1,-0.4111697649,COMPLETE,NEGATIVE,6
SESSION_10_21__N2_04,NORMALIZED,historical_true_oos,2025,6,1.58680969,COMPLETE,POSITIVE,7
SESSION_10_21__N2_04,NORMALIZED,historical_true_oos,2025,1,-0.3674921526,COMPLETE,NEGATIVE,8
SESSION_10_21__N2_04,NORMALIZED,historical_true_oos,2025,7,10.43013683,COMPLETE,POSITIVE,9
SESSION_10_21__N2_04,NORMALIZED,historical_true_oos,2025,12,2.804994559,COMPLETE,POSITIVE,10
SESSION_10_21__N2_04,NORMALIZED,historical_true_oos,2025,4,-1.780684243,COMPLETE,NEGATIVE,11
SESSION_10_21__N2_04,NORMALIZED,historical_true_oos,2025,7,-1.039749319,COMPLETE,NEGATIVE,12
SESSION_10_21__N2_04,NORMALIZED,historical_true_oos,2026,6,3.154822469,COMPLETE,POSITIVE,1
SESSION_10_21__N2_04,NORMALIZED,historical_true_oos,2026,2,-0.6306433367,COMPLETE,NEGATIVE,2
SESSION_10_21__N2_04,NORMALIZED,historical_true_oos,2026,8,2.648518515,COMPLETE,POSITIVE,3
SESSION_10_21__N2_04,NORMALIZED,historical_true_oos,2026,1,0.4248256949,COMPLETE,POSITIVE,4
SESSION_10_21__N2_04,NORMALIZED,historical_true_oos,2026,5,0.5510875868,COMPLETE,POSITIVE,5
SESSION_10_21__N2_04,NORMALIZED,historical_true_oos,2026,6,3.206005823,COMPLETE,POSITIVE,6
SESSION_10_21__N2_04,NORMALIZED,historical_true_oos,2026,2,-0.6289550479,COMPLETE,NEGATIVE,7
SESSION_10_21__N2_04,NORMALIZED,historical_true_oos,2026,11,8.367438567,COMPLETE,POSITIVE,8
SESSION_10_21__N2_04,NORMALIZED,historical_true_oos,2026,3,-0.5718835721,COMPLETE,NEGATIVE,9
SESSION_10_21__N2_04,FULL,baseline,2023,1,-0.5940147384,COMPLETE,NEGATIVE,2
SESSION_10_21__N2_04,FULL,baseline,2023,2,-0.4265405325,COMPLETE,NEGATIVE,3
SESSION_10_21__N2_04,FULL,baseline,2023,3,3.724183529,COMPLETE,POSITIVE,4
SESSION_10_21__N2_04,FULL,baseline,2023,2,2.437394172,COMPLETE,POSITIVE,5
SESSION_10_21__N2_04,FULL,baseline,2023,3,1.633938212,COMPLETE,POSITIVE,6
SESSION_10_21__N2_04,FULL,baseline,2023,3,-2.569742858,COMPLETE,NEGATIVE,7
SESSION_10_21__N2_04,FULL,baseline,2023,3,1.284661613,COMPLETE,POSITIVE,8
SESSION_10_21__N2_04,FULL,baseline,2023,2,-1.200307916,COMPLETE,NEGATIVE,9
SESSION_10_21__N2_04,FULL,baseline,2023,2,-1.0007127,COMPLETE,NEGATIVE,10
SESSION_10_21__N2_04,FULL,baseline,2023,2,-0.9716890047,COMPLETE,NEGATIVE,11
SESSION_10_21__N2_04,FULL,baseline,2023,7,-1.929000303,COMPLETE,NEGATIVE,12
SESSION_10_21__N2_04,FULL,baseline,2024,3,1.799461107,COMPLETE,POSITIVE,1
SESSION_10_21__N2_04,FULL,baseline,2024,6,-1.201787327,COMPLETE,NEGATIVE,2
SESSION_10_21__N2_04,FULL,baseline,2024,5,-0.4780882275,COMPLETE,NEGATIVE,3
SESSION_10_21__N2_04,FULL,baseline,2024,8,4.944204877,COMPLETE,POSITIVE,4
SESSION_10_21__N2_04,FULL,baseline,2024,5,0.4901309721,COMPLETE,POSITIVE,5
SESSION_10_21__N2_04,FULL,baseline,2024,6,11.33151694,COMPLETE,POSITIVE,6
SESSION_10_21__N2_04,FULL,baseline,2024,6,-0.4555833495,COMPLETE,NEGATIVE,8
SESSION_10_21__N2_04,FULL,baseline,2024,6,0.9291050279,COMPLETE,POSITIVE,9
SESSION_10_21__N2_04,FULL,baseline,2024,5,2.395833934,COMPLETE,POSITIVE,10
SESSION_10_21__N2_04,FULL,baseline,2024,8,9.468919263,COMPLETE,POSITIVE,11
SESSION_10_21__N2_04,FULL,baseline,2024,2,-0.3853218005,COMPLETE,NEGATIVE,12
SESSION_10_21__N2_04,FULL,walk_forward,2024,3,-0.5014750718,COMPLETE,NEGATIVE,2
SESSION_10_21__N2_04,FULL,walk_forward,2024,5,-0.4780882275,COMPLETE,NEGATIVE,3
SESSION_10_21__N2_04,FULL,walk_forward,2024,3,2.171965704,COMPLETE,POSITIVE,5
SESSION_10_21__N2_04,FULL,walk_forward,2024,6,11.33151694,COMPLETE,POSITIVE,6
SESSION_10_21__N2_04,FULL,walk_forward,2024,4,-0.8218820977,COMPLETE,NEGATIVE,8
SESSION_10_21__N2_04,FULL,walk_forward,2024,6,0.9291050279,COMPLETE,POSITIVE,9
SESSION_10_21__N2_04,FULL,walk_forward,2024,7,3.850252153,COMPLETE,POSITIVE,11
SESSION_10_21__N2_04,FULL,walk_forward,2024,2,-0.3853218005,COMPLETE,NEGATIVE,12
SESSION_10_21__N2_04,FULL,historical_true_oos,2025,2,0.7855985262,COMPLETE,POSITIVE,2
SESSION_10_21__N2_04,FULL,historical_true_oos,2025,2,1.759807732,COMPLETE,POSITIVE,3
SESSION_10_21__N2_04,FULL,historical_true_oos,2025,5,-1.983658874,COMPLETE,NEGATIVE,4
SESSION_10_21__N2_04,FULL,historical_true_oos,2025,1,-0.8223395297,COMPLETE,NEGATIVE,6
SESSION_10_21__N2_04,FULL,historical_true_oos,2025,6,3.17361938,COMPLETE,POSITIVE,7
SESSION_10_21__N2_04,FULL,historical_true_oos,2025,1,-0.7349843052,COMPLETE,NEGATIVE,8
SESSION_10_21__N2_04,FULL,historical_true_oos,2025,7,20.86027366,COMPLETE,POSITIVE,9
SESSION_10_21__N2_04,FULL,historical_true_oos,2025,12,5.609989117,COMPLETE,POSITIVE,10
SESSION_10_21__N2_04,FULL,historical_true_oos,2025,4,-3.561368486,COMPLETE,NEGATIVE,11
SESSION_10_21__N2_04,FULL,historical_true_oos,2025,7,-2.079498637,COMPLETE,NEGATIVE,12
SESSION_10_21__N2_04,FULL,historical_true_oos,2026,6,6.309644937,COMPLETE,POSITIVE,1
SESSION_10_21__N2_04,FULL,historical_true_oos,2026,2,-1.261286673,COMPLETE,NEGATIVE,2
SESSION_10_21__N2_04,FULL,historical_true_oos,2026,8,5.297037029,COMPLETE,POSITIVE,3
SESSION_10_21__N2_04,FULL,historical_true_oos,2026,1,0.8496513899,COMPLETE,POSITIVE,4
SESSION_10_21__N2_04,FULL,historical_true_oos,2026,5,1.102175174,COMPLETE,POSITIVE,5
SESSION_10_21__N2_04,FULL,historical_true_oos,2026,6,6.412011645,COMPLETE,POSITIVE,6
SESSION_10_21__N2_04,FULL,historical_true_oos,2026,2,-1.257910096,COMPLETE,NEGATIVE,7
SESSION_10_21__N2_04,FULL,historical_true_oos,2026,11,16.73487713,COMPLETE,POSITIVE,8
SESSION_10_21__N2_04,FULL,historical_true_oos,2026,3,-1.143767144,COMPLETE,NEGATIVE,9
SESSION_10_21__N2_05,NORMALIZED,baseline,2023,1,-0.2970073692,COMPLETE,NEGATIVE,2
SESSION_10_21__N2_05,NORMALIZED,baseline,2023,2,-0.2132702663,COMPLETE,NEGATIVE,3
SESSION_10_21__N2_05,NORMALIZED,baseline,2023,3,1.862091764,COMPLETE,POSITIVE,4
SESSION_10_21__N2_05,NORMALIZED,baseline,2023,2,1.218697086,COMPLETE,POSITIVE,5
SESSION_10_21__N2_05,NORMALIZED,baseline,2023,3,0.8169691062,COMPLETE,POSITIVE,6
SESSION_10_21__N2_05,NORMALIZED,baseline,2023,3,-1.284871429,COMPLETE,NEGATIVE,7
SESSION_10_21__N2_05,NORMALIZED,baseline,2023,3,0.6423308065,COMPLETE,POSITIVE,8
SESSION_10_21__N2_05,NORMALIZED,baseline,2023,1,-0.3822706055,COMPLETE,NEGATIVE,9
SESSION_10_21__N2_05,NORMALIZED,baseline,2023,2,-0.5003563501,COMPLETE,NEGATIVE,10
SESSION_10_21__N2_05,NORMALIZED,baseline,2023,1,-0.5128743477,COMPLETE,NEGATIVE,11
SESSION_10_21__N2_05,NORMALIZED,baseline,2023,3,-0.8824007833,COMPLETE,NEGATIVE,12
SESSION_10_21__N2_05,NORMALIZED,baseline,2024,3,1.495180274,COMPLETE,POSITIVE,1
SESSION_10_21__N2_05,NORMALIZED,baseline,2024,5,0.4153098492,COMPLETE,POSITIVE,2
SESSION_10_21__N2_05,NORMALIZED,baseline,2024,3,0.6946962693,COMPLETE,POSITIVE,3
SESSION_10_21__N2_05,NORMALIZED,baseline,2024,5,1.076559597,COMPLETE,POSITIVE,4
SESSION_10_21__N2_05,NORMALIZED,baseline,2024,6,0.6419706359,COMPLETE,POSITIVE,5
SESSION_10_21__N2_05,NORMALIZED,baseline,2024,6,8.311134474,COMPLETE,POSITIVE,6
SESSION_10_21__N2_05,NORMALIZED,baseline,2024,4,1.898076977,COMPLETE,POSITIVE,7
SESSION_10_21__N2_05,NORMALIZED,baseline,2024,4,0.06610688639,COMPLETE,POSITIVE,8
SESSION_10_21__N2_05,NORMALIZED,baseline,2024,5,2.169581758,COMPLETE,POSITIVE,9
SESSION_10_21__N2_05,NORMALIZED,baseline,2024,3,0.5243494724,COMPLETE,POSITIVE,10
SESSION_10_21__N2_05,NORMALIZED,baseline,2024,7,3.070872908,COMPLETE,POSITIVE,11
SESSION_10_21__N2_05,NORMALIZED,baseline,2024,2,-0.402196408,COMPLETE,NEGATIVE,12
SESSION_10_21__N2_05,NORMALIZED,walk_forward,2024,2,-0.5157360619,COMPLETE,NEGATIVE,2
SESSION_10_21__N2_05,NORMALIZED,walk_forward,2024,2,-1.000092795,COMPLETE,NEGATIVE,3
SESSION_10_21__N2_05,NORMALIZED,walk_forward,2024,4,1.482888002,COMPLETE,POSITIVE,5
SESSION_10_21__N2_05,NORMALIZED,walk_forward,2024,6,8.311134474,COMPLETE,POSITIVE,6
SESSION_10_21__N2_05,NORMALIZED,walk_forward,2024,3,0.1980332215,COMPLETE,POSITIVE,8
SESSION_10_21__N2_05,NORMALIZED,walk_forward,2024,5,2.169581758,COMPLETE,POSITIVE,9
SESSION_10_21__N2_05,NORMALIZED,walk_forward,2024,6,2.965728754,COMPLETE,POSITIVE,11
SESSION_10_21__N2_05,NORMALIZED,walk_forward,2024,2,-0.402196408,COMPLETE,NEGATIVE,12
SESSION_10_21__N2_05,NORMALIZED,historical_true_oos,2025,1,0.6010786125,COMPLETE,POSITIVE,2
SESSION_10_21__N2_05,NORMALIZED,historical_true_oos,2025,3,0.7746558509,COMPLETE,POSITIVE,3
SESSION_10_21__N2_05,NORMALIZED,historical_true_oos,2025,6,-0.07629304357,COMPLETE,NEGATIVE,4
SESSION_10_21__N2_05,NORMALIZED,historical_true_oos,2025,1,0.8648717242,COMPLETE,POSITIVE,5
SESSION_10_21__N2_05,NORMALIZED,historical_true_oos,2025,1,-0.4111697649,COMPLETE,NEGATIVE,6
SESSION_10_21__N2_05,NORMALIZED,historical_true_oos,2025,8,3.327331919,COMPLETE,POSITIVE,7
SESSION_10_21__N2_05,NORMALIZED,historical_true_oos,2025,2,0.04450135426,COMPLETE,POSITIVE,8
SESSION_10_21__N2_05,NORMALIZED,historical_true_oos,2025,8,2.961763261,COMPLETE,POSITIVE,9
SESSION_10_21__N2_05,NORMALIZED,historical_true_oos,2025,11,0.9529606541,COMPLETE,POSITIVE,10
SESSION_10_21__N2_05,NORMALIZED,historical_true_oos,2025,2,-0.7915512095,COMPLETE,NEGATIVE,11
SESSION_10_21__N2_05,NORMALIZED,historical_true_oos,2025,7,-1.40447792,COMPLETE,NEGATIVE,12
SESSION_10_21__N2_05,NORMALIZED,historical_true_oos,2026,4,0.846065477,COMPLETE,POSITIVE,1
SESSION_10_21__N2_05,NORMALIZED,historical_true_oos,2026,1,-0.512538535,COMPLETE,NEGATIVE,2
SESSION_10_21__N2_05,NORMALIZED,historical_true_oos,2026,7,3.016888965,COMPLETE,POSITIVE,3
SESSION_10_21__N2_05,NORMALIZED,historical_true_oos,2026,5,0.252627649,COMPLETE,POSITIVE,4
SESSION_10_21__N2_05,NORMALIZED,historical_true_oos,2026,6,-1.03914191,COMPLETE,NEGATIVE,5
SESSION_10_21__N2_05,NORMALIZED,historical_true_oos,2026,9,2.973734795,COMPLETE,POSITIVE,6
SESSION_10_21__N2_05,NORMALIZED,historical_true_oos,2026,5,-1.054122586,COMPLETE,NEGATIVE,7
SESSION_10_21__N2_05,NORMALIZED,historical_true_oos,2026,9,2.926379462,COMPLETE,POSITIVE,8
SESSION_10_21__N2_05,NORMALIZED,historical_true_oos,2026,3,-1.261432898,COMPLETE,NEGATIVE,9
SESSION_10_21__N2_05,FULL,baseline,2023,1,-0.5940147384,COMPLETE,NEGATIVE,2
SESSION_10_21__N2_05,FULL,baseline,2023,2,-0.4265405325,COMPLETE,NEGATIVE,3
SESSION_10_21__N2_05,FULL,baseline,2023,3,3.724183529,COMPLETE,POSITIVE,4
SESSION_10_21__N2_05,FULL,baseline,2023,2,2.437394172,COMPLETE,POSITIVE,5
SESSION_10_21__N2_05,FULL,baseline,2023,3,1.633938212,COMPLETE,POSITIVE,6
SESSION_10_21__N2_05,FULL,baseline,2023,3,-2.569742858,COMPLETE,NEGATIVE,7
SESSION_10_21__N2_05,FULL,baseline,2023,3,1.284661613,COMPLETE,POSITIVE,8
SESSION_10_21__N2_05,FULL,baseline,2023,1,-0.7645412109,COMPLETE,NEGATIVE,9
SESSION_10_21__N2_05,FULL,baseline,2023,2,-1.0007127,COMPLETE,NEGATIVE,10
SESSION_10_21__N2_05,FULL,baseline,2023,1,-1.025748695,COMPLETE,NEGATIVE,11
SESSION_10_21__N2_05,FULL,baseline,2023,3,-1.764801567,COMPLETE,NEGATIVE,12
SESSION_10_21__N2_05,FULL,baseline,2024,3,2.990360549,COMPLETE,POSITIVE,1
SESSION_10_21__N2_05,FULL,baseline,2024,5,0.8306196985,COMPLETE,POSITIVE,2
SESSION_10_21__N2_05,FULL,baseline,2024,3,1.389392539,COMPLETE,POSITIVE,3
SESSION_10_21__N2_05,FULL,baseline,2024,5,2.153119195,COMPLETE,POSITIVE,4
SESSION_10_21__N2_05,FULL,baseline,2024,6,1.283941272,COMPLETE,POSITIVE,5
SESSION_10_21__N2_05,FULL,baseline,2024,6,16.62226895,COMPLETE,POSITIVE,6
SESSION_10_21__N2_05,FULL,baseline,2024,4,3.796153953,COMPLETE,POSITIVE,7
SESSION_10_21__N2_05,FULL,baseline,2024,4,0.1322137728,COMPLETE,POSITIVE,8
SESSION_10_21__N2_05,FULL,baseline,2024,5,4.339163516,COMPLETE,POSITIVE,9
SESSION_10_21__N2_05,FULL,baseline,2024,3,1.048698945,COMPLETE,POSITIVE,10
SESSION_10_21__N2_05,FULL,baseline,2024,7,6.141745816,COMPLETE,POSITIVE,11
SESSION_10_21__N2_05,FULL,baseline,2024,2,-0.804392816,COMPLETE,NEGATIVE,12
SESSION_10_21__N2_05,FULL,walk_forward,2024,2,-1.031472124,COMPLETE,NEGATIVE,2
SESSION_10_21__N2_05,FULL,walk_forward,2024,2,-2.00018559,COMPLETE,NEGATIVE,3
SESSION_10_21__N2_05,FULL,walk_forward,2024,4,2.965776004,COMPLETE,POSITIVE,5
SESSION_10_21__N2_05,FULL,walk_forward,2024,6,16.62226895,COMPLETE,POSITIVE,6
SESSION_10_21__N2_05,FULL,walk_forward,2024,3,0.3960664431,COMPLETE,POSITIVE,8
SESSION_10_21__N2_05,FULL,walk_forward,2024,5,4.339163516,COMPLETE,POSITIVE,9
SESSION_10_21__N2_05,FULL,walk_forward,2024,6,5.931457508,COMPLETE,POSITIVE,11
SESSION_10_21__N2_05,FULL,walk_forward,2024,2,-0.804392816,COMPLETE,NEGATIVE,12
SESSION_10_21__N2_05,FULL,historical_true_oos,2025,1,1.202157225,COMPLETE,POSITIVE,2
SESSION_10_21__N2_05,FULL,historical_true_oos,2025,3,1.549311702,COMPLETE,POSITIVE,3
SESSION_10_21__N2_05,FULL,historical_true_oos,2025,6,-0.1525860871,COMPLETE,NEGATIVE,4
SESSION_10_21__N2_05,FULL,historical_true_oos,2025,1,1.729743448,COMPLETE,POSITIVE,5
SESSION_10_21__N2_05,FULL,historical_true_oos,2025,1,-0.8223395297,COMPLETE,NEGATIVE,6
SESSION_10_21__N2_05,FULL,historical_true_oos,2025,8,6.654663838,COMPLETE,POSITIVE,7
SESSION_10_21__N2_05,FULL,historical_true_oos,2025,2,0.08900270851,COMPLETE,POSITIVE,8
SESSION_10_21__N2_05,FULL,historical_true_oos,2025,8,5.923526523,COMPLETE,POSITIVE,9
SESSION_10_21__N2_05,FULL,historical_true_oos,2025,11,1.905921308,COMPLETE,POSITIVE,10
SESSION_10_21__N2_05,FULL,historical_true_oos,2025,2,-1.583102419,COMPLETE,NEGATIVE,11
SESSION_10_21__N2_05,FULL,historical_true_oos,2025,7,-2.80895584,COMPLETE,NEGATIVE,12
SESSION_10_21__N2_05,FULL,historical_true_oos,2026,4,1.692130954,COMPLETE,POSITIVE,1
SESSION_10_21__N2_05,FULL,historical_true_oos,2026,1,-1.02507707,COMPLETE,NEGATIVE,2
SESSION_10_21__N2_05,FULL,historical_true_oos,2026,7,6.033777929,COMPLETE,POSITIVE,3
SESSION_10_21__N2_05,FULL,historical_true_oos,2026,5,0.5052552979,COMPLETE,POSITIVE,4
SESSION_10_21__N2_05,FULL,historical_true_oos,2026,6,-2.078283821,COMPLETE,NEGATIVE,5
SESSION_10_21__N2_05,FULL,historical_true_oos,2026,9,5.94746959,COMPLETE,POSITIVE,6
SESSION_10_21__N2_05,FULL,historical_true_oos,2026,5,-2.108245172,COMPLETE,NEGATIVE,7
SESSION_10_21__N2_05,FULL,historical_true_oos,2026,9,5.852758923,COMPLETE,POSITIVE,8
SESSION_10_21__N2_05,FULL,historical_true_oos,2026,3,-2.522865796,COMPLETE,NEGATIVE,9
SESSION_10_21__N2_06,NORMALIZED,baseline,2023,1,-0.2178833525,COMPLETE,NEGATIVE,9
SESSION_10_21__N2_06,NORMALIZED,baseline,2023,1,0.02702984538,COMPLETE,POSITIVE,11
SESSION_10_21__N2_06,NORMALIZED,baseline,2023,4,-0.0820993684,COMPLETE,NEGATIVE,12
SESSION_10_21__N2_06,NORMALIZED,baseline,2024,4,0.01073110047,COMPLETE,POSITIVE,1
SESSION_10_21__N2_06,NORMALIZED,baseline,2024,7,-0.6186136343,COMPLETE,NEGATIVE,2
SESSION_10_21__N2_06,NORMALIZED,baseline,2024,8,0.4556521555,COMPLETE,POSITIVE,3
SESSION_10_21__N2_06,NORMALIZED,baseline,2024,5,1.266539255,COMPLETE,POSITIVE,4
SESSION_10_21__N2_06,NORMALIZED,baseline,2024,3,0.3796072525,COMPLETE,POSITIVE,5
SESSION_10_21__N2_06,NORMALIZED,baseline,2024,6,1.822407767,COMPLETE,POSITIVE,6
SESSION_10_21__N2_06,NORMALIZED,baseline,2024,4,1.898076977,COMPLETE,POSITIVE,7
SESSION_10_21__N2_06,NORMALIZED,baseline,2024,6,0.9908456124,COMPLETE,POSITIVE,8
SESSION_10_21__N2_06,NORMALIZED,baseline,2024,3,0.8374528244,COMPLETE,POSITIVE,9
SESSION_10_21__N2_06,NORMALIZED,baseline,2024,4,1.86904787,COMPLETE,POSITIVE,10
SESSION_10_21__N2_06,NORMALIZED,baseline,2024,7,3.470807172,COMPLETE,POSITIVE,11
SESSION_10_21__N2_06,NORMALIZED,baseline,2024,2,0.1498902174,COMPLETE,POSITIVE,12
SESSION_10_21__N2_06,NORMALIZED,walk_forward,2024,3,0.008341802927,COMPLETE,POSITIVE,2
SESSION_10_21__N2_06,NORMALIZED,walk_forward,2024,7,-1.239136909,COMPLETE,NEGATIVE,3
SESSION_10_21__N2_06,NORMALIZED,walk_forward,2024,3,0.3796072525,COMPLETE,POSITIVE,5
SESSION_10_21__N2_06,NORMALIZED,walk_forward,2024,6,1.822407767,COMPLETE,POSITIVE,6
SESSION_10_21__N2_06,NORMALIZED,walk_forward,2024,5,0.6757699032,COMPLETE,POSITIVE,8
SESSION_10_21__N2_06,NORMALIZED,walk_forward,2024,3,0.8374528244,COMPLETE,POSITIVE,9
SESSION_10_21__N2_06,NORMALIZED,walk_forward,2024,5,0.556329463,COMPLETE,POSITIVE,11
SESSION_10_21__N2_06,NORMALIZED,walk_forward,2024,2,0.1498902174,COMPLETE,POSITIVE,12
SESSION_10_21__N2_06,NORMALIZED,historical_true_oos,2025,1,-0.2082793494,COMPLETE,NEGATIVE,2
SESSION_10_21__N2_06,NORMALIZED,historical_true_oos,2025,1,-0.1052480151,COMPLETE,NEGATIVE,3
SESSION_10_21__N2_06,NORMALIZED,historical_true_oos,2025,5,1.009598509,COMPLETE,POSITIVE,4
SESSION_10_21__N2_06,NORMALIZED,historical_true_oos,2025,1,0.8648717242,COMPLETE,POSITIVE,5
SESSION_10_21__N2_06,NORMALIZED,historical_true_oos,2025,6,0.2319279019,COMPLETE,POSITIVE,7
SESSION_10_21__N2_06,NORMALIZED,historical_true_oos,2025,1,0.4119935069,COMPLETE,POSITIVE,8
SESSION_10_21__N2_06,NORMALIZED,historical_true_oos,2025,11,5.566961269,COMPLETE,POSITIVE,9
SESSION_10_21__N2_06,NORMALIZED,historical_true_oos,2025,11,4.121227354,COMPLETE,POSITIVE,10
SESSION_10_21__N2_06,NORMALIZED,historical_true_oos,2025,2,-0.9891330334,COMPLETE,NEGATIVE,11
SESSION_10_21__N2_06,NORMALIZED,historical_true_oos,2025,4,-1.52955438,COMPLETE,NEGATIVE,12
SESSION_10_21__N2_06,NORMALIZED,historical_true_oos,2026,6,3.143695102,COMPLETE,POSITIVE,1
SESSION_10_21__N2_06,NORMALIZED,historical_true_oos,2026,1,-0.1181048017,COMPLETE,NEGATIVE,2
SESSION_10_21__N2_06,NORMALIZED,historical_true_oos,2026,5,1.325481416,COMPLETE,POSITIVE,3
SESSION_10_21__N2_06,NORMALIZED,historical_true_oos,2026,4,-0.172198046,COMPLETE,NEGATIVE,4
SESSION_10_21__N2_06,NORMALIZED,historical_true_oos,2026,7,-1.678813626,COMPLETE,NEGATIVE,5
SESSION_10_21__N2_06,NORMALIZED,historical_true_oos,2026,7,3.201728718,COMPLETE,POSITIVE,6
SESSION_10_21__N2_06,NORMALIZED,historical_true_oos,2026,5,-1.295610423,COMPLETE,NEGATIVE,7
SESSION_10_21__N2_06,NORMALIZED,historical_true_oos,2026,8,6.079990175,COMPLETE,POSITIVE,8
SESSION_10_21__N2_06,NORMALIZED,historical_true_oos,2026,2,-0.02911296228,COMPLETE,NEGATIVE,9
SESSION_10_21__N2_06,FULL,baseline,2023,1,-0.435766705,COMPLETE,NEGATIVE,9
SESSION_10_21__N2_06,FULL,baseline,2023,1,0.05405969077,COMPLETE,POSITIVE,11
SESSION_10_21__N2_06,FULL,baseline,2023,4,-0.1641987368,COMPLETE,NEGATIVE,12
SESSION_10_21__N2_06,FULL,baseline,2024,4,0.02146220094,COMPLETE,POSITIVE,1
SESSION_10_21__N2_06,FULL,baseline,2024,7,-1.237227269,COMPLETE,NEGATIVE,2
SESSION_10_21__N2_06,FULL,baseline,2024,8,0.911304311,COMPLETE,POSITIVE,3
SESSION_10_21__N2_06,FULL,baseline,2024,5,2.53307851,COMPLETE,POSITIVE,4
SESSION_10_21__N2_06,FULL,baseline,2024,3,0.759214505,COMPLETE,POSITIVE,5
SESSION_10_21__N2_06,FULL,baseline,2024,6,3.644815534,COMPLETE,POSITIVE,6
SESSION_10_21__N2_06,FULL,baseline,2024,4,3.796153953,COMPLETE,POSITIVE,7
SESSION_10_21__N2_06,FULL,baseline,2024,6,1.981691225,COMPLETE,POSITIVE,8
SESSION_10_21__N2_06,FULL,baseline,2024,3,1.674905649,COMPLETE,POSITIVE,9
SESSION_10_21__N2_06,FULL,baseline,2024,4,3.73809574,COMPLETE,POSITIVE,10
SESSION_10_21__N2_06,FULL,baseline,2024,7,6.941614344,COMPLETE,POSITIVE,11
SESSION_10_21__N2_06,FULL,baseline,2024,2,0.2997804349,COMPLETE,POSITIVE,12
SESSION_10_21__N2_06,FULL,walk_forward,2024,3,0.01668360585,COMPLETE,POSITIVE,2
SESSION_10_21__N2_06,FULL,walk_forward,2024,7,-2.478273818,COMPLETE,NEGATIVE,3
SESSION_10_21__N2_06,FULL,walk_forward,2024,3,0.759214505,COMPLETE,POSITIVE,5
SESSION_10_21__N2_06,FULL,walk_forward,2024,6,3.644815534,COMPLETE,POSITIVE,6
SESSION_10_21__N2_06,FULL,walk_forward,2024,5,1.351539806,COMPLETE,POSITIVE,8
SESSION_10_21__N2_06,FULL,walk_forward,2024,3,1.674905649,COMPLETE,POSITIVE,9
SESSION_10_21__N2_06,FULL,walk_forward,2024,5,1.112658926,COMPLETE,POSITIVE,11
SESSION_10_21__N2_06,FULL,walk_forward,2024,2,0.2997804349,COMPLETE,POSITIVE,12
SESSION_10_21__N2_06,FULL,historical_true_oos,2025,1,-0.4165586989,COMPLETE,NEGATIVE,2
SESSION_10_21__N2_06,FULL,historical_true_oos,2025,1,-0.2104960302,COMPLETE,NEGATIVE,3
SESSION_10_21__N2_06,FULL,historical_true_oos,2025,5,2.019197018,COMPLETE,POSITIVE,4
SESSION_10_21__N2_06,FULL,historical_true_oos,2025,1,1.729743448,COMPLETE,POSITIVE,5
SESSION_10_21__N2_06,FULL,historical_true_oos,2025,6,0.4638558038,COMPLETE,POSITIVE,7
SESSION_10_21__N2_06,FULL,historical_true_oos,2025,1,0.8239870138,COMPLETE,POSITIVE,8
SESSION_10_21__N2_06,FULL,historical_true_oos,2025,11,11.13392254,COMPLETE,POSITIVE,9
SESSION_10_21__N2_06,FULL,historical_true_oos,2025,11,8.242454708,COMPLETE,POSITIVE,10
SESSION_10_21__N2_06,FULL,historical_true_oos,2025,2,-1.978266067,COMPLETE,NEGATIVE,11
SESSION_10_21__N2_06,FULL,historical_true_oos,2025,4,-3.05910876,COMPLETE,NEGATIVE,12
SESSION_10_21__N2_06,FULL,historical_true_oos,2026,6,6.287390204,COMPLETE,POSITIVE,1
SESSION_10_21__N2_06,FULL,historical_true_oos,2026,1,-0.2362096035,COMPLETE,NEGATIVE,2
SESSION_10_21__N2_06,FULL,historical_true_oos,2026,5,2.650962832,COMPLETE,POSITIVE,3
SESSION_10_21__N2_06,FULL,historical_true_oos,2026,4,-0.344396092,COMPLETE,NEGATIVE,4
SESSION_10_21__N2_06,FULL,historical_true_oos,2026,7,-3.357627252,COMPLETE,NEGATIVE,5
SESSION_10_21__N2_06,FULL,historical_true_oos,2026,7,6.403457436,COMPLETE,POSITIVE,6
SESSION_10_21__N2_06,FULL,historical_true_oos,2026,5,-2.591220846,COMPLETE,NEGATIVE,7
SESSION_10_21__N2_06,FULL,historical_true_oos,2026,8,12.15998035,COMPLETE,POSITIVE,8
SESSION_10_21__N2_06,FULL,historical_true_oos,2026,2,-0.05822592457,COMPLETE,NEGATIVE,9
SESSION_10_21__N3_01,NORMALIZED,baseline,2023,3,-0.5092103336,COMPLETE,NEGATIVE,2
SESSION_10_21__N3_01,NORMALIZED,baseline,2023,3,-0.4767179923,COMPLETE,NEGATIVE,3
SESSION_10_21__N3_01,NORMALIZED,baseline,2023,6,2.679669195,COMPLETE,POSITIVE,4
SESSION_10_21__N3_01,NORMALIZED,baseline,2023,5,1.545550057,COMPLETE,POSITIVE,5
SESSION_10_21__N3_01,NORMALIZED,baseline,2023,8,1.269807618,COMPLETE,POSITIVE,6
SESSION_10_21__N3_01,NORMALIZED,baseline,2023,5,-0.6739610359,COMPLETE,NEGATIVE,7
SESSION_10_21__N3_01,NORMALIZED,baseline,2023,8,2.211743696,COMPLETE,POSITIVE,8
SESSION_10_21__N3_01,NORMALIZED,baseline,2023,3,-0.6438028753,COMPLETE,NEGATIVE,9
SESSION_10_21__N3_01,NORMALIZED,baseline,2023,5,-0.5431240777,COMPLETE,NEGATIVE,10
SESSION_10_21__N3_01,NORMALIZED,baseline,2023,4,0.1572687022,COMPLETE,POSITIVE,11
SESSION_10_21__N3_01,NORMALIZED,baseline,2023,9,0.1497937036,COMPLETE,POSITIVE,12
SESSION_10_21__N3_01,NORMALIZED,baseline,2024,5,0.3344088754,COMPLETE,POSITIVE,1
SESSION_10_21__N3_01,NORMALIZED,baseline,2024,7,-0.673660121,COMPLETE,NEGATIVE,2
SESSION_10_21__N3_01,NORMALIZED,baseline,2024,6,0.218126766,COMPLETE,POSITIVE,3
SESSION_10_21__N3_01,NORMALIZED,baseline,2024,13,1.265022028,COMPLETE,POSITIVE,4
SESSION_10_21__N3_01,NORMALIZED,baseline,2024,9,-0.2931254877,COMPLETE,NEGATIVE,5
SESSION_10_21__N3_01,NORMALIZED,baseline,2024,9,5.601920135,COMPLETE,POSITIVE,6
SESSION_10_21__N3_01,NORMALIZED,baseline,2024,13,-0.1603851819,COMPLETE,NEGATIVE,8
SESSION_10_21__N3_01,NORMALIZED,baseline,2024,8,0.6598746746,COMPLETE,POSITIVE,9
SESSION_10_21__N3_01,NORMALIZED,baseline,2024,7,1.508839538,COMPLETE,POSITIVE,10
SESSION_10_21__N3_01,NORMALIZED,baseline,2024,12,4.239932934,COMPLETE,POSITIVE,11
SESSION_10_21__N3_01,NORMALIZED,baseline,2024,3,-0.001152035056,COMPLETE,NEGATIVE,12
SESSION_10_21__N3_01,NORMALIZED,walk_forward,2024,4,-0.4402227025,COMPLETE,NEGATIVE,2
SESSION_10_21__N3_01,NORMALIZED,walk_forward,2024,6,0.218126766,COMPLETE,POSITIVE,3
SESSION_10_21__N3_01,NORMALIZED,walk_forward,2024,5,0.4398393779,COMPLETE,POSITIVE,5
SESSION_10_21__N3_01,NORMALIZED,walk_forward,2024,9,5.601920135,COMPLETE,POSITIVE,6
SESSION_10_21__N3_01,NORMALIZED,walk_forward,2024,6,-0.02302096533,COMPLETE,NEGATIVE,8
SESSION_10_21__N3_01,NORMALIZED,walk_forward,2024,8,0.6598746746,COMPLETE,POSITIVE,9
SESSION_10_21__N3_01,NORMALIZED,walk_forward,2024,9,2.938815707,COMPLETE,POSITIVE,11
SESSION_10_21__N3_01,NORMALIZED,walk_forward,2024,3,-0.001152035056,COMPLETE,NEGATIVE,12
SESSION_10_21__N3_01,NORMALIZED,historical_true_oos,2025,2,0.2618661754,COMPLETE,POSITIVE,2
SESSION_10_21__N3_01,NORMALIZED,historical_true_oos,2025,4,1.143430075,COMPLETE,POSITIVE,3
SESSION_10_21__N3_01,NORMALIZED,historical_true_oos,2025,8,-1.36870089,COMPLETE,NEGATIVE,4
SESSION_10_21__N3_01,NORMALIZED,historical_true_oos,2025,1,-0.05728850564,COMPLETE,NEGATIVE,5
SESSION_10_21__N3_01,NORMALIZED,historical_true_oos,2025,1,-0.2741131766,COMPLETE,NEGATIVE,6
SESSION_10_21__N3_01,NORMALIZED,historical_true_oos,2025,10,1.759228321,COMPLETE,POSITIVE,7
SESSION_10_21__N3_01,NORMALIZED,historical_true_oos,2025,1,-0.2449947684,COMPLETE,NEGATIVE,8
SESSION_10_21__N3_01,NORMALIZED,historical_true_oos,2025,9,9.679138809,COMPLETE,POSITIVE,9
SESSION_10_21__N3_01,NORMALIZED,historical_true_oos,2025,16,2.497671829,COMPLETE,POSITIVE,10
SESSION_10_21__N3_01,NORMALIZED,historical_true_oos,2025,7,-1.703066633,COMPLETE,NEGATIVE,11
SESSION_10_21__N3_01,NORMALIZED,historical_true_oos,2025,12,-1.313607497,COMPLETE,NEGATIVE,12
SESSION_10_21__N3_01,NORMALIZED,historical_true_oos,2026,8,1.987296772,COMPLETE,POSITIVE,1
SESSION_10_21__N3_01,NORMALIZED,historical_true_oos,2026,3,-0.6578403733,COMPLETE,NEGATIVE,2
SESSION_10_21__N3_01,NORMALIZED,historical_true_oos,2026,12,4.385776627,COMPLETE,POSITIVE,3
SESSION_10_21__N3_01,NORMALIZED,historical_true_oos,2026,3,0.3963673301,COMPLETE,POSITIVE,4
SESSION_10_21__N3_01,NORMALIZED,historical_true_oos,2026,7,0.6757207374,COMPLETE,POSITIVE,5
SESSION_10_21__N3_01,NORMALIZED,historical_true_oos,2026,10,2.876283258,COMPLETE,POSITIVE,6
SESSION_10_21__N3_01,NORMALIZED,historical_true_oos,2026,3,-0.5612407386,COMPLETE,NEGATIVE,7
SESSION_10_21__N3_01,NORMALIZED,historical_true_oos,2026,17,8.232895004,COMPLETE,POSITIVE,8
SESSION_10_21__N3_01,NORMALIZED,historical_true_oos,2026,5,-0.8819743103,COMPLETE,NEGATIVE,9
SESSION_10_21__N3_01,FULL,baseline,2023,3,-1.527631001,COMPLETE,NEGATIVE,2
SESSION_10_21__N3_01,FULL,baseline,2023,3,-1.430153977,COMPLETE,NEGATIVE,3
SESSION_10_21__N3_01,FULL,baseline,2023,6,8.039007585,COMPLETE,POSITIVE,4
SESSION_10_21__N3_01,FULL,baseline,2023,5,4.636650171,COMPLETE,POSITIVE,5
SESSION_10_21__N3_01,FULL,baseline,2023,8,3.809422854,COMPLETE,POSITIVE,6
SESSION_10_21__N3_01,FULL,baseline,2023,5,-2.021883108,COMPLETE,NEGATIVE,7
SESSION_10_21__N3_01,FULL,baseline,2023,8,6.635231087,COMPLETE,POSITIVE,8
SESSION_10_21__N3_01,FULL,baseline,2023,3,-1.931408626,COMPLETE,NEGATIVE,9
SESSION_10_21__N3_01,FULL,baseline,2023,5,-1.629372233,COMPLETE,NEGATIVE,10
SESSION_10_21__N3_01,FULL,baseline,2023,4,0.4718061067,COMPLETE,POSITIVE,11
SESSION_10_21__N3_01,FULL,baseline,2023,9,0.4493811108,COMPLETE,POSITIVE,12
SESSION_10_21__N3_01,FULL,baseline,2024,5,1.003226626,COMPLETE,POSITIVE,1
SESSION_10_21__N3_01,FULL,baseline,2024,7,-2.020980363,COMPLETE,NEGATIVE,2
SESSION_10_21__N3_01,FULL,baseline,2024,6,0.654380298,COMPLETE,POSITIVE,3
SESSION_10_21__N3_01,FULL,baseline,2024,13,3.795066085,COMPLETE,POSITIVE,4
SESSION_10_21__N3_01,FULL,baseline,2024,9,-0.879376463,COMPLETE,NEGATIVE,5
SESSION_10_21__N3_01,FULL,baseline,2024,9,16.8057604,COMPLETE,POSITIVE,6
SESSION_10_21__N3_01,FULL,baseline,2024,13,-0.4811555456,COMPLETE,NEGATIVE,8
SESSION_10_21__N3_01,FULL,baseline,2024,8,1.979624024,COMPLETE,POSITIVE,9
SESSION_10_21__N3_01,FULL,baseline,2024,7,4.526518614,COMPLETE,POSITIVE,10
SESSION_10_21__N3_01,FULL,baseline,2024,12,12.7197988,COMPLETE,POSITIVE,11
SESSION_10_21__N3_01,FULL,baseline,2024,3,-0.003456105168,COMPLETE,NEGATIVE,12
SESSION_10_21__N3_01,FULL,walk_forward,2024,4,-1.320668107,COMPLETE,NEGATIVE,2
SESSION_10_21__N3_01,FULL,walk_forward,2024,6,0.654380298,COMPLETE,POSITIVE,3
SESSION_10_21__N3_01,FULL,walk_forward,2024,5,1.319518134,COMPLETE,POSITIVE,5
SESSION_10_21__N3_01,FULL,walk_forward,2024,9,16.8057604,COMPLETE,POSITIVE,6
SESSION_10_21__N3_01,FULL,walk_forward,2024,6,-0.06906289599,COMPLETE,NEGATIVE,8
SESSION_10_21__N3_01,FULL,walk_forward,2024,8,1.979624024,COMPLETE,POSITIVE,9
SESSION_10_21__N3_01,FULL,walk_forward,2024,9,8.816447121,COMPLETE,POSITIVE,11
SESSION_10_21__N3_01,FULL,walk_forward,2024,3,-0.003456105168,COMPLETE,NEGATIVE,12
SESSION_10_21__N3_01,FULL,historical_true_oos,2025,2,0.7855985262,COMPLETE,POSITIVE,2
SESSION_10_21__N3_01,FULL,historical_true_oos,2025,4,3.430290225,COMPLETE,POSITIVE,3
SESSION_10_21__N3_01,FULL,historical_true_oos,2025,8,-4.106102669,COMPLETE,NEGATIVE,4
SESSION_10_21__N3_01,FULL,historical_true_oos,2025,1,-0.1718655169,COMPLETE,NEGATIVE,5
SESSION_10_21__N3_01,FULL,historical_true_oos,2025,1,-0.8223395297,COMPLETE,NEGATIVE,6
SESSION_10_21__N3_01,FULL,historical_true_oos,2025,10,5.277684963,COMPLETE,POSITIVE,7
SESSION_10_21__N3_01,FULL,historical_true_oos,2025,1,-0.7349843052,COMPLETE,NEGATIVE,8
SESSION_10_21__N3_01,FULL,historical_true_oos,2025,9,29.03741643,COMPLETE,POSITIVE,9
SESSION_10_21__N3_01,FULL,historical_true_oos,2025,16,7.493015488,COMPLETE,POSITIVE,10
SESSION_10_21__N3_01,FULL,historical_true_oos,2025,7,-5.1091999,COMPLETE,NEGATIVE,11
SESSION_10_21__N3_01,FULL,historical_true_oos,2025,12,-3.940822492,COMPLETE,NEGATIVE,12
SESSION_10_21__N3_01,FULL,historical_true_oos,2026,8,5.961890315,COMPLETE,POSITIVE,1
SESSION_10_21__N3_01,FULL,historical_true_oos,2026,3,-1.97352112,COMPLETE,NEGATIVE,2
SESSION_10_21__N3_01,FULL,historical_true_oos,2026,12,13.15732988,COMPLETE,POSITIVE,3
SESSION_10_21__N3_01,FULL,historical_true_oos,2026,3,1.18910199,COMPLETE,POSITIVE,4
SESSION_10_21__N3_01,FULL,historical_true_oos,2026,7,2.027162212,COMPLETE,POSITIVE,5
SESSION_10_21__N3_01,FULL,historical_true_oos,2026,10,8.628849775,COMPLETE,POSITIVE,6
SESSION_10_21__N3_01,FULL,historical_true_oos,2026,3,-1.683722216,COMPLETE,NEGATIVE,7
SESSION_10_21__N3_01,FULL,historical_true_oos,2026,17,24.69868501,COMPLETE,POSITIVE,8
SESSION_10_21__N3_01,FULL,historical_true_oos,2026,5,-2.645922931,COMPLETE,NEGATIVE,9
SESSION_10_21__N3_02,NORMALIZED,baseline,2023,3,-0.5092103336,COMPLETE,NEGATIVE,2
SESSION_10_21__N3_02,NORMALIZED,baseline,2023,3,-0.4767179923,COMPLETE,NEGATIVE,3
SESSION_10_21__N3_02,NORMALIZED,baseline,2023,6,2.679669195,COMPLETE,POSITIVE,4
SESSION_10_21__N3_02,NORMALIZED,baseline,2023,5,1.545550057,COMPLETE,POSITIVE,5
SESSION_10_21__N3_02,NORMALIZED,baseline,2023,8,1.269807618,COMPLETE,POSITIVE,6
SESSION_10_21__N3_02,NORMALIZED,baseline,2023,5,-0.6739610359,COMPLETE,NEGATIVE,7
SESSION_10_21__N3_02,NORMALIZED,baseline,2023,8,2.211743696,COMPLETE,POSITIVE,8
SESSION_10_21__N3_02,NORMALIZED,baseline,2023,2,-0.4985473069,COMPLETE,NEGATIVE,9
SESSION_10_21__N3_02,NORMALIZED,baseline,2023,5,-0.5431240777,COMPLETE,NEGATIVE,10
SESSION_10_21__N3_02,NORMALIZED,baseline,2023,3,0.1392488053,COMPLETE,POSITIVE,11
SESSION_10_21__N3_02,NORMALIZED,baseline,2023,5,0.2045266159,COMPLETE,POSITIVE,12
SESSION_10_21__N3_02,NORMALIZED,baseline,2024,5,0.7313753561,COMPLETE,POSITIVE,1
SESSION_10_21__N3_02,NORMALIZED,baseline,2024,6,0.003808887606,COMPLETE,POSITIVE,2
SESSION_10_21__N3_02,NORMALIZED,baseline,2024,4,0.8406203547,COMPLETE,POSITIVE,3
SESSION_10_21__N3_02,NORMALIZED,baseline,2024,10,0.3346601344,COMPLETE,POSITIVE,4
SESSION_10_21__N3_02,NORMALIZED,baseline,2024,10,-0.02852205444,COMPLETE,NEGATIVE,5
SESSION_10_21__N3_02,NORMALIZED,baseline,2024,9,7.365504136,COMPLETE,POSITIVE,6
SESSION_10_21__N3_02,NORMALIZED,baseline,2024,4,1.265384651,COMPLETE,POSITIVE,7
SESSION_10_21__N3_02,NORMALIZED,baseline,2024,11,0.03554719223,COMPLETE,POSITIVE,8
SESSION_10_21__N3_02,NORMALIZED,baseline,2024,7,1.796560837,COMPLETE,POSITIVE,9
SESSION_10_21__N3_02,NORMALIZED,baseline,2024,5,1.059794541,COMPLETE,POSITIVE,10
SESSION_10_21__N3_02,NORMALIZED,baseline,2024,11,3.130875119,COMPLETE,POSITIVE,11
SESSION_10_21__N3_02,NORMALIZED,baseline,2024,3,-0.1408423736,COMPLETE,NEGATIVE,12
SESSION_10_21__N3_02,NORMALIZED,walk_forward,2024,3,-0.6168883865,COMPLETE,NEGATIVE,2
SESSION_10_21__N3_02,NORMALIZED,walk_forward,2024,3,-0.2892390215,COMPLETE,NEGATIVE,3
SESSION_10_21__N3_02,NORMALIZED,walk_forward,2024,6,0.7044428111,COMPLETE,POSITIVE,5
SESSION_10_21__N3_02,NORMALIZED,walk_forward,2024,9,7.365504136,COMPLETE,POSITIVE,6
SESSION_10_21__N3_02,NORMALIZED,walk_forward,2024,5,0.3829618816,COMPLETE,POSITIVE,8
SESSION_10_21__N3_02,NORMALIZED,walk_forward,2024,7,1.796560837,COMPLETE,POSITIVE,9
SESSION_10_21__N3_02,NORMALIZED,walk_forward,2024,8,3.632550825,COMPLETE,POSITIVE,11
SESSION_10_21__N3_02,NORMALIZED,walk_forward,2024,3,-0.1408423736,COMPLETE,NEGATIVE,12
SESSION_10_21__N3_02,NORMALIZED,historical_true_oos,2025,1,0.400719075,COMPLETE,POSITIVE,2
SESSION_10_21__N3_02,NORMALIZED,historical_true_oos,2025,5,1.073264731,COMPLETE,POSITIVE,3
SESSION_10_21__N3_02,NORMALIZED,historical_true_oos,2025,9,-0.758343294,COMPLETE,NEGATIVE,4
SESSION_10_21__N3_02,NORMALIZED,historical_true_oos,2025,2,0.5192926438,COMPLETE,POSITIVE,5
SESSION_10_21__N3_02,NORMALIZED,historical_true_oos,2025,1,-0.2741131766,COMPLETE,NEGATIVE,6
SESSION_10_21__N3_02,NORMALIZED,historical_true_oos,2025,12,2.919576473,COMPLETE,POSITIVE,7
SESSION_10_21__N3_02,NORMALIZED,historical_true_oos,2025,2,0.0296675695,COMPLETE,POSITIVE,8
SESSION_10_21__N3_02,NORMALIZED,historical_true_oos,2025,10,4.700223098,COMPLETE,POSITIVE,9
SESSION_10_21__N3_02,NORMALIZED,historical_true_oos,2025,15,1.26298256,COMPLETE,POSITIVE,10
SESSION_10_21__N3_02,NORMALIZED,historical_true_oos,2025,5,-1.043644611,COMPLETE,NEGATIVE,11
SESSION_10_21__N3_02,NORMALIZED,historical_true_oos,2025,12,-1.556759899,COMPLETE,NEGATIVE,12
SESSION_10_21__N3_02,NORMALIZED,historical_true_oos,2026,6,0.4481254439,COMPLETE,POSITIVE,1
SESSION_10_21__N3_02,NORMALIZED,historical_true_oos,2026,2,-0.5791038388,COMPLETE,NEGATIVE,2
SESSION_10_21__N3_02,NORMALIZED,historical_true_oos,2026,11,4.631356927,COMPLETE,POSITIVE,3
SESSION_10_21__N3_02,NORMALIZED,historical_true_oos,2026,7,0.2815686327,COMPLETE,POSITIVE,4
SESSION_10_21__N3_02,NORMALIZED,historical_true_oos,2026,8,-0.3844322608,COMPLETE,NEGATIVE,5
SESSION_10_21__N3_02,NORMALIZED,historical_true_oos,2026,13,2.721435907,COMPLETE,POSITIVE,6
SESSION_10_21__N3_02,NORMALIZED,historical_true_oos,2026,6,-0.8446857641,COMPLETE,NEGATIVE,7
SESSION_10_21__N3_02,NORMALIZED,historical_true_oos,2026,15,4.605522267,COMPLETE,POSITIVE,8
SESSION_10_21__N3_02,NORMALIZED,historical_true_oos,2026,5,-1.341673861,COMPLETE,NEGATIVE,9
SESSION_10_21__N3_02,FULL,baseline,2023,3,-1.527631001,COMPLETE,NEGATIVE,2
SESSION_10_21__N3_02,FULL,baseline,2023,3,-1.430153977,COMPLETE,NEGATIVE,3
SESSION_10_21__N3_02,FULL,baseline,2023,6,8.039007585,COMPLETE,POSITIVE,4
SESSION_10_21__N3_02,FULL,baseline,2023,5,4.636650171,COMPLETE,POSITIVE,5
SESSION_10_21__N3_02,FULL,baseline,2023,8,3.809422854,COMPLETE,POSITIVE,6
SESSION_10_21__N3_02,FULL,baseline,2023,5,-2.021883108,COMPLETE,NEGATIVE,7
SESSION_10_21__N3_02,FULL,baseline,2023,8,6.635231087,COMPLETE,POSITIVE,8
SESSION_10_21__N3_02,FULL,baseline,2023,2,-1.495641921,COMPLETE,NEGATIVE,9
SESSION_10_21__N3_02,FULL,baseline,2023,5,-1.629372233,COMPLETE,NEGATIVE,10
SESSION_10_21__N3_02,FULL,baseline,2023,3,0.417746416,COMPLETE,POSITIVE,11
SESSION_10_21__N3_02,FULL,baseline,2023,5,0.6135798476,COMPLETE,POSITIVE,12
SESSION_10_21__N3_02,FULL,baseline,2024,5,2.194126068,COMPLETE,POSITIVE,1
SESSION_10_21__N3_02,FULL,baseline,2024,6,0.01142666282,COMPLETE,POSITIVE,2
SESSION_10_21__N3_02,FULL,baseline,2024,4,2.521861064,COMPLETE,POSITIVE,3
SESSION_10_21__N3_02,FULL,baseline,2024,10,1.003980403,COMPLETE,POSITIVE,4
SESSION_10_21__N3_02,FULL,baseline,2024,10,-0.08556616332,COMPLETE,NEGATIVE,5
SESSION_10_21__N3_02,FULL,baseline,2024,9,22.09651241,COMPLETE,POSITIVE,6
SESSION_10_21__N3_02,FULL,baseline,2024,4,3.796153953,COMPLETE,POSITIVE,7
SESSION_10_21__N3_02,FULL,baseline,2024,11,0.1066415767,COMPLETE,POSITIVE,8
SESSION_10_21__N3_02,FULL,baseline,2024,7,5.389682512,COMPLETE,POSITIVE,9
SESSION_10_21__N3_02,FULL,baseline,2024,5,3.179383624,COMPLETE,POSITIVE,10
SESSION_10_21__N3_02,FULL,baseline,2024,11,9.392625356,COMPLETE,POSITIVE,11
SESSION_10_21__N3_02,FULL,baseline,2024,3,-0.4225271207,COMPLETE,NEGATIVE,12
SESSION_10_21__N3_02,FULL,walk_forward,2024,3,-1.850665159,COMPLETE,NEGATIVE,2
SESSION_10_21__N3_02,FULL,walk_forward,2024,3,-0.8677170645,COMPLETE,NEGATIVE,3
SESSION_10_21__N3_02,FULL,walk_forward,2024,6,2.113328433,COMPLETE,POSITIVE,5
SESSION_10_21__N3_02,FULL,walk_forward,2024,9,22.09651241,COMPLETE,POSITIVE,6
SESSION_10_21__N3_02,FULL,walk_forward,2024,5,1.148885645,COMPLETE,POSITIVE,8
SESSION_10_21__N3_02,FULL,walk_forward,2024,7,5.389682512,COMPLETE,POSITIVE,9
SESSION_10_21__N3_02,FULL,walk_forward,2024,8,10.89765248,COMPLETE,POSITIVE,11
SESSION_10_21__N3_02,FULL,walk_forward,2024,3,-0.4225271207,COMPLETE,NEGATIVE,12
SESSION_10_21__N3_02,FULL,historical_true_oos,2025,1,1.202157225,COMPLETE,POSITIVE,2
SESSION_10_21__N3_02,FULL,historical_true_oos,2025,5,3.219794194,COMPLETE,POSITIVE,3
SESSION_10_21__N3_02,FULL,historical_true_oos,2025,9,-2.275029882,COMPLETE,NEGATIVE,4
SESSION_10_21__N3_02,FULL,historical_true_oos,2025,2,1.557877931,COMPLETE,POSITIVE,5
SESSION_10_21__N3_02,FULL,historical_true_oos,2025,1,-0.8223395297,COMPLETE,NEGATIVE,6
SESSION_10_21__N3_02,FULL,historical_true_oos,2025,12,8.75872942,COMPLETE,POSITIVE,7
SESSION_10_21__N3_02,FULL,historical_true_oos,2025,2,0.08900270851,COMPLETE,POSITIVE,8
SESSION_10_21__N3_02,FULL,historical_true_oos,2025,10,14.10066929,COMPLETE,POSITIVE,9
SESSION_10_21__N3_02,FULL,historical_true_oos,2025,15,3.788947679,COMPLETE,POSITIVE,10
SESSION_10_21__N3_02,FULL,historical_true_oos,2025,5,-3.130933833,COMPLETE,NEGATIVE,11
SESSION_10_21__N3_02,FULL,historical_true_oos,2025,12,-4.670279696,COMPLETE,NEGATIVE,12
SESSION_10_21__N3_02,FULL,historical_true_oos,2026,6,1.344376332,COMPLETE,POSITIVE,1
SESSION_10_21__N3_02,FULL,historical_true_oos,2026,2,-1.737311516,COMPLETE,NEGATIVE,2
SESSION_10_21__N3_02,FULL,historical_true_oos,2026,11,13.89407078,COMPLETE,POSITIVE,3
SESSION_10_21__N3_02,FULL,historical_true_oos,2026,7,0.8447058982,COMPLETE,POSITIVE,4
SESSION_10_21__N3_02,FULL,historical_true_oos,2026,8,-1.153296782,COMPLETE,NEGATIVE,5
SESSION_10_21__N3_02,FULL,historical_true_oos,2026,13,8.16430772,COMPLETE,POSITIVE,6
SESSION_10_21__N3_02,FULL,historical_true_oos,2026,6,-2.534057292,COMPLETE,NEGATIVE,7
SESSION_10_21__N3_02,FULL,historical_true_oos,2026,15,13.8165668,COMPLETE,POSITIVE,8
SESSION_10_21__N3_02,FULL,historical_true_oos,2026,5,-4.025021583,COMPLETE,NEGATIVE,9
SESSION_10_21__N3_03,NORMALIZED,baseline,2023,2,-0.3112054208,COMPLETE,NEGATIVE,2
SESSION_10_21__N3_03,NORMALIZED,baseline,2023,1,-0.3345378148,COMPLETE,NEGATIVE,3
SESSION_10_21__N3_03,NORMALIZED,baseline,2023,3,1.438274686,COMPLETE,POSITIVE,4
SESSION_10_21__N3_03,NORMALIZED,baseline,2023,3,0.733085333,COMPLETE,POSITIVE,5
SESSION_10_21__N3_03,NORMALIZED,baseline,2023,5,0.7251615471,COMPLETE,POSITIVE,6
SESSION_10_21__N3_03,NORMALIZED,baseline,2023,2,0.1826199168,COMPLETE,POSITIVE,7
SESSION_10_21__N3_03,NORMALIZED,baseline,2023,5,1.783523158,COMPLETE,POSITIVE,8
SESSION_10_21__N3_03,NORMALIZED,baseline,2023,2,-0.388955805,COMPLETE,NEGATIVE,9
SESSION_10_21__N3_03,NORMALIZED,baseline,2023,3,-0.2095531776,COMPLETE,NEGATIVE,10
SESSION_10_21__N3_03,NORMALIZED,baseline,2023,3,0.4991849341,COMPLETE,POSITIVE,11
SESSION_10_21__N3_03,NORMALIZED,baseline,2023,6,0.7380608924,COMPLETE,POSITIVE,12
SESSION_10_21__N3_03,NORMALIZED,baseline,2024,6,-0.2582574266,COMPLETE,NEGATIVE,1
SESSION_10_21__N3_03,NORMALIZED,baseline,2024,8,-0.6854734347,COMPLETE,NEGATIVE,2
SESSION_10_21__N3_03,NORMALIZED,baseline,2024,9,0.6812576122,COMPLETE,POSITIVE,3
SESSION_10_21__N3_03,NORMALIZED,baseline,2024,10,0.4613132395,COMPLETE,POSITIVE,4
SESSION_10_21__N3_03,NORMALIZED,baseline,2024,7,-0.2034309767,COMPLETE,NEGATIVE,5
SESSION_10_21__N3_03,NORMALIZED,baseline,2024,9,3.039686331,COMPLETE,POSITIVE,6
SESSION_10_21__N3_03,NORMALIZED,baseline,2024,4,1.265384651,COMPLETE,POSITIVE,7
SESSION_10_21__N3_03,NORMALIZED,baseline,2024,13,0.6520396762,COMPLETE,POSITIVE,8
SESSION_10_21__N3_03,NORMALIZED,baseline,2024,5,0.9084748816,COMPLETE,POSITIVE,9
SESSION_10_21__N3_03,NORMALIZED,baseline,2024,6,1.95626014,COMPLETE,POSITIVE,10
SESSION_10_21__N3_03,NORMALIZED,baseline,2024,11,3.397497961,COMPLETE,POSITIVE,11
SESSION_10_21__N3_03,NORMALIZED,baseline,2024,3,0.2272153767,COMPLETE,POSITIVE,12
SESSION_10_21__N3_03,NORMALIZED,walk_forward,2024,4,-0.2675031433,COMPLETE,NEGATIVE,2
SESSION_10_21__N3_03,NORMALIZED,walk_forward,2024,8,-0.448601764,COMPLETE,NEGATIVE,3
SESSION_10_21__N3_03,NORMALIZED,walk_forward,2024,5,-0.0310776885,COMPLETE,NEGATIVE,5
SESSION_10_21__N3_03,NORMALIZED,walk_forward,2024,9,3.039686331,COMPLETE,POSITIVE,6
SESSION_10_21__N3_03,NORMALIZED,walk_forward,2024,7,0.7014530027,COMPLETE,POSITIVE,8
SESSION_10_21__N3_03,NORMALIZED,walk_forward,2024,5,0.9084748816,COMPLETE,POSITIVE,9
SESSION_10_21__N3_03,NORMALIZED,walk_forward,2024,7,2.026284631,COMPLETE,POSITIVE,11
SESSION_10_21__N3_03,NORMALIZED,walk_forward,2024,3,0.2272153767,COMPLETE,POSITIVE,12
SESSION_10_21__N3_03,NORMALIZED,historical_true_oos,2025,1,-0.1388528996,COMPLETE,NEGATIVE,2
SESSION_10_21__N3_03,NORMALIZED,historical_true_oos,2025,3,0.4866621542,COMPLETE,POSITIVE,3
SESSION_10_21__N3_03,NORMALIZED,historical_true_oos,2025,8,-0.03441559229,COMPLETE,NEGATIVE,4
SESSION_10_21__N3_03,NORMALIZED,historical_true_oos,2025,2,0.5192926438,COMPLETE,POSITIVE,5
SESSION_10_21__N3_03,NORMALIZED,historical_true_oos,2025,10,0.8559737954,COMPLETE,POSITIVE,7
SESSION_10_21__N3_03,NORMALIZED,historical_true_oos,2025,1,0.2746623379,COMPLETE,POSITIVE,8
SESSION_10_21__N3_03,NORMALIZED,historical_true_oos,2025,13,6.437021769,COMPLETE,POSITIVE,9
SESSION_10_21__N3_03,NORMALIZED,historical_true_oos,2025,15,3.375160359,COMPLETE,POSITIVE,10
SESSION_10_21__N3_03,NORMALIZED,historical_true_oos,2025,5,-1.175365827,COMPLETE,NEGATIVE,11
SESSION_10_21__N3_03,NORMALIZED,historical_true_oos,2025,9,-1.640144205,COMPLETE,NEGATIVE,12
SESSION_10_21__N3_03,NORMALIZED,historical_true_oos,2026,8,1.979878527,COMPLETE,POSITIVE,1
SESSION_10_21__N3_03,NORMALIZED,historical_true_oos,2026,2,-0.3161480166,COMPLETE,NEGATIVE,2
SESSION_10_21__N3_03,NORMALIZED,historical_true_oos,2026,9,3.503751895,COMPLETE,POSITIVE,3
SESSION_10_21__N3_03,NORMALIZED,historical_true_oos,2026,6,-0.001648497225,COMPLETE,NEGATIVE,4
SESSION_10_21__N3_03,NORMALIZED,historical_true_oos,2026,9,-0.8108800711,COMPLETE,NEGATIVE,5
SESSION_10_21__N3_03,NORMALIZED,historical_true_oos,2026,11,2.873431855,COMPLETE,POSITIVE,6
SESSION_10_21__N3_03,NORMALIZED,historical_true_oos,2026,6,-1.005677655,COMPLETE,NEGATIVE,7
SESSION_10_21__N3_03,NORMALIZED,historical_true_oos,2026,14,6.707929409,COMPLETE,POSITIVE,8
SESSION_10_21__N3_03,NORMALIZED,historical_true_oos,2026,4,-0.5201272371,COMPLETE,NEGATIVE,9
SESSION_10_21__N3_03,FULL,baseline,2023,2,-0.9336162625,COMPLETE,NEGATIVE,2
SESSION_10_21__N3_03,FULL,baseline,2023,1,-1.003613444,COMPLETE,NEGATIVE,3
SESSION_10_21__N3_03,FULL,baseline,2023,3,4.314824057,COMPLETE,POSITIVE,4
SESSION_10_21__N3_03,FULL,baseline,2023,3,2.199255999,COMPLETE,POSITIVE,5
SESSION_10_21__N3_03,FULL,baseline,2023,5,2.175484641,COMPLETE,POSITIVE,6
SESSION_10_21__N3_03,FULL,baseline,2023,2,0.5478597503,COMPLETE,POSITIVE,7
SESSION_10_21__N3_03,FULL,baseline,2023,5,5.350569474,COMPLETE,POSITIVE,8
SESSION_10_21__N3_03,FULL,baseline,2023,2,-1.166867415,COMPLETE,NEGATIVE,9
SESSION_10_21__N3_03,FULL,baseline,2023,3,-0.6286595327,COMPLETE,NEGATIVE,10
SESSION_10_21__N3_03,FULL,baseline,2023,3,1.497554802,COMPLETE,POSITIVE,11
SESSION_10_21__N3_03,FULL,baseline,2023,6,2.214182677,COMPLETE,POSITIVE,12
SESSION_10_21__N3_03,FULL,baseline,2024,6,-0.7747722798,COMPLETE,NEGATIVE,1
SESSION_10_21__N3_03,FULL,baseline,2024,8,-2.056420304,COMPLETE,NEGATIVE,2
SESSION_10_21__N3_03,FULL,baseline,2024,9,2.043772837,COMPLETE,POSITIVE,3
SESSION_10_21__N3_03,FULL,baseline,2024,10,1.383939718,COMPLETE,POSITIVE,4
SESSION_10_21__N3_03,FULL,baseline,2024,7,-0.6102929301,COMPLETE,NEGATIVE,5
SESSION_10_21__N3_03,FULL,baseline,2024,9,9.119058994,COMPLETE,POSITIVE,6
SESSION_10_21__N3_03,FULL,baseline,2024,4,3.796153953,COMPLETE,POSITIVE,7
SESSION_10_21__N3_03,FULL,baseline,2024,13,1.956119029,COMPLETE,POSITIVE,8
SESSION_10_21__N3_03,FULL,baseline,2024,5,2.725424645,COMPLETE,POSITIVE,9
SESSION_10_21__N3_03,FULL,baseline,2024,6,5.868780419,COMPLETE,POSITIVE,10
SESSION_10_21__N3_03,FULL,baseline,2024,11,10.19249388,COMPLETE,POSITIVE,11
SESSION_10_21__N3_03,FULL,baseline,2024,3,0.6816461302,COMPLETE,POSITIVE,12
SESSION_10_21__N3_03,FULL,walk_forward,2024,4,-0.8025094298,COMPLETE,NEGATIVE,2
SESSION_10_21__N3_03,FULL,walk_forward,2024,8,-1.345805292,COMPLETE,NEGATIVE,3
SESSION_10_21__N3_03,FULL,walk_forward,2024,5,-0.09323306549,COMPLETE,NEGATIVE,5
SESSION_10_21__N3_03,FULL,walk_forward,2024,9,9.119058994,COMPLETE,POSITIVE,6
SESSION_10_21__N3_03,FULL,walk_forward,2024,7,2.104359008,COMPLETE,POSITIVE,8
SESSION_10_21__N3_03,FULL,walk_forward,2024,5,2.725424645,COMPLETE,POSITIVE,9
SESSION_10_21__N3_03,FULL,walk_forward,2024,7,6.078853894,COMPLETE,POSITIVE,11
SESSION_10_21__N3_03,FULL,walk_forward,2024,3,0.6816461302,COMPLETE,POSITIVE,12
SESSION_10_21__N3_03,FULL,historical_true_oos,2025,1,-0.4165586989,COMPLETE,NEGATIVE,2
SESSION_10_21__N3_03,FULL,historical_true_oos,2025,3,1.459986462,COMPLETE,POSITIVE,3
SESSION_10_21__N3_03,FULL,historical_true_oos,2025,8,-0.1032467769,COMPLETE,NEGATIVE,4
SESSION_10_21__N3_03,FULL,historical_true_oos,2025,2,1.557877931,COMPLETE,POSITIVE,5
SESSION_10_21__N3_03,FULL,historical_true_oos,2025,10,2.567921386,COMPLETE,POSITIVE,7
SESSION_10_21__N3_03,FULL,historical_true_oos,2025,1,0.8239870138,COMPLETE,POSITIVE,8
SESSION_10_21__N3_03,FULL,historical_true_oos,2025,13,19.31106531,COMPLETE,POSITIVE,9
SESSION_10_21__N3_03,FULL,historical_true_oos,2025,15,10.12548108,COMPLETE,POSITIVE,10
SESSION_10_21__N3_03,FULL,historical_true_oos,2025,5,-3.526097481,COMPLETE,NEGATIVE,11
SESSION_10_21__N3_03,FULL,historical_true_oos,2025,9,-4.920432615,COMPLETE,NEGATIVE,12
SESSION_10_21__N3_03,FULL,historical_true_oos,2026,8,5.939635582,COMPLETE,POSITIVE,1
SESSION_10_21__N3_03,FULL,historical_true_oos,2026,2,-0.9484440499,COMPLETE,NEGATIVE,2
SESSION_10_21__N3_03,FULL,historical_true_oos,2026,9,10.51125568,COMPLETE,POSITIVE,3
SESSION_10_21__N3_03,FULL,historical_true_oos,2026,6,-0.004945491674,COMPLETE,NEGATIVE,4
SESSION_10_21__N3_03,FULL,historical_true_oos,2026,9,-2.432640213,COMPLETE,NEGATIVE,5
SESSION_10_21__N3_03,FULL,historical_true_oos,2026,11,8.620295566,COMPLETE,POSITIVE,6
SESSION_10_21__N3_03,FULL,historical_true_oos,2026,6,-3.017032966,COMPLETE,NEGATIVE,7
SESSION_10_21__N3_03,FULL,historical_true_oos,2026,14,20.12378823,COMPLETE,POSITIVE,8
SESSION_10_21__N3_03,FULL,historical_true_oos,2026,4,-1.560381711,COMPLETE,NEGATIVE,9
SESSION_10_21__N3_04,NORMALIZED,baseline,2023,1,-0.1980049128,COMPLETE,NEGATIVE,2
SESSION_10_21__N3_04,NORMALIZED,baseline,2023,2,-0.1421801775,COMPLETE,NEGATIVE,3
SESSION_10_21__N3_04,NORMALIZED,baseline,2023,3,1.24139451,COMPLETE,POSITIVE,4
SESSION_10_21__N3_04,NORMALIZED,baseline,2023,2,0.8124647241,COMPLETE,POSITIVE,5
SESSION_10_21__N3_04,NORMALIZED,baseline,2023,3,0.5446460708,COMPLETE,POSITIVE,6
SESSION_10_21__N3_04,NORMALIZED,baseline,2023,3,-0.8565809527,COMPLETE,NEGATIVE,7
SESSION_10_21__N3_04,NORMALIZED,baseline,2023,3,0.4282205377,COMPLETE,POSITIVE,8
SESSION_10_21__N3_04,NORMALIZED,baseline,2023,2,-0.4001026387,COMPLETE,NEGATIVE,9
SESSION_10_21__N3_04,NORMALIZED,baseline,2023,2,-0.3335709001,COMPLETE,NEGATIVE,10
SESSION_10_21__N3_04,NORMALIZED,baseline,2023,2,-0.3238963349,COMPLETE,NEGATIVE,11
SESSION_10_21__N3_04,NORMALIZED,baseline,2023,7,-0.6430001011,COMPLETE,NEGATIVE,12
SESSION_10_21__N3_04,NORMALIZED,baseline,2024,5,0.8018806428,COMPLETE,POSITIVE,1
SESSION_10_21__N3_04,NORMALIZED,baseline,2024,9,-0.2680658162,COMPLETE,NEGATIVE,2
SESSION_10_21__N3_04,NORMALIZED,baseline,2024,8,0.3037681037,COMPLETE,POSITIVE,3
SESSION_10_21__N3_04,NORMALIZED,baseline,2024,9,1.605067097,COMPLETE,POSITIVE,4
SESSION_10_21__N3_04,NORMALIZED,baseline,2024,7,0.4222144581,COMPLETE,POSITIVE,5
SESSION_10_21__N3_04,NORMALIZED,baseline,2024,9,5.266433571,COMPLETE,POSITIVE,6
SESSION_10_21__N3_04,NORMALIZED,baseline,2024,4,1.265384651,COMPLETE,POSITIVE,7
SESSION_10_21__N3_04,NORMALIZED,baseline,2024,8,0.2763869414,COMPLETE,POSITIVE,8
SESSION_10_21__N3_04,NORMALIZED,baseline,2024,7,1.157195699,COMPLETE,POSITIVE,9
SESSION_10_21__N3_04,NORMALIZED,baseline,2024,6,1.19710477,COMPLETE,POSITIVE,10
SESSION_10_21__N3_04,NORMALIZED,baseline,2024,11,3.758713237,COMPLETE,POSITIVE,11
SESSION_10_21__N3_04,NORMALIZED,baseline,2024,3,-0.1483223636,COMPLETE,NEGATIVE,12
SESSION_10_21__N3_04,NORMALIZED,walk_forward,2024,4,-0.2527105983,COMPLETE,NEGATIVE,2
SESSION_10_21__N3_04,NORMALIZED,walk_forward,2024,7,-0.8260912725,COMPLETE,NEGATIVE,3
SESSION_10_21__N3_04,NORMALIZED,walk_forward,2024,5,0.9828260355,COMPLETE,POSITIVE,5
SESSION_10_21__N3_04,NORMALIZED,walk_forward,2024,9,5.266433571,COMPLETE,POSITIVE,6
SESSION_10_21__N3_04,NORMALIZED,walk_forward,2024,6,0.1542873586,COMPLETE,POSITIVE,8
SESSION_10_21__N3_04,NORMALIZED,walk_forward,2024,7,1.157195699,COMPLETE,POSITIVE,9
SESSION_10_21__N3_04,NORMALIZED,walk_forward,2024,9,1.815728098,COMPLETE,POSITIVE,11
SESSION_10_21__N3_04,NORMALIZED,walk_forward,2024,3,-0.1483223636,COMPLETE,NEGATIVE,12
SESSION_10_21__N3_04,NORMALIZED,historical_true_oos,2025,2,0.2618661754,COMPLETE,POSITIVE,2
SESSION_10_21__N3_04,NORMALIZED,historical_true_oos,2025,3,0.5164372339,COMPLETE,POSITIVE,3
SESSION_10_21__N3_04,NORMALIZED,historical_true_oos,2025,8,-0.01950799053,COMPLETE,NEGATIVE,4
SESSION_10_21__N3_04,NORMALIZED,historical_true_oos,2025,1,0.5765811494,COMPLETE,POSITIVE,5
SESSION_10_21__N3_04,NORMALIZED,historical_true_oos,2025,1,-0.2741131766,COMPLETE,NEGATIVE,6
SESSION_10_21__N3_04,NORMALIZED,historical_true_oos,2025,10,1.715356504,COMPLETE,POSITIVE,7
SESSION_10_21__N3_04,NORMALIZED,historical_true_oos,2025,2,0.0296675695,COMPLETE,POSITIVE,8
SESSION_10_21__N3_04,NORMALIZED,historical_true_oos,2025,13,6.319620453,COMPLETE,POSITIVE,9
SESSION_10_21__N3_04,NORMALIZED,historical_true_oos,2025,17,2.626394189,COMPLETE,POSITIVE,10
SESSION_10_21__N3_04,NORMALIZED,historical_true_oos,2025,4,-1.187122829,COMPLETE,NEGATIVE,11
SESSION_10_21__N3_04,NORMALIZED,historical_true_oos,2025,9,-1.324593873,COMPLETE,NEGATIVE,12
SESSION_10_21__N3_04,NORMALIZED,historical_true_oos,2026,8,2.381527683,COMPLETE,POSITIVE,1
SESSION_10_21__N3_04,NORMALIZED,historical_true_oos,2026,2,-0.4204288911,COMPLETE,NEGATIVE,2
SESSION_10_21__N3_04,NORMALIZED,historical_true_oos,2026,10,2.330296298,COMPLETE,POSITIVE,3
SESSION_10_21__N3_04,NORMALIZED,historical_true_oos,2026,5,0.1684184326,COMPLETE,POSITIVE,4
SESSION_10_21__N3_04,NORMALIZED,historical_true_oos,2026,9,-0.7222893166,COMPLETE,NEGATIVE,5
SESSION_10_21__N3_04,NORMALIZED,historical_true_oos,2026,11,3.127156445,COMPLETE,POSITIVE,6
SESSION_10_21__N3_04,NORMALIZED,historical_true_oos,2026,6,-0.9928960189,COMPLETE,NEGATIVE,7
SESSION_10_21__N3_04,NORMALIZED,historical_true_oos,2026,14,5.791269401,COMPLETE,POSITIVE,8
SESSION_10_21__N3_04,NORMALIZED,historical_true_oos,2026,4,-0.6208098109,COMPLETE,NEGATIVE,9
SESSION_10_21__N3_04,FULL,baseline,2023,1,-0.5940147384,COMPLETE,NEGATIVE,2
SESSION_10_21__N3_04,FULL,baseline,2023,2,-0.4265405325,COMPLETE,NEGATIVE,3
SESSION_10_21__N3_04,FULL,baseline,2023,3,3.724183529,COMPLETE,POSITIVE,4
SESSION_10_21__N3_04,FULL,baseline,2023,2,2.437394172,COMPLETE,POSITIVE,5
SESSION_10_21__N3_04,FULL,baseline,2023,3,1.633938212,COMPLETE,POSITIVE,6
SESSION_10_21__N3_04,FULL,baseline,2023,3,-2.569742858,COMPLETE,NEGATIVE,7
SESSION_10_21__N3_04,FULL,baseline,2023,3,1.284661613,COMPLETE,POSITIVE,8
SESSION_10_21__N3_04,FULL,baseline,2023,2,-1.200307916,COMPLETE,NEGATIVE,9
SESSION_10_21__N3_04,FULL,baseline,2023,2,-1.0007127,COMPLETE,NEGATIVE,10
SESSION_10_21__N3_04,FULL,baseline,2023,2,-0.9716890047,COMPLETE,NEGATIVE,11
SESSION_10_21__N3_04,FULL,baseline,2023,7,-1.929000303,COMPLETE,NEGATIVE,12
SESSION_10_21__N3_04,FULL,baseline,2024,5,2.405641928,COMPLETE,POSITIVE,1
SESSION_10_21__N3_04,FULL,baseline,2024,9,-0.8041974486,COMPLETE,NEGATIVE,2
SESSION_10_21__N3_04,FULL,baseline,2024,8,0.911304311,COMPLETE,POSITIVE,3
SESSION_10_21__N3_04,FULL,baseline,2024,9,4.815201291,COMPLETE,POSITIVE,4
SESSION_10_21__N3_04,FULL,baseline,2024,7,1.266643374,COMPLETE,POSITIVE,5
SESSION_10_21__N3_04,FULL,baseline,2024,9,15.79930071,COMPLETE,POSITIVE,6
SESSION_10_21__N3_04,FULL,baseline,2024,4,3.796153953,COMPLETE,POSITIVE,7
SESSION_10_21__N3_04,FULL,baseline,2024,8,0.8291608241,COMPLETE,POSITIVE,8
SESSION_10_21__N3_04,FULL,baseline,2024,7,3.471587096,COMPLETE,POSITIVE,9
SESSION_10_21__N3_04,FULL,baseline,2024,6,3.591314309,COMPLETE,POSITIVE,10
SESSION_10_21__N3_04,FULL,baseline,2024,11,11.27613971,COMPLETE,POSITIVE,11
SESSION_10_21__N3_04,FULL,baseline,2024,3,-0.4449670908,COMPLETE,NEGATIVE,12
SESSION_10_21__N3_04,FULL,walk_forward,2024,4,-0.7581317948,COMPLETE,NEGATIVE,2
SESSION_10_21__N3_04,FULL,walk_forward,2024,7,-2.478273818,COMPLETE,NEGATIVE,3
SESSION_10_21__N3_04,FULL,walk_forward,2024,5,2.948478106,COMPLETE,POSITIVE,5
SESSION_10_21__N3_04,FULL,walk_forward,2024,9,15.79930071,COMPLETE,POSITIVE,6
SESSION_10_21__N3_04,FULL,walk_forward,2024,6,0.4628620758,COMPLETE,POSITIVE,8
SESSION_10_21__N3_04,FULL,walk_forward,2024,7,3.471587096,COMPLETE,POSITIVE,9
SESSION_10_21__N3_04,FULL,walk_forward,2024,9,5.447184294,COMPLETE,POSITIVE,11
SESSION_10_21__N3_04,FULL,walk_forward,2024,3,-0.4449670908,COMPLETE,NEGATIVE,12
SESSION_10_21__N3_04,FULL,historical_true_oos,2025,2,0.7855985262,COMPLETE,POSITIVE,2
SESSION_10_21__N3_04,FULL,historical_true_oos,2025,3,1.549311702,COMPLETE,POSITIVE,3
SESSION_10_21__N3_04,FULL,historical_true_oos,2025,8,-0.05852397158,COMPLETE,NEGATIVE,4
SESSION_10_21__N3_04,FULL,historical_true_oos,2025,1,1.729743448,COMPLETE,POSITIVE,5
SESSION_10_21__N3_04,FULL,historical_true_oos,2025,1,-0.8223395297,COMPLETE,NEGATIVE,6
SESSION_10_21__N3_04,FULL,historical_true_oos,2025,10,5.146069511,COMPLETE,POSITIVE,7
SESSION_10_21__N3_04,FULL,historical_true_oos,2025,2,0.08900270851,COMPLETE,POSITIVE,8
SESSION_10_21__N3_04,FULL,historical_true_oos,2025,13,18.95886136,COMPLETE,POSITIVE,9
SESSION_10_21__N3_04,FULL,historical_true_oos,2025,17,7.879182566,COMPLETE,POSITIVE,10
SESSION_10_21__N3_04,FULL,historical_true_oos,2025,4,-3.561368486,COMPLETE,NEGATIVE,11
SESSION_10_21__N3_04,FULL,historical_true_oos,2025,9,-3.973781619,COMPLETE,NEGATIVE,12
SESSION_10_21__N3_04,FULL,historical_true_oos,2026,8,7.144583048,COMPLETE,POSITIVE,1
SESSION_10_21__N3_04,FULL,historical_true_oos,2026,2,-1.261286673,COMPLETE,NEGATIVE,2
SESSION_10_21__N3_04,FULL,historical_true_oos,2026,10,6.990888895,COMPLETE,POSITIVE,3
SESSION_10_21__N3_04,FULL,historical_true_oos,2026,5,0.5052552979,COMPLETE,POSITIVE,4
SESSION_10_21__N3_04,FULL,historical_true_oos,2026,9,-2.16686795,COMPLETE,NEGATIVE,5
SESSION_10_21__N3_04,FULL,historical_true_oos,2026,11,9.381469336,COMPLETE,POSITIVE,6
SESSION_10_21__N3_04,FULL,historical_true_oos,2026,6,-2.978688057,COMPLETE,NEGATIVE,7
SESSION_10_21__N3_04,FULL,historical_true_oos,2026,14,17.3738082,COMPLETE,POSITIVE,8
SESSION_10_21__N3_04,FULL,historical_true_oos,2026,4,-1.862429433,COMPLETE,NEGATIVE,9
SESSION_10_21__N4_01,NORMALIZED,baseline,2023,3,-0.3819077502,COMPLETE,NEGATIVE,2
SESSION_10_21__N4_01,NORMALIZED,baseline,2023,3,-0.3575384942,COMPLETE,NEGATIVE,3
SESSION_10_21__N4_01,NORMALIZED,baseline,2023,6,2.009751896,COMPLETE,POSITIVE,4
SESSION_10_21__N4_01,NORMALIZED,baseline,2023,5,1.159162543,COMPLETE,POSITIVE,5
SESSION_10_21__N4_01,NORMALIZED,baseline,2023,8,0.9523557134,COMPLETE,POSITIVE,6
SESSION_10_21__N4_01,NORMALIZED,baseline,2023,5,-0.505470777,COMPLETE,NEGATIVE,7
SESSION_10_21__N4_01,NORMALIZED,baseline,2023,8,1.658807772,COMPLETE,POSITIVE,8
SESSION_10_21__N4_01,NORMALIZED,baseline,2023,3,-0.4828521565,COMPLETE,NEGATIVE,9
SESSION_10_21__N4_01,NORMALIZED,baseline,2023,5,-0.4073430582,COMPLETE,NEGATIVE,10
SESSION_10_21__N4_01,NORMALIZED,baseline,2023,4,0.1179515267,COMPLETE,POSITIVE,11
SESSION_10_21__N4_01,NORMALIZED,baseline,2023,9,0.1123452777,COMPLETE,POSITIVE,12
SESSION_10_21__N4_01,NORMALIZED,baseline,2024,7,0.4023518619,COMPLETE,POSITIVE,1
SESSION_10_21__N4_01,NORMALIZED,baseline,2024,10,-0.4058476211,COMPLETE,NEGATIVE,2
SESSION_10_21__N4_01,NORMALIZED,baseline,2024,9,0.5109432091,COMPLETE,POSITIVE,3
SESSION_10_21__N4_01,NORMALIZED,baseline,2024,14,0.9165156248,COMPLETE,POSITIVE,4
SESSION_10_21__N4_01,NORMALIZED,baseline,2024,11,-0.02571601517,COMPLETE,NEGATIVE,5
SESSION_10_21__N4_01,NORMALIZED,baseline,2024,12,5.318386043,COMPLETE,POSITIVE,6
SESSION_10_21__N4_01,NORMALIZED,baseline,2024,4,0.9490384884,COMPLETE,POSITIVE,7
SESSION_10_21__N4_01,NORMALIZED,baseline,2024,15,0.200897157,COMPLETE,POSITIVE,8
SESSION_10_21__N4_01,NORMALIZED,baseline,2024,9,1.130526523,COMPLETE,POSITIVE,9
SESSION_10_21__N4_01,NORMALIZED,baseline,2024,8,1.430499747,COMPLETE,POSITIVE,10
SESSION_10_21__N4_01,NORMALIZED,baseline,2024,15,3.631754813,COMPLETE,POSITIVE,11
SESSION_10_21__N4_01,NORMALIZED,baseline,2024,4,-0.01577534888,COMPLETE,NEGATIVE,12
SESSION_10_21__N4_01,NORMALIZED,walk_forward,2024,5,-0.3943312076,COMPLETE,NEGATIVE,2
SESSION_10_21__N4_01,NORMALIZED,walk_forward,2024,8,-0.336451323,COMPLETE,NEGATIVE,3
SESSION_10_21__N4_01,NORMALIZED,walk_forward,2024,7,0.524007634,COMPLETE,POSITIVE,5
SESSION_10_21__N4_01,NORMALIZED,walk_forward,2024,12,5.318386043,COMPLETE,POSITIVE,6
SESSION_10_21__N4_01,NORMALIZED,walk_forward,2024,8,0.3039203194,COMPLETE,POSITIVE,8
SESSION_10_21__N4_01,NORMALIZED,walk_forward,2024,9,1.130526523,COMPLETE,POSITIVE,9
SESSION_10_21__N4_01,NORMALIZED,walk_forward,2024,11,2.603344815,COMPLETE,POSITIVE,11
SESSION_10_21__N4_01,NORMALIZED,walk_forward,2024,4,-0.01577534888,COMPLETE,NEGATIVE,12
SESSION_10_21__N4_01,NORMALIZED,historical_true_oos,2025,2,0.1963996315,COMPLETE,POSITIVE,2
SESSION_10_21__N4_01,NORMALIZED,historical_true_oos,2025,5,0.8049485486,COMPLETE,POSITIVE,3
SESSION_10_21__N4_01,NORMALIZED,historical_true_oos,2025,11,-0.5452419416,COMPLETE,NEGATIVE,4
SESSION_10_21__N4_01,NORMALIZED,historical_true_oos,2025,2,0.3894694829,COMPLETE,POSITIVE,5
SESSION_10_21__N4_01,NORMALIZED,historical_true_oos,2025,1,-0.2055848824,COMPLETE,NEGATIVE,6
SESSION_10_21__N4_01,NORMALIZED,historical_true_oos,2025,14,1.812533773,COMPLETE,POSITIVE,7
SESSION_10_21__N4_01,NORMALIZED,historical_true_oos,2025,2,0.02225067713,COMPLETE,POSITIVE,8
SESSION_10_21__N4_01,NORMALIZED,historical_true_oos,2025,15,6.784001032,COMPLETE,POSITIVE,9
SESSION_10_21__N4_01,NORMALIZED,historical_true_oos,2025,21,2.440552234,COMPLETE,POSITIVE,10
SESSION_10_21__N4_01,NORMALIZED,historical_true_oos,2025,7,-1.277299975,COMPLETE,NEGATIVE,11
SESSION_10_21__N4_01,NORMALIZED,historical_true_oos,2025,14,-1.458776368,COMPLETE,NEGATIVE,12
SESSION_10_21__N4_01,NORMALIZED,historical_true_oos,2026,10,1.699207106,COMPLETE,POSITIVE,1
SESSION_10_21__N4_01,NORMALIZED,historical_true_oos,2026,3,-0.49338028,COMPLETE,NEGATIVE,2
SESSION_10_21__N4_01,NORMALIZED,historical_true_oos,2026,14,3.712795437,COMPLETE,POSITIVE,3
SESSION_10_21__N4_01,NORMALIZED,historical_true_oos,2026,7,0.2111764746,COMPLETE,POSITIVE,4
SESSION_10_21__N4_01,NORMALIZED,historical_true_oos,2026,11,-0.3104702278,COMPLETE,NEGATIVE,5
SESSION_10_21__N4_01,NORMALIZED,historical_true_oos,2026,15,2.899576866,COMPLETE,POSITIVE,6
SESSION_10_21__N4_01,NORMALIZED,historical_true_oos,2026,7,-0.8511250442,COMPLETE,NEGATIVE,7
SESSION_10_21__N4_01,NORMALIZED,historical_true_oos,2026,20,6.33440402,COMPLETE,POSITIVE,8
SESSION_10_21__N4_01,NORMALIZED,historical_true_oos,2026,6,-0.8411463048,COMPLETE,NEGATIVE,9
SESSION_10_21__N4_01,FULL,baseline,2023,3,-1.527631001,COMPLETE,NEGATIVE,2
SESSION_10_21__N4_01,FULL,baseline,2023,3,-1.430153977,COMPLETE,NEGATIVE,3
SESSION_10_21__N4_01,FULL,baseline,2023,6,8.039007585,COMPLETE,POSITIVE,4
SESSION_10_21__N4_01,FULL,baseline,2023,5,4.636650171,COMPLETE,POSITIVE,5
SESSION_10_21__N4_01,FULL,baseline,2023,8,3.809422854,COMPLETE,POSITIVE,6
SESSION_10_21__N4_01,FULL,baseline,2023,5,-2.021883108,COMPLETE,NEGATIVE,7
SESSION_10_21__N4_01,FULL,baseline,2023,8,6.635231087,COMPLETE,POSITIVE,8
SESSION_10_21__N4_01,FULL,baseline,2023,3,-1.931408626,COMPLETE,NEGATIVE,9
SESSION_10_21__N4_01,FULL,baseline,2023,5,-1.629372233,COMPLETE,NEGATIVE,10
SESSION_10_21__N4_01,FULL,baseline,2023,4,0.4718061067,COMPLETE,POSITIVE,11
SESSION_10_21__N4_01,FULL,baseline,2023,9,0.4493811108,COMPLETE,POSITIVE,12
SESSION_10_21__N4_01,FULL,baseline,2024,7,1.609407448,COMPLETE,POSITIVE,1
SESSION_10_21__N4_01,FULL,baseline,2024,10,-1.623390484,COMPLETE,NEGATIVE,2
SESSION_10_21__N4_01,FULL,baseline,2024,9,2.043772837,COMPLETE,POSITIVE,3
SESSION_10_21__N4_01,FULL,baseline,2024,14,3.666062499,COMPLETE,POSITIVE,4
SESSION_10_21__N4_01,FULL,baseline,2024,11,-0.1028640607,COMPLETE,NEGATIVE,5
SESSION_10_21__N4_01,FULL,baseline,2024,12,21.27354417,COMPLETE,POSITIVE,6
SESSION_10_21__N4_01,FULL,baseline,2024,4,3.796153953,COMPLETE,POSITIVE,7
SESSION_10_21__N4_01,FULL,baseline,2024,15,0.803588628,COMPLETE,POSITIVE,8
SESSION_10_21__N4_01,FULL,baseline,2024,9,4.522106092,COMPLETE,POSITIVE,9
SESSION_10_21__N4_01,FULL,baseline,2024,8,5.721998989,COMPLETE,POSITIVE,10
SESSION_10_21__N4_01,FULL,baseline,2024,15,14.52701925,COMPLETE,POSITIVE,11
SESSION_10_21__N4_01,FULL,baseline,2024,4,-0.0631013955,COMPLETE,NEGATIVE,12
SESSION_10_21__N4_01,FULL,walk_forward,2024,5,-1.577324831,COMPLETE,NEGATIVE,2
SESSION_10_21__N4_01,FULL,walk_forward,2024,8,-1.345805292,COMPLETE,NEGATIVE,3
SESSION_10_21__N4_01,FULL,walk_forward,2024,7,2.096030536,COMPLETE,POSITIVE,5
SESSION_10_21__N4_01,FULL,walk_forward,2024,12,21.27354417,COMPLETE,POSITIVE,6
SESSION_10_21__N4_01,FULL,walk_forward,2024,8,1.215681278,COMPLETE,POSITIVE,8
SESSION_10_21__N4_01,FULL,walk_forward,2024,9,4.522106092,COMPLETE,POSITIVE,9
SESSION_10_21__N4_01,FULL,walk_forward,2024,11,10.41337926,COMPLETE,POSITIVE,11
SESSION_10_21__N4_01,FULL,walk_forward,2024,4,-0.0631013955,COMPLETE,NEGATIVE,12
SESSION_10_21__N4_01,FULL,historical_true_oos,2025,2,0.7855985262,COMPLETE,POSITIVE,2
SESSION_10_21__N4_01,FULL,historical_true_oos,2025,5,3.219794194,COMPLETE,POSITIVE,3
SESSION_10_21__N4_01,FULL,historical_true_oos,2025,11,-2.180967767,COMPLETE,NEGATIVE,4
SESSION_10_21__N4_01,FULL,historical_true_oos,2025,2,1.557877931,COMPLETE,POSITIVE,5
SESSION_10_21__N4_01,FULL,historical_true_oos,2025,1,-0.8223395297,COMPLETE,NEGATIVE,6
SESSION_10_21__N4_01,FULL,historical_true_oos,2025,14,7.250135093,COMPLETE,POSITIVE,7
SESSION_10_21__N4_01,FULL,historical_true_oos,2025,2,0.08900270851,COMPLETE,POSITIVE,8
SESSION_10_21__N4_01,FULL,historical_true_oos,2025,15,27.13600413,COMPLETE,POSITIVE,9
SESSION_10_21__N4_01,FULL,historical_true_oos,2025,21,9.762208937,COMPLETE,POSITIVE,10
SESSION_10_21__N4_01,FULL,historical_true_oos,2025,7,-5.1091999,COMPLETE,NEGATIVE,11
SESSION_10_21__N4_01,FULL,historical_true_oos,2025,14,-5.835105474,COMPLETE,NEGATIVE,12
SESSION_10_21__N4_01,FULL,historical_true_oos,2026,10,6.796828425,COMPLETE,POSITIVE,1
SESSION_10_21__N4_01,FULL,historical_true_oos,2026,3,-1.97352112,COMPLETE,NEGATIVE,2
SESSION_10_21__N4_01,FULL,historical_true_oos,2026,14,14.85118175,COMPLETE,POSITIVE,3
SESSION_10_21__N4_01,FULL,historical_true_oos,2026,7,0.8447058982,COMPLETE,POSITIVE,4
SESSION_10_21__N4_01,FULL,historical_true_oos,2026,11,-1.241880911,COMPLETE,NEGATIVE,5
SESSION_10_21__N4_01,FULL,historical_true_oos,2026,15,11.59830747,COMPLETE,POSITIVE,6
SESSION_10_21__N4_01,FULL,historical_true_oos,2026,7,-3.404500177,COMPLETE,NEGATIVE,7
SESSION_10_21__N4_01,FULL,historical_true_oos,2026,20,25.33761608,COMPLETE,POSITIVE,8
SESSION_10_21__N4_01,FULL,historical_true_oos,2026,6,-3.364585219,COMPLETE,NEGATIVE,9
LOCK1_AFTER_2R__N2_01,NORMALIZED,baseline,2023,4,-1.244411891,COMPLETE,NEGATIVE,2
LOCK1_AFTER_2R__N2_01,NORMALIZED,baseline,2023,3,-0.7150769885,COMPLETE,NEGATIVE,3
LOCK1_AFTER_2R__N2_01,NORMALIZED,baseline,2023,6,4.019503793,COMPLETE,POSITIVE,4
LOCK1_AFTER_2R__N2_01,NORMALIZED,baseline,2023,5,2.318325086,COMPLETE,POSITIVE,5
LOCK1_AFTER_2R__N2_01,NORMALIZED,baseline,2023,8,1.904711427,COMPLETE,POSITIVE,6
LOCK1_AFTER_2R__N2_01,NORMALIZED,baseline,2023,5,-1.010941554,COMPLETE,NEGATIVE,7
LOCK1_AFTER_2R__N2_01,NORMALIZED,baseline,2023,8,3.317615543,COMPLETE,POSITIVE,8
LOCK1_AFTER_2R__N2_01,NORMALIZED,baseline,2023,2,-0.7478209604,COMPLETE,NEGATIVE,9
LOCK1_AFTER_2R__N2_01,NORMALIZED,baseline,2023,6,-1.297482445,COMPLETE,NEGATIVE,10
LOCK1_AFTER_2R__N2_01,NORMALIZED,baseline,2023,3,0.2352701601,COMPLETE,POSITIVE,11
LOCK1_AFTER_2R__N2_01,NORMALIZED,baseline,2023,5,0.3067899238,COMPLETE,POSITIVE,12
LOCK1_AFTER_2R__N2_01,NORMALIZED,baseline,2024,3,0.7939726233,COMPLETE,POSITIVE,1
LOCK1_AFTER_2R__N2_01,NORMALIZED,baseline,2024,3,-0.1930816079,COMPLETE,NEGATIVE,2
LOCK1_AFTER_2R__N2_01,NORMALIZED,baseline,2024,1,0.5662342628,COMPLETE,POSITIVE,3
LOCK1_AFTER_2R__N2_01,NORMALIZED,baseline,2024,9,0.5664919945,COMPLETE,POSITIVE,4
LOCK1_AFTER_2R__N2_01,NORMALIZED,baseline,2024,8,-0.4310392828,COMPLETE,NEGATIVE,5
LOCK1_AFTER_2R__N2_01,NORMALIZED,baseline,2024,6,9.146334368,COMPLETE,POSITIVE,6
LOCK1_AFTER_2R__N2_01,NORMALIZED,baseline,2024,9,-0.5890512984,COMPLETE,NEGATIVE,8
LOCK1_AFTER_2R__N2_01,NORMALIZED,baseline,2024,6,1.423600222,COMPLETE,POSITIVE,9
LOCK1_AFTER_2R__N2_01,NORMALIZED,baseline,2024,4,0.9919516245,COMPLETE,POSITIVE,10
LOCK1_AFTER_2R__N2_01,NORMALIZED,baseline,2024,8,3.792702454,COMPLETE,POSITIVE,11
LOCK1_AFTER_2R__N2_01,NORMALIZED,baseline,2024,2,-0.1814409152,COMPLETE,NEGATIVE,12
LOCK1_AFTER_2R__N2_01,NORMALIZED,walk_forward,2024,2,-0.7970042182,COMPLETE,NEGATIVE,2
LOCK1_AFTER_2R__N2_01,NORMALIZED,walk_forward,2024,1,0.5662342628,COMPLETE,POSITIVE,3
LOCK1_AFTER_2R__N2_01,NORMALIZED,walk_forward,2024,4,0.6684080155,COMPLETE,POSITIVE,5
LOCK1_AFTER_2R__N2_01,NORMALIZED,walk_forward,2024,6,9.146334368,COMPLETE,POSITIVE,6
LOCK1_AFTER_2R__N2_01,NORMALIZED,walk_forward,2024,3,-0.06792926439,COMPLETE,NEGATIVE,8
LOCK1_AFTER_2R__N2_01,NORMALIZED,walk_forward,2024,6,1.423600222,COMPLETE,POSITIVE,9
LOCK1_AFTER_2R__N2_01,NORMALIZED,walk_forward,2024,6,4.650360168,COMPLETE,POSITIVE,11
LOCK1_AFTER_2R__N2_01,NORMALIZED,walk_forward,2024,2,-0.1814409152,COMPLETE,NEGATIVE,12
LOCK1_AFTER_2R__N2_01,NORMALIZED,historical_true_oos,2025,1,0.6010786125,COMPLETE,POSITIVE,2
LOCK1_AFTER_2R__N2_01,NORMALIZED,historical_true_oos,2025,5,1.214450906,COMPLETE,POSITIVE,3
LOCK1_AFTER_2R__N2_01,NORMALIZED,historical_true_oos,2025,6,-2.100082392,COMPLETE,NEGATIVE,4
LOCK1_AFTER_2R__N2_01,NORMALIZED,historical_true_oos,2025,1,-0.08593275846,COMPLETE,NEGATIVE,5
LOCK1_AFTER_2R__N2_01,NORMALIZED,historical_true_oos,2025,1,-0.4111697649,COMPLETE,NEGATIVE,6
LOCK1_AFTER_2R__N2_01,NORMALIZED,historical_true_oos,2025,8,3.393139645,COMPLETE,POSITIVE,7
LOCK1_AFTER_2R__N2_01,NORMALIZED,historical_true_oos,2025,1,-0.3674921526,COMPLETE,NEGATIVE,8
LOCK1_AFTER_2R__N2_01,NORMALIZED,historical_true_oos,2025,4,8.001040796,COMPLETE,POSITIVE,9
LOCK1_AFTER_2R__N2_01,NORMALIZED,historical_true_oos,2025,10,0.906373118,COMPLETE,POSITIVE,10
LOCK1_AFTER_2R__N2_01,NORMALIZED,historical_true_oos,2025,5,-1.044611731,COMPLETE,NEGATIVE,11
LOCK1_AFTER_2R__N2_01,NORMALIZED,historical_true_oos,2025,10,-1.387998357,COMPLETE,NEGATIVE,12
LOCK1_AFTER_2R__N2_01,NORMALIZED,historical_true_oos,2026,4,0.2547191107,COMPLETE,POSITIVE,1
LOCK1_AFTER_2R__N2_01,NORMALIZED,historical_true_oos,2026,2,-0.8686557582,COMPLETE,NEGATIVE,2
LOCK1_AFTER_2R__N2_01,NORMALIZED,historical_true_oos,2026,9,6.192870503,COMPLETE,POSITIVE,3
LOCK1_AFTER_2R__N2_01,NORMALIZED,historical_true_oos,2026,3,0.5945509951,COMPLETE,POSITIVE,4
LOCK1_AFTER_2R__N2_01,NORMALIZED,historical_true_oos,2026,4,1.05787317,COMPLETE,POSITIVE,5
LOCK1_AFTER_2R__N2_01,NORMALIZED,historical_true_oos,2026,8,2.597425015,COMPLETE,POSITIVE,6
LOCK1_AFTER_2R__N2_01,NORMALIZED,historical_true_oos,2026,2,-0.4066396656,COMPLETE,NEGATIVE,7
LOCK1_AFTER_2R__N2_01,NORMALIZED,historical_true_oos,2026,12,6.857930451,COMPLETE,POSITIVE,8
LOCK1_AFTER_2R__N2_01,NORMALIZED,historical_true_oos,2026,4,-1.653179647,COMPLETE,NEGATIVE,9
LOCK1_AFTER_2R__N2_01,FULL,baseline,2023,4,-2.488823783,COMPLETE,NEGATIVE,2
LOCK1_AFTER_2R__N2_01,FULL,baseline,2023,3,-1.430153977,COMPLETE,NEGATIVE,3
LOCK1_AFTER_2R__N2_01,FULL,baseline,2023,6,8.039007585,COMPLETE,POSITIVE,4
LOCK1_AFTER_2R__N2_01,FULL,baseline,2023,5,4.636650171,COMPLETE,POSITIVE,5
LOCK1_AFTER_2R__N2_01,FULL,baseline,2023,8,3.809422854,COMPLETE,POSITIVE,6
LOCK1_AFTER_2R__N2_01,FULL,baseline,2023,5,-2.021883108,COMPLETE,NEGATIVE,7
LOCK1_AFTER_2R__N2_01,FULL,baseline,2023,8,6.635231087,COMPLETE,POSITIVE,8
LOCK1_AFTER_2R__N2_01,FULL,baseline,2023,2,-1.495641921,COMPLETE,NEGATIVE,9
LOCK1_AFTER_2R__N2_01,FULL,baseline,2023,6,-2.594964891,COMPLETE,NEGATIVE,10
LOCK1_AFTER_2R__N2_01,FULL,baseline,2023,3,0.4705403202,COMPLETE,POSITIVE,11
LOCK1_AFTER_2R__N2_01,FULL,baseline,2023,5,0.6135798476,COMPLETE,POSITIVE,12
LOCK1_AFTER_2R__N2_01,FULL,baseline,2024,3,1.587945247,COMPLETE,POSITIVE,1
LOCK1_AFTER_2R__N2_01,FULL,baseline,2024,3,-0.3861632158,COMPLETE,NEGATIVE,2
LOCK1_AFTER_2R__N2_01,FULL,baseline,2024,1,1.132468526,COMPLETE,POSITIVE,3
LOCK1_AFTER_2R__N2_01,FULL,baseline,2024,9,1.132983989,COMPLETE,POSITIVE,4
LOCK1_AFTER_2R__N2_01,FULL,baseline,2024,8,-0.8620785656,COMPLETE,NEGATIVE,5
LOCK1_AFTER_2R__N2_01,FULL,baseline,2024,6,18.29266874,COMPLETE,POSITIVE,6
LOCK1_AFTER_2R__N2_01,FULL,baseline,2024,9,-1.178102597,COMPLETE,NEGATIVE,8
LOCK1_AFTER_2R__N2_01,FULL,baseline,2024,6,2.847200444,COMPLETE,POSITIVE,9
LOCK1_AFTER_2R__N2_01,FULL,baseline,2024,4,1.983903249,COMPLETE,POSITIVE,10
LOCK1_AFTER_2R__N2_01,FULL,baseline,2024,8,7.585404908,COMPLETE,POSITIVE,11
LOCK1_AFTER_2R__N2_01,FULL,baseline,2024,2,-0.3628818304,COMPLETE,NEGATIVE,12
LOCK1_AFTER_2R__N2_01,FULL,walk_forward,2024,2,-1.594008436,COMPLETE,NEGATIVE,2
LOCK1_AFTER_2R__N2_01,FULL,walk_forward,2024,1,1.132468526,COMPLETE,POSITIVE,3
LOCK1_AFTER_2R__N2_01,FULL,walk_forward,2024,4,1.336816031,COMPLETE,POSITIVE,5
LOCK1_AFTER_2R__N2_01,FULL,walk_forward,2024,6,18.29266874,COMPLETE,POSITIVE,6
LOCK1_AFTER_2R__N2_01,FULL,walk_forward,2024,3,-0.1358585288,COMPLETE,NEGATIVE,8
LOCK1_AFTER_2R__N2_01,FULL,walk_forward,2024,6,2.847200444,COMPLETE,POSITIVE,9
LOCK1_AFTER_2R__N2_01,FULL,walk_forward,2024,6,9.300720336,COMPLETE,POSITIVE,11
LOCK1_AFTER_2R__N2_01,FULL,walk_forward,2024,2,-0.3628818304,COMPLETE,NEGATIVE,12
LOCK1_AFTER_2R__N2_01,FULL,historical_true_oos,2025,1,1.202157225,COMPLETE,POSITIVE,2
LOCK1_AFTER_2R__N2_01,FULL,historical_true_oos,2025,5,2.428901811,COMPLETE,POSITIVE,3
LOCK1_AFTER_2R__N2_01,FULL,historical_true_oos,2025,6,-4.200164785,COMPLETE,NEGATIVE,4
LOCK1_AFTER_2R__N2_01,FULL,historical_true_oos,2025,1,-0.1718655169,COMPLETE,NEGATIVE,5
LOCK1_AFTER_2R__N2_01,FULL,historical_true_oos,2025,1,-0.8223395297,COMPLETE,NEGATIVE,6
LOCK1_AFTER_2R__N2_01,FULL,historical_true_oos,2025,8,6.786279289,COMPLETE,POSITIVE,7
LOCK1_AFTER_2R__N2_01,FULL,historical_true_oos,2025,1,-0.7349843052,COMPLETE,NEGATIVE,8
LOCK1_AFTER_2R__N2_01,FULL,historical_true_oos,2025,4,16.00208159,COMPLETE,POSITIVE,9
LOCK1_AFTER_2R__N2_01,FULL,historical_true_oos,2025,10,1.812746236,COMPLETE,POSITIVE,10
LOCK1_AFTER_2R__N2_01,FULL,historical_true_oos,2025,5,-2.089223462,COMPLETE,NEGATIVE,11
LOCK1_AFTER_2R__N2_01,FULL,historical_true_oos,2025,10,-2.775996714,COMPLETE,NEGATIVE,12
LOCK1_AFTER_2R__N2_01,FULL,historical_true_oos,2026,4,0.5094382215,COMPLETE,POSITIVE,1
LOCK1_AFTER_2R__N2_01,FULL,historical_true_oos,2026,2,-1.737311516,COMPLETE,NEGATIVE,2
LOCK1_AFTER_2R__N2_01,FULL,historical_true_oos,2026,9,12.38574101,COMPLETE,POSITIVE,3
LOCK1_AFTER_2R__N2_01,FULL,historical_true_oos,2026,3,1.18910199,COMPLETE,POSITIVE,4
LOCK1_AFTER_2R__N2_01,FULL,historical_true_oos,2026,4,2.115746341,COMPLETE,POSITIVE,5
LOCK1_AFTER_2R__N2_01,FULL,historical_true_oos,2026,8,5.19485003,COMPLETE,POSITIVE,6
LOCK1_AFTER_2R__N2_01,FULL,historical_true_oos,2026,2,-0.8132793313,COMPLETE,NEGATIVE,7
LOCK1_AFTER_2R__N2_01,FULL,historical_true_oos,2026,12,13.7158609,COMPLETE,POSITIVE,8
LOCK1_AFTER_2R__N2_01,FULL,historical_true_oos,2026,4,-3.306359295,COMPLETE,NEGATIVE,9
LOCK1_AFTER_2R__N2_02,NORMALIZED,baseline,2023,3,-0.9474045222,COMPLETE,NEGATIVE,2
LOCK1_AFTER_2R__N2_02,NORMALIZED,baseline,2023,1,-0.5018067222,COMPLETE,NEGATIVE,3
LOCK1_AFTER_2R__N2_02,NORMALIZED,baseline,2023,3,2.157412028,COMPLETE,POSITIVE,4
LOCK1_AFTER_2R__N2_02,NORMALIZED,baseline,2023,3,1.099627999,COMPLETE,POSITIVE,5
LOCK1_AFTER_2R__N2_02,NORMALIZED,baseline,2023,5,1.087742321,COMPLETE,POSITIVE,6
LOCK1_AFTER_2R__N2_02,NORMALIZED,baseline,2023,2,0.2739298752,COMPLETE,POSITIVE,7
LOCK1_AFTER_2R__N2_02,NORMALIZED,baseline,2023,5,2.675284737,COMPLETE,POSITIVE,8
LOCK1_AFTER_2R__N2_02,NORMALIZED,baseline,2023,2,-0.5834337074,COMPLETE,NEGATIVE,9
LOCK1_AFTER_2R__N2_02,NORMALIZED,baseline,2023,4,-0.7971260952,COMPLETE,NEGATIVE,10
LOCK1_AFTER_2R__N2_02,NORMALIZED,baseline,2023,3,0.7751743532,COMPLETE,POSITIVE,11
LOCK1_AFTER_2R__N2_02,NORMALIZED,baseline,2023,6,1.187997641,COMPLETE,POSITIVE,12
LOCK1_AFTER_2R__N2_02,NORMALIZED,baseline,2024,4,-0.6904765507,COMPLETE,NEGATIVE,1
LOCK1_AFTER_2R__N2_02,NORMALIZED,baseline,2024,5,-1.227005091,COMPLETE,NEGATIVE,2
LOCK1_AFTER_2R__N2_02,NORMALIZED,baseline,2024,6,2.088968384,COMPLETE,POSITIVE,3
LOCK1_AFTER_2R__N2_02,NORMALIZED,baseline,2024,9,1.577151983,COMPLETE,POSITIVE,4
LOCK1_AFTER_2R__N2_02,NORMALIZED,baseline,2024,5,-0.6934026662,COMPLETE,NEGATIVE,5
LOCK1_AFTER_2R__N2_02,NORMALIZED,baseline,2024,7,2.493524401,COMPLETE,POSITIVE,6
LOCK1_AFTER_2R__N2_02,NORMALIZED,baseline,2024,12,-0.1643293198,COMPLETE,NEGATIVE,8
LOCK1_AFTER_2R__N2_02,NORMALIZED,baseline,2024,4,0.09147128811,COMPLETE,POSITIVE,9
LOCK1_AFTER_2R__N2_02,NORMALIZED,baseline,2024,5,2.336650022,COMPLETE,POSITIVE,10
LOCK1_AFTER_2R__N2_02,NORMALIZED,baseline,2024,8,4.356586104,COMPLETE,POSITIVE,11
LOCK1_AFTER_2R__N2_02,NORMALIZED,baseline,2024,2,0.3706457103,COMPLETE,POSITIVE,12
LOCK1_AFTER_2R__N2_02,NORMALIZED,walk_forward,2024,3,-0.2729263534,COMPLETE,NEGATIVE,2
LOCK1_AFTER_2R__N2_02,NORMALIZED,walk_forward,2024,6,2.088968384,COMPLETE,POSITIVE,3
LOCK1_AFTER_2R__N2_02,NORMALIZED,walk_forward,2024,3,-0.4348727339,COMPLETE,NEGATIVE,5
LOCK1_AFTER_2R__N2_02,NORMALIZED,walk_forward,2024,7,2.493524401,COMPLETE,POSITIVE,6
LOCK1_AFTER_2R__N2_02,NORMALIZED,walk_forward,2024,6,-0.09020933012,COMPLETE,NEGATIVE,8
LOCK1_AFTER_2R__N2_02,NORMALIZED,walk_forward,2024,4,0.09147128811,COMPLETE,POSITIVE,9
LOCK1_AFTER_2R__N2_02,NORMALIZED,walk_forward,2024,5,2.404910263,COMPLETE,POSITIVE,11
LOCK1_AFTER_2R__N2_02,NORMALIZED,walk_forward,2024,2,0.3706457103,COMPLETE,POSITIVE,12
LOCK1_AFTER_2R__N2_02,NORMALIZED,historical_true_oos,2025,1,-0.2082793494,COMPLETE,NEGATIVE,2
LOCK1_AFTER_2R__N2_02,NORMALIZED,historical_true_oos,2025,3,0.3345470395,COMPLETE,POSITIVE,3
LOCK1_AFTER_2R__N2_02,NORMALIZED,historical_true_oos,2025,5,-0.9893605859,COMPLETE,NEGATIVE,4
LOCK1_AFTER_2R__N2_02,NORMALIZED,historical_true_oos,2025,1,-0.08593275846,COMPLETE,NEGATIVE,5
LOCK1_AFTER_2R__N2_02,NORMALIZED,historical_true_oos,2025,6,0.2977356278,COMPLETE,POSITIVE,7
LOCK1_AFTER_2R__N2_02,NORMALIZED,historical_true_oos,2025,7,11.26396128,COMPLETE,POSITIVE,9
LOCK1_AFTER_2R__N2_02,NORMALIZED,historical_true_oos,2025,10,3.917231417,COMPLETE,POSITIVE,10
LOCK1_AFTER_2R__N2_02,NORMALIZED,historical_true_oos,2025,5,-1.76304874,COMPLETE,NEGATIVE,11
LOCK1_AFTER_2R__N2_02,NORMALIZED,historical_true_oos,2025,7,-1.513074817,COMPLETE,NEGATIVE,12
LOCK1_AFTER_2R__N2_02,NORMALIZED,historical_true_oos,2026,6,2.489715294,COMPLETE,POSITIVE,1
LOCK1_AFTER_2R__N2_02,NORMALIZED,historical_true_oos,2026,2,-0.474222025,COMPLETE,NEGATIVE,2
LOCK1_AFTER_2R__N2_02,NORMALIZED,historical_true_oos,2026,7,4.408701909,COMPLETE,POSITIVE,3
LOCK1_AFTER_2R__N2_02,NORMALIZED,historical_true_oos,2026,2,0.1697253001,COMPLETE,POSITIVE,4
LOCK1_AFTER_2R__N2_02,NORMALIZED,historical_true_oos,2026,5,0.8934153035,COMPLETE,POSITIVE,5
LOCK1_AFTER_2R__N2_02,NORMALIZED,historical_true_oos,2026,7,2.373846883,COMPLETE,POSITIVE,6
LOCK1_AFTER_2R__N2_02,NORMALIZED,historical_true_oos,2026,2,-0.6126638231,COMPLETE,NEGATIVE,7
LOCK1_AFTER_2R__N2_02,NORMALIZED,historical_true_oos,2026,12,7.896165894,COMPLETE,POSITIVE,8
LOCK1_AFTER_2R__N2_02,NORMALIZED,historical_true_oos,2026,3,-0.4208597114,COMPLETE,NEGATIVE,9
LOCK1_AFTER_2R__N2_02,FULL,baseline,2023,3,-1.894809044,COMPLETE,NEGATIVE,2
LOCK1_AFTER_2R__N2_02,FULL,baseline,2023,1,-1.003613444,COMPLETE,NEGATIVE,3
LOCK1_AFTER_2R__N2_02,FULL,baseline,2023,3,4.314824057,COMPLETE,POSITIVE,4
LOCK1_AFTER_2R__N2_02,FULL,baseline,2023,3,2.199255999,COMPLETE,POSITIVE,5
LOCK1_AFTER_2R__N2_02,FULL,baseline,2023,5,2.175484641,COMPLETE,POSITIVE,6
LOCK1_AFTER_2R__N2_02,FULL,baseline,2023,2,0.5478597503,COMPLETE,POSITIVE,7
LOCK1_AFTER_2R__N2_02,FULL,baseline,2023,5,5.350569474,COMPLETE,POSITIVE,8
LOCK1_AFTER_2R__N2_02,FULL,baseline,2023,2,-1.166867415,COMPLETE,NEGATIVE,9
LOCK1_AFTER_2R__N2_02,FULL,baseline,2023,4,-1.59425219,COMPLETE,NEGATIVE,10
LOCK1_AFTER_2R__N2_02,FULL,baseline,2023,3,1.550348706,COMPLETE,POSITIVE,11
LOCK1_AFTER_2R__N2_02,FULL,baseline,2023,6,2.375995283,COMPLETE,POSITIVE,12
LOCK1_AFTER_2R__N2_02,FULL,baseline,2024,4,-1.380953101,COMPLETE,NEGATIVE,1
LOCK1_AFTER_2R__N2_02,FULL,baseline,2024,5,-2.454010183,COMPLETE,NEGATIVE,2
LOCK1_AFTER_2R__N2_02,FULL,baseline,2024,6,4.177936768,COMPLETE,POSITIVE,3
LOCK1_AFTER_2R__N2_02,FULL,baseline,2024,9,3.154303966,COMPLETE,POSITIVE,4
LOCK1_AFTER_2R__N2_02,FULL,baseline,2024,5,-1.386805332,COMPLETE,NEGATIVE,5
LOCK1_AFTER_2R__N2_02,FULL,baseline,2024,7,4.987048802,COMPLETE,POSITIVE,6
LOCK1_AFTER_2R__N2_02,FULL,baseline,2024,12,-0.3286586396,COMPLETE,NEGATIVE,8
LOCK1_AFTER_2R__N2_02,FULL,baseline,2024,4,0.1829425762,COMPLETE,POSITIVE,9
LOCK1_AFTER_2R__N2_02,FULL,baseline,2024,5,4.673300044,COMPLETE,POSITIVE,10
LOCK1_AFTER_2R__N2_02,FULL,baseline,2024,8,8.713172208,COMPLETE,POSITIVE,11
LOCK1_AFTER_2R__N2_02,FULL,baseline,2024,2,0.7412914205,COMPLETE,POSITIVE,12
LOCK1_AFTER_2R__N2_02,FULL,walk_forward,2024,3,-0.5458527067,COMPLETE,NEGATIVE,2
LOCK1_AFTER_2R__N2_02,FULL,walk_forward,2024,6,4.177936768,COMPLETE,POSITIVE,3
LOCK1_AFTER_2R__N2_02,FULL,walk_forward,2024,3,-0.8697454678,COMPLETE,NEGATIVE,5
LOCK1_AFTER_2R__N2_02,FULL,walk_forward,2024,7,4.987048802,COMPLETE,POSITIVE,6
LOCK1_AFTER_2R__N2_02,FULL,walk_forward,2024,6,-0.1804186602,COMPLETE,NEGATIVE,8
LOCK1_AFTER_2R__N2_02,FULL,walk_forward,2024,4,0.1829425762,COMPLETE,POSITIVE,9
LOCK1_AFTER_2R__N2_02,FULL,walk_forward,2024,5,4.809820526,COMPLETE,POSITIVE,11
LOCK1_AFTER_2R__N2_02,FULL,walk_forward,2024,2,0.7412914205,COMPLETE,POSITIVE,12
LOCK1_AFTER_2R__N2_02,FULL,historical_true_oos,2025,1,-0.4165586989,COMPLETE,NEGATIVE,2
LOCK1_AFTER_2R__N2_02,FULL,historical_true_oos,2025,3,0.669094079,COMPLETE,POSITIVE,3
LOCK1_AFTER_2R__N2_02,FULL,historical_true_oos,2025,5,-1.978721172,COMPLETE,NEGATIVE,4
LOCK1_AFTER_2R__N2_02,FULL,historical_true_oos,2025,1,-0.1718655169,COMPLETE,NEGATIVE,5
LOCK1_AFTER_2R__N2_02,FULL,historical_true_oos,2025,6,0.5954712557,COMPLETE,POSITIVE,7
LOCK1_AFTER_2R__N2_02,FULL,historical_true_oos,2025,7,22.52792255,COMPLETE,POSITIVE,9
LOCK1_AFTER_2R__N2_02,FULL,historical_true_oos,2025,10,7.834462834,COMPLETE,POSITIVE,10
LOCK1_AFTER_2R__N2_02,FULL,historical_true_oos,2025,5,-3.526097481,COMPLETE,NEGATIVE,11
LOCK1_AFTER_2R__N2_02,FULL,historical_true_oos,2025,7,-3.026149634,COMPLETE,NEGATIVE,12
LOCK1_AFTER_2R__N2_02,FULL,historical_true_oos,2026,6,4.979430589,COMPLETE,POSITIVE,1
LOCK1_AFTER_2R__N2_02,FULL,historical_true_oos,2026,2,-0.9484440499,COMPLETE,NEGATIVE,2
LOCK1_AFTER_2R__N2_02,FULL,historical_true_oos,2026,7,8.817403818,COMPLETE,POSITIVE,3
LOCK1_AFTER_2R__N2_02,FULL,historical_true_oos,2026,2,0.3394506003,COMPLETE,POSITIVE,4
LOCK1_AFTER_2R__N2_02,FULL,historical_true_oos,2026,5,1.786830607,COMPLETE,POSITIVE,5
LOCK1_AFTER_2R__N2_02,FULL,historical_true_oos,2026,7,4.747693766,COMPLETE,POSITIVE,6
LOCK1_AFTER_2R__N2_02,FULL,historical_true_oos,2026,2,-1.225327646,COMPLETE,NEGATIVE,7
LOCK1_AFTER_2R__N2_02,FULL,historical_true_oos,2026,12,15.79233179,COMPLETE,POSITIVE,8
LOCK1_AFTER_2R__N2_02,FULL,historical_true_oos,2026,3,-0.8417194228,COMPLETE,NEGATIVE,9
LOCK1_AFTER_2R__N2_03,NORMALIZED,baseline,2023,3,-0.9474045222,COMPLETE,NEGATIVE,2
LOCK1_AFTER_2R__N2_03,NORMALIZED,baseline,2023,1,-0.5018067222,COMPLETE,NEGATIVE,3
LOCK1_AFTER_2R__N2_03,NORMALIZED,baseline,2023,3,2.157412028,COMPLETE,POSITIVE,4
LOCK1_AFTER_2R__N2_03,NORMALIZED,baseline,2023,3,1.099627999,COMPLETE,POSITIVE,5
LOCK1_AFTER_2R__N2_03,NORMALIZED,baseline,2023,5,1.087742321,COMPLETE,POSITIVE,6
LOCK1_AFTER_2R__N2_03,NORMALIZED,baseline,2023,2,0.2739298752,COMPLETE,POSITIVE,7
LOCK1_AFTER_2R__N2_03,NORMALIZED,baseline,2023,5,2.675284737,COMPLETE,POSITIVE,8
LOCK1_AFTER_2R__N2_03,NORMALIZED,baseline,2023,1,-0.3655503549,COMPLETE,NEGATIVE,9
LOCK1_AFTER_2R__N2_03,NORMALIZED,baseline,2023,4,-0.7971260952,COMPLETE,NEGATIVE,10
LOCK1_AFTER_2R__N2_03,NORMALIZED,baseline,2023,2,0.7481445078,COMPLETE,POSITIVE,11
LOCK1_AFTER_2R__N2_03,NORMALIZED,baseline,2023,2,1.189190707,COMPLETE,POSITIVE,12
LOCK1_AFTER_2R__N2_03,NORMALIZED,baseline,2024,4,-0.09502682964,COMPLETE,NEGATIVE,1
LOCK1_AFTER_2R__N2_03,NORMALIZED,baseline,2024,4,-0.2108015785,COMPLETE,NEGATIVE,2
LOCK1_AFTER_2R__N2_03,NORMALIZED,baseline,2024,4,1.260930532,COMPLETE,POSITIVE,3
LOCK1_AFTER_2R__N2_03,NORMALIZED,baseline,2024,6,-0.6390711888,COMPLETE,NEGATIVE,4
LOCK1_AFTER_2R__N2_03,NORMALIZED,baseline,2024,6,-0.2964975164,COMPLETE,NEGATIVE,5
LOCK1_AFTER_2R__N2_03,NORMALIZED,baseline,2024,6,5.302983663,COMPLETE,POSITIVE,6
LOCK1_AFTER_2R__N2_03,NORMALIZED,baseline,2024,4,1.898076977,COMPLETE,POSITIVE,7
LOCK1_AFTER_2R__N2_03,NORMALIZED,baseline,2024,9,0.6295859887,COMPLETE,POSITIVE,8
LOCK1_AFTER_2R__N2_03,NORMALIZED,baseline,2024,3,1.796500532,COMPLETE,POSITIVE,9
LOCK1_AFTER_2R__N2_03,NORMALIZED,baseline,2024,3,1.663082527,COMPLETE,POSITIVE,10
LOCK1_AFTER_2R__N2_03,NORMALIZED,baseline,2024,7,2.529049994,COMPLETE,POSITIVE,11
LOCK1_AFTER_2R__N2_03,NORMALIZED,baseline,2024,2,0.1611102025,COMPLETE,POSITIVE,12
LOCK1_AFTER_2R__N2_03,NORMALIZED,walk_forward,2024,2,-0.5379248794,COMPLETE,NEGATIVE,2
LOCK1_AFTER_2R__N2_03,NORMALIZED,walk_forward,2024,3,-0.4338585322,COMPLETE,NEGATIVE,3
LOCK1_AFTER_2R__N2_03,NORMALIZED,walk_forward,2024,4,-0.03796758407,COMPLETE,NEGATIVE,5
LOCK1_AFTER_2R__N2_03,NORMALIZED,walk_forward,2024,6,5.302983663,COMPLETE,POSITIVE,6
LOCK1_AFTER_2R__N2_03,NORMALIZED,walk_forward,2024,4,1.018781688,COMPLETE,POSITIVE,8
LOCK1_AFTER_2R__N2_03,NORMALIZED,walk_forward,2024,3,1.796500532,COMPLETE,POSITIVE,9
LOCK1_AFTER_2R__N2_03,NORMALIZED,walk_forward,2024,4,3.281563554,COMPLETE,POSITIVE,11
LOCK1_AFTER_2R__N2_03,NORMALIZED,walk_forward,2024,2,0.1611102025,COMPLETE,POSITIVE,12
LOCK1_AFTER_2R__N2_03,NORMALIZED,historical_true_oos,2025,1,-0.3830426659,COMPLETE,NEGATIVE,2
LOCK1_AFTER_2R__N2_03,NORMALIZED,historical_true_oos,2025,4,0.2292990244,COMPLETE,POSITIVE,3
LOCK1_AFTER_2R__N2_03,NORMALIZED,historical_true_oos,2025,7,-0.2795378933,COMPLETE,NEGATIVE,4
LOCK1_AFTER_2R__N2_03,NORMALIZED,historical_true_oos,2025,2,0.7789389657,COMPLETE,POSITIVE,5
LOCK1_AFTER_2R__N2_03,NORMALIZED,historical_true_oos,2025,8,2.038257857,COMPLETE,POSITIVE,7
LOCK1_AFTER_2R__N2_03,NORMALIZED,historical_true_oos,2025,1,0.4119935069,COMPLETE,POSITIVE,8
LOCK1_AFTER_2R__N2_03,NORMALIZED,historical_true_oos,2025,9,2.67921141,COMPLETE,POSITIVE,9
LOCK1_AFTER_2R__N2_03,NORMALIZED,historical_true_oos,2025,10,2.124746273,COMPLETE,POSITIVE,10
LOCK1_AFTER_2R__N2_03,NORMALIZED,historical_true_oos,2025,4,-1.223817307,COMPLETE,NEGATIVE,11
LOCK1_AFTER_2R__N2_03,NORMALIZED,historical_true_oos,2025,7,-0.8985435698,COMPLETE,NEGATIVE,12
LOCK1_AFTER_2R__N2_03,NORMALIZED,historical_true_oos,2026,5,-0.03281072687,COMPLETE,NEGATIVE,1
LOCK1_AFTER_2R__N2_03,NORMALIZED,historical_true_oos,2026,2,-0.4845212971,COMPLETE,NEGATIVE,2
LOCK1_AFTER_2R__N2_03,NORMALIZED,historical_true_oos,2026,7,4.521331724,COMPLETE,POSITIVE,3
LOCK1_AFTER_2R__N2_03,NORMALIZED,historical_true_oos,2026,6,-0.002472745837,COMPLETE,NEGATIVE,4
LOCK1_AFTER_2R__N2_03,NORMALIZED,historical_true_oos,2026,6,-0.8363810583,COMPLETE,NEGATIVE,5
LOCK1_AFTER_2R__N2_03,NORMALIZED,historical_true_oos,2026,9,2.993209025,COMPLETE,POSITIVE,6
LOCK1_AFTER_2R__N2_03,NORMALIZED,historical_true_oos,2026,6,-1.441273072,COMPLETE,NEGATIVE,7
LOCK1_AFTER_2R__N2_03,NORMALIZED,historical_true_oos,2026,9,4.301369473,COMPLETE,POSITIVE,8
LOCK1_AFTER_2R__N2_03,NORMALIZED,historical_true_oos,2026,4,-1.075918747,COMPLETE,NEGATIVE,9
LOCK1_AFTER_2R__N2_03,FULL,baseline,2023,3,-1.894809044,COMPLETE,NEGATIVE,2
LOCK1_AFTER_2R__N2_03,FULL,baseline,2023,1,-1.003613444,COMPLETE,NEGATIVE,3
LOCK1_AFTER_2R__N2_03,FULL,baseline,2023,3,4.314824057,COMPLETE,POSITIVE,4
LOCK1_AFTER_2R__N2_03,FULL,baseline,2023,3,2.199255999,COMPLETE,POSITIVE,5
LOCK1_AFTER_2R__N2_03,FULL,baseline,2023,5,2.175484641,COMPLETE,POSITIVE,6
LOCK1_AFTER_2R__N2_03,FULL,baseline,2023,2,0.5478597503,COMPLETE,POSITIVE,7
LOCK1_AFTER_2R__N2_03,FULL,baseline,2023,5,5.350569474,COMPLETE,POSITIVE,8
LOCK1_AFTER_2R__N2_03,FULL,baseline,2023,1,-0.7311007098,COMPLETE,NEGATIVE,9
LOCK1_AFTER_2R__N2_03,FULL,baseline,2023,4,-1.59425219,COMPLETE,NEGATIVE,10
LOCK1_AFTER_2R__N2_03,FULL,baseline,2023,2,1.496289016,COMPLETE,POSITIVE,11
LOCK1_AFTER_2R__N2_03,FULL,baseline,2023,2,2.378381414,COMPLETE,POSITIVE,12
LOCK1_AFTER_2R__N2_03,FULL,baseline,2024,4,-0.1900536593,COMPLETE,NEGATIVE,1
LOCK1_AFTER_2R__N2_03,FULL,baseline,2024,4,-0.4216031571,COMPLETE,NEGATIVE,2
LOCK1_AFTER_2R__N2_03,FULL,baseline,2024,4,2.521861064,COMPLETE,POSITIVE,3
LOCK1_AFTER_2R__N2_03,FULL,baseline,2024,6,-1.278142378,COMPLETE,NEGATIVE,4
LOCK1_AFTER_2R__N2_03,FULL,baseline,2024,6,-0.5929950327,COMPLETE,NEGATIVE,5
LOCK1_AFTER_2R__N2_03,FULL,baseline,2024,6,10.60596733,COMPLETE,POSITIVE,6
LOCK1_AFTER_2R__N2_03,FULL,baseline,2024,4,3.796153953,COMPLETE,POSITIVE,7
LOCK1_AFTER_2R__N2_03,FULL,baseline,2024,9,1.259171977,COMPLETE,POSITIVE,8
LOCK1_AFTER_2R__N2_03,FULL,baseline,2024,3,3.593001064,COMPLETE,POSITIVE,9
LOCK1_AFTER_2R__N2_03,FULL,baseline,2024,3,3.326165055,COMPLETE,POSITIVE,10
LOCK1_AFTER_2R__N2_03,FULL,baseline,2024,7,5.058099989,COMPLETE,POSITIVE,11
LOCK1_AFTER_2R__N2_03,FULL,baseline,2024,2,0.322220405,COMPLETE,POSITIVE,12
LOCK1_AFTER_2R__N2_03,FULL,walk_forward,2024,2,-1.075849759,COMPLETE,NEGATIVE,2
LOCK1_AFTER_2R__N2_03,FULL,walk_forward,2024,3,-0.8677170645,COMPLETE,NEGATIVE,3
LOCK1_AFTER_2R__N2_03,FULL,walk_forward,2024,4,-0.07593516813,COMPLETE,NEGATIVE,5
LOCK1_AFTER_2R__N2_03,FULL,walk_forward,2024,6,10.60596733,COMPLETE,POSITIVE,6
LOCK1_AFTER_2R__N2_03,FULL,walk_forward,2024,4,2.037563375,COMPLETE,POSITIVE,8
LOCK1_AFTER_2R__N2_03,FULL,walk_forward,2024,3,3.593001064,COMPLETE,POSITIVE,9
LOCK1_AFTER_2R__N2_03,FULL,walk_forward,2024,4,6.563127109,COMPLETE,POSITIVE,11
LOCK1_AFTER_2R__N2_03,FULL,walk_forward,2024,2,0.322220405,COMPLETE,POSITIVE,12
LOCK1_AFTER_2R__N2_03,FULL,historical_true_oos,2025,1,-0.7660853318,COMPLETE,NEGATIVE,2
LOCK1_AFTER_2R__N2_03,FULL,historical_true_oos,2025,4,0.4585980488,COMPLETE,POSITIVE,3
LOCK1_AFTER_2R__N2_03,FULL,historical_true_oos,2025,7,-0.5590757867,COMPLETE,NEGATIVE,4
LOCK1_AFTER_2R__N2_03,FULL,historical_true_oos,2025,2,1.557877931,COMPLETE,POSITIVE,5
LOCK1_AFTER_2R__N2_03,FULL,historical_true_oos,2025,8,4.076515713,COMPLETE,POSITIVE,7
LOCK1_AFTER_2R__N2_03,FULL,historical_true_oos,2025,1,0.8239870138,COMPLETE,POSITIVE,8
LOCK1_AFTER_2R__N2_03,FULL,historical_true_oos,2025,9,5.358422821,COMPLETE,POSITIVE,9
LOCK1_AFTER_2R__N2_03,FULL,historical_true_oos,2025,10,4.249492545,COMPLETE,POSITIVE,10
LOCK1_AFTER_2R__N2_03,FULL,historical_true_oos,2025,4,-2.447634615,COMPLETE,NEGATIVE,11
LOCK1_AFTER_2R__N2_03,FULL,historical_true_oos,2025,7,-1.79708714,COMPLETE,NEGATIVE,12
LOCK1_AFTER_2R__N2_03,FULL,historical_true_oos,2026,5,-0.06562145373,COMPLETE,NEGATIVE,1
LOCK1_AFTER_2R__N2_03,FULL,historical_true_oos,2026,2,-0.9690425942,COMPLETE,NEGATIVE,2
LOCK1_AFTER_2R__N2_03,FULL,historical_true_oos,2026,7,9.042663447,COMPLETE,POSITIVE,3
LOCK1_AFTER_2R__N2_03,FULL,historical_true_oos,2026,6,-0.004945491674,COMPLETE,NEGATIVE,4
LOCK1_AFTER_2R__N2_03,FULL,historical_true_oos,2026,6,-1.672762117,COMPLETE,NEGATIVE,5
LOCK1_AFTER_2R__N2_03,FULL,historical_true_oos,2026,9,5.986418049,COMPLETE,POSITIVE,6
LOCK1_AFTER_2R__N2_03,FULL,historical_true_oos,2026,6,-2.882546144,COMPLETE,NEGATIVE,7
LOCK1_AFTER_2R__N2_03,FULL,historical_true_oos,2026,9,8.602738946,COMPLETE,POSITIVE,8
LOCK1_AFTER_2R__N2_03,FULL,historical_true_oos,2026,4,-2.151837494,COMPLETE,NEGATIVE,9
LOCK1_AFTER_2R__N2_04,NORMALIZED,baseline,2023,1,-0.2970073692,COMPLETE,NEGATIVE,2
LOCK1_AFTER_2R__N2_04,NORMALIZED,baseline,2023,2,-0.2132702663,COMPLETE,NEGATIVE,3
LOCK1_AFTER_2R__N2_04,NORMALIZED,baseline,2023,3,1.862091764,COMPLETE,POSITIVE,4
LOCK1_AFTER_2R__N2_04,NORMALIZED,baseline,2023,2,1.218697086,COMPLETE,POSITIVE,5
LOCK1_AFTER_2R__N2_04,NORMALIZED,baseline,2023,3,0.8169691062,COMPLETE,POSITIVE,6
LOCK1_AFTER_2R__N2_04,NORMALIZED,baseline,2023,3,-1.284871429,COMPLETE,NEGATIVE,7
LOCK1_AFTER_2R__N2_04,NORMALIZED,baseline,2023,3,0.6423308065,COMPLETE,POSITIVE,8
LOCK1_AFTER_2R__N2_04,NORMALIZED,baseline,2023,2,-0.600153958,COMPLETE,NEGATIVE,9
LOCK1_AFTER_2R__N2_04,NORMALIZED,baseline,2023,2,-0.5003563501,COMPLETE,NEGATIVE,10
LOCK1_AFTER_2R__N2_04,NORMALIZED,baseline,2023,2,-0.4858445023,COMPLETE,NEGATIVE,11
LOCK1_AFTER_2R__N2_04,NORMALIZED,baseline,2023,7,-0.8835938489,COMPLETE,NEGATIVE,12
LOCK1_AFTER_2R__N2_04,NORMALIZED,baseline,2024,3,0.8997305535,COMPLETE,POSITIVE,1
LOCK1_AFTER_2R__N2_04,NORMALIZED,baseline,2024,6,-0.6008936636,COMPLETE,NEGATIVE,2
LOCK1_AFTER_2R__N2_04,NORMALIZED,baseline,2024,5,1.522734121,COMPLETE,POSITIVE,3
LOCK1_AFTER_2R__N2_04,NORMALIZED,baseline,2024,8,3.292782769,COMPLETE,POSITIVE,4
LOCK1_AFTER_2R__N2_04,NORMALIZED,baseline,2024,5,0.245065486,COMPLETE,POSITIVE,5
LOCK1_AFTER_2R__N2_04,NORMALIZED,baseline,2024,7,5.501675212,COMPLETE,POSITIVE,6
LOCK1_AFTER_2R__N2_04,NORMALIZED,baseline,2024,7,-0.7278084221,COMPLETE,NEGATIVE,8
LOCK1_AFTER_2R__N2_04,NORMALIZED,baseline,2024,6,0.464552514,COMPLETE,POSITIVE,9
LOCK1_AFTER_2R__N2_04,NORMALIZED,baseline,2024,5,1.197916967,COMPLETE,POSITIVE,10
LOCK1_AFTER_2R__N2_04,NORMALIZED,baseline,2024,8,4.898409018,COMPLETE,POSITIVE,11
LOCK1_AFTER_2R__N2_04,NORMALIZED,baseline,2024,2,-0.1926609002,COMPLETE,NEGATIVE,12
LOCK1_AFTER_2R__N2_04,NORMALIZED,walk_forward,2024,3,-0.2507375359,COMPLETE,NEGATIVE,2
LOCK1_AFTER_2R__N2_04,NORMALIZED,walk_forward,2024,5,1.522734121,COMPLETE,POSITIVE,3
LOCK1_AFTER_2R__N2_04,NORMALIZED,walk_forward,2024,3,1.085982852,COMPLETE,POSITIVE,5
LOCK1_AFTER_2R__N2_04,NORMALIZED,walk_forward,2024,7,5.501675212,COMPLETE,POSITIVE,6
LOCK1_AFTER_2R__N2_04,NORMALIZED,walk_forward,2024,5,-0.9109577962,COMPLETE,NEGATIVE,8
LOCK1_AFTER_2R__N2_04,NORMALIZED,walk_forward,2024,6,0.464552514,COMPLETE,POSITIVE,9
LOCK1_AFTER_2R__N2_04,NORMALIZED,walk_forward,2024,7,2.089075463,COMPLETE,POSITIVE,11
LOCK1_AFTER_2R__N2_04,NORMALIZED,walk_forward,2024,2,-0.1926609002,COMPLETE,NEGATIVE,12
LOCK1_AFTER_2R__N2_04,NORMALIZED,historical_true_oos,2025,2,0.3927992631,COMPLETE,POSITIVE,2
LOCK1_AFTER_2R__N2_04,NORMALIZED,historical_true_oos,2025,2,0.879903866,COMPLETE,POSITIVE,3
LOCK1_AFTER_2R__N2_04,NORMALIZED,historical_true_oos,2025,5,-0.9669991832,COMPLETE,NEGATIVE,4
LOCK1_AFTER_2R__N2_04,NORMALIZED,historical_true_oos,2025,1,-0.4111697649,COMPLETE,NEGATIVE,6
LOCK1_AFTER_2R__N2_04,NORMALIZED,historical_true_oos,2025,6,1.58680969,COMPLETE,POSITIVE,7
LOCK1_AFTER_2R__N2_04,NORMALIZED,historical_true_oos,2025,1,-0.3674921526,COMPLETE,NEGATIVE,8
LOCK1_AFTER_2R__N2_04,NORMALIZED,historical_true_oos,2025,7,11.0878593,COMPLETE,POSITIVE,9
LOCK1_AFTER_2R__N2_04,NORMALIZED,historical_true_oos,2025,12,2.940578164,COMPLETE,POSITIVE,10
LOCK1_AFTER_2R__N2_04,NORMALIZED,historical_true_oos,2025,4,-1.259829057,COMPLETE,NEGATIVE,11
LOCK1_AFTER_2R__N2_04,NORMALIZED,historical_true_oos,2025,7,-1.039749319,COMPLETE,NEGATIVE,12
LOCK1_AFTER_2R__N2_04,NORMALIZED,historical_true_oos,2026,6,3.092189027,COMPLETE,POSITIVE,1
LOCK1_AFTER_2R__N2_04,NORMALIZED,historical_true_oos,2026,2,-0.6306433367,COMPLETE,NEGATIVE,2
LOCK1_AFTER_2R__N2_04,NORMALIZED,historical_true_oos,2026,8,2.741279559,COMPLETE,POSITIVE,3
LOCK1_AFTER_2R__N2_04,NORMALIZED,historical_true_oos,2026,1,0.4248256949,COMPLETE,POSITIVE,4
LOCK1_AFTER_2R__N2_04,NORMALIZED,historical_true_oos,2026,5,1.026301435,COMPLETE,POSITIVE,5
LOCK1_AFTER_2R__N2_04,NORMALIZED,historical_true_oos,2026,7,2.754433768,COMPLETE,POSITIVE,6
LOCK1_AFTER_2R__N2_04,NORMALIZED,historical_true_oos,2026,2,-0.5934913687,COMPLETE,NEGATIVE,7
LOCK1_AFTER_2R__N2_04,NORMALIZED,historical_true_oos,2026,12,6.790288468,COMPLETE,POSITIVE,8
LOCK1_AFTER_2R__N2_04,NORMALIZED,historical_true_oos,2026,3,-0.5718835721,COMPLETE,NEGATIVE,9
LOCK1_AFTER_2R__N2_04,FULL,baseline,2023,1,-0.5940147384,COMPLETE,NEGATIVE,2
LOCK1_AFTER_2R__N2_04,FULL,baseline,2023,2,-0.4265405325,COMPLETE,NEGATIVE,3
LOCK1_AFTER_2R__N2_04,FULL,baseline,2023,3,3.724183529,COMPLETE,POSITIVE,4
LOCK1_AFTER_2R__N2_04,FULL,baseline,2023,2,2.437394172,COMPLETE,POSITIVE,5
LOCK1_AFTER_2R__N2_04,FULL,baseline,2023,3,1.633938212,COMPLETE,POSITIVE,6
LOCK1_AFTER_2R__N2_04,FULL,baseline,2023,3,-2.569742858,COMPLETE,NEGATIVE,7
LOCK1_AFTER_2R__N2_04,FULL,baseline,2023,3,1.284661613,COMPLETE,POSITIVE,8
LOCK1_AFTER_2R__N2_04,FULL,baseline,2023,2,-1.200307916,COMPLETE,NEGATIVE,9
LOCK1_AFTER_2R__N2_04,FULL,baseline,2023,2,-1.0007127,COMPLETE,NEGATIVE,10
LOCK1_AFTER_2R__N2_04,FULL,baseline,2023,2,-0.9716890047,COMPLETE,NEGATIVE,11
LOCK1_AFTER_2R__N2_04,FULL,baseline,2023,7,-1.767187698,COMPLETE,NEGATIVE,12
LOCK1_AFTER_2R__N2_04,FULL,baseline,2024,3,1.799461107,COMPLETE,POSITIVE,1
LOCK1_AFTER_2R__N2_04,FULL,baseline,2024,6,-1.201787327,COMPLETE,NEGATIVE,2
LOCK1_AFTER_2R__N2_04,FULL,baseline,2024,5,3.045468242,COMPLETE,POSITIVE,3
LOCK1_AFTER_2R__N2_04,FULL,baseline,2024,8,6.585565539,COMPLETE,POSITIVE,4
LOCK1_AFTER_2R__N2_04,FULL,baseline,2024,5,0.4901309721,COMPLETE,POSITIVE,5
LOCK1_AFTER_2R__N2_04,FULL,baseline,2024,7,11.00335042,COMPLETE,POSITIVE,6
LOCK1_AFTER_2R__N2_04,FULL,baseline,2024,7,-1.455616844,COMPLETE,NEGATIVE,8
LOCK1_AFTER_2R__N2_04,FULL,baseline,2024,6,0.9291050279,COMPLETE,POSITIVE,9
LOCK1_AFTER_2R__N2_04,FULL,baseline,2024,5,2.395833934,COMPLETE,POSITIVE,10
LOCK1_AFTER_2R__N2_04,FULL,baseline,2024,8,9.796818035,COMPLETE,POSITIVE,11
LOCK1_AFTER_2R__N2_04,FULL,baseline,2024,2,-0.3853218005,COMPLETE,NEGATIVE,12
LOCK1_AFTER_2R__N2_04,FULL,walk_forward,2024,3,-0.5014750718,COMPLETE,NEGATIVE,2
LOCK1_AFTER_2R__N2_04,FULL,walk_forward,2024,5,3.045468242,COMPLETE,POSITIVE,3
LOCK1_AFTER_2R__N2_04,FULL,walk_forward,2024,3,2.171965704,COMPLETE,POSITIVE,5
LOCK1_AFTER_2R__N2_04,FULL,walk_forward,2024,7,11.00335042,COMPLETE,POSITIVE,6
LOCK1_AFTER_2R__N2_04,FULL,walk_forward,2024,5,-1.821915592,COMPLETE,NEGATIVE,8
LOCK1_AFTER_2R__N2_04,FULL,walk_forward,2024,6,0.9291050279,COMPLETE,POSITIVE,9
LOCK1_AFTER_2R__N2_04,FULL,walk_forward,2024,7,4.178150925,COMPLETE,POSITIVE,11
LOCK1_AFTER_2R__N2_04,FULL,walk_forward,2024,2,-0.3853218005,COMPLETE,NEGATIVE,12
LOCK1_AFTER_2R__N2_04,FULL,historical_true_oos,2025,2,0.7855985262,COMPLETE,POSITIVE,2
LOCK1_AFTER_2R__N2_04,FULL,historical_true_oos,2025,2,1.759807732,COMPLETE,POSITIVE,3
LOCK1_AFTER_2R__N2_04,FULL,historical_true_oos,2025,5,-1.933998366,COMPLETE,NEGATIVE,4
LOCK1_AFTER_2R__N2_04,FULL,historical_true_oos,2025,1,-0.8223395297,COMPLETE,NEGATIVE,6
LOCK1_AFTER_2R__N2_04,FULL,historical_true_oos,2025,6,3.17361938,COMPLETE,POSITIVE,7
LOCK1_AFTER_2R__N2_04,FULL,historical_true_oos,2025,1,-0.7349843052,COMPLETE,NEGATIVE,8
LOCK1_AFTER_2R__N2_04,FULL,historical_true_oos,2025,7,22.1757186,COMPLETE,POSITIVE,9
LOCK1_AFTER_2R__N2_04,FULL,historical_true_oos,2025,12,5.881156328,COMPLETE,POSITIVE,10
LOCK1_AFTER_2R__N2_04,FULL,historical_true_oos,2025,4,-2.519658115,COMPLETE,NEGATIVE,11
LOCK1_AFTER_2R__N2_04,FULL,historical_true_oos,2025,7,-2.079498637,COMPLETE,NEGATIVE,12
LOCK1_AFTER_2R__N2_04,FULL,historical_true_oos,2026,6,6.184378054,COMPLETE,POSITIVE,1
LOCK1_AFTER_2R__N2_04,FULL,historical_true_oos,2026,2,-1.261286673,COMPLETE,NEGATIVE,2
LOCK1_AFTER_2R__N2_04,FULL,historical_true_oos,2026,8,5.482559119,COMPLETE,POSITIVE,3
LOCK1_AFTER_2R__N2_04,FULL,historical_true_oos,2026,1,0.8496513899,COMPLETE,POSITIVE,4
LOCK1_AFTER_2R__N2_04,FULL,historical_true_oos,2026,5,2.052602871,COMPLETE,POSITIVE,5
LOCK1_AFTER_2R__N2_04,FULL,historical_true_oos,2026,7,5.508867536,COMPLETE,POSITIVE,6
LOCK1_AFTER_2R__N2_04,FULL,historical_true_oos,2026,2,-1.186982737,COMPLETE,NEGATIVE,7
LOCK1_AFTER_2R__N2_04,FULL,historical_true_oos,2026,12,13.58057694,COMPLETE,POSITIVE,8
LOCK1_AFTER_2R__N2_04,FULL,historical_true_oos,2026,3,-1.143767144,COMPLETE,NEGATIVE,9
LOCK1_AFTER_2R__N2_05,NORMALIZED,baseline,2023,1,-0.2970073692,COMPLETE,NEGATIVE,2
LOCK1_AFTER_2R__N2_05,NORMALIZED,baseline,2023,2,-0.2132702663,COMPLETE,NEGATIVE,3
LOCK1_AFTER_2R__N2_05,NORMALIZED,baseline,2023,3,1.862091764,COMPLETE,POSITIVE,4
LOCK1_AFTER_2R__N2_05,NORMALIZED,baseline,2023,2,1.218697086,COMPLETE,POSITIVE,5
LOCK1_AFTER_2R__N2_05,NORMALIZED,baseline,2023,3,0.8169691062,COMPLETE,POSITIVE,6
LOCK1_AFTER_2R__N2_05,NORMALIZED,baseline,2023,3,-1.284871429,COMPLETE,NEGATIVE,7
LOCK1_AFTER_2R__N2_05,NORMALIZED,baseline,2023,3,0.6423308065,COMPLETE,POSITIVE,8
LOCK1_AFTER_2R__N2_05,NORMALIZED,baseline,2023,1,-0.3822706055,COMPLETE,NEGATIVE,9
LOCK1_AFTER_2R__N2_05,NORMALIZED,baseline,2023,2,-0.5003563501,COMPLETE,NEGATIVE,10
LOCK1_AFTER_2R__N2_05,NORMALIZED,baseline,2023,1,-0.5128743477,COMPLETE,NEGATIVE,11
LOCK1_AFTER_2R__N2_05,NORMALIZED,baseline,2023,3,-0.8824007833,COMPLETE,NEGATIVE,12
LOCK1_AFTER_2R__N2_05,NORMALIZED,baseline,2024,3,1.495180274,COMPLETE,POSITIVE,1
LOCK1_AFTER_2R__N2_05,NORMALIZED,baseline,2024,5,0.4153098492,COMPLETE,POSITIVE,2
LOCK1_AFTER_2R__N2_05,NORMALIZED,baseline,2024,3,0.6946962693,COMPLETE,POSITIVE,3
LOCK1_AFTER_2R__N2_05,NORMALIZED,baseline,2024,5,1.076559597,COMPLETE,POSITIVE,4
LOCK1_AFTER_2R__N2_05,NORMALIZED,baseline,2024,6,0.6419706359,COMPLETE,POSITIVE,5
LOCK1_AFTER_2R__N2_05,NORMALIZED,baseline,2024,6,8.311134474,COMPLETE,POSITIVE,6
LOCK1_AFTER_2R__N2_05,NORMALIZED,baseline,2024,4,1.898076977,COMPLETE,POSITIVE,7
LOCK1_AFTER_2R__N2_05,NORMALIZED,baseline,2024,4,0.06610688639,COMPLETE,POSITIVE,8
LOCK1_AFTER_2R__N2_05,NORMALIZED,baseline,2024,5,2.169581758,COMPLETE,POSITIVE,9
LOCK1_AFTER_2R__N2_05,NORMALIZED,baseline,2024,3,0.5243494724,COMPLETE,POSITIVE,10
LOCK1_AFTER_2R__N2_05,NORMALIZED,baseline,2024,7,3.070872908,COMPLETE,POSITIVE,11
LOCK1_AFTER_2R__N2_05,NORMALIZED,baseline,2024,2,-0.402196408,COMPLETE,NEGATIVE,12
LOCK1_AFTER_2R__N2_05,NORMALIZED,walk_forward,2024,2,-0.5157360619,COMPLETE,NEGATIVE,2
LOCK1_AFTER_2R__N2_05,NORMALIZED,walk_forward,2024,2,-1.000092795,COMPLETE,NEGATIVE,3
LOCK1_AFTER_2R__N2_05,NORMALIZED,walk_forward,2024,4,1.482888002,COMPLETE,POSITIVE,5
LOCK1_AFTER_2R__N2_05,NORMALIZED,walk_forward,2024,6,8.311134474,COMPLETE,POSITIVE,6
LOCK1_AFTER_2R__N2_05,NORMALIZED,walk_forward,2024,3,0.1980332215,COMPLETE,POSITIVE,8
LOCK1_AFTER_2R__N2_05,NORMALIZED,walk_forward,2024,5,2.169581758,COMPLETE,POSITIVE,9
LOCK1_AFTER_2R__N2_05,NORMALIZED,walk_forward,2024,6,2.965728754,COMPLETE,POSITIVE,11
LOCK1_AFTER_2R__N2_05,NORMALIZED,walk_forward,2024,2,-0.402196408,COMPLETE,NEGATIVE,12
LOCK1_AFTER_2R__N2_05,NORMALIZED,historical_true_oos,2025,2,0.2180359466,COMPLETE,POSITIVE,2
LOCK1_AFTER_2R__N2_05,NORMALIZED,historical_true_oos,2025,3,0.7746558509,COMPLETE,POSITIVE,3
LOCK1_AFTER_2R__N2_05,NORMALIZED,historical_true_oos,2025,7,-0.2571764907,COMPLETE,NEGATIVE,4
LOCK1_AFTER_2R__N2_05,NORMALIZED,historical_true_oos,2025,1,0.8648717242,COMPLETE,POSITIVE,5
LOCK1_AFTER_2R__N2_05,NORMALIZED,historical_true_oos,2025,1,-0.4111697649,COMPLETE,NEGATIVE,6
LOCK1_AFTER_2R__N2_05,NORMALIZED,historical_true_oos,2025,8,3.327331919,COMPLETE,POSITIVE,7
LOCK1_AFTER_2R__N2_05,NORMALIZED,historical_true_oos,2025,2,0.04450135426,COMPLETE,POSITIVE,8
LOCK1_AFTER_2R__N2_05,NORMALIZED,historical_true_oos,2025,9,2.503109436,COMPLETE,POSITIVE,9
LOCK1_AFTER_2R__N2_05,NORMALIZED,historical_true_oos,2025,12,1.14809302,COMPLETE,POSITIVE,10
LOCK1_AFTER_2R__N2_05,NORMALIZED,historical_true_oos,2025,3,-0.7205976243,COMPLETE,NEGATIVE,11
LOCK1_AFTER_2R__N2_05,NORMALIZED,historical_true_oos,2025,7,-0.4252180716,COMPLETE,NEGATIVE,12
LOCK1_AFTER_2R__N2_05,NORMALIZED,historical_true_oos,2026,5,0.5696630061,COMPLETE,POSITIVE,1
LOCK1_AFTER_2R__N2_05,NORMALIZED,historical_true_oos,2026,2,-0.6409426088,COMPLETE,NEGATIVE,2
LOCK1_AFTER_2R__N2_05,NORMALIZED,historical_true_oos,2026,8,2.853909374,COMPLETE,POSITIVE,3
LOCK1_AFTER_2R__N2_05,NORMALIZED,historical_true_oos,2026,5,0.252627649,COMPLETE,POSITIVE,4
LOCK1_AFTER_2R__N2_05,NORMALIZED,historical_true_oos,2026,6,-0.7034949265,COMPLETE,NEGATIVE,5
LOCK1_AFTER_2R__N2_05,NORMALIZED,historical_true_oos,2026,9,3.37379591,COMPLETE,POSITIVE,6
LOCK1_AFTER_2R__N2_05,NORMALIZED,historical_true_oos,2026,6,-1.422100618,COMPLETE,NEGATIVE,7
LOCK1_AFTER_2R__N2_05,NORMALIZED,historical_true_oos,2026,9,3.195492047,COMPLETE,POSITIVE,8
LOCK1_AFTER_2R__N2_05,NORMALIZED,historical_true_oos,2026,4,-1.226942608,COMPLETE,NEGATIVE,9
LOCK1_AFTER_2R__N2_05,FULL,baseline,2023,1,-0.5940147384,COMPLETE,NEGATIVE,2
LOCK1_AFTER_2R__N2_05,FULL,baseline,2023,2,-0.4265405325,COMPLETE,NEGATIVE,3
LOCK1_AFTER_2R__N2_05,FULL,baseline,2023,3,3.724183529,COMPLETE,POSITIVE,4
LOCK1_AFTER_2R__N2_05,FULL,baseline,2023,2,2.437394172,COMPLETE,POSITIVE,5
LOCK1_AFTER_2R__N2_05,FULL,baseline,2023,3,1.633938212,COMPLETE,POSITIVE,6
LOCK1_AFTER_2R__N2_05,FULL,baseline,2023,3,-2.569742858,COMPLETE,NEGATIVE,7
LOCK1_AFTER_2R__N2_05,FULL,baseline,2023,3,1.284661613,COMPLETE,POSITIVE,8
LOCK1_AFTER_2R__N2_05,FULL,baseline,2023,1,-0.7645412109,COMPLETE,NEGATIVE,9
LOCK1_AFTER_2R__N2_05,FULL,baseline,2023,2,-1.0007127,COMPLETE,NEGATIVE,10
LOCK1_AFTER_2R__N2_05,FULL,baseline,2023,1,-1.025748695,COMPLETE,NEGATIVE,11
LOCK1_AFTER_2R__N2_05,FULL,baseline,2023,3,-1.764801567,COMPLETE,NEGATIVE,12
LOCK1_AFTER_2R__N2_05,FULL,baseline,2024,3,2.990360549,COMPLETE,POSITIVE,1
LOCK1_AFTER_2R__N2_05,FULL,baseline,2024,5,0.8306196985,COMPLETE,POSITIVE,2
LOCK1_AFTER_2R__N2_05,FULL,baseline,2024,3,1.389392539,COMPLETE,POSITIVE,3
LOCK1_AFTER_2R__N2_05,FULL,baseline,2024,5,2.153119195,COMPLETE,POSITIVE,4
LOCK1_AFTER_2R__N2_05,FULL,baseline,2024,6,1.283941272,COMPLETE,POSITIVE,5
LOCK1_AFTER_2R__N2_05,FULL,baseline,2024,6,16.62226895,COMPLETE,POSITIVE,6
LOCK1_AFTER_2R__N2_05,FULL,baseline,2024,4,3.796153953,COMPLETE,POSITIVE,7
LOCK1_AFTER_2R__N2_05,FULL,baseline,2024,4,0.1322137728,COMPLETE,POSITIVE,8
LOCK1_AFTER_2R__N2_05,FULL,baseline,2024,5,4.339163516,COMPLETE,POSITIVE,9
LOCK1_AFTER_2R__N2_05,FULL,baseline,2024,3,1.048698945,COMPLETE,POSITIVE,10
LOCK1_AFTER_2R__N2_05,FULL,baseline,2024,7,6.141745816,COMPLETE,POSITIVE,11
LOCK1_AFTER_2R__N2_05,FULL,baseline,2024,2,-0.804392816,COMPLETE,NEGATIVE,12
LOCK1_AFTER_2R__N2_05,FULL,walk_forward,2024,2,-1.031472124,COMPLETE,NEGATIVE,2
LOCK1_AFTER_2R__N2_05,FULL,walk_forward,2024,2,-2.00018559,COMPLETE,NEGATIVE,3
LOCK1_AFTER_2R__N2_05,FULL,walk_forward,2024,4,2.965776004,COMPLETE,POSITIVE,5
LOCK1_AFTER_2R__N2_05,FULL,walk_forward,2024,6,16.62226895,COMPLETE,POSITIVE,6
LOCK1_AFTER_2R__N2_05,FULL,walk_forward,2024,3,0.3960664431,COMPLETE,POSITIVE,8
LOCK1_AFTER_2R__N2_05,FULL,walk_forward,2024,5,4.339163516,COMPLETE,POSITIVE,9
LOCK1_AFTER_2R__N2_05,FULL,walk_forward,2024,6,5.931457508,COMPLETE,POSITIVE,11
LOCK1_AFTER_2R__N2_05,FULL,walk_forward,2024,2,-0.804392816,COMPLETE,NEGATIVE,12
LOCK1_AFTER_2R__N2_05,FULL,historical_true_oos,2025,2,0.4360718932,COMPLETE,POSITIVE,2
LOCK1_AFTER_2R__N2_05,FULL,historical_true_oos,2025,3,1.549311702,COMPLETE,POSITIVE,3
LOCK1_AFTER_2R__N2_05,FULL,historical_true_oos,2025,7,-0.5143529814,COMPLETE,NEGATIVE,4
LOCK1_AFTER_2R__N2_05,FULL,historical_true_oos,2025,1,1.729743448,COMPLETE,POSITIVE,5
LOCK1_AFTER_2R__N2_05,FULL,historical_true_oos,2025,1,-0.8223395297,COMPLETE,NEGATIVE,6
LOCK1_AFTER_2R__N2_05,FULL,historical_true_oos,2025,8,6.654663838,COMPLETE,POSITIVE,7
LOCK1_AFTER_2R__N2_05,FULL,historical_true_oos,2025,2,0.08900270851,COMPLETE,POSITIVE,8
LOCK1_AFTER_2R__N2_05,FULL,historical_true_oos,2025,9,5.006218872,COMPLETE,POSITIVE,9
LOCK1_AFTER_2R__N2_05,FULL,historical_true_oos,2025,12,2.29618604,COMPLETE,POSITIVE,10
LOCK1_AFTER_2R__N2_05,FULL,historical_true_oos,2025,3,-1.441195249,COMPLETE,NEGATIVE,11
LOCK1_AFTER_2R__N2_05,FULL,historical_true_oos,2025,7,-0.8504361433,COMPLETE,NEGATIVE,12
LOCK1_AFTER_2R__N2_05,FULL,historical_true_oos,2026,5,1.139326012,COMPLETE,POSITIVE,1
LOCK1_AFTER_2R__N2_05,FULL,historical_true_oos,2026,2,-1.281885218,COMPLETE,NEGATIVE,2
LOCK1_AFTER_2R__N2_05,FULL,historical_true_oos,2026,8,5.707818748,COMPLETE,POSITIVE,3
LOCK1_AFTER_2R__N2_05,FULL,historical_true_oos,2026,5,0.5052552979,COMPLETE,POSITIVE,4
LOCK1_AFTER_2R__N2_05,FULL,historical_true_oos,2026,6,-1.406989853,COMPLETE,NEGATIVE,5
LOCK1_AFTER_2R__N2_05,FULL,historical_true_oos,2026,9,6.747591819,COMPLETE,POSITIVE,6
LOCK1_AFTER_2R__N2_05,FULL,historical_true_oos,2026,6,-2.844201235,COMPLETE,NEGATIVE,7
LOCK1_AFTER_2R__N2_05,FULL,historical_true_oos,2026,9,6.390984093,COMPLETE,POSITIVE,8
LOCK1_AFTER_2R__N2_05,FULL,historical_true_oos,2026,4,-2.453885216,COMPLETE,NEGATIVE,9
LOCK1_AFTER_2R__N2_06,NORMALIZED,baseline,2023,1,-0.2178833525,COMPLETE,NEGATIVE,9
LOCK1_AFTER_2R__N2_06,NORMALIZED,baseline,2023,1,0.02702984538,COMPLETE,POSITIVE,11
LOCK1_AFTER_2R__N2_06,NORMALIZED,baseline,2023,4,-0.001193065612,COMPLETE,NEGATIVE,12
LOCK1_AFTER_2R__N2_06,NORMALIZED,baseline,2024,4,0.01073110047,COMPLETE,POSITIVE,1
LOCK1_AFTER_2R__N2_06,NORMALIZED,baseline,2024,7,-0.6186136343,COMPLETE,NEGATIVE,2
LOCK1_AFTER_2R__N2_06,NORMALIZED,baseline,2024,8,2.21743039,COMPLETE,POSITIVE,3
LOCK1_AFTER_2R__N2_06,NORMALIZED,baseline,2024,5,2.087219586,COMPLETE,POSITIVE,4
LOCK1_AFTER_2R__N2_06,NORMALIZED,baseline,2024,3,0.3796072525,COMPLETE,POSITIVE,5
LOCK1_AFTER_2R__N2_06,NORMALIZED,baseline,2024,7,1.658324506,COMPLETE,POSITIVE,6
LOCK1_AFTER_2R__N2_06,NORMALIZED,baseline,2024,4,1.898076977,COMPLETE,POSITIVE,7
LOCK1_AFTER_2R__N2_06,NORMALIZED,baseline,2024,7,0.490828865,COMPLETE,POSITIVE,8
LOCK1_AFTER_2R__N2_06,NORMALIZED,baseline,2024,3,0.8374528244,COMPLETE,POSITIVE,9
LOCK1_AFTER_2R__N2_06,NORMALIZED,baseline,2024,4,1.86904787,COMPLETE,POSITIVE,10
LOCK1_AFTER_2R__N2_06,NORMALIZED,baseline,2024,7,3.634756558,COMPLETE,POSITIVE,11
LOCK1_AFTER_2R__N2_06,NORMALIZED,baseline,2024,2,0.1498902174,COMPLETE,POSITIVE,12
LOCK1_AFTER_2R__N2_06,NORMALIZED,walk_forward,2024,3,0.008341802927,COMPLETE,POSITIVE,2
LOCK1_AFTER_2R__N2_06,NORMALIZED,walk_forward,2024,7,0.5226413262,COMPLETE,POSITIVE,3
LOCK1_AFTER_2R__N2_06,NORMALIZED,walk_forward,2024,3,0.3796072525,COMPLETE,POSITIVE,5
LOCK1_AFTER_2R__N2_06,NORMALIZED,walk_forward,2024,7,1.658324506,COMPLETE,POSITIVE,6
LOCK1_AFTER_2R__N2_06,NORMALIZED,walk_forward,2024,6,0.1757531558,COMPLETE,POSITIVE,8
LOCK1_AFTER_2R__N2_06,NORMALIZED,walk_forward,2024,3,0.8374528244,COMPLETE,POSITIVE,9
LOCK1_AFTER_2R__N2_06,NORMALIZED,walk_forward,2024,5,0.7202788491,COMPLETE,POSITIVE,11
LOCK1_AFTER_2R__N2_06,NORMALIZED,walk_forward,2024,2,0.1498902174,COMPLETE,POSITIVE,12
LOCK1_AFTER_2R__N2_06,NORMALIZED,historical_true_oos,2025,2,-0.5913220154,COMPLETE,NEGATIVE,2
LOCK1_AFTER_2R__N2_06,NORMALIZED,historical_true_oos,2025,1,-0.1052480151,COMPLETE,NEGATIVE,3
LOCK1_AFTER_2R__N2_06,NORMALIZED,historical_true_oos,2025,6,0.8535453158,COMPLETE,POSITIVE,4
LOCK1_AFTER_2R__N2_06,NORMALIZED,historical_true_oos,2025,1,0.8648717242,COMPLETE,POSITIVE,5
LOCK1_AFTER_2R__N2_06,NORMALIZED,historical_true_oos,2025,6,0.2319279019,COMPLETE,POSITIVE,7
LOCK1_AFTER_2R__N2_06,NORMALIZED,historical_true_oos,2025,1,0.4119935069,COMPLETE,POSITIVE,8
LOCK1_AFTER_2R__N2_06,NORMALIZED,historical_true_oos,2025,12,5.766029917,COMPLETE,POSITIVE,9
LOCK1_AFTER_2R__N2_06,NORMALIZED,historical_true_oos,2025,12,4.158951319,COMPLETE,POSITIVE,10
LOCK1_AFTER_2R__N2_06,NORMALIZED,historical_true_oos,2025,3,-1.439034634,COMPLETE,NEGATIVE,11
LOCK1_AFTER_2R__N2_06,NORMALIZED,historical_true_oos,2025,4,-0.5502945314,COMPLETE,NEGATIVE,12
LOCK1_AFTER_2R__N2_06,NORMALIZED,historical_true_oos,2026,7,2.80465919,COMPLETE,POSITIVE,1
LOCK1_AFTER_2R__N2_06,NORMALIZED,historical_true_oos,2026,2,-0.2465088756,COMPLETE,NEGATIVE,2
LOCK1_AFTER_2R__N2_06,NORMALIZED,historical_true_oos,2026,6,1.06974078,COMPLETE,POSITIVE,3
LOCK1_AFTER_2R__N2_06,NORMALIZED,historical_true_oos,2026,4,-0.172198046,COMPLETE,NEGATIVE,4
LOCK1_AFTER_2R__N2_06,NORMALIZED,historical_true_oos,2026,7,-0.8679527935,COMPLETE,NEGATIVE,5
LOCK1_AFTER_2R__N2_06,NORMALIZED,historical_true_oos,2026,8,3.150217778,COMPLETE,POSITIVE,6
LOCK1_AFTER_2R__N2_06,NORMALIZED,historical_true_oos,2026,6,-1.628124775,COMPLETE,NEGATIVE,7
LOCK1_AFTER_2R__N2_06,NORMALIZED,historical_true_oos,2026,9,4.23372749,COMPLETE,POSITIVE,8
LOCK1_AFTER_2R__N2_06,NORMALIZED,historical_true_oos,2026,3,0.005377327986,COMPLETE,POSITIVE,9
LOCK1_AFTER_2R__N2_06,FULL,baseline,2023,1,-0.435766705,COMPLETE,NEGATIVE,9
LOCK1_AFTER_2R__N2_06,FULL,baseline,2023,1,0.05405969077,COMPLETE,POSITIVE,11
LOCK1_AFTER_2R__N2_06,FULL,baseline,2023,4,-0.002386131223,COMPLETE,NEGATIVE,12
LOCK1_AFTER_2R__N2_06,FULL,baseline,2024,4,0.02146220094,COMPLETE,POSITIVE,1
LOCK1_AFTER_2R__N2_06,FULL,baseline,2024,7,-1.237227269,COMPLETE,NEGATIVE,2
LOCK1_AFTER_2R__N2_06,FULL,baseline,2024,8,4.434860781,COMPLETE,POSITIVE,3
LOCK1_AFTER_2R__N2_06,FULL,baseline,2024,5,4.174439172,COMPLETE,POSITIVE,4
LOCK1_AFTER_2R__N2_06,FULL,baseline,2024,3,0.759214505,COMPLETE,POSITIVE,5
LOCK1_AFTER_2R__N2_06,FULL,baseline,2024,7,3.316649013,COMPLETE,POSITIVE,6
LOCK1_AFTER_2R__N2_06,FULL,baseline,2024,4,3.796153953,COMPLETE,POSITIVE,7
LOCK1_AFTER_2R__N2_06,FULL,baseline,2024,7,0.9816577301,COMPLETE,POSITIVE,8
LOCK1_AFTER_2R__N2_06,FULL,baseline,2024,3,1.674905649,COMPLETE,POSITIVE,9
LOCK1_AFTER_2R__N2_06,FULL,baseline,2024,4,3.73809574,COMPLETE,POSITIVE,10
LOCK1_AFTER_2R__N2_06,FULL,baseline,2024,7,7.269513116,COMPLETE,POSITIVE,11
LOCK1_AFTER_2R__N2_06,FULL,baseline,2024,2,0.2997804349,COMPLETE,POSITIVE,12
LOCK1_AFTER_2R__N2_06,FULL,walk_forward,2024,3,0.01668360585,COMPLETE,POSITIVE,2
LOCK1_AFTER_2R__N2_06,FULL,walk_forward,2024,7,1.045282652,COMPLETE,POSITIVE,3
LOCK1_AFTER_2R__N2_06,FULL,walk_forward,2024,3,0.759214505,COMPLETE,POSITIVE,5
LOCK1_AFTER_2R__N2_06,FULL,walk_forward,2024,7,3.316649013,COMPLETE,POSITIVE,6
LOCK1_AFTER_2R__N2_06,FULL,walk_forward,2024,6,0.3515063116,COMPLETE,POSITIVE,8
LOCK1_AFTER_2R__N2_06,FULL,walk_forward,2024,3,1.674905649,COMPLETE,POSITIVE,9
LOCK1_AFTER_2R__N2_06,FULL,walk_forward,2024,5,1.440557698,COMPLETE,POSITIVE,11
LOCK1_AFTER_2R__N2_06,FULL,walk_forward,2024,2,0.2997804349,COMPLETE,POSITIVE,12
LOCK1_AFTER_2R__N2_06,FULL,historical_true_oos,2025,2,-1.182644031,COMPLETE,NEGATIVE,2
LOCK1_AFTER_2R__N2_06,FULL,historical_true_oos,2025,1,-0.2104960302,COMPLETE,NEGATIVE,3
LOCK1_AFTER_2R__N2_06,FULL,historical_true_oos,2025,6,1.707090632,COMPLETE,POSITIVE,4
LOCK1_AFTER_2R__N2_06,FULL,historical_true_oos,2025,1,1.729743448,COMPLETE,POSITIVE,5
LOCK1_AFTER_2R__N2_06,FULL,historical_true_oos,2025,6,0.4638558038,COMPLETE,POSITIVE,7
LOCK1_AFTER_2R__N2_06,FULL,historical_true_oos,2025,1,0.8239870138,COMPLETE,POSITIVE,8
LOCK1_AFTER_2R__N2_06,FULL,historical_true_oos,2025,12,11.53205983,COMPLETE,POSITIVE,9
LOCK1_AFTER_2R__N2_06,FULL,historical_true_oos,2025,12,8.317902637,COMPLETE,POSITIVE,10
LOCK1_AFTER_2R__N2_06,FULL,historical_true_oos,2025,3,-2.878069267,COMPLETE,NEGATIVE,11
LOCK1_AFTER_2R__N2_06,FULL,historical_true_oos,2025,4,-1.100589063,COMPLETE,NEGATIVE,12
LOCK1_AFTER_2R__N2_06,FULL,historical_true_oos,2026,7,5.609318379,COMPLETE,POSITIVE,1
LOCK1_AFTER_2R__N2_06,FULL,historical_true_oos,2026,2,-0.4930177512,COMPLETE,NEGATIVE,2
LOCK1_AFTER_2R__N2_06,FULL,historical_true_oos,2026,6,2.139481561,COMPLETE,POSITIVE,3
LOCK1_AFTER_2R__N2_06,FULL,historical_true_oos,2026,4,-0.344396092,COMPLETE,NEGATIVE,4
LOCK1_AFTER_2R__N2_06,FULL,historical_true_oos,2026,7,-1.735905587,COMPLETE,NEGATIVE,5
LOCK1_AFTER_2R__N2_06,FULL,historical_true_oos,2026,8,6.300435556,COMPLETE,POSITIVE,6
LOCK1_AFTER_2R__N2_06,FULL,historical_true_oos,2026,6,-3.25624955,COMPLETE,NEGATIVE,7
LOCK1_AFTER_2R__N2_06,FULL,historical_true_oos,2026,9,8.467454981,COMPLETE,POSITIVE,8
LOCK1_AFTER_2R__N2_06,FULL,historical_true_oos,2026,3,0.01075465597,COMPLETE,POSITIVE,9
LOCK1_AFTER_2R__N3_01,NORMALIZED,baseline,2023,4,-0.8296079276,COMPLETE,NEGATIVE,2
LOCK1_AFTER_2R__N3_01,NORMALIZED,baseline,2023,3,-0.4767179923,COMPLETE,NEGATIVE,3
LOCK1_AFTER_2R__N3_01,NORMALIZED,baseline,2023,6,2.679669195,COMPLETE,POSITIVE,4
LOCK1_AFTER_2R__N3_01,NORMALIZED,baseline,2023,5,1.545550057,COMPLETE,POSITIVE,5
LOCK1_AFTER_2R__N3_01,NORMALIZED,baseline,2023,8,1.269807618,COMPLETE,POSITIVE,6
LOCK1_AFTER_2R__N3_01,NORMALIZED,baseline,2023,5,-0.6739610359,COMPLETE,NEGATIVE,7
LOCK1_AFTER_2R__N3_01,NORMALIZED,baseline,2023,8,2.211743696,COMPLETE,POSITIVE,8
LOCK1_AFTER_2R__N3_01,NORMALIZED,baseline,2023,3,-0.6438028753,COMPLETE,NEGATIVE,9
LOCK1_AFTER_2R__N3_01,NORMALIZED,baseline,2023,6,-0.8649882969,COMPLETE,NEGATIVE,10
LOCK1_AFTER_2R__N3_01,NORMALIZED,baseline,2023,4,0.1748666703,COMPLETE,POSITIVE,11
LOCK1_AFTER_2R__N3_01,NORMALIZED,baseline,2023,9,0.2037312388,COMPLETE,POSITIVE,12
LOCK1_AFTER_2R__N3_01,NORMALIZED,baseline,2024,5,0.3344088754,COMPLETE,POSITIVE,1
LOCK1_AFTER_2R__N3_01,NORMALIZED,baseline,2024,7,-0.673660121,COMPLETE,NEGATIVE,2
LOCK1_AFTER_2R__N3_01,NORMALIZED,baseline,2024,6,1.392645589,COMPLETE,POSITIVE,3
LOCK1_AFTER_2R__N3_01,NORMALIZED,baseline,2024,13,1.812142249,COMPLETE,POSITIVE,4
LOCK1_AFTER_2R__N3_01,NORMALIZED,baseline,2024,9,-0.2931254877,COMPLETE,NEGATIVE,5
LOCK1_AFTER_2R__N3_01,NORMALIZED,baseline,2024,10,5.71384466,COMPLETE,POSITIVE,6
LOCK1_AFTER_2R__N3_01,NORMALIZED,baseline,2024,14,-0.4937296801,COMPLETE,NEGATIVE,8
LOCK1_AFTER_2R__N3_01,NORMALIZED,baseline,2024,8,0.6598746746,COMPLETE,POSITIVE,9
LOCK1_AFTER_2R__N3_01,NORMALIZED,baseline,2024,7,1.508839538,COMPLETE,POSITIVE,10
LOCK1_AFTER_2R__N3_01,NORMALIZED,baseline,2024,12,4.349232525,COMPLETE,POSITIVE,11
LOCK1_AFTER_2R__N3_01,NORMALIZED,baseline,2024,3,-0.001152035056,COMPLETE,NEGATIVE,12
LOCK1_AFTER_2R__N3_01,NORMALIZED,walk_forward,2024,4,-0.4402227025,COMPLETE,NEGATIVE,2
LOCK1_AFTER_2R__N3_01,NORMALIZED,walk_forward,2024,6,1.392645589,COMPLETE,POSITIVE,3
LOCK1_AFTER_2R__N3_01,NORMALIZED,walk_forward,2024,5,0.4398393779,COMPLETE,POSITIVE,5
LOCK1_AFTER_2R__N3_01,NORMALIZED,walk_forward,2024,10,5.71384466,COMPLETE,POSITIVE,6
LOCK1_AFTER_2R__N3_01,NORMALIZED,walk_forward,2024,7,-0.3563654636,COMPLETE,NEGATIVE,8
LOCK1_AFTER_2R__N3_01,NORMALIZED,walk_forward,2024,8,0.6598746746,COMPLETE,POSITIVE,9
LOCK1_AFTER_2R__N3_01,NORMALIZED,walk_forward,2024,9,3.048115298,COMPLETE,POSITIVE,11
LOCK1_AFTER_2R__N3_01,NORMALIZED,walk_forward,2024,3,-0.001152035056,COMPLETE,NEGATIVE,12
LOCK1_AFTER_2R__N3_01,NORMALIZED,historical_true_oos,2025,2,0.2618661754,COMPLETE,POSITIVE,2
LOCK1_AFTER_2R__N3_01,NORMALIZED,historical_true_oos,2025,5,0.809633937,COMPLETE,POSITIVE,3
LOCK1_AFTER_2R__N3_01,NORMALIZED,historical_true_oos,2025,8,-1.352147387,COMPLETE,NEGATIVE,4
LOCK1_AFTER_2R__N3_01,NORMALIZED,historical_true_oos,2025,1,-0.05728850564,COMPLETE,NEGATIVE,5
LOCK1_AFTER_2R__N3_01,NORMALIZED,historical_true_oos,2025,1,-0.2741131766,COMPLETE,NEGATIVE,6
LOCK1_AFTER_2R__N3_01,NORMALIZED,historical_true_oos,2025,10,1.759228321,COMPLETE,POSITIVE,7
LOCK1_AFTER_2R__N3_01,NORMALIZED,historical_true_oos,2025,1,-0.2449947684,COMPLETE,NEGATIVE,8
LOCK1_AFTER_2R__N3_01,NORMALIZED,historical_true_oos,2025,9,10.11762046,COMPLETE,POSITIVE,9
LOCK1_AFTER_2R__N3_01,NORMALIZED,historical_true_oos,2025,16,2.5880609,COMPLETE,POSITIVE,10
LOCK1_AFTER_2R__N3_01,NORMALIZED,historical_true_oos,2025,7,-1.355829843,COMPLETE,NEGATIVE,11
LOCK1_AFTER_2R__N3_01,NORMALIZED,historical_true_oos,2025,12,-1.313607497,COMPLETE,NEGATIVE,12
LOCK1_AFTER_2R__N3_01,NORMALIZED,historical_true_oos,2026,8,1.945541144,COMPLETE,POSITIVE,1
LOCK1_AFTER_2R__N3_01,NORMALIZED,historical_true_oos,2026,3,-0.6578403733,COMPLETE,NEGATIVE,2
LOCK1_AFTER_2R__N3_01,NORMALIZED,historical_true_oos,2026,12,4.447617324,COMPLETE,POSITIVE,3
LOCK1_AFTER_2R__N3_01,NORMALIZED,historical_true_oos,2026,3,0.3963673301,COMPLETE,POSITIVE,4
LOCK1_AFTER_2R__N3_01,NORMALIZED,historical_true_oos,2026,7,0.9925299698,COMPLETE,POSITIVE,5
LOCK1_AFTER_2R__N3_01,NORMALIZED,historical_true_oos,2026,11,2.575235222,COMPLETE,POSITIVE,6
LOCK1_AFTER_2R__N3_01,NORMALIZED,historical_true_oos,2026,3,-0.5375982858,COMPLETE,NEGATIVE,7
LOCK1_AFTER_2R__N3_01,NORMALIZED,historical_true_oos,2026,18,7.181461604,COMPLETE,POSITIVE,8
LOCK1_AFTER_2R__N3_01,NORMALIZED,historical_true_oos,2026,5,-0.8819743103,COMPLETE,NEGATIVE,9
LOCK1_AFTER_2R__N3_01,FULL,baseline,2023,4,-2.488823783,COMPLETE,NEGATIVE,2
LOCK1_AFTER_2R__N3_01,FULL,baseline,2023,3,-1.430153977,COMPLETE,NEGATIVE,3
LOCK1_AFTER_2R__N3_01,FULL,baseline,2023,6,8.039007585,COMPLETE,POSITIVE,4
LOCK1_AFTER_2R__N3_01,FULL,baseline,2023,5,4.636650171,COMPLETE,POSITIVE,5
LOCK1_AFTER_2R__N3_01,FULL,baseline,2023,8,3.809422854,COMPLETE,POSITIVE,6
LOCK1_AFTER_2R__N3_01,FULL,baseline,2023,5,-2.021883108,COMPLETE,NEGATIVE,7
LOCK1_AFTER_2R__N3_01,FULL,baseline,2023,8,6.635231087,COMPLETE,POSITIVE,8
LOCK1_AFTER_2R__N3_01,FULL,baseline,2023,3,-1.931408626,COMPLETE,NEGATIVE,9
LOCK1_AFTER_2R__N3_01,FULL,baseline,2023,6,-2.594964891,COMPLETE,NEGATIVE,10
LOCK1_AFTER_2R__N3_01,FULL,baseline,2023,4,0.524600011,COMPLETE,POSITIVE,11
LOCK1_AFTER_2R__N3_01,FULL,baseline,2023,9,0.6111937163,COMPLETE,POSITIVE,12
LOCK1_AFTER_2R__N3_01,FULL,baseline,2024,5,1.003226626,COMPLETE,POSITIVE,1
LOCK1_AFTER_2R__N3_01,FULL,baseline,2024,7,-2.020980363,COMPLETE,NEGATIVE,2
LOCK1_AFTER_2R__N3_01,FULL,baseline,2024,6,4.177936768,COMPLETE,POSITIVE,3
LOCK1_AFTER_2R__N3_01,FULL,baseline,2024,13,5.436426747,COMPLETE,POSITIVE,4
LOCK1_AFTER_2R__N3_01,FULL,baseline,2024,9,-0.879376463,COMPLETE,NEGATIVE,5
LOCK1_AFTER_2R__N3_01,FULL,baseline,2024,10,17.14153398,COMPLETE,POSITIVE,6
LOCK1_AFTER_2R__N3_01,FULL,baseline,2024,14,-1.48118904,COMPLETE,NEGATIVE,8
LOCK1_AFTER_2R__N3_01,FULL,baseline,2024,8,1.979624024,COMPLETE,POSITIVE,9
LOCK1_AFTER_2R__N3_01,FULL,baseline,2024,7,4.526518614,COMPLETE,POSITIVE,10
LOCK1_AFTER_2R__N3_01,FULL,baseline,2024,12,13.04769758,COMPLETE,POSITIVE,11
LOCK1_AFTER_2R__N3_01,FULL,baseline,2024,3,-0.003456105168,COMPLETE,NEGATIVE,12
LOCK1_AFTER_2R__N3_01,FULL,walk_forward,2024,4,-1.320668107,COMPLETE,NEGATIVE,2
LOCK1_AFTER_2R__N3_01,FULL,walk_forward,2024,6,4.177936768,COMPLETE,POSITIVE,3
LOCK1_AFTER_2R__N3_01,FULL,walk_forward,2024,5,1.319518134,COMPLETE,POSITIVE,5
LOCK1_AFTER_2R__N3_01,FULL,walk_forward,2024,10,17.14153398,COMPLETE,POSITIVE,6
LOCK1_AFTER_2R__N3_01,FULL,walk_forward,2024,7,-1.069096391,COMPLETE,NEGATIVE,8
LOCK1_AFTER_2R__N3_01,FULL,walk_forward,2024,8,1.979624024,COMPLETE,POSITIVE,9
LOCK1_AFTER_2R__N3_01,FULL,walk_forward,2024,9,9.144345893,COMPLETE,POSITIVE,11
LOCK1_AFTER_2R__N3_01,FULL,walk_forward,2024,3,-0.003456105168,COMPLETE,NEGATIVE,12
LOCK1_AFTER_2R__N3_01,FULL,historical_true_oos,2025,2,0.7855985262,COMPLETE,POSITIVE,2
LOCK1_AFTER_2R__N3_01,FULL,historical_true_oos,2025,5,2.428901811,COMPLETE,POSITIVE,3
LOCK1_AFTER_2R__N3_01,FULL,historical_true_oos,2025,8,-4.056442161,COMPLETE,NEGATIVE,4
LOCK1_AFTER_2R__N3_01,FULL,historical_true_oos,2025,1,-0.1718655169,COMPLETE,NEGATIVE,5
LOCK1_AFTER_2R__N3_01,FULL,historical_true_oos,2025,1,-0.8223395297,COMPLETE,NEGATIVE,6
LOCK1_AFTER_2R__N3_01,FULL,historical_true_oos,2025,10,5.277684963,COMPLETE,POSITIVE,7
LOCK1_AFTER_2R__N3_01,FULL,historical_true_oos,2025,1,-0.7349843052,COMPLETE,NEGATIVE,8
LOCK1_AFTER_2R__N3_01,FULL,historical_true_oos,2025,9,30.35286137,COMPLETE,POSITIVE,9
LOCK1_AFTER_2R__N3_01,FULL,historical_true_oos,2025,16,7.764182699,COMPLETE,POSITIVE,10
LOCK1_AFTER_2R__N3_01,FULL,historical_true_oos,2025,7,-4.067489529,COMPLETE,NEGATIVE,11
LOCK1_AFTER_2R__N3_01,FULL,historical_true_oos,2025,12,-3.940822492,COMPLETE,NEGATIVE,12
LOCK1_AFTER_2R__N3_01,FULL,historical_true_oos,2026,8,5.836623432,COMPLETE,POSITIVE,1
LOCK1_AFTER_2R__N3_01,FULL,historical_true_oos,2026,3,-1.97352112,COMPLETE,NEGATIVE,2
LOCK1_AFTER_2R__N3_01,FULL,historical_true_oos,2026,12,13.34285197,COMPLETE,POSITIVE,3
LOCK1_AFTER_2R__N3_01,FULL,historical_true_oos,2026,3,1.18910199,COMPLETE,POSITIVE,4
LOCK1_AFTER_2R__N3_01,FULL,historical_true_oos,2026,7,2.977589909,COMPLETE,POSITIVE,5
LOCK1_AFTER_2R__N3_01,FULL,historical_true_oos,2026,11,7.725705666,COMPLETE,POSITIVE,6
LOCK1_AFTER_2R__N3_01,FULL,historical_true_oos,2026,3,-1.612794857,COMPLETE,NEGATIVE,7
LOCK1_AFTER_2R__N3_01,FULL,historical_true_oos,2026,18,21.54438481,COMPLETE,POSITIVE,8
LOCK1_AFTER_2R__N3_01,FULL,historical_true_oos,2026,5,-2.645922931,COMPLETE,NEGATIVE,9
LOCK1_AFTER_2R__N3_02,NORMALIZED,baseline,2023,4,-0.8296079276,COMPLETE,NEGATIVE,2
LOCK1_AFTER_2R__N3_02,NORMALIZED,baseline,2023,3,-0.4767179923,COMPLETE,NEGATIVE,3
LOCK1_AFTER_2R__N3_02,NORMALIZED,baseline,2023,6,2.679669195,COMPLETE,POSITIVE,4
LOCK1_AFTER_2R__N3_02,NORMALIZED,baseline,2023,5,1.545550057,COMPLETE,POSITIVE,5
LOCK1_AFTER_2R__N3_02,NORMALIZED,baseline,2023,8,1.269807618,COMPLETE,POSITIVE,6
LOCK1_AFTER_2R__N3_02,NORMALIZED,baseline,2023,5,-0.6739610359,COMPLETE,NEGATIVE,7
LOCK1_AFTER_2R__N3_02,NORMALIZED,baseline,2023,8,2.211743696,COMPLETE,POSITIVE,8
LOCK1_AFTER_2R__N3_02,NORMALIZED,baseline,2023,2,-0.4985473069,COMPLETE,NEGATIVE,9
LOCK1_AFTER_2R__N3_02,NORMALIZED,baseline,2023,6,-0.8649882969,COMPLETE,NEGATIVE,10
LOCK1_AFTER_2R__N3_02,NORMALIZED,baseline,2023,3,0.1568467734,COMPLETE,POSITIVE,11
LOCK1_AFTER_2R__N3_02,NORMALIZED,baseline,2023,5,0.2045266159,COMPLETE,POSITIVE,12
LOCK1_AFTER_2R__N3_02,NORMALIZED,baseline,2024,5,0.7313753561,COMPLETE,POSITIVE,1
LOCK1_AFTER_2R__N3_02,NORMALIZED,baseline,2024,6,0.003808887606,COMPLETE,POSITIVE,2
LOCK1_AFTER_2R__N3_02,NORMALIZED,baseline,2024,4,0.8406203547,COMPLETE,POSITIVE,3
LOCK1_AFTER_2R__N3_02,NORMALIZED,baseline,2024,10,0.3346601344,COMPLETE,POSITIVE,4
LOCK1_AFTER_2R__N3_02,NORMALIZED,baseline,2024,10,-0.02852205444,COMPLETE,NEGATIVE,5
LOCK1_AFTER_2R__N3_02,NORMALIZED,baseline,2024,9,7.586817501,COMPLETE,POSITIVE,6
LOCK1_AFTER_2R__N3_02,NORMALIZED,baseline,2024,4,1.265384651,COMPLETE,POSITIVE,7
LOCK1_AFTER_2R__N3_02,NORMALIZED,baseline,2024,11,0.03554719223,COMPLETE,POSITIVE,8
LOCK1_AFTER_2R__N3_02,NORMALIZED,baseline,2024,7,1.796560837,COMPLETE,POSITIVE,9
LOCK1_AFTER_2R__N3_02,NORMALIZED,baseline,2024,5,1.059794541,COMPLETE,POSITIVE,10
LOCK1_AFTER_2R__N3_02,NORMALIZED,baseline,2024,11,3.130875119,COMPLETE,POSITIVE,11
LOCK1_AFTER_2R__N3_02,NORMALIZED,baseline,2024,3,-0.1408423736,COMPLETE,NEGATIVE,12
LOCK1_AFTER_2R__N3_02,NORMALIZED,walk_forward,2024,3,-0.6168883865,COMPLETE,NEGATIVE,2
LOCK1_AFTER_2R__N3_02,NORMALIZED,walk_forward,2024,3,-0.2892390215,COMPLETE,NEGATIVE,3
LOCK1_AFTER_2R__N3_02,NORMALIZED,walk_forward,2024,6,0.7044428111,COMPLETE,POSITIVE,5
LOCK1_AFTER_2R__N3_02,NORMALIZED,walk_forward,2024,9,7.586817501,COMPLETE,POSITIVE,6
LOCK1_AFTER_2R__N3_02,NORMALIZED,walk_forward,2024,5,0.3829618816,COMPLETE,POSITIVE,8
LOCK1_AFTER_2R__N3_02,NORMALIZED,walk_forward,2024,7,1.796560837,COMPLETE,POSITIVE,9
LOCK1_AFTER_2R__N3_02,NORMALIZED,walk_forward,2024,8,3.632550825,COMPLETE,POSITIVE,11
LOCK1_AFTER_2R__N3_02,NORMALIZED,walk_forward,2024,3,-0.1408423736,COMPLETE,NEGATIVE,12
LOCK1_AFTER_2R__N3_02,NORMALIZED,historical_true_oos,2025,2,0.1453572977,COMPLETE,POSITIVE,2
LOCK1_AFTER_2R__N3_02,NORMALIZED,historical_true_oos,2025,6,0.7394685936,COMPLETE,POSITIVE,3
LOCK1_AFTER_2R__N3_02,NORMALIZED,historical_true_oos,2025,10,-0.8789322588,COMPLETE,NEGATIVE,4
LOCK1_AFTER_2R__N3_02,NORMALIZED,historical_true_oos,2025,2,0.5192926438,COMPLETE,POSITIVE,5
LOCK1_AFTER_2R__N3_02,NORMALIZED,historical_true_oos,2025,1,-0.2741131766,COMPLETE,NEGATIVE,6
LOCK1_AFTER_2R__N3_02,NORMALIZED,historical_true_oos,2025,12,2.919576473,COMPLETE,POSITIVE,7
LOCK1_AFTER_2R__N3_02,NORMALIZED,historical_true_oos,2025,2,0.0296675695,COMPLETE,POSITIVE,8
LOCK1_AFTER_2R__N3_02,NORMALIZED,historical_true_oos,2025,11,4.394453881,COMPLETE,POSITIVE,9
LOCK1_AFTER_2R__N3_02,NORMALIZED,historical_true_oos,2025,16,1.393070803,COMPLETE,POSITIVE,10
LOCK1_AFTER_2R__N3_02,NORMALIZED,historical_true_oos,2025,6,-0.9963422209,COMPLETE,NEGATIVE,11
LOCK1_AFTER_2R__N3_02,NORMALIZED,historical_true_oos,2025,12,-0.9039199995,COMPLETE,NEGATIVE,12
LOCK1_AFTER_2R__N3_02,NORMALIZED,historical_true_oos,2026,7,0.26385713,COMPLETE,POSITIVE,1
LOCK1_AFTER_2R__N3_02,NORMALIZED,historical_true_oos,2026,3,-0.6647065547,COMPLETE,NEGATIVE,2
LOCK1_AFTER_2R__N3_02,NORMALIZED,historical_true_oos,2026,12,4.522703867,COMPLETE,POSITIVE,3
LOCK1_AFTER_2R__N3_02,NORMALIZED,historical_true_oos,2026,7,0.2815686327,COMPLETE,POSITIVE,4
LOCK1_AFTER_2R__N3_02,NORMALIZED,historical_true_oos,2026,8,-0.1606676048,COMPLETE,NEGATIVE,5
LOCK1_AFTER_2R__N3_02,NORMALIZED,historical_true_oos,2026,13,2.988143316,COMPLETE,POSITIVE,6
LOCK1_AFTER_2R__N3_02,NORMALIZED,historical_true_oos,2026,7,-1.090004452,COMPLETE,NEGATIVE,7
LOCK1_AFTER_2R__N3_02,NORMALIZED,historical_true_oos,2026,15,4.784930657,COMPLETE,POSITIVE,8
LOCK1_AFTER_2R__N3_02,NORMALIZED,historical_true_oos,2026,6,-1.318680334,COMPLETE,NEGATIVE,9
LOCK1_AFTER_2R__N3_02,FULL,baseline,2023,4,-2.488823783,COMPLETE,NEGATIVE,2
LOCK1_AFTER_2R__N3_02,FULL,baseline,2023,3,-1.430153977,COMPLETE,NEGATIVE,3
LOCK1_AFTER_2R__N3_02,FULL,baseline,2023,6,8.039007585,COMPLETE,POSITIVE,4
LOCK1_AFTER_2R__N3_02,FULL,baseline,2023,5,4.636650171,COMPLETE,POSITIVE,5
LOCK1_AFTER_2R__N3_02,FULL,baseline,2023,8,3.809422854,COMPLETE,POSITIVE,6
LOCK1_AFTER_2R__N3_02,FULL,baseline,2023,5,-2.021883108,COMPLETE,NEGATIVE,7
LOCK1_AFTER_2R__N3_02,FULL,baseline,2023,8,6.635231087,COMPLETE,POSITIVE,8
LOCK1_AFTER_2R__N3_02,FULL,baseline,2023,2,-1.495641921,COMPLETE,NEGATIVE,9
LOCK1_AFTER_2R__N3_02,FULL,baseline,2023,6,-2.594964891,COMPLETE,NEGATIVE,10
LOCK1_AFTER_2R__N3_02,FULL,baseline,2023,3,0.4705403202,COMPLETE,POSITIVE,11
LOCK1_AFTER_2R__N3_02,FULL,baseline,2023,5,0.6135798476,COMPLETE,POSITIVE,12
LOCK1_AFTER_2R__N3_02,FULL,baseline,2024,5,2.194126068,COMPLETE,POSITIVE,1
LOCK1_AFTER_2R__N3_02,FULL,baseline,2024,6,0.01142666282,COMPLETE,POSITIVE,2
LOCK1_AFTER_2R__N3_02,FULL,baseline,2024,4,2.521861064,COMPLETE,POSITIVE,3
LOCK1_AFTER_2R__N3_02,FULL,baseline,2024,10,1.003980403,COMPLETE,POSITIVE,4
LOCK1_AFTER_2R__N3_02,FULL,baseline,2024,10,-0.08556616332,COMPLETE,NEGATIVE,5
LOCK1_AFTER_2R__N3_02,FULL,baseline,2024,9,22.7604525,COMPLETE,POSITIVE,6
LOCK1_AFTER_2R__N3_02,FULL,baseline,2024,4,3.796153953,COMPLETE,POSITIVE,7
LOCK1_AFTER_2R__N3_02,FULL,baseline,2024,11,0.1066415767,COMPLETE,POSITIVE,8
LOCK1_AFTER_2R__N3_02,FULL,baseline,2024,7,5.389682512,COMPLETE,POSITIVE,9
LOCK1_AFTER_2R__N3_02,FULL,baseline,2024,5,3.179383624,COMPLETE,POSITIVE,10
LOCK1_AFTER_2R__N3_02,FULL,baseline,2024,11,9.392625356,COMPLETE,POSITIVE,11
LOCK1_AFTER_2R__N3_02,FULL,baseline,2024,3,-0.4225271207,COMPLETE,NEGATIVE,12
LOCK1_AFTER_2R__N3_02,FULL,walk_forward,2024,3,-1.850665159,COMPLETE,NEGATIVE,2
LOCK1_AFTER_2R__N3_02,FULL,walk_forward,2024,3,-0.8677170645,COMPLETE,NEGATIVE,3
LOCK1_AFTER_2R__N3_02,FULL,walk_forward,2024,6,2.113328433,COMPLETE,POSITIVE,5
LOCK1_AFTER_2R__N3_02,FULL,walk_forward,2024,9,22.7604525,COMPLETE,POSITIVE,6
LOCK1_AFTER_2R__N3_02,FULL,walk_forward,2024,5,1.148885645,COMPLETE,POSITIVE,8
LOCK1_AFTER_2R__N3_02,FULL,walk_forward,2024,7,5.389682512,COMPLETE,POSITIVE,9
LOCK1_AFTER_2R__N3_02,FULL,walk_forward,2024,8,10.89765248,COMPLETE,POSITIVE,11
LOCK1_AFTER_2R__N3_02,FULL,walk_forward,2024,3,-0.4225271207,COMPLETE,NEGATIVE,12
LOCK1_AFTER_2R__N3_02,FULL,historical_true_oos,2025,2,0.4360718932,COMPLETE,POSITIVE,2
LOCK1_AFTER_2R__N3_02,FULL,historical_true_oos,2025,6,2.218405781,COMPLETE,POSITIVE,3
LOCK1_AFTER_2R__N3_02,FULL,historical_true_oos,2025,10,-2.636796776,COMPLETE,NEGATIVE,4
LOCK1_AFTER_2R__N3_02,FULL,historical_true_oos,2025,2,1.557877931,COMPLETE,POSITIVE,5
LOCK1_AFTER_2R__N3_02,FULL,historical_true_oos,2025,1,-0.8223395297,COMPLETE,NEGATIVE,6
LOCK1_AFTER_2R__N3_02,FULL,historical_true_oos,2025,12,8.75872942,COMPLETE,POSITIVE,7
LOCK1_AFTER_2R__N3_02,FULL,historical_true_oos,2025,2,0.08900270851,COMPLETE,POSITIVE,8
LOCK1_AFTER_2R__N3_02,FULL,historical_true_oos,2025,11,13.18336164,COMPLETE,POSITIVE,9
LOCK1_AFTER_2R__N3_02,FULL,historical_true_oos,2025,16,4.17921241,COMPLETE,POSITIVE,10
LOCK1_AFTER_2R__N3_02,FULL,historical_true_oos,2025,6,-2.989026663,COMPLETE,NEGATIVE,11
LOCK1_AFTER_2R__N3_02,FULL,historical_true_oos,2025,12,-2.711759998,COMPLETE,NEGATIVE,12
LOCK1_AFTER_2R__N3_02,FULL,historical_true_oos,2026,7,0.7915713899,COMPLETE,POSITIVE,1
LOCK1_AFTER_2R__N3_02,FULL,historical_true_oos,2026,3,-1.994119664,COMPLETE,NEGATIVE,2
LOCK1_AFTER_2R__N3_02,FULL,historical_true_oos,2026,12,13.5681116,COMPLETE,POSITIVE,3
LOCK1_AFTER_2R__N3_02,FULL,historical_true_oos,2026,7,0.8447058982,COMPLETE,POSITIVE,4
LOCK1_AFTER_2R__N3_02,FULL,historical_true_oos,2026,8,-0.4820028144,COMPLETE,NEGATIVE,5
LOCK1_AFTER_2R__N3_02,FULL,historical_true_oos,2026,13,8.964429949,COMPLETE,POSITIVE,6
LOCK1_AFTER_2R__N3_02,FULL,historical_true_oos,2026,7,-3.270013355,COMPLETE,NEGATIVE,7
LOCK1_AFTER_2R__N3_02,FULL,historical_true_oos,2026,15,14.35479197,COMPLETE,POSITIVE,8
LOCK1_AFTER_2R__N3_02,FULL,historical_true_oos,2026,6,-3.956041002,COMPLETE,NEGATIVE,9
LOCK1_AFTER_2R__N3_03,NORMALIZED,baseline,2023,3,-0.6316030148,COMPLETE,NEGATIVE,2
LOCK1_AFTER_2R__N3_03,NORMALIZED,baseline,2023,1,-0.3345378148,COMPLETE,NEGATIVE,3
LOCK1_AFTER_2R__N3_03,NORMALIZED,baseline,2023,3,1.438274686,COMPLETE,POSITIVE,4
LOCK1_AFTER_2R__N3_03,NORMALIZED,baseline,2023,3,0.733085333,COMPLETE,POSITIVE,5
LOCK1_AFTER_2R__N3_03,NORMALIZED,baseline,2023,5,0.7251615471,COMPLETE,POSITIVE,6
LOCK1_AFTER_2R__N3_03,NORMALIZED,baseline,2023,2,0.1826199168,COMPLETE,POSITIVE,7
LOCK1_AFTER_2R__N3_03,NORMALIZED,baseline,2023,5,1.783523158,COMPLETE,POSITIVE,8
LOCK1_AFTER_2R__N3_03,NORMALIZED,baseline,2023,2,-0.388955805,COMPLETE,NEGATIVE,9
LOCK1_AFTER_2R__N3_03,NORMALIZED,baseline,2023,4,-0.5314173968,COMPLETE,NEGATIVE,10
LOCK1_AFTER_2R__N3_03,NORMALIZED,baseline,2023,3,0.5167829021,COMPLETE,POSITIVE,11
LOCK1_AFTER_2R__N3_03,NORMALIZED,baseline,2023,6,0.7919984276,COMPLETE,POSITIVE,12
LOCK1_AFTER_2R__N3_03,NORMALIZED,baseline,2024,6,-0.2582574266,COMPLETE,NEGATIVE,1
LOCK1_AFTER_2R__N3_03,NORMALIZED,baseline,2024,8,-0.6854734347,COMPLETE,NEGATIVE,2
LOCK1_AFTER_2R__N3_03,NORMALIZED,baseline,2024,9,1.855776435,COMPLETE,POSITIVE,3
LOCK1_AFTER_2R__N3_03,NORMALIZED,baseline,2024,10,1.00843346,COMPLETE,POSITIVE,4
LOCK1_AFTER_2R__N3_03,NORMALIZED,baseline,2024,7,-0.2034309767,COMPLETE,NEGATIVE,5
LOCK1_AFTER_2R__N3_03,NORMALIZED,baseline,2024,10,3.151610857,COMPLETE,POSITIVE,6
LOCK1_AFTER_2R__N3_03,NORMALIZED,baseline,2024,4,1.265384651,COMPLETE,POSITIVE,7
LOCK1_AFTER_2R__N3_03,NORMALIZED,baseline,2024,14,0.318695178,COMPLETE,POSITIVE,8
LOCK1_AFTER_2R__N3_03,NORMALIZED,baseline,2024,5,0.9084748816,COMPLETE,POSITIVE,9
LOCK1_AFTER_2R__N3_03,NORMALIZED,baseline,2024,6,1.95626014,COMPLETE,POSITIVE,10
LOCK1_AFTER_2R__N3_03,NORMALIZED,baseline,2024,11,3.506797552,COMPLETE,POSITIVE,11
LOCK1_AFTER_2R__N3_03,NORMALIZED,baseline,2024,3,0.2272153767,COMPLETE,POSITIVE,12
LOCK1_AFTER_2R__N3_03,NORMALIZED,walk_forward,2024,4,-0.2675031433,COMPLETE,NEGATIVE,2
LOCK1_AFTER_2R__N3_03,NORMALIZED,walk_forward,2024,8,0.7259170593,COMPLETE,POSITIVE,3
LOCK1_AFTER_2R__N3_03,NORMALIZED,walk_forward,2024,5,-0.0310776885,COMPLETE,NEGATIVE,5
LOCK1_AFTER_2R__N3_03,NORMALIZED,walk_forward,2024,10,3.151610857,COMPLETE,POSITIVE,6
LOCK1_AFTER_2R__N3_03,NORMALIZED,walk_forward,2024,8,0.3681085044,COMPLETE,POSITIVE,8
LOCK1_AFTER_2R__N3_03,NORMALIZED,walk_forward,2024,5,0.9084748816,COMPLETE,POSITIVE,9
LOCK1_AFTER_2R__N3_03,NORMALIZED,walk_forward,2024,7,2.135584222,COMPLETE,POSITIVE,11
LOCK1_AFTER_2R__N3_03,NORMALIZED,walk_forward,2024,3,0.2272153767,COMPLETE,POSITIVE,12
LOCK1_AFTER_2R__N3_03,NORMALIZED,historical_true_oos,2025,2,-0.3942146769,COMPLETE,NEGATIVE,2
LOCK1_AFTER_2R__N3_03,NORMALIZED,historical_true_oos,2025,4,0.1528660163,COMPLETE,POSITIVE,3
LOCK1_AFTER_2R__N3_03,NORMALIZED,historical_true_oos,2025,9,-0.1384510545,COMPLETE,NEGATIVE,4
LOCK1_AFTER_2R__N3_03,NORMALIZED,historical_true_oos,2025,2,0.5192926438,COMPLETE,POSITIVE,5
LOCK1_AFTER_2R__N3_03,NORMALIZED,historical_true_oos,2025,10,0.8559737954,COMPLETE,POSITIVE,7
LOCK1_AFTER_2R__N3_03,NORMALIZED,historical_true_oos,2025,1,0.2746623379,COMPLETE,POSITIVE,8
LOCK1_AFTER_2R__N3_03,NORMALIZED,historical_true_oos,2025,14,6.569734201,COMPLETE,POSITIVE,9
LOCK1_AFTER_2R__N3_03,NORMALIZED,historical_true_oos,2025,16,3.400309669,COMPLETE,POSITIVE,10
LOCK1_AFTER_2R__N3_03,NORMALIZED,historical_true_oos,2025,6,-1.475300227,COMPLETE,NEGATIVE,11
LOCK1_AFTER_2R__N3_03,NORMALIZED,historical_true_oos,2025,9,-0.987304306,COMPLETE,NEGATIVE,12
LOCK1_AFTER_2R__N3_03,NORMALIZED,historical_true_oos,2026,9,1.753854586,COMPLETE,POSITIVE,1
LOCK1_AFTER_2R__N3_03,NORMALIZED,historical_true_oos,2026,3,-0.4017507325,COMPLETE,NEGATIVE,2
LOCK1_AFTER_2R__N3_03,NORMALIZED,historical_true_oos,2026,10,3.333258138,COMPLETE,POSITIVE,3
LOCK1_AFTER_2R__N3_03,NORMALIZED,historical_true_oos,2026,6,-0.001648497225,COMPLETE,NEGATIVE,4
LOCK1_AFTER_2R__N3_03,NORMALIZED,historical_true_oos,2026,9,-0.2703061828,COMPLETE,NEGATIVE,5
LOCK1_AFTER_2R__N3_03,NORMALIZED,historical_true_oos,2026,12,2.839091229,COMPLETE,POSITIVE,6
LOCK1_AFTER_2R__N3_03,NORMALIZED,historical_true_oos,2026,7,-1.22735389,COMPLETE,NEGATIVE,7
LOCK1_AFTER_2R__N3_03,NORMALIZED,historical_true_oos,2026,15,5.477087619,COMPLETE,POSITIVE,8
LOCK1_AFTER_2R__N3_03,NORMALIZED,historical_true_oos,2026,5,-0.4971337102,COMPLETE,NEGATIVE,9
LOCK1_AFTER_2R__N3_03,FULL,baseline,2023,3,-1.894809044,COMPLETE,NEGATIVE,2
LOCK1_AFTER_2R__N3_03,FULL,baseline,2023,1,-1.003613444,COMPLETE,NEGATIVE,3
LOCK1_AFTER_2R__N3_03,FULL,baseline,2023,3,4.314824057,COMPLETE,POSITIVE,4
LOCK1_AFTER_2R__N3_03,FULL,baseline,2023,3,2.199255999,COMPLETE,POSITIVE,5
LOCK1_AFTER_2R__N3_03,FULL,baseline,2023,5,2.175484641,COMPLETE,POSITIVE,6
LOCK1_AFTER_2R__N3_03,FULL,baseline,2023,2,0.5478597503,COMPLETE,POSITIVE,7
LOCK1_AFTER_2R__N3_03,FULL,baseline,2023,5,5.350569474,COMPLETE,POSITIVE,8
LOCK1_AFTER_2R__N3_03,FULL,baseline,2023,2,-1.166867415,COMPLETE,NEGATIVE,9
LOCK1_AFTER_2R__N3_03,FULL,baseline,2023,4,-1.59425219,COMPLETE,NEGATIVE,10
LOCK1_AFTER_2R__N3_03,FULL,baseline,2023,3,1.550348706,COMPLETE,POSITIVE,11
LOCK1_AFTER_2R__N3_03,FULL,baseline,2023,6,2.375995283,COMPLETE,POSITIVE,12
LOCK1_AFTER_2R__N3_03,FULL,baseline,2024,6,-0.7747722798,COMPLETE,NEGATIVE,1
LOCK1_AFTER_2R__N3_03,FULL,baseline,2024,8,-2.056420304,COMPLETE,NEGATIVE,2
LOCK1_AFTER_2R__N3_03,FULL,baseline,2024,9,5.567329306,COMPLETE,POSITIVE,3
LOCK1_AFTER_2R__N3_03,FULL,baseline,2024,10,3.02530038,COMPLETE,POSITIVE,4
LOCK1_AFTER_2R__N3_03,FULL,baseline,2024,7,-0.6102929301,COMPLETE,NEGATIVE,5
LOCK1_AFTER_2R__N3_03,FULL,baseline,2024,10,9.45483257,COMPLETE,POSITIVE,6
LOCK1_AFTER_2R__N3_03,FULL,baseline,2024,4,3.796153953,COMPLETE,POSITIVE,7
LOCK1_AFTER_2R__N3_03,FULL,baseline,2024,14,0.956085534,COMPLETE,POSITIVE,8
LOCK1_AFTER_2R__N3_03,FULL,baseline,2024,5,2.725424645,COMPLETE,POSITIVE,9
LOCK1_AFTER_2R__N3_03,FULL,baseline,2024,6,5.868780419,COMPLETE,POSITIVE,10
LOCK1_AFTER_2R__N3_03,FULL,baseline,2024,11,10.52039266,COMPLETE,POSITIVE,11
LOCK1_AFTER_2R__N3_03,FULL,baseline,2024,3,0.6816461302,COMPLETE,POSITIVE,12
LOCK1_AFTER_2R__N3_03,FULL,walk_forward,2024,4,-0.8025094298,COMPLETE,NEGATIVE,2
LOCK1_AFTER_2R__N3_03,FULL,walk_forward,2024,8,2.177751178,COMPLETE,POSITIVE,3
LOCK1_AFTER_2R__N3_03,FULL,walk_forward,2024,5,-0.09323306549,COMPLETE,NEGATIVE,5
LOCK1_AFTER_2R__N3_03,FULL,walk_forward,2024,10,9.45483257,COMPLETE,POSITIVE,6
LOCK1_AFTER_2R__N3_03,FULL,walk_forward,2024,8,1.104325513,COMPLETE,POSITIVE,8
LOCK1_AFTER_2R__N3_03,FULL,walk_forward,2024,5,2.725424645,COMPLETE,POSITIVE,9
LOCK1_AFTER_2R__N3_03,FULL,walk_forward,2024,7,6.406752666,COMPLETE,POSITIVE,11
LOCK1_AFTER_2R__N3_03,FULL,walk_forward,2024,3,0.6816461302,COMPLETE,POSITIVE,12
LOCK1_AFTER_2R__N3_03,FULL,historical_true_oos,2025,2,-1.182644031,COMPLETE,NEGATIVE,2
LOCK1_AFTER_2R__N3_03,FULL,historical_true_oos,2025,4,0.4585980488,COMPLETE,POSITIVE,3
LOCK1_AFTER_2R__N3_03,FULL,historical_true_oos,2025,9,-0.4153531635,COMPLETE,NEGATIVE,4
LOCK1_AFTER_2R__N3_03,FULL,historical_true_oos,2025,2,1.557877931,COMPLETE,POSITIVE,5
LOCK1_AFTER_2R__N3_03,FULL,historical_true_oos,2025,10,2.567921386,COMPLETE,POSITIVE,7
LOCK1_AFTER_2R__N3_03,FULL,historical_true_oos,2025,1,0.8239870138,COMPLETE,POSITIVE,8
LOCK1_AFTER_2R__N3_03,FULL,historical_true_oos,2025,14,19.7092026,COMPLETE,POSITIVE,9
LOCK1_AFTER_2R__N3_03,FULL,historical_true_oos,2025,16,10.20092901,COMPLETE,POSITIVE,10
LOCK1_AFTER_2R__N3_03,FULL,historical_true_oos,2025,6,-4.425900681,COMPLETE,NEGATIVE,11
LOCK1_AFTER_2R__N3_03,FULL,historical_true_oos,2025,9,-2.961912918,COMPLETE,NEGATIVE,12
LOCK1_AFTER_2R__N3_03,FULL,historical_true_oos,2026,9,5.261563757,COMPLETE,POSITIVE,1
LOCK1_AFTER_2R__N3_03,FULL,historical_true_oos,2026,3,-1.205252198,COMPLETE,NEGATIVE,2
LOCK1_AFTER_2R__N3_03,FULL,historical_true_oos,2026,10,9.999774413,COMPLETE,POSITIVE,3
LOCK1_AFTER_2R__N3_03,FULL,historical_true_oos,2026,6,-0.004945491674,COMPLETE,NEGATIVE,4
LOCK1_AFTER_2R__N3_03,FULL,historical_true_oos,2026,9,-0.8109185483,COMPLETE,NEGATIVE,5
LOCK1_AFTER_2R__N3_03,FULL,historical_true_oos,2026,12,8.517273686,COMPLETE,POSITIVE,6
LOCK1_AFTER_2R__N3_03,FULL,historical_true_oos,2026,7,-3.68206167,COMPLETE,NEGATIVE,7
LOCK1_AFTER_2R__N3_03,FULL,historical_true_oos,2026,15,16.43126286,COMPLETE,POSITIVE,8
LOCK1_AFTER_2R__N3_03,FULL,historical_true_oos,2026,5,-1.491401131,COMPLETE,NEGATIVE,9
LOCK1_AFTER_2R__N3_04,NORMALIZED,baseline,2023,1,-0.1980049128,COMPLETE,NEGATIVE,2
LOCK1_AFTER_2R__N3_04,NORMALIZED,baseline,2023,2,-0.1421801775,COMPLETE,NEGATIVE,3
LOCK1_AFTER_2R__N3_04,NORMALIZED,baseline,2023,3,1.24139451,COMPLETE,POSITIVE,4
LOCK1_AFTER_2R__N3_04,NORMALIZED,baseline,2023,2,0.8124647241,COMPLETE,POSITIVE,5
LOCK1_AFTER_2R__N3_04,NORMALIZED,baseline,2023,3,0.5446460708,COMPLETE,POSITIVE,6
LOCK1_AFTER_2R__N3_04,NORMALIZED,baseline,2023,3,-0.8565809527,COMPLETE,NEGATIVE,7
LOCK1_AFTER_2R__N3_04,NORMALIZED,baseline,2023,3,0.4282205377,COMPLETE,POSITIVE,8
LOCK1_AFTER_2R__N3_04,NORMALIZED,baseline,2023,2,-0.4001026387,COMPLETE,NEGATIVE,9
LOCK1_AFTER_2R__N3_04,NORMALIZED,baseline,2023,2,-0.3335709001,COMPLETE,NEGATIVE,10
LOCK1_AFTER_2R__N3_04,NORMALIZED,baseline,2023,2,-0.3238963349,COMPLETE,NEGATIVE,11
LOCK1_AFTER_2R__N3_04,NORMALIZED,baseline,2023,7,-0.5890625659,COMPLETE,NEGATIVE,12
LOCK1_AFTER_2R__N3_04,NORMALIZED,baseline,2024,5,0.8018806428,COMPLETE,POSITIVE,1
LOCK1_AFTER_2R__N3_04,NORMALIZED,baseline,2024,9,-0.2680658162,COMPLETE,NEGATIVE,2
LOCK1_AFTER_2R__N3_04,NORMALIZED,baseline,2024,8,1.478286927,COMPLETE,POSITIVE,3
LOCK1_AFTER_2R__N3_04,NORMALIZED,baseline,2024,9,2.152187318,COMPLETE,POSITIVE,4
LOCK1_AFTER_2R__N3_04,NORMALIZED,baseline,2024,7,0.4222144581,COMPLETE,POSITIVE,5
LOCK1_AFTER_2R__N3_04,NORMALIZED,baseline,2024,10,5.157044731,COMPLETE,POSITIVE,6
LOCK1_AFTER_2R__N3_04,NORMALIZED,baseline,2024,4,1.265384651,COMPLETE,POSITIVE,7
LOCK1_AFTER_2R__N3_04,NORMALIZED,baseline,2024,9,-0.0569575569,COMPLETE,NEGATIVE,8
LOCK1_AFTER_2R__N3_04,NORMALIZED,baseline,2024,7,1.157195699,COMPLETE,POSITIVE,9
LOCK1_AFTER_2R__N3_04,NORMALIZED,baseline,2024,6,1.19710477,COMPLETE,POSITIVE,10
LOCK1_AFTER_2R__N3_04,NORMALIZED,baseline,2024,11,3.868012828,COMPLETE,POSITIVE,11
LOCK1_AFTER_2R__N3_04,NORMALIZED,baseline,2024,3,-0.1483223636,COMPLETE,NEGATIVE,12
LOCK1_AFTER_2R__N3_04,NORMALIZED,walk_forward,2024,4,-0.2527105983,COMPLETE,NEGATIVE,2
LOCK1_AFTER_2R__N3_04,NORMALIZED,walk_forward,2024,7,0.3484275508,COMPLETE,POSITIVE,3
LOCK1_AFTER_2R__N3_04,NORMALIZED,walk_forward,2024,5,0.9828260355,COMPLETE,POSITIVE,5
LOCK1_AFTER_2R__N3_04,NORMALIZED,walk_forward,2024,10,5.157044731,COMPLETE,POSITIVE,6
LOCK1_AFTER_2R__N3_04,NORMALIZED,walk_forward,2024,7,-0.1790571396,COMPLETE,NEGATIVE,8
LOCK1_AFTER_2R__N3_04,NORMALIZED,walk_forward,2024,7,1.157195699,COMPLETE,POSITIVE,9
LOCK1_AFTER_2R__N3_04,NORMALIZED,walk_forward,2024,9,1.925027689,COMPLETE,POSITIVE,11
LOCK1_AFTER_2R__N3_04,NORMALIZED,walk_forward,2024,3,-0.1483223636,COMPLETE,NEGATIVE,12
LOCK1_AFTER_2R__N3_04,NORMALIZED,historical_true_oos,2025,3,0.006504398114,COMPLETE,POSITIVE,2
LOCK1_AFTER_2R__N3_04,NORMALIZED,historical_true_oos,2025,3,0.5164372339,COMPLETE,POSITIVE,3
LOCK1_AFTER_2R__N3_04,NORMALIZED,historical_true_oos,2025,9,-0.1235434527,COMPLETE,NEGATIVE,4
LOCK1_AFTER_2R__N3_04,NORMALIZED,historical_true_oos,2025,1,0.5765811494,COMPLETE,POSITIVE,5
LOCK1_AFTER_2R__N3_04,NORMALIZED,historical_true_oos,2025,1,-0.2741131766,COMPLETE,NEGATIVE,6
LOCK1_AFTER_2R__N3_04,NORMALIZED,historical_true_oos,2025,10,1.715356504,COMPLETE,POSITIVE,7
LOCK1_AFTER_2R__N3_04,NORMALIZED,historical_true_oos,2025,2,0.0296675695,COMPLETE,POSITIVE,8
LOCK1_AFTER_2R__N3_04,NORMALIZED,historical_true_oos,2025,14,6.452332885,COMPLETE,POSITIVE,9
LOCK1_AFTER_2R__N3_04,NORMALIZED,historical_true_oos,2025,18,2.749207501,COMPLETE,POSITIVE,10
LOCK1_AFTER_2R__N3_04,NORMALIZED,historical_true_oos,2025,5,-1.139820438,COMPLETE,NEGATIVE,11
LOCK1_AFTER_2R__N3_04,NORMALIZED,historical_true_oos,2025,9,-0.6717539739,COMPLETE,NEGATIVE,12
LOCK1_AFTER_2R__N3_04,NORMALIZED,historical_true_oos,2026,9,2.155503741,COMPLETE,POSITIVE,1
LOCK1_AFTER_2R__N3_04,NORMALIZED,historical_true_oos,2026,3,-0.506031607,COMPLETE,NEGATIVE,2
LOCK1_AFTER_2R__N3_04,NORMALIZED,historical_true_oos,2026,11,2.221643238,COMPLETE,POSITIVE,3
LOCK1_AFTER_2R__N3_04,NORMALIZED,historical_true_oos,2026,5,0.1684184326,COMPLETE,POSITIVE,4
LOCK1_AFTER_2R__N3_04,NORMALIZED,historical_true_oos,2026,9,-0.1817154282,COMPLETE,NEGATIVE,5
LOCK1_AFTER_2R__N3_04,NORMALIZED,historical_true_oos,2026,12,3.092815819,COMPLETE,POSITIVE,6
LOCK1_AFTER_2R__N3_04,NORMALIZED,historical_true_oos,2026,7,-1.214572254,COMPLETE,NEGATIVE,7
LOCK1_AFTER_2R__N3_04,NORMALIZED,historical_true_oos,2026,15,4.739836002,COMPLETE,POSITIVE,8
LOCK1_AFTER_2R__N3_04,NORMALIZED,historical_true_oos,2026,5,-0.597816284,COMPLETE,NEGATIVE,9
LOCK1_AFTER_2R__N3_04,FULL,baseline,2023,1,-0.5940147384,COMPLETE,NEGATIVE,2
LOCK1_AFTER_2R__N3_04,FULL,baseline,2023,2,-0.4265405325,COMPLETE,NEGATIVE,3
LOCK1_AFTER_2R__N3_04,FULL,baseline,2023,3,3.724183529,COMPLETE,POSITIVE,4
LOCK1_AFTER_2R__N3_04,FULL,baseline,2023,2,2.437394172,COMPLETE,POSITIVE,5
LOCK1_AFTER_2R__N3_04,FULL,baseline,2023,3,1.633938212,COMPLETE,POSITIVE,6
LOCK1_AFTER_2R__N3_04,FULL,baseline,2023,3,-2.569742858,COMPLETE,NEGATIVE,7
LOCK1_AFTER_2R__N3_04,FULL,baseline,2023,3,1.284661613,COMPLETE,POSITIVE,8
LOCK1_AFTER_2R__N3_04,FULL,baseline,2023,2,-1.200307916,COMPLETE,NEGATIVE,9
LOCK1_AFTER_2R__N3_04,FULL,baseline,2023,2,-1.0007127,COMPLETE,NEGATIVE,10
LOCK1_AFTER_2R__N3_04,FULL,baseline,2023,2,-0.9716890047,COMPLETE,NEGATIVE,11
LOCK1_AFTER_2R__N3_04,FULL,baseline,2023,7,-1.767187698,COMPLETE,NEGATIVE,12
LOCK1_AFTER_2R__N3_04,FULL,baseline,2024,5,2.405641928,COMPLETE,POSITIVE,1
LOCK1_AFTER_2R__N3_04,FULL,baseline,2024,9,-0.8041974486,COMPLETE,NEGATIVE,2
LOCK1_AFTER_2R__N3_04,FULL,baseline,2024,8,4.434860781,COMPLETE,POSITIVE,3
LOCK1_AFTER_2R__N3_04,FULL,baseline,2024,9,6.456561953,COMPLETE,POSITIVE,4
LOCK1_AFTER_2R__N3_04,FULL,baseline,2024,7,1.266643374,COMPLETE,POSITIVE,5
LOCK1_AFTER_2R__N3_04,FULL,baseline,2024,10,15.47113419,COMPLETE,POSITIVE,6
LOCK1_AFTER_2R__N3_04,FULL,baseline,2024,4,3.796153953,COMPLETE,POSITIVE,7
LOCK1_AFTER_2R__N3_04,FULL,baseline,2024,9,-0.1708726707,COMPLETE,NEGATIVE,8
LOCK1_AFTER_2R__N3_04,FULL,baseline,2024,7,3.471587096,COMPLETE,POSITIVE,9
LOCK1_AFTER_2R__N3_04,FULL,baseline,2024,6,3.591314309,COMPLETE,POSITIVE,10
LOCK1_AFTER_2R__N3_04,FULL,baseline,2024,11,11.60403848,COMPLETE,POSITIVE,11
LOCK1_AFTER_2R__N3_04,FULL,baseline,2024,3,-0.4449670908,COMPLETE,NEGATIVE,12
LOCK1_AFTER_2R__N3_04,FULL,walk_forward,2024,4,-0.7581317948,COMPLETE,NEGATIVE,2
LOCK1_AFTER_2R__N3_04,FULL,walk_forward,2024,7,1.045282652,COMPLETE,POSITIVE,3
LOCK1_AFTER_2R__N3_04,FULL,walk_forward,2024,5,2.948478106,COMPLETE,POSITIVE,5
LOCK1_AFTER_2R__N3_04,FULL,walk_forward,2024,10,15.47113419,COMPLETE,POSITIVE,6
LOCK1_AFTER_2R__N3_04,FULL,walk_forward,2024,7,-0.5371714189,COMPLETE,NEGATIVE,8
LOCK1_AFTER_2R__N3_04,FULL,walk_forward,2024,7,3.471587096,COMPLETE,POSITIVE,9
LOCK1_AFTER_2R__N3_04,FULL,walk_forward,2024,9,5.775083066,COMPLETE,POSITIVE,11
LOCK1_AFTER_2R__N3_04,FULL,walk_forward,2024,3,-0.4449670908,COMPLETE,NEGATIVE,12
LOCK1_AFTER_2R__N3_04,FULL,historical_true_oos,2025,3,0.01951319434,COMPLETE,POSITIVE,2
LOCK1_AFTER_2R__N3_04,FULL,historical_true_oos,2025,3,1.549311702,COMPLETE,POSITIVE,3
LOCK1_AFTER_2R__N3_04,FULL,historical_true_oos,2025,9,-0.3706303582,COMPLETE,NEGATIVE,4
LOCK1_AFTER_2R__N3_04,FULL,historical_true_oos,2025,1,1.729743448,COMPLETE,POSITIVE,5
LOCK1_AFTER_2R__N3_04,FULL,historical_true_oos,2025,1,-0.8223395297,COMPLETE,NEGATIVE,6
LOCK1_AFTER_2R__N3_04,FULL,historical_true_oos,2025,10,5.146069511,COMPLETE,POSITIVE,7
LOCK1_AFTER_2R__N3_04,FULL,historical_true_oos,2025,2,0.08900270851,COMPLETE,POSITIVE,8
LOCK1_AFTER_2R__N3_04,FULL,historical_true_oos,2025,14,19.35699865,COMPLETE,POSITIVE,9
LOCK1_AFTER_2R__N3_04,FULL,historical_true_oos,2025,18,8.247622503,COMPLETE,POSITIVE,10
LOCK1_AFTER_2R__N3_04,FULL,historical_true_oos,2025,5,-3.419461315,COMPLETE,NEGATIVE,11
LOCK1_AFTER_2R__N3_04,FULL,historical_true_oos,2025,9,-2.015261922,COMPLETE,NEGATIVE,12
LOCK1_AFTER_2R__N3_04,FULL,historical_true_oos,2026,9,6.466511223,COMPLETE,POSITIVE,1
LOCK1_AFTER_2R__N3_04,FULL,historical_true_oos,2026,3,-1.518094821,COMPLETE,NEGATIVE,2
LOCK1_AFTER_2R__N3_04,FULL,historical_true_oos,2026,11,6.664929714,COMPLETE,POSITIVE,3
LOCK1_AFTER_2R__N3_04,FULL,historical_true_oos,2026,5,0.5052552979,COMPLETE,POSITIVE,4
LOCK1_AFTER_2R__N3_04,FULL,historical_true_oos,2026,9,-0.5451462847,COMPLETE,NEGATIVE,5
LOCK1_AFTER_2R__N3_04,FULL,historical_true_oos,2026,12,9.278447456,COMPLETE,POSITIVE,6
LOCK1_AFTER_2R__N3_04,FULL,historical_true_oos,2026,7,-3.643716761,COMPLETE,NEGATIVE,7
LOCK1_AFTER_2R__N3_04,FULL,historical_true_oos,2026,15,14.21950801,COMPLETE,POSITIVE,8
LOCK1_AFTER_2R__N3_04,FULL,historical_true_oos,2026,5,-1.793448852,COMPLETE,NEGATIVE,9
LOCK1_AFTER_2R__N4_01,NORMALIZED,baseline,2023,4,-0.6222059457,COMPLETE,NEGATIVE,2
LOCK1_AFTER_2R__N4_01,NORMALIZED,baseline,2023,3,-0.3575384942,COMPLETE,NEGATIVE,3
LOCK1_AFTER_2R__N4_01,NORMALIZED,baseline,2023,6,2.009751896,COMPLETE,POSITIVE,4
LOCK1_AFTER_2R__N4_01,NORMALIZED,baseline,2023,5,1.159162543,COMPLETE,POSITIVE,5
LOCK1_AFTER_2R__N4_01,NORMALIZED,baseline,2023,8,0.9523557134,COMPLETE,POSITIVE,6
LOCK1_AFTER_2R__N4_01,NORMALIZED,baseline,2023,5,-0.505470777,COMPLETE,NEGATIVE,7
LOCK1_AFTER_2R__N4_01,NORMALIZED,baseline,2023,8,1.658807772,COMPLETE,POSITIVE,8
LOCK1_AFTER_2R__N4_01,NORMALIZED,baseline,2023,3,-0.4828521565,COMPLETE,NEGATIVE,9
LOCK1_AFTER_2R__N4_01,NORMALIZED,baseline,2023,6,-0.6487412227,COMPLETE,NEGATIVE,10
LOCK1_AFTER_2R__N4_01,NORMALIZED,baseline,2023,4,0.1311500027,COMPLETE,POSITIVE,11
LOCK1_AFTER_2R__N4_01,NORMALIZED,baseline,2023,9,0.1527984291,COMPLETE,POSITIVE,12
LOCK1_AFTER_2R__N4_01,NORMALIZED,baseline,2024,7,0.4023518619,COMPLETE,POSITIVE,1
LOCK1_AFTER_2R__N4_01,NORMALIZED,baseline,2024,10,-0.4058476211,COMPLETE,NEGATIVE,2
LOCK1_AFTER_2R__N4_01,NORMALIZED,baseline,2024,9,1.391832327,COMPLETE,POSITIVE,3
LOCK1_AFTER_2R__N4_01,NORMALIZED,baseline,2024,14,1.32685579,COMPLETE,POSITIVE,4
LOCK1_AFTER_2R__N4_01,NORMALIZED,baseline,2024,11,-0.02571601517,COMPLETE,NEGATIVE,5
LOCK1_AFTER_2R__N4_01,NORMALIZED,baseline,2024,13,5.402329437,COMPLETE,POSITIVE,6
LOCK1_AFTER_2R__N4_01,NORMALIZED,baseline,2024,4,0.9490384884,COMPLETE,POSITIVE,7
LOCK1_AFTER_2R__N4_01,NORMALIZED,baseline,2024,16,-0.04911121669,COMPLETE,NEGATIVE,8
LOCK1_AFTER_2R__N4_01,NORMALIZED,baseline,2024,9,1.130526523,COMPLETE,POSITIVE,9
LOCK1_AFTER_2R__N4_01,NORMALIZED,baseline,2024,8,1.430499747,COMPLETE,POSITIVE,10
LOCK1_AFTER_2R__N4_01,NORMALIZED,baseline,2024,15,3.713729506,COMPLETE,POSITIVE,11
LOCK1_AFTER_2R__N4_01,NORMALIZED,baseline,2024,4,-0.01577534888,COMPLETE,NEGATIVE,12
LOCK1_AFTER_2R__N4_01,NORMALIZED,walk_forward,2024,5,-0.3943312076,COMPLETE,NEGATIVE,2
LOCK1_AFTER_2R__N4_01,NORMALIZED,walk_forward,2024,8,0.5444377945,COMPLETE,POSITIVE,3
LOCK1_AFTER_2R__N4_01,NORMALIZED,walk_forward,2024,7,0.524007634,COMPLETE,POSITIVE,5
LOCK1_AFTER_2R__N4_01,NORMALIZED,walk_forward,2024,13,5.402329437,COMPLETE,POSITIVE,6
LOCK1_AFTER_2R__N4_01,NORMALIZED,walk_forward,2024,9,0.0539119457,COMPLETE,POSITIVE,8
LOCK1_AFTER_2R__N4_01,NORMALIZED,walk_forward,2024,9,1.130526523,COMPLETE,POSITIVE,9
LOCK1_AFTER_2R__N4_01,NORMALIZED,walk_forward,2024,11,2.685319509,COMPLETE,POSITIVE,11
LOCK1_AFTER_2R__N4_01,NORMALIZED,walk_forward,2024,4,-0.01577534888,COMPLETE,NEGATIVE,12
LOCK1_AFTER_2R__N4_01,NORMALIZED,historical_true_oos,2025,3,0.004878298585,COMPLETE,POSITIVE,2
LOCK1_AFTER_2R__N4_01,NORMALIZED,historical_true_oos,2025,6,0.5546014452,COMPLETE,POSITIVE,3
LOCK1_AFTER_2R__N4_01,NORMALIZED,historical_true_oos,2025,12,-0.6232685383,COMPLETE,NEGATIVE,4
LOCK1_AFTER_2R__N4_01,NORMALIZED,historical_true_oos,2025,2,0.3894694829,COMPLETE,POSITIVE,5
LOCK1_AFTER_2R__N4_01,NORMALIZED,historical_true_oos,2025,1,-0.2055848824,COMPLETE,NEGATIVE,6
LOCK1_AFTER_2R__N4_01,NORMALIZED,historical_true_oos,2025,14,1.812533773,COMPLETE,POSITIVE,7
LOCK1_AFTER_2R__N4_01,NORMALIZED,historical_true_oos,2025,2,0.02225067713,COMPLETE,POSITIVE,8
LOCK1_AFTER_2R__N4_01,NORMALIZED,historical_true_oos,2025,16,6.883535356,COMPLETE,POSITIVE,9
LOCK1_AFTER_2R__N4_01,NORMALIZED,historical_true_oos,2025,22,2.532662218,COMPLETE,POSITIVE,10
LOCK1_AFTER_2R__N4_01,NORMALIZED,historical_true_oos,2025,8,-1.241823182,COMPLETE,NEGATIVE,11
LOCK1_AFTER_2R__N4_01,NORMALIZED,historical_true_oos,2025,14,-0.9691464442,COMPLETE,NEGATIVE,12
LOCK1_AFTER_2R__N4_01,NORMALIZED,historical_true_oos,2026,11,1.52968915,COMPLETE,POSITIVE,1
LOCK1_AFTER_2R__N4_01,NORMALIZED,historical_true_oos,2026,4,-0.5575823169,COMPLETE,NEGATIVE,2
LOCK1_AFTER_2R__N4_01,NORMALIZED,historical_true_oos,2026,15,3.631305641,COMPLETE,POSITIVE,3
LOCK1_AFTER_2R__N4_01,NORMALIZED,historical_true_oos,2026,7,0.2111764746,COMPLETE,POSITIVE,4
LOCK1_AFTER_2R__N4_01,NORMALIZED,historical_true_oos,2026,11,0.09496018849,COMPLETE,POSITIVE,5
LOCK1_AFTER_2R__N4_01,NORMALIZED,historical_true_oos,2026,16,2.873821396,COMPLETE,POSITIVE,6
LOCK1_AFTER_2R__N4_01,NORMALIZED,historical_true_oos,2026,8,-1.01738222,COMPLETE,NEGATIVE,7
LOCK1_AFTER_2R__N4_01,NORMALIZED,historical_true_oos,2026,21,5.54582897,COMPLETE,POSITIVE,8
LOCK1_AFTER_2R__N4_01,NORMALIZED,historical_true_oos,2026,7,-0.8239011597,COMPLETE,NEGATIVE,9
LOCK1_AFTER_2R__N4_01,FULL,baseline,2023,4,-2.488823783,COMPLETE,NEGATIVE,2
LOCK1_AFTER_2R__N4_01,FULL,baseline,2023,3,-1.430153977,COMPLETE,NEGATIVE,3
LOCK1_AFTER_2R__N4_01,FULL,baseline,2023,6,8.039007585,COMPLETE,POSITIVE,4
LOCK1_AFTER_2R__N4_01,FULL,baseline,2023,5,4.636650171,COMPLETE,POSITIVE,5
LOCK1_AFTER_2R__N4_01,FULL,baseline,2023,8,3.809422854,COMPLETE,POSITIVE,6
LOCK1_AFTER_2R__N4_01,FULL,baseline,2023,5,-2.021883108,COMPLETE,NEGATIVE,7
LOCK1_AFTER_2R__N4_01,FULL,baseline,2023,8,6.635231087,COMPLETE,POSITIVE,8
LOCK1_AFTER_2R__N4_01,FULL,baseline,2023,3,-1.931408626,COMPLETE,NEGATIVE,9
LOCK1_AFTER_2R__N4_01,FULL,baseline,2023,6,-2.594964891,COMPLETE,NEGATIVE,10
LOCK1_AFTER_2R__N4_01,FULL,baseline,2023,4,0.524600011,COMPLETE,POSITIVE,11
LOCK1_AFTER_2R__N4_01,FULL,baseline,2023,9,0.6111937163,COMPLETE,POSITIVE,12
LOCK1_AFTER_2R__N4_01,FULL,baseline,2024,7,1.609407448,COMPLETE,POSITIVE,1
LOCK1_AFTER_2R__N4_01,FULL,baseline,2024,10,-1.623390484,COMPLETE,NEGATIVE,2
LOCK1_AFTER_2R__N4_01,FULL,baseline,2024,9,5.567329306,COMPLETE,POSITIVE,3
LOCK1_AFTER_2R__N4_01,FULL,baseline,2024,14,5.307423161,COMPLETE,POSITIVE,4
LOCK1_AFTER_2R__N4_01,FULL,baseline,2024,11,-0.1028640607,COMPLETE,NEGATIVE,5
LOCK1_AFTER_2R__N4_01,FULL,baseline,2024,13,21.60931775,COMPLETE,POSITIVE,6
LOCK1_AFTER_2R__N4_01,FULL,baseline,2024,4,3.796153953,COMPLETE,POSITIVE,7
LOCK1_AFTER_2R__N4_01,FULL,baseline,2024,16,-0.1964448668,COMPLETE,NEGATIVE,8
LOCK1_AFTER_2R__N4_01,FULL,baseline,2024,9,4.522106092,COMPLETE,POSITIVE,9
LOCK1_AFTER_2R__N4_01,FULL,baseline,2024,8,5.721998989,COMPLETE,POSITIVE,10
LOCK1_AFTER_2R__N4_01,FULL,baseline,2024,15,14.85491802,COMPLETE,POSITIVE,11
LOCK1_AFTER_2R__N4_01,FULL,baseline,2024,4,-0.0631013955,COMPLETE,NEGATIVE,12
LOCK1_AFTER_2R__N4_01,FULL,walk_forward,2024,5,-1.577324831,COMPLETE,NEGATIVE,2
LOCK1_AFTER_2R__N4_01,FULL,walk_forward,2024,8,2.177751178,COMPLETE,POSITIVE,3
LOCK1_AFTER_2R__N4_01,FULL,walk_forward,2024,7,2.096030536,COMPLETE,POSITIVE,5
LOCK1_AFTER_2R__N4_01,FULL,walk_forward,2024,13,21.60931775,COMPLETE,POSITIVE,6
LOCK1_AFTER_2R__N4_01,FULL,walk_forward,2024,9,0.2156477828,COMPLETE,POSITIVE,8
LOCK1_AFTER_2R__N4_01,FULL,walk_forward,2024,9,4.522106092,COMPLETE,POSITIVE,9
LOCK1_AFTER_2R__N4_01,FULL,walk_forward,2024,11,10.74127803,COMPLETE,POSITIVE,11
LOCK1_AFTER_2R__N4_01,FULL,walk_forward,2024,4,-0.0631013955,COMPLETE,NEGATIVE,12
LOCK1_AFTER_2R__N4_01,FULL,historical_true_oos,2025,3,0.01951319434,COMPLETE,POSITIVE,2
LOCK1_AFTER_2R__N4_01,FULL,historical_true_oos,2025,6,2.218405781,COMPLETE,POSITIVE,3
LOCK1_AFTER_2R__N4_01,FULL,historical_true_oos,2025,12,-2.493074153,COMPLETE,NEGATIVE,4
LOCK1_AFTER_2R__N4_01,FULL,historical_true_oos,2025,2,1.557877931,COMPLETE,POSITIVE,5
LOCK1_AFTER_2R__N4_01,FULL,historical_true_oos,2025,1,-0.8223395297,COMPLETE,NEGATIVE,6
LOCK1_AFTER_2R__N4_01,FULL,historical_true_oos,2025,14,7.250135093,COMPLETE,POSITIVE,7
LOCK1_AFTER_2R__N4_01,FULL,historical_true_oos,2025,2,0.08900270851,COMPLETE,POSITIVE,8
LOCK1_AFTER_2R__N4_01,FULL,historical_true_oos,2025,16,27.53414143,COMPLETE,POSITIVE,9
LOCK1_AFTER_2R__N4_01,FULL,historical_true_oos,2025,22,10.13064887,COMPLETE,POSITIVE,10
LOCK1_AFTER_2R__N4_01,FULL,historical_true_oos,2025,8,-4.96729273,COMPLETE,NEGATIVE,11
LOCK1_AFTER_2R__N4_01,FULL,historical_true_oos,2025,14,-3.876585777,COMPLETE,NEGATIVE,12
LOCK1_AFTER_2R__N4_01,FULL,historical_true_oos,2026,11,6.118756601,COMPLETE,POSITIVE,1
LOCK1_AFTER_2R__N4_01,FULL,historical_true_oos,2026,4,-2.230329268,COMPLETE,NEGATIVE,2
LOCK1_AFTER_2R__N4_01,FULL,historical_true_oos,2026,15,14.52522257,COMPLETE,POSITIVE,3
LOCK1_AFTER_2R__N4_01,FULL,historical_true_oos,2026,7,0.8447058982,COMPLETE,POSITIVE,4
LOCK1_AFTER_2R__N4_01,FULL,historical_true_oos,2026,11,0.379840754,COMPLETE,POSITIVE,5
LOCK1_AFTER_2R__N4_01,FULL,historical_true_oos,2026,16,11.49528559,COMPLETE,POSITIVE,6
LOCK1_AFTER_2R__N4_01,FULL,historical_true_oos,2026,8,-4.069528881,COMPLETE,NEGATIVE,7
LOCK1_AFTER_2R__N4_01,FULL,historical_true_oos,2026,21,22.18331588,COMPLETE,POSITIVE,8
LOCK1_AFTER_2R__N4_01,FULL,historical_true_oos,2026,7,-3.295604639,COMPLETE,NEGATIVE,9
STRUCTURAL_STACK_V1__N2_01,NORMALIZED,baseline,2023,3,-0.7638155005,COMPLETE,NEGATIVE,2
STRUCTURAL_STACK_V1__N2_01,NORMALIZED,baseline,2023,3,-0.7150769885,COMPLETE,NEGATIVE,3
STRUCTURAL_STACK_V1__N2_01,NORMALIZED,baseline,2023,6,4.019503793,COMPLETE,POSITIVE,4
STRUCTURAL_STACK_V1__N2_01,NORMALIZED,baseline,2023,5,2.318325086,COMPLETE,POSITIVE,5
STRUCTURAL_STACK_V1__N2_01,NORMALIZED,baseline,2023,8,1.904711427,COMPLETE,POSITIVE,6
STRUCTURAL_STACK_V1__N2_01,NORMALIZED,baseline,2023,5,-1.010941554,COMPLETE,NEGATIVE,7
STRUCTURAL_STACK_V1__N2_01,NORMALIZED,baseline,2023,8,3.317615543,COMPLETE,POSITIVE,8
STRUCTURAL_STACK_V1__N2_01,NORMALIZED,baseline,2023,2,-0.7478209604,COMPLETE,NEGATIVE,9
STRUCTURAL_STACK_V1__N2_01,NORMALIZED,baseline,2023,5,-0.7959496969,COMPLETE,NEGATIVE,10
STRUCTURAL_STACK_V1__N2_01,NORMALIZED,baseline,2023,3,0.2352701601,COMPLETE,POSITIVE,11
STRUCTURAL_STACK_V1__N2_01,NORMALIZED,baseline,2023,5,0.3067899238,COMPLETE,POSITIVE,12
STRUCTURAL_STACK_V1__N2_01,NORMALIZED,baseline,2024,3,0.7939726233,COMPLETE,POSITIVE,1
STRUCTURAL_STACK_V1__N2_01,NORMALIZED,baseline,2024,3,-0.1930816079,COMPLETE,NEGATIVE,2
STRUCTURAL_STACK_V1__N2_01,NORMALIZED,baseline,2024,1,0.5662342628,COMPLETE,POSITIVE,3
STRUCTURAL_STACK_V1__N2_01,NORMALIZED,baseline,2024,9,0.5664919945,COMPLETE,POSITIVE,4
STRUCTURAL_STACK_V1__N2_01,NORMALIZED,baseline,2024,8,-0.4310392828,COMPLETE,NEGATIVE,5
STRUCTURAL_STACK_V1__N2_01,NORMALIZED,baseline,2024,6,9.146334368,COMPLETE,POSITIVE,6
STRUCTURAL_STACK_V1__N2_01,NORMALIZED,baseline,2024,9,-0.5890512984,COMPLETE,NEGATIVE,8
STRUCTURAL_STACK_V1__N2_01,NORMALIZED,baseline,2024,6,1.423600222,COMPLETE,POSITIVE,9
STRUCTURAL_STACK_V1__N2_01,NORMALIZED,baseline,2024,4,0.9919516245,COMPLETE,POSITIVE,10
STRUCTURAL_STACK_V1__N2_01,NORMALIZED,baseline,2024,8,3.792702454,COMPLETE,POSITIVE,11
STRUCTURAL_STACK_V1__N2_01,NORMALIZED,baseline,2024,2,-0.1814409152,COMPLETE,NEGATIVE,12
STRUCTURAL_STACK_V1__N2_01,NORMALIZED,walk_forward,2024,2,-0.7970042182,COMPLETE,NEGATIVE,2
STRUCTURAL_STACK_V1__N2_01,NORMALIZED,walk_forward,2024,1,0.5662342628,COMPLETE,POSITIVE,3
STRUCTURAL_STACK_V1__N2_01,NORMALIZED,walk_forward,2024,4,0.6684080155,COMPLETE,POSITIVE,5
STRUCTURAL_STACK_V1__N2_01,NORMALIZED,walk_forward,2024,6,9.146334368,COMPLETE,POSITIVE,6
STRUCTURAL_STACK_V1__N2_01,NORMALIZED,walk_forward,2024,3,-0.06792926439,COMPLETE,NEGATIVE,8
STRUCTURAL_STACK_V1__N2_01,NORMALIZED,walk_forward,2024,6,1.423600222,COMPLETE,POSITIVE,9
STRUCTURAL_STACK_V1__N2_01,NORMALIZED,walk_forward,2024,6,4.650360168,COMPLETE,POSITIVE,11
STRUCTURAL_STACK_V1__N2_01,NORMALIZED,walk_forward,2024,2,-0.1814409152,COMPLETE,NEGATIVE,12
STRUCTURAL_STACK_V1__N2_01,NORMALIZED,historical_true_oos,2025,1,0.6010786125,COMPLETE,POSITIVE,2
STRUCTURAL_STACK_V1__N2_01,NORMALIZED,historical_true_oos,2025,4,1.715145112,COMPLETE,POSITIVE,3
STRUCTURAL_STACK_V1__N2_01,NORMALIZED,historical_true_oos,2025,6,-2.100082392,COMPLETE,NEGATIVE,4
STRUCTURAL_STACK_V1__N2_01,NORMALIZED,historical_true_oos,2025,1,-0.08593275846,COMPLETE,NEGATIVE,5
STRUCTURAL_STACK_V1__N2_01,NORMALIZED,historical_true_oos,2025,1,-0.4111697649,COMPLETE,NEGATIVE,6
STRUCTURAL_STACK_V1__N2_01,NORMALIZED,historical_true_oos,2025,8,3.393139645,COMPLETE,POSITIVE,7
STRUCTURAL_STACK_V1__N2_01,NORMALIZED,historical_true_oos,2025,1,-0.3674921526,COMPLETE,NEGATIVE,8
STRUCTURAL_STACK_V1__N2_01,NORMALIZED,historical_true_oos,2025,4,8.001040796,COMPLETE,POSITIVE,9
STRUCTURAL_STACK_V1__N2_01,NORMALIZED,historical_true_oos,2025,10,0.906373118,COMPLETE,POSITIVE,10
STRUCTURAL_STACK_V1__N2_01,NORMALIZED,historical_true_oos,2025,5,-1.565466917,COMPLETE,NEGATIVE,11
STRUCTURAL_STACK_V1__N2_01,NORMALIZED,historical_true_oos,2025,10,-1.387998357,COMPLETE,NEGATIVE,12
STRUCTURAL_STACK_V1__N2_01,NORMALIZED,historical_true_oos,2026,4,0.2547191107,COMPLETE,POSITIVE,1
STRUCTURAL_STACK_V1__N2_01,NORMALIZED,historical_true_oos,2026,2,-0.8686557582,COMPLETE,NEGATIVE,2
STRUCTURAL_STACK_V1__N2_01,NORMALIZED,historical_true_oos,2026,9,6.192870503,COMPLETE,POSITIVE,3
STRUCTURAL_STACK_V1__N2_01,NORMALIZED,historical_true_oos,2026,3,0.5945509951,COMPLETE,POSITIVE,4
STRUCTURAL_STACK_V1__N2_01,NORMALIZED,historical_true_oos,2026,4,1.05787317,COMPLETE,POSITIVE,5
STRUCTURAL_STACK_V1__N2_01,NORMALIZED,historical_true_oos,2026,8,2.597425015,COMPLETE,POSITIVE,6
STRUCTURAL_STACK_V1__N2_01,NORMALIZED,historical_true_oos,2026,2,-0.4066396656,COMPLETE,NEGATIVE,7
STRUCTURAL_STACK_V1__N2_01,NORMALIZED,historical_true_oos,2026,12,6.588817865,COMPLETE,POSITIVE,8
STRUCTURAL_STACK_V1__N2_01,NORMALIZED,historical_true_oos,2026,4,-1.653179647,COMPLETE,NEGATIVE,9
STRUCTURAL_STACK_V1__N2_01,FULL,baseline,2023,3,-1.527631001,COMPLETE,NEGATIVE,2
STRUCTURAL_STACK_V1__N2_01,FULL,baseline,2023,3,-1.430153977,COMPLETE,NEGATIVE,3
STRUCTURAL_STACK_V1__N2_01,FULL,baseline,2023,6,8.039007585,COMPLETE,POSITIVE,4
STRUCTURAL_STACK_V1__N2_01,FULL,baseline,2023,5,4.636650171,COMPLETE,POSITIVE,5
STRUCTURAL_STACK_V1__N2_01,FULL,baseline,2023,8,3.809422854,COMPLETE,POSITIVE,6
STRUCTURAL_STACK_V1__N2_01,FULL,baseline,2023,5,-2.021883108,COMPLETE,NEGATIVE,7
STRUCTURAL_STACK_V1__N2_01,FULL,baseline,2023,8,6.635231087,COMPLETE,POSITIVE,8
STRUCTURAL_STACK_V1__N2_01,FULL,baseline,2023,2,-1.495641921,COMPLETE,NEGATIVE,9
STRUCTURAL_STACK_V1__N2_01,FULL,baseline,2023,5,-1.591899394,COMPLETE,NEGATIVE,10
STRUCTURAL_STACK_V1__N2_01,FULL,baseline,2023,3,0.4705403202,COMPLETE,POSITIVE,11
STRUCTURAL_STACK_V1__N2_01,FULL,baseline,2023,5,0.6135798476,COMPLETE,POSITIVE,12
STRUCTURAL_STACK_V1__N2_01,FULL,baseline,2024,3,1.587945247,COMPLETE,POSITIVE,1
STRUCTURAL_STACK_V1__N2_01,FULL,baseline,2024,3,-0.3861632158,COMPLETE,NEGATIVE,2
STRUCTURAL_STACK_V1__N2_01,FULL,baseline,2024,1,1.132468526,COMPLETE,POSITIVE,3
STRUCTURAL_STACK_V1__N2_01,FULL,baseline,2024,9,1.132983989,COMPLETE,POSITIVE,4
STRUCTURAL_STACK_V1__N2_01,FULL,baseline,2024,8,-0.8620785656,COMPLETE,NEGATIVE,5
STRUCTURAL_STACK_V1__N2_01,FULL,baseline,2024,6,18.29266874,COMPLETE,POSITIVE,6
STRUCTURAL_STACK_V1__N2_01,FULL,baseline,2024,9,-1.178102597,COMPLETE,NEGATIVE,8
STRUCTURAL_STACK_V1__N2_01,FULL,baseline,2024,6,2.847200444,COMPLETE,POSITIVE,9
STRUCTURAL_STACK_V1__N2_01,FULL,baseline,2024,4,1.983903249,COMPLETE,POSITIVE,10
STRUCTURAL_STACK_V1__N2_01,FULL,baseline,2024,8,7.585404908,COMPLETE,POSITIVE,11
STRUCTURAL_STACK_V1__N2_01,FULL,baseline,2024,2,-0.3628818304,COMPLETE,NEGATIVE,12
STRUCTURAL_STACK_V1__N2_01,FULL,walk_forward,2024,2,-1.594008436,COMPLETE,NEGATIVE,2
STRUCTURAL_STACK_V1__N2_01,FULL,walk_forward,2024,1,1.132468526,COMPLETE,POSITIVE,3
STRUCTURAL_STACK_V1__N2_01,FULL,walk_forward,2024,4,1.336816031,COMPLETE,POSITIVE,5
STRUCTURAL_STACK_V1__N2_01,FULL,walk_forward,2024,6,18.29266874,COMPLETE,POSITIVE,6
STRUCTURAL_STACK_V1__N2_01,FULL,walk_forward,2024,3,-0.1358585288,COMPLETE,NEGATIVE,8
STRUCTURAL_STACK_V1__N2_01,FULL,walk_forward,2024,6,2.847200444,COMPLETE,POSITIVE,9
STRUCTURAL_STACK_V1__N2_01,FULL,walk_forward,2024,6,9.300720336,COMPLETE,POSITIVE,11
STRUCTURAL_STACK_V1__N2_01,FULL,walk_forward,2024,2,-0.3628818304,COMPLETE,NEGATIVE,12
STRUCTURAL_STACK_V1__N2_01,FULL,historical_true_oos,2025,1,1.202157225,COMPLETE,POSITIVE,2
STRUCTURAL_STACK_V1__N2_01,FULL,historical_true_oos,2025,4,3.430290225,COMPLETE,POSITIVE,3
STRUCTURAL_STACK_V1__N2_01,FULL,historical_true_oos,2025,6,-4.200164785,COMPLETE,NEGATIVE,4
STRUCTURAL_STACK_V1__N2_01,FULL,historical_true_oos,2025,1,-0.1718655169,COMPLETE,NEGATIVE,5
STRUCTURAL_STACK_V1__N2_01,FULL,historical_true_oos,2025,1,-0.8223395297,COMPLETE,NEGATIVE,6
STRUCTURAL_STACK_V1__N2_01,FULL,historical_true_oos,2025,8,6.786279289,COMPLETE,POSITIVE,7
STRUCTURAL_STACK_V1__N2_01,FULL,historical_true_oos,2025,1,-0.7349843052,COMPLETE,NEGATIVE,8
STRUCTURAL_STACK_V1__N2_01,FULL,historical_true_oos,2025,4,16.00208159,COMPLETE,POSITIVE,9
STRUCTURAL_STACK_V1__N2_01,FULL,historical_true_oos,2025,10,1.812746236,COMPLETE,POSITIVE,10
STRUCTURAL_STACK_V1__N2_01,FULL,historical_true_oos,2025,5,-3.130933833,COMPLETE,NEGATIVE,11
STRUCTURAL_STACK_V1__N2_01,FULL,historical_true_oos,2025,10,-2.775996714,COMPLETE,NEGATIVE,12
STRUCTURAL_STACK_V1__N2_01,FULL,historical_true_oos,2026,4,0.5094382215,COMPLETE,POSITIVE,1
STRUCTURAL_STACK_V1__N2_01,FULL,historical_true_oos,2026,2,-1.737311516,COMPLETE,NEGATIVE,2
STRUCTURAL_STACK_V1__N2_01,FULL,historical_true_oos,2026,9,12.38574101,COMPLETE,POSITIVE,3
STRUCTURAL_STACK_V1__N2_01,FULL,historical_true_oos,2026,3,1.18910199,COMPLETE,POSITIVE,4
STRUCTURAL_STACK_V1__N2_01,FULL,historical_true_oos,2026,4,2.115746341,COMPLETE,POSITIVE,5
STRUCTURAL_STACK_V1__N2_01,FULL,historical_true_oos,2026,8,5.19485003,COMPLETE,POSITIVE,6
STRUCTURAL_STACK_V1__N2_01,FULL,historical_true_oos,2026,2,-0.8132793313,COMPLETE,NEGATIVE,7
STRUCTURAL_STACK_V1__N2_01,FULL,historical_true_oos,2026,12,13.17763573,COMPLETE,POSITIVE,8
STRUCTURAL_STACK_V1__N2_01,FULL,historical_true_oos,2026,4,-3.306359295,COMPLETE,NEGATIVE,9
STRUCTURAL_STACK_V1__N2_02,NORMALIZED,baseline,2023,2,-0.4668081313,COMPLETE,NEGATIVE,2
STRUCTURAL_STACK_V1__N2_02,NORMALIZED,baseline,2023,1,-0.5018067222,COMPLETE,NEGATIVE,3
STRUCTURAL_STACK_V1__N2_02,NORMALIZED,baseline,2023,3,2.157412028,COMPLETE,POSITIVE,4
STRUCTURAL_STACK_V1__N2_02,NORMALIZED,baseline,2023,3,1.099627999,COMPLETE,POSITIVE,5
STRUCTURAL_STACK_V1__N2_02,NORMALIZED,baseline,2023,5,1.087742321,COMPLETE,POSITIVE,6
STRUCTURAL_STACK_V1__N2_02,NORMALIZED,baseline,2023,2,0.2739298752,COMPLETE,POSITIVE,7
STRUCTURAL_STACK_V1__N2_02,NORMALIZED,baseline,2023,5,2.675284737,COMPLETE,POSITIVE,8
STRUCTURAL_STACK_V1__N2_02,NORMALIZED,baseline,2023,2,-0.5834337074,COMPLETE,NEGATIVE,9
STRUCTURAL_STACK_V1__N2_02,NORMALIZED,baseline,2023,3,-0.2955933467,COMPLETE,NEGATIVE,10
STRUCTURAL_STACK_V1__N2_02,NORMALIZED,baseline,2023,3,0.7751743532,COMPLETE,POSITIVE,11
STRUCTURAL_STACK_V1__N2_02,NORMALIZED,baseline,2023,6,1.107091339,COMPLETE,POSITIVE,12
STRUCTURAL_STACK_V1__N2_02,NORMALIZED,baseline,2024,4,-0.6904765507,COMPLETE,NEGATIVE,1
STRUCTURAL_STACK_V1__N2_02,NORMALIZED,baseline,2024,5,-1.227005091,COMPLETE,NEGATIVE,2
STRUCTURAL_STACK_V1__N2_02,NORMALIZED,baseline,2024,6,0.327190149,COMPLETE,POSITIVE,3
STRUCTURAL_STACK_V1__N2_02,NORMALIZED,baseline,2024,9,0.7564716522,COMPLETE,POSITIVE,4
STRUCTURAL_STACK_V1__N2_02,NORMALIZED,baseline,2024,5,-0.6934026662,COMPLETE,NEGATIVE,5
STRUCTURAL_STACK_V1__N2_02,NORMALIZED,baseline,2024,6,2.657607661,COMPLETE,POSITIVE,6
STRUCTURAL_STACK_V1__N2_02,NORMALIZED,baseline,2024,11,0.3356874276,COMPLETE,POSITIVE,8
STRUCTURAL_STACK_V1__N2_02,NORMALIZED,baseline,2024,4,0.09147128811,COMPLETE,POSITIVE,9
STRUCTURAL_STACK_V1__N2_02,NORMALIZED,baseline,2024,5,2.336650022,COMPLETE,POSITIVE,10
STRUCTURAL_STACK_V1__N2_02,NORMALIZED,baseline,2024,8,4.356586104,COMPLETE,POSITIVE,11
STRUCTURAL_STACK_V1__N2_02,NORMALIZED,baseline,2024,2,0.3706457103,COMPLETE,POSITIVE,12
STRUCTURAL_STACK_V1__N2_02,NORMALIZED,walk_forward,2024,3,-0.2729263534,COMPLETE,NEGATIVE,2
STRUCTURAL_STACK_V1__N2_02,NORMALIZED,walk_forward,2024,6,0.327190149,COMPLETE,POSITIVE,3
STRUCTURAL_STACK_V1__N2_02,NORMALIZED,walk_forward,2024,3,-0.4348727339,COMPLETE,NEGATIVE,5
STRUCTURAL_STACK_V1__N2_02,NORMALIZED,walk_forward,2024,6,2.657607661,COMPLETE,POSITIVE,6
STRUCTURAL_STACK_V1__N2_02,NORMALIZED,walk_forward,2024,5,0.4098074172,COMPLETE,POSITIVE,8
STRUCTURAL_STACK_V1__N2_02,NORMALIZED,walk_forward,2024,4,0.09147128811,COMPLETE,POSITIVE,9
STRUCTURAL_STACK_V1__N2_02,NORMALIZED,walk_forward,2024,5,2.404910263,COMPLETE,POSITIVE,11
STRUCTURAL_STACK_V1__N2_02,NORMALIZED,walk_forward,2024,2,0.3706457103,COMPLETE,POSITIVE,12
STRUCTURAL_STACK_V1__N2_02,NORMALIZED,historical_true_oos,2025,1,-0.2082793494,COMPLETE,NEGATIVE,2
STRUCTURAL_STACK_V1__N2_02,NORMALIZED,historical_true_oos,2025,2,0.8352412463,COMPLETE,POSITIVE,3
STRUCTURAL_STACK_V1__N2_02,NORMALIZED,historical_true_oos,2025,5,-1.01419084,COMPLETE,NEGATIVE,4
STRUCTURAL_STACK_V1__N2_02,NORMALIZED,historical_true_oos,2025,1,-0.08593275846,COMPLETE,NEGATIVE,5
STRUCTURAL_STACK_V1__N2_02,NORMALIZED,historical_true_oos,2025,6,0.2977356278,COMPLETE,POSITIVE,7
STRUCTURAL_STACK_V1__N2_02,NORMALIZED,historical_true_oos,2025,7,10.6062388,COMPLETE,POSITIVE,9
STRUCTURAL_STACK_V1__N2_02,NORMALIZED,historical_true_oos,2025,10,3.928143814,COMPLETE,POSITIVE,10
STRUCTURAL_STACK_V1__N2_02,NORMALIZED,historical_true_oos,2025,5,-1.76304874,COMPLETE,NEGATIVE,11
STRUCTURAL_STACK_V1__N2_02,NORMALIZED,historical_true_oos,2025,7,-1.513074817,COMPLETE,NEGATIVE,12
STRUCTURAL_STACK_V1__N2_02,NORMALIZED,historical_true_oos,2026,6,2.552348736,COMPLETE,POSITIVE,1
STRUCTURAL_STACK_V1__N2_02,NORMALIZED,historical_true_oos,2026,2,-0.474222025,COMPLETE,NEGATIVE,2
STRUCTURAL_STACK_V1__N2_02,NORMALIZED,historical_true_oos,2026,7,4.408701909,COMPLETE,POSITIVE,3
STRUCTURAL_STACK_V1__N2_02,NORMALIZED,historical_true_oos,2026,2,0.1697253001,COMPLETE,POSITIVE,4
STRUCTURAL_STACK_V1__N2_02,NORMALIZED,historical_true_oos,2026,5,0.4182014549,COMPLETE,POSITIVE,5
STRUCTURAL_STACK_V1__N2_02,NORMALIZED,historical_true_oos,2026,6,2.825418938,COMPLETE,POSITIVE,6
STRUCTURAL_STACK_V1__N2_02,NORMALIZED,historical_true_oos,2026,2,-0.6481275023,COMPLETE,NEGATIVE,7
STRUCTURAL_STACK_V1__N2_02,NORMALIZED,historical_true_oos,2026,12,7.564516042,COMPLETE,POSITIVE,8
STRUCTURAL_STACK_V1__N2_02,NORMALIZED,historical_true_oos,2026,3,-0.4208597114,COMPLETE,NEGATIVE,9
STRUCTURAL_STACK_V1__N2_02,FULL,baseline,2023,2,-0.9336162625,COMPLETE,NEGATIVE,2
STRUCTURAL_STACK_V1__N2_02,FULL,baseline,2023,1,-1.003613444,COMPLETE,NEGATIVE,3
STRUCTURAL_STACK_V1__N2_02,FULL,baseline,2023,3,4.314824057,COMPLETE,POSITIVE,4
STRUCTURAL_STACK_V1__N2_02,FULL,baseline,2023,3,2.199255999,COMPLETE,POSITIVE,5
STRUCTURAL_STACK_V1__N2_02,FULL,baseline,2023,5,2.175484641,COMPLETE,POSITIVE,6
STRUCTURAL_STACK_V1__N2_02,FULL,baseline,2023,2,0.5478597503,COMPLETE,POSITIVE,7
STRUCTURAL_STACK_V1__N2_02,FULL,baseline,2023,5,5.350569474,COMPLETE,POSITIVE,8
STRUCTURAL_STACK_V1__N2_02,FULL,baseline,2023,2,-1.166867415,COMPLETE,NEGATIVE,9
STRUCTURAL_STACK_V1__N2_02,FULL,baseline,2023,3,-0.5911866935,COMPLETE,NEGATIVE,10
STRUCTURAL_STACK_V1__N2_02,FULL,baseline,2023,3,1.550348706,COMPLETE,POSITIVE,11
STRUCTURAL_STACK_V1__N2_02,FULL,baseline,2023,6,2.214182677,COMPLETE,POSITIVE,12
STRUCTURAL_STACK_V1__N2_02,FULL,baseline,2024,4,-1.380953101,COMPLETE,NEGATIVE,1
STRUCTURAL_STACK_V1__N2_02,FULL,baseline,2024,5,-2.454010183,COMPLETE,NEGATIVE,2
STRUCTURAL_STACK_V1__N2_02,FULL,baseline,2024,6,0.654380298,COMPLETE,POSITIVE,3
STRUCTURAL_STACK_V1__N2_02,FULL,baseline,2024,9,1.512943304,COMPLETE,POSITIVE,4
STRUCTURAL_STACK_V1__N2_02,FULL,baseline,2024,5,-1.386805332,COMPLETE,NEGATIVE,5
STRUCTURAL_STACK_V1__N2_02,FULL,baseline,2024,6,5.315215323,COMPLETE,POSITIVE,6
STRUCTURAL_STACK_V1__N2_02,FULL,baseline,2024,11,0.6713748552,COMPLETE,POSITIVE,8
STRUCTURAL_STACK_V1__N2_02,FULL,baseline,2024,4,0.1829425762,COMPLETE,POSITIVE,9
STRUCTURAL_STACK_V1__N2_02,FULL,baseline,2024,5,4.673300044,COMPLETE,POSITIVE,10
STRUCTURAL_STACK_V1__N2_02,FULL,baseline,2024,8,8.713172208,COMPLETE,POSITIVE,11
STRUCTURAL_STACK_V1__N2_02,FULL,baseline,2024,2,0.7412914205,COMPLETE,POSITIVE,12
STRUCTURAL_STACK_V1__N2_02,FULL,walk_forward,2024,3,-0.5458527067,COMPLETE,NEGATIVE,2
STRUCTURAL_STACK_V1__N2_02,FULL,walk_forward,2024,6,0.654380298,COMPLETE,POSITIVE,3
STRUCTURAL_STACK_V1__N2_02,FULL,walk_forward,2024,3,-0.8697454678,COMPLETE,NEGATIVE,5
STRUCTURAL_STACK_V1__N2_02,FULL,walk_forward,2024,6,5.315215323,COMPLETE,POSITIVE,6
STRUCTURAL_STACK_V1__N2_02,FULL,walk_forward,2024,5,0.8196148345,COMPLETE,POSITIVE,8
STRUCTURAL_STACK_V1__N2_02,FULL,walk_forward,2024,4,0.1829425762,COMPLETE,POSITIVE,9
STRUCTURAL_STACK_V1__N2_02,FULL,walk_forward,2024,5,4.809820526,COMPLETE,POSITIVE,11
STRUCTURAL_STACK_V1__N2_02,FULL,walk_forward,2024,2,0.7412914205,COMPLETE,POSITIVE,12
STRUCTURAL_STACK_V1__N2_02,FULL,historical_true_oos,2025,1,-0.4165586989,COMPLETE,NEGATIVE,2
STRUCTURAL_STACK_V1__N2_02,FULL,historical_true_oos,2025,2,1.670482493,COMPLETE,POSITIVE,3
STRUCTURAL_STACK_V1__N2_02,FULL,historical_true_oos,2025,5,-2.028381679,COMPLETE,NEGATIVE,4
STRUCTURAL_STACK_V1__N2_02,FULL,historical_true_oos,2025,1,-0.1718655169,COMPLETE,NEGATIVE,5
STRUCTURAL_STACK_V1__N2_02,FULL,historical_true_oos,2025,6,0.5954712557,COMPLETE,POSITIVE,7
STRUCTURAL_STACK_V1__N2_02,FULL,historical_true_oos,2025,7,21.21247761,COMPLETE,POSITIVE,9
STRUCTURAL_STACK_V1__N2_02,FULL,historical_true_oos,2025,10,7.856287629,COMPLETE,POSITIVE,10
STRUCTURAL_STACK_V1__N2_02,FULL,historical_true_oos,2025,5,-3.526097481,COMPLETE,NEGATIVE,11
STRUCTURAL_STACK_V1__N2_02,FULL,historical_true_oos,2025,7,-3.026149634,COMPLETE,NEGATIVE,12
STRUCTURAL_STACK_V1__N2_02,FULL,historical_true_oos,2026,6,5.104697471,COMPLETE,POSITIVE,1
STRUCTURAL_STACK_V1__N2_02,FULL,historical_true_oos,2026,2,-0.9484440499,COMPLETE,NEGATIVE,2
STRUCTURAL_STACK_V1__N2_02,FULL,historical_true_oos,2026,7,8.817403818,COMPLETE,POSITIVE,3
STRUCTURAL_STACK_V1__N2_02,FULL,historical_true_oos,2026,2,0.3394506003,COMPLETE,POSITIVE,4
STRUCTURAL_STACK_V1__N2_02,FULL,historical_true_oos,2026,5,0.8364029099,COMPLETE,POSITIVE,5
STRUCTURAL_STACK_V1__N2_02,FULL,historical_true_oos,2026,6,5.650837876,COMPLETE,POSITIVE,6
STRUCTURAL_STACK_V1__N2_02,FULL,historical_true_oos,2026,2,-1.296255005,COMPLETE,NEGATIVE,7
STRUCTURAL_STACK_V1__N2_02,FULL,historical_true_oos,2026,12,15.12903208,COMPLETE,POSITIVE,8
STRUCTURAL_STACK_V1__N2_02,FULL,historical_true_oos,2026,3,-0.8417194228,COMPLETE,NEGATIVE,9
STRUCTURAL_STACK_V1__N2_03,NORMALIZED,baseline,2023,2,-0.4668081313,COMPLETE,NEGATIVE,2
STRUCTURAL_STACK_V1__N2_03,NORMALIZED,baseline,2023,1,-0.5018067222,COMPLETE,NEGATIVE,3
STRUCTURAL_STACK_V1__N2_03,NORMALIZED,baseline,2023,3,2.157412028,COMPLETE,POSITIVE,4
STRUCTURAL_STACK_V1__N2_03,NORMALIZED,baseline,2023,3,1.099627999,COMPLETE,POSITIVE,5
STRUCTURAL_STACK_V1__N2_03,NORMALIZED,baseline,2023,5,1.087742321,COMPLETE,POSITIVE,6
STRUCTURAL_STACK_V1__N2_03,NORMALIZED,baseline,2023,2,0.2739298752,COMPLETE,POSITIVE,7
STRUCTURAL_STACK_V1__N2_03,NORMALIZED,baseline,2023,5,2.675284737,COMPLETE,POSITIVE,8
STRUCTURAL_STACK_V1__N2_03,NORMALIZED,baseline,2023,1,-0.3655503549,COMPLETE,NEGATIVE,9
STRUCTURAL_STACK_V1__N2_03,NORMALIZED,baseline,2023,3,-0.2955933467,COMPLETE,NEGATIVE,10
STRUCTURAL_STACK_V1__N2_03,NORMALIZED,baseline,2023,2,0.7481445078,COMPLETE,POSITIVE,11
STRUCTURAL_STACK_V1__N2_03,NORMALIZED,baseline,2023,2,1.189190707,COMPLETE,POSITIVE,12
STRUCTURAL_STACK_V1__N2_03,NORMALIZED,baseline,2024,4,-0.09502682964,COMPLETE,NEGATIVE,1
STRUCTURAL_STACK_V1__N2_03,NORMALIZED,baseline,2024,4,-0.2108015785,COMPLETE,NEGATIVE,2
STRUCTURAL_STACK_V1__N2_03,NORMALIZED,baseline,2024,4,1.260930532,COMPLETE,POSITIVE,3
STRUCTURAL_STACK_V1__N2_03,NORMALIZED,baseline,2024,6,-0.6390711888,COMPLETE,NEGATIVE,4
STRUCTURAL_STACK_V1__N2_03,NORMALIZED,baseline,2024,6,-0.2964975164,COMPLETE,NEGATIVE,5
STRUCTURAL_STACK_V1__N2_03,NORMALIZED,baseline,2024,6,5.302983663,COMPLETE,POSITIVE,6
STRUCTURAL_STACK_V1__N2_03,NORMALIZED,baseline,2024,4,1.898076977,COMPLETE,POSITIVE,7
STRUCTURAL_STACK_V1__N2_03,NORMALIZED,baseline,2024,9,0.6295859887,COMPLETE,POSITIVE,8
STRUCTURAL_STACK_V1__N2_03,NORMALIZED,baseline,2024,3,1.796500532,COMPLETE,POSITIVE,9
STRUCTURAL_STACK_V1__N2_03,NORMALIZED,baseline,2024,3,1.663082527,COMPLETE,POSITIVE,10
STRUCTURAL_STACK_V1__N2_03,NORMALIZED,baseline,2024,7,2.529049994,COMPLETE,POSITIVE,11
STRUCTURAL_STACK_V1__N2_03,NORMALIZED,baseline,2024,2,0.1611102025,COMPLETE,POSITIVE,12
STRUCTURAL_STACK_V1__N2_03,NORMALIZED,walk_forward,2024,2,-0.5379248794,COMPLETE,NEGATIVE,2
STRUCTURAL_STACK_V1__N2_03,NORMALIZED,walk_forward,2024,3,-0.4338585322,COMPLETE,NEGATIVE,3
STRUCTURAL_STACK_V1__N2_03,NORMALIZED,walk_forward,2024,4,-0.03796758407,COMPLETE,NEGATIVE,5
STRUCTURAL_STACK_V1__N2_03,NORMALIZED,walk_forward,2024,6,5.302983663,COMPLETE,POSITIVE,6
STRUCTURAL_STACK_V1__N2_03,NORMALIZED,walk_forward,2024,4,1.018781688,COMPLETE,POSITIVE,8
STRUCTURAL_STACK_V1__N2_03,NORMALIZED,walk_forward,2024,3,1.796500532,COMPLETE,POSITIVE,9
STRUCTURAL_STACK_V1__N2_03,NORMALIZED,walk_forward,2024,4,3.281563554,COMPLETE,POSITIVE,11
STRUCTURAL_STACK_V1__N2_03,NORMALIZED,walk_forward,2024,2,0.1611102025,COMPLETE,POSITIVE,12
STRUCTURAL_STACK_V1__N2_03,NORMALIZED,historical_true_oos,2025,3,0.7299932312,COMPLETE,POSITIVE,3
STRUCTURAL_STACK_V1__N2_03,NORMALIZED,historical_true_oos,2025,6,-0.09865444621,COMPLETE,NEGATIVE,4
STRUCTURAL_STACK_V1__N2_03,NORMALIZED,historical_true_oos,2025,2,0.7789389657,COMPLETE,POSITIVE,5
STRUCTURAL_STACK_V1__N2_03,NORMALIZED,historical_true_oos,2025,8,2.038257857,COMPLETE,POSITIVE,7
STRUCTURAL_STACK_V1__N2_03,NORMALIZED,historical_true_oos,2025,1,0.4119935069,COMPLETE,POSITIVE,8
STRUCTURAL_STACK_V1__N2_03,NORMALIZED,historical_true_oos,2025,8,3.137865236,COMPLETE,POSITIVE,9
STRUCTURAL_STACK_V1__N2_03,NORMALIZED,historical_true_oos,2025,9,2.07610991,COMPLETE,POSITIVE,10
STRUCTURAL_STACK_V1__N2_03,NORMALIZED,historical_true_oos,2025,3,-0.7739157071,COMPLETE,NEGATIVE,11
STRUCTURAL_STACK_V1__N2_03,NORMALIZED,historical_true_oos,2025,7,-1.877803418,COMPLETE,NEGATIVE,12
STRUCTURAL_STACK_V1__N2_03,NORMALIZED,historical_true_oos,2026,4,0.243591744,COMPLETE,POSITIVE,1
STRUCTURAL_STACK_V1__N2_03,NORMALIZED,historical_true_oos,2026,1,-0.3561172232,COMPLETE,NEGATIVE,2
STRUCTURAL_STACK_V1__N2_03,NORMALIZED,historical_true_oos,2026,6,4.777072359,COMPLETE,POSITIVE,3
STRUCTURAL_STACK_V1__N2_03,NORMALIZED,historical_true_oos,2026,6,-0.002472745837,COMPLETE,NEGATIVE,4
STRUCTURAL_STACK_V1__N2_03,NORMALIZED,historical_true_oos,2026,6,-1.172028042,COMPLETE,NEGATIVE,5
STRUCTURAL_STACK_V1__N2_03,NORMALIZED,historical_true_oos,2026,9,2.59314791,COMPLETE,POSITIVE,6
STRUCTURAL_STACK_V1__N2_03,NORMALIZED,historical_true_oos,2026,5,-1.073295041,COMPLETE,NEGATIVE,7
STRUCTURAL_STACK_V1__N2_03,NORMALIZED,historical_true_oos,2026,9,4.301369473,COMPLETE,POSITIVE,8
STRUCTURAL_STACK_V1__N2_03,NORMALIZED,historical_true_oos,2026,3,-1.110409037,COMPLETE,NEGATIVE,9
STRUCTURAL_STACK_V1__N2_03,FULL,baseline,2023,2,-0.9336162625,COMPLETE,NEGATIVE,2
STRUCTURAL_STACK_V1__N2_03,FULL,baseline,2023,1,-1.003613444,COMPLETE,NEGATIVE,3
STRUCTURAL_STACK_V1__N2_03,FULL,baseline,2023,3,4.314824057,COMPLETE,POSITIVE,4
STRUCTURAL_STACK_V1__N2_03,FULL,baseline,2023,3,2.199255999,COMPLETE,POSITIVE,5
STRUCTURAL_STACK_V1__N2_03,FULL,baseline,2023,5,2.175484641,COMPLETE,POSITIVE,6
STRUCTURAL_STACK_V1__N2_03,FULL,baseline,2023,2,0.5478597503,COMPLETE,POSITIVE,7
STRUCTURAL_STACK_V1__N2_03,FULL,baseline,2023,5,5.350569474,COMPLETE,POSITIVE,8
STRUCTURAL_STACK_V1__N2_03,FULL,baseline,2023,1,-0.7311007098,COMPLETE,NEGATIVE,9
STRUCTURAL_STACK_V1__N2_03,FULL,baseline,2023,3,-0.5911866935,COMPLETE,NEGATIVE,10
STRUCTURAL_STACK_V1__N2_03,FULL,baseline,2023,2,1.496289016,COMPLETE,POSITIVE,11
STRUCTURAL_STACK_V1__N2_03,FULL,baseline,2023,2,2.378381414,COMPLETE,POSITIVE,12
STRUCTURAL_STACK_V1__N2_03,FULL,baseline,2024,4,-0.1900536593,COMPLETE,NEGATIVE,1
STRUCTURAL_STACK_V1__N2_03,FULL,baseline,2024,4,-0.4216031571,COMPLETE,NEGATIVE,2
STRUCTURAL_STACK_V1__N2_03,FULL,baseline,2024,4,2.521861064,COMPLETE,POSITIVE,3
STRUCTURAL_STACK_V1__N2_03,FULL,baseline,2024,6,-1.278142378,COMPLETE,NEGATIVE,4
STRUCTURAL_STACK_V1__N2_03,FULL,baseline,2024,6,-0.5929950327,COMPLETE,NEGATIVE,5
STRUCTURAL_STACK_V1__N2_03,FULL,baseline,2024,6,10.60596733,COMPLETE,POSITIVE,6
STRUCTURAL_STACK_V1__N2_03,FULL,baseline,2024,4,3.796153953,COMPLETE,POSITIVE,7
STRUCTURAL_STACK_V1__N2_03,FULL,baseline,2024,9,1.259171977,COMPLETE,POSITIVE,8
STRUCTURAL_STACK_V1__N2_03,FULL,baseline,2024,3,3.593001064,COMPLETE,POSITIVE,9
STRUCTURAL_STACK_V1__N2_03,FULL,baseline,2024,3,3.326165055,COMPLETE,POSITIVE,10
STRUCTURAL_STACK_V1__N2_03,FULL,baseline,2024,7,5.058099989,COMPLETE,POSITIVE,11
STRUCTURAL_STACK_V1__N2_03,FULL,baseline,2024,2,0.322220405,COMPLETE,POSITIVE,12
STRUCTURAL_STACK_V1__N2_03,FULL,walk_forward,2024,2,-1.075849759,COMPLETE,NEGATIVE,2
STRUCTURAL_STACK_V1__N2_03,FULL,walk_forward,2024,3,-0.8677170645,COMPLETE,NEGATIVE,3
STRUCTURAL_STACK_V1__N2_03,FULL,walk_forward,2024,4,-0.07593516813,COMPLETE,NEGATIVE,5
STRUCTURAL_STACK_V1__N2_03,FULL,walk_forward,2024,6,10.60596733,COMPLETE,POSITIVE,6
STRUCTURAL_STACK_V1__N2_03,FULL,walk_forward,2024,4,2.037563375,COMPLETE,POSITIVE,8
STRUCTURAL_STACK_V1__N2_03,FULL,walk_forward,2024,3,3.593001064,COMPLETE,POSITIVE,9
STRUCTURAL_STACK_V1__N2_03,FULL,walk_forward,2024,4,6.563127109,COMPLETE,POSITIVE,11
STRUCTURAL_STACK_V1__N2_03,FULL,walk_forward,2024,2,0.322220405,COMPLETE,POSITIVE,12
STRUCTURAL_STACK_V1__N2_03,FULL,historical_true_oos,2025,3,1.459986462,COMPLETE,POSITIVE,3
STRUCTURAL_STACK_V1__N2_03,FULL,historical_true_oos,2025,6,-0.1973088924,COMPLETE,NEGATIVE,4
STRUCTURAL_STACK_V1__N2_03,FULL,historical_true_oos,2025,2,1.557877931,COMPLETE,POSITIVE,5
STRUCTURAL_STACK_V1__N2_03,FULL,historical_true_oos,2025,8,4.076515713,COMPLETE,POSITIVE,7
STRUCTURAL_STACK_V1__N2_03,FULL,historical_true_oos,2025,1,0.8239870138,COMPLETE,POSITIVE,8
STRUCTURAL_STACK_V1__N2_03,FULL,historical_true_oos,2025,8,6.275730472,COMPLETE,POSITIVE,9
STRUCTURAL_STACK_V1__N2_03,FULL,historical_true_oos,2025,9,4.15221982,COMPLETE,POSITIVE,10
STRUCTURAL_STACK_V1__N2_03,FULL,historical_true_oos,2025,3,-1.547831414,COMPLETE,NEGATIVE,11
STRUCTURAL_STACK_V1__N2_03,FULL,historical_true_oos,2025,7,-3.755606837,COMPLETE,NEGATIVE,12
STRUCTURAL_STACK_V1__N2_03,FULL,historical_true_oos,2026,4,0.4871834881,COMPLETE,POSITIVE,1
STRUCTURAL_STACK_V1__N2_03,FULL,historical_true_oos,2026,1,-0.7122344465,COMPLETE,NEGATIVE,2
STRUCTURAL_STACK_V1__N2_03,FULL,historical_true_oos,2026,6,9.554144718,COMPLETE,POSITIVE,3
STRUCTURAL_STACK_V1__N2_03,FULL,historical_true_oos,2026,6,-0.004945491674,COMPLETE,NEGATIVE,4
STRUCTURAL_STACK_V1__N2_03,FULL,historical_true_oos,2026,6,-2.344056085,COMPLETE,NEGATIVE,5
STRUCTURAL_STACK_V1__N2_03,FULL,historical_true_oos,2026,9,5.18629582,COMPLETE,POSITIVE,6
STRUCTURAL_STACK_V1__N2_03,FULL,historical_true_oos,2026,5,-2.146590081,COMPLETE,NEGATIVE,7
STRUCTURAL_STACK_V1__N2_03,FULL,historical_true_oos,2026,9,8.602738946,COMPLETE,POSITIVE,8
STRUCTURAL_STACK_V1__N2_03,FULL,historical_true_oos,2026,3,-2.220818075,COMPLETE,NEGATIVE,9
STRUCTURAL_STACK_V1__N2_04,NORMALIZED,baseline,2023,1,-0.2970073692,COMPLETE,NEGATIVE,2
STRUCTURAL_STACK_V1__N2_04,NORMALIZED,baseline,2023,2,-0.2132702663,COMPLETE,NEGATIVE,3
STRUCTURAL_STACK_V1__N2_04,NORMALIZED,baseline,2023,3,1.862091764,COMPLETE,POSITIVE,4
STRUCTURAL_STACK_V1__N2_04,NORMALIZED,baseline,2023,2,1.218697086,COMPLETE,POSITIVE,5
STRUCTURAL_STACK_V1__N2_04,NORMALIZED,baseline,2023,3,0.8169691062,COMPLETE,POSITIVE,6
STRUCTURAL_STACK_V1__N2_04,NORMALIZED,baseline,2023,3,-1.284871429,COMPLETE,NEGATIVE,7
STRUCTURAL_STACK_V1__N2_04,NORMALIZED,baseline,2023,3,0.6423308065,COMPLETE,POSITIVE,8
STRUCTURAL_STACK_V1__N2_04,NORMALIZED,baseline,2023,2,-0.600153958,COMPLETE,NEGATIVE,9
STRUCTURAL_STACK_V1__N2_04,NORMALIZED,baseline,2023,2,-0.5003563501,COMPLETE,NEGATIVE,10
STRUCTURAL_STACK_V1__N2_04,NORMALIZED,baseline,2023,2,-0.4858445023,COMPLETE,NEGATIVE,11
STRUCTURAL_STACK_V1__N2_04,NORMALIZED,baseline,2023,7,-0.9645001517,COMPLETE,NEGATIVE,12
STRUCTURAL_STACK_V1__N2_04,NORMALIZED,baseline,2024,3,0.8997305535,COMPLETE,POSITIVE,1
STRUCTURAL_STACK_V1__N2_04,NORMALIZED,baseline,2024,6,-0.6008936636,COMPLETE,NEGATIVE,2
STRUCTURAL_STACK_V1__N2_04,NORMALIZED,baseline,2024,5,-0.2390441138,COMPLETE,NEGATIVE,3
STRUCTURAL_STACK_V1__N2_04,NORMALIZED,baseline,2024,8,2.472102438,COMPLETE,POSITIVE,4
STRUCTURAL_STACK_V1__N2_04,NORMALIZED,baseline,2024,5,0.245065486,COMPLETE,POSITIVE,5
STRUCTURAL_STACK_V1__N2_04,NORMALIZED,baseline,2024,6,5.665758472,COMPLETE,POSITIVE,6
STRUCTURAL_STACK_V1__N2_04,NORMALIZED,baseline,2024,6,-0.2277916747,COMPLETE,NEGATIVE,8
STRUCTURAL_STACK_V1__N2_04,NORMALIZED,baseline,2024,6,0.464552514,COMPLETE,POSITIVE,9
STRUCTURAL_STACK_V1__N2_04,NORMALIZED,baseline,2024,5,1.197916967,COMPLETE,POSITIVE,10
STRUCTURAL_STACK_V1__N2_04,NORMALIZED,baseline,2024,8,4.898409018,COMPLETE,POSITIVE,11
STRUCTURAL_STACK_V1__N2_04,NORMALIZED,baseline,2024,2,-0.1926609002,COMPLETE,NEGATIVE,12
STRUCTURAL_STACK_V1__N2_04,NORMALIZED,walk_forward,2024,3,-0.2507375359,COMPLETE,NEGATIVE,2
STRUCTURAL_STACK_V1__N2_04,NORMALIZED,walk_forward,2024,5,-0.2390441138,COMPLETE,NEGATIVE,3
STRUCTURAL_STACK_V1__N2_04,NORMALIZED,walk_forward,2024,3,1.085982852,COMPLETE,POSITIVE,5
STRUCTURAL_STACK_V1__N2_04,NORMALIZED,walk_forward,2024,6,5.665758472,COMPLETE,POSITIVE,6
STRUCTURAL_STACK_V1__N2_04,NORMALIZED,walk_forward,2024,4,-0.4109410488,COMPLETE,NEGATIVE,8
STRUCTURAL_STACK_V1__N2_04,NORMALIZED,walk_forward,2024,6,0.464552514,COMPLETE,POSITIVE,9
STRUCTURAL_STACK_V1__N2_04,NORMALIZED,walk_forward,2024,7,2.089075463,COMPLETE,POSITIVE,11
STRUCTURAL_STACK_V1__N2_04,NORMALIZED,walk_forward,2024,2,-0.1926609002,COMPLETE,NEGATIVE,12
STRUCTURAL_STACK_V1__N2_04,NORMALIZED,historical_true_oos,2025,2,0.3927992631,COMPLETE,POSITIVE,2
STRUCTURAL_STACK_V1__N2_04,NORMALIZED,historical_true_oos,2025,2,0.879903866,COMPLETE,POSITIVE,3
STRUCTURAL_STACK_V1__N2_04,NORMALIZED,historical_true_oos,2025,5,-0.9918294371,COMPLETE,NEGATIVE,4
STRUCTURAL_STACK_V1__N2_04,NORMALIZED,historical_true_oos,2025,1,-0.4111697649,COMPLETE,NEGATIVE,6
STRUCTURAL_STACK_V1__N2_04,NORMALIZED,historical_true_oos,2025,6,1.58680969,COMPLETE,POSITIVE,7
STRUCTURAL_STACK_V1__N2_04,NORMALIZED,historical_true_oos,2025,1,-0.3674921526,COMPLETE,NEGATIVE,8
STRUCTURAL_STACK_V1__N2_04,NORMALIZED,historical_true_oos,2025,7,10.43013683,COMPLETE,POSITIVE,9
STRUCTURAL_STACK_V1__N2_04,NORMALIZED,historical_true_oos,2025,12,2.951490562,COMPLETE,POSITIVE,10
STRUCTURAL_STACK_V1__N2_04,NORMALIZED,historical_true_oos,2025,4,-1.780684243,COMPLETE,NEGATIVE,11
STRUCTURAL_STACK_V1__N2_04,NORMALIZED,historical_true_oos,2025,7,-1.039749319,COMPLETE,NEGATIVE,12
STRUCTURAL_STACK_V1__N2_04,NORMALIZED,historical_true_oos,2026,6,3.154822469,COMPLETE,POSITIVE,1
STRUCTURAL_STACK_V1__N2_04,NORMALIZED,historical_true_oos,2026,2,-0.6306433367,COMPLETE,NEGATIVE,2
STRUCTURAL_STACK_V1__N2_04,NORMALIZED,historical_true_oos,2026,8,2.741279559,COMPLETE,POSITIVE,3
STRUCTURAL_STACK_V1__N2_04,NORMALIZED,historical_true_oos,2026,1,0.4248256949,COMPLETE,POSITIVE,4
STRUCTURAL_STACK_V1__N2_04,NORMALIZED,historical_true_oos,2026,5,0.5510875868,COMPLETE,POSITIVE,5
STRUCTURAL_STACK_V1__N2_04,NORMALIZED,historical_true_oos,2026,6,3.206005823,COMPLETE,POSITIVE,6
STRUCTURAL_STACK_V1__N2_04,NORMALIZED,historical_true_oos,2026,2,-0.6289550479,COMPLETE,NEGATIVE,7
STRUCTURAL_STACK_V1__N2_04,NORMALIZED,historical_true_oos,2026,12,6.189526031,COMPLETE,POSITIVE,8
STRUCTURAL_STACK_V1__N2_04,NORMALIZED,historical_true_oos,2026,3,-0.5718835721,COMPLETE,NEGATIVE,9
STRUCTURAL_STACK_V1__N2_04,FULL,baseline,2023,1,-0.5940147384,COMPLETE,NEGATIVE,2
STRUCTURAL_STACK_V1__N2_04,FULL,baseline,2023,2,-0.4265405325,COMPLETE,NEGATIVE,3
STRUCTURAL_STACK_V1__N2_04,FULL,baseline,2023,3,3.724183529,COMPLETE,POSITIVE,4
STRUCTURAL_STACK_V1__N2_04,FULL,baseline,2023,2,2.437394172,COMPLETE,POSITIVE,5
STRUCTURAL_STACK_V1__N2_04,FULL,baseline,2023,3,1.633938212,COMPLETE,POSITIVE,6
STRUCTURAL_STACK_V1__N2_04,FULL,baseline,2023,3,-2.569742858,COMPLETE,NEGATIVE,7
STRUCTURAL_STACK_V1__N2_04,FULL,baseline,2023,3,1.284661613,COMPLETE,POSITIVE,8
STRUCTURAL_STACK_V1__N2_04,FULL,baseline,2023,2,-1.200307916,COMPLETE,NEGATIVE,9
STRUCTURAL_STACK_V1__N2_04,FULL,baseline,2023,2,-1.0007127,COMPLETE,NEGATIVE,10
STRUCTURAL_STACK_V1__N2_04,FULL,baseline,2023,2,-0.9716890047,COMPLETE,NEGATIVE,11
STRUCTURAL_STACK_V1__N2_04,FULL,baseline,2023,7,-1.929000303,COMPLETE,NEGATIVE,12
STRUCTURAL_STACK_V1__N2_04,FULL,baseline,2024,3,1.799461107,COMPLETE,POSITIVE,1
STRUCTURAL_STACK_V1__N2_04,FULL,baseline,2024,6,-1.201787327,COMPLETE,NEGATIVE,2
STRUCTURAL_STACK_V1__N2_04,FULL,baseline,2024,5,-0.4780882275,COMPLETE,NEGATIVE,3
STRUCTURAL_STACK_V1__N2_04,FULL,baseline,2024,8,4.944204877,COMPLETE,POSITIVE,4
STRUCTURAL_STACK_V1__N2_04,FULL,baseline,2024,5,0.4901309721,COMPLETE,POSITIVE,5
STRUCTURAL_STACK_V1__N2_04,FULL,baseline,2024,6,11.33151694,COMPLETE,POSITIVE,6
STRUCTURAL_STACK_V1__N2_04,FULL,baseline,2024,6,-0.4555833495,COMPLETE,NEGATIVE,8
STRUCTURAL_STACK_V1__N2_04,FULL,baseline,2024,6,0.9291050279,COMPLETE,POSITIVE,9
STRUCTURAL_STACK_V1__N2_04,FULL,baseline,2024,5,2.395833934,COMPLETE,POSITIVE,10
STRUCTURAL_STACK_V1__N2_04,FULL,baseline,2024,8,9.796818035,COMPLETE,POSITIVE,11
STRUCTURAL_STACK_V1__N2_04,FULL,baseline,2024,2,-0.3853218005,COMPLETE,NEGATIVE,12
STRUCTURAL_STACK_V1__N2_04,FULL,walk_forward,2024,3,-0.5014750718,COMPLETE,NEGATIVE,2
STRUCTURAL_STACK_V1__N2_04,FULL,walk_forward,2024,5,-0.4780882275,COMPLETE,NEGATIVE,3
STRUCTURAL_STACK_V1__N2_04,FULL,walk_forward,2024,3,2.171965704,COMPLETE,POSITIVE,5
STRUCTURAL_STACK_V1__N2_04,FULL,walk_forward,2024,6,11.33151694,COMPLETE,POSITIVE,6
STRUCTURAL_STACK_V1__N2_04,FULL,walk_forward,2024,4,-0.8218820977,COMPLETE,NEGATIVE,8
STRUCTURAL_STACK_V1__N2_04,FULL,walk_forward,2024,6,0.9291050279,COMPLETE,POSITIVE,9
STRUCTURAL_STACK_V1__N2_04,FULL,walk_forward,2024,7,4.178150925,COMPLETE,POSITIVE,11
STRUCTURAL_STACK_V1__N2_04,FULL,walk_forward,2024,2,-0.3853218005,COMPLETE,NEGATIVE,12
STRUCTURAL_STACK_V1__N2_04,FULL,historical_true_oos,2025,2,0.7855985262,COMPLETE,POSITIVE,2
STRUCTURAL_STACK_V1__N2_04,FULL,historical_true_oos,2025,2,1.759807732,COMPLETE,POSITIVE,3
STRUCTURAL_STACK_V1__N2_04,FULL,historical_true_oos,2025,5,-1.983658874,COMPLETE,NEGATIVE,4
STRUCTURAL_STACK_V1__N2_04,FULL,historical_true_oos,2025,1,-0.8223395297,COMPLETE,NEGATIVE,6
STRUCTURAL_STACK_V1__N2_04,FULL,historical_true_oos,2025,6,3.17361938,COMPLETE,POSITIVE,7
STRUCTURAL_STACK_V1__N2_04,FULL,historical_true_oos,2025,1,-0.7349843052,COMPLETE,NEGATIVE,8
STRUCTURAL_STACK_V1__N2_04,FULL,historical_true_oos,2025,7,20.86027366,COMPLETE,POSITIVE,9
STRUCTURAL_STACK_V1__N2_04,FULL,historical_true_oos,2025,12,5.902981123,COMPLETE,POSITIVE,10
STRUCTURAL_STACK_V1__N2_04,FULL,historical_true_oos,2025,4,-3.561368486,COMPLETE,NEGATIVE,11
STRUCTURAL_STACK_V1__N2_04,FULL,historical_true_oos,2025,7,-2.079498637,COMPLETE,NEGATIVE,12
STRUCTURAL_STACK_V1__N2_04,FULL,historical_true_oos,2026,6,6.309644937,COMPLETE,POSITIVE,1
STRUCTURAL_STACK_V1__N2_04,FULL,historical_true_oos,2026,2,-1.261286673,COMPLETE,NEGATIVE,2
STRUCTURAL_STACK_V1__N2_04,FULL,historical_true_oos,2026,8,5.482559119,COMPLETE,POSITIVE,3
STRUCTURAL_STACK_V1__N2_04,FULL,historical_true_oos,2026,1,0.8496513899,COMPLETE,POSITIVE,4
STRUCTURAL_STACK_V1__N2_04,FULL,historical_true_oos,2026,5,1.102175174,COMPLETE,POSITIVE,5
STRUCTURAL_STACK_V1__N2_04,FULL,historical_true_oos,2026,6,6.412011645,COMPLETE,POSITIVE,6
STRUCTURAL_STACK_V1__N2_04,FULL,historical_true_oos,2026,2,-1.257910096,COMPLETE,NEGATIVE,7
STRUCTURAL_STACK_V1__N2_04,FULL,historical_true_oos,2026,12,12.37905206,COMPLETE,POSITIVE,8
STRUCTURAL_STACK_V1__N2_04,FULL,historical_true_oos,2026,3,-1.143767144,COMPLETE,NEGATIVE,9
STRUCTURAL_STACK_V1__N2_05,NORMALIZED,baseline,2023,1,-0.2970073692,COMPLETE,NEGATIVE,2
STRUCTURAL_STACK_V1__N2_05,NORMALIZED,baseline,2023,2,-0.2132702663,COMPLETE,NEGATIVE,3
STRUCTURAL_STACK_V1__N2_05,NORMALIZED,baseline,2023,3,1.862091764,COMPLETE,POSITIVE,4
STRUCTURAL_STACK_V1__N2_05,NORMALIZED,baseline,2023,2,1.218697086,COMPLETE,POSITIVE,5
STRUCTURAL_STACK_V1__N2_05,NORMALIZED,baseline,2023,3,0.8169691062,COMPLETE,POSITIVE,6
STRUCTURAL_STACK_V1__N2_05,NORMALIZED,baseline,2023,3,-1.284871429,COMPLETE,NEGATIVE,7
STRUCTURAL_STACK_V1__N2_05,NORMALIZED,baseline,2023,3,0.6423308065,COMPLETE,POSITIVE,8
STRUCTURAL_STACK_V1__N2_05,NORMALIZED,baseline,2023,1,-0.3822706055,COMPLETE,NEGATIVE,9
STRUCTURAL_STACK_V1__N2_05,NORMALIZED,baseline,2023,2,-0.5003563501,COMPLETE,NEGATIVE,10
STRUCTURAL_STACK_V1__N2_05,NORMALIZED,baseline,2023,1,-0.5128743477,COMPLETE,NEGATIVE,11
STRUCTURAL_STACK_V1__N2_05,NORMALIZED,baseline,2023,3,-0.8824007833,COMPLETE,NEGATIVE,12
STRUCTURAL_STACK_V1__N2_05,NORMALIZED,baseline,2024,3,1.495180274,COMPLETE,POSITIVE,1
STRUCTURAL_STACK_V1__N2_05,NORMALIZED,baseline,2024,5,0.4153098492,COMPLETE,POSITIVE,2
STRUCTURAL_STACK_V1__N2_05,NORMALIZED,baseline,2024,3,0.6946962693,COMPLETE,POSITIVE,3
STRUCTURAL_STACK_V1__N2_05,NORMALIZED,baseline,2024,5,1.076559597,COMPLETE,POSITIVE,4
STRUCTURAL_STACK_V1__N2_05,NORMALIZED,baseline,2024,6,0.6419706359,COMPLETE,POSITIVE,5
STRUCTURAL_STACK_V1__N2_05,NORMALIZED,baseline,2024,6,8.311134474,COMPLETE,POSITIVE,6
STRUCTURAL_STACK_V1__N2_05,NORMALIZED,baseline,2024,4,1.898076977,COMPLETE,POSITIVE,7
STRUCTURAL_STACK_V1__N2_05,NORMALIZED,baseline,2024,4,0.06610688639,COMPLETE,POSITIVE,8
STRUCTURAL_STACK_V1__N2_05,NORMALIZED,baseline,2024,5,2.169581758,COMPLETE,POSITIVE,9
STRUCTURAL_STACK_V1__N2_05,NORMALIZED,baseline,2024,3,0.5243494724,COMPLETE,POSITIVE,10
STRUCTURAL_STACK_V1__N2_05,NORMALIZED,baseline,2024,7,3.070872908,COMPLETE,POSITIVE,11
STRUCTURAL_STACK_V1__N2_05,NORMALIZED,baseline,2024,2,-0.402196408,COMPLETE,NEGATIVE,12
STRUCTURAL_STACK_V1__N2_05,NORMALIZED,walk_forward,2024,2,-0.5157360619,COMPLETE,NEGATIVE,2
STRUCTURAL_STACK_V1__N2_05,NORMALIZED,walk_forward,2024,2,-1.000092795,COMPLETE,NEGATIVE,3
STRUCTURAL_STACK_V1__N2_05,NORMALIZED,walk_forward,2024,4,1.482888002,COMPLETE,POSITIVE,5
STRUCTURAL_STACK_V1__N2_05,NORMALIZED,walk_forward,2024,6,8.311134474,COMPLETE,POSITIVE,6
STRUCTURAL_STACK_V1__N2_05,NORMALIZED,walk_forward,2024,3,0.1980332215,COMPLETE,POSITIVE,8
STRUCTURAL_STACK_V1__N2_05,NORMALIZED,walk_forward,2024,5,2.169581758,COMPLETE,POSITIVE,9
STRUCTURAL_STACK_V1__N2_05,NORMALIZED,walk_forward,2024,6,2.965728754,COMPLETE,POSITIVE,11
STRUCTURAL_STACK_V1__N2_05,NORMALIZED,walk_forward,2024,2,-0.402196408,COMPLETE,NEGATIVE,12
STRUCTURAL_STACK_V1__N2_05,NORMALIZED,historical_true_oos,2025,1,0.6010786125,COMPLETE,POSITIVE,2
STRUCTURAL_STACK_V1__N2_05,NORMALIZED,historical_true_oos,2025,3,0.7746558509,COMPLETE,POSITIVE,3
STRUCTURAL_STACK_V1__N2_05,NORMALIZED,historical_true_oos,2025,6,-0.07629304357,COMPLETE,NEGATIVE,4
STRUCTURAL_STACK_V1__N2_05,NORMALIZED,historical_true_oos,2025,1,0.8648717242,COMPLETE,POSITIVE,5
STRUCTURAL_STACK_V1__N2_05,NORMALIZED,historical_true_oos,2025,1,-0.4111697649,COMPLETE,NEGATIVE,6
STRUCTURAL_STACK_V1__N2_05,NORMALIZED,historical_true_oos,2025,8,3.327331919,COMPLETE,POSITIVE,7
STRUCTURAL_STACK_V1__N2_05,NORMALIZED,historical_true_oos,2025,2,0.04450135426,COMPLETE,POSITIVE,8
STRUCTURAL_STACK_V1__N2_05,NORMALIZED,historical_true_oos,2025,8,2.961763261,COMPLETE,POSITIVE,9
STRUCTURAL_STACK_V1__N2_05,NORMALIZED,historical_true_oos,2025,11,1.099456657,COMPLETE,POSITIVE,10
STRUCTURAL_STACK_V1__N2_05,NORMALIZED,historical_true_oos,2025,2,-0.7915512095,COMPLETE,NEGATIVE,11
STRUCTURAL_STACK_V1__N2_05,NORMALIZED,historical_true_oos,2025,7,-1.40447792,COMPLETE,NEGATIVE,12
STRUCTURAL_STACK_V1__N2_05,NORMALIZED,historical_true_oos,2026,4,0.846065477,COMPLETE,POSITIVE,1
STRUCTURAL_STACK_V1__N2_05,NORMALIZED,historical_true_oos,2026,1,-0.512538535,COMPLETE,NEGATIVE,2
STRUCTURAL_STACK_V1__N2_05,NORMALIZED,historical_true_oos,2026,7,3.109650009,COMPLETE,POSITIVE,3
STRUCTURAL_STACK_V1__N2_05,NORMALIZED,historical_true_oos,2026,5,0.252627649,COMPLETE,POSITIVE,4
STRUCTURAL_STACK_V1__N2_05,NORMALIZED,historical_true_oos,2026,6,-1.03914191,COMPLETE,NEGATIVE,5
STRUCTURAL_STACK_V1__N2_05,NORMALIZED,historical_true_oos,2026,9,2.973734795,COMPLETE,POSITIVE,6
STRUCTURAL_STACK_V1__N2_05,NORMALIZED,historical_true_oos,2026,5,-1.054122586,COMPLETE,NEGATIVE,7
STRUCTURAL_STACK_V1__N2_05,NORMALIZED,historical_true_oos,2026,9,2.926379462,COMPLETE,POSITIVE,8
STRUCTURAL_STACK_V1__N2_05,NORMALIZED,historical_true_oos,2026,3,-1.261432898,COMPLETE,NEGATIVE,9
STRUCTURAL_STACK_V1__N2_05,FULL,baseline,2023,1,-0.5940147384,COMPLETE,NEGATIVE,2
STRUCTURAL_STACK_V1__N2_05,FULL,baseline,2023,2,-0.4265405325,COMPLETE,NEGATIVE,3
STRUCTURAL_STACK_V1__N2_05,FULL,baseline,2023,3,3.724183529,COMPLETE,POSITIVE,4
STRUCTURAL_STACK_V1__N2_05,FULL,baseline,2023,2,2.437394172,COMPLETE,POSITIVE,5
STRUCTURAL_STACK_V1__N2_05,FULL,baseline,2023,3,1.633938212,COMPLETE,POSITIVE,6
STRUCTURAL_STACK_V1__N2_05,FULL,baseline,2023,3,-2.569742858,COMPLETE,NEGATIVE,7
STRUCTURAL_STACK_V1__N2_05,FULL,baseline,2023,3,1.284661613,COMPLETE,POSITIVE,8
STRUCTURAL_STACK_V1__N2_05,FULL,baseline,2023,1,-0.7645412109,COMPLETE,NEGATIVE,9
STRUCTURAL_STACK_V1__N2_05,FULL,baseline,2023,2,-1.0007127,COMPLETE,NEGATIVE,10
STRUCTURAL_STACK_V1__N2_05,FULL,baseline,2023,1,-1.025748695,COMPLETE,NEGATIVE,11
STRUCTURAL_STACK_V1__N2_05,FULL,baseline,2023,3,-1.764801567,COMPLETE,NEGATIVE,12
STRUCTURAL_STACK_V1__N2_05,FULL,baseline,2024,3,2.990360549,COMPLETE,POSITIVE,1
STRUCTURAL_STACK_V1__N2_05,FULL,baseline,2024,5,0.8306196985,COMPLETE,POSITIVE,2
STRUCTURAL_STACK_V1__N2_05,FULL,baseline,2024,3,1.389392539,COMPLETE,POSITIVE,3
STRUCTURAL_STACK_V1__N2_05,FULL,baseline,2024,5,2.153119195,COMPLETE,POSITIVE,4
STRUCTURAL_STACK_V1__N2_05,FULL,baseline,2024,6,1.283941272,COMPLETE,POSITIVE,5
STRUCTURAL_STACK_V1__N2_05,FULL,baseline,2024,6,16.62226895,COMPLETE,POSITIVE,6
STRUCTURAL_STACK_V1__N2_05,FULL,baseline,2024,4,3.796153953,COMPLETE,POSITIVE,7
STRUCTURAL_STACK_V1__N2_05,FULL,baseline,2024,4,0.1322137728,COMPLETE,POSITIVE,8
STRUCTURAL_STACK_V1__N2_05,FULL,baseline,2024,5,4.339163516,COMPLETE,POSITIVE,9
STRUCTURAL_STACK_V1__N2_05,FULL,baseline,2024,3,1.048698945,COMPLETE,POSITIVE,10
STRUCTURAL_STACK_V1__N2_05,FULL,baseline,2024,7,6.141745816,COMPLETE,POSITIVE,11
STRUCTURAL_STACK_V1__N2_05,FULL,baseline,2024,2,-0.804392816,COMPLETE,NEGATIVE,12
STRUCTURAL_STACK_V1__N2_05,FULL,walk_forward,2024,2,-1.031472124,COMPLETE,NEGATIVE,2
STRUCTURAL_STACK_V1__N2_05,FULL,walk_forward,2024,2,-2.00018559,COMPLETE,NEGATIVE,3
STRUCTURAL_STACK_V1__N2_05,FULL,walk_forward,2024,4,2.965776004,COMPLETE,POSITIVE,5
STRUCTURAL_STACK_V1__N2_05,FULL,walk_forward,2024,6,16.62226895,COMPLETE,POSITIVE,6
STRUCTURAL_STACK_V1__N2_05,FULL,walk_forward,2024,3,0.3960664431,COMPLETE,POSITIVE,8
STRUCTURAL_STACK_V1__N2_05,FULL,walk_forward,2024,5,4.339163516,COMPLETE,POSITIVE,9
STRUCTURAL_STACK_V1__N2_05,FULL,walk_forward,2024,6,5.931457508,COMPLETE,POSITIVE,11
STRUCTURAL_STACK_V1__N2_05,FULL,walk_forward,2024,2,-0.804392816,COMPLETE,NEGATIVE,12
STRUCTURAL_STACK_V1__N2_05,FULL,historical_true_oos,2025,1,1.202157225,COMPLETE,POSITIVE,2
STRUCTURAL_STACK_V1__N2_05,FULL,historical_true_oos,2025,3,1.549311702,COMPLETE,POSITIVE,3
STRUCTURAL_STACK_V1__N2_05,FULL,historical_true_oos,2025,6,-0.1525860871,COMPLETE,NEGATIVE,4
STRUCTURAL_STACK_V1__N2_05,FULL,historical_true_oos,2025,1,1.729743448,COMPLETE,POSITIVE,5
STRUCTURAL_STACK_V1__N2_05,FULL,historical_true_oos,2025,1,-0.8223395297,COMPLETE,NEGATIVE,6
STRUCTURAL_STACK_V1__N2_05,FULL,historical_true_oos,2025,8,6.654663838,COMPLETE,POSITIVE,7
STRUCTURAL_STACK_V1__N2_05,FULL,historical_true_oos,2025,2,0.08900270851,COMPLETE,POSITIVE,8
STRUCTURAL_STACK_V1__N2_05,FULL,historical_true_oos,2025,8,5.923526523,COMPLETE,POSITIVE,9
STRUCTURAL_STACK_V1__N2_05,FULL,historical_true_oos,2025,11,2.198913314,COMPLETE,POSITIVE,10
STRUCTURAL_STACK_V1__N2_05,FULL,historical_true_oos,2025,2,-1.583102419,COMPLETE,NEGATIVE,11
STRUCTURAL_STACK_V1__N2_05,FULL,historical_true_oos,2025,7,-2.80895584,COMPLETE,NEGATIVE,12
STRUCTURAL_STACK_V1__N2_05,FULL,historical_true_oos,2026,4,1.692130954,COMPLETE,POSITIVE,1
STRUCTURAL_STACK_V1__N2_05,FULL,historical_true_oos,2026,1,-1.02507707,COMPLETE,NEGATIVE,2
STRUCTURAL_STACK_V1__N2_05,FULL,historical_true_oos,2026,7,6.219300019,COMPLETE,POSITIVE,3
STRUCTURAL_STACK_V1__N2_05,FULL,historical_true_oos,2026,5,0.5052552979,COMPLETE,POSITIVE,4
STRUCTURAL_STACK_V1__N2_05,FULL,historical_true_oos,2026,6,-2.078283821,COMPLETE,NEGATIVE,5
STRUCTURAL_STACK_V1__N2_05,FULL,historical_true_oos,2026,9,5.94746959,COMPLETE,POSITIVE,6
STRUCTURAL_STACK_V1__N2_05,FULL,historical_true_oos,2026,5,-2.108245172,COMPLETE,NEGATIVE,7
STRUCTURAL_STACK_V1__N2_05,FULL,historical_true_oos,2026,9,5.852758923,COMPLETE,POSITIVE,8
STRUCTURAL_STACK_V1__N2_05,FULL,historical_true_oos,2026,3,-2.522865796,COMPLETE,NEGATIVE,9
STRUCTURAL_STACK_V1__N2_06,NORMALIZED,baseline,2023,1,-0.2178833525,COMPLETE,NEGATIVE,9
STRUCTURAL_STACK_V1__N2_06,NORMALIZED,baseline,2023,1,0.02702984538,COMPLETE,POSITIVE,11
STRUCTURAL_STACK_V1__N2_06,NORMALIZED,baseline,2023,4,-0.0820993684,COMPLETE,NEGATIVE,12
STRUCTURAL_STACK_V1__N2_06,NORMALIZED,baseline,2024,4,0.01073110047,COMPLETE,POSITIVE,1
STRUCTURAL_STACK_V1__N2_06,NORMALIZED,baseline,2024,7,-0.6186136343,COMPLETE,NEGATIVE,2
STRUCTURAL_STACK_V1__N2_06,NORMALIZED,baseline,2024,8,0.4556521555,COMPLETE,POSITIVE,3
STRUCTURAL_STACK_V1__N2_06,NORMALIZED,baseline,2024,5,1.266539255,COMPLETE,POSITIVE,4
STRUCTURAL_STACK_V1__N2_06,NORMALIZED,baseline,2024,3,0.3796072525,COMPLETE,POSITIVE,5
STRUCTURAL_STACK_V1__N2_06,NORMALIZED,baseline,2024,6,1.822407767,COMPLETE,POSITIVE,6
STRUCTURAL_STACK_V1__N2_06,NORMALIZED,baseline,2024,4,1.898076977,COMPLETE,POSITIVE,7
STRUCTURAL_STACK_V1__N2_06,NORMALIZED,baseline,2024,6,0.9908456124,COMPLETE,POSITIVE,8
STRUCTURAL_STACK_V1__N2_06,NORMALIZED,baseline,2024,3,0.8374528244,COMPLETE,POSITIVE,9
STRUCTURAL_STACK_V1__N2_06,NORMALIZED,baseline,2024,4,1.86904787,COMPLETE,POSITIVE,10
STRUCTURAL_STACK_V1__N2_06,NORMALIZED,baseline,2024,7,3.634756558,COMPLETE,POSITIVE,11
STRUCTURAL_STACK_V1__N2_06,NORMALIZED,baseline,2024,2,0.1498902174,COMPLETE,POSITIVE,12
STRUCTURAL_STACK_V1__N2_06,NORMALIZED,walk_forward,2024,3,0.008341802927,COMPLETE,POSITIVE,2
STRUCTURAL_STACK_V1__N2_06,NORMALIZED,walk_forward,2024,7,-1.239136909,COMPLETE,NEGATIVE,3
STRUCTURAL_STACK_V1__N2_06,NORMALIZED,walk_forward,2024,3,0.3796072525,COMPLETE,POSITIVE,5
STRUCTURAL_STACK_V1__N2_06,NORMALIZED,walk_forward,2024,6,1.822407767,COMPLETE,POSITIVE,6
STRUCTURAL_STACK_V1__N2_06,NORMALIZED,walk_forward,2024,5,0.6757699032,COMPLETE,POSITIVE,8
STRUCTURAL_STACK_V1__N2_06,NORMALIZED,walk_forward,2024,3,0.8374528244,COMPLETE,POSITIVE,9
STRUCTURAL_STACK_V1__N2_06,NORMALIZED,walk_forward,2024,5,0.7202788491,COMPLETE,POSITIVE,11
STRUCTURAL_STACK_V1__N2_06,NORMALIZED,walk_forward,2024,2,0.1498902174,COMPLETE,POSITIVE,12
STRUCTURAL_STACK_V1__N2_06,NORMALIZED,historical_true_oos,2025,1,-0.2082793494,COMPLETE,NEGATIVE,2
STRUCTURAL_STACK_V1__N2_06,NORMALIZED,historical_true_oos,2025,1,-0.1052480151,COMPLETE,NEGATIVE,3
STRUCTURAL_STACK_V1__N2_06,NORMALIZED,historical_true_oos,2025,5,1.009598509,COMPLETE,POSITIVE,4
STRUCTURAL_STACK_V1__N2_06,NORMALIZED,historical_true_oos,2025,1,0.8648717242,COMPLETE,POSITIVE,5
STRUCTURAL_STACK_V1__N2_06,NORMALIZED,historical_true_oos,2025,6,0.2319279019,COMPLETE,POSITIVE,7
STRUCTURAL_STACK_V1__N2_06,NORMALIZED,historical_true_oos,2025,1,0.4119935069,COMPLETE,POSITIVE,8
STRUCTURAL_STACK_V1__N2_06,NORMALIZED,historical_true_oos,2025,11,5.566961269,COMPLETE,POSITIVE,9
STRUCTURAL_STACK_V1__N2_06,NORMALIZED,historical_true_oos,2025,11,4.121227354,COMPLETE,POSITIVE,10
STRUCTURAL_STACK_V1__N2_06,NORMALIZED,historical_true_oos,2025,2,-0.9891330334,COMPLETE,NEGATIVE,11
STRUCTURAL_STACK_V1__N2_06,NORMALIZED,historical_true_oos,2025,4,-1.52955438,COMPLETE,NEGATIVE,12
STRUCTURAL_STACK_V1__N2_06,NORMALIZED,historical_true_oos,2026,6,3.143695102,COMPLETE,POSITIVE,1
STRUCTURAL_STACK_V1__N2_06,NORMALIZED,historical_true_oos,2026,1,-0.1181048017,COMPLETE,NEGATIVE,2
STRUCTURAL_STACK_V1__N2_06,NORMALIZED,historical_true_oos,2026,5,1.325481416,COMPLETE,POSITIVE,3
STRUCTURAL_STACK_V1__N2_06,NORMALIZED,historical_true_oos,2026,4,-0.172198046,COMPLETE,NEGATIVE,4
STRUCTURAL_STACK_V1__N2_06,NORMALIZED,historical_true_oos,2026,7,-1.678813626,COMPLETE,NEGATIVE,5
STRUCTURAL_STACK_V1__N2_06,NORMALIZED,historical_true_oos,2026,7,3.201728718,COMPLETE,POSITIVE,6
STRUCTURAL_STACK_V1__N2_06,NORMALIZED,historical_true_oos,2026,5,-1.295610423,COMPLETE,NEGATIVE,7
STRUCTURAL_STACK_V1__N2_06,NORMALIZED,historical_true_oos,2026,9,3.902077638,COMPLETE,POSITIVE,8
STRUCTURAL_STACK_V1__N2_06,NORMALIZED,historical_true_oos,2026,2,-0.02911296228,COMPLETE,NEGATIVE,9
STRUCTURAL_STACK_V1__N2_06,FULL,baseline,2023,1,-0.435766705,COMPLETE,NEGATIVE,9
STRUCTURAL_STACK_V1__N2_06,FULL,baseline,2023,1,0.05405969077,COMPLETE,POSITIVE,11
STRUCTURAL_STACK_V1__N2_06,FULL,baseline,2023,4,-0.1641987368,COMPLETE,NEGATIVE,12
STRUCTURAL_STACK_V1__N2_06,FULL,baseline,2024,4,0.02146220094,COMPLETE,POSITIVE,1
STRUCTURAL_STACK_V1__N2_06,FULL,baseline,2024,7,-1.237227269,COMPLETE,NEGATIVE,2
STRUCTURAL_STACK_V1__N2_06,FULL,baseline,2024,8,0.911304311,COMPLETE,POSITIVE,3
STRUCTURAL_STACK_V1__N2_06,FULL,baseline,2024,5,2.53307851,COMPLETE,POSITIVE,4
STRUCTURAL_STACK_V1__N2_06,FULL,baseline,2024,3,0.759214505,COMPLETE,POSITIVE,5
STRUCTURAL_STACK_V1__N2_06,FULL,baseline,2024,6,3.644815534,COMPLETE,POSITIVE,6
STRUCTURAL_STACK_V1__N2_06,FULL,baseline,2024,4,3.796153953,COMPLETE,POSITIVE,7
STRUCTURAL_STACK_V1__N2_06,FULL,baseline,2024,6,1.981691225,COMPLETE,POSITIVE,8
STRUCTURAL_STACK_V1__N2_06,FULL,baseline,2024,3,1.674905649,COMPLETE,POSITIVE,9
STRUCTURAL_STACK_V1__N2_06,FULL,baseline,2024,4,3.73809574,COMPLETE,POSITIVE,10
STRUCTURAL_STACK_V1__N2_06,FULL,baseline,2024,7,7.269513116,COMPLETE,POSITIVE,11
STRUCTURAL_STACK_V1__N2_06,FULL,baseline,2024,2,0.2997804349,COMPLETE,POSITIVE,12
STRUCTURAL_STACK_V1__N2_06,FULL,walk_forward,2024,3,0.01668360585,COMPLETE,POSITIVE,2
STRUCTURAL_STACK_V1__N2_06,FULL,walk_forward,2024,7,-2.478273818,COMPLETE,NEGATIVE,3
STRUCTURAL_STACK_V1__N2_06,FULL,walk_forward,2024,3,0.759214505,COMPLETE,POSITIVE,5
STRUCTURAL_STACK_V1__N2_06,FULL,walk_forward,2024,6,3.644815534,COMPLETE,POSITIVE,6
STRUCTURAL_STACK_V1__N2_06,FULL,walk_forward,2024,5,1.351539806,COMPLETE,POSITIVE,8
STRUCTURAL_STACK_V1__N2_06,FULL,walk_forward,2024,3,1.674905649,COMPLETE,POSITIVE,9
STRUCTURAL_STACK_V1__N2_06,FULL,walk_forward,2024,5,1.440557698,COMPLETE,POSITIVE,11
STRUCTURAL_STACK_V1__N2_06,FULL,walk_forward,2024,2,0.2997804349,COMPLETE,POSITIVE,12
STRUCTURAL_STACK_V1__N2_06,FULL,historical_true_oos,2025,1,-0.4165586989,COMPLETE,NEGATIVE,2
STRUCTURAL_STACK_V1__N2_06,FULL,historical_true_oos,2025,1,-0.2104960302,COMPLETE,NEGATIVE,3
STRUCTURAL_STACK_V1__N2_06,FULL,historical_true_oos,2025,5,2.019197018,COMPLETE,POSITIVE,4
STRUCTURAL_STACK_V1__N2_06,FULL,historical_true_oos,2025,1,1.729743448,COMPLETE,POSITIVE,5
STRUCTURAL_STACK_V1__N2_06,FULL,historical_true_oos,2025,6,0.4638558038,COMPLETE,POSITIVE,7
STRUCTURAL_STACK_V1__N2_06,FULL,historical_true_oos,2025,1,0.8239870138,COMPLETE,POSITIVE,8
STRUCTURAL_STACK_V1__N2_06,FULL,historical_true_oos,2025,11,11.13392254,COMPLETE,POSITIVE,9
STRUCTURAL_STACK_V1__N2_06,FULL,historical_true_oos,2025,11,8.242454708,COMPLETE,POSITIVE,10
STRUCTURAL_STACK_V1__N2_06,FULL,historical_true_oos,2025,2,-1.978266067,COMPLETE,NEGATIVE,11
STRUCTURAL_STACK_V1__N2_06,FULL,historical_true_oos,2025,4,-3.05910876,COMPLETE,NEGATIVE,12
STRUCTURAL_STACK_V1__N2_06,FULL,historical_true_oos,2026,6,6.287390204,COMPLETE,POSITIVE,1
STRUCTURAL_STACK_V1__N2_06,FULL,historical_true_oos,2026,1,-0.2362096035,COMPLETE,NEGATIVE,2
STRUCTURAL_STACK_V1__N2_06,FULL,historical_true_oos,2026,5,2.650962832,COMPLETE,POSITIVE,3
STRUCTURAL_STACK_V1__N2_06,FULL,historical_true_oos,2026,4,-0.344396092,COMPLETE,NEGATIVE,4
STRUCTURAL_STACK_V1__N2_06,FULL,historical_true_oos,2026,7,-3.357627252,COMPLETE,NEGATIVE,5
STRUCTURAL_STACK_V1__N2_06,FULL,historical_true_oos,2026,7,6.403457436,COMPLETE,POSITIVE,6
STRUCTURAL_STACK_V1__N2_06,FULL,historical_true_oos,2026,5,-2.591220846,COMPLETE,NEGATIVE,7
STRUCTURAL_STACK_V1__N2_06,FULL,historical_true_oos,2026,9,7.804155276,COMPLETE,POSITIVE,8
STRUCTURAL_STACK_V1__N2_06,FULL,historical_true_oos,2026,2,-0.05822592457,COMPLETE,NEGATIVE,9
STRUCTURAL_STACK_V1__N3_01,NORMALIZED,baseline,2023,3,-0.5092103336,COMPLETE,NEGATIVE,2
STRUCTURAL_STACK_V1__N3_01,NORMALIZED,baseline,2023,3,-0.4767179923,COMPLETE,NEGATIVE,3
STRUCTURAL_STACK_V1__N3_01,NORMALIZED,baseline,2023,6,2.679669195,COMPLETE,POSITIVE,4
STRUCTURAL_STACK_V1__N3_01,NORMALIZED,baseline,2023,5,1.545550057,COMPLETE,POSITIVE,5
STRUCTURAL_STACK_V1__N3_01,NORMALIZED,baseline,2023,8,1.269807618,COMPLETE,POSITIVE,6
STRUCTURAL_STACK_V1__N3_01,NORMALIZED,baseline,2023,5,-0.6739610359,COMPLETE,NEGATIVE,7
STRUCTURAL_STACK_V1__N3_01,NORMALIZED,baseline,2023,8,2.211743696,COMPLETE,POSITIVE,8
STRUCTURAL_STACK_V1__N3_01,NORMALIZED,baseline,2023,3,-0.6438028753,COMPLETE,NEGATIVE,9
STRUCTURAL_STACK_V1__N3_01,NORMALIZED,baseline,2023,5,-0.5306331313,COMPLETE,NEGATIVE,10
STRUCTURAL_STACK_V1__N3_01,NORMALIZED,baseline,2023,4,0.1748666703,COMPLETE,POSITIVE,11
STRUCTURAL_STACK_V1__N3_01,NORMALIZED,baseline,2023,9,0.1497937036,COMPLETE,POSITIVE,12
STRUCTURAL_STACK_V1__N3_01,NORMALIZED,baseline,2024,5,0.3344088754,COMPLETE,POSITIVE,1
STRUCTURAL_STACK_V1__N3_01,NORMALIZED,baseline,2024,7,-0.673660121,COMPLETE,NEGATIVE,2
STRUCTURAL_STACK_V1__N3_01,NORMALIZED,baseline,2024,6,0.218126766,COMPLETE,POSITIVE,3
STRUCTURAL_STACK_V1__N3_01,NORMALIZED,baseline,2024,13,1.265022028,COMPLETE,POSITIVE,4
STRUCTURAL_STACK_V1__N3_01,NORMALIZED,baseline,2024,9,-0.2931254877,COMPLETE,NEGATIVE,5
STRUCTURAL_STACK_V1__N3_01,NORMALIZED,baseline,2024,9,5.823233501,COMPLETE,POSITIVE,6
STRUCTURAL_STACK_V1__N3_01,NORMALIZED,baseline,2024,13,-0.1603851819,COMPLETE,NEGATIVE,8
STRUCTURAL_STACK_V1__N3_01,NORMALIZED,baseline,2024,8,0.6598746746,COMPLETE,POSITIVE,9
STRUCTURAL_STACK_V1__N3_01,NORMALIZED,baseline,2024,7,1.508839538,COMPLETE,POSITIVE,10
STRUCTURAL_STACK_V1__N3_01,NORMALIZED,baseline,2024,12,4.349232525,COMPLETE,POSITIVE,11
STRUCTURAL_STACK_V1__N3_01,NORMALIZED,baseline,2024,3,-0.001152035056,COMPLETE,NEGATIVE,12
STRUCTURAL_STACK_V1__N3_01,NORMALIZED,walk_forward,2024,4,-0.4402227025,COMPLETE,NEGATIVE,2
STRUCTURAL_STACK_V1__N3_01,NORMALIZED,walk_forward,2024,6,0.218126766,COMPLETE,POSITIVE,3
STRUCTURAL_STACK_V1__N3_01,NORMALIZED,walk_forward,2024,5,0.4398393779,COMPLETE,POSITIVE,5
STRUCTURAL_STACK_V1__N3_01,NORMALIZED,walk_forward,2024,9,5.823233501,COMPLETE,POSITIVE,6
STRUCTURAL_STACK_V1__N3_01,NORMALIZED,walk_forward,2024,6,-0.02302096533,COMPLETE,NEGATIVE,8
STRUCTURAL_STACK_V1__N3_01,NORMALIZED,walk_forward,2024,8,0.6598746746,COMPLETE,POSITIVE,9
STRUCTURAL_STACK_V1__N3_01,NORMALIZED,walk_forward,2024,9,3.048115298,COMPLETE,POSITIVE,11
STRUCTURAL_STACK_V1__N3_01,NORMALIZED,walk_forward,2024,3,-0.001152035056,COMPLETE,NEGATIVE,12
STRUCTURAL_STACK_V1__N3_01,NORMALIZED,historical_true_oos,2025,2,0.2618661754,COMPLETE,POSITIVE,2
STRUCTURAL_STACK_V1__N3_01,NORMALIZED,historical_true_oos,2025,4,1.143430075,COMPLETE,POSITIVE,3
STRUCTURAL_STACK_V1__N3_01,NORMALIZED,historical_true_oos,2025,8,-1.36870089,COMPLETE,NEGATIVE,4
STRUCTURAL_STACK_V1__N3_01,NORMALIZED,historical_true_oos,2025,1,-0.05728850564,COMPLETE,NEGATIVE,5
STRUCTURAL_STACK_V1__N3_01,NORMALIZED,historical_true_oos,2025,1,-0.2741131766,COMPLETE,NEGATIVE,6
STRUCTURAL_STACK_V1__N3_01,NORMALIZED,historical_true_oos,2025,10,1.759228321,COMPLETE,POSITIVE,7
STRUCTURAL_STACK_V1__N3_01,NORMALIZED,historical_true_oos,2025,1,-0.2449947684,COMPLETE,NEGATIVE,8
STRUCTURAL_STACK_V1__N3_01,NORMALIZED,historical_true_oos,2025,9,9.679138809,COMPLETE,POSITIVE,9
STRUCTURAL_STACK_V1__N3_01,NORMALIZED,historical_true_oos,2025,16,2.595335831,COMPLETE,POSITIVE,10
STRUCTURAL_STACK_V1__N3_01,NORMALIZED,historical_true_oos,2025,7,-1.703066633,COMPLETE,NEGATIVE,11
STRUCTURAL_STACK_V1__N3_01,NORMALIZED,historical_true_oos,2025,12,-1.313607497,COMPLETE,NEGATIVE,12
STRUCTURAL_STACK_V1__N3_01,NORMALIZED,historical_true_oos,2026,8,1.987296772,COMPLETE,POSITIVE,1
STRUCTURAL_STACK_V1__N3_01,NORMALIZED,historical_true_oos,2026,3,-0.6578403733,COMPLETE,NEGATIVE,2
STRUCTURAL_STACK_V1__N3_01,NORMALIZED,historical_true_oos,2026,12,4.447617324,COMPLETE,POSITIVE,3
STRUCTURAL_STACK_V1__N3_01,NORMALIZED,historical_true_oos,2026,3,0.3963673301,COMPLETE,POSITIVE,4
STRUCTURAL_STACK_V1__N3_01,NORMALIZED,historical_true_oos,2026,7,0.6757207374,COMPLETE,POSITIVE,5
STRUCTURAL_STACK_V1__N3_01,NORMALIZED,historical_true_oos,2026,10,2.876283258,COMPLETE,POSITIVE,6
STRUCTURAL_STACK_V1__N3_01,NORMALIZED,historical_true_oos,2026,3,-0.5612407386,COMPLETE,NEGATIVE,7
STRUCTURAL_STACK_V1__N3_01,NORMALIZED,historical_true_oos,2026,18,6.780953313,COMPLETE,POSITIVE,8
STRUCTURAL_STACK_V1__N3_01,NORMALIZED,historical_true_oos,2026,5,-0.8819743103,COMPLETE,NEGATIVE,9
STRUCTURAL_STACK_V1__N3_01,FULL,baseline,2023,3,-1.527631001,COMPLETE,NEGATIVE,2
STRUCTURAL_STACK_V1__N3_01,FULL,baseline,2023,3,-1.430153977,COMPLETE,NEGATIVE,3
STRUCTURAL_STACK_V1__N3_01,FULL,baseline,2023,6,8.039007585,COMPLETE,POSITIVE,4
STRUCTURAL_STACK_V1__N3_01,FULL,baseline,2023,5,4.636650171,COMPLETE,POSITIVE,5
STRUCTURAL_STACK_V1__N3_01,FULL,baseline,2023,8,3.809422854,COMPLETE,POSITIVE,6
STRUCTURAL_STACK_V1__N3_01,FULL,baseline,2023,5,-2.021883108,COMPLETE,NEGATIVE,7
STRUCTURAL_STACK_V1__N3_01,FULL,baseline,2023,8,6.635231087,COMPLETE,POSITIVE,8
STRUCTURAL_STACK_V1__N3_01,FULL,baseline,2023,3,-1.931408626,COMPLETE,NEGATIVE,9
STRUCTURAL_STACK_V1__N3_01,FULL,baseline,2023,5,-1.591899394,COMPLETE,NEGATIVE,10
STRUCTURAL_STACK_V1__N3_01,FULL,baseline,2023,4,0.524600011,COMPLETE,POSITIVE,11
STRUCTURAL_STACK_V1__N3_01,FULL,baseline,2023,9,0.4493811108,COMPLETE,POSITIVE,12
STRUCTURAL_STACK_V1__N3_01,FULL,baseline,2024,5,1.003226626,COMPLETE,POSITIVE,1
STRUCTURAL_STACK_V1__N3_01,FULL,baseline,2024,7,-2.020980363,COMPLETE,NEGATIVE,2
STRUCTURAL_STACK_V1__N3_01,FULL,baseline,2024,6,0.654380298,COMPLETE,POSITIVE,3
STRUCTURAL_STACK_V1__N3_01,FULL,baseline,2024,13,3.795066085,COMPLETE,POSITIVE,4
STRUCTURAL_STACK_V1__N3_01,FULL,baseline,2024,9,-0.879376463,COMPLETE,NEGATIVE,5
STRUCTURAL_STACK_V1__N3_01,FULL,baseline,2024,9,17.4697005,COMPLETE,POSITIVE,6
STRUCTURAL_STACK_V1__N3_01,FULL,baseline,2024,13,-0.4811555456,COMPLETE,NEGATIVE,8
STRUCTURAL_STACK_V1__N3_01,FULL,baseline,2024,8,1.979624024,COMPLETE,POSITIVE,9
STRUCTURAL_STACK_V1__N3_01,FULL,baseline,2024,7,4.526518614,COMPLETE,POSITIVE,10
STRUCTURAL_STACK_V1__N3_01,FULL,baseline,2024,12,13.04769758,COMPLETE,POSITIVE,11
STRUCTURAL_STACK_V1__N3_01,FULL,baseline,2024,3,-0.003456105168,COMPLETE,NEGATIVE,12
STRUCTURAL_STACK_V1__N3_01,FULL,walk_forward,2024,4,-1.320668107,COMPLETE,NEGATIVE,2
STRUCTURAL_STACK_V1__N3_01,FULL,walk_forward,2024,6,0.654380298,COMPLETE,POSITIVE,3
STRUCTURAL_STACK_V1__N3_01,FULL,walk_forward,2024,5,1.319518134,COMPLETE,POSITIVE,5
STRUCTURAL_STACK_V1__N3_01,FULL,walk_forward,2024,9,17.4697005,COMPLETE,POSITIVE,6
STRUCTURAL_STACK_V1__N3_01,FULL,walk_forward,2024,6,-0.06906289599,COMPLETE,NEGATIVE,8
STRUCTURAL_STACK_V1__N3_01,FULL,walk_forward,2024,8,1.979624024,COMPLETE,POSITIVE,9
STRUCTURAL_STACK_V1__N3_01,FULL,walk_forward,2024,9,9.144345893,COMPLETE,POSITIVE,11
STRUCTURAL_STACK_V1__N3_01,FULL,walk_forward,2024,3,-0.003456105168,COMPLETE,NEGATIVE,12
STRUCTURAL_STACK_V1__N3_01,FULL,historical_true_oos,2025,2,0.7855985262,COMPLETE,POSITIVE,2
STRUCTURAL_STACK_V1__N3_01,FULL,historical_true_oos,2025,4,3.430290225,COMPLETE,POSITIVE,3
STRUCTURAL_STACK_V1__N3_01,FULL,historical_true_oos,2025,8,-4.106102669,COMPLETE,NEGATIVE,4
STRUCTURAL_STACK_V1__N3_01,FULL,historical_true_oos,2025,1,-0.1718655169,COMPLETE,NEGATIVE,5
STRUCTURAL_STACK_V1__N3_01,FULL,historical_true_oos,2025,1,-0.8223395297,COMPLETE,NEGATIVE,6
STRUCTURAL_STACK_V1__N3_01,FULL,historical_true_oos,2025,10,5.277684963,COMPLETE,POSITIVE,7
STRUCTURAL_STACK_V1__N3_01,FULL,historical_true_oos,2025,1,-0.7349843052,COMPLETE,NEGATIVE,8
STRUCTURAL_STACK_V1__N3_01,FULL,historical_true_oos,2025,9,29.03741643,COMPLETE,POSITIVE,9
STRUCTURAL_STACK_V1__N3_01,FULL,historical_true_oos,2025,16,7.786007494,COMPLETE,POSITIVE,10
STRUCTURAL_STACK_V1__N3_01,FULL,historical_true_oos,2025,7,-5.1091999,COMPLETE,NEGATIVE,11
STRUCTURAL_STACK_V1__N3_01,FULL,historical_true_oos,2025,12,-3.940822492,COMPLETE,NEGATIVE,12
STRUCTURAL_STACK_V1__N3_01,FULL,historical_true_oos,2026,8,5.961890315,COMPLETE,POSITIVE,1
STRUCTURAL_STACK_V1__N3_01,FULL,historical_true_oos,2026,3,-1.97352112,COMPLETE,NEGATIVE,2
STRUCTURAL_STACK_V1__N3_01,FULL,historical_true_oos,2026,12,13.34285197,COMPLETE,POSITIVE,3
STRUCTURAL_STACK_V1__N3_01,FULL,historical_true_oos,2026,3,1.18910199,COMPLETE,POSITIVE,4
STRUCTURAL_STACK_V1__N3_01,FULL,historical_true_oos,2026,7,2.027162212,COMPLETE,POSITIVE,5
STRUCTURAL_STACK_V1__N3_01,FULL,historical_true_oos,2026,10,8.628849775,COMPLETE,POSITIVE,6
STRUCTURAL_STACK_V1__N3_01,FULL,historical_true_oos,2026,3,-1.683722216,COMPLETE,NEGATIVE,7
STRUCTURAL_STACK_V1__N3_01,FULL,historical_true_oos,2026,18,20.34285994,COMPLETE,POSITIVE,8
STRUCTURAL_STACK_V1__N3_01,FULL,historical_true_oos,2026,5,-2.645922931,COMPLETE,NEGATIVE,9
STRUCTURAL_STACK_V1__N3_02,NORMALIZED,baseline,2023,3,-0.5092103336,COMPLETE,NEGATIVE,2
STRUCTURAL_STACK_V1__N3_02,NORMALIZED,baseline,2023,3,-0.4767179923,COMPLETE,NEGATIVE,3
STRUCTURAL_STACK_V1__N3_02,NORMALIZED,baseline,2023,6,2.679669195,COMPLETE,POSITIVE,4
STRUCTURAL_STACK_V1__N3_02,NORMALIZED,baseline,2023,5,1.545550057,COMPLETE,POSITIVE,5
STRUCTURAL_STACK_V1__N3_02,NORMALIZED,baseline,2023,8,1.269807618,COMPLETE,POSITIVE,6
STRUCTURAL_STACK_V1__N3_02,NORMALIZED,baseline,2023,5,-0.6739610359,COMPLETE,NEGATIVE,7
STRUCTURAL_STACK_V1__N3_02,NORMALIZED,baseline,2023,8,2.211743696,COMPLETE,POSITIVE,8
STRUCTURAL_STACK_V1__N3_02,NORMALIZED,baseline,2023,2,-0.4985473069,COMPLETE,NEGATIVE,9
STRUCTURAL_STACK_V1__N3_02,NORMALIZED,baseline,2023,5,-0.5306331313,COMPLETE,NEGATIVE,10
STRUCTURAL_STACK_V1__N3_02,NORMALIZED,baseline,2023,3,0.1568467734,COMPLETE,POSITIVE,11
STRUCTURAL_STACK_V1__N3_02,NORMALIZED,baseline,2023,5,0.2045266159,COMPLETE,POSITIVE,12
STRUCTURAL_STACK_V1__N3_02,NORMALIZED,baseline,2024,5,0.7313753561,COMPLETE,POSITIVE,1
STRUCTURAL_STACK_V1__N3_02,NORMALIZED,baseline,2024,6,0.003808887606,COMPLETE,POSITIVE,2
STRUCTURAL_STACK_V1__N3_02,NORMALIZED,baseline,2024,4,0.8406203547,COMPLETE,POSITIVE,3
STRUCTURAL_STACK_V1__N3_02,NORMALIZED,baseline,2024,10,0.3346601344,COMPLETE,POSITIVE,4
STRUCTURAL_STACK_V1__N3_02,NORMALIZED,baseline,2024,10,-0.02852205444,COMPLETE,NEGATIVE,5
STRUCTURAL_STACK_V1__N3_02,NORMALIZED,baseline,2024,9,7.586817501,COMPLETE,POSITIVE,6
STRUCTURAL_STACK_V1__N3_02,NORMALIZED,baseline,2024,4,1.265384651,COMPLETE,POSITIVE,7
STRUCTURAL_STACK_V1__N3_02,NORMALIZED,baseline,2024,11,0.03554719223,COMPLETE,POSITIVE,8
STRUCTURAL_STACK_V1__N3_02,NORMALIZED,baseline,2024,7,1.796560837,COMPLETE,POSITIVE,9
STRUCTURAL_STACK_V1__N3_02,NORMALIZED,baseline,2024,5,1.059794541,COMPLETE,POSITIVE,10
STRUCTURAL_STACK_V1__N3_02,NORMALIZED,baseline,2024,11,3.130875119,COMPLETE,POSITIVE,11
STRUCTURAL_STACK_V1__N3_02,NORMALIZED,baseline,2024,3,-0.1408423736,COMPLETE,NEGATIVE,12
STRUCTURAL_STACK_V1__N3_02,NORMALIZED,walk_forward,2024,3,-0.6168883865,COMPLETE,NEGATIVE,2
STRUCTURAL_STACK_V1__N3_02,NORMALIZED,walk_forward,2024,3,-0.2892390215,COMPLETE,NEGATIVE,3
STRUCTURAL_STACK_V1__N3_02,NORMALIZED,walk_forward,2024,6,0.7044428111,COMPLETE,POSITIVE,5
STRUCTURAL_STACK_V1__N3_02,NORMALIZED,walk_forward,2024,9,7.586817501,COMPLETE,POSITIVE,6
STRUCTURAL_STACK_V1__N3_02,NORMALIZED,walk_forward,2024,5,0.3829618816,COMPLETE,POSITIVE,8
STRUCTURAL_STACK_V1__N3_02,NORMALIZED,walk_forward,2024,7,1.796560837,COMPLETE,POSITIVE,9
STRUCTURAL_STACK_V1__N3_02,NORMALIZED,walk_forward,2024,8,3.632550825,COMPLETE,POSITIVE,11
STRUCTURAL_STACK_V1__N3_02,NORMALIZED,walk_forward,2024,3,-0.1408423736,COMPLETE,NEGATIVE,12
STRUCTURAL_STACK_V1__N3_02,NORMALIZED,historical_true_oos,2025,1,0.400719075,COMPLETE,POSITIVE,2
STRUCTURAL_STACK_V1__N3_02,NORMALIZED,historical_true_oos,2025,5,1.073264731,COMPLETE,POSITIVE,3
STRUCTURAL_STACK_V1__N3_02,NORMALIZED,historical_true_oos,2025,9,-0.758343294,COMPLETE,NEGATIVE,4
STRUCTURAL_STACK_V1__N3_02,NORMALIZED,historical_true_oos,2025,2,0.5192926438,COMPLETE,POSITIVE,5
STRUCTURAL_STACK_V1__N3_02,NORMALIZED,historical_true_oos,2025,1,-0.2741131766,COMPLETE,NEGATIVE,6
STRUCTURAL_STACK_V1__N3_02,NORMALIZED,historical_true_oos,2025,12,2.919576473,COMPLETE,POSITIVE,7
STRUCTURAL_STACK_V1__N3_02,NORMALIZED,historical_true_oos,2025,2,0.0296675695,COMPLETE,POSITIVE,8
STRUCTURAL_STACK_V1__N3_02,NORMALIZED,historical_true_oos,2025,10,4.700223098,COMPLETE,POSITIVE,9
STRUCTURAL_STACK_V1__N3_02,NORMALIZED,historical_true_oos,2025,15,1.360646562,COMPLETE,POSITIVE,10
STRUCTURAL_STACK_V1__N3_02,NORMALIZED,historical_true_oos,2025,5,-1.043644611,COMPLETE,NEGATIVE,11
STRUCTURAL_STACK_V1__N3_02,NORMALIZED,historical_true_oos,2025,12,-1.556759899,COMPLETE,NEGATIVE,12
STRUCTURAL_STACK_V1__N3_02,NORMALIZED,historical_true_oos,2026,6,0.4481254439,COMPLETE,POSITIVE,1
STRUCTURAL_STACK_V1__N3_02,NORMALIZED,historical_true_oos,2026,2,-0.5791038388,COMPLETE,NEGATIVE,2
STRUCTURAL_STACK_V1__N3_02,NORMALIZED,historical_true_oos,2026,11,4.693197624,COMPLETE,POSITIVE,3
STRUCTURAL_STACK_V1__N3_02,NORMALIZED,historical_true_oos,2026,7,0.2815686327,COMPLETE,POSITIVE,4
STRUCTURAL_STACK_V1__N3_02,NORMALIZED,historical_true_oos,2026,8,-0.3844322608,COMPLETE,NEGATIVE,5
STRUCTURAL_STACK_V1__N3_02,NORMALIZED,historical_true_oos,2026,13,2.721435907,COMPLETE,POSITIVE,6
STRUCTURAL_STACK_V1__N3_02,NORMALIZED,historical_true_oos,2026,6,-0.8446857641,COMPLETE,NEGATIVE,7
STRUCTURAL_STACK_V1__N3_02,NORMALIZED,historical_true_oos,2026,15,4.605522267,COMPLETE,POSITIVE,8
STRUCTURAL_STACK_V1__N3_02,NORMALIZED,historical_true_oos,2026,5,-1.341673861,COMPLETE,NEGATIVE,9
STRUCTURAL_STACK_V1__N3_02,FULL,baseline,2023,3,-1.527631001,COMPLETE,NEGATIVE,2
STRUCTURAL_STACK_V1__N3_02,FULL,baseline,2023,3,-1.430153977,COMPLETE,NEGATIVE,3
STRUCTURAL_STACK_V1__N3_02,FULL,baseline,2023,6,8.039007585,COMPLETE,POSITIVE,4
STRUCTURAL_STACK_V1__N3_02,FULL,baseline,2023,5,4.636650171,COMPLETE,POSITIVE,5
STRUCTURAL_STACK_V1__N3_02,FULL,baseline,2023,8,3.809422854,COMPLETE,POSITIVE,6
STRUCTURAL_STACK_V1__N3_02,FULL,baseline,2023,5,-2.021883108,COMPLETE,NEGATIVE,7
STRUCTURAL_STACK_V1__N3_02,FULL,baseline,2023,8,6.635231087,COMPLETE,POSITIVE,8
STRUCTURAL_STACK_V1__N3_02,FULL,baseline,2023,2,-1.495641921,COMPLETE,NEGATIVE,9
STRUCTURAL_STACK_V1__N3_02,FULL,baseline,2023,5,-1.591899394,COMPLETE,NEGATIVE,10
STRUCTURAL_STACK_V1__N3_02,FULL,baseline,2023,3,0.4705403202,COMPLETE,POSITIVE,11
STRUCTURAL_STACK_V1__N3_02,FULL,baseline,2023,5,0.6135798476,COMPLETE,POSITIVE,12
STRUCTURAL_STACK_V1__N3_02,FULL,baseline,2024,5,2.194126068,COMPLETE,POSITIVE,1
STRUCTURAL_STACK_V1__N3_02,FULL,baseline,2024,6,0.01142666282,COMPLETE,POSITIVE,2
STRUCTURAL_STACK_V1__N3_02,FULL,baseline,2024,4,2.521861064,COMPLETE,POSITIVE,3
STRUCTURAL_STACK_V1__N3_02,FULL,baseline,2024,10,1.003980403,COMPLETE,POSITIVE,4
STRUCTURAL_STACK_V1__N3_02,FULL,baseline,2024,10,-0.08556616332,COMPLETE,NEGATIVE,5
STRUCTURAL_STACK_V1__N3_02,FULL,baseline,2024,9,22.7604525,COMPLETE,POSITIVE,6
STRUCTURAL_STACK_V1__N3_02,FULL,baseline,2024,4,3.796153953,COMPLETE,POSITIVE,7
STRUCTURAL_STACK_V1__N3_02,FULL,baseline,2024,11,0.1066415767,COMPLETE,POSITIVE,8
STRUCTURAL_STACK_V1__N3_02,FULL,baseline,2024,7,5.389682512,COMPLETE,POSITIVE,9
STRUCTURAL_STACK_V1__N3_02,FULL,baseline,2024,5,3.179383624,COMPLETE,POSITIVE,10
STRUCTURAL_STACK_V1__N3_02,FULL,baseline,2024,11,9.392625356,COMPLETE,POSITIVE,11
STRUCTURAL_STACK_V1__N3_02,FULL,baseline,2024,3,-0.4225271207,COMPLETE,NEGATIVE,12
STRUCTURAL_STACK_V1__N3_02,FULL,walk_forward,2024,3,-1.850665159,COMPLETE,NEGATIVE,2
STRUCTURAL_STACK_V1__N3_02,FULL,walk_forward,2024,3,-0.8677170645,COMPLETE,NEGATIVE,3
STRUCTURAL_STACK_V1__N3_02,FULL,walk_forward,2024,6,2.113328433,COMPLETE,POSITIVE,5
STRUCTURAL_STACK_V1__N3_02,FULL,walk_forward,2024,9,22.7604525,COMPLETE,POSITIVE,6
STRUCTURAL_STACK_V1__N3_02,FULL,walk_forward,2024,5,1.148885645,COMPLETE,POSITIVE,8
STRUCTURAL_STACK_V1__N3_02,FULL,walk_forward,2024,7,5.389682512,COMPLETE,POSITIVE,9
STRUCTURAL_STACK_V1__N3_02,FULL,walk_forward,2024,8,10.89765248,COMPLETE,POSITIVE,11
STRUCTURAL_STACK_V1__N3_02,FULL,walk_forward,2024,3,-0.4225271207,COMPLETE,NEGATIVE,12
STRUCTURAL_STACK_V1__N3_02,FULL,historical_true_oos,2025,1,1.202157225,COMPLETE,POSITIVE,2
STRUCTURAL_STACK_V1__N3_02,FULL,historical_true_oos,2025,5,3.219794194,COMPLETE,POSITIVE,3
STRUCTURAL_STACK_V1__N3_02,FULL,historical_true_oos,2025,9,-2.275029882,COMPLETE,NEGATIVE,4
STRUCTURAL_STACK_V1__N3_02,FULL,historical_true_oos,2025,2,1.557877931,COMPLETE,POSITIVE,5
STRUCTURAL_STACK_V1__N3_02,FULL,historical_true_oos,2025,1,-0.8223395297,COMPLETE,NEGATIVE,6
STRUCTURAL_STACK_V1__N3_02,FULL,historical_true_oos,2025,12,8.75872942,COMPLETE,POSITIVE,7
STRUCTURAL_STACK_V1__N3_02,FULL,historical_true_oos,2025,2,0.08900270851,COMPLETE,POSITIVE,8
STRUCTURAL_STACK_V1__N3_02,FULL,historical_true_oos,2025,10,14.10066929,COMPLETE,POSITIVE,9
STRUCTURAL_STACK_V1__N3_02,FULL,historical_true_oos,2025,15,4.081939685,COMPLETE,POSITIVE,10
STRUCTURAL_STACK_V1__N3_02,FULL,historical_true_oos,2025,5,-3.130933833,COMPLETE,NEGATIVE,11
STRUCTURAL_STACK_V1__N3_02,FULL,historical_true_oos,2025,12,-4.670279696,COMPLETE,NEGATIVE,12
STRUCTURAL_STACK_V1__N3_02,FULL,historical_true_oos,2026,6,1.344376332,COMPLETE,POSITIVE,1
STRUCTURAL_STACK_V1__N3_02,FULL,historical_true_oos,2026,2,-1.737311516,COMPLETE,NEGATIVE,2
STRUCTURAL_STACK_V1__N3_02,FULL,historical_true_oos,2026,11,14.07959287,COMPLETE,POSITIVE,3
STRUCTURAL_STACK_V1__N3_02,FULL,historical_true_oos,2026,7,0.8447058982,COMPLETE,POSITIVE,4
STRUCTURAL_STACK_V1__N3_02,FULL,historical_true_oos,2026,8,-1.153296782,COMPLETE,NEGATIVE,5
STRUCTURAL_STACK_V1__N3_02,FULL,historical_true_oos,2026,13,8.16430772,COMPLETE,POSITIVE,6
STRUCTURAL_STACK_V1__N3_02,FULL,historical_true_oos,2026,6,-2.534057292,COMPLETE,NEGATIVE,7
STRUCTURAL_STACK_V1__N3_02,FULL,historical_true_oos,2026,15,13.8165668,COMPLETE,POSITIVE,8
STRUCTURAL_STACK_V1__N3_02,FULL,historical_true_oos,2026,5,-4.025021583,COMPLETE,NEGATIVE,9
STRUCTURAL_STACK_V1__N3_03,NORMALIZED,baseline,2023,2,-0.3112054208,COMPLETE,NEGATIVE,2
STRUCTURAL_STACK_V1__N3_03,NORMALIZED,baseline,2023,1,-0.3345378148,COMPLETE,NEGATIVE,3
STRUCTURAL_STACK_V1__N3_03,NORMALIZED,baseline,2023,3,1.438274686,COMPLETE,POSITIVE,4
STRUCTURAL_STACK_V1__N3_03,NORMALIZED,baseline,2023,3,0.733085333,COMPLETE,POSITIVE,5
STRUCTURAL_STACK_V1__N3_03,NORMALIZED,baseline,2023,5,0.7251615471,COMPLETE,POSITIVE,6
STRUCTURAL_STACK_V1__N3_03,NORMALIZED,baseline,2023,2,0.1826199168,COMPLETE,POSITIVE,7
STRUCTURAL_STACK_V1__N3_03,NORMALIZED,baseline,2023,5,1.783523158,COMPLETE,POSITIVE,8
STRUCTURAL_STACK_V1__N3_03,NORMALIZED,baseline,2023,2,-0.388955805,COMPLETE,NEGATIVE,9
STRUCTURAL_STACK_V1__N3_03,NORMALIZED,baseline,2023,3,-0.1970622312,COMPLETE,NEGATIVE,10
STRUCTURAL_STACK_V1__N3_03,NORMALIZED,baseline,2023,3,0.5167829021,COMPLETE,POSITIVE,11
STRUCTURAL_STACK_V1__N3_03,NORMALIZED,baseline,2023,6,0.7380608924,COMPLETE,POSITIVE,12
STRUCTURAL_STACK_V1__N3_03,NORMALIZED,baseline,2024,6,-0.2582574266,COMPLETE,NEGATIVE,1
STRUCTURAL_STACK_V1__N3_03,NORMALIZED,baseline,2024,8,-0.6854734347,COMPLETE,NEGATIVE,2
STRUCTURAL_STACK_V1__N3_03,NORMALIZED,baseline,2024,9,0.6812576122,COMPLETE,POSITIVE,3
STRUCTURAL_STACK_V1__N3_03,NORMALIZED,baseline,2024,10,0.4613132395,COMPLETE,POSITIVE,4
STRUCTURAL_STACK_V1__N3_03,NORMALIZED,baseline,2024,7,-0.2034309767,COMPLETE,NEGATIVE,5
STRUCTURAL_STACK_V1__N3_03,NORMALIZED,baseline,2024,9,3.260999697,COMPLETE,POSITIVE,6
STRUCTURAL_STACK_V1__N3_03,NORMALIZED,baseline,2024,4,1.265384651,COMPLETE,POSITIVE,7
STRUCTURAL_STACK_V1__N3_03,NORMALIZED,baseline,2024,13,0.6520396762,COMPLETE,POSITIVE,8
STRUCTURAL_STACK_V1__N3_03,NORMALIZED,baseline,2024,5,0.9084748816,COMPLETE,POSITIVE,9
STRUCTURAL_STACK_V1__N3_03,NORMALIZED,baseline,2024,6,1.95626014,COMPLETE,POSITIVE,10
STRUCTURAL_STACK_V1__N3_03,NORMALIZED,baseline,2024,11,3.506797552,COMPLETE,POSITIVE,11
STRUCTURAL_STACK_V1__N3_03,NORMALIZED,baseline,2024,3,0.2272153767,COMPLETE,POSITIVE,12
STRUCTURAL_STACK_V1__N3_03,NORMALIZED,walk_forward,2024,4,-0.2675031433,COMPLETE,NEGATIVE,2
STRUCTURAL_STACK_V1__N3_03,NORMALIZED,walk_forward,2024,8,-0.448601764,COMPLETE,NEGATIVE,3
STRUCTURAL_STACK_V1__N3_03,NORMALIZED,walk_forward,2024,5,-0.0310776885,COMPLETE,NEGATIVE,5
STRUCTURAL_STACK_V1__N3_03,NORMALIZED,walk_forward,2024,9,3.260999697,COMPLETE,POSITIVE,6
STRUCTURAL_STACK_V1__N3_03,NORMALIZED,walk_forward,2024,7,0.7014530027,COMPLETE,POSITIVE,8
STRUCTURAL_STACK_V1__N3_03,NORMALIZED,walk_forward,2024,5,0.9084748816,COMPLETE,POSITIVE,9
STRUCTURAL_STACK_V1__N3_03,NORMALIZED,walk_forward,2024,7,2.135584222,COMPLETE,POSITIVE,11
STRUCTURAL_STACK_V1__N3_03,NORMALIZED,walk_forward,2024,3,0.2272153767,COMPLETE,POSITIVE,12
STRUCTURAL_STACK_V1__N3_03,NORMALIZED,historical_true_oos,2025,1,-0.1388528996,COMPLETE,NEGATIVE,2
STRUCTURAL_STACK_V1__N3_03,NORMALIZED,historical_true_oos,2025,3,0.4866621542,COMPLETE,POSITIVE,3
STRUCTURAL_STACK_V1__N3_03,NORMALIZED,historical_true_oos,2025,8,-0.03441559229,COMPLETE,NEGATIVE,4
STRUCTURAL_STACK_V1__N3_03,NORMALIZED,historical_true_oos,2025,2,0.5192926438,COMPLETE,POSITIVE,5
STRUCTURAL_STACK_V1__N3_03,NORMALIZED,historical_true_oos,2025,10,0.8559737954,COMPLETE,POSITIVE,7
STRUCTURAL_STACK_V1__N3_03,NORMALIZED,historical_true_oos,2025,1,0.2746623379,COMPLETE,POSITIVE,8
STRUCTURAL_STACK_V1__N3_03,NORMALIZED,historical_true_oos,2025,13,6.437021769,COMPLETE,POSITIVE,9
STRUCTURAL_STACK_V1__N3_03,NORMALIZED,historical_true_oos,2025,15,3.375160359,COMPLETE,POSITIVE,10
STRUCTURAL_STACK_V1__N3_03,NORMALIZED,historical_true_oos,2025,5,-1.175365827,COMPLETE,NEGATIVE,11
STRUCTURAL_STACK_V1__N3_03,NORMALIZED,historical_true_oos,2025,9,-1.640144205,COMPLETE,NEGATIVE,12
STRUCTURAL_STACK_V1__N3_03,NORMALIZED,historical_true_oos,2026,8,1.979878527,COMPLETE,POSITIVE,1
STRUCTURAL_STACK_V1__N3_03,NORMALIZED,historical_true_oos,2026,2,-0.3161480166,COMPLETE,NEGATIVE,2
STRUCTURAL_STACK_V1__N3_03,NORMALIZED,historical_true_oos,2026,9,3.503751895,COMPLETE,POSITIVE,3
STRUCTURAL_STACK_V1__N3_03,NORMALIZED,historical_true_oos,2026,6,-0.001648497225,COMPLETE,NEGATIVE,4
STRUCTURAL_STACK_V1__N3_03,NORMALIZED,historical_true_oos,2026,9,-0.8108800711,COMPLETE,NEGATIVE,5
STRUCTURAL_STACK_V1__N3_03,NORMALIZED,historical_true_oos,2026,11,2.873431855,COMPLETE,POSITIVE,6
STRUCTURAL_STACK_V1__N3_03,NORMALIZED,historical_true_oos,2026,6,-1.005677655,COMPLETE,NEGATIVE,7
STRUCTURAL_STACK_V1__N3_03,NORMALIZED,historical_true_oos,2026,15,5.255987718,COMPLETE,POSITIVE,8
STRUCTURAL_STACK_V1__N3_03,NORMALIZED,historical_true_oos,2026,4,-0.5201272371,COMPLETE,NEGATIVE,9
STRUCTURAL_STACK_V1__N3_03,FULL,baseline,2023,2,-0.9336162625,COMPLETE,NEGATIVE,2
STRUCTURAL_STACK_V1__N3_03,FULL,baseline,2023,1,-1.003613444,COMPLETE,NEGATIVE,3
STRUCTURAL_STACK_V1__N3_03,FULL,baseline,2023,3,4.314824057,COMPLETE,POSITIVE,4
STRUCTURAL_STACK_V1__N3_03,FULL,baseline,2023,3,2.199255999,COMPLETE,POSITIVE,5
STRUCTURAL_STACK_V1__N3_03,FULL,baseline,2023,5,2.175484641,COMPLETE,POSITIVE,6
STRUCTURAL_STACK_V1__N3_03,FULL,baseline,2023,2,0.5478597503,COMPLETE,POSITIVE,7
STRUCTURAL_STACK_V1__N3_03,FULL,baseline,2023,5,5.350569474,COMPLETE,POSITIVE,8
STRUCTURAL_STACK_V1__N3_03,FULL,baseline,2023,2,-1.166867415,COMPLETE,NEGATIVE,9
STRUCTURAL_STACK_V1__N3_03,FULL,baseline,2023,3,-0.5911866935,COMPLETE,NEGATIVE,10
STRUCTURAL_STACK_V1__N3_03,FULL,baseline,2023,3,1.550348706,COMPLETE,POSITIVE,11
STRUCTURAL_STACK_V1__N3_03,FULL,baseline,2023,6,2.214182677,COMPLETE,POSITIVE,12
STRUCTURAL_STACK_V1__N3_03,FULL,baseline,2024,6,-0.7747722798,COMPLETE,NEGATIVE,1
STRUCTURAL_STACK_V1__N3_03,FULL,baseline,2024,8,-2.056420304,COMPLETE,NEGATIVE,2
STRUCTURAL_STACK_V1__N3_03,FULL,baseline,2024,9,2.043772837,COMPLETE,POSITIVE,3
STRUCTURAL_STACK_V1__N3_03,FULL,baseline,2024,10,1.383939718,COMPLETE,POSITIVE,4
STRUCTURAL_STACK_V1__N3_03,FULL,baseline,2024,7,-0.6102929301,COMPLETE,NEGATIVE,5
STRUCTURAL_STACK_V1__N3_03,FULL,baseline,2024,9,9.782999091,COMPLETE,POSITIVE,6
STRUCTURAL_STACK_V1__N3_03,FULL,baseline,2024,4,3.796153953,COMPLETE,POSITIVE,7
STRUCTURAL_STACK_V1__N3_03,FULL,baseline,2024,13,1.956119029,COMPLETE,POSITIVE,8
STRUCTURAL_STACK_V1__N3_03,FULL,baseline,2024,5,2.725424645,COMPLETE,POSITIVE,9
STRUCTURAL_STACK_V1__N3_03,FULL,baseline,2024,6,5.868780419,COMPLETE,POSITIVE,10
STRUCTURAL_STACK_V1__N3_03,FULL,baseline,2024,11,10.52039266,COMPLETE,POSITIVE,11
STRUCTURAL_STACK_V1__N3_03,FULL,baseline,2024,3,0.6816461302,COMPLETE,POSITIVE,12
STRUCTURAL_STACK_V1__N3_03,FULL,walk_forward,2024,4,-0.8025094298,COMPLETE,NEGATIVE,2
STRUCTURAL_STACK_V1__N3_03,FULL,walk_forward,2024,8,-1.345805292,COMPLETE,NEGATIVE,3
STRUCTURAL_STACK_V1__N3_03,FULL,walk_forward,2024,5,-0.09323306549,COMPLETE,NEGATIVE,5
STRUCTURAL_STACK_V1__N3_03,FULL,walk_forward,2024,9,9.782999091,COMPLETE,POSITIVE,6
STRUCTURAL_STACK_V1__N3_03,FULL,walk_forward,2024,7,2.104359008,COMPLETE,POSITIVE,8
STRUCTURAL_STACK_V1__N3_03,FULL,walk_forward,2024,5,2.725424645,COMPLETE,POSITIVE,9
STRUCTURAL_STACK_V1__N3_03,FULL,walk_forward,2024,7,6.406752666,COMPLETE,POSITIVE,11
STRUCTURAL_STACK_V1__N3_03,FULL,walk_forward,2024,3,0.6816461302,COMPLETE,POSITIVE,12
STRUCTURAL_STACK_V1__N3_03,FULL,historical_true_oos,2025,1,-0.4165586989,COMPLETE,NEGATIVE,2
STRUCTURAL_STACK_V1__N3_03,FULL,historical_true_oos,2025,3,1.459986462,COMPLETE,POSITIVE,3
STRUCTURAL_STACK_V1__N3_03,FULL,historical_true_oos,2025,8,-0.1032467769,COMPLETE,NEGATIVE,4
STRUCTURAL_STACK_V1__N3_03,FULL,historical_true_oos,2025,2,1.557877931,COMPLETE,POSITIVE,5
STRUCTURAL_STACK_V1__N3_03,FULL,historical_true_oos,2025,10,2.567921386,COMPLETE,POSITIVE,7
STRUCTURAL_STACK_V1__N3_03,FULL,historical_true_oos,2025,1,0.8239870138,COMPLETE,POSITIVE,8
STRUCTURAL_STACK_V1__N3_03,FULL,historical_true_oos,2025,13,19.31106531,COMPLETE,POSITIVE,9
STRUCTURAL_STACK_V1__N3_03,FULL,historical_true_oos,2025,15,10.12548108,COMPLETE,POSITIVE,10
STRUCTURAL_STACK_V1__N3_03,FULL,historical_true_oos,2025,5,-3.526097481,COMPLETE,NEGATIVE,11
STRUCTURAL_STACK_V1__N3_03,FULL,historical_true_oos,2025,9,-4.920432615,COMPLETE,NEGATIVE,12
STRUCTURAL_STACK_V1__N3_03,FULL,historical_true_oos,2026,8,5.939635582,COMPLETE,POSITIVE,1
STRUCTURAL_STACK_V1__N3_03,FULL,historical_true_oos,2026,2,-0.9484440499,COMPLETE,NEGATIVE,2
STRUCTURAL_STACK_V1__N3_03,FULL,historical_true_oos,2026,9,10.51125568,COMPLETE,POSITIVE,3
STRUCTURAL_STACK_V1__N3_03,FULL,historical_true_oos,2026,6,-0.004945491674,COMPLETE,NEGATIVE,4
STRUCTURAL_STACK_V1__N3_03,FULL,historical_true_oos,2026,9,-2.432640213,COMPLETE,NEGATIVE,5
STRUCTURAL_STACK_V1__N3_03,FULL,historical_true_oos,2026,11,8.620295566,COMPLETE,POSITIVE,6
STRUCTURAL_STACK_V1__N3_03,FULL,historical_true_oos,2026,6,-3.017032966,COMPLETE,NEGATIVE,7
STRUCTURAL_STACK_V1__N3_03,FULL,historical_true_oos,2026,15,15.76796315,COMPLETE,POSITIVE,8
STRUCTURAL_STACK_V1__N3_03,FULL,historical_true_oos,2026,4,-1.560381711,COMPLETE,NEGATIVE,9
STRUCTURAL_STACK_V1__N3_04,NORMALIZED,baseline,2023,1,-0.1980049128,COMPLETE,NEGATIVE,2
STRUCTURAL_STACK_V1__N3_04,NORMALIZED,baseline,2023,2,-0.1421801775,COMPLETE,NEGATIVE,3
STRUCTURAL_STACK_V1__N3_04,NORMALIZED,baseline,2023,3,1.24139451,COMPLETE,POSITIVE,4
STRUCTURAL_STACK_V1__N3_04,NORMALIZED,baseline,2023,2,0.8124647241,COMPLETE,POSITIVE,5
STRUCTURAL_STACK_V1__N3_04,NORMALIZED,baseline,2023,3,0.5446460708,COMPLETE,POSITIVE,6
STRUCTURAL_STACK_V1__N3_04,NORMALIZED,baseline,2023,3,-0.8565809527,COMPLETE,NEGATIVE,7
STRUCTURAL_STACK_V1__N3_04,NORMALIZED,baseline,2023,3,0.4282205377,COMPLETE,POSITIVE,8
STRUCTURAL_STACK_V1__N3_04,NORMALIZED,baseline,2023,2,-0.4001026387,COMPLETE,NEGATIVE,9
STRUCTURAL_STACK_V1__N3_04,NORMALIZED,baseline,2023,2,-0.3335709001,COMPLETE,NEGATIVE,10
STRUCTURAL_STACK_V1__N3_04,NORMALIZED,baseline,2023,2,-0.3238963349,COMPLETE,NEGATIVE,11
STRUCTURAL_STACK_V1__N3_04,NORMALIZED,baseline,2023,7,-0.6430001011,COMPLETE,NEGATIVE,12
STRUCTURAL_STACK_V1__N3_04,NORMALIZED,baseline,2024,5,0.8018806428,COMPLETE,POSITIVE,1
STRUCTURAL_STACK_V1__N3_04,NORMALIZED,baseline,2024,9,-0.2680658162,COMPLETE,NEGATIVE,2
STRUCTURAL_STACK_V1__N3_04,NORMALIZED,baseline,2024,8,0.3037681037,COMPLETE,POSITIVE,3
STRUCTURAL_STACK_V1__N3_04,NORMALIZED,baseline,2024,9,1.605067097,COMPLETE,POSITIVE,4
STRUCTURAL_STACK_V1__N3_04,NORMALIZED,baseline,2024,7,0.4222144581,COMPLETE,POSITIVE,5
STRUCTURAL_STACK_V1__N3_04,NORMALIZED,baseline,2024,9,5.266433571,COMPLETE,POSITIVE,6
STRUCTURAL_STACK_V1__N3_04,NORMALIZED,baseline,2024,4,1.265384651,COMPLETE,POSITIVE,7
STRUCTURAL_STACK_V1__N3_04,NORMALIZED,baseline,2024,8,0.2763869414,COMPLETE,POSITIVE,8
STRUCTURAL_STACK_V1__N3_04,NORMALIZED,baseline,2024,7,1.157195699,COMPLETE,POSITIVE,9
STRUCTURAL_STACK_V1__N3_04,NORMALIZED,baseline,2024,6,1.19710477,COMPLETE,POSITIVE,10
STRUCTURAL_STACK_V1__N3_04,NORMALIZED,baseline,2024,11,3.868012828,COMPLETE,POSITIVE,11
STRUCTURAL_STACK_V1__N3_04,NORMALIZED,baseline,2024,3,-0.1483223636,COMPLETE,NEGATIVE,12
STRUCTURAL_STACK_V1__N3_04,NORMALIZED,walk_forward,2024,4,-0.2527105983,COMPLETE,NEGATIVE,2
STRUCTURAL_STACK_V1__N3_04,NORMALIZED,walk_forward,2024,7,-0.8260912725,COMPLETE,NEGATIVE,3
STRUCTURAL_STACK_V1__N3_04,NORMALIZED,walk_forward,2024,5,0.9828260355,COMPLETE,POSITIVE,5
STRUCTURAL_STACK_V1__N3_04,NORMALIZED,walk_forward,2024,9,5.266433571,COMPLETE,POSITIVE,6
STRUCTURAL_STACK_V1__N3_04,NORMALIZED,walk_forward,2024,6,0.1542873586,COMPLETE,POSITIVE,8
STRUCTURAL_STACK_V1__N3_04,NORMALIZED,walk_forward,2024,7,1.157195699,COMPLETE,POSITIVE,9
STRUCTURAL_STACK_V1__N3_04,NORMALIZED,walk_forward,2024,9,1.925027689,COMPLETE,POSITIVE,11
STRUCTURAL_STACK_V1__N3_04,NORMALIZED,walk_forward,2024,3,-0.1483223636,COMPLETE,NEGATIVE,12
STRUCTURAL_STACK_V1__N3_04,NORMALIZED,historical_true_oos,2025,2,0.2618661754,COMPLETE,POSITIVE,2
STRUCTURAL_STACK_V1__N3_04,NORMALIZED,historical_true_oos,2025,3,0.5164372339,COMPLETE,POSITIVE,3
STRUCTURAL_STACK_V1__N3_04,NORMALIZED,historical_true_oos,2025,8,-0.01950799053,COMPLETE,NEGATIVE,4
STRUCTURAL_STACK_V1__N3_04,NORMALIZED,historical_true_oos,2025,1,0.5765811494,COMPLETE,POSITIVE,5
STRUCTURAL_STACK_V1__N3_04,NORMALIZED,historical_true_oos,2025,1,-0.2741131766,COMPLETE,NEGATIVE,6
STRUCTURAL_STACK_V1__N3_04,NORMALIZED,historical_true_oos,2025,10,1.715356504,COMPLETE,POSITIVE,7
STRUCTURAL_STACK_V1__N3_04,NORMALIZED,historical_true_oos,2025,2,0.0296675695,COMPLETE,POSITIVE,8
STRUCTURAL_STACK_V1__N3_04,NORMALIZED,historical_true_oos,2025,13,6.319620453,COMPLETE,POSITIVE,9
STRUCTURAL_STACK_V1__N3_04,NORMALIZED,historical_true_oos,2025,17,2.724058191,COMPLETE,POSITIVE,10
STRUCTURAL_STACK_V1__N3_04,NORMALIZED,historical_true_oos,2025,4,-1.187122829,COMPLETE,NEGATIVE,11
STRUCTURAL_STACK_V1__N3_04,NORMALIZED,historical_true_oos,2025,9,-1.324593873,COMPLETE,NEGATIVE,12
STRUCTURAL_STACK_V1__N3_04,NORMALIZED,historical_true_oos,2026,8,2.381527683,COMPLETE,POSITIVE,1
STRUCTURAL_STACK_V1__N3_04,NORMALIZED,historical_true_oos,2026,2,-0.4204288911,COMPLETE,NEGATIVE,2
STRUCTURAL_STACK_V1__N3_04,NORMALIZED,historical_true_oos,2026,10,2.392136995,COMPLETE,POSITIVE,3
STRUCTURAL_STACK_V1__N3_04,NORMALIZED,historical_true_oos,2026,5,0.1684184326,COMPLETE,POSITIVE,4
STRUCTURAL_STACK_V1__N3_04,NORMALIZED,historical_true_oos,2026,9,-0.7222893166,COMPLETE,NEGATIVE,5
STRUCTURAL_STACK_V1__N3_04,NORMALIZED,historical_true_oos,2026,11,3.127156445,COMPLETE,POSITIVE,6
STRUCTURAL_STACK_V1__N3_04,NORMALIZED,historical_true_oos,2026,6,-0.9928960189,COMPLETE,NEGATIVE,7
STRUCTURAL_STACK_V1__N3_04,NORMALIZED,historical_true_oos,2026,15,4.33932771,COMPLETE,POSITIVE,8
STRUCTURAL_STACK_V1__N3_04,NORMALIZED,historical_true_oos,2026,4,-0.6208098109,COMPLETE,NEGATIVE,9
STRUCTURAL_STACK_V1__N3_04,FULL,baseline,2023,1,-0.5940147384,COMPLETE,NEGATIVE,2
STRUCTURAL_STACK_V1__N3_04,FULL,baseline,2023,2,-0.4265405325,COMPLETE,NEGATIVE,3
STRUCTURAL_STACK_V1__N3_04,FULL,baseline,2023,3,3.724183529,COMPLETE,POSITIVE,4
STRUCTURAL_STACK_V1__N3_04,FULL,baseline,2023,2,2.437394172,COMPLETE,POSITIVE,5
STRUCTURAL_STACK_V1__N3_04,FULL,baseline,2023,3,1.633938212,COMPLETE,POSITIVE,6
STRUCTURAL_STACK_V1__N3_04,FULL,baseline,2023,3,-2.569742858,COMPLETE,NEGATIVE,7
STRUCTURAL_STACK_V1__N3_04,FULL,baseline,2023,3,1.284661613,COMPLETE,POSITIVE,8
STRUCTURAL_STACK_V1__N3_04,FULL,baseline,2023,2,-1.200307916,COMPLETE,NEGATIVE,9
STRUCTURAL_STACK_V1__N3_04,FULL,baseline,2023,2,-1.0007127,COMPLETE,NEGATIVE,10
STRUCTURAL_STACK_V1__N3_04,FULL,baseline,2023,2,-0.9716890047,COMPLETE,NEGATIVE,11
STRUCTURAL_STACK_V1__N3_04,FULL,baseline,2023,7,-1.929000303,COMPLETE,NEGATIVE,12
STRUCTURAL_STACK_V1__N3_04,FULL,baseline,2024,5,2.405641928,COMPLETE,POSITIVE,1
STRUCTURAL_STACK_V1__N3_04,FULL,baseline,2024,9,-0.8041974486,COMPLETE,NEGATIVE,2
STRUCTURAL_STACK_V1__N3_04,FULL,baseline,2024,8,0.911304311,COMPLETE,POSITIVE,3
STRUCTURAL_STACK_V1__N3_04,FULL,baseline,2024,9,4.815201291,COMPLETE,POSITIVE,4
STRUCTURAL_STACK_V1__N3_04,FULL,baseline,2024,7,1.266643374,COMPLETE,POSITIVE,5
STRUCTURAL_STACK_V1__N3_04,FULL,baseline,2024,9,15.79930071,COMPLETE,POSITIVE,6
STRUCTURAL_STACK_V1__N3_04,FULL,baseline,2024,4,3.796153953,COMPLETE,POSITIVE,7
STRUCTURAL_STACK_V1__N3_04,FULL,baseline,2024,8,0.8291608241,COMPLETE,POSITIVE,8
STRUCTURAL_STACK_V1__N3_04,FULL,baseline,2024,7,3.471587096,COMPLETE,POSITIVE,9
STRUCTURAL_STACK_V1__N3_04,FULL,baseline,2024,6,3.591314309,COMPLETE,POSITIVE,10
STRUCTURAL_STACK_V1__N3_04,FULL,baseline,2024,11,11.60403848,COMPLETE,POSITIVE,11
STRUCTURAL_STACK_V1__N3_04,FULL,baseline,2024,3,-0.4449670908,COMPLETE,NEGATIVE,12
STRUCTURAL_STACK_V1__N3_04,FULL,walk_forward,2024,4,-0.7581317948,COMPLETE,NEGATIVE,2
STRUCTURAL_STACK_V1__N3_04,FULL,walk_forward,2024,7,-2.478273818,COMPLETE,NEGATIVE,3
STRUCTURAL_STACK_V1__N3_04,FULL,walk_forward,2024,5,2.948478106,COMPLETE,POSITIVE,5
STRUCTURAL_STACK_V1__N3_04,FULL,walk_forward,2024,9,15.79930071,COMPLETE,POSITIVE,6
STRUCTURAL_STACK_V1__N3_04,FULL,walk_forward,2024,6,0.4628620758,COMPLETE,POSITIVE,8
STRUCTURAL_STACK_V1__N3_04,FULL,walk_forward,2024,7,3.471587096,COMPLETE,POSITIVE,9
STRUCTURAL_STACK_V1__N3_04,FULL,walk_forward,2024,9,5.775083066,COMPLETE,POSITIVE,11
STRUCTURAL_STACK_V1__N3_04,FULL,walk_forward,2024,3,-0.4449670908,COMPLETE,NEGATIVE,12
STRUCTURAL_STACK_V1__N3_04,FULL,historical_true_oos,2025,2,0.7855985262,COMPLETE,POSITIVE,2
STRUCTURAL_STACK_V1__N3_04,FULL,historical_true_oos,2025,3,1.549311702,COMPLETE,POSITIVE,3
STRUCTURAL_STACK_V1__N3_04,FULL,historical_true_oos,2025,8,-0.05852397158,COMPLETE,NEGATIVE,4
STRUCTURAL_STACK_V1__N3_04,FULL,historical_true_oos,2025,1,1.729743448,COMPLETE,POSITIVE,5
STRUCTURAL_STACK_V1__N3_04,FULL,historical_true_oos,2025,1,-0.8223395297,COMPLETE,NEGATIVE,6
STRUCTURAL_STACK_V1__N3_04,FULL,historical_true_oos,2025,10,5.146069511,COMPLETE,POSITIVE,7
STRUCTURAL_STACK_V1__N3_04,FULL,historical_true_oos,2025,2,0.08900270851,COMPLETE,POSITIVE,8
STRUCTURAL_STACK_V1__N3_04,FULL,historical_true_oos,2025,13,18.95886136,COMPLETE,POSITIVE,9
STRUCTURAL_STACK_V1__N3_04,FULL,historical_true_oos,2025,17,8.172174573,COMPLETE,POSITIVE,10
STRUCTURAL_STACK_V1__N3_04,FULL,historical_true_oos,2025,4,-3.561368486,COMPLETE,NEGATIVE,11
STRUCTURAL_STACK_V1__N3_04,FULL,historical_true_oos,2025,9,-3.973781619,COMPLETE,NEGATIVE,12
STRUCTURAL_STACK_V1__N3_04,FULL,historical_true_oos,2026,8,7.144583048,COMPLETE,POSITIVE,1
STRUCTURAL_STACK_V1__N3_04,FULL,historical_true_oos,2026,2,-1.261286673,COMPLETE,NEGATIVE,2
STRUCTURAL_STACK_V1__N3_04,FULL,historical_true_oos,2026,10,7.176410985,COMPLETE,POSITIVE,3
STRUCTURAL_STACK_V1__N3_04,FULL,historical_true_oos,2026,5,0.5052552979,COMPLETE,POSITIVE,4
STRUCTURAL_STACK_V1__N3_04,FULL,historical_true_oos,2026,9,-2.16686795,COMPLETE,NEGATIVE,5
STRUCTURAL_STACK_V1__N3_04,FULL,historical_true_oos,2026,11,9.381469336,COMPLETE,POSITIVE,6
STRUCTURAL_STACK_V1__N3_04,FULL,historical_true_oos,2026,6,-2.978688057,COMPLETE,NEGATIVE,7
STRUCTURAL_STACK_V1__N3_04,FULL,historical_true_oos,2026,15,13.01798313,COMPLETE,POSITIVE,8
STRUCTURAL_STACK_V1__N3_04,FULL,historical_true_oos,2026,4,-1.862429433,COMPLETE,NEGATIVE,9
STRUCTURAL_STACK_V1__N4_01,NORMALIZED,baseline,2023,3,-0.3819077502,COMPLETE,NEGATIVE,2
STRUCTURAL_STACK_V1__N4_01,NORMALIZED,baseline,2023,3,-0.3575384942,COMPLETE,NEGATIVE,3
STRUCTURAL_STACK_V1__N4_01,NORMALIZED,baseline,2023,6,2.009751896,COMPLETE,POSITIVE,4
STRUCTURAL_STACK_V1__N4_01,NORMALIZED,baseline,2023,5,1.159162543,COMPLETE,POSITIVE,5
STRUCTURAL_STACK_V1__N4_01,NORMALIZED,baseline,2023,8,0.9523557134,COMPLETE,POSITIVE,6
STRUCTURAL_STACK_V1__N4_01,NORMALIZED,baseline,2023,5,-0.505470777,COMPLETE,NEGATIVE,7
STRUCTURAL_STACK_V1__N4_01,NORMALIZED,baseline,2023,8,1.658807772,COMPLETE,POSITIVE,8
STRUCTURAL_STACK_V1__N4_01,NORMALIZED,baseline,2023,3,-0.4828521565,COMPLETE,NEGATIVE,9
STRUCTURAL_STACK_V1__N4_01,NORMALIZED,baseline,2023,5,-0.3979748484,COMPLETE,NEGATIVE,10
STRUCTURAL_STACK_V1__N4_01,NORMALIZED,baseline,2023,4,0.1311500027,COMPLETE,POSITIVE,11
STRUCTURAL_STACK_V1__N4_01,NORMALIZED,baseline,2023,9,0.1123452777,COMPLETE,POSITIVE,12
STRUCTURAL_STACK_V1__N4_01,NORMALIZED,baseline,2024,7,0.4023518619,COMPLETE,POSITIVE,1
STRUCTURAL_STACK_V1__N4_01,NORMALIZED,baseline,2024,10,-0.4058476211,COMPLETE,NEGATIVE,2
STRUCTURAL_STACK_V1__N4_01,NORMALIZED,baseline,2024,9,0.5109432091,COMPLETE,POSITIVE,3
STRUCTURAL_STACK_V1__N4_01,NORMALIZED,baseline,2024,14,0.9165156248,COMPLETE,POSITIVE,4
STRUCTURAL_STACK_V1__N4_01,NORMALIZED,baseline,2024,11,-0.02571601517,COMPLETE,NEGATIVE,5
STRUCTURAL_STACK_V1__N4_01,NORMALIZED,baseline,2024,12,5.484371068,COMPLETE,POSITIVE,6
STRUCTURAL_STACK_V1__N4_01,NORMALIZED,baseline,2024,4,0.9490384884,COMPLETE,POSITIVE,7
STRUCTURAL_STACK_V1__N4_01,NORMALIZED,baseline,2024,15,0.200897157,COMPLETE,POSITIVE,8
STRUCTURAL_STACK_V1__N4_01,NORMALIZED,baseline,2024,9,1.130526523,COMPLETE,POSITIVE,9
STRUCTURAL_STACK_V1__N4_01,NORMALIZED,baseline,2024,8,1.430499747,COMPLETE,POSITIVE,10
STRUCTURAL_STACK_V1__N4_01,NORMALIZED,baseline,2024,15,3.713729506,COMPLETE,POSITIVE,11
STRUCTURAL_STACK_V1__N4_01,NORMALIZED,baseline,2024,4,-0.01577534888,COMPLETE,NEGATIVE,12
STRUCTURAL_STACK_V1__N4_01,NORMALIZED,walk_forward,2024,5,-0.3943312076,COMPLETE,NEGATIVE,2
STRUCTURAL_STACK_V1__N4_01,NORMALIZED,walk_forward,2024,8,-0.336451323,COMPLETE,NEGATIVE,3
STRUCTURAL_STACK_V1__N4_01,NORMALIZED,walk_forward,2024,7,0.524007634,COMPLETE,POSITIVE,5
STRUCTURAL_STACK_V1__N4_01,NORMALIZED,walk_forward,2024,12,5.484371068,COMPLETE,POSITIVE,6
STRUCTURAL_STACK_V1__N4_01,NORMALIZED,walk_forward,2024,8,0.3039203194,COMPLETE,POSITIVE,8
STRUCTURAL_STACK_V1__N4_01,NORMALIZED,walk_forward,2024,9,1.130526523,COMPLETE,POSITIVE,9
STRUCTURAL_STACK_V1__N4_01,NORMALIZED,walk_forward,2024,11,2.685319509,COMPLETE,POSITIVE,11
STRUCTURAL_STACK_V1__N4_01,NORMALIZED,walk_forward,2024,4,-0.01577534888,COMPLETE,NEGATIVE,12
STRUCTURAL_STACK_V1__N4_01,NORMALIZED,historical_true_oos,2025,2,0.1963996315,COMPLETE,POSITIVE,2
STRUCTURAL_STACK_V1__N4_01,NORMALIZED,historical_true_oos,2025,5,0.8049485486,COMPLETE,POSITIVE,3
STRUCTURAL_STACK_V1__N4_01,NORMALIZED,historical_true_oos,2025,11,-0.5452419416,COMPLETE,NEGATIVE,4
STRUCTURAL_STACK_V1__N4_01,NORMALIZED,historical_true_oos,2025,2,0.3894694829,COMPLETE,POSITIVE,5
STRUCTURAL_STACK_V1__N4_01,NORMALIZED,historical_true_oos,2025,1,-0.2055848824,COMPLETE,NEGATIVE,6
STRUCTURAL_STACK_V1__N4_01,NORMALIZED,historical_true_oos,2025,14,1.812533773,COMPLETE,POSITIVE,7
STRUCTURAL_STACK_V1__N4_01,NORMALIZED,historical_true_oos,2025,2,0.02225067713,COMPLETE,POSITIVE,8
STRUCTURAL_STACK_V1__N4_01,NORMALIZED,historical_true_oos,2025,15,6.784001032,COMPLETE,POSITIVE,9
STRUCTURAL_STACK_V1__N4_01,NORMALIZED,historical_true_oos,2025,21,2.513800236,COMPLETE,POSITIVE,10
STRUCTURAL_STACK_V1__N4_01,NORMALIZED,historical_true_oos,2025,7,-1.277299975,COMPLETE,NEGATIVE,11
STRUCTURAL_STACK_V1__N4_01,NORMALIZED,historical_true_oos,2025,14,-1.458776368,COMPLETE,NEGATIVE,12
STRUCTURAL_STACK_V1__N4_01,NORMALIZED,historical_true_oos,2026,10,1.699207106,COMPLETE,POSITIVE,1
STRUCTURAL_STACK_V1__N4_01,NORMALIZED,historical_true_oos,2026,3,-0.49338028,COMPLETE,NEGATIVE,2
STRUCTURAL_STACK_V1__N4_01,NORMALIZED,historical_true_oos,2026,14,3.759175959,COMPLETE,POSITIVE,3
STRUCTURAL_STACK_V1__N4_01,NORMALIZED,historical_true_oos,2026,7,0.2111764746,COMPLETE,POSITIVE,4
STRUCTURAL_STACK_V1__N4_01,NORMALIZED,historical_true_oos,2026,11,-0.3104702278,COMPLETE,NEGATIVE,5
STRUCTURAL_STACK_V1__N4_01,NORMALIZED,historical_true_oos,2026,15,2.899576866,COMPLETE,POSITIVE,6
STRUCTURAL_STACK_V1__N4_01,NORMALIZED,historical_true_oos,2026,7,-0.8511250442,COMPLETE,NEGATIVE,7
STRUCTURAL_STACK_V1__N4_01,NORMALIZED,historical_true_oos,2026,21,5.245447752,COMPLETE,POSITIVE,8
STRUCTURAL_STACK_V1__N4_01,NORMALIZED,historical_true_oos,2026,6,-0.8411463048,COMPLETE,NEGATIVE,9
STRUCTURAL_STACK_V1__N4_01,FULL,baseline,2023,3,-1.527631001,COMPLETE,NEGATIVE,2
STRUCTURAL_STACK_V1__N4_01,FULL,baseline,2023,3,-1.430153977,COMPLETE,NEGATIVE,3
STRUCTURAL_STACK_V1__N4_01,FULL,baseline,2023,6,8.039007585,COMPLETE,POSITIVE,4
STRUCTURAL_STACK_V1__N4_01,FULL,baseline,2023,5,4.636650171,COMPLETE,POSITIVE,5
STRUCTURAL_STACK_V1__N4_01,FULL,baseline,2023,8,3.809422854,COMPLETE,POSITIVE,6
STRUCTURAL_STACK_V1__N4_01,FULL,baseline,2023,5,-2.021883108,COMPLETE,NEGATIVE,7
STRUCTURAL_STACK_V1__N4_01,FULL,baseline,2023,8,6.635231087,COMPLETE,POSITIVE,8
STRUCTURAL_STACK_V1__N4_01,FULL,baseline,2023,3,-1.931408626,COMPLETE,NEGATIVE,9
STRUCTURAL_STACK_V1__N4_01,FULL,baseline,2023,5,-1.591899394,COMPLETE,NEGATIVE,10
STRUCTURAL_STACK_V1__N4_01,FULL,baseline,2023,4,0.524600011,COMPLETE,POSITIVE,11
STRUCTURAL_STACK_V1__N4_01,FULL,baseline,2023,9,0.4493811108,COMPLETE,POSITIVE,12
STRUCTURAL_STACK_V1__N4_01,FULL,baseline,2024,7,1.609407448,COMPLETE,POSITIVE,1
STRUCTURAL_STACK_V1__N4_01,FULL,baseline,2024,10,-1.623390484,COMPLETE,NEGATIVE,2
STRUCTURAL_STACK_V1__N4_01,FULL,baseline,2024,9,2.043772837,COMPLETE,POSITIVE,3
STRUCTURAL_STACK_V1__N4_01,FULL,baseline,2024,14,3.666062499,COMPLETE,POSITIVE,4
STRUCTURAL_STACK_V1__N4_01,FULL,baseline,2024,11,-0.1028640607,COMPLETE,NEGATIVE,5
STRUCTURAL_STACK_V1__N4_01,FULL,baseline,2024,12,21.93748427,COMPLETE,POSITIVE,6
STRUCTURAL_STACK_V1__N4_01,FULL,baseline,2024,4,3.796153953,COMPLETE,POSITIVE,7
STRUCTURAL_STACK_V1__N4_01,FULL,baseline,2024,15,0.803588628,COMPLETE,POSITIVE,8
STRUCTURAL_STACK_V1__N4_01,FULL,baseline,2024,9,4.522106092,COMPLETE,POSITIVE,9
STRUCTURAL_STACK_V1__N4_01,FULL,baseline,2024,8,5.721998989,COMPLETE,POSITIVE,10
STRUCTURAL_STACK_V1__N4_01,FULL,baseline,2024,15,14.85491802,COMPLETE,POSITIVE,11
STRUCTURAL_STACK_V1__N4_01,FULL,baseline,2024,4,-0.0631013955,COMPLETE,NEGATIVE,12
STRUCTURAL_STACK_V1__N4_01,FULL,walk_forward,2024,5,-1.577324831,COMPLETE,NEGATIVE,2
STRUCTURAL_STACK_V1__N4_01,FULL,walk_forward,2024,8,-1.345805292,COMPLETE,NEGATIVE,3
STRUCTURAL_STACK_V1__N4_01,FULL,walk_forward,2024,7,2.096030536,COMPLETE,POSITIVE,5
STRUCTURAL_STACK_V1__N4_01,FULL,walk_forward,2024,12,21.93748427,COMPLETE,POSITIVE,6
STRUCTURAL_STACK_V1__N4_01,FULL,walk_forward,2024,8,1.215681278,COMPLETE,POSITIVE,8
STRUCTURAL_STACK_V1__N4_01,FULL,walk_forward,2024,9,4.522106092,COMPLETE,POSITIVE,9
STRUCTURAL_STACK_V1__N4_01,FULL,walk_forward,2024,11,10.74127803,COMPLETE,POSITIVE,11
STRUCTURAL_STACK_V1__N4_01,FULL,walk_forward,2024,4,-0.0631013955,COMPLETE,NEGATIVE,12
STRUCTURAL_STACK_V1__N4_01,FULL,historical_true_oos,2025,2,0.7855985262,COMPLETE,POSITIVE,2
STRUCTURAL_STACK_V1__N4_01,FULL,historical_true_oos,2025,5,3.219794194,COMPLETE,POSITIVE,3
STRUCTURAL_STACK_V1__N4_01,FULL,historical_true_oos,2025,11,-2.180967767,COMPLETE,NEGATIVE,4
STRUCTURAL_STACK_V1__N4_01,FULL,historical_true_oos,2025,2,1.557877931,COMPLETE,POSITIVE,5
STRUCTURAL_STACK_V1__N4_01,FULL,historical_true_oos,2025,1,-0.8223395297,COMPLETE,NEGATIVE,6
STRUCTURAL_STACK_V1__N4_01,FULL,historical_true_oos,2025,14,7.250135093,COMPLETE,POSITIVE,7
STRUCTURAL_STACK_V1__N4_01,FULL,historical_true_oos,2025,2,0.08900270851,COMPLETE,POSITIVE,8
STRUCTURAL_STACK_V1__N4_01,FULL,historical_true_oos,2025,15,27.13600413,COMPLETE,POSITIVE,9
STRUCTURAL_STACK_V1__N4_01,FULL,historical_true_oos,2025,21,10.05520094,COMPLETE,POSITIVE,10
STRUCTURAL_STACK_V1__N4_01,FULL,historical_true_oos,2025,7,-5.1091999,COMPLETE,NEGATIVE,11
STRUCTURAL_STACK_V1__N4_01,FULL,historical_true_oos,2025,14,-5.835105474,COMPLETE,NEGATIVE,12
STRUCTURAL_STACK_V1__N4_01,FULL,historical_true_oos,2026,10,6.796828425,COMPLETE,POSITIVE,1
STRUCTURAL_STACK_V1__N4_01,FULL,historical_true_oos,2026,3,-1.97352112,COMPLETE,NEGATIVE,2
STRUCTURAL_STACK_V1__N4_01,FULL,historical_true_oos,2026,14,15.03670384,COMPLETE,POSITIVE,3
STRUCTURAL_STACK_V1__N4_01,FULL,historical_true_oos,2026,7,0.8447058982,COMPLETE,POSITIVE,4
STRUCTURAL_STACK_V1__N4_01,FULL,historical_true_oos,2026,11,-1.241880911,COMPLETE,NEGATIVE,5
STRUCTURAL_STACK_V1__N4_01,FULL,historical_true_oos,2026,15,11.59830747,COMPLETE,POSITIVE,6
STRUCTURAL_STACK_V1__N4_01,FULL,historical_true_oos,2026,7,-3.404500177,COMPLETE,NEGATIVE,7
STRUCTURAL_STACK_V1__N4_01,FULL,historical_true_oos,2026,21,20.98179101,COMPLETE,POSITIVE,8
STRUCTURAL_STACK_V1__N4_01,FULL,historical_true_oos,2026,6,-3.364585219,COMPLETE,NEGATIVE,9
